structure_id_a,structure_id_b,core_smiles,variable_fragment_a,variable_fragment_b,transformation,core_heavy_atoms,variable_heavy_atoms_a,variable_heavy_atoms_b,p_activity_a,p_activity_b,absolute_delta_pactivity,achiral_morgan_tanimoto,is_activity_cliff,shared_assay_id,shared_document_id,evidence_context_grade
STR-09E54D8A9B952AC86D2A,STR-A723964BC2F481BF1509,N#CC(c1ccccc1)(C1CCN(CC2CN(c3ccc(S(=O)(=O)c4ccncc4)cc3)C2)CC1)[*:1],CNC(=O)O[C@H]1CCC[C@@H]1[*:1],CC(C)C(=O)O[C@@H]1CCC[C@H]1[*:1],CNC(=O)O[C@H]1CCC[C@@H]1[*:1]>>CC(C)C(=O)O[C@@H]1CCC[C@H]1[*:1],35,10,11,8.221848749616356,3.783570169123749,4.438278580492607,0.8354430379746836,True,True,True,same_assay
STR-7C604423619052A15AC8,STR-A723964BC2F481BF1509,N#CC(c1ccccc1)(C1CCN(CC2CN(c3ccc(S(=O)(=O)c4ccncc4)cc3)C2)CC1)[*:1],CC(=O)O[C@H]1CCC[C@@H]1[*:1],CC(C)C(=O)O[C@@H]1CCC[C@H]1[*:1],CC(=O)O[C@H]1CCC[C@@H]1[*:1]>>CC(C)C(=O)O[C@@H]1CCC[C@H]1[*:1],35,9,11,8.154901959985743,3.783570169123749,4.371331790861994,0.8571428571428571,True,True,True,same_assay
STR-33ECA7BC02C166AF1729,STR-787A0E4100519807DE55,c1ccc2c(c1)CCNC2(C1CCCC1)C1CCN(CC2CN([*:1])C2)CC1,O=S(=O)(c1ccc([*:1])cc1)C1CC1,N#Cc1ccc([*:1])nc1,O=S(=O)(c1ccc([*:1])cc1)C1CC1>>N#Cc1ccc([*:1])nc1,26,12,8,7.602059991327963,3.2400301424456925,4.362029848882271,0.589041095890411,True,True,True,same_assay
STR-5B65D30F2628A312D8CA,STR-A723964BC2F481BF1509,N#CC(c1ccccc1)(C1CCN(CC2CN(c3ccc(S(=O)(=O)c4ccncc4)cc3)C2)CC1)[*:1],CNC(=O)N[C@H]1CCC[C@@H]1[*:1],CC(C)C(=O)O[C@@H]1CCC[C@H]1[*:1],CNC(=O)N[C@H]1CCC[C@@H]1[*:1]>>CC(C)C(=O)O[C@@H]1CCC[C@H]1[*:1],35,10,11,8.045757490560675,3.783570169123749,4.262187321436926,0.7058823529411765,True,True,True,same_assay
STR-990708AC2AD0842F3BCB,STR-A723964BC2F481BF1509,N#CC(c1ccccc1)(C1CCN(CC2CN(c3ccc(S(=O)(=O)c4ccncc4)cc3)C2)CC1)[*:1],NC(=O)O[C@H]1CCC[C@@H]1[*:1],CC(C)C(=O)O[C@@H]1CCC[C@H]1[*:1],NC(=O)O[C@H]1CCC[C@@H]1[*:1]>>CC(C)C(=O)O[C@@H]1CCC[C@H]1[*:1],35,9,11,8.045757490560675,3.783570169123749,4.262187321436926,0.8333333333333334,True,True,True,same_assay
STR-787A0E4100519807DE55,STR-C388369FA2BBC8775FB4,c1ccc2c(c1)CCNC2(C1CCCC1)C1CCN(CC2CN([*:1])C2)CC1,N#Cc1ccc([*:1])nc1,CCS(=O)(=O)c1ccc([*:1])cc1,N#Cc1ccc([*:1])nc1>>CCS(=O)(=O)c1ccc([*:1])cc1,26,8,11,3.2400301424456925,7.495699914119041,4.2556697716733485,0.581081081081081,True,True,True,same_assay
STR-79D75B6A88F0457FA1C2,STR-A723964BC2F481BF1509,N#CC(c1ccccc1)(C1CCN(CC2CN(c3ccc(S(=O)(=O)c4ccncc4)cc3)C2)CC1)[*:1],CCC(=O)O[C@H]1CCC[C@@H]1[*:1],CC(C)C(=O)O[C@@H]1CCC[C@H]1[*:1],CCC(=O)O[C@H]1CCC[C@@H]1[*:1]>>CC(C)C(=O)O[C@@H]1CCC[C@H]1[*:1],35,10,11,8.0,3.783570169123749,4.216429830876251,0.8354430379746836,True,True,True,same_assay
STR-A723964BC2F481BF1509,STR-C24E330B171F75FD816E,N#CC(c1ccccc1)(C1CCN(CC2CN(c3ccc(S(=O)(=O)c4ccncc4)cc3)C2)CC1)[*:1],CC(C)C(=O)O[C@@H]1CCC[C@H]1[*:1],CC(=O)N[C@H]1CCC[C@@H]1[*:1],CC(C)C(=O)O[C@@H]1CCC[C@H]1[*:1]>>CC(=O)N[C@H]1CCC[C@@H]1[*:1],35,11,9,3.783570169123749,8.0,4.216429830876251,0.7228915662650602,True,True,True,same_assay
STR-787A0E4100519807DE55,STR-F4D7C79F147C9691D2EE,c1ccc2c(c1)CCNC2(C1CCCC1)C1CCN(CC2CN([*:1])C2)CC1,N#Cc1ccc([*:1])nc1,N#Cc1ccc([*:1])cc1,N#Cc1ccc([*:1])nc1>>N#Cc1ccc([*:1])cc1,26,8,8,3.2400301424456925,7.443697499232712,4.20366735678702,0.765625,True,True,True,same_assay
STR-A62EFE6B816DF994EE32,STR-A723964BC2F481BF1509,N#CC(c1ccccc1)(C1CCN(CC2CN(c3ccc(S(=O)(=O)c4ccncc4)cc3)C2)CC1)[*:1],COC(=O)N[C@H]1CCC[C@@H]1[*:1],CC(C)C(=O)O[C@@H]1CCC[C@H]1[*:1],COC(=O)N[C@H]1CCC[C@@H]1[*:1]>>CC(C)C(=O)O[C@@H]1CCC[C@H]1[*:1],35,10,11,7.958607314841775,3.783570169123749,4.175037145718026,0.7261904761904762,True,True,True,same_assay
STR-A723964BC2F481BF1509,STR-FB20DDC3426AF551283B,N#CC(c1ccccc1)(C1CCN(CC2CN(c3ccc(S(=O)(=O)c4ccncc4)cc3)C2)CC1)[*:1],CC(C)C(=O)O[C@@H]1CCC[C@H]1[*:1],CN(C)C(=O)N[C@H]1CCC[C@@H]1[*:1],CC(C)C(=O)O[C@@H]1CCC[C@H]1[*:1]>>CN(C)C(=O)N[C@H]1CCC[C@@H]1[*:1],35,11,11,3.783570169123749,7.920818753952375,4.137248584828626,0.7176470588235294,True,True,True,same_assay
STR-94C191645BE5B0A1978A,STR-A723964BC2F481BF1509,N#CC(c1ccccc1)(C1CCN(CC2CN(c3ccc(S(=O)(=O)c4ccncc4)cc3)C2)CC1)[*:1],O=C(O[C@H]1CCC[C@@H]1[*:1])C1CC1,CC(C)C(=O)O[C@@H]1CCC[C@H]1[*:1],O=C(O[C@H]1CCC[C@@H]1[*:1])C1CC1>>CC(C)C(=O)O[C@@H]1CCC[C@H]1[*:1],35,11,11,7.744727494896693,3.783570169123749,3.961157325772944,0.8227848101265823,True,True,True,same_assay
STR-06E53FF33324D9B1A44A,STR-345899C1E6A28DAE7335,N#Cc1ccc(OCCCN2CCC(C(C#N)(c3ccccc3)[*:1])CC2)cc1,CNC(=O)O[C@H]1CCC[C@@H]1[*:1],c1cc(C[*:1])ccn1,CNC(=O)O[C@H]1CCC[C@@H]1[*:1]>>c1cc(C[*:1])ccn1,27,10,7,7.698970004336019,3.743522793758323,3.955447210577696,0.5394736842105263,True,True,True,same_assay
STR-0FC172F4903F344CAD3C,STR-787A0E4100519807DE55,c1ccc2c(c1)CCNC2(C1CCCC1)C1CCN(CC2CN([*:1])C2)CC1,CC(C)S(=O)(=O)c1ccc([*:1])cc1,N#Cc1ccc([*:1])nc1,CC(C)S(=O)(=O)c1ccc([*:1])cc1>>N#Cc1ccc([*:1])nc1,26,12,8,7.173925197299173,3.2400301424456925,3.933895054853481,0.5657894736842105,True,True,True,same_assay
STR-787A0E4100519807DE55,STR-AA73D88E6A8F8A2C3D26,c1ccc2c(c1)CCNC2(C1CCCC1)C1CCN(CC2CN([*:1])C2)CC1,N#Cc1ccc([*:1])nc1,N#Cc1ccc([*:1])c(Cl)c1,N#Cc1ccc([*:1])nc1>>N#Cc1ccc([*:1])c(Cl)c1,26,8,9,3.2400301424456925,7.136677139879544,3.896646997433851,0.7101449275362319,True,True,True,same_assay
STR-787A0E4100519807DE55,STR-AA28B6BCC5A0854E325E,c1ccc2c(c1)CCNC2(C1CCCC1)C1CCN(CC2CN([*:1])C2)CC1,N#Cc1ccc([*:1])nc1,CN(C)S(=O)(=O)c1ccc([*:1])cc1,N#Cc1ccc([*:1])nc1>>CN(C)S(=O)(=O)c1ccc([*:1])cc1,26,8,12,3.2400301424456925,7.1249387366083,3.8849085941626074,0.5657894736842105,True,True,True,same_assay
STR-06E53FF33324D9B1A44A,STR-DE57A0D88EA762894E60,N#Cc1ccc(OCCCN2CCC(C(C#N)(c3ccccc3)[*:1])CC2)cc1,CNC(=O)O[C@H]1CCC[C@@H]1[*:1],CO[C@H]1CCC[C@H]1[*:1],CNC(=O)O[C@H]1CCC[C@@H]1[*:1]>>CO[C@H]1CCC[C@H]1[*:1],27,10,7,7.698970004336019,3.8535618647142256,3.845408139621793,0.7611940298507462,True,True,True,same_assay
STR-787A0E4100519807DE55,STR-C3D8B6AB5924C8373F29,c1ccc2c(c1)CCNC2(C1CCCC1)C1CCN(CC2CN([*:1])C2)CC1,N#Cc1ccc([*:1])nc1,Cc1cc(C#N)ccc1[*:1],N#Cc1ccc([*:1])nc1>>Cc1cc(C#N)ccc1[*:1],26,8,9,3.2400301424456925,7.00436480540245,3.764334662956758,0.7,True,True,True,same_assay
STR-06E53FF33324D9B1A44A,STR-DFFE7919620276588DCE,N#Cc1ccc(OCCCN2CCC(C(C#N)(c3ccccc3)[*:1])CC2)cc1,CNC(=O)O[C@H]1CCC[C@@H]1[*:1],CC(=O)N1CCC[C@H]1[*:1],CNC(=O)O[C@H]1CCC[C@@H]1[*:1]>>CC(=O)N1CCC[C@H]1[*:1],27,10,8,7.698970004336019,3.9531148091622903,3.745855195173728,0.6486486486486487,True,True,True,same_assay
STR-787A0E4100519807DE55,STR-9C6F5F9AE1FD0341471B,c1ccc2c(c1)CCNC2(C1CCCC1)C1CCN(CC2CN([*:1])C2)CC1,N#Cc1ccc([*:1])nc1,CS(=O)(=O)c1ccc([*:1])cc1,N#Cc1ccc([*:1])nc1>>CS(=O)(=O)c1ccc([*:1])cc1,26,8,10,3.2400301424456925,6.979086618681228,3.739056476235535,0.589041095890411,True,True,True,same_assay
STR-09E54D8A9B952AC86D2A,STR-6B610F98DBC51ED4955E,N#CC(c1ccccc1)(C1CCN(CC2CN(c3ccc(S(=O)(=O)c4ccncc4)cc3)C2)CC1)[*:1],CNC(=O)O[C@H]1CCC[C@@H]1[*:1],CCCC(=O)O[C@@H]1CCC[C@H]1[*:1],CNC(=O)O[C@H]1CCC[C@@H]1[*:1]>>CCCC(=O)O[C@@H]1CCC[C@H]1[*:1],35,10,11,8.221848749616356,4.552841968657781,3.669006780958576,0.825,True,True,True,same_assay
STR-6B610F98DBC51ED4955E,STR-7C604423619052A15AC8,N#CC(c1ccccc1)(C1CCN(CC2CN(c3ccc(S(=O)(=O)c4ccncc4)cc3)C2)CC1)[*:1],CCCC(=O)O[C@@H]1CCC[C@H]1[*:1],CC(=O)O[C@H]1CCC[C@@H]1[*:1],CCCC(=O)O[C@@H]1CCC[C@H]1[*:1]>>CC(=O)O[C@H]1CCC[C@@H]1[*:1],35,11,9,4.552841968657781,8.154901959985743,3.6020599913279625,0.8461538461538461,True,True,True,same_assay
STR-09E54D8A9B952AC86D2A,STR-8271C886AE561654AC45,N#CC(c1ccccc1)(C1CCN(CC2CN(c3ccc(S(=O)(=O)c4ccncc4)cc3)C2)CC1)[*:1],CNC(=O)O[C@H]1CCC[C@@H]1[*:1],CS(=O)(=O)CO[C@@H]1CCC[C@H]1[*:1],CNC(=O)O[C@H]1CCC[C@@H]1[*:1]>>CS(=O)(=O)CO[C@@H]1CCC[C@H]1[*:1],35,10,11,8.221848749616356,4.634512015109101,3.5873367345072555,0.775,True,True,True,same_assay
STR-06E53FF33324D9B1A44A,STR-54F1327250956FC1E73B,N#Cc1ccc(OCCCN2CCC(C(C#N)(c3ccccc3)[*:1])CC2)cc1,CNC(=O)O[C@H]1CCC[C@@H]1[*:1],CS(=O)(=O)CC[*:1],CNC(=O)O[C@H]1CCC[C@@H]1[*:1]>>CS(=O)(=O)CC[*:1],27,10,6,7.698970004336019,4.123205023799299,3.57576498053672,0.5526315789473685,True,True,True,same_assay
STR-7C604423619052A15AC8,STR-8271C886AE561654AC45,N#CC(c1ccccc1)(C1CCN(CC2CN(c3ccc(S(=O)(=O)c4ccncc4)cc3)C2)CC1)[*:1],CC(=O)O[C@H]1CCC[C@@H]1[*:1],CS(=O)(=O)CO[C@@H]1CCC[C@H]1[*:1],CC(=O)O[C@H]1CCC[C@@H]1[*:1]>>CS(=O)(=O)CO[C@@H]1CCC[C@H]1[*:1],35,9,11,8.154901959985743,4.634512015109101,3.5203899448766425,0.7948717948717948,True,True,True,same_assay
STR-5B65D30F2628A312D8CA,STR-6B610F98DBC51ED4955E,N#CC(c1ccccc1)(C1CCN(CC2CN(c3ccc(S(=O)(=O)c4ccncc4)cc3)C2)CC1)[*:1],CNC(=O)N[C@H]1CCC[C@@H]1[*:1],CCCC(=O)O[C@@H]1CCC[C@H]1[*:1],CNC(=O)N[C@H]1CCC[C@@H]1[*:1]>>CCCC(=O)O[C@@H]1CCC[C@H]1[*:1],35,10,11,8.045757490560675,4.552841968657781,3.4929155219028942,0.6976744186046512,True,True,True,same_assay
STR-6B610F98DBC51ED4955E,STR-990708AC2AD0842F3BCB,N#CC(c1ccccc1)(C1CCN(CC2CN(c3ccc(S(=O)(=O)c4ccncc4)cc3)C2)CC1)[*:1],CCCC(=O)O[C@@H]1CCC[C@H]1[*:1],NC(=O)O[C@H]1CCC[C@@H]1[*:1],CCCC(=O)O[C@@H]1CCC[C@H]1[*:1]>>NC(=O)O[C@H]1CCC[C@@H]1[*:1],35,11,9,4.552841968657781,8.045757490560675,3.4929155219028942,0.8227848101265823,True,True,True,same_assay
STR-09E54D8A9B952AC86D2A,STR-A50D555FBD2E6BE12E86,N#CC(c1ccccc1)(C1CCN(CC2CN(c3ccc(S(=O)(=O)c4ccncc4)cc3)C2)CC1)[*:1],CNC(=O)O[C@H]1CCC[C@@H]1[*:1],CSC[C@@H]1CCC[C@H]1[*:1],CNC(=O)O[C@H]1CCC[C@@H]1[*:1]>>CSC[C@@H]1CCC[C@H]1[*:1],35,10,8,8.221848749616356,4.769551078621726,3.4522976709946303,0.7073170731707317,True,True,True,same_assay
STR-6B610F98DBC51ED4955E,STR-79D75B6A88F0457FA1C2,N#CC(c1ccccc1)(C1CCN(CC2CN(c3ccc(S(=O)(=O)c4ccncc4)cc3)C2)CC1)[*:1],CCCC(=O)O[C@@H]1CCC[C@H]1[*:1],CCC(=O)O[C@H]1CCC[C@@H]1[*:1],CCCC(=O)O[C@@H]1CCC[C@H]1[*:1]>>CCC(=O)O[C@H]1CCC[C@@H]1[*:1],35,11,10,4.552841968657781,8.0,3.447158031342219,0.8961038961038961,True,True,True,same_assay
STR-6B610F98DBC51ED4955E,STR-C24E330B171F75FD816E,N#CC(c1ccccc1)(C1CCN(CC2CN(c3ccc(S(=O)(=O)c4ccncc4)cc3)C2)CC1)[*:1],CCCC(=O)O[C@@H]1CCC[C@H]1[*:1],CC(=O)N[C@H]1CCC[C@@H]1[*:1],CCCC(=O)O[C@@H]1CCC[C@H]1[*:1]>>CC(=O)N[C@H]1CCC[C@@H]1[*:1],35,11,9,4.552841968657781,8.0,3.447158031342219,0.7142857142857143,True,True,True,same_assay
STR-3941BFA7C86C7BEE8530,STR-80B7C819E96F09B4FE2E,N#CC(c1ccccc1)(C1CCN(CC2CN(c3ccc(S(=O)(=O)C4CC4)cc3)C2)CC1)[C@H]1CCC[C@@H]1[*:1],CNC(=O)O[*:1],CN(S(C)(=O)=O)[*:1],CNC(=O)O[*:1]>>CN(S(C)(=O)=O)[*:1],37,5,6,7.853871964321762,4.424812155072339,3.4290598092494227,0.6835443037974683,True,True,True,same_assay
STR-1A86078F0EC509427701,STR-36584B3033D9C455D195,c1ccc2c(c1)CCNC2(C1CCCC1)C1CCN(C[*:1])CC1,c1ccc([*:1])cc1,N#Cc1ccc(OCC[*:1])cc1,c1ccc([*:1])cc1>>N#Cc1ccc(OCC[*:1])cc1,22,6,11,3.721246399047171,7.1487416512809245,3.4274952522337534,0.5833333333333334,True,True,True,same_assay
STR-5B65D30F2628A312D8CA,STR-8271C886AE561654AC45,N#CC(c1ccccc1)(C1CCN(CC2CN(c3ccc(S(=O)(=O)c4ccncc4)cc3)C2)CC1)[*:1],CNC(=O)N[C@H]1CCC[C@@H]1[*:1],CS(=O)(=O)CO[C@@H]1CCC[C@H]1[*:1],CNC(=O)N[C@H]1CCC[C@@H]1[*:1]>>CS(=O)(=O)CO[C@@H]1CCC[C@H]1[*:1],35,10,11,8.045757490560675,4.634512015109101,3.411245475451574,0.6904761904761905,True,True,True,same_assay
STR-8271C886AE561654AC45,STR-990708AC2AD0842F3BCB,N#CC(c1ccccc1)(C1CCN(CC2CN(c3ccc(S(=O)(=O)c4ccncc4)cc3)C2)CC1)[*:1],CS(=O)(=O)CO[C@@H]1CCC[C@H]1[*:1],NC(=O)O[C@H]1CCC[C@@H]1[*:1],CS(=O)(=O)CO[C@@H]1CCC[C@H]1[*:1]>>NC(=O)O[C@H]1CCC[C@@H]1[*:1],35,11,9,4.634512015109101,8.045757490560675,3.411245475451574,0.7721518987341772,True,True,True,same_assay
STR-6B610F98DBC51ED4955E,STR-A62EFE6B816DF994EE32,N#CC(c1ccccc1)(C1CCN(CC2CN(c3ccc(S(=O)(=O)c4ccncc4)cc3)C2)CC1)[*:1],CCCC(=O)O[C@@H]1CCC[C@H]1[*:1],COC(=O)N[C@H]1CCC[C@@H]1[*:1],CCCC(=O)O[C@@H]1CCC[C@H]1[*:1]>>COC(=O)N[C@H]1CCC[C@@H]1[*:1],35,11,10,4.552841968657781,7.958607314841775,3.405765346183994,0.7176470588235294,True,True,True,same_assay
STR-7C604423619052A15AC8,STR-A50D555FBD2E6BE12E86,N#CC(c1ccccc1)(C1CCN(CC2CN(c3ccc(S(=O)(=O)c4ccncc4)cc3)C2)CC1)[*:1],CC(=O)O[C@H]1CCC[C@@H]1[*:1],CSC[C@@H]1CCC[C@H]1[*:1],CC(=O)O[C@H]1CCC[C@@H]1[*:1]>>CSC[C@@H]1CCC[C@H]1[*:1],35,9,8,8.154901959985743,4.769551078621726,3.385350881364017,0.725,True,True,True,same_assay
STR-09E54D8A9B952AC86D2A,STR-54ED728D29C775C2EEED,N#CC(c1ccccc1)(C1CCN(CC2CN(c3ccc(S(=O)(=O)c4ccncc4)cc3)C2)CC1)[C@H]1CCC[C@@H]1[*:1],CNC(=O)O[*:1],CS(=O)(=O)CO[*:1],CNC(=O)O[*:1]>>CS(=O)(=O)CO[*:1],40,5,6,8.221848749616356,4.841637507904751,3.3802112417116055,0.775,True,True,True,same_assay
STR-6B610F98DBC51ED4955E,STR-FB20DDC3426AF551283B,N#CC(c1ccccc1)(C1CCN(CC2CN(c3ccc(S(=O)(=O)c4ccncc4)cc3)C2)CC1)[*:1],CCCC(=O)O[C@@H]1CCC[C@H]1[*:1],CN(C)C(=O)N[C@H]1CCC[C@@H]1[*:1],CCCC(=O)O[C@@H]1CCC[C@H]1[*:1]>>CN(C)C(=O)N[C@H]1CCC[C@@H]1[*:1],35,11,11,4.552841968657781,7.920818753952375,3.3679767852945943,0.6896551724137931,True,True,True,same_assay
STR-79D75B6A88F0457FA1C2,STR-8271C886AE561654AC45,N#CC(c1ccccc1)(C1CCN(CC2CN(c3ccc(S(=O)(=O)c4ccncc4)cc3)C2)CC1)[*:1],CCC(=O)O[C@H]1CCC[C@@H]1[*:1],CS(=O)(=O)CO[C@@H]1CCC[C@H]1[*:1],CCC(=O)O[C@H]1CCC[C@@H]1[*:1]>>CS(=O)(=O)CO[C@@H]1CCC[C@H]1[*:1],35,10,11,8.0,4.634512015109101,3.3654879848908994,0.775,True,True,True,same_assay
STR-8271C886AE561654AC45,STR-C24E330B171F75FD816E,N#CC(c1ccccc1)(C1CCN(CC2CN(c3ccc(S(=O)(=O)c4ccncc4)cc3)C2)CC1)[*:1],CS(=O)(=O)CO[C@@H]1CCC[C@H]1[*:1],CC(=O)N[C@H]1CCC[C@@H]1[*:1],CS(=O)(=O)CO[C@@H]1CCC[C@H]1[*:1]>>CC(=O)N[C@H]1CCC[C@@H]1[*:1],35,11,9,4.634512015109101,8.0,3.3654879848908994,0.7073170731707317,True,True,True,same_assay
STR-6F0B243CDCAB8EEB6068,STR-A723964BC2F481BF1509,N#CC(c1ccccc1)(C1CCN(CC2CN(c3ccc(S(=O)(=O)c4ccncc4)cc3)C2)CC1)[*:1],O=C(O[C@H]1CCC[C@@H]1[*:1])N1CCC1,CC(C)C(=O)O[C@@H]1CCC[C@H]1[*:1],O=C(O[C@H]1CCC[C@@H]1[*:1])N1CCC1>>CC(C)C(=O)O[C@@H]1CCC[C@H]1[*:1],35,12,11,7.1249387366083,3.783570169123749,3.341368567484551,0.8125,True,True,True,same_assay
STR-64416BC7F3D621D83B3A,STR-7C604423619052A15AC8,CC(=O)O[C@H]1CCC[C@@H]1C(C#N)(c1ccccc1)C1CCN(CC2CN(c3ccc([*:1])cc3)C2)CC1,O=C(O)[*:1],O=S(=O)(c1ccncc1)[*:1],O=C(O)[*:1]>>O=S(=O)(c1ccncc1)[*:1],35,3,9,4.82102305270683,8.154901959985743,3.333878907278913,0.76,True,True,True,same_assay
STR-6BBFA0A16AEB8910C337,STR-904EC5EDA40AA8AB23C1,N=C(N)NCCC[C@@H]1NC(=O)C2(CCC2)NC(=O)[C@@H]2CCCN2C(=O)[C@H](C[*:1])NC(=O)[C@@H](N)CCCCCCCCNC(=O)[C@@H]2CCCN2C1=O,c1ccc(-c2cccc([*:1])c2)cc1,Fc1cc(F)cc([*:1])c1,c1ccc(-c2cccc([*:1])c2)cc1>>Fc1cc(F)cc([*:1])c1,50,12,8,4.404503778174426,7.732828271596986,3.32832449342256,0.8089887640449438,True,True,True,same_assay
STR-8271C886AE561654AC45,STR-A62EFE6B816DF994EE32,N#CC(c1ccccc1)(C1CCN(CC2CN(c3ccc(S(=O)(=O)c4ccncc4)cc3)C2)CC1)[*:1],CS(=O)(=O)CO[C@@H]1CCC[C@H]1[*:1],COC(=O)N[C@H]1CCC[C@@H]1[*:1],CS(=O)(=O)CO[C@@H]1CCC[C@H]1[*:1]>>COC(=O)N[C@H]1CCC[C@@H]1[*:1],35,11,10,4.634512015109101,7.958607314841775,3.324095299732674,0.7108433734939759,True,True,True,same_assay
STR-80B7C819E96F09B4FE2E,STR-E971954B90C3DF1122E8,N#CC(c1ccccc1)(C1CCN(CC2CN(c3ccc(S(=O)(=O)C4CC4)cc3)C2)CC1)[C@H]1CCC[C@@H]1[*:1],CN(S(C)(=O)=O)[*:1],CC(=O)O[*:1],CN(S(C)(=O)=O)[*:1]>>CC(=O)O[*:1],37,6,4,4.424812155072339,7.744727494896693,3.3199153398243535,0.7236842105263158,True,True,True,same_assay
STR-54ED728D29C775C2EEED,STR-7C604423619052A15AC8,N#CC(c1ccccc1)(C1CCN(CC2CN(c3ccc(S(=O)(=O)c4ccncc4)cc3)C2)CC1)[C@H]1CCC[C@@H]1[*:1],CS(=O)(=O)CO[*:1],CC(=O)O[*:1],CS(=O)(=O)CO[*:1]>>CC(=O)O[*:1],40,6,4,4.841637507904751,8.154901959985743,3.3132644520809924,0.7948717948717948,True,True,True,same_assay
STR-06E53FF33324D9B1A44A,STR-B9852EE345EDCE391831,N#Cc1ccc(OCCCN2CCC(C(C#N)(c3ccccc3)[*:1])CC2)cc1,CNC(=O)O[C@H]1CCC[C@@H]1[*:1],O=C(C[*:1])N1CCCC1,CNC(=O)O[C@H]1CCC[C@@H]1[*:1]>>O=C(C[*:1])N1CCCC1,27,10,8,7.698970004336019,4.3979400086720375,3.3010299956639813,0.5733333333333334,True,True,True,same_assay
STR-904EC5EDA40AA8AB23C1,STR-D67FE3A87A1AC07DC7FF,N=C(N)NCCC[C@@H]1NC(=O)C2(CCC2)NC(=O)[C@@H]2CCCN2C(=O)[C@H](C[*:1])NC(=O)[C@@H](N)CCCCCCCCNC(=O)[C@@H]2CCCN2C1=O,Fc1cc(F)cc([*:1])c1,CC(C)Cc1cccc([*:1])c1,Fc1cc(F)cc([*:1])c1>>CC(C)Cc1cccc([*:1])c1,50,8,10,7.732828271596986,4.443697499232713,3.289130772364273,0.782608695652174,True,True,True,same_assay
STR-377B42435916FCE77AA8,STR-94A936446793C2B8E49C,N#C[C@@](c1ccccc1)(C1CCN(CC2CN(c3ccc(S(=O)(=O)c4ccncc4)cc3)C2)CC1)[C@H]1CCC[C@@H]1OC(=O)N[*:1],C[*:1],C[C@@H](c1ccccc1)[*:1],C[*:1]>>C[C@@H](c1ccccc1)[*:1],44,1,8,8.221848749616356,4.935542010773082,3.2863067388432743,0.8292682926829268,True,True,True,same_assay
STR-8271C886AE561654AC45,STR-FB20DDC3426AF551283B,N#CC(c1ccccc1)(C1CCN(CC2CN(c3ccc(S(=O)(=O)c4ccncc4)cc3)C2)CC1)[*:1],CS(=O)(=O)CO[C@@H]1CCC[C@H]1[*:1],CN(C)C(=O)N[C@H]1CCC[C@@H]1[*:1],CS(=O)(=O)CO[C@@H]1CCC[C@H]1[*:1]>>CN(C)C(=O)N[C@H]1CCC[C@@H]1[*:1],35,11,11,4.634512015109101,7.920818753952375,3.2863067388432743,0.6823529411764706,True,True,True,same_assay
STR-5B65D30F2628A312D8CA,STR-A50D555FBD2E6BE12E86,N#CC(c1ccccc1)(C1CCN(CC2CN(c3ccc(S(=O)(=O)c4ccncc4)cc3)C2)CC1)[*:1],CNC(=O)N[C@H]1CCC[C@@H]1[*:1],CSC[C@@H]1CCC[C@H]1[*:1],CNC(=O)N[C@H]1CCC[C@@H]1[*:1]>>CSC[C@@H]1CCC[C@H]1[*:1],35,10,8,8.045757490560675,4.769551078621726,3.276206411938949,0.7073170731707317,True,True,True,same_assay
STR-990708AC2AD0842F3BCB,STR-A50D555FBD2E6BE12E86,N#CC(c1ccccc1)(C1CCN(CC2CN(c3ccc(S(=O)(=O)c4ccncc4)cc3)C2)CC1)[*:1],NC(=O)O[C@H]1CCC[C@@H]1[*:1],CSC[C@@H]1CCC[C@H]1[*:1],NC(=O)O[C@H]1CCC[C@@H]1[*:1]>>CSC[C@@H]1CCC[C@H]1[*:1],35,9,8,8.045757490560675,4.769551078621726,3.276206411938949,0.7037037037037037,True,True,True,same_assay
STR-33ECA7BC02C166AF1729,STR-695C2B9D19FE30A6368D,c1ccc2c(c1)CCNC2(C1CCCC1)C1CCN(CC2CN([*:1])C2)CC1,O=S(=O)(c1ccc([*:1])cc1)C1CC1,c1cnc([*:1])nc1,O=S(=O)(c1ccc([*:1])cc1)C1CC1>>c1cnc([*:1])nc1,26,12,6,7.602059991327963,4.335358024443875,3.2667019668840886,0.6615384615384615,True,True,True,same_assay
STR-74AB0C5D40C92C89D385,STR-B56EF6AC340F28C175E6,N#Cc1ccc(N2CC(CN3CCC([C@@](C#N)(c4ccccc4)[*:1])CC3)C2)cc1,CO[C@@H]1CCC[C@H]1[*:1],CNC(=O)O[C@H]1CCC[C@@H]1[*:1],CO[C@@H]1CCC[C@H]1[*:1]>>CNC(=O)O[C@H]1CCC[C@@H]1[*:1],28,7,10,4.718966632752273,7.958607314841775,3.239640682089502,0.7794117647058824,True,True,True,same_assay
STR-2E8A075F614E722CE8DF,STR-478CD9F8B251C1F54424,Cc1cc(S(=O)(=O)c2ccc(N3CC(CN4CCC(C(C#N)(c5ccccc5)[*:1])CC4)C3)cc2)ccn1,CC(=O)O[C@@H]1CCC[C@H]1[*:1],COCC[C@H]1CCC[C@@H]1[*:1],CC(=O)O[C@@H]1CCC[C@H]1[*:1]>>COCC[C@H]1CCC[C@@H]1[*:1],36,9,9,7.769551078621726,4.531652669587842,3.2378984090338836,0.7471264367816092,True,True,True,same_assay
STR-09E54D8A9B952AC86D2A,STR-E15050249B2D732BD2E2,N#CC(c1ccccc1)(C1CCN(CC2CN(c3ccc(S(=O)(=O)c4ccncc4)cc3)C2)CC1)[C@H]1CCC[C@@H]1[*:1],CNC(=O)O[*:1],CSC[*:1],CNC(=O)O[*:1]>>CSC[*:1],40,5,3,8.221848749616356,4.987162775294828,3.234685974321528,0.7073170731707317,True,True,True,same_assay
STR-09E54D8A9B952AC86D2A,STR-42FABA990848887F9FDB,N#CC(c1ccccc1)(C1CCN(CC2CN(c3ccc(S(=O)(=O)c4ccncc4)cc3)C2)CC1)[*:1],CNC(=O)O[C@H]1CCC[C@@H]1[*:1],CCC1CCCC1[*:1],CNC(=O)O[C@H]1CCC[C@@H]1[*:1]>>CCC1CCCC1[*:1],35,10,7,8.221848749616356,4.991399828238082,3.230448921378274,0.7341772151898734,True,True,True,same_assay
STR-79D75B6A88F0457FA1C2,STR-A50D555FBD2E6BE12E86,N#CC(c1ccccc1)(C1CCN(CC2CN(c3ccc(S(=O)(=O)c4ccncc4)cc3)C2)CC1)[*:1],CCC(=O)O[C@H]1CCC[C@@H]1[*:1],CSC[C@@H]1CCC[C@H]1[*:1],CCC(=O)O[C@H]1CCC[C@@H]1[*:1]>>CSC[C@@H]1CCC[C@H]1[*:1],35,10,8,8.0,4.769551078621726,3.230448921378274,0.7073170731707317,True,True,True,same_assay
STR-A50D555FBD2E6BE12E86,STR-C24E330B171F75FD816E,N#CC(c1ccccc1)(C1CCN(CC2CN(c3ccc(S(=O)(=O)c4ccncc4)cc3)C2)CC1)[*:1],CSC[C@@H]1CCC[C@H]1[*:1],CC(=O)N[C@H]1CCC[C@@H]1[*:1],CSC[C@@H]1CCC[C@H]1[*:1]>>CC(=O)N[C@H]1CCC[C@@H]1[*:1],35,8,9,4.769551078621726,8.0,3.230448921378274,0.725,True,True,True,same_assay
STR-54ED728D29C775C2EEED,STR-5B65D30F2628A312D8CA,N#CC(c1ccccc1)(C1CCN(CC2CN(c3ccc(S(=O)(=O)c4ccncc4)cc3)C2)CC1)[C@H]1CCC[C@@H]1[*:1],CS(=O)(=O)CO[*:1],CNC(=O)N[*:1],CS(=O)(=O)CO[*:1]>>CNC(=O)N[*:1],40,6,5,4.841637507904751,8.045757490560675,3.204119982655924,0.6904761904761905,True,True,True,same_assay
STR-54ED728D29C775C2EEED,STR-990708AC2AD0842F3BCB,N#CC(c1ccccc1)(C1CCN(CC2CN(c3ccc(S(=O)(=O)c4ccncc4)cc3)C2)CC1)[C@H]1CCC[C@@H]1[*:1],CS(=O)(=O)CO[*:1],NC(=O)O[*:1],CS(=O)(=O)CO[*:1]>>NC(=O)O[*:1],40,6,4,4.841637507904751,8.045757490560675,3.204119982655924,0.7721518987341772,True,True,True,same_assay
STR-55DFB8550CA6D0317DA0,STR-6BBFA0A16AEB8910C337,N=C(N)NCCC[C@@H]1NC(=O)C2(CCC2)NC(=O)[C@@H]2CCCN2C(=O)[C@H](Cc2cccc([*:1])c2)NC(=O)[C@@H](N)CCCCCCCCNC(=O)[C@@H]2CCCN2C1=O,F[*:1],c1ccc([*:1])cc1,F[*:1]>>c1ccc([*:1])cc1,56,1,6,7.600326278518962,4.404503778174426,3.1958225003445353,0.875,True,True,True,same_assay
STR-6B610F98DBC51ED4955E,STR-94C191645BE5B0A1978A,N#CC(c1ccccc1)(C1CCN(CC2CN(c3ccc(S(=O)(=O)c4ccncc4)cc3)C2)CC1)[*:1],CCCC(=O)O[C@@H]1CCC[C@H]1[*:1],O=C(O[C@H]1CCC[C@@H]1[*:1])C1CC1,CCCC(=O)O[C@@H]1CCC[C@H]1[*:1]>>O=C(O[C@H]1CCC[C@@H]1[*:1])C1CC1,35,11,11,4.552841968657781,7.744727494896693,3.191885526238912,0.8125,True,True,True,same_assay
STR-A50D555FBD2E6BE12E86,STR-A62EFE6B816DF994EE32,N#CC(c1ccccc1)(C1CCN(CC2CN(c3ccc(S(=O)(=O)c4ccncc4)cc3)C2)CC1)[*:1],CSC[C@@H]1CCC[C@H]1[*:1],COC(=O)N[C@H]1CCC[C@@H]1[*:1],CSC[C@@H]1CCC[C@H]1[*:1]>>COC(=O)N[C@H]1CCC[C@@H]1[*:1],35,8,10,4.769551078621726,7.958607314841775,3.1890562362200487,0.7073170731707317,True,True,True,same_assay
STR-06E53FF33324D9B1A44A,STR-F90A7CDFC3BE1549AAD5,N#Cc1ccc(OCCCN2CCC(C(C#N)(c3ccccc3)[*:1])CC2)cc1,CNC(=O)O[C@H]1CCC[C@@H]1[*:1],CC(=O)N1CCCC([*:1])C1,CNC(=O)O[C@H]1CCC[C@@H]1[*:1]>>CC(=O)N1CCCC([*:1])C1,27,10,9,7.698970004336019,4.51427857351842,3.1846914308175984,0.64,True,True,True,same_assay
STR-2E8A075F614E722CE8DF,STR-79AE077C5280C92A481E,Cc1cc(S(=O)(=O)c2ccc(N3CC(CN4CCC(C(C#N)(c5ccccc5)[C@@H]5CCC[C@H]5[*:1])CC4)C3)cc2)ccn1,CC(=O)O[*:1],COCC[*:1],CC(=O)O[*:1]>>COCC[*:1],41,4,4,7.769551078621726,4.58838029403677,3.181170784584956,0.7471264367816092,True,True,True,same_assay
STR-09E54D8A9B952AC86D2A,STR-3187B729C5A86F22C447,N#CC(c1ccccc1)(C1CCN(CC2CN(c3ccc(S(=O)(=O)c4ccncc4)cc3)C2)CC1)[*:1],CNC(=O)O[C@H]1CCC[C@@H]1[*:1],CCO[C@@H]1CCC[C@H]1[*:1],CNC(=O)O[C@H]1CCC[C@@H]1[*:1]>>CCO[C@@H]1CCC[C@H]1[*:1],35,10,8,8.221848749616356,5.045757490560675,3.1760912590556813,0.7948717948717948,True,True,True,same_assay
STR-A723964BC2F481BF1509,STR-D2329F0EB178ECBDC6B6,N#CC(c1ccccc1)(C1CCN(CC2CN(c3ccc(S(=O)(=O)c4ccncc4)cc3)C2)CC1)[*:1],CC(C)C(=O)O[C@@H]1CCC[C@H]1[*:1],O=C(O[C@H]1CCC[C@@H]1[*:1])C1CCC1,CC(C)C(=O)O[C@@H]1CCC[C@H]1[*:1]>>O=C(O[C@H]1CCC[C@@H]1[*:1])C1CCC1,35,11,12,3.783570169123749,6.954677021213342,3.1711068520895935,0.8227848101265823,True,True,True,same_assay
STR-7C604423619052A15AC8,STR-E15050249B2D732BD2E2,N#CC(c1ccccc1)(C1CCN(CC2CN(c3ccc(S(=O)(=O)c4ccncc4)cc3)C2)CC1)[C@H]1CCC[C@@H]1[*:1],CC(=O)O[*:1],CSC[*:1],CC(=O)O[*:1]>>CSC[*:1],40,4,3,8.154901959985743,4.987162775294828,3.167739184690915,0.725,True,True,True,same_assay
STR-09E54D8A9B952AC86D2A,STR-20D5B5F6CCFE315C6A44,N#CC(c1ccccc1)(C1CCN(CC2CN(c3ccc(S(=O)(=O)c4ccncc4)cc3)C2)CC1)[*:1],CNC(=O)O[C@H]1CCC[C@@H]1[*:1],c1cc(C[*:1])ccn1,CNC(=O)O[C@H]1CCC[C@@H]1[*:1]>>c1cc(C[*:1])ccn1,35,10,7,8.221848749616356,5.055517327849831,3.1663314217665253,0.6375,True,True,True,same_assay
STR-42FABA990848887F9FDB,STR-7C604423619052A15AC8,N#CC(c1ccccc1)(C1CCN(CC2CN(c3ccc(S(=O)(=O)c4ccncc4)cc3)C2)CC1)[*:1],CCC1CCCC1[*:1],CC(=O)O[C@H]1CCC[C@@H]1[*:1],CCC1CCCC1[*:1]>>CC(=O)O[C@H]1CCC[C@@H]1[*:1],35,7,9,4.991399828238082,8.154901959985743,3.163502131747661,0.7532467532467533,True,True,True,same_assay
STR-695C2B9D19FE30A6368D,STR-C388369FA2BBC8775FB4,c1ccc2c(c1)CCNC2(C1CCCC1)C1CCN(CC2CN([*:1])C2)CC1,c1cnc([*:1])nc1,CCS(=O)(=O)c1ccc([*:1])cc1,c1cnc([*:1])nc1>>CCS(=O)(=O)c1ccc([*:1])cc1,26,6,11,4.335358024443875,7.495699914119041,3.1603418896751663,0.6515151515151515,True,True,True,same_assay
STR-54ED728D29C775C2EEED,STR-79D75B6A88F0457FA1C2,N#CC(c1ccccc1)(C1CCN(CC2CN(c3ccc(S(=O)(=O)c4ccncc4)cc3)C2)CC1)[C@H]1CCC[C@@H]1[*:1],CS(=O)(=O)CO[*:1],CCC(=O)O[*:1],CS(=O)(=O)CO[*:1]>>CCC(=O)O[*:1],40,6,5,4.841637507904751,8.0,3.1583624920952493,0.775,True,True,True,same_assay
STR-54ED728D29C775C2EEED,STR-C24E330B171F75FD816E,N#CC(c1ccccc1)(C1CCN(CC2CN(c3ccc(S(=O)(=O)c4ccncc4)cc3)C2)CC1)[C@H]1CCC[C@@H]1[*:1],CS(=O)(=O)CO[*:1],CC(=O)N[*:1],CS(=O)(=O)CO[*:1]>>CC(=O)N[*:1],40,6,4,4.841637507904751,8.0,3.1583624920952493,0.7073170731707317,True,True,True,same_assay
STR-55DFB8550CA6D0317DA0,STR-D67FE3A87A1AC07DC7FF,N=C(N)NCCC[C@@H]1NC(=O)C2(CCC2)NC(=O)[C@@H]2CCCN2C(=O)[C@H](Cc2cccc([*:1])c2)NC(=O)[C@@H](N)CCCCCCCCNC(=O)[C@@H]2CCCN2C1=O,F[*:1],CC(C)C[*:1],F[*:1]>>CC(C)C[*:1],56,1,4,7.600326278518962,4.443697499232713,3.1566287792862484,0.8461538461538461,True,True,True,same_assay
STR-A50D555FBD2E6BE12E86,STR-FB20DDC3426AF551283B,N#CC(c1ccccc1)(C1CCN(CC2CN(c3ccc(S(=O)(=O)c4ccncc4)cc3)C2)CC1)[*:1],CSC[C@@H]1CCC[C@H]1[*:1],CN(C)C(=O)N[C@H]1CCC[C@@H]1[*:1],CSC[C@@H]1CCC[C@H]1[*:1]>>CN(C)C(=O)N[C@H]1CCC[C@@H]1[*:1],35,8,11,4.769551078621726,7.920818753952375,3.151267675330649,0.6987951807228916,True,True,True,same_assay
STR-6F1C926A5BCCC888A7D5,STR-B56EF6AC340F28C175E6,N#Cc1ccc(N2CC(CN3CCC([C@@](C#N)(c4ccccc4)[C@H]4CCC[C@@H]4[*:1])CC3)C2)cc1,CO[*:1],CNC(=O)O[*:1],CO[*:1]>>CNC(=O)O[*:1],33,2,5,4.815308569182402,7.958607314841775,3.143298745659373,0.7794117647058824,True,True,True,same_assay
STR-3941BFA7C86C7BEE8530,STR-8BAA965F9B38F093E239,N#CC(c1ccccc1)(C1CCN(CC2CN(c3ccc(S(=O)(=O)C4CC4)cc3)C2)CC1)[*:1],CNC(=O)O[C@H]1CCC[C@@H]1[*:1],CN([C@@H]1CCC[C@H]1[*:1])S(C)(=O)=O,CNC(=O)O[C@H]1CCC[C@@H]1[*:1]>>CN([C@@H]1CCC[C@H]1[*:1])S(C)(=O)=O,32,10,11,7.853871964321762,4.716698771296451,3.137173193025311,0.6835443037974683,True,True,True,same_assay
STR-72BF5FE38870FA3B6280,STR-B42C6A96CD90C7D4D5BD,CCN(C(=O)c1cc(F)ccc1Oc1nncnc1N1CCC2(C1)CN([*:1])C2)C(C)C,CC(C)[C@H](CCO)[*:1],CC(C)[C@@H](CCC(C)(C)N)[*:1],CC(C)[C@H](CCO)[*:1]>>CC(C)[C@@H](CCC(C)(C)N)[*:1],30,7,10,4.051391450123564,7.173925197299173,3.122533747175609,0.85,True,True,True,same_assay
STR-54ED728D29C775C2EEED,STR-A62EFE6B816DF994EE32,N#CC(c1ccccc1)(C1CCN(CC2CN(c3ccc(S(=O)(=O)c4ccncc4)cc3)C2)CC1)[C@H]1CCC[C@@H]1[*:1],CS(=O)(=O)CO[*:1],COC(=O)N[*:1],CS(=O)(=O)CO[*:1]>>COC(=O)N[*:1],40,6,5,4.841637507904751,7.958607314841775,3.116969806937024,0.7108433734939759,True,True,True,same_assay
STR-72BF5FE38870FA3B6280,STR-BA4B8BF78E2F3EDB8F63,CCN(C(=O)c1cc(F)ccc1Oc1nncnc1N1CCC2(C1)CN([*:1])C2)C(C)C,CC(C)[C@H](CCO)[*:1],CC(C)[C@@H](CCNCCC(N)=O)[*:1],CC(C)[C@H](CCO)[*:1]>>CC(C)[C@@H](CCNCCC(N)=O)[*:1],30,7,12,4.051391450123564,7.167491087293763,3.116099637170199,0.8192771084337349,True,True,True,same_assay
STR-80B7C819E96F09B4FE2E,STR-AB1714536DDACDAFACEC,N#CC(c1ccccc1)(C1CCN(CC2CN(c3ccc(S(=O)(=O)C4CC4)cc3)C2)CC1)[C@H]1CCC[C@@H]1[*:1],CN(S(C)(=O)=O)[*:1],CC(=O)N[*:1],CN(S(C)(=O)=O)[*:1]>>CC(=O)N[*:1],37,6,4,4.424812155072339,7.537602002101044,3.112789847028705,0.7236842105263158,True,True,True,same_assay
STR-8271C886AE561654AC45,STR-94C191645BE5B0A1978A,N#CC(c1ccccc1)(C1CCN(CC2CN(c3ccc(S(=O)(=O)c4ccncc4)cc3)C2)CC1)[*:1],CS(=O)(=O)CO[C@@H]1CCC[C@H]1[*:1],O=C(O[C@H]1CCC[C@@H]1[*:1])C1CC1,CS(=O)(=O)CO[C@@H]1CCC[C@H]1[*:1]>>O=C(O[C@H]1CCC[C@@H]1[*:1])C1CC1,35,11,11,4.634512015109101,7.744727494896693,3.110215479787592,0.7625,True,True,True,same_assay
STR-2CFC8301293C2B82E4A6,STR-B42C6A96CD90C7D4D5BD,CCN(C(=O)c1cc(F)ccc1Oc1nncnc1N1CCC2(C1)CN([*:1])C2)C(C)C,CC(=O)NCCC[C@@H](C(C)C)[*:1],CC(C)[C@@H](CCC(C)(C)N)[*:1],CC(=O)NCCC[C@@H](C(C)C)[*:1]>>CC(C)[C@@H](CCC(C)(C)N)[*:1],30,11,10,4.064492734175287,7.173925197299173,3.109432463123886,0.7727272727272727,True,True,True,same_assay
STR-3187B729C5A86F22C447,STR-7C604423619052A15AC8,N#CC(c1ccccc1)(C1CCN(CC2CN(c3ccc(S(=O)(=O)c4ccncc4)cc3)C2)CC1)[*:1],CCO[C@@H]1CCC[C@H]1[*:1],CC(=O)O[C@H]1CCC[C@@H]1[*:1],CCO[C@@H]1CCC[C@H]1[*:1]>>CC(=O)O[C@H]1CCC[C@@H]1[*:1],35,8,9,5.045757490560675,8.154901959985743,3.1091444694250683,0.8157894736842105,True,True,True,same_assay
STR-695C2B9D19FE30A6368D,STR-F4D7C79F147C9691D2EE,c1ccc2c(c1)CCNC2(C1CCCC1)C1CCN(CC2CN([*:1])C2)CC1,c1cnc([*:1])nc1,N#Cc1ccc([*:1])cc1,c1cnc([*:1])nc1>>N#Cc1ccc([*:1])cc1,26,6,8,4.335358024443875,7.443697499232712,3.1083394747888375,0.6935483870967742,True,True,True,same_assay
STR-2CFC8301293C2B82E4A6,STR-BA4B8BF78E2F3EDB8F63,CCN(C(=O)c1cc(F)ccc1Oc1nncnc1N1CCC2(C1)CN([*:1])C2)C(C)C,CC(=O)NCCC[C@@H](C(C)C)[*:1],CC(C)[C@@H](CCNCCC(N)=O)[*:1],CC(=O)NCCC[C@@H](C(C)C)[*:1]>>CC(C)[C@@H](CCNCCC(N)=O)[*:1],30,11,12,4.064492734175287,7.167491087293763,3.102998353118476,0.7865168539325843,True,True,True,same_assay
STR-20D5B5F6CCFE315C6A44,STR-7C604423619052A15AC8,N#CC(c1ccccc1)(C1CCN(CC2CN(c3ccc(S(=O)(=O)c4ccncc4)cc3)C2)CC1)[*:1],c1cc(C[*:1])ccn1,CC(=O)O[C@H]1CCC[C@@H]1[*:1],c1cc(C[*:1])ccn1>>CC(=O)O[C@H]1CCC[C@@H]1[*:1],35,7,9,5.055517327849831,8.154901959985743,3.099384632135912,0.6538461538461539,True,True,True,same_assay
STR-06E53FF33324D9B1A44A,STR-40E0E7043CC563C31D2B,N#Cc1ccc(OCCCN2CCC(C(C#N)(c3ccccc3)[C@H]3CCC[C@@H]3[*:1])CC2)cc1,CNC(=O)O[*:1],CO[*:1],CNC(=O)O[*:1]>>CO[*:1],32,5,2,7.698970004336019,4.609064892896621,3.089905111439398,0.7611940298507462,True,True,True,same_assay
STR-80B7C819E96F09B4FE2E,STR-A1381CEB41898F753D78,N#CC(c1ccccc1)(C1CCN(CC2CN(c3ccc(S(=O)(=O)C4CC4)cc3)C2)CC1)[C@H]1CCC[C@@H]1[*:1],CN(S(C)(=O)=O)[*:1],COC(=O)N[*:1],CN(S(C)(=O)=O)[*:1]>>COC(=O)N[*:1],37,6,5,4.424812155072339,7.508638306165727,3.083826151093388,0.6835443037974683,True,True,True,same_assay
STR-54ED728D29C775C2EEED,STR-FB20DDC3426AF551283B,N#CC(c1ccccc1)(C1CCN(CC2CN(c3ccc(S(=O)(=O)c4ccncc4)cc3)C2)CC1)[C@H]1CCC[C@@H]1[*:1],CS(=O)(=O)CO[*:1],CN(C)C(=O)N[*:1],CS(=O)(=O)CO[*:1]>>CN(C)C(=O)N[*:1],40,6,6,4.841637507904751,7.920818753952375,3.079181246047624,0.6823529411764706,True,True,True,same_assay
STR-06E53FF33324D9B1A44A,STR-84B9176A329FC508D11B,N#Cc1ccc(OCCCN2CCC(C(C#N)(c3ccccc3)[*:1])CC2)cc1,CNC(=O)O[C@H]1CCC[C@@H]1[*:1],CC(=O)N1CCC[C@@H]1[*:1],CNC(=O)O[C@H]1CCC[C@@H]1[*:1]>>CC(=O)N1CCC[C@@H]1[*:1],27,10,8,7.698970004336019,4.632644078973981,3.0663259253620376,0.6486486486486487,True,True,True,same_assay
STR-5B65D30F2628A312D8CA,STR-E15050249B2D732BD2E2,N#CC(c1ccccc1)(C1CCN(CC2CN(c3ccc(S(=O)(=O)c4ccncc4)cc3)C2)CC1)[C@H]1CCC[C@@H]1[*:1],CNC(=O)N[*:1],CSC[*:1],CNC(=O)N[*:1]>>CSC[*:1],40,5,3,8.045757490560675,4.987162775294828,3.058594715265847,0.7073170731707317,True,True,True,same_assay
STR-990708AC2AD0842F3BCB,STR-E15050249B2D732BD2E2,N#CC(c1ccccc1)(C1CCN(CC2CN(c3ccc(S(=O)(=O)c4ccncc4)cc3)C2)CC1)[C@H]1CCC[C@@H]1[*:1],NC(=O)O[*:1],CSC[*:1],NC(=O)O[*:1]>>CSC[*:1],40,4,3,8.045757490560675,4.987162775294828,3.058594715265847,0.7037037037037037,True,True,True,same_assay
STR-42FABA990848887F9FDB,STR-5B65D30F2628A312D8CA,N#CC(c1ccccc1)(C1CCN(CC2CN(c3ccc(S(=O)(=O)c4ccncc4)cc3)C2)CC1)[*:1],CCC1CCCC1[*:1],CNC(=O)N[C@H]1CCC[C@@H]1[*:1],CCC1CCCC1[*:1]>>CNC(=O)N[C@H]1CCC[C@@H]1[*:1],35,7,10,4.991399828238082,8.045757490560675,3.0543576623225928,0.7341772151898734,True,True,True,same_assay
STR-42FABA990848887F9FDB,STR-990708AC2AD0842F3BCB,N#CC(c1ccccc1)(C1CCN(CC2CN(c3ccc(S(=O)(=O)c4ccncc4)cc3)C2)CC1)[*:1],CCC1CCCC1[*:1],NC(=O)O[C@H]1CCC[C@@H]1[*:1],CCC1CCCC1[*:1]>>NC(=O)O[C@H]1CCC[C@@H]1[*:1],35,7,9,4.991399828238082,8.045757490560675,3.0543576623225928,0.7307692307692307,True,True,True,same_assay
STR-8BAA965F9B38F093E239,STR-E971954B90C3DF1122E8,N#CC(c1ccccc1)(C1CCN(CC2CN(c3ccc(S(=O)(=O)C4CC4)cc3)C2)CC1)[*:1],CN([C@@H]1CCC[C@H]1[*:1])S(C)(=O)=O,CC(=O)O[C@H]1CCC[C@@H]1[*:1],CN([C@@H]1CCC[C@H]1[*:1])S(C)(=O)=O>>CC(=O)O[C@H]1CCC[C@@H]1[*:1],32,11,9,4.716698771296451,7.744727494896693,3.028028723600242,0.7236842105263158,True,True,True,same_assay
STR-85CC09FA46180DEFBF79,STR-F3E4FB7B2DAC6DD0B0EA,N#CC(c1cccc(F)c1)(C1CCN(CC2CN(c3ccc(S(=O)(=O)c4ccccc4)cc3)C2)CC1)[*:1],CC(=O)O[C@H]1CCC[C@@H]1[*:1],CC(=O)O[C@@H]1CCC[C@H]1[*:1],CC(=O)O[C@H]1CCC[C@@H]1[*:1]>>CC(=O)O[C@@H]1CCC[C@H]1[*:1],36,9,9,7.886056647693163,4.860120913598763,3.0259357340944,1.0,True,True,True,same_assay
STR-3BD3AAFB21D6F0AE245A,STR-B42C6A96CD90C7D4D5BD,CCN(C(=O)c1cc(F)ccc1Oc1nncnc1N1CCC2(C1)CN([*:1])C2)C(C)C,CC(C)[C@H](CCCO)[*:1],CC(C)[C@@H](CCC(C)(C)N)[*:1],CC(C)[C@H](CCCO)[*:1]>>CC(C)[C@@H](CCC(C)(C)N)[*:1],30,8,10,4.152489034796752,7.173925197299173,3.021436162502421,0.8192771084337349,True,True,True,same_assay
STR-06E53FF33324D9B1A44A,STR-E1374AA2ED612B5F391C,N#Cc1ccc(OCCCN2CCC(C(C#N)(c3ccccc3)[*:1])CC2)cc1,CNC(=O)O[C@H]1CCC[C@@H]1[*:1],CNC(=O)N[C@@H]1CCC[C@H]1[*:1],CNC(=O)O[C@H]1CCC[C@@H]1[*:1]>>CNC(=O)N[C@@H]1CCC[C@H]1[*:1],27,10,10,7.698970004336019,4.679853713888946,3.019116290447073,0.75,True,True,True,same_assay
STR-3BD3AAFB21D6F0AE245A,STR-BA4B8BF78E2F3EDB8F63,CCN(C(=O)c1cc(F)ccc1Oc1nncnc1N1CCC2(C1)CN([*:1])C2)C(C)C,CC(C)[C@H](CCCO)[*:1],CC(C)[C@@H](CCNCCC(N)=O)[*:1],CC(C)[C@H](CCCO)[*:1]>>CC(C)[C@@H](CCNCCC(N)=O)[*:1],30,8,12,4.152489034796752,7.167491087293763,3.015002052497011,0.7906976744186046,True,True,True,same_assay
STR-79D75B6A88F0457FA1C2,STR-E15050249B2D732BD2E2,N#CC(c1ccccc1)(C1CCN(CC2CN(c3ccc(S(=O)(=O)c4ccncc4)cc3)C2)CC1)[C@H]1CCC[C@@H]1[*:1],CCC(=O)O[*:1],CSC[*:1],CCC(=O)O[*:1]>>CSC[*:1],40,5,3,8.0,4.987162775294828,3.012837224705172,0.7073170731707317,True,True,True,same_assay
STR-C24E330B171F75FD816E,STR-E15050249B2D732BD2E2,N#CC(c1ccccc1)(C1CCN(CC2CN(c3ccc(S(=O)(=O)c4ccncc4)cc3)C2)CC1)[C@H]1CCC[C@@H]1[*:1],CC(=O)N[*:1],CSC[*:1],CC(=O)N[*:1]>>CSC[*:1],40,4,3,8.0,4.987162775294828,3.012837224705172,0.725,True,True,True,same_assay
STR-42FABA990848887F9FDB,STR-79D75B6A88F0457FA1C2,N#CC(c1ccccc1)(C1CCN(CC2CN(c3ccc(S(=O)(=O)c4ccncc4)cc3)C2)CC1)[*:1],CCC1CCCC1[*:1],CCC(=O)O[C@H]1CCC[C@@H]1[*:1],CCC1CCCC1[*:1]>>CCC(=O)O[C@H]1CCC[C@@H]1[*:1],35,7,10,4.991399828238082,8.0,3.008600171761918,0.7564102564102564,True,True,True,same_assay
STR-42FABA990848887F9FDB,STR-C24E330B171F75FD816E,N#CC(c1ccccc1)(C1CCN(CC2CN(c3ccc(S(=O)(=O)c4ccncc4)cc3)C2)CC1)[*:1],CCC1CCCC1[*:1],CC(=O)N[C@H]1CCC[C@@H]1[*:1],CCC1CCCC1[*:1]>>CC(=O)N[C@H]1CCC[C@@H]1[*:1],35,7,9,4.991399828238082,8.0,3.008600171761918,0.7532467532467533,True,True,True,same_assay
STR-345899C1E6A28DAE7335,STR-AEBCF9F47DC8FFE6B030,N#Cc1ccc(OCCCN2CCC(C(C#N)(c3ccccc3)[*:1])CC2)cc1,c1cc(C[*:1])ccn1,CNC(=O)O[C@@H]1CCC[C@H]1[*:1],c1cc(C[*:1])ccn1>>CNC(=O)O[C@@H]1CCC[C@H]1[*:1],27,7,10,3.743522793758323,6.7495799976911055,3.0060572039327824,0.5394736842105263,True,True,True,same_assay
STR-3187B729C5A86F22C447,STR-5B65D30F2628A312D8CA,N#CC(c1ccccc1)(C1CCN(CC2CN(c3ccc(S(=O)(=O)c4ccncc4)cc3)C2)CC1)[*:1],CCO[C@@H]1CCC[C@H]1[*:1],CNC(=O)N[C@H]1CCC[C@@H]1[*:1],CCO[C@@H]1CCC[C@H]1[*:1]>>CNC(=O)N[C@H]1CCC[C@@H]1[*:1],35,8,10,5.045757490560675,8.045757490560675,3.0,0.7073170731707317,True,True,True,same_assay
STR-3187B729C5A86F22C447,STR-990708AC2AD0842F3BCB,N#CC(c1ccccc1)(C1CCN(CC2CN(c3ccc(S(=O)(=O)c4ccncc4)cc3)C2)CC1)[*:1],CCO[C@@H]1CCC[C@H]1[*:1],NC(=O)O[C@H]1CCC[C@@H]1[*:1],CCO[C@@H]1CCC[C@H]1[*:1]>>NC(=O)O[C@H]1CCC[C@@H]1[*:1],35,8,9,5.045757490560675,8.045757490560675,3.0,0.7922077922077922,True,True,True,same_assay
STR-20D5B5F6CCFE315C6A44,STR-5B65D30F2628A312D8CA,N#CC(c1ccccc1)(C1CCN(CC2CN(c3ccc(S(=O)(=O)c4ccncc4)cc3)C2)CC1)[*:1],c1cc(C[*:1])ccn1,CNC(=O)N[C@H]1CCC[C@@H]1[*:1],c1cc(C[*:1])ccn1>>CNC(=O)N[C@H]1CCC[C@@H]1[*:1],35,7,10,5.055517327849831,8.045757490560675,2.990240162710844,0.6375,True,True,True,same_assay
STR-20D5B5F6CCFE315C6A44,STR-990708AC2AD0842F3BCB,N#CC(c1ccccc1)(C1CCN(CC2CN(c3ccc(S(=O)(=O)c4ccncc4)cc3)C2)CC1)[*:1],c1cc(C[*:1])ccn1,NC(=O)O[C@H]1CCC[C@@H]1[*:1],c1cc(C[*:1])ccn1>>NC(=O)O[C@H]1CCC[C@@H]1[*:1],35,7,9,5.055517327849831,8.045757490560675,2.990240162710844,0.6538461538461539,True,True,True,same_assay
STR-5470E2C155BCDC752B33,STR-A723964BC2F481BF1509,N#CC(c1ccccc1)(C1CCN(CC2CN(c3ccc(S(=O)(=O)c4ccncc4)cc3)C2)CC1)[*:1],CCNC(=O)O[C@H]1CCC[C@@H]1[*:1],CC(C)C(=O)O[C@@H]1CCC[C@H]1[*:1],CCNC(=O)O[C@H]1CCC[C@@H]1[*:1]>>CC(C)C(=O)O[C@@H]1CCC[C@H]1[*:1],35,11,11,6.769551078621726,3.783570169123749,2.985980909497977,0.8148148148148148,True,True,True,same_assay
STR-06E53FF33324D9B1A44A,STR-604BE22F0CAC884F2D40,N#Cc1ccc(OCCCN2CCC(C(C#N)(c3ccccc3)[*:1])CC2)cc1,CNC(=O)O[C@H]1CCC[C@@H]1[*:1],COCC(C1CC1)[*:1],CNC(=O)O[C@H]1CCC[C@@H]1[*:1]>>COCC(C1CC1)[*:1],27,10,7,7.698970004336019,4.721246399047171,2.9777236052888476,0.5128205128205128,True,True,True,same_assay
STR-94C191645BE5B0A1978A,STR-A50D555FBD2E6BE12E86,N#CC(c1ccccc1)(C1CCN(CC2CN(c3ccc(S(=O)(=O)c4ccncc4)cc3)C2)CC1)[*:1],O=C(O[C@H]1CCC[C@@H]1[*:1])C1CC1,CSC[C@@H]1CCC[C@H]1[*:1],O=C(O[C@H]1CCC[C@@H]1[*:1])C1CC1>>CSC[C@@H]1CCC[C@H]1[*:1],35,11,8,7.744727494896693,4.769551078621726,2.9751764162749668,0.6951219512195121,True,True,True,same_assay
STR-A62EFE6B816DF994EE32,STR-E15050249B2D732BD2E2,N#CC(c1ccccc1)(C1CCN(CC2CN(c3ccc(S(=O)(=O)c4ccncc4)cc3)C2)CC1)[C@H]1CCC[C@@H]1[*:1],COC(=O)N[*:1],CSC[*:1],COC(=O)N[*:1]>>CSC[*:1],40,5,3,7.958607314841775,4.987162775294828,2.9714445395469467,0.7073170731707317,True,True,True,same_assay
STR-38C10D94ABD1F231B9D1,STR-72BF5FE38870FA3B6280,CCN(C(=O)c1cc(F)ccc1Oc1nncnc1N1CCC2(C1)CN([*:1])C2)C(C)C,CC(C)[C@@H](CCCN(C)C)[*:1],CC(C)[C@H](CCO)[*:1],CC(C)[C@@H](CCCN(C)C)[*:1]>>CC(C)[C@H](CCO)[*:1],30,10,7,7.022276394711152,4.051391450123564,2.9708849445875884,0.8717948717948718,True,True,True,same_assay
STR-42FABA990848887F9FDB,STR-A62EFE6B816DF994EE32,N#CC(c1ccccc1)(C1CCN(CC2CN(c3ccc(S(=O)(=O)c4ccncc4)cc3)C2)CC1)[*:1],CCC1CCCC1[*:1],COC(=O)N[C@H]1CCC[C@@H]1[*:1],CCC1CCCC1[*:1]>>COC(=O)N[C@H]1CCC[C@@H]1[*:1],35,7,10,4.991399828238082,7.958607314841775,2.9672074866036926,0.7341772151898734,True,True,True,same_assay
STR-2CFC8301293C2B82E4A6,STR-38C10D94ABD1F231B9D1,CCN(C(=O)c1cc(F)ccc1Oc1nncnc1N1CCC2(C1)CN([*:1])C2)C(C)C,CC(=O)NCCC[C@@H](C(C)C)[*:1],CC(C)[C@@H](CCCN(C)C)[*:1],CC(=O)NCCC[C@@H](C(C)C)[*:1]>>CC(C)[C@@H](CCCN(C)C)[*:1],30,11,10,4.064492734175287,7.022276394711152,2.957783660535865,0.8333333333333334,True,True,True,same_assay
STR-3187B729C5A86F22C447,STR-79D75B6A88F0457FA1C2,N#CC(c1ccccc1)(C1CCN(CC2CN(c3ccc(S(=O)(=O)c4ccncc4)cc3)C2)CC1)[*:1],CCO[C@@H]1CCC[C@H]1[*:1],CCC(=O)O[C@H]1CCC[C@@H]1[*:1],CCO[C@@H]1CCC[C@H]1[*:1]>>CCC(=O)O[C@H]1CCC[C@@H]1[*:1],35,8,10,5.045757490560675,8.0,2.954242509439325,0.8181818181818182,True,True,True,same_assay
STR-3187B729C5A86F22C447,STR-C24E330B171F75FD816E,N#CC(c1ccccc1)(C1CCN(CC2CN(c3ccc(S(=O)(=O)c4ccncc4)cc3)C2)CC1)[*:1],CCO[C@@H]1CCC[C@H]1[*:1],CC(=O)N[C@H]1CCC[C@@H]1[*:1],CCO[C@@H]1CCC[C@H]1[*:1]>>CC(=O)N[C@H]1CCC[C@@H]1[*:1],35,8,9,5.045757490560675,8.0,2.954242509439325,0.725,True,True,True,same_assay
STR-6BB8114D41C4FAE5B067,STR-72BF5FE38870FA3B6280,CCN(C(=O)c1cc(F)ccc1Oc1nncnc1N1CCC2(C1)CN([*:1])C2)C(C)C,CC(C)C(CCCN)[*:1],CC(C)[C@H](CCO)[*:1],CC(C)C(CCCN)[*:1]>>CC(C)[C@H](CCO)[*:1],30,8,7,7.0,4.051391450123564,2.948608549876436,0.8717948717948718,True,True,True,same_assay
STR-20D5B5F6CCFE315C6A44,STR-79D75B6A88F0457FA1C2,N#CC(c1ccccc1)(C1CCN(CC2CN(c3ccc(S(=O)(=O)c4ccncc4)cc3)C2)CC1)[*:1],c1cc(C[*:1])ccn1,CCC(=O)O[C@H]1CCC[C@@H]1[*:1],c1cc(C[*:1])ccn1>>CCC(=O)O[C@H]1CCC[C@@H]1[*:1],35,7,10,5.055517327849831,8.0,2.944482672150169,0.6375,True,True,True,same_assay
STR-20D5B5F6CCFE315C6A44,STR-C24E330B171F75FD816E,N#CC(c1ccccc1)(C1CCN(CC2CN(c3ccc(S(=O)(=O)c4ccncc4)cc3)C2)CC1)[*:1],c1cc(C[*:1])ccn1,CC(=O)N[C@H]1CCC[C@@H]1[*:1],c1cc(C[*:1])ccn1>>CC(=O)N[C@H]1CCC[C@@H]1[*:1],35,7,9,5.055517327849831,8.0,2.944482672150169,0.6538461538461539,True,True,True,same_assay
STR-09E54D8A9B952AC86D2A,STR-BFADD52B1F3CC9E98A32,N#CC(c1ccccc1)(C1CCN(CC2CN(c3ccc(S(=O)(=O)c4ccncc4)cc3)C2)CC1)[*:1],CNC(=O)O[C@H]1CCC[C@@H]1[*:1],CNC(=O)C[C@@H]1CCC[C@H]1[*:1],CNC(=O)O[C@H]1CCC[C@@H]1[*:1]>>CNC(=O)C[C@@H]1CCC[C@H]1[*:1],35,10,10,8.221848749616356,5.2839966563652006,2.9378520932511556,0.7777777777777778,True,True,True,same_assay
STR-2CFC8301293C2B82E4A6,STR-6BB8114D41C4FAE5B067,CCN(C(=O)c1cc(F)ccc1Oc1nncnc1N1CCC2(C1)CN([*:1])C2)C(C)C,CC(=O)NCCC[C@@H](C(C)C)[*:1],CC(C)C(CCCN)[*:1],CC(=O)NCCC[C@@H](C(C)C)[*:1]>>CC(C)C(CCCN)[*:1],30,11,8,4.064492734175287,7.0,2.9355072658247128,0.8333333333333334,True,True,True,same_assay
STR-E15050249B2D732BD2E2,STR-FB20DDC3426AF551283B,N#CC(c1ccccc1)(C1CCN(CC2CN(c3ccc(S(=O)(=O)c4ccncc4)cc3)C2)CC1)[C@H]1CCC[C@@H]1[*:1],CSC[*:1],CN(C)C(=O)N[*:1],CSC[*:1]>>CN(C)C(=O)N[*:1],40,3,6,4.987162775294828,7.920818753952375,2.933655978657547,0.6987951807228916,True,True,True,same_assay
STR-42FABA990848887F9FDB,STR-FB20DDC3426AF551283B,N#CC(c1ccccc1)(C1CCN(CC2CN(c3ccc(S(=O)(=O)c4ccncc4)cc3)C2)CC1)[*:1],CCC1CCCC1[*:1],CN(C)C(=O)N[C@H]1CCC[C@@H]1[*:1],CCC1CCCC1[*:1]>>CN(C)C(=O)N[C@H]1CCC[C@@H]1[*:1],35,7,11,4.991399828238082,7.920818753952375,2.929418925714293,0.725,True,True,True,same_assay
STR-64416BC7F3D621D83B3A,STR-E971954B90C3DF1122E8,CC(=O)O[C@H]1CCC[C@@H]1C(C#N)(c1ccccc1)C1CCN(CC2CN(c3ccc([*:1])cc3)C2)CC1,O=C(O)[*:1],O=S(=O)(C1CC1)[*:1],O=C(O)[*:1]>>O=S(=O)(C1CC1)[*:1],35,3,6,4.82102305270683,7.744727494896693,2.9237044421898624,0.8028169014084507,True,True,True,same_assay
STR-3187B729C5A86F22C447,STR-A62EFE6B816DF994EE32,N#CC(c1ccccc1)(C1CCN(CC2CN(c3ccc(S(=O)(=O)c4ccncc4)cc3)C2)CC1)[*:1],CCO[C@@H]1CCC[C@H]1[*:1],COC(=O)N[C@H]1CCC[C@@H]1[*:1],CCO[C@@H]1CCC[C@H]1[*:1]>>COC(=O)N[C@H]1CCC[C@@H]1[*:1],35,8,10,5.045757490560675,7.958607314841775,2.9128498242811,0.7283950617283951,True,True,True,same_assay
STR-20D5B5F6CCFE315C6A44,STR-A62EFE6B816DF994EE32,N#CC(c1ccccc1)(C1CCN(CC2CN(c3ccc(S(=O)(=O)c4ccncc4)cc3)C2)CC1)[*:1],c1cc(C[*:1])ccn1,COC(=O)N[C@H]1CCC[C@@H]1[*:1],c1cc(C[*:1])ccn1>>COC(=O)N[C@H]1CCC[C@@H]1[*:1],35,7,10,5.055517327849831,7.958607314841775,2.903089986991944,0.6375,True,True,True,same_assay
STR-54ED728D29C775C2EEED,STR-94C191645BE5B0A1978A,N#CC(c1ccccc1)(C1CCN(CC2CN(c3ccc(S(=O)(=O)c4ccncc4)cc3)C2)CC1)[C@H]1CCC[C@@H]1[*:1],CS(=O)(=O)CO[*:1],O=C(O[*:1])C1CC1,CS(=O)(=O)CO[*:1]>>O=C(O[*:1])C1CC1,40,6,6,4.841637507904751,7.744727494896693,2.903089986991942,0.7625,True,True,True,same_assay
STR-1A86078F0EC509427701,STR-F3CF2B91B4EE3E2B7CA5,c1ccc2c(c1)CCNC2(C1CCCC1)C1CCN(C[*:1])CC1,c1ccc([*:1])cc1,N#Cc1ccc(NCC[*:1])cc1,c1ccc([*:1])cc1>>N#Cc1ccc(NCC[*:1])cc1,22,6,11,3.721246399047171,6.617982957425132,2.8967365583779605,0.5645161290322581,True,True,True,same_assay
STR-AEBCF9F47DC8FFE6B030,STR-DE57A0D88EA762894E60,N#Cc1ccc(OCCCN2CCC(C(C#N)(c3ccccc3)[*:1])CC2)cc1,CNC(=O)O[C@@H]1CCC[C@H]1[*:1],CO[C@H]1CCC[C@H]1[*:1],CNC(=O)O[C@@H]1CCC[C@H]1[*:1]>>CO[C@H]1CCC[C@H]1[*:1],27,10,7,6.7495799976911055,3.8535618647142256,2.89601813297688,0.7611940298507462,True,True,True,same_assay
STR-09E54D8A9B952AC86D2A,STR-1F9028E2DF2F03204766,N#CC(c1ccccc1)(C1CCN(CC2CN(c3ccc(S(=O)(=O)c4ccncc4)cc3)C2)CC1)[*:1],CNC(=O)O[C@H]1CCC[C@@H]1[*:1],CS(=O)(=O)N[C@@H]1CCC[C@H]1[*:1],CNC(=O)O[C@H]1CCC[C@@H]1[*:1]>>CS(=O)(=O)N[C@@H]1CCC[C@H]1[*:1],35,10,10,8.221848749616356,5.327902142064282,2.893946607552074,0.7283950617283951,True,True,True,same_assay
STR-09E54D8A9B952AC86D2A,STR-4866DF3FD3D34FBFE093,N#CC(c1ccccc1)(C1CCN(CC2CN(c3ccc(S(=O)(=O)c4ccncc4)cc3)C2)CC1)[C@H]1CCC[C@@H]1[*:1],CNC(=O)O[*:1],CS(=O)(=O)C[*:1],CNC(=O)O[*:1]>>CS(=O)(=O)C[*:1],40,5,5,8.221848749616356,5.327902142064282,2.893946607552074,0.7375,True,True,True,same_assay
STR-78D6D64DD53A6832B414,STR-8DB0AD5CDFB534F0A1FD,CN1Cc2ccccc2C(C2CCN(CC3CN(c4ccc(S(C)(=O)=O)cc4)C3)CC2)([*:1])C1,C1CCC([*:1])C1,c1ccc([*:1])nc1,C1CCC([*:1])C1>>c1ccc([*:1])nc1,32,5,6,7.214670164989233,4.3223930472795065,2.8922771177097264,0.6901408450704225,True,True,True,same_assay
STR-09E54D8A9B952AC86D2A,STR-F4223A1339E66808912C,N#CC(c1ccccc1)(C1CCN(CC2CN(c3ccc(S(=O)(=O)c4ccncc4)cc3)C2)CC1)[*:1],CNC(=O)O[C@H]1CCC[C@@H]1[*:1],OC[C@@H]1CCC[C@H]1[*:1],CNC(=O)O[C@H]1CCC[C@@H]1[*:1]>>OC[C@@H]1CCC[C@H]1[*:1],35,10,7,8.221848749616356,5.337242168318426,2.8846065812979305,0.7341772151898734,True,True,True,same_assay
STR-3187B729C5A86F22C447,STR-FB20DDC3426AF551283B,N#CC(c1ccccc1)(C1CCN(CC2CN(c3ccc(S(=O)(=O)c4ccncc4)cc3)C2)CC1)[*:1],CCO[C@@H]1CCC[C@H]1[*:1],CN(C)C(=O)N[C@H]1CCC[C@@H]1[*:1],CCO[C@@H]1CCC[C@H]1[*:1]>>CN(C)C(=O)N[C@H]1CCC[C@@H]1[*:1],35,8,11,5.045757490560675,7.920818753952375,2.8750612633917,0.6987951807228916,True,True,True,same_assay
STR-7C604423619052A15AC8,STR-BFADD52B1F3CC9E98A32,N#CC(c1ccccc1)(C1CCN(CC2CN(c3ccc(S(=O)(=O)c4ccncc4)cc3)C2)CC1)[*:1],CC(=O)O[C@H]1CCC[C@@H]1[*:1],CNC(=O)C[C@@H]1CCC[C@H]1[*:1],CC(=O)O[C@H]1CCC[C@@H]1[*:1]>>CNC(=O)C[C@@H]1CCC[C@H]1[*:1],35,9,10,8.154901959985743,5.2839966563652006,2.8709053036205425,0.7317073170731707,True,True,True,same_assay
STR-38C10D94ABD1F231B9D1,STR-3BD3AAFB21D6F0AE245A,CCN(C(=O)c1cc(F)ccc1Oc1nncnc1N1CCC2(C1)CN([*:1])C2)C(C)C,CC(C)[C@@H](CCCN(C)C)[*:1],CC(C)[C@H](CCCO)[*:1],CC(C)[C@@H](CCCN(C)C)[*:1]>>CC(C)[C@H](CCCO)[*:1],30,10,8,7.022276394711152,4.152489034796752,2.8697873599144,0.8860759493670886,True,True,True,same_assay
STR-20D5B5F6CCFE315C6A44,STR-FB20DDC3426AF551283B,N#CC(c1ccccc1)(C1CCN(CC2CN(c3ccc(S(=O)(=O)c4ccncc4)cc3)C2)CC1)[*:1],c1cc(C[*:1])ccn1,CN(C)C(=O)N[C@H]1CCC[C@@H]1[*:1],c1cc(C[*:1])ccn1>>CN(C)C(=O)N[C@H]1CCC[C@@H]1[*:1],35,7,11,5.055517327849831,7.920818753952375,2.865301426102544,0.6296296296296297,True,True,True,same_assay
STR-3BD3AAFB21D6F0AE245A,STR-6BB8114D41C4FAE5B067,CCN(C(=O)c1cc(F)ccc1Oc1nncnc1N1CCC2(C1)CN([*:1])C2)C(C)C,CC(C)[C@H](CCCO)[*:1],CC(C)C(CCCN)[*:1],CC(C)[C@H](CCCO)[*:1]>>CC(C)C(CCCN)[*:1],30,8,8,4.152489034796752,7.0,2.847510965203248,0.8860759493670886,True,True,True,same_assay
STR-787A0E4100519807DE55,STR-7F0EE35F1AAF9EE0E75E,c1ccc2c(c1)CCNC2(C1CCCC1)C1CCN(CC2CN([*:1])C2)CC1,N#Cc1ccc([*:1])nc1,N#Cc1ccc([*:1])cn1,N#Cc1ccc([*:1])nc1>>N#Cc1ccc([*:1])cn1,26,8,8,3.2400301424456925,6.0835460514500745,2.843515909004382,0.7246376811594203,True,True,True,same_assay
STR-88BBF77299762B038C6D,STR-A723964BC2F481BF1509,N#CC(c1ccccc1)(C1CCN(CC2CN(c3ccc(S(=O)(=O)c4ccncc4)cc3)C2)CC1)[*:1],CC(C)C(=O)O[C@H]1CCC[C@@H]1[*:1],CC(C)C(=O)O[C@@H]1CCC[C@H]1[*:1],CC(C)C(=O)O[C@H]1CCC[C@@H]1[*:1]>>CC(C)C(=O)O[C@@H]1CCC[C@H]1[*:1],35,11,11,6.625251653989896,3.783570169123749,2.8416814848661467,1.0,True,True,True,same_assay
STR-0FC172F4903F344CAD3C,STR-695C2B9D19FE30A6368D,c1ccc2c(c1)CCNC2(C1CCCC1)C1CCN(CC2CN([*:1])C2)CC1,CC(C)S(=O)(=O)c1ccc([*:1])cc1,c1cnc([*:1])nc1,CC(C)S(=O)(=O)c1ccc([*:1])cc1>>c1cnc([*:1])nc1,26,12,6,7.173925197299173,4.335358024443875,2.8385671728552984,0.6323529411764706,True,True,True,same_assay
STR-16763AE4A1795B0B0B2B,STR-6B28BBE0B01A6E185ED9,CS(=O)(=O)c1ccc(N2CC(CN3CCC(C(C#N)(c4ccccc4)[*:1])CC3)C2)cc1,O=C1CCC([*:1])C1,CC(=O)O[C@H]1CCC[C@@H]1[*:1],O=C1CCC([*:1])C1>>CC(=O)O[C@H]1CCC[C@@H]1[*:1],30,6,9,4.30189945437661,7.136677139879544,2.8347776855029343,0.6533333333333333,True,True,True,same_assay
STR-72BF5FE38870FA3B6280,STR-9DDC4364CC264A5D1AE9,CCN(C(=O)c1cc(F)ccc1Oc1nncnc1N1CCC2(C1)CN([*:1])C2)C(C)C,CC(C)[C@H](CCO)[*:1],CC(C)[C@@H](CCCN)[*:1],CC(C)[C@H](CCO)[*:1]>>CC(C)[C@@H](CCCN)[*:1],30,7,8,4.051391450123564,6.886056647693163,2.834665197569599,0.8717948717948718,True,True,True,same_assay
STR-1F9028E2DF2F03204766,STR-7C604423619052A15AC8,N#CC(c1ccccc1)(C1CCN(CC2CN(c3ccc(S(=O)(=O)c4ccncc4)cc3)C2)CC1)[*:1],CS(=O)(=O)N[C@@H]1CCC[C@H]1[*:1],CC(=O)O[C@H]1CCC[C@@H]1[*:1],CS(=O)(=O)N[C@@H]1CCC[C@H]1[*:1]>>CC(=O)O[C@H]1CCC[C@@H]1[*:1],35,10,9,5.327902142064282,8.154901959985743,2.826999817921461,0.725,True,True,True,same_assay
STR-4866DF3FD3D34FBFE093,STR-7C604423619052A15AC8,N#CC(c1ccccc1)(C1CCN(CC2CN(c3ccc(S(=O)(=O)c4ccncc4)cc3)C2)CC1)[C@H]1CCC[C@@H]1[*:1],CS(=O)(=O)C[*:1],CC(=O)O[*:1],CS(=O)(=O)C[*:1]>>CC(=O)O[*:1],40,5,4,5.327902142064282,8.154901959985743,2.826999817921461,0.7341772151898734,True,True,True,same_assay
STR-241F2E6DC7BEF8AE2212,STR-B42C6A96CD90C7D4D5BD,CCN(C(=O)c1cc(F)ccc1Oc1nncnc1N1CCC2(C1)CN([*:1])C2)C(C)C,CNC(=O)NCCC[C@@H](C(C)C)[*:1],CC(C)[C@@H](CCC(C)(C)N)[*:1],CNC(=O)NCCC[C@@H](C(C)C)[*:1]>>CC(C)[C@@H](CCC(C)(C)N)[*:1],30,12,10,4.350081281264581,7.173925197299173,2.8238439160345923,0.7555555555555555,True,True,True,same_assay
STR-15A2DC000277D973D434,STR-3941BFA7C86C7BEE8530,N#CC(c1ccccc1)(C1CCN(CC2CN(c3ccc(S(=O)(=O)C4CC4)cc3)C2)CC1)[C@H]1CCC[C@@H]1[*:1],CC(=O)OC[*:1],CNC(=O)O[*:1],CC(=O)OC[*:1]>>CNC(=O)O[*:1],37,5,5,5.031517051446064,7.853871964321762,2.8223549128756975,0.7215189873417721,True,True,True,same_assay
STR-2CFC8301293C2B82E4A6,STR-9DDC4364CC264A5D1AE9,CCN(C(=O)c1cc(F)ccc1Oc1nncnc1N1CCC2(C1)CN([*:1])C2)C(C)C,CC(=O)NCCC[C@@H](C(C)C)[*:1],CC(C)[C@@H](CCCN)[*:1],CC(=O)NCCC[C@@H](C(C)C)[*:1]>>CC(C)[C@@H](CCCN)[*:1],30,11,8,4.064492734175287,6.886056647693163,2.821563913517876,0.8333333333333334,True,True,True,same_assay
STR-8BAA965F9B38F093E239,STR-AB1714536DDACDAFACEC,N#CC(c1ccccc1)(C1CCN(CC2CN(c3ccc(S(=O)(=O)C4CC4)cc3)C2)CC1)[*:1],CN([C@@H]1CCC[C@H]1[*:1])S(C)(=O)=O,CC(=O)N[C@H]1CCC[C@@H]1[*:1],CN([C@@H]1CCC[C@H]1[*:1])S(C)(=O)=O>>CC(=O)N[C@H]1CCC[C@@H]1[*:1],32,11,9,4.716698771296451,7.537602002101044,2.8209032308045936,0.7236842105263158,True,True,True,same_assay
STR-74AB0C5D40C92C89D385,STR-E6C9DB27889E0D91BF2B,N#Cc1ccc(N2CC(CN3CCC([C@@](C#N)(c4ccccc4)[*:1])CC3)C2)cc1,CO[C@@H]1CCC[C@H]1[*:1],COC(=O)N[C@H]1CCC[C@@H]1[*:1],CO[C@@H]1CCC[C@H]1[*:1]>>COC(=O)N[C@H]1CCC[C@@H]1[*:1],28,7,10,4.718966632752273,7.537602002101044,2.8186353693487716,0.7285714285714285,True,True,True,same_assay
STR-7C604423619052A15AC8,STR-F4223A1339E66808912C,N#CC(c1ccccc1)(C1CCN(CC2CN(c3ccc(S(=O)(=O)c4ccncc4)cc3)C2)CC1)[*:1],CC(=O)O[C@H]1CCC[C@@H]1[*:1],OC[C@@H]1CCC[C@H]1[*:1],CC(=O)O[C@H]1CCC[C@@H]1[*:1]>>OC[C@@H]1CCC[C@H]1[*:1],35,9,7,8.154901959985743,5.337242168318426,2.8176597916673174,0.7532467532467533,True,True,True,same_assay
STR-241F2E6DC7BEF8AE2212,STR-BA4B8BF78E2F3EDB8F63,CCN(C(=O)c1cc(F)ccc1Oc1nncnc1N1CCC2(C1)CN([*:1])C2)C(C)C,CNC(=O)NCCC[C@@H](C(C)C)[*:1],CC(C)[C@@H](CCNCCC(N)=O)[*:1],CNC(=O)NCCC[C@@H](C(C)C)[*:1]>>CC(C)[C@@H](CCNCCC(N)=O)[*:1],30,12,12,4.350081281264581,7.167491087293763,2.8174098060291826,0.7692307692307693,True,True,True,same_assay
STR-36584B3033D9C455D195,STR-695C2B9D19FE30A6368D,c1ccc2c(c1)CCNC2(C1CCCC1)C1CCN(C[*:1])CC1,N#Cc1ccc(OCC[*:1])cc1,c1cnc(N2CC([*:1])C2)nc1,N#Cc1ccc(OCC[*:1])cc1>>c1cnc(N2CC([*:1])C2)nc1,22,11,10,7.1487416512809245,4.335358024443875,2.81338362683705,0.5294117647058824,True,True,True,same_assay
STR-695C2B9D19FE30A6368D,STR-AA73D88E6A8F8A2C3D26,c1ccc2c(c1)CCNC2(C1CCCC1)C1CCN(CC2CN([*:1])C2)CC1,c1cnc([*:1])nc1,N#Cc1ccc([*:1])c(Cl)c1,c1cnc([*:1])nc1>>N#Cc1ccc([*:1])c(Cl)c1,26,6,9,4.335358024443875,7.136677139879544,2.80131911543567,0.6417910447761194,True,True,True,same_assay
STR-5A6D9F61D6C13A688B6F,STR-A723964BC2F481BF1509,N#CC(c1ccccc1)(C1CCN(CC2CN(c3ccc(S(=O)(=O)c4ccncc4)cc3)C2)CC1)[*:1],CN(C)C(=O)O[C@H]1CCC[C@@H]1[*:1],CC(C)C(=O)O[C@@H]1CCC[C@H]1[*:1],CN(C)C(=O)O[C@H]1CCC[C@@H]1[*:1]>>CC(C)C(=O)O[C@@H]1CCC[C@H]1[*:1],35,11,11,6.583359492661719,3.783570169123749,2.7997893235379703,0.825,True,True,True,same_assay
STR-AEBCF9F47DC8FFE6B030,STR-DFFE7919620276588DCE,N#Cc1ccc(OCCCN2CCC(C(C#N)(c3ccccc3)[*:1])CC2)cc1,CNC(=O)O[C@@H]1CCC[C@H]1[*:1],CC(=O)N1CCC[C@H]1[*:1],CNC(=O)O[C@@H]1CCC[C@H]1[*:1]>>CC(=O)N1CCC[C@H]1[*:1],27,10,8,6.7495799976911055,3.9531148091622903,2.796465188528815,0.6486486486486487,True,True,True,same_assay
STR-8BAA965F9B38F093E239,STR-A1381CEB41898F753D78,N#CC(c1ccccc1)(C1CCN(CC2CN(c3ccc(S(=O)(=O)C4CC4)cc3)C2)CC1)[*:1],CN([C@@H]1CCC[C@H]1[*:1])S(C)(=O)=O,COC(=O)N[C@H]1CCC[C@@H]1[*:1],CN([C@@H]1CCC[C@H]1[*:1])S(C)(=O)=O>>COC(=O)N[C@H]1CCC[C@@H]1[*:1],32,11,10,4.716698771296451,7.508638306165727,2.791939534869276,0.6835443037974683,True,True,True,same_assay
STR-695C2B9D19FE30A6368D,STR-AA28B6BCC5A0854E325E,c1ccc2c(c1)CCNC2(C1CCCC1)C1CCN(CC2CN([*:1])C2)CC1,c1cnc([*:1])nc1,CN(C)S(=O)(=O)c1ccc([*:1])cc1,c1cnc([*:1])nc1>>CN(C)S(=O)(=O)c1ccc([*:1])cc1,26,6,12,4.335358024443875,7.1249387366083,2.789580712164425,0.6323529411764706,True,True,True,same_assay
STR-74AB0C5D40C92C89D385,STR-C7F0E76CC5EC752D86FB,N#Cc1ccc(N2CC(CN3CCC([C@@](C#N)(c4ccccc4)[*:1])CC3)C2)cc1,CO[C@@H]1CCC[C@H]1[*:1],CCC(=O)O[C@H]1CCC[C@@H]1[*:1],CO[C@@H]1CCC[C@H]1[*:1]>>CCC(=O)O[C@H]1CCC[C@@H]1[*:1],28,7,10,4.718966632752273,7.481486060122112,2.7625194273698392,0.7794117647058824,True,True,True,same_assay
STR-5B65D30F2628A312D8CA,STR-BFADD52B1F3CC9E98A32,N#CC(c1ccccc1)(C1CCN(CC2CN(c3ccc(S(=O)(=O)c4ccncc4)cc3)C2)CC1)[*:1],CNC(=O)N[C@H]1CCC[C@@H]1[*:1],CNC(=O)C[C@@H]1CCC[C@H]1[*:1],CNC(=O)N[C@H]1CCC[C@@H]1[*:1]>>CNC(=O)C[C@@H]1CCC[C@H]1[*:1],35,10,10,8.045757490560675,5.2839966563652006,2.7617608341954742,0.7777777777777778,True,True,True,same_assay
STR-990708AC2AD0842F3BCB,STR-BFADD52B1F3CC9E98A32,N#CC(c1ccccc1)(C1CCN(CC2CN(c3ccc(S(=O)(=O)c4ccncc4)cc3)C2)CC1)[*:1],NC(=O)O[C@H]1CCC[C@@H]1[*:1],CNC(=O)C[C@@H]1CCC[C@H]1[*:1],NC(=O)O[C@H]1CCC[C@@H]1[*:1]>>CNC(=O)C[C@@H]1CCC[C@H]1[*:1],35,9,10,8.045757490560675,5.2839966563652006,2.7617608341954742,0.7108433734939759,True,True,True,same_assay
STR-38D78133670C2C6A5AEA,STR-A03DAF6611859C5C8983,N#Cc1ccc(N2CC(CN3CCC(C(C#N)(c4cccc(C(F)(F)F)c4)[*:1])CC3)C2)cc1,CC(=O)O[C@H]1CCC[C@@H]1[*:1],CC(=O)O[C@@H]1CCC[C@H]1[*:1],CC(=O)O[C@H]1CCC[C@@H]1[*:1]>>CC(=O)O[C@@H]1CCC[C@H]1[*:1],32,9,9,5.79317412396815,3.034737135044418,2.758436988923732,1.0,True,True,True,same_assay
STR-94C191645BE5B0A1978A,STR-E15050249B2D732BD2E2,N#CC(c1ccccc1)(C1CCN(CC2CN(c3ccc(S(=O)(=O)c4ccncc4)cc3)C2)CC1)[C@H]1CCC[C@@H]1[*:1],O=C(O[*:1])C1CC1,CSC[*:1],O=C(O[*:1])C1CC1>>CSC[*:1],40,6,3,7.744727494896693,4.987162775294828,2.7575647196018647,0.6951219512195121,True,True,True,same_assay
STR-83AFBD5BD9110FDF3CA3,STR-DA939D5F87D225304F92,CN1Cc2ccccc2C(C2CCN(CCCOc3ccc(C#N)cc3)CC2)([*:1])C1,CC(C)C(=O)N1CCCCC1[*:1],C1CCC([*:1])C1,CC(C)C(=O)N1CCCCC1[*:1]>>C1CCC([*:1])C1,29,11,5,4.511321135227349,7.267606240177031,2.756285104949682,0.7428571428571429,True,True,True,same_assay
STR-09E54D8A9B952AC86D2A,STR-F6B3210B924167EFDCBB,N#CC(c1ccccc1)(C1CCN(CC2CN(c3ccc(S(=O)(=O)c4ccncc4)cc3)C2)CC1)[*:1],CNC(=O)O[C@H]1CCC[C@@H]1[*:1],CCNC(=O)O[C@@H]1CCC[C@H]1[*:1],CNC(=O)O[C@H]1CCC[C@@H]1[*:1]>>CCNC(=O)O[C@@H]1CCC[C@H]1[*:1],35,10,11,8.221848749616356,5.468521082957745,2.7533276666586115,0.8717948717948718,True,True,True,same_assay
STR-42FABA990848887F9FDB,STR-94C191645BE5B0A1978A,N#CC(c1ccccc1)(C1CCN(CC2CN(c3ccc(S(=O)(=O)c4ccncc4)cc3)C2)CC1)[*:1],CCC1CCCC1[*:1],O=C(O[C@H]1CCC[C@@H]1[*:1])C1CC1,CCC1CCCC1[*:1]>>O=C(O[C@H]1CCC[C@@H]1[*:1])C1CC1,35,7,11,4.991399828238082,7.744727494896693,2.7533276666586106,0.7215189873417721,True,True,True,same_assay
STR-06E53FF33324D9B1A44A,STR-26DE89331A7438286FB0,N#Cc1ccc(OCCCN2CCC(C(C#N)(c3ccccc3)[*:1])CC2)cc1,CNC(=O)O[C@H]1CCC[C@@H]1[*:1],C1CCC([*:1])CC1,CNC(=O)O[C@H]1CCC[C@@H]1[*:1]>>C1CCC([*:1])CC1,27,10,6,7.698970004336019,4.954677021213342,2.7442929831226763,0.6567164179104478,True,True,True,same_assay
STR-00A1D39E2CC2B5C8F906,STR-09E54D8A9B952AC86D2A,N#CC(c1ccccc1)(C1CCN(CC2CN(c3ccc(S(=O)(=O)c4ccncc4)cc3)C2)CC1)[*:1],CS(=O)(=O)C[C@@H]1CCC[C@H]1[*:1],CNC(=O)O[C@H]1CCC[C@@H]1[*:1],CS(=O)(=O)C[C@@H]1CCC[C@H]1[*:1]>>CNC(=O)O[C@H]1CCC[C@@H]1[*:1],35,10,10,5.481486060122112,8.221848749616356,2.740362689494244,0.7375,True,True,True,same_assay
STR-72BF5FE38870FA3B6280,STR-82F62D7E24DAAC315910,CCN(C(=O)c1cc(F)ccc1Oc1nncnc1N1CCC2(C1)CN([*:1])C2)C(C)C,CC(C)[C@H](CCO)[*:1],CNCCC[C@H](C(C)C)[*:1],CC(C)[C@H](CCO)[*:1]>>CNCCC[C@H](C(C)C)[*:1],30,7,9,4.051391450123564,6.789198036565084,2.73780658644152,0.85,True,True,True,same_assay
STR-3BD3AAFB21D6F0AE245A,STR-9DDC4364CC264A5D1AE9,CCN(C(=O)c1cc(F)ccc1Oc1nncnc1N1CCC2(C1)CN([*:1])C2)C(C)C,CC(C)[C@H](CCCO)[*:1],CC(C)[C@@H](CCCN)[*:1],CC(C)[C@H](CCCO)[*:1]>>CC(C)[C@@H](CCCN)[*:1],30,8,8,4.152489034796752,6.886056647693163,2.733567612896411,0.8860759493670886,True,True,True,same_assay
STR-2CFC8301293C2B82E4A6,STR-82F62D7E24DAAC315910,CCN(C(=O)c1cc(F)ccc1Oc1nncnc1N1CCC2(C1)CN([*:1])C2)C(C)C,CC(=O)NCCC[C@@H](C(C)C)[*:1],CNCCC[C@H](C(C)C)[*:1],CC(=O)NCCC[C@@H](C(C)C)[*:1]>>CNCCC[C@H](C(C)C)[*:1],30,11,9,4.064492734175287,6.789198036565084,2.724705302389797,0.8795180722891566,True,True,True,same_assay
STR-6F1C926A5BCCC888A7D5,STR-E6C9DB27889E0D91BF2B,N#Cc1ccc(N2CC(CN3CCC([C@@](C#N)(c4ccccc4)[C@H]4CCC[C@@H]4[*:1])CC3)C2)cc1,CO[*:1],COC(=O)N[*:1],CO[*:1]>>COC(=O)N[*:1],33,2,5,4.815308569182402,7.537602002101044,2.722293432918643,0.7285714285714285,True,True,True,same_assay
STR-1F9028E2DF2F03204766,STR-5B65D30F2628A312D8CA,N#CC(c1ccccc1)(C1CCN(CC2CN(c3ccc(S(=O)(=O)c4ccncc4)cc3)C2)CC1)[*:1],CS(=O)(=O)N[C@@H]1CCC[C@H]1[*:1],CNC(=O)N[C@H]1CCC[C@@H]1[*:1],CS(=O)(=O)N[C@@H]1CCC[C@H]1[*:1]>>CNC(=O)N[C@H]1CCC[C@@H]1[*:1],35,10,10,5.327902142064282,8.045757490560675,2.7178553484963928,0.7948717948717948,True,True,True,same_assay
STR-1F9028E2DF2F03204766,STR-990708AC2AD0842F3BCB,N#CC(c1ccccc1)(C1CCN(CC2CN(c3ccc(S(=O)(=O)c4ccncc4)cc3)C2)CC1)[*:1],CS(=O)(=O)N[C@@H]1CCC[C@H]1[*:1],NC(=O)O[C@H]1CCC[C@@H]1[*:1],CS(=O)(=O)N[C@@H]1CCC[C@H]1[*:1]>>NC(=O)O[C@H]1CCC[C@@H]1[*:1],35,10,9,5.327902142064282,8.045757490560675,2.7178553484963928,0.7037037037037037,True,True,True,same_assay
STR-4866DF3FD3D34FBFE093,STR-5B65D30F2628A312D8CA,N#CC(c1ccccc1)(C1CCN(CC2CN(c3ccc(S(=O)(=O)c4ccncc4)cc3)C2)CC1)[C@H]1CCC[C@@H]1[*:1],CS(=O)(=O)C[*:1],CNC(=O)N[*:1],CS(=O)(=O)C[*:1]>>CNC(=O)N[*:1],40,5,5,5.327902142064282,8.045757490560675,2.7178553484963928,0.7160493827160493,True,True,True,same_assay
STR-4866DF3FD3D34FBFE093,STR-990708AC2AD0842F3BCB,N#CC(c1ccccc1)(C1CCN(CC2CN(c3ccc(S(=O)(=O)c4ccncc4)cc3)C2)CC1)[C@H]1CCC[C@@H]1[*:1],CS(=O)(=O)C[*:1],NC(=O)O[*:1],CS(=O)(=O)C[*:1]>>NC(=O)O[*:1],40,5,4,5.327902142064282,8.045757490560675,2.7178553484963928,0.7125,True,True,True,same_assay
STR-79D75B6A88F0457FA1C2,STR-BFADD52B1F3CC9E98A32,N#CC(c1ccccc1)(C1CCN(CC2CN(c3ccc(S(=O)(=O)c4ccncc4)cc3)C2)CC1)[*:1],CCC(=O)O[C@H]1CCC[C@@H]1[*:1],CNC(=O)C[C@@H]1CCC[C@H]1[*:1],CCC(=O)O[C@H]1CCC[C@@H]1[*:1]>>CNC(=O)C[C@@H]1CCC[C@H]1[*:1],35,10,10,8.0,5.2839966563652006,2.716003343634799,0.7142857142857143,True,True,True,same_assay
STR-BFADD52B1F3CC9E98A32,STR-C24E330B171F75FD816E,N#CC(c1ccccc1)(C1CCN(CC2CN(c3ccc(S(=O)(=O)c4ccncc4)cc3)C2)CC1)[*:1],CNC(=O)C[C@@H]1CCC[C@H]1[*:1],CC(=O)N[C@H]1CCC[C@@H]1[*:1],CNC(=O)C[C@@H]1CCC[C@H]1[*:1]>>CC(=O)N[C@H]1CCC[C@@H]1[*:1],35,10,9,5.2839966563652006,8.0,2.716003343634799,0.7530864197530864,True,True,True,same_assay
STR-15A2DC000277D973D434,STR-E971954B90C3DF1122E8,N#CC(c1ccccc1)(C1CCN(CC2CN(c3ccc(S(=O)(=O)C4CC4)cc3)C2)CC1)[C@H]1CCC[C@@H]1[*:1],CC(=O)OC[*:1],CC(=O)O[*:1],CC(=O)OC[*:1]>>CC(=O)O[*:1],37,5,4,5.031517051446064,7.744727494896693,2.7132104434506283,0.7866666666666666,True,True,True,same_assay
STR-5B65D30F2628A312D8CA,STR-F4223A1339E66808912C,N#CC(c1ccccc1)(C1CCN(CC2CN(c3ccc(S(=O)(=O)c4ccncc4)cc3)C2)CC1)[*:1],CNC(=O)N[C@H]1CCC[C@@H]1[*:1],OC[C@@H]1CCC[C@H]1[*:1],CNC(=O)N[C@H]1CCC[C@@H]1[*:1]>>OC[C@@H]1CCC[C@H]1[*:1],35,10,7,8.045757490560675,5.337242168318426,2.708515322242249,0.7341772151898734,True,True,True,same_assay
STR-990708AC2AD0842F3BCB,STR-F4223A1339E66808912C,N#CC(c1ccccc1)(C1CCN(CC2CN(c3ccc(S(=O)(=O)c4ccncc4)cc3)C2)CC1)[*:1],NC(=O)O[C@H]1CCC[C@@H]1[*:1],OC[C@@H]1CCC[C@H]1[*:1],NC(=O)O[C@H]1CCC[C@@H]1[*:1]>>OC[C@@H]1CCC[C@H]1[*:1],35,9,7,8.045757490560675,5.337242168318426,2.708515322242249,0.7532467532467533,True,True,True,same_assay
STR-36584B3033D9C455D195,STR-4C19F00ABA775539C82E,N#Cc1ccc(OCCCN2CCC(C3([*:1])NCCc4ccccc43)CC2)cc1,C1CCC([*:1])C1,c1ccc([*:1])cc1,C1CCC([*:1])C1>>c1ccc([*:1])cc1,28,5,6,7.1487416512809245,4.448550002027125,2.7001916492537994,0.7258064516129032,True,True,True,same_assay
STR-3187B729C5A86F22C447,STR-94C191645BE5B0A1978A,N#CC(c1ccccc1)(C1CCN(CC2CN(c3ccc(S(=O)(=O)c4ccncc4)cc3)C2)CC1)[*:1],CCO[C@@H]1CCC[C@H]1[*:1],O=C(O[C@H]1CCC[C@@H]1[*:1])C1CC1,CCO[C@@H]1CCC[C@H]1[*:1]>>O=C(O[C@H]1CCC[C@@H]1[*:1])C1CC1,35,8,11,5.045757490560675,7.744727494896693,2.698970004336018,0.782051282051282,True,True,True,same_assay
STR-077D7D9C480B1958E4A3,STR-6C98F61E1E52A5856618,CC(C)[C@@H](CC[*:1])N1CC2(CCN(c3ncnnc3Oc3ccc(F)cc3-c3cncnc3C3CC3)C2)C1,CNC(=O)[*:1],CC(C)(N)[*:1],CNC(=O)[*:1]>>CC(C)(N)[*:1],37,4,4,4.224025668870631,6.920818753952375,2.696793085081744,0.7666666666666667,True,True,True,same_assay
STR-3056BAB95CE288C931AB,STR-72BF5FE38870FA3B6280,CCN(C(=O)c1cc(F)ccc1Oc1nncnc1N1CCC2(C1)CN([*:1])C2)C(C)C,COC(=O)NCCC[C@H](C(C)C)[*:1],CC(C)[C@H](CCO)[*:1],COC(=O)NCCC[C@H](C(C)C)[*:1]>>CC(C)[C@H](CCO)[*:1],30,12,7,6.7447274948966935,4.051391450123564,2.6933360447731296,0.8192771084337349,True,True,True,same_assay
STR-08A590BAA6ADDB004EDA,STR-3941BFA7C86C7BEE8530,N#CC(c1ccccc1)(C1CCN(CC2CN(c3ccc(S(=O)(=O)C4CC4)cc3)C2)CC1)[*:1],CC(=O)OC[C@@H]1CCC[C@H]1[*:1],CNC(=O)O[C@H]1CCC[C@@H]1[*:1],CC(=O)OC[C@@H]1CCC[C@H]1[*:1]>>CNC(=O)O[C@H]1CCC[C@@H]1[*:1],32,10,10,5.161150909262744,7.853871964321762,2.6927210550590175,0.7215189873417721,True,True,True,same_assay
STR-13602A865FEABB9329F4,STR-B56EF6AC340F28C175E6,N#Cc1ccc(N2CC(CN3CCC([C@@](C#N)(c4ccccc4)[C@H]4CCC[C@@H]4[*:1])CC3)C2)cc1,CCO[*:1],CNC(=O)O[*:1],CCO[*:1]>>CNC(=O)O[*:1],33,3,5,5.267606240177031,7.958607314841775,2.6910010746647437,0.7571428571428571,True,True,True,same_assay
STR-20D5B5F6CCFE315C6A44,STR-94C191645BE5B0A1978A,N#CC(c1ccccc1)(C1CCN(CC2CN(c3ccc(S(=O)(=O)c4ccncc4)cc3)C2)CC1)[*:1],c1cc(C[*:1])ccn1,O=C(O[C@H]1CCC[C@@H]1[*:1])C1CC1,c1cc(C[*:1])ccn1>>O=C(O[C@H]1CCC[C@@H]1[*:1])C1CC1,35,7,11,5.055517327849831,7.744727494896693,2.6892101670468618,0.6455696202531646,True,True,True,same_assay
STR-7C604423619052A15AC8,STR-F6B3210B924167EFDCBB,N#CC(c1ccccc1)(C1CCN(CC2CN(c3ccc(S(=O)(=O)c4ccncc4)cc3)C2)CC1)[*:1],CC(=O)O[C@H]1CCC[C@@H]1[*:1],CCNC(=O)O[C@@H]1CCC[C@H]1[*:1],CC(=O)O[C@H]1CCC[C@@H]1[*:1]>>CCNC(=O)O[C@@H]1CCC[C@H]1[*:1],35,9,11,8.154901959985743,5.468521082957745,2.6863808770279984,0.8461538461538461,True,True,True,same_assay
STR-2CFC8301293C2B82E4A6,STR-3056BAB95CE288C931AB,CCN(C(=O)c1cc(F)ccc1Oc1nncnc1N1CCC2(C1)CN([*:1])C2)C(C)C,CC(=O)NCCC[C@@H](C(C)C)[*:1],COC(=O)NCCC[C@H](C(C)C)[*:1],CC(=O)NCCC[C@@H](C(C)C)[*:1]>>COC(=O)NCCC[C@H](C(C)C)[*:1],30,11,12,4.064492734175287,6.7447274948966935,2.6802347607214063,0.8928571428571429,True,True,True,same_assay
STR-624DE6171936672A9284,STR-74AB0C5D40C92C89D385,N#Cc1ccc(N2CC(CN3CCC([C@@](C#N)(c4ccccc4)[*:1])CC3)C2)cc1,CC(=O)O[C@H]1CCC[C@@H]1[*:1],CO[C@@H]1CCC[C@H]1[*:1],CC(=O)O[C@H]1CCC[C@@H]1[*:1]>>CO[C@@H]1CCC[C@H]1[*:1],28,9,7,7.397940008672037,4.718966632752273,2.678973375919764,0.803030303030303,True,True,True,same_assay
STR-A62EFE6B816DF994EE32,STR-BFADD52B1F3CC9E98A32,N#CC(c1ccccc1)(C1CCN(CC2CN(c3ccc(S(=O)(=O)c4ccncc4)cc3)C2)CC1)[*:1],COC(=O)N[C@H]1CCC[C@@H]1[*:1],CNC(=O)C[C@@H]1CCC[C@H]1[*:1],COC(=O)N[C@H]1CCC[C@@H]1[*:1]>>CNC(=O)C[C@@H]1CCC[C@H]1[*:1],35,10,10,7.958607314841775,5.2839966563652006,2.674610658476574,0.7349397590361446,True,True,True,same_assay
STR-00A1D39E2CC2B5C8F906,STR-7C604423619052A15AC8,N#CC(c1ccccc1)(C1CCN(CC2CN(c3ccc(S(=O)(=O)c4ccncc4)cc3)C2)CC1)[*:1],CS(=O)(=O)C[C@@H]1CCC[C@H]1[*:1],CC(=O)O[C@H]1CCC[C@@H]1[*:1],CS(=O)(=O)C[C@@H]1CCC[C@H]1[*:1]>>CC(=O)O[C@H]1CCC[C@@H]1[*:1],35,10,9,5.481486060122112,8.154901959985743,2.673415899863631,0.7341772151898734,True,True,True,same_assay
STR-241F2E6DC7BEF8AE2212,STR-38C10D94ABD1F231B9D1,CCN(C(=O)c1cc(F)ccc1Oc1nncnc1N1CCC2(C1)CN([*:1])C2)C(C)C,CNC(=O)NCCC[C@@H](C(C)C)[*:1],CC(C)[C@@H](CCCN(C)C)[*:1],CNC(=O)NCCC[C@@H](C(C)C)[*:1]>>CC(C)[C@@H](CCCN(C)C)[*:1],30,12,10,4.350081281264581,7.022276394711152,2.6721951134465716,0.813953488372093,True,True,True,same_assay
STR-1F9028E2DF2F03204766,STR-79D75B6A88F0457FA1C2,N#CC(c1ccccc1)(C1CCN(CC2CN(c3ccc(S(=O)(=O)c4ccncc4)cc3)C2)CC1)[*:1],CS(=O)(=O)N[C@@H]1CCC[C@H]1[*:1],CCC(=O)O[C@H]1CCC[C@@H]1[*:1],CS(=O)(=O)N[C@@H]1CCC[C@H]1[*:1]>>CCC(=O)O[C@H]1CCC[C@@H]1[*:1],35,10,10,5.327902142064282,8.0,2.672097857935718,0.7073170731707317,True,True,True,same_assay
STR-1F9028E2DF2F03204766,STR-C24E330B171F75FD816E,N#CC(c1ccccc1)(C1CCN(CC2CN(c3ccc(S(=O)(=O)c4ccncc4)cc3)C2)CC1)[*:1],CS(=O)(=O)N[C@@H]1CCC[C@H]1[*:1],CC(=O)N[C@H]1CCC[C@@H]1[*:1],CS(=O)(=O)N[C@@H]1CCC[C@H]1[*:1]>>CC(=O)N[C@H]1CCC[C@@H]1[*:1],35,10,9,5.327902142064282,8.0,2.672097857935718,0.8157894736842105,True,True,True,same_assay
STR-4866DF3FD3D34FBFE093,STR-79D75B6A88F0457FA1C2,N#CC(c1ccccc1)(C1CCN(CC2CN(c3ccc(S(=O)(=O)c4ccncc4)cc3)C2)CC1)[C@H]1CCC[C@@H]1[*:1],CS(=O)(=O)C[*:1],CCC(=O)O[*:1],CS(=O)(=O)C[*:1]>>CCC(=O)O[*:1],40,5,5,5.327902142064282,8.0,2.672097857935718,0.7160493827160493,True,True,True,same_assay
STR-4866DF3FD3D34FBFE093,STR-C24E330B171F75FD816E,N#CC(c1ccccc1)(C1CCN(CC2CN(c3ccc(S(=O)(=O)c4ccncc4)cc3)C2)CC1)[C@H]1CCC[C@@H]1[*:1],CS(=O)(=O)C[*:1],CC(=O)N[*:1],CS(=O)(=O)C[*:1]>>CC(=O)N[*:1],40,5,4,5.327902142064282,8.0,2.672097857935718,0.7341772151898734,True,True,True,same_assay
STR-695C2B9D19FE30A6368D,STR-C3D8B6AB5924C8373F29,c1ccc2c(c1)CCNC2(C1CCCC1)C1CCN(CC2CN([*:1])C2)CC1,c1cnc([*:1])nc1,Cc1cc(C#N)ccc1[*:1],c1cnc([*:1])nc1>>Cc1cc(C#N)ccc1[*:1],26,6,9,4.335358024443875,7.00436480540245,2.6690067809585756,0.6323529411764706,True,True,True,same_assay
STR-6F1C926A5BCCC888A7D5,STR-C7F0E76CC5EC752D86FB,N#Cc1ccc(N2CC(CN3CCC([C@@](C#N)(c4ccccc4)[C@H]4CCC[C@@H]4[*:1])CC3)C2)cc1,CO[*:1],CCC(=O)O[*:1],CO[*:1]>>CCC(=O)O[*:1],33,2,5,4.815308569182402,7.481486060122112,2.6661774909397105,0.7794117647058824,True,True,True,same_assay
STR-79D75B6A88F0457FA1C2,STR-F4223A1339E66808912C,N#CC(c1ccccc1)(C1CCN(CC2CN(c3ccc(S(=O)(=O)c4ccncc4)cc3)C2)CC1)[*:1],CCC(=O)O[C@H]1CCC[C@@H]1[*:1],OC[C@@H]1CCC[C@H]1[*:1],CCC(=O)O[C@H]1CCC[C@@H]1[*:1]>>OC[C@@H]1CCC[C@H]1[*:1],35,10,7,8.0,5.337242168318426,2.6627578316815743,0.7341772151898734,True,True,True,same_assay
STR-C24E330B171F75FD816E,STR-F4223A1339E66808912C,N#CC(c1ccccc1)(C1CCN(CC2CN(c3ccc(S(=O)(=O)c4ccncc4)cc3)C2)CC1)[*:1],CC(=O)N[C@H]1CCC[C@@H]1[*:1],OC[C@@H]1CCC[C@H]1[*:1],CC(=O)N[C@H]1CCC[C@@H]1[*:1]>>OC[C@@H]1CCC[C@H]1[*:1],35,9,7,8.0,5.337242168318426,2.6627578316815743,0.7532467532467533,True,True,True,same_assay
STR-36584B3033D9C455D195,STR-F8573739FC4928FB0125,c1ccc2c(c1)CCNC2(C1CCCC1)C1CCN(C[*:1])CC1,N#Cc1ccc(OCC[*:1])cc1,N#Cc1cc2cc([*:1])ccc2[nH]1,N#Cc1ccc(OCC[*:1])cc1>>N#Cc1cc2cc([*:1])ccc2[nH]1,22,11,11,7.1487416512809245,4.486782399932061,2.661959251348864,0.5416666666666666,True,True,True,same_assay
STR-241F2E6DC7BEF8AE2212,STR-6BB8114D41C4FAE5B067,CCN(C(=O)c1cc(F)ccc1Oc1nncnc1N1CCC2(C1)CN([*:1])C2)C(C)C,CNC(=O)NCCC[C@@H](C(C)C)[*:1],CC(C)C(CCCN)[*:1],CNC(=O)NCCC[C@@H](C(C)C)[*:1]>>CC(C)C(CCCN)[*:1],30,12,8,4.350081281264581,7.0,2.649918718735419,0.813953488372093,True,True,True,same_assay
STR-695C2B9D19FE30A6368D,STR-9C6F5F9AE1FD0341471B,c1ccc2c(c1)CCNC2(C1CCCC1)C1CCN(CC2CN([*:1])C2)CC1,c1cnc([*:1])nc1,CS(=O)(=O)c1ccc([*:1])cc1,c1cnc([*:1])nc1>>CS(=O)(=O)c1ccc([*:1])cc1,26,6,10,4.335358024443875,6.979086618681228,2.643728594237353,0.6615384615384615,True,True,True,same_assay
STR-06E53FF33324D9B1A44A,STR-8131638FF64AE92C8993,N#Cc1ccc(OCCCN2CCC(C(C#N)(c3ccccc3)[*:1])CC2)cc1,CNC(=O)O[C@H]1CCC[C@@H]1[*:1],CO[C@@H]1CCC[C@H]1[*:1],CNC(=O)O[C@H]1CCC[C@@H]1[*:1]>>CO[C@@H]1CCC[C@H]1[*:1],27,10,7,7.698970004336019,5.055517327849831,2.643452676486188,0.7611940298507462,True,True,True,same_assay
STR-BFADD52B1F3CC9E98A32,STR-FB20DDC3426AF551283B,N#CC(c1ccccc1)(C1CCN(CC2CN(c3ccc(S(=O)(=O)c4ccncc4)cc3)C2)CC1)[*:1],CNC(=O)C[C@@H]1CCC[C@H]1[*:1],CN(C)C(=O)N[C@H]1CCC[C@@H]1[*:1],CNC(=O)C[C@@H]1CCC[C@H]1[*:1]>>CN(C)C(=O)N[C@H]1CCC[C@@H]1[*:1],35,10,11,5.2839966563652006,7.920818753952375,2.6368220975871743,0.7261904761904762,True,True,True,same_assay
STR-3BD3AAFB21D6F0AE245A,STR-82F62D7E24DAAC315910,CCN(C(=O)c1cc(F)ccc1Oc1nncnc1N1CCC2(C1)CN([*:1])C2)C(C)C,CC(C)[C@H](CCCO)[*:1],CNCCC[C@H](C(C)C)[*:1],CC(C)[C@H](CCCO)[*:1]>>CNCCC[C@H](C(C)C)[*:1],30,8,9,4.152489034796752,6.789198036565084,2.636709001768332,0.8641975308641975,True,True,True,same_assay
STR-1F9028E2DF2F03204766,STR-A62EFE6B816DF994EE32,N#CC(c1ccccc1)(C1CCN(CC2CN(c3ccc(S(=O)(=O)c4ccncc4)cc3)C2)CC1)[*:1],CS(=O)(=O)N[C@@H]1CCC[C@H]1[*:1],COC(=O)N[C@H]1CCC[C@@H]1[*:1],CS(=O)(=O)N[C@@H]1CCC[C@H]1[*:1]>>COC(=O)N[C@H]1CCC[C@@H]1[*:1],35,10,10,5.327902142064282,7.958607314841775,2.6307051727774926,0.7948717948717948,True,True,True,same_assay
STR-4866DF3FD3D34FBFE093,STR-A62EFE6B816DF994EE32,N#CC(c1ccccc1)(C1CCN(CC2CN(c3ccc(S(=O)(=O)c4ccncc4)cc3)C2)CC1)[C@H]1CCC[C@@H]1[*:1],CS(=O)(=O)C[*:1],COC(=O)N[*:1],CS(=O)(=O)C[*:1]>>COC(=O)N[*:1],40,5,5,5.327902142064282,7.958607314841775,2.6307051727774926,0.7160493827160493,True,True,True,same_assay
STR-54F1327250956FC1E73B,STR-AEBCF9F47DC8FFE6B030,N#Cc1ccc(OCCCN2CCC(C(C#N)(c3ccccc3)[*:1])CC2)cc1,CS(=O)(=O)CC[*:1],CNC(=O)O[C@@H]1CCC[C@H]1[*:1],CS(=O)(=O)CC[*:1]>>CNC(=O)O[C@@H]1CCC[C@H]1[*:1],27,6,10,4.123205023799299,6.7495799976911055,2.6263749738918065,0.5526315789473685,True,True,True,same_assay
STR-A62EFE6B816DF994EE32,STR-F4223A1339E66808912C,N#CC(c1ccccc1)(C1CCN(CC2CN(c3ccc(S(=O)(=O)c4ccncc4)cc3)C2)CC1)[*:1],COC(=O)N[C@H]1CCC[C@@H]1[*:1],OC[C@@H]1CCC[C@H]1[*:1],COC(=O)N[C@H]1CCC[C@@H]1[*:1]>>OC[C@@H]1CCC[C@H]1[*:1],35,10,7,7.958607314841775,5.337242168318426,2.621365146523349,0.7341772151898734,True,True,True,same_assay
STR-4342C90FE7E456F909D0,STR-A723964BC2F481BF1509,N#CC(c1ccccc1)(C1CCN(CC2CN(c3ccc(S(=O)(=O)c4ccncc4)cc3)C2)CC1)[C@@H]1CCC[C@H]1[*:1],CNC(=O)O[*:1],CC(C)C(=O)O[*:1],CNC(=O)O[*:1]>>CC(C)C(=O)O[*:1],40,5,6,6.402304814074488,3.783570169123749,2.618734644950739,0.8354430379746836,True,True,True,same_assay
STR-3941BFA7C86C7BEE8530,STR-44D7373FA75606A9FAF6,N#CC(c1ccccc1)(C1CCN(CC2CN(c3ccc(S(=O)(=O)C4CC4)cc3)C2)CC1)[C@H]1CCC[C@@H]1[*:1],CNC(=O)O[*:1],CCNC(=O)[*:1],CNC(=O)O[*:1]>>CCNC(=O)[*:1],37,5,5,7.853871964321762,5.251811972993799,2.6020599913279625,0.7215189873417721,True,True,True,same_assay
STR-1F9028E2DF2F03204766,STR-FB20DDC3426AF551283B,N#CC(c1ccccc1)(C1CCN(CC2CN(c3ccc(S(=O)(=O)c4ccncc4)cc3)C2)CC1)[*:1],CS(=O)(=O)N[C@@H]1CCC[C@H]1[*:1],CN(C)C(=O)N[C@H]1CCC[C@@H]1[*:1],CS(=O)(=O)N[C@@H]1CCC[C@H]1[*:1]>>CN(C)C(=O)N[C@H]1CCC[C@@H]1[*:1],35,10,11,5.327902142064282,7.920818753952375,2.592916611888093,0.7848101265822784,True,True,True,same_assay
STR-4866DF3FD3D34FBFE093,STR-FB20DDC3426AF551283B,N#CC(c1ccccc1)(C1CCN(CC2CN(c3ccc(S(=O)(=O)c4ccncc4)cc3)C2)CC1)[C@H]1CCC[C@@H]1[*:1],CS(=O)(=O)C[*:1],CN(C)C(=O)N[*:1],CS(=O)(=O)C[*:1]>>CN(C)C(=O)N[*:1],40,5,6,5.327902142064282,7.920818753952375,2.592916611888093,0.7073170731707317,True,True,True,same_assay
STR-3056BAB95CE288C931AB,STR-3BD3AAFB21D6F0AE245A,CCN(C(=O)c1cc(F)ccc1Oc1nncnc1N1CCC2(C1)CN([*:1])C2)C(C)C,COC(=O)NCCC[C@H](C(C)C)[*:1],CC(C)[C@H](CCCO)[*:1],COC(=O)NCCC[C@H](C(C)C)[*:1]>>CC(C)[C@H](CCCO)[*:1],30,12,8,6.7447274948966935,4.152489034796752,2.5922384600999413,0.8333333333333334,True,True,True,same_assay
STR-6C98F61E1E52A5856618,STR-8D22035F518E37FF47A2,Fc1ccc(Oc2nncnc2N2CCC3(C2)CN([*:1])C3)c(-c2cncnc2C2CC2)c1,CC(C)[C@@H](CCC(C)(C)N)[*:1],CC(C)[C@H](CCC(N)=O)[*:1],CC(C)[C@@H](CCC(C)(C)N)[*:1]>>CC(C)[C@H](CCC(N)=O)[*:1],31,10,9,6.920818753952375,4.3314277308154425,2.5893910231369324,0.8045977011494253,True,True,True,same_assay
STR-568E8A2EF6050316CA23,STR-6BBFA0A16AEB8910C337,N=C(N)NCCC[C@@H]1NC(=O)C2(CCC2)NC(=O)[C@@H]2CCCN2C(=O)[C@H](C[*:1])NC(=O)[C@@H](N)CCCCCCCCNC(=O)[C@@H]2CCCN2C1=O,c1ccc([*:1])cc1,c1ccc(-c2cccc([*:1])c2)cc1,c1ccc([*:1])cc1>>c1ccc(-c2cccc([*:1])c2)cc1,50,6,12,6.991399828238082,4.404503778174426,2.5868960500636557,0.9047619047619048,True,True,True,same_assay
STR-6BBFA0A16AEB8910C337,STR-84E68E67151229290F47,N=C(N)NCCC[C@@H]1NC(=O)C2(CCC2)NC(=O)[C@@H]2CCCN2C(=O)[C@H](C[*:1])NC(=O)[C@@H](N)CCCCCCCCNC(=O)[C@@H]2CCCN2C1=O,c1ccc(-c2cccc([*:1])c2)cc1,Fc1ccccc1[*:1],c1ccc(-c2cccc([*:1])c2)cc1>>Fc1ccccc1[*:1],50,12,7,4.404503778174426,6.991399828238082,2.5868960500636557,0.7912087912087912,True,True,True,same_assay
STR-F4223A1339E66808912C,STR-FB20DDC3426AF551283B,N#CC(c1ccccc1)(C1CCN(CC2CN(c3ccc(S(=O)(=O)c4ccncc4)cc3)C2)CC1)[*:1],OC[C@@H]1CCC[C@H]1[*:1],CN(C)C(=O)N[C@H]1CCC[C@@H]1[*:1],OC[C@@H]1CCC[C@H]1[*:1]>>CN(C)C(=O)N[C@H]1CCC[C@@H]1[*:1],35,7,11,5.337242168318426,7.920818753952375,2.583576585633949,0.725,True,True,True,same_assay
STR-08A590BAA6ADDB004EDA,STR-E971954B90C3DF1122E8,N#CC(c1ccccc1)(C1CCN(CC2CN(c3ccc(S(=O)(=O)C4CC4)cc3)C2)CC1)[*:1],CC(=O)OC[C@@H]1CCC[C@H]1[*:1],CC(=O)O[C@H]1CCC[C@@H]1[*:1],CC(=O)OC[C@@H]1CCC[C@H]1[*:1]>>CC(=O)O[C@H]1CCC[C@@H]1[*:1],32,10,9,5.161150909262744,7.744727494896693,2.5835765856339483,0.7866666666666666,True,True,True,same_assay
STR-624DE6171936672A9284,STR-6F1C926A5BCCC888A7D5,N#Cc1ccc(N2CC(CN3CCC([C@@](C#N)(c4ccccc4)[C@H]4CCC[C@@H]4[*:1])CC3)C2)cc1,CC(=O)O[*:1],CO[*:1],CC(=O)O[*:1]>>CO[*:1],33,4,2,7.397940008672037,4.815308569182402,2.582631439489635,0.803030303030303,True,True,True,same_assay
STR-2E8A075F614E722CE8DF,STR-EABF9B602E7C57DDC695,CC(=O)O[C@@H]1CCC[C@H]1C(C#N)(c1ccccc1)C1CCN(CC2CN(c3ccc([*:1])cc3)C2)CC1,Cc1cc(S(=O)(=O)[*:1])ccn1,O=C(O)[*:1],Cc1cc(S(=O)(=O)[*:1])ccn1>>O=C(O)[*:1],35,10,3,7.769551078621726,5.187086643357144,2.5824644352645816,0.7037037037037037,True,True,True,same_assay
STR-5A59AFF93EE296D36BC6,STR-A723964BC2F481BF1509,N#CC(c1ccccc1)(C1CCN(CC2CN(c3ccc(S(=O)(=O)c4ccncc4)cc3)C2)CC1)[C@@H]1CCC[C@H]1OC(=O)[*:1],C1CC([*:1])C1,CC(C)[*:1],C1CC([*:1])C1>>CC(C)[*:1],43,4,3,6.361510743045363,3.783570169123749,2.577940573921614,0.8227848101265823,True,True,True,same_assay
STR-5B65D30F2628A312D8CA,STR-F6B3210B924167EFDCBB,N#CC(c1ccccc1)(C1CCN(CC2CN(c3ccc(S(=O)(=O)c4ccncc4)cc3)C2)CC1)[*:1],CNC(=O)N[C@H]1CCC[C@@H]1[*:1],CCNC(=O)O[C@@H]1CCC[C@H]1[*:1],CNC(=O)N[C@H]1CCC[C@@H]1[*:1]>>CCNC(=O)O[C@@H]1CCC[C@H]1[*:1],35,10,11,8.045757490560675,5.468521082957745,2.57723640760293,0.7176470588235294,True,True,True,same_assay
STR-990708AC2AD0842F3BCB,STR-F6B3210B924167EFDCBB,N#CC(c1ccccc1)(C1CCN(CC2CN(c3ccc(S(=O)(=O)c4ccncc4)cc3)C2)CC1)[*:1],NC(=O)O[C@H]1CCC[C@@H]1[*:1],CCNC(=O)O[C@@H]1CCC[C@H]1[*:1],NC(=O)O[C@H]1CCC[C@@H]1[*:1]>>CCNC(=O)O[C@@H]1CCC[C@H]1[*:1],35,9,11,8.045757490560675,5.468521082957745,2.57723640760293,0.8227848101265823,True,True,True,same_assay
STR-A723964BC2F481BF1509,STR-D31C7512712D5C2245CC,N#CC(c1ccccc1)(C1CCN(CC2CN(c3ccc(S(=O)(=O)c4ccncc4)cc3)C2)CC1)[*:1],CC(C)C(=O)O[C@@H]1CCC[C@H]1[*:1],CS(=O)(=O)N[C@H]1CCC[C@@H]1[*:1],CC(C)C(=O)O[C@@H]1CCC[C@H]1[*:1]>>CS(=O)(=O)N[C@H]1CCC[C@@H]1[*:1],35,11,10,3.783570169123749,6.359518563029578,2.575948393905829,0.6987951807228916,True,True,True,same_assay
STR-6B610F98DBC51ED4955E,STR-6F0B243CDCAB8EEB6068,N#CC(c1ccccc1)(C1CCN(CC2CN(c3ccc(S(=O)(=O)c4ccncc4)cc3)C2)CC1)[*:1],CCCC(=O)O[C@@H]1CCC[C@H]1[*:1],O=C(O[C@H]1CCC[C@@H]1[*:1])N1CCC1,CCCC(=O)O[C@@H]1CCC[C@H]1[*:1]>>O=C(O[C@H]1CCC[C@@H]1[*:1])N1CCC1,35,11,12,4.552841968657781,7.1249387366083,2.5720967679505193,0.8024691358024691,True,True,True,same_assay
STR-00A1D39E2CC2B5C8F906,STR-5B65D30F2628A312D8CA,N#CC(c1ccccc1)(C1CCN(CC2CN(c3ccc(S(=O)(=O)c4ccncc4)cc3)C2)CC1)[*:1],CS(=O)(=O)C[C@@H]1CCC[C@H]1[*:1],CNC(=O)N[C@H]1CCC[C@@H]1[*:1],CS(=O)(=O)C[C@@H]1CCC[C@H]1[*:1]>>CNC(=O)N[C@H]1CCC[C@@H]1[*:1],35,10,10,5.481486060122112,8.045757490560675,2.5642714304385628,0.7160493827160493,True,True,True,same_assay
STR-00A1D39E2CC2B5C8F906,STR-990708AC2AD0842F3BCB,N#CC(c1ccccc1)(C1CCN(CC2CN(c3ccc(S(=O)(=O)c4ccncc4)cc3)C2)CC1)[*:1],CS(=O)(=O)C[C@@H]1CCC[C@H]1[*:1],NC(=O)O[C@H]1CCC[C@@H]1[*:1],CS(=O)(=O)C[C@@H]1CCC[C@H]1[*:1]>>NC(=O)O[C@H]1CCC[C@@H]1[*:1],35,10,9,5.481486060122112,8.045757490560675,2.5642714304385628,0.7125,True,True,True,same_assay
STR-18A0CA3C76D3D31427DE,STR-3941BFA7C86C7BEE8530,N#CC(c1ccccc1)(C1CCN(CC2CN(c3ccc(S(=O)(=O)C4CC4)cc3)C2)CC1)[*:1],COC(=O)[C@@H]1CCC[C@H]1[*:1],CNC(=O)O[C@H]1CCC[C@@H]1[*:1],COC(=O)[C@@H]1CCC[C@H]1[*:1]>>CNC(=O)O[C@H]1CCC[C@@H]1[*:1],32,9,10,5.292429823902063,7.853871964321762,2.5614421404196985,0.7631578947368421,True,True,True,same_assay
STR-3941BFA7C86C7BEE8530,STR-6F61DD7B53632CC333BC,N#CC(c1ccccc1)(C1CCN(CC2CN(c3ccc(S(=O)(=O)C4CC4)cc3)C2)CC1)[*:1],CNC(=O)O[C@H]1CCC[C@@H]1[*:1],COC(=O)N[C@@H]1CCC[C@H]1[*:1],CNC(=O)O[C@H]1CCC[C@@H]1[*:1]>>COC(=O)N[C@@H]1CCC[C@H]1[*:1],32,10,10,7.853871964321762,5.292429823902063,2.5614421404196985,0.7662337662337663,True,True,True,same_assay
STR-4E0D965820718397652B,STR-A723964BC2F481BF1509,N#CC(c1ccccc1)(C1CCN(CC2CN(c3ccc(S(=O)(=O)c4ccncc4)cc3)C2)CC1)[C@@H]1CCC[C@H]1[*:1],NC(=O)O[*:1],CC(C)C(=O)O[*:1],NC(=O)O[*:1]>>CC(C)C(=O)O[*:1],40,4,6,6.342944147142896,3.783570169123749,2.5593739780191473,0.8333333333333334,True,True,True,same_assay
STR-229990C98B9D4B27D490,STR-35F6D1EC02194FC314E7,N#CC(c1ccccc1)(C1CCN(CC2CN(c3ccc([N+](=O)[O-])cc3)C2)CC1)[*:1],CNC(=O)O[C@@H]1CCC[C@H]1[*:1],CNC(=O)O[C@H]1CCC[C@@H]1[*:1],CNC(=O)O[C@@H]1CCC[C@H]1[*:1]>>CNC(=O)O[C@H]1CCC[C@@H]1[*:1],29,10,10,5.337242168318426,7.886056647693163,2.548814479374738,1.0,True,True,True,same_assay
STR-568E8A2EF6050316CA23,STR-D67FE3A87A1AC07DC7FF,N=C(N)NCCC[C@@H]1NC(=O)C2(CCC2)NC(=O)[C@@H]2CCCN2C(=O)[C@H](C[*:1])NC(=O)[C@@H](N)CCCCCCCCNC(=O)[C@@H]2CCCN2C1=O,c1ccc([*:1])cc1,CC(C)Cc1cccc([*:1])c1,c1ccc([*:1])cc1>>CC(C)Cc1cccc([*:1])c1,50,6,10,6.991399828238082,4.443697499232713,2.547702329005369,0.8314606741573034,True,True,True,same_assay
STR-84E68E67151229290F47,STR-D67FE3A87A1AC07DC7FF,N=C(N)NCCC[C@@H]1NC(=O)C2(CCC2)NC(=O)[C@@H]2CCCN2C(=O)[C@H](C[*:1])NC(=O)[C@@H](N)CCCCCCCCNC(=O)[C@@H]2CCCN2C1=O,Fc1ccccc1[*:1],CC(C)Cc1cccc([*:1])c1,Fc1ccccc1[*:1]>>CC(C)Cc1cccc([*:1])c1,50,7,10,6.991399828238082,4.443697499232713,2.547702329005369,0.7473684210526316,True,True,True,same_assay
STR-6BBFA0A16AEB8910C337,STR-FEFFBCD58898FB83A7AC,N=C(N)NCCC[C@@H]1NC(=O)C2(CCC2)NC(=O)[C@@H]2CCCN2C(=O)[C@H](C[*:1])NC(=O)[C@@H](N)CCCCCCCCNC(=O)[C@@H]2CCCN2C1=O,c1ccc(-c2cccc([*:1])c2)cc1,Clc1ccccc1[*:1],c1ccc(-c2cccc([*:1])c2)cc1>>Clc1ccccc1[*:1],50,12,7,4.404503778174426,6.950781977329818,2.546278199155392,0.782608695652174,True,True,True,same_assay
STR-1DF62CB592FCCE0FC1BB,STR-3941BFA7C86C7BEE8530,N#CC(c1ccccc1)(C1CCN(CC2CN(c3ccc(S(=O)(=O)C4CC4)cc3)C2)CC1)[C@H]1CCC[C@@H]1[*:1],COC[*:1],CNC(=O)O[*:1],COC[*:1]>>CNC(=O)O[*:1],37,3,5,5.309803919971486,7.853871964321762,2.5440680443502757,0.7142857142857143,True,True,True,same_assay
STR-09E54D8A9B952AC86D2A,STR-751E14E3FB418B1577CE,N#CC(c1ccccc1)(C1CCN(CC2CN(c3ccc(S(=O)(=O)c4ccncc4)cc3)C2)CC1)[C@H]1CCC[C@@H]1[*:1],CNC(=O)O[*:1],CNC(=O)C[*:1],CNC(=O)O[*:1]>>CNC(=O)C[*:1],40,5,5,8.221848749616356,5.6807553715226815,2.541093378093674,0.7777777777777778,True,True,True,same_assay
STR-241F2E6DC7BEF8AE2212,STR-9DDC4364CC264A5D1AE9,CCN(C(=O)c1cc(F)ccc1Oc1nncnc1N1CCC2(C1)CN([*:1])C2)C(C)C,CNC(=O)NCCC[C@@H](C(C)C)[*:1],CC(C)[C@@H](CCCN)[*:1],CNC(=O)NCCC[C@@H](C(C)C)[*:1]>>CC(C)[C@@H](CCCN)[*:1],30,12,8,4.350081281264581,6.886056647693163,2.5359753664285822,0.813953488372093,True,True,True,same_assay
STR-79D75B6A88F0457FA1C2,STR-F6B3210B924167EFDCBB,N#CC(c1ccccc1)(C1CCN(CC2CN(c3ccc(S(=O)(=O)c4ccncc4)cc3)C2)CC1)[*:1],CCC(=O)O[C@H]1CCC[C@@H]1[*:1],CCNC(=O)O[C@@H]1CCC[C@H]1[*:1],CCC(=O)O[C@H]1CCC[C@@H]1[*:1]>>CCNC(=O)O[C@@H]1CCC[C@H]1[*:1],35,10,11,8.0,5.468521082957745,2.5314789170422554,0.8481012658227848,True,True,True,same_assay
STR-C24E330B171F75FD816E,STR-F6B3210B924167EFDCBB,N#CC(c1ccccc1)(C1CCN(CC2CN(c3ccc(S(=O)(=O)c4ccncc4)cc3)C2)CC1)[*:1],CC(=O)N[C@H]1CCC[C@@H]1[*:1],CCNC(=O)O[C@@H]1CCC[C@H]1[*:1],CC(=O)N[C@H]1CCC[C@@H]1[*:1]>>CCNC(=O)O[C@@H]1CCC[C@H]1[*:1],35,9,11,8.0,5.468521082957745,2.5314789170422554,0.7349397590361446,True,True,True,same_assay
STR-09E54D8A9B952AC86D2A,STR-8D3A795E5B813D3BE51E,N#CC(c1ccccc1)(C1CCN(CC2CN(c3ccc(S(=O)(=O)c4ccncc4)cc3)C2)CC1)[*:1],CNC(=O)O[C@H]1CCC[C@@H]1[*:1],C1CCC([*:1])C1,CNC(=O)O[C@H]1CCC[C@@H]1[*:1]>>C1CCC([*:1])C1,35,10,5,8.221848749616356,5.698970004336019,2.5228787452803374,0.72,True,True,True,same_assay
STR-09E54D8A9B952AC86D2A,STR-FD744C47D05214C5E9EE,N#CC(c1ccccc1)(C1CCN(CC2CN(c3ccc(S(=O)(=O)c4ccncc4)cc3)C2)CC1)[*:1],CNC(=O)O[C@H]1CCC[C@@H]1[*:1],O=C(O[C@@H]1CCC[C@H]1[*:1])N1CCC1,CNC(=O)O[C@H]1CCC[C@@H]1[*:1]>>O=C(O[C@@H]1CCC[C@H]1[*:1])N1CCC1,35,10,12,8.221848749616356,5.698970004336019,2.5228787452803374,0.8227848101265823,True,True,True,same_assay
STR-00A1D39E2CC2B5C8F906,STR-79D75B6A88F0457FA1C2,N#CC(c1ccccc1)(C1CCN(CC2CN(c3ccc(S(=O)(=O)c4ccncc4)cc3)C2)CC1)[*:1],CS(=O)(=O)C[C@@H]1CCC[C@H]1[*:1],CCC(=O)O[C@H]1CCC[C@@H]1[*:1],CS(=O)(=O)C[C@@H]1CCC[C@H]1[*:1]>>CCC(=O)O[C@H]1CCC[C@@H]1[*:1],35,10,10,5.481486060122112,8.0,2.518513939877888,0.7160493827160493,True,True,True,same_assay
STR-00A1D39E2CC2B5C8F906,STR-C24E330B171F75FD816E,N#CC(c1ccccc1)(C1CCN(CC2CN(c3ccc(S(=O)(=O)c4ccncc4)cc3)C2)CC1)[*:1],CS(=O)(=O)C[C@@H]1CCC[C@H]1[*:1],CC(=O)N[C@H]1CCC[C@@H]1[*:1],CS(=O)(=O)C[C@@H]1CCC[C@H]1[*:1]>>CC(=O)N[C@H]1CCC[C@@H]1[*:1],35,10,9,5.481486060122112,8.0,2.518513939877888,0.7341772151898734,True,True,True,same_assay
STR-72BF5FE38870FA3B6280,STR-C5BD1A6A0620B892A540,CCN(C(=O)c1cc(F)ccc1Oc1nncnc1N1CCC2(C1)CN([*:1])C2)C(C)C,CC(C)[C@H](CCO)[*:1],CC(C)[C@@H](CCCCN)[*:1],CC(C)[C@H](CCO)[*:1]>>CC(C)[C@@H](CCCCN)[*:1],30,7,9,4.051391450123564,6.568636235841012,2.5172447857174483,0.8607594936708861,True,True,True,same_assay
STR-72BF5FE38870FA3B6280,STR-F80C61F109C8A7A8A056,CCN(C(=O)c1cc(F)ccc1Oc1nncnc1N1CCC2(C1)CN([*:1])C2)C(C)C,CC(C)[C@H](CCO)[*:1],CC(C)[C@@H](CCN)[*:1],CC(C)[C@H](CCO)[*:1]>>CC(C)[C@@H](CCN)[*:1],30,7,7,4.051391450123564,6.568636235841012,2.5172447857174483,0.8947368421052632,True,True,True,same_assay
STR-6B28BBE0B01A6E185ED9,STR-78E8321E984DFAA6EEF2,CS(=O)(=O)c1ccc(N2CC(CN3CCC(C(C#N)(c4ccccc4)[*:1])CC3)C2)cc1,CC(=O)O[C@H]1CCC[C@@H]1[*:1],CS(=O)(=O)[C@@H]1CCC[C@@H]1[*:1],CC(=O)O[C@H]1CCC[C@@H]1[*:1]>>CS(=O)(=O)[C@@H]1CCC[C@@H]1[*:1],30,9,9,7.136677139879544,4.6252516539898965,2.5114254858896476,0.7464788732394366,True,True,True,same_assay
STR-3941BFA7C86C7BEE8530,STR-B9EA30DEB7647D41BA70,N#CC(c1ccccc1)(C1CCN(CC2CN(c3ccc(S(=O)(=O)C4CC4)cc3)C2)CC1)[*:1],CNC(=O)O[C@H]1CCC[C@@H]1[*:1],COC[C@@H]1CCC[C@H]1[*:1],CNC(=O)O[C@H]1CCC[C@@H]1[*:1]>>COC[C@@H]1CCC[C@H]1[*:1],32,10,8,7.853871964321762,5.346787486224656,2.5070844780971058,0.7142857142857143,True,True,True,same_assay
STR-D67FE3A87A1AC07DC7FF,STR-FEFFBCD58898FB83A7AC,N=C(N)NCCC[C@@H]1NC(=O)C2(CCC2)NC(=O)[C@@H]2CCCN2C(=O)[C@H](C[*:1])NC(=O)[C@@H](N)CCCCCCCCNC(=O)[C@@H]2CCCN2C1=O,CC(C)Cc1cccc([*:1])c1,Clc1ccccc1[*:1],CC(C)Cc1cccc([*:1])c1>>Clc1ccccc1[*:1],50,10,7,4.443697499232713,6.950781977329818,2.507084478097105,0.7395833333333334,True,True,True,same_assay
STR-15A2DC000277D973D434,STR-AB1714536DDACDAFACEC,N#CC(c1ccccc1)(C1CCN(CC2CN(c3ccc(S(=O)(=O)C4CC4)cc3)C2)CC1)[C@H]1CCC[C@@H]1[*:1],CC(=O)OC[*:1],CC(=O)N[*:1],CC(=O)OC[*:1]>>CC(=O)N[*:1],37,5,4,5.031517051446064,7.537602002101044,2.50608495065498,0.7402597402597403,True,True,True,same_assay
STR-2CFC8301293C2B82E4A6,STR-C5BD1A6A0620B892A540,CCN(C(=O)c1cc(F)ccc1Oc1nncnc1N1CCC2(C1)CN([*:1])C2)C(C)C,CC(=O)NCCC[C@@H](C(C)C)[*:1],CC(C)[C@@H](CCCCN)[*:1],CC(=O)NCCC[C@@H](C(C)C)[*:1]>>CC(C)[C@@H](CCCCN)[*:1],30,11,9,4.064492734175287,6.568636235841012,2.504143501665725,0.8235294117647058,True,True,True,same_assay
STR-2CFC8301293C2B82E4A6,STR-F80C61F109C8A7A8A056,CCN(C(=O)c1cc(F)ccc1Oc1nncnc1N1CCC2(C1)CN([*:1])C2)C(C)C,CC(=O)NCCC[C@@H](C(C)C)[*:1],CC(C)[C@@H](CCN)[*:1],CC(=O)NCCC[C@@H](C(C)C)[*:1]>>CC(C)[C@@H](CCN)[*:1],30,11,7,4.064492734175287,6.568636235841012,2.504143501665725,0.8095238095238095,True,True,True,same_assay
STR-93B1E6E77462AC33263F,STR-B56EF6AC340F28C175E6,N#Cc1ccc(N2CC(CN3CCC([C@@](C#N)(c4ccccc4)[*:1])CC3)C2)cc1,CC(=O)O[C@@H]1CCC[C@H]1[*:1],CNC(=O)O[C@H]1CCC[C@@H]1[*:1],CC(=O)O[C@@H]1CCC[C@H]1[*:1]>>CNC(=O)O[C@H]1CCC[C@@H]1[*:1],28,9,10,5.455931955649724,7.958607314841775,2.5026753591920503,0.8529411764705882,True,True,True,same_assay
STR-72BF5FE38870FA3B6280,STR-9EEB3BED6CC8A84F57AD,CCN(C(=O)c1cc(F)ccc1Oc1nncnc1N1CCC2(C1)CN([*:1])C2)C(C)C,CC(C)[C@H](CCO)[*:1],CC(C)C(CCN)[*:1],CC(C)[C@H](CCO)[*:1]>>CC(C)C(CCN)[*:1],30,7,7,4.051391450123564,6.552841968657781,2.5014505185342166,0.8947368421052632,True,True,True,same_assay
STR-44D7373FA75606A9FAF6,STR-E971954B90C3DF1122E8,N#CC(c1ccccc1)(C1CCN(CC2CN(c3ccc(S(=O)(=O)C4CC4)cc3)C2)CC1)[C@H]1CCC[C@@H]1[*:1],CCNC(=O)[*:1],CC(=O)O[*:1],CCNC(=O)[*:1]>>CC(=O)O[*:1],37,5,4,5.251811972993799,7.744727494896693,2.4929155219028933,0.717948717948718,True,True,True,same_assay
STR-6F0B243CDCAB8EEB6068,STR-8271C886AE561654AC45,N#CC(c1ccccc1)(C1CCN(CC2CN(c3ccc(S(=O)(=O)c4ccncc4)cc3)C2)CC1)[*:1],O=C(O[C@H]1CCC[C@@H]1[*:1])N1CCC1,CS(=O)(=O)CO[C@@H]1CCC[C@H]1[*:1],O=C(O[C@H]1CCC[C@@H]1[*:1])N1CCC1>>CS(=O)(=O)CO[C@@H]1CCC[C@H]1[*:1],35,12,11,7.1249387366083,4.634512015109101,2.4904267214991993,0.7530864197530864,True,True,True,same_assay
STR-A62EFE6B816DF994EE32,STR-F6B3210B924167EFDCBB,N#CC(c1ccccc1)(C1CCN(CC2CN(c3ccc(S(=O)(=O)c4ccncc4)cc3)C2)CC1)[*:1],COC(=O)N[C@H]1CCC[C@@H]1[*:1],CCNC(=O)O[C@@H]1CCC[C@H]1[*:1],COC(=O)N[C@H]1CCC[C@@H]1[*:1]>>CCNC(=O)O[C@@H]1CCC[C@H]1[*:1],35,10,11,7.958607314841775,5.468521082957745,2.49008623188403,0.7590361445783133,True,True,True,same_assay
STR-2CFC8301293C2B82E4A6,STR-9EEB3BED6CC8A84F57AD,CCN(C(=O)c1cc(F)ccc1Oc1nncnc1N1CCC2(C1)CN([*:1])C2)C(C)C,CC(=O)NCCC[C@@H](C(C)C)[*:1],CC(C)C(CCN)[*:1],CC(=O)NCCC[C@@H](C(C)C)[*:1]>>CC(C)C(CCN)[*:1],30,11,7,4.064492734175287,6.552841968657781,2.4883492344824933,0.8095238095238095,True,True,True,same_assay
STR-72BF5FE38870FA3B6280,STR-E897A6DD984B887A023C,CCN(C(=O)c1cc(F)ccc1Oc1nncnc1N1CCC2(C1)CN([*:1])C2)C(C)C,CC(C)[C@H](CCO)[*:1],CC(C)[C@@H](CCNCCO)[*:1],CC(C)[C@H](CCO)[*:1]>>CC(C)[C@@H](CCNCCO)[*:1],30,7,10,4.051391450123564,6.537602002101044,2.4862105519774804,0.8974358974358975,True,True,True,same_assay
STR-00A1D39E2CC2B5C8F906,STR-A62EFE6B816DF994EE32,N#CC(c1ccccc1)(C1CCN(CC2CN(c3ccc(S(=O)(=O)c4ccncc4)cc3)C2)CC1)[*:1],CS(=O)(=O)C[C@@H]1CCC[C@H]1[*:1],COC(=O)N[C@H]1CCC[C@@H]1[*:1],CS(=O)(=O)C[C@@H]1CCC[C@H]1[*:1]>>COC(=O)N[C@H]1CCC[C@@H]1[*:1],35,10,10,5.481486060122112,7.958607314841775,2.4771212547196626,0.7160493827160493,True,True,True,same_assay
STR-15A2DC000277D973D434,STR-A1381CEB41898F753D78,N#CC(c1ccccc1)(C1CCN(CC2CN(c3ccc(S(=O)(=O)C4CC4)cc3)C2)CC1)[C@H]1CCC[C@@H]1[*:1],CC(=O)OC[*:1],COC(=O)N[*:1],CC(=O)OC[*:1]>>COC(=O)N[*:1],37,5,5,5.031517051446064,7.508638306165727,2.4771212547196626,0.7215189873417721,True,True,True,same_assay
STR-1ED81EB6526D0C332327,STR-36584B3033D9C455D195,c1ccc2c(c1)CCNC2(C1CCCC1)C1CCN(CC[*:1])CC1,N#Cc1ccc(O[*:1])cc1,N#Cc1ccc(OC[*:1])cc1,N#Cc1ccc(O[*:1])cc1>>N#Cc1ccc(OC[*:1])cc1,23,9,10,4.673664139071248,7.1487416512809245,2.475077512209676,0.9090909090909092,True,True,True,same_assay
STR-751E14E3FB418B1577CE,STR-7C604423619052A15AC8,N#CC(c1ccccc1)(C1CCN(CC2CN(c3ccc(S(=O)(=O)c4ccncc4)cc3)C2)CC1)[C@H]1CCC[C@@H]1[*:1],CNC(=O)C[*:1],CC(=O)O[*:1],CNC(=O)C[*:1]>>CC(=O)O[*:1],40,5,4,5.6807553715226815,8.154901959985743,2.4741465884630616,0.7317073170731707,True,True,True,same_assay
STR-2CFC8301293C2B82E4A6,STR-E897A6DD984B887A023C,CCN(C(=O)c1cc(F)ccc1Oc1nncnc1N1CCC2(C1)CN([*:1])C2)C(C)C,CC(=O)NCCC[C@@H](C(C)C)[*:1],CC(C)[C@@H](CCNCCO)[*:1],CC(=O)NCCC[C@@H](C(C)C)[*:1]>>CC(C)[C@@H](CCNCCO)[*:1],30,11,10,4.064492734175287,6.537602002101044,2.473109267925757,0.813953488372093,True,True,True,same_assay
STR-2BD8E1D3643B1EDA4E91,STR-A723964BC2F481BF1509,N#CC(c1ccccc1)(C1CCN(CC2CN(c3ccc(S(=O)(=O)c4ccncc4)cc3)C2)CC1)[C@@H]1CCC[C@H]1[*:1],CC(=O)N[*:1],CC(C)C(=O)O[*:1],CC(=O)N[*:1]>>CC(C)C(=O)O[*:1],40,4,6,6.255707016877324,3.783570169123749,2.472136847753575,0.7228915662650602,True,True,True,same_assay
STR-A723964BC2F481BF1509,STR-FA1FDFBE4B94F7A252F5,N#CC(c1ccccc1)(C1CCN(CC2CN(c3ccc(S(=O)(=O)c4ccncc4)cc3)C2)CC1)[*:1],CC(C)C(=O)O[C@@H]1CCC[C@H]1[*:1],OC[C@H]1CCC[C@@H]1[*:1],CC(C)C(=O)O[C@@H]1CCC[C@H]1[*:1]>>OC[C@H]1CCC[C@@H]1[*:1],35,11,7,3.783570169123749,6.249491605148654,2.465921436024905,0.725,True,True,True,same_assay
STR-A723964BC2F481BF1509,STR-AE07246DCCF5CCC9E046,N#CC(c1ccccc1)(C1CCN(CC2CN(c3ccc(S(=O)(=O)c4ccncc4)cc3)C2)CC1)[C@@H]1CCC[C@H]1[*:1],CC(C)C(=O)O[*:1],COC(=O)N[*:1],CC(C)C(=O)O[*:1]>>COC(=O)N[*:1],40,6,5,3.783570169123749,6.244887733604928,2.4613175644811793,0.7261904761904762,True,True,True,same_assay
STR-94C191645BE5B0A1978A,STR-BFADD52B1F3CC9E98A32,N#CC(c1ccccc1)(C1CCN(CC2CN(c3ccc(S(=O)(=O)c4ccncc4)cc3)C2)CC1)[*:1],O=C(O[C@H]1CCC[C@@H]1[*:1])C1CC1,CNC(=O)C[C@@H]1CCC[C@H]1[*:1],O=C(O[C@H]1CCC[C@@H]1[*:1])C1CC1>>CNC(=O)C[C@@H]1CCC[C@H]1[*:1],35,11,10,7.744727494896693,5.2839966563652006,2.460730838531492,0.7023809523809523,True,True,True,same_assay
STR-72BF5FE38870FA3B6280,STR-B51853407B4A9AF321D2,CCN(C(=O)c1cc(F)ccc1Oc1nncnc1N1CCC2(C1)CN([*:1])C2)C(C)C,CC(C)[C@H](CCO)[*:1],CC(C)[C@@H](CCCO)[*:1],CC(C)[C@H](CCO)[*:1]>>CC(C)[C@@H](CCCO)[*:1],30,7,8,4.051391450123564,6.508638306165727,2.457246856042163,0.9333333333333332,True,True,True,same_assay
STR-7C604423619052A15AC8,STR-8D3A795E5B813D3BE51E,N#CC(c1ccccc1)(C1CCN(CC2CN(c3ccc(S(=O)(=O)c4ccncc4)cc3)C2)CC1)[*:1],CC(=O)O[C@H]1CCC[C@@H]1[*:1],C1CCC([*:1])C1,CC(=O)O[C@H]1CCC[C@@H]1[*:1]>>C1CCC([*:1])C1,35,9,5,8.154901959985743,5.698970004336019,2.4559319556497243,0.7397260273972602,True,True,True,same_assay
STR-7C604423619052A15AC8,STR-FD744C47D05214C5E9EE,N#CC(c1ccccc1)(C1CCN(CC2CN(c3ccc(S(=O)(=O)c4ccncc4)cc3)C2)CC1)[*:1],CC(=O)O[C@H]1CCC[C@@H]1[*:1],O=C(O[C@@H]1CCC[C@H]1[*:1])N1CCC1,CC(=O)O[C@H]1CCC[C@@H]1[*:1]>>O=C(O[C@@H]1CCC[C@H]1[*:1])N1CCC1,35,9,12,8.154901959985743,5.698970004336019,2.4559319556497243,0.8441558441558441,True,True,True,same_assay
STR-F6B3210B924167EFDCBB,STR-FB20DDC3426AF551283B,N#CC(c1ccccc1)(C1CCN(CC2CN(c3ccc(S(=O)(=O)c4ccncc4)cc3)C2)CC1)[*:1],CCNC(=O)O[C@@H]1CCC[C@H]1[*:1],CN(C)C(=O)N[C@H]1CCC[C@@H]1[*:1],CCNC(=O)O[C@@H]1CCC[C@H]1[*:1]>>CN(C)C(=O)N[C@H]1CCC[C@@H]1[*:1],35,11,11,5.468521082957745,7.920818753952375,2.4522976709946303,0.7093023255813954,True,True,True,same_assay
STR-18A0CA3C76D3D31427DE,STR-E971954B90C3DF1122E8,N#CC(c1ccccc1)(C1CCN(CC2CN(c3ccc(S(=O)(=O)C4CC4)cc3)C2)CC1)[*:1],COC(=O)[C@@H]1CCC[C@H]1[*:1],CC(=O)O[C@H]1CCC[C@@H]1[*:1],COC(=O)[C@@H]1CCC[C@H]1[*:1]>>CC(=O)O[C@H]1CCC[C@@H]1[*:1],32,9,9,5.292429823902063,7.744727494896693,2.45229767099463,0.76,True,True,True,same_assay
STR-6F61DD7B53632CC333BC,STR-E971954B90C3DF1122E8,N#CC(c1ccccc1)(C1CCN(CC2CN(c3ccc(S(=O)(=O)C4CC4)cc3)C2)CC1)[*:1],COC(=O)N[C@@H]1CCC[C@H]1[*:1],CC(=O)O[C@H]1CCC[C@@H]1[*:1],COC(=O)N[C@@H]1CCC[C@H]1[*:1]>>CC(=O)O[C@H]1CCC[C@@H]1[*:1],32,10,9,5.292429823902063,7.744727494896693,2.45229767099463,0.7402597402597403,True,True,True,same_assay
STR-A03DAF6611859C5C8983,STR-A540B6064EC41BB600F8,CC(=O)O[C@@H]1CCC[C@H]1C(C#N)(c1cccc([*:1])c1)C1CCN(CC2CN(c3ccc(C#N)cc3)C2)CC1,FC(F)(F)[*:1],F[*:1],FC(F)(F)[*:1]>>F[*:1],37,4,1,3.034737135044418,5.484126156288321,2.4493890212439027,0.863013698630137,True,True,True,same_assay
STR-6B28BBE0B01A6E185ED9,STR-CE7B584631A9BA01C68A,CS(=O)(=O)c1ccc(N2CC(CN3CCC(C(C#N)(c4ccccc4)[*:1])CC3)C2)cc1,CC(=O)O[C@H]1CCC[C@@H]1[*:1],CCO[C@@H]1CCC[C@H]1[*:1],CC(=O)O[C@H]1CCC[C@@H]1[*:1]>>CCO[C@@H]1CCC[C@H]1[*:1],30,9,8,7.136677139879544,4.688246138944246,2.4484310009352983,0.8028169014084507,True,True,True,same_assay
STR-09E54D8A9B952AC86D2A,STR-F56D36E1BD6B0DD11077,N#CC(c1ccccc1)(C1CCN(CC2CN(c3ccc(S(=O)(=O)c4ccncc4)cc3)C2)CC1)[*:1],CNC(=O)O[C@H]1CCC[C@@H]1[*:1],CC(=O)O[C@@H]1CCC[C@H]1[*:1],CNC(=O)O[C@H]1CCC[C@@H]1[*:1]>>CC(=O)O[C@@H]1CCC[C@H]1[*:1],35,10,9,8.221848749616356,5.77642098432889,2.445427765287466,0.868421052631579,True,True,True,same_assay
STR-2CFC8301293C2B82E4A6,STR-B51853407B4A9AF321D2,CCN(C(=O)c1cc(F)ccc1Oc1nncnc1N1CCC2(C1)CN([*:1])C2)C(C)C,CC(=O)NCCC[C@@H](C(C)C)[*:1],CC(C)[C@@H](CCCO)[*:1],CC(=O)NCCC[C@@H](C(C)C)[*:1]>>CC(C)[C@@H](CCCO)[*:1],30,11,8,4.064492734175287,6.508638306165727,2.4441455719904397,0.8433734939759037,True,True,True,same_assay
STR-00A1D39E2CC2B5C8F906,STR-FB20DDC3426AF551283B,N#CC(c1ccccc1)(C1CCN(CC2CN(c3ccc(S(=O)(=O)c4ccncc4)cc3)C2)CC1)[*:1],CS(=O)(=O)C[C@@H]1CCC[C@H]1[*:1],CN(C)C(=O)N[C@H]1CCC[C@@H]1[*:1],CS(=O)(=O)C[C@@H]1CCC[C@H]1[*:1]>>CN(C)C(=O)N[C@H]1CCC[C@@H]1[*:1],35,10,11,5.481486060122112,7.920818753952375,2.439332693830263,0.7073170731707317,True,True,True,same_assay
STR-241F2E6DC7BEF8AE2212,STR-82F62D7E24DAAC315910,CCN(C(=O)c1cc(F)ccc1Oc1nncnc1N1CCC2(C1)CN([*:1])C2)C(C)C,CNC(=O)NCCC[C@@H](C(C)C)[*:1],CNCCC[C@H](C(C)C)[*:1],CNC(=O)NCCC[C@@H](C(C)C)[*:1]>>CNCCC[C@H](C(C)C)[*:1],30,12,9,4.350081281264581,6.789198036565084,2.4391167553005033,0.8809523809523809,True,True,True,same_assay
STR-1DF62CB592FCCE0FC1BB,STR-E971954B90C3DF1122E8,N#CC(c1ccccc1)(C1CCN(CC2CN(c3ccc(S(=O)(=O)C4CC4)cc3)C2)CC1)[C@H]1CCC[C@@H]1[*:1],COC[*:1],CC(=O)O[*:1],COC[*:1]>>CC(=O)O[*:1],37,3,4,5.309803919971486,7.744727494896693,2.4349235749252065,0.7333333333333333,True,True,True,same_assay
STR-0B18427EF6CEB8CC075B,STR-B1B50BB9C2198BA2F3F2,N#Cc1ccc(N2CC(CN3CCC([C@@](C#N)(c4cccc(F)c4)[C@H]4CCC[C@@H]4[*:1])CC3)C2)cc1,C#CC(=O)N[*:1],C=CS(=O)(=O)N[*:1],C#CC(=O)N[*:1]>>C=CS(=O)(=O)N[*:1],34,5,6,8.397940008672037,5.97061622231479,2.427323786357247,0.7283950617283951,True,True,True,same_assay
STR-4F74C84E1F856F025432,STR-A723964BC2F481BF1509,N#CC(c1ccccc1)(C1CCN(CC2CN(c3ccc(S(=O)(=O)c4ccncc4)cc3)C2)CC1)[*:1],CCCC(=O)O[C@H]1CCC[C@@H]1[*:1],CC(C)C(=O)O[C@@H]1CCC[C@H]1[*:1],CCCC(=O)O[C@H]1CCC[C@@H]1[*:1]>>CC(C)C(=O)O[C@@H]1CCC[C@H]1[*:1],35,11,11,6.20551195334083,3.783570169123749,2.421941784217081,0.8148148148148148,True,True,True,same_assay
STR-1F9028E2DF2F03204766,STR-94C191645BE5B0A1978A,N#CC(c1ccccc1)(C1CCN(CC2CN(c3ccc(S(=O)(=O)c4ccncc4)cc3)C2)CC1)[*:1],CS(=O)(=O)N[C@@H]1CCC[C@H]1[*:1],O=C(O[C@H]1CCC[C@@H]1[*:1])C1CC1,CS(=O)(=O)N[C@@H]1CCC[C@H]1[*:1]>>O=C(O[C@H]1CCC[C@@H]1[*:1])C1CC1,35,10,11,5.327902142064282,7.744727494896693,2.41682535283241,0.6951219512195121,True,True,True,same_assay
STR-4866DF3FD3D34FBFE093,STR-94C191645BE5B0A1978A,N#CC(c1ccccc1)(C1CCN(CC2CN(c3ccc(S(=O)(=O)c4ccncc4)cc3)C2)CC1)[C@H]1CCC[C@@H]1[*:1],CS(=O)(=O)C[*:1],O=C(O[*:1])C1CC1,CS(=O)(=O)C[*:1]>>O=C(O[*:1])C1CC1,40,5,6,5.327902142064282,7.744727494896693,2.41682535283241,0.7037037037037037,True,True,True,same_assay
STR-3BD3AAFB21D6F0AE245A,STR-C5BD1A6A0620B892A540,CCN(C(=O)c1cc(F)ccc1Oc1nncnc1N1CCC2(C1)CN([*:1])C2)C(C)C,CC(C)[C@H](CCCO)[*:1],CC(C)[C@@H](CCCCN)[*:1],CC(C)[C@H](CCCO)[*:1]>>CC(C)[C@@H](CCCCN)[*:1],30,8,9,4.152489034796752,6.568636235841012,2.41614720104426,0.875,True,True,True,same_assay
STR-3BD3AAFB21D6F0AE245A,STR-F80C61F109C8A7A8A056,CCN(C(=O)c1cc(F)ccc1Oc1nncnc1N1CCC2(C1)CN([*:1])C2)C(C)C,CC(C)[C@H](CCCO)[*:1],CC(C)[C@@H](CCN)[*:1],CC(C)[C@H](CCCO)[*:1]>>CC(C)[C@@H](CCN)[*:1],30,8,7,4.152489034796752,6.568636235841012,2.41614720104426,0.8607594936708861,True,True,True,same_assay
STR-94C191645BE5B0A1978A,STR-F4223A1339E66808912C,N#CC(c1ccccc1)(C1CCN(CC2CN(c3ccc(S(=O)(=O)c4ccncc4)cc3)C2)CC1)[*:1],O=C(O[C@H]1CCC[C@@H]1[*:1])C1CC1,OC[C@@H]1CCC[C@H]1[*:1],O=C(O[C@H]1CCC[C@@H]1[*:1])C1CC1>>OC[C@@H]1CCC[C@H]1[*:1],35,11,7,7.744727494896693,5.337242168318426,2.407485326578267,0.7435897435897436,True,True,True,same_assay
STR-6B610F98DBC51ED4955E,STR-D2329F0EB178ECBDC6B6,N#CC(c1ccccc1)(C1CCN(CC2CN(c3ccc(S(=O)(=O)c4ccncc4)cc3)C2)CC1)[*:1],CCCC(=O)O[C@@H]1CCC[C@H]1[*:1],O=C(O[C@H]1CCC[C@@H]1[*:1])C1CCC1,CCCC(=O)O[C@@H]1CCC[C@H]1[*:1]>>O=C(O[C@H]1CCC[C@@H]1[*:1])C1CCC1,35,11,12,4.552841968657781,6.954677021213342,2.401835052555562,0.8125,True,True,True,same_assay
STR-3BD3AAFB21D6F0AE245A,STR-9EEB3BED6CC8A84F57AD,CCN(C(=O)c1cc(F)ccc1Oc1nncnc1N1CCC2(C1)CN([*:1])C2)C(C)C,CC(C)[C@H](CCCO)[*:1],CC(C)C(CCN)[*:1],CC(C)[C@H](CCCO)[*:1]>>CC(C)C(CCN)[*:1],30,8,7,4.152489034796752,6.552841968657781,2.4003529338610283,0.8607594936708861,True,True,True,same_assay
STR-B9EA30DEB7647D41BA70,STR-E971954B90C3DF1122E8,N#CC(c1ccccc1)(C1CCN(CC2CN(c3ccc(S(=O)(=O)C4CC4)cc3)C2)CC1)[*:1],COC[C@@H]1CCC[C@H]1[*:1],CC(=O)O[C@H]1CCC[C@@H]1[*:1],COC[C@@H]1CCC[C@H]1[*:1]>>CC(=O)O[C@H]1CCC[C@@H]1[*:1],32,8,9,5.346787486224656,7.744727494896693,2.3979400086720366,0.7333333333333333,True,True,True,same_assay
STR-44F56F5A5BFB18B77986,STR-904EC5EDA40AA8AB23C1,N=C(N)NCCC[C@@H]1NC(=O)C2(CCC2)NC(=O)[C@@H]2CCCN2C(=O)[C@H](C[*:1])NC(=O)[C@@H](N)CCCCCCCCNC(=O)[C@@H]2CCCN2C1=O,CCc1cccc([*:1])c1,Fc1cc(F)cc([*:1])c1,CCc1cccc([*:1])c1>>Fc1cc(F)cc([*:1])c1,50,8,8,5.336299074610352,7.732828271596986,2.3965291969866342,0.8089887640449438,True,True,True,same_assay
STR-241F2E6DC7BEF8AE2212,STR-3056BAB95CE288C931AB,CCN(C(=O)c1cc(F)ccc1Oc1nncnc1N1CCC2(C1)CN([*:1])C2)C(C)C,CNC(=O)NCCC[C@@H](C(C)C)[*:1],COC(=O)NCCC[C@H](C(C)C)[*:1],CNC(=O)NCCC[C@@H](C(C)C)[*:1]>>COC(=O)NCCC[C@H](C(C)C)[*:1],30,12,12,4.350081281264581,6.7447274948966935,2.3946462136321127,0.872093023255814,True,True,True,same_assay
STR-6B28BBE0B01A6E185ED9,STR-FC134713F6D36D29BA09,CS(=O)(=O)c1ccc(N2CC(CN3CCC(C(C#N)(c4ccccc4)[C@H]4CCC[C@@H]4[*:1])CC3)C2)cc1,CC(=O)O[*:1],CO[*:1],CC(=O)O[*:1]>>CO[*:1],35,4,2,7.136677139879544,4.7423214251308154,2.3943557147487287,0.8260869565217391,True,True,True,same_assay
STR-394215D949D57850FC96,STR-6BBFA0A16AEB8910C337,N=C(N)NCCC[C@@H]1NC(=O)C2(CCC2)NC(=O)[C@@H]2CCCN2C(=O)[C@H](Cc2cccc([*:1])c2)NC(=O)[C@@H](N)CCCCCCCCNC(=O)[C@@H]2CCCN2C1=O,Cl[*:1],c1ccc([*:1])cc1,Cl[*:1]>>c1ccc([*:1])cc1,56,1,6,6.798602875679549,4.404503778174426,2.394099097505123,0.8651685393258427,True,True,True,same_assay
STR-3BD3AAFB21D6F0AE245A,STR-E897A6DD984B887A023C,CCN(C(=O)c1cc(F)ccc1Oc1nncnc1N1CCC2(C1)CN([*:1])C2)C(C)C,CC(C)[C@H](CCCO)[*:1],CC(C)[C@@H](CCNCCO)[*:1],CC(C)[C@H](CCCO)[*:1]>>CC(C)[C@@H](CCNCCO)[*:1],30,8,10,4.152489034796752,6.537602002101044,2.385112967304292,0.8641975308641975,True,True,True,same_assay
STR-3456B22116DFBE0042D0,STR-72BF5FE38870FA3B6280,CCN(C(=O)c1cc(F)ccc1Oc1nncnc1N1CCC2(C1)CN([*:1])C2)C(C)C,CC(C)NCC[C@H](C(C)C)[*:1],CC(C)[C@H](CCO)[*:1],CC(C)NCC[C@H](C(C)C)[*:1]>>CC(C)[C@H](CCO)[*:1],30,10,7,6.431798275933005,4.051391450123564,2.380406825809441,0.8607594936708861,True,True,True,same_assay
STR-7C604423619052A15AC8,STR-F56D36E1BD6B0DD11077,N#CC(c1ccccc1)(C1CCN(CC2CN(c3ccc(S(=O)(=O)c4ccncc4)cc3)C2)CC1)[*:1],CC(=O)O[C@H]1CCC[C@@H]1[*:1],CC(=O)O[C@@H]1CCC[C@H]1[*:1],CC(=O)O[C@H]1CCC[C@@H]1[*:1]>>CC(=O)O[C@@H]1CCC[C@H]1[*:1],35,9,9,8.154901959985743,5.77642098432889,2.378480975656853,1.0,True,True,True,same_assay
STR-08A590BAA6ADDB004EDA,STR-AB1714536DDACDAFACEC,N#CC(c1ccccc1)(C1CCN(CC2CN(c3ccc(S(=O)(=O)C4CC4)cc3)C2)CC1)[*:1],CC(=O)OC[C@@H]1CCC[C@H]1[*:1],CC(=O)N[C@H]1CCC[C@@H]1[*:1],CC(=O)OC[C@@H]1CCC[C@H]1[*:1]>>CC(=O)N[C@H]1CCC[C@@H]1[*:1],32,10,9,5.161150909262744,7.537602002101044,2.3764510928383,0.7402597402597403,True,True,True,same_assay
STR-3941BFA7C86C7BEE8530,STR-E5059C295BEFCBEAC7A4,N#CC(c1ccccc1)(C1CCN(CC2CN(c3ccc(S(=O)(=O)C4CC4)cc3)C2)CC1)[*:1],CNC(=O)O[C@H]1CCC[C@@H]1[*:1],CC(=O)N[C@@H]1CCC[C@H]1[*:1],CNC(=O)O[C@H]1CCC[C@@H]1[*:1]>>CC(=O)N[C@@H]1CCC[C@H]1[*:1],32,10,9,7.853871964321762,5.481486060122112,2.37238590419965,0.7402597402597403,True,True,True,same_assay
STR-2CFC8301293C2B82E4A6,STR-3456B22116DFBE0042D0,CCN(C(=O)c1cc(F)ccc1Oc1nncnc1N1CCC2(C1)CN([*:1])C2)C(C)C,CC(=O)NCCC[C@@H](C(C)C)[*:1],CC(C)NCC[C@H](C(C)C)[*:1],CC(=O)NCCC[C@@H](C(C)C)[*:1]>>CC(C)NCC[C@H](C(C)C)[*:1],30,11,10,4.064492734175287,6.431798275933005,2.367305541757718,0.8235294117647058,True,True,True,same_assay
STR-5B65D30F2628A312D8CA,STR-751E14E3FB418B1577CE,N#CC(c1ccccc1)(C1CCN(CC2CN(c3ccc(S(=O)(=O)c4ccncc4)cc3)C2)CC1)[C@H]1CCC[C@@H]1[*:1],CNC(=O)N[*:1],CNC(=O)C[*:1],CNC(=O)N[*:1]>>CNC(=O)C[*:1],40,5,5,8.045757490560675,5.6807553715226815,2.3650021190379933,0.7777777777777778,True,True,True,same_assay
STR-751E14E3FB418B1577CE,STR-990708AC2AD0842F3BCB,N#CC(c1ccccc1)(C1CCN(CC2CN(c3ccc(S(=O)(=O)c4ccncc4)cc3)C2)CC1)[C@H]1CCC[C@@H]1[*:1],CNC(=O)C[*:1],NC(=O)O[*:1],CNC(=O)C[*:1]>>NC(=O)O[*:1],40,5,4,5.6807553715226815,8.045757490560675,2.3650021190379933,0.7108433734939759,True,True,True,same_assay
STR-3941BFA7C86C7BEE8530,STR-AA65E7D5BF8C15D9F669,N#CC(c1ccccc1)(C1CCN(CC2CN(c3ccc(S(=O)(=O)C4CC4)cc3)C2)CC1)[C@H]1CCC[C@@H]1[*:1],CNC(=O)O[*:1],CNC(=O)[*:1],CNC(=O)O[*:1]>>CNC(=O)[*:1],37,5,4,7.853871964321762,5.494850021680094,2.359021942641668,0.7866666666666666,True,True,True,same_assay
STR-334A6D2F1631C6ED2448,STR-73FF471D050BDA8F68BB,CCc1cc2c(N3CCN([*:1])CC3)ncnc2s1,FC(F)(F)c1nnc([*:1])s1,c1cnc([*:1])nc1,FC(F)(F)c1nnc([*:1])s1>>c1cnc([*:1])nc1,17,9,6,5.958607314841775,3.6020599913279625,2.356547323513812,0.6037735849056604,True,False,False,cross_context
STR-3BD3AAFB21D6F0AE245A,STR-B51853407B4A9AF321D2,CCN(C(=O)c1cc(F)ccc1Oc1nncnc1N1CCC2(C1)CN([*:1])C2)C(C)C,CC(C)[C@H](CCCO)[*:1],CC(C)[C@@H](CCCO)[*:1],CC(C)[C@H](CCCO)[*:1]>>CC(C)[C@@H](CCCO)[*:1],30,8,8,4.152489034796752,6.508638306165727,2.3561492713689747,1.0,True,True,True,same_assay
STR-6F0B243CDCAB8EEB6068,STR-A50D555FBD2E6BE12E86,N#CC(c1ccccc1)(C1CCN(CC2CN(c3ccc(S(=O)(=O)c4ccncc4)cc3)C2)CC1)[*:1],O=C(O[C@H]1CCC[C@@H]1[*:1])N1CCC1,CSC[C@@H]1CCC[C@H]1[*:1],O=C(O[C@H]1CCC[C@@H]1[*:1])N1CCC1>>CSC[C@@H]1CCC[C@H]1[*:1],35,12,8,7.1249387366083,4.769551078621726,2.355387657986574,0.6867469879518072,True,True,True,same_assay
STR-394215D949D57850FC96,STR-D67FE3A87A1AC07DC7FF,N=C(N)NCCC[C@@H]1NC(=O)C2(CCC2)NC(=O)[C@@H]2CCCN2C(=O)[C@H](Cc2cccc([*:1])c2)NC(=O)[C@@H](N)CCCCCCCCNC(=O)[C@@H]2CCCN2C1=O,Cl[*:1],CC(C)C[*:1],Cl[*:1]>>CC(C)C[*:1],56,1,4,6.798602875679549,4.443697499232713,2.354905376446836,0.8369565217391305,True,True,True,same_assay
STR-AEBCF9F47DC8FFE6B030,STR-B9852EE345EDCE391831,N#Cc1ccc(OCCCN2CCC(C(C#N)(c3ccccc3)[*:1])CC2)cc1,CNC(=O)O[C@@H]1CCC[C@H]1[*:1],O=C(C[*:1])N1CCCC1,CNC(=O)O[C@@H]1CCC[C@H]1[*:1]>>O=C(C[*:1])N1CCCC1,27,10,8,6.7495799976911055,4.3979400086720375,2.351639989019068,0.5733333333333334,True,True,True,same_assay
STR-08A590BAA6ADDB004EDA,STR-A1381CEB41898F753D78,N#CC(c1ccccc1)(C1CCN(CC2CN(c3ccc(S(=O)(=O)C4CC4)cc3)C2)CC1)[*:1],CC(=O)OC[C@@H]1CCC[C@H]1[*:1],COC(=O)N[C@H]1CCC[C@@H]1[*:1],CC(=O)OC[C@@H]1CCC[C@H]1[*:1]>>COC(=O)N[C@H]1CCC[C@@H]1[*:1],32,10,10,5.161150909262744,7.508638306165727,2.3474873969029826,0.7215189873417721,True,True,True,same_assay
STR-5B65D30F2628A312D8CA,STR-8D3A795E5B813D3BE51E,N#CC(c1ccccc1)(C1CCN(CC2CN(c3ccc(S(=O)(=O)c4ccncc4)cc3)C2)CC1)[*:1],CNC(=O)N[C@H]1CCC[C@@H]1[*:1],C1CCC([*:1])C1,CNC(=O)N[C@H]1CCC[C@@H]1[*:1]>>C1CCC([*:1])C1,35,10,5,8.045757490560675,5.698970004336019,2.346787486224656,0.72,True,True,True,same_assay
STR-5B65D30F2628A312D8CA,STR-FD744C47D05214C5E9EE,N#CC(c1ccccc1)(C1CCN(CC2CN(c3ccc(S(=O)(=O)c4ccncc4)cc3)C2)CC1)[*:1],CNC(=O)N[C@H]1CCC[C@@H]1[*:1],O=C(O[C@@H]1CCC[C@H]1[*:1])N1CCC1,CNC(=O)N[C@H]1CCC[C@@H]1[*:1]>>O=C(O[C@@H]1CCC[C@H]1[*:1])N1CCC1,35,10,12,8.045757490560675,5.698970004336019,2.346787486224656,0.6941176470588235,True,True,True,same_assay
STR-8D3A795E5B813D3BE51E,STR-990708AC2AD0842F3BCB,N#CC(c1ccccc1)(C1CCN(CC2CN(c3ccc(S(=O)(=O)c4ccncc4)cc3)C2)CC1)[*:1],C1CCC([*:1])C1,NC(=O)O[C@H]1CCC[C@@H]1[*:1],C1CCC([*:1])C1>>NC(=O)O[C@H]1CCC[C@@H]1[*:1],35,5,9,5.698970004336019,8.045757490560675,2.346787486224656,0.7397260273972602,True,True,True,same_assay
STR-990708AC2AD0842F3BCB,STR-FD744C47D05214C5E9EE,N#CC(c1ccccc1)(C1CCN(CC2CN(c3ccc(S(=O)(=O)c4ccncc4)cc3)C2)CC1)[*:1],NC(=O)O[C@H]1CCC[C@@H]1[*:1],O=C(O[C@@H]1CCC[C@H]1[*:1])N1CCC1,NC(=O)O[C@H]1CCC[C@@H]1[*:1]>>O=C(O[C@@H]1CCC[C@H]1[*:1])N1CCC1,35,9,12,8.045757490560675,5.698970004336019,2.346787486224656,0.8441558441558441,True,True,True,same_assay
STR-4D89EA9F20765D09F97C,STR-72BF5FE38870FA3B6280,CCN(C(=O)c1cc(F)ccc1Oc1nncnc1N1CCC2(C1)CN([*:1])C2)C(C)C,CC(C)[C@@H](CCN(C)C)[*:1],CC(C)[C@H](CCO)[*:1],CC(C)[C@@H](CCN(C)C)[*:1]>>CC(C)[C@H](CCO)[*:1],30,9,7,6.3979400086720375,4.051391450123564,2.3465485585484736,0.8947368421052632,True,True,True,same_assay
STR-334A6D2F1631C6ED2448,STR-4B497AB49DA0E85C14C0,CCc1cc2c(N3CCN([*:1])CC3)ncnc2s1,FC(F)(F)c1nnc([*:1])s1,C[*:1],FC(F)(F)c1nnc([*:1])s1>>C[*:1],17,9,1,5.958607314841775,3.612741517135725,2.3458657977060495,0.64,True,False,False,cross_context
STR-4963BC6466091AE476AA,STR-54ED728D29C775C2EEED,N#CC(c1ccccc1)(C1CCN(CC2CN(c3ccc(S(=O)(=O)c4ccncc4)cc3)C2)CC1)[C@H]1CCC[C@@H]1[*:1],CN1COCN([*:1])C1=O,CS(=O)(=O)CO[*:1],CN1COCN([*:1])C1=O>>CS(=O)(=O)CO[*:1],40,8,6,7.187086643357144,4.841637507904751,2.3454491354523936,0.6666666666666666,True,True,True,same_assay
STR-2CFC8301293C2B82E4A6,STR-4D89EA9F20765D09F97C,CCN(C(=O)c1cc(F)ccc1Oc1nncnc1N1CCC2(C1)CN([*:1])C2)C(C)C,CC(=O)NCCC[C@@H](C(C)C)[*:1],CC(C)[C@@H](CCN(C)C)[*:1],CC(=O)NCCC[C@@H](C(C)C)[*:1]>>CC(C)[C@@H](CCN(C)C)[*:1],30,11,9,4.064492734175287,6.3979400086720375,2.3334472744967503,0.8095238095238095,True,True,True,same_assay
STR-8271C886AE561654AC45,STR-D2329F0EB178ECBDC6B6,N#CC(c1ccccc1)(C1CCN(CC2CN(c3ccc(S(=O)(=O)c4ccncc4)cc3)C2)CC1)[*:1],CS(=O)(=O)CO[C@@H]1CCC[C@H]1[*:1],O=C(O[C@H]1CCC[C@@H]1[*:1])C1CCC1,CS(=O)(=O)CO[C@@H]1CCC[C@H]1[*:1]>>O=C(O[C@H]1CCC[C@@H]1[*:1])C1CCC1,35,11,12,4.634512015109101,6.954677021213342,2.320165006104242,0.7625,True,True,True,same_assay
STR-751E14E3FB418B1577CE,STR-79D75B6A88F0457FA1C2,N#CC(c1ccccc1)(C1CCN(CC2CN(c3ccc(S(=O)(=O)c4ccncc4)cc3)C2)CC1)[C@H]1CCC[C@@H]1[*:1],CNC(=O)C[*:1],CCC(=O)O[*:1],CNC(=O)C[*:1]>>CCC(=O)O[*:1],40,5,5,5.6807553715226815,8.0,2.3192446284773185,0.7142857142857143,True,True,True,same_assay
STR-751E14E3FB418B1577CE,STR-C24E330B171F75FD816E,N#CC(c1ccccc1)(C1CCN(CC2CN(c3ccc(S(=O)(=O)c4ccncc4)cc3)C2)CC1)[C@H]1CCC[C@@H]1[*:1],CNC(=O)C[*:1],CC(=O)N[*:1],CNC(=O)C[*:1]>>CC(=O)N[*:1],40,5,4,5.6807553715226815,8.0,2.3192446284773185,0.7530864197530864,True,True,True,same_assay
STR-64416BC7F3D621D83B3A,STR-6B28BBE0B01A6E185ED9,CC(=O)O[C@H]1CCC[C@@H]1C(C#N)(c1ccccc1)C1CCN(CC2CN(c3ccc([*:1])cc3)C2)CC1,O=C(O)[*:1],CS(=O)(=O)[*:1],O=C(O)[*:1]>>CS(=O)(=O)[*:1],35,3,4,4.82102305270683,7.136677139879544,2.315654087172714,0.8142857142857143,True,True,True,same_assay
STR-03825B6A51D0B0744A5D,STR-72BF5FE38870FA3B6280,CCN(C(=O)c1cc(F)ccc1Oc1nncnc1N1CCC2(C1)CN([*:1])C2)C(C)C,CNC(=O)NCCC[C@H](C(C)C)[*:1],CC(C)[C@H](CCO)[*:1],CNC(=O)NCCC[C@H](C(C)C)[*:1]>>CC(C)[C@H](CCO)[*:1],30,12,7,6.366531544420413,4.051391450123564,2.315140094296849,0.8095238095238095,True,True,True,same_assay
STR-8A96AEE3549DB26F33DD,STR-A540B6064EC41BB600F8,N#Cc1ccc(N2CC(CN3CCC(C(C#N)(c4cccc(F)c4)[*:1])CC3)C2)cc1,CC(=O)O[C@H]1CCC[C@@H]1[*:1],CC(=O)O[C@@H]1CCC[C@H]1[*:1],CC(=O)O[C@H]1CCC[C@@H]1[*:1]>>CC(=O)O[C@@H]1CCC[C@H]1[*:1],29,9,9,7.795880017344075,5.484126156288321,2.311753861055754,1.0,True,True,True,same_assay
STR-03825B6A51D0B0744A5D,STR-2CFC8301293C2B82E4A6,CCN(C(=O)c1cc(F)ccc1Oc1nncnc1N1CCC2(C1)CN([*:1])C2)C(C)C,CNC(=O)NCCC[C@H](C(C)C)[*:1],CC(=O)NCCC[C@@H](C(C)C)[*:1],CNC(=O)NCCC[C@H](C(C)C)[*:1]>>CC(=O)NCCC[C@@H](C(C)C)[*:1],30,12,11,6.366531544420413,4.064492734175287,2.3020388102451257,0.8823529411764706,True,True,True,same_assay
STR-09E54D8A9B952AC86D2A,STR-30E7F50211EE28460DBB,N#CC(c1ccccc1)(C1CCN(CC2CN(c3ccc(S(=O)(=O)c4ccncc4)cc3)C2)CC1)[*:1],CNC(=O)O[C@H]1CCC[C@@H]1[*:1],CN(C)C(=O)N[C@@H]1CCC[C@H]1[*:1],CNC(=O)O[C@H]1CCC[C@@H]1[*:1]>>CN(C)C(=O)N[C@@H]1CCC[C@H]1[*:1],35,10,11,8.221848749616356,5.920818753952375,2.3010299956639813,0.7261904761904762,True,True,True,same_assay
STR-79D75B6A88F0457FA1C2,STR-8D3A795E5B813D3BE51E,N#CC(c1ccccc1)(C1CCN(CC2CN(c3ccc(S(=O)(=O)c4ccncc4)cc3)C2)CC1)[*:1],CCC(=O)O[C@H]1CCC[C@@H]1[*:1],C1CCC([*:1])C1,CCC(=O)O[C@H]1CCC[C@@H]1[*:1]>>C1CCC([*:1])C1,35,10,5,8.0,5.698970004336019,2.3010299956639813,0.72,True,True,True,same_assay
STR-79D75B6A88F0457FA1C2,STR-FD744C47D05214C5E9EE,N#CC(c1ccccc1)(C1CCN(CC2CN(c3ccc(S(=O)(=O)c4ccncc4)cc3)C2)CC1)[*:1],CCC(=O)O[C@H]1CCC[C@@H]1[*:1],O=C(O[C@@H]1CCC[C@H]1[*:1])N1CCC1,CCC(=O)O[C@H]1CCC[C@@H]1[*:1]>>O=C(O[C@@H]1CCC[C@H]1[*:1])N1CCC1,35,10,12,8.0,5.698970004336019,2.3010299956639813,0.8227848101265823,True,True,True,same_assay
STR-8D3A795E5B813D3BE51E,STR-C24E330B171F75FD816E,N#CC(c1ccccc1)(C1CCN(CC2CN(c3ccc(S(=O)(=O)c4ccncc4)cc3)C2)CC1)[*:1],C1CCC([*:1])C1,CC(=O)N[C@H]1CCC[C@@H]1[*:1],C1CCC([*:1])C1>>CC(=O)N[C@H]1CCC[C@@H]1[*:1],35,5,9,5.698970004336019,8.0,2.3010299956639813,0.7397260273972602,True,True,True,same_assay
STR-C24E330B171F75FD816E,STR-FD744C47D05214C5E9EE,N#CC(c1ccccc1)(C1CCN(CC2CN(c3ccc(S(=O)(=O)c4ccncc4)cc3)C2)CC1)[*:1],CC(=O)N[C@H]1CCC[C@@H]1[*:1],O=C(O[C@@H]1CCC[C@H]1[*:1])N1CCC1,CC(=O)N[C@H]1CCC[C@@H]1[*:1]>>O=C(O[C@@H]1CCC[C@H]1[*:1])N1CCC1,35,9,12,8.0,5.698970004336019,2.3010299956639813,0.7108433734939759,True,True,True,same_assay
STR-44D7373FA75606A9FAF6,STR-AB1714536DDACDAFACEC,N#CC(c1ccccc1)(C1CCN(CC2CN(c3ccc(S(=O)(=O)C4CC4)cc3)C2)CC1)[C@H]1CCC[C@@H]1[*:1],CCNC(=O)[*:1],CC(=O)N[*:1],CCNC(=O)[*:1]>>CC(=O)N[*:1],37,5,4,5.251811972993799,7.537602002101044,2.285790029107245,0.7631578947368421,True,True,True,same_assay
STR-A723964BC2F481BF1509,STR-F1E7C121ED0AA1CBD4E4,N#CC(c1ccccc1)(C1CCN(CC2CN(c3ccc(S(=O)(=O)c4ccncc4)cc3)C2)CC1)[C@@H]1CCC[C@H]1OC(=O)[*:1],CC(C)[*:1],C1CC1[*:1],CC(C)[*:1]>>C1CC1[*:1],43,3,3,3.783570169123749,6.069050968832477,2.2854807997087283,0.8227848101265823,True,True,True,same_assay
STR-54ED728D29C775C2EEED,STR-6F0B243CDCAB8EEB6068,N#CC(c1ccccc1)(C1CCN(CC2CN(c3ccc(S(=O)(=O)c4ccncc4)cc3)C2)CC1)[C@H]1CCC[C@@H]1[*:1],CS(=O)(=O)CO[*:1],O=C(O[*:1])N1CCC1,CS(=O)(=O)CO[*:1]>>O=C(O[*:1])N1CCC1,40,6,7,4.841637507904751,7.1249387366083,2.2833012287035492,0.7530864197530864,True,True,True,same_assay
STR-695C2B9D19FE30A6368D,STR-F3CF2B91B4EE3E2B7CA5,c1ccc2c(c1)CCNC2(C1CCCC1)C1CCN(C[*:1])CC1,c1cnc(N2CC([*:1])C2)nc1,N#Cc1ccc(NCC[*:1])cc1,c1cnc(N2CC([*:1])C2)nc1>>N#Cc1ccc(NCC[*:1])cc1,22,10,11,4.335358024443875,6.617982957425132,2.282624932981257,0.4929577464788732,True,True,True,same_assay
STR-3456B22116DFBE0042D0,STR-3BD3AAFB21D6F0AE245A,CCN(C(=O)c1cc(F)ccc1Oc1nncnc1N1CCC2(C1)CN([*:1])C2)C(C)C,CC(C)NCC[C@H](C(C)C)[*:1],CC(C)[C@H](CCCO)[*:1],CC(C)NCC[C@H](C(C)C)[*:1]>>CC(C)[C@H](CCCO)[*:1],30,10,8,6.431798275933005,4.152489034796752,2.2793092411362528,0.8292682926829268,True,True,True,same_assay
STR-751E14E3FB418B1577CE,STR-A62EFE6B816DF994EE32,N#CC(c1ccccc1)(C1CCN(CC2CN(c3ccc(S(=O)(=O)c4ccncc4)cc3)C2)CC1)[C@H]1CCC[C@@H]1[*:1],CNC(=O)C[*:1],COC(=O)N[*:1],CNC(=O)C[*:1]>>COC(=O)N[*:1],40,5,5,5.6807553715226815,7.958607314841775,2.277851943319093,0.7349397590361446,True,True,True,same_assay
STR-94C191645BE5B0A1978A,STR-F6B3210B924167EFDCBB,N#CC(c1ccccc1)(C1CCN(CC2CN(c3ccc(S(=O)(=O)c4ccncc4)cc3)C2)CC1)[*:1],O=C(O[C@H]1CCC[C@@H]1[*:1])C1CC1,CCNC(=O)O[C@@H]1CCC[C@H]1[*:1],O=C(O[C@H]1CCC[C@@H]1[*:1])C1CC1>>CCNC(=O)O[C@@H]1CCC[C@H]1[*:1],35,11,11,7.744727494896693,5.468521082957745,2.276206411938948,0.8125,True,True,True,same_assay
STR-39162221D259757C11ED,STR-B9B055BBCE39C09309A4,Cn1cc(S(=O)(=O)c2ccc(N3CC(CN4CCC(C(Cn5ccnc5)(c5ccccc5)[*:1])CC4)C3)cc2)cn1,CN(C)C(=O)N[C@H]1CCC[C@@H]1[*:1],CN(C)C(=O)N[C@@H]1CCC[C@H]1[*:1],CN(C)C(=O)N[C@H]1CCC[C@@H]1[*:1]>>CN(C)C(=O)N[C@@H]1CCC[C@H]1[*:1],39,11,11,8.221848749616356,5.947306058075032,2.274542691541324,1.0,True,True,True,same_assay
STR-607EE12240E722EC08AE,STR-74AB0C5D40C92C89D385,N#Cc1ccc(N2CC(CN3CCC([C@@](C#N)(c4ccccc4)[*:1])CC3)C2)cc1,CC(=O)N[C@H]1CCC[C@@H]1[*:1],CO[C@@H]1CCC[C@H]1[*:1],CC(=O)N[C@H]1CCC[C@@H]1[*:1]>>CO[C@@H]1CCC[C@H]1[*:1],28,9,7,6.991399828238082,4.718966632752273,2.2724331954858092,0.7,True,True,True,same_assay
STR-30D1E5B8E9867EA8DE8A,STR-A723964BC2F481BF1509,N#CC(c1ccccc1)(C1CCN(CC2CN(c3ccc(S(=O)(=O)c4ccncc4)cc3)C2)CC1)[C@@H]1CCC[C@H]1[*:1],CNC(=O)N[*:1],CC(C)C(=O)O[*:1],CNC(=O)N[*:1]>>CC(C)C(=O)O[*:1],40,5,6,6.055024091587953,3.783570169123749,2.271453922464204,0.7058823529411765,True,True,True,same_assay
STR-13602A865FEABB9329F4,STR-E6C9DB27889E0D91BF2B,N#Cc1ccc(N2CC(CN3CCC([C@@](C#N)(c4ccccc4)[C@H]4CCC[C@@H]4[*:1])CC3)C2)cc1,CCO[*:1],COC(=O)N[*:1],CCO[*:1]>>COC(=O)N[*:1],33,3,5,5.267606240177031,7.537602002101044,2.2699957619240134,0.684931506849315,True,True,True,same_assay
STR-5B65D30F2628A312D8CA,STR-F56D36E1BD6B0DD11077,N#CC(c1ccccc1)(C1CCN(CC2CN(c3ccc(S(=O)(=O)c4ccncc4)cc3)C2)CC1)[*:1],CNC(=O)N[C@H]1CCC[C@@H]1[*:1],CC(=O)O[C@@H]1CCC[C@H]1[*:1],CNC(=O)N[C@H]1CCC[C@@H]1[*:1]>>CC(=O)O[C@@H]1CCC[C@H]1[*:1],35,10,9,8.045757490560675,5.77642098432889,2.2693365062317845,0.7317073170731707,True,True,True,same_assay
STR-990708AC2AD0842F3BCB,STR-F56D36E1BD6B0DD11077,N#CC(c1ccccc1)(C1CCN(CC2CN(c3ccc(S(=O)(=O)c4ccncc4)cc3)C2)CC1)[*:1],NC(=O)O[C@H]1CCC[C@@H]1[*:1],CC(=O)O[C@@H]1CCC[C@H]1[*:1],NC(=O)O[C@H]1CCC[C@@H]1[*:1]>>CC(=O)O[C@@H]1CCC[C@H]1[*:1],35,9,9,8.045757490560675,5.77642098432889,2.2693365062317845,0.8666666666666667,True,True,True,same_assay
STR-073AD85CF5EE1E9C87AB,STR-547D0767F033066A0D80,O=S(=O)(c1ccncc1)c1ccc(N2CC(CN3CCC(C4(C5CCCC5)CN(C[*:1])Cc5ccccc54)CC3)C2)cc1,C[*:1],c1cc([*:1])ccn1,C[*:1]>>c1cc([*:1])ccn1,42,1,6,8.221848749616356,5.952764435679177,2.269084313937179,0.8405797101449275,True,True,True,same_assay
STR-44F56F5A5BFB18B77986,STR-55DFB8550CA6D0317DA0,N=C(N)NCCC[C@@H]1NC(=O)C2(CCC2)NC(=O)[C@@H]2CCCN2C(=O)[C@H](Cc2cccc([*:1])c2)NC(=O)[C@@H](N)CCCCCCCCNC(=O)[C@@H]2CCCN2C1=O,CC[*:1],F[*:1],CC[*:1]>>F[*:1],56,2,1,5.336299074610352,7.600326278518962,2.2640272039086096,0.875,True,True,True,same_assay
STR-A723964BC2F481BF1509,STR-C52DE5B6B6E8022BCAB7,N#CC(c1ccccc1)(C1CCN(CC2CN(c3ccc(S(=O)(=O)c4ccncc4)cc3)C2)CC1)[*:1],CC(C)C(=O)O[C@@H]1CCC[C@H]1[*:1],OCC[C@H]1CCC[C@@H]1[*:1],CC(C)C(=O)O[C@@H]1CCC[C@H]1[*:1]>>OCC[C@H]1CCC[C@@H]1[*:1],35,11,8,3.783570169123749,6.047207556955907,2.2636373878321585,0.7073170731707317,True,True,True,same_assay
STR-00A1D39E2CC2B5C8F906,STR-94C191645BE5B0A1978A,N#CC(c1ccccc1)(C1CCN(CC2CN(c3ccc(S(=O)(=O)c4ccncc4)cc3)C2)CC1)[*:1],CS(=O)(=O)C[C@@H]1CCC[C@H]1[*:1],O=C(O[C@H]1CCC[C@@H]1[*:1])C1CC1,CS(=O)(=O)C[C@@H]1CCC[C@H]1[*:1]>>O=C(O[C@H]1CCC[C@@H]1[*:1])C1CC1,35,10,11,5.481486060122112,7.744727494896693,2.2632414347745806,0.7037037037037037,True,True,True,same_assay
STR-E5059C295BEFCBEAC7A4,STR-E971954B90C3DF1122E8,N#CC(c1ccccc1)(C1CCN(CC2CN(c3ccc(S(=O)(=O)C4CC4)cc3)C2)CC1)[*:1],CC(=O)N[C@@H]1CCC[C@H]1[*:1],CC(=O)O[C@H]1CCC[C@@H]1[*:1],CC(=O)N[C@@H]1CCC[C@H]1[*:1]>>CC(=O)O[C@H]1CCC[C@@H]1[*:1],32,9,9,5.481486060122112,7.744727494896693,2.2632414347745806,0.76,True,True,True,same_assay
STR-8D3A795E5B813D3BE51E,STR-A62EFE6B816DF994EE32,N#CC(c1ccccc1)(C1CCN(CC2CN(c3ccc(S(=O)(=O)c4ccncc4)cc3)C2)CC1)[*:1],C1CCC([*:1])C1,COC(=O)N[C@H]1CCC[C@@H]1[*:1],C1CCC([*:1])C1>>COC(=O)N[C@H]1CCC[C@@H]1[*:1],35,5,10,5.698970004336019,7.958607314841775,2.259637310505756,0.72,True,True,True,same_assay
STR-A62EFE6B816DF994EE32,STR-FD744C47D05214C5E9EE,N#CC(c1ccccc1)(C1CCN(CC2CN(c3ccc(S(=O)(=O)c4ccncc4)cc3)C2)CC1)[*:1],COC(=O)N[C@H]1CCC[C@@H]1[*:1],O=C(O[C@@H]1CCC[C@H]1[*:1])N1CCC1,COC(=O)N[C@H]1CCC[C@@H]1[*:1]>>O=C(O[C@@H]1CCC[C@H]1[*:1])N1CCC1,35,10,12,7.958607314841775,5.698970004336019,2.259637310505756,0.7142857142857143,True,True,True,same_assay
STR-6D83836432314425AF74,STR-72BF5FE38870FA3B6280,CCN(C(=O)c1cc(F)ccc1Oc1nncnc1N1CCC2(C1)CN([*:1])C2)C(C)C,CC(C)[C@@H](CCO)[*:1],CC(C)[C@H](CCO)[*:1],CC(C)[C@@H](CCO)[*:1]>>CC(C)[C@H](CCO)[*:1],30,7,7,6.309803919971486,4.051391450123564,2.258412469847922,1.0,True,True,True,same_assay
STR-44D7373FA75606A9FAF6,STR-A1381CEB41898F753D78,N#CC(c1ccccc1)(C1CCN(CC2CN(c3ccc(S(=O)(=O)C4CC4)cc3)C2)CC1)[C@H]1CCC[C@@H]1[*:1],CCNC(=O)[*:1],COC(=O)N[*:1],CCNC(=O)[*:1]>>COC(=O)N[*:1],37,5,5,5.251811972993799,7.508638306165727,2.2568263331719276,0.7435897435897436,True,True,True,same_assay
STR-06E53FF33324D9B1A44A,STR-4C43BCDB33EE423B9ECC,N#Cc1ccc(OCCCN2CCC(C(C#N)(c3ccccc3)[*:1])CC2)cc1,CNC(=O)O[C@H]1CCC[C@@H]1[*:1],CO[C@@H]1CCC[C@@H]1[*:1],CNC(=O)O[C@H]1CCC[C@@H]1[*:1]>>CO[C@@H]1CCC[C@@H]1[*:1],27,10,7,7.698970004336019,5.443697499232712,2.2552725051033065,0.7611940298507462,True,True,True,same_assay
STR-904EC5EDA40AA8AB23C1,STR-ED2163A2DFC4C94EBA76,N=C(N)NCCC[C@@H]1NC(=O)C2(CCC2)NC(=O)[C@@H]2CCCN2C(=O)[C@H](C[*:1])NC(=O)[C@@H](N)CCCCCCCCNC(=O)[C@@H]2CCCN2C1=O,Fc1cc(F)cc([*:1])c1,C1CCC([*:1])CC1,Fc1cc(F)cc([*:1])c1>>C1CCC([*:1])CC1,50,8,6,7.732828271596986,5.47755576649368,2.2552725051033065,0.7857142857142857,True,True,True,same_assay
STR-BF401908AD838E3D878A,STR-FF3501C24AF8F8557BD2,N#CC(c1ccccc1)(C1CCN(CC2CN(c3ccc(S(=O)(=O)c4ccc(C(=O)O)cc4)cc3)C2)CC1)[*:1],COC(=O)N[C@@H]1CCC[C@H]1[*:1],COC(=O)N[C@H]1CCC[C@@H]1[*:1],COC(=O)N[C@@H]1CCC[C@H]1[*:1]>>COC(=O)N[C@H]1CCC[C@@H]1[*:1],38,10,10,5.568636235841012,7.823908740944319,2.2552725051033065,1.0,True,True,True,same_assay
STR-AA65E7D5BF8C15D9F669,STR-E971954B90C3DF1122E8,N#CC(c1ccccc1)(C1CCN(CC2CN(c3ccc(S(=O)(=O)C4CC4)cc3)C2)CC1)[C@H]1CCC[C@@H]1[*:1],CNC(=O)[*:1],CC(=O)O[*:1],CNC(=O)[*:1]>>CC(=O)O[*:1],37,4,4,5.494850021680094,7.744727494896693,2.249877473216599,0.7368421052631579,True,True,True,same_assay
STR-3BD3AAFB21D6F0AE245A,STR-4D89EA9F20765D09F97C,CCN(C(=O)c1cc(F)ccc1Oc1nncnc1N1CCC2(C1)CN([*:1])C2)C(C)C,CC(C)[C@H](CCCO)[*:1],CC(C)[C@@H](CCN(C)C)[*:1],CC(C)[C@H](CCCO)[*:1]>>CC(C)[C@@H](CCN(C)C)[*:1],30,8,9,4.152489034796752,6.3979400086720375,2.2454509738752852,0.8607594936708861,True,True,True,same_assay
STR-2CFC8301293C2B82E4A6,STR-6D83836432314425AF74,CCN(C(=O)c1cc(F)ccc1Oc1nncnc1N1CCC2(C1)CN([*:1])C2)C(C)C,CC(=O)NCCC[C@@H](C(C)C)[*:1],CC(C)[C@@H](CCO)[*:1],CC(=O)NCCC[C@@H](C(C)C)[*:1]>>CC(C)[C@@H](CCO)[*:1],30,11,7,4.064492734175287,6.309803919971486,2.245311185796199,0.8292682926829268,True,True,True,same_assay
STR-18A0CA3C76D3D31427DE,STR-AB1714536DDACDAFACEC,N#CC(c1ccccc1)(C1CCN(CC2CN(c3ccc(S(=O)(=O)C4CC4)cc3)C2)CC1)[*:1],COC(=O)[C@@H]1CCC[C@H]1[*:1],CC(=O)N[C@H]1CCC[C@@H]1[*:1],COC(=O)[C@@H]1CCC[C@H]1[*:1]>>CC(=O)N[C@H]1CCC[C@@H]1[*:1],32,9,9,5.292429823902063,7.537602002101044,2.245172178198981,0.7837837837837838,True,True,True,same_assay
STR-6F61DD7B53632CC333BC,STR-AB1714536DDACDAFACEC,N#CC(c1ccccc1)(C1CCN(CC2CN(c3ccc(S(=O)(=O)C4CC4)cc3)C2)CC1)[*:1],COC(=O)N[C@@H]1CCC[C@H]1[*:1],CC(=O)N[C@H]1CCC[C@@H]1[*:1],COC(=O)N[C@@H]1CCC[C@H]1[*:1]>>CC(=O)N[C@H]1CCC[C@@H]1[*:1],32,10,9,5.292429823902063,7.537602002101044,2.245172178198981,0.8611111111111112,True,True,True,same_assay
STR-751E14E3FB418B1577CE,STR-FB20DDC3426AF551283B,N#CC(c1ccccc1)(C1CCN(CC2CN(c3ccc(S(=O)(=O)c4ccncc4)cc3)C2)CC1)[C@H]1CCC[C@@H]1[*:1],CNC(=O)C[*:1],CN(C)C(=O)N[*:1],CNC(=O)C[*:1]>>CN(C)C(=O)N[*:1],40,5,6,5.6807553715226815,7.920818753952375,2.2400633824296934,0.7261904761904762,True,True,True,same_assay
STR-40FF751350DD414E6552,STR-E082AD0DE1F3A12CC536,N#Cc1ccc(OCCCN2CCC(C(C#N)(c3ccccc3F)[*:1])CC2)cc1,CC(=O)O[C@@H]1CCC[C@H]1[*:1],CC(=O)O[C@H]1CCC[C@@H]1[*:1],CC(=O)O[C@@H]1CCC[C@H]1[*:1]>>CC(=O)O[C@H]1CCC[C@@H]1[*:1],28,9,9,4.943095148663527,7.180456064458131,2.2373609157946035,1.0,True,True,True,same_assay
STR-AEBCF9F47DC8FFE6B030,STR-F90A7CDFC3BE1549AAD5,N#Cc1ccc(OCCCN2CCC(C(C#N)(c3ccccc3)[*:1])CC2)cc1,CNC(=O)O[C@@H]1CCC[C@H]1[*:1],CC(=O)N1CCCC([*:1])C1,CNC(=O)O[C@@H]1CCC[C@H]1[*:1]>>CC(=O)N1CCCC([*:1])C1,27,10,9,6.7495799976911055,4.51427857351842,2.235301424172685,0.64,True,True,True,same_assay
STR-30E7F50211EE28460DBB,STR-7C604423619052A15AC8,N#CC(c1ccccc1)(C1CCN(CC2CN(c3ccc(S(=O)(=O)c4ccncc4)cc3)C2)CC1)[*:1],CN(C)C(=O)N[C@@H]1CCC[C@H]1[*:1],CC(=O)O[C@H]1CCC[C@@H]1[*:1],CN(C)C(=O)N[C@@H]1CCC[C@H]1[*:1]>>CC(=O)O[C@H]1CCC[C@@H]1[*:1],35,11,9,5.920818753952375,8.154901959985743,2.234083206033368,0.7228915662650602,True,True,True,same_assay
STR-1DF62CB592FCCE0FC1BB,STR-AB1714536DDACDAFACEC,N#CC(c1ccccc1)(C1CCN(CC2CN(c3ccc(S(=O)(=O)C4CC4)cc3)C2)CC1)[C@H]1CCC[C@@H]1[*:1],COC[*:1],CC(=O)N[*:1],COC[*:1]>>CC(=O)N[*:1],37,3,4,5.309803919971486,7.537602002101044,2.227798082129558,0.7105263157894737,True,True,True,same_assay
STR-79D75B6A88F0457FA1C2,STR-F56D36E1BD6B0DD11077,N#CC(c1ccccc1)(C1CCN(CC2CN(c3ccc(S(=O)(=O)c4ccncc4)cc3)C2)CC1)[*:1],CCC(=O)O[C@H]1CCC[C@@H]1[*:1],CC(=O)O[C@@H]1CCC[C@H]1[*:1],CCC(=O)O[C@H]1CCC[C@@H]1[*:1]>>CC(=O)O[C@@H]1CCC[C@H]1[*:1],35,10,9,8.0,5.77642098432889,2.2235790156711097,0.868421052631579,True,True,True,same_assay
STR-C24E330B171F75FD816E,STR-F56D36E1BD6B0DD11077,N#CC(c1ccccc1)(C1CCN(CC2CN(c3ccc(S(=O)(=O)c4ccncc4)cc3)C2)CC1)[*:1],CC(=O)N[C@H]1CCC[C@@H]1[*:1],CC(=O)O[C@@H]1CCC[C@H]1[*:1],CC(=O)N[C@H]1CCC[C@@H]1[*:1]>>CC(=O)O[C@@H]1CCC[C@H]1[*:1],35,9,9,8.0,5.77642098432889,2.2235790156711097,0.7721518987341772,True,True,True,same_assay
STR-09E54D8A9B952AC86D2A,STR-65405A355B35D329B436,N#CC(c1ccccc1)(C1CCN(CC2CN(c3ccc(S(=O)(=O)c4ccncc4)cc3)C2)CC1)[*:1],CNC(=O)O[C@H]1CCC[C@@H]1[*:1],CCC(=O)O[C@@H]1CCC[C@H]1[*:1],CNC(=O)O[C@H]1CCC[C@@H]1[*:1]>>CCC(=O)O[C@@H]1CCC[C@H]1[*:1],35,10,10,8.221848749616356,6.0,2.221848749616356,0.8461538461538461,True,True,True,same_assay
STR-8D3A795E5B813D3BE51E,STR-FB20DDC3426AF551283B,N#CC(c1ccccc1)(C1CCN(CC2CN(c3ccc(S(=O)(=O)c4ccncc4)cc3)C2)CC1)[*:1],C1CCC([*:1])C1,CN(C)C(=O)N[C@H]1CCC[C@@H]1[*:1],C1CCC([*:1])C1>>CN(C)C(=O)N[C@H]1CCC[C@@H]1[*:1],35,5,11,5.698970004336019,7.920818753952375,2.221848749616356,0.7105263157894737,True,True,True,same_assay
STR-FB20DDC3426AF551283B,STR-FD744C47D05214C5E9EE,N#CC(c1ccccc1)(C1CCN(CC2CN(c3ccc(S(=O)(=O)c4ccncc4)cc3)C2)CC1)[*:1],CN(C)C(=O)N[C@H]1CCC[C@@H]1[*:1],O=C(O[C@@H]1CCC[C@H]1[*:1])N1CCC1,CN(C)C(=O)N[C@H]1CCC[C@@H]1[*:1]>>O=C(O[C@@H]1CCC[C@H]1[*:1])N1CCC1,35,11,12,7.920818753952375,5.698970004336019,2.221848749616356,0.686046511627907,True,True,True,same_assay
STR-241F2E6DC7BEF8AE2212,STR-C5BD1A6A0620B892A540,CCN(C(=O)c1cc(F)ccc1Oc1nncnc1N1CCC2(C1)CN([*:1])C2)C(C)C,CNC(=O)NCCC[C@@H](C(C)C)[*:1],CC(C)[C@@H](CCCCN)[*:1],CNC(=O)NCCC[C@@H](C(C)C)[*:1]>>CC(C)[C@@H](CCCCN)[*:1],30,12,9,4.350081281264581,6.568636235841012,2.2185549545764314,0.8045977011494253,True,True,True,same_assay
STR-241F2E6DC7BEF8AE2212,STR-F80C61F109C8A7A8A056,CCN(C(=O)c1cc(F)ccc1Oc1nncnc1N1CCC2(C1)CN([*:1])C2)C(C)C,CNC(=O)NCCC[C@@H](C(C)C)[*:1],CC(C)[C@@H](CCN)[*:1],CNC(=O)NCCC[C@@H](C(C)C)[*:1]>>CC(C)[C@@H](CCN)[*:1],30,12,7,4.350081281264581,6.568636235841012,2.2185549545764314,0.7906976744186046,True,True,True,same_assay
STR-5470E2C155BCDC752B33,STR-6B610F98DBC51ED4955E,N#CC(c1ccccc1)(C1CCN(CC2CN(c3ccc(S(=O)(=O)c4ccncc4)cc3)C2)CC1)[*:1],CCNC(=O)O[C@H]1CCC[C@@H]1[*:1],CCCC(=O)O[C@@H]1CCC[C@H]1[*:1],CCNC(=O)O[C@H]1CCC[C@@H]1[*:1]>>CCCC(=O)O[C@@H]1CCC[C@H]1[*:1],35,11,11,6.769551078621726,4.552841968657781,2.2167091099639453,0.8271604938271605,True,True,True,same_assay
STR-65405A355B35D329B436,STR-A723964BC2F481BF1509,N#CC(c1ccccc1)(C1CCN(CC2CN(c3ccc(S(=O)(=O)c4ccncc4)cc3)C2)CC1)[C@@H]1CCC[C@H]1OC(=O)[*:1],CC[*:1],CC(C)[*:1],CC[*:1]>>CC(C)[*:1],43,2,3,6.0,3.783570169123749,2.216429830876251,0.8354430379746836,True,True,True,same_assay
STR-18A0CA3C76D3D31427DE,STR-A1381CEB41898F753D78,N#CC(c1ccccc1)(C1CCN(CC2CN(c3ccc(S(=O)(=O)C4CC4)cc3)C2)CC1)[*:1],COC(=O)[C@@H]1CCC[C@H]1[*:1],COC(=O)N[C@H]1CCC[C@@H]1[*:1],COC(=O)[C@@H]1CCC[C@H]1[*:1]>>COC(=O)N[C@H]1CCC[C@@H]1[*:1],32,9,10,5.292429823902063,7.508638306165727,2.2162084822636636,0.8108108108108109,True,True,True,same_assay
STR-6F61DD7B53632CC333BC,STR-A1381CEB41898F753D78,N#CC(c1ccccc1)(C1CCN(CC2CN(c3ccc(S(=O)(=O)C4CC4)cc3)C2)CC1)[*:1],COC(=O)N[C@@H]1CCC[C@H]1[*:1],COC(=O)N[C@H]1CCC[C@@H]1[*:1],COC(=O)N[C@@H]1CCC[C@H]1[*:1]>>COC(=O)N[C@H]1CCC[C@@H]1[*:1],32,10,10,5.292429823902063,7.508638306165727,2.2162084822636636,1.0,True,True,True,same_assay
STR-03825B6A51D0B0744A5D,STR-3BD3AAFB21D6F0AE245A,CCN(C(=O)c1cc(F)ccc1Oc1nncnc1N1CCC2(C1)CN([*:1])C2)C(C)C,CNC(=O)NCCC[C@H](C(C)C)[*:1],CC(C)[C@H](CCCO)[*:1],CNC(=O)NCCC[C@H](C(C)C)[*:1]>>CC(C)[C@H](CCCO)[*:1],30,12,8,6.366531544420413,4.152489034796752,2.2140425096236607,0.8235294117647058,True,True,True,same_assay
STR-13602A865FEABB9329F4,STR-C7F0E76CC5EC752D86FB,N#Cc1ccc(N2CC(CN3CCC([C@@](C#N)(c4ccccc4)[C@H]4CCC[C@@H]4[*:1])CC3)C2)cc1,CCO[*:1],CCC(=O)O[*:1],CCO[*:1]>>CCC(=O)O[*:1],33,3,5,5.267606240177031,7.481486060122112,2.213879819945081,0.782608695652174,True,True,True,same_assay
STR-077D7D9C480B1958E4A3,STR-435B0469D981B3FB0F4C,Fc1ccc(Oc2nncnc2N2CCC3(C2)CN([*:1])C3)c(-c2cncnc2C2CC2)c1,CNC(=O)CC[C@H](C(C)C)[*:1],CNC(=O)CC[C@@H](C(C)C)[*:1],CNC(=O)CC[C@H](C(C)C)[*:1]>>CNC(=O)CC[C@@H](C(C)C)[*:1],31,10,10,4.224025668870631,6.431798275933005,2.207772607062374,1.0,True,True,True,same_assay
STR-B9B055BBCE39C09309A4,STR-BEF59984678C49DF2998,Cn1cc(S(=O)(=O)c2ccc(N3CC(CN4CCC(C(Cn5ccnc5)(c5ccccc5)[*:1])CC4)C3)cc2)cn1,CN(C)C(=O)N[C@@H]1CCC[C@H]1[*:1],COC(=O)N[C@H]1CCC[C@@H]1[*:1],CN(C)C(=O)N[C@@H]1CCC[C@H]1[*:1]>>COC(=O)N[C@H]1CCC[C@@H]1[*:1],39,11,10,5.947306058075032,8.154901959985743,2.207595901910711,0.8539325842696629,True,True,True,same_assay
STR-241F2E6DC7BEF8AE2212,STR-9EEB3BED6CC8A84F57AD,CCN(C(=O)c1cc(F)ccc1Oc1nncnc1N1CCC2(C1)CN([*:1])C2)C(C)C,CNC(=O)NCCC[C@@H](C(C)C)[*:1],CC(C)C(CCN)[*:1],CNC(=O)NCCC[C@@H](C(C)C)[*:1]>>CC(C)C(CCN)[*:1],30,12,7,4.350081281264581,6.552841968657781,2.2027606873931997,0.7906976744186046,True,True,True,same_assay
STR-1E41EA89AAF9C5AE998F,STR-547D0767F033066A0D80,O=S(=O)(c1ccncc1)c1ccc(N2CC(CN3CCC(C4(C5CCCC5)CN([*:1])Cc5ccccc54)CC3)C2)cc1,CC(C)[*:1],c1cc(C[*:1])ccn1,CC(C)[*:1]>>c1cc(C[*:1])ccn1,41,3,7,8.154901959985743,5.952764435679177,2.2021375243065657,0.7671232876712328,True,True,True,same_assay
STR-547D0767F033066A0D80,STR-A70185AE5063299B6804,O=S(=O)(c1ccncc1)c1ccc(N2CC(CN3CCC(C4(C5CCCC5)CN(C[*:1])Cc5ccccc54)CC3)C2)cc1,c1cc([*:1])ccn1,C1CC1[*:1],c1cc([*:1])ccn1>>C1CC1[*:1],42,6,3,5.952764435679177,8.154901959985743,2.2021375243065657,0.8656716417910447,True,True,True,same_assay
STR-4963BC6466091AE476AA,STR-E15050249B2D732BD2E2,N#CC(c1ccccc1)(C1CCN(CC2CN(c3ccc(S(=O)(=O)c4ccncc4)cc3)C2)CC1)[C@H]1CCC[C@@H]1[*:1],CN1COCN([*:1])C1=O,CSC[*:1],CN1COCN([*:1])C1=O>>CSC[*:1],40,8,3,7.187086643357144,4.987162775294828,2.1999238680623163,0.6823529411764706,True,True,True,same_assay
STR-1DF62CB592FCCE0FC1BB,STR-A1381CEB41898F753D78,N#CC(c1ccccc1)(C1CCN(CC2CN(c3ccc(S(=O)(=O)C4CC4)cc3)C2)CC1)[C@H]1CCC[C@@H]1[*:1],COC[*:1],COC(=O)N[*:1],COC[*:1]>>COC(=O)N[*:1],37,3,5,5.309803919971486,7.508638306165727,2.1988343861942408,0.7368421052631579,True,True,True,same_assay
STR-36584B3033D9C455D195,STR-A6D8AB953E61D44AA038,N#Cc1ccc(OCCCN2CCC(C3([*:1])NCCc4ccccc43)CC2)cc1,C1CCC([*:1])C1,CCC(C)C[*:1],C1CCC([*:1])C1>>CCC(C)C[*:1],28,5,5,7.1487416512809245,4.950781977329818,2.1979596739511065,0.6716417910447762,True,True,True,same_assay
STR-B42C6A96CD90C7D4D5BD,STR-FD2C6D69C0E7C03090A5,CCN(C(=O)c1cc(F)ccc1Oc1nncnc1N1CCC2(C1)CN([*:1])C2)C(C)C,CC(C)[C@@H](CCC(C)(C)N)[*:1],CC(C)[C@H](CN)[*:1],CC(C)[C@@H](CCC(C)(C)N)[*:1]>>CC(C)[C@H](CN)[*:1],30,10,6,7.173925197299173,4.9779842601822795,2.1959409371168936,0.8271604938271605,True,True,True,same_assay
STR-AB1714536DDACDAFACEC,STR-B9EA30DEB7647D41BA70,N#CC(c1ccccc1)(C1CCN(CC2CN(c3ccc(S(=O)(=O)C4CC4)cc3)C2)CC1)[*:1],CC(=O)N[C@H]1CCC[C@@H]1[*:1],COC[C@@H]1CCC[C@H]1[*:1],CC(=O)N[C@H]1CCC[C@@H]1[*:1]>>COC[C@@H]1CCC[C@H]1[*:1],32,9,8,7.537602002101044,5.346787486224656,2.1908145158763883,0.7105263157894737,True,True,True,same_assay
STR-BA4B8BF78E2F3EDB8F63,STR-FD2C6D69C0E7C03090A5,CCN(C(=O)c1cc(F)ccc1Oc1nncnc1N1CCC2(C1)CN([*:1])C2)C(C)C,CC(C)[C@@H](CCNCCC(N)=O)[*:1],CC(C)[C@H](CN)[*:1],CC(C)[C@@H](CCNCCC(N)=O)[*:1]>>CC(C)[C@H](CN)[*:1],30,12,6,7.167491087293763,4.9779842601822795,2.189506827111484,0.7976190476190477,True,True,True,same_assay
STR-241F2E6DC7BEF8AE2212,STR-E897A6DD984B887A023C,CCN(C(=O)c1cc(F)ccc1Oc1nncnc1N1CCC2(C1)CN([*:1])C2)C(C)C,CNC(=O)NCCC[C@@H](C(C)C)[*:1],CC(C)[C@@H](CCNCCO)[*:1],CNC(=O)NCCC[C@@H](C(C)C)[*:1]>>CC(C)[C@@H](CCNCCO)[*:1],30,12,10,4.350081281264581,6.537602002101044,2.1875207208364635,0.7954545454545454,True,True,True,same_assay
STR-0762484A1F8E76578E66,STR-72BF5FE38870FA3B6280,CCN(C(=O)c1cc(F)ccc1Oc1nncnc1N1CCC2(C1)CN([*:1])C2)C(C)C,CCNCC[C@H](C(C)C)[*:1],CC(C)[C@H](CCO)[*:1],CCNCC[C@H](C(C)C)[*:1]>>CC(C)[C@H](CCO)[*:1],30,9,7,6.236572006437063,4.051391450123564,2.185180556313499,0.8831168831168831,True,True,True,same_assay
STR-A50D555FBD2E6BE12E86,STR-D2329F0EB178ECBDC6B6,N#CC(c1ccccc1)(C1CCN(CC2CN(c3ccc(S(=O)(=O)c4ccncc4)cc3)C2)CC1)[*:1],CSC[C@@H]1CCC[C@H]1[*:1],O=C(O[C@H]1CCC[C@@H]1[*:1])C1CCC1,CSC[C@@H]1CCC[C@H]1[*:1]>>O=C(O[C@H]1CCC[C@@H]1[*:1])C1CCC1,35,8,12,4.769551078621726,6.954677021213342,2.1851259425916165,0.6951219512195121,True,True,True,same_assay
STR-0EB8573BEAC1C0A492BB,STR-2E8A075F614E722CE8DF,CC(=O)O[C@@H]1CCC[C@H]1C(C#N)(c1ccccc1)C1CCN(CC2CN(c3ccc(S(=O)(=O)[*:1])cc3)C2)CC1,C[*:1],Cc1cc([*:1])ccn1,C[*:1]>>Cc1cc([*:1])ccn1,38,1,7,5.585026652029182,7.769551078621726,2.184524426592544,0.7625,True,True,True,same_assay
STR-571CCDCD3D693D6D5618,STR-B1B50BB9C2198BA2F3F2,N#Cc1ccc(N2CC(CN3CCC([C@@](C#N)(c4cccc(F)c4)[C@H]4CCC[C@@H]4[*:1])CC3)C2)cc1,C=CC(=O)N[*:1],C=CS(=O)(=O)N[*:1],C=CC(=O)N[*:1]>>C=CS(=O)(=O)N[*:1],34,5,6,8.154901959985743,5.97061622231479,2.184285737670953,0.7721518987341772,True,True,True,same_assay
STR-A62EFE6B816DF994EE32,STR-F56D36E1BD6B0DD11077,N#CC(c1ccccc1)(C1CCN(CC2CN(c3ccc(S(=O)(=O)c4ccncc4)cc3)C2)CC1)[*:1],COC(=O)N[C@H]1CCC[C@@H]1[*:1],CC(=O)O[C@@H]1CCC[C@H]1[*:1],COC(=O)N[C@H]1CCC[C@@H]1[*:1]>>CC(=O)O[C@@H]1CCC[C@H]1[*:1],35,10,9,7.958607314841775,5.77642098432889,2.1821863305128844,0.7530864197530864,True,True,True,same_assay
STR-36584B3033D9C455D195,STR-7A6579C0FCDE81940F28,N#Cc1ccc(OCCCN2CCC(C3([*:1])NCCc4ccccc43)CC2)cc1,C1CCC([*:1])C1,O=S1(=O)CCCC1[*:1],C1CCC([*:1])C1>>O=S1(=O)CCCC1[*:1],28,5,7,7.1487416512809245,4.97061622231479,2.1781254289661343,0.7692307692307693,True,True,True,same_assay
STR-607EE12240E722EC08AE,STR-6F1C926A5BCCC888A7D5,N#Cc1ccc(N2CC(CN3CCC([C@@](C#N)(c4ccccc4)[C@H]4CCC[C@@H]4[*:1])CC3)C2)cc1,CC(=O)N[*:1],CO[*:1],CC(=O)N[*:1]>>CO[*:1],33,4,2,6.991399828238082,4.815308569182402,2.1760912590556805,0.7,True,True,True,same_assay
STR-09E54D8A9B952AC86D2A,STR-C52DE5B6B6E8022BCAB7,N#CC(c1ccccc1)(C1CCN(CC2CN(c3ccc(S(=O)(=O)c4ccncc4)cc3)C2)CC1)[C@H]1CCC[C@@H]1[*:1],CNC(=O)O[*:1],OCC[*:1],CNC(=O)O[*:1]>>OCC[*:1],40,5,3,8.221848749616356,6.047207556955907,2.1746411926604488,0.7160493827160493,True,True,True,same_assay
STR-0762484A1F8E76578E66,STR-2CFC8301293C2B82E4A6,CCN(C(=O)c1cc(F)ccc1Oc1nncnc1N1CCC2(C1)CN([*:1])C2)C(C)C,CCNCC[C@H](C(C)C)[*:1],CC(=O)NCCC[C@@H](C(C)C)[*:1],CCNCC[C@H](C(C)C)[*:1]>>CC(=O)NCCC[C@@H](C(C)C)[*:1],30,9,11,6.236572006437063,4.064492734175287,2.172079272261776,0.8433734939759037,True,True,True,same_assay
STR-09E54D8A9B952AC86D2A,STR-30D1E5B8E9867EA8DE8A,N#CC(c1ccccc1)(C1CCN(CC2CN(c3ccc(S(=O)(=O)c4ccncc4)cc3)C2)CC1)[*:1],CNC(=O)O[C@H]1CCC[C@@H]1[*:1],CNC(=O)N[C@@H]1CCC[C@H]1[*:1],CNC(=O)O[C@H]1CCC[C@@H]1[*:1]>>CNC(=O)N[C@@H]1CCC[C@H]1[*:1],35,10,10,8.221848749616356,6.055024091587953,2.1668246580284034,0.7777777777777778,True,True,True,same_assay
STR-1A86078F0EC509427701,STR-461FB7619E9127A87F14,c1ccc2c(c1)CCNC2(C1CCCC1)C1CCN(C[*:1])CC1,c1ccc([*:1])cc1,c1ccc(OCC[*:1])cc1,c1ccc([*:1])cc1>>c1ccc(OCC[*:1])cc1,22,6,9,3.721246399047171,5.886056647693163,2.164810248645992,0.6666666666666666,True,True,True,same_assay
STR-72BF5FE38870FA3B6280,STR-D4CCFA73123FE6C43206,CCN(C(=O)c1cc(F)ccc1Oc1nncnc1N1CCC2(C1)CN([*:1])C2)C(C)C,CC(C)[C@H](CCO)[*:1],CC(=O)NCCC[C@H](C(C)C)[*:1],CC(C)[C@H](CCO)[*:1]>>CC(=O)NCCC[C@H](C(C)C)[*:1],30,7,11,4.051391450123564,6.214670164989233,2.163278714865669,0.8292682926829268,True,True,True,same_assay
STR-A1381CEB41898F753D78,STR-B9EA30DEB7647D41BA70,N#CC(c1ccccc1)(C1CCN(CC2CN(c3ccc(S(=O)(=O)C4CC4)cc3)C2)CC1)[*:1],COC(=O)N[C@H]1CCC[C@@H]1[*:1],COC[C@@H]1CCC[C@H]1[*:1],COC(=O)N[C@H]1CCC[C@@H]1[*:1]>>COC[C@@H]1CCC[C@H]1[*:1],32,10,8,7.508638306165727,5.346787486224656,2.161850819941071,0.7368421052631579,True,True,True,same_assay
STR-241F2E6DC7BEF8AE2212,STR-B51853407B4A9AF321D2,CCN(C(=O)c1cc(F)ccc1Oc1nncnc1N1CCC2(C1)CN([*:1])C2)C(C)C,CNC(=O)NCCC[C@@H](C(C)C)[*:1],CC(C)[C@@H](CCCO)[*:1],CNC(=O)NCCC[C@@H](C(C)C)[*:1]>>CC(C)[C@@H](CCCO)[*:1],30,12,8,4.350081281264581,6.508638306165727,2.158557024901146,0.8235294117647058,True,True,True,same_assay
STR-4C0B23EB03D4979A79B0,STR-80B7C819E96F09B4FE2E,N#CC(c1ccccc1)(C1CCN(CC2CN(c3ccc(S(=O)(=O)C4CC4)cc3)C2)CC1)[C@H]1CCC[C@@H]1[*:1],COC(=O)[*:1],CN(S(C)(=O)=O)[*:1],COC(=O)[*:1]>>CN(S(C)(=O)=O)[*:1],37,4,6,6.583359492661719,4.424812155072339,2.15854733758938,0.7012987012987013,True,True,True,same_assay
STR-3BD3AAFB21D6F0AE245A,STR-6D83836432314425AF74,CCN(C(=O)c1cc(F)ccc1Oc1nncnc1N1CCC2(C1)CN([*:1])C2)C(C)C,CC(C)[C@H](CCCO)[*:1],CC(C)[C@@H](CCO)[*:1],CC(C)[C@H](CCCO)[*:1]>>CC(C)[C@@H](CCO)[*:1],30,8,7,4.152489034796752,6.309803919971486,2.157314885174734,0.9333333333333332,True,True,True,same_assay
STR-65405A355B35D329B436,STR-7C604423619052A15AC8,N#CC(c1ccccc1)(C1CCN(CC2CN(c3ccc(S(=O)(=O)c4ccncc4)cc3)C2)CC1)[*:1],CCC(=O)O[C@@H]1CCC[C@H]1[*:1],CC(=O)O[C@H]1CCC[C@@H]1[*:1],CCC(=O)O[C@@H]1CCC[C@H]1[*:1]>>CC(=O)O[C@H]1CCC[C@@H]1[*:1],35,10,9,6.0,8.154901959985743,2.154901959985743,0.868421052631579,True,True,True,same_assay
STR-09E54D8A9B952AC86D2A,STR-F1E7C121ED0AA1CBD4E4,N#CC(c1ccccc1)(C1CCN(CC2CN(c3ccc(S(=O)(=O)c4ccncc4)cc3)C2)CC1)[*:1],CNC(=O)O[C@H]1CCC[C@@H]1[*:1],O=C(O[C@@H]1CCC[C@H]1[*:1])C1CC1,CNC(=O)O[C@H]1CCC[C@@H]1[*:1]>>O=C(O[C@@H]1CCC[C@H]1[*:1])C1CC1,35,10,11,8.221848749616356,6.069050968832477,2.152797780783879,0.8333333333333334,True,True,True,same_assay
STR-2CFC8301293C2B82E4A6,STR-D4CCFA73123FE6C43206,CCN(C(=O)c1cc(F)ccc1Oc1nncnc1N1CCC2(C1)CN([*:1])C2)C(C)C,CC(=O)NCCC[C@@H](C(C)C)[*:1],CC(=O)NCCC[C@H](C(C)C)[*:1],CC(=O)NCCC[C@@H](C(C)C)[*:1]>>CC(=O)NCCC[C@H](C(C)C)[*:1],30,11,11,4.064492734175287,6.214670164989233,2.1501774308139456,1.0,True,True,True,same_assay
STR-142DC3F04BDF2ABC0F0A,STR-B9B055BBCE39C09309A4,Cn1cc(S(=O)(=O)c2ccc(N3CC(CN4CCC(C(Cn5ccnc5)(c5ccccc5)[*:1])CC4)C3)cc2)cn1,CNC(=O)O[C@H]1CCC[C@@H]1[*:1],CN(C)C(=O)N[C@@H]1CCC[C@H]1[*:1],CNC(=O)O[C@H]1CCC[C@@H]1[*:1]>>CN(C)C(=O)N[C@@H]1CCC[C@H]1[*:1],39,10,11,8.096910013008056,5.947306058075032,2.149603954933024,0.7634408602150538,True,True,True,same_assay
STR-F56D36E1BD6B0DD11077,STR-FB20DDC3426AF551283B,N#CC(c1ccccc1)(C1CCN(CC2CN(c3ccc(S(=O)(=O)c4ccncc4)cc3)C2)CC1)[*:1],CC(=O)O[C@@H]1CCC[C@H]1[*:1],CN(C)C(=O)N[C@H]1CCC[C@@H]1[*:1],CC(=O)O[C@@H]1CCC[C@H]1[*:1]>>CN(C)C(=O)N[C@H]1CCC[C@@H]1[*:1],35,9,11,5.77642098432889,7.920818753952375,2.1443977696234846,0.7228915662650602,True,True,True,same_assay
STR-36584B3033D9C455D195,STR-63AC2E75E76C1C641161,c1ccc2c(c1)CCNC2(C1CCCC1)C1CCN(CCCO[*:1])CC1,N#Cc1ccc([*:1])cc1,C[*:1],N#Cc1ccc([*:1])cc1>>C[*:1],25,8,1,7.1487416512809245,5.004364805402449,2.144376845878475,0.7241379310344828,True,True,True,same_assay
STR-345899C1E6A28DAE7335,STR-B91B625C26AF1911063A,N#Cc1ccc(OCCCN2CCC(C(C#N)(c3ccccc3)[*:1])CC2)cc1,c1cc(C[*:1])ccn1,C1CCC([*:1])C1,c1cc(C[*:1])ccn1>>C1CCC([*:1])C1,27,7,5,3.743522793758323,5.886056647693163,2.14253385393484,0.6557377049180327,True,True,True,same_assay
STR-40E0E7043CC563C31D2B,STR-AEBCF9F47DC8FFE6B030,N#Cc1ccc(OCCCN2CCC(C(C#N)(c3ccccc3)[*:1])CC2)cc1,CO[C@H]1CCC[C@@H]1[*:1],CNC(=O)O[C@@H]1CCC[C@H]1[*:1],CO[C@H]1CCC[C@@H]1[*:1]>>CNC(=O)O[C@@H]1CCC[C@H]1[*:1],27,7,10,4.609064892896621,6.7495799976911055,2.140515104794485,0.7611940298507462,True,True,True,same_assay
STR-6F0B243CDCAB8EEB6068,STR-E15050249B2D732BD2E2,N#CC(c1ccccc1)(C1CCN(CC2CN(c3ccc(S(=O)(=O)c4ccncc4)cc3)C2)CC1)[C@H]1CCC[C@@H]1[*:1],O=C(O[*:1])N1CCC1,CSC[*:1],O=C(O[*:1])N1CCC1>>CSC[*:1],40,7,3,7.1249387366083,4.987162775294828,2.137775961313472,0.6867469879518072,True,True,True,same_assay
STR-30E7F50211EE28460DBB,STR-A723964BC2F481BF1509,N#CC(c1ccccc1)(C1CCN(CC2CN(c3ccc(S(=O)(=O)c4ccncc4)cc3)C2)CC1)[C@@H]1CCC[C@H]1[*:1],CN(C)C(=O)N[*:1],CC(C)C(=O)O[*:1],CN(C)C(=O)N[*:1]>>CC(C)C(=O)O[*:1],40,6,6,5.920818753952375,3.783570169123749,2.137248584828626,0.7176470588235294,True,True,True,same_assay
STR-5470E2C155BCDC752B33,STR-8271C886AE561654AC45,N#CC(c1ccccc1)(C1CCN(CC2CN(c3ccc(S(=O)(=O)c4ccncc4)cc3)C2)CC1)[*:1],CCNC(=O)O[C@H]1CCC[C@@H]1[*:1],CS(=O)(=O)CO[C@@H]1CCC[C@H]1[*:1],CCNC(=O)O[C@H]1CCC[C@@H]1[*:1]>>CS(=O)(=O)CO[C@@H]1CCC[C@H]1[*:1],35,11,11,6.769551078621726,4.634512015109101,2.1350390635126253,0.7560975609756098,True,True,True,same_assay
STR-2E19648BD2890AA2BB83,STR-904EC5EDA40AA8AB23C1,N=C(N)NCCC[C@@H]1NC(=O)C2(CCC2)NC(=O)[C@@H]2CCCN2C(=O)[C@H](C[*:1])NC(=O)[C@@H](N)CCCCCCCCNC(=O)[C@@H]2CCCN2C1=O,FC(F)(F)c1cccc([*:1])c1,Fc1cc(F)cc([*:1])c1,FC(F)(F)c1cccc([*:1])c1>>Fc1cc(F)cc([*:1])c1,50,10,8,5.598599459218455,7.732828271596986,2.134228812378531,0.7912087912087912,True,True,True,same_assay
STR-42FABA990848887F9FDB,STR-6F0B243CDCAB8EEB6068,N#CC(c1ccccc1)(C1CCN(CC2CN(c3ccc(S(=O)(=O)c4ccncc4)cc3)C2)CC1)[*:1],CCC1CCCC1[*:1],O=C(O[C@H]1CCC[C@@H]1[*:1])N1CCC1,CCC1CCCC1[*:1]>>O=C(O[C@H]1CCC[C@@H]1[*:1])N1CCC1,35,7,12,4.991399828238082,7.1249387366083,2.133538908370218,0.7125,True,True,True,same_assay
STR-F3CF2B91B4EE3E2B7CA5,STR-F8573739FC4928FB0125,c1ccc2c(c1)CCNC2(C1CCCC1)C1CCN(C[*:1])CC1,N#Cc1ccc(NCC[*:1])cc1,N#Cc1cc2cc([*:1])ccc2[nH]1,N#Cc1ccc(NCC[*:1])cc1>>N#Cc1cc2cc([*:1])ccc2[nH]1,22,11,11,6.617982957425132,4.486782399932061,2.131200557493071,0.527027027027027,True,True,True,same_assay
STR-13602A865FEABB9329F4,STR-624DE6171936672A9284,N#Cc1ccc(N2CC(CN3CCC([C@@](C#N)(c4ccccc4)[C@H]4CCC[C@@H]4[*:1])CC3)C2)cc1,CCO[*:1],CC(=O)O[*:1],CCO[*:1]>>CC(=O)O[*:1],33,3,4,5.267606240177031,7.397940008672037,2.1303337684950057,0.7794117647058824,True,True,True,same_assay
STR-0F9EB3D0BA8F609CF473,STR-D3545E8919D6A24E9EFC,Cn1cc(S(=O)(=O)c2ccc(N3CC(CN4CCC(C(C#N)(c5ccccc5)[*:1])CC4)C3)cc2)cn1,CNC(=O)O[C@H]1CCC[C@@H]1[*:1],COC(=O)N[C@@H]1CCC[C@H]1[*:1],CNC(=O)O[C@H]1CCC[C@@H]1[*:1]>>COC(=O)N[C@@H]1CCC[C@H]1[*:1],35,10,10,8.045757490560675,5.920818753952375,2.1249387366083,0.788235294117647,True,True,True,same_assay
STR-30E7F50211EE28460DBB,STR-5B65D30F2628A312D8CA,N#CC(c1ccccc1)(C1CCN(CC2CN(c3ccc(S(=O)(=O)c4ccncc4)cc3)C2)CC1)[*:1],CN(C)C(=O)N[C@@H]1CCC[C@H]1[*:1],CNC(=O)N[C@H]1CCC[C@@H]1[*:1],CN(C)C(=O)N[C@@H]1CCC[C@H]1[*:1]>>CNC(=O)N[C@H]1CCC[C@@H]1[*:1],35,11,10,5.920818753952375,8.045757490560675,2.1249387366083,0.8354430379746836,True,True,True,same_assay
STR-30E7F50211EE28460DBB,STR-990708AC2AD0842F3BCB,N#CC(c1ccccc1)(C1CCN(CC2CN(c3ccc(S(=O)(=O)c4ccncc4)cc3)C2)CC1)[*:1],CN(C)C(=O)N[C@@H]1CCC[C@H]1[*:1],NC(=O)O[C@H]1CCC[C@@H]1[*:1],CN(C)C(=O)N[C@@H]1CCC[C@H]1[*:1]>>NC(=O)O[C@H]1CCC[C@@H]1[*:1],35,11,9,5.920818753952375,8.045757490560675,2.1249387366083,0.7023809523809523,True,True,True,same_assay
STR-6B28BBE0B01A6E185ED9,STR-6C4B7845EEA627B51A73,CS(=O)(=O)c1ccc(N2CC(CN3CCC(C(C#N)(c4ccccc4)[*:1])CC3)C2)cc1,CC(=O)O[C@H]1CCC[C@@H]1[*:1],CO[C@@H]1CCC[C@H]1[*:1],CC(=O)O[C@H]1CCC[C@@H]1[*:1]>>CO[C@@H]1CCC[C@H]1[*:1],30,9,7,7.136677139879544,5.013228265733755,2.1234488741457893,0.8260869565217391,True,True,True,same_assay
STR-55DFB8550CA6D0317DA0,STR-ED2163A2DFC4C94EBA76,N=C(N)NCCC[C@@H]1NC(=O)C2(CCC2)NC(=O)[C@@H]2CCCN2C(=O)[C@H](C[*:1])NC(=O)[C@@H](N)CCCCCCCCNC(=O)[C@@H]2CCCN2C1=O,Fc1cccc([*:1])c1,C1CCC([*:1])CC1,Fc1cccc([*:1])c1>>C1CCC([*:1])CC1,50,7,6,7.600326278518962,5.47755576649368,2.1227705120252818,0.75,True,True,True,same_assay
STR-84B9176A329FC508D11B,STR-AEBCF9F47DC8FFE6B030,N#Cc1ccc(OCCCN2CCC(C(C#N)(c3ccccc3)[*:1])CC2)cc1,CC(=O)N1CCC[C@@H]1[*:1],CNC(=O)O[C@@H]1CCC[C@H]1[*:1],CC(=O)N1CCC[C@@H]1[*:1]>>CNC(=O)O[C@@H]1CCC[C@H]1[*:1],27,8,10,4.632644078973981,6.7495799976911055,2.1169359187171244,0.6486486486486487,True,True,True,same_assay
STR-54ED728D29C775C2EEED,STR-D2329F0EB178ECBDC6B6,N#CC(c1ccccc1)(C1CCN(CC2CN(c3ccc(S(=O)(=O)c4ccncc4)cc3)C2)CC1)[C@H]1CCC[C@@H]1[*:1],CS(=O)(=O)CO[*:1],O=C(O[*:1])C1CCC1,CS(=O)(=O)CO[*:1]>>O=C(O[*:1])C1CCC1,40,6,7,4.841637507904751,6.954677021213342,2.1130395133085917,0.7625,True,True,True,same_assay
STR-7C604423619052A15AC8,STR-C52DE5B6B6E8022BCAB7,N#CC(c1ccccc1)(C1CCN(CC2CN(c3ccc(S(=O)(=O)c4ccncc4)cc3)C2)CC1)[C@H]1CCC[C@@H]1[*:1],CC(=O)O[*:1],OCC[*:1],CC(=O)O[*:1]>>OCC[*:1],40,4,3,8.154901959985743,6.047207556955907,2.1076944030298357,0.7341772151898734,True,True,True,same_assay
STR-0449028356C19D0EDA3B,STR-4942B912C9C5FBB61901,N#CC(c1ccccc1F)(C1CCN(CC2CN(c3ccc(S(=O)(=O)C4CC4)cc3)C2)CC1)[*:1],CC(=O)O[C@H]1CCC[C@@H]1[*:1],CC(=O)O[C@@H]1CCC[C@H]1[*:1],CC(=O)O[C@H]1CCC[C@@H]1[*:1]>>CC(=O)O[C@@H]1CCC[C@H]1[*:1],33,9,9,7.346787486224656,5.2441251443275085,2.1026623418971475,1.0,True,True,True,same_assay
STR-435B0469D981B3FB0F4C,STR-8D22035F518E37FF47A2,CC(C)[C@H](CC[*:1])N1CC2(CCN(c3ncnnc3Oc3ccc(F)cc3-c3cncnc3C3CC3)C2)C1,CNC(=O)[*:1],NC(=O)[*:1],CNC(=O)[*:1]>>NC(=O)[*:1],37,4,3,6.431798275933005,4.3314277308154425,2.1003705451175625,0.8604651162790697,True,True,True,same_assay
STR-30D1E5B8E9867EA8DE8A,STR-7C604423619052A15AC8,N#CC(c1ccccc1)(C1CCN(CC2CN(c3ccc(S(=O)(=O)c4ccncc4)cc3)C2)CC1)[*:1],CNC(=O)N[C@@H]1CCC[C@H]1[*:1],CC(=O)O[C@H]1CCC[C@@H]1[*:1],CNC(=O)N[C@@H]1CCC[C@H]1[*:1]>>CC(=O)O[C@H]1CCC[C@@H]1[*:1],35,10,9,6.055024091587953,8.154901959985743,2.0998778683977903,0.7317073170731707,True,True,True,same_assay
STR-B42C6A96CD90C7D4D5BD,STR-E963AE7E2CFE53ED5D83,CCN(C(=O)c1cc(F)ccc1Oc1nncnc1N1CCC2(C1)CN([*:1])C2)C(C)C,CC(C)[C@@H](CCC(C)(C)N)[*:1],CC(C)[C@H](CCN(C)C)[*:1],CC(C)[C@@H](CCC(C)(C)N)[*:1]>>CC(C)[C@H](CCN(C)C)[*:1],30,10,9,7.173925197299173,5.080398976215889,2.093526221083284,0.8292682926829268,True,True,True,same_assay
STR-24BA8A5718C0F3749245,STR-506A8FF202D4B27FF220,N#CC(c1ccccc1)(C1CCN(C2CCN(c3ccc(S(=O)(=O)c4ccccc4)cc3)CC2)CC1)[*:1],CNC(=O)O[C@@H]1CCC[C@H]1[*:1],CNC(=O)O[C@H]1CCC[C@@H]1[*:1],CNC(=O)O[C@@H]1CCC[C@H]1[*:1]>>CNC(=O)O[C@H]1CCC[C@@H]1[*:1],36,10,10,5.207608310501746,7.301029995663981,2.0934216851622356,1.0,True,True,True,same_assay
STR-4F1EEBE285BDFD4F35AF,STR-547D0767F033066A0D80,O=S(=O)(c1ccncc1)c1ccc(N2CC(CN3CCC(C4(C5CCCC5)CN([*:1])Cc5ccccc54)CC3)C2)cc1,C1CC([*:1])C1,c1cc(C[*:1])ccn1,C1CC([*:1])C1>>c1cc(C[*:1])ccn1,41,4,7,8.045757490560675,5.952764435679177,2.0929930548814975,0.7777777777777778,True,True,True,same_assay
STR-BA4B8BF78E2F3EDB8F63,STR-E963AE7E2CFE53ED5D83,CCN(C(=O)c1cc(F)ccc1Oc1nncnc1N1CCC2(C1)CN([*:1])C2)C(C)C,CC(C)[C@@H](CCNCCC(N)=O)[*:1],CC(C)[C@H](CCN(C)C)[*:1],CC(C)[C@@H](CCNCCC(N)=O)[*:1]>>CC(C)[C@H](CCN(C)C)[*:1],30,12,9,7.167491087293763,5.080398976215889,2.087092111077874,0.8,True,True,True,same_assay
STR-7C604423619052A15AC8,STR-F1E7C121ED0AA1CBD4E4,N#CC(c1ccccc1)(C1CCN(CC2CN(c3ccc(S(=O)(=O)c4ccncc4)cc3)C2)CC1)[*:1],CC(=O)O[C@H]1CCC[C@@H]1[*:1],O=C(O[C@@H]1CCC[C@H]1[*:1])C1CC1,CC(=O)O[C@H]1CCC[C@@H]1[*:1]>>O=C(O[C@@H]1CCC[C@H]1[*:1])C1CC1,35,9,11,8.154901959985743,6.069050968832477,2.085850991153266,0.8552631578947368,True,True,True,same_assay
STR-1C195E0EFD40C42EDEE4,STR-3941BFA7C86C7BEE8530,N#CC(c1ccccc1)(C1CCN(CC2CN(c3ccc(S(=O)(=O)C4CC4)cc3)C2)CC1)[*:1],CC(=O)O[C@@H]1CCC[C@H]1[*:1],CNC(=O)O[C@H]1CCC[C@@H]1[*:1],CC(=O)O[C@@H]1CCC[C@H]1[*:1]>>CNC(=O)O[C@H]1CCC[C@@H]1[*:1],32,9,10,5.769551078621726,7.853871964321762,2.084320885700036,0.8611111111111112,True,True,True,same_assay
STR-0762484A1F8E76578E66,STR-3BD3AAFB21D6F0AE245A,CCN(C(=O)c1cc(F)ccc1Oc1nncnc1N1CCC2(C1)CN([*:1])C2)C(C)C,CCNCC[C@H](C(C)C)[*:1],CC(C)[C@H](CCCO)[*:1],CCNCC[C@H](C(C)C)[*:1]>>CC(C)[C@H](CCCO)[*:1],30,9,8,6.236572006437063,4.152489034796752,2.084082971640311,0.85,True,True,True,same_assay
STR-241F2E6DC7BEF8AE2212,STR-3456B22116DFBE0042D0,CCN(C(=O)c1cc(F)ccc1Oc1nncnc1N1CCC2(C1)CN([*:1])C2)C(C)C,CNC(=O)NCCC[C@@H](C(C)C)[*:1],CC(C)NCC[C@H](C(C)C)[*:1],CNC(=O)NCCC[C@@H](C(C)C)[*:1]>>CC(C)NCC[C@H](C(C)C)[*:1],30,12,10,4.350081281264581,6.431798275933005,2.081716994668424,0.8045977011494253,True,True,True,same_assay
STR-93B1E6E77462AC33263F,STR-E6C9DB27889E0D91BF2B,N#Cc1ccc(N2CC(CN3CCC([C@@](C#N)(c4ccccc4)[*:1])CC3)C2)cc1,CC(=O)O[C@@H]1CCC[C@H]1[*:1],COC(=O)N[C@H]1CCC[C@@H]1[*:1],CC(=O)O[C@@H]1CCC[C@H]1[*:1]>>COC(=O)N[C@H]1CCC[C@@H]1[*:1],28,9,10,5.455931955649724,7.537602002101044,2.08167004645132,0.726027397260274,True,True,True,same_assay
STR-1820741093C58A025EB7,STR-DA939D5F87D225304F92,CN1Cc2ccccc2C(C2CCN(CCCOc3ccc(C#N)cc3)CC2)([*:1])C1,CCCC(=O)N1CCCCC1[*:1],C1CCC([*:1])C1,CCCC(=O)N1CCCCC1[*:1]>>C1CCC([*:1])C1,29,11,5,5.187086643357144,7.267606240177031,2.080519596819886,0.7222222222222222,True,True,True,same_assay
STR-30E7F50211EE28460DBB,STR-79D75B6A88F0457FA1C2,N#CC(c1ccccc1)(C1CCN(CC2CN(c3ccc(S(=O)(=O)c4ccncc4)cc3)C2)CC1)[*:1],CN(C)C(=O)N[C@@H]1CCC[C@H]1[*:1],CCC(=O)O[C@H]1CCC[C@@H]1[*:1],CN(C)C(=O)N[C@@H]1CCC[C@H]1[*:1]>>CCC(=O)O[C@H]1CCC[C@@H]1[*:1],35,11,10,5.920818753952375,8.0,2.079181246047625,0.7261904761904762,True,True,True,same_assay
STR-30E7F50211EE28460DBB,STR-C24E330B171F75FD816E,N#CC(c1ccccc1)(C1CCN(CC2CN(c3ccc(S(=O)(=O)c4ccncc4)cc3)C2)CC1)[*:1],CN(C)C(=O)N[C@@H]1CCC[C@H]1[*:1],CC(=O)N[C@H]1CCC[C@@H]1[*:1],CN(C)C(=O)N[C@@H]1CCC[C@H]1[*:1]>>CC(=O)N[C@H]1CCC[C@@H]1[*:1],35,11,9,5.920818753952375,8.0,2.079181246047625,0.8571428571428571,True,True,True,same_assay
STR-3187B729C5A86F22C447,STR-6F0B243CDCAB8EEB6068,N#CC(c1ccccc1)(C1CCN(CC2CN(c3ccc(S(=O)(=O)c4ccncc4)cc3)C2)CC1)[*:1],CCO[C@@H]1CCC[C@H]1[*:1],O=C(O[C@H]1CCC[C@@H]1[*:1])N1CCC1,CCO[C@@H]1CCC[C@H]1[*:1]>>O=C(O[C@H]1CCC[C@@H]1[*:1])N1CCC1,35,8,12,5.045757490560675,7.1249387366083,2.079181246047625,0.7721518987341772,True,True,True,same_assay
STR-B1B50BB9C2198BA2F3F2,STR-D456C0F5B6DBFC7C04B5,N#Cc1ccc(N2CC(CN3CCC([C@@](C#N)(c4cccc(F)c4)[C@H]4CCC[C@@H]4[*:1])CC3)C2)cc1,C=CS(=O)(=O)N[*:1],O=C(CCl)N[*:1],C=CS(=O)(=O)N[*:1]>>O=C(CCl)N[*:1],34,6,5,5.97061622231479,8.045757490560675,2.0751412682458845,0.7283950617283951,True,True,True,same_assay
STR-86DE9B893F458A7FEC98,STR-90DF1DEF11EC083FD360,N#Cc1ccc(N2CC(CN3CCC(C(CNC(=O)c4cocn4)(c4ccccc4)[*:1])CC3)C2)cc1,CNC(=O)N[C@@H]1CCC[C@H]1[*:1],CNC(=O)N[C@H]1CCC[C@@H]1[*:1],CNC(=O)N[C@@H]1CCC[C@H]1[*:1]>>CNC(=O)N[C@H]1CCC[C@@H]1[*:1],35,10,10,5.42021640338319,7.494850021680094,2.074633618296904,1.0,True,True,True,same_assay
STR-4C19F00ABA775539C82E,STR-CB98D7BBE456411A25E7,N#Cc1ccc(OCCCN2CCC(C3([*:1])NCCc4ccccc43)CC2)cc1,c1ccc([*:1])cc1,C1CCC([*:1])CC1,c1ccc([*:1])cc1>>C1CCC([*:1])CC1,28,6,6,4.448550002027125,6.522878745280337,2.0743287432532123,0.7142857142857143,True,True,True,same_assay
STR-6B610F98DBC51ED4955E,STR-88BBF77299762B038C6D,N#CC(c1ccccc1)(C1CCN(CC2CN(c3ccc(S(=O)(=O)c4ccncc4)cc3)C2)CC1)[*:1],CCCC(=O)O[C@@H]1CCC[C@H]1[*:1],CC(C)C(=O)O[C@H]1CCC[C@@H]1[*:1],CCCC(=O)O[C@@H]1CCC[C@H]1[*:1]>>CC(C)C(=O)O[C@H]1CCC[C@@H]1[*:1],35,11,11,4.552841968657781,6.625251653989896,2.072409685332115,0.8148148148148148,True,True,True,same_assay
STR-A723964BC2F481BF1509,STR-F7D3FB282E651DA95110,N#CC(c1ccccc1)(C1CCN(CC2CN(c3ccc(S(=O)(=O)c4ccncc4)cc3)C2)CC1)[C@@H]1CCC[C@H]1[*:1],CC(C)C(=O)O[*:1],CN1COCN([*:1])C1=O,CC(C)C(=O)O[*:1]>>CN1COCN([*:1])C1=O,40,6,8,3.783570169123749,5.853871964321762,2.070301795198013,0.6444444444444445,True,True,True,same_assay
STR-AEBCF9F47DC8FFE6B030,STR-E1374AA2ED612B5F391C,N#Cc1ccc(OCCCN2CCC(C(C#N)(c3ccccc3)[C@@H]3CCC[C@H]3[*:1])CC2)cc1,CNC(=O)O[*:1],CNC(=O)N[*:1],CNC(=O)O[*:1]>>CNC(=O)N[*:1],32,5,5,6.7495799976911055,4.679853713888946,2.0697262838021597,0.75,True,True,True,same_assay
STR-20D5B5F6CCFE315C6A44,STR-6F0B243CDCAB8EEB6068,N#CC(c1ccccc1)(C1CCN(CC2CN(c3ccc(S(=O)(=O)c4ccncc4)cc3)C2)CC1)[*:1],c1cc(C[*:1])ccn1,O=C(O[C@H]1CCC[C@@H]1[*:1])N1CCC1,c1cc(C[*:1])ccn1>>O=C(O[C@H]1CCC[C@@H]1[*:1])N1CCC1,35,7,12,5.055517327849831,7.1249387366083,2.069421408758469,0.6375,True,True,True,same_assay
STR-751E14E3FB418B1577CE,STR-94C191645BE5B0A1978A,N#CC(c1ccccc1)(C1CCN(CC2CN(c3ccc(S(=O)(=O)c4ccncc4)cc3)C2)CC1)[C@H]1CCC[C@@H]1[*:1],CNC(=O)C[*:1],O=C(O[*:1])C1CC1,CNC(=O)C[*:1]>>O=C(O[*:1])C1CC1,40,5,6,5.6807553715226815,7.744727494896693,2.063972123374011,0.7023809523809523,True,True,True,same_assay
STR-3BD3AAFB21D6F0AE245A,STR-D4CCFA73123FE6C43206,CCN(C(=O)c1cc(F)ccc1Oc1nncnc1N1CCC2(C1)CN([*:1])C2)C(C)C,CC(C)[C@H](CCCO)[*:1],CC(=O)NCCC[C@H](C(C)C)[*:1],CC(C)[C@H](CCCO)[*:1]>>CC(=O)NCCC[C@H](C(C)C)[*:1],30,8,11,4.152489034796752,6.214670164989233,2.0621811301924806,0.8433734939759037,True,True,True,same_assay
STR-AB1714536DDACDAFACEC,STR-E5059C295BEFCBEAC7A4,N#CC(c1ccccc1)(C1CCN(CC2CN(c3ccc(S(=O)(=O)C4CC4)cc3)C2)CC1)[*:1],CC(=O)N[C@H]1CCC[C@@H]1[*:1],CC(=O)N[C@@H]1CCC[C@H]1[*:1],CC(=O)N[C@H]1CCC[C@@H]1[*:1]>>CC(=O)N[C@@H]1CCC[C@H]1[*:1],32,9,9,7.537602002101044,5.481486060122112,2.0561159419789323,1.0,True,True,True,same_assay
STR-241F2E6DC7BEF8AE2212,STR-4D89EA9F20765D09F97C,CCN(C(=O)c1cc(F)ccc1Oc1nncnc1N1CCC2(C1)CN([*:1])C2)C(C)C,CNC(=O)NCCC[C@@H](C(C)C)[*:1],CC(C)[C@@H](CCN(C)C)[*:1],CNC(=O)NCCC[C@@H](C(C)C)[*:1]>>CC(C)[C@@H](CCN(C)C)[*:1],30,12,9,4.350081281264581,6.3979400086720375,2.0478587274074567,0.7906976744186046,True,True,True,same_assay
STR-5B65D30F2628A312D8CA,STR-65405A355B35D329B436,N#CC(c1ccccc1)(C1CCN(CC2CN(c3ccc(S(=O)(=O)c4ccncc4)cc3)C2)CC1)[*:1],CNC(=O)N[C@H]1CCC[C@@H]1[*:1],CCC(=O)O[C@@H]1CCC[C@H]1[*:1],CNC(=O)N[C@H]1CCC[C@@H]1[*:1]>>CCC(=O)O[C@@H]1CCC[C@H]1[*:1],35,10,10,8.045757490560675,6.0,2.045757490560675,0.7349397590361446,True,True,True,same_assay
STR-65405A355B35D329B436,STR-990708AC2AD0842F3BCB,N#CC(c1ccccc1)(C1CCN(CC2CN(c3ccc(S(=O)(=O)c4ccncc4)cc3)C2)CC1)[*:1],CCC(=O)O[C@@H]1CCC[C@H]1[*:1],NC(=O)O[C@H]1CCC[C@@H]1[*:1],CCC(=O)O[C@@H]1CCC[C@H]1[*:1]>>NC(=O)O[C@H]1CCC[C@@H]1[*:1],35,10,9,6.0,8.045757490560675,2.045757490560675,0.8441558441558441,True,True,True,same_assay
STR-8D3A795E5B813D3BE51E,STR-94C191645BE5B0A1978A,N#CC(c1ccccc1)(C1CCN(CC2CN(c3ccc(S(=O)(=O)c4ccncc4)cc3)C2)CC1)[*:1],C1CCC([*:1])C1,O=C(O[C@H]1CCC[C@@H]1[*:1])C1CC1,C1CCC([*:1])C1>>O=C(O[C@H]1CCC[C@@H]1[*:1])C1CC1,35,5,11,5.698970004336019,7.744727494896693,2.045757490560674,0.7297297297297297,True,True,True,same_assay
STR-94C191645BE5B0A1978A,STR-FD744C47D05214C5E9EE,N#CC(c1ccccc1)(C1CCN(CC2CN(c3ccc(S(=O)(=O)c4ccncc4)cc3)C2)CC1)[*:1],O=C(O[C@H]1CCC[C@@H]1[*:1])C1CC1,O=C(O[C@@H]1CCC[C@H]1[*:1])N1CCC1,O=C(O[C@H]1CCC[C@@H]1[*:1])C1CC1>>O=C(O[C@@H]1CCC[C@H]1[*:1])N1CCC1,35,11,12,7.744727494896693,5.698970004336019,2.045757490560674,0.8333333333333334,True,True,True,same_assay
STR-38C10D94ABD1F231B9D1,STR-FD2C6D69C0E7C03090A5,CCN(C(=O)c1cc(F)ccc1Oc1nncnc1N1CCC2(C1)CN([*:1])C2)C(C)C,CC(C)[C@@H](CCCN(C)C)[*:1],CC(C)[C@H](CN)[*:1],CC(C)[C@@H](CCCN(C)C)[*:1]>>CC(C)[C@H](CN)[*:1],30,10,6,7.022276394711152,4.9779842601822795,2.044292134528873,0.825,True,True,True,same_assay
STR-AA65E7D5BF8C15D9F669,STR-AB1714536DDACDAFACEC,N#CC(c1ccccc1)(C1CCN(CC2CN(c3ccc(S(=O)(=O)C4CC4)cc3)C2)CC1)[C@H]1CCC[C@@H]1[*:1],CNC(=O)[*:1],CC(=O)N[*:1],CNC(=O)[*:1]>>CC(=O)N[*:1],37,4,4,5.494850021680094,7.537602002101044,2.04275198042095,0.7837837837837838,True,True,True,same_assay
STR-461FB7619E9127A87F14,STR-8FD0357B1C250F490F7A,c1ccc2c(c1)CCNC2(C1CCCC1)C1CCN([*:1])CC1,c1ccc(OCCC[*:1])cc1,C[*:1],c1ccc(OCCC[*:1])cc1>>C[*:1],21,10,1,5.886056647693163,3.846490010699162,2.039566636994001,0.6470588235294118,True,True,True,same_assay
STR-30E7F50211EE28460DBB,STR-A62EFE6B816DF994EE32,N#CC(c1ccccc1)(C1CCN(CC2CN(c3ccc(S(=O)(=O)c4ccncc4)cc3)C2)CC1)[*:1],CN(C)C(=O)N[C@@H]1CCC[C@H]1[*:1],COC(=O)N[C@H]1CCC[C@@H]1[*:1],CN(C)C(=O)N[C@@H]1CCC[C@H]1[*:1]>>COC(=O)N[C@H]1CCC[C@@H]1[*:1],35,11,10,5.920818753952375,7.958607314841775,2.0377885608893997,0.8354430379746836,True,True,True,same_assay
STR-904EC5EDA40AA8AB23C1,STR-E2D66C5668374E3992F5,N=C(N)NCCC[C@@H]1NC(=O)C2(CCC2)NC(=O)[C@@H]2CCCN2C(=O)[C@H](C[*:1])NC(=O)[C@@H](N)CCCCCCCCNC(=O)[C@@H]2CCCN2C1=O,Fc1cc(F)cc([*:1])c1,Clc1ccc([*:1])cc1,Fc1cc(F)cc([*:1])c1>>Clc1ccc([*:1])cc1,50,8,7,7.732828271596986,5.6968039425795105,2.036024329017476,0.8255813953488372,True,True,True,same_assay
STR-077D7D9C480B1958E4A3,STR-B362D479FEC6A2A08BC5,CC(C)[C@@H](CC[*:1])N1CC2(CCN(c3ncnnc3Oc3ccc(F)cc3-c3cncnc3C3CC3)C2)C1,CNC(=O)[*:1],NC(=O)[*:1],CNC(=O)[*:1]>>NC(=O)[*:1],37,4,3,4.224025668870631,6.259637310505756,2.035611641635125,0.8604651162790697,True,True,True,same_assay
STR-B91B625C26AF1911063A,STR-DE57A0D88EA762894E60,N#Cc1ccc(OCCCN2CCC(C(C#N)(c3ccccc3)[*:1])CC2)cc1,C1CCC([*:1])C1,CO[C@H]1CCC[C@H]1[*:1],C1CCC([*:1])C1>>CO[C@H]1CCC[C@H]1[*:1],27,5,7,5.886056647693163,3.8535618647142256,2.0324947829789375,0.7586206896551724,True,True,True,same_assay
STR-5A6D9F61D6C13A688B6F,STR-6B610F98DBC51ED4955E,N#CC(c1ccccc1)(C1CCN(CC2CN(c3ccc(S(=O)(=O)c4ccncc4)cc3)C2)CC1)[*:1],CN(C)C(=O)O[C@H]1CCC[C@@H]1[*:1],CCCC(=O)O[C@@H]1CCC[C@H]1[*:1],CN(C)C(=O)O[C@H]1CCC[C@@H]1[*:1]>>CCCC(=O)O[C@@H]1CCC[C@H]1[*:1],35,11,11,6.583359492661719,4.552841968657781,2.0305175240039386,0.8148148148148148,True,True,True,same_assay
STR-21AE2CAF6E5125C8BCF4,STR-E71EA49855240EBB6F7C,N#Cc1ccc(N2CC(CN3CCC(C(C#N)(c4ccccc4)[*:1])CC3)C2)cc1,COC(=O)N[C@H]1CCC[C@@H]1[*:1],CNC(=O)O[C@@H]1CCC[C@H]1[*:1],COC(=O)N[C@H]1CCC[C@@H]1[*:1]>>CNC(=O)O[C@@H]1CCC[C@H]1[*:1],28,10,10,7.537602002101044,5.508638306165727,2.0289636959353174,0.7534246575342466,True,True,True,same_assay
STR-604BE22F0CAC884F2D40,STR-AEBCF9F47DC8FFE6B030,N#Cc1ccc(OCCCN2CCC(C(C#N)(c3ccccc3)[*:1])CC2)cc1,COCC(C1CC1)[*:1],CNC(=O)O[C@@H]1CCC[C@H]1[*:1],COCC(C1CC1)[*:1]>>CNC(=O)O[C@@H]1CCC[C@H]1[*:1],27,7,10,4.721246399047171,6.7495799976911055,2.0283335986439344,0.5128205128205128,True,True,True,same_assay
STR-A1381CEB41898F753D78,STR-E5059C295BEFCBEAC7A4,N#CC(c1ccccc1)(C1CCN(CC2CN(c3ccc(S(=O)(=O)C4CC4)cc3)C2)CC1)[*:1],COC(=O)N[C@H]1CCC[C@@H]1[*:1],CC(=O)N[C@@H]1CCC[C@H]1[*:1],COC(=O)N[C@H]1CCC[C@@H]1[*:1]>>CC(=O)N[C@@H]1CCC[C@H]1[*:1],32,10,9,7.508638306165727,5.481486060122112,2.027152246043615,0.8611111111111112,True,True,True,same_assay
STR-93B1E6E77462AC33263F,STR-C7F0E76CC5EC752D86FB,N#Cc1ccc(N2CC(CN3CCC([C@@](C#N)(c4ccccc4)[*:1])CC3)C2)cc1,CC(=O)O[C@@H]1CCC[C@H]1[*:1],CCC(=O)O[C@H]1CCC[C@@H]1[*:1],CC(=O)O[C@@H]1CCC[C@H]1[*:1]>>CCC(=O)O[C@H]1CCC[C@@H]1[*:1],28,9,10,5.455931955649724,7.481486060122112,2.0255541044723877,0.8529411764705882,True,True,True,same_assay
STR-6BB8114D41C4FAE5B067,STR-FD2C6D69C0E7C03090A5,CCN(C(=O)c1cc(F)ccc1Oc1nncnc1N1CCC2(C1)CN([*:1])C2)C(C)C,CC(C)C(CCCN)[*:1],CC(C)[C@H](CN)[*:1],CC(C)C(CCCN)[*:1]>>CC(C)[C@H](CN)[*:1],30,8,6,7.0,4.9779842601822795,2.0220157398177205,0.8717948717948718,True,True,True,same_assay
STR-5C740F62A4861DEC230E,STR-B37B5C6A72819E700FA9,CC1(C)CN=C(N2CCN(c3ncnc4sc([*:1])cc34)CC2)S1,FC(F)(F)[*:1],Br[*:1],FC(F)(F)[*:1]>>Br[*:1],22,4,1,7.337242168318426,5.318758762624412,2.0184834056940133,0.7115384615384616,True,False,False,cross_context
STR-03825B6A51D0B0744A5D,STR-241F2E6DC7BEF8AE2212,CCN(C(=O)c1cc(F)ccc1Oc1nncnc1N1CCC2(C1)CN([*:1])C2)C(C)C,CNC(=O)NCCC[C@H](C(C)C)[*:1],CNC(=O)NCCC[C@@H](C(C)C)[*:1],CNC(=O)NCCC[C@H](C(C)C)[*:1]>>CNC(=O)NCCC[C@@H](C(C)C)[*:1],30,12,12,6.366531544420413,4.350081281264581,2.016450263155832,1.0,True,True,True,same_assay
STR-09E54D8A9B952AC86D2A,STR-4F74C84E1F856F025432,N#CC(c1ccccc1)(C1CCN(CC2CN(c3ccc(S(=O)(=O)c4ccncc4)cc3)C2)CC1)[C@H]1CCC[C@@H]1[*:1],CNC(=O)O[*:1],CCCC(=O)O[*:1],CNC(=O)O[*:1]>>CCCC(=O)O[*:1],40,5,6,8.221848749616356,6.20551195334083,2.0163367962755263,0.825,True,True,True,same_assay
STR-C7284B226A7FB3CA10F9,STR-DA939D5F87D225304F92,CN1Cc2ccccc2C(C2CCN(CCCOc3ccc(C#N)cc3)CC2)([*:1])C1,c1ccc([*:1])nc1,C1CCC([*:1])C1,c1ccc([*:1])nc1>>C1CCC([*:1])C1,29,6,5,5.251811972993799,7.267606240177031,2.0157942671832316,0.6865671641791045,True,True,True,same_assay
STR-135D463A1137C39C5816,STR-21AE2CAF6E5125C8BCF4,N#Cc1ccc(N2CC(CN3CCC(C(C#N)(c4ccccc4)[*:1])CC3)C2)cc1,C1CCC([*:1])C1,COC(=O)N[C@H]1CCC[C@@H]1[*:1],C1CCC([*:1])C1>>COC(=O)N[C@H]1CCC[C@@H]1[*:1],28,5,10,5.522878745280337,7.537602002101044,2.014723256820707,0.6716417910447762,True,False,False,cross_context
STR-A1381CEB41898F753D78,STR-AA65E7D5BF8C15D9F669,N#CC(c1ccccc1)(C1CCN(CC2CN(c3ccc(S(=O)(=O)C4CC4)cc3)C2)CC1)[C@H]1CCC[C@@H]1[*:1],COC(=O)N[*:1],CNC(=O)[*:1],COC(=O)N[*:1]>>CNC(=O)[*:1],37,5,4,7.508638306165727,5.494850021680094,2.013788284485633,0.7631578947368421,True,True,True,same_assay
STR-547D0767F033066A0D80,STR-AA4D58E6580A56C280AF,O=S(=O)(c1ccncc1)c1ccc(N2CC(CN3CCC(C4(C5CCCC5)CN([*:1])Cc5ccccc54)CC3)C2)cc1,c1cc(C[*:1])ccn1,C[*:1],c1cc(C[*:1])ccn1>>C[*:1],41,7,1,5.952764435679177,7.958607314841775,2.0058428791625973,0.8,True,True,True,same_assay
STR-547D0767F033066A0D80,STR-EE40493687FAFB4EE02B,O=S(=O)(c1ccncc1)c1ccc(N2CC(CN3CCC(C4(C5CCCC5)CN(C[*:1])Cc5ccccc54)CC3)C2)cc1,c1cc([*:1])ccn1,C1CN(C[*:1])CCO1,c1cc([*:1])ccn1>>C1CN(C[*:1])CCO1,42,6,7,5.952764435679177,7.958607314841775,2.0058428791625973,0.8169014084507042,True,True,True,same_assay
STR-72BF5FE38870FA3B6280,STR-F2582153AFECCA17E433,CCN(C(=O)c1cc(F)ccc1Oc1nncnc1N1CCC2(C1)CN([*:1])C2)C(C)C,CC(C)[C@H](CCO)[*:1],CC(C)[C@@H](CCNCC(N)=O)[*:1],CC(C)[C@H](CCO)[*:1]>>CC(C)[C@@H](CCNCC(N)=O)[*:1],30,7,11,4.051391450123564,6.055517327849831,2.004125877726267,0.8292682926829268,True,True,True,same_assay
STR-38D78133670C2C6A5AEA,STR-8A96AEE3549DB26F33DD,CC(=O)O[C@H]1CCC[C@@H]1C(C#N)(c1cccc([*:1])c1)C1CCN(CC2CN(c3ccc(C#N)cc3)C2)CC1,FC(F)(F)[*:1],F[*:1],FC(F)(F)[*:1]>>F[*:1],37,4,1,5.79317412396815,7.795880017344075,2.002705893375925,0.863013698630137,True,True,True,same_assay
STR-2E19648BD2890AA2BB83,STR-55DFB8550CA6D0317DA0,N=C(N)NCCC[C@@H]1NC(=O)C2(CCC2)NC(=O)[C@@H]2CCCN2C(=O)[C@H](Cc2cccc([*:1])c2)NC(=O)[C@@H](N)CCCCCCCCNC(=O)[C@@H]2CCCN2C1=O,FC(F)(F)[*:1],F[*:1],FC(F)(F)[*:1]>>F[*:1],56,4,1,5.598599459218455,7.600326278518962,2.001726819300506,0.8555555555555555,True,True,True,same_assay
STR-1C195E0EFD40C42EDEE4,STR-2E8A075F614E722CE8DF,CC(=O)O[C@@H]1CCC[C@H]1C(C#N)(c1ccccc1)C1CCN(CC2CN(c3ccc(S(=O)(=O)[*:1])cc3)C2)CC1,C1CC1[*:1],Cc1cc([*:1])ccn1,C1CC1[*:1]>>Cc1cc([*:1])ccn1,38,3,7,5.769551078621726,7.769551078621726,2.0,0.7530864197530864,True,True,True,same_assay
STR-30E7F50211EE28460DBB,STR-FB20DDC3426AF551283B,N#CC(c1ccccc1)(C1CCN(CC2CN(c3ccc(S(=O)(=O)c4ccncc4)cc3)C2)CC1)[*:1],CN(C)C(=O)N[C@@H]1CCC[C@H]1[*:1],CN(C)C(=O)N[C@H]1CCC[C@@H]1[*:1],CN(C)C(=O)N[C@@H]1CCC[C@H]1[*:1]>>CN(C)C(=O)N[C@H]1CCC[C@@H]1[*:1],35,11,11,5.920818753952375,7.920818753952375,2.0,1.0,True,True,True,same_assay
STR-36584B3033D9C455D195,STR-EE2BA933FEE514B0F89F,N#Cc1ccc(OCCCN2CCC(C3([*:1])NCCc4ccccc43)CC2)cc1,C1CCC([*:1])C1,C1CCC(C[*:1])CC1,C1CCC([*:1])C1>>C1CCC(C[*:1])CC1,28,5,7,7.1487416512809245,5.1487416512809245,2.0,0.734375,True,True,True,same_assay
STR-5470E2C155BCDC752B33,STR-A50D555FBD2E6BE12E86,N#CC(c1ccccc1)(C1CCN(CC2CN(c3ccc(S(=O)(=O)c4ccncc4)cc3)C2)CC1)[*:1],CCNC(=O)O[C@H]1CCC[C@@H]1[*:1],CSC[C@@H]1CCC[C@H]1[*:1],CCNC(=O)O[C@H]1CCC[C@@H]1[*:1]>>CSC[C@@H]1CCC[C@H]1[*:1],35,11,8,6.769551078621726,4.769551078621726,2.0,0.6904761904761905,True,True,True,same_assay
STR-5C740F62A4861DEC230E,STR-A2F21D97062872F508E0,CC1(C)CN=C(N2CCN(c3ncnc4sc([*:1])cc34)CC2)S1,FC(F)(F)[*:1],c1ccc(C[*:1])cc1,FC(F)(F)[*:1]>>c1ccc(C[*:1])cc1,22,4,7,7.337242168318426,5.337242168318426,2.0,0.6166666666666667,True,False,False,cross_context
STR-65405A355B35D329B436,STR-79D75B6A88F0457FA1C2,N#CC(c1ccccc1)(C1CCN(CC2CN(c3ccc(S(=O)(=O)c4ccncc4)cc3)C2)CC1)[*:1],CCC(=O)O[C@@H]1CCC[C@H]1[*:1],CCC(=O)O[C@H]1CCC[C@@H]1[*:1],CCC(=O)O[C@@H]1CCC[C@H]1[*:1]>>CCC(=O)O[C@H]1CCC[C@@H]1[*:1],35,10,10,6.0,8.0,2.0,1.0,True,True,True,same_assay
STR-65405A355B35D329B436,STR-C24E330B171F75FD816E,N#CC(c1ccccc1)(C1CCN(CC2CN(c3ccc(S(=O)(=O)c4ccncc4)cc3)C2)CC1)[*:1],CCC(=O)O[C@@H]1CCC[C@H]1[*:1],CC(=O)N[C@H]1CCC[C@@H]1[*:1],CCC(=O)O[C@@H]1CCC[C@H]1[*:1]>>CC(=O)N[C@H]1CCC[C@@H]1[*:1],35,10,9,6.0,8.0,2.0,0.7530864197530864,True,True,True,same_assay
STR-B56EF6AC340F28C175E6,STR-D8497B8DD5B2F916727A,N#Cc1ccc(N2CC(CN3CCC([C@@](C#N)(c4ccccc4)[C@H]4CCC[C@@H]4[*:1])CC3)C2)cc1,CNC(=O)O[*:1],CCCC(=O)O[*:1],CNC(=O)O[*:1]>>CCCC(=O)O[*:1],33,5,6,7.958607314841775,5.958607314841775,2.0,0.8055555555555556,True,True,True,same_assay
