aid,assay_name,assay_source_id,current_source_name,source_names,activity_outcome_method,active_sid_count,total_sid_count,target_count,deposit_date,modify_date,assay_description,search_terms,n_search_terms,selection_rank
1416307,Inhibition of menin (unknown origin)-FITC-tagged MLL1 (unknown origin) protein-protein interaction after 1 hr by fluorescence polarization assay,CHEMBL4262731,ChEMBL,ChEMBL,Confirmatory,2,8,2,2020/06/19 00:00,2022/08/30 00:00,"Title: Theoretical models of inhibitory activity for inhibitors of protein-protein interactions: targeting menin-mixed lineage leukemia with small molecules._||_Abstract: Development and binding affinity predictions of inhibitors targeting protein-protein interactions (PPI) still represent a major challenge in drug discovery efforts. This work reports application of a predictive non-empirical model of inhibitory activity for PPI inhibitors, exemplified here for small molecules targeting the menin-mixed lineage leukemia (MLL) interaction. Systematic ab initio analysis of menin-inhibitor complexes was performed, revealing the physical nature of these interactions. Notably, the non-empirical protein-ligand interaction energy comprising electrostatic multipole and approximate dispersion terms (E(10)El,MTP + EDas) produced a remarkable correlation with experimentally measured inhibitory activities and enabled accurate activity prediction for new menin-MLL inhibitors. Importantly, this relatively simple and computationally affordable non-empirical interaction energy model outperformed binding affinity predictions derived from commonly used empirical scoring functions. This study demonstrates high relevance of the non-empirical model we developed for binding affinity prediction of inhibitors targeting protein-protein interactions that are difficult to predict using empirical scoring functions. ",MEN1 menin inhibitor;Menin-MLL Interaction Inhibitory Activity;menin MLL inhibitor;target_gene:MEN1,4,1
1416306,Inhibition of full length human menin-MLL1 (4 to 43 residues) (unknown origin) protein-protein interaction after 1 hr by fluorescence polarization assay,CHEMBL4262730,ChEMBL,ChEMBL,Confirmatory,2,2,2,2020/06/19 00:00,2022/08/30 00:00,"Title: Theoretical models of inhibitory activity for inhibitors of protein-protein interactions: targeting menin-mixed lineage leukemia with small molecules._||_Abstract: Development and binding affinity predictions of inhibitors targeting protein-protein interactions (PPI) still represent a major challenge in drug discovery efforts. This work reports application of a predictive non-empirical model of inhibitory activity for PPI inhibitors, exemplified here for small molecules targeting the menin-mixed lineage leukemia (MLL) interaction. Systematic ab initio analysis of menin-inhibitor complexes was performed, revealing the physical nature of these interactions. Notably, the non-empirical protein-ligand interaction energy comprising electrostatic multipole and approximate dispersion terms (E(10)El,MTP + EDas) produced a remarkable correlation with experimentally measured inhibitory activities and enabled accurate activity prediction for new menin-MLL inhibitors. Importantly, this relatively simple and computationally affordable non-empirical interaction energy model outperformed binding affinity predictions derived from commonly used empirical scoring functions. This study demonstrates high relevance of the non-empirical model we developed for binding affinity prediction of inhibitors targeting protein-protein interactions that are difficult to predict using empirical scoring functions. ",MEN1 menin inhibitor;Menin-MLL Interaction Inhibitory Activity;menin MLL inhibitor;target_gene:MEN1,4,2
1416305,Inhibition of menin (unknown origin)-fluorescein-labeled MLL1 (unknown origin) after 1 hr by fluorescence polarization assay,CHEMBL4262729,ChEMBL,ChEMBL,Confirmatory,5,7,2,2020/06/19 00:00,2022/08/30 00:00,"Title: Theoretical models of inhibitory activity for inhibitors of protein-protein interactions: targeting menin-mixed lineage leukemia with small molecules._||_Abstract: Development and binding affinity predictions of inhibitors targeting protein-protein interactions (PPI) still represent a major challenge in drug discovery efforts. This work reports application of a predictive non-empirical model of inhibitory activity for PPI inhibitors, exemplified here for small molecules targeting the menin-mixed lineage leukemia (MLL) interaction. Systematic ab initio analysis of menin-inhibitor complexes was performed, revealing the physical nature of these interactions. Notably, the non-empirical protein-ligand interaction energy comprising electrostatic multipole and approximate dispersion terms (E(10)El,MTP + EDas) produced a remarkable correlation with experimentally measured inhibitory activities and enabled accurate activity prediction for new menin-MLL inhibitors. Importantly, this relatively simple and computationally affordable non-empirical interaction energy model outperformed binding affinity predictions derived from commonly used empirical scoring functions. This study demonstrates high relevance of the non-empirical model we developed for binding affinity prediction of inhibitors targeting protein-protein interactions that are difficult to predict using empirical scoring functions. ",MEN1 menin inhibitor;Menin-MLL Interaction Inhibitory Activity;menin MLL inhibitor;target_gene:MEN1,4,3
1244929,Inhibition of N-terminal thioredoxin His6-tagged full-length human menin expressed in Escherichia coli Rosetta (DE3) cells assessed as reduction in menin interaction with FITC-MBM1 peptide of MLL (4 to 15 residues) by fluorescence polarization assay,CHEMBL3614558,ChEMBL,ChEMBL,Confirmatory,9,9,1,2016/12/24 00:00,2022/08/30 00:00,"Title: Rational Design of Orthogonal Multipolar Interactions with Fluorine in Protein-Ligand Complexes._||_Abstract: Multipolar interactions involving fluorine and the protein backbone have been frequently observed in protein-ligand complexes. Such fluorine-backbone interactions may substantially contribute to the high affinity of small molecule inhibitors. Here we found that introduction of trifluoromethyl groups into two different sites in the thienopyrimidine class of menin-MLL inhibitors considerably improved their inhibitory activity. In both cases, trifluoromethyl groups are engaged in short interactions with the backbone of menin. In order to understand the effect of fluorine, we synthesized a series of analogues by systematically changing the number of fluorine atoms, and we determined high-resolution crystal structures of the complexes with menin. We found that introduction of fluorine at favorable geometry for interactions with backbone carbonyls may improve the activity of menin-MLL inhibitors as much as 5- to 10-fold. In order to facilitate the design of multipolar fluorine-backbone interactions in protein-ligand complexes, we developed a computational algorithm named FMAP, which calculates fluorophilic sites in proximity to the protein backbone. We demonstrated that FMAP could be used to rationalize improvement in the activity of known protein inhibitors upon introduction of fluorine. Furthermore, FMAP may also represent a valuable tool for designing new fluorine substitutions and support ligand optimization in drug discovery projects. Analysis of the menin-MLL inhibitor complexes revealed that the backbone in secondary structures is particularly accessible to the interactions with fluorine. Considering that secondary structure elements are frequently exposed at protein interfaces, we postulate that multipolar fluorine-backbone interactions may represent a particularly attractive approach to improve inhibitors of protein-protein interactions. ",MEN1 menin inhibitor;Menin-MLL Interaction Inhibitory Activity;menin MLL inhibitor;target_gene:MEN1,4,4
2061141,"Menin-MLL Interaction Inhibitory Activity Assay from US Patent US20250074910: ""MENIN INHIBITOR AND USE THEREOF""",BindingDB_12757_1,BindingDB,BindingDB,Confirmatory,86,86,1,2025/08/22 00:00,2025/08/22 00:00,"The inhibition of Menin/MLL-4-43 peptide interaction by small molecule inhibitors was quantitatively detected by fluorescence polarization competition assay. The experiment was performed in a 384-well plate (Corning, Cat #3575) using a reaction buffer consisting of 50 mM Tris, pH 7.5, 50 mM NaCl, and 1 mM DTT. A 40 ?L reaction system included 10 ?L of 8 nM Menin recombinant protein and 10 ?L of the test compound at different concentrations. The compound was pre-incubated with Menin protein for 15 min, and then 20 ?L of 10 nM FITC-MLL4-43-peptide was added. After incubation on a shaker at 25  C. for 60 min, the fluorescence polarization signal (FP 485 520 520) was read using BMG PHERAStar detection. The experimental data was analyzed and processed by GraphPad Prism 6 software to obtain the IC50 value. ","""menin/MLL"" inhibitor;Menin-MLL Interaction Inhibitory Activity;menin MLL inhibitor",3,5
1852518,Inhibition of Menin/fluorescein labeled MLL(4 to 43 residues) (unknown origin) protein protein interaction incubated for 1 hr by fluorescence polarization-based competitive binding assay,CHEMBL5107240,ChEMBL,ChEMBL,Confirmatory,22,38,2,2023/06/29 00:00,2023/06/29 00:00,"Title: Discovery of Novel, Potent, and Selective Small-Molecule Menin-Mixed Lineage Leukemia Interaction Inhibitors through Attempting Introduction of Hydrophilic Groups._||_Abstract: Introduction of the <i>N</i>,<i>N</i>-dimethylaminoethoxy group to pyrido[3,2-<i>d</i>]pyrimidine led to the discovery of menin-mixed lineage leukemia (MLL) interaction inhibitor <b>C20</b>. <b>C20</b> showed strong binding affinity to menin protein and achieved sub-micromolar potency in cell growth inhibition. <b>C20</b> had good selectivity for the inhibition of the interaction between menin and MLL in the kinase profile evaluation. Pharmacokinetic studies demonstrated that <b>C20</b> possessed good stability and low clearance rate in liver microsomes and acceptable bioavailability in rats. Subsequent oral administration of <b>C20</b> showed potent antitumor activity in the MV4;11 subcutaneous xenograft models of MLL-rearranged leukemia. The docking study showed that <b>C20</b> bound highly with menin, and the <i>N</i>,<i>N</i>-dimethylaminoethoxy group occupied the F9 pocket of menin. This study proved that introducing a hydrophilic group into the F9 pocket of menin would be a new strategy for the design of menin-MLL interaction inhibitors with potent binding affinity and improved physical properties. ",MEN1 menin inhibitor;menin MLL inhibitor;target_gene:MEN1,3,6
1817584,Binding affinity to recombinant human menin protein assessed as covalent complex formation measured after overnight incubation by LC/MS analysis,CHEMBL5040197,ChEMBL,ChEMBL,,,8,1,2023/03/14 00:00,2023/03/14 00:00,"Title: Discovery of M-1121 as an Orally Active Covalent Inhibitor of Menin-MLL Interaction Capable of Achieving Complete and Long-Lasting Tumor Regression._||_Abstract: Targeting the menin-MLL protein-protein interaction is being pursued as a new therapeutic strategy for the treatment of acute leukemia carrying MLL-rearrangements (MLLr leukemia). Herein, we report M-1121, a covalent and orally active inhibitor of the menin-MLL interaction capable of achieving complete and persistent tumor regression. M-1121 establishes covalent interactions with Cysteine 329 located in the MLL binding pocket of menin and potently inhibits growth of acute leukemia cell lines carrying MLL translocations with no activity in cell lines with wild-type MLL. Consistent with the mechanism of action, M-1121 drives dose-dependent down-regulation of <i>HOXA9</i> and <i>MEIS1</i> gene expression in the MLL-rearranged MV4;11 leukemia cell line. M-1121 is orally bioavailable and shows potent antitumor activity <i>in vivo</i> with tumor regressions observed at tolerated doses in the MV4;11 subcutaneous and disseminated models of MLL-rearranged leukemia. Together, our findings support development of an orally active covalent menin inhibitor as a new therapy for MLLr leukemia. ",MEN1 menin inhibitor;menin MLL inhibitor;target_gene:MEN1,3,7
1817583,Binding affinity to recombinant human menin protein assessed as covalent complex formation incubated for 1 hrs by LC/MS analysis,CHEMBL5040196,ChEMBL,ChEMBL,,,8,1,2023/03/14 00:00,2023/03/14 00:00,"Title: Discovery of M-1121 as an Orally Active Covalent Inhibitor of Menin-MLL Interaction Capable of Achieving Complete and Long-Lasting Tumor Regression._||_Abstract: Targeting the menin-MLL protein-protein interaction is being pursued as a new therapeutic strategy for the treatment of acute leukemia carrying MLL-rearrangements (MLLr leukemia). Herein, we report M-1121, a covalent and orally active inhibitor of the menin-MLL interaction capable of achieving complete and persistent tumor regression. M-1121 establishes covalent interactions with Cysteine 329 located in the MLL binding pocket of menin and potently inhibits growth of acute leukemia cell lines carrying MLL translocations with no activity in cell lines with wild-type MLL. Consistent with the mechanism of action, M-1121 drives dose-dependent down-regulation of <i>HOXA9</i> and <i>MEIS1</i> gene expression in the MLL-rearranged MV4;11 leukemia cell line. M-1121 is orally bioavailable and shows potent antitumor activity <i>in vivo</i> with tumor regressions observed at tolerated doses in the MV4;11 subcutaneous and disseminated models of MLL-rearranged leukemia. Together, our findings support development of an orally active covalent menin inhibitor as a new therapy for MLLr leukemia. ",MEN1 menin inhibitor;menin MLL inhibitor;target_gene:MEN1,3,8
1817582,Binding affinity to recombinant human menin protein assessed as covalent complex formation incubated for 30 mins by LC/MS analysis,CHEMBL5040195,ChEMBL,ChEMBL,,,8,1,2023/03/14 00:00,2023/03/14 00:00,"Title: Discovery of M-1121 as an Orally Active Covalent Inhibitor of Menin-MLL Interaction Capable of Achieving Complete and Long-Lasting Tumor Regression._||_Abstract: Targeting the menin-MLL protein-protein interaction is being pursued as a new therapeutic strategy for the treatment of acute leukemia carrying MLL-rearrangements (MLLr leukemia). Herein, we report M-1121, a covalent and orally active inhibitor of the menin-MLL interaction capable of achieving complete and persistent tumor regression. M-1121 establishes covalent interactions with Cysteine 329 located in the MLL binding pocket of menin and potently inhibits growth of acute leukemia cell lines carrying MLL translocations with no activity in cell lines with wild-type MLL. Consistent with the mechanism of action, M-1121 drives dose-dependent down-regulation of <i>HOXA9</i> and <i>MEIS1</i> gene expression in the MLL-rearranged MV4;11 leukemia cell line. M-1121 is orally bioavailable and shows potent antitumor activity <i>in vivo</i> with tumor regressions observed at tolerated doses in the MV4;11 subcutaneous and disseminated models of MLL-rearranged leukemia. Together, our findings support development of an orally active covalent menin inhibitor as a new therapy for MLLr leukemia. ",MEN1 menin inhibitor;menin MLL inhibitor;target_gene:MEN1,3,9
1817581,Binding affinity to recombinant human menin protein assessed as covalent complex formation incubated for 10 mins by LC/MS analysis,CHEMBL5040194,ChEMBL,ChEMBL,,,8,1,2023/03/14 00:00,2023/03/14 00:00,"Title: Discovery of M-1121 as an Orally Active Covalent Inhibitor of Menin-MLL Interaction Capable of Achieving Complete and Long-Lasting Tumor Regression._||_Abstract: Targeting the menin-MLL protein-protein interaction is being pursued as a new therapeutic strategy for the treatment of acute leukemia carrying MLL-rearrangements (MLLr leukemia). Herein, we report M-1121, a covalent and orally active inhibitor of the menin-MLL interaction capable of achieving complete and persistent tumor regression. M-1121 establishes covalent interactions with Cysteine 329 located in the MLL binding pocket of menin and potently inhibits growth of acute leukemia cell lines carrying MLL translocations with no activity in cell lines with wild-type MLL. Consistent with the mechanism of action, M-1121 drives dose-dependent down-regulation of <i>HOXA9</i> and <i>MEIS1</i> gene expression in the MLL-rearranged MV4;11 leukemia cell line. M-1121 is orally bioavailable and shows potent antitumor activity <i>in vivo</i> with tumor regressions observed at tolerated doses in the MV4;11 subcutaneous and disseminated models of MLL-rearranged leukemia. Together, our findings support development of an orally active covalent menin inhibitor as a new therapy for MLLr leukemia. ",MEN1 menin inhibitor;menin MLL inhibitor;target_gene:MEN1,3,10
1817578,Binding affinity to menin (unknown origin) incubated for 1 hr by fluorescence polarization-based competitive binding assay,CHEMBL5040191,ChEMBL,ChEMBL,Confirmatory,20,20,1,2023/03/14 00:00,2023/03/14 00:00,"Title: Discovery of M-1121 as an Orally Active Covalent Inhibitor of Menin-MLL Interaction Capable of Achieving Complete and Long-Lasting Tumor Regression._||_Abstract: Targeting the menin-MLL protein-protein interaction is being pursued as a new therapeutic strategy for the treatment of acute leukemia carrying MLL-rearrangements (MLLr leukemia). Herein, we report M-1121, a covalent and orally active inhibitor of the menin-MLL interaction capable of achieving complete and persistent tumor regression. M-1121 establishes covalent interactions with Cysteine 329 located in the MLL binding pocket of menin and potently inhibits growth of acute leukemia cell lines carrying MLL translocations with no activity in cell lines with wild-type MLL. Consistent with the mechanism of action, M-1121 drives dose-dependent down-regulation of <i>HOXA9</i> and <i>MEIS1</i> gene expression in the MLL-rearranged MV4;11 leukemia cell line. M-1121 is orally bioavailable and shows potent antitumor activity <i>in vivo</i> with tumor regressions observed at tolerated doses in the MV4;11 subcutaneous and disseminated models of MLL-rearranged leukemia. Together, our findings support development of an orally active covalent menin inhibitor as a new therapy for MLLr leukemia. ",MEN1 menin inhibitor;menin MLL inhibitor;target_gene:MEN1,3,11
1743095,Inhibition of Menin-MLL protein-protein interaction (unknown origin) preincubated for 1 hr in presence of FLSN-MBM1 peptide followed by compound addition and measured after 1 hr by fluorescence polarization assay,CHEMBL4774495,ChEMBL,ChEMBL,Confirmatory,18,22,2,2022/03/18 00:00,2022/08/30 00:00,"Title: Covalent and noncovalent constraints yield a figure eight-like conformation of a peptide inhibiting the menin-MLL interaction._||_Abstract: The interaction between menin and mixed lineage leukemia (MLL) was identified as an interesting target for treating some cancers including acute leukemia. On the basis of the known crystal structure of the MBM1-menin complex (MBM - menin binding motif), several cyclic peptides were designed. Elaboration of the effective cyclization strategy using a metathesis reaction allowed for a successfully large number of derivatives to be obtained. Subsequent optimization of the loop size, as well as N-terminal, central and C-terminal parts of the studied peptides resulted in structures exhibiting low nanomolar activities. A crystal structure of an inhibitor-menin complex revealed a compact conformation of the ligand molecule, which is stabilized not only by the introduction of a covalent linker but also three intramolecular hydrogen bonds. The inhibitor adopts a figure eight-like conformation, which perfectly fits the cleft of menin. We demonstrated that the development of compact, miniprotein-like structures is a highly effective approach for inhibition of protein-protein interactions. ",MEN1 menin inhibitor;menin MLL inhibitor;target_gene:MEN1,3,12
1743094,Inhibition of Menin-MLL protein-protein interaction (unknown origin) preincubated for 1 hr in presence of FLSN-MLL4-43 peptide followed by compound addition and measured after 1 hr by fluorescence polarization assay,CHEMBL4774494,ChEMBL,ChEMBL,Confirmatory,10,10,2,2022/03/18 00:00,2022/08/30 00:00,"Title: Covalent and noncovalent constraints yield a figure eight-like conformation of a peptide inhibiting the menin-MLL interaction._||_Abstract: The interaction between menin and mixed lineage leukemia (MLL) was identified as an interesting target for treating some cancers including acute leukemia. On the basis of the known crystal structure of the MBM1-menin complex (MBM - menin binding motif), several cyclic peptides were designed. Elaboration of the effective cyclization strategy using a metathesis reaction allowed for a successfully large number of derivatives to be obtained. Subsequent optimization of the loop size, as well as N-terminal, central and C-terminal parts of the studied peptides resulted in structures exhibiting low nanomolar activities. A crystal structure of an inhibitor-menin complex revealed a compact conformation of the ligand molecule, which is stabilized not only by the introduction of a covalent linker but also three intramolecular hydrogen bonds. The inhibitor adopts a figure eight-like conformation, which perfectly fits the cleft of menin. We demonstrated that the development of compact, miniprotein-like structures is a highly effective approach for inhibition of protein-protein interactions. ",MEN1 menin inhibitor;menin MLL inhibitor;target_gene:MEN1,3,13
1568961,Binding affinity to Menin in human MOLM13 cells assessed as thermal stabilization incubated for 1 hr by CETSA-based Western blot analysis,CHEMBL4366899,ChEMBL,ChEMBL,,,1,1,2021/03/02 00:00,2021/03/02 00:00,"Title: Structure-Based Discovery of M-89 as a Highly Potent Inhibitor of the Menin-Mixed Lineage Leukemia (Menin-MLL) Protein-Protein Interaction._||_Abstract: Inhibition of the menin-mixed lineage leukemia (MLL) protein-protein interaction is a promising new therapeutic strategy for the treatment of acute leukemia carrying MLL fusion (MLL leukemia). We describe herein our structure-based design, synthesis, and evaluation of a new class of small-molecule inhibitors of the menin-MLL interaction (hereafter called menin inhibitors). Our efforts have resulted in the discovery of highly potent menin inhibitors, as exemplified by compound 42 (M-89). M-89 binds to menin with a Kd value of 1.4 nM and effectively engages cellular menin protein at low nanomolar concentrations. M-89 inhibits cell growth in the MV4;11 and MOLM-13 leukemia cell lines carrying MLL fusion with IC50 values of 25 and 55 nM, respectively, and demonstrates >100-fold selectivity over the HL-60 leukemia cell line lacking MLL fusion. The determination of a co-crystal structure of M-89 in a complex with menin provides the structural basis for their high-affinity interaction. Further optimization of M-89 may lead to a new class of therapy for the treatment of MLL leukemia. ",MEN1 menin inhibitor;menin MLL inhibitor;target_gene:MEN1,3,14
1568960,Binding affinity to Menin in human MV411 cells assessed as thermal stabilization incubated for 1 hr by CETSA-based Western blot analysis,CHEMBL4366898,ChEMBL,ChEMBL,,,1,1,2021/03/02 00:00,2021/03/02 00:00,"Title: Structure-Based Discovery of M-89 as a Highly Potent Inhibitor of the Menin-Mixed Lineage Leukemia (Menin-MLL) Protein-Protein Interaction._||_Abstract: Inhibition of the menin-mixed lineage leukemia (MLL) protein-protein interaction is a promising new therapeutic strategy for the treatment of acute leukemia carrying MLL fusion (MLL leukemia). We describe herein our structure-based design, synthesis, and evaluation of a new class of small-molecule inhibitors of the menin-MLL interaction (hereafter called menin inhibitors). Our efforts have resulted in the discovery of highly potent menin inhibitors, as exemplified by compound 42 (M-89). M-89 binds to menin with a Kd value of 1.4 nM and effectively engages cellular menin protein at low nanomolar concentrations. M-89 inhibits cell growth in the MV4;11 and MOLM-13 leukemia cell lines carrying MLL fusion with IC50 values of 25 and 55 nM, respectively, and demonstrates >100-fold selectivity over the HL-60 leukemia cell line lacking MLL fusion. The determination of a co-crystal structure of M-89 in a complex with menin provides the structural basis for their high-affinity interaction. Further optimization of M-89 may lead to a new class of therapy for the treatment of MLL leukemia. ",MEN1 menin inhibitor;menin MLL inhibitor;target_gene:MEN1,3,15
1568954,Binding affinity to biotinylated Menin (unknown origin) assessed as off-rate constant and measured up to 1800 secs by biolayer interferometry assay,CHEMBL4366892,ChEMBL,ChEMBL,,,2,1,2021/03/02 00:00,2023/06/29 00:00,"Title: Structure-Based Discovery of M-89 as a Highly Potent Inhibitor of the Menin-Mixed Lineage Leukemia (Menin-MLL) Protein-Protein Interaction._||_Abstract: Inhibition of the menin-mixed lineage leukemia (MLL) protein-protein interaction is a promising new therapeutic strategy for the treatment of acute leukemia carrying MLL fusion (MLL leukemia). We describe herein our structure-based design, synthesis, and evaluation of a new class of small-molecule inhibitors of the menin-MLL interaction (hereafter called menin inhibitors). Our efforts have resulted in the discovery of highly potent menin inhibitors, as exemplified by compound 42 (M-89). M-89 binds to menin with a Kd value of 1.4 nM and effectively engages cellular menin protein at low nanomolar concentrations. M-89 inhibits cell growth in the MV4;11 and MOLM-13 leukemia cell lines carrying MLL fusion with IC50 values of 25 and 55 nM, respectively, and demonstrates >100-fold selectivity over the HL-60 leukemia cell line lacking MLL fusion. The determination of a co-crystal structure of M-89 in a complex with menin provides the structural basis for their high-affinity interaction. Further optimization of M-89 may lead to a new class of therapy for the treatment of MLL leukemia. ",MEN1 menin inhibitor;menin MLL inhibitor;target_gene:MEN1,3,16
1568953,Binding affinity to biotinylated Menin (unknown origin) assessed as on-rate constant and measured up to 1200 secs by biolayer interferometry assay,CHEMBL4366891,ChEMBL,ChEMBL,,,2,1,2021/03/02 00:00,2023/06/29 00:00,"Title: Structure-Based Discovery of M-89 as a Highly Potent Inhibitor of the Menin-Mixed Lineage Leukemia (Menin-MLL) Protein-Protein Interaction._||_Abstract: Inhibition of the menin-mixed lineage leukemia (MLL) protein-protein interaction is a promising new therapeutic strategy for the treatment of acute leukemia carrying MLL fusion (MLL leukemia). We describe herein our structure-based design, synthesis, and evaluation of a new class of small-molecule inhibitors of the menin-MLL interaction (hereafter called menin inhibitors). Our efforts have resulted in the discovery of highly potent menin inhibitors, as exemplified by compound 42 (M-89). M-89 binds to menin with a Kd value of 1.4 nM and effectively engages cellular menin protein at low nanomolar concentrations. M-89 inhibits cell growth in the MV4;11 and MOLM-13 leukemia cell lines carrying MLL fusion with IC50 values of 25 and 55 nM, respectively, and demonstrates >100-fold selectivity over the HL-60 leukemia cell line lacking MLL fusion. The determination of a co-crystal structure of M-89 in a complex with menin provides the structural basis for their high-affinity interaction. Further optimization of M-89 may lead to a new class of therapy for the treatment of MLL leukemia. ",MEN1 menin inhibitor;menin MLL inhibitor;target_gene:MEN1,3,17
1568952,Binding affinity to biotinylated Menin (unknown origin) by biolayer interferometry assay,CHEMBL4366890,ChEMBL,ChEMBL,Confirmatory,1,2,1,2021/03/02 00:00,2022/08/30 00:00,"Title: Structure-Based Discovery of M-89 as a Highly Potent Inhibitor of the Menin-Mixed Lineage Leukemia (Menin-MLL) Protein-Protein Interaction._||_Abstract: Inhibition of the menin-mixed lineage leukemia (MLL) protein-protein interaction is a promising new therapeutic strategy for the treatment of acute leukemia carrying MLL fusion (MLL leukemia). We describe herein our structure-based design, synthesis, and evaluation of a new class of small-molecule inhibitors of the menin-MLL interaction (hereafter called menin inhibitors). Our efforts have resulted in the discovery of highly potent menin inhibitors, as exemplified by compound 42 (M-89). M-89 binds to menin with a Kd value of 1.4 nM and effectively engages cellular menin protein at low nanomolar concentrations. M-89 inhibits cell growth in the MV4;11 and MOLM-13 leukemia cell lines carrying MLL fusion with IC50 values of 25 and 55 nM, respectively, and demonstrates >100-fold selectivity over the HL-60 leukemia cell line lacking MLL fusion. The determination of a co-crystal structure of M-89 in a complex with menin provides the structural basis for their high-affinity interaction. Further optimization of M-89 may lead to a new class of therapy for the treatment of MLL leukemia. ",MEN1 menin inhibitor;menin MLL inhibitor;target_gene:MEN1,3,18
1568950,Inhibition of FAM-probe binding to Menin (unknown origin) after 60 mins by fluorescence polarization competitive binding assay,CHEMBL4366888,ChEMBL,ChEMBL,Confirmatory,38,38,1,2021/03/02 00:00,2022/08/30 00:00,"Title: Structure-Based Discovery of M-89 as a Highly Potent Inhibitor of the Menin-Mixed Lineage Leukemia (Menin-MLL) Protein-Protein Interaction._||_Abstract: Inhibition of the menin-mixed lineage leukemia (MLL) protein-protein interaction is a promising new therapeutic strategy for the treatment of acute leukemia carrying MLL fusion (MLL leukemia). We describe herein our structure-based design, synthesis, and evaluation of a new class of small-molecule inhibitors of the menin-MLL interaction (hereafter called menin inhibitors). Our efforts have resulted in the discovery of highly potent menin inhibitors, as exemplified by compound 42 (M-89). M-89 binds to menin with a Kd value of 1.4 nM and effectively engages cellular menin protein at low nanomolar concentrations. M-89 inhibits cell growth in the MV4;11 and MOLM-13 leukemia cell lines carrying MLL fusion with IC50 values of 25 and 55 nM, respectively, and demonstrates >100-fold selectivity over the HL-60 leukemia cell line lacking MLL fusion. The determination of a co-crystal structure of M-89 in a complex with menin provides the structural basis for their high-affinity interaction. Further optimization of M-89 may lead to a new class of therapy for the treatment of MLL leukemia. ",MEN1 menin inhibitor;menin MLL inhibitor;target_gene:MEN1,3,19
1568949,Inhibition of fluorescent probe binding to Menin (2 to 610 residues containing deletion from 460-519) (unknown origin) after 60 mins by fluorescence polarization competitive binding assay,CHEMBL4366887,ChEMBL,ChEMBL,Confirmatory,1,1,1,2021/03/02 00:00,2022/08/30 00:00,"Title: Structure-Based Discovery of M-89 as a Highly Potent Inhibitor of the Menin-Mixed Lineage Leukemia (Menin-MLL) Protein-Protein Interaction._||_Abstract: Inhibition of the menin-mixed lineage leukemia (MLL) protein-protein interaction is a promising new therapeutic strategy for the treatment of acute leukemia carrying MLL fusion (MLL leukemia). We describe herein our structure-based design, synthesis, and evaluation of a new class of small-molecule inhibitors of the menin-MLL interaction (hereafter called menin inhibitors). Our efforts have resulted in the discovery of highly potent menin inhibitors, as exemplified by compound 42 (M-89). M-89 binds to menin with a Kd value of 1.4 nM and effectively engages cellular menin protein at low nanomolar concentrations. M-89 inhibits cell growth in the MV4;11 and MOLM-13 leukemia cell lines carrying MLL fusion with IC50 values of 25 and 55 nM, respectively, and demonstrates >100-fold selectivity over the HL-60 leukemia cell line lacking MLL fusion. The determination of a co-crystal structure of M-89 in a complex with menin provides the structural basis for their high-affinity interaction. Further optimization of M-89 may lead to a new class of therapy for the treatment of MLL leukemia. ",MEN1 menin inhibitor;menin MLL inhibitor;target_gene:MEN1,3,20
1568948,Binding affinity to human Menin expressed in Escherichia coli Rosetta2 (DE3) cells by isothermal titration calorimetry,CHEMBL4366886,ChEMBL,ChEMBL,Confirmatory,4,4,1,2021/03/02 00:00,2022/08/30 00:00,"Title: Structure-Based Discovery of M-89 as a Highly Potent Inhibitor of the Menin-Mixed Lineage Leukemia (Menin-MLL) Protein-Protein Interaction._||_Abstract: Inhibition of the menin-mixed lineage leukemia (MLL) protein-protein interaction is a promising new therapeutic strategy for the treatment of acute leukemia carrying MLL fusion (MLL leukemia). We describe herein our structure-based design, synthesis, and evaluation of a new class of small-molecule inhibitors of the menin-MLL interaction (hereafter called menin inhibitors). Our efforts have resulted in the discovery of highly potent menin inhibitors, as exemplified by compound 42 (M-89). M-89 binds to menin with a Kd value of 1.4 nM and effectively engages cellular menin protein at low nanomolar concentrations. M-89 inhibits cell growth in the MV4;11 and MOLM-13 leukemia cell lines carrying MLL fusion with IC50 values of 25 and 55 nM, respectively, and demonstrates >100-fold selectivity over the HL-60 leukemia cell line lacking MLL fusion. The determination of a co-crystal structure of M-89 in a complex with menin provides the structural basis for their high-affinity interaction. Further optimization of M-89 may lead to a new class of therapy for the treatment of MLL leukemia. ",MEN1 menin inhibitor;menin MLL inhibitor;target_gene:MEN1,3,21
1549063,Covalent binding affinity to human menin assessed as protein-compound complex formation at protein to compound ratio of 1:1.2 measured after overnight incubation by LC-MS analysis relative to control,CHEMBL4346453,ChEMBL,ChEMBL,,,11,1,2021/03/02 00:00,2021/03/02 00:00,"Title: Discovery of M-808 as a Highly Potent, Covalent, Small-Molecule Inhibitor of the Menin-MLL Interaction with Strong <i>In Vivo</i> Antitumor Activity._||_Abstract: Targeting the menin-MLL protein-protein interaction is a new therapeutic strategy for the treatment of acute leukemia carrying MLL fusion (MLL leukemia). We describe herein the structure-based optimization of a class of covalent menin inhibitors, which led to the discovery of M-808 (<b>16</b>) as a highly potent and efficacious covalent menin inhibitor. M-808 effectively inhibits leukemia cell growth at low nanomolar concentrations and is capable of achieving partial tumor regression in an MV4;11 xenograft tumor model in mice at a well-tolerated dose schedule. Determination of the co-crystal structure of M-808 in complex with menin provides a structural basis for their high-affinity, covalent interactions. M-808 represents a promising, covalent menin inhibitor for further optimization and evaluation toward developing a new therapy for the treatment of MLL leukemia. ",MEN1 menin inhibitor;menin MLL inhibitor;target_gene:MEN1,3,22
1549062,Covalent binding affinity to human menin assessed as protein-compound complex formation at protein to compound ratio of 1:1.2 after 1 hr by LC-MS analysis relative to control,CHEMBL4346452,ChEMBL,ChEMBL,,,11,1,2021/03/02 00:00,2021/03/02 00:00,"Title: Discovery of M-808 as a Highly Potent, Covalent, Small-Molecule Inhibitor of the Menin-MLL Interaction with Strong <i>In Vivo</i> Antitumor Activity._||_Abstract: Targeting the menin-MLL protein-protein interaction is a new therapeutic strategy for the treatment of acute leukemia carrying MLL fusion (MLL leukemia). We describe herein the structure-based optimization of a class of covalent menin inhibitors, which led to the discovery of M-808 (<b>16</b>) as a highly potent and efficacious covalent menin inhibitor. M-808 effectively inhibits leukemia cell growth at low nanomolar concentrations and is capable of achieving partial tumor regression in an MV4;11 xenograft tumor model in mice at a well-tolerated dose schedule. Determination of the co-crystal structure of M-808 in complex with menin provides a structural basis for their high-affinity, covalent interactions. M-808 represents a promising, covalent menin inhibitor for further optimization and evaluation toward developing a new therapy for the treatment of MLL leukemia. ",MEN1 menin inhibitor;menin MLL inhibitor;target_gene:MEN1,3,23
1549061,Inhibition of menin (unknown origin) by fluorescence polarization assay,CHEMBL4346451,ChEMBL,ChEMBL,Confirmatory,1,1,1,2021/03/02 00:00,2022/08/30 00:00,"Title: Discovery of M-808 as a Highly Potent, Covalent, Small-Molecule Inhibitor of the Menin-MLL Interaction with Strong <i>In Vivo</i> Antitumor Activity._||_Abstract: Targeting the menin-MLL protein-protein interaction is a new therapeutic strategy for the treatment of acute leukemia carrying MLL fusion (MLL leukemia). We describe herein the structure-based optimization of a class of covalent menin inhibitors, which led to the discovery of M-808 (<b>16</b>) as a highly potent and efficacious covalent menin inhibitor. M-808 effectively inhibits leukemia cell growth at low nanomolar concentrations and is capable of achieving partial tumor regression in an MV4;11 xenograft tumor model in mice at a well-tolerated dose schedule. Determination of the co-crystal structure of M-808 in complex with menin provides a structural basis for their high-affinity, covalent interactions. M-808 represents a promising, covalent menin inhibitor for further optimization and evaluation toward developing a new therapy for the treatment of MLL leukemia. ",MEN1 menin inhibitor;menin MLL inhibitor;target_gene:MEN1,3,24
1549057,Inhibition of fluorescent labeled tracer binding to Menin (unknown origin) after 1 hr by fluorescence polarization competitive binding assay,CHEMBL4346447,ChEMBL,ChEMBL,Confirmatory,14,14,1,2021/03/02 00:00,2022/08/30 00:00,"Title: Discovery of M-808 as a Highly Potent, Covalent, Small-Molecule Inhibitor of the Menin-MLL Interaction with Strong <i>In Vivo</i> Antitumor Activity._||_Abstract: Targeting the menin-MLL protein-protein interaction is a new therapeutic strategy for the treatment of acute leukemia carrying MLL fusion (MLL leukemia). We describe herein the structure-based optimization of a class of covalent menin inhibitors, which led to the discovery of M-808 (<b>16</b>) as a highly potent and efficacious covalent menin inhibitor. M-808 effectively inhibits leukemia cell growth at low nanomolar concentrations and is capable of achieving partial tumor regression in an MV4;11 xenograft tumor model in mice at a well-tolerated dose schedule. Determination of the co-crystal structure of M-808 in complex with menin provides a structural basis for their high-affinity, covalent interactions. M-808 represents a promising, covalent menin inhibitor for further optimization and evaluation toward developing a new therapy for the treatment of MLL leukemia. ",MEN1 menin inhibitor;menin MLL inhibitor;target_gene:MEN1,3,25
1375614,Binding affinity to human C-terminal Avi-tagged menin expressed in Escherichia coli BL21 (DE3) cells by bio-layer interferometry,CHEMBL4189781,ChEMBL,ChEMBL,Confirmatory,2,2,1,2020/06/18 00:00,2022/08/30 00:00,"Title: Complexity of Blocking Bivalent Protein-Protein Interactions: Development of a Highly Potent Inhibitor of the Menin-Mixed-Lineage Leukemia Interaction._||_Abstract: The protein-protein interaction between menin and mixed-lineage leukemia 1 (MLL1) plays an important role in development of acute leukemia with translocations of the MLL1 gene and in solid tumors. Here, we report the development of a new generation of menin-MLL1 inhibitors identified by structure-based optimization of the thienopyrimidine class of compounds. This work resulted in compound 28 (MI-1481), which showed very potent inhibition of the menin-MLL1 interaction (IC50 = 3.6 nM), representing the most potent reversible menin-MLL1 inhibitor reported to date. The crystal structure of the menin-28 complex revealed a hydrogen bond with Glu366 and hydrophobic interactions, which contributed to strong inhibitory activity of 28. Compound 28 also demonstrates pronounced activity in MLL leukemia cells and in vivo in MLL leukemia models. Thus, 28 is a valuable menin-MLL1 inhibitor that can be used for potential therapeutic applications and in further studies regarding the role of menin in cancer. ",MEN1 menin inhibitor;menin MLL inhibitor;target_gene:MEN1,3,26
1375611,Binding affinity to menin in mouse bone marrow cells harboring MLL-AF9 fusion protein assessed as inhibition of protein interaction with MLL by measuring cell growth inhibition after 7 days by MTT assay,CHEMBL4189778,ChEMBL,ChEMBL,Confirmatory,29,29,1,2020/06/18 00:00,2022/08/30 00:00,"Title: Complexity of Blocking Bivalent Protein-Protein Interactions: Development of a Highly Potent Inhibitor of the Menin-Mixed-Lineage Leukemia Interaction._||_Abstract: The protein-protein interaction between menin and mixed-lineage leukemia 1 (MLL1) plays an important role in development of acute leukemia with translocations of the MLL1 gene and in solid tumors. Here, we report the development of a new generation of menin-MLL1 inhibitors identified by structure-based optimization of the thienopyrimidine class of compounds. This work resulted in compound 28 (MI-1481), which showed very potent inhibition of the menin-MLL1 interaction (IC50 = 3.6 nM), representing the most potent reversible menin-MLL1 inhibitor reported to date. The crystal structure of the menin-28 complex revealed a hydrogen bond with Glu366 and hydrophobic interactions, which contributed to strong inhibitory activity of 28. Compound 28 also demonstrates pronounced activity in MLL leukemia cells and in vivo in MLL leukemia models. Thus, 28 is a valuable menin-MLL1 inhibitor that can be used for potential therapeutic applications and in further studies regarding the role of menin in cancer. ",MEN1 menin inhibitor;menin MLL inhibitor;target_gene:MEN1,3,27
1375610,Displacement of fluorescein-labeled MLL4-43 from full length human menin expressed in Escherichia coli BL21 (DE3) cells after 3 hrs by fluorescence polarization assay,CHEMBL4189777,ChEMBL,ChEMBL,Confirmatory,29,29,1,2020/06/18 00:00,2022/08/30 00:00,"Title: Complexity of Blocking Bivalent Protein-Protein Interactions: Development of a Highly Potent Inhibitor of the Menin-Mixed-Lineage Leukemia Interaction._||_Abstract: The protein-protein interaction between menin and mixed-lineage leukemia 1 (MLL1) plays an important role in development of acute leukemia with translocations of the MLL1 gene and in solid tumors. Here, we report the development of a new generation of menin-MLL1 inhibitors identified by structure-based optimization of the thienopyrimidine class of compounds. This work resulted in compound 28 (MI-1481), which showed very potent inhibition of the menin-MLL1 interaction (IC50 = 3.6 nM), representing the most potent reversible menin-MLL1 inhibitor reported to date. The crystal structure of the menin-28 complex revealed a hydrogen bond with Glu366 and hydrophobic interactions, which contributed to strong inhibitory activity of 28. Compound 28 also demonstrates pronounced activity in MLL leukemia cells and in vivo in MLL leukemia models. Thus, 28 is a valuable menin-MLL1 inhibitor that can be used for potential therapeutic applications and in further studies regarding the role of menin in cancer. ",MEN1 menin inhibitor;menin MLL inhibitor;target_gene:MEN1,3,28
1075506,Inhibition of human His-tagged menin-biotinylated MLL (4 to 15) interaction after 1 hr by HTRF assay,CHEMBL3130541,ChEMBL,ChEMBL,Confirmatory,20,29,1,2014/08/22 00:00,2022/08/30 00:00,"Title: High-affinity small-molecule inhibitors of the menin-mixed lineage leukemia (MLL) interaction closely mimic a natural protein-protein interaction._||_Abstract: The protein-protein interaction (PPI) between menin and mixed lineage leukemia (MLL) plays a critical role in acute leukemias, and inhibition of this interaction represents a new potential therapeutic strategy for MLL leukemias. We report development of a novel class of small-molecule inhibitors of the menin-MLL interaction, the hydroxy- and aminomethylpiperidine compounds, which originated from HTS of ?288000 small molecules. We determined menin-inhibitor co-crystal structures and found that these compounds closely mimic all key interactions of MLL with menin. Extensive crystallography studies combined with structure-based design were applied for optimization of these compounds, resulting in MIV-6R, which inhibits the menin-MLL interaction with IC50 = 56 nM. Treatment with MIV-6 demonstrated strong and selective effects in MLL leukemia cells, validating specific mechanism of action. Our studies provide novel and attractive scaffold as a new potential therapeutic approach for MLL leukemias and demonstrate an example of PPI amenable to inhibition by small molecules. ",MEN1 menin inhibitor;menin MLL inhibitor;target_gene:MEN1,3,29
1075503,Binding affinity to human menin by isothermal titration calorimetric analysis,CHEMBL3130538,ChEMBL,ChEMBL,Confirmatory,3,3,1,2014/08/22 00:00,2022/08/30 00:00,"Title: High-affinity small-molecule inhibitors of the menin-mixed lineage leukemia (MLL) interaction closely mimic a natural protein-protein interaction._||_Abstract: The protein-protein interaction (PPI) between menin and mixed lineage leukemia (MLL) plays a critical role in acute leukemias, and inhibition of this interaction represents a new potential therapeutic strategy for MLL leukemias. We report development of a novel class of small-molecule inhibitors of the menin-MLL interaction, the hydroxy- and aminomethylpiperidine compounds, which originated from HTS of ?288000 small molecules. We determined menin-inhibitor co-crystal structures and found that these compounds closely mimic all key interactions of MLL with menin. Extensive crystallography studies combined with structure-based design were applied for optimization of these compounds, resulting in MIV-6R, which inhibits the menin-MLL interaction with IC50 = 56 nM. Treatment with MIV-6 demonstrated strong and selective effects in MLL leukemia cells, validating specific mechanism of action. Our studies provide novel and attractive scaffold as a new potential therapeutic approach for MLL leukemias and demonstrate an example of PPI amenable to inhibition by small molecules. ",MEN1 menin inhibitor;menin MLL inhibitor;target_gene:MEN1,3,30
1075499,Inhibition of menin-FLAG-tagged MLL-AF9 interaction in mouse bone marrow cells assessed as downregulation of HOXA9 mRNA expression after 6 days by qRT-PCR analysis,CHEMBL3130534,ChEMBL,ChEMBL,,,2,1,2014/08/22 00:00,2022/03/18 00:00,"Title: High-affinity small-molecule inhibitors of the menin-mixed lineage leukemia (MLL) interaction closely mimic a natural protein-protein interaction._||_Abstract: The protein-protein interaction (PPI) between menin and mixed lineage leukemia (MLL) plays a critical role in acute leukemias, and inhibition of this interaction represents a new potential therapeutic strategy for MLL leukemias. We report development of a novel class of small-molecule inhibitors of the menin-MLL interaction, the hydroxy- and aminomethylpiperidine compounds, which originated from HTS of ?288000 small molecules. We determined menin-inhibitor co-crystal structures and found that these compounds closely mimic all key interactions of MLL with menin. Extensive crystallography studies combined with structure-based design were applied for optimization of these compounds, resulting in MIV-6R, which inhibits the menin-MLL interaction with IC50 = 56 nM. Treatment with MIV-6 demonstrated strong and selective effects in MLL leukemia cells, validating specific mechanism of action. Our studies provide novel and attractive scaffold as a new potential therapeutic approach for MLL leukemias and demonstrate an example of PPI amenable to inhibition by small molecules. ",MEN1 menin inhibitor;menin MLL inhibitor;target_gene:MEN1,3,31
1075498,Inhibition of menin-FLAG-tagged MLL-AF9 interaction in mouse bone marrow cells assessed as downregulation of MEIS1 mRNA expression after 6 days by qRT-PCR analysis,CHEMBL3130533,ChEMBL,ChEMBL,,,2,1,2014/08/22 00:00,2022/03/18 00:00,"Title: High-affinity small-molecule inhibitors of the menin-mixed lineage leukemia (MLL) interaction closely mimic a natural protein-protein interaction._||_Abstract: The protein-protein interaction (PPI) between menin and mixed lineage leukemia (MLL) plays a critical role in acute leukemias, and inhibition of this interaction represents a new potential therapeutic strategy for MLL leukemias. We report development of a novel class of small-molecule inhibitors of the menin-MLL interaction, the hydroxy- and aminomethylpiperidine compounds, which originated from HTS of ?288000 small molecules. We determined menin-inhibitor co-crystal structures and found that these compounds closely mimic all key interactions of MLL with menin. Extensive crystallography studies combined with structure-based design were applied for optimization of these compounds, resulting in MIV-6R, which inhibits the menin-MLL interaction with IC50 = 56 nM. Treatment with MIV-6 demonstrated strong and selective effects in MLL leukemia cells, validating specific mechanism of action. Our studies provide novel and attractive scaffold as a new potential therapeutic approach for MLL leukemias and demonstrate an example of PPI amenable to inhibition by small molecules. ",MEN1 menin inhibitor;menin MLL inhibitor;target_gene:MEN1,3,32
1075497,Inhibition of menin-FLAG-tagged MLL-AF9 interaction in mouse bone marrow cells assessed as downregulation of HOXA9 mRNA expression at 3 uM after 6 days by qRT-PCR analysis relative to control,CHEMBL3130532,ChEMBL,ChEMBL,,,1,1,2014/08/22 00:00,2020/06/20 00:00,"Title: High-affinity small-molecule inhibitors of the menin-mixed lineage leukemia (MLL) interaction closely mimic a natural protein-protein interaction._||_Abstract: The protein-protein interaction (PPI) between menin and mixed lineage leukemia (MLL) plays a critical role in acute leukemias, and inhibition of this interaction represents a new potential therapeutic strategy for MLL leukemias. We report development of a novel class of small-molecule inhibitors of the menin-MLL interaction, the hydroxy- and aminomethylpiperidine compounds, which originated from HTS of ?288000 small molecules. We determined menin-inhibitor co-crystal structures and found that these compounds closely mimic all key interactions of MLL with menin. Extensive crystallography studies combined with structure-based design were applied for optimization of these compounds, resulting in MIV-6R, which inhibits the menin-MLL interaction with IC50 = 56 nM. Treatment with MIV-6 demonstrated strong and selective effects in MLL leukemia cells, validating specific mechanism of action. Our studies provide novel and attractive scaffold as a new potential therapeutic approach for MLL leukemias and demonstrate an example of PPI amenable to inhibition by small molecules. ",MEN1 menin inhibitor;menin MLL inhibitor;target_gene:MEN1,3,33
2222399,Suppression of MEN1 gene transcription in human MV4-11 cells assessed as protein synthesis by measuring fold change at 10 uM incubated for 48 hrs in presence of 50 ug/ml cycloheximide relative to control,CHEMBL6093013,ChEMBL,ChEMBL,,,1,,2026/06/14 00:00,2026/06/14 00:00,"Title: Design and development of a series of 4-(piperazin-1-yl)pyrimidines as irreversible menin inhibitors._||_Abstract: The interaction between menin and MLL1 protein plays an important role in AML with MLL rearrangement and NPM1 mutation. Blocking the formation of menin-MLL complex can inhibit proliferation and induce differentiation in these cancer subtypes. In development of anticancer drugs, irreversible inhibitors are gaining spotlight as they may have better activities than the reversible analogs. Therefore, we designed and developed a novel series of covalent menin inhibitors. Among these compounds, 37 emerges as a selective and potent inhibitor of MLL fusion protein-expressing leukemic cells. The cellular study indicates 37 has a distinct mechanism of action, in both reducing menin protein levels and downregulating MEN1 transcription. This effect of 37 is not involved in proteasomal degradation, and may directly affect the synthesis of menin protein, which offers a significant advantage in addressing acquired resistance to menin inhibitors. Further study showed that compound 37 has prolonged anti-leukemic action and exhibits promising in vivo efficacy, making it a valuable probe for further menin-MLL interaction studies. ",MEN1 menin inhibitor;menin MLL inhibitor,2,34
2222398,Suppression of MEN1 gene transcription in human MV4-11 cells assessed as protein synthesis by measuring fold change at 10 uM incubated for 36 hrs in presence of 50 ug/ml cycloheximide relative to control,CHEMBL6093012,ChEMBL,ChEMBL,,,1,,2026/06/14 00:00,2026/06/14 00:00,"Title: Design and development of a series of 4-(piperazin-1-yl)pyrimidines as irreversible menin inhibitors._||_Abstract: The interaction between menin and MLL1 protein plays an important role in AML with MLL rearrangement and NPM1 mutation. Blocking the formation of menin-MLL complex can inhibit proliferation and induce differentiation in these cancer subtypes. In development of anticancer drugs, irreversible inhibitors are gaining spotlight as they may have better activities than the reversible analogs. Therefore, we designed and developed a novel series of covalent menin inhibitors. Among these compounds, 37 emerges as a selective and potent inhibitor of MLL fusion protein-expressing leukemic cells. The cellular study indicates 37 has a distinct mechanism of action, in both reducing menin protein levels and downregulating MEN1 transcription. This effect of 37 is not involved in proteasomal degradation, and may directly affect the synthesis of menin protein, which offers a significant advantage in addressing acquired resistance to menin inhibitors. Further study showed that compound 37 has prolonged anti-leukemic action and exhibits promising in vivo efficacy, making it a valuable probe for further menin-MLL interaction studies. ",MEN1 menin inhibitor;menin MLL inhibitor,2,35
2222397,Suppression of MEN1 gene transcription in human MV4-11 cells assessed as protein synthesis by measuring fold change at 10 uM incubated for 24 hrs in presence of 50 ug/ml cycloheximide relative to control,CHEMBL6093011,ChEMBL,ChEMBL,,,1,,2026/06/14 00:00,2026/06/14 00:00,"Title: Design and development of a series of 4-(piperazin-1-yl)pyrimidines as irreversible menin inhibitors._||_Abstract: The interaction between menin and MLL1 protein plays an important role in AML with MLL rearrangement and NPM1 mutation. Blocking the formation of menin-MLL complex can inhibit proliferation and induce differentiation in these cancer subtypes. In development of anticancer drugs, irreversible inhibitors are gaining spotlight as they may have better activities than the reversible analogs. Therefore, we designed and developed a novel series of covalent menin inhibitors. Among these compounds, 37 emerges as a selective and potent inhibitor of MLL fusion protein-expressing leukemic cells. The cellular study indicates 37 has a distinct mechanism of action, in both reducing menin protein levels and downregulating MEN1 transcription. This effect of 37 is not involved in proteasomal degradation, and may directly affect the synthesis of menin protein, which offers a significant advantage in addressing acquired resistance to menin inhibitors. Further study showed that compound 37 has prolonged anti-leukemic action and exhibits promising in vivo efficacy, making it a valuable probe for further menin-MLL interaction studies. ",MEN1 menin inhibitor;menin MLL inhibitor,2,36
2222396,Suppression of MEN1 gene transcription in human MV4-11 cells assessed as protein synthesis by measuring fold change at 10 uM incubated for 12 hrs in presence of 50 ug/ml cycloheximide relative to control,CHEMBL6093010,ChEMBL,ChEMBL,,,1,,2026/06/14 00:00,2026/06/14 00:00,"Title: Design and development of a series of 4-(piperazin-1-yl)pyrimidines as irreversible menin inhibitors._||_Abstract: The interaction between menin and MLL1 protein plays an important role in AML with MLL rearrangement and NPM1 mutation. Blocking the formation of menin-MLL complex can inhibit proliferation and induce differentiation in these cancer subtypes. In development of anticancer drugs, irreversible inhibitors are gaining spotlight as they may have better activities than the reversible analogs. Therefore, we designed and developed a novel series of covalent menin inhibitors. Among these compounds, 37 emerges as a selective and potent inhibitor of MLL fusion protein-expressing leukemic cells. The cellular study indicates 37 has a distinct mechanism of action, in both reducing menin protein levels and downregulating MEN1 transcription. This effect of 37 is not involved in proteasomal degradation, and may directly affect the synthesis of menin protein, which offers a significant advantage in addressing acquired resistance to menin inhibitors. Further study showed that compound 37 has prolonged anti-leukemic action and exhibits promising in vivo efficacy, making it a valuable probe for further menin-MLL interaction studies. ",MEN1 menin inhibitor;menin MLL inhibitor,2,37
2222395,Suppression of MEN1 gene transcription in human MV4-11 cells assessed as protein synthesis by measuring fold change at 50 ug/ml incubated for 48 hrs relative to control,CHEMBL6093009,ChEMBL,ChEMBL,,,1,,2026/06/14 00:00,2026/06/14 00:00,"Title: Design and development of a series of 4-(piperazin-1-yl)pyrimidines as irreversible menin inhibitors._||_Abstract: The interaction between menin and MLL1 protein plays an important role in AML with MLL rearrangement and NPM1 mutation. Blocking the formation of menin-MLL complex can inhibit proliferation and induce differentiation in these cancer subtypes. In development of anticancer drugs, irreversible inhibitors are gaining spotlight as they may have better activities than the reversible analogs. Therefore, we designed and developed a novel series of covalent menin inhibitors. Among these compounds, 37 emerges as a selective and potent inhibitor of MLL fusion protein-expressing leukemic cells. The cellular study indicates 37 has a distinct mechanism of action, in both reducing menin protein levels and downregulating MEN1 transcription. This effect of 37 is not involved in proteasomal degradation, and may directly affect the synthesis of menin protein, which offers a significant advantage in addressing acquired resistance to menin inhibitors. Further study showed that compound 37 has prolonged anti-leukemic action and exhibits promising in vivo efficacy, making it a valuable probe for further menin-MLL interaction studies. ",MEN1 menin inhibitor;menin MLL inhibitor,2,38
2222394,Suppression of MEN1 gene transcription in human MV4-11 cells assessed as protein synthesis by measuring fold change at 50 ug/ml incubated for 36 hrs relative to control,CHEMBL6093008,ChEMBL,ChEMBL,,,1,,2026/06/14 00:00,2026/06/14 00:00,"Title: Design and development of a series of 4-(piperazin-1-yl)pyrimidines as irreversible menin inhibitors._||_Abstract: The interaction between menin and MLL1 protein plays an important role in AML with MLL rearrangement and NPM1 mutation. Blocking the formation of menin-MLL complex can inhibit proliferation and induce differentiation in these cancer subtypes. In development of anticancer drugs, irreversible inhibitors are gaining spotlight as they may have better activities than the reversible analogs. Therefore, we designed and developed a novel series of covalent menin inhibitors. Among these compounds, 37 emerges as a selective and potent inhibitor of MLL fusion protein-expressing leukemic cells. The cellular study indicates 37 has a distinct mechanism of action, in both reducing menin protein levels and downregulating MEN1 transcription. This effect of 37 is not involved in proteasomal degradation, and may directly affect the synthesis of menin protein, which offers a significant advantage in addressing acquired resistance to menin inhibitors. Further study showed that compound 37 has prolonged anti-leukemic action and exhibits promising in vivo efficacy, making it a valuable probe for further menin-MLL interaction studies. ",MEN1 menin inhibitor;menin MLL inhibitor,2,39
2222393,Suppression of MEN1 gene transcription in human MV4-11 cells assessed as protein synthesis by measuring fold change at 50 ug/ml incubated for 24 hrs relative to control,CHEMBL6093007,ChEMBL,ChEMBL,,,1,,2026/06/14 00:00,2026/06/14 00:00,"Title: Design and development of a series of 4-(piperazin-1-yl)pyrimidines as irreversible menin inhibitors._||_Abstract: The interaction between menin and MLL1 protein plays an important role in AML with MLL rearrangement and NPM1 mutation. Blocking the formation of menin-MLL complex can inhibit proliferation and induce differentiation in these cancer subtypes. In development of anticancer drugs, irreversible inhibitors are gaining spotlight as they may have better activities than the reversible analogs. Therefore, we designed and developed a novel series of covalent menin inhibitors. Among these compounds, 37 emerges as a selective and potent inhibitor of MLL fusion protein-expressing leukemic cells. The cellular study indicates 37 has a distinct mechanism of action, in both reducing menin protein levels and downregulating MEN1 transcription. This effect of 37 is not involved in proteasomal degradation, and may directly affect the synthesis of menin protein, which offers a significant advantage in addressing acquired resistance to menin inhibitors. Further study showed that compound 37 has prolonged anti-leukemic action and exhibits promising in vivo efficacy, making it a valuable probe for further menin-MLL interaction studies. ",MEN1 menin inhibitor;menin MLL inhibitor,2,40
2222392,Suppression of MEN1 gene transcription in human MV4-11 cells assessed as protein synthesis by measuring fold change at 50 ug/ml incubated for 12 hrs relative to control,CHEMBL6093006,ChEMBL,ChEMBL,,,1,,2026/06/14 00:00,2026/06/14 00:00,"Title: Design and development of a series of 4-(piperazin-1-yl)pyrimidines as irreversible menin inhibitors._||_Abstract: The interaction between menin and MLL1 protein plays an important role in AML with MLL rearrangement and NPM1 mutation. Blocking the formation of menin-MLL complex can inhibit proliferation and induce differentiation in these cancer subtypes. In development of anticancer drugs, irreversible inhibitors are gaining spotlight as they may have better activities than the reversible analogs. Therefore, we designed and developed a novel series of covalent menin inhibitors. Among these compounds, 37 emerges as a selective and potent inhibitor of MLL fusion protein-expressing leukemic cells. The cellular study indicates 37 has a distinct mechanism of action, in both reducing menin protein levels and downregulating MEN1 transcription. This effect of 37 is not involved in proteasomal degradation, and may directly affect the synthesis of menin protein, which offers a significant advantage in addressing acquired resistance to menin inhibitors. Further study showed that compound 37 has prolonged anti-leukemic action and exhibits promising in vivo efficacy, making it a valuable probe for further menin-MLL interaction studies. ",MEN1 menin inhibitor;menin MLL inhibitor,2,41
2222391,Suppression of MEN1 gene transcription in human MV4-11 cells assessed as protein synthesis by measuring fold change at 10 uM incubated for 48 hrs in presence of 20 nM carfilzomib relative to control,CHEMBL6093005,ChEMBL,ChEMBL,,,1,,2026/06/14 00:00,2026/06/14 00:00,"Title: Design and development of a series of 4-(piperazin-1-yl)pyrimidines as irreversible menin inhibitors._||_Abstract: The interaction between menin and MLL1 protein plays an important role in AML with MLL rearrangement and NPM1 mutation. Blocking the formation of menin-MLL complex can inhibit proliferation and induce differentiation in these cancer subtypes. In development of anticancer drugs, irreversible inhibitors are gaining spotlight as they may have better activities than the reversible analogs. Therefore, we designed and developed a novel series of covalent menin inhibitors. Among these compounds, 37 emerges as a selective and potent inhibitor of MLL fusion protein-expressing leukemic cells. The cellular study indicates 37 has a distinct mechanism of action, in both reducing menin protein levels and downregulating MEN1 transcription. This effect of 37 is not involved in proteasomal degradation, and may directly affect the synthesis of menin protein, which offers a significant advantage in addressing acquired resistance to menin inhibitors. Further study showed that compound 37 has prolonged anti-leukemic action and exhibits promising in vivo efficacy, making it a valuable probe for further menin-MLL interaction studies. ",MEN1 menin inhibitor;menin MLL inhibitor,2,42
2222390,Suppression of MEN1 gene transcription in human MV4-11 cells assessed as protein synthesis by measuring fold change at 20 nM incubated for 16 hrs relative to control,CHEMBL6093004,ChEMBL,ChEMBL,,,1,,2026/06/14 00:00,2026/06/14 00:00,"Title: Design and development of a series of 4-(piperazin-1-yl)pyrimidines as irreversible menin inhibitors._||_Abstract: The interaction between menin and MLL1 protein plays an important role in AML with MLL rearrangement and NPM1 mutation. Blocking the formation of menin-MLL complex can inhibit proliferation and induce differentiation in these cancer subtypes. In development of anticancer drugs, irreversible inhibitors are gaining spotlight as they may have better activities than the reversible analogs. Therefore, we designed and developed a novel series of covalent menin inhibitors. Among these compounds, 37 emerges as a selective and potent inhibitor of MLL fusion protein-expressing leukemic cells. The cellular study indicates 37 has a distinct mechanism of action, in both reducing menin protein levels and downregulating MEN1 transcription. This effect of 37 is not involved in proteasomal degradation, and may directly affect the synthesis of menin protein, which offers a significant advantage in addressing acquired resistance to menin inhibitors. Further study showed that compound 37 has prolonged anti-leukemic action and exhibits promising in vivo efficacy, making it a valuable probe for further menin-MLL interaction studies. ",MEN1 menin inhibitor;menin MLL inhibitor,2,43
2222389,Suppression of MEN1 gene transcription in human MV4-11 cells assessed as protein synthesis by measuring fold change at 10 uM incubated for 48 hrs relative to control,CHEMBL6093003,ChEMBL,ChEMBL,,,1,,2026/06/14 00:00,2026/06/14 00:00,"Title: Design and development of a series of 4-(piperazin-1-yl)pyrimidines as irreversible menin inhibitors._||_Abstract: The interaction between menin and MLL1 protein plays an important role in AML with MLL rearrangement and NPM1 mutation. Blocking the formation of menin-MLL complex can inhibit proliferation and induce differentiation in these cancer subtypes. In development of anticancer drugs, irreversible inhibitors are gaining spotlight as they may have better activities than the reversible analogs. Therefore, we designed and developed a novel series of covalent menin inhibitors. Among these compounds, 37 emerges as a selective and potent inhibitor of MLL fusion protein-expressing leukemic cells. The cellular study indicates 37 has a distinct mechanism of action, in both reducing menin protein levels and downregulating MEN1 transcription. This effect of 37 is not involved in proteasomal degradation, and may directly affect the synthesis of menin protein, which offers a significant advantage in addressing acquired resistance to menin inhibitors. Further study showed that compound 37 has prolonged anti-leukemic action and exhibits promising in vivo efficacy, making it a valuable probe for further menin-MLL interaction studies. ",MEN1 menin inhibitor;menin MLL inhibitor,2,44
2222388,Suppression of MEN1 gene transcription in human MV4-11 cells incubated for 48 hrs by relative gene expression assay,CHEMBL6093002,ChEMBL,ChEMBL,,,1,,2026/06/14 00:00,2026/06/14 00:00,"Title: Design and development of a series of 4-(piperazin-1-yl)pyrimidines as irreversible menin inhibitors._||_Abstract: The interaction between menin and MLL1 protein plays an important role in AML with MLL rearrangement and NPM1 mutation. Blocking the formation of menin-MLL complex can inhibit proliferation and induce differentiation in these cancer subtypes. In development of anticancer drugs, irreversible inhibitors are gaining spotlight as they may have better activities than the reversible analogs. Therefore, we designed and developed a novel series of covalent menin inhibitors. Among these compounds, 37 emerges as a selective and potent inhibitor of MLL fusion protein-expressing leukemic cells. The cellular study indicates 37 has a distinct mechanism of action, in both reducing menin protein levels and downregulating MEN1 transcription. This effect of 37 is not involved in proteasomal degradation, and may directly affect the synthesis of menin protein, which offers a significant advantage in addressing acquired resistance to menin inhibitors. Further study showed that compound 37 has prolonged anti-leukemic action and exhibits promising in vivo efficacy, making it a valuable probe for further menin-MLL interaction studies. ",MEN1 menin inhibitor;menin MLL inhibitor,2,45
2222387,Cytotoxicity against human PBMC cells assessed as cell viability incubated for 7 days by MTS assay,CHEMBL6093001,ChEMBL,ChEMBL,Confirmatory,,2,,2026/06/14 00:00,2026/06/14 00:00,"Title: Design and development of a series of 4-(piperazin-1-yl)pyrimidines as irreversible menin inhibitors._||_Abstract: The interaction between menin and MLL1 protein plays an important role in AML with MLL rearrangement and NPM1 mutation. Blocking the formation of menin-MLL complex can inhibit proliferation and induce differentiation in these cancer subtypes. In development of anticancer drugs, irreversible inhibitors are gaining spotlight as they may have better activities than the reversible analogs. Therefore, we designed and developed a novel series of covalent menin inhibitors. Among these compounds, 37 emerges as a selective and potent inhibitor of MLL fusion protein-expressing leukemic cells. The cellular study indicates 37 has a distinct mechanism of action, in both reducing menin protein levels and downregulating MEN1 transcription. This effect of 37 is not involved in proteasomal degradation, and may directly affect the synthesis of menin protein, which offers a significant advantage in addressing acquired resistance to menin inhibitors. Further study showed that compound 37 has prolonged anti-leukemic action and exhibits promising in vivo efficacy, making it a valuable probe for further menin-MLL interaction studies. ",MEN1 menin inhibitor;menin MLL inhibitor,2,46
2222386,"Toxicity in nu/nu mouse model assessed as body weight loss at 10 to 20 mg/kg, ip bid for 15 days measured twice a week during compound dosing",CHEMBL6093000,ChEMBL,ChEMBL,,,1,,2026/06/14 00:00,2026/06/14 00:00,"Title: Design and development of a series of 4-(piperazin-1-yl)pyrimidines as irreversible menin inhibitors._||_Abstract: The interaction between menin and MLL1 protein plays an important role in AML with MLL rearrangement and NPM1 mutation. Blocking the formation of menin-MLL complex can inhibit proliferation and induce differentiation in these cancer subtypes. In development of anticancer drugs, irreversible inhibitors are gaining spotlight as they may have better activities than the reversible analogs. Therefore, we designed and developed a novel series of covalent menin inhibitors. Among these compounds, 37 emerges as a selective and potent inhibitor of MLL fusion protein-expressing leukemic cells. The cellular study indicates 37 has a distinct mechanism of action, in both reducing menin protein levels and downregulating MEN1 transcription. This effect of 37 is not involved in proteasomal degradation, and may directly affect the synthesis of menin protein, which offers a significant advantage in addressing acquired resistance to menin inhibitors. Further study showed that compound 37 has prolonged anti-leukemic action and exhibits promising in vivo efficacy, making it a valuable probe for further menin-MLL interaction studies. ",MEN1 menin inhibitor;menin MLL inhibitor,2,47
2222385,"Antitumor activity against human MV4-11 cells xenografted in nu/nu mouse model assessed as tumor growth rate at 20 mg/kg, ip bid for 15 days measured twice a week during compound dosing by caliper method relative to control",CHEMBL6092999,ChEMBL,ChEMBL,,,1,,2026/06/14 00:00,2026/06/14 00:00,"Title: Design and development of a series of 4-(piperazin-1-yl)pyrimidines as irreversible menin inhibitors._||_Abstract: The interaction between menin and MLL1 protein plays an important role in AML with MLL rearrangement and NPM1 mutation. Blocking the formation of menin-MLL complex can inhibit proliferation and induce differentiation in these cancer subtypes. In development of anticancer drugs, irreversible inhibitors are gaining spotlight as they may have better activities than the reversible analogs. Therefore, we designed and developed a novel series of covalent menin inhibitors. Among these compounds, 37 emerges as a selective and potent inhibitor of MLL fusion protein-expressing leukemic cells. The cellular study indicates 37 has a distinct mechanism of action, in both reducing menin protein levels and downregulating MEN1 transcription. This effect of 37 is not involved in proteasomal degradation, and may directly affect the synthesis of menin protein, which offers a significant advantage in addressing acquired resistance to menin inhibitors. Further study showed that compound 37 has prolonged anti-leukemic action and exhibits promising in vivo efficacy, making it a valuable probe for further menin-MLL interaction studies. ",MEN1 menin inhibitor;menin MLL inhibitor,2,48
2222384,"Antitumor activity against human MV4-11 cells xenografted in nu/nu mouse model assessed as tumor growth rate at 10 mg/kg, ip bid for 15 days measured twice a week during compound dosing by caliper method relative to control",CHEMBL6092998,ChEMBL,ChEMBL,,,1,,2026/06/14 00:00,2026/06/14 00:00,"Title: Design and development of a series of 4-(piperazin-1-yl)pyrimidines as irreversible menin inhibitors._||_Abstract: The interaction between menin and MLL1 protein plays an important role in AML with MLL rearrangement and NPM1 mutation. Blocking the formation of menin-MLL complex can inhibit proliferation and induce differentiation in these cancer subtypes. In development of anticancer drugs, irreversible inhibitors are gaining spotlight as they may have better activities than the reversible analogs. Therefore, we designed and developed a novel series of covalent menin inhibitors. Among these compounds, 37 emerges as a selective and potent inhibitor of MLL fusion protein-expressing leukemic cells. The cellular study indicates 37 has a distinct mechanism of action, in both reducing menin protein levels and downregulating MEN1 transcription. This effect of 37 is not involved in proteasomal degradation, and may directly affect the synthesis of menin protein, which offers a significant advantage in addressing acquired resistance to menin inhibitors. Further study showed that compound 37 has prolonged anti-leukemic action and exhibits promising in vivo efficacy, making it a valuable probe for further menin-MLL interaction studies. ",MEN1 menin inhibitor;menin MLL inhibitor,2,49
2222383,Antitumor activity against human MV4-11 cells xenografted in ip treated nu/nu mouse model assessed as tumor growth inhibition measured upto 15 days,CHEMBL6092997,ChEMBL,ChEMBL,,,1,,2026/06/14 00:00,2026/06/14 00:00,"Title: Design and development of a series of 4-(piperazin-1-yl)pyrimidines as irreversible menin inhibitors._||_Abstract: The interaction between menin and MLL1 protein plays an important role in AML with MLL rearrangement and NPM1 mutation. Blocking the formation of menin-MLL complex can inhibit proliferation and induce differentiation in these cancer subtypes. In development of anticancer drugs, irreversible inhibitors are gaining spotlight as they may have better activities than the reversible analogs. Therefore, we designed and developed a novel series of covalent menin inhibitors. Among these compounds, 37 emerges as a selective and potent inhibitor of MLL fusion protein-expressing leukemic cells. The cellular study indicates 37 has a distinct mechanism of action, in both reducing menin protein levels and downregulating MEN1 transcription. This effect of 37 is not involved in proteasomal degradation, and may directly affect the synthesis of menin protein, which offers a significant advantage in addressing acquired resistance to menin inhibitors. Further study showed that compound 37 has prolonged anti-leukemic action and exhibits promising in vivo efficacy, making it a valuable probe for further menin-MLL interaction studies. ",MEN1 menin inhibitor;menin MLL inhibitor,2,50
2222382,Solubility of compound in water by HPLC analysis,CHEMBL6092996,ChEMBL,ChEMBL,,,1,,2026/06/14 00:00,2026/06/14 00:00,"Title: Design and development of a series of 4-(piperazin-1-yl)pyrimidines as irreversible menin inhibitors._||_Abstract: The interaction between menin and MLL1 protein plays an important role in AML with MLL rearrangement and NPM1 mutation. Blocking the formation of menin-MLL complex can inhibit proliferation and induce differentiation in these cancer subtypes. In development of anticancer drugs, irreversible inhibitors are gaining spotlight as they may have better activities than the reversible analogs. Therefore, we designed and developed a novel series of covalent menin inhibitors. Among these compounds, 37 emerges as a selective and potent inhibitor of MLL fusion protein-expressing leukemic cells. The cellular study indicates 37 has a distinct mechanism of action, in both reducing menin protein levels and downregulating MEN1 transcription. This effect of 37 is not involved in proteasomal degradation, and may directly affect the synthesis of menin protein, which offers a significant advantage in addressing acquired resistance to menin inhibitors. Further study showed that compound 37 has prolonged anti-leukemic action and exhibits promising in vivo efficacy, making it a valuable probe for further menin-MLL interaction studies. ",MEN1 menin inhibitor;menin MLL inhibitor,2,51
2222381,Antiproliferative activity against human MV4-11 cells assessed as reduction in cell viability at 80 nM preincubated for 7 days and followed by compound washout and measured on day 14 after compound readdition relative to control,CHEMBL6092995,ChEMBL,ChEMBL,,,1,,2026/06/14 00:00,2026/06/14 00:00,"Title: Design and development of a series of 4-(piperazin-1-yl)pyrimidines as irreversible menin inhibitors._||_Abstract: The interaction between menin and MLL1 protein plays an important role in AML with MLL rearrangement and NPM1 mutation. Blocking the formation of menin-MLL complex can inhibit proliferation and induce differentiation in these cancer subtypes. In development of anticancer drugs, irreversible inhibitors are gaining spotlight as they may have better activities than the reversible analogs. Therefore, we designed and developed a novel series of covalent menin inhibitors. Among these compounds, 37 emerges as a selective and potent inhibitor of MLL fusion protein-expressing leukemic cells. The cellular study indicates 37 has a distinct mechanism of action, in both reducing menin protein levels and downregulating MEN1 transcription. This effect of 37 is not involved in proteasomal degradation, and may directly affect the synthesis of menin protein, which offers a significant advantage in addressing acquired resistance to menin inhibitors. Further study showed that compound 37 has prolonged anti-leukemic action and exhibits promising in vivo efficacy, making it a valuable probe for further menin-MLL interaction studies. ",MEN1 menin inhibitor;menin MLL inhibitor,2,52
2222380,Antiproliferative activity against human MV4-11 cells assessed as reduction in cell viability at 50 nM incubated for 7 days and measured after compound washout relative to control,CHEMBL6092994,ChEMBL,ChEMBL,,,1,,2026/06/14 00:00,2026/06/14 00:00,"Title: Design and development of a series of 4-(piperazin-1-yl)pyrimidines as irreversible menin inhibitors._||_Abstract: The interaction between menin and MLL1 protein plays an important role in AML with MLL rearrangement and NPM1 mutation. Blocking the formation of menin-MLL complex can inhibit proliferation and induce differentiation in these cancer subtypes. In development of anticancer drugs, irreversible inhibitors are gaining spotlight as they may have better activities than the reversible analogs. Therefore, we designed and developed a novel series of covalent menin inhibitors. Among these compounds, 37 emerges as a selective and potent inhibitor of MLL fusion protein-expressing leukemic cells. The cellular study indicates 37 has a distinct mechanism of action, in both reducing menin protein levels and downregulating MEN1 transcription. This effect of 37 is not involved in proteasomal degradation, and may directly affect the synthesis of menin protein, which offers a significant advantage in addressing acquired resistance to menin inhibitors. Further study showed that compound 37 has prolonged anti-leukemic action and exhibits promising in vivo efficacy, making it a valuable probe for further menin-MLL interaction studies. ",MEN1 menin inhibitor;menin MLL inhibitor,2,53
2222379,Antiproliferative activity against human MV4-11 cells assessed as reduction in cell viability at 100 nM preincubated for 7 days and followed by compound washout and measured on day 14 after compound readdition,CHEMBL6092993,ChEMBL,ChEMBL,,,1,,2026/06/14 00:00,2026/06/14 00:00,"Title: Design and development of a series of 4-(piperazin-1-yl)pyrimidines as irreversible menin inhibitors._||_Abstract: The interaction between menin and MLL1 protein plays an important role in AML with MLL rearrangement and NPM1 mutation. Blocking the formation of menin-MLL complex can inhibit proliferation and induce differentiation in these cancer subtypes. In development of anticancer drugs, irreversible inhibitors are gaining spotlight as they may have better activities than the reversible analogs. Therefore, we designed and developed a novel series of covalent menin inhibitors. Among these compounds, 37 emerges as a selective and potent inhibitor of MLL fusion protein-expressing leukemic cells. The cellular study indicates 37 has a distinct mechanism of action, in both reducing menin protein levels and downregulating MEN1 transcription. This effect of 37 is not involved in proteasomal degradation, and may directly affect the synthesis of menin protein, which offers a significant advantage in addressing acquired resistance to menin inhibitors. Further study showed that compound 37 has prolonged anti-leukemic action and exhibits promising in vivo efficacy, making it a valuable probe for further menin-MLL interaction studies. ",MEN1 menin inhibitor;menin MLL inhibitor,2,54
2222378,Antiproliferative activity against human MV4-11 cells assessed as reduction in cell viability preincubated for 7 days and followed by compound washout and measured on day 14 after compound readdition,CHEMBL6092992,ChEMBL,ChEMBL,,,1,,2026/06/14 00:00,2026/06/14 00:00,"Title: Design and development of a series of 4-(piperazin-1-yl)pyrimidines as irreversible menin inhibitors._||_Abstract: The interaction between menin and MLL1 protein plays an important role in AML with MLL rearrangement and NPM1 mutation. Blocking the formation of menin-MLL complex can inhibit proliferation and induce differentiation in these cancer subtypes. In development of anticancer drugs, irreversible inhibitors are gaining spotlight as they may have better activities than the reversible analogs. Therefore, we designed and developed a novel series of covalent menin inhibitors. Among these compounds, 37 emerges as a selective and potent inhibitor of MLL fusion protein-expressing leukemic cells. The cellular study indicates 37 has a distinct mechanism of action, in both reducing menin protein levels and downregulating MEN1 transcription. This effect of 37 is not involved in proteasomal degradation, and may directly affect the synthesis of menin protein, which offers a significant advantage in addressing acquired resistance to menin inhibitors. Further study showed that compound 37 has prolonged anti-leukemic action and exhibits promising in vivo efficacy, making it a valuable probe for further menin-MLL interaction studies. ",MEN1 menin inhibitor;menin MLL inhibitor,2,55
2222377,Antiproliferative activity against human MV4-11 cells assessed as reduction in cell viability incubated for 7 days and measured after compound washout,CHEMBL6092991,ChEMBL,ChEMBL,,,1,,2026/06/14 00:00,2026/06/14 00:00,"Title: Design and development of a series of 4-(piperazin-1-yl)pyrimidines as irreversible menin inhibitors._||_Abstract: The interaction between menin and MLL1 protein plays an important role in AML with MLL rearrangement and NPM1 mutation. Blocking the formation of menin-MLL complex can inhibit proliferation and induce differentiation in these cancer subtypes. In development of anticancer drugs, irreversible inhibitors are gaining spotlight as they may have better activities than the reversible analogs. Therefore, we designed and developed a novel series of covalent menin inhibitors. Among these compounds, 37 emerges as a selective and potent inhibitor of MLL fusion protein-expressing leukemic cells. The cellular study indicates 37 has a distinct mechanism of action, in both reducing menin protein levels and downregulating MEN1 transcription. This effect of 37 is not involved in proteasomal degradation, and may directly affect the synthesis of menin protein, which offers a significant advantage in addressing acquired resistance to menin inhibitors. Further study showed that compound 37 has prolonged anti-leukemic action and exhibits promising in vivo efficacy, making it a valuable probe for further menin-MLL interaction studies. ",MEN1 menin inhibitor;menin MLL inhibitor,2,56
2222376,Induction of cell differentiation in human acute myeloid leukemia patient-derived cells assessed as increase in CD11b at 150 nM incubated for 7 days by cytoFLEX flow cytometric analysis,CHEMBL6092990,ChEMBL,ChEMBL,,,1,,2026/06/14 00:00,2026/06/14 00:00,"Title: Design and development of a series of 4-(piperazin-1-yl)pyrimidines as irreversible menin inhibitors._||_Abstract: The interaction between menin and MLL1 protein plays an important role in AML with MLL rearrangement and NPM1 mutation. Blocking the formation of menin-MLL complex can inhibit proliferation and induce differentiation in these cancer subtypes. In development of anticancer drugs, irreversible inhibitors are gaining spotlight as they may have better activities than the reversible analogs. Therefore, we designed and developed a novel series of covalent menin inhibitors. Among these compounds, 37 emerges as a selective and potent inhibitor of MLL fusion protein-expressing leukemic cells. The cellular study indicates 37 has a distinct mechanism of action, in both reducing menin protein levels and downregulating MEN1 transcription. This effect of 37 is not involved in proteasomal degradation, and may directly affect the synthesis of menin protein, which offers a significant advantage in addressing acquired resistance to menin inhibitors. Further study showed that compound 37 has prolonged anti-leukemic action and exhibits promising in vivo efficacy, making it a valuable probe for further menin-MLL interaction studies. ",MEN1 menin inhibitor;menin MLL inhibitor,2,57
2222375,Downregulation of MEIS1 expression level in human REH cells at 10 uM incubated for 48 hrs by qRT-PCR analysis,CHEMBL6092989,ChEMBL,ChEMBL,,,1,,2026/06/14 00:00,2026/06/14 00:00,"Title: Design and development of a series of 4-(piperazin-1-yl)pyrimidines as irreversible menin inhibitors._||_Abstract: The interaction between menin and MLL1 protein plays an important role in AML with MLL rearrangement and NPM1 mutation. Blocking the formation of menin-MLL complex can inhibit proliferation and induce differentiation in these cancer subtypes. In development of anticancer drugs, irreversible inhibitors are gaining spotlight as they may have better activities than the reversible analogs. Therefore, we designed and developed a novel series of covalent menin inhibitors. Among these compounds, 37 emerges as a selective and potent inhibitor of MLL fusion protein-expressing leukemic cells. The cellular study indicates 37 has a distinct mechanism of action, in both reducing menin protein levels and downregulating MEN1 transcription. This effect of 37 is not involved in proteasomal degradation, and may directly affect the synthesis of menin protein, which offers a significant advantage in addressing acquired resistance to menin inhibitors. Further study showed that compound 37 has prolonged anti-leukemic action and exhibits promising in vivo efficacy, making it a valuable probe for further menin-MLL interaction studies. ",MEN1 menin inhibitor;menin MLL inhibitor,2,58
2222374,Downregulation of HOXA9 expression level in human REH cells at 10 uM incubated for 48 hrs by qRT-PCR analysis,CHEMBL6092988,ChEMBL,ChEMBL,,,1,,2026/06/14 00:00,2026/06/14 00:00,"Title: Design and development of a series of 4-(piperazin-1-yl)pyrimidines as irreversible menin inhibitors._||_Abstract: The interaction between menin and MLL1 protein plays an important role in AML with MLL rearrangement and NPM1 mutation. Blocking the formation of menin-MLL complex can inhibit proliferation and induce differentiation in these cancer subtypes. In development of anticancer drugs, irreversible inhibitors are gaining spotlight as they may have better activities than the reversible analogs. Therefore, we designed and developed a novel series of covalent menin inhibitors. Among these compounds, 37 emerges as a selective and potent inhibitor of MLL fusion protein-expressing leukemic cells. The cellular study indicates 37 has a distinct mechanism of action, in both reducing menin protein levels and downregulating MEN1 transcription. This effect of 37 is not involved in proteasomal degradation, and may directly affect the synthesis of menin protein, which offers a significant advantage in addressing acquired resistance to menin inhibitors. Further study showed that compound 37 has prolonged anti-leukemic action and exhibits promising in vivo efficacy, making it a valuable probe for further menin-MLL interaction studies. ",MEN1 menin inhibitor;menin MLL inhibitor,2,59
2222373,Inhibition of menin protein expression in human MV-4-11 cells measured after 48 hrs incubation by Western blot analysis,CHEMBL6092987,ChEMBL,ChEMBL,,,1,,2026/06/14 00:00,2026/06/14 00:00,"Title: Design and development of a series of 4-(piperazin-1-yl)pyrimidines as irreversible menin inhibitors._||_Abstract: The interaction between menin and MLL1 protein plays an important role in AML with MLL rearrangement and NPM1 mutation. Blocking the formation of menin-MLL complex can inhibit proliferation and induce differentiation in these cancer subtypes. In development of anticancer drugs, irreversible inhibitors are gaining spotlight as they may have better activities than the reversible analogs. Therefore, we designed and developed a novel series of covalent menin inhibitors. Among these compounds, 37 emerges as a selective and potent inhibitor of MLL fusion protein-expressing leukemic cells. The cellular study indicates 37 has a distinct mechanism of action, in both reducing menin protein levels and downregulating MEN1 transcription. This effect of 37 is not involved in proteasomal degradation, and may directly affect the synthesis of menin protein, which offers a significant advantage in addressing acquired resistance to menin inhibitors. Further study showed that compound 37 has prolonged anti-leukemic action and exhibits promising in vivo efficacy, making it a valuable probe for further menin-MLL interaction studies. ",MEN1 menin inhibitor;menin MLL inhibitor,2,60
2222372,Downregulation of HOXA9 expression level in human MV4-11 cells at 10 uM incubated for 48 hrs by qRT-PCR analysis,CHEMBL6092986,ChEMBL,ChEMBL,,,1,,2026/06/14 00:00,2026/06/14 00:00,"Title: Design and development of a series of 4-(piperazin-1-yl)pyrimidines as irreversible menin inhibitors._||_Abstract: The interaction between menin and MLL1 protein plays an important role in AML with MLL rearrangement and NPM1 mutation. Blocking the formation of menin-MLL complex can inhibit proliferation and induce differentiation in these cancer subtypes. In development of anticancer drugs, irreversible inhibitors are gaining spotlight as they may have better activities than the reversible analogs. Therefore, we designed and developed a novel series of covalent menin inhibitors. Among these compounds, 37 emerges as a selective and potent inhibitor of MLL fusion protein-expressing leukemic cells. The cellular study indicates 37 has a distinct mechanism of action, in both reducing menin protein levels and downregulating MEN1 transcription. This effect of 37 is not involved in proteasomal degradation, and may directly affect the synthesis of menin protein, which offers a significant advantage in addressing acquired resistance to menin inhibitors. Further study showed that compound 37 has prolonged anti-leukemic action and exhibits promising in vivo efficacy, making it a valuable probe for further menin-MLL interaction studies. ",MEN1 menin inhibitor;menin MLL inhibitor,2,61
2222371,Downregulation of MEIS1 expression level in human MV4-11 cells at 10 uM incubated for 48 hrs by qRT-PCR analysis,CHEMBL6092985,ChEMBL,ChEMBL,,,1,,2026/06/14 00:00,2026/06/14 00:00,"Title: Design and development of a series of 4-(piperazin-1-yl)pyrimidines as irreversible menin inhibitors._||_Abstract: The interaction between menin and MLL1 protein plays an important role in AML with MLL rearrangement and NPM1 mutation. Blocking the formation of menin-MLL complex can inhibit proliferation and induce differentiation in these cancer subtypes. In development of anticancer drugs, irreversible inhibitors are gaining spotlight as they may have better activities than the reversible analogs. Therefore, we designed and developed a novel series of covalent menin inhibitors. Among these compounds, 37 emerges as a selective and potent inhibitor of MLL fusion protein-expressing leukemic cells. The cellular study indicates 37 has a distinct mechanism of action, in both reducing menin protein levels and downregulating MEN1 transcription. This effect of 37 is not involved in proteasomal degradation, and may directly affect the synthesis of menin protein, which offers a significant advantage in addressing acquired resistance to menin inhibitors. Further study showed that compound 37 has prolonged anti-leukemic action and exhibits promising in vivo efficacy, making it a valuable probe for further menin-MLL interaction studies. ",MEN1 menin inhibitor;menin MLL inhibitor,2,62
2222370,Antiproliferative activity against human MINO cells assessed as cell growth inhibition incubated for 7 days by MTS assay,CHEMBL6092984,ChEMBL,ChEMBL,Confirmatory,,1,,2026/06/14 00:00,2026/06/14 00:00,"Title: Design and development of a series of 4-(piperazin-1-yl)pyrimidines as irreversible menin inhibitors._||_Abstract: The interaction between menin and MLL1 protein plays an important role in AML with MLL rearrangement and NPM1 mutation. Blocking the formation of menin-MLL complex can inhibit proliferation and induce differentiation in these cancer subtypes. In development of anticancer drugs, irreversible inhibitors are gaining spotlight as they may have better activities than the reversible analogs. Therefore, we designed and developed a novel series of covalent menin inhibitors. Among these compounds, 37 emerges as a selective and potent inhibitor of MLL fusion protein-expressing leukemic cells. The cellular study indicates 37 has a distinct mechanism of action, in both reducing menin protein levels and downregulating MEN1 transcription. This effect of 37 is not involved in proteasomal degradation, and may directly affect the synthesis of menin protein, which offers a significant advantage in addressing acquired resistance to menin inhibitors. Further study showed that compound 37 has prolonged anti-leukemic action and exhibits promising in vivo efficacy, making it a valuable probe for further menin-MLL interaction studies. ",MEN1 menin inhibitor;menin MLL inhibitor,2,63
2222369,Antiproliferative activity against human HL-60 cells assessed as cell growth inhibition incubated for 7 days by MTS assay,CHEMBL6092983,ChEMBL,ChEMBL,Confirmatory,,1,,2026/06/14 00:00,2026/06/14 00:00,"Title: Design and development of a series of 4-(piperazin-1-yl)pyrimidines as irreversible menin inhibitors._||_Abstract: The interaction between menin and MLL1 protein plays an important role in AML with MLL rearrangement and NPM1 mutation. Blocking the formation of menin-MLL complex can inhibit proliferation and induce differentiation in these cancer subtypes. In development of anticancer drugs, irreversible inhibitors are gaining spotlight as they may have better activities than the reversible analogs. Therefore, we designed and developed a novel series of covalent menin inhibitors. Among these compounds, 37 emerges as a selective and potent inhibitor of MLL fusion protein-expressing leukemic cells. The cellular study indicates 37 has a distinct mechanism of action, in both reducing menin protein levels and downregulating MEN1 transcription. This effect of 37 is not involved in proteasomal degradation, and may directly affect the synthesis of menin protein, which offers a significant advantage in addressing acquired resistance to menin inhibitors. Further study showed that compound 37 has prolonged anti-leukemic action and exhibits promising in vivo efficacy, making it a valuable probe for further menin-MLL interaction studies. ",MEN1 menin inhibitor;menin MLL inhibitor,2,64
2222368,Antiproliferative activity against human REH cells assessed as cell growth inhibition incubated for 7 days by MTS assay,CHEMBL6092982,ChEMBL,ChEMBL,Confirmatory,,1,,2026/06/14 00:00,2026/06/14 00:00,"Title: Design and development of a series of 4-(piperazin-1-yl)pyrimidines as irreversible menin inhibitors._||_Abstract: The interaction between menin and MLL1 protein plays an important role in AML with MLL rearrangement and NPM1 mutation. Blocking the formation of menin-MLL complex can inhibit proliferation and induce differentiation in these cancer subtypes. In development of anticancer drugs, irreversible inhibitors are gaining spotlight as they may have better activities than the reversible analogs. Therefore, we designed and developed a novel series of covalent menin inhibitors. Among these compounds, 37 emerges as a selective and potent inhibitor of MLL fusion protein-expressing leukemic cells. The cellular study indicates 37 has a distinct mechanism of action, in both reducing menin protein levels and downregulating MEN1 transcription. This effect of 37 is not involved in proteasomal degradation, and may directly affect the synthesis of menin protein, which offers a significant advantage in addressing acquired resistance to menin inhibitors. Further study showed that compound 37 has prolonged anti-leukemic action and exhibits promising in vivo efficacy, making it a valuable probe for further menin-MLL interaction studies. ",MEN1 menin inhibitor;menin MLL inhibitor,2,65
2222367,Antiproliferative activity against human MOLM-13 cells harboring MLL-AF9 assessed as cell growth inhibition incubated for 7 days by MTS assay,CHEMBL6092981,ChEMBL,ChEMBL,Confirmatory,1,1,,2026/06/14 00:00,2026/06/14 00:00,"Title: Design and development of a series of 4-(piperazin-1-yl)pyrimidines as irreversible menin inhibitors._||_Abstract: The interaction between menin and MLL1 protein plays an important role in AML with MLL rearrangement and NPM1 mutation. Blocking the formation of menin-MLL complex can inhibit proliferation and induce differentiation in these cancer subtypes. In development of anticancer drugs, irreversible inhibitors are gaining spotlight as they may have better activities than the reversible analogs. Therefore, we designed and developed a novel series of covalent menin inhibitors. Among these compounds, 37 emerges as a selective and potent inhibitor of MLL fusion protein-expressing leukemic cells. The cellular study indicates 37 has a distinct mechanism of action, in both reducing menin protein levels and downregulating MEN1 transcription. This effect of 37 is not involved in proteasomal degradation, and may directly affect the synthesis of menin protein, which offers a significant advantage in addressing acquired resistance to menin inhibitors. Further study showed that compound 37 has prolonged anti-leukemic action and exhibits promising in vivo efficacy, making it a valuable probe for further menin-MLL interaction studies. ",MEN1 menin inhibitor;menin MLL inhibitor,2,66
2222366,Antiproliferative activity against human RS4;11 cells harboring MLL-AF4 assessed as cell growth inhibition incubated for 7 days by MTS assay,CHEMBL6092980,ChEMBL,ChEMBL,Confirmatory,1,1,,2026/06/14 00:00,2026/06/14 00:00,"Title: Design and development of a series of 4-(piperazin-1-yl)pyrimidines as irreversible menin inhibitors._||_Abstract: The interaction between menin and MLL1 protein plays an important role in AML with MLL rearrangement and NPM1 mutation. Blocking the formation of menin-MLL complex can inhibit proliferation and induce differentiation in these cancer subtypes. In development of anticancer drugs, irreversible inhibitors are gaining spotlight as they may have better activities than the reversible analogs. Therefore, we designed and developed a novel series of covalent menin inhibitors. Among these compounds, 37 emerges as a selective and potent inhibitor of MLL fusion protein-expressing leukemic cells. The cellular study indicates 37 has a distinct mechanism of action, in both reducing menin protein levels and downregulating MEN1 transcription. This effect of 37 is not involved in proteasomal degradation, and may directly affect the synthesis of menin protein, which offers a significant advantage in addressing acquired resistance to menin inhibitors. Further study showed that compound 37 has prolonged anti-leukemic action and exhibits promising in vivo efficacy, making it a valuable probe for further menin-MLL interaction studies. ",MEN1 menin inhibitor;menin MLL inhibitor,2,67
2222365,Antiproliferative activity against human MOLM-14 cells harboring MLL-AF9 assessed as cell growth inhibition incubated for 7 days by MTS assay,CHEMBL6092979,ChEMBL,ChEMBL,Confirmatory,1,1,,2026/06/14 00:00,2026/06/14 00:00,"Title: Design and development of a series of 4-(piperazin-1-yl)pyrimidines as irreversible menin inhibitors._||_Abstract: The interaction between menin and MLL1 protein plays an important role in AML with MLL rearrangement and NPM1 mutation. Blocking the formation of menin-MLL complex can inhibit proliferation and induce differentiation in these cancer subtypes. In development of anticancer drugs, irreversible inhibitors are gaining spotlight as they may have better activities than the reversible analogs. Therefore, we designed and developed a novel series of covalent menin inhibitors. Among these compounds, 37 emerges as a selective and potent inhibitor of MLL fusion protein-expressing leukemic cells. The cellular study indicates 37 has a distinct mechanism of action, in both reducing menin protein levels and downregulating MEN1 transcription. This effect of 37 is not involved in proteasomal degradation, and may directly affect the synthesis of menin protein, which offers a significant advantage in addressing acquired resistance to menin inhibitors. Further study showed that compound 37 has prolonged anti-leukemic action and exhibits promising in vivo efficacy, making it a valuable probe for further menin-MLL interaction studies. ",MEN1 menin inhibitor;menin MLL inhibitor,2,68
2222364,Antiproliferative activity against human MV4-11 cells harboring MLL-AF4 assessed as cell growth inhibition incubated for 7 days by MTS assay,CHEMBL6092978,ChEMBL,ChEMBL,Confirmatory,1,1,,2026/06/14 00:00,2026/06/14 00:00,"Title: Design and development of a series of 4-(piperazin-1-yl)pyrimidines as irreversible menin inhibitors._||_Abstract: The interaction between menin and MLL1 protein plays an important role in AML with MLL rearrangement and NPM1 mutation. Blocking the formation of menin-MLL complex can inhibit proliferation and induce differentiation in these cancer subtypes. In development of anticancer drugs, irreversible inhibitors are gaining spotlight as they may have better activities than the reversible analogs. Therefore, we designed and developed a novel series of covalent menin inhibitors. Among these compounds, 37 emerges as a selective and potent inhibitor of MLL fusion protein-expressing leukemic cells. The cellular study indicates 37 has a distinct mechanism of action, in both reducing menin protein levels and downregulating MEN1 transcription. This effect of 37 is not involved in proteasomal degradation, and may directly affect the synthesis of menin protein, which offers a significant advantage in addressing acquired resistance to menin inhibitors. Further study showed that compound 37 has prolonged anti-leukemic action and exhibits promising in vivo efficacy, making it a valuable probe for further menin-MLL interaction studies. ",MEN1 menin inhibitor;menin MLL inhibitor,2,69
2222363,Antiproliferative activity against human MV4-11 cells assessed as cell growth inhibition after 4 days,CHEMBL6092977,ChEMBL,ChEMBL,Confirmatory,1,1,,2026/06/14 00:00,2026/06/14 00:00,"Title: Design and development of a series of 4-(piperazin-1-yl)pyrimidines as irreversible menin inhibitors._||_Abstract: The interaction between menin and MLL1 protein plays an important role in AML with MLL rearrangement and NPM1 mutation. Blocking the formation of menin-MLL complex can inhibit proliferation and induce differentiation in these cancer subtypes. In development of anticancer drugs, irreversible inhibitors are gaining spotlight as they may have better activities than the reversible analogs. Therefore, we designed and developed a novel series of covalent menin inhibitors. Among these compounds, 37 emerges as a selective and potent inhibitor of MLL fusion protein-expressing leukemic cells. The cellular study indicates 37 has a distinct mechanism of action, in both reducing menin protein levels and downregulating MEN1 transcription. This effect of 37 is not involved in proteasomal degradation, and may directly affect the synthesis of menin protein, which offers a significant advantage in addressing acquired resistance to menin inhibitors. Further study showed that compound 37 has prolonged anti-leukemic action and exhibits promising in vivo efficacy, making it a valuable probe for further menin-MLL interaction studies. ",MEN1 menin inhibitor;menin MLL inhibitor,2,70
2222362,Binding Affinity to human menin by fluorescence polarization assay,CHEMBL6092976,ChEMBL,ChEMBL,Confirmatory,1,1,1,2026/06/14 00:00,2026/06/14 00:00,"Title: Design and development of a series of 4-(piperazin-1-yl)pyrimidines as irreversible menin inhibitors._||_Abstract: The interaction between menin and MLL1 protein plays an important role in AML with MLL rearrangement and NPM1 mutation. Blocking the formation of menin-MLL complex can inhibit proliferation and induce differentiation in these cancer subtypes. In development of anticancer drugs, irreversible inhibitors are gaining spotlight as they may have better activities than the reversible analogs. Therefore, we designed and developed a novel series of covalent menin inhibitors. Among these compounds, 37 emerges as a selective and potent inhibitor of MLL fusion protein-expressing leukemic cells. The cellular study indicates 37 has a distinct mechanism of action, in both reducing menin protein levels and downregulating MEN1 transcription. This effect of 37 is not involved in proteasomal degradation, and may directly affect the synthesis of menin protein, which offers a significant advantage in addressing acquired resistance to menin inhibitors. Further study showed that compound 37 has prolonged anti-leukemic action and exhibits promising in vivo efficacy, making it a valuable probe for further menin-MLL interaction studies. ",MEN1 menin inhibitor;menin MLL inhibitor,2,71
2222361,"Half life in female ICR mouse at 5 mg/kg, ip by LC-MS/MS analysis",CHEMBL6092975,ChEMBL,ChEMBL,,,1,,2026/06/14 00:00,2026/06/14 00:00,"Title: Design and development of a series of 4-(piperazin-1-yl)pyrimidines as irreversible menin inhibitors._||_Abstract: The interaction between menin and MLL1 protein plays an important role in AML with MLL rearrangement and NPM1 mutation. Blocking the formation of menin-MLL complex can inhibit proliferation and induce differentiation in these cancer subtypes. In development of anticancer drugs, irreversible inhibitors are gaining spotlight as they may have better activities than the reversible analogs. Therefore, we designed and developed a novel series of covalent menin inhibitors. Among these compounds, 37 emerges as a selective and potent inhibitor of MLL fusion protein-expressing leukemic cells. The cellular study indicates 37 has a distinct mechanism of action, in both reducing menin protein levels and downregulating MEN1 transcription. This effect of 37 is not involved in proteasomal degradation, and may directly affect the synthesis of menin protein, which offers a significant advantage in addressing acquired resistance to menin inhibitors. Further study showed that compound 37 has prolonged anti-leukemic action and exhibits promising in vivo efficacy, making it a valuable probe for further menin-MLL interaction studies. ",MEN1 menin inhibitor;menin MLL inhibitor,2,72
2222360,"Observed MRTinfinity in female ICR mouse at 5 mg/kg, ip by LC-MS/MS analysis",CHEMBL6092974,ChEMBL,ChEMBL,,,1,,2026/06/14 00:00,2026/06/14 00:00,"Title: Design and development of a series of 4-(piperazin-1-yl)pyrimidines as irreversible menin inhibitors._||_Abstract: The interaction between menin and MLL1 protein plays an important role in AML with MLL rearrangement and NPM1 mutation. Blocking the formation of menin-MLL complex can inhibit proliferation and induce differentiation in these cancer subtypes. In development of anticancer drugs, irreversible inhibitors are gaining spotlight as they may have better activities than the reversible analogs. Therefore, we designed and developed a novel series of covalent menin inhibitors. Among these compounds, 37 emerges as a selective and potent inhibitor of MLL fusion protein-expressing leukemic cells. The cellular study indicates 37 has a distinct mechanism of action, in both reducing menin protein levels and downregulating MEN1 transcription. This effect of 37 is not involved in proteasomal degradation, and may directly affect the synthesis of menin protein, which offers a significant advantage in addressing acquired resistance to menin inhibitors. Further study showed that compound 37 has prolonged anti-leukemic action and exhibits promising in vivo efficacy, making it a valuable probe for further menin-MLL interaction studies. ",MEN1 menin inhibitor;menin MLL inhibitor,2,73
2222359,"Observed AUCinfinity in female ICR mouse at 5 mg/kg, ip by LC-MS/MS analysis",CHEMBL6092973,ChEMBL,ChEMBL,,,1,,2026/06/14 00:00,2026/06/14 00:00,"Title: Design and development of a series of 4-(piperazin-1-yl)pyrimidines as irreversible menin inhibitors._||_Abstract: The interaction between menin and MLL1 protein plays an important role in AML with MLL rearrangement and NPM1 mutation. Blocking the formation of menin-MLL complex can inhibit proliferation and induce differentiation in these cancer subtypes. In development of anticancer drugs, irreversible inhibitors are gaining spotlight as they may have better activities than the reversible analogs. Therefore, we designed and developed a novel series of covalent menin inhibitors. Among these compounds, 37 emerges as a selective and potent inhibitor of MLL fusion protein-expressing leukemic cells. The cellular study indicates 37 has a distinct mechanism of action, in both reducing menin protein levels and downregulating MEN1 transcription. This effect of 37 is not involved in proteasomal degradation, and may directly affect the synthesis of menin protein, which offers a significant advantage in addressing acquired resistance to menin inhibitors. Further study showed that compound 37 has prolonged anti-leukemic action and exhibits promising in vivo efficacy, making it a valuable probe for further menin-MLL interaction studies. ",MEN1 menin inhibitor;menin MLL inhibitor,2,74
2222358,"AUClast in female ICR mouse at 5 mg/kg, ip by LC-MS/MS analysis",CHEMBL6092972,ChEMBL,ChEMBL,,,1,,2026/06/14 00:00,2026/06/14 00:00,"Title: Design and development of a series of 4-(piperazin-1-yl)pyrimidines as irreversible menin inhibitors._||_Abstract: The interaction between menin and MLL1 protein plays an important role in AML with MLL rearrangement and NPM1 mutation. Blocking the formation of menin-MLL complex can inhibit proliferation and induce differentiation in these cancer subtypes. In development of anticancer drugs, irreversible inhibitors are gaining spotlight as they may have better activities than the reversible analogs. Therefore, we designed and developed a novel series of covalent menin inhibitors. Among these compounds, 37 emerges as a selective and potent inhibitor of MLL fusion protein-expressing leukemic cells. The cellular study indicates 37 has a distinct mechanism of action, in both reducing menin protein levels and downregulating MEN1 transcription. This effect of 37 is not involved in proteasomal degradation, and may directly affect the synthesis of menin protein, which offers a significant advantage in addressing acquired resistance to menin inhibitors. Further study showed that compound 37 has prolonged anti-leukemic action and exhibits promising in vivo efficacy, making it a valuable probe for further menin-MLL interaction studies. ",MEN1 menin inhibitor;menin MLL inhibitor,2,75
2222357,"Cmax in female ICR mouse at 5 mg/kg, ip by LC-MS/MS analysis",CHEMBL6092971,ChEMBL,ChEMBL,,,1,,2026/06/14 00:00,2026/06/14 00:00,"Title: Design and development of a series of 4-(piperazin-1-yl)pyrimidines as irreversible menin inhibitors._||_Abstract: The interaction between menin and MLL1 protein plays an important role in AML with MLL rearrangement and NPM1 mutation. Blocking the formation of menin-MLL complex can inhibit proliferation and induce differentiation in these cancer subtypes. In development of anticancer drugs, irreversible inhibitors are gaining spotlight as they may have better activities than the reversible analogs. Therefore, we designed and developed a novel series of covalent menin inhibitors. Among these compounds, 37 emerges as a selective and potent inhibitor of MLL fusion protein-expressing leukemic cells. The cellular study indicates 37 has a distinct mechanism of action, in both reducing menin protein levels and downregulating MEN1 transcription. This effect of 37 is not involved in proteasomal degradation, and may directly affect the synthesis of menin protein, which offers a significant advantage in addressing acquired resistance to menin inhibitors. Further study showed that compound 37 has prolonged anti-leukemic action and exhibits promising in vivo efficacy, making it a valuable probe for further menin-MLL interaction studies. ",MEN1 menin inhibitor;menin MLL inhibitor,2,76
2222356,"Tmax in female ICR mouse at 5 mg/kg, ip by LC-MS/MS analysis",CHEMBL6092970,ChEMBL,ChEMBL,,,1,,2026/06/14 00:00,2026/06/14 00:00,"Title: Design and development of a series of 4-(piperazin-1-yl)pyrimidines as irreversible menin inhibitors._||_Abstract: The interaction between menin and MLL1 protein plays an important role in AML with MLL rearrangement and NPM1 mutation. Blocking the formation of menin-MLL complex can inhibit proliferation and induce differentiation in these cancer subtypes. In development of anticancer drugs, irreversible inhibitors are gaining spotlight as they may have better activities than the reversible analogs. Therefore, we designed and developed a novel series of covalent menin inhibitors. Among these compounds, 37 emerges as a selective and potent inhibitor of MLL fusion protein-expressing leukemic cells. The cellular study indicates 37 has a distinct mechanism of action, in both reducing menin protein levels and downregulating MEN1 transcription. This effect of 37 is not involved in proteasomal degradation, and may directly affect the synthesis of menin protein, which offers a significant advantage in addressing acquired resistance to menin inhibitors. Further study showed that compound 37 has prolonged anti-leukemic action and exhibits promising in vivo efficacy, making it a valuable probe for further menin-MLL interaction studies. ",MEN1 menin inhibitor;menin MLL inhibitor,2,77
2222355,Antiproliferative activity against human menin-insensitive REH cells assessed as inhibition of cell growth incubated for 7 days by MTS assay,CHEMBL6092969,ChEMBL,ChEMBL,Confirmatory,9,24,,2026/06/14 00:00,2026/06/14 00:00,"Title: Design and development of a series of 4-(piperazin-1-yl)pyrimidines as irreversible menin inhibitors._||_Abstract: The interaction between menin and MLL1 protein plays an important role in AML with MLL rearrangement and NPM1 mutation. Blocking the formation of menin-MLL complex can inhibit proliferation and induce differentiation in these cancer subtypes. In development of anticancer drugs, irreversible inhibitors are gaining spotlight as they may have better activities than the reversible analogs. Therefore, we designed and developed a novel series of covalent menin inhibitors. Among these compounds, 37 emerges as a selective and potent inhibitor of MLL fusion protein-expressing leukemic cells. The cellular study indicates 37 has a distinct mechanism of action, in both reducing menin protein levels and downregulating MEN1 transcription. This effect of 37 is not involved in proteasomal degradation, and may directly affect the synthesis of menin protein, which offers a significant advantage in addressing acquired resistance to menin inhibitors. Further study showed that compound 37 has prolonged anti-leukemic action and exhibits promising in vivo efficacy, making it a valuable probe for further menin-MLL interaction studies. ",MEN1 menin inhibitor;menin MLL inhibitor,2,78
2222354,Antiproliferative activity against human menin-sensitive MV4-11 cells assessed as inhibition of cell growth incubated for 7 days by MTS assay,CHEMBL6092968,ChEMBL,ChEMBL,Confirmatory,24,24,,2026/06/14 00:00,2026/06/14 00:00,"Title: Design and development of a series of 4-(piperazin-1-yl)pyrimidines as irreversible menin inhibitors._||_Abstract: The interaction between menin and MLL1 protein plays an important role in AML with MLL rearrangement and NPM1 mutation. Blocking the formation of menin-MLL complex can inhibit proliferation and induce differentiation in these cancer subtypes. In development of anticancer drugs, irreversible inhibitors are gaining spotlight as they may have better activities than the reversible analogs. Therefore, we designed and developed a novel series of covalent menin inhibitors. Among these compounds, 37 emerges as a selective and potent inhibitor of MLL fusion protein-expressing leukemic cells. The cellular study indicates 37 has a distinct mechanism of action, in both reducing menin protein levels and downregulating MEN1 transcription. This effect of 37 is not involved in proteasomal degradation, and may directly affect the synthesis of menin protein, which offers a significant advantage in addressing acquired resistance to menin inhibitors. Further study showed that compound 37 has prolonged anti-leukemic action and exhibits promising in vivo efficacy, making it a valuable probe for further menin-MLL interaction studies. ",MEN1 menin inhibitor;menin MLL inhibitor,2,79
2222353,Inhibition of menin (unknown origin)/N-terminal FITC-labeled MLL1 peptide (unknown origin) interaction incubated for 30 min by fluorescence polarization assay,CHEMBL6092967,ChEMBL,ChEMBL,Confirmatory,33,33,2,2026/06/14 00:00,2026/06/14 00:00,"Title: Design and development of a series of 4-(piperazin-1-yl)pyrimidines as irreversible menin inhibitors._||_Abstract: The interaction between menin and MLL1 protein plays an important role in AML with MLL rearrangement and NPM1 mutation. Blocking the formation of menin-MLL complex can inhibit proliferation and induce differentiation in these cancer subtypes. In development of anticancer drugs, irreversible inhibitors are gaining spotlight as they may have better activities than the reversible analogs. Therefore, we designed and developed a novel series of covalent menin inhibitors. Among these compounds, 37 emerges as a selective and potent inhibitor of MLL fusion protein-expressing leukemic cells. The cellular study indicates 37 has a distinct mechanism of action, in both reducing menin protein levels and downregulating MEN1 transcription. This effect of 37 is not involved in proteasomal degradation, and may directly affect the synthesis of menin protein, which offers a significant advantage in addressing acquired resistance to menin inhibitors. Further study showed that compound 37 has prolonged anti-leukemic action and exhibits promising in vivo efficacy, making it a valuable probe for further menin-MLL interaction studies. ",MEN1 menin inhibitor;menin MLL inhibitor,2,80
2061541,"Menin/MLL Homogenous Time-Resolved Fluorescence (HTRF) Assay from US Patent US20250197392: ""CRYSTALLINE FORMS OF AN INHIBITOR OF THE MENIN/MLL INTERACTION""",BindingDB_13020_1,BindingDB,BindingDB,Confirmatory,,,,2025/11/17 00:00,2025/11/17 00:00,"To an untreated, white 384-well microtiter plate was added 40 nL 200  test compound in DMSO and 4 ?L 2  terbium chelate-labeled menin (vide infra for preparation) in assay buffer (40 mM Tris HCl, pH 7.5, 50 mM NaCl, 1 mM DTT (dithiothreitol) and 0.05% Pluronic F-127). After incubation of test compound and terbium chelate-labeled menin for 30 min at ambient temperature, 4 ?L 2 FITC-MBM1 peptide (FITC-?-alanine-SARWRFPARPGT-NH2) (?FITC? means fluorescein isothiocyanate) in assay buffer was added, the microtiter plate centrifuged at 1000 rpm for 1 min and the assay mixtures incubated for 15 min at ambient temperature. The relative amount of menin-FITC-MBM1 complex present in an assay mixture is determined by measuring the homogenous time-resolved fluorescence (HTRF) of the terbium/FITC donor/acceptor fluorphore pair using an EnVision microplate reader (ex. 337 nm/terbium em. 490 nm/FITC em. 520 nm) at ambient temperature. The degree of fluorescence resonance energy transfer (the HTRF value) is expressed as the ratio of the fluorescence emission intensities of the FITC and terbium fluorophores (Fem 520 nm/Fem 490 nm). The final concentrations of reagents in the binding assay are 200 pM terbium chelate-labeled menin, 75 nM FITC-MBM1 peptide and 0.5% DMSO in assay buffer. Dose-response titrations of test compounds are conducted using an 11 point, four-fold serial dilution scheme, starting typically at 10 ?M. ","""menin/MLL"" inhibitor;menin MLL inhibitor",2,81
1963621,"Menin-MLL In Vitro Inhibitory Activity from US Patent US20240140953: ""INHIBITORS OF MENIN-MLL INTERACTION""",BindingDB_12022_1,BindingDB,BindingDB,Confirmatory,1,1,2,2024/08/22 00:00,2024/11/12 00:00,"Each compound was diluted to a final concentration of 5 mM in DMSO. 15 ml Falcon tubes were used for making the dilution. These 5 mM stocks were stored in 2 ml light-protective Eppendorf tubes in multiple 50 ul aliquots to prevent repeated freeze-thaw of the entire stock.The following concentrations were decided for each compound: 0.01 uM, 0.03 uM, 0.1 uM, 0.3 uM, 0.5 uM, 1 uM, 3 uM and 5 uM.First, 2  working stocks for each desired concentration were made using the standard RPMI 10% FBS medium as the diluent.Specifically, working stocks of 0.02 uM, 0.06 uM, 0.2 uM, 0.6 uM, 1 uM, 2 uM, 6 uM and 10 uM (2  of the desired concentrations mentioned above) were made from the 5 mM stock (see note at the bottom for more details).100 ul of each working stock dilution was added to the respective well containing 100 ul of plated cells, thereby achieving a 1  drug concentration. A similar strategy was used for the DMSO control arm. ",Menin-MLL Interaction Inhibitory Activity;target_gene:MEN1,2,82
1572510,Inhibition of full length human menin/FAM-tagged MLL1 (unknown origin) protein-protein interaction after 15 mins by fluorescence polarization assay,CHEMBL4370539,ChEMBL,ChEMBL,Confirmatory,2,18,2,2021/03/02 00:00,2022/08/30 00:00,"Title: Tranylcypromine and 6-trifluoroethyl thienopyrimidine hybrid as LSD1 inhibitor._||_Abstract: Tranylcypromine moiety extracted from LSD1 inhibitors and 6-trifluoroethyl thienopyrimidine moiety from menin-MLL1 PPI inhibitors were merged to give new chemotypes for medicinal chemistry study. Among 15 new compounds prepared in this work, some exhibited nanomolar LSD1 activity and good selectivity over MAO-A/B, low micromolar menin-MLL1 PPI inhibitory activity, as well as submicromolar MV4-11 antiprofilative activities. Intracellular LSD1 engagement of compounds with higher enzymatic and antiproliferative activities was confirmed by CD86 mRNA up-regulation experiments. ",MEN1 menin inhibitor;menin MLL inhibitor,2,83
1568965,Inhibition of Menin-MLL protein-protein interaction in human MOLM13 cells assessed as reduction in MEIS1 mRNA expression at 100 nM to 1 uM after 48 hrs by RT-qPCR analysis,CHEMBL4366903,ChEMBL,ChEMBL,,1,1,2,2021/03/02 00:00,2022/03/18 00:00,"Title: Structure-Based Discovery of M-89 as a Highly Potent Inhibitor of the Menin-Mixed Lineage Leukemia (Menin-MLL) Protein-Protein Interaction._||_Abstract: Inhibition of the menin-mixed lineage leukemia (MLL) protein-protein interaction is a promising new therapeutic strategy for the treatment of acute leukemia carrying MLL fusion (MLL leukemia). We describe herein our structure-based design, synthesis, and evaluation of a new class of small-molecule inhibitors of the menin-MLL interaction (hereafter called menin inhibitors). Our efforts have resulted in the discovery of highly potent menin inhibitors, as exemplified by compound 42 (M-89). M-89 binds to menin with a Kd value of 1.4 nM and effectively engages cellular menin protein at low nanomolar concentrations. M-89 inhibits cell growth in the MV4;11 and MOLM-13 leukemia cell lines carrying MLL fusion with IC50 values of 25 and 55 nM, respectively, and demonstrates >100-fold selectivity over the HL-60 leukemia cell line lacking MLL fusion. The determination of a co-crystal structure of M-89 in a complex with menin provides the structural basis for their high-affinity interaction. Further optimization of M-89 may lead to a new class of therapy for the treatment of MLL leukemia. ",MEN1 menin inhibitor;menin MLL inhibitor,2,84
1568964,Inhibition of Menin-MLL protein-protein interaction in human MV411 cells assessed as reduction in MEIS1 mRNA expression at 30 to 300 nM after 48 hrs by RT-qPCR analysis,CHEMBL4366902,ChEMBL,ChEMBL,,1,1,2,2021/03/02 00:00,2022/03/18 00:00,"Title: Structure-Based Discovery of M-89 as a Highly Potent Inhibitor of the Menin-Mixed Lineage Leukemia (Menin-MLL) Protein-Protein Interaction._||_Abstract: Inhibition of the menin-mixed lineage leukemia (MLL) protein-protein interaction is a promising new therapeutic strategy for the treatment of acute leukemia carrying MLL fusion (MLL leukemia). We describe herein our structure-based design, synthesis, and evaluation of a new class of small-molecule inhibitors of the menin-MLL interaction (hereafter called menin inhibitors). Our efforts have resulted in the discovery of highly potent menin inhibitors, as exemplified by compound 42 (M-89). M-89 binds to menin with a Kd value of 1.4 nM and effectively engages cellular menin protein at low nanomolar concentrations. M-89 inhibits cell growth in the MV4;11 and MOLM-13 leukemia cell lines carrying MLL fusion with IC50 values of 25 and 55 nM, respectively, and demonstrates >100-fold selectivity over the HL-60 leukemia cell line lacking MLL fusion. The determination of a co-crystal structure of M-89 in a complex with menin provides the structural basis for their high-affinity interaction. Further optimization of M-89 may lead to a new class of therapy for the treatment of MLL leukemia. ",MEN1 menin inhibitor;menin MLL inhibitor,2,85
1568963,Inhibition of Menin-MLL protein-protein interaction in human MOLM13 cells assessed as reduction in Hoxa9 mRNA expression at 100 nM to 1 uM after 48 hrs by RT-qPCR analysis,CHEMBL4366901,ChEMBL,ChEMBL,,1,1,2,2021/03/02 00:00,2022/03/18 00:00,"Title: Structure-Based Discovery of M-89 as a Highly Potent Inhibitor of the Menin-Mixed Lineage Leukemia (Menin-MLL) Protein-Protein Interaction._||_Abstract: Inhibition of the menin-mixed lineage leukemia (MLL) protein-protein interaction is a promising new therapeutic strategy for the treatment of acute leukemia carrying MLL fusion (MLL leukemia). We describe herein our structure-based design, synthesis, and evaluation of a new class of small-molecule inhibitors of the menin-MLL interaction (hereafter called menin inhibitors). Our efforts have resulted in the discovery of highly potent menin inhibitors, as exemplified by compound 42 (M-89). M-89 binds to menin with a Kd value of 1.4 nM and effectively engages cellular menin protein at low nanomolar concentrations. M-89 inhibits cell growth in the MV4;11 and MOLM-13 leukemia cell lines carrying MLL fusion with IC50 values of 25 and 55 nM, respectively, and demonstrates >100-fold selectivity over the HL-60 leukemia cell line lacking MLL fusion. The determination of a co-crystal structure of M-89 in a complex with menin provides the structural basis for their high-affinity interaction. Further optimization of M-89 may lead to a new class of therapy for the treatment of MLL leukemia. ",MEN1 menin inhibitor;menin MLL inhibitor,2,86
1568962,Inhibition of Menin-MLL protein-protein interaction in human MV411 cells assessed as reduction in Hoxa9 mRNA expression at 30 to 300 nM after 48 hrs by RT-qPCR analysis,CHEMBL4366900,ChEMBL,ChEMBL,,1,1,2,2021/03/02 00:00,2022/03/18 00:00,"Title: Structure-Based Discovery of M-89 as a Highly Potent Inhibitor of the Menin-Mixed Lineage Leukemia (Menin-MLL) Protein-Protein Interaction._||_Abstract: Inhibition of the menin-mixed lineage leukemia (MLL) protein-protein interaction is a promising new therapeutic strategy for the treatment of acute leukemia carrying MLL fusion (MLL leukemia). We describe herein our structure-based design, synthesis, and evaluation of a new class of small-molecule inhibitors of the menin-MLL interaction (hereafter called menin inhibitors). Our efforts have resulted in the discovery of highly potent menin inhibitors, as exemplified by compound 42 (M-89). M-89 binds to menin with a Kd value of 1.4 nM and effectively engages cellular menin protein at low nanomolar concentrations. M-89 inhibits cell growth in the MV4;11 and MOLM-13 leukemia cell lines carrying MLL fusion with IC50 values of 25 and 55 nM, respectively, and demonstrates >100-fold selectivity over the HL-60 leukemia cell line lacking MLL fusion. The determination of a co-crystal structure of M-89 in a complex with menin provides the structural basis for their high-affinity interaction. Further optimization of M-89 may lead to a new class of therapy for the treatment of MLL leukemia. ",MEN1 menin inhibitor;menin MLL inhibitor,2,87
1375623,Binding affinity to menin in human MV411 cells assessed as inhibition of protein interaction with AF4-fused MLL by measuring upregulation of ITGAM gene expression at 50 to 200 nM after 6 days by qRT-PCR method,CHEMBL4189790,ChEMBL,ChEMBL,,1,1,1,2020/06/18 00:00,2022/03/18 00:00,"Title: Complexity of Blocking Bivalent Protein-Protein Interactions: Development of a Highly Potent Inhibitor of the Menin-Mixed-Lineage Leukemia Interaction._||_Abstract: The protein-protein interaction between menin and mixed-lineage leukemia 1 (MLL1) plays an important role in development of acute leukemia with translocations of the MLL1 gene and in solid tumors. Here, we report the development of a new generation of menin-MLL1 inhibitors identified by structure-based optimization of the thienopyrimidine class of compounds. This work resulted in compound 28 (MI-1481), which showed very potent inhibition of the menin-MLL1 interaction (IC50 = 3.6 nM), representing the most potent reversible menin-MLL1 inhibitor reported to date. The crystal structure of the menin-28 complex revealed a hydrogen bond with Glu366 and hydrophobic interactions, which contributed to strong inhibitory activity of 28. Compound 28 also demonstrates pronounced activity in MLL leukemia cells and in vivo in MLL leukemia models. Thus, 28 is a valuable menin-MLL1 inhibitor that can be used for potential therapeutic applications and in further studies regarding the role of menin in cancer. ",MEN1 menin inhibitor;menin MLL inhibitor,2,88
1375622,Binding affinity to menin in human MV411 cells assessed as inhibition of protein interaction with AF4-fused MLL by measuring downregulation of DLX2 gene expression at 100 nM after 6 days by qRT-PCR method,CHEMBL4189789,ChEMBL,ChEMBL,,1,1,1,2020/06/18 00:00,2022/03/18 00:00,"Title: Complexity of Blocking Bivalent Protein-Protein Interactions: Development of a Highly Potent Inhibitor of the Menin-Mixed-Lineage Leukemia Interaction._||_Abstract: The protein-protein interaction between menin and mixed-lineage leukemia 1 (MLL1) plays an important role in development of acute leukemia with translocations of the MLL1 gene and in solid tumors. Here, we report the development of a new generation of menin-MLL1 inhibitors identified by structure-based optimization of the thienopyrimidine class of compounds. This work resulted in compound 28 (MI-1481), which showed very potent inhibition of the menin-MLL1 interaction (IC50 = 3.6 nM), representing the most potent reversible menin-MLL1 inhibitor reported to date. The crystal structure of the menin-28 complex revealed a hydrogen bond with Glu366 and hydrophobic interactions, which contributed to strong inhibitory activity of 28. Compound 28 also demonstrates pronounced activity in MLL leukemia cells and in vivo in MLL leukemia models. Thus, 28 is a valuable menin-MLL1 inhibitor that can be used for potential therapeutic applications and in further studies regarding the role of menin in cancer. ",MEN1 menin inhibitor;menin MLL inhibitor,2,89
1375621,Binding affinity to menin in human MV411 cells assessed as inhibition of protein interaction with AF4-fused MLL by measuring downregulation of MEIS1 gene expression at 100 nM after 6 days by qRT-PCR method,CHEMBL4189788,ChEMBL,ChEMBL,,1,1,1,2020/06/18 00:00,2022/03/18 00:00,"Title: Complexity of Blocking Bivalent Protein-Protein Interactions: Development of a Highly Potent Inhibitor of the Menin-Mixed-Lineage Leukemia Interaction._||_Abstract: The protein-protein interaction between menin and mixed-lineage leukemia 1 (MLL1) plays an important role in development of acute leukemia with translocations of the MLL1 gene and in solid tumors. Here, we report the development of a new generation of menin-MLL1 inhibitors identified by structure-based optimization of the thienopyrimidine class of compounds. This work resulted in compound 28 (MI-1481), which showed very potent inhibition of the menin-MLL1 interaction (IC50 = 3.6 nM), representing the most potent reversible menin-MLL1 inhibitor reported to date. The crystal structure of the menin-28 complex revealed a hydrogen bond with Glu366 and hydrophobic interactions, which contributed to strong inhibitory activity of 28. Compound 28 also demonstrates pronounced activity in MLL leukemia cells and in vivo in MLL leukemia models. Thus, 28 is a valuable menin-MLL1 inhibitor that can be used for potential therapeutic applications and in further studies regarding the role of menin in cancer. ",MEN1 menin inhibitor;menin MLL inhibitor,2,90
1375620,Binding affinity to menin in human MV411 cells assessed as inhibition of protein interaction with AF4-fused MLL by measuring downregulation of HOXA9 gene expression at 100 nM after 6 days by qRT-PCR method,CHEMBL4189787,ChEMBL,ChEMBL,,1,1,1,2020/06/18 00:00,2022/03/18 00:00,"Title: Complexity of Blocking Bivalent Protein-Protein Interactions: Development of a Highly Potent Inhibitor of the Menin-Mixed-Lineage Leukemia Interaction._||_Abstract: The protein-protein interaction between menin and mixed-lineage leukemia 1 (MLL1) plays an important role in development of acute leukemia with translocations of the MLL1 gene and in solid tumors. Here, we report the development of a new generation of menin-MLL1 inhibitors identified by structure-based optimization of the thienopyrimidine class of compounds. This work resulted in compound 28 (MI-1481), which showed very potent inhibition of the menin-MLL1 interaction (IC50 = 3.6 nM), representing the most potent reversible menin-MLL1 inhibitor reported to date. The crystal structure of the menin-28 complex revealed a hydrogen bond with Glu366 and hydrophobic interactions, which contributed to strong inhibitory activity of 28. Compound 28 also demonstrates pronounced activity in MLL leukemia cells and in vivo in MLL leukemia models. Thus, 28 is a valuable menin-MLL1 inhibitor that can be used for potential therapeutic applications and in further studies regarding the role of menin in cancer. ",MEN1 menin inhibitor;menin MLL inhibitor,2,91
1272636,Inhibition of menin-MLL (unknown origin) interaction,CHEMBL3757151,ChEMBL,ChEMBL,Confirmatory,1,1,2,2018/09/05 00:00,2022/08/30 00:00,"Title: Peptide-based inhibitors of protein-protein interactions._||_Abstract: Protein-protein interactions (PPIs) are key elements of several important biological processes and have emerged as valuable targets in medicinal chemistry. Importantly, numerous specific protein-protein interactions (e.g., p53-HDM2 and Bcl-2-BH3 domains) were found to be involved in the development of several diseases, including various types of cancer. In general, the discovery of new synthetic PPI inhibitors is a challenging task because protein surfaces have not evolved in a manner that allows for specific binding of low molecular weight compounds. Here, we review the discovery strategies for peptide-based PPI inhibitors. Although peptide-based drug candidates exhibit significant drawbacks (in particular, low proteolytic stability), modifications of either the side chains or backbone could provide molecules of interest. Moreover, due to the large molecular size of peptide-based compounds, the discovery of molecules that specifically interact with extended protein surfaces is possible. Two major strategies for constructing peptide-based PPI inhibitors are as follows: (a) cyclization (e.g., stapled peptides) and (b) modification of the backbone structure (e.g., ?-peptides and peptoids). These approaches for constructing PPI inhibitors enhance both the inhibitory activity and pharmacokinetic properties compared with non-modified ?-peptides. ",Menin-MLL Interaction Inhibitory Activity;target_gene:MEN1,2,92
1075505,Binding affinity to human menin at 100 uM by STD-NMR spectroscopic analysis,CHEMBL3130540,ChEMBL,ChEMBL,,1,1,1,2014/08/22 00:00,2020/06/20 00:00,"Title: High-affinity small-molecule inhibitors of the menin-mixed lineage leukemia (MLL) interaction closely mimic a natural protein-protein interaction._||_Abstract: The protein-protein interaction (PPI) between menin and mixed lineage leukemia (MLL) plays a critical role in acute leukemias, and inhibition of this interaction represents a new potential therapeutic strategy for MLL leukemias. We report development of a novel class of small-molecule inhibitors of the menin-MLL interaction, the hydroxy- and aminomethylpiperidine compounds, which originated from HTS of ?288000 small molecules. We determined menin-inhibitor co-crystal structures and found that these compounds closely mimic all key interactions of MLL with menin. Extensive crystallography studies combined with structure-based design were applied for optimization of these compounds, resulting in MIV-6R, which inhibits the menin-MLL interaction with IC50 = 56 nM. Treatment with MIV-6 demonstrated strong and selective effects in MLL leukemia cells, validating specific mechanism of action. Our studies provide novel and attractive scaffold as a new potential therapeutic approach for MLL leukemias and demonstrate an example of PPI amenable to inhibition by small molecules. ",MEN1 menin inhibitor;menin MLL inhibitor,2,93
1075504,Competitive binding affinity to human menin at 100 uM by STD-NMR spectroscopic analysis in presence of MLL (1 to 46),CHEMBL3130539,ChEMBL,ChEMBL,,,1,1,2014/08/22 00:00,2020/06/20 00:00,"Title: High-affinity small-molecule inhibitors of the menin-mixed lineage leukemia (MLL) interaction closely mimic a natural protein-protein interaction._||_Abstract: The protein-protein interaction (PPI) between menin and mixed lineage leukemia (MLL) plays a critical role in acute leukemias, and inhibition of this interaction represents a new potential therapeutic strategy for MLL leukemias. We report development of a novel class of small-molecule inhibitors of the menin-MLL interaction, the hydroxy- and aminomethylpiperidine compounds, which originated from HTS of ?288000 small molecules. We determined menin-inhibitor co-crystal structures and found that these compounds closely mimic all key interactions of MLL with menin. Extensive crystallography studies combined with structure-based design were applied for optimization of these compounds, resulting in MIV-6R, which inhibits the menin-MLL interaction with IC50 = 56 nM. Treatment with MIV-6 demonstrated strong and selective effects in MLL leukemia cells, validating specific mechanism of action. Our studies provide novel and attractive scaffold as a new potential therapeutic approach for MLL leukemias and demonstrate an example of PPI amenable to inhibition by small molecules. ",MEN1 menin inhibitor;menin MLL inhibitor,2,94
1075502,Inhibition of menin-FLAG-tagged MLL-AF9 interaction in HEK293 cells at 3 to 12 uM after 12 hrs by co-immunoprecipitation assay,CHEMBL3130537,ChEMBL,ChEMBL,,2,2,1,2014/08/22 00:00,2022/03/18 00:00,"Title: High-affinity small-molecule inhibitors of the menin-mixed lineage leukemia (MLL) interaction closely mimic a natural protein-protein interaction._||_Abstract: The protein-protein interaction (PPI) between menin and mixed lineage leukemia (MLL) plays a critical role in acute leukemias, and inhibition of this interaction represents a new potential therapeutic strategy for MLL leukemias. We report development of a novel class of small-molecule inhibitors of the menin-MLL interaction, the hydroxy- and aminomethylpiperidine compounds, which originated from HTS of ?288000 small molecules. We determined menin-inhibitor co-crystal structures and found that these compounds closely mimic all key interactions of MLL with menin. Extensive crystallography studies combined with structure-based design were applied for optimization of these compounds, resulting in MIV-6R, which inhibits the menin-MLL interaction with IC50 = 56 nM. Treatment with MIV-6 demonstrated strong and selective effects in MLL leukemia cells, validating specific mechanism of action. Our studies provide novel and attractive scaffold as a new potential therapeutic approach for MLL leukemias and demonstrate an example of PPI amenable to inhibition by small molecules. ",MEN1 menin inhibitor;menin MLL inhibitor,2,95
1075496,Inhibition of menin-FLAG-tagged MLL-AF9 interaction in mouse bone marrow cells assessed as downregulation of HOXA9 mRNA expression at 6 to 12 uM after 6 days by qRT-PCR analysis,CHEMBL3130531,ChEMBL,ChEMBL,,,1,1,2014/08/22 00:00,2022/03/18 00:00,"Title: High-affinity small-molecule inhibitors of the menin-mixed lineage leukemia (MLL) interaction closely mimic a natural protein-protein interaction._||_Abstract: The protein-protein interaction (PPI) between menin and mixed lineage leukemia (MLL) plays a critical role in acute leukemias, and inhibition of this interaction represents a new potential therapeutic strategy for MLL leukemias. We report development of a novel class of small-molecule inhibitors of the menin-MLL interaction, the hydroxy- and aminomethylpiperidine compounds, which originated from HTS of ?288000 small molecules. We determined menin-inhibitor co-crystal structures and found that these compounds closely mimic all key interactions of MLL with menin. Extensive crystallography studies combined with structure-based design were applied for optimization of these compounds, resulting in MIV-6R, which inhibits the menin-MLL interaction with IC50 = 56 nM. Treatment with MIV-6 demonstrated strong and selective effects in MLL leukemia cells, validating specific mechanism of action. Our studies provide novel and attractive scaffold as a new potential therapeutic approach for MLL leukemias and demonstrate an example of PPI amenable to inhibition by small molecules. ",MEN1 menin inhibitor;menin MLL inhibitor,2,96
1075495,Inhibition of menin-FLAG-tagged MLL-AF9 interaction in mouse bone marrow cells assessed as downregulation of MEIS1 mRNA expression at 6 to 12 uM after 6 days by qRT-PCR analysis,CHEMBL3130530,ChEMBL,ChEMBL,,,1,1,2014/08/22 00:00,2022/03/18 00:00,"Title: High-affinity small-molecule inhibitors of the menin-mixed lineage leukemia (MLL) interaction closely mimic a natural protein-protein interaction._||_Abstract: The protein-protein interaction (PPI) between menin and mixed lineage leukemia (MLL) plays a critical role in acute leukemias, and inhibition of this interaction represents a new potential therapeutic strategy for MLL leukemias. We report development of a novel class of small-molecule inhibitors of the menin-MLL interaction, the hydroxy- and aminomethylpiperidine compounds, which originated from HTS of ?288000 small molecules. We determined menin-inhibitor co-crystal structures and found that these compounds closely mimic all key interactions of MLL with menin. Extensive crystallography studies combined with structure-based design were applied for optimization of these compounds, resulting in MIV-6R, which inhibits the menin-MLL interaction with IC50 = 56 nM. Treatment with MIV-6 demonstrated strong and selective effects in MLL leukemia cells, validating specific mechanism of action. Our studies provide novel and attractive scaffold as a new potential therapeutic approach for MLL leukemias and demonstrate an example of PPI amenable to inhibition by small molecules. ",MEN1 menin inhibitor;menin MLL inhibitor,2,97
504537,Inhibitor SAR for Compounds Targeting the Menin-MLL Interaction in MLL Related Leukemias: Competition With Fluorescein Labeled MLL-derived Peptide,MENN9472b,National Center for Advancing Translational Sciences (NCATS),NCATS;NCGC;National Center for Advancing Translational Sciences (NCATS),Confirmatory,22,104,2,2011/03/23 00:00,2011/03/23 00:00,"qHTS Assay for Inhibitors Targeting the Menin-MLL Interaction in MLL Related Leukemias_||_NIH Chemical Genomics Center [NCGC]_||_NIH Molecular Libraries Probe Centers Network [MLPCN]_||_MLPCN Grant: MH084875-01A1_||_Assay Submitter (PI): Jolanta Grembecka, Tomasz Cierpicki, University of Virginia_||_Translocations of the MLL (Mixed Lineage Leukemia) gene are frequently found in human leukemias affecting both children and adults. Fusion of MLL to one of more than 60 genes results in generation of oncogenic proteins upregulating Hox genes, which are vital to blood cell development. Patients harboring fusion of the MLL gene suffer from aggressive leukemias and respond poorly to available therapies. All of the oncogenic fusion proteins have a preserved N-terminal fragment of MLL that has been identified to interact with menin. It has been recently discovered that association with menin is critical to the leukemogenic activity of the MLL fusion oncoproteins. Selective targeting of the menin-MLL interaction could provide an attractive therapeutic approach to develop novel drugs for MLL-related leukemias. Small molecules blocking the menin-MLL interaction should reverse the oncogenic potential of MLL fusion proteins._||_We have developed and optimized a fluorescence polarization-based assay for the identification of Menin-MLL inhibitors. The assay was run employing two different MLL-derived peptides. The present assay uses a 12 amino acid peptide labeled with fluorescein at its N-terminus. This peptide consists of the menin high affinity binding motif from MLL and is potently bound by menin. Another peptide with a mutated sequence, labeled with Texas Red, was used in parallel as a less stringent screen for inhibitors._||_The present assay was run to characterize initial structure activity relationships. ",MEN1 menin inhibitor;target_gene:MEN1,2,98
2202591,"Menin/MLL Homogenous Time-Resolved Fluorescence (HTRF) Assay from US Patent US12473295: ""Substituted straight chain spiro derivatives""",BindingDB_13412_1,BindingDB,BindingDB,Confirmatory,186,203,2,2026/04/07 00:00,2026/04/07 00:00,"To an untreated, white 384-well microtiter plate was added 40 nL 200  test compound in DMSO and 4 ?L 2  terbium chelate-labeled menin (vide infra for preparation) in assay buffer (40 mM Tris.HCl, pH 7.5, 50 mM NaCl, 1 mM DTT (dithiothreitol) and 0.05% Pluronic F-127). After incubation of test compound and terbium chelate-labeled menin for 30 min at ambient temperature, 4 ?L 2 FITC-MBM1 peptide (FITC-?-alanine-SARWRFPARPGT-NH2 (SEQ ID NO: 2)) (?FITC? means fluorescein isothiocyanate) in assay buffer was added, the microtiter plate centrifuged at 1000 rpm for 1 min and the assay mixtures incubated for 15 min at ambient temperature. The relative amount of menin.FITC-MBM1 complex present in an assay mixture is determined by measuring the homogenous time-resolved fluorescence (HTRF) of the terbium/FITC donor/acceptor fluorphore pair using an EnVision microplate reader (ex. 337 nm/terbium em. 490 nm/FITC em. 520 nm) at ambient temperature. The degree of fluorescence resonance energy transfer (the HTRF value) is expressed as the ratio of the fluorescence emission intensities of the FITC and terbium fluorophores (Fem 520 nm/Fem 490 nm). The final concentrations of reagents in the binding assay are 200 pM terbium chelate-labeled menin, 75 nM FITC-MBM1 peptide and 0.5% DMSO in assay buffer. Dose-response titrations of test compounds are conducted using an 11 point, four-fold serial dilution scheme, starting typically at 10 ?M. ",target_gene:MEN1,1,99
2068370,Induction of cell cycle arrest in human MV4-11 cells assessed as accumulation of cells at G0/G1 phase at 10 uM incubated for 24 hrs by PI/RNase staining based flow cytometry analysis,CHEMBL5507525,ChEMBL,ChEMBL,,,1,,2025/11/25 00:00,2026/06/14 00:00,"Title: Discovery of novel pyrrolo[2,3-d]pyrimidines as potent menin-mixed lineage leukemia interaction inhibitors._||_Abstract: To interfere the Menin-MLL interaction using small molecular inhibitors has been shown as new treatment of several special hematological malignancies. Herein, a series of Menin-MLL interaction inhibitors with pyrrolo[2,3-d]pyrimidine scaffold were designed, synthesized and evaluated. Among them, compound A6 exhibited potent binding affinity with an IC<sub>50</sub> value of 0.38 ?M, and strong anti-proliferative activity against MV4-11 cells with an IC<sub>50</sub> value of 1.07 ?M. Further study showed A6 reduced the transcriptional levels of HOXA9 and MEIS1 genes. Moreover, A6 induced cellular apoptosis, arrested the cell cycle in G0/G1 phase, and reversed the differentiation arrest in a concentration-dependent manner. This study suggested compound A6 was as a novel potent Menin-MLL interaction inhibitor, and it proved that introduction of 4-amino pyrrolo[2,3-d]pyrimidine to occupy the P10 hydrophobic pocket was new idea for design of novel Menin-MLL interaction inhibitors. ",menin MLL inhibitor,1,100
2060447,"Fluorescence Polarization (FP) Assay from US Patent US20240335431: ""1-H-PYRROLO[2,3-c]PYRIDINE COMPOUNDS""",BindingDB_12387_1,BindingDB,BindingDB,Confirmatory,76,77,1,2025/03/10 00:00,2025/03/10 00:00,"Compounds were tested in a biochemical binding assay using Menin protein at 2 nM (N6his-tev-Menin_4i80, PB-20-1459) and the substrate cRho110-Ahx-MBM1/MBM2 peptide (UbiQ, UbiQ-Q20201030; cRh110-Ahx-SCRWRFPARPGTTGGGGGGGRRGLGGAPR-QRVPALLLPPG-NH2) at 1 nM.384 Low volume black plates (Corning #4514) were used. 5 &#956;L/well compound or 3% DMSO was added at 10-fold serial dilutions in DMSO from 10 &#956;M. 5 &#956;L/well cRho110-Ahx-MBM1/MBM2 peptide or binding buffer (50 mM Tris pH 7.5, 50 mM NaCl, 1 mM TCEP, 0.01% BGG, 0.01% Brij-35) was added to all wells. 5 &#956;L/well Menin protein or binding buffer (50 mM Tris pH 7.5, 50 mM NaCl, 1 mM TCEP, 0.01% BGG, 0.01% Brij-35) was added to all wells. Plates were read on an EnVision plate reader (Perkin Elmer) with excitation at 480 nm and emission at 535 nm P+S, and measured every 5 minutes for 180 minutes. ",target_gene:MEN1,1,101
1980333,Inhibition of menin (unknown origin)/MLL (unknown origin) protein-protein interaction by fluorescence polarization assay,CHEMBL5333022,ChEMBL,ChEMBL,Confirmatory,2,2,2,2025/01/02 00:00,2025/01/02 00:00,"Title: Discovery of cysteine-targeting covalent histone methyltransferase inhibitors._||_Abstract: Post-translational methylation of histone lysine or arginine residues by histone methyltransferases (HMTs) plays crucial roles in gene regulation and diverse physiological processes and is implicated in a plethora of human diseases, especially cancer. Therefore, histone methyltransferases have been increasingly recognized as potential therapeutic targets. Consequently, the discovery and development of histone methyltransferase inhibitors have been pursued with steadily increasing interest over the past decade. However, the disadvantages of limited clinical efficacy, moderate selectivity, and propensity for acquired resistance have hindered the development of HMTs inhibitors. Targeted covalent modification represents a proven strategy for kinase drug development and has gained increasing attention in HMTs drug discovery. In this review, we focus on the discovery, characterization, and biological applications of covalent inhibitors for HMTs with emphasis on advancements in the field. In addition, we identify the challenges and future directions in this fast-growing research area of drug discovery. ",target_gene:MEN1,1,102
1980330,Inhibition of human menin/MLL protein-protein interaction by competition based fluorescence polarization assay,CHEMBL5333019,ChEMBL,ChEMBL,Confirmatory,2,2,2,2025/01/02 00:00,2025/01/02 00:00,"Title: Discovery of cysteine-targeting covalent histone methyltransferase inhibitors._||_Abstract: Post-translational methylation of histone lysine or arginine residues by histone methyltransferases (HMTs) plays crucial roles in gene regulation and diverse physiological processes and is implicated in a plethora of human diseases, especially cancer. Therefore, histone methyltransferases have been increasingly recognized as potential therapeutic targets. Consequently, the discovery and development of histone methyltransferase inhibitors have been pursued with steadily increasing interest over the past decade. However, the disadvantages of limited clinical efficacy, moderate selectivity, and propensity for acquired resistance have hindered the development of HMTs inhibitors. Targeted covalent modification represents a proven strategy for kinase drug development and has gained increasing attention in HMTs drug discovery. In this review, we focus on the discovery, characterization, and biological applications of covalent inhibitors for HMTs with emphasis on advancements in the field. In addition, we identify the challenges and future directions in this fast-growing research area of drug discovery. ",target_gene:MEN1,1,103
1964075,"Homogenous Time-Resolved Fluorescence (HTRF) Assay from US Patent US20240261292: ""COMBINATION THERAPIES""",BindingDB_12250_1,BindingDB,BindingDB,Confirmatory,3,3,1,2024/12/11 00:00,2025/02/17 00:00,"To an untreated, white 384-well microtiter plate was added 40 nL 200 test compound in DMSO and 4 uL 2 terbium chelate-labeled menin (vide infra for preparation) in assay buffer (40 mM Tris HCl, pH 7.5, 50 mM NaCl, 1 mM DTT (dithiothreitol) and 0.05% Pluronic F-127). After incubation of test compound and terbium chelate-labeled menin for 30 min at ambient temperature, 4 uL 2 FITC-MBM1 peptide (FITC-beta-alanine-SARWRFPARPGT-NH2) ( FITC means fluorescein isothiocyanate) in assay buffer was added, the microtiter plate centrifuged at 1000 rpm for 1 min and the assay mixtures incubated for 15 min at ambient temperature. The relative amount of menin.FITC-MBM1 complex present in an assay mixture is determined by measuring the homogenous time-resolved fluorescence (HTRF) of the terbium/FITC donor/acceptor fluorophore pair using an EnVision microplate reader (ex. 337 nm/terbium em. 490 nm/FITC em. 520 nm) at ambient temperature. The degree of fluorescence resonance energy transfer (the HTRF value) is expressed as the ratio of the fluorescence emission intensities of the FITC and terbium fluorophores (Fem 520 nm/Fem 490 nm). The final concentrations of reagents in the binding assay are 200 pM terbium chelate-labeled menin, 75 nM FITC-MBM1 peptide and 0.5% DMSO in assay buffer. Dose-response titrations of test compounds are conducted using an 11 point, four-fold serial dilution scheme, starting typically at 10 uM. ",target_gene:MEN1,1,104
1963489,"Determination of Binding Constants to Menin-MLL from US Patent US11919901: ""Inhibitors of the menin-MLL interaction""",BindingDB_11881_2,BindingDB,BindingDB,Confirmatory,253,253,2,2024/06/07 00:00,2024/11/12 00:00,"Table 4: For Ki determination, individual compounds were prepared as 10 mM DMSO stock solutions. Considering DMSO as the vehicle in the assay system. Lower sub-stocks of 16 &#956;M were prepared from the 10 mM stock solution. To test the compounds in assay, 3.16-fold serial dilutions are made in 100% DMSO. Mid-stock of 50  compounds (16 &#956;M) were serially diluted (3.16 fold) in 100% DMSO in Polypropylene plate. In assay plate 1 micro-litre of the previously prepared compound dilution was stamped. H-FL-Menin diluted to 1 nM in assay buffer (50 mM Tris-HCl, pH 7.4, 50 mM NaCL, freshly prepared 1 mM DTT, 0.01% BSA, 0.005% Triton X-100) and pre-incubated with 2 nM anti-His6-Tb for 30 min at room temperature and then 25 &#956;l was dispensed into each well. FITC-MLL-4-43 was diluted to 6.4 nM in assay buffer and 25 &#956;L was dispensed into each well of the assay plate followed by addition of 25 &#956;l of pre-incubated H-FL-Menin and anti-His6-Tb mixture. Final concentration H-FL-Menin diluted to 0.25 nM in assay plate with 0.5 nM anti-His6-Tb and 3.2 nM FITC-MLL-4-43. After 24 hr incubation at room temperature, the HTRF signal was measured on the Spark multi-label plate reader. Resulting data were captured as a ratio of RFU520/RFU485 1000. The max values were obtained from 0% inhibition in presence of 2% DMSO and the min. values were 100% inhibition in presence of 320 nM reference compound. ",target_gene:MEN1,1,105
1963488,"Menin-MLL Competition Assay from US Patent US11919901: ""Inhibitors of the menin-MLL interaction""",BindingDB_11881_1,BindingDB,BindingDB,Confirmatory,51,51,1,2024/06/07 00:00,2024/11/12 00:00,"For IC50 determination test compounds were prepared as 10 mM DMSO stock solutions. Considering DMSO as the vehicle in the assay system. Lower sub-stocks of 50 &#956;M were prepared from the 10 mM stock solution. To test the compounds in assay, 3.16-fold serial dilutions are made in 100% DMSO. Mid-stock of 50  compounds (50 &#956;M) were serially diluted (3.16 fold) in 100% DMSO in Polypropylene plate. In assay plate 1 micro-litre of the previously prepared compound dilution was stamped. H-FL-Menin diluted to 4 nM in assay buffer (50 mM Tris-HCl, pH 7.4, 50 mM NaCl, freshly prepared 1 mM DTT, 0.01% BSA, 0.005% Triton X-100) was pre-incubated with 8 nM anti-His6-Tb for 30 min at room temperature. FITC-MLL-4-43 was diluted to 2 nM in assay buffer and 25 &#956;L was dispensed into each well of the assay plate followed by addition of 25 &#956;l of pre-incubated H-FL-Menin and anti-His6-Tb mixture. Final concentration H-FL-Menin diluted to 1 nM in assay plate with 2 nM anti-His6-Tb and 1 nM FITC-MLL-4-43. After 1 hr incubation at room temperature, the HTRF signal was measured on the Spark multi-label plate reader. Resulting data were captured as a ratio of RFU520/RFU485 1000. The max values were obtained from 0% inhibition in presence of 2% DMSO and the min. values were 100% inhibition in presence of 1 &#956;M reference compound. ",target_gene:MEN1,1,106
1925953,Binding affinity to human Menin,CHEMBL5229037,ChEMBL,ChEMBL,Confirmatory,1,1,1,2024/05/03 00:00,2024/05/03 00:00,"Title: Recent Progress of Small Molecule Menin-MLL Interaction Inhibitors as Therapeutic Agents for Acute Leukemia._||_Abstract: Mixed lineage leukemia (MLL) gene rearrangements are associated with acute leukemia. The protein menin is regarded as a critical oncogenic cofactor of the resulting MLL fusion proteins in acute leukemia. A direct interaction between menin and the MLL amino terminal sequences is necessary for MLL fusion protein-mediated leukemogenesis. Thus, inhibition of the interaction between menin and MLL has emerged as a novel therapeutic strategy. Recent improvements in structural biology and chemical reactivity have promoted the design and development of selective and potent menin-MLL interaction inhibitors. In this Perspective, different classes of menin-MLL interaction inhibitors are comprehensively summarized. Further research potential, challenges, and opportunities in the field are also discussed. ",target_gene:MEN1,1,107
1925952,Inhibition of human Menin to MLL protein-protein interaction,CHEMBL5229036,ChEMBL,ChEMBL,Confirmatory,4,4,2,2024/05/03 00:00,2024/05/03 00:00,"Title: Recent Progress of Small Molecule Menin-MLL Interaction Inhibitors as Therapeutic Agents for Acute Leukemia._||_Abstract: Mixed lineage leukemia (MLL) gene rearrangements are associated with acute leukemia. The protein menin is regarded as a critical oncogenic cofactor of the resulting MLL fusion proteins in acute leukemia. A direct interaction between menin and the MLL amino terminal sequences is necessary for MLL fusion protein-mediated leukemogenesis. Thus, inhibition of the interaction between menin and MLL has emerged as a novel therapeutic strategy. Recent improvements in structural biology and chemical reactivity have promoted the design and development of selective and potent menin-MLL interaction inhibitors. In this Perspective, different classes of menin-MLL interaction inhibitors are comprehensively summarized. Further research potential, challenges, and opportunities in the field are also discussed. ",target_gene:MEN1,1,108
1925950,Inhibition of Menin to MLL (unknown origin) protein-protein interaction,CHEMBL5229034,ChEMBL,ChEMBL,Confirmatory,2,4,2,2024/05/03 00:00,2024/05/03 00:00,"Title: Recent Progress of Small Molecule Menin-MLL Interaction Inhibitors as Therapeutic Agents for Acute Leukemia._||_Abstract: Mixed lineage leukemia (MLL) gene rearrangements are associated with acute leukemia. The protein menin is regarded as a critical oncogenic cofactor of the resulting MLL fusion proteins in acute leukemia. A direct interaction between menin and the MLL amino terminal sequences is necessary for MLL fusion protein-mediated leukemogenesis. Thus, inhibition of the interaction between menin and MLL has emerged as a novel therapeutic strategy. Recent improvements in structural biology and chemical reactivity have promoted the design and development of selective and potent menin-MLL interaction inhibitors. In this Perspective, different classes of menin-MLL interaction inhibitors are comprehensively summarized. Further research potential, challenges, and opportunities in the field are also discussed. ",target_gene:MEN1,1,109
1852582,"Suppression of MEIS1 gene transcription in human MV4-11 cells xenografted in BALB/c nude mouse at 15 mg/kg, iv measured after 24 hrs by RT-PCR analysis",CHEMBL5107304,ChEMBL,ChEMBL,,,1,,2023/06/29 00:00,2026/06/14 00:00,"Title: Discovery of Novel, Potent, and Selective Small-Molecule Menin-Mixed Lineage Leukemia Interaction Inhibitors through Attempting Introduction of Hydrophilic Groups._||_Abstract: Introduction of the <i>N</i>,<i>N</i>-dimethylaminoethoxy group to pyrido[3,2-<i>d</i>]pyrimidine led to the discovery of menin-mixed lineage leukemia (MLL) interaction inhibitor <b>C20</b>. <b>C20</b> showed strong binding affinity to menin protein and achieved sub-micromolar potency in cell growth inhibition. <b>C20</b> had good selectivity for the inhibition of the interaction between menin and MLL in the kinase profile evaluation. Pharmacokinetic studies demonstrated that <b>C20</b> possessed good stability and low clearance rate in liver microsomes and acceptable bioavailability in rats. Subsequent oral administration of <b>C20</b> showed potent antitumor activity in the MV4;11 subcutaneous xenograft models of MLL-rearranged leukemia. The docking study showed that <b>C20</b> bound highly with menin, and the <i>N</i>,<i>N</i>-dimethylaminoethoxy group occupied the F9 pocket of menin. This study proved that introducing a hydrophilic group into the F9 pocket of menin would be a new strategy for the design of menin-MLL interaction inhibitors with potent binding affinity and improved physical properties. ",menin MLL inhibitor,1,110
1852581,"Suppression of HOXA9 gene transcription in human MV4-11 cells xenografted in BALB/c nude mouse at 15 mg/kg, iv measured at 24 hrs by RT-PCR analysis",CHEMBL5107303,ChEMBL,ChEMBL,,,1,,2023/06/29 00:00,2026/06/14 00:00,"Title: Discovery of Novel, Potent, and Selective Small-Molecule Menin-Mixed Lineage Leukemia Interaction Inhibitors through Attempting Introduction of Hydrophilic Groups._||_Abstract: Introduction of the <i>N</i>,<i>N</i>-dimethylaminoethoxy group to pyrido[3,2-<i>d</i>]pyrimidine led to the discovery of menin-mixed lineage leukemia (MLL) interaction inhibitor <b>C20</b>. <b>C20</b> showed strong binding affinity to menin protein and achieved sub-micromolar potency in cell growth inhibition. <b>C20</b> had good selectivity for the inhibition of the interaction between menin and MLL in the kinase profile evaluation. Pharmacokinetic studies demonstrated that <b>C20</b> possessed good stability and low clearance rate in liver microsomes and acceptable bioavailability in rats. Subsequent oral administration of <b>C20</b> showed potent antitumor activity in the MV4;11 subcutaneous xenograft models of MLL-rearranged leukemia. The docking study showed that <b>C20</b> bound highly with menin, and the <i>N</i>,<i>N</i>-dimethylaminoethoxy group occupied the F9 pocket of menin. This study proved that introducing a hydrophilic group into the F9 pocket of menin would be a new strategy for the design of menin-MLL interaction inhibitors with potent binding affinity and improved physical properties. ",menin MLL inhibitor,1,111
1852580,"Antitumor activity against human MV4-11 cells xenografted in BALB/c nude mouse assessed as tumor growth inhibition at 30 mg/kg, po administered every second day for 16 days by calipers analysis",CHEMBL5107302,ChEMBL,ChEMBL,,,1,,2023/06/29 00:00,2023/06/29 00:00,"Title: Discovery of Novel, Potent, and Selective Small-Molecule Menin-Mixed Lineage Leukemia Interaction Inhibitors through Attempting Introduction of Hydrophilic Groups._||_Abstract: Introduction of the <i>N</i>,<i>N</i>-dimethylaminoethoxy group to pyrido[3,2-<i>d</i>]pyrimidine led to the discovery of menin-mixed lineage leukemia (MLL) interaction inhibitor <b>C20</b>. <b>C20</b> showed strong binding affinity to menin protein and achieved sub-micromolar potency in cell growth inhibition. <b>C20</b> had good selectivity for the inhibition of the interaction between menin and MLL in the kinase profile evaluation. Pharmacokinetic studies demonstrated that <b>C20</b> possessed good stability and low clearance rate in liver microsomes and acceptable bioavailability in rats. Subsequent oral administration of <b>C20</b> showed potent antitumor activity in the MV4;11 subcutaneous xenograft models of MLL-rearranged leukemia. The docking study showed that <b>C20</b> bound highly with menin, and the <i>N</i>,<i>N</i>-dimethylaminoethoxy group occupied the F9 pocket of menin. This study proved that introducing a hydrophilic group into the F9 pocket of menin would be a new strategy for the design of menin-MLL interaction inhibitors with potent binding affinity and improved physical properties. ",menin MLL inhibitor,1,112
1852579,"Antitumor activity against human MV4-11 cells xenografted in BALB/c nude mouse assessed as tumor growth inhibition at 6 mg/kg, po administered every second day for 16 days by calipers analysis",CHEMBL5107301,ChEMBL,ChEMBL,,,1,,2023/06/29 00:00,2023/06/29 00:00,"Title: Discovery of Novel, Potent, and Selective Small-Molecule Menin-Mixed Lineage Leukemia Interaction Inhibitors through Attempting Introduction of Hydrophilic Groups._||_Abstract: Introduction of the <i>N</i>,<i>N</i>-dimethylaminoethoxy group to pyrido[3,2-<i>d</i>]pyrimidine led to the discovery of menin-mixed lineage leukemia (MLL) interaction inhibitor <b>C20</b>. <b>C20</b> showed strong binding affinity to menin protein and achieved sub-micromolar potency in cell growth inhibition. <b>C20</b> had good selectivity for the inhibition of the interaction between menin and MLL in the kinase profile evaluation. Pharmacokinetic studies demonstrated that <b>C20</b> possessed good stability and low clearance rate in liver microsomes and acceptable bioavailability in rats. Subsequent oral administration of <b>C20</b> showed potent antitumor activity in the MV4;11 subcutaneous xenograft models of MLL-rearranged leukemia. The docking study showed that <b>C20</b> bound highly with menin, and the <i>N</i>,<i>N</i>-dimethylaminoethoxy group occupied the F9 pocket of menin. This study proved that introducing a hydrophilic group into the F9 pocket of menin would be a new strategy for the design of menin-MLL interaction inhibitors with potent binding affinity and improved physical properties. ",menin MLL inhibitor,1,113
1852578,Oral bioavailability in in Sprague-Dawley rat at 15 mg/kg,CHEMBL5107300,ChEMBL,ChEMBL,,,1,,2023/06/29 00:00,2023/06/29 00:00,"Title: Discovery of Novel, Potent, and Selective Small-Molecule Menin-Mixed Lineage Leukemia Interaction Inhibitors through Attempting Introduction of Hydrophilic Groups._||_Abstract: Introduction of the <i>N</i>,<i>N</i>-dimethylaminoethoxy group to pyrido[3,2-<i>d</i>]pyrimidine led to the discovery of menin-mixed lineage leukemia (MLL) interaction inhibitor <b>C20</b>. <b>C20</b> showed strong binding affinity to menin protein and achieved sub-micromolar potency in cell growth inhibition. <b>C20</b> had good selectivity for the inhibition of the interaction between menin and MLL in the kinase profile evaluation. Pharmacokinetic studies demonstrated that <b>C20</b> possessed good stability and low clearance rate in liver microsomes and acceptable bioavailability in rats. Subsequent oral administration of <b>C20</b> showed potent antitumor activity in the MV4;11 subcutaneous xenograft models of MLL-rearranged leukemia. The docking study showed that <b>C20</b> bound highly with menin, and the <i>N</i>,<i>N</i>-dimethylaminoethoxy group occupied the F9 pocket of menin. This study proved that introducing a hydrophilic group into the F9 pocket of menin would be a new strategy for the design of menin-MLL interaction inhibitors with potent binding affinity and improved physical properties. ",menin MLL inhibitor,1,114
1852577,"Volume of distribution at steady state in Sprague-Dawley rat at 15 mg/kg, po",CHEMBL5107299,ChEMBL,ChEMBL,,,1,,2023/06/29 00:00,2023/06/29 00:00,"Title: Discovery of Novel, Potent, and Selective Small-Molecule Menin-Mixed Lineage Leukemia Interaction Inhibitors through Attempting Introduction of Hydrophilic Groups._||_Abstract: Introduction of the <i>N</i>,<i>N</i>-dimethylaminoethoxy group to pyrido[3,2-<i>d</i>]pyrimidine led to the discovery of menin-mixed lineage leukemia (MLL) interaction inhibitor <b>C20</b>. <b>C20</b> showed strong binding affinity to menin protein and achieved sub-micromolar potency in cell growth inhibition. <b>C20</b> had good selectivity for the inhibition of the interaction between menin and MLL in the kinase profile evaluation. Pharmacokinetic studies demonstrated that <b>C20</b> possessed good stability and low clearance rate in liver microsomes and acceptable bioavailability in rats. Subsequent oral administration of <b>C20</b> showed potent antitumor activity in the MV4;11 subcutaneous xenograft models of MLL-rearranged leukemia. The docking study showed that <b>C20</b> bound highly with menin, and the <i>N</i>,<i>N</i>-dimethylaminoethoxy group occupied the F9 pocket of menin. This study proved that introducing a hydrophilic group into the F9 pocket of menin would be a new strategy for the design of menin-MLL interaction inhibitors with potent binding affinity and improved physical properties. ",menin MLL inhibitor,1,115
1852576,"Volume of distribution at steady state in Sprague-Dawley rat at 5 mg/kg, iv",CHEMBL5107298,ChEMBL,ChEMBL,,,1,,2023/06/29 00:00,2023/06/29 00:00,"Title: Discovery of Novel, Potent, and Selective Small-Molecule Menin-Mixed Lineage Leukemia Interaction Inhibitors through Attempting Introduction of Hydrophilic Groups._||_Abstract: Introduction of the <i>N</i>,<i>N</i>-dimethylaminoethoxy group to pyrido[3,2-<i>d</i>]pyrimidine led to the discovery of menin-mixed lineage leukemia (MLL) interaction inhibitor <b>C20</b>. <b>C20</b> showed strong binding affinity to menin protein and achieved sub-micromolar potency in cell growth inhibition. <b>C20</b> had good selectivity for the inhibition of the interaction between menin and MLL in the kinase profile evaluation. Pharmacokinetic studies demonstrated that <b>C20</b> possessed good stability and low clearance rate in liver microsomes and acceptable bioavailability in rats. Subsequent oral administration of <b>C20</b> showed potent antitumor activity in the MV4;11 subcutaneous xenograft models of MLL-rearranged leukemia. The docking study showed that <b>C20</b> bound highly with menin, and the <i>N</i>,<i>N</i>-dimethylaminoethoxy group occupied the F9 pocket of menin. This study proved that introducing a hydrophilic group into the F9 pocket of menin would be a new strategy for the design of menin-MLL interaction inhibitors with potent binding affinity and improved physical properties. ",menin MLL inhibitor,1,116
1852575,"Total clearance in Sprague-Dawley rat at 15 mg/kg, po",CHEMBL5107297,ChEMBL,ChEMBL,,,1,,2023/06/29 00:00,2023/06/29 00:00,"Title: Discovery of Novel, Potent, and Selective Small-Molecule Menin-Mixed Lineage Leukemia Interaction Inhibitors through Attempting Introduction of Hydrophilic Groups._||_Abstract: Introduction of the <i>N</i>,<i>N</i>-dimethylaminoethoxy group to pyrido[3,2-<i>d</i>]pyrimidine led to the discovery of menin-mixed lineage leukemia (MLL) interaction inhibitor <b>C20</b>. <b>C20</b> showed strong binding affinity to menin protein and achieved sub-micromolar potency in cell growth inhibition. <b>C20</b> had good selectivity for the inhibition of the interaction between menin and MLL in the kinase profile evaluation. Pharmacokinetic studies demonstrated that <b>C20</b> possessed good stability and low clearance rate in liver microsomes and acceptable bioavailability in rats. Subsequent oral administration of <b>C20</b> showed potent antitumor activity in the MV4;11 subcutaneous xenograft models of MLL-rearranged leukemia. The docking study showed that <b>C20</b> bound highly with menin, and the <i>N</i>,<i>N</i>-dimethylaminoethoxy group occupied the F9 pocket of menin. This study proved that introducing a hydrophilic group into the F9 pocket of menin would be a new strategy for the design of menin-MLL interaction inhibitors with potent binding affinity and improved physical properties. ",menin MLL inhibitor,1,117
1852574,"Total clearance in Sprague-Dawley rat at 5 mg/kg, iv",CHEMBL5107296,ChEMBL,ChEMBL,,,1,,2023/06/29 00:00,2023/06/29 00:00,"Title: Discovery of Novel, Potent, and Selective Small-Molecule Menin-Mixed Lineage Leukemia Interaction Inhibitors through Attempting Introduction of Hydrophilic Groups._||_Abstract: Introduction of the <i>N</i>,<i>N</i>-dimethylaminoethoxy group to pyrido[3,2-<i>d</i>]pyrimidine led to the discovery of menin-mixed lineage leukemia (MLL) interaction inhibitor <b>C20</b>. <b>C20</b> showed strong binding affinity to menin protein and achieved sub-micromolar potency in cell growth inhibition. <b>C20</b> had good selectivity for the inhibition of the interaction between menin and MLL in the kinase profile evaluation. Pharmacokinetic studies demonstrated that <b>C20</b> possessed good stability and low clearance rate in liver microsomes and acceptable bioavailability in rats. Subsequent oral administration of <b>C20</b> showed potent antitumor activity in the MV4;11 subcutaneous xenograft models of MLL-rearranged leukemia. The docking study showed that <b>C20</b> bound highly with menin, and the <i>N</i>,<i>N</i>-dimethylaminoethoxy group occupied the F9 pocket of menin. This study proved that introducing a hydrophilic group into the F9 pocket of menin would be a new strategy for the design of menin-MLL interaction inhibitors with potent binding affinity and improved physical properties. ",menin MLL inhibitor,1,118
1852573,"AUC (0 to infinity) in Sprague-Dawley rat at 15 mg/kg, po",CHEMBL5107295,ChEMBL,ChEMBL,,,1,,2023/06/29 00:00,2023/06/29 00:00,"Title: Discovery of Novel, Potent, and Selective Small-Molecule Menin-Mixed Lineage Leukemia Interaction Inhibitors through Attempting Introduction of Hydrophilic Groups._||_Abstract: Introduction of the <i>N</i>,<i>N</i>-dimethylaminoethoxy group to pyrido[3,2-<i>d</i>]pyrimidine led to the discovery of menin-mixed lineage leukemia (MLL) interaction inhibitor <b>C20</b>. <b>C20</b> showed strong binding affinity to menin protein and achieved sub-micromolar potency in cell growth inhibition. <b>C20</b> had good selectivity for the inhibition of the interaction between menin and MLL in the kinase profile evaluation. Pharmacokinetic studies demonstrated that <b>C20</b> possessed good stability and low clearance rate in liver microsomes and acceptable bioavailability in rats. Subsequent oral administration of <b>C20</b> showed potent antitumor activity in the MV4;11 subcutaneous xenograft models of MLL-rearranged leukemia. The docking study showed that <b>C20</b> bound highly with menin, and the <i>N</i>,<i>N</i>-dimethylaminoethoxy group occupied the F9 pocket of menin. This study proved that introducing a hydrophilic group into the F9 pocket of menin would be a new strategy for the design of menin-MLL interaction inhibitors with potent binding affinity and improved physical properties. ",menin MLL inhibitor,1,119
1852572,"AUC (0 to infinity) in Sprague-Dawley rat at 5 mg/kg, iv",CHEMBL5107294,ChEMBL,ChEMBL,,,1,,2023/06/29 00:00,2023/06/29 00:00,"Title: Discovery of Novel, Potent, and Selective Small-Molecule Menin-Mixed Lineage Leukemia Interaction Inhibitors through Attempting Introduction of Hydrophilic Groups._||_Abstract: Introduction of the <i>N</i>,<i>N</i>-dimethylaminoethoxy group to pyrido[3,2-<i>d</i>]pyrimidine led to the discovery of menin-mixed lineage leukemia (MLL) interaction inhibitor <b>C20</b>. <b>C20</b> showed strong binding affinity to menin protein and achieved sub-micromolar potency in cell growth inhibition. <b>C20</b> had good selectivity for the inhibition of the interaction between menin and MLL in the kinase profile evaluation. Pharmacokinetic studies demonstrated that <b>C20</b> possessed good stability and low clearance rate in liver microsomes and acceptable bioavailability in rats. Subsequent oral administration of <b>C20</b> showed potent antitumor activity in the MV4;11 subcutaneous xenograft models of MLL-rearranged leukemia. The docking study showed that <b>C20</b> bound highly with menin, and the <i>N</i>,<i>N</i>-dimethylaminoethoxy group occupied the F9 pocket of menin. This study proved that introducing a hydrophilic group into the F9 pocket of menin would be a new strategy for the design of menin-MLL interaction inhibitors with potent binding affinity and improved physical properties. ",menin MLL inhibitor,1,120
1852571,"AUC (0 to t) in Sprague-Dawley rat at 15 mg/kg, po",CHEMBL5107293,ChEMBL,ChEMBL,,,1,,2023/06/29 00:00,2023/06/29 00:00,"Title: Discovery of Novel, Potent, and Selective Small-Molecule Menin-Mixed Lineage Leukemia Interaction Inhibitors through Attempting Introduction of Hydrophilic Groups._||_Abstract: Introduction of the <i>N</i>,<i>N</i>-dimethylaminoethoxy group to pyrido[3,2-<i>d</i>]pyrimidine led to the discovery of menin-mixed lineage leukemia (MLL) interaction inhibitor <b>C20</b>. <b>C20</b> showed strong binding affinity to menin protein and achieved sub-micromolar potency in cell growth inhibition. <b>C20</b> had good selectivity for the inhibition of the interaction between menin and MLL in the kinase profile evaluation. Pharmacokinetic studies demonstrated that <b>C20</b> possessed good stability and low clearance rate in liver microsomes and acceptable bioavailability in rats. Subsequent oral administration of <b>C20</b> showed potent antitumor activity in the MV4;11 subcutaneous xenograft models of MLL-rearranged leukemia. The docking study showed that <b>C20</b> bound highly with menin, and the <i>N</i>,<i>N</i>-dimethylaminoethoxy group occupied the F9 pocket of menin. This study proved that introducing a hydrophilic group into the F9 pocket of menin would be a new strategy for the design of menin-MLL interaction inhibitors with potent binding affinity and improved physical properties. ",menin MLL inhibitor,1,121
1852570,"AUC (0 to t) in Sprague-Dawley rat at 5 mg/kg, iv",CHEMBL5107292,ChEMBL,ChEMBL,,,1,,2023/06/29 00:00,2023/06/29 00:00,"Title: Discovery of Novel, Potent, and Selective Small-Molecule Menin-Mixed Lineage Leukemia Interaction Inhibitors through Attempting Introduction of Hydrophilic Groups._||_Abstract: Introduction of the <i>N</i>,<i>N</i>-dimethylaminoethoxy group to pyrido[3,2-<i>d</i>]pyrimidine led to the discovery of menin-mixed lineage leukemia (MLL) interaction inhibitor <b>C20</b>. <b>C20</b> showed strong binding affinity to menin protein and achieved sub-micromolar potency in cell growth inhibition. <b>C20</b> had good selectivity for the inhibition of the interaction between menin and MLL in the kinase profile evaluation. Pharmacokinetic studies demonstrated that <b>C20</b> possessed good stability and low clearance rate in liver microsomes and acceptable bioavailability in rats. Subsequent oral administration of <b>C20</b> showed potent antitumor activity in the MV4;11 subcutaneous xenograft models of MLL-rearranged leukemia. The docking study showed that <b>C20</b> bound highly with menin, and the <i>N</i>,<i>N</i>-dimethylaminoethoxy group occupied the F9 pocket of menin. This study proved that introducing a hydrophilic group into the F9 pocket of menin would be a new strategy for the design of menin-MLL interaction inhibitors with potent binding affinity and improved physical properties. ",menin MLL inhibitor,1,122
1852569,"Cmax in Sprague-Dawley rat at 15 mg/kg, po",CHEMBL5107291,ChEMBL,ChEMBL,Confirmatory,1,1,,2023/06/29 00:00,2023/06/29 00:00,"Title: Discovery of Novel, Potent, and Selective Small-Molecule Menin-Mixed Lineage Leukemia Interaction Inhibitors through Attempting Introduction of Hydrophilic Groups._||_Abstract: Introduction of the <i>N</i>,<i>N</i>-dimethylaminoethoxy group to pyrido[3,2-<i>d</i>]pyrimidine led to the discovery of menin-mixed lineage leukemia (MLL) interaction inhibitor <b>C20</b>. <b>C20</b> showed strong binding affinity to menin protein and achieved sub-micromolar potency in cell growth inhibition. <b>C20</b> had good selectivity for the inhibition of the interaction between menin and MLL in the kinase profile evaluation. Pharmacokinetic studies demonstrated that <b>C20</b> possessed good stability and low clearance rate in liver microsomes and acceptable bioavailability in rats. Subsequent oral administration of <b>C20</b> showed potent antitumor activity in the MV4;11 subcutaneous xenograft models of MLL-rearranged leukemia. The docking study showed that <b>C20</b> bound highly with menin, and the <i>N</i>,<i>N</i>-dimethylaminoethoxy group occupied the F9 pocket of menin. This study proved that introducing a hydrophilic group into the F9 pocket of menin would be a new strategy for the design of menin-MLL interaction inhibitors with potent binding affinity and improved physical properties. ",menin MLL inhibitor,1,123
1852568,"Cmax in Sprague-Dawley rat at 5 mg/kg, iv",CHEMBL5107290,ChEMBL,ChEMBL,Confirmatory,1,1,,2023/06/29 00:00,2023/06/29 00:00,"Title: Discovery of Novel, Potent, and Selective Small-Molecule Menin-Mixed Lineage Leukemia Interaction Inhibitors through Attempting Introduction of Hydrophilic Groups._||_Abstract: Introduction of the <i>N</i>,<i>N</i>-dimethylaminoethoxy group to pyrido[3,2-<i>d</i>]pyrimidine led to the discovery of menin-mixed lineage leukemia (MLL) interaction inhibitor <b>C20</b>. <b>C20</b> showed strong binding affinity to menin protein and achieved sub-micromolar potency in cell growth inhibition. <b>C20</b> had good selectivity for the inhibition of the interaction between menin and MLL in the kinase profile evaluation. Pharmacokinetic studies demonstrated that <b>C20</b> possessed good stability and low clearance rate in liver microsomes and acceptable bioavailability in rats. Subsequent oral administration of <b>C20</b> showed potent antitumor activity in the MV4;11 subcutaneous xenograft models of MLL-rearranged leukemia. The docking study showed that <b>C20</b> bound highly with menin, and the <i>N</i>,<i>N</i>-dimethylaminoethoxy group occupied the F9 pocket of menin. This study proved that introducing a hydrophilic group into the F9 pocket of menin would be a new strategy for the design of menin-MLL interaction inhibitors with potent binding affinity and improved physical properties. ",menin MLL inhibitor,1,124
1852567,"MRT in Sprague-Dawley rat at 15 mg/kg, po",CHEMBL5107289,ChEMBL,ChEMBL,,,1,,2023/06/29 00:00,2023/06/29 00:00,"Title: Discovery of Novel, Potent, and Selective Small-Molecule Menin-Mixed Lineage Leukemia Interaction Inhibitors through Attempting Introduction of Hydrophilic Groups._||_Abstract: Introduction of the <i>N</i>,<i>N</i>-dimethylaminoethoxy group to pyrido[3,2-<i>d</i>]pyrimidine led to the discovery of menin-mixed lineage leukemia (MLL) interaction inhibitor <b>C20</b>. <b>C20</b> showed strong binding affinity to menin protein and achieved sub-micromolar potency in cell growth inhibition. <b>C20</b> had good selectivity for the inhibition of the interaction between menin and MLL in the kinase profile evaluation. Pharmacokinetic studies demonstrated that <b>C20</b> possessed good stability and low clearance rate in liver microsomes and acceptable bioavailability in rats. Subsequent oral administration of <b>C20</b> showed potent antitumor activity in the MV4;11 subcutaneous xenograft models of MLL-rearranged leukemia. The docking study showed that <b>C20</b> bound highly with menin, and the <i>N</i>,<i>N</i>-dimethylaminoethoxy group occupied the F9 pocket of menin. This study proved that introducing a hydrophilic group into the F9 pocket of menin would be a new strategy for the design of menin-MLL interaction inhibitors with potent binding affinity and improved physical properties. ",menin MLL inhibitor,1,125
1852566,"MRT in Sprague-Dawley rat at 5 mg/kg, iv",CHEMBL5107288,ChEMBL,ChEMBL,,,1,,2023/06/29 00:00,2023/06/29 00:00,"Title: Discovery of Novel, Potent, and Selective Small-Molecule Menin-Mixed Lineage Leukemia Interaction Inhibitors through Attempting Introduction of Hydrophilic Groups._||_Abstract: Introduction of the <i>N</i>,<i>N</i>-dimethylaminoethoxy group to pyrido[3,2-<i>d</i>]pyrimidine led to the discovery of menin-mixed lineage leukemia (MLL) interaction inhibitor <b>C20</b>. <b>C20</b> showed strong binding affinity to menin protein and achieved sub-micromolar potency in cell growth inhibition. <b>C20</b> had good selectivity for the inhibition of the interaction between menin and MLL in the kinase profile evaluation. Pharmacokinetic studies demonstrated that <b>C20</b> possessed good stability and low clearance rate in liver microsomes and acceptable bioavailability in rats. Subsequent oral administration of <b>C20</b> showed potent antitumor activity in the MV4;11 subcutaneous xenograft models of MLL-rearranged leukemia. The docking study showed that <b>C20</b> bound highly with menin, and the <i>N</i>,<i>N</i>-dimethylaminoethoxy group occupied the F9 pocket of menin. This study proved that introducing a hydrophilic group into the F9 pocket of menin would be a new strategy for the design of menin-MLL interaction inhibitors with potent binding affinity and improved physical properties. ",menin MLL inhibitor,1,126
1852565,"Half life in Sprague-Dawley rat at 15 mg/kg, po",CHEMBL5107287,ChEMBL,ChEMBL,,,1,,2023/06/29 00:00,2023/06/29 00:00,"Title: Discovery of Novel, Potent, and Selective Small-Molecule Menin-Mixed Lineage Leukemia Interaction Inhibitors through Attempting Introduction of Hydrophilic Groups._||_Abstract: Introduction of the <i>N</i>,<i>N</i>-dimethylaminoethoxy group to pyrido[3,2-<i>d</i>]pyrimidine led to the discovery of menin-mixed lineage leukemia (MLL) interaction inhibitor <b>C20</b>. <b>C20</b> showed strong binding affinity to menin protein and achieved sub-micromolar potency in cell growth inhibition. <b>C20</b> had good selectivity for the inhibition of the interaction between menin and MLL in the kinase profile evaluation. Pharmacokinetic studies demonstrated that <b>C20</b> possessed good stability and low clearance rate in liver microsomes and acceptable bioavailability in rats. Subsequent oral administration of <b>C20</b> showed potent antitumor activity in the MV4;11 subcutaneous xenograft models of MLL-rearranged leukemia. The docking study showed that <b>C20</b> bound highly with menin, and the <i>N</i>,<i>N</i>-dimethylaminoethoxy group occupied the F9 pocket of menin. This study proved that introducing a hydrophilic group into the F9 pocket of menin would be a new strategy for the design of menin-MLL interaction inhibitors with potent binding affinity and improved physical properties. ",menin MLL inhibitor,1,127
1852564,"Half life in Sprague-Dawley rat at 5 mg/kg, iv",CHEMBL5107286,ChEMBL,ChEMBL,,,1,,2023/06/29 00:00,2023/06/29 00:00,"Title: Discovery of Novel, Potent, and Selective Small-Molecule Menin-Mixed Lineage Leukemia Interaction Inhibitors through Attempting Introduction of Hydrophilic Groups._||_Abstract: Introduction of the <i>N</i>,<i>N</i>-dimethylaminoethoxy group to pyrido[3,2-<i>d</i>]pyrimidine led to the discovery of menin-mixed lineage leukemia (MLL) interaction inhibitor <b>C20</b>. <b>C20</b> showed strong binding affinity to menin protein and achieved sub-micromolar potency in cell growth inhibition. <b>C20</b> had good selectivity for the inhibition of the interaction between menin and MLL in the kinase profile evaluation. Pharmacokinetic studies demonstrated that <b>C20</b> possessed good stability and low clearance rate in liver microsomes and acceptable bioavailability in rats. Subsequent oral administration of <b>C20</b> showed potent antitumor activity in the MV4;11 subcutaneous xenograft models of MLL-rearranged leukemia. The docking study showed that <b>C20</b> bound highly with menin, and the <i>N</i>,<i>N</i>-dimethylaminoethoxy group occupied the F9 pocket of menin. This study proved that introducing a hydrophilic group into the F9 pocket of menin would be a new strategy for the design of menin-MLL interaction inhibitors with potent binding affinity and improved physical properties. ",menin MLL inhibitor,1,128
1852563,"Tmax in Sprague-Dawley rat at 15 mg/kg, po",CHEMBL5107285,ChEMBL,ChEMBL,,,1,,2023/06/29 00:00,2023/06/29 00:00,"Title: Discovery of Novel, Potent, and Selective Small-Molecule Menin-Mixed Lineage Leukemia Interaction Inhibitors through Attempting Introduction of Hydrophilic Groups._||_Abstract: Introduction of the <i>N</i>,<i>N</i>-dimethylaminoethoxy group to pyrido[3,2-<i>d</i>]pyrimidine led to the discovery of menin-mixed lineage leukemia (MLL) interaction inhibitor <b>C20</b>. <b>C20</b> showed strong binding affinity to menin protein and achieved sub-micromolar potency in cell growth inhibition. <b>C20</b> had good selectivity for the inhibition of the interaction between menin and MLL in the kinase profile evaluation. Pharmacokinetic studies demonstrated that <b>C20</b> possessed good stability and low clearance rate in liver microsomes and acceptable bioavailability in rats. Subsequent oral administration of <b>C20</b> showed potent antitumor activity in the MV4;11 subcutaneous xenograft models of MLL-rearranged leukemia. The docking study showed that <b>C20</b> bound highly with menin, and the <i>N</i>,<i>N</i>-dimethylaminoethoxy group occupied the F9 pocket of menin. This study proved that introducing a hydrophilic group into the F9 pocket of menin would be a new strategy for the design of menin-MLL interaction inhibitors with potent binding affinity and improved physical properties. ",menin MLL inhibitor,1,129
1852562,Metabolic stability in human liver assessed as intrinsic clearance measured upto 60 min by UPLC-MS/MS analysis,CHEMBL5107284,ChEMBL,ChEMBL,,,1,,2023/06/29 00:00,2023/06/29 00:00,"Title: Discovery of Novel, Potent, and Selective Small-Molecule Menin-Mixed Lineage Leukemia Interaction Inhibitors through Attempting Introduction of Hydrophilic Groups._||_Abstract: Introduction of the <i>N</i>,<i>N</i>-dimethylaminoethoxy group to pyrido[3,2-<i>d</i>]pyrimidine led to the discovery of menin-mixed lineage leukemia (MLL) interaction inhibitor <b>C20</b>. <b>C20</b> showed strong binding affinity to menin protein and achieved sub-micromolar potency in cell growth inhibition. <b>C20</b> had good selectivity for the inhibition of the interaction between menin and MLL in the kinase profile evaluation. Pharmacokinetic studies demonstrated that <b>C20</b> possessed good stability and low clearance rate in liver microsomes and acceptable bioavailability in rats. Subsequent oral administration of <b>C20</b> showed potent antitumor activity in the MV4;11 subcutaneous xenograft models of MLL-rearranged leukemia. The docking study showed that <b>C20</b> bound highly with menin, and the <i>N</i>,<i>N</i>-dimethylaminoethoxy group occupied the F9 pocket of menin. This study proved that introducing a hydrophilic group into the F9 pocket of menin would be a new strategy for the design of menin-MLL interaction inhibitors with potent binding affinity and improved physical properties. ",menin MLL inhibitor,1,130
1852561,Metabolic stability in Crab eating monkey liver assessed as intrinsic clearance measured upto 60 min by UPLC-MS/MS analysis,CHEMBL5107283,ChEMBL,ChEMBL,,,1,,2023/06/29 00:00,2023/06/29 00:00,"Title: Discovery of Novel, Potent, and Selective Small-Molecule Menin-Mixed Lineage Leukemia Interaction Inhibitors through Attempting Introduction of Hydrophilic Groups._||_Abstract: Introduction of the <i>N</i>,<i>N</i>-dimethylaminoethoxy group to pyrido[3,2-<i>d</i>]pyrimidine led to the discovery of menin-mixed lineage leukemia (MLL) interaction inhibitor <b>C20</b>. <b>C20</b> showed strong binding affinity to menin protein and achieved sub-micromolar potency in cell growth inhibition. <b>C20</b> had good selectivity for the inhibition of the interaction between menin and MLL in the kinase profile evaluation. Pharmacokinetic studies demonstrated that <b>C20</b> possessed good stability and low clearance rate in liver microsomes and acceptable bioavailability in rats. Subsequent oral administration of <b>C20</b> showed potent antitumor activity in the MV4;11 subcutaneous xenograft models of MLL-rearranged leukemia. The docking study showed that <b>C20</b> bound highly with menin, and the <i>N</i>,<i>N</i>-dimethylaminoethoxy group occupied the F9 pocket of menin. This study proved that introducing a hydrophilic group into the F9 pocket of menin would be a new strategy for the design of menin-MLL interaction inhibitors with potent binding affinity and improved physical properties. ",menin MLL inhibitor,1,131
1852560,Metabolic stability in Beagle dog liver assessed as intrinsic clearance measured upto 60 min by UPLC-MS/MS analysis,CHEMBL5107282,ChEMBL,ChEMBL,,,1,,2023/06/29 00:00,2023/06/29 00:00,"Title: Discovery of Novel, Potent, and Selective Small-Molecule Menin-Mixed Lineage Leukemia Interaction Inhibitors through Attempting Introduction of Hydrophilic Groups._||_Abstract: Introduction of the <i>N</i>,<i>N</i>-dimethylaminoethoxy group to pyrido[3,2-<i>d</i>]pyrimidine led to the discovery of menin-mixed lineage leukemia (MLL) interaction inhibitor <b>C20</b>. <b>C20</b> showed strong binding affinity to menin protein and achieved sub-micromolar potency in cell growth inhibition. <b>C20</b> had good selectivity for the inhibition of the interaction between menin and MLL in the kinase profile evaluation. Pharmacokinetic studies demonstrated that <b>C20</b> possessed good stability and low clearance rate in liver microsomes and acceptable bioavailability in rats. Subsequent oral administration of <b>C20</b> showed potent antitumor activity in the MV4;11 subcutaneous xenograft models of MLL-rearranged leukemia. The docking study showed that <b>C20</b> bound highly with menin, and the <i>N</i>,<i>N</i>-dimethylaminoethoxy group occupied the F9 pocket of menin. This study proved that introducing a hydrophilic group into the F9 pocket of menin would be a new strategy for the design of menin-MLL interaction inhibitors with potent binding affinity and improved physical properties. ",menin MLL inhibitor,1,132
1852559,Metabolic stability in Sprague-Dawley rat liver assessed as intrinsic clearance measured upto 60 min by UPLC-MS/MS analysis,CHEMBL5107281,ChEMBL,ChEMBL,,,1,,2023/06/29 00:00,2023/06/29 00:00,"Title: Discovery of Novel, Potent, and Selective Small-Molecule Menin-Mixed Lineage Leukemia Interaction Inhibitors through Attempting Introduction of Hydrophilic Groups._||_Abstract: Introduction of the <i>N</i>,<i>N</i>-dimethylaminoethoxy group to pyrido[3,2-<i>d</i>]pyrimidine led to the discovery of menin-mixed lineage leukemia (MLL) interaction inhibitor <b>C20</b>. <b>C20</b> showed strong binding affinity to menin protein and achieved sub-micromolar potency in cell growth inhibition. <b>C20</b> had good selectivity for the inhibition of the interaction between menin and MLL in the kinase profile evaluation. Pharmacokinetic studies demonstrated that <b>C20</b> possessed good stability and low clearance rate in liver microsomes and acceptable bioavailability in rats. Subsequent oral administration of <b>C20</b> showed potent antitumor activity in the MV4;11 subcutaneous xenograft models of MLL-rearranged leukemia. The docking study showed that <b>C20</b> bound highly with menin, and the <i>N</i>,<i>N</i>-dimethylaminoethoxy group occupied the F9 pocket of menin. This study proved that introducing a hydrophilic group into the F9 pocket of menin would be a new strategy for the design of menin-MLL interaction inhibitors with potent binding affinity and improved physical properties. ",menin MLL inhibitor,1,133
1852558,Metabolic stability in CD-1 mouse liver assessed as intrinsic clearance measured upto 60 min by UPLC-MS/MS analysis,CHEMBL5107280,ChEMBL,ChEMBL,,,1,,2023/06/29 00:00,2023/06/29 00:00,"Title: Discovery of Novel, Potent, and Selective Small-Molecule Menin-Mixed Lineage Leukemia Interaction Inhibitors through Attempting Introduction of Hydrophilic Groups._||_Abstract: Introduction of the <i>N</i>,<i>N</i>-dimethylaminoethoxy group to pyrido[3,2-<i>d</i>]pyrimidine led to the discovery of menin-mixed lineage leukemia (MLL) interaction inhibitor <b>C20</b>. <b>C20</b> showed strong binding affinity to menin protein and achieved sub-micromolar potency in cell growth inhibition. <b>C20</b> had good selectivity for the inhibition of the interaction between menin and MLL in the kinase profile evaluation. Pharmacokinetic studies demonstrated that <b>C20</b> possessed good stability and low clearance rate in liver microsomes and acceptable bioavailability in rats. Subsequent oral administration of <b>C20</b> showed potent antitumor activity in the MV4;11 subcutaneous xenograft models of MLL-rearranged leukemia. The docking study showed that <b>C20</b> bound highly with menin, and the <i>N</i>,<i>N</i>-dimethylaminoethoxy group occupied the F9 pocket of menin. This study proved that introducing a hydrophilic group into the F9 pocket of menin would be a new strategy for the design of menin-MLL interaction inhibitors with potent binding affinity and improved physical properties. ",menin MLL inhibitor,1,134
1852557,Metabolic stability in human liver microsome assessed as intrinsic clearance measured upto 60 min by UPLC-MS/MS analysis,CHEMBL5107279,ChEMBL,ChEMBL,,,1,,2023/06/29 00:00,2023/06/29 00:00,"Title: Discovery of Novel, Potent, and Selective Small-Molecule Menin-Mixed Lineage Leukemia Interaction Inhibitors through Attempting Introduction of Hydrophilic Groups._||_Abstract: Introduction of the <i>N</i>,<i>N</i>-dimethylaminoethoxy group to pyrido[3,2-<i>d</i>]pyrimidine led to the discovery of menin-mixed lineage leukemia (MLL) interaction inhibitor <b>C20</b>. <b>C20</b> showed strong binding affinity to menin protein and achieved sub-micromolar potency in cell growth inhibition. <b>C20</b> had good selectivity for the inhibition of the interaction between menin and MLL in the kinase profile evaluation. Pharmacokinetic studies demonstrated that <b>C20</b> possessed good stability and low clearance rate in liver microsomes and acceptable bioavailability in rats. Subsequent oral administration of <b>C20</b> showed potent antitumor activity in the MV4;11 subcutaneous xenograft models of MLL-rearranged leukemia. The docking study showed that <b>C20</b> bound highly with menin, and the <i>N</i>,<i>N</i>-dimethylaminoethoxy group occupied the F9 pocket of menin. This study proved that introducing a hydrophilic group into the F9 pocket of menin would be a new strategy for the design of menin-MLL interaction inhibitors with potent binding affinity and improved physical properties. ",menin MLL inhibitor,1,135
1852556,Metabolic stability in Crab eating monkey liver microsome assessed as intrinsic clearance measured upto 60 min by UPLC-MS/MS analysis,CHEMBL5107278,ChEMBL,ChEMBL,,,1,,2023/06/29 00:00,2023/06/29 00:00,"Title: Discovery of Novel, Potent, and Selective Small-Molecule Menin-Mixed Lineage Leukemia Interaction Inhibitors through Attempting Introduction of Hydrophilic Groups._||_Abstract: Introduction of the <i>N</i>,<i>N</i>-dimethylaminoethoxy group to pyrido[3,2-<i>d</i>]pyrimidine led to the discovery of menin-mixed lineage leukemia (MLL) interaction inhibitor <b>C20</b>. <b>C20</b> showed strong binding affinity to menin protein and achieved sub-micromolar potency in cell growth inhibition. <b>C20</b> had good selectivity for the inhibition of the interaction between menin and MLL in the kinase profile evaluation. Pharmacokinetic studies demonstrated that <b>C20</b> possessed good stability and low clearance rate in liver microsomes and acceptable bioavailability in rats. Subsequent oral administration of <b>C20</b> showed potent antitumor activity in the MV4;11 subcutaneous xenograft models of MLL-rearranged leukemia. The docking study showed that <b>C20</b> bound highly with menin, and the <i>N</i>,<i>N</i>-dimethylaminoethoxy group occupied the F9 pocket of menin. This study proved that introducing a hydrophilic group into the F9 pocket of menin would be a new strategy for the design of menin-MLL interaction inhibitors with potent binding affinity and improved physical properties. ",menin MLL inhibitor,1,136
1852555,Metabolic stability in Beagle dog liver microsome assessed as intrinsic clearance measured upto 60 min by UPLC-MS/MS analysis,CHEMBL5107277,ChEMBL,ChEMBL,,,1,,2023/06/29 00:00,2023/06/29 00:00,"Title: Discovery of Novel, Potent, and Selective Small-Molecule Menin-Mixed Lineage Leukemia Interaction Inhibitors through Attempting Introduction of Hydrophilic Groups._||_Abstract: Introduction of the <i>N</i>,<i>N</i>-dimethylaminoethoxy group to pyrido[3,2-<i>d</i>]pyrimidine led to the discovery of menin-mixed lineage leukemia (MLL) interaction inhibitor <b>C20</b>. <b>C20</b> showed strong binding affinity to menin protein and achieved sub-micromolar potency in cell growth inhibition. <b>C20</b> had good selectivity for the inhibition of the interaction between menin and MLL in the kinase profile evaluation. Pharmacokinetic studies demonstrated that <b>C20</b> possessed good stability and low clearance rate in liver microsomes and acceptable bioavailability in rats. Subsequent oral administration of <b>C20</b> showed potent antitumor activity in the MV4;11 subcutaneous xenograft models of MLL-rearranged leukemia. The docking study showed that <b>C20</b> bound highly with menin, and the <i>N</i>,<i>N</i>-dimethylaminoethoxy group occupied the F9 pocket of menin. This study proved that introducing a hydrophilic group into the F9 pocket of menin would be a new strategy for the design of menin-MLL interaction inhibitors with potent binding affinity and improved physical properties. ",menin MLL inhibitor,1,137
1852554,Metabolic stability in Sprague-Dawley rat liver microsome assessed as intrinsic clearance measured upto 60 min by UPLC-MS/MS analysis,CHEMBL5107276,ChEMBL,ChEMBL,,,1,,2023/06/29 00:00,2023/06/29 00:00,"Title: Discovery of Novel, Potent, and Selective Small-Molecule Menin-Mixed Lineage Leukemia Interaction Inhibitors through Attempting Introduction of Hydrophilic Groups._||_Abstract: Introduction of the <i>N</i>,<i>N</i>-dimethylaminoethoxy group to pyrido[3,2-<i>d</i>]pyrimidine led to the discovery of menin-mixed lineage leukemia (MLL) interaction inhibitor <b>C20</b>. <b>C20</b> showed strong binding affinity to menin protein and achieved sub-micromolar potency in cell growth inhibition. <b>C20</b> had good selectivity for the inhibition of the interaction between menin and MLL in the kinase profile evaluation. Pharmacokinetic studies demonstrated that <b>C20</b> possessed good stability and low clearance rate in liver microsomes and acceptable bioavailability in rats. Subsequent oral administration of <b>C20</b> showed potent antitumor activity in the MV4;11 subcutaneous xenograft models of MLL-rearranged leukemia. The docking study showed that <b>C20</b> bound highly with menin, and the <i>N</i>,<i>N</i>-dimethylaminoethoxy group occupied the F9 pocket of menin. This study proved that introducing a hydrophilic group into the F9 pocket of menin would be a new strategy for the design of menin-MLL interaction inhibitors with potent binding affinity and improved physical properties. ",menin MLL inhibitor,1,138
1852553,Metabolic stability in CD-1 mouse liver microsome assessed as intrinsic clearance measured upto 60 min by UPLC-MS/MS analysis,CHEMBL5107275,ChEMBL,ChEMBL,,,1,,2023/06/29 00:00,2023/06/29 00:00,"Title: Discovery of Novel, Potent, and Selective Small-Molecule Menin-Mixed Lineage Leukemia Interaction Inhibitors through Attempting Introduction of Hydrophilic Groups._||_Abstract: Introduction of the <i>N</i>,<i>N</i>-dimethylaminoethoxy group to pyrido[3,2-<i>d</i>]pyrimidine led to the discovery of menin-mixed lineage leukemia (MLL) interaction inhibitor <b>C20</b>. <b>C20</b> showed strong binding affinity to menin protein and achieved sub-micromolar potency in cell growth inhibition. <b>C20</b> had good selectivity for the inhibition of the interaction between menin and MLL in the kinase profile evaluation. Pharmacokinetic studies demonstrated that <b>C20</b> possessed good stability and low clearance rate in liver microsomes and acceptable bioavailability in rats. Subsequent oral administration of <b>C20</b> showed potent antitumor activity in the MV4;11 subcutaneous xenograft models of MLL-rearranged leukemia. The docking study showed that <b>C20</b> bound highly with menin, and the <i>N</i>,<i>N</i>-dimethylaminoethoxy group occupied the F9 pocket of menin. This study proved that introducing a hydrophilic group into the F9 pocket of menin would be a new strategy for the design of menin-MLL interaction inhibitors with potent binding affinity and improved physical properties. ",menin MLL inhibitor,1,139
1852552,Metabolic stability in human liver microsome assessed as half life measured upto 60 min by UPLC-MS/MS analysis,CHEMBL5107274,ChEMBL,ChEMBL,,,1,,2023/06/29 00:00,2023/06/29 00:00,"Title: Discovery of Novel, Potent, and Selective Small-Molecule Menin-Mixed Lineage Leukemia Interaction Inhibitors through Attempting Introduction of Hydrophilic Groups._||_Abstract: Introduction of the <i>N</i>,<i>N</i>-dimethylaminoethoxy group to pyrido[3,2-<i>d</i>]pyrimidine led to the discovery of menin-mixed lineage leukemia (MLL) interaction inhibitor <b>C20</b>. <b>C20</b> showed strong binding affinity to menin protein and achieved sub-micromolar potency in cell growth inhibition. <b>C20</b> had good selectivity for the inhibition of the interaction between menin and MLL in the kinase profile evaluation. Pharmacokinetic studies demonstrated that <b>C20</b> possessed good stability and low clearance rate in liver microsomes and acceptable bioavailability in rats. Subsequent oral administration of <b>C20</b> showed potent antitumor activity in the MV4;11 subcutaneous xenograft models of MLL-rearranged leukemia. The docking study showed that <b>C20</b> bound highly with menin, and the <i>N</i>,<i>N</i>-dimethylaminoethoxy group occupied the F9 pocket of menin. This study proved that introducing a hydrophilic group into the F9 pocket of menin would be a new strategy for the design of menin-MLL interaction inhibitors with potent binding affinity and improved physical properties. ",menin MLL inhibitor,1,140
1852551,Metabolic stability in Crab eating monkey liver microsome assessed as half life measured upto 60 min by UPLC-MS/MS analysis,CHEMBL5107273,ChEMBL,ChEMBL,,,1,,2023/06/29 00:00,2023/06/29 00:00,"Title: Discovery of Novel, Potent, and Selective Small-Molecule Menin-Mixed Lineage Leukemia Interaction Inhibitors through Attempting Introduction of Hydrophilic Groups._||_Abstract: Introduction of the <i>N</i>,<i>N</i>-dimethylaminoethoxy group to pyrido[3,2-<i>d</i>]pyrimidine led to the discovery of menin-mixed lineage leukemia (MLL) interaction inhibitor <b>C20</b>. <b>C20</b> showed strong binding affinity to menin protein and achieved sub-micromolar potency in cell growth inhibition. <b>C20</b> had good selectivity for the inhibition of the interaction between menin and MLL in the kinase profile evaluation. Pharmacokinetic studies demonstrated that <b>C20</b> possessed good stability and low clearance rate in liver microsomes and acceptable bioavailability in rats. Subsequent oral administration of <b>C20</b> showed potent antitumor activity in the MV4;11 subcutaneous xenograft models of MLL-rearranged leukemia. The docking study showed that <b>C20</b> bound highly with menin, and the <i>N</i>,<i>N</i>-dimethylaminoethoxy group occupied the F9 pocket of menin. This study proved that introducing a hydrophilic group into the F9 pocket of menin would be a new strategy for the design of menin-MLL interaction inhibitors with potent binding affinity and improved physical properties. ",menin MLL inhibitor,1,141
1852550,Metabolic stability in Beagle dog liver microsome assessed as half life measured upto 60 min by UPLC-MS/MS analysis,CHEMBL5107272,ChEMBL,ChEMBL,,,1,,2023/06/29 00:00,2023/06/29 00:00,"Title: Discovery of Novel, Potent, and Selective Small-Molecule Menin-Mixed Lineage Leukemia Interaction Inhibitors through Attempting Introduction of Hydrophilic Groups._||_Abstract: Introduction of the <i>N</i>,<i>N</i>-dimethylaminoethoxy group to pyrido[3,2-<i>d</i>]pyrimidine led to the discovery of menin-mixed lineage leukemia (MLL) interaction inhibitor <b>C20</b>. <b>C20</b> showed strong binding affinity to menin protein and achieved sub-micromolar potency in cell growth inhibition. <b>C20</b> had good selectivity for the inhibition of the interaction between menin and MLL in the kinase profile evaluation. Pharmacokinetic studies demonstrated that <b>C20</b> possessed good stability and low clearance rate in liver microsomes and acceptable bioavailability in rats. Subsequent oral administration of <b>C20</b> showed potent antitumor activity in the MV4;11 subcutaneous xenograft models of MLL-rearranged leukemia. The docking study showed that <b>C20</b> bound highly with menin, and the <i>N</i>,<i>N</i>-dimethylaminoethoxy group occupied the F9 pocket of menin. This study proved that introducing a hydrophilic group into the F9 pocket of menin would be a new strategy for the design of menin-MLL interaction inhibitors with potent binding affinity and improved physical properties. ",menin MLL inhibitor,1,142
1852549,Metabolic stability in Sprague-Dawley rat liver microsome assessed as half life measured upto 60 min by UPLC-MS/MS analysis,CHEMBL5107271,ChEMBL,ChEMBL,,,1,,2023/06/29 00:00,2023/06/29 00:00,"Title: Discovery of Novel, Potent, and Selective Small-Molecule Menin-Mixed Lineage Leukemia Interaction Inhibitors through Attempting Introduction of Hydrophilic Groups._||_Abstract: Introduction of the <i>N</i>,<i>N</i>-dimethylaminoethoxy group to pyrido[3,2-<i>d</i>]pyrimidine led to the discovery of menin-mixed lineage leukemia (MLL) interaction inhibitor <b>C20</b>. <b>C20</b> showed strong binding affinity to menin protein and achieved sub-micromolar potency in cell growth inhibition. <b>C20</b> had good selectivity for the inhibition of the interaction between menin and MLL in the kinase profile evaluation. Pharmacokinetic studies demonstrated that <b>C20</b> possessed good stability and low clearance rate in liver microsomes and acceptable bioavailability in rats. Subsequent oral administration of <b>C20</b> showed potent antitumor activity in the MV4;11 subcutaneous xenograft models of MLL-rearranged leukemia. The docking study showed that <b>C20</b> bound highly with menin, and the <i>N</i>,<i>N</i>-dimethylaminoethoxy group occupied the F9 pocket of menin. This study proved that introducing a hydrophilic group into the F9 pocket of menin would be a new strategy for the design of menin-MLL interaction inhibitors with potent binding affinity and improved physical properties. ",menin MLL inhibitor,1,143
1852548,Metabolic stability in CD-1 mouse liver microsome assessed as half life measured upto 60 min by UPLC-MS/MS analysis,CHEMBL5107270,ChEMBL,ChEMBL,,,1,,2023/06/29 00:00,2023/06/29 00:00,"Title: Discovery of Novel, Potent, and Selective Small-Molecule Menin-Mixed Lineage Leukemia Interaction Inhibitors through Attempting Introduction of Hydrophilic Groups._||_Abstract: Introduction of the <i>N</i>,<i>N</i>-dimethylaminoethoxy group to pyrido[3,2-<i>d</i>]pyrimidine led to the discovery of menin-mixed lineage leukemia (MLL) interaction inhibitor <b>C20</b>. <b>C20</b> showed strong binding affinity to menin protein and achieved sub-micromolar potency in cell growth inhibition. <b>C20</b> had good selectivity for the inhibition of the interaction between menin and MLL in the kinase profile evaluation. Pharmacokinetic studies demonstrated that <b>C20</b> possessed good stability and low clearance rate in liver microsomes and acceptable bioavailability in rats. Subsequent oral administration of <b>C20</b> showed potent antitumor activity in the MV4;11 subcutaneous xenograft models of MLL-rearranged leukemia. The docking study showed that <b>C20</b> bound highly with menin, and the <i>N</i>,<i>N</i>-dimethylaminoethoxy group occupied the F9 pocket of menin. This study proved that introducing a hydrophilic group into the F9 pocket of menin would be a new strategy for the design of menin-MLL interaction inhibitors with potent binding affinity and improved physical properties. ",menin MLL inhibitor,1,144
1852547,Metabolic stability in human liver microsome assessed as compound remaining measured after 60 min by UPLC-MS/MS analysis,CHEMBL5107269,ChEMBL,ChEMBL,,,1,,2023/06/29 00:00,2023/06/29 00:00,"Title: Discovery of Novel, Potent, and Selective Small-Molecule Menin-Mixed Lineage Leukemia Interaction Inhibitors through Attempting Introduction of Hydrophilic Groups._||_Abstract: Introduction of the <i>N</i>,<i>N</i>-dimethylaminoethoxy group to pyrido[3,2-<i>d</i>]pyrimidine led to the discovery of menin-mixed lineage leukemia (MLL) interaction inhibitor <b>C20</b>. <b>C20</b> showed strong binding affinity to menin protein and achieved sub-micromolar potency in cell growth inhibition. <b>C20</b> had good selectivity for the inhibition of the interaction between menin and MLL in the kinase profile evaluation. Pharmacokinetic studies demonstrated that <b>C20</b> possessed good stability and low clearance rate in liver microsomes and acceptable bioavailability in rats. Subsequent oral administration of <b>C20</b> showed potent antitumor activity in the MV4;11 subcutaneous xenograft models of MLL-rearranged leukemia. The docking study showed that <b>C20</b> bound highly with menin, and the <i>N</i>,<i>N</i>-dimethylaminoethoxy group occupied the F9 pocket of menin. This study proved that introducing a hydrophilic group into the F9 pocket of menin would be a new strategy for the design of menin-MLL interaction inhibitors with potent binding affinity and improved physical properties. ",menin MLL inhibitor,1,145
1852546,Metabolic stability in Crab eating monkey liver microsome assessed as compound remaining measured after 60 min by UPLC-MS/MS analysis,CHEMBL5107268,ChEMBL,ChEMBL,,,1,,2023/06/29 00:00,2023/06/29 00:00,"Title: Discovery of Novel, Potent, and Selective Small-Molecule Menin-Mixed Lineage Leukemia Interaction Inhibitors through Attempting Introduction of Hydrophilic Groups._||_Abstract: Introduction of the <i>N</i>,<i>N</i>-dimethylaminoethoxy group to pyrido[3,2-<i>d</i>]pyrimidine led to the discovery of menin-mixed lineage leukemia (MLL) interaction inhibitor <b>C20</b>. <b>C20</b> showed strong binding affinity to menin protein and achieved sub-micromolar potency in cell growth inhibition. <b>C20</b> had good selectivity for the inhibition of the interaction between menin and MLL in the kinase profile evaluation. Pharmacokinetic studies demonstrated that <b>C20</b> possessed good stability and low clearance rate in liver microsomes and acceptable bioavailability in rats. Subsequent oral administration of <b>C20</b> showed potent antitumor activity in the MV4;11 subcutaneous xenograft models of MLL-rearranged leukemia. The docking study showed that <b>C20</b> bound highly with menin, and the <i>N</i>,<i>N</i>-dimethylaminoethoxy group occupied the F9 pocket of menin. This study proved that introducing a hydrophilic group into the F9 pocket of menin would be a new strategy for the design of menin-MLL interaction inhibitors with potent binding affinity and improved physical properties. ",menin MLL inhibitor,1,146
1852545,Metabolic stability in Beagle dog liver microsome assessed as compound remaining measured after 60 min by UPLC-MS/MS analysis,CHEMBL5107267,ChEMBL,ChEMBL,,,1,,2023/06/29 00:00,2023/06/29 00:00,"Title: Discovery of Novel, Potent, and Selective Small-Molecule Menin-Mixed Lineage Leukemia Interaction Inhibitors through Attempting Introduction of Hydrophilic Groups._||_Abstract: Introduction of the <i>N</i>,<i>N</i>-dimethylaminoethoxy group to pyrido[3,2-<i>d</i>]pyrimidine led to the discovery of menin-mixed lineage leukemia (MLL) interaction inhibitor <b>C20</b>. <b>C20</b> showed strong binding affinity to menin protein and achieved sub-micromolar potency in cell growth inhibition. <b>C20</b> had good selectivity for the inhibition of the interaction between menin and MLL in the kinase profile evaluation. Pharmacokinetic studies demonstrated that <b>C20</b> possessed good stability and low clearance rate in liver microsomes and acceptable bioavailability in rats. Subsequent oral administration of <b>C20</b> showed potent antitumor activity in the MV4;11 subcutaneous xenograft models of MLL-rearranged leukemia. The docking study showed that <b>C20</b> bound highly with menin, and the <i>N</i>,<i>N</i>-dimethylaminoethoxy group occupied the F9 pocket of menin. This study proved that introducing a hydrophilic group into the F9 pocket of menin would be a new strategy for the design of menin-MLL interaction inhibitors with potent binding affinity and improved physical properties. ",menin MLL inhibitor,1,147
1852544,Metabolic stability in Sprague-Dawley rat liver microsome assessed as compound remaining measured after 60 min by UPLC-MS/MS analysis,CHEMBL5107266,ChEMBL,ChEMBL,,,1,,2023/06/29 00:00,2023/06/29 00:00,"Title: Discovery of Novel, Potent, and Selective Small-Molecule Menin-Mixed Lineage Leukemia Interaction Inhibitors through Attempting Introduction of Hydrophilic Groups._||_Abstract: Introduction of the <i>N</i>,<i>N</i>-dimethylaminoethoxy group to pyrido[3,2-<i>d</i>]pyrimidine led to the discovery of menin-mixed lineage leukemia (MLL) interaction inhibitor <b>C20</b>. <b>C20</b> showed strong binding affinity to menin protein and achieved sub-micromolar potency in cell growth inhibition. <b>C20</b> had good selectivity for the inhibition of the interaction between menin and MLL in the kinase profile evaluation. Pharmacokinetic studies demonstrated that <b>C20</b> possessed good stability and low clearance rate in liver microsomes and acceptable bioavailability in rats. Subsequent oral administration of <b>C20</b> showed potent antitumor activity in the MV4;11 subcutaneous xenograft models of MLL-rearranged leukemia. The docking study showed that <b>C20</b> bound highly with menin, and the <i>N</i>,<i>N</i>-dimethylaminoethoxy group occupied the F9 pocket of menin. This study proved that introducing a hydrophilic group into the F9 pocket of menin would be a new strategy for the design of menin-MLL interaction inhibitors with potent binding affinity and improved physical properties. ",menin MLL inhibitor,1,148
1852543,Metabolic stability in CD-1 mouse liver microsome assessed as compound remaining measured after 60 min by UPLC-MS/MS analysis,CHEMBL5107265,ChEMBL,ChEMBL,,,1,,2023/06/29 00:00,2023/06/29 00:00,"Title: Discovery of Novel, Potent, and Selective Small-Molecule Menin-Mixed Lineage Leukemia Interaction Inhibitors through Attempting Introduction of Hydrophilic Groups._||_Abstract: Introduction of the <i>N</i>,<i>N</i>-dimethylaminoethoxy group to pyrido[3,2-<i>d</i>]pyrimidine led to the discovery of menin-mixed lineage leukemia (MLL) interaction inhibitor <b>C20</b>. <b>C20</b> showed strong binding affinity to menin protein and achieved sub-micromolar potency in cell growth inhibition. <b>C20</b> had good selectivity for the inhibition of the interaction between menin and MLL in the kinase profile evaluation. Pharmacokinetic studies demonstrated that <b>C20</b> possessed good stability and low clearance rate in liver microsomes and acceptable bioavailability in rats. Subsequent oral administration of <b>C20</b> showed potent antitumor activity in the MV4;11 subcutaneous xenograft models of MLL-rearranged leukemia. The docking study showed that <b>C20</b> bound highly with menin, and the <i>N</i>,<i>N</i>-dimethylaminoethoxy group occupied the F9 pocket of menin. This study proved that introducing a hydrophilic group into the F9 pocket of menin would be a new strategy for the design of menin-MLL interaction inhibitors with potent binding affinity and improved physical properties. ",menin MLL inhibitor,1,149
1852542,Induction of cell cycle arrest in human MV4-11 cells assessed as accumulation at G2/M phase at 0.1 to 10 uM incubated for 24 hrs by PI/RNase staining based flow cytometry analysis,CHEMBL5107264,ChEMBL,ChEMBL,,,1,,2023/06/29 00:00,2026/06/14 00:00,"Title: Discovery of Novel, Potent, and Selective Small-Molecule Menin-Mixed Lineage Leukemia Interaction Inhibitors through Attempting Introduction of Hydrophilic Groups._||_Abstract: Introduction of the <i>N</i>,<i>N</i>-dimethylaminoethoxy group to pyrido[3,2-<i>d</i>]pyrimidine led to the discovery of menin-mixed lineage leukemia (MLL) interaction inhibitor <b>C20</b>. <b>C20</b> showed strong binding affinity to menin protein and achieved sub-micromolar potency in cell growth inhibition. <b>C20</b> had good selectivity for the inhibition of the interaction between menin and MLL in the kinase profile evaluation. Pharmacokinetic studies demonstrated that <b>C20</b> possessed good stability and low clearance rate in liver microsomes and acceptable bioavailability in rats. Subsequent oral administration of <b>C20</b> showed potent antitumor activity in the MV4;11 subcutaneous xenograft models of MLL-rearranged leukemia. The docking study showed that <b>C20</b> bound highly with menin, and the <i>N</i>,<i>N</i>-dimethylaminoethoxy group occupied the F9 pocket of menin. This study proved that introducing a hydrophilic group into the F9 pocket of menin would be a new strategy for the design of menin-MLL interaction inhibitors with potent binding affinity and improved physical properties. ",menin MLL inhibitor,1,150
1852541,Induction of cell cycle arrest in human MV4-11 cells assessed as accumulation at S phase at 0.1 to 10 uM incubated for 24 hrs by PI/RNase staining based flow cytometry analysis,CHEMBL5107263,ChEMBL,ChEMBL,,,1,,2023/06/29 00:00,2026/06/14 00:00,"Title: Discovery of Novel, Potent, and Selective Small-Molecule Menin-Mixed Lineage Leukemia Interaction Inhibitors through Attempting Introduction of Hydrophilic Groups._||_Abstract: Introduction of the <i>N</i>,<i>N</i>-dimethylaminoethoxy group to pyrido[3,2-<i>d</i>]pyrimidine led to the discovery of menin-mixed lineage leukemia (MLL) interaction inhibitor <b>C20</b>. <b>C20</b> showed strong binding affinity to menin protein and achieved sub-micromolar potency in cell growth inhibition. <b>C20</b> had good selectivity for the inhibition of the interaction between menin and MLL in the kinase profile evaluation. Pharmacokinetic studies demonstrated that <b>C20</b> possessed good stability and low clearance rate in liver microsomes and acceptable bioavailability in rats. Subsequent oral administration of <b>C20</b> showed potent antitumor activity in the MV4;11 subcutaneous xenograft models of MLL-rearranged leukemia. The docking study showed that <b>C20</b> bound highly with menin, and the <i>N</i>,<i>N</i>-dimethylaminoethoxy group occupied the F9 pocket of menin. This study proved that introducing a hydrophilic group into the F9 pocket of menin would be a new strategy for the design of menin-MLL interaction inhibitors with potent binding affinity and improved physical properties. ",menin MLL inhibitor,1,151
1852540,Induction of cell cycle arrest in human MV4-11 cells assessed as accumulation at Go/G1 phase at 0.1 to 10 uM incubated for 24 hrs by PI/RNase staining based flow cytometry analysis,CHEMBL5107262,ChEMBL,ChEMBL,,,1,,2023/06/29 00:00,2023/06/29 00:00,"Title: Discovery of Novel, Potent, and Selective Small-Molecule Menin-Mixed Lineage Leukemia Interaction Inhibitors through Attempting Introduction of Hydrophilic Groups._||_Abstract: Introduction of the <i>N</i>,<i>N</i>-dimethylaminoethoxy group to pyrido[3,2-<i>d</i>]pyrimidine led to the discovery of menin-mixed lineage leukemia (MLL) interaction inhibitor <b>C20</b>. <b>C20</b> showed strong binding affinity to menin protein and achieved sub-micromolar potency in cell growth inhibition. <b>C20</b> had good selectivity for the inhibition of the interaction between menin and MLL in the kinase profile evaluation. Pharmacokinetic studies demonstrated that <b>C20</b> possessed good stability and low clearance rate in liver microsomes and acceptable bioavailability in rats. Subsequent oral administration of <b>C20</b> showed potent antitumor activity in the MV4;11 subcutaneous xenograft models of MLL-rearranged leukemia. The docking study showed that <b>C20</b> bound highly with menin, and the <i>N</i>,<i>N</i>-dimethylaminoethoxy group occupied the F9 pocket of menin. This study proved that introducing a hydrophilic group into the F9 pocket of menin would be a new strategy for the design of menin-MLL interaction inhibitors with potent binding affinity and improved physical properties. ",menin MLL inhibitor,1,152
1852539,Induction of apoptosis in human MV4-11 cells incubated for 24 hrs by annexinV/PI staining based flow cytometry analysis,CHEMBL5107261,ChEMBL,ChEMBL,,,2,,2023/06/29 00:00,2023/06/29 00:00,"Title: Discovery of Novel, Potent, and Selective Small-Molecule Menin-Mixed Lineage Leukemia Interaction Inhibitors through Attempting Introduction of Hydrophilic Groups._||_Abstract: Introduction of the <i>N</i>,<i>N</i>-dimethylaminoethoxy group to pyrido[3,2-<i>d</i>]pyrimidine led to the discovery of menin-mixed lineage leukemia (MLL) interaction inhibitor <b>C20</b>. <b>C20</b> showed strong binding affinity to menin protein and achieved sub-micromolar potency in cell growth inhibition. <b>C20</b> had good selectivity for the inhibition of the interaction between menin and MLL in the kinase profile evaluation. Pharmacokinetic studies demonstrated that <b>C20</b> possessed good stability and low clearance rate in liver microsomes and acceptable bioavailability in rats. Subsequent oral administration of <b>C20</b> showed potent antitumor activity in the MV4;11 subcutaneous xenograft models of MLL-rearranged leukemia. The docking study showed that <b>C20</b> bound highly with menin, and the <i>N</i>,<i>N</i>-dimethylaminoethoxy group occupied the F9 pocket of menin. This study proved that introducing a hydrophilic group into the F9 pocket of menin would be a new strategy for the design of menin-MLL interaction inhibitors with potent binding affinity and improved physical properties. ",menin MLL inhibitor,1,153
1852538,Reversible differentiation arrest in human MV4-11 cells at 0.1 to 10 uM measured after 7 days by flow cytometric analysis,CHEMBL5107260,ChEMBL,ChEMBL,,,2,,2023/06/29 00:00,2026/06/14 00:00,"Title: Discovery of Novel, Potent, and Selective Small-Molecule Menin-Mixed Lineage Leukemia Interaction Inhibitors through Attempting Introduction of Hydrophilic Groups._||_Abstract: Introduction of the <i>N</i>,<i>N</i>-dimethylaminoethoxy group to pyrido[3,2-<i>d</i>]pyrimidine led to the discovery of menin-mixed lineage leukemia (MLL) interaction inhibitor <b>C20</b>. <b>C20</b> showed strong binding affinity to menin protein and achieved sub-micromolar potency in cell growth inhibition. <b>C20</b> had good selectivity for the inhibition of the interaction between menin and MLL in the kinase profile evaluation. Pharmacokinetic studies demonstrated that <b>C20</b> possessed good stability and low clearance rate in liver microsomes and acceptable bioavailability in rats. Subsequent oral administration of <b>C20</b> showed potent antitumor activity in the MV4;11 subcutaneous xenograft models of MLL-rearranged leukemia. The docking study showed that <b>C20</b> bound highly with menin, and the <i>N</i>,<i>N</i>-dimethylaminoethoxy group occupied the F9 pocket of menin. This study proved that introducing a hydrophilic group into the F9 pocket of menin would be a new strategy for the design of menin-MLL interaction inhibitors with potent binding affinity and improved physical properties. ",menin MLL inhibitor,1,154
1852537,Induction of cell differentiation in human MV4-11 cells assessed as increase in CD11b expression at 10 uM measured after 7 days by flow cytometric analysis,CHEMBL5107259,ChEMBL,ChEMBL,,,2,,2023/06/29 00:00,2026/06/14 00:00,"Title: Discovery of Novel, Potent, and Selective Small-Molecule Menin-Mixed Lineage Leukemia Interaction Inhibitors through Attempting Introduction of Hydrophilic Groups._||_Abstract: Introduction of the <i>N</i>,<i>N</i>-dimethylaminoethoxy group to pyrido[3,2-<i>d</i>]pyrimidine led to the discovery of menin-mixed lineage leukemia (MLL) interaction inhibitor <b>C20</b>. <b>C20</b> showed strong binding affinity to menin protein and achieved sub-micromolar potency in cell growth inhibition. <b>C20</b> had good selectivity for the inhibition of the interaction between menin and MLL in the kinase profile evaluation. Pharmacokinetic studies demonstrated that <b>C20</b> possessed good stability and low clearance rate in liver microsomes and acceptable bioavailability in rats. Subsequent oral administration of <b>C20</b> showed potent antitumor activity in the MV4;11 subcutaneous xenograft models of MLL-rearranged leukemia. The docking study showed that <b>C20</b> bound highly with menin, and the <i>N</i>,<i>N</i>-dimethylaminoethoxy group occupied the F9 pocket of menin. This study proved that introducing a hydrophilic group into the F9 pocket of menin would be a new strategy for the design of menin-MLL interaction inhibitors with potent binding affinity and improved physical properties. ",menin MLL inhibitor,1,155
1852536,Inhibition of CMGC (unknown origin) at 1 uM in presence of ATP at Km concentration by Mobility shift assay relative to control,CHEMBL5107258,ChEMBL,ChEMBL,,,1,,2023/06/29 00:00,2023/06/29 00:00,"Title: Discovery of Novel, Potent, and Selective Small-Molecule Menin-Mixed Lineage Leukemia Interaction Inhibitors through Attempting Introduction of Hydrophilic Groups._||_Abstract: Introduction of the <i>N</i>,<i>N</i>-dimethylaminoethoxy group to pyrido[3,2-<i>d</i>]pyrimidine led to the discovery of menin-mixed lineage leukemia (MLL) interaction inhibitor <b>C20</b>. <b>C20</b> showed strong binding affinity to menin protein and achieved sub-micromolar potency in cell growth inhibition. <b>C20</b> had good selectivity for the inhibition of the interaction between menin and MLL in the kinase profile evaluation. Pharmacokinetic studies demonstrated that <b>C20</b> possessed good stability and low clearance rate in liver microsomes and acceptable bioavailability in rats. Subsequent oral administration of <b>C20</b> showed potent antitumor activity in the MV4;11 subcutaneous xenograft models of MLL-rearranged leukemia. The docking study showed that <b>C20</b> bound highly with menin, and the <i>N</i>,<i>N</i>-dimethylaminoethoxy group occupied the F9 pocket of menin. This study proved that introducing a hydrophilic group into the F9 pocket of menin would be a new strategy for the design of menin-MLL interaction inhibitors with potent binding affinity and improved physical properties. ",menin MLL inhibitor,1,156
1852535,Inhibition of GAMK (unknown origin) at 1 uM in presence of ATP at Km concentration by Mobility shift assay relative to control,CHEMBL5107257,ChEMBL,ChEMBL,,,1,,2023/06/29 00:00,2023/06/29 00:00,"Title: Discovery of Novel, Potent, and Selective Small-Molecule Menin-Mixed Lineage Leukemia Interaction Inhibitors through Attempting Introduction of Hydrophilic Groups._||_Abstract: Introduction of the <i>N</i>,<i>N</i>-dimethylaminoethoxy group to pyrido[3,2-<i>d</i>]pyrimidine led to the discovery of menin-mixed lineage leukemia (MLL) interaction inhibitor <b>C20</b>. <b>C20</b> showed strong binding affinity to menin protein and achieved sub-micromolar potency in cell growth inhibition. <b>C20</b> had good selectivity for the inhibition of the interaction between menin and MLL in the kinase profile evaluation. Pharmacokinetic studies demonstrated that <b>C20</b> possessed good stability and low clearance rate in liver microsomes and acceptable bioavailability in rats. Subsequent oral administration of <b>C20</b> showed potent antitumor activity in the MV4;11 subcutaneous xenograft models of MLL-rearranged leukemia. The docking study showed that <b>C20</b> bound highly with menin, and the <i>N</i>,<i>N</i>-dimethylaminoethoxy group occupied the F9 pocket of menin. This study proved that introducing a hydrophilic group into the F9 pocket of menin would be a new strategy for the design of menin-MLL interaction inhibitors with potent binding affinity and improved physical properties. ",menin MLL inhibitor,1,157
1852534,Inhibition of AGC (unknown origin) at 1 uM in presence of ATP at Km concentration by Mobility shift assay relative to control,CHEMBL5107256,ChEMBL,ChEMBL,,,1,,2023/06/29 00:00,2023/06/29 00:00,"Title: Discovery of Novel, Potent, and Selective Small-Molecule Menin-Mixed Lineage Leukemia Interaction Inhibitors through Attempting Introduction of Hydrophilic Groups._||_Abstract: Introduction of the <i>N</i>,<i>N</i>-dimethylaminoethoxy group to pyrido[3,2-<i>d</i>]pyrimidine led to the discovery of menin-mixed lineage leukemia (MLL) interaction inhibitor <b>C20</b>. <b>C20</b> showed strong binding affinity to menin protein and achieved sub-micromolar potency in cell growth inhibition. <b>C20</b> had good selectivity for the inhibition of the interaction between menin and MLL in the kinase profile evaluation. Pharmacokinetic studies demonstrated that <b>C20</b> possessed good stability and low clearance rate in liver microsomes and acceptable bioavailability in rats. Subsequent oral administration of <b>C20</b> showed potent antitumor activity in the MV4;11 subcutaneous xenograft models of MLL-rearranged leukemia. The docking study showed that <b>C20</b> bound highly with menin, and the <i>N</i>,<i>N</i>-dimethylaminoethoxy group occupied the F9 pocket of menin. This study proved that introducing a hydrophilic group into the F9 pocket of menin would be a new strategy for the design of menin-MLL interaction inhibitors with potent binding affinity and improved physical properties. ",menin MLL inhibitor,1,158
1852533,Inhibition of CK1 (unknown origin) at 1 uM in presence of ATP at Km concentration by Mobility shift assay relative to control,CHEMBL5107255,ChEMBL,ChEMBL,,,1,5,2023/06/29 00:00,2023/06/29 00:00,"Title: Discovery of Novel, Potent, and Selective Small-Molecule Menin-Mixed Lineage Leukemia Interaction Inhibitors through Attempting Introduction of Hydrophilic Groups._||_Abstract: Introduction of the <i>N</i>,<i>N</i>-dimethylaminoethoxy group to pyrido[3,2-<i>d</i>]pyrimidine led to the discovery of menin-mixed lineage leukemia (MLL) interaction inhibitor <b>C20</b>. <b>C20</b> showed strong binding affinity to menin protein and achieved sub-micromolar potency in cell growth inhibition. <b>C20</b> had good selectivity for the inhibition of the interaction between menin and MLL in the kinase profile evaluation. Pharmacokinetic studies demonstrated that <b>C20</b> possessed good stability and low clearance rate in liver microsomes and acceptable bioavailability in rats. Subsequent oral administration of <b>C20</b> showed potent antitumor activity in the MV4;11 subcutaneous xenograft models of MLL-rearranged leukemia. The docking study showed that <b>C20</b> bound highly with menin, and the <i>N</i>,<i>N</i>-dimethylaminoethoxy group occupied the F9 pocket of menin. This study proved that introducing a hydrophilic group into the F9 pocket of menin would be a new strategy for the design of menin-MLL interaction inhibitors with potent binding affinity and improved physical properties. ",menin MLL inhibitor,1,159
1852532,Inhibition of STE (unknown origin) at 1 uM in presence of ATP at Km concentration by Mobility shift assay relative to control,CHEMBL5107254,ChEMBL,ChEMBL,,,1,,2023/06/29 00:00,2023/06/29 00:00,"Title: Discovery of Novel, Potent, and Selective Small-Molecule Menin-Mixed Lineage Leukemia Interaction Inhibitors through Attempting Introduction of Hydrophilic Groups._||_Abstract: Introduction of the <i>N</i>,<i>N</i>-dimethylaminoethoxy group to pyrido[3,2-<i>d</i>]pyrimidine led to the discovery of menin-mixed lineage leukemia (MLL) interaction inhibitor <b>C20</b>. <b>C20</b> showed strong binding affinity to menin protein and achieved sub-micromolar potency in cell growth inhibition. <b>C20</b> had good selectivity for the inhibition of the interaction between menin and MLL in the kinase profile evaluation. Pharmacokinetic studies demonstrated that <b>C20</b> possessed good stability and low clearance rate in liver microsomes and acceptable bioavailability in rats. Subsequent oral administration of <b>C20</b> showed potent antitumor activity in the MV4;11 subcutaneous xenograft models of MLL-rearranged leukemia. The docking study showed that <b>C20</b> bound highly with menin, and the <i>N</i>,<i>N</i>-dimethylaminoethoxy group occupied the F9 pocket of menin. This study proved that introducing a hydrophilic group into the F9 pocket of menin would be a new strategy for the design of menin-MLL interaction inhibitors with potent binding affinity and improved physical properties. ",menin MLL inhibitor,1,160
1852531,Inhibition of TKL (unknown origin) at 1 uM in presence of ATP at Km concentration by Mobility shift assay relative to control,CHEMBL5107253,ChEMBL,ChEMBL,,,1,,2023/06/29 00:00,2023/06/29 00:00,"Title: Discovery of Novel, Potent, and Selective Small-Molecule Menin-Mixed Lineage Leukemia Interaction Inhibitors through Attempting Introduction of Hydrophilic Groups._||_Abstract: Introduction of the <i>N</i>,<i>N</i>-dimethylaminoethoxy group to pyrido[3,2-<i>d</i>]pyrimidine led to the discovery of menin-mixed lineage leukemia (MLL) interaction inhibitor <b>C20</b>. <b>C20</b> showed strong binding affinity to menin protein and achieved sub-micromolar potency in cell growth inhibition. <b>C20</b> had good selectivity for the inhibition of the interaction between menin and MLL in the kinase profile evaluation. Pharmacokinetic studies demonstrated that <b>C20</b> possessed good stability and low clearance rate in liver microsomes and acceptable bioavailability in rats. Subsequent oral administration of <b>C20</b> showed potent antitumor activity in the MV4;11 subcutaneous xenograft models of MLL-rearranged leukemia. The docking study showed that <b>C20</b> bound highly with menin, and the <i>N</i>,<i>N</i>-dimethylaminoethoxy group occupied the F9 pocket of menin. This study proved that introducing a hydrophilic group into the F9 pocket of menin would be a new strategy for the design of menin-MLL interaction inhibitors with potent binding affinity and improved physical properties. ",menin MLL inhibitor,1,161
1852530,Inhibition of tyrosine kinase (unknown origin) at 1 uM in presence of ATP at Km concentration by Mobility shift assay relative to control,CHEMBL5107252,ChEMBL,ChEMBL,,,1,,2023/06/29 00:00,2023/06/29 00:00,"Title: Discovery of Novel, Potent, and Selective Small-Molecule Menin-Mixed Lineage Leukemia Interaction Inhibitors through Attempting Introduction of Hydrophilic Groups._||_Abstract: Introduction of the <i>N</i>,<i>N</i>-dimethylaminoethoxy group to pyrido[3,2-<i>d</i>]pyrimidine led to the discovery of menin-mixed lineage leukemia (MLL) interaction inhibitor <b>C20</b>. <b>C20</b> showed strong binding affinity to menin protein and achieved sub-micromolar potency in cell growth inhibition. <b>C20</b> had good selectivity for the inhibition of the interaction between menin and MLL in the kinase profile evaluation. Pharmacokinetic studies demonstrated that <b>C20</b> possessed good stability and low clearance rate in liver microsomes and acceptable bioavailability in rats. Subsequent oral administration of <b>C20</b> showed potent antitumor activity in the MV4;11 subcutaneous xenograft models of MLL-rearranged leukemia. The docking study showed that <b>C20</b> bound highly with menin, and the <i>N</i>,<i>N</i>-dimethylaminoethoxy group occupied the F9 pocket of menin. This study proved that introducing a hydrophilic group into the F9 pocket of menin would be a new strategy for the design of menin-MLL interaction inhibitors with potent binding affinity and improved physical properties. ",menin MLL inhibitor,1,162
1852529,Downregulation of MEISI gene in human MV4-11 cells incubated for 24 hrs by real-time PCR analysis,CHEMBL5107251,ChEMBL,ChEMBL,,,1,,2023/06/29 00:00,2023/06/29 00:00,"Title: Discovery of Novel, Potent, and Selective Small-Molecule Menin-Mixed Lineage Leukemia Interaction Inhibitors through Attempting Introduction of Hydrophilic Groups._||_Abstract: Introduction of the <i>N</i>,<i>N</i>-dimethylaminoethoxy group to pyrido[3,2-<i>d</i>]pyrimidine led to the discovery of menin-mixed lineage leukemia (MLL) interaction inhibitor <b>C20</b>. <b>C20</b> showed strong binding affinity to menin protein and achieved sub-micromolar potency in cell growth inhibition. <b>C20</b> had good selectivity for the inhibition of the interaction between menin and MLL in the kinase profile evaluation. Pharmacokinetic studies demonstrated that <b>C20</b> possessed good stability and low clearance rate in liver microsomes and acceptable bioavailability in rats. Subsequent oral administration of <b>C20</b> showed potent antitumor activity in the MV4;11 subcutaneous xenograft models of MLL-rearranged leukemia. The docking study showed that <b>C20</b> bound highly with menin, and the <i>N</i>,<i>N</i>-dimethylaminoethoxy group occupied the F9 pocket of menin. This study proved that introducing a hydrophilic group into the F9 pocket of menin would be a new strategy for the design of menin-MLL interaction inhibitors with potent binding affinity and improved physical properties. ",menin MLL inhibitor,1,163
1852528,Downregulation of HOXA9 gene in human MV4-11 cells incubated for 24 hrs by real-time PCR analysis,CHEMBL5107250,ChEMBL,ChEMBL,,,1,,2023/06/29 00:00,2023/06/29 00:00,"Title: Discovery of Novel, Potent, and Selective Small-Molecule Menin-Mixed Lineage Leukemia Interaction Inhibitors through Attempting Introduction of Hydrophilic Groups._||_Abstract: Introduction of the <i>N</i>,<i>N</i>-dimethylaminoethoxy group to pyrido[3,2-<i>d</i>]pyrimidine led to the discovery of menin-mixed lineage leukemia (MLL) interaction inhibitor <b>C20</b>. <b>C20</b> showed strong binding affinity to menin protein and achieved sub-micromolar potency in cell growth inhibition. <b>C20</b> had good selectivity for the inhibition of the interaction between menin and MLL in the kinase profile evaluation. Pharmacokinetic studies demonstrated that <b>C20</b> possessed good stability and low clearance rate in liver microsomes and acceptable bioavailability in rats. Subsequent oral administration of <b>C20</b> showed potent antitumor activity in the MV4;11 subcutaneous xenograft models of MLL-rearranged leukemia. The docking study showed that <b>C20</b> bound highly with menin, and the <i>N</i>,<i>N</i>-dimethylaminoethoxy group occupied the F9 pocket of menin. This study proved that introducing a hydrophilic group into the F9 pocket of menin would be a new strategy for the design of menin-MLL interaction inhibitors with potent binding affinity and improved physical properties. ",menin MLL inhibitor,1,164
1852527,Antiproliferative activity against human Pfeiffer cells assessed as reduction in cell viability,CHEMBL5107249,ChEMBL,ChEMBL,,,1,,2023/06/29 00:00,2023/06/29 00:00,"Title: Discovery of Novel, Potent, and Selective Small-Molecule Menin-Mixed Lineage Leukemia Interaction Inhibitors through Attempting Introduction of Hydrophilic Groups._||_Abstract: Introduction of the <i>N</i>,<i>N</i>-dimethylaminoethoxy group to pyrido[3,2-<i>d</i>]pyrimidine led to the discovery of menin-mixed lineage leukemia (MLL) interaction inhibitor <b>C20</b>. <b>C20</b> showed strong binding affinity to menin protein and achieved sub-micromolar potency in cell growth inhibition. <b>C20</b> had good selectivity for the inhibition of the interaction between menin and MLL in the kinase profile evaluation. Pharmacokinetic studies demonstrated that <b>C20</b> possessed good stability and low clearance rate in liver microsomes and acceptable bioavailability in rats. Subsequent oral administration of <b>C20</b> showed potent antitumor activity in the MV4;11 subcutaneous xenograft models of MLL-rearranged leukemia. The docking study showed that <b>C20</b> bound highly with menin, and the <i>N</i>,<i>N</i>-dimethylaminoethoxy group occupied the F9 pocket of menin. This study proved that introducing a hydrophilic group into the F9 pocket of menin would be a new strategy for the design of menin-MLL interaction inhibitors with potent binding affinity and improved physical properties. ",menin MLL inhibitor,1,165
1852526,Antiproliferative activity against human Ramos cells assessed as reduction in cell viability,CHEMBL5107248,ChEMBL,ChEMBL,,,1,,2023/06/29 00:00,2023/06/29 00:00,"Title: Discovery of Novel, Potent, and Selective Small-Molecule Menin-Mixed Lineage Leukemia Interaction Inhibitors through Attempting Introduction of Hydrophilic Groups._||_Abstract: Introduction of the <i>N</i>,<i>N</i>-dimethylaminoethoxy group to pyrido[3,2-<i>d</i>]pyrimidine led to the discovery of menin-mixed lineage leukemia (MLL) interaction inhibitor <b>C20</b>. <b>C20</b> showed strong binding affinity to menin protein and achieved sub-micromolar potency in cell growth inhibition. <b>C20</b> had good selectivity for the inhibition of the interaction between menin and MLL in the kinase profile evaluation. Pharmacokinetic studies demonstrated that <b>C20</b> possessed good stability and low clearance rate in liver microsomes and acceptable bioavailability in rats. Subsequent oral administration of <b>C20</b> showed potent antitumor activity in the MV4;11 subcutaneous xenograft models of MLL-rearranged leukemia. The docking study showed that <b>C20</b> bound highly with menin, and the <i>N</i>,<i>N</i>-dimethylaminoethoxy group occupied the F9 pocket of menin. This study proved that introducing a hydrophilic group into the F9 pocket of menin would be a new strategy for the design of menin-MLL interaction inhibitors with potent binding affinity and improved physical properties. ",menin MLL inhibitor,1,166
1852525,Antiproliferative activity against human Raji cells assessed as reduction in cell viability,CHEMBL5107247,ChEMBL,ChEMBL,,,1,,2023/06/29 00:00,2023/06/29 00:00,"Title: Discovery of Novel, Potent, and Selective Small-Molecule Menin-Mixed Lineage Leukemia Interaction Inhibitors through Attempting Introduction of Hydrophilic Groups._||_Abstract: Introduction of the <i>N</i>,<i>N</i>-dimethylaminoethoxy group to pyrido[3,2-<i>d</i>]pyrimidine led to the discovery of menin-mixed lineage leukemia (MLL) interaction inhibitor <b>C20</b>. <b>C20</b> showed strong binding affinity to menin protein and achieved sub-micromolar potency in cell growth inhibition. <b>C20</b> had good selectivity for the inhibition of the interaction between menin and MLL in the kinase profile evaluation. Pharmacokinetic studies demonstrated that <b>C20</b> possessed good stability and low clearance rate in liver microsomes and acceptable bioavailability in rats. Subsequent oral administration of <b>C20</b> showed potent antitumor activity in the MV4;11 subcutaneous xenograft models of MLL-rearranged leukemia. The docking study showed that <b>C20</b> bound highly with menin, and the <i>N</i>,<i>N</i>-dimethylaminoethoxy group occupied the F9 pocket of menin. This study proved that introducing a hydrophilic group into the F9 pocket of menin would be a new strategy for the design of menin-MLL interaction inhibitors with potent binding affinity and improved physical properties. ",menin MLL inhibitor,1,167
1852524,Antiproliferative activity against human SU-DHL-6 cells assessed as reduction in cell viability,CHEMBL5107246,ChEMBL,ChEMBL,,,1,,2023/06/29 00:00,2023/06/29 00:00,"Title: Discovery of Novel, Potent, and Selective Small-Molecule Menin-Mixed Lineage Leukemia Interaction Inhibitors through Attempting Introduction of Hydrophilic Groups._||_Abstract: Introduction of the <i>N</i>,<i>N</i>-dimethylaminoethoxy group to pyrido[3,2-<i>d</i>]pyrimidine led to the discovery of menin-mixed lineage leukemia (MLL) interaction inhibitor <b>C20</b>. <b>C20</b> showed strong binding affinity to menin protein and achieved sub-micromolar potency in cell growth inhibition. <b>C20</b> had good selectivity for the inhibition of the interaction between menin and MLL in the kinase profile evaluation. Pharmacokinetic studies demonstrated that <b>C20</b> possessed good stability and low clearance rate in liver microsomes and acceptable bioavailability in rats. Subsequent oral administration of <b>C20</b> showed potent antitumor activity in the MV4;11 subcutaneous xenograft models of MLL-rearranged leukemia. The docking study showed that <b>C20</b> bound highly with menin, and the <i>N</i>,<i>N</i>-dimethylaminoethoxy group occupied the F9 pocket of menin. This study proved that introducing a hydrophilic group into the F9 pocket of menin would be a new strategy for the design of menin-MLL interaction inhibitors with potent binding affinity and improved physical properties. ",menin MLL inhibitor,1,168
1852523,Antiproliferative activity against human MV4-11 cells assessed as reduction in cell viability measured for 3 days followed by replacement with fresh medium of compound and measured after 72 hrs by cell counting assay,CHEMBL5107245,ChEMBL,ChEMBL,Confirmatory,2,2,,2023/06/29 00:00,2023/06/29 00:00,"Title: Discovery of Novel, Potent, and Selective Small-Molecule Menin-Mixed Lineage Leukemia Interaction Inhibitors through Attempting Introduction of Hydrophilic Groups._||_Abstract: Introduction of the <i>N</i>,<i>N</i>-dimethylaminoethoxy group to pyrido[3,2-<i>d</i>]pyrimidine led to the discovery of menin-mixed lineage leukemia (MLL) interaction inhibitor <b>C20</b>. <b>C20</b> showed strong binding affinity to menin protein and achieved sub-micromolar potency in cell growth inhibition. <b>C20</b> had good selectivity for the inhibition of the interaction between menin and MLL in the kinase profile evaluation. Pharmacokinetic studies demonstrated that <b>C20</b> possessed good stability and low clearance rate in liver microsomes and acceptable bioavailability in rats. Subsequent oral administration of <b>C20</b> showed potent antitumor activity in the MV4;11 subcutaneous xenograft models of MLL-rearranged leukemia. The docking study showed that <b>C20</b> bound highly with menin, and the <i>N</i>,<i>N</i>-dimethylaminoethoxy group occupied the F9 pocket of menin. This study proved that introducing a hydrophilic group into the F9 pocket of menin would be a new strategy for the design of menin-MLL interaction inhibitors with potent binding affinity and improved physical properties. ",menin MLL inhibitor,1,169
1852522,Antiproliferative activity against human MV4-11 cells assessed as reduction in cell viability measured for 3 days by cell counting assay,CHEMBL5107244,ChEMBL,ChEMBL,Confirmatory,2,2,,2023/06/29 00:00,2023/06/29 00:00,"Title: Discovery of Novel, Potent, and Selective Small-Molecule Menin-Mixed Lineage Leukemia Interaction Inhibitors through Attempting Introduction of Hydrophilic Groups._||_Abstract: Introduction of the <i>N</i>,<i>N</i>-dimethylaminoethoxy group to pyrido[3,2-<i>d</i>]pyrimidine led to the discovery of menin-mixed lineage leukemia (MLL) interaction inhibitor <b>C20</b>. <b>C20</b> showed strong binding affinity to menin protein and achieved sub-micromolar potency in cell growth inhibition. <b>C20</b> had good selectivity for the inhibition of the interaction between menin and MLL in the kinase profile evaluation. Pharmacokinetic studies demonstrated that <b>C20</b> possessed good stability and low clearance rate in liver microsomes and acceptable bioavailability in rats. Subsequent oral administration of <b>C20</b> showed potent antitumor activity in the MV4;11 subcutaneous xenograft models of MLL-rearranged leukemia. The docking study showed that <b>C20</b> bound highly with menin, and the <i>N</i>,<i>N</i>-dimethylaminoethoxy group occupied the F9 pocket of menin. This study proved that introducing a hydrophilic group into the F9 pocket of menin would be a new strategy for the design of menin-MLL interaction inhibitors with potent binding affinity and improved physical properties. ",menin MLL inhibitor,1,170
1852521,Solubility of compound in phosphate buffer at pH 7.4 by spectrophotometric analysis,CHEMBL5107243,ChEMBL,ChEMBL,,,8,,2023/06/29 00:00,2023/06/29 00:00,"Title: Discovery of Novel, Potent, and Selective Small-Molecule Menin-Mixed Lineage Leukemia Interaction Inhibitors through Attempting Introduction of Hydrophilic Groups._||_Abstract: Introduction of the <i>N</i>,<i>N</i>-dimethylaminoethoxy group to pyrido[3,2-<i>d</i>]pyrimidine led to the discovery of menin-mixed lineage leukemia (MLL) interaction inhibitor <b>C20</b>. <b>C20</b> showed strong binding affinity to menin protein and achieved sub-micromolar potency in cell growth inhibition. <b>C20</b> had good selectivity for the inhibition of the interaction between menin and MLL in the kinase profile evaluation. Pharmacokinetic studies demonstrated that <b>C20</b> possessed good stability and low clearance rate in liver microsomes and acceptable bioavailability in rats. Subsequent oral administration of <b>C20</b> showed potent antitumor activity in the MV4;11 subcutaneous xenograft models of MLL-rearranged leukemia. The docking study showed that <b>C20</b> bound highly with menin, and the <i>N</i>,<i>N</i>-dimethylaminoethoxy group occupied the F9 pocket of menin. This study proved that introducing a hydrophilic group into the F9 pocket of menin would be a new strategy for the design of menin-MLL interaction inhibitors with potent binding affinity and improved physical properties. ",menin MLL inhibitor,1,171
1852520,Antiproliferative activity against human HL-60 cells harboring MLL-AF4 assessed as cell growth inhibition measured for 72 hrs by MTT assay,CHEMBL5107242,ChEMBL,ChEMBL,Confirmatory,3,38,,2023/06/29 00:00,2023/06/29 00:00,"Title: Discovery of Novel, Potent, and Selective Small-Molecule Menin-Mixed Lineage Leukemia Interaction Inhibitors through Attempting Introduction of Hydrophilic Groups._||_Abstract: Introduction of the <i>N</i>,<i>N</i>-dimethylaminoethoxy group to pyrido[3,2-<i>d</i>]pyrimidine led to the discovery of menin-mixed lineage leukemia (MLL) interaction inhibitor <b>C20</b>. <b>C20</b> showed strong binding affinity to menin protein and achieved sub-micromolar potency in cell growth inhibition. <b>C20</b> had good selectivity for the inhibition of the interaction between menin and MLL in the kinase profile evaluation. Pharmacokinetic studies demonstrated that <b>C20</b> possessed good stability and low clearance rate in liver microsomes and acceptable bioavailability in rats. Subsequent oral administration of <b>C20</b> showed potent antitumor activity in the MV4;11 subcutaneous xenograft models of MLL-rearranged leukemia. The docking study showed that <b>C20</b> bound highly with menin, and the <i>N</i>,<i>N</i>-dimethylaminoethoxy group occupied the F9 pocket of menin. This study proved that introducing a hydrophilic group into the F9 pocket of menin would be a new strategy for the design of menin-MLL interaction inhibitors with potent binding affinity and improved physical properties. ",menin MLL inhibitor,1,172
1852519,Antiproliferative activity against human MV4-11 cells harboring MLL-AF4 assessed as cell growth inhibition measured for 72 hrs by MTT assay,CHEMBL5107241,ChEMBL,ChEMBL,Confirmatory,22,38,,2023/06/29 00:00,2023/06/29 00:00,"Title: Discovery of Novel, Potent, and Selective Small-Molecule Menin-Mixed Lineage Leukemia Interaction Inhibitors through Attempting Introduction of Hydrophilic Groups._||_Abstract: Introduction of the <i>N</i>,<i>N</i>-dimethylaminoethoxy group to pyrido[3,2-<i>d</i>]pyrimidine led to the discovery of menin-mixed lineage leukemia (MLL) interaction inhibitor <b>C20</b>. <b>C20</b> showed strong binding affinity to menin protein and achieved sub-micromolar potency in cell growth inhibition. <b>C20</b> had good selectivity for the inhibition of the interaction between menin and MLL in the kinase profile evaluation. Pharmacokinetic studies demonstrated that <b>C20</b> possessed good stability and low clearance rate in liver microsomes and acceptable bioavailability in rats. Subsequent oral administration of <b>C20</b> showed potent antitumor activity in the MV4;11 subcutaneous xenograft models of MLL-rearranged leukemia. The docking study showed that <b>C20</b> bound highly with menin, and the <i>N</i>,<i>N</i>-dimethylaminoethoxy group occupied the F9 pocket of menin. This study proved that introducing a hydrophilic group into the F9 pocket of menin would be a new strategy for the design of menin-MLL interaction inhibitors with potent binding affinity and improved physical properties. ",menin MLL inhibitor,1,173
1817618,"Toxicity in NCG mouse xenografted with luciferase-tagged MV4-11 cells assessed as change in body weight at 150 mg/kg, po administered daily for 4 days measured after 48 hrs",CHEMBL5040231,ChEMBL,ChEMBL,,,1,,2023/03/14 00:00,2026/06/14 00:00,"Title: Discovery of M-1121 as an Orally Active Covalent Inhibitor of Menin-MLL Interaction Capable of Achieving Complete and Long-Lasting Tumor Regression._||_Abstract: Targeting the menin-MLL protein-protein interaction is being pursued as a new therapeutic strategy for the treatment of acute leukemia carrying MLL-rearrangements (MLLr leukemia). Herein, we report M-1121, a covalent and orally active inhibitor of the menin-MLL interaction capable of achieving complete and persistent tumor regression. M-1121 establishes covalent interactions with Cysteine 329 located in the MLL binding pocket of menin and potently inhibits growth of acute leukemia cell lines carrying MLL translocations with no activity in cell lines with wild-type MLL. Consistent with the mechanism of action, M-1121 drives dose-dependent down-regulation of <i>HOXA9</i> and <i>MEIS1</i> gene expression in the MLL-rearranged MV4;11 leukemia cell line. M-1121 is orally bioavailable and shows potent antitumor activity <i>in vivo</i> with tumor regressions observed at tolerated doses in the MV4;11 subcutaneous and disseminated models of MLL-rearranged leukemia. Together, our findings support development of an orally active covalent menin inhibitor as a new therapy for MLLr leukemia. ",menin MLL inhibitor,1,174
1817617,"Anti-tumor activity against luciferase-tagged human MV4-11 cells xenografted in NCG mouse assessed as decreased intensity of whole body bioluminescence signal at 150 mg/kg, po administered daily for 4 days measured after 48 hrs by bioluminescence analysis",CHEMBL5040230,ChEMBL,ChEMBL,,,1,,2023/03/14 00:00,2026/06/14 00:00,"Title: Discovery of M-1121 as an Orally Active Covalent Inhibitor of Menin-MLL Interaction Capable of Achieving Complete and Long-Lasting Tumor Regression._||_Abstract: Targeting the menin-MLL protein-protein interaction is being pursued as a new therapeutic strategy for the treatment of acute leukemia carrying MLL-rearrangements (MLLr leukemia). Herein, we report M-1121, a covalent and orally active inhibitor of the menin-MLL interaction capable of achieving complete and persistent tumor regression. M-1121 establishes covalent interactions with Cysteine 329 located in the MLL binding pocket of menin and potently inhibits growth of acute leukemia cell lines carrying MLL translocations with no activity in cell lines with wild-type MLL. Consistent with the mechanism of action, M-1121 drives dose-dependent down-regulation of <i>HOXA9</i> and <i>MEIS1</i> gene expression in the MLL-rearranged MV4;11 leukemia cell line. M-1121 is orally bioavailable and shows potent antitumor activity <i>in vivo</i> with tumor regressions observed at tolerated doses in the MV4;11 subcutaneous and disseminated models of MLL-rearranged leukemia. Together, our findings support development of an orally active covalent menin inhibitor as a new therapy for MLLr leukemia. ",menin MLL inhibitor,1,175
1817616,"Anti-tumor activity against luciferase-tagged human MV4-11 cells xenografted in NCG mouse assessed as reduction in number of CD45+/CD33+ cells at 150 mg/kg, po administered daily for 4 days measured after 48 hrs by flow cytometry",CHEMBL5040229,ChEMBL,ChEMBL,,,1,,2023/03/14 00:00,2026/06/14 00:00,"Title: Discovery of M-1121 as an Orally Active Covalent Inhibitor of Menin-MLL Interaction Capable of Achieving Complete and Long-Lasting Tumor Regression._||_Abstract: Targeting the menin-MLL protein-protein interaction is being pursued as a new therapeutic strategy for the treatment of acute leukemia carrying MLL-rearrangements (MLLr leukemia). Herein, we report M-1121, a covalent and orally active inhibitor of the menin-MLL interaction capable of achieving complete and persistent tumor regression. M-1121 establishes covalent interactions with Cysteine 329 located in the MLL binding pocket of menin and potently inhibits growth of acute leukemia cell lines carrying MLL translocations with no activity in cell lines with wild-type MLL. Consistent with the mechanism of action, M-1121 drives dose-dependent down-regulation of <i>HOXA9</i> and <i>MEIS1</i> gene expression in the MLL-rearranged MV4;11 leukemia cell line. M-1121 is orally bioavailable and shows potent antitumor activity <i>in vivo</i> with tumor regressions observed at tolerated doses in the MV4;11 subcutaneous and disseminated models of MLL-rearranged leukemia. Together, our findings support development of an orally active covalent menin inhibitor as a new therapy for MLLr leukemia. ",menin MLL inhibitor,1,176
1817615,"Anti-tumor activity against luciferase-tagged human MV4-11 cells xenografted in NCG mouse assessed as induction of CD11b protein in human CD45+ cells at 150 mg/kg, po administered daily for 4 days measured after 48 hrs by qRT-PCR analysis",CHEMBL5040228,ChEMBL,ChEMBL,,,1,,2023/03/14 00:00,2026/06/14 00:00,"Title: Discovery of M-1121 as an Orally Active Covalent Inhibitor of Menin-MLL Interaction Capable of Achieving Complete and Long-Lasting Tumor Regression._||_Abstract: Targeting the menin-MLL protein-protein interaction is being pursued as a new therapeutic strategy for the treatment of acute leukemia carrying MLL-rearrangements (MLLr leukemia). Herein, we report M-1121, a covalent and orally active inhibitor of the menin-MLL interaction capable of achieving complete and persistent tumor regression. M-1121 establishes covalent interactions with Cysteine 329 located in the MLL binding pocket of menin and potently inhibits growth of acute leukemia cell lines carrying MLL translocations with no activity in cell lines with wild-type MLL. Consistent with the mechanism of action, M-1121 drives dose-dependent down-regulation of <i>HOXA9</i> and <i>MEIS1</i> gene expression in the MLL-rearranged MV4;11 leukemia cell line. M-1121 is orally bioavailable and shows potent antitumor activity <i>in vivo</i> with tumor regressions observed at tolerated doses in the MV4;11 subcutaneous and disseminated models of MLL-rearranged leukemia. Together, our findings support development of an orally active covalent menin inhibitor as a new therapy for MLLr leukemia. ",menin MLL inhibitor,1,177
1817614,"Anti-tumor activity against luciferase-tagged human MV4-11 cells xenografted in NCG mouse assessed as induction of ITGAM marker in human CD45+ cells at 150 mg/kg, po administered daily for 4 days measured after 48 hrs by qRT-PCR analysis",CHEMBL5040227,ChEMBL,ChEMBL,,,1,,2023/03/14 00:00,2023/03/14 00:00,"Title: Discovery of M-1121 as an Orally Active Covalent Inhibitor of Menin-MLL Interaction Capable of Achieving Complete and Long-Lasting Tumor Regression._||_Abstract: Targeting the menin-MLL protein-protein interaction is being pursued as a new therapeutic strategy for the treatment of acute leukemia carrying MLL-rearrangements (MLLr leukemia). Herein, we report M-1121, a covalent and orally active inhibitor of the menin-MLL interaction capable of achieving complete and persistent tumor regression. M-1121 establishes covalent interactions with Cysteine 329 located in the MLL binding pocket of menin and potently inhibits growth of acute leukemia cell lines carrying MLL translocations with no activity in cell lines with wild-type MLL. Consistent with the mechanism of action, M-1121 drives dose-dependent down-regulation of <i>HOXA9</i> and <i>MEIS1</i> gene expression in the MLL-rearranged MV4;11 leukemia cell line. M-1121 is orally bioavailable and shows potent antitumor activity <i>in vivo</i> with tumor regressions observed at tolerated doses in the MV4;11 subcutaneous and disseminated models of MLL-rearranged leukemia. Together, our findings support development of an orally active covalent menin inhibitor as a new therapy for MLLr leukemia. ",menin MLL inhibitor,1,178
1817613,"Anti-tumor activity against luciferase-tagged human MV4-11 cells xenografted in NCG mouse assessed as suppression of MEIS1 gene expression in human CD45+ cells at 150 mg/kg, po administered daily for 4 days measured after 48 hrs by qRT-PCR analysis",CHEMBL5040226,ChEMBL,ChEMBL,,,1,,2023/03/14 00:00,2023/03/14 00:00,"Title: Discovery of M-1121 as an Orally Active Covalent Inhibitor of Menin-MLL Interaction Capable of Achieving Complete and Long-Lasting Tumor Regression._||_Abstract: Targeting the menin-MLL protein-protein interaction is being pursued as a new therapeutic strategy for the treatment of acute leukemia carrying MLL-rearrangements (MLLr leukemia). Herein, we report M-1121, a covalent and orally active inhibitor of the menin-MLL interaction capable of achieving complete and persistent tumor regression. M-1121 establishes covalent interactions with Cysteine 329 located in the MLL binding pocket of menin and potently inhibits growth of acute leukemia cell lines carrying MLL translocations with no activity in cell lines with wild-type MLL. Consistent with the mechanism of action, M-1121 drives dose-dependent down-regulation of <i>HOXA9</i> and <i>MEIS1</i> gene expression in the MLL-rearranged MV4;11 leukemia cell line. M-1121 is orally bioavailable and shows potent antitumor activity <i>in vivo</i> with tumor regressions observed at tolerated doses in the MV4;11 subcutaneous and disseminated models of MLL-rearranged leukemia. Together, our findings support development of an orally active covalent menin inhibitor as a new therapy for MLLr leukemia. ",menin MLL inhibitor,1,179
1817612,"Toxicity in SCID mouse xenografted with human MV4-11 cells assessed as signs of toxicity at 300 mg/kg, po qd administered daily for 15 days",CHEMBL5040225,ChEMBL,ChEMBL,,,1,,2023/03/14 00:00,2026/06/14 00:00,"Title: Discovery of M-1121 as an Orally Active Covalent Inhibitor of Menin-MLL Interaction Capable of Achieving Complete and Long-Lasting Tumor Regression._||_Abstract: Targeting the menin-MLL protein-protein interaction is being pursued as a new therapeutic strategy for the treatment of acute leukemia carrying MLL-rearrangements (MLLr leukemia). Herein, we report M-1121, a covalent and orally active inhibitor of the menin-MLL interaction capable of achieving complete and persistent tumor regression. M-1121 establishes covalent interactions with Cysteine 329 located in the MLL binding pocket of menin and potently inhibits growth of acute leukemia cell lines carrying MLL translocations with no activity in cell lines with wild-type MLL. Consistent with the mechanism of action, M-1121 drives dose-dependent down-regulation of <i>HOXA9</i> and <i>MEIS1</i> gene expression in the MLL-rearranged MV4;11 leukemia cell line. M-1121 is orally bioavailable and shows potent antitumor activity <i>in vivo</i> with tumor regressions observed at tolerated doses in the MV4;11 subcutaneous and disseminated models of MLL-rearranged leukemia. Together, our findings support development of an orally active covalent menin inhibitor as a new therapy for MLLr leukemia. ",menin MLL inhibitor,1,180
1817611,"Toxicity in SCID mouse xenografted with human MV4-11 cells assessed as change weight loss at 300 mg/kg, po qd administered daily for 15 days",CHEMBL5040224,ChEMBL,ChEMBL,,,1,,2023/03/14 00:00,2026/06/14 00:00,"Title: Discovery of M-1121 as an Orally Active Covalent Inhibitor of Menin-MLL Interaction Capable of Achieving Complete and Long-Lasting Tumor Regression._||_Abstract: Targeting the menin-MLL protein-protein interaction is being pursued as a new therapeutic strategy for the treatment of acute leukemia carrying MLL-rearrangements (MLLr leukemia). Herein, we report M-1121, a covalent and orally active inhibitor of the menin-MLL interaction capable of achieving complete and persistent tumor regression. M-1121 establishes covalent interactions with Cysteine 329 located in the MLL binding pocket of menin and potently inhibits growth of acute leukemia cell lines carrying MLL translocations with no activity in cell lines with wild-type MLL. Consistent with the mechanism of action, M-1121 drives dose-dependent down-regulation of <i>HOXA9</i> and <i>MEIS1</i> gene expression in the MLL-rearranged MV4;11 leukemia cell line. M-1121 is orally bioavailable and shows potent antitumor activity <i>in vivo</i> with tumor regressions observed at tolerated doses in the MV4;11 subcutaneous and disseminated models of MLL-rearranged leukemia. Together, our findings support development of an orally active covalent menin inhibitor as a new therapy for MLLr leukemia. ",menin MLL inhibitor,1,181
1817610,"Anti-tumor activity against human MV4-11 cells xenografted in SCID mouse assessed as tumor regrowth at 300 mg/kg, po qd administered daily for 15 days",CHEMBL5040223,ChEMBL,ChEMBL,,,1,,2023/03/14 00:00,2026/06/14 00:00,"Title: Discovery of M-1121 as an Orally Active Covalent Inhibitor of Menin-MLL Interaction Capable of Achieving Complete and Long-Lasting Tumor Regression._||_Abstract: Targeting the menin-MLL protein-protein interaction is being pursued as a new therapeutic strategy for the treatment of acute leukemia carrying MLL-rearrangements (MLLr leukemia). Herein, we report M-1121, a covalent and orally active inhibitor of the menin-MLL interaction capable of achieving complete and persistent tumor regression. M-1121 establishes covalent interactions with Cysteine 329 located in the MLL binding pocket of menin and potently inhibits growth of acute leukemia cell lines carrying MLL translocations with no activity in cell lines with wild-type MLL. Consistent with the mechanism of action, M-1121 drives dose-dependent down-regulation of <i>HOXA9</i> and <i>MEIS1</i> gene expression in the MLL-rearranged MV4;11 leukemia cell line. M-1121 is orally bioavailable and shows potent antitumor activity <i>in vivo</i> with tumor regressions observed at tolerated doses in the MV4;11 subcutaneous and disseminated models of MLL-rearranged leukemia. Together, our findings support development of an orally active covalent menin inhibitor as a new therapy for MLLr leukemia. ",menin MLL inhibitor,1,182
1817609,"Toxicity in SCID mouse xenografted with human MV4-11 cells assessed as signs of toxicity at 100 mg/kg, po administered daily for 26 days",CHEMBL5040222,ChEMBL,ChEMBL,,,1,,2023/03/14 00:00,2026/06/14 00:00,"Title: Discovery of M-1121 as an Orally Active Covalent Inhibitor of Menin-MLL Interaction Capable of Achieving Complete and Long-Lasting Tumor Regression._||_Abstract: Targeting the menin-MLL protein-protein interaction is being pursued as a new therapeutic strategy for the treatment of acute leukemia carrying MLL-rearrangements (MLLr leukemia). Herein, we report M-1121, a covalent and orally active inhibitor of the menin-MLL interaction capable of achieving complete and persistent tumor regression. M-1121 establishes covalent interactions with Cysteine 329 located in the MLL binding pocket of menin and potently inhibits growth of acute leukemia cell lines carrying MLL translocations with no activity in cell lines with wild-type MLL. Consistent with the mechanism of action, M-1121 drives dose-dependent down-regulation of <i>HOXA9</i> and <i>MEIS1</i> gene expression in the MLL-rearranged MV4;11 leukemia cell line. M-1121 is orally bioavailable and shows potent antitumor activity <i>in vivo</i> with tumor regressions observed at tolerated doses in the MV4;11 subcutaneous and disseminated models of MLL-rearranged leukemia. Together, our findings support development of an orally active covalent menin inhibitor as a new therapy for MLLr leukemia. ",menin MLL inhibitor,1,183
1817608,"Toxicity in SCID mouse xenografted with human MV4-11 cells assessed as change weight loss at 100 mg/kg, po administered daily for 26 days",CHEMBL5040221,ChEMBL,ChEMBL,,,1,,2023/03/14 00:00,2026/06/14 00:00,"Title: Discovery of M-1121 as an Orally Active Covalent Inhibitor of Menin-MLL Interaction Capable of Achieving Complete and Long-Lasting Tumor Regression._||_Abstract: Targeting the menin-MLL protein-protein interaction is being pursued as a new therapeutic strategy for the treatment of acute leukemia carrying MLL-rearrangements (MLLr leukemia). Herein, we report M-1121, a covalent and orally active inhibitor of the menin-MLL interaction capable of achieving complete and persistent tumor regression. M-1121 establishes covalent interactions with Cysteine 329 located in the MLL binding pocket of menin and potently inhibits growth of acute leukemia cell lines carrying MLL translocations with no activity in cell lines with wild-type MLL. Consistent with the mechanism of action, M-1121 drives dose-dependent down-regulation of <i>HOXA9</i> and <i>MEIS1</i> gene expression in the MLL-rearranged MV4;11 leukemia cell line. M-1121 is orally bioavailable and shows potent antitumor activity <i>in vivo</i> with tumor regressions observed at tolerated doses in the MV4;11 subcutaneous and disseminated models of MLL-rearranged leukemia. Together, our findings support development of an orally active covalent menin inhibitor as a new therapy for MLLr leukemia. ",menin MLL inhibitor,1,184
1817607,"Anti-tumor activity against human MV4-11 cells xenografted in SCID mouse assessed as reduction in tumor volume at 100 mg/kg, po administered daily for 26 days relative to control",CHEMBL5040220,ChEMBL,ChEMBL,,,1,,2023/03/14 00:00,2023/03/14 00:00,"Title: Discovery of M-1121 as an Orally Active Covalent Inhibitor of Menin-MLL Interaction Capable of Achieving Complete and Long-Lasting Tumor Regression._||_Abstract: Targeting the menin-MLL protein-protein interaction is being pursued as a new therapeutic strategy for the treatment of acute leukemia carrying MLL-rearrangements (MLLr leukemia). Herein, we report M-1121, a covalent and orally active inhibitor of the menin-MLL interaction capable of achieving complete and persistent tumor regression. M-1121 establishes covalent interactions with Cysteine 329 located in the MLL binding pocket of menin and potently inhibits growth of acute leukemia cell lines carrying MLL translocations with no activity in cell lines with wild-type MLL. Consistent with the mechanism of action, M-1121 drives dose-dependent down-regulation of <i>HOXA9</i> and <i>MEIS1</i> gene expression in the MLL-rearranged MV4;11 leukemia cell line. M-1121 is orally bioavailable and shows potent antitumor activity <i>in vivo</i> with tumor regressions observed at tolerated doses in the MV4;11 subcutaneous and disseminated models of MLL-rearranged leukemia. Together, our findings support development of an orally active covalent menin inhibitor as a new therapy for MLLr leukemia. ",menin MLL inhibitor,1,185
1817606,Protein binding in mouse plasma at 1 uM incubated for 5 hrs by liquid chromatography-tandem mass spectrometry,CHEMBL5040219,ChEMBL,ChEMBL,,,1,,2023/03/14 00:00,2023/03/14 00:00,"Title: Discovery of M-1121 as an Orally Active Covalent Inhibitor of Menin-MLL Interaction Capable of Achieving Complete and Long-Lasting Tumor Regression._||_Abstract: Targeting the menin-MLL protein-protein interaction is being pursued as a new therapeutic strategy for the treatment of acute leukemia carrying MLL-rearrangements (MLLr leukemia). Herein, we report M-1121, a covalent and orally active inhibitor of the menin-MLL interaction capable of achieving complete and persistent tumor regression. M-1121 establishes covalent interactions with Cysteine 329 located in the MLL binding pocket of menin and potently inhibits growth of acute leukemia cell lines carrying MLL translocations with no activity in cell lines with wild-type MLL. Consistent with the mechanism of action, M-1121 drives dose-dependent down-regulation of <i>HOXA9</i> and <i>MEIS1</i> gene expression in the MLL-rearranged MV4;11 leukemia cell line. M-1121 is orally bioavailable and shows potent antitumor activity <i>in vivo</i> with tumor regressions observed at tolerated doses in the MV4;11 subcutaneous and disseminated models of MLL-rearranged leukemia. Together, our findings support development of an orally active covalent menin inhibitor as a new therapy for MLLr leukemia. ",menin MLL inhibitor,1,186
1817605,Protein binding in rat plasma at 1 uM incubated for 5 hrs by liquid chromatography-tandem mass spectrometry,CHEMBL5040218,ChEMBL,ChEMBL,,,1,,2023/03/14 00:00,2023/03/14 00:00,"Title: Discovery of M-1121 as an Orally Active Covalent Inhibitor of Menin-MLL Interaction Capable of Achieving Complete and Long-Lasting Tumor Regression._||_Abstract: Targeting the menin-MLL protein-protein interaction is being pursued as a new therapeutic strategy for the treatment of acute leukemia carrying MLL-rearrangements (MLLr leukemia). Herein, we report M-1121, a covalent and orally active inhibitor of the menin-MLL interaction capable of achieving complete and persistent tumor regression. M-1121 establishes covalent interactions with Cysteine 329 located in the MLL binding pocket of menin and potently inhibits growth of acute leukemia cell lines carrying MLL translocations with no activity in cell lines with wild-type MLL. Consistent with the mechanism of action, M-1121 drives dose-dependent down-regulation of <i>HOXA9</i> and <i>MEIS1</i> gene expression in the MLL-rearranged MV4;11 leukemia cell line. M-1121 is orally bioavailable and shows potent antitumor activity <i>in vivo</i> with tumor regressions observed at tolerated doses in the MV4;11 subcutaneous and disseminated models of MLL-rearranged leukemia. Together, our findings support development of an orally active covalent menin inhibitor as a new therapy for MLLr leukemia. ",menin MLL inhibitor,1,187
1817604,Protein binding in human plasma at 1 uM incubated for 5 hrs by liquid chromatography-tandem mass spectrometry,CHEMBL5040217,ChEMBL,ChEMBL,,,1,,2023/03/14 00:00,2023/03/14 00:00,"Title: Discovery of M-1121 as an Orally Active Covalent Inhibitor of Menin-MLL Interaction Capable of Achieving Complete and Long-Lasting Tumor Regression._||_Abstract: Targeting the menin-MLL protein-protein interaction is being pursued as a new therapeutic strategy for the treatment of acute leukemia carrying MLL-rearrangements (MLLr leukemia). Herein, we report M-1121, a covalent and orally active inhibitor of the menin-MLL interaction capable of achieving complete and persistent tumor regression. M-1121 establishes covalent interactions with Cysteine 329 located in the MLL binding pocket of menin and potently inhibits growth of acute leukemia cell lines carrying MLL translocations with no activity in cell lines with wild-type MLL. Consistent with the mechanism of action, M-1121 drives dose-dependent down-regulation of <i>HOXA9</i> and <i>MEIS1</i> gene expression in the MLL-rearranged MV4;11 leukemia cell line. M-1121 is orally bioavailable and shows potent antitumor activity <i>in vivo</i> with tumor regressions observed at tolerated doses in the MV4;11 subcutaneous and disseminated models of MLL-rearranged leukemia. Together, our findings support development of an orally active covalent menin inhibitor as a new therapy for MLLr leukemia. ",menin MLL inhibitor,1,188
1817603,Suppression of HOXA9 gene expression in human MV4-11 cells at 10 nM measured after 24 hrs by qRT-PCR analysis,CHEMBL5040216,ChEMBL,ChEMBL,,,1,,2023/03/14 00:00,2026/06/14 00:00,"Title: Discovery of M-1121 as an Orally Active Covalent Inhibitor of Menin-MLL Interaction Capable of Achieving Complete and Long-Lasting Tumor Regression._||_Abstract: Targeting the menin-MLL protein-protein interaction is being pursued as a new therapeutic strategy for the treatment of acute leukemia carrying MLL-rearrangements (MLLr leukemia). Herein, we report M-1121, a covalent and orally active inhibitor of the menin-MLL interaction capable of achieving complete and persistent tumor regression. M-1121 establishes covalent interactions with Cysteine 329 located in the MLL binding pocket of menin and potently inhibits growth of acute leukemia cell lines carrying MLL translocations with no activity in cell lines with wild-type MLL. Consistent with the mechanism of action, M-1121 drives dose-dependent down-regulation of <i>HOXA9</i> and <i>MEIS1</i> gene expression in the MLL-rearranged MV4;11 leukemia cell line. M-1121 is orally bioavailable and shows potent antitumor activity <i>in vivo</i> with tumor regressions observed at tolerated doses in the MV4;11 subcutaneous and disseminated models of MLL-rearranged leukemia. Together, our findings support development of an orally active covalent menin inhibitor as a new therapy for MLLr leukemia. ",menin MLL inhibitor,1,189
1817602,GSH reactivity in pH 7.4 assessed as conjugation half life at pH 7.4,CHEMBL5040215,ChEMBL,ChEMBL,,,1,,2023/03/14 00:00,2023/03/14 00:00,"Title: Discovery of M-1121 as an Orally Active Covalent Inhibitor of Menin-MLL Interaction Capable of Achieving Complete and Long-Lasting Tumor Regression._||_Abstract: Targeting the menin-MLL protein-protein interaction is being pursued as a new therapeutic strategy for the treatment of acute leukemia carrying MLL-rearrangements (MLLr leukemia). Herein, we report M-1121, a covalent and orally active inhibitor of the menin-MLL interaction capable of achieving complete and persistent tumor regression. M-1121 establishes covalent interactions with Cysteine 329 located in the MLL binding pocket of menin and potently inhibits growth of acute leukemia cell lines carrying MLL translocations with no activity in cell lines with wild-type MLL. Consistent with the mechanism of action, M-1121 drives dose-dependent down-regulation of <i>HOXA9</i> and <i>MEIS1</i> gene expression in the MLL-rearranged MV4;11 leukemia cell line. M-1121 is orally bioavailable and shows potent antitumor activity <i>in vivo</i> with tumor regressions observed at tolerated doses in the MV4;11 subcutaneous and disseminated models of MLL-rearranged leukemia. Together, our findings support development of an orally active covalent menin inhibitor as a new therapy for MLLr leukemia. ",menin MLL inhibitor,1,190
1817601,Anti-proliferative activity against human MEG-01 cells harboring MLL wild-type protein assessed as cell growth inhibition measured after 4 days by Cell Titre Glo Luminescent Cell viability assay,CHEMBL5040214,ChEMBL,ChEMBL,Confirmatory,,1,,2023/03/14 00:00,2023/03/14 00:00,"Title: Discovery of M-1121 as an Orally Active Covalent Inhibitor of Menin-MLL Interaction Capable of Achieving Complete and Long-Lasting Tumor Regression._||_Abstract: Targeting the menin-MLL protein-protein interaction is being pursued as a new therapeutic strategy for the treatment of acute leukemia carrying MLL-rearrangements (MLLr leukemia). Herein, we report M-1121, a covalent and orally active inhibitor of the menin-MLL interaction capable of achieving complete and persistent tumor regression. M-1121 establishes covalent interactions with Cysteine 329 located in the MLL binding pocket of menin and potently inhibits growth of acute leukemia cell lines carrying MLL translocations with no activity in cell lines with wild-type MLL. Consistent with the mechanism of action, M-1121 drives dose-dependent down-regulation of <i>HOXA9</i> and <i>MEIS1</i> gene expression in the MLL-rearranged MV4;11 leukemia cell line. M-1121 is orally bioavailable and shows potent antitumor activity <i>in vivo</i> with tumor regressions observed at tolerated doses in the MV4;11 subcutaneous and disseminated models of MLL-rearranged leukemia. Together, our findings support development of an orally active covalent menin inhibitor as a new therapy for MLLr leukemia. ",menin MLL inhibitor,1,191
1817600,Anti-proliferative activity against human K562 cells harboring MLL wild-type protein assessed as cell growth inhibition measured after 4 days by Cell Titre Glo Luminescent Cell viability assay,CHEMBL5040213,ChEMBL,ChEMBL,Confirmatory,,1,,2023/03/14 00:00,2023/03/14 00:00,"Title: Discovery of M-1121 as an Orally Active Covalent Inhibitor of Menin-MLL Interaction Capable of Achieving Complete and Long-Lasting Tumor Regression._||_Abstract: Targeting the menin-MLL protein-protein interaction is being pursued as a new therapeutic strategy for the treatment of acute leukemia carrying MLL-rearrangements (MLLr leukemia). Herein, we report M-1121, a covalent and orally active inhibitor of the menin-MLL interaction capable of achieving complete and persistent tumor regression. M-1121 establishes covalent interactions with Cysteine 329 located in the MLL binding pocket of menin and potently inhibits growth of acute leukemia cell lines carrying MLL translocations with no activity in cell lines with wild-type MLL. Consistent with the mechanism of action, M-1121 drives dose-dependent down-regulation of <i>HOXA9</i> and <i>MEIS1</i> gene expression in the MLL-rearranged MV4;11 leukemia cell line. M-1121 is orally bioavailable and shows potent antitumor activity <i>in vivo</i> with tumor regressions observed at tolerated doses in the MV4;11 subcutaneous and disseminated models of MLL-rearranged leukemia. Together, our findings support development of an orally active covalent menin inhibitor as a new therapy for MLLr leukemia. ",menin MLL inhibitor,1,192
1817599,Anti-proliferative activity against human HL-60 cells harboring MLL wild-type protein assessed as cell growth inhibition measured after 4 days by Cell Titre Glo Luminescent Cell viability assay,CHEMBL5040212,ChEMBL,ChEMBL,Confirmatory,,1,,2023/03/14 00:00,2023/03/14 00:00,"Title: Discovery of M-1121 as an Orally Active Covalent Inhibitor of Menin-MLL Interaction Capable of Achieving Complete and Long-Lasting Tumor Regression._||_Abstract: Targeting the menin-MLL protein-protein interaction is being pursued as a new therapeutic strategy for the treatment of acute leukemia carrying MLL-rearrangements (MLLr leukemia). Herein, we report M-1121, a covalent and orally active inhibitor of the menin-MLL interaction capable of achieving complete and persistent tumor regression. M-1121 establishes covalent interactions with Cysteine 329 located in the MLL binding pocket of menin and potently inhibits growth of acute leukemia cell lines carrying MLL translocations with no activity in cell lines with wild-type MLL. Consistent with the mechanism of action, M-1121 drives dose-dependent down-regulation of <i>HOXA9</i> and <i>MEIS1</i> gene expression in the MLL-rearranged MV4;11 leukemia cell line. M-1121 is orally bioavailable and shows potent antitumor activity <i>in vivo</i> with tumor regressions observed at tolerated doses in the MV4;11 subcutaneous and disseminated models of MLL-rearranged leukemia. Together, our findings support development of an orally active covalent menin inhibitor as a new therapy for MLLr leukemia. ",menin MLL inhibitor,1,193
1817598,Anti-proliferative activity against human RS4-11 cells harboring MLL/AF4 fusion protein assessed as cell growth inhibition measured after 4 days by Cell Titre Glo Luminescent Cell viability assay,CHEMBL5040211,ChEMBL,ChEMBL,Confirmatory,1,1,,2023/03/14 00:00,2023/03/14 00:00,"Title: Discovery of M-1121 as an Orally Active Covalent Inhibitor of Menin-MLL Interaction Capable of Achieving Complete and Long-Lasting Tumor Regression._||_Abstract: Targeting the menin-MLL protein-protein interaction is being pursued as a new therapeutic strategy for the treatment of acute leukemia carrying MLL-rearrangements (MLLr leukemia). Herein, we report M-1121, a covalent and orally active inhibitor of the menin-MLL interaction capable of achieving complete and persistent tumor regression. M-1121 establishes covalent interactions with Cysteine 329 located in the MLL binding pocket of menin and potently inhibits growth of acute leukemia cell lines carrying MLL translocations with no activity in cell lines with wild-type MLL. Consistent with the mechanism of action, M-1121 drives dose-dependent down-regulation of <i>HOXA9</i> and <i>MEIS1</i> gene expression in the MLL-rearranged MV4;11 leukemia cell line. M-1121 is orally bioavailable and shows potent antitumor activity <i>in vivo</i> with tumor regressions observed at tolerated doses in the MV4;11 subcutaneous and disseminated models of MLL-rearranged leukemia. Together, our findings support development of an orally active covalent menin inhibitor as a new therapy for MLLr leukemia. ",menin MLL inhibitor,1,194
1817597,Anti-proliferative activity against human KOPN-8 cells harboring MLL/ENL fusion protein assessed as cell growth inhibition measured after 4 days by Cell Titre Glo Luminescent Cell viability assay,CHEMBL5040210,ChEMBL,ChEMBL,Confirmatory,1,1,,2023/03/14 00:00,2023/03/14 00:00,"Title: Discovery of M-1121 as an Orally Active Covalent Inhibitor of Menin-MLL Interaction Capable of Achieving Complete and Long-Lasting Tumor Regression._||_Abstract: Targeting the menin-MLL protein-protein interaction is being pursued as a new therapeutic strategy for the treatment of acute leukemia carrying MLL-rearrangements (MLLr leukemia). Herein, we report M-1121, a covalent and orally active inhibitor of the menin-MLL interaction capable of achieving complete and persistent tumor regression. M-1121 establishes covalent interactions with Cysteine 329 located in the MLL binding pocket of menin and potently inhibits growth of acute leukemia cell lines carrying MLL translocations with no activity in cell lines with wild-type MLL. Consistent with the mechanism of action, M-1121 drives dose-dependent down-regulation of <i>HOXA9</i> and <i>MEIS1</i> gene expression in the MLL-rearranged MV4;11 leukemia cell line. M-1121 is orally bioavailable and shows potent antitumor activity <i>in vivo</i> with tumor regressions observed at tolerated doses in the MV4;11 subcutaneous and disseminated models of MLL-rearranged leukemia. Together, our findings support development of an orally active covalent menin inhibitor as a new therapy for MLLr leukemia. ",menin MLL inhibitor,1,195
1817596,Anti-proliferative activity against human SEM cells harboring MLL/AF4 fusion protein assessed as cell growth inhibition measured after 4 days by Cell Titre Glo Luminescent Cell viability assay,CHEMBL5040209,ChEMBL,ChEMBL,Confirmatory,1,1,,2023/03/14 00:00,2023/03/14 00:00,"Title: Discovery of M-1121 as an Orally Active Covalent Inhibitor of Menin-MLL Interaction Capable of Achieving Complete and Long-Lasting Tumor Regression._||_Abstract: Targeting the menin-MLL protein-protein interaction is being pursued as a new therapeutic strategy for the treatment of acute leukemia carrying MLL-rearrangements (MLLr leukemia). Herein, we report M-1121, a covalent and orally active inhibitor of the menin-MLL interaction capable of achieving complete and persistent tumor regression. M-1121 establishes covalent interactions with Cysteine 329 located in the MLL binding pocket of menin and potently inhibits growth of acute leukemia cell lines carrying MLL translocations with no activity in cell lines with wild-type MLL. Consistent with the mechanism of action, M-1121 drives dose-dependent down-regulation of <i>HOXA9</i> and <i>MEIS1</i> gene expression in the MLL-rearranged MV4;11 leukemia cell line. M-1121 is orally bioavailable and shows potent antitumor activity <i>in vivo</i> with tumor regressions observed at tolerated doses in the MV4;11 subcutaneous and disseminated models of MLL-rearranged leukemia. Together, our findings support development of an orally active covalent menin inhibitor as a new therapy for MLLr leukemia. ",menin MLL inhibitor,1,196
1817595,Anti-proliferative activity against human OCI-AML-4 cells harboring MLL-ENL fusion protein assessed as cell growth inhibition measured after 4 days by Cell Titre Glo Luminescent Cell viability assay,CHEMBL5040208,ChEMBL,ChEMBL,Confirmatory,1,1,,2023/03/14 00:00,2023/03/14 00:00,"Title: Discovery of M-1121 as an Orally Active Covalent Inhibitor of Menin-MLL Interaction Capable of Achieving Complete and Long-Lasting Tumor Regression._||_Abstract: Targeting the menin-MLL protein-protein interaction is being pursued as a new therapeutic strategy for the treatment of acute leukemia carrying MLL-rearrangements (MLLr leukemia). Herein, we report M-1121, a covalent and orally active inhibitor of the menin-MLL interaction capable of achieving complete and persistent tumor regression. M-1121 establishes covalent interactions with Cysteine 329 located in the MLL binding pocket of menin and potently inhibits growth of acute leukemia cell lines carrying MLL translocations with no activity in cell lines with wild-type MLL. Consistent with the mechanism of action, M-1121 drives dose-dependent down-regulation of <i>HOXA9</i> and <i>MEIS1</i> gene expression in the MLL-rearranged MV4;11 leukemia cell line. M-1121 is orally bioavailable and shows potent antitumor activity <i>in vivo</i> with tumor regressions observed at tolerated doses in the MV4;11 subcutaneous and disseminated models of MLL-rearranged leukemia. Together, our findings support development of an orally active covalent menin inhibitor as a new therapy for MLLr leukemia. ",menin MLL inhibitor,1,197
1817594,"Plasma concentration in mouse at 25 mg/kg, po measured after 6 hrs",CHEMBL5040207,ChEMBL,ChEMBL,,,3,,2023/03/14 00:00,2023/06/29 00:00,"Title: Discovery of M-1121 as an Orally Active Covalent Inhibitor of Menin-MLL Interaction Capable of Achieving Complete and Long-Lasting Tumor Regression._||_Abstract: Targeting the menin-MLL protein-protein interaction is being pursued as a new therapeutic strategy for the treatment of acute leukemia carrying MLL-rearrangements (MLLr leukemia). Herein, we report M-1121, a covalent and orally active inhibitor of the menin-MLL interaction capable of achieving complete and persistent tumor regression. M-1121 establishes covalent interactions with Cysteine 329 located in the MLL binding pocket of menin and potently inhibits growth of acute leukemia cell lines carrying MLL translocations with no activity in cell lines with wild-type MLL. Consistent with the mechanism of action, M-1121 drives dose-dependent down-regulation of <i>HOXA9</i> and <i>MEIS1</i> gene expression in the MLL-rearranged MV4;11 leukemia cell line. M-1121 is orally bioavailable and shows potent antitumor activity <i>in vivo</i> with tumor regressions observed at tolerated doses in the MV4;11 subcutaneous and disseminated models of MLL-rearranged leukemia. Together, our findings support development of an orally active covalent menin inhibitor as a new therapy for MLLr leukemia. ",menin MLL inhibitor,1,198
1817593,"Plasma concentration in mouse at 25 mg/kg, po measured after 3 hrs",CHEMBL5040206,ChEMBL,ChEMBL,,,3,,2023/03/14 00:00,2023/06/29 00:00,"Title: Discovery of M-1121 as an Orally Active Covalent Inhibitor of Menin-MLL Interaction Capable of Achieving Complete and Long-Lasting Tumor Regression._||_Abstract: Targeting the menin-MLL protein-protein interaction is being pursued as a new therapeutic strategy for the treatment of acute leukemia carrying MLL-rearrangements (MLLr leukemia). Herein, we report M-1121, a covalent and orally active inhibitor of the menin-MLL interaction capable of achieving complete and persistent tumor regression. M-1121 establishes covalent interactions with Cysteine 329 located in the MLL binding pocket of menin and potently inhibits growth of acute leukemia cell lines carrying MLL translocations with no activity in cell lines with wild-type MLL. Consistent with the mechanism of action, M-1121 drives dose-dependent down-regulation of <i>HOXA9</i> and <i>MEIS1</i> gene expression in the MLL-rearranged MV4;11 leukemia cell line. M-1121 is orally bioavailable and shows potent antitumor activity <i>in vivo</i> with tumor regressions observed at tolerated doses in the MV4;11 subcutaneous and disseminated models of MLL-rearranged leukemia. Together, our findings support development of an orally active covalent menin inhibitor as a new therapy for MLLr leukemia. ",menin MLL inhibitor,1,199
1817592,"Plasma concentration in mouse at 25 mg/kg, po measured after 1 hr",CHEMBL5040205,ChEMBL,ChEMBL,,,3,,2023/03/14 00:00,2023/06/29 00:00,"Title: Discovery of M-1121 as an Orally Active Covalent Inhibitor of Menin-MLL Interaction Capable of Achieving Complete and Long-Lasting Tumor Regression._||_Abstract: Targeting the menin-MLL protein-protein interaction is being pursued as a new therapeutic strategy for the treatment of acute leukemia carrying MLL-rearrangements (MLLr leukemia). Herein, we report M-1121, a covalent and orally active inhibitor of the menin-MLL interaction capable of achieving complete and persistent tumor regression. M-1121 establishes covalent interactions with Cysteine 329 located in the MLL binding pocket of menin and potently inhibits growth of acute leukemia cell lines carrying MLL translocations with no activity in cell lines with wild-type MLL. Consistent with the mechanism of action, M-1121 drives dose-dependent down-regulation of <i>HOXA9</i> and <i>MEIS1</i> gene expression in the MLL-rearranged MV4;11 leukemia cell line. M-1121 is orally bioavailable and shows potent antitumor activity <i>in vivo</i> with tumor regressions observed at tolerated doses in the MV4;11 subcutaneous and disseminated models of MLL-rearranged leukemia. Together, our findings support development of an orally active covalent menin inhibitor as a new therapy for MLLr leukemia. ",menin MLL inhibitor,1,200
1817591,Oral bioavailability in C57BL/6 mouse at 5 mg/kg,CHEMBL5040204,ChEMBL,ChEMBL,,,1,,2023/03/14 00:00,2023/03/14 00:00,"Title: Discovery of M-1121 as an Orally Active Covalent Inhibitor of Menin-MLL Interaction Capable of Achieving Complete and Long-Lasting Tumor Regression._||_Abstract: Targeting the menin-MLL protein-protein interaction is being pursued as a new therapeutic strategy for the treatment of acute leukemia carrying MLL-rearrangements (MLLr leukemia). Herein, we report M-1121, a covalent and orally active inhibitor of the menin-MLL interaction capable of achieving complete and persistent tumor regression. M-1121 establishes covalent interactions with Cysteine 329 located in the MLL binding pocket of menin and potently inhibits growth of acute leukemia cell lines carrying MLL translocations with no activity in cell lines with wild-type MLL. Consistent with the mechanism of action, M-1121 drives dose-dependent down-regulation of <i>HOXA9</i> and <i>MEIS1</i> gene expression in the MLL-rearranged MV4;11 leukemia cell line. M-1121 is orally bioavailable and shows potent antitumor activity <i>in vivo</i> with tumor regressions observed at tolerated doses in the MV4;11 subcutaneous and disseminated models of MLL-rearranged leukemia. Together, our findings support development of an orally active covalent menin inhibitor as a new therapy for MLLr leukemia. ",menin MLL inhibitor,1,201
1817590,"AUC (0 to infinity) in C57BL/6 mouse at 5 mg/kg, po",CHEMBL5040203,ChEMBL,ChEMBL,,,1,,2023/03/14 00:00,2023/03/14 00:00,"Title: Discovery of M-1121 as an Orally Active Covalent Inhibitor of Menin-MLL Interaction Capable of Achieving Complete and Long-Lasting Tumor Regression._||_Abstract: Targeting the menin-MLL protein-protein interaction is being pursued as a new therapeutic strategy for the treatment of acute leukemia carrying MLL-rearrangements (MLLr leukemia). Herein, we report M-1121, a covalent and orally active inhibitor of the menin-MLL interaction capable of achieving complete and persistent tumor regression. M-1121 establishes covalent interactions with Cysteine 329 located in the MLL binding pocket of menin and potently inhibits growth of acute leukemia cell lines carrying MLL translocations with no activity in cell lines with wild-type MLL. Consistent with the mechanism of action, M-1121 drives dose-dependent down-regulation of <i>HOXA9</i> and <i>MEIS1</i> gene expression in the MLL-rearranged MV4;11 leukemia cell line. M-1121 is orally bioavailable and shows potent antitumor activity <i>in vivo</i> with tumor regressions observed at tolerated doses in the MV4;11 subcutaneous and disseminated models of MLL-rearranged leukemia. Together, our findings support development of an orally active covalent menin inhibitor as a new therapy for MLLr leukemia. ",menin MLL inhibitor,1,202
1817589,"Cmax in C57BL/6 mouse at 5 mg/kg, po",CHEMBL5040202,ChEMBL,ChEMBL,Confirmatory,1,1,,2023/03/14 00:00,2023/06/29 00:00,"Title: Discovery of M-1121 as an Orally Active Covalent Inhibitor of Menin-MLL Interaction Capable of Achieving Complete and Long-Lasting Tumor Regression._||_Abstract: Targeting the menin-MLL protein-protein interaction is being pursued as a new therapeutic strategy for the treatment of acute leukemia carrying MLL-rearrangements (MLLr leukemia). Herein, we report M-1121, a covalent and orally active inhibitor of the menin-MLL interaction capable of achieving complete and persistent tumor regression. M-1121 establishes covalent interactions with Cysteine 329 located in the MLL binding pocket of menin and potently inhibits growth of acute leukemia cell lines carrying MLL translocations with no activity in cell lines with wild-type MLL. Consistent with the mechanism of action, M-1121 drives dose-dependent down-regulation of <i>HOXA9</i> and <i>MEIS1</i> gene expression in the MLL-rearranged MV4;11 leukemia cell line. M-1121 is orally bioavailable and shows potent antitumor activity <i>in vivo</i> with tumor regressions observed at tolerated doses in the MV4;11 subcutaneous and disseminated models of MLL-rearranged leukemia. Together, our findings support development of an orally active covalent menin inhibitor as a new therapy for MLLr leukemia. ",menin MLL inhibitor,1,203
1817588,"Tmax in C57BL/6 mouse at 5 mg/kg, po",CHEMBL5040201,ChEMBL,ChEMBL,,,1,,2023/03/14 00:00,2023/03/14 00:00,"Title: Discovery of M-1121 as an Orally Active Covalent Inhibitor of Menin-MLL Interaction Capable of Achieving Complete and Long-Lasting Tumor Regression._||_Abstract: Targeting the menin-MLL protein-protein interaction is being pursued as a new therapeutic strategy for the treatment of acute leukemia carrying MLL-rearrangements (MLLr leukemia). Herein, we report M-1121, a covalent and orally active inhibitor of the menin-MLL interaction capable of achieving complete and persistent tumor regression. M-1121 establishes covalent interactions with Cysteine 329 located in the MLL binding pocket of menin and potently inhibits growth of acute leukemia cell lines carrying MLL translocations with no activity in cell lines with wild-type MLL. Consistent with the mechanism of action, M-1121 drives dose-dependent down-regulation of <i>HOXA9</i> and <i>MEIS1</i> gene expression in the MLL-rearranged MV4;11 leukemia cell line. M-1121 is orally bioavailable and shows potent antitumor activity <i>in vivo</i> with tumor regressions observed at tolerated doses in the MV4;11 subcutaneous and disseminated models of MLL-rearranged leukemia. Together, our findings support development of an orally active covalent menin inhibitor as a new therapy for MLLr leukemia. ",menin MLL inhibitor,1,204
1817587,"AUC (0 to infinity) in C57BL/6 mouse at 1 mg/kg, iv",CHEMBL5040200,ChEMBL,ChEMBL,,,1,,2023/03/14 00:00,2023/03/14 00:00,"Title: Discovery of M-1121 as an Orally Active Covalent Inhibitor of Menin-MLL Interaction Capable of Achieving Complete and Long-Lasting Tumor Regression._||_Abstract: Targeting the menin-MLL protein-protein interaction is being pursued as a new therapeutic strategy for the treatment of acute leukemia carrying MLL-rearrangements (MLLr leukemia). Herein, we report M-1121, a covalent and orally active inhibitor of the menin-MLL interaction capable of achieving complete and persistent tumor regression. M-1121 establishes covalent interactions with Cysteine 329 located in the MLL binding pocket of menin and potently inhibits growth of acute leukemia cell lines carrying MLL translocations with no activity in cell lines with wild-type MLL. Consistent with the mechanism of action, M-1121 drives dose-dependent down-regulation of <i>HOXA9</i> and <i>MEIS1</i> gene expression in the MLL-rearranged MV4;11 leukemia cell line. M-1121 is orally bioavailable and shows potent antitumor activity <i>in vivo</i> with tumor regressions observed at tolerated doses in the MV4;11 subcutaneous and disseminated models of MLL-rearranged leukemia. Together, our findings support development of an orally active covalent menin inhibitor as a new therapy for MLLr leukemia. ",menin MLL inhibitor,1,205
1817586,"Volume of distribution at steady state in C57BL/6 mouse at 1 mg/kg, iv",CHEMBL5040199,ChEMBL,ChEMBL,,,1,,2023/03/14 00:00,2023/03/14 00:00,"Title: Discovery of M-1121 as an Orally Active Covalent Inhibitor of Menin-MLL Interaction Capable of Achieving Complete and Long-Lasting Tumor Regression._||_Abstract: Targeting the menin-MLL protein-protein interaction is being pursued as a new therapeutic strategy for the treatment of acute leukemia carrying MLL-rearrangements (MLLr leukemia). Herein, we report M-1121, a covalent and orally active inhibitor of the menin-MLL interaction capable of achieving complete and persistent tumor regression. M-1121 establishes covalent interactions with Cysteine 329 located in the MLL binding pocket of menin and potently inhibits growth of acute leukemia cell lines carrying MLL translocations with no activity in cell lines with wild-type MLL. Consistent with the mechanism of action, M-1121 drives dose-dependent down-regulation of <i>HOXA9</i> and <i>MEIS1</i> gene expression in the MLL-rearranged MV4;11 leukemia cell line. M-1121 is orally bioavailable and shows potent antitumor activity <i>in vivo</i> with tumor regressions observed at tolerated doses in the MV4;11 subcutaneous and disseminated models of MLL-rearranged leukemia. Together, our findings support development of an orally active covalent menin inhibitor as a new therapy for MLLr leukemia. ",menin MLL inhibitor,1,206
1817585,"Clearance in C57BL/6 mouse at 1 mg/kg, iv",CHEMBL5040198,ChEMBL,ChEMBL,,,1,,2023/03/14 00:00,2023/03/14 00:00,"Title: Discovery of M-1121 as an Orally Active Covalent Inhibitor of Menin-MLL Interaction Capable of Achieving Complete and Long-Lasting Tumor Regression._||_Abstract: Targeting the menin-MLL protein-protein interaction is being pursued as a new therapeutic strategy for the treatment of acute leukemia carrying MLL-rearrangements (MLLr leukemia). Herein, we report M-1121, a covalent and orally active inhibitor of the menin-MLL interaction capable of achieving complete and persistent tumor regression. M-1121 establishes covalent interactions with Cysteine 329 located in the MLL binding pocket of menin and potently inhibits growth of acute leukemia cell lines carrying MLL translocations with no activity in cell lines with wild-type MLL. Consistent with the mechanism of action, M-1121 drives dose-dependent down-regulation of <i>HOXA9</i> and <i>MEIS1</i> gene expression in the MLL-rearranged MV4;11 leukemia cell line. M-1121 is orally bioavailable and shows potent antitumor activity <i>in vivo</i> with tumor regressions observed at tolerated doses in the MV4;11 subcutaneous and disseminated models of MLL-rearranged leukemia. Together, our findings support development of an orally active covalent menin inhibitor as a new therapy for MLLr leukemia. ",menin MLL inhibitor,1,207
1817580,Anti-proliferative activity against human MOLM-13 cells harboring MLL/AF9 fusion protein assessed as cell growth inhibition measured after 4 days by Cell Titre Glo Luminescent Cell viability assay,CHEMBL5040193,ChEMBL,ChEMBL,Confirmatory,19,20,,2023/03/14 00:00,2023/03/14 00:00,"Title: Discovery of M-1121 as an Orally Active Covalent Inhibitor of Menin-MLL Interaction Capable of Achieving Complete and Long-Lasting Tumor Regression._||_Abstract: Targeting the menin-MLL protein-protein interaction is being pursued as a new therapeutic strategy for the treatment of acute leukemia carrying MLL-rearrangements (MLLr leukemia). Herein, we report M-1121, a covalent and orally active inhibitor of the menin-MLL interaction capable of achieving complete and persistent tumor regression. M-1121 establishes covalent interactions with Cysteine 329 located in the MLL binding pocket of menin and potently inhibits growth of acute leukemia cell lines carrying MLL translocations with no activity in cell lines with wild-type MLL. Consistent with the mechanism of action, M-1121 drives dose-dependent down-regulation of <i>HOXA9</i> and <i>MEIS1</i> gene expression in the MLL-rearranged MV4;11 leukemia cell line. M-1121 is orally bioavailable and shows potent antitumor activity <i>in vivo</i> with tumor regressions observed at tolerated doses in the MV4;11 subcutaneous and disseminated models of MLL-rearranged leukemia. Together, our findings support development of an orally active covalent menin inhibitor as a new therapy for MLLr leukemia. ",menin MLL inhibitor,1,208
1817579,Anti-proliferative activity against human MV4-11 cells harboring MLL/AF4 fusion protein assessed as cell growth inhibition measured after 4 days by Cell Titre Glo Luminescent Cell viability assay,CHEMBL5040192,ChEMBL,ChEMBL,Confirmatory,19,20,,2023/03/14 00:00,2023/03/14 00:00,"Title: Discovery of M-1121 as an Orally Active Covalent Inhibitor of Menin-MLL Interaction Capable of Achieving Complete and Long-Lasting Tumor Regression._||_Abstract: Targeting the menin-MLL protein-protein interaction is being pursued as a new therapeutic strategy for the treatment of acute leukemia carrying MLL-rearrangements (MLLr leukemia). Herein, we report M-1121, a covalent and orally active inhibitor of the menin-MLL interaction capable of achieving complete and persistent tumor regression. M-1121 establishes covalent interactions with Cysteine 329 located in the MLL binding pocket of menin and potently inhibits growth of acute leukemia cell lines carrying MLL translocations with no activity in cell lines with wild-type MLL. Consistent with the mechanism of action, M-1121 drives dose-dependent down-regulation of <i>HOXA9</i> and <i>MEIS1</i> gene expression in the MLL-rearranged MV4;11 leukemia cell line. M-1121 is orally bioavailable and shows potent antitumor activity <i>in vivo</i> with tumor regressions observed at tolerated doses in the MV4;11 subcutaneous and disseminated models of MLL-rearranged leukemia. Together, our findings support development of an orally active covalent menin inhibitor as a new therapy for MLLr leukemia. ",menin MLL inhibitor,1,209
1817577,Suppression of MEIS1 gene expression in human MV4-11 cells at 30 nM measured after 24 hrs by qRT-PCR analysis,CHEMBL5040190,ChEMBL,ChEMBL,,,1,,2023/03/14 00:00,2026/06/14 00:00,"Title: Discovery of M-1121 as an Orally Active Covalent Inhibitor of Menin-MLL Interaction Capable of Achieving Complete and Long-Lasting Tumor Regression._||_Abstract: Targeting the menin-MLL protein-protein interaction is being pursued as a new therapeutic strategy for the treatment of acute leukemia carrying MLL-rearrangements (MLLr leukemia). Herein, we report M-1121, a covalent and orally active inhibitor of the menin-MLL interaction capable of achieving complete and persistent tumor regression. M-1121 establishes covalent interactions with Cysteine 329 located in the MLL binding pocket of menin and potently inhibits growth of acute leukemia cell lines carrying MLL translocations with no activity in cell lines with wild-type MLL. Consistent with the mechanism of action, M-1121 drives dose-dependent down-regulation of <i>HOXA9</i> and <i>MEIS1</i> gene expression in the MLL-rearranged MV4;11 leukemia cell line. M-1121 is orally bioavailable and shows potent antitumor activity <i>in vivo</i> with tumor regressions observed at tolerated doses in the MV4;11 subcutaneous and disseminated models of MLL-rearranged leukemia. Together, our findings support development of an orally active covalent menin inhibitor as a new therapy for MLLr leukemia. ",menin MLL inhibitor,1,210
1806619,"Inbinition of the Menin-MLL Binding from US Patent US11369605: ""Optically active azabicyclo ring derivative""",BindingDB_10672_1,BindingDB,BindingDB,Confirmatory,10,10,2,2023/03/07 00:00,2024/11/12 00:00,"Menin1-615 wherein 6 His tag and HA tag are inserted in the N-terminus, and myc tag is inserted in the C-terminus (hereinafter, referred to as His-Menin1-615), is diluted with an assay buffer (25 mmol/L HEPES, 150 mmol/L NaCl, 1 mmol/L dithiothreitol, 0.5% (w/v) Tween 80, 0.3% (w/v) BSA, 0.3% (w/v) skim milk) to adjust the final concentration to 30 nmol/L. The test compounds are also diluted with the assay buffer to adjust each concentration of the test compounds to 0.005 to 5 &#956;mol/L. The prepared His-Menin1-615 and test compounds were added to a light-shielding 384-well low-volume plate (Corning, #4514) in 2 L/well and 6 &#956;L/well, respectively, and the plate was covered with a lid for light-shielding (Corning, #3935), and incubated at room temperature for 3 hours. After the incubation, MLL1-172 wherein FLAG tag is inserted in the C-terminus (MLL1-172-FLAG), was separately diluted with the assay buffer to adjust the final concentration to 50 nmol/L. The prepared MLL1-172-FLAG was added to the above plate in 2 &#956;L/well, and the plate was covered with a lid for light-shielding and incubated at room temperature for an hour. ",target_gene:MEN1,1,211
1806535,"Inbinition of the Menin-MLL Binding from US Patent US11325921: ""Optically active crosslinked cyclic secondary amine derivative""",BindingDB_10605_1,BindingDB,BindingDB,Confirmatory,18,18,2,2023/03/07 00:00,2024/11/12 00:00,"Test for Evaluating the Inbinition of the Menin-MLL BindingMenin1-615 wherein 6  His tag and HA tag are inserted in the N-terminus, and myc tag is inserted in the C-terminus (hereinafter, referred to as His-Menin1-615), was diluted with an assay buffer (25 mmol/L HEPES, 150 mmol/L NaCl, 1 mmol/L dithiothreitol, 0.5% (w/v) Tween 80, 0.3% (w/v) BSA, 0.3% (w/v) skim milk) to adjust the final concentration Lo 30 nmol/L. The test compounds were also diluted with the assay buffer to adjust each concentration of the test compounds to 0.005 to 5 &#956;mol/L. The prepared His-Menin1-615 and test compounds were added to a light-shielding 384-well low-volume plate (Corning, #4514) in 2 &#956;L/well and 6 &#956;L/well, respectively, and the plate was covered with a lid for light-shielding (Corning, r-3935), and incubated at room temperature for 3 hours. After the incubation, MLL1-172 wherein FLAG tag is inserted in the C-terminus (MLL1-172-FLAG), was separately diluted with the assay buffer to adjust the final concentration to 50 nmol/L. The prepared MLL1-172-FLAG was added to the above plate in 2 &#956;L/well, and the plate was covered with a lid for light-shielding and incubated at room temperature for an hour. ",target_gene:MEN1,1,212
1805684,"Menin Binding Affinity from US Patent US11045448: ""Piperidines as covalent menin inhibitors""",BindingDB_9993_1,BindingDB,BindingDB,Confirmatory,37,41,1,2023/03/07 00:00,2024/11/12 00:00,"A fluorescence polarization (FP) competitive binding assay was used to determine the binding affinities of representative menin inhibitors. A FAM labeled fluorescent probe was designed and synthesized based on a MLL1 peptide (FAM-MM2). Equilibrium dissociation constant (Kd) value of FAM-MM2 to menin protein was determined from protein saturation experiments by monitoring the total fluorescence polarization of mixtures composed with the fluorescent probe at a fixed concentration and the protein with increasing concentrations up to full saturation. Serial dilutions of the protein were mixed with FAM-MM2 to a final volume of 200 &#956;l in the assay buffer (PBS with 0.02% Bovine &#947;-Globulin and 4% DMSO. 0.01% Triton X-100 was added right before assays). Final FAM-MM2 concentration was 2 nM. Plates were incubated at room temperature for 30 minutes with gentle shaking to assure equilibrium. FP values in millipolarization units (mP) were measured using the Infinite M-1000 plate reader (Tecan U.S., Research Triangle Park, N.C.) in Microfluor 1 96-well, black, v-bottom plates (Thermo Scientific, Waltham, Mass.) at an excitation wavelength of 485 nm and an emission wavelength of 530 nm. Kd value of FAM-MM2, which was calculated by fitting the sigmoidal dose-dependent FP increases as a function of protein concentrations using Graphpad Prism 6.0 software (Graphpad Software, San Diego, Calif.), was determined as 1.4 nM. ",target_gene:MEN1,1,213
1805208,"Fluorescence Polarization (FP) Competitive Binding Assay from US Patent US10899738: ""Piperidines as menin inhibitors""",BindingDB_9663_1,BindingDB,BindingDB,Confirmatory,311,378,1,2023/03/07 00:00,2024/11/12 00:00,"A fluorescence polarization (FP) competitive binding assay was used to determine the binding affinities of representative menin inhibitors. A FAM labeled fluorescent probe was designed and synthesized based on a MLL1 peptide (FAM-MM2). Equilibrium dissociation constant (Kd) value of FAM-MM2 to menin protein was determined from protein saturation experiments by monitoring the total fluorescence polarization of mixtures composed with the fluorescent probe at a fixed concentration and the protein with increasing concentrations up to full saturation. Serial dilutions of the protein were mixed with FAM-MM2 to a final volume of 200 &#956;l in the assay buffer (PBS with 0.02% Bovine &#947;-Globulin and 4% DMSO. 0.01% Triton X-100 was added right before assays). Final FAM-MM2 concentration was 2 nM. Plates were incubated at room temperature for 30 minutes with gentle shaking to assure equilibrium. FP values in millipolarization units (mP) were measured using the Infinite M-1000 plate reader (Tecan U.S., Research Triangle Park, N.C.) in Microfluor 1 96-well, black, v-bottom plates (Thermo Scientific, Waltham, Mash.) at an excitation wavelength of 485 nm and an emission wavelength of 530 nm. Kd value of FAM-MM2, which was calculated by fitting the sigmoidal dose-dependent FP increases as a function of protein concentrations using Graphpad Prism 6.0 software (Graphpad Software, San Diego, Calif.), is determined as 1.4 nM. ",target_gene:MEN1,1,214
1801034,"NMR Spectroscopy Assay from US Patent US8993552: ""Compositions and methods for treatment of leukemia""",BindingDB_6769_3,BindingDB,BindingDB,Confirmatory,13,24,1,2023/03/07 00:00,2024/11/12 00:00,"NMR spectroscopy validation of lead compounds. In embodiments of the present invention, and during development thereof, NMR spectroscopy: saturation transfer difference (STD), competition STD, and WaterLOGSY experiments to validate binding of compounds to menin. STD provides a reliable method, based on principles vastly different form fluorescence that is commonly used for drug screening (e.g. by pharmaceutical companies). The principle of the STD experiment is based on the transfer of magnetization from a protein to a small molecule. Such a transfer occurs only when the ligand-protein contact is direct, and can be detected when the ligand is in fast exchange between bound and unbound state (Mayer & Meyer. J Am Chem Soc., 2001. 123(25): p. 6108-17., herein incorporated by reference in its entirety). The difference spectrum of the ligand recorded with and without protein saturation is analyzed. ",target_gene:MEN1,1,215
1801033,"Homogeneous Time-Resolve Fluorescence (HTRF) Assay from US Patent US8993552: ""Compositions and methods for treatment of leukemia""",BindingDB_6769_2,BindingDB,BindingDB,Confirmatory,2,7,1,2023/03/07 00:00,2024/11/12 00:00,"One potential limitation of the above FP assay is the risk of selection of compounds that may interfere with the FP assays and produce so called false-positives. Therefore, during development of embodiments of the present invention, a time-resolved fluorescence resonance energy transfer (TR-FRET) assay was utilized as a secondary, assay (e.g. for confirmation of results), commercialized by CIS-BIO as homogeneous time-resolve fluorescence (HTRF) assay. In some embodiments, the HTRF assay may be the primary assay and the FP assay is used as a secondary assay to confirm results. HTRF is based on the non-radiative energy transfer of the long-lived emission from the Europium cryptate (Eu3+-cryptate) donor to the allophycocyanin (XL665) acceptor, combined with time-resolved detection. When these two fluorophores are brought together by a biomolecular interaction, a portion of the energy captured by the Eu3+-cryptate during excitation at 337 nm is released through fluorescence emission. ",target_gene:MEN1,1,216
1801032,"Fluorescence Polarization Assay from US Patent US8993552: ""Compositions and methods for treatment of leukemia""",BindingDB_6769_1,BindingDB,BindingDB,Confirmatory,3,40,1,2023/03/07 00:00,2025/01/13 00:00,"Assays effective in monitoring the inhibition of the MLL binding to menin were developed during experiments performed during the development of embodiments of the present invention. A fluorescein-labeled 12-amino acid peptide derived from MLL containing the high affinity menin binding motif was produced (Yokoyama et al., Cell., 2005. 123(2): p. 207-18., herein incorporated by reference in its entirety). Upon binding of the peptide (1.7 kDa) to the much larger menin (-67 kDa), the rotational correlation time of the fluorophore (peptide labeled with fluorescein at N-terminus) changes significantly, resulting in a substantial increase in the measured fluorescence polarization and fluorescence anisotropy (excitation at 500 nm, emission at 525 nm). The fluorescence polarization (FP) assay was utilized to determine the Kd for the binding of menin and the MLL peptide using a serial dilution of menin and 50 nM fluorescein-labeled MLL peptide. ",target_gene:MEN1,1,217
1655987,Binding affinity to human Menin expressed in Escherichia coli BL21 (DE3) assessed as inhibition of Menin/MLL1 protein-protein at 20 degree C by isothermal titration calorimetry,CHEMBL4616360,ChEMBL,ChEMBL,Confirmatory,1,1,1,2021/08/02 00:00,2022/08/30 00:00,"Title: HOPPI-NMR: Hot-Peptide-Based Screening Assay for Inhibitors of Protein-Protein Interactions by NMR._||_Abstract: Protein-protein interactions (PPIs) contribute to the onset and/or progression of several diseases, especially cancer, and this discovery has paved the way for considering disruption of the PPIs as an attractive anti-tumor strategy. In this regard, simple and efficient biophysical methods for detecting the interaction of the inhibitors with the protein counterpart are still in high demand. Herein, we describe a convenient NMR method for the screening of putative PPI inhibitors based on the use of ""hot peptides"" (HOPPI-NMR). As a case study, HOPPI-NMR was successful applied to the well-known p53/MDM2 system. Our outcomes highlight the main advantages of the method, including the use of a small amount of unlabeled proteins, the minimization of the risk of protein aggregation, and the ability to identify weak binders. The last leaves open the possibility for application of HOPPI-NMR in tandem with fragment-based drug discovery as a valid strategy for the identification of novel chemotypes acting as PPI inhibitors. ",target_gene:MEN1,1,218
1632466,Inhibition of menin/MLL1 interaction in human MV4-11 cells assessed as reduction in HOXA9 mRNA level at 10 uM after 6 days by qRT-PCR analysis relative to control,CHEMBL4432628,ChEMBL,ChEMBL,,,1,2,2021/03/02 00:00,2021/03/02 00:00,"Title: Design and synthesis of benzylpiperidine inhibitors targeting the menin-MLL1 interface._||_Abstract: Menin is an essential oncogenic cofactor for mixed lineage leukemia (MLL)-mediated leukemogenesis, functioning through its direct interaction with MLL1 protein. Therefore, targeting the menin-MLL1 protein-protein interface represents a promising strategy to block MLL-mediated leukemogenesis. On the basis of co-crystal structure analysis, starting from thienopyrimidine chemotype, we have investigated the detailed structure-activity relationship of the piperazinyl-dihydrothiazole moiety. Several compounds were found with potent inhibitory activity against menin and better activities in cell-based experiments than MI-2-2. Molecular docking analysis revealed a less explored subpocket, which could be used for the design of new menin-MLL1 inhibitors. ",target_gene:MEN1,1,219
1632465,Inhibition of menin/MLL1 interaction in human MV4-11 cells assessed as reduction in HOXA9 mRNA level after 6 days by qRT-PCR analysis,CHEMBL4432627,ChEMBL,ChEMBL,,,2,2,2021/03/02 00:00,2022/03/18 00:00,"Title: Design and synthesis of benzylpiperidine inhibitors targeting the menin-MLL1 interface._||_Abstract: Menin is an essential oncogenic cofactor for mixed lineage leukemia (MLL)-mediated leukemogenesis, functioning through its direct interaction with MLL1 protein. Therefore, targeting the menin-MLL1 protein-protein interface represents a promising strategy to block MLL-mediated leukemogenesis. On the basis of co-crystal structure analysis, starting from thienopyrimidine chemotype, we have investigated the detailed structure-activity relationship of the piperazinyl-dihydrothiazole moiety. Several compounds were found with potent inhibitory activity against menin and better activities in cell-based experiments than MI-2-2. Molecular docking analysis revealed a less explored subpocket, which could be used for the design of new menin-MLL1 inhibitors. ",target_gene:MEN1,1,220
1632462,Inhibition of human recombinant full length menin/MLL1 (unknown origin) interaction using Ac-SRWRFPARPGTGRR-Ahx-Ahx-K-FAM as substrate at 20 uM after 15 mins by fluorescence polarization binding assay,CHEMBL4432624,ChEMBL,ChEMBL,,,10,2,2021/03/02 00:00,2021/03/02 00:00,"Title: Design and synthesis of benzylpiperidine inhibitors targeting the menin-MLL1 interface._||_Abstract: Menin is an essential oncogenic cofactor for mixed lineage leukemia (MLL)-mediated leukemogenesis, functioning through its direct interaction with MLL1 protein. Therefore, targeting the menin-MLL1 protein-protein interface represents a promising strategy to block MLL-mediated leukemogenesis. On the basis of co-crystal structure analysis, starting from thienopyrimidine chemotype, we have investigated the detailed structure-activity relationship of the piperazinyl-dihydrothiazole moiety. Several compounds were found with potent inhibitory activity against menin and better activities in cell-based experiments than MI-2-2. Molecular docking analysis revealed a less explored subpocket, which could be used for the design of new menin-MLL1 inhibitors. ",target_gene:MEN1,1,221
1632461,Inhibition of human recombinant full length menin/MLL1 (unknown origin) interaction using Ac-SRWRFPARPGTGRR-Ahx-Ahx-K-FAM as substrate after 15 mins by fluorescence polarization binding assay,CHEMBL4432623,ChEMBL,ChEMBL,Confirmatory,23,27,2,2021/03/02 00:00,2022/08/30 00:00,"Title: Design and synthesis of benzylpiperidine inhibitors targeting the menin-MLL1 interface._||_Abstract: Menin is an essential oncogenic cofactor for mixed lineage leukemia (MLL)-mediated leukemogenesis, functioning through its direct interaction with MLL1 protein. Therefore, targeting the menin-MLL1 protein-protein interface represents a promising strategy to block MLL-mediated leukemogenesis. On the basis of co-crystal structure analysis, starting from thienopyrimidine chemotype, we have investigated the detailed structure-activity relationship of the piperazinyl-dihydrothiazole moiety. Several compounds were found with potent inhibitory activity against menin and better activities in cell-based experiments than MI-2-2. Molecular docking analysis revealed a less explored subpocket, which could be used for the design of new menin-MLL1 inhibitors. ",target_gene:MEN1,1,222
1568970,Solubility of the compound,CHEMBL4366908,ChEMBL,ChEMBL,,,1,,2021/03/02 00:00,2021/03/02 00:00,"Title: Structure-Based Discovery of M-89 as a Highly Potent Inhibitor of the Menin-Mixed Lineage Leukemia (Menin-MLL) Protein-Protein Interaction._||_Abstract: Inhibition of the menin-mixed lineage leukemia (MLL) protein-protein interaction is a promising new therapeutic strategy for the treatment of acute leukemia carrying MLL fusion (MLL leukemia). We describe herein our structure-based design, synthesis, and evaluation of a new class of small-molecule inhibitors of the menin-MLL interaction (hereafter called menin inhibitors). Our efforts have resulted in the discovery of highly potent menin inhibitors, as exemplified by compound 42 (M-89). M-89 binds to menin with a Kd value of 1.4 nM and effectively engages cellular menin protein at low nanomolar concentrations. M-89 inhibits cell growth in the MV4;11 and MOLM-13 leukemia cell lines carrying MLL fusion with IC50 values of 25 and 55 nM, respectively, and demonstrates >100-fold selectivity over the HL-60 leukemia cell line lacking MLL fusion. The determination of a co-crystal structure of M-89 in a complex with menin provides the structural basis for their high-affinity interaction. Further optimization of M-89 may lead to a new class of therapy for the treatment of MLL leukemia. ",menin MLL inhibitor,1,223
1568969,"Downregulation of MEIS1 expression in tumors of mouse xenografted with human MV411 cells at 50 mg/kg , ip administered daily for 3 days and measured after 6 to 48 hrs by RT-qPCR analysis",CHEMBL4366907,ChEMBL,ChEMBL,,1,1,,2021/03/02 00:00,2021/03/02 00:00,"Title: Structure-Based Discovery of M-89 as a Highly Potent Inhibitor of the Menin-Mixed Lineage Leukemia (Menin-MLL) Protein-Protein Interaction._||_Abstract: Inhibition of the menin-mixed lineage leukemia (MLL) protein-protein interaction is a promising new therapeutic strategy for the treatment of acute leukemia carrying MLL fusion (MLL leukemia). We describe herein our structure-based design, synthesis, and evaluation of a new class of small-molecule inhibitors of the menin-MLL interaction (hereafter called menin inhibitors). Our efforts have resulted in the discovery of highly potent menin inhibitors, as exemplified by compound 42 (M-89). M-89 binds to menin with a Kd value of 1.4 nM and effectively engages cellular menin protein at low nanomolar concentrations. M-89 inhibits cell growth in the MV4;11 and MOLM-13 leukemia cell lines carrying MLL fusion with IC50 values of 25 and 55 nM, respectively, and demonstrates >100-fold selectivity over the HL-60 leukemia cell line lacking MLL fusion. The determination of a co-crystal structure of M-89 in a complex with menin provides the structural basis for their high-affinity interaction. Further optimization of M-89 may lead to a new class of therapy for the treatment of MLL leukemia. ",menin MLL inhibitor,1,224
1568968,"Downregulation of Hoxa9 expression in tumors of mouse xenografted with human MV411 cells at 50 mg/kg , ip administered daily for 3 days and measured after 6 to 48 hrs by RT-qPCR analysis",CHEMBL4366906,ChEMBL,ChEMBL,,1,1,,2021/03/02 00:00,2021/03/02 00:00,"Title: Structure-Based Discovery of M-89 as a Highly Potent Inhibitor of the Menin-Mixed Lineage Leukemia (Menin-MLL) Protein-Protein Interaction._||_Abstract: Inhibition of the menin-mixed lineage leukemia (MLL) protein-protein interaction is a promising new therapeutic strategy for the treatment of acute leukemia carrying MLL fusion (MLL leukemia). We describe herein our structure-based design, synthesis, and evaluation of a new class of small-molecule inhibitors of the menin-MLL interaction (hereafter called menin inhibitors). Our efforts have resulted in the discovery of highly potent menin inhibitors, as exemplified by compound 42 (M-89). M-89 binds to menin with a Kd value of 1.4 nM and effectively engages cellular menin protein at low nanomolar concentrations. M-89 inhibits cell growth in the MV4;11 and MOLM-13 leukemia cell lines carrying MLL fusion with IC50 values of 25 and 55 nM, respectively, and demonstrates >100-fold selectivity over the HL-60 leukemia cell line lacking MLL fusion. The determination of a co-crystal structure of M-89 in a complex with menin provides the structural basis for their high-affinity interaction. Further optimization of M-89 may lead to a new class of therapy for the treatment of MLL leukemia. ",menin MLL inhibitor,1,225
1568967,Induction of differentiation in human MV4-11 cells assessed as increase in CD11b positive cells after 48 hrs by phycoerythrin staining-based flow cytometric analysis,CHEMBL4366905,ChEMBL,ChEMBL,,,1,,2021/03/02 00:00,2021/03/02 00:00,"Title: Structure-Based Discovery of M-89 as a Highly Potent Inhibitor of the Menin-Mixed Lineage Leukemia (Menin-MLL) Protein-Protein Interaction._||_Abstract: Inhibition of the menin-mixed lineage leukemia (MLL) protein-protein interaction is a promising new therapeutic strategy for the treatment of acute leukemia carrying MLL fusion (MLL leukemia). We describe herein our structure-based design, synthesis, and evaluation of a new class of small-molecule inhibitors of the menin-MLL interaction (hereafter called menin inhibitors). Our efforts have resulted in the discovery of highly potent menin inhibitors, as exemplified by compound 42 (M-89). M-89 binds to menin with a Kd value of 1.4 nM and effectively engages cellular menin protein at low nanomolar concentrations. M-89 inhibits cell growth in the MV4;11 and MOLM-13 leukemia cell lines carrying MLL fusion with IC50 values of 25 and 55 nM, respectively, and demonstrates >100-fold selectivity over the HL-60 leukemia cell line lacking MLL fusion. The determination of a co-crystal structure of M-89 in a complex with menin provides the structural basis for their high-affinity interaction. Further optimization of M-89 may lead to a new class of therapy for the treatment of MLL leukemia. ",menin MLL inhibitor,1,226
1568966,Induction apoptosis in human MV4-11 cells by Annexin V/propidium iodide staining based flow cytometry,CHEMBL4366904,ChEMBL,ChEMBL,,,1,,2021/03/02 00:00,2021/03/02 00:00,"Title: Structure-Based Discovery of M-89 as a Highly Potent Inhibitor of the Menin-Mixed Lineage Leukemia (Menin-MLL) Protein-Protein Interaction._||_Abstract: Inhibition of the menin-mixed lineage leukemia (MLL) protein-protein interaction is a promising new therapeutic strategy for the treatment of acute leukemia carrying MLL fusion (MLL leukemia). We describe herein our structure-based design, synthesis, and evaluation of a new class of small-molecule inhibitors of the menin-MLL interaction (hereafter called menin inhibitors). Our efforts have resulted in the discovery of highly potent menin inhibitors, as exemplified by compound 42 (M-89). M-89 binds to menin with a Kd value of 1.4 nM and effectively engages cellular menin protein at low nanomolar concentrations. M-89 inhibits cell growth in the MV4;11 and MOLM-13 leukemia cell lines carrying MLL fusion with IC50 values of 25 and 55 nM, respectively, and demonstrates >100-fold selectivity over the HL-60 leukemia cell line lacking MLL fusion. The determination of a co-crystal structure of M-89 in a complex with menin provides the structural basis for their high-affinity interaction. Further optimization of M-89 may lead to a new class of therapy for the treatment of MLL leukemia. ",menin MLL inhibitor,1,227
1568959,Selectivity ratio of IC50 for human HL60 cells to IC50 for human MOLM13 cells,CHEMBL4366897,ChEMBL,ChEMBL,,,1,,2021/03/02 00:00,2021/03/02 00:00,"Title: Structure-Based Discovery of M-89 as a Highly Potent Inhibitor of the Menin-Mixed Lineage Leukemia (Menin-MLL) Protein-Protein Interaction._||_Abstract: Inhibition of the menin-mixed lineage leukemia (MLL) protein-protein interaction is a promising new therapeutic strategy for the treatment of acute leukemia carrying MLL fusion (MLL leukemia). We describe herein our structure-based design, synthesis, and evaluation of a new class of small-molecule inhibitors of the menin-MLL interaction (hereafter called menin inhibitors). Our efforts have resulted in the discovery of highly potent menin inhibitors, as exemplified by compound 42 (M-89). M-89 binds to menin with a Kd value of 1.4 nM and effectively engages cellular menin protein at low nanomolar concentrations. M-89 inhibits cell growth in the MV4;11 and MOLM-13 leukemia cell lines carrying MLL fusion with IC50 values of 25 and 55 nM, respectively, and demonstrates >100-fold selectivity over the HL-60 leukemia cell line lacking MLL fusion. The determination of a co-crystal structure of M-89 in a complex with menin provides the structural basis for their high-affinity interaction. Further optimization of M-89 may lead to a new class of therapy for the treatment of MLL leukemia. ",menin MLL inhibitor,1,228
1568958,Selectivity ratio of IC50 for human HL60 cells to IC50 for human MV411 cells,CHEMBL4366896,ChEMBL,ChEMBL,,,1,,2021/03/02 00:00,2021/03/02 00:00,"Title: Structure-Based Discovery of M-89 as a Highly Potent Inhibitor of the Menin-Mixed Lineage Leukemia (Menin-MLL) Protein-Protein Interaction._||_Abstract: Inhibition of the menin-mixed lineage leukemia (MLL) protein-protein interaction is a promising new therapeutic strategy for the treatment of acute leukemia carrying MLL fusion (MLL leukemia). We describe herein our structure-based design, synthesis, and evaluation of a new class of small-molecule inhibitors of the menin-MLL interaction (hereafter called menin inhibitors). Our efforts have resulted in the discovery of highly potent menin inhibitors, as exemplified by compound 42 (M-89). M-89 binds to menin with a Kd value of 1.4 nM and effectively engages cellular menin protein at low nanomolar concentrations. M-89 inhibits cell growth in the MV4;11 and MOLM-13 leukemia cell lines carrying MLL fusion with IC50 values of 25 and 55 nM, respectively, and demonstrates >100-fold selectivity over the HL-60 leukemia cell line lacking MLL fusion. The determination of a co-crystal structure of M-89 in a complex with menin provides the structural basis for their high-affinity interaction. Further optimization of M-89 may lead to a new class of therapy for the treatment of MLL leukemia. ",menin MLL inhibitor,1,229
1568957,Growth inhibition of human HL60 cells after 4 days by WST-8 assay,CHEMBL4366895,ChEMBL,ChEMBL,Confirmatory,1,2,,2021/03/02 00:00,2022/08/30 00:00,"Title: Structure-Based Discovery of M-89 as a Highly Potent Inhibitor of the Menin-Mixed Lineage Leukemia (Menin-MLL) Protein-Protein Interaction._||_Abstract: Inhibition of the menin-mixed lineage leukemia (MLL) protein-protein interaction is a promising new therapeutic strategy for the treatment of acute leukemia carrying MLL fusion (MLL leukemia). We describe herein our structure-based design, synthesis, and evaluation of a new class of small-molecule inhibitors of the menin-MLL interaction (hereafter called menin inhibitors). Our efforts have resulted in the discovery of highly potent menin inhibitors, as exemplified by compound 42 (M-89). M-89 binds to menin with a Kd value of 1.4 nM and effectively engages cellular menin protein at low nanomolar concentrations. M-89 inhibits cell growth in the MV4;11 and MOLM-13 leukemia cell lines carrying MLL fusion with IC50 values of 25 and 55 nM, respectively, and demonstrates >100-fold selectivity over the HL-60 leukemia cell line lacking MLL fusion. The determination of a co-crystal structure of M-89 in a complex with menin provides the structural basis for their high-affinity interaction. Further optimization of M-89 may lead to a new class of therapy for the treatment of MLL leukemia. ",menin MLL inhibitor,1,230
1568956,Growth inhibition of human MOLM13 cells after 4 days by WST-8 assay,CHEMBL4366894,ChEMBL,ChEMBL,Confirmatory,2,2,,2021/03/02 00:00,2022/08/30 00:00,"Title: Structure-Based Discovery of M-89 as a Highly Potent Inhibitor of the Menin-Mixed Lineage Leukemia (Menin-MLL) Protein-Protein Interaction._||_Abstract: Inhibition of the menin-mixed lineage leukemia (MLL) protein-protein interaction is a promising new therapeutic strategy for the treatment of acute leukemia carrying MLL fusion (MLL leukemia). We describe herein our structure-based design, synthesis, and evaluation of a new class of small-molecule inhibitors of the menin-MLL interaction (hereafter called menin inhibitors). Our efforts have resulted in the discovery of highly potent menin inhibitors, as exemplified by compound 42 (M-89). M-89 binds to menin with a Kd value of 1.4 nM and effectively engages cellular menin protein at low nanomolar concentrations. M-89 inhibits cell growth in the MV4;11 and MOLM-13 leukemia cell lines carrying MLL fusion with IC50 values of 25 and 55 nM, respectively, and demonstrates >100-fold selectivity over the HL-60 leukemia cell line lacking MLL fusion. The determination of a co-crystal structure of M-89 in a complex with menin provides the structural basis for their high-affinity interaction. Further optimization of M-89 may lead to a new class of therapy for the treatment of MLL leukemia. ",menin MLL inhibitor,1,231
1568955,Induction of differentiation in human MV4-11 cells assessed as increase in CD11b positive cells at 0.03 to 3 uM after 24 hrs by phycoerythrin staining-based flow cytometric analysis,CHEMBL4366893,ChEMBL,ChEMBL,,1,1,,2021/03/02 00:00,2021/03/02 00:00,"Title: Structure-Based Discovery of M-89 as a Highly Potent Inhibitor of the Menin-Mixed Lineage Leukemia (Menin-MLL) Protein-Protein Interaction._||_Abstract: Inhibition of the menin-mixed lineage leukemia (MLL) protein-protein interaction is a promising new therapeutic strategy for the treatment of acute leukemia carrying MLL fusion (MLL leukemia). We describe herein our structure-based design, synthesis, and evaluation of a new class of small-molecule inhibitors of the menin-MLL interaction (hereafter called menin inhibitors). Our efforts have resulted in the discovery of highly potent menin inhibitors, as exemplified by compound 42 (M-89). M-89 binds to menin with a Kd value of 1.4 nM and effectively engages cellular menin protein at low nanomolar concentrations. M-89 inhibits cell growth in the MV4;11 and MOLM-13 leukemia cell lines carrying MLL fusion with IC50 values of 25 and 55 nM, respectively, and demonstrates >100-fold selectivity over the HL-60 leukemia cell line lacking MLL fusion. The determination of a co-crystal structure of M-89 in a complex with menin provides the structural basis for their high-affinity interaction. Further optimization of M-89 may lead to a new class of therapy for the treatment of MLL leukemia. ",menin MLL inhibitor,1,232
1568951,Growth inhibition of human MV4-11 cells after 4 days by WST-8 assay,CHEMBL4366889,ChEMBL,ChEMBL,Confirmatory,34,38,,2021/03/02 00:00,2022/08/30 00:00,"Title: Structure-Based Discovery of M-89 as a Highly Potent Inhibitor of the Menin-Mixed Lineage Leukemia (Menin-MLL) Protein-Protein Interaction._||_Abstract: Inhibition of the menin-mixed lineage leukemia (MLL) protein-protein interaction is a promising new therapeutic strategy for the treatment of acute leukemia carrying MLL fusion (MLL leukemia). We describe herein our structure-based design, synthesis, and evaluation of a new class of small-molecule inhibitors of the menin-MLL interaction (hereafter called menin inhibitors). Our efforts have resulted in the discovery of highly potent menin inhibitors, as exemplified by compound 42 (M-89). M-89 binds to menin with a Kd value of 1.4 nM and effectively engages cellular menin protein at low nanomolar concentrations. M-89 inhibits cell growth in the MV4;11 and MOLM-13 leukemia cell lines carrying MLL fusion with IC50 values of 25 and 55 nM, respectively, and demonstrates >100-fold selectivity over the HL-60 leukemia cell line lacking MLL fusion. The determination of a co-crystal structure of M-89 in a complex with menin provides the structural basis for their high-affinity interaction. Further optimization of M-89 may lead to a new class of therapy for the treatment of MLL leukemia. ",menin MLL inhibitor,1,233
1549075,"Toxicity in CB-17 SCID mouse xenografted with human MV4-11 cells assessed as effect on clinical signs at 10 to 25 mg/kg, iv administered every other day for 1 week (11 doses)",CHEMBL4346465,ChEMBL,ChEMBL,,,1,,2021/03/02 00:00,2021/03/02 00:00,"Title: Discovery of M-808 as a Highly Potent, Covalent, Small-Molecule Inhibitor of the Menin-MLL Interaction with Strong <i>In Vivo</i> Antitumor Activity._||_Abstract: Targeting the menin-MLL protein-protein interaction is a new therapeutic strategy for the treatment of acute leukemia carrying MLL fusion (MLL leukemia). We describe herein the structure-based optimization of a class of covalent menin inhibitors, which led to the discovery of M-808 (<b>16</b>) as a highly potent and efficacious covalent menin inhibitor. M-808 effectively inhibits leukemia cell growth at low nanomolar concentrations and is capable of achieving partial tumor regression in an MV4;11 xenograft tumor model in mice at a well-tolerated dose schedule. Determination of the co-crystal structure of M-808 in complex with menin provides a structural basis for their high-affinity, covalent interactions. M-808 represents a promising, covalent menin inhibitor for further optimization and evaluation toward developing a new therapy for the treatment of MLL leukemia. ",menin MLL inhibitor,1,234
1549074,"Toxicity in CB-17 SCID mouse xenografted with human MV4-11 cells assessed as effect on body weight at 10 to 25 mg/kg, iv administered every other day for 1 week (11 doses)",CHEMBL4346464,ChEMBL,ChEMBL,,,1,,2021/03/02 00:00,2021/03/02 00:00,"Title: Discovery of M-808 as a Highly Potent, Covalent, Small-Molecule Inhibitor of the Menin-MLL Interaction with Strong <i>In Vivo</i> Antitumor Activity._||_Abstract: Targeting the menin-MLL protein-protein interaction is a new therapeutic strategy for the treatment of acute leukemia carrying MLL fusion (MLL leukemia). We describe herein the structure-based optimization of a class of covalent menin inhibitors, which led to the discovery of M-808 (<b>16</b>) as a highly potent and efficacious covalent menin inhibitor. M-808 effectively inhibits leukemia cell growth at low nanomolar concentrations and is capable of achieving partial tumor regression in an MV4;11 xenograft tumor model in mice at a well-tolerated dose schedule. Determination of the co-crystal structure of M-808 in complex with menin provides a structural basis for their high-affinity, covalent interactions. M-808 represents a promising, covalent menin inhibitor for further optimization and evaluation toward developing a new therapy for the treatment of MLL leukemia. ",menin MLL inhibitor,1,235
1549073,"Antitumor activity against human MV4-11 cells xenografted in CB-17 SCID mouse assessed as tumor volume at 25 mg/kg, iv administered every other day for 1 week (11 doses) and measured on day 35 post treatment (Rvb = 92 mm3)",CHEMBL4346463,ChEMBL,ChEMBL,,,1,,2021/03/02 00:00,2021/03/02 00:00,"Title: Discovery of M-808 as a Highly Potent, Covalent, Small-Molecule Inhibitor of the Menin-MLL Interaction with Strong <i>In Vivo</i> Antitumor Activity._||_Abstract: Targeting the menin-MLL protein-protein interaction is a new therapeutic strategy for the treatment of acute leukemia carrying MLL fusion (MLL leukemia). We describe herein the structure-based optimization of a class of covalent menin inhibitors, which led to the discovery of M-808 (<b>16</b>) as a highly potent and efficacious covalent menin inhibitor. M-808 effectively inhibits leukemia cell growth at low nanomolar concentrations and is capable of achieving partial tumor regression in an MV4;11 xenograft tumor model in mice at a well-tolerated dose schedule. Determination of the co-crystal structure of M-808 in complex with menin provides a structural basis for their high-affinity, covalent interactions. M-808 represents a promising, covalent menin inhibitor for further optimization and evaluation toward developing a new therapy for the treatment of MLL leukemia. ",menin MLL inhibitor,1,236
1549072,"Antitumor activity against human MV4-11 cells xenografted in CB-17 SCID mouse assessed as tumor growth inhibition at 25 mg/kg, iv administered every other day for 1 week (11 doses) and measured on day 35 post treatment relative to control",CHEMBL4346462,ChEMBL,ChEMBL,,,1,,2021/03/02 00:00,2023/06/29 00:00,"Title: Discovery of M-808 as a Highly Potent, Covalent, Small-Molecule Inhibitor of the Menin-MLL Interaction with Strong <i>In Vivo</i> Antitumor Activity._||_Abstract: Targeting the menin-MLL protein-protein interaction is a new therapeutic strategy for the treatment of acute leukemia carrying MLL fusion (MLL leukemia). We describe herein the structure-based optimization of a class of covalent menin inhibitors, which led to the discovery of M-808 (<b>16</b>) as a highly potent and efficacious covalent menin inhibitor. M-808 effectively inhibits leukemia cell growth at low nanomolar concentrations and is capable of achieving partial tumor regression in an MV4;11 xenograft tumor model in mice at a well-tolerated dose schedule. Determination of the co-crystal structure of M-808 in complex with menin provides a structural basis for their high-affinity, covalent interactions. M-808 represents a promising, covalent menin inhibitor for further optimization and evaluation toward developing a new therapy for the treatment of MLL leukemia. ",menin MLL inhibitor,1,237
1549071,"Antitumor activity against human MV4-11 cells xenografted in CB-17 SCID mouse assessed as effect on tumor growth at 10 mg/kg, iv administered every other day for 1 week (11 doses)",CHEMBL4346461,ChEMBL,ChEMBL,,,1,,2021/03/02 00:00,2021/03/02 00:00,"Title: Discovery of M-808 as a Highly Potent, Covalent, Small-Molecule Inhibitor of the Menin-MLL Interaction with Strong <i>In Vivo</i> Antitumor Activity._||_Abstract: Targeting the menin-MLL protein-protein interaction is a new therapeutic strategy for the treatment of acute leukemia carrying MLL fusion (MLL leukemia). We describe herein the structure-based optimization of a class of covalent menin inhibitors, which led to the discovery of M-808 (<b>16</b>) as a highly potent and efficacious covalent menin inhibitor. M-808 effectively inhibits leukemia cell growth at low nanomolar concentrations and is capable of achieving partial tumor regression in an MV4;11 xenograft tumor model in mice at a well-tolerated dose schedule. Determination of the co-crystal structure of M-808 in complex with menin provides a structural basis for their high-affinity, covalent interactions. M-808 represents a promising, covalent menin inhibitor for further optimization and evaluation toward developing a new therapy for the treatment of MLL leukemia. ",menin MLL inhibitor,1,238
1549070,"In vivo inhibition of Menin-MLL protein-protein interaction in CB-17 SCID mouse xenografted with human MV4-11 cells assessed as reduction in HOXA9 expression in tumor at 25 mg/kg, iv measured after 6 to 24 hrs by RT-qPCR analysis",CHEMBL4346460,ChEMBL,ChEMBL,,1,1,,2021/03/02 00:00,2025/01/02 00:00,"Title: Discovery of M-808 as a Highly Potent, Covalent, Small-Molecule Inhibitor of the Menin-MLL Interaction with Strong <i>In Vivo</i> Antitumor Activity._||_Abstract: Targeting the menin-MLL protein-protein interaction is a new therapeutic strategy for the treatment of acute leukemia carrying MLL fusion (MLL leukemia). We describe herein the structure-based optimization of a class of covalent menin inhibitors, which led to the discovery of M-808 (<b>16</b>) as a highly potent and efficacious covalent menin inhibitor. M-808 effectively inhibits leukemia cell growth at low nanomolar concentrations and is capable of achieving partial tumor regression in an MV4;11 xenograft tumor model in mice at a well-tolerated dose schedule. Determination of the co-crystal structure of M-808 in complex with menin provides a structural basis for their high-affinity, covalent interactions. M-808 represents a promising, covalent menin inhibitor for further optimization and evaluation toward developing a new therapy for the treatment of MLL leukemia. ",menin MLL inhibitor,1,239
1549069,"In vivo inhibition of Menin-MLL protein-protein interaction in CB-17 SCID mouse xenografted with human MV4-11 cells assessed as reduction in MEIS1 expression in tumor at 25 mg/kg, iv measured after 6 to 24 hrs by RT-qPCR analysis",CHEMBL4346459,ChEMBL,ChEMBL,,1,1,,2021/03/02 00:00,2025/01/02 00:00,"Title: Discovery of M-808 as a Highly Potent, Covalent, Small-Molecule Inhibitor of the Menin-MLL Interaction with Strong <i>In Vivo</i> Antitumor Activity._||_Abstract: Targeting the menin-MLL protein-protein interaction is a new therapeutic strategy for the treatment of acute leukemia carrying MLL fusion (MLL leukemia). We describe herein the structure-based optimization of a class of covalent menin inhibitors, which led to the discovery of M-808 (<b>16</b>) as a highly potent and efficacious covalent menin inhibitor. M-808 effectively inhibits leukemia cell growth at low nanomolar concentrations and is capable of achieving partial tumor regression in an MV4;11 xenograft tumor model in mice at a well-tolerated dose schedule. Determination of the co-crystal structure of M-808 in complex with menin provides a structural basis for their high-affinity, covalent interactions. M-808 represents a promising, covalent menin inhibitor for further optimization and evaluation toward developing a new therapy for the treatment of MLL leukemia. ",menin MLL inhibitor,1,240
1549068,"Toxicity in SCID mouse assessed as drug tolerability at 25 mg/kg, iv administered every other day for 1 week",CHEMBL4346458,ChEMBL,ChEMBL,,,1,,2021/03/02 00:00,2021/03/02 00:00,"Title: Discovery of M-808 as a Highly Potent, Covalent, Small-Molecule Inhibitor of the Menin-MLL Interaction with Strong <i>In Vivo</i> Antitumor Activity._||_Abstract: Targeting the menin-MLL protein-protein interaction is a new therapeutic strategy for the treatment of acute leukemia carrying MLL fusion (MLL leukemia). We describe herein the structure-based optimization of a class of covalent menin inhibitors, which led to the discovery of M-808 (<b>16</b>) as a highly potent and efficacious covalent menin inhibitor. M-808 effectively inhibits leukemia cell growth at low nanomolar concentrations and is capable of achieving partial tumor regression in an MV4;11 xenograft tumor model in mice at a well-tolerated dose schedule. Determination of the co-crystal structure of M-808 in complex with menin provides a structural basis for their high-affinity, covalent interactions. M-808 represents a promising, covalent menin inhibitor for further optimization and evaluation toward developing a new therapy for the treatment of MLL leukemia. ",menin MLL inhibitor,1,241
1549067,"Toxicity in SCID mouse assessed as reduction in body weight at 25 mg/kg, iv administered every other day for 1 week relative to control",CHEMBL4346457,ChEMBL,ChEMBL,,,2,,2021/03/02 00:00,2021/03/02 00:00,"Title: Discovery of M-808 as a Highly Potent, Covalent, Small-Molecule Inhibitor of the Menin-MLL Interaction with Strong <i>In Vivo</i> Antitumor Activity._||_Abstract: Targeting the menin-MLL protein-protein interaction is a new therapeutic strategy for the treatment of acute leukemia carrying MLL fusion (MLL leukemia). We describe herein the structure-based optimization of a class of covalent menin inhibitors, which led to the discovery of M-808 (<b>16</b>) as a highly potent and efficacious covalent menin inhibitor. M-808 effectively inhibits leukemia cell growth at low nanomolar concentrations and is capable of achieving partial tumor regression in an MV4;11 xenograft tumor model in mice at a well-tolerated dose schedule. Determination of the co-crystal structure of M-808 in complex with menin provides a structural basis for their high-affinity, covalent interactions. M-808 represents a promising, covalent menin inhibitor for further optimization and evaluation toward developing a new therapy for the treatment of MLL leukemia. ",menin MLL inhibitor,1,242
1549066,"Toxicity in SCID mouse assessed as drug tolerability at 10 mg/kg, iv administered every other day for 1 week",CHEMBL4346456,ChEMBL,ChEMBL,,,3,,2021/03/02 00:00,2021/03/02 00:00,"Title: Discovery of M-808 as a Highly Potent, Covalent, Small-Molecule Inhibitor of the Menin-MLL Interaction with Strong <i>In Vivo</i> Antitumor Activity._||_Abstract: Targeting the menin-MLL protein-protein interaction is a new therapeutic strategy for the treatment of acute leukemia carrying MLL fusion (MLL leukemia). We describe herein the structure-based optimization of a class of covalent menin inhibitors, which led to the discovery of M-808 (<b>16</b>) as a highly potent and efficacious covalent menin inhibitor. M-808 effectively inhibits leukemia cell growth at low nanomolar concentrations and is capable of achieving partial tumor regression in an MV4;11 xenograft tumor model in mice at a well-tolerated dose schedule. Determination of the co-crystal structure of M-808 in complex with menin provides a structural basis for their high-affinity, covalent interactions. M-808 represents a promising, covalent menin inhibitor for further optimization and evaluation toward developing a new therapy for the treatment of MLL leukemia. ",menin MLL inhibitor,1,243
1549065,"Downregulation of MEIS1 expression in tumors of CB-17 SCID mouse xenografted with human MV4-11 cells at 10 mg/kg, iv administered as single dose and measured after 24 hrs by RT-qPCR analysis relative to control",CHEMBL4346455,ChEMBL,ChEMBL,,,3,,2021/03/02 00:00,2021/03/02 00:00,"Title: Discovery of M-808 as a Highly Potent, Covalent, Small-Molecule Inhibitor of the Menin-MLL Interaction with Strong <i>In Vivo</i> Antitumor Activity._||_Abstract: Targeting the menin-MLL protein-protein interaction is a new therapeutic strategy for the treatment of acute leukemia carrying MLL fusion (MLL leukemia). We describe herein the structure-based optimization of a class of covalent menin inhibitors, which led to the discovery of M-808 (<b>16</b>) as a highly potent and efficacious covalent menin inhibitor. M-808 effectively inhibits leukemia cell growth at low nanomolar concentrations and is capable of achieving partial tumor regression in an MV4;11 xenograft tumor model in mice at a well-tolerated dose schedule. Determination of the co-crystal structure of M-808 in complex with menin provides a structural basis for their high-affinity, covalent interactions. M-808 represents a promising, covalent menin inhibitor for further optimization and evaluation toward developing a new therapy for the treatment of MLL leukemia. ",menin MLL inhibitor,1,244
1549064,"Downregulation of Hoxa9 expression in tumors of CB-17 SCID mouse xenografted with human MV4-11 cells at 10 mg/kg, iv administered as single dose and measured after 24 hrs by RT-qPCR analysis",CHEMBL4346454,ChEMBL,ChEMBL,,3,3,,2021/03/02 00:00,2021/03/02 00:00,"Title: Discovery of M-808 as a Highly Potent, Covalent, Small-Molecule Inhibitor of the Menin-MLL Interaction with Strong <i>In Vivo</i> Antitumor Activity._||_Abstract: Targeting the menin-MLL protein-protein interaction is a new therapeutic strategy for the treatment of acute leukemia carrying MLL fusion (MLL leukemia). We describe herein the structure-based optimization of a class of covalent menin inhibitors, which led to the discovery of M-808 (<b>16</b>) as a highly potent and efficacious covalent menin inhibitor. M-808 effectively inhibits leukemia cell growth at low nanomolar concentrations and is capable of achieving partial tumor regression in an MV4;11 xenograft tumor model in mice at a well-tolerated dose schedule. Determination of the co-crystal structure of M-808 in complex with menin provides a structural basis for their high-affinity, covalent interactions. M-808 represents a promising, covalent menin inhibitor for further optimization and evaluation toward developing a new therapy for the treatment of MLL leukemia. ",menin MLL inhibitor,1,245
1549060,Growth inhibition of human HL60 cells after 7 days by WST-8 assay,CHEMBL4346450,ChEMBL,ChEMBL,Confirmatory,14,15,,2021/03/02 00:00,2022/08/30 00:00,"Title: Discovery of M-808 as a Highly Potent, Covalent, Small-Molecule Inhibitor of the Menin-MLL Interaction with Strong <i>In Vivo</i> Antitumor Activity._||_Abstract: Targeting the menin-MLL protein-protein interaction is a new therapeutic strategy for the treatment of acute leukemia carrying MLL fusion (MLL leukemia). We describe herein the structure-based optimization of a class of covalent menin inhibitors, which led to the discovery of M-808 (<b>16</b>) as a highly potent and efficacious covalent menin inhibitor. M-808 effectively inhibits leukemia cell growth at low nanomolar concentrations and is capable of achieving partial tumor regression in an MV4;11 xenograft tumor model in mice at a well-tolerated dose schedule. Determination of the co-crystal structure of M-808 in complex with menin provides a structural basis for their high-affinity, covalent interactions. M-808 represents a promising, covalent menin inhibitor for further optimization and evaluation toward developing a new therapy for the treatment of MLL leukemia. ",menin MLL inhibitor,1,246
1549059,Growth inhibition of human MOLM13 cells after 7 days by WST-8 assay,CHEMBL4346449,ChEMBL,ChEMBL,Confirmatory,15,15,,2021/03/02 00:00,2022/08/30 00:00,"Title: Discovery of M-808 as a Highly Potent, Covalent, Small-Molecule Inhibitor of the Menin-MLL Interaction with Strong <i>In Vivo</i> Antitumor Activity._||_Abstract: Targeting the menin-MLL protein-protein interaction is a new therapeutic strategy for the treatment of acute leukemia carrying MLL fusion (MLL leukemia). We describe herein the structure-based optimization of a class of covalent menin inhibitors, which led to the discovery of M-808 (<b>16</b>) as a highly potent and efficacious covalent menin inhibitor. M-808 effectively inhibits leukemia cell growth at low nanomolar concentrations and is capable of achieving partial tumor regression in an MV4;11 xenograft tumor model in mice at a well-tolerated dose schedule. Determination of the co-crystal structure of M-808 in complex with menin provides a structural basis for their high-affinity, covalent interactions. M-808 represents a promising, covalent menin inhibitor for further optimization and evaluation toward developing a new therapy for the treatment of MLL leukemia. ",menin MLL inhibitor,1,247
1549058,Growth inhibition of human MV4-11 cells after 7 days by WST-8 assay,CHEMBL4346448,ChEMBL,ChEMBL,Confirmatory,15,15,,2021/03/02 00:00,2022/08/30 00:00,"Title: Discovery of M-808 as a Highly Potent, Covalent, Small-Molecule Inhibitor of the Menin-MLL Interaction with Strong <i>In Vivo</i> Antitumor Activity._||_Abstract: Targeting the menin-MLL protein-protein interaction is a new therapeutic strategy for the treatment of acute leukemia carrying MLL fusion (MLL leukemia). We describe herein the structure-based optimization of a class of covalent menin inhibitors, which led to the discovery of M-808 (<b>16</b>) as a highly potent and efficacious covalent menin inhibitor. M-808 effectively inhibits leukemia cell growth at low nanomolar concentrations and is capable of achieving partial tumor regression in an MV4;11 xenograft tumor model in mice at a well-tolerated dose schedule. Determination of the co-crystal structure of M-808 in complex with menin provides a structural basis for their high-affinity, covalent interactions. M-808 represents a promising, covalent menin inhibitor for further optimization and evaluation toward developing a new therapy for the treatment of MLL leukemia. ",menin MLL inhibitor,1,248
1508588,RNAi screen for vemurafenib enhancer genes in BRAFV600 melanoma - Primary Screen,BRAFV600-vemurafenib-primary,"Victorian Centre for Functional Genomics, Peter MacCallum Cancer Centre","Peter MacCallum Cancer Centre;Victorian Centre for Functional Genomics, Peter MacCallum Cancer Centre",Screening,790,18119,,2020/06/26 00:00,2020/08/28 00:00,Genome wide protein coding siRNA screen for genes that enhance the effects of vemurafenib on cell viability and glycolysis in human BRAFV600 melanoma cells ,target_gene:MEN1,1,249
1387534,Inhibition of menin-MLL1 (unknown origin) protein-protein interaction by HTRF assay,CHEMBL4202224,ChEMBL,ChEMBL,Confirmatory,6,6,2,2020/06/18 00:00,2022/08/30 00:00,Title: Potential Treatment of Acute Leukemia with Inhibitors of Menin/MLL Interaction. ,target_gene:MEN1,1,250
1387531,Inhibition of menin-MLL1 (unknown origin) protein-protein interaction by fluorescence polarization assay,CHEMBL4202221,ChEMBL,ChEMBL,Confirmatory,6,6,2,2020/06/18 00:00,2022/08/30 00:00,Title: Potential Treatment of Acute Leukemia with Inhibitors of Menin/MLL Interaction. ,target_gene:MEN1,1,251
1375635,"In vivo inhibition of menin interaction with MLL in luciferase expressing human MV411 cells xenografted in NSG mouse assessed as increase in ITGAM gene expression in spleen at 80 mg/kg, ip administered for 6 consecutive days by qRT-PCR method relative to vehicle-treated control",CHEMBL4189802,ChEMBL,ChEMBL,,,1,,2020/06/18 00:00,2020/06/18 00:00,"Title: Complexity of Blocking Bivalent Protein-Protein Interactions: Development of a Highly Potent Inhibitor of the Menin-Mixed-Lineage Leukemia Interaction._||_Abstract: The protein-protein interaction between menin and mixed-lineage leukemia 1 (MLL1) plays an important role in development of acute leukemia with translocations of the MLL1 gene and in solid tumors. Here, we report the development of a new generation of menin-MLL1 inhibitors identified by structure-based optimization of the thienopyrimidine class of compounds. This work resulted in compound 28 (MI-1481), which showed very potent inhibition of the menin-MLL1 interaction (IC50 = 3.6 nM), representing the most potent reversible menin-MLL1 inhibitor reported to date. The crystal structure of the menin-28 complex revealed a hydrogen bond with Glu366 and hydrophobic interactions, which contributed to strong inhibitory activity of 28. Compound 28 also demonstrates pronounced activity in MLL leukemia cells and in vivo in MLL leukemia models. Thus, 28 is a valuable menin-MLL1 inhibitor that can be used for potential therapeutic applications and in further studies regarding the role of menin in cancer. ",menin MLL inhibitor,1,252
1375634,"In vivo inhibition of menin interaction with MLL in luciferase expressing human MV411 cells xenografted in NSG mouse assessed as increase in ITGAM gene expression in bone marrow at 80 mg/kg, ip administered for 6 consecutive days by qRT-PCR method relative to vehicle-treated control",CHEMBL4189801,ChEMBL,ChEMBL,,,1,,2020/06/18 00:00,2020/06/18 00:00,"Title: Complexity of Blocking Bivalent Protein-Protein Interactions: Development of a Highly Potent Inhibitor of the Menin-Mixed-Lineage Leukemia Interaction._||_Abstract: The protein-protein interaction between menin and mixed-lineage leukemia 1 (MLL1) plays an important role in development of acute leukemia with translocations of the MLL1 gene and in solid tumors. Here, we report the development of a new generation of menin-MLL1 inhibitors identified by structure-based optimization of the thienopyrimidine class of compounds. This work resulted in compound 28 (MI-1481), which showed very potent inhibition of the menin-MLL1 interaction (IC50 = 3.6 nM), representing the most potent reversible menin-MLL1 inhibitor reported to date. The crystal structure of the menin-28 complex revealed a hydrogen bond with Glu366 and hydrophobic interactions, which contributed to strong inhibitory activity of 28. Compound 28 also demonstrates pronounced activity in MLL leukemia cells and in vivo in MLL leukemia models. Thus, 28 is a valuable menin-MLL1 inhibitor that can be used for potential therapeutic applications and in further studies regarding the role of menin in cancer. ",menin MLL inhibitor,1,253
1375633,"In vivo inhibition of menin interaction with MLL in luciferase expressing human MV411 cells xenografted in NSG mouse assessed as decrease in MEIS1 gene expression in spleen at 80 mg/kg, ip administered for 6 consecutive days by qRT-PCR method relative to vehicle-treated control",CHEMBL4189800,ChEMBL,ChEMBL,,,1,,2020/06/18 00:00,2020/06/18 00:00,"Title: Complexity of Blocking Bivalent Protein-Protein Interactions: Development of a Highly Potent Inhibitor of the Menin-Mixed-Lineage Leukemia Interaction._||_Abstract: The protein-protein interaction between menin and mixed-lineage leukemia 1 (MLL1) plays an important role in development of acute leukemia with translocations of the MLL1 gene and in solid tumors. Here, we report the development of a new generation of menin-MLL1 inhibitors identified by structure-based optimization of the thienopyrimidine class of compounds. This work resulted in compound 28 (MI-1481), which showed very potent inhibition of the menin-MLL1 interaction (IC50 = 3.6 nM), representing the most potent reversible menin-MLL1 inhibitor reported to date. The crystal structure of the menin-28 complex revealed a hydrogen bond with Glu366 and hydrophobic interactions, which contributed to strong inhibitory activity of 28. Compound 28 also demonstrates pronounced activity in MLL leukemia cells and in vivo in MLL leukemia models. Thus, 28 is a valuable menin-MLL1 inhibitor that can be used for potential therapeutic applications and in further studies regarding the role of menin in cancer. ",menin MLL inhibitor,1,254
1375632,"In vivo inhibition of menin interaction with MLL in luciferase expressing human MV411 cells xenografted in NSG mouse assessed as decrease in MEIS1 gene expression in bone marrow at 80 mg/kg, ip administered for 6 consecutive days by qRT-PCR method relative to vehicle-treated control",CHEMBL4189799,ChEMBL,ChEMBL,,,1,,2020/06/18 00:00,2020/06/18 00:00,"Title: Complexity of Blocking Bivalent Protein-Protein Interactions: Development of a Highly Potent Inhibitor of the Menin-Mixed-Lineage Leukemia Interaction._||_Abstract: The protein-protein interaction between menin and mixed-lineage leukemia 1 (MLL1) plays an important role in development of acute leukemia with translocations of the MLL1 gene and in solid tumors. Here, we report the development of a new generation of menin-MLL1 inhibitors identified by structure-based optimization of the thienopyrimidine class of compounds. This work resulted in compound 28 (MI-1481), which showed very potent inhibition of the menin-MLL1 interaction (IC50 = 3.6 nM), representing the most potent reversible menin-MLL1 inhibitor reported to date. The crystal structure of the menin-28 complex revealed a hydrogen bond with Glu366 and hydrophobic interactions, which contributed to strong inhibitory activity of 28. Compound 28 also demonstrates pronounced activity in MLL leukemia cells and in vivo in MLL leukemia models. Thus, 28 is a valuable menin-MLL1 inhibitor that can be used for potential therapeutic applications and in further studies regarding the role of menin in cancer. ",menin MLL inhibitor,1,255
1375631,"In vivo inhibition of menin interaction with MLL in luciferase expressing human MV411 cells xenografted in NSG mouse assessed as decrease in HOXA9 gene expression in spleen at 80 mg/kg, ip administered for 6 consecutive days by qRT-PCR method relative to vehicle-treated control",CHEMBL4189798,ChEMBL,ChEMBL,,,1,,2020/06/18 00:00,2020/06/18 00:00,"Title: Complexity of Blocking Bivalent Protein-Protein Interactions: Development of a Highly Potent Inhibitor of the Menin-Mixed-Lineage Leukemia Interaction._||_Abstract: The protein-protein interaction between menin and mixed-lineage leukemia 1 (MLL1) plays an important role in development of acute leukemia with translocations of the MLL1 gene and in solid tumors. Here, we report the development of a new generation of menin-MLL1 inhibitors identified by structure-based optimization of the thienopyrimidine class of compounds. This work resulted in compound 28 (MI-1481), which showed very potent inhibition of the menin-MLL1 interaction (IC50 = 3.6 nM), representing the most potent reversible menin-MLL1 inhibitor reported to date. The crystal structure of the menin-28 complex revealed a hydrogen bond with Glu366 and hydrophobic interactions, which contributed to strong inhibitory activity of 28. Compound 28 also demonstrates pronounced activity in MLL leukemia cells and in vivo in MLL leukemia models. Thus, 28 is a valuable menin-MLL1 inhibitor that can be used for potential therapeutic applications and in further studies regarding the role of menin in cancer. ",menin MLL inhibitor,1,256
1375630,"In vivo inhibition of menin interaction with MLL in luciferase expressing human MV411 cells xenografted in NSG mouse assessed as decrease in HOXA9 gene expression in bone marrow at 80 mg/kg, ip administered for 6 consecutive days by qRT-PCR method relative to vehicle-treated control",CHEMBL4189797,ChEMBL,ChEMBL,,,1,,2020/06/18 00:00,2020/06/18 00:00,"Title: Complexity of Blocking Bivalent Protein-Protein Interactions: Development of a Highly Potent Inhibitor of the Menin-Mixed-Lineage Leukemia Interaction._||_Abstract: The protein-protein interaction between menin and mixed-lineage leukemia 1 (MLL1) plays an important role in development of acute leukemia with translocations of the MLL1 gene and in solid tumors. Here, we report the development of a new generation of menin-MLL1 inhibitors identified by structure-based optimization of the thienopyrimidine class of compounds. This work resulted in compound 28 (MI-1481), which showed very potent inhibition of the menin-MLL1 interaction (IC50 = 3.6 nM), representing the most potent reversible menin-MLL1 inhibitor reported to date. The crystal structure of the menin-28 complex revealed a hydrogen bond with Glu366 and hydrophobic interactions, which contributed to strong inhibitory activity of 28. Compound 28 also demonstrates pronounced activity in MLL leukemia cells and in vivo in MLL leukemia models. Thus, 28 is a valuable menin-MLL1 inhibitor that can be used for potential therapeutic applications and in further studies regarding the role of menin in cancer. ",menin MLL inhibitor,1,257
1375629,"Antileukemia activity against luciferase expressing human MV411 cells xenografted in NSG mouse assessed as levels of human CD45positive cells at 80 mg/kg, ip administered for 6 consecutive days by flow cytometric method (Rvb = 75%)",CHEMBL4189796,ChEMBL,ChEMBL,,,1,,2020/06/18 00:00,2020/06/18 00:00,"Title: Complexity of Blocking Bivalent Protein-Protein Interactions: Development of a Highly Potent Inhibitor of the Menin-Mixed-Lineage Leukemia Interaction._||_Abstract: The protein-protein interaction between menin and mixed-lineage leukemia 1 (MLL1) plays an important role in development of acute leukemia with translocations of the MLL1 gene and in solid tumors. Here, we report the development of a new generation of menin-MLL1 inhibitors identified by structure-based optimization of the thienopyrimidine class of compounds. This work resulted in compound 28 (MI-1481), which showed very potent inhibition of the menin-MLL1 interaction (IC50 = 3.6 nM), representing the most potent reversible menin-MLL1 inhibitor reported to date. The crystal structure of the menin-28 complex revealed a hydrogen bond with Glu366 and hydrophobic interactions, which contributed to strong inhibitory activity of 28. Compound 28 also demonstrates pronounced activity in MLL leukemia cells and in vivo in MLL leukemia models. Thus, 28 is a valuable menin-MLL1 inhibitor that can be used for potential therapeutic applications and in further studies regarding the role of menin in cancer. ",menin MLL inhibitor,1,258
1375628,"Antileukemia activity against luciferase expressing human MV411 cells xenografted in NSG mouse assessed as reduction in spleen size at 80 mg/kg, ip administered for 6 consecutive days",CHEMBL4189795,ChEMBL,ChEMBL,,1,1,,2020/06/18 00:00,2020/06/18 00:00,"Title: Complexity of Blocking Bivalent Protein-Protein Interactions: Development of a Highly Potent Inhibitor of the Menin-Mixed-Lineage Leukemia Interaction._||_Abstract: The protein-protein interaction between menin and mixed-lineage leukemia 1 (MLL1) plays an important role in development of acute leukemia with translocations of the MLL1 gene and in solid tumors. Here, we report the development of a new generation of menin-MLL1 inhibitors identified by structure-based optimization of the thienopyrimidine class of compounds. This work resulted in compound 28 (MI-1481), which showed very potent inhibition of the menin-MLL1 interaction (IC50 = 3.6 nM), representing the most potent reversible menin-MLL1 inhibitor reported to date. The crystal structure of the menin-28 complex revealed a hydrogen bond with Glu366 and hydrophobic interactions, which contributed to strong inhibitory activity of 28. Compound 28 also demonstrates pronounced activity in MLL leukemia cells and in vivo in MLL leukemia models. Thus, 28 is a valuable menin-MLL1 inhibitor that can be used for potential therapeutic applications and in further studies regarding the role of menin in cancer. ",menin MLL inhibitor,1,259
1375627,"Antileukemia activity against luciferase expressing human MV411 cells xenografted in NSG mouse assessed as reduction in spleen weight at 80 mg/kg, ip administered for 6 consecutive days",CHEMBL4189794,ChEMBL,ChEMBL,,1,1,,2020/06/18 00:00,2020/06/18 00:00,"Title: Complexity of Blocking Bivalent Protein-Protein Interactions: Development of a Highly Potent Inhibitor of the Menin-Mixed-Lineage Leukemia Interaction._||_Abstract: The protein-protein interaction between menin and mixed-lineage leukemia 1 (MLL1) plays an important role in development of acute leukemia with translocations of the MLL1 gene and in solid tumors. Here, we report the development of a new generation of menin-MLL1 inhibitors identified by structure-based optimization of the thienopyrimidine class of compounds. This work resulted in compound 28 (MI-1481), which showed very potent inhibition of the menin-MLL1 interaction (IC50 = 3.6 nM), representing the most potent reversible menin-MLL1 inhibitor reported to date. The crystal structure of the menin-28 complex revealed a hydrogen bond with Glu366 and hydrophobic interactions, which contributed to strong inhibitory activity of 28. Compound 28 also demonstrates pronounced activity in MLL leukemia cells and in vivo in MLL leukemia models. Thus, 28 is a valuable menin-MLL1 inhibitor that can be used for potential therapeutic applications and in further studies regarding the role of menin in cancer. ",menin MLL inhibitor,1,260
1375626,"In vivo inhibition of menin interaction with MLL in luciferase expressing human MV411 cells xenografted in NSG mouse at 80 mg/kg, ip administered for 21 consecutive days measured at days 7, 14, 21 during compound dosing by bioluminescence method relative to vehicle-treated control",CHEMBL4189793,ChEMBL,ChEMBL,,,1,,2020/06/18 00:00,2020/06/18 00:00,"Title: Complexity of Blocking Bivalent Protein-Protein Interactions: Development of a Highly Potent Inhibitor of the Menin-Mixed-Lineage Leukemia Interaction._||_Abstract: The protein-protein interaction between menin and mixed-lineage leukemia 1 (MLL1) plays an important role in development of acute leukemia with translocations of the MLL1 gene and in solid tumors. Here, we report the development of a new generation of menin-MLL1 inhibitors identified by structure-based optimization of the thienopyrimidine class of compounds. This work resulted in compound 28 (MI-1481), which showed very potent inhibition of the menin-MLL1 interaction (IC50 = 3.6 nM), representing the most potent reversible menin-MLL1 inhibitor reported to date. The crystal structure of the menin-28 complex revealed a hydrogen bond with Glu366 and hydrophobic interactions, which contributed to strong inhibitory activity of 28. Compound 28 also demonstrates pronounced activity in MLL leukemia cells and in vivo in MLL leukemia models. Thus, 28 is a valuable menin-MLL1 inhibitor that can be used for potential therapeutic applications and in further studies regarding the role of menin in cancer. ",menin MLL inhibitor,1,261
1375617,Cytotoxicity against human MOLM13 cells harboring MLL-AF9 fusion protein assessed as cell growth inhibition after 7 days by MTT assay,CHEMBL4189784,ChEMBL,ChEMBL,Confirmatory,1,2,,2020/06/18 00:00,2022/08/30 00:00,"Title: Complexity of Blocking Bivalent Protein-Protein Interactions: Development of a Highly Potent Inhibitor of the Menin-Mixed-Lineage Leukemia Interaction._||_Abstract: The protein-protein interaction between menin and mixed-lineage leukemia 1 (MLL1) plays an important role in development of acute leukemia with translocations of the MLL1 gene and in solid tumors. Here, we report the development of a new generation of menin-MLL1 inhibitors identified by structure-based optimization of the thienopyrimidine class of compounds. This work resulted in compound 28 (MI-1481), which showed very potent inhibition of the menin-MLL1 interaction (IC50 = 3.6 nM), representing the most potent reversible menin-MLL1 inhibitor reported to date. The crystal structure of the menin-28 complex revealed a hydrogen bond with Glu366 and hydrophobic interactions, which contributed to strong inhibitory activity of 28. Compound 28 also demonstrates pronounced activity in MLL leukemia cells and in vivo in MLL leukemia models. Thus, 28 is a valuable menin-MLL1 inhibitor that can be used for potential therapeutic applications and in further studies regarding the role of menin in cancer. ",menin MLL inhibitor,1,262
1375616,Cytotoxicity against human MV411 cells harboring MLL-AF4 fusion protein assessed as cell growth inhibition after 7 days by MTT assay,CHEMBL4189783,ChEMBL,ChEMBL,Confirmatory,2,2,,2020/06/18 00:00,2022/08/30 00:00,"Title: Complexity of Blocking Bivalent Protein-Protein Interactions: Development of a Highly Potent Inhibitor of the Menin-Mixed-Lineage Leukemia Interaction._||_Abstract: The protein-protein interaction between menin and mixed-lineage leukemia 1 (MLL1) plays an important role in development of acute leukemia with translocations of the MLL1 gene and in solid tumors. Here, we report the development of a new generation of menin-MLL1 inhibitors identified by structure-based optimization of the thienopyrimidine class of compounds. This work resulted in compound 28 (MI-1481), which showed very potent inhibition of the menin-MLL1 interaction (IC50 = 3.6 nM), representing the most potent reversible menin-MLL1 inhibitor reported to date. The crystal structure of the menin-28 complex revealed a hydrogen bond with Glu366 and hydrophobic interactions, which contributed to strong inhibitory activity of 28. Compound 28 also demonstrates pronounced activity in MLL leukemia cells and in vivo in MLL leukemia models. Thus, 28 is a valuable menin-MLL1 inhibitor that can be used for potential therapeutic applications and in further studies regarding the role of menin in cancer. ",menin MLL inhibitor,1,263
1372686,Displacement of FITC-MBM1 from full length human menin measured after 2 hrs by fluorescence polarization assay,CHEMBL4186853,ChEMBL,ChEMBL,Confirmatory,1,2,1,2020/06/18 00:00,2022/08/30 00:00,"Title: Targeting protein-protein interaction between MLL1 and reciprocal proteins for leukemia therapy._||_Abstract: The mixed lineage leukemia protein-1 (MLL1), as a lysine methyltransferase, predominantly regulates the methylation of histone H3 lysine 4 (H3K4) and functions in hematopoietic stem cell (HSC) self-renewal. MLL1 gene fuses with partner genes that results in the generation of MLL1 fusion proteins (MLL1-FPs), which are frequently detected in acute leukemia. In the progress of leukemogenesis, a great deal of proteins cooperate with MLL1 to form multiprotein complexes serving for the dysregulation of H3K4 methylation, the overexpression of homeobox (HOX) cluster genes, and the consequent generation of leukemia. Hence, disrupting the interactions between MLL1 and the reciprocal proteins has been considered to be a new treatment strategy for leukemia. Here, we reviewed potential protein-protein interactions (PPIs) between MLL1 and its reciprocal proteins, and summarized the inhibitors to target MLL1 PPIs. The druggability of MLL1 PPIs for leukemia were also discussed. ",target_gene:MEN1,1,264
1372685,Displacement of FITC-MBM1 from full length human menin measured after 1 hr by fluorescence polarization assay,CHEMBL4186852,ChEMBL,ChEMBL,Confirmatory,2,2,1,2020/06/18 00:00,2022/08/30 00:00,"Title: Targeting protein-protein interaction between MLL1 and reciprocal proteins for leukemia therapy._||_Abstract: The mixed lineage leukemia protein-1 (MLL1), as a lysine methyltransferase, predominantly regulates the methylation of histone H3 lysine 4 (H3K4) and functions in hematopoietic stem cell (HSC) self-renewal. MLL1 gene fuses with partner genes that results in the generation of MLL1 fusion proteins (MLL1-FPs), which are frequently detected in acute leukemia. In the progress of leukemogenesis, a great deal of proteins cooperate with MLL1 to form multiprotein complexes serving for the dysregulation of H3K4 methylation, the overexpression of homeobox (HOX) cluster genes, and the consequent generation of leukemia. Hence, disrupting the interactions between MLL1 and the reciprocal proteins has been considered to be a new treatment strategy for leukemia. Here, we reviewed potential protein-protein interactions (PPIs) between MLL1 and its reciprocal proteins, and summarized the inhibitors to target MLL1 PPIs. The druggability of MLL1 PPIs for leukemia were also discussed. ",target_gene:MEN1,1,265
1372684,Binding affinity to menin (unknown origin) by isothermal titration calorimetry,CHEMBL4186851,ChEMBL,ChEMBL,Confirmatory,3,3,1,2020/06/18 00:00,2022/08/30 00:00,"Title: Targeting protein-protein interaction between MLL1 and reciprocal proteins for leukemia therapy._||_Abstract: The mixed lineage leukemia protein-1 (MLL1), as a lysine methyltransferase, predominantly regulates the methylation of histone H3 lysine 4 (H3K4) and functions in hematopoietic stem cell (HSC) self-renewal. MLL1 gene fuses with partner genes that results in the generation of MLL1 fusion proteins (MLL1-FPs), which are frequently detected in acute leukemia. In the progress of leukemogenesis, a great deal of proteins cooperate with MLL1 to form multiprotein complexes serving for the dysregulation of H3K4 methylation, the overexpression of homeobox (HOX) cluster genes, and the consequent generation of leukemia. Hence, disrupting the interactions between MLL1 and the reciprocal proteins has been considered to be a new treatment strategy for leukemia. Here, we reviewed potential protein-protein interactions (PPIs) between MLL1 and its reciprocal proteins, and summarized the inhibitors to target MLL1 PPIs. The druggability of MLL1 PPIs for leukemia were also discussed. ",target_gene:MEN1,1,266
1372683,Displacement of FITC-MBM1 from menin (unknown origin) measured after 1 hr by fluorescence polarization assay,CHEMBL4186850,ChEMBL,ChEMBL,Confirmatory,3,3,1,2020/06/18 00:00,2022/08/30 00:00,"Title: Targeting protein-protein interaction between MLL1 and reciprocal proteins for leukemia therapy._||_Abstract: The mixed lineage leukemia protein-1 (MLL1), as a lysine methyltransferase, predominantly regulates the methylation of histone H3 lysine 4 (H3K4) and functions in hematopoietic stem cell (HSC) self-renewal. MLL1 gene fuses with partner genes that results in the generation of MLL1 fusion proteins (MLL1-FPs), which are frequently detected in acute leukemia. In the progress of leukemogenesis, a great deal of proteins cooperate with MLL1 to form multiprotein complexes serving for the dysregulation of H3K4 methylation, the overexpression of homeobox (HOX) cluster genes, and the consequent generation of leukemia. Hence, disrupting the interactions between MLL1 and the reciprocal proteins has been considered to be a new treatment strategy for leukemia. Here, we reviewed potential protein-protein interactions (PPIs) between MLL1 and its reciprocal proteins, and summarized the inhibitors to target MLL1 PPIs. The druggability of MLL1 PPIs for leukemia were also discussed. ",target_gene:MEN1,1,267
1354811,Inhibition of biotinylated MLL-1 derived biotinylated Btn-PEG2- PEG2-S-Nva-RWRFPARPGTT-Amide binding to recombinant full length N-terminal His-tagged menin (unknown origin) expressed in Escherichia coli incubated for 10 mins by TR-FRET assay,CHEMBL4149708,ChEMBL,ChEMBL,Confirmatory,9,9,1,2020/06/18 00:00,2022/08/30 00:00,"Title: 2,7-Diazaspiro[4,4]nonanes for the Treatment or Prevention of Cancers and Diabetes. ",target_gene:MEN1,1,268
1354704,Inhibition of FITC-labelled MLL1 binding to menin (unknown origin) after 120 mins by fluorescence polarization method,CHEMBL4149601,ChEMBL,ChEMBL,Confirmatory,1,1,1,2020/06/18 00:00,2022/08/30 00:00,"Title: Piperidine Alkaloids with Diverse Skeletons from Anacyclus pyrethrum._||_Abstract: Fifteen new piperidine derivatives, pyracyclumines A-J (1-10), including five pairs of enantiomers, (+)-1/(-)-1 to (+)-5/(-)-5, together with three known compounds, agrocybenine (11), 4,6,6-trimethyl-5,6-dihydro-2(1 H)-pyridone (12), and 3,5,5-trimethyl-1,5-dihydro-2 H-pyrrol-2-one (13), were isolated from the roots of Anacyclus pyrethrum. Pyracyclumines A, B, and H (1, 2, and 8) possess a novel 6/5/6/6 dimeric piperidine skeleton, a unique 6/5/6 dimeric piperidine skeleton, and a 1,4,6-triazaindan skeleton, respectively. Pyracyclumine C (3) is based on a rare cyclopentane-piperidine framework. The structures of the isolated compounds were established by analysis of their NMR and HRESIMS data. The racemic pyracyclumines A-E (1-5) were further separated by chiral HPLC to give the enantiomers (+)-1/(-)-1 to (+)-5/(-)-5, for which the absolute configurations were determined by comparison of their experimental and calculated ECD spectra. The plausible biogenetic pathways of these piperidine alkaloids were proposed starting from the basic units of compounds 12 and 13. All of the isolated compounds were tested for their inhibitory effects on menin-mixed lineage leukemia 1 protein-protein interaction. ",target_gene:MEN1,1,269
1354703,Inhibition of FITC-labelled MLL1 binding to menin (unknown origin) at 20 uM after 120 mins by fluorescence polarization method relative to control,CHEMBL4149600,ChEMBL,ChEMBL,,,13,1,2020/06/18 00:00,2020/06/18 00:00,"Title: Piperidine Alkaloids with Diverse Skeletons from Anacyclus pyrethrum._||_Abstract: Fifteen new piperidine derivatives, pyracyclumines A-J (1-10), including five pairs of enantiomers, (+)-1/(-)-1 to (+)-5/(-)-5, together with three known compounds, agrocybenine (11), 4,6,6-trimethyl-5,6-dihydro-2(1 H)-pyridone (12), and 3,5,5-trimethyl-1,5-dihydro-2 H-pyrrol-2-one (13), were isolated from the roots of Anacyclus pyrethrum. Pyracyclumines A, B, and H (1, 2, and 8) possess a novel 6/5/6/6 dimeric piperidine skeleton, a unique 6/5/6 dimeric piperidine skeleton, and a 1,4,6-triazaindan skeleton, respectively. Pyracyclumine C (3) is based on a rare cyclopentane-piperidine framework. The structures of the isolated compounds were established by analysis of their NMR and HRESIMS data. The racemic pyracyclumines A-E (1-5) were further separated by chiral HPLC to give the enantiomers (+)-1/(-)-1 to (+)-5/(-)-5, for which the absolute configurations were determined by comparison of their experimental and calculated ECD spectra. The plausible biogenetic pathways of these piperidine alkaloids were proposed starting from the basic units of compounds 12 and 13. All of the isolated compounds were tested for their inhibitory effects on menin-mixed lineage leukemia 1 protein-protein interaction. ",target_gene:MEN1,1,270
1286431,Binding affinity to menin (unknown origin),CHEMBL3782255,ChEMBL,ChEMBL,Confirmatory,2,2,1,2018/09/05 00:00,2022/08/30 00:00,"Title: Property Focused Structure-Based Optimization of Small Molecule Inhibitors of the Protein-Protein Interaction between Menin and Mixed Lineage Leukemia (MLL)._||_Abstract: Development of potent small molecule inhibitors of protein-protein interactions with optimized druglike properties represents a challenging task in lead optimization process. Here, we report synthesis and structure-based optimization of new thienopyrimidine class of compounds, which block the protein-protein interaction between menin and MLL fusion proteins that plays an important role in acute leukemias with MLL translocations. We performed simultaneous optimization of both activity and druglike properties through systematic exploration of substituents introduced to the indole ring of lead compound 1 (MI-136) to identify compounds suitable for in vivo studies in mice. This work resulted in the identification of compound 27 (MI-538), which showed significantly increased activity, selectivity, polarity, and pharmacokinetic profile over 1 and demonstrated a pronounced effect in a mouse model of MLL leukemia. This study, which reports detailed structure-activity and structure-property relationships for the menin-MLL inhibitors, demonstrates challenges in optimizing inhibitors of protein-protein interactions for potential therapeutic applications. ",target_gene:MEN1,1,271
1286427,Inhibition of menin-MLL interaction in MLL-AF9 transformed mouse bone marrow cells assessed as downregulation of Hoxa9 expression level at 100 nM after 6 days by qRT-PCR analysis,CHEMBL3782251,ChEMBL,ChEMBL,,,1,2,2018/09/05 00:00,2018/09/05 00:00,"Title: Property Focused Structure-Based Optimization of Small Molecule Inhibitors of the Protein-Protein Interaction between Menin and Mixed Lineage Leukemia (MLL)._||_Abstract: Development of potent small molecule inhibitors of protein-protein interactions with optimized druglike properties represents a challenging task in lead optimization process. Here, we report synthesis and structure-based optimization of new thienopyrimidine class of compounds, which block the protein-protein interaction between menin and MLL fusion proteins that plays an important role in acute leukemias with MLL translocations. We performed simultaneous optimization of both activity and druglike properties through systematic exploration of substituents introduced to the indole ring of lead compound 1 (MI-136) to identify compounds suitable for in vivo studies in mice. This work resulted in the identification of compound 27 (MI-538), which showed significantly increased activity, selectivity, polarity, and pharmacokinetic profile over 1 and demonstrated a pronounced effect in a mouse model of MLL leukemia. This study, which reports detailed structure-activity and structure-property relationships for the menin-MLL inhibitors, demonstrates challenges in optimizing inhibitors of protein-protein interactions for potential therapeutic applications. ",target_gene:MEN1,1,272
1286398,Inhibition of menin-MLL interaction (unknown origin) after 1 hr by fluorescence polarization assay,CHEMBL3782822,ChEMBL,ChEMBL,Confirmatory,37,37,2,2018/09/05 00:00,2022/08/30 00:00,"Title: Property Focused Structure-Based Optimization of Small Molecule Inhibitors of the Protein-Protein Interaction between Menin and Mixed Lineage Leukemia (MLL)._||_Abstract: Development of potent small molecule inhibitors of protein-protein interactions with optimized druglike properties represents a challenging task in lead optimization process. Here, we report synthesis and structure-based optimization of new thienopyrimidine class of compounds, which block the protein-protein interaction between menin and MLL fusion proteins that plays an important role in acute leukemias with MLL translocations. We performed simultaneous optimization of both activity and druglike properties through systematic exploration of substituents introduced to the indole ring of lead compound 1 (MI-136) to identify compounds suitable for in vivo studies in mice. This work resulted in the identification of compound 27 (MI-538), which showed significantly increased activity, selectivity, polarity, and pharmacokinetic profile over 1 and demonstrated a pronounced effect in a mouse model of MLL leukemia. This study, which reports detailed structure-activity and structure-property relationships for the menin-MLL inhibitors, demonstrates challenges in optimizing inhibitors of protein-protein interactions for potential therapeutic applications. ",target_gene:MEN1,1,273
1244932,Inhibition of beta-lactamase (unknown origin),CHEMBL3614561,ChEMBL,ChEMBL,Confirmatory,2,2,,2016/12/24 00:00,2022/08/30 00:00,"Title: Rational Design of Orthogonal Multipolar Interactions with Fluorine in Protein-Ligand Complexes._||_Abstract: Multipolar interactions involving fluorine and the protein backbone have been frequently observed in protein-ligand complexes. Such fluorine-backbone interactions may substantially contribute to the high affinity of small molecule inhibitors. Here we found that introduction of trifluoromethyl groups into two different sites in the thienopyrimidine class of menin-MLL inhibitors considerably improved their inhibitory activity. In both cases, trifluoromethyl groups are engaged in short interactions with the backbone of menin. In order to understand the effect of fluorine, we synthesized a series of analogues by systematically changing the number of fluorine atoms, and we determined high-resolution crystal structures of the complexes with menin. We found that introduction of fluorine at favorable geometry for interactions with backbone carbonyls may improve the activity of menin-MLL inhibitors as much as 5- to 10-fold. In order to facilitate the design of multipolar fluorine-backbone interactions in protein-ligand complexes, we developed a computational algorithm named FMAP, which calculates fluorophilic sites in proximity to the protein backbone. We demonstrated that FMAP could be used to rationalize improvement in the activity of known protein inhibitors upon introduction of fluorine. Furthermore, FMAP may also represent a valuable tool for designing new fluorine substitutions and support ligand optimization in drug discovery projects. Analysis of the menin-MLL inhibitor complexes revealed that the backbone in secondary structures is particularly accessible to the interactions with fluorine. Considering that secondary structure elements are frequently exposed at protein interfaces, we postulate that multipolar fluorine-backbone interactions may represent a particularly attractive approach to improve inhibitors of protein-protein interactions. ",menin MLL inhibitor,1,274
1244931,Inhibition of Pro-caspase-6 (unknown origin),CHEMBL3614560,ChEMBL,ChEMBL,Confirmatory,2,2,1,2016/12/24 00:00,2022/08/30 00:00,"Title: Rational Design of Orthogonal Multipolar Interactions with Fluorine in Protein-Ligand Complexes._||_Abstract: Multipolar interactions involving fluorine and the protein backbone have been frequently observed in protein-ligand complexes. Such fluorine-backbone interactions may substantially contribute to the high affinity of small molecule inhibitors. Here we found that introduction of trifluoromethyl groups into two different sites in the thienopyrimidine class of menin-MLL inhibitors considerably improved their inhibitory activity. In both cases, trifluoromethyl groups are engaged in short interactions with the backbone of menin. In order to understand the effect of fluorine, we synthesized a series of analogues by systematically changing the number of fluorine atoms, and we determined high-resolution crystal structures of the complexes with menin. We found that introduction of fluorine at favorable geometry for interactions with backbone carbonyls may improve the activity of menin-MLL inhibitors as much as 5- to 10-fold. In order to facilitate the design of multipolar fluorine-backbone interactions in protein-ligand complexes, we developed a computational algorithm named FMAP, which calculates fluorophilic sites in proximity to the protein backbone. We demonstrated that FMAP could be used to rationalize improvement in the activity of known protein inhibitors upon introduction of fluorine. Furthermore, FMAP may also represent a valuable tool for designing new fluorine substitutions and support ligand optimization in drug discovery projects. Analysis of the menin-MLL inhibitor complexes revealed that the backbone in secondary structures is particularly accessible to the interactions with fluorine. Considering that secondary structure elements are frequently exposed at protein interfaces, we postulate that multipolar fluorine-backbone interactions may represent a particularly attractive approach to improve inhibitors of protein-protein interactions. ",menin MLL inhibitor,1,275
1244930,Inhibition of thrombin (unknown origin),CHEMBL3614559,ChEMBL,ChEMBL,Confirmatory,2,2,1,2016/12/24 00:00,2022/08/30 00:00,"Title: Rational Design of Orthogonal Multipolar Interactions with Fluorine in Protein-Ligand Complexes._||_Abstract: Multipolar interactions involving fluorine and the protein backbone have been frequently observed in protein-ligand complexes. Such fluorine-backbone interactions may substantially contribute to the high affinity of small molecule inhibitors. Here we found that introduction of trifluoromethyl groups into two different sites in the thienopyrimidine class of menin-MLL inhibitors considerably improved their inhibitory activity. In both cases, trifluoromethyl groups are engaged in short interactions with the backbone of menin. In order to understand the effect of fluorine, we synthesized a series of analogues by systematically changing the number of fluorine atoms, and we determined high-resolution crystal structures of the complexes with menin. We found that introduction of fluorine at favorable geometry for interactions with backbone carbonyls may improve the activity of menin-MLL inhibitors as much as 5- to 10-fold. In order to facilitate the design of multipolar fluorine-backbone interactions in protein-ligand complexes, we developed a computational algorithm named FMAP, which calculates fluorophilic sites in proximity to the protein backbone. We demonstrated that FMAP could be used to rationalize improvement in the activity of known protein inhibitors upon introduction of fluorine. Furthermore, FMAP may also represent a valuable tool for designing new fluorine substitutions and support ligand optimization in drug discovery projects. Analysis of the menin-MLL inhibitor complexes revealed that the backbone in secondary structures is particularly accessible to the interactions with fluorine. Considering that secondary structure elements are frequently exposed at protein interfaces, we postulate that multipolar fluorine-backbone interactions may represent a particularly attractive approach to improve inhibitors of protein-protein interactions. ",menin MLL inhibitor,1,276
1231905,Inhibition of menin-MLL1 interaction (unknown origin),CHEMBL3587284,ChEMBL,ChEMBL,Confirmatory,2,2,2,2016/12/22 00:00,2022/08/30 00:00,"Title: Progress towards small molecule menin-mixed lineage leukemia (MLL) interaction inhibitors with in vivo utility._||_Abstract: A series of substituted hydroxymethyl piperidine small molecule inhibitors of the protein-protein interaction between menin and mixed lineage leukemia 1 (MLL1) are described. Initial members of the series showed good inhibitory disruption of the menin-MLL1 interaction but demonstrated poor physicochemical and DMPK properties. Utilizing a structure-guided and iterative optimization approach key substituents were optimized leading to inhibitors with cell-based activity, improved in vitro DMPK parameters, and improved half-lives in rodent PK studies leading to MLPCN probe ML399. Ancillary off-target activity remains a parameter for further optimization. ",target_gene:MEN1,1,277
1231904,Inhibition of menin-MLL1 interaction (unknown origin) incubated for 1 hr by fluorescein and Texas Red labeled MBM1 based fluorescence polarization assay,CHEMBL3587283,ChEMBL,ChEMBL,Confirmatory,12,13,2,2016/12/22 00:00,2022/08/30 00:00,"Title: Progress towards small molecule menin-mixed lineage leukemia (MLL) interaction inhibitors with in vivo utility._||_Abstract: A series of substituted hydroxymethyl piperidine small molecule inhibitors of the protein-protein interaction between menin and mixed lineage leukemia 1 (MLL1) are described. Initial members of the series showed good inhibitory disruption of the menin-MLL1 interaction but demonstrated poor physicochemical and DMPK properties. Utilizing a structure-guided and iterative optimization approach key substituents were optimized leading to inhibitors with cell-based activity, improved in vitro DMPK parameters, and improved half-lives in rodent PK studies leading to MLPCN probe ML399. Ancillary off-target activity remains a parameter for further optimization. ",target_gene:MEN1,1,278
1224830,Genome-wide siRNA screen of genes regulating the Lipopolysaccharide-induced TNF-alpha response in human macrophages_Primary screen TNF readout,LPS genome wide primary screen-Human,Iain Fraser,Iain Fraser,Summary,2853,18113,,2016/07/01 00:00,2017/02/23 00:00,"The mammalian innate immune system senses many bacterial stimuli through the toll-like receptor (TLR) family. Activation of the TLR4 receptor by bacterial lipopolysaccharide (LPS) is the most widely studied TLR pathway due to its central role in host responses to gram-negative bacterial infection and its contribution to endotoxemia and sepsis. Here we describe a genome-wide siRNA screen to identify genes regulating the human macrophage TNF-alpha response to LPS. We also conducted a secondary validation screen with six independent siRNAs per gene to facilitate removal of off-target screen hits, and we generated microarray data from the same LPS-treated macrophage cells to facilitate downstream data analysis. These data provide a resource for analyzing gene function in the predominant pathway driving inflammatory cytokine expression in human macrophages. ",target_gene:MEN1,1,279
1224828,Genome-wide siRNA screen of genes regulating the Lipopolysaccharide-induced NF-kappaB and TNF-alpha responses in mouse macrophages_Primary screen NFkB readout,LPS genome wide primary screen-Mouse NFkB readout,Iain Fraser,Iain Fraser,Summary,762,16821,,2016/07/01 00:00,2017/02/23 00:00,"The mammalian innate immune system senses many bacterial stimuli through the toll-like receptor (TLR) family. Activation of the TLR4 receptor by bacterial lipopolysaccharide (LPS) is the most widely studied TLR pathway due to its central role in host responses to gram-negative bacterial infection and its contribution to endotoxemia and sepsis. Here we describe a genome-wide siRNA screen to identify genes regulating the mouse macrophage TNF-alpha and NF-kappaB responses to LPS. We also conducted a secondary validation screen with six independent siRNAs per gene to facilitate removal of off-target screen hits, and we generated microarray data from the same LPS-treated macrophage cells to facilitate downstream data analysis. These data provide a resource for analyzing gene function in the predominant pathway driving inflammatory signaling and cytokine expression in mouse macrophages. ",target_gene:MEN1,1,280
1224826,Genome-wide siRNA screen of genes regulating the Lipopolysaccharide-induced NF-kappaB and TNF-alpha responses in mouse macrophages_Primary screen TNF readout,LPS genome wide primary screen-Mouse TNF readout,Iain Fraser,Iain Fraser,Summary,1106,16821,,2016/07/01 00:00,2017/02/23 00:00,"The mammalian innate immune system senses many bacterial stimuli through the toll-like receptor (TLR) family. Activation of the TLR4 receptor by bacterial lipopolysaccharide (LPS) is the most widely studied TLR pathway due to its central role in host responses to gram-negative bacterial infection and its contribution to endotoxemia and sepsis. Here we describe a genome-wide siRNA screen to identify genes regulating the mouse macrophage TNF-alpha and NF-kappaB responses to LPS. We also conducted a secondary validation screen with six independent siRNAs per gene to facilitate removal of off-target screen hits, and we generated microarray data from the same LPS-treated macrophage cells to facilitate downstream data analysis. These data provide a resource for analyzing gene function in the predominant pathway driving inflammatory signaling and cytokine expression in mouse macrophages. ",target_gene:MEN1,1,281
1159584,A screen to identify synthetic lethal interactions with E-cadherin in an MCF10A isogenic cell line,VCFG_BT_PS_20150112,"Victorian Centre for Functional Genomics, Peter MacCallum Cancer Centre","Peter MacCallum Cancer Centre;Victorian Centre for Functional Genomics, Peter MacCallum Cancer Centre",Screening,2442,18052,,2016/01/12 00:00,2016/03/03 00:00,Genome wide protein coding siRNA screen to identify synthetic lethal interactions with E-cadherin in an MCF10A isogenic cell line ,target_gene:MEN1,1,282
1159578,A screen to identify genes that regulate lymphatic endothelial cell migration - Primary Screen,VCFG_SW_PS_20151201,"Victorian Centre for Functional Genomics, Peter MacCallum Cancer Centre","Peter MacCallum Cancer Centre;Victorian Centre for Functional Genomics, Peter MacCallum Cancer Centre",Screening,1034,18120,,2015/12/01 00:00,2016/12/15 00:00,Genome wide siRNA screen for modulators of lymphatic endothelial cell migration ,target_gene:MEN1,1,283
1159506,Identification of proteins required for the processing of the EWS-FLI1 nascent transcript,NROBsiRNAI001,National Center for Advancing Translational Sciences (NCATS),NCATS;NCGC;National Center for Advancing Translational Sciences (NCATS),Other,,59220,,2015/04/21 00:00,2016/01/29 00:00,Ewing sarcoma (ES) cells depend on the EWS-FLI1 fusion transcription factor for cell survival. Using an assay of EWS-FLI1 activity and genome-wide siRNA screening we have identified proteins required for the processing of the EWS-FLI1 nascent transcript. Parallel genome-wide siRNA-mediated RNAi screens were conducted in Ewing sarcoma TC32 cell lines expressing a luciferase (luc) reporter protein driven by either the promoter of the EWS-FLI1 target gene NR0B1 (TC32-NR0B1-luc) or the CMV promoter (TC32-CMV-luc). Luciferase activity was assessed 48 hours post siRNA-transfection. ,target_gene:MEN1,1,284
1139967,Binding affinity to menin (unknown origin) assessed as thermal stability at 400 uM by differential scanning fluorimetry (Rvb = 40.46 degC),CHEMBL3266205,ChEMBL,ChEMBL,,,2,1,2015/04/04 00:00,2020/06/19 00:00,"Title: Discovery of two aminoglycoside antibiotics as inhibitors targeting the menin-mixed lineage leukaemia interface._||_Abstract: Menin functions as an oncogenic cofactor of mixed lineage leukaemia (MLL) fusion proteins in leukaemogenesis. The menin-MLL interface is a potential therapeutic target in acute leukaemia cases. In this study, approximately 900 clinical compounds were evaluated and ranked using pharmacophore-based virtual screening, the top 29 hits were further evaluated by biochemical analysis to discover the inhibitors that target the menin-MLL interface. Two aminoglycoside antibiotics, neomycin and tobramycin, were identified as menin-MLL inhibitors with binding affinities of 18.8 and 59.9 ?M, respectively. The results of thermal shift assay validated the direct interactions between the two antibiotics and menin. The results of isothermal titration calorimetry showed that the equilibrium dissociation constant between menin and neomycin was approximately 15.6 ?M. We also predicted the binding modes of inhibitors at the menin-MLL interface through molecular docking analysis. The results indicated that neomycin and tobramycin competitively occupy the binding site of MLL. This study has shed light on the development of powerful probes and new therapies for MLL-mediated leukaemogenesis. ",target_gene:MEN1,1,285
1139966,Binding affinity to menin (unknown origin) assessed as thermal stability at 200 uM by differential scanning fluorimetry (Rvb = 40.46 degC),CHEMBL3266204,ChEMBL,ChEMBL,,,2,1,2015/04/04 00:00,2020/06/19 00:00,"Title: Discovery of two aminoglycoside antibiotics as inhibitors targeting the menin-mixed lineage leukaemia interface._||_Abstract: Menin functions as an oncogenic cofactor of mixed lineage leukaemia (MLL) fusion proteins in leukaemogenesis. The menin-MLL interface is a potential therapeutic target in acute leukaemia cases. In this study, approximately 900 clinical compounds were evaluated and ranked using pharmacophore-based virtual screening, the top 29 hits were further evaluated by biochemical analysis to discover the inhibitors that target the menin-MLL interface. Two aminoglycoside antibiotics, neomycin and tobramycin, were identified as menin-MLL inhibitors with binding affinities of 18.8 and 59.9 ?M, respectively. The results of thermal shift assay validated the direct interactions between the two antibiotics and menin. The results of isothermal titration calorimetry showed that the equilibrium dissociation constant between menin and neomycin was approximately 15.6 ?M. We also predicted the binding modes of inhibitors at the menin-MLL interface through molecular docking analysis. The results indicated that neomycin and tobramycin competitively occupy the binding site of MLL. This study has shed light on the development of powerful probes and new therapies for MLL-mediated leukaemogenesis. ",target_gene:MEN1,1,286
1139965,Binding affinity to menin (unknown origin) assessed as thermal stability at 50 uM by differential scanning fluorimetry (Rvb = 40.46 degC),CHEMBL3266203,ChEMBL,ChEMBL,,,2,1,2015/04/04 00:00,2020/06/19 00:00,"Title: Discovery of two aminoglycoside antibiotics as inhibitors targeting the menin-mixed lineage leukaemia interface._||_Abstract: Menin functions as an oncogenic cofactor of mixed lineage leukaemia (MLL) fusion proteins in leukaemogenesis. The menin-MLL interface is a potential therapeutic target in acute leukaemia cases. In this study, approximately 900 clinical compounds were evaluated and ranked using pharmacophore-based virtual screening, the top 29 hits were further evaluated by biochemical analysis to discover the inhibitors that target the menin-MLL interface. Two aminoglycoside antibiotics, neomycin and tobramycin, were identified as menin-MLL inhibitors with binding affinities of 18.8 and 59.9 ?M, respectively. The results of thermal shift assay validated the direct interactions between the two antibiotics and menin. The results of isothermal titration calorimetry showed that the equilibrium dissociation constant between menin and neomycin was approximately 15.6 ?M. We also predicted the binding modes of inhibitors at the menin-MLL interface through molecular docking analysis. The results indicated that neomycin and tobramycin competitively occupy the binding site of MLL. This study has shed light on the development of powerful probes and new therapies for MLL-mediated leukaemogenesis. ",target_gene:MEN1,1,287
1117357,InfectX: Pathogen infection siRNA screens,Schmich_2015,InfectX Consortium,Fabian Schmich;InfectX Consortium;InfectX Consortium: Dehio Lab (University of Basel) and Hardt Lab (ETH Zurich),Screening,,115372,,2015/03/19 00:00,2016/03/04 00:00,"Pathogen infection siRNA screens for Bartonella henselae, Brucella abortus and Salmonella typhimurium performed within the InfectX consortium (http://www.infectx.ch). ",target_gene:MEN1,1,288
1117281,A whole genome RNAi screen highlights components of the ER/Golgi as a prominent source of resistance to immunotoxin-mediated cytotoxicity,ITOXAMBION-WG,National Center for Advancing Translational Sciences (NCATS),NCATS;NCGC;National Center for Advancing Translational Sciences (NCATS),Screening,555,64752,,2014/10/03 00:00,2015/03/16 00:00,"Immunotoxins (antibody-toxin fusion proteins) target surface antigens on cancer cells and kill these cells via toxin-mediated inhibition of protein synthesis leading to apoptosis.  To identify genes controlling this process, a whole RNAi genome screen (approximately 22,000 genes at 3 siRNAs per gene) was conducted via monitoring the cytotoxicity of the mesothelin-directed immunotoxin, SS1P.  SS1P, a Pseudomonas exotoxin-based immunotoxin, was chosen because it is now in clinical trials and has produced some significant tumor regressions in patients.  High and low concentrations of SS1P were chosen to allow for the identification of both mitigators and sensitizers, respectively.  As expected, silencing known essential genes in the immunotoxin pathway such as mesothelin, furin, KDEL receptor 2 or the members of the diphthamide pathway protected cells.  Of potential greater interest was the observation that many RNAi targets increased immunotoxin sensitivity, indicating that these gene products normally contribute to inefficiencies in the killing pathway.  Of top sensitizers, many genes encode proteins that locate to either the ER or Golgi and in particular are annotated as part of the secretory system.  Our results highlight new potential targets for chemical intervention that could increase immunotoxin killing of cancer cells and enhance our understanding of toxin trafficking. ",target_gene:MEN1,1,289
1075501,Effect on menin protein expression in HEK293 cells at 3 to 12 uM after 12 hrs by Western blotting analysis,CHEMBL3130536,ChEMBL,ChEMBL,,2,2,,2014/08/22 00:00,2020/06/20 00:00,"Title: High-affinity small-molecule inhibitors of the menin-mixed lineage leukemia (MLL) interaction closely mimic a natural protein-protein interaction._||_Abstract: The protein-protein interaction (PPI) between menin and mixed lineage leukemia (MLL) plays a critical role in acute leukemias, and inhibition of this interaction represents a new potential therapeutic strategy for MLL leukemias. We report development of a novel class of small-molecule inhibitors of the menin-MLL interaction, the hydroxy- and aminomethylpiperidine compounds, which originated from HTS of ?288000 small molecules. We determined menin-inhibitor co-crystal structures and found that these compounds closely mimic all key interactions of MLL with menin. Extensive crystallography studies combined with structure-based design were applied for optimization of these compounds, resulting in MIV-6R, which inhibits the menin-MLL interaction with IC50 = 56 nM. Treatment with MIV-6 demonstrated strong and selective effects in MLL leukemia cells, validating specific mechanism of action. Our studies provide novel and attractive scaffold as a new potential therapeutic approach for MLL leukemias and demonstrate an example of PPI amenable to inhibition by small molecules. ",menin MLL inhibitor,1,290
1075500,Effect on FLAG-tagged MLL-AF9 protein expression in HEK293 cells at 3 to 12 uM after 12 hrs by Western blotting analysis,CHEMBL3130535,ChEMBL,ChEMBL,,2,2,,2014/08/22 00:00,2020/06/20 00:00,"Title: High-affinity small-molecule inhibitors of the menin-mixed lineage leukemia (MLL) interaction closely mimic a natural protein-protein interaction._||_Abstract: The protein-protein interaction (PPI) between menin and mixed lineage leukemia (MLL) plays a critical role in acute leukemias, and inhibition of this interaction represents a new potential therapeutic strategy for MLL leukemias. We report development of a novel class of small-molecule inhibitors of the menin-MLL interaction, the hydroxy- and aminomethylpiperidine compounds, which originated from HTS of ?288000 small molecules. We determined menin-inhibitor co-crystal structures and found that these compounds closely mimic all key interactions of MLL with menin. Extensive crystallography studies combined with structure-based design were applied for optimization of these compounds, resulting in MIV-6R, which inhibits the menin-MLL interaction with IC50 = 56 nM. Treatment with MIV-6 demonstrated strong and selective effects in MLL leukemia cells, validating specific mechanism of action. Our studies provide novel and attractive scaffold as a new potential therapeutic approach for MLL leukemias and demonstrate an example of PPI amenable to inhibition by small molecules. ",menin MLL inhibitor,1,291
1075494,Growth inhibition of mouse bone marrow cells expressing MLL-AF9 after 7 days by MTT assay,CHEMBL3130529,ChEMBL,ChEMBL,Confirmatory,2,2,,2014/08/22 00:00,2022/08/30 00:00,"Title: High-affinity small-molecule inhibitors of the menin-mixed lineage leukemia (MLL) interaction closely mimic a natural protein-protein interaction._||_Abstract: The protein-protein interaction (PPI) between menin and mixed lineage leukemia (MLL) plays a critical role in acute leukemias, and inhibition of this interaction represents a new potential therapeutic strategy for MLL leukemias. We report development of a novel class of small-molecule inhibitors of the menin-MLL interaction, the hydroxy- and aminomethylpiperidine compounds, which originated from HTS of ?288000 small molecules. We determined menin-inhibitor co-crystal structures and found that these compounds closely mimic all key interactions of MLL with menin. Extensive crystallography studies combined with structure-based design were applied for optimization of these compounds, resulting in MIV-6R, which inhibits the menin-MLL interaction with IC50 = 56 nM. Treatment with MIV-6 demonstrated strong and selective effects in MLL leukemia cells, validating specific mechanism of action. Our studies provide novel and attractive scaffold as a new potential therapeutic approach for MLL leukemias and demonstrate an example of PPI amenable to inhibition by small molecules. ",menin MLL inhibitor,1,292
1075493,Growth inhibition of mouse bone marrow cells expressing HM-2 after 7 days by MTT assay,CHEMBL3130528,ChEMBL,ChEMBL,,,2,,2014/08/22 00:00,2020/06/20 00:00,"Title: High-affinity small-molecule inhibitors of the menin-mixed lineage leukemia (MLL) interaction closely mimic a natural protein-protein interaction._||_Abstract: The protein-protein interaction (PPI) between menin and mixed lineage leukemia (MLL) plays a critical role in acute leukemias, and inhibition of this interaction represents a new potential therapeutic strategy for MLL leukemias. We report development of a novel class of small-molecule inhibitors of the menin-MLL interaction, the hydroxy- and aminomethylpiperidine compounds, which originated from HTS of ?288000 small molecules. We determined menin-inhibitor co-crystal structures and found that these compounds closely mimic all key interactions of MLL with menin. Extensive crystallography studies combined with structure-based design were applied for optimization of these compounds, resulting in MIV-6R, which inhibits the menin-MLL interaction with IC50 = 56 nM. Treatment with MIV-6 demonstrated strong and selective effects in MLL leukemia cells, validating specific mechanism of action. Our studies provide novel and attractive scaffold as a new potential therapeutic approach for MLL leukemias and demonstrate an example of PPI amenable to inhibition by small molecules. ",menin MLL inhibitor,1,293
1075492,Growth inhibition of human MV411 cells harboring MLL-AF4 after 7 days by MTT assay,CHEMBL3130403,ChEMBL,ChEMBL,Confirmatory,2,2,,2014/08/22 00:00,2022/08/30 00:00,"Title: High-affinity small-molecule inhibitors of the menin-mixed lineage leukemia (MLL) interaction closely mimic a natural protein-protein interaction._||_Abstract: The protein-protein interaction (PPI) between menin and mixed lineage leukemia (MLL) plays a critical role in acute leukemias, and inhibition of this interaction represents a new potential therapeutic strategy for MLL leukemias. We report development of a novel class of small-molecule inhibitors of the menin-MLL interaction, the hydroxy- and aminomethylpiperidine compounds, which originated from HTS of ?288000 small molecules. We determined menin-inhibitor co-crystal structures and found that these compounds closely mimic all key interactions of MLL with menin. Extensive crystallography studies combined with structure-based design were applied for optimization of these compounds, resulting in MIV-6R, which inhibits the menin-MLL interaction with IC50 = 56 nM. Treatment with MIV-6 demonstrated strong and selective effects in MLL leukemia cells, validating specific mechanism of action. Our studies provide novel and attractive scaffold as a new potential therapeutic approach for MLL leukemias and demonstrate an example of PPI amenable to inhibition by small molecules. ",menin MLL inhibitor,1,294
1075491,Growth inhibition of human MOLM13 cells harboring MLL-AF9 after 7 days by MTT assay,CHEMBL3130402,ChEMBL,ChEMBL,Confirmatory,2,2,,2014/08/22 00:00,2022/08/30 00:00,"Title: High-affinity small-molecule inhibitors of the menin-mixed lineage leukemia (MLL) interaction closely mimic a natural protein-protein interaction._||_Abstract: The protein-protein interaction (PPI) between menin and mixed lineage leukemia (MLL) plays a critical role in acute leukemias, and inhibition of this interaction represents a new potential therapeutic strategy for MLL leukemias. We report development of a novel class of small-molecule inhibitors of the menin-MLL interaction, the hydroxy- and aminomethylpiperidine compounds, which originated from HTS of ?288000 small molecules. We determined menin-inhibitor co-crystal structures and found that these compounds closely mimic all key interactions of MLL with menin. Extensive crystallography studies combined with structure-based design were applied for optimization of these compounds, resulting in MIV-6R, which inhibits the menin-MLL interaction with IC50 = 56 nM. Treatment with MIV-6 demonstrated strong and selective effects in MLL leukemia cells, validating specific mechanism of action. Our studies provide novel and attractive scaffold as a new potential therapeutic approach for MLL leukemias and demonstrate an example of PPI amenable to inhibition by small molecules. ",menin MLL inhibitor,1,295
1075490,Growth inhibition of human HL60 cells after 7 days by MTT assay,CHEMBL3130401,ChEMBL,ChEMBL,,,2,,2014/08/22 00:00,2020/06/20 00:00,"Title: High-affinity small-molecule inhibitors of the menin-mixed lineage leukemia (MLL) interaction closely mimic a natural protein-protein interaction._||_Abstract: The protein-protein interaction (PPI) between menin and mixed lineage leukemia (MLL) plays a critical role in acute leukemias, and inhibition of this interaction represents a new potential therapeutic strategy for MLL leukemias. We report development of a novel class of small-molecule inhibitors of the menin-MLL interaction, the hydroxy- and aminomethylpiperidine compounds, which originated from HTS of ?288000 small molecules. We determined menin-inhibitor co-crystal structures and found that these compounds closely mimic all key interactions of MLL with menin. Extensive crystallography studies combined with structure-based design were applied for optimization of these compounds, resulting in MIV-6R, which inhibits the menin-MLL interaction with IC50 = 56 nM. Treatment with MIV-6 demonstrated strong and selective effects in MLL leukemia cells, validating specific mechanism of action. Our studies provide novel and attractive scaffold as a new potential therapeutic approach for MLL leukemias and demonstrate an example of PPI amenable to inhibition by small molecules. ",menin MLL inhibitor,1,296
1075489,Induction of mouse bone marrow cell differentiation expressing MLL-AF9 assessed as CD11b level at 3 to 6 uM after 6 days by annexin V-FITC and propidium iodide staining-based flow cytometric analysis,CHEMBL3130400,ChEMBL,ChEMBL,,2,2,,2014/08/22 00:00,2020/06/20 00:00,"Title: High-affinity small-molecule inhibitors of the menin-mixed lineage leukemia (MLL) interaction closely mimic a natural protein-protein interaction._||_Abstract: The protein-protein interaction (PPI) between menin and mixed lineage leukemia (MLL) plays a critical role in acute leukemias, and inhibition of this interaction represents a new potential therapeutic strategy for MLL leukemias. We report development of a novel class of small-molecule inhibitors of the menin-MLL interaction, the hydroxy- and aminomethylpiperidine compounds, which originated from HTS of ?288000 small molecules. We determined menin-inhibitor co-crystal structures and found that these compounds closely mimic all key interactions of MLL with menin. Extensive crystallography studies combined with structure-based design were applied for optimization of these compounds, resulting in MIV-6R, which inhibits the menin-MLL interaction with IC50 = 56 nM. Treatment with MIV-6 demonstrated strong and selective effects in MLL leukemia cells, validating specific mechanism of action. Our studies provide novel and attractive scaffold as a new potential therapeutic approach for MLL leukemias and demonstrate an example of PPI amenable to inhibition by small molecules. ",menin MLL inhibitor,1,297
1075488,Induction of mouse bone marrow cell differentiation expressing MLL-AF9 assessed as decreased nuclei to cytoplasm ratio at 3 uM after 7 days by Wright-Giemsa staining-based cytospin technique,CHEMBL3130399,ChEMBL,ChEMBL,,2,2,,2014/08/22 00:00,2020/06/20 00:00,"Title: High-affinity small-molecule inhibitors of the menin-mixed lineage leukemia (MLL) interaction closely mimic a natural protein-protein interaction._||_Abstract: The protein-protein interaction (PPI) between menin and mixed lineage leukemia (MLL) plays a critical role in acute leukemias, and inhibition of this interaction represents a new potential therapeutic strategy for MLL leukemias. We report development of a novel class of small-molecule inhibitors of the menin-MLL interaction, the hydroxy- and aminomethylpiperidine compounds, which originated from HTS of ?288000 small molecules. We determined menin-inhibitor co-crystal structures and found that these compounds closely mimic all key interactions of MLL with menin. Extensive crystallography studies combined with structure-based design were applied for optimization of these compounds, resulting in MIV-6R, which inhibits the menin-MLL interaction with IC50 = 56 nM. Treatment with MIV-6 demonstrated strong and selective effects in MLL leukemia cells, validating specific mechanism of action. Our studies provide novel and attractive scaffold as a new potential therapeutic approach for MLL leukemias and demonstrate an example of PPI amenable to inhibition by small molecules. ",menin MLL inhibitor,1,298
1075487,Induction of mouse bone marrow cell differentiation expressing MLL-AF9 assessed as multilobed nuclei at 3 uM after 7 days by Wright-Giemsa staining-based cytospin technique,CHEMBL3130398,ChEMBL,ChEMBL,,2,2,,2014/08/22 00:00,2020/06/20 00:00,"Title: High-affinity small-molecule inhibitors of the menin-mixed lineage leukemia (MLL) interaction closely mimic a natural protein-protein interaction._||_Abstract: The protein-protein interaction (PPI) between menin and mixed lineage leukemia (MLL) plays a critical role in acute leukemias, and inhibition of this interaction represents a new potential therapeutic strategy for MLL leukemias. We report development of a novel class of small-molecule inhibitors of the menin-MLL interaction, the hydroxy- and aminomethylpiperidine compounds, which originated from HTS of ?288000 small molecules. We determined menin-inhibitor co-crystal structures and found that these compounds closely mimic all key interactions of MLL with menin. Extensive crystallography studies combined with structure-based design were applied for optimization of these compounds, resulting in MIV-6R, which inhibits the menin-MLL interaction with IC50 = 56 nM. Treatment with MIV-6 demonstrated strong and selective effects in MLL leukemia cells, validating specific mechanism of action. Our studies provide novel and attractive scaffold as a new potential therapeutic approach for MLL leukemias and demonstrate an example of PPI amenable to inhibition by small molecules. ",menin MLL inhibitor,1,299
1075486,Induction of mouse bone marrow cell differentiation expressing MLL-AF9 assessed as highly vacuolated cytoplasm at 3 uM after 7 days by Wright-Giemsa staining-based cytospin technique,CHEMBL3130397,ChEMBL,ChEMBL,,2,2,,2014/08/22 00:00,2020/06/20 00:00,"Title: High-affinity small-molecule inhibitors of the menin-mixed lineage leukemia (MLL) interaction closely mimic a natural protein-protein interaction._||_Abstract: The protein-protein interaction (PPI) between menin and mixed lineage leukemia (MLL) plays a critical role in acute leukemias, and inhibition of this interaction represents a new potential therapeutic strategy for MLL leukemias. We report development of a novel class of small-molecule inhibitors of the menin-MLL interaction, the hydroxy- and aminomethylpiperidine compounds, which originated from HTS of ?288000 small molecules. We determined menin-inhibitor co-crystal structures and found that these compounds closely mimic all key interactions of MLL with menin. Extensive crystallography studies combined with structure-based design were applied for optimization of these compounds, resulting in MIV-6R, which inhibits the menin-MLL interaction with IC50 = 56 nM. Treatment with MIV-6 demonstrated strong and selective effects in MLL leukemia cells, validating specific mechanism of action. Our studies provide novel and attractive scaffold as a new potential therapeutic approach for MLL leukemias and demonstrate an example of PPI amenable to inhibition by small molecules. ",menin MLL inhibitor,1,300
1075485,Induction of mouse bone marrow cell terminal differentiation expressing MLL-AF9 at 6 uM after 7 days by Wright-Giemsa staining-based cytospin technique,CHEMBL3130396,ChEMBL,ChEMBL,,1,1,,2014/08/22 00:00,2020/06/20 00:00,"Title: High-affinity small-molecule inhibitors of the menin-mixed lineage leukemia (MLL) interaction closely mimic a natural protein-protein interaction._||_Abstract: The protein-protein interaction (PPI) between menin and mixed lineage leukemia (MLL) plays a critical role in acute leukemias, and inhibition of this interaction represents a new potential therapeutic strategy for MLL leukemias. We report development of a novel class of small-molecule inhibitors of the menin-MLL interaction, the hydroxy- and aminomethylpiperidine compounds, which originated from HTS of ?288000 small molecules. We determined menin-inhibitor co-crystal structures and found that these compounds closely mimic all key interactions of MLL with menin. Extensive crystallography studies combined with structure-based design were applied for optimization of these compounds, resulting in MIV-6R, which inhibits the menin-MLL interaction with IC50 = 56 nM. Treatment with MIV-6 demonstrated strong and selective effects in MLL leukemia cells, validating specific mechanism of action. Our studies provide novel and attractive scaffold as a new potential therapeutic approach for MLL leukemias and demonstrate an example of PPI amenable to inhibition by small molecules. ",menin MLL inhibitor,1,301
1053208,A screen to identify the genes that modify the response of osteosarcoma to doxorubicin in mouse - Primary Screen,VCFG_CW_PS_20140822,"Victorian Centre for Functional Genomics, Peter MacCallum Cancer Centre","Peter MacCallum Cancer Centre;Victorian Centre for Functional Genomics, Peter MacCallum Cancer Centre",Screening,788,16789,,2014/08/22 00:00,2016/03/03 00:00,Genome wide protein coding siRNA screen to identify synthetic lethal interactions with doxorubicin in mouse primary osteosarcoma cells ,target_gene:MEN1,1,302
743454,RNAi screen for vorinostat resistance genes - Primary Screen,vorinostat-resistance-genes-primary-screen,"Victorian Centre for Functional Genomics, Peter MacCallum Cancer Centre","Peter MacCallum Cancer Centre;Victorian Centre for Functional Genomics, Peter MacCallum Cancer Centre",Screening,450,18118,,2014/04/11 00:00,2016/03/02 00:00,Assay description will be published shortly and manuscript citation added here. ,target_gene:MEN1,1,303
743121,Druggable Genome siRNA Screen for Enhancers of Camptothecin in MDA-MB-231 Breast Cancer Cells,CPT-TOP1-RNAI,National Center for Advancing Translational Sciences (NCATS),NCATS;NCGC;National Center for Advancing Translational Sciences (NCATS),Screening,167,26449,,2013/11/24 00:00,2014/07/21 00:00,"Camptothecin, a specific topoisomerase I inhibitor is a potent anticancer drug, especially against solid tumors. This agent produces well-characterized double-strand breaks upon collision of replication forks with topoisomerase I cleavage complexes. In an attempt to improve its efficacy, we conducted a synthetic lethal siRNA screening using a library that targets nearly 7000 human genes. Depletion of ATR, the main transducer of replication stress-induced DNA damage response exacerbated cytotoxic response to both camptothecin and the indenoisoquinoline LMP-400, a novel class of topoisomerase inhibitors in clinical trial. Inhibition of ATR by the recently developed specific inhibitor VE-821 induced synergistic antiproliferative activity when combined with either topoisomerase inhibitor. ",target_gene:MEN1,1,304
721766,Binding affinity to menin (unknown origin) after 60 mins by fluorescence polarization assay,CHEMBL2320318,ChEMBL,ChEMBL,Confirmatory,32,37,1,2013/11/07 00:00,2022/08/30 00:00,"Title: Structure-based design of high-affinity macrocyclic peptidomimetics to block the menin-mixed lineage leukemia 1 (MLL1) protein-protein interaction._||_Abstract: Menin is an essential oncogenic cofactor for mixed lineage leukemia 1 (MLL1)-mediated leukemogenesis through its direct interaction with MLL1. Targeting the menin-MLL1 protein-protein interaction represents a promising strategy to block MLL1-mediated leukemogenesis. Employing a structure-based approach and starting from a linear MLL1 octapeptide, we have designed a class of potent macrocyclic peptidomimetic inhibitors of the menin-MLL1 interaction. The most potent macrocyclic peptidomimetic (MCP-1), 34, binds to menin with a K(i) value of 4.7 nM and is >600 times more potent than the corresponding acyclic peptide. Compound 34 is also less peptide-like and has a lower molecular weight than the initial MLL1 peptide. Therefore, compound 34 serves as a promising lead structure for the design of potent and cell-permeable inhibitors of the menin-MLL1 interaction. ",target_gene:MEN1,1,305
720710,Break-induced replication repair of damaged forks induces genomic duplications in human cells,U2-OS-cyclinE-oncogene-DNA,VTT Technical Research Centre of Finland (CSMA),VTT Technical Research Centre of Finland (CSMA),Screening,478,1380,,2013/10/29 00:00,2014/01/14 00:00,"Title: Break-induced replication repair of damaged forks induces genomic duplications in human cells_||_Abstract: In budding yeast, one-ended DNA double-strand breaks (DSBs) and damaged replication forks are repaired by break-induced replication (BIR), a homologous recombination pathway that requires the Pol32 subunit of DNA polymerase delta. DNA replication stress is prevalent in cancer, but BIR has not been characterized in mammals. In a cyclin E overexpression model of DNA replication stress, POLD3, the human ortholog of POL32, was required for cell cycle progression and processive DNA synthesis. Segmental genomic duplications induced by cyclin E overexpression were also dependent on POLD3, as were BIR-mediated recombination events captured with a specialized DSB repair assay. We propose that BIR repairs damaged replication forks in mammals, accounting for the high frequency of genomic duplications in human cancers._||_This RNAi screen aimed to identify genes whose functional inhibition would sensitize U-2 OS cells overexpressing cyclin-E (CCNE1) to oncogene induced DNA replication stress. ",target_gene:MEN1,1,306
720505,CRACM1 Is a Plasma Membrane Protein Essential for Store-Operated Ca2+ Entry,DRSC-P64,Drosophila RNAi Screening Center (DRSC),Drosophila RNAi Screening Center (DRSC),Screening,2069,19730,,2013/07/09 00:00,2013/07/09 00:00,"Title: CRACM1 Is a Plasma Membrane Protein Essential for Store-Operated Ca2+ Entry_||_Abstract: _||_Store-operated Ca2+ entry is mediated by Ca2+ release-activated Ca2+ (CRAC) channels following Ca2+ release from intracellular stores. We performed a genomewide RNA interference (RNAi) screen in Drosophila cells to identify proteins that inhibit store-operated Ca2+ influx. A secondary patch-clamp screen identified CRACM1 and CRACM2 (CRAC modulators 1 and 2) as modulators of Drosophila CRAC currents. We characterized the human ortholog of CRACM1, a plasma membrane-resident protein encoded by gene FLJ14466. Although overexpression of CRACM1 did not affect CRAC currents, RNAi-mediated knockdown disrupted its activation. CRACM1 could be the CRAC channel itself, a subunit of it, or a component of the CRAC signaling machinery. ",MEN1 menin inhibitor,1,307
686938,Genes involved in store-operated calcium entry,DRSC-P54,Drosophila RNAi Screening Center (DRSC),Drosophila RNAi Screening Center (DRSC),Screening,75,22913,,2013/04/13 00:00,2013/04/13 00:00,"Title: CRACM1 Is a Plasma Membrane Protein Essential for Store-Operated Ca2+ Entry_||_Abstract: _||_Store-operated Ca2+ entry is mediated by Ca2+ release-activated Ca2+ (CRAC) channels following Ca2+ release from intracellular stores. We performed a genomewide RNA interference (RNAi) screen in Drosophila cells to identify proteins that inhibit store-operated Ca2+ influx. A secondary patch-clamp screen identified CRACM1 and CRACM2 (CRAC modulators 1 and 2) as modulators of Drosophila CRAC currents. We characterized the human ortholog of CRACM1, a plasma membrane-resident protein encoded by gene FLJ14466. Although overexpression of CRACM1 did not affect CRAC currents, RNAi-mediated knockdown disrupted its activation. CRACM1 could be the CRAC channel itself, a subunit of it, or a component of the CRAC signaling machinery. ",MEN1 menin inhibitor,1,308
652243,Factors affecting human androgen receptor transcriptional activation,DRSC-P173,Drosophila RNAi Screening Center (DRSC),Drosophila RNAi Screening Center (DRSC),Screening,246,23856,,2013/03/31 00:00,2013/03/31 00:00,"Title: A genome-wide RNA interference screen identifies new regulators of androgen receptor function in prostate cancer cells_||_Abstract: _||_The androgen receptor (AR) is a mediator of both androgen-dependent and castration-resistant prostate cancers. Identification of cellular factors affecting AR transcriptional activity could in principle yield new targets that reduce AR activity and combat prostate cancer, yet a comprehensive analysis of the genes required for AR-dependent transcriptional activity has not been determined. Using an unbiased genetic approach that takes advantage of the evolutionary conservation of AR signaling, we have conducted a genome-wide RNAi screen in Drosophila cells for genes required for AR transcriptional activity and applied the results to human prostate cancer cells. We identified 45 AR-regulators, which include known pathway components and genes with functions not previously linked to AR regulation, such as HIPK2 (a protein kinase) and MED19 (a subunit of the Mediator complex). Depletion of HIPK2 and MED19 in human prostate cancer cells decreased AR target gene expression and, importantly, reduced the proliferation of androgen-dependent and castration-resistant prostate cancer cells. We also systematically analyzed additional Mediator subunits and uncovered a small subset of Mediator subunits that interpret AR signaling and affect AR-dependent transcription and prostate cancer cell proliferation. Importantly, targeting of HIPK2 by an FDA approved kinase inhibitor phenocopied the effect of depletion by RNAi and reduced the growth of AR-positive, but not AR negative, treatment-resistant prostate cancer cells. Thus, our screen has yielded new AR regulators including drugable targets that reduce the proliferation of castration-resistant prostate cancer cells. ",MEN1 menin inhibitor,1,309
651843,qHTS Assay for Inhibitors of MBNL1-poly(CUG) RNA binding: Counterscreen HTRF assay,MBNL930,National Center for Advancing Translational Sciences (NCATS),NCATS;NCGC;National Center for Advancing Translational Sciences (NCATS),Confirmatory,22,125,2,2012/12/04 00:00,2012/12/04 00:00,"NIH Chemical Genomics Center [NCGC]_||_NIH Molecular Libraries Probe Production Centers Network [MLPCN]_||_MLPCN Grant: R03 MH087421-01_||_Assay Submitter (PI): Charles Thornton_||_NCGC Assay Overview:_||_Expanded CTG repeats in the 3' untranslated region of the DM protein kinase (DMPK) gene causes type I myotonic dystrophy (DM1). DM1 is a multi-systemic disease with a prevalence of 1/7000. Clinical features include myotonia, progressive muscle weakness and wasting, cardiac arrhythmia, insulin resistance, hypersomnolence, cataracts, and other symptoms. The pathogenic effect of expanded CTG repeats stems from deleterious effects of the mutant transcript. CUGexp mRNA accumulates in nuclear foci and sequesters proteins of the muscleblind family, of which MBNL1 is the most common family member in skeletal muscles. The binding interaction between MBNL1 and CUGexp tracts leads to deregulation of alternative splicing and is therefore a key molecular step in the pathogenesis of DM1._||_To target this binding interaction, we optimized a protein-RNA binding assay in 1536-well format for identification of small molecule inhibitors of biotinylated (CUG)12 and his-tagged MBNL1 binding. Protein-RNA complex of MBNL1-His and Biotin-(CUG)12 captures the detection reagents terbium-labeled anti-His antibody and streptavidin conjugated XL665. This brings the terbium label within close proximity to XL665 to allow time-resolved fluorescence resonance energy transfer (TR-FRET). Inhibitors of MBNL1-(CUG)12 binding will disrupt TR-FRET._||_As a counterscreen, to identify which compounds might be specific disruptors, the present assay uses the same screening platform to interrogate disruption of a different protein-peptide interaction. ",target_gene:MEN1,1,310
651811,Genome-wide high-content siRNA screens for regulators of Parkin translocation in selective mitophagy (Ambion Library),Parkin-RNAi-Ambion,National Center for Advancing Translational Sciences (NCATS),NCATS;NCGC;National Center for Advancing Translational Sciences (NCATS),Screening,9227,64752,,2012/11/27 00:00,2013/12/10 00:00,"High-content genome-wide RNAi screens identify regulators of parkin upstream of mitophagy_||_An increasing body of evidence points to mitochondrial dysfunction as a contributor to the molecular pathogenesis of neurodegenerative diseases such as Parkinson's (1).  Recent studies of the PD-associated genes PINK12 and PARK2 (Parkin) (3) suggest that they may act in a quality control pathway preventing the accumulation of dysfunctional mitochondria (4-7).  Following the loss of mitochondrial membrane potential, the kinase Pink1 and the E3-ubiquitin ligase Parkin coordinate a rapid proteasomal (8) and autophagic (mitophagy) (6) response that may attenuate cell death (9-11).  Given that enhanced mitophagy may ameliorate the deleterious consequences of mitochondrial dysfunction (12-14), we hypothesized that genes regulating Parkin translocation would be useful drug targets for increasing mitochondrial quality control.  However, the mechanism of Parkin recruitment following Pink1 accumulation on the outer mitochondrial membrane is too poorly understood to target, and may involve a host of coordinated events.  To identify genes important for the Pink1-dependent recruitment of Parkin to damaged mitochondria, we conducted two diverse genome-wide siRNA screens with high-throughput automation.  Our screening approach took advantage of the well-characterized phenotype of Parkin accumulation on depolarized mitochondria in cells (6).  Cells stably expressing GFP-Parkin and a mitochondrial-targeted red fluorescent protein were transfected with siRNA duplexes in 384-well plates.  After a 48 hour siRNA knockdown, the proton ionophore carbonyl cyanide 3-chlorophenylhydrazone (CCCP) was added to each well to induce rapid mitochondrial depolarization.  Following bulk mitochondrial depolarization in all cells within each well, GFP-Parkin translocation to the damaged mitochondria was allowed to progress for 2.5 hours and then cells were fixed.  The degree of Parkin translocation to the mitochondria of each cell was assessed by high-content analysis.  Primary screening yielded gene candidates involved in an array of diverse cellular processes that were validated in confirmatory assays._||_References:_||_1.) Schapira, A. H. & Tolosa, E. Molecular and clinical prodrome of Parkinson disease: implications for treatment. Nat Rev Neurol 6, 309-317, (2010)._||_2.) Valente, E. M. et al. Hereditary early-onset Parkinson's disease caused by mutations in PINK1. Science 304, 1158-1160, (2004)._||_3.) Kitada, T. et al. Mutations in the parkin gene cause autosomal recessive juvenile parkinsonism. Nature 392, 605-608, (1998)._||_4.) Vives-Bauza, C. et al. PINK1-dependent recruitment of Parkin to mitochondria in mitophagy. Proc Natl Acad Sci U S A 107, 378-383, (2010)._||_5.) Narendra, D. P. et al. PINK1 is selectively stabilized on impaired mitochondria to activate Parkin. PLoS Biol 8, e1000298, (2010)._||_6.) Narendra, D., Tanaka, A., Suen, D. F. & Youle, R. J. Parkin is recruited selectively to impaired mitochondria and promotes their autophagy. J Cell Biol 183, 795-803, (2008)._||_7.) Geisler, S. et al. PINK1/Parkin-mediated mitophagy is dependent on VDAC1 and p62/SQSTM1. Nat Cell Biol 12, 119-131, (2010)._||_8.) Chan, N. C. et al. Broad activation of the ubiquitin-proteasome system by Parkin is critical for mitophagy. Hum Mol Genet 20, 1726-1737, (2011)._||_9.) Bouman, L. et al. Parkin is transcriptionally regulated by ATF4: evidence for an interconnection between mitochondrial stress and ER stress. Cell Death Differ 18, 769-782, (2011)._||_10.) Darios, F. et al. Parkin prevents mitochondrial swelling and cytochrome c release in mitochondria-dependent cell death. Hum Mol Genet 12, 517-526, (2003)._||_11.) Gautier, C. A., Kitada, T. & Shen, J. Loss of PINK1 causes mitochondrial functional defects and increased sensitivity to oxidative stress. Proc Natl Acad Sci U S A 105, 11364-11369, (2008)._||_12.) Pimenta de Castro, I. et al. Genetic analysis of mitochondrial protein misfolding in Drosophila melanogaster. Cell Death Differ, (2012)._||_13.) Suen, D. F., Narendra, D. P., Tanaka, A., Manfredi, G. & Youle, R. J. Parkin overexpression selects against a deleterious mtDNA mutation in heteroplasmic cybrid cells. Proc Natl Acad Sci U S A 107, 11835-11840, (2010)._||_14.) Burman, J. L., Yu, S., Poole, A. C., Decal, R. B. & Pallanck, L. Analysis of neural subtypes reveals selective mitochondrial dysfunction in dopaminergic neurons from parkin mutants. Proc Natl Acad Sci U S A, (2012)._||_Keywords:_||_Parkin, PARK2, PINK1, mitophagy, autophagy, CCCP, mitochondrial damage, Parkinson's disease, neurodegeneration, siRNA, RNAi screen, HTS, genome-wide, functional genomics, assay, high content screening, 384 well, National Institutes of Health, National Center for Advancing Translational Sciences, NIH Center for Translational Therapeutics, National Institute of Neurological Disorders and Stroke ",target_gene:MEN1,1,311
651810,Genome-wide high-content siRNA screens for regulators of Parkin translocation in selective mitophagy (Dharmacon Library),Parkin-RNAi-Dharmacon,National Center for Advancing Translational Sciences (NCATS),NCATS;NCGC;National Center for Advancing Translational Sciences (NCATS),Screening,826,18119,,2012/11/27 00:00,2013/12/02 00:00,"High-content genome-wide RNAi screens identify regulators of parkin upstream of mitophagy_||_An increasing body of evidence points to mitochondrial dysfunction as a contributor to the molecular pathogenesis of neurodegenerative diseases such as Parkinson's (1).  Recent studies of the PD-associated genes PINK12 and PARK2 (Parkin) (3) suggest that they may act in a quality control pathway preventing the accumulation of dysfunctional mitochondria (4-7).  Following the loss of mitochondrial membrane potential, the kinase Pink1 and the E3-ubiquitin ligase Parkin coordinate a rapid proteasomal (8) and autophagic (mitophagy) (6) response that may attenuate cell death (9-11).  Given that enhanced mitophagy may ameliorate the deleterious consequences of mitochondrial dysfunction (12-14), we hypothesized that genes regulating Parkin translocation would be useful drug targets for increasing mitochondrial quality control.  However, the mechanism of Parkin recruitment following Pink1 accumulation on the outer mitochondrial membrane is too poorly understood to target, and may involve a host of coordinated events.  To identify genes important for the Pink1-dependent recruitment of Parkin to damaged mitochondria, we conducted two diverse genome-wide siRNA screens with high-throughput automation.  Our screening approach took advantage of the well-characterized phenotype of Parkin accumulation on depolarized mitochondria in cells (6).  Cells stably expressing GFP-Parkin and a mitochondrial-targeted red fluorescent protein were transfected with siRNA duplexes in 384-well plates.  After a 48 hour siRNA knockdown, the proton ionophore carbonyl cyanide 3-chlorophenylhydrazone (CCCP) was added to each well to induce rapid mitochondrial depolarization.  Following bulk mitochondrial depolarization in all cells within each well, GFP-Parkin translocation to the damaged mitochondria was allowed to progress for 2.5 hours and then cells were fixed.  The degree of Parkin translocation to the mitochondria of each cell was assessed by high-content analysis.  Primary screening yielded gene candidates involved in an array of diverse cellular processes that were validated in confirmatory assays.      _||_References:_||_1.) Schapira, A. H. & Tolosa, E. Molecular and clinical prodrome of Parkinson disease: implications for treatment. Nat Rev Neurol 6, 309-317, (2010)._||_2.) Valente, E. M. et al. Hereditary early-onset Parkinson's disease caused by mutations in PINK1. Science 304, 1158-1160, (2004)._||_3.) Kitada, T. et al. Mutations in the parkin gene cause autosomal recessive juvenile parkinsonism. Nature 392, 605-608, (1998)._||_4.) Vives-Bauza, C. et al. PINK1-dependent recruitment of Parkin to mitochondria in mitophagy. Proc Natl Acad Sci U S A 107, 378-383, (2010)._||_5.) Narendra, D. P. et al. PINK1 is selectively stabilized on impaired mitochondria to activate Parkin. PLoS Biol 8, e1000298, (2010)._||_6.) Narendra, D., Tanaka, A., Suen, D. F. & Youle, R. J. Parkin is recruited selectively to impaired mitochondria and promotes their autophagy. J Cell Biol 183, 795-803, (2008)._||_7.) Geisler, S. et al. PINK1/Parkin-mediated mitophagy is dependent on VDAC1 and p62/SQSTM1. Nat Cell Biol 12, 119-131, (2010)._||_8.) Chan, N. C. et al. Broad activation of the ubiquitin-proteasome system by Parkin is critical for mitophagy. Hum Mol Genet 20, 1726-1737, (2011)._||_9.) Bouman, L. et al. Parkin is transcriptionally regulated by ATF4: evidence for an interconnection between mitochondrial stress and ER stress. Cell Death Differ 18, 769-782, (2011)._||_10.) Darios, F. et al. Parkin prevents mitochondrial swelling and cytochrome c release in mitochondria-dependent cell death. Hum Mol Genet 12, 517-526, (2003)._||_11.) Gautier, C. A., Kitada, T. & Shen, J. Loss of PINK1 causes mitochondrial functional defects and increased sensitivity to oxidative stress. Proc Natl Acad Sci U S A 105, 11364-11369, (2008)._||_12.) Pimenta de Castro, I. et al. Genetic analysis of mitochondrial protein misfolding in Drosophila melanogaster. Cell Death Differ, (2012)._||_13.) Suen, D. F., Narendra, D. P., Tanaka, A., Manfredi, G. & Youle, R. J. Parkin overexpression selects against a deleterious mtDNA mutation in heteroplasmic cybrid cells. Proc Natl Acad Sci U S A 107, 11835-11840, (2010)._||_14.) Burman, J. L., Yu, S., Poole, A. C., Decal, R. B. & Pallanck, L. Analysis of neural subtypes reveals selective mitochondrial dysfunction in dopaminergic neurons from parkin mutants. Proc Natl Acad Sci U S A, (2012)._||_Keywords:_||_Parkin, PARK2, PINK1, mitophagy, autophagy, CCCP, mitochondrial damage, Parkinson's disease, neurodegeneration, siRNA, RNAi screen, HTS, genome-wide, functional genomics, assay, high content screening, 384 well, National Institutes of Health, National Center for Advancing Translational Sciences, NIH Center for Translational Therapeutics, National Institute of Neurological Disorders and Stroke ",target_gene:MEN1,1,312
624099,An siRNA screen for human genes that are involved in human papilloma virus (HPV) E2 transcriptional repression of the E6 and E7 oncogenes,HMS729,"ICCB-Longwood Screening Facility, Harvard Medical School","ICCB-Longwood Screening Facility, Harvard Medical School;ICCB-Longwood/NSRB Screening Facility, Harvard Medical School",Other,497,21019,,2012/04/16 00:00,2016/10/14 00:00,"An essential step in the pathogenesis of human papillomavirus (HPV)-associated cancers is the dysregulated expression of the viral oncogenes. The papillomavirus E2 protein can silence the long control region (LCR) promoter that controls viral E6 and E7 oncogene expression. The mechanisms by which E2 represses oncogene expression and the cellular factors through which E2 mediates this silencing are largely unknown. We conducted an unbiased, genome-wide siRNA screen and series of secondary screens that identified 96 cellular genes that contribute to the repression of the HPV18 LCR. In addition to confirming a role for the E2-binding bromodomain protein Brd4 in E2-mediated silencing, we identified a number of genes that have not previously been implicated in E2 repression, including the demethylase JARID1C/SMCX as well as EP400, a component of the NuA4/TIP60 histone acetyltransferase complex. Each of these genes contributes independently and additively to E2-mediated silencing, indicating that E2 functions through several distinct cellular complexes to repress E6 and E7 expression._||_This screen was conducted in the lab of Peter Howley (Harvard Medical School) at the ICCB-Longwood Screening Facility, Harvard Medical School. ",target_gene:MEN1,1,313
504804,A genome-wide RNAi screen reveals multiple regulators of caspase activation,DRSC-P26,Drosophila RNAi Screening Center (DRSC),Drosophila RNAi Screening Center (DRSC),Screening,47,19084,,2011/06/09 00:00,2011/06/09 00:00,"Title: A genome-wide RNAi screen reveals multiple regulators of caspase activation_||_Abstract: _||_Apoptosis is an evolutionally conserved cellular suicide mechanism that can be activated in response to a variety of stressful stimuli. Increasing evidence suggests that apoptotic regulation relies on specialized cell death signaling pathways and also integrates diverse signals from additional regulatory circuits, including those of cellular homeostasis. We present a genome-wide RNA interference screen to systematically identify regulators of apoptosis induced by DNA damage in Drosophila melanogaster cells. We identify 47 double-stranded RNA that target a functionally diverse set of genes, including several with a known function in promoting cell death. Further characterization uncovers 10 genes that influence caspase activation upon the removal of Drosophila inhibitor of apoptosis 1. This set includes the Drosophila initiator caspase Dronc and, surprisingly, several metabolic regulators, a candidate tumor suppressor, Charlatan, and an N-acetyltransferase, ARD1. Importantly, several of these genes show functional conservation in regulating apoptosis in mammalian cells. Our data suggest a previously unappreciated fundamental connection between various cellular processes and caspase-dependent cell death. ",MEN1 menin inhibitor,1,314
504585,Confirmation of Inhibitors Targeting the Menin-MLL Interaction in MLL Related Leukemias: Binding Confirmation with NMR Saturation Transfer Difference,MENN9473,National Center for Advancing Translational Sciences (NCATS),NCATS;NCGC;National Center for Advancing Translational Sciences (NCATS),Other,9,28,2,2011/03/28 00:00,2011/07/07 00:00,"qHTS Assay for Inhibitors Targeting the Menin-MLL Interaction in MLL Related Leukemias_||_NIH Chemical Genomics Center [NCGC]_||_NIH Molecular Libraries Probe Centers Network [MLPCN]_||_MLPCN Grant: MH084875-01A1_||_Assay Submitter (PI): Jolanta Grembecka, Tomasz Cierpicki, University of Virginia_||_Translocations of the MLL (Mixed Lineage Leukemia) gene are frequently found in human leukemias affecting both children and adults. Fusion of MLL to one of more than 60 genes results in generation of oncogenic proteins upregulating Hox genes, which are vital to blood cell development. Patients harboring fusion of the MLL gene suffer from aggressive leukemias and respond poorly to available therapies. All of the oncogenic fusion proteins have a preserved N-terminal fragment of MLL that has been identified to interact with menin. It has been recently discovered that association with menin is critical to the leukemogenic activity of the MLL fusion oncoproteins. Selective targeting of the menin-MLL interaction could provide an attractive therapeutic approach to develop novel drugs for MLL-related leukemias. Small molecules blocking the menin-MLL interaction should reverse the oncogenic potential of MLL fusion proteins._||_We have developed and optimized a fluorescence polarization-based assay for the identification of Menin-MLL inhibitors. The assay was run employing two different MLL-derived peptides. The present assay uses a 12 amino acid peptide labeled with fluorescein at its N-terminus. This peptide consists of the menin high affinity binding motif from MLL and is potently bound by menin. Another peptide with a mutated sequence, labeled with Texas Red, was used in parallel as a less stringent screen for inhibitors._||_The present assay uses an orthogonal technique to identify those compounds specifically interacting with the target protein. ",target_gene:MEN1,1,315
2783,Confirmation of Inhibitors Targeting the Menin-MLL Interaction in MLL Related Leukemias: Competition With Fluorescein Labeled MLL-derived Peptide,MENN9468,National Center for Advancing Translational Sciences (NCATS),NCATS;NCGC;National Center for Advancing Translational Sciences (NCATS),Confirmatory,24,342,2,2010/04/27 00:00,2010/06/21 00:00,"qHTS Assay for Inhibitors Targeting the Menin-MLL Interaction in MLL Related Leukemias_||_NIH Chemical Genomics Center [NCGC]_||_NIH Molecular Libraries Probe Centers Network [MLPCN]_||_MLPCN Grant: MH084875-01A1_||_Assay Submitter (PI): Jolanta Grembecka, Tomasz Cierpicki, University of Virginia_||_Translocations of the MLL (Mixed Lineage Leukemia) gene are frequently found in human leukemias affecting both children and adults. Fusion of MLL to one of more than 60 genes results in generation of oncogenic proteins upregulating Hox genes, which are vital to blood cell development. Patients harboring fusion of the MLL gene suffer from aggressive leukemias and respond poorly to available therapies. All of the oncogenic fusion proteins have a preserved N-terminal fragment of MLL that has been identified to interact with menin. It has been recently discovered that association with menin is critical to the leukemogenic activity of the MLL fusion oncoproteins. Selective targeting of the menin-MLL interaction could provide an attractive therapeutic approach to develop novel drugs for MLL-related leukemias. Small molecules blocking the menin-MLL interaction should reverse the oncogenic potential of MLL fusion proteins._||_We have developed and optimized a fluorescence polarization-based assay for the identification of Menin-MLL inhibitors. The assay was run employing two different MLL-derived peptides. The present assay uses a 12 amino acid peptide labeled with fluorescein at its N-terminus. This peptide consists of the menin high affinity binding motif from MLL and is potently bound by menin. Another peptide with a mutated sequence, labeled with Texas Red, was used in parallel as a less stringent screen for inhibitors. _||_The present assay was run to confirm the activity of hits from the primary screen. ",target_gene:MEN1,1,316
2782,Confirmation of Inhibitors Targeting the Menin-MLL Interaction in MLL Related Leukemias: Competition With Texas Red Labeled MLL-derived Mutant Peptide,MENN9469,National Center for Advancing Translational Sciences (NCATS),NCATS;NCGC;National Center for Advancing Translational Sciences (NCATS),Confirmatory,51,342,2,2010/04/27 00:00,2010/06/21 00:00,"qHTS Assay for Inhibitors Targeting the Menin-MLL Interaction in MLL Related Leukemias_||_NIH Chemical Genomics Center [NCGC]_||_NIH Molecular Libraries Probe Centers Network [MLPCN]_||_MLPCN Grant: MH084875-01A1_||_Assay Submitter (PI): Jolanta Grembecka, Tomasz Cierpicki, University of Virginia_||_Translocations of the MLL (Mixed Lineage Leukemia) gene are frequently found in human leukemias affecting both children and adults. Fusion of MLL to one of more than 60 genes results in generation of oncogenic proteins upregulating Hox genes, which are vital to blood cell development. Patients harboring fusion of the MLL gene suffer from aggressive leukemias and respond poorly to available therapies. All of the oncogenic fusion proteins have a preserved N-terminal fragment of MLL that has been identified to interact with menin. It has been recently discovered that association with menin is critical to the leukemogenic activity of the MLL fusion oncoproteins. Selective targeting of the menin-MLL interaction could provide an attractive therapeutic approach to develop novel drugs for MLL-related leukemias. Small molecules blocking the menin-MLL interaction should reverse the oncogenic potential of MLL fusion proteins._||_We have developed and optimized a fluorescence polarization-based assay for the identification of Menin-MLL inhibitors. The assay was run employing two different MLL-derived peptides. The present assay uses a 12 amino acid peptide labeled with fluorescein at its N-terminus. This peptide consists of the menin high affinity binding motif from MLL and is potently bound by menin. Another peptide with a mutated sequence, labeled with Texas Red, was used in parallel as a less stringent screen for inhibitors. _||_The present assay was run to confirm the activity of hits from the primary screen using the peptide with a mutated sequence, labeled with Texas Red. ",target_gene:MEN1,1,317
2781,Confirmation of Inhibitors Targeting the Menin-MLL Interaction in MLL Related Leukemias: NMR spectroscopy to verify direct binding of compounds to menin,MENN9470,National Center for Advancing Translational Sciences (NCATS),NCATS;NCGC;National Center for Advancing Translational Sciences (NCATS),Screening,13,63,1,2010/04/27 00:00,2010/04/27 00:00,"qHTS Assay for Inhibitors Targeting the Menin-MLL Interaction in MLL Related Leukemias_||_NIH Chemical Genomics Center [NCGC]_||_NIH Molecular Libraries Probe Centers Network [MLPCN]_||_MLPCN Grant: MH084875-01A1_||_Assay Submitter (PI): Jolanta Grembecka, Tomasz Cierpicki, University of Virginia_||_Translocations of the MLL (Mixed Lineage Leukemia) gene are frequently found in human leukemias affecting both children and adults. Fusion of MLL to one of more than 60 genes results in generation of oncogenic proteins upregulating Hox genes, which are vital to blood cell development. Patients harboring fusion of the MLL gene suffer from aggressive leukemias and respond poorly to available therapies. All of the oncogenic fusion proteins have a preserved N-terminal fragment of MLL that has been identified to interact with menin. It has been recently discovered that association with menin is critical to the leukemogenic activity of the MLL fusion oncoproteins. Selective targeting of the menin-MLL interaction could provide an attractive therapeutic approach to develop novel drugs for MLL-related leukemias. Small molecules blocking the menin-MLL interaction should reverse the oncogenic potential of MLL fusion proteins._||_We have developed and optimized a fluorescence polarization-based assay for the identification of Menin-MLL inhibitors. The assay was run employing two different MLL-derived peptides. The present assay uses a 12 amino acid peptide labeled with fluorescein at its N-terminus. This peptide consists of the menin high affinity binding motif from MLL and is potently bound by menin. Another peptide with a mutated sequence, labeled with Texas Red, was used in parallel as a less stringent screen for inhibitors._||_The present assay was developed to confirm hits from this primary screen, examining saturation transfer differences in NMR spectra upon incubation of the menin protein with compound. ",target_gene:MEN1,1,318
2778,Confirmation of Inhibitors Targeting the Menin-MLL Interaction in MLL Related Leukemias: Confirmation in an HTRF (commercial TR-FRET) Assay using His-tagged menin and biotin-labeled MLL peptide,MENN9471,National Center for Advancing Translational Sciences (NCATS),NCATS;NCGC;National Center for Advancing Translational Sciences (NCATS),Confirmatory,23,342,2,2010/04/27 00:00,2010/06/21 00:00,"qHTS Assay for Inhibitors Targeting the Menin-MLL Interaction in MLL Related Leukemias_||_NIH Chemical Genomics Center [NCGC]_||_NIH Molecular Libraries Probe Centers Network [MLPCN]_||_MLPCN Grant: MH084875-01A1_||_Assay Submitter (PI): Jolanta Grembecka, Tomasz Cierpicki, University of Virginia_||_Translocations of the MLL (Mixed Lineage Leukemia) gene are frequently found in human leukemias affecting both children and adults. Fusion of MLL to one of more than 60 genes results in generation of oncogenic proteins upregulating Hox genes, which are vital to blood cell development. Patients harboring fusion of the MLL gene suffer from aggressive leukemias and respond poorly to available therapies. All of the oncogenic fusion proteins have a preserved N-terminal fragment of MLL that has been identified to interact with menin. It has been recently discovered that association with menin is critical to the leukemogenic activity of the MLL fusion oncoproteins. Selective targeting of the menin-MLL interaction could provide an attractive therapeutic approach to develop novel drugs for MLL-related leukemias. Small molecules blocking the menin-MLL interaction should reverse the oncogenic potential of MLL fusion proteins._||_We have developed and optimized a fluorescence polarization-based assay for the identification of Menin-MLL inhibitors. The assay was run employing two different MLL-derived peptides. The present assay uses a 12 amino acid peptide labeled with fluorescein at its N-terminus. This peptide consists of the menin high affinity binding motif from MLL and is potently bound by menin. Another peptide with a mutated sequence, labeled with Texas Red, was used in parallel as a less stringent screen for inhibitors. _||_The present assay uses an alternate technology to confirm hits from the primary screen - homogeneous time resolved fluorescence (HTRF). ",target_gene:MEN1,1,319
2076,qHTS Assay for Inhibitors Targeting the Menin-MLL Interaction in MLL Related Leukemias: Summary,MENN9467,National Center for Advancing Translational Sciences (NCATS),NCATS;NCGC;National Center for Advancing Translational Sciences (NCATS),Summary,,,2,2009/10/28 00:00,2009/10/28 00:00,"qHTS Assay for Inhibitors Targeting the Menin-MLL Interaction in MLL Related Leukemias_||_NIH Chemical Genomics Center [NCGC]_||_NIH Molecular Libraries Probe Centers Network [MLPCN]_||_MLPCN Grant: MH084875-01A1_||_Assay Submitter (PI): Jolanta Grembecka, Tomasz Cierpicki, University of Virginia_||_Translocations of the MLL (Mixed Lineage Leukemia) gene are frequently found in human leukemias affecting both children and adults. Fusion of MLL to one of more than 60 genes results in generation of oncogenic proteins upregulating Hox genes, which are vital to blood cell development. Patients harboring fusion of the MLL gene suffer from aggressive leukemias and respond poorly to available therapies. All of the oncogenic fusion proteins have a preserved N-terminal fragment of MLL that has been identified to interact with menin. It has been recently discovered that association with menin is critical to the leukemogenic activity of the MLL fusion oncoproteins. Selective targeting of the menin-MLL interaction could provide an attractive therapeutic approach to develop novel drugs for MLL-related leukemias. Small molecules blocking the menin-MLL interaction should reverse the oncogenic potential of MLL fusion proteins._||_We have developed and optimized a fluorescence polarization-based assay for the identification of Menin-MLL inhibitors. The assay was run employing two different MLL-derived peptides. The present assay uses a 12 amino acid peptide labeled with fluorescein at its N-terminus. This peptide consists of the menin high affinity binding motif from MLL and is potently bound by menin. Another peptide with a mutated sequence, labeled with Texas Red, was used in parallel as a less stringent screen for inhibitors. ",target_gene:MEN1,1,320
1904,siRNA Circadian Assay,siRNA_circadian,The Genomics Institute of the Novartis Research Foundation (GNF),The Genomics Institute of the Novartis Research Foundation (GNF),Other,527,33364,,2009/08/19 00:00,2010/07/01 00:00,"Description:_||_To identify additional clock genes and modifiers, we conducted a genome-wide screen of ~90,000 siRNAs (QIAGEN Inc) in a human cellular model of clock function. Knockdown of nearly a thousand genes reduced_||_rhythm amplitude; these are presumably due to toxic effects on cells. Hundreds of genes potently modified period length or increased amplitude. ",target_gene:MEN1,1,321
1768,qHTS Assay for Inhibitors Targeting the Menin-MLL Interaction in MLL Related Leukemias: Competition With Texas Red Labeled MLL-derived Mutant Peptide,MENN9466,National Center for Advancing Translational Sciences (NCATS),NCATS;NCGC;National Center for Advancing Translational Sciences (NCATS),Confirmatory,615,266676,2,2009/05/15 00:00,2009/05/15 00:00,"qHTS Assay for Inhibitors Targeting the Menin-MLL Interaction in MLL Related Leukemias_||_NIH Chemical Genomics Center [NCGC]_||_NIH Molecular Libraries Probe Centers Network [MLPCN]_||_MLPCN Grant: MH084875-01A1_||_Assay Submitter (PI): Jolanta Grembecka, Tomasz Cierpicki, University of Virginia_||_Translocations of the MLL (Mixed Lineage Leukemia) gene are frequently found in human leukemias affecting both children and adults. Fusion of MLL to one of more than 60 genes results in generation of oncogenic proteins upregulating Hox genes, which are vital to blood cell development. Patients harboring fusion of the MLL gene suffer from aggressive leukemias and respond poorly to available therapies. All of the oncogenic fusion proteins have a preserved N-terminal fragment of MLL that has been identified to interact with menin. It has been recently discovered that association with menin is critical to the leukemogenic activity of the MLL fusion oncoproteins. Selective targeting of the menin-MLL interaction could provide an attractive therapeutic approach to develop novel drugs for MLL-related leukemias. Small molecules blocking the menin-MLL interaction should reverse the oncogenic potential of MLL fusion proteins. _||_We have developed and optimized a fluorescence polarization-based assay for the identification of Menin-MLL inhibitors. The assay was run employing two different MLL-derived peptides. The present assay uses a 12 amino acid peptide labeled with fluorescein at its N-terminus. This peptide consists of the menin high affinity binding motif from MLL and is potently bound by menin. Another peptide with a mutated sequence, labeled with Texas Red, was used in parallel as a less stringent screen for inhibitors.  ",target_gene:MEN1,1,322
1766,qHTS Assay for Inhibitors Targeting the Menin-MLL Interaction in MLL Related Leukemias: Competition With Fluorescein Labeled MLL-derived Peptide,MENN9465,National Center for Advancing Translational Sciences (NCATS),NCATS;NCGC;National Center for Advancing Translational Sciences (NCATS),Confirmatory,,292510,2,2009/05/15 00:00,2009/05/15 00:00,"qHTS Assay for Inhibitors Targeting the Menin-MLL Interaction in MLL Related Leukemias_||_NIH Chemical Genomics Center [NCGC]_||_NIH Molecular Libraries Probe Centers Network [MLPCN]_||_MLPCN Grant: MH084875-01A1_||_Assay Submitter (PI): Jolanta Grembecka, Tomasz Cierpicki, University of Virginia_||_Translocations of the MLL (Mixed Lineage Leukemia) gene are frequently found in human leukemias affecting both children and adults. Fusion of MLL to one of more than 60 genes results in generation of oncogenic proteins upregulating Hox genes, which are vital to blood cell development. Patients harboring fusion of the MLL gene suffer from aggressive leukemias and respond poorly to available therapies. All of the oncogenic fusion proteins have a preserved N-terminal fragment of MLL that has been identified to interact with menin. It has been recently discovered that association with menin is critical to the leukemogenic activity of the MLL fusion oncoproteins. Selective targeting of the menin-MLL interaction could provide an attractive therapeutic approach to develop novel drugs for MLL-related leukemias. Small molecules blocking the menin-MLL interaction should reverse the oncogenic potential of MLL fusion proteins. _||_We have developed and optimized a fluorescence polarization-based assay for the identification of Menin-MLL inhibitors. The assay was run employing two different MLL-derived peptides. The present assay uses a 12 amino acid peptide labeled with fluorescein at its N-terminus. This peptide consists of the menin high affinity binding motif from MLL and is potently bound by menin. Another peptide with a mutated sequence, labeled with Texas Red, was used in parallel as a less stringent screen for inhibitors.  ",target_gene:MEN1,1,323
