smiles,n_measurements,n_sources,p_activity_median,p_activity_best,value_nm_median,value_nm_best,endpoints,sources,compound_ids,target_names,document_years,potency_class,active_100nM,active_1uM,predicted_herg_blocker_probability,predicted_herg_risk
B(CNS(=O)(=O)C1=C(C=C(C=C1)C2=NNN=N2)C(F)(F)F)(O)O,1,1,10.30102999566398,10.30102999566398,0.05,0.05,Ki,PubChem,71549453.0,,,high_potency_<=100nM,True,True,0.08573460308076586,low
CCN(C(C)C)C(=O)c1cc(F)ccc1Oc1nncnc1N1CCC2(CN(C2)[C@H](CCCNCCOC)C(C)C)C1,2,1,10.002182402701225,10.045757490560677,0.1,0.09,IC50,BindingDB,689587,Menin,,high_potency_<=100nM,True,True,0.44005720526812403,medium
CC(C)N(C(=O)c1cc(F)ccc1Oc1cncnc1N1CC2(CCN(C[C@H]3CC[C@H](NS(C)(=O)=O)CC3)CC2)C1)C(C)C,1,1,9.98296666070122,9.98296666070122,0.104,0.104,Ki,ChEMBL,CHEMBL5267644,Menin,2024,high_potency_<=100nM,True,True,0.4060634950569642,medium
CCN(C(C)C)C(=O)c1cc(F)ccc1Oc1nncnc1N1CCC2(CN(C2)[C@H](CCCN(C)CCOC)C(C)C)C1,2,1,9.8767507096021,10.008773924307503,0.139,0.098,IC50,BindingDB,689589;689590,Menin,,high_potency_<=100nM,True,True,0.5558170465333571,medium
CCc1nccn1C[C@@](c1cccc(F)c1)(C1CCN(CC2(F)CN(c3ccc(S(=O)(=O)C4CN(C(=O)/C=C/CN(C)C)C4)cc3)C2)CC1)[C@H]1CCC[C@@H]1NC(=O)OC,1,1,9.0,9.0,1.0,1.0,IC50,ChEMBL,CHEMBL6053681,Menin,2021,high_potency_<=100nM,True,True,0.644349354346837,medium
CCc1nccn1C[C@]([C@H]1CCC[C@@H]1NC(=O)OC)(C1CCN(CC2(F)CN(C2)c2ccc(cc2)S(=O)(=O)C2CN(C2)C(=O)\C=C\CN(C)C)CC1)c1cccc(F)c1,1,1,9.0,9.0,1.0,1.0,IC50,BindingDB,506357,Menin,,high_potency_<=100nM,True,True,0.7752873675277426,high
COC(=O)N[C@H]1CCC[C@@H]1[C@@](CN1CCC1)(C1CCN(CC2CN(C2)c2ccc(cc2)S(=O)(=O)C2CN(C2)C(=O)\C=C\CN2CC(F)(F)C2)CC1)c1cccc(F)c1,1,1,9.0,9.0,1.0,1.0,IC50,BindingDB,50511905,Menin,,high_potency_<=100nM,True,True,0.8806710956533786,high
COC(=O)N[C@H]1CCC[C@@H]1[C@](CN1CCC1)(c1cccc(F)c1)C1CCN(CC2CN(c3ccc(S(=O)(=O)C4CN(C(=O)/C=C/CN5CC(F)(F)C5)C4)cc3)C2)CC1,1,1,9.0,9.0,1.0,1.0,IC50,ChEMBL,CHEMBL4530300,Menin,2020,high_potency_<=100nM,True,True,0.7896346132861572,high
O=c1cccc2n1[C@@H]1C[C@H](C2)CN(CC(O)CCCc2ccccc2)C1,1,1,9.0,9.0,1.0,1.0,IC50,ChEMBL,CHEMBL4211366,Menin,2018,high_potency_<=100nM,True,True,0.3350066993286526,medium
OC(CCCc1ccccc1)CN1C[C@@H]2C[C@H](C1)n1c(C2)cccc1=O,1,1,9.0,9.0,1.0,1.0,IC50,BindingDB,50454121,Menin,,high_potency_<=100nM,True,True,0.6355044058620212,medium
B(CNS(=O)(=O)C1=CC=C(C=C1)C2=NNN=N2)(O)O,1,1,8.920818753952375,8.920818753952375,1.2,1.2,Ki,PubChem,71549452.0,,,high_potency_<=100nM,True,True,0.03107755473987281,low
CCCNC(=O)N[C@@H]1CC[C@@H](CN2CCC3(CN(C3)c3ncncc3Oc3ccc(F)cc3C(=O)N(CC)C(C)C)CC2)OC1,1,1,8.903089986991944,8.903089986991944,1.25,1.25,Ki,BindingDB,656643,Histone-lysine N-methyltransferase 2A/Menin,,high_potency_<=100nM,True,True,0.4424207847697057,medium
CCN(C(C)C)C(=O)c1cc(F)ccc1Oc1cnc(C)nc1N1CC2(C1)CCN(C[C@@H]1CC[C@H](CO1)NS(=O)(=O)CC)CC2,1,1,8.903089986991944,8.903089986991944,1.25,1.25,Ki,BindingDB,656820,Histone-lysine N-methyltransferase 2A/Menin,,high_potency_<=100nM,True,True,0.29100705810805155,low
CCN(C(C)C)C(=O)c1cc(F)ccc1Oc1cncnc1N1CC2(C1)CCN(C[C@@H]1CC[C@H](CO1)NC(=O)NCC1CC1)CC2,1,1,8.903089986991944,8.903089986991944,1.25,1.25,Ki,BindingDB,656647,Histone-lysine N-methyltransferase 2A/Menin,,high_potency_<=100nM,True,True,0.34247556032231785,medium
CCN(C(C)C)C(=O)c1cc(F)ccc1Oc1cncnc1N1CC2(C1)CCN(C[C@@H]1CC[C@H](CO1)NS(=O)(=O)CCN(C)C)CC2,1,1,8.903089986991944,8.903089986991944,1.25,1.25,Ki,BindingDB,656824,Histone-lysine N-methyltransferase 2A/Menin,,high_potency_<=100nM,True,True,0.3276451729476975,medium
N=C(N)NCCC[C@H](NC(=O)COCCOCCOCCNC(=O)c1ccc2c(c1)C(=O)OC21c2ccc(O)cc2Oc2cc(O)ccc21)C(=O)N[C@@H](Cc1cc2ccccc2[nH]1)C(=O)N[C@H]1CCCCCCCCNC(=O)[C@@H]2CCCN2C(=O)[C@H](CCCNC(=N)N)NC(=O)C2(CCC2)NC(=O)[C@@H]2CCCN2C(=O)[C@H](Cc2cc(F)cc(F)c2)NC1=O,1,1,8.853871964321762,8.853871964321762,1.4,1.4,Kd,ChEMBL,CHEMBL2314822,Menin,2013,high_potency_<=100nM,True,True,0.5469459450853223,medium
NC(=N)NCCC[C@H](NC(=O)COCCOCCOCCNC(=O)c1ccc2c(c1)C(=O)OC21c2ccc(O)cc2Oc2cc(O)ccc12)C(=O)N[C@@H](Cc1cc2ccccc2[nH]1)C(=O)N[C@H]1CCCCCCCCNC(=O)[C@@H]2CCCN2C(=O)[C@H](CCCNC(N)=N)NC(=O)C2(CCC2)NC(=O)[C@@H]2CCCN2C(=O)[C@H](Cc2cc(F)cc(F)c2)NC1=O,1,1,8.853871964321762,8.853871964321762,1.4,1.4,Kd,BindingDB,50489222,Menin,,high_potency_<=100nM,True,True,0.5491928310053548,medium
COC(=O)N[C@H]1CCC[C@@H]1[C@@](CN(C)C)(C1CCN(CC2CN(C2)c2ccc(cc2)S(=O)(=O)C2CC2)CC1)c1cccc(F)c1,1,1,8.769551078621726,8.769551078621726,1.7,1.7,IC50,BindingDB,50582737,Menin,,high_potency_<=100nM,True,True,0.8285063794438239,high
COC(=O)N[C@H]1CCC[C@@H]1[C@](CN(C)C)(c1cccc(F)c1)C1CCN(CC2CN(c3ccc(S(=O)(=O)C4CC4)cc3)C2)CC1,1,1,8.769551078621726,8.769551078621726,1.7,1.7,IC50,ChEMBL,CHEMBL5076146,Menin,2021,high_potency_<=100nM,True,True,0.8369419975622157,high
CCc1nccn1C[C@@](c1cccc(F)c1)(C1CCN(CC2CN(c3ccc(S(=O)(=O)C4CN(C(=O)/C=C/CN(C)C)C4)cc3)C2)CC1)[C@H]1CCC[C@@H]1NC(=O)OC,2,1,8.734260541478871,8.769551078621726,1.85,1.7,IC50,ChEMBL,CHEMBL4457657,Menin,2020;2021,high_potency_<=100nM,True,True,0.6797571980062618,medium
CCc1nccn1C[C@]([C@H]1CCC[C@@H]1NC(=O)OC)(C1CCN(CC2CN(C2)c2ccc(cc2)S(=O)(=O)C2CN(C2)C(=O)\C=C\CN(C)C)CC1)c1cccc(F)c1,2,1,8.734260541478871,8.769551078621726,1.85,1.7,IC50,BindingDB,50511899,Menin,,high_potency_<=100nM,True,True,0.8024208571437171,high
CCC1=NC=CN1C[C@]([C@H]2CCC[C@@H]2NC(=O)OC)(C3CCN(CC3)CC4CN(C4)C5=CC=C(C=C5)S(=O)(=O)C6CN(C6)C(=O)/C=C/CN(C)C)C7=CC(=CC=C7)F,3,1,8.698970004336019,8.769551078621726,2.0,1.7,IC50,PubChem,153315442.0,,,high_potency_<=100nM,True,True,0.7923336386703133,high
COC(=O)N[C@H]1CCC[C@@H]1[C@@](Cn1ccnn1)(C1CCN(CC2CN(C2)c2ccc(cc2)S(=O)(=O)C2CN(C2)C(=O)\C=C\CN(C)C)CC1)c1cccc(F)c1,2,1,8.698970004336019,8.698970004336019,2.0,2.0,IC50,BindingDB,50511900,Menin,,high_potency_<=100nM,True,True,0.8226857556513871,high
COC(=O)N[C@H]1CCC[C@@H]1[C@](Cn1ccnn1)(c1cccc(F)c1)C1CCN(CC2CN(c3ccc(S(=O)(=O)C4CN(C(=O)/C=C/CN(C)C)C4)cc3)C2)CC1,2,1,8.698970004336019,8.698970004336019,2.0,2.0,IC50,ChEMBL,CHEMBL4454017,Menin,2020;2021,high_potency_<=100nM,True,True,0.7359024925943842,high
C=CC(=O)N1CC(S(=O)(=O)c2ccc(N3CC(CN4CCC([C@@](CN5CCC5)(c5cccc(F)c5)[C@H]5CCC[C@@H]5NC(=O)OC)CC4)C3)cc2)C1,1,1,8.698970004336019,8.698970004336019,2.0,2.0,IC50,ChEMBL,CHEMBL4553102,Menin,2020,high_potency_<=100nM,True,True,0.47518929700448964,medium
C=CC(=O)N1CC(S(=O)(=O)c2ccc(N3CC(CN4CCC([C@@](Cn5ccnc5CC)(c5cccc(F)c5)[C@H]5CCC[C@@H]5NC(=O)OC)CC4)C3)cc2)C1,1,1,8.698970004336019,8.698970004336019,2.0,2.0,IC50,ChEMBL,CHEMBL5886290,Menin,2021,high_potency_<=100nM,True,True,0.5185339933667048,medium
C=CC(=O)N1CC(S(=O)(=O)c2ccc(N3CC(F)(CN4CCC([C@@](Cn5ccnc5CC)(c5cccc(F)c5)[C@H]5CCC[C@@H]5NC(=O)OC)CC4)C3)cc2)C1,1,1,8.698970004336019,8.698970004336019,2.0,2.0,IC50,ChEMBL,CHEMBL5766765,Menin,2021,high_potency_<=100nM,True,True,0.5958037074395054,medium
C=CC(=O)Nc1ccc(S(=O)(=O)c2ccc(N3CC(CN4CCC([C@@](C#N)(c5cccc(F)c5)[C@H]5CCC[C@@H]5OC(=O)NC)CC4)C3)cc2)cc1,1,1,8.698970004336019,8.698970004336019,2.0,2.0,IC50,ChEMBL,CHEMBL5794245,Menin,2021,high_potency_<=100nM,True,True,0.5780555940467074,medium
C=CC(=O)Nc1cccc(S(=O)(=O)c2ccc(N3CC(CN4CCC([C@@](C#N)(c5cccc(F)c5)[C@H]5CCC[C@@H]5NC(=O)OC)CC4)C3)cc2)c1,1,1,8.698970004336019,8.698970004336019,2.0,2.0,IC50,ChEMBL,CHEMBL5884894,Menin,2021,high_potency_<=100nM,True,True,0.5568001315365558,medium
C=CC(=O)Nc1cccc(S(=O)(=O)c2ccc(N3CC(F)(CN4CCC([C@@](Cn5ccnc5CC)(c5cccc(F)c5)[C@H]5CCC[C@@H]5NC(=O)OC)CC4)C3)cc2)c1,1,1,8.698970004336019,8.698970004336019,2.0,2.0,IC50,ChEMBL,CHEMBL5983807,Menin,2021,high_potency_<=100nM,True,True,0.7072005841227361,high
CCc1nccn1C[C@@](c1cccc(F)c1)(C1CCN(CC2CN(c3ccc(S(=O)(=O)C4CN(C(=O)/C=C/CN5CCCCC5)C4)cc3)C2)CC1)[C@H]1CCC[C@@H]1NC(=O)OC,1,1,8.698970004336019,8.698970004336019,2.0,2.0,IC50,ChEMBL,CHEMBL5817522,Menin,2021,high_potency_<=100nM,True,True,0.7293664015541003,high
CCc1nccn1C[C@]([C@H]1CCC[C@@H]1NC(=O)OC)(C1CCN(CC2(F)CN(C2)c2ccc(cc2)S(=O)(=O)C2CN(C2)C(=O)C=C)CC1)c1cccc(F)c1,1,1,8.698970004336019,8.698970004336019,2.0,2.0,IC50,BindingDB,506346,Menin,,high_potency_<=100nM,True,True,0.7516921085341293,high
CCc1nccn1C[C@]([C@H]1CCC[C@@H]1NC(=O)OC)(C1CCN(CC2(F)CN(C2)c2ccc(cc2)S(=O)(=O)c2cccc(NC(=O)C=C)c2)CC1)c1cccc(F)c1,1,1,8.698970004336019,8.698970004336019,2.0,2.0,IC50,BindingDB,506341,Menin,,high_potency_<=100nM,True,True,0.8050881797210997,high
CCc1nccn1C[C@]([C@H]1CCC[C@@H]1NC(=O)OC)(C1CCN(CC2CN(C2)c2ccc(cc2)S(=O)(=O)C2CN(C2)C(=O)C=C)CC1)c1cccc(F)c1,1,1,8.698970004336019,8.698970004336019,2.0,2.0,IC50,BindingDB,506340,Menin,,high_potency_<=100nM,True,True,0.7818707396872572,high
CCc1nccn1C[C@]([C@H]1CCC[C@@H]1NC(=O)OC)(C1CCN(CC2CN(C2)c2ccc(cc2)S(=O)(=O)C2CN(C2)C(=O)\C=C\CN2CCCCC2)CC1)c1cccc(F)c1,1,1,8.698970004336019,8.698970004336019,2.0,2.0,IC50,BindingDB,506364,Menin,,high_potency_<=100nM,True,True,0.8318347025271013,high
CNC(=O)O[C@H]1CCC[C@@H]1[C@@](C#N)(C1CCN(CC2CN(C2)c2ccc(cc2)S(=O)(=O)c2ccc(NC(=O)C=C)cc2)CC1)c1cccc(F)c1,1,1,8.698970004336019,8.698970004336019,2.0,2.0,IC50,BindingDB,506342,Menin,,high_potency_<=100nM,True,True,0.7543281603049545,high
COC(=O)N[C@H]1CCC[C@@H]1[C@@](C#N)(C1CCN(CC2CN(C2)c2ccc(cc2)S(=O)(=O)c2cccc(NC(=O)C=C)c2)CC1)c1cccc(F)c1,1,1,8.698970004336019,8.698970004336019,2.0,2.0,IC50,BindingDB,506337,Menin,,high_potency_<=100nM,True,True,0.8352440610648765,high
COC(=O)N[C@H]1CCC[C@@H]1[C@@](C#N)(C1CCN(CC2CN(C2)c2ccc(cc2)S(=O)(=O)c2cccc(NC(=O)\C=C\CN(C)C)c2)CC1)c1cccc(F)c1,1,1,8.698970004336019,8.698970004336019,2.0,2.0,IC50,BindingDB,506354,Menin,,high_potency_<=100nM,True,True,0.8518939690892671,high
COC(=O)N[C@H]1CCC[C@@H]1[C@@](CN1CCC1)(C1CCN(CC2CN(C2)c2ccc(cc2)S(=O)(=O)C2CN(C2)C(=O)C=C)CC1)c1cccc(F)c1,1,1,8.698970004336019,8.698970004336019,2.0,2.0,IC50,BindingDB,50511902,Menin,,high_potency_<=100nM,True,True,0.8319109144928449,high
COC(=O)N[C@H]1CCC[C@@H]1[C@@](CN1CCC1)(C1CCN(CC2CN(C2)c2ccc(cc2)S(=O)(=O)C2CN(C2)C(=O)\C=C\CN2CC(F)C2)CC1)c1cccc(F)c1,1,1,8.698970004336019,8.698970004336019,2.0,2.0,IC50,BindingDB,50511898,Menin,,high_potency_<=100nM,True,True,0.8699421187448525,high
COC(=O)N[C@H]1CCC[C@@H]1[C@@](CN1CCC1)(C1CCN(CC2CN(C2)c2ccc(cc2)S(=O)(=O)C2CN(C2)C(=O)\C=C\CN2CCC(F)(F)CC2)CC1)c1cccc(F)c1,1,1,8.698970004336019,8.698970004336019,2.0,2.0,IC50,BindingDB,50511910,Menin,,high_potency_<=100nM,True,True,0.8844881522153343,high
COC(=O)N[C@H]1CCC[C@@H]1[C@@](CN1CCC1)(C1CCN(CC2CN(C2)c2ccc(cc2)S(=O)(=O)C2CN(C2)C(=O)\C=C\CN2CCC2)CC1)c1cccc(F)c1,1,1,8.698970004336019,8.698970004336019,2.0,2.0,IC50,BindingDB,50511903,Menin,,high_potency_<=100nM,True,True,0.8472289282223131,high
COC(=O)N[C@H]1CCC[C@@H]1[C@@](CN1CCC1)(C1CCN(CC2CN(C2)c2ccc(cc2)S(=O)(=O)C2CN(C2)C(=O)\C=C\CN2CCCC2)CC1)c1cccc(F)c1,1,1,8.698970004336019,8.698970004336019,2.0,2.0,IC50,BindingDB,50511908,Menin,,high_potency_<=100nM,True,True,0.8569498513832906,high
COC(=O)N[C@H]1CCC[C@@H]1[C@@](CN1CCCC1)(C1CCN(CC2CN(C2)c2ccc(cc2)S(=O)(=O)C2CN(C2)C(=O)\C=C\CN(C)C)CC1)c1cccc(F)c1,1,1,8.698970004336019,8.698970004336019,2.0,2.0,IC50,BindingDB,50511901,Menin,,high_potency_<=100nM,True,True,0.8560136175035276,high
COC(=O)N[C@H]1CCC[C@@H]1[C@@](CN1CCCCC1)(C1CCN(CC2CN(C2)c2ccc(cc2)S(=O)(=O)C2CN(C2)C(=O)\C=C\CN(C)C)CC1)c1cccc(F)c1,1,1,8.698970004336019,8.698970004336019,2.0,2.0,IC50,BindingDB,50511912,Menin,,high_potency_<=100nM,True,True,0.8647945676851593,high
COC(=O)N[C@H]1CCC[C@@H]1[C@](C#N)(c1cccc(F)c1)C1CCN(CC2CN(c3ccc(S(=O)(=O)c4cccc(NC(=O)/C=C/CN(C)C)c4)cc3)C2)CC1,1,1,8.698970004336019,8.698970004336019,2.0,2.0,IC50,ChEMBL,CHEMBL5864844,Menin,2021,high_potency_<=100nM,True,True,0.8269247098687273,high
COC(=O)N[C@H]1CCC[C@@H]1[C@](CN1CCC1)(c1cccc(F)c1)C1CCN(CC2CN(c3ccc(S(=O)(=O)C4CN(C(=O)/C=C/CN5CC(F)C5)C4)cc3)C2)CC1,1,1,8.698970004336019,8.698970004336019,2.0,2.0,IC50,ChEMBL,CHEMBL4456868,Menin,2020,high_potency_<=100nM,True,True,0.7710969283050964,high
COC(=O)N[C@H]1CCC[C@@H]1[C@](CN1CCC1)(c1cccc(F)c1)C1CCN(CC2CN(c3ccc(S(=O)(=O)C4CN(C(=O)/C=C/CN5CCC(F)(F)CC5)C4)cc3)C2)CC1,1,1,8.698970004336019,8.698970004336019,2.0,2.0,IC50,ChEMBL,CHEMBL4450979,Menin,2020,high_potency_<=100nM,True,True,0.8279344220089258,high
COC(=O)N[C@H]1CCC[C@@H]1[C@](CN1CCC1)(c1cccc(F)c1)C1CCN(CC2CN(c3ccc(S(=O)(=O)C4CN(C(=O)/C=C/CN5CCC5)C4)cc3)C2)CC1,1,1,8.698970004336019,8.698970004336019,2.0,2.0,IC50,ChEMBL,CHEMBL4588924,Menin,2020,high_potency_<=100nM,True,True,0.7749090676051381,high
COC(=O)N[C@H]1CCC[C@@H]1[C@](CN1CCC1)(c1cccc(F)c1)C1CCN(CC2CN(c3ccc(S(=O)(=O)C4CN(C(=O)/C=C/CN5CCCC5)C4)cc3)C2)CC1,1,1,8.698970004336019,8.698970004336019,2.0,2.0,IC50,ChEMBL,CHEMBL4456003,Menin,2020,high_potency_<=100nM,True,True,0.7891756246085907,high
COC(=O)N[C@H]1CCC[C@@H]1[C@](CN1CCCC1)(c1cccc(F)c1)C1CCN(CC2CN(c3ccc(S(=O)(=O)C4CN(C(=O)/C=C/CN(C)C)C4)cc3)C2)CC1,1,1,8.698970004336019,8.698970004336019,2.0,2.0,IC50,ChEMBL,CHEMBL4528467,Menin,2020,high_potency_<=100nM,True,True,0.7856548912340676,high
COC(=O)N[C@H]1CCC[C@@H]1[C@](CN1CCCCC1)(c1cccc(F)c1)C1CCN(CC2CN(c3ccc(S(=O)(=O)C4CN(C(=O)/C=C/CN(C)C)C4)cc3)C2)CC1,1,1,8.698970004336019,8.698970004336019,2.0,2.0,IC50,ChEMBL,CHEMBL4571451,Menin,2020,high_potency_<=100nM,True,True,0.798989076477249,high
C[C@@H](C(=O)N[C@@H](CCCNC(=N)N)C(=O)N[C@@H](CC1=CNC2=CC=CC=C21)C(=O)N[C@H]3C/C=C\C[C@H](NC(=O)C4(CCC4)NC(=O)[C@@H]5CCCN5C(=O)[C@@H](NC3=O)CC6=CC(=CC=C6)F)C(=O)N7CCC[C@H]7C(=O)N[C@@H](CCCN)C(=O)N[C@@H](CCCNC(=N)N)C(=O)N[C@@H](CCCNC(=N)N)C(=O)N[C@@H](CCCNC(=N)N)C(=O)N)NC(=O)C,1,1,8.628932137728263,8.628932137728263,2.35,2.35,IC50,PubChem,162670123.0,,,high_potency_<=100nM,True,True,0.7472551586744289,high
COC(=O)N[C@H]1CCC[C@@H]1[C@@](CN2CCC2)(C3CCN(CC3)CC4CN(C4)C5=CC=C(C=C5)S(=O)(=O)C6CN(C6)C(=O)/C=C/CN7CC(C7)F)C8=CC(=CC=C8)F,4,1,8.610924374808178,9.0,2.5,1.0,IC50,PubChem,155525699.0,,,high_potency_<=100nM,True,True,0.8688600908630789,high
COC(=O)N[C@H]1CCC[C@@H]1[C@@](CN2CCC2)(C3CCN(CC3)CC4CN(C4)C5=CC=C(C=C5)S(=O)(=O)C6CN(C6)C(=O)/C=C/CN7CCC7)C8=CC(=CC=C8)F,4,1,8.610924374808178,8.698970004336019,2.5,2.0,IC50,PubChem,155567300.0,,,high_potency_<=100nM,True,True,0.8436260111486649,high
CC(C)N(C(C)C)C(=O)C1=C(C=CC(=C1)F)OC2=C(N=CN=N2)N3CC4(C3)CCN(CC4)CC5CCC6(CC5)CC(C(=O)C6)C(C)(C)O,1,1,8.602059991327963,8.602059991327963,2.5,2.5,IC50,PubChem,176456329.0,Histone-lysine N-methyltransferase 2A,,high_potency_<=100nM,True,True,0.6031745452137706,medium
CCN(C(C)C)C(=O)C1=C(C=CC(=C1)F)OC2=C(N=CN=N2)N3CC4(C3)CCN(CC4)CC5CCC6(CC5)CC(=O)C7(C6)CCOCC7,1,1,8.602059991327963,8.602059991327963,2.5,2.5,IC50,PubChem,176456307.0,Histone-lysine N-methyltransferase 2A,,high_potency_<=100nM,True,True,0.7154706743284821,high
COC(=O)N[C@H]1CCC[C@@H]1[C@@](CN1CCC1)(C1CCN(CC2(CN(C2)c2ccc(cc2)S(=O)(=O)C2CC2)OC)CC1)c1cccc(F)c1,1,1,8.602059991327963,8.602059991327963,2.5,2.5,IC50,BindingDB,50582744,Menin,,high_potency_<=100nM,True,True,0.8275367311874008,high
COC(=O)N[C@H]1CCC[C@@H]1[C@](CN1CCC1)(c1cccc(F)c1)C1CCN(CC2(OC)CN(c3ccc(S(=O)(=O)C4CC4)cc3)C2)CC1,1,1,8.602059991327963,8.602059991327963,2.5,2.5,IC50,ChEMBL,CHEMBL5085940,Menin,2021,high_potency_<=100nM,True,True,0.8101072238251373,high
COC(=O)N[C@H]1CCC[C@@H]1[C@@](CN1CCC1)(C1CCN(CC2CN(C2)c2ccc(cc2)S(=O)(=O)C2CN(C2)C(=O)\C=C\CN2CCCCC2)CC1)c1cccc(F)c1,1,1,8.585026652029182,8.585026652029182,2.6,2.6,IC50,BindingDB,50511904,Menin,,high_potency_<=100nM,True,True,0.8658519886693653,high
COC(=O)N[C@H]1CCC[C@@H]1[C@](CN1CCC1)(c1cccc(F)c1)C1CCN(CC2CN(c3ccc(S(=O)(=O)C4CN(C(=O)/C=C/CN5CCCCC5)C4)cc3)C2)CC1,1,1,8.585026652029182,8.585026652029182,2.6,2.6,IC50,ChEMBL,CHEMBL4438797,Menin,2020,high_potency_<=100nM,True,True,0.8024138468892402,high
CN(C)C/C=C/C(=O)N1CC(C1)S(=O)(=O)C2=CC=C(C=C2)N3CC(C3)(CN4CCC(CC4)[C@](CN5CCC5)([C@H]6CCC[C@@H]6NC(=O)OC)C7=CC(=CC=C7)F)OC,3,1,8.568636235841012,8.638272163982407,2.7,2.3,IC50,PubChem,166628336.0,,,high_potency_<=100nM,True,True,0.6215749078465996,medium
C=CC(=O)N1C[C@@H]2C[C@H]1CN2S(=O)(=O)c1ccc(N2CC(CN3CCC([C@@](CN4CCC4)(c4cccc(F)c4)[C@H]4CCC[C@@H]4NC(=O)OC)CC3)(OC)C2)cc1,1,1,8.568636235841012,8.568636235841012,2.7,2.7,IC50,ChEMBL,CHEMBL5094183,Menin,2021,high_potency_<=100nM,True,True,0.6112810057716654,medium
COC(=O)N[C@H]1CCC[C@@H]1[C@@](CN1CCC1)(C1CCN(CC2(CN(C2)c2ccc(cc2)S(=O)(=O)C2CN(C2)C(=O)\C=C\CN(C)C)OC)CC1)c1cccc(F)c1,1,1,8.568636235841012,8.568636235841012,2.7,2.7,IC50,BindingDB,50582746,Menin,,high_potency_<=100nM,True,True,0.8184514740154156,high
COC(=O)N[C@H]1CCC[C@@H]1[C@@](CN1CCC1)(C1CCN(CC2(CN(C2)c2ccc(cc2)S(=O)(=O)N2C[C@@H]3C[C@H]2CN3C(=O)C=C)OC)CC1)c1cccc(F)c1,1,1,8.568636235841012,8.568636235841012,2.7,2.7,IC50,BindingDB,50582751,Menin,,high_potency_<=100nM,True,True,0.7494938454662905,high
COC(=O)N[C@H]1CCC[C@@H]1[C@](CN1CCC1)(c1cccc(F)c1)C1CCN(CC2(OC)CN(c3ccc(S(=O)(=O)C4CN(C(=O)/C=C/CN(C)C)C4)cc3)C2)CC1,1,1,8.568636235841012,8.568636235841012,2.7,2.7,IC50,ChEMBL,CHEMBL5081367,Menin,2021,high_potency_<=100nM,True,True,0.7324331490309123,high
C=CC(=O)N1CC(S(=O)(=O)c2ccc(N3CC(CN4CCC([C@@](CN5CCC5)(c5cccc(F)c5)[C@H]5CCC[C@@H]5NC(=O)OC)CC4)(OC)C3)cc2)C1,1,1,8.55284196865778,8.55284196865778,2.8,2.8,IC50,ChEMBL,CHEMBL5079678,Menin,2021,high_potency_<=100nM,True,True,0.45983130199125943,medium
CC(C)N(C(C)C)C(=O)C1=C(C=CC(=C1)F)OC2=C(N=CN=N2)N3CC4(C3)CCN(CC4)CC5CCC6(CC5)C[C@H](C(=O)C6)COC,1,1,8.55284196865778,8.55284196865778,2.8,2.8,IC50,PubChem,176456301.0,Histone-lysine N-methyltransferase 2A,,high_potency_<=100nM,True,True,0.5812756295817298,medium
COC(=O)N[C@H]1CCC[C@@H]1[C@@](CN1CCC1)(C1CCN(CC2(CN(C2)c2ccc(cc2)S(=O)(=O)C2CN(C2)C(=O)C=C)OC)CC1)c1cccc(F)c1,1,1,8.55284196865778,8.55284196865778,2.8,2.8,IC50,BindingDB,50582747,Menin,,high_potency_<=100nM,True,True,0.784774360472865,high
COC(=O)N[C@H]1CCC[C@@H]1[C@@](CN1CCCC1)(C1CCN(CC2CN(C2)c2ccc(cc2)S(=O)(=O)C2CC2)CC1)c1cccc(F)c1,1,1,8.55284196865778,8.55284196865778,2.8,2.8,IC50,BindingDB,50582738,Menin,,high_potency_<=100nM,True,True,0.8407037734592256,high
COC(=O)N[C@H]1CCC[C@@H]1[C@](CN1CCCC1)(c1cccc(F)c1)C1CCN(CC2CN(c3ccc(S(=O)(=O)C4CC4)cc3)C2)CC1,1,1,8.55284196865778,8.55284196865778,2.8,2.8,IC50,ChEMBL,CHEMBL5071412,Menin,2021,high_potency_<=100nM,True,True,0.846104409381291,high
CC(C)N(C(C)C)C(=O)C1=C(C=CC(=C1)F)OC2=C(N=CN=N2)N3CC4(C3)CCN(CC4)CC5CCC6(CC5)CC(=O)C(C6)(F)F,1,1,8.537602002101044,8.537602002101044,2.9,2.9,IC50,PubChem,176456326.0,Histone-lysine N-methyltransferase 2A,,high_potency_<=100nM,True,True,0.7262747727496528,high
COC(=O)N[C@H]1CCC[C@@H]1[C@@](CN1CCC1)(C1CCN(CC2(C)CN(C2)c2ccc(cc2)S(=O)(=O)C2CC2)CC1)c1cccc(F)c1,1,1,8.537602002101044,8.537602002101044,2.9,2.9,IC50,BindingDB,50582735,Menin,,high_potency_<=100nM,True,True,0.8535668754764165,high
COC(=O)N[C@H]1CCC[C@@H]1[C@](CN1CCC1)(c1cccc(F)c1)C1CCN(CC2(C)CN(c3ccc(S(=O)(=O)C4CC4)cc3)C2)CC1,1,1,8.537602002101044,8.537602002101044,2.9,2.9,IC50,ChEMBL,CHEMBL5090509,Menin,2021,high_potency_<=100nM,True,True,0.8589603718630283,high
C=CC(=O)N1CC(S(=O)(=O)c2ccc(N3CC(CN4CCC([C@@](C#N)(c5cccc(F)c5)[C@H]5CCC[C@@H]5NC(=O)OC)CC4)C3)cc2)C1,1,1,8.522878745280337,8.522878745280337,3.0,3.0,IC50,ChEMBL,CHEMBL5411956,Menin,2021,high_potency_<=100nM,True,True,0.4228336380956859,medium
C=CC(=O)N1CCC[C@H](S(=O)(=O)c2ccc(N3CC(CN4CCC([C@@](CN5CCC5)(c5cccc(F)c5)[C@H]5CCC[C@@H]5NC(=O)OC)CC4)(OC)C3)cc2)C1,1,1,8.522878745280337,8.522878745280337,3.0,3.0,IC50,ChEMBL,CHEMBL5079839,Menin,2021,high_potency_<=100nM,True,True,0.48286662724726986,medium
C=CC(=O)Nc1cccc(S(=O)(=O)c2ccc(N3CC(CN4CCC([C@@](C#N)(c5cccc(F)c5)[C@H]5CCC[C@@H]5OC(=O)NC)CC4)C3)cc2)c1,1,1,8.522878745280337,8.522878745280337,3.0,3.0,IC50,ChEMBL,CHEMBL5763217,Menin,2021,high_potency_<=100nM,True,True,0.5841941972597581,medium
C=CC(=O)Nc1cccc(S(=O)(=O)c2ccc(N3CC(CN4CCC([C@@](Cn5ccnc5CC)(c5cccc(F)c5)[C@H]5CCC[C@@H]5NC(=O)OC)CC4)C3)cc2)c1,1,1,8.522878745280337,8.522878745280337,3.0,3.0,IC50,ChEMBL,CHEMBL6014762,Menin,2021,high_potency_<=100nM,True,True,0.6447175240751547,medium
CC(=O)O[C@H]1CCC[C@@H]1C1(C2CCN(CC3CN(c4ccc(S(=O)(=O)C5CC5)cc4)C3)CC2)CN(C)Cc2ccc(F)cc21,1,1,8.522878745280337,8.522878745280337,3.0,3.0,IC50,ChEMBL,CHEMBL5974610,Menin,2021,high_potency_<=100nM,True,True,0.6347945747162106,medium
CC(=O)O[C@H]1CCC[C@@H]1C1(C2CCN(CC3CN(c4ccc(S(=O)(=O)c5ccncc5)cc4)C3)CC2)CN(C)Cc2ccccc21,1,1,8.522878745280337,8.522878745280337,3.0,3.0,IC50,ChEMBL,CHEMBL6047118,Menin,2021,high_potency_<=100nM,True,True,0.6274331858615048,medium
CCc1nccn1CC([C@H]1CCC[C@@H]1OC(=O)NC)(C1CCN(CC2CN(C2)c2ccc(cc2)C#N)CC1)c1ccccc1,1,1,8.522878745280337,8.522878745280337,3.0,3.0,IC50,BindingDB,480343,Menin,,high_potency_<=100nM,True,True,0.8884528506495771,high
CCc1nccn1CC(c1ccccc1)(C1CCN(CC2CN(c3ccc(C#N)cc3)C2)CC1)[C@H]1CCC[C@@H]1OC(=O)NC,1,1,8.522878745280337,8.522878745280337,3.0,3.0,IC50,ChEMBL,CHEMBL5931080,Menin,2021,high_potency_<=100nM,True,True,0.8873960746873093,high
CCc1nccn1C[C@]([C@H]1CCC[C@@H]1NC(=O)OC)(C1CCN(CC2CN(C2)c2ccc(cc2)S(=O)(=O)c2cccc(NC(=O)C=C)c2)CC1)c1cccc(F)c1,1,1,8.522878745280337,8.522878745280337,3.0,3.0,IC50,BindingDB,506339,Menin,,high_potency_<=100nM,True,True,0.829248020438345,high
CN1Cc2ccc(F)cc2C(C1)([C@H]1CCC[C@@H]1OC(C)=O)C1CCN(CC2CN(C2)c2ccc(cc2)S(=O)(=O)C2CC2)CC1,1,1,8.522878745280337,8.522878745280337,3.0,3.0,IC50,BindingDB,480255,Menin,,high_potency_<=100nM,True,True,0.7107247022717221,high
CN1Cc2ccccc2C(C1)([C@H]1CCC[C@@H]1OC(C)=O)C1CCN(CC2CN(C2)c2ccc(cc2)S(=O)(=O)c2ccncc2)CC1,1,1,8.522878745280337,8.522878745280337,3.0,3.0,IC50,BindingDB,480146,Menin,,high_potency_<=100nM,True,True,0.6817124783409767,medium
CN1Cc2ccccc2C(C1)([C@H]1CCC[C@@H]1OC(N)=O)C1CCN(CC2CN(C2)c2ccc(cc2)S(=O)(=O)c2ccncc2)CC1,1,1,8.522878745280337,8.522878745280337,3.0,3.0,IC50,BindingDB,480158,Menin,,high_potency_<=100nM,True,True,0.6070043138828908,medium
CN1Cc2ccccc2C(C2CCN(CC3CN(c4ccc(S(=O)(=O)c5ccncc5)cc4)C3)CC2)([C@H]2CCC[C@@H]2OC(N)=O)C1,1,1,8.522878745280337,8.522878745280337,3.0,3.0,IC50,ChEMBL,CHEMBL5816906,Menin,2021,high_potency_<=100nM,True,True,0.6109407303874382,medium
CNC(=O)O[C@H]1CCC[C@@H]1C(Cn1ccnc1C)(C1CCN(CC2CN(C2)c2ccc(cc2)C#N)CC1)c1ccccc1,1,1,8.522878745280337,8.522878745280337,3.0,3.0,IC50,BindingDB,480341,Menin,,high_potency_<=100nM,True,True,0.8599475742143765,high
CNC(=O)O[C@H]1CCC[C@@H]1C(Cn1ccnc1C)(C1CCN(CC2CN(C2)c2ccc(cc2)S(=O)(=O)c2cnn(C)c2)CC1)c1cccc(F)c1,1,1,8.522878745280337,8.522878745280337,3.0,3.0,IC50,BindingDB,480346,Menin,,high_potency_<=100nM,True,True,0.7886512100991697,high
CNC(=O)O[C@H]1CCC[C@@H]1C(Cn1ccnc1C)(c1cccc(F)c1)C1CCN(CC2CN(c3ccc(S(=O)(=O)c4cnn(C)c4)cc3)C2)CC1,1,1,8.522878745280337,8.522878745280337,3.0,3.0,IC50,ChEMBL,CHEMBL5964939,Menin,2021,high_potency_<=100nM,True,True,0.7526456335594688,high
CNC(=O)O[C@H]1CCC[C@@H]1C(Cn1ccnc1C)(c1ccccc1)C1CCN(CC2CN(c3ccc(C#N)cc3)C2)CC1,1,1,8.522878745280337,8.522878745280337,3.0,3.0,IC50,ChEMBL,CHEMBL5905647,Menin,2021,high_potency_<=100nM,True,True,0.852682180358994,high
CNC(=O)O[C@H]1CCC[C@@H]1[C@@](C#N)(C1CCN(CC2CN(C2)c2ccc(cc2)S(=O)(=O)c2cccc(NC(=O)C=C)c2)CC1)c1cccc(F)c1,1,1,8.522878745280337,8.522878745280337,3.0,3.0,IC50,BindingDB,506335,Menin,,high_potency_<=100nM,True,True,0.7608454191878642,high
COC(=O)N[C@H]1CCC[C@@H]1[C@@](C#N)(C1CCN(CC2CN(C2)c2ccc(cc2)S(=O)(=O)C2CN(C2)C(=O)C=C)CC1)c1cccc(F)c1,1,1,8.522878745280337,8.522878745280337,3.0,3.0,IC50,BindingDB,506338,Menin,,high_potency_<=100nM,True,True,0.7898186646126678,high
COC(=O)N[C@H]1CCC[C@@H]1[C@@](C#N)(C1CCN(CC2CN(C2)c2ccc(cc2)S(=O)(=O)C2CN(C2)C(=O)\C=C\CN2CCCC2)CC1)c1cccc(F)c1,1,1,8.522878745280337,8.522878745280337,3.0,3.0,IC50,BindingDB,506365,Menin,,high_potency_<=100nM,True,True,0.8210552604658892,high
COC(=O)N[C@H]1CCC[C@@H]1[C@@](CN1CCC1)(C1CCN(CC2(CN(C2)c2ccc(cc2)S(=O)(=O)[C@H]2CCCN(C2)C(=O)C=C)OC)CC1)c1cccc(F)c1,1,1,8.522878745280337,8.522878745280337,3.0,3.0,IC50,BindingDB,50582749,Menin,,high_potency_<=100nM,True,True,0.7842412622449965,high
COC(=O)N[C@H]1CCC[C@@H]1[C@@](CN1CCC1)(C1CCN(CC2CN(C2)c2ccc(cc2)S(=O)(=O)C2CN(C2)C(=O)\C=C\CN(C)C)CC1)c1cccc(F)c1,1,1,8.522878745280337,8.522878745280337,3.0,3.0,IC50,BindingDB,50511911,Menin,,high_potency_<=100nM,True,True,0.8463277623713987,high
COC(=O)N[C@H]1CCC[C@@H]1[C@](C#N)(c1cccc(F)c1)C1CCN(CC2CN(c3ccc(S(=O)(=O)C4CN(C(=O)/C=C/CN5CCCC5)C4)cc3)C2)CC1,1,1,8.522878745280337,8.522878745280337,3.0,3.0,IC50,ChEMBL,CHEMBL5906828,Menin,2021,high_potency_<=100nM,True,True,0.7332159788100475,high
COC(=O)N[C@H]1CCC[C@@H]1[C@](CN1CCC1)(c1cccc(F)c1)C1CCN(CC2CN(c3ccc(S(=O)(=O)C4CN(C(=O)/C=C/CN(C)C)C4)cc3)C2)CC1,1,1,8.522878745280337,8.522878745280337,3.0,3.0,IC50,ChEMBL,CHEMBL4466396,Menin,2020,high_potency_<=100nM,True,True,0.7711738790927033,high
COC(=O)N[C@H]1CCC[C@@H]1[C@@](C#N)(C1CCN(CC2CN(C2)c2ccc(cc2)S(=O)(=O)C2CN(C2)C(=O)\C=C\CN(C)C)CC1)c1cccc(F)c1,4,1,8.502182402701225,8.522878745280337,3.15,3.0,IC50,BindingDB,50511906,Menin,,high_potency_<=100nM,True,True,0.8068893294551334,high
CN(C)C/C=C/C(=O)N1CC(C1)S(=O)(=O)C2=CC=C(C=C2)N3CC(C3)CN4CCC(CC4)[C@](CN(C)C)([C@H]5CCC[C@@H]5NC(=O)OC)C6=CC(=CC=C6)F,4,1,8.5,8.958607314841775,3.5,1.1,IC50,PubChem,155523910.0,,,high_potency_<=100nM,True,True,0.7180609898519849,high
COC(=O)N[C@H]1CCC[C@@H]1[C@@](CN1CCC1)(C1CCN(CC2(F)CN(C2)c2ccc(cc2)S(=O)(=O)C2CC2)CC1)c1cccc(F)c1,1,1,8.494850021680094,8.494850021680094,3.2,3.2,IC50,BindingDB,50582734,Menin,,high_potency_<=100nM,True,True,0.8042596761332533,high
COC(=O)N[C@H]1CCC[C@@H]1[C@](CN1CCC1)(c1cccc(F)c1)C1CCN(CC2(F)CN(c3ccc(S(=O)(=O)C4CC4)cc3)C2)CC1,1,1,8.494850021680094,8.494850021680094,3.2,3.2,IC50,ChEMBL,CHEMBL5088651,Menin,2021,high_potency_<=100nM,True,True,0.8087151717670893,high
COC(=O)N[C@H]1CCC[C@@H]1[C@@](CN2CCC2)(C3CCN(CC3)CC4CN(C4)C5=CC=C(C=C5)S(=O)(=O)C6CN(C6)C(=O)/C=C/CN7CCCCC7)C8=CC(=CC=C8)F,4,1,8.49148333035061,9.0,3.3,1.0,IC50,PubChem,146673079.0,,,high_potency_<=100nM,True,True,0.8680836947726968,high
COC(=O)N[C@H]1CCC[C@@H]1[C@](C#N)(c1cccc(F)c1)C1CCN(CC2CN(c3ccc(S(=O)(=O)C4CN(C(=O)/C=C/CN(C)C)C4)cc3)C2)CC1,6,1,8.481486060122112,8.522878745280337,3.3,3.0,IC50,ChEMBL,CHEMBL4435830,Menin,2019;2020;2021;2024,high_potency_<=100nM,True,True,0.7103822134423722,high
CCN(C(C)C)C(=O)C1=C(C=CC(=C1)F)OC2=C(N=CN=N2)N3CC4(C3)CCN(CC4)CC5CCC6(CC5)C[C@H](C(=O)C6)COC,1,1,8.481486060122112,8.481486060122112,3.3,3.3,IC50,PubChem,176456299.0,Histone-lysine N-methyltransferase 2A,,high_potency_<=100nM,True,True,0.5926550133458529,medium
COC(=O)N[C@H]1CCC[C@@H]1[C@@](CN1CCOCC1)(C1CCN(CC2CN(C2)c2ccc(cc2)S(=O)(=O)C2CC2)CC1)c1cccc(F)c1,1,1,8.468521082957745,8.468521082957745,3.4,3.4,IC50,BindingDB,50582740,Menin,,high_potency_<=100nM,True,True,0.8005913047428733,high
COC(=O)N[C@H]1CCC[C@@H]1[C@](CN1CCOCC1)(c1cccc(F)c1)C1CCN(CC2CN(c3ccc(S(=O)(=O)C4CC4)cc3)C2)CC1,1,1,8.468521082957745,8.468521082957745,3.4,3.4,IC50,ChEMBL,CHEMBL5088354,Menin,2021,high_potency_<=100nM,True,True,0.8090434714624819,high
COC(=O)N[C@H]1CCC[C@@H]1[C@@](CN1CCC(C)(O)CC1)(C1CCN(CC2CN(C2)c2ccc(cc2)S(=O)(=O)C2CC2)CC1)c1cccc(F)c1,1,1,8.455931955649724,8.455931955649724,3.5,3.5,IC50,BindingDB,50582739,Menin,,high_potency_<=100nM,True,True,0.7353334085916938,high
COC(=O)N[C@H]1CCC[C@@H]1[C@@](CN1CCC1)(C1CCN(CC2CN(C2)c2ccc(cc2)S(=O)(=O)C2CC2)CC1)c1cccc(F)c1,1,1,8.455931955649724,8.455931955649724,3.5,3.5,IC50,BindingDB,50582736,Menin,,high_potency_<=100nM,True,True,0.8318197483907956,high
COC(=O)N[C@H]1CCC[C@@H]1[C@](CN1CCC(C)(O)CC1)(c1cccc(F)c1)C1CCN(CC2CN(c3ccc(S(=O)(=O)C4CC4)cc3)C2)CC1,1,1,8.455931955649724,8.455931955649724,3.5,3.5,IC50,ChEMBL,CHEMBL5082413,Menin,2021,high_potency_<=100nM,True,True,0.7389364670387928,high
COC(=O)N[C@H]1CCC[C@@H]1[C@](CN1CCC1)(c1cccc(F)c1)C1CCN(CC2CN(c3ccc(S(=O)(=O)C4CC4)cc3)C2)CC1,1,1,8.455931955649724,8.455931955649724,3.5,3.5,IC50,ChEMBL,CHEMBL5075855,Menin,2021,high_potency_<=100nM,True,True,0.8385279973572763,high
CCN(C(C)C)C(=O)C1=C(C=CC(=C1)F)OC2=CN=CN=C2N3CC4(C3)CCN(CC4)CC5CCC6(CC5)C[C@H](C(=O)C6)COC,1,1,8.443697499232712,8.443697499232712,3.6,3.6,IC50,PubChem,176456296.0,Histone-lysine N-methyltransferase 2A,,high_potency_<=100nM,True,True,0.47817049577536636,medium
COC(=O)N[C@H]1CCC[C@@H]1[C@@](CN1CCC1)(C1CCN(CC2(O)CN(C2)c2ccc(cc2)S(=O)(=O)C2CC2)CC1)c1cccc(F)c1,1,1,8.443697499232712,8.443697499232712,3.6,3.6,IC50,BindingDB,50582743,Menin,,high_potency_<=100nM,True,True,0.7175066614346184,high
COC(=O)N[C@H]1CCC[C@@H]1[C@](CN1CCC1)(c1cccc(F)c1)C1CCN(CC2(O)CN(c3ccc(S(=O)(=O)C4CC4)cc3)C2)CC1,1,1,8.443697499232712,8.443697499232712,3.6,3.6,IC50,ChEMBL,CHEMBL5086858,Menin,2021,high_potency_<=100nM,True,True,0.7216732322722273,high
C=CC(=O)N1CCC[C@@H](S(=O)(=O)c2ccc(N3CC(CN4CCC([C@@](CN5CCC5)(c5cccc(F)c5)[C@H]5CCC[C@@H]5NC(=O)OC)CC4)(OC)C3)cc2)C1,1,1,8.431798275933005,8.431798275933005,3.7,3.7,IC50,ChEMBL,CHEMBL5083305,Menin,2021,high_potency_<=100nM,True,True,0.5083701561184585,medium
COC(=O)N[C@H]1CCC[C@@H]1[C@@](CN1CCC1)(C1CCN(CC2(CN(C2)c2ccc(cc2)S(=O)(=O)[C@@H]2CCCN(C2)C(=O)C=C)OC)CC1)c1cccc(F)c1,1,1,8.431798275933005,8.431798275933005,3.7,3.7,IC50,BindingDB,50582750,Menin,,high_potency_<=100nM,True,True,0.799419562410798,high
C=CC(=O)N1CCC(S(=O)(=O)c2ccc(N3CC(CN4CCC([C@@](CN5CCC5)(c5cccc(F)c5)[C@H]5CCC[C@@H]5NC(=O)OC)CC4)(OC)C3)cc2)CC1,1,1,8.42021640338319,8.42021640338319,3.8,3.8,IC50,ChEMBL,CHEMBL5081374,Menin,2021,high_potency_<=100nM,True,True,0.5246717943526988,medium
COC(=O)N[C@H]1CCC[C@@H]1[C@@](CN1CCC1)(C1CCN(CC2(CN(C2)c2ccc(cc2)S(=O)(=O)C2CCN(CC2)C(=O)C=C)OC)CC1)c1cccc(F)c1,1,1,8.42021640338319,8.42021640338319,3.8,3.8,IC50,BindingDB,50582748,Menin,,high_potency_<=100nM,True,True,0.8098589565496492,high
CN(C)C/C=C/C(=O)N1CC(C1)S(=O)(=O)C2=CC=C(C=C2)N3CC(C3)CN4CCC(CC4)[C@](C#N)([C@H]5CCC[C@@H]5NC(=O)OC)C6=CC(=CC=C6)F,5,1,8.397940008672037,8.522878745280337,4.0,3.0,IC50,PubChem,134961227.0,,,high_potency_<=100nM,True,True,0.6664567642266205,medium
C#CC(=O)N[C@H]1CCC[C@@H]1[C@](C#N)(c1cccc(F)c1)C1CCN(CC2CN(c3ccc(C#N)cc3)C2)CC1,1,1,8.397940008672037,8.397940008672037,4.0,4.0,IC50,ChEMBL,CHEMBL5763525,Menin,2021,high_potency_<=100nM,True,True,0.8558946334208701,high
C/C=C/C(=O)Nc1cccc(S(=O)(=O)c2ccc(N3CC(CN4CCC([C@@](C#N)(c5cccc(F)c5)[C@H]5CCC[C@@H]5NC(=O)OC)CC4)C3)cc2)c1,1,1,8.397940008672037,8.397940008672037,4.0,4.0,IC50,ChEMBL,CHEMBL5770979,Menin,2021,high_potency_<=100nM,True,True,0.5159458432478397,medium
C=CC(=O)Nc1ccc(S(=O)(=O)c2ccc(N3CC(CN4CCC([C@@](C#N)(c5cccc(F)c5)[C@H]5CCC[C@@H]5NC(=O)OC)CC4)C3)cc2)cc1,1,1,8.397940008672037,8.397940008672037,4.0,4.0,IC50,ChEMBL,CHEMBL5831219,Menin,2021,high_potency_<=100nM,True,True,0.5504496577288565,medium
CC(=O)N[C@H]1CCC[C@@H]1C1(C2CCN(CC3CN(c4ccc(S(=O)(=O)c5cnn(C)c5)cc4)C3)CC2)CNCc2ccccc21,1,1,8.397940008672037,8.397940008672037,4.0,4.0,IC50,ChEMBL,CHEMBL5938942,Menin,2021,high_potency_<=100nM,True,True,0.5848470962765835,medium
CC(=O)N[C@H]1CCC[C@@H]1C1(CNCc2ccccc12)C1CCN(CC2CN(C2)c2ccc(cc2)S(=O)(=O)c2cnn(C)c2)CC1,1,1,8.397940008672037,8.397940008672037,4.0,4.0,IC50,BindingDB,480225,Menin,,high_potency_<=100nM,True,True,0.7183334124072464,high
CCN1Cc2ccccc2C(C1)([C@H]1CCC[C@@H]1NC(=O)NC)C1CCN(CC2CN(C2)c2ccc(cc2)S(=O)(=O)C2CC2)CC1,1,1,8.397940008672037,8.397940008672037,4.0,4.0,IC50,BindingDB,480228,Menin,,high_potency_<=100nM,True,True,0.718434251172721,high
CCN1Cc2ccccc2C(C2CCN(CC3CN(c4ccc(S(=O)(=O)C5CC5)cc4)C3)CC2)([C@H]2CCC[C@@H]2NC(=O)NC)C1,1,1,8.397940008672037,8.397940008672037,4.0,4.0,IC50,ChEMBL,CHEMBL5975630,Menin,2021,high_potency_<=100nM,True,True,0.6843003096471267,medium
CNC(=O)N[C@H]1CCC[C@@H]1C(CN)(C1CCN(CC2CN(C2)c2ccc(cc2)S(=O)(=O)c2ccccc2)CC1)c1ccccc1,1,1,8.397940008672037,8.397940008672037,4.0,4.0,IC50,BindingDB,480260,Menin,,high_potency_<=100nM,True,True,0.8157512681657164,high
CNC(=O)N[C@H]1CCC[C@@H]1C(CN)(c1ccccc1)C1CCN(CC2CN(c3ccc(S(=O)(=O)c4ccccc4)cc3)C2)CC1,1,1,8.397940008672037,8.397940008672037,4.0,4.0,IC50,ChEMBL,CHEMBL5822575,Menin,2021,high_potency_<=100nM,True,True,0.8507611963443383,high
CNC(=O)O[C@H]1CCC[C@@H]1C(C#N)(C1CCN(CC2CN(C2)c2ccc(cc2)S(=O)(=O)c2nn(C)cc2Br)CC1)c1ccccc1,1,1,8.397940008672037,8.397940008672037,4.0,4.0,IC50,BindingDB,480167,Menin,,high_potency_<=100nM,True,True,0.9430005181947759,high
CNC(=O)O[C@H]1CCC[C@@H]1C(C#N)(c1ccccc1)C1CCN(CC2CN(c3ccc(S(=O)(=O)c4nn(C)cc4Br)cc3)C2)CC1,1,1,8.397940008672037,8.397940008672037,4.0,4.0,IC50,ChEMBL,CHEMBL5829566,Menin,2021,high_potency_<=100nM,True,True,0.9493436517057114,high
CNC(=O)O[C@H]1CCC[C@@H]1C(Cn1ccnc1)(C1CCN(CC2CN(C2)c2ccc(cc2)C(F)(F)F)CC1)c1ccccc1,1,1,8.397940008672037,8.397940008672037,4.0,4.0,IC50,BindingDB,480356,Menin,,high_potency_<=100nM,True,True,0.8756397467249545,high
CNC(=O)O[C@H]1CCC[C@@H]1C(Cn1ccnc1)(C1CCN(CC2CN(C2)c2ccc(cc2)S(=O)(=O)C2COC2)CC1)c1ccccc1,1,1,8.397940008672037,8.397940008672037,4.0,4.0,IC50,BindingDB,480347,Menin,,high_potency_<=100nM,True,True,0.6564663670804025,medium
CNC(=O)O[C@H]1CCC[C@@H]1C(Cn1ccnc1)(c1ccccc1)C1CCN(CC2CN(c3ccc(C(F)(F)F)cc3)C2)CC1,1,1,8.397940008672037,8.397940008672037,4.0,4.0,IC50,ChEMBL,CHEMBL5743156,Menin,2021,high_potency_<=100nM,True,True,0.8623719972986187,high
CNC(=O)O[C@H]1CCC[C@@H]1C(Cn1ccnc1)(c1ccccc1)C1CCN(CC2CN(c3ccc(S(=O)(=O)C4COC4)cc3)C2)CC1,1,1,8.397940008672037,8.397940008672037,4.0,4.0,IC50,ChEMBL,CHEMBL5985246,Menin,2021,high_potency_<=100nM,True,True,0.7130899201387906,high
CNC(=O)O[C@H]1CCC[C@@H]1C1(C2CCN(CC3CN(c4ccc(S(=O)(=O)c5ccncc5)cc4)C3)CC2)CN(C)Cc2ccccc21,1,1,8.397940008672037,8.397940008672037,4.0,4.0,IC50,ChEMBL,CHEMBL5798441,Menin,2021,high_potency_<=100nM,True,True,0.6203842092780582,medium
CNC(=O)O[C@H]1CCC[C@@H]1C1(CN(C)Cc2ccccc12)C1CCN(CC2CN(C2)c2ccc(cc2)S(=O)(=O)c2ccncc2)CC1,1,1,8.397940008672037,8.397940008672037,4.0,4.0,IC50,BindingDB,480150,Menin,,high_potency_<=100nM,True,True,0.7385298869857178,high
COC(=O)N[C@H]1CCC[C@@H]1[C@@](C#N)(C1CCN(CC2CN(C2)c2ccc(cc2)S(=O)(=O)C2CN(C2)C(=O)\C=C\CN2CCCCC2)CC1)c1cccc(F)c1,1,1,8.397940008672037,8.397940008672037,4.0,4.0,IC50,BindingDB,506362,Menin,,high_potency_<=100nM,True,True,0.8325682743497099,high
COC(=O)N[C@H]1CCC[C@@H]1[C@@](C#N)(C1CCN(CC2CN(C2)c2ccc(cc2)S(=O)(=O)C2CN(C2)C(=O)\C=C\CN2CCOCC2)CC1)c1cccc(F)c1,1,1,8.397940008672037,8.397940008672037,4.0,4.0,IC50,BindingDB,506350,Menin,,high_potency_<=100nM,True,True,0.7730958181209435,high
COC(=O)N[C@H]1CCC[C@@H]1[C@@](C#N)(C1CCN(CC2CN(C2)c2ccc(cc2)S(=O)(=O)c2ccc(NC(=O)C=C)cc2)CC1)c1cccc(F)c1,1,1,8.397940008672037,8.397940008672037,4.0,4.0,IC50,BindingDB,506352,Menin,,high_potency_<=100nM,True,True,0.8305630184960617,high
COC(=O)N[C@H]1CCC[C@@H]1[C@@](C#N)(C1CCN(CC2CN(C2)c2ccc(cc2)S(=O)(=O)c2cccc(NC(=O)\C=C\C)c2)CC1)c1cccc(F)c1,1,1,8.397940008672037,8.397940008672037,4.0,4.0,IC50,BindingDB,506353,Menin,,high_potency_<=100nM,True,True,0.8410293208910548,high
COC(=O)N[C@H]1CCC[C@@H]1[C@@](CN)(C1CCN(CC2CN(C2)c2ccc(cc2)S(=O)(=O)C2CC2)CC1)c1cccc(F)c1,1,1,8.397940008672037,8.397940008672037,4.0,4.0,IC50,BindingDB,50582741,Menin,,high_potency_<=100nM,True,True,0.7538782503953387,high
COC(=O)N[C@H]1CCC[C@@H]1[C@@](CN1CCC1)(C1CCN(CC2CN(C2)c2ccc(cc2)S(=O)(=O)C2CN(C2)C(=O)\C=C\CN2CCC(F)CC2)CC1)c1cccc(F)c1,1,1,8.397940008672037,8.397940008672037,4.0,4.0,IC50,BindingDB,50511909,Menin,,high_potency_<=100nM,True,True,0.8744042058267015,high
COC(=O)N[C@H]1CCC[C@@H]1[C@](C#N)(c1cccc(F)c1)C1CCN(CC2CN(c3ccc(S(=O)(=O)C4CN(C(=O)/C=C/CN5CCCCC5)C4)cc3)C2)CC1,1,1,8.397940008672037,8.397940008672037,4.0,4.0,IC50,ChEMBL,CHEMBL6004475,Menin,2021,high_potency_<=100nM,True,True,0.7502311249421572,high
COC(=O)N[C@H]1CCC[C@@H]1[C@](C#N)(c1cccc(F)c1)C1CCN(CC2CN(c3ccc(S(=O)(=O)C4CN(C(=O)/C=C/CN5CCOCC5)C4)cc3)C2)CC1,1,1,8.397940008672037,8.397940008672037,4.0,4.0,IC50,ChEMBL,CHEMBL5796888,Menin,2021,high_potency_<=100nM,True,True,0.673474898240067,medium
COC(=O)N[C@H]1CCC[C@@H]1[C@](CN)(c1cccc(F)c1)C1CCN(CC2CN(c3ccc(S(=O)(=O)C4CC4)cc3)C2)CC1,1,1,8.397940008672037,8.397940008672037,4.0,4.0,IC50,ChEMBL,CHEMBL5087485,Menin,2021,high_potency_<=100nM,True,True,0.7628583077191606,high
COC(=O)N[C@H]1CCC[C@@H]1[C@](CN1CCC1)(c1cccc(F)c1)C1CCN(CC2CN(c3ccc(S(=O)(=O)C4CN(C(=O)/C=C/CN5CCC(F)CC5)C4)cc3)C2)CC1,1,1,8.397940008672037,8.397940008672037,4.0,4.0,IC50,ChEMBL,CHEMBL4527504,Menin,2020,high_potency_<=100nM,True,True,0.8126907794531779,high
Fc1cccc(c1)[C@@](C#N)([C@H]1CCC[C@@H]1NC(=O)C#C)C1CCN(CC2CN(C2)c2ccc(cc2)C#N)CC1,1,1,8.397940008672037,8.397940008672037,4.0,4.0,IC50,BindingDB,506373,Menin,,high_potency_<=100nM,True,True,0.8613326423563141,high
NS(=O)(=O)Cc1ccc(CN2CCC3(CCN(C3)c3ncnc4sc(CC(F)(F)F)cc34)C2)cc1,1,1,8.397940008672037,8.397940008672037,4.0,4.0,IC50,BindingDB,50321317,Menin,,high_potency_<=100nM,True,True,0.9139761345174302,high
NS(=O)(=O)Cc1ccc(CN2CCC3(CCN(c4ncnc5sc(CC(F)(F)F)cc45)C3)C2)cc1,1,1,8.397940008672037,8.397940008672037,4.0,4.0,IC50,ChEMBL,CHEMBL4164572,Menin,2018,high_potency_<=100nM,True,True,0.8979114479023841,high
CC(C)N(C(=O)c1cc(F)ccc1Oc1cncnc1N1CC2(CN(C(=O)[C@H]3N[C@H]4CC[C@@H]3C[C@H]4CC3CC3)C2)C1)C(C)C,1,1,8.387216143280265,8.387216143280265,4.1,4.1,IC50,ChEMBL,CHEMBL6017372,Menin,2020,high_potency_<=100nM,True,True,0.34138761473398527,medium
CC(C)N(C(C)C)C(=O)c1cc(F)ccc1Oc1cncnc1N1CC2(CN(C2)C(=O)[C@H]2N[C@H]3CC[C@@H]2C[C@H]3CC2CC2)C1,1,1,8.387216143280265,8.387216143280265,4.1,4.1,IC50,BindingDB,470580,Histone-lysine N-methyltransferase 2A/Menin,,high_potency_<=100nM,True,True,0.6263236888464793,medium
CCC(=O)N1C[C@@H]2C[C@H]1CN2S(=O)(=O)c1ccc(N2CC(CN3CCC([C@@](CN4CCC4)(c4cccc(F)c4)[C@H]4CCC[C@@H]4NC(=O)OC)CC3)(OC)C2)cc1,1,1,8.3767507096021,8.3767507096021,4.2,4.2,IC50,ChEMBL,CHEMBL5081163,Menin,2021,high_potency_<=100nM,True,True,0.6115136345160817,medium
CCC(=O)N1C[C@@H]2C[C@H]1CN2S(=O)(=O)c1ccc(cc1)N1CC(CN2CCC(CC2)[C@](CN2CCC2)([C@H]2CCC[C@@H]2NC(=O)OC)c2cccc(F)c2)(C1)OC,1,1,8.3767507096021,8.3767507096021,4.2,4.2,IC50,BindingDB,50582753,Menin,,high_potency_<=100nM,True,True,0.7280124936375346,high
COC(=O)N[C@H]1CCC[C@@H]1[C@@](CN2CCC2)(C3CCN(CC3)CC4CN(C4)C5=CC=C(C=C5)S(=O)(=O)C6CN(C6)C(=O)/C=C/CN7CCCC7)C8=CC(=CC=C8)F,4,1,8.372363747448347,8.698970004336019,5.5,2.0,IC50,PubChem,155524327.0,,,high_potency_<=100nM,True,True,0.856484326127382,high
CC(C)N(C(C)C)C(=O)C1=C(C=CC(=C1)F)OC2=CN=CN=C2N3CC4(C3)CCN(CC4)CC5CCC6(CC5)C[C@H](C(=O)C6)COC,1,1,8.356547323513812,8.356547323513812,4.4,4.4,IC50,PubChem,176456297.0,Histone-lysine N-methyltransferase 2A,,high_potency_<=100nM,True,True,0.4726803164781954,medium
CC(C)N(C(C)C)C(=O)C1=C(C=CC(=C1)F)OC2=CN=CN=C2N3CC4(C3)CCN(CC4)CC5CCC6(CC5)CC(=O)C(C6)(COC)COC,2,1,8.341072755334265,8.481486060122112,4.8,3.3,IC50,PubChem,176456286.0,Histone-lysine N-methyltransferase 2A,,high_potency_<=100nM,True,True,0.5895263494854889,medium
C=CC(=O)N1C[C@H]2C[C@@H]1CN2S(=O)(=O)c1ccc(N2CC(CN3CCC([C@@](CN4CCC4)(c4cccc(F)c4)[C@H]4CCC[C@@H]4NC(=O)OC)CC3)(OC)C2)cc1,1,1,8.337242168318426,8.337242168318426,4.6,4.6,IC50,ChEMBL,CHEMBL5085064,Menin,2021,high_potency_<=100nM,True,True,0.6112810057716654,medium
COC(=O)N[C@H]1CCC[C@@H]1[C@@](CN1CCC1)(C1CCN(CC2(CN(C2)c2ccc(cc2)S(=O)(=O)N2C[C@H]3C[C@@H]2CN3C(=O)C=C)OC)CC1)c1cccc(F)c1,1,1,8.337242168318426,8.337242168318426,4.6,4.6,IC50,BindingDB,50582752,Menin,,high_potency_<=100nM,True,True,0.7494938454662905,high
C[C@@H](C(=O)N[C@@H](CCCNC(=N)N)C(=O)N[C@@H](CC1=CNC2=CC=CC=C21)C(=O)N[C@H]3CCCC[C@H](NC(=O)C4(CCC4)NC(=O)[C@@H]5CCCN5C(=O)[C@@H](NC3=O)CC6=CC(=CC=C6)F)C(=O)N7CCC[C@H]7C(=O)N[C@@H](CCCN)C(=O)N[C@@H](CCCNC(=N)N)C(=O)N[C@@H](CCCNC(=N)N)C(=O)N[C@@H](CCCNC(=N)N)C(=O)N)NC(=O)C,1,1,8.337242168318426,8.337242168318426,4.6,4.6,IC50,PubChem,162643023.0,,,high_potency_<=100nM,True,True,0.7583157662436475,high
CN1Cc2ccccc2C(C1)(C1CCCC1)C1CCN(CC2CN(C2)c2ccc(cc2)S(=O)(=O)c2ccncc2)CC1,2,1,8.328788659588897,8.698970004336019,6.5,2.0,IC50;Ki,BindingDB,50516568,Menin,,high_potency_<=100nM,True,True,0.7802755117591366,high
CN1Cc2ccccc2C(C2CCCC2)(C2CCN(CC3CN(c4ccc(S(=O)(=O)c5ccncc5)cc4)C3)CC2)C1,2,1,8.328788659588897,8.698970004336019,6.5,2.0,IC50;Ki,ChEMBL,CHEMBL4516680,Menin,2019,high_potency_<=100nM,True,True,0.7576549354145009,high
CN(C)C/C=C/C(=O)N1CC(C1)S(=O)(=O)C2=CC=C(C=C2)N3CC(C3)CN4CCC(CC4)[C@](CN5CCC5)([C@H]6CCC[C@@H]6NC(=O)OC)C7=CC(=CC=C7)F,4,1,8.309894379144197,8.522878745280337,5.5,3.0,IC50,PubChem,155531817.0,,,high_potency_<=100nM,True,True,0.6544099433742009,medium
C/C=C/C(=O)N1CC(S(=O)(=O)c2ccc(N3CC(CN4CCC([C@@](C#N)(c5cccc(F)c5)[C@H]5CCC[C@@H]5NC(=O)OC)CC4)C3)cc2)C1,1,1,8.301029995663981,8.301029995663981,5.0,5.0,IC50,ChEMBL,CHEMBL5958578,Menin,2021,high_potency_<=100nM,True,True,0.37778448800433606,medium
C=CC(=O)N1CC(S(=O)(=O)c2ccc(N3CC(CN4CCC([C@@](C#N)(c5cccc(F)c5)[C@H]5CCC[C@@H]5OC(=O)NC)CC4)C3)cc2)C1,1,1,8.301029995663981,8.301029995663981,5.0,5.0,IC50,ChEMBL,CHEMBL5933901,Menin,2021,high_potency_<=100nM,True,True,0.45307788162229207,medium
CC(=O)N[C@H]1CCC[C@@H]1C1(C2CCN(CC3CN(c4ccc(S(=O)(=O)c5ccncc5)cc4)C3)CC2)CN(C)Cc2ccccc21,1,1,8.301029995663981,8.301029995663981,5.0,5.0,IC50,ChEMBL,CHEMBL5960556,Menin,2021,high_potency_<=100nM,True,True,0.7051139071679143,high
CCN(C(C)C)C(=O)C1=C(C=CC(=C1)F)OC2=CN=CN=C2N3CC4(C3)CCN(CC4)CC5CCC6(CC5)CC(=O)C(C6)(COC)COC,1,1,8.301029995663981,8.301029995663981,5.0,5.0,IC50,PubChem,176456285.0,Histone-lysine N-methyltransferase 2A,,high_potency_<=100nM,True,True,0.6014106806340125,medium
CN1Cc2ccccc2C(C1)([C@H]1CCC[C@@H]1NC(C)=O)C1CCN(CC2CN(C2)c2ccc(cc2)S(=O)(=O)c2ccncc2)CC1,1,1,8.301029995663981,8.301029995663981,5.0,5.0,IC50,BindingDB,480210,Menin,,high_potency_<=100nM,True,True,0.7007423077705113,high
CNC(=O)O[C@H]1CCC[C@@H]1C(Cn1ccnc1)(C1CCN(CC2CN(C2)c2ccc(Cl)cc2)CC1)c1ccccc1,1,1,8.301029995663981,8.301029995663981,5.0,5.0,IC50,BindingDB,480342,Menin,,high_potency_<=100nM,True,True,0.8617299360310418,high
CNC(=O)O[C@H]1CCC[C@@H]1C(Cn1ccnc1)(C1CCN(CC2CN(C2)c2ccc(cc2)C#N)CC1)c1cccc(F)c1,1,1,8.301029995663981,8.301029995663981,5.0,5.0,IC50,BindingDB,480326,Menin,,high_potency_<=100nM,True,True,0.840632532419618,high
CNC(=O)O[C@H]1CCC[C@@H]1C(Cn1ccnc1)(c1cccc(F)c1)C1CCN(CC2CN(c3ccc(C#N)cc3)C2)CC1,1,1,8.301029995663981,8.301029995663981,5.0,5.0,IC50,ChEMBL,CHEMBL6020537,Menin,2021,high_potency_<=100nM,True,True,0.8038918221033514,high
CNC(=O)O[C@H]1CCC[C@@H]1C(Cn1ccnc1)(c1ccccc1)C1CCN(CC2CN(c3ccc(Cl)cc3)C2)CC1,1,1,8.301029995663981,8.301029995663981,5.0,5.0,IC50,ChEMBL,CHEMBL5948342,Menin,2021,high_potency_<=100nM,True,True,0.8601540326746914,high
CNC(=O)O[C@H]1CCC[C@@H]1[C@@](C#N)(C1CCN(CC2CN(C2)c2ccc(cc2)S(=O)(=O)C2CN(C2)C(=O)C=C)CC1)c1cccc(F)c1,1,1,8.301029995663981,8.301029995663981,5.0,5.0,IC50,BindingDB,506331,Menin,,high_potency_<=100nM,True,True,0.69712172836132,medium
COC(=O)N[C@H]1CCC[C@@H]1[C@@](C#N)(C1CCN(CC2CN(C2)c2ccc(cc2)S(=O)(=O)C2CN(C2)C(=O)\C=C\C)CC1)c1cccc(F)c1,1,1,8.301029995663981,8.301029995663981,5.0,5.0,IC50,BindingDB,506347,Menin,,high_potency_<=100nM,True,True,0.7964708827642747,high
COC(=O)N[C@H]1CCC[C@@H]1[C@@](C#N)(C1CCN(CC2CN(C2)c2ccc(cc2)S(=O)(=O)c2cccc(NC(=O)\C=C\CN3CCOCC3)c2)CC1)c1cccc(F)c1,1,1,8.301029995663981,8.301029995663981,5.0,5.0,IC50,BindingDB,506349,Menin,,high_potency_<=100nM,True,True,0.7715030404858881,high
COC(=O)N[C@H]1CCC[C@@H]1[C@@](CN(C)C)(C1CCN(CC2CN(C2)c2ccc(cc2)S(=O)(=O)C2CN(C2)C(=O)\C=C\CN(C)C)CC1)c1cccc(F)c1,1,1,8.301029995663981,8.301029995663981,5.0,5.0,IC50,BindingDB,50511907,Menin,,high_potency_<=100nM,True,True,0.8314193309134728,high
COC(=O)N[C@H]1CCC[C@@H]1[C@](C#N)(c1cccc(F)c1)C1CCN(CC2CN(c3ccc(S(=O)(=O)c4cccc(NC(=O)/C=C/CN5CCOCC5)c4)cc3)C2)CC1,1,1,8.301029995663981,8.301029995663981,5.0,5.0,IC50,ChEMBL,CHEMBL5749051,Menin,2021,high_potency_<=100nM,True,True,0.7981211854120979,high
COC(=O)N[C@H]1CCC[C@@H]1[C@](CN(C)C)(c1cccc(F)c1)C1CCN(CC2CN(c3ccc(S(=O)(=O)C4CN(C(=O)/C=C/CN(C)C)C4)cc3)C2)CC1,1,1,8.301029995663981,8.301029995663981,5.0,5.0,IC50,ChEMBL,CHEMBL4454560,Menin,2020,high_potency_<=100nM,True,True,0.7488829390914202,high
Fc1cccc(c1)[C@@](C#N)([C@H]1CCC[C@@H]1NC(=O)CCl)C1CCN(CC2CN(C2)c2ccc(cc2)S(=O)(=O)C2CC2)CC1,1,1,8.301029995663981,8.301029995663981,5.0,5.0,IC50,BindingDB,506367,Menin,,high_potency_<=100nM,True,True,0.7585544402367418,high
N#C[C@@](c1cccc(F)c1)(C1CCN(CC2CN(c3ccc(S(=O)(=O)C4CC4)cc3)C2)CC1)[C@H]1CCC[C@@H]1NC(=O)CCl,1,1,8.301029995663981,8.301029995663981,5.0,5.0,IC50,ChEMBL,CHEMBL5928416,Menin,2021,high_potency_<=100nM,True,True,0.7783184948498194,high
CN(C)C/C=C/C(=O)N1CC(C1)S(=O)(=O)C2=CC=C(C=C2)N3CC(C3)CN4CCC(CC4)[C@](CN5C=CN=N5)([C@H]6CCC[C@@H]6NC(=O)OC)C7=CC(=CC=C7)F,4,1,8.27642098432889,8.698970004336019,8.0,2.0,IC50,PubChem,153315449.0,,,high_potency_<=100nM,True,True,0.6288175392019064,medium
CC(C)N(C(=O)c1cc(F)ccc1Oc1cncnc1N1CC2(CCN(C(=O)[C@H]3N[C@H]4CC[C@@H]3C[C@@H]4CC3CC3)CC2)C1)C(C)C,1,1,8.275724130399212,8.275724130399212,5.3,5.3,IC50,ChEMBL,CHEMBL6067935,Menin,2020,high_potency_<=100nM,True,True,0.493830338473029,medium
CC(C)N(C(C)C)C(=O)c1cc(F)ccc1Oc1cncnc1N1CC2(C1)CCN(CC2)C(=O)[C@H]1N[C@H]2CC[C@@H]1C[C@@H]2CC1CC1,1,1,8.275724130399212,8.275724130399212,5.3,5.3,IC50,BindingDB,558847,Histone-lysine N-methyltransferase 2A/Menin,,high_potency_<=100nM,True,True,0.4517596042728428,medium
CCN(C(C)C)C(=O)C1=C(C=CC(=C1)F)OC2=C(N=CN=N2)N3CC4(C3)CCN(CC4)CC5CCC6(CC5)C[C@@H](C(=O)C6)C(C)(C)O,1,1,8.267606240177031,8.267606240177031,5.4,5.4,IC50,PubChem,176456327.0,Histone-lysine N-methyltransferase 2A,,high_potency_<=100nM,True,True,0.6459972395514156,medium
CNC(=O)O[C@H]1CCC[C@@H]1[C@@](C#N)(C1CCN(CC2CN(C2)c2ccc(cc2)C#N)CC1)c1ccccc1,2,1,8.263621775341393,8.568636235841012,6.85,2.7,IC50;Ki,BindingDB,50516581,Menin,,high_potency_<=100nM,True,True,0.7668937093053542,high
CNC(=O)O[C@H]1CCC[C@@H]1[C@](C#N)(c1ccccc1)C1CCN(CC2CN(c3ccc(C#N)cc3)C2)CC1,2,1,8.263621775341393,8.568636235841012,6.85,2.7,IC50;Ki,ChEMBL,CHEMBL4458829,Menin,2019,high_potency_<=100nM,True,True,0.7892407419150841,high
C[C@@H](O)[C@H](NC(=O)CNC(=O)[C@@H]1CCCN1C(=O)[C@H](CCCNC(N)=N)NC(=O)[C@H](C)NC(=O)[C@@H]1CCCN1C(=O)[C@H](Cc1ccccc1)NC(=O)[C@H](CCCNC(N)=N)NC(=O)[C@H](Cc1c[nH]c2ccccc12)NC(=O)[C@H](CCCNC(N)=N)NC(C)=O)C(=O)NCC(=O)N[C@@H](CCCNC(N)=N)C(=O)N[C@@H](CCCNC(N)=N)C(N)=O,2,1,8.248104658471409,8.537602002101044,6.95,2.9,IC50;Ki,BindingDB,50489239,Menin,,high_potency_<=100nM,True,True,0.21628956227296192,low
CC(=O)N[C@@H](CCCNC(=N)N)C(=O)N[C@@H](Cc1c[nH]c2ccccc12)C(=O)N[C@@H](CCCNC(=N)N)C(=O)N[C@@H](Cc1ccccc1)C(=O)N1CCC[C@H]1C(=O)N[C@@H](C)C(=O)N[C@@H](CCCNC(=N)N)C(=O)N1CCC[C@H]1C(=O)NCC(=O)N[C@H](C(=O)NCC(=O)N[C@@H](CCCNC(=N)N)C(=O)N[C@@H](CCCNC(=N)N)C(N)=O)[C@@H](C)O,2,1,8.240348575382285,8.537602002101044,7.15,2.9,IC50;Ki,ChEMBL,CHEMBL2314823,Menin,2013,high_potency_<=100nM,True,True,0.3835811071826293,medium
CCN(C(C)C)C(=O)C1=C(C=CC(=C1)F)OC2=C(N=CN=N2)N3CC4(C3)CCN(CC4)CC5CCC6(CC5)C[C@H](C(=O)C6)C(C)(C)O,1,1,8.229147988357855,8.229147988357855,5.9,5.9,IC50,PubChem,176456328.0,Histone-lysine N-methyltransferase 2A,,high_potency_<=100nM,True,True,0.6217733529155988,medium
CCN1CC2=CC=CC=C2C(C1)(C3CCCC3)C4CCN(CC4)CC5CN(C5)C6=CC=C(C=C6)S(=O)(=O)C7=CC=NC=C7,3,1,8.221848749616356,9.0,6.0,1.0,IC50;Ki,PubChem,132090541.0,,,high_potency_<=100nM,True,True,0.9015939544759769,high
CCN1Cc2ccccc2C(C1)(C1CCCC1)C1CCN(CC2CN(C2)c2ccc(cc2)S(=O)(=O)c2ccncc2)CC1,3,1,8.221848749616356,9.0,6.0,1.0,IC50;Ki,BindingDB,50516569,Menin,,high_potency_<=100nM,True,True,0.8202391000861641,high
CCN1Cc2ccccc2C(C2CCCC2)(C2CCN(CC3CN(c4ccc(S(=O)(=O)c5ccncc5)cc4)C3)CC2)C1,3,1,8.221848749616356,9.0,6.0,1.0,IC50;Ki,ChEMBL,CHEMBL4585198,Menin,2019;2021,high_potency_<=100nM,True,True,0.8032206948795321,high
CC(C)N(C(C)C)C(=O)C1=C(C=CC(=C1)F)OC2=C(N=CN=N2)N3CC4(C3)CCN(CC4)CC5CCC6(CC5)CC(C(=O)N6)(COC)COC,1,1,8.221848749616356,8.221848749616356,6.0,6.0,IC50,PubChem,169978574.0,Histone-lysine N-methyltransferase 2A,,high_potency_<=100nM,True,True,0.5728349721760062,medium
CCN1Cc2ccccc2C(C1)(C1CCCC1)C1CCN(CC2CN(C2)c2ccc(cc2)S(=O)(=O)c2ccnc(C)c2)CC1,1,1,8.221848749616356,8.221848749616356,6.0,6.0,IC50,BindingDB,480099,Menin,,high_potency_<=100nM,True,True,0.8455982314594975,high
CCN1Cc2ccccc2C(C2CCCC2)(C2CCN(CC3CN(c4ccc(S(=O)(=O)c5ccnc(C)c5)cc4)C3)CC2)C1,1,1,8.221848749616356,8.221848749616356,6.0,6.0,IC50,ChEMBL,CHEMBL5790028,Menin,2021,high_potency_<=100nM,True,True,0.8167170259807681,high
CN(C)C(=O)N[C@H]1CCC[C@@H]1C(Cn1ccnc1)(C1CCN(CC2CN(C2)c2ccc(cc2)S(=O)(=O)c2cnn(C)c2)CC1)c1ccccc1,1,1,8.221848749616356,8.221848749616356,6.0,6.0,IC50,BindingDB,480314,Menin,,high_potency_<=100nM,True,True,0.8246721523602316,high
CN(C)C(=O)N[C@H]1CCC[C@@H]1C(Cn1ccnc1)(c1ccccc1)C1CCN(CC2CN(c3ccc(S(=O)(=O)c4cnn(C)c4)cc3)C2)CC1,1,1,8.221848749616356,8.221848749616356,6.0,6.0,IC50,ChEMBL,CHEMBL6034357,Menin,2021,high_potency_<=100nM,True,True,0.8215915299450415,high
CNC(=O)O[C@H]1CCC[C@@H]1C(C#N)(C1CCN(CC2CN(C2)c2ccc(cc2)S(=O)(=O)c2ccncc2)CC1)c1ccccc1,1,1,8.221848749616356,8.221848749616356,6.0,6.0,IC50,BindingDB,480155,Menin,,high_potency_<=100nM,True,True,0.745681240977442,high
CNC(=O)O[C@H]1CCC[C@@H]1C(C#N)(c1ccccc1)C1CCN(CC2CN(c3ccc(S(=O)(=O)c4ccncc4)cc3)C2)CC1,1,1,8.221848749616356,8.221848749616356,6.0,6.0,IC50,ChEMBL,CHEMBL5783513,Menin,2021,high_potency_<=100nM,True,True,0.7647458793590594,high
CNC(=O)O[C@H]1CCC[C@@H]1C(Cn1ccnc1C)(C1CCN(CC2CN(C2)c2ccc(Cl)cc2)CC1)c1cccc(F)c1,1,1,8.221848749616356,8.221848749616356,6.0,6.0,IC50,BindingDB,480348,Menin,,high_potency_<=100nM,True,True,0.8982803096079423,high
CNC(=O)O[C@H]1CCC[C@@H]1C(Cn1ccnc1C)(c1cccc(F)c1)C1CCN(CC2CN(c3ccc(Cl)cc3)C2)CC1,1,1,8.221848749616356,8.221848749616356,6.0,6.0,IC50,ChEMBL,CHEMBL5893927,Menin,2021,high_potency_<=100nM,True,True,0.8777584805140297,high
CNC(=O)O[C@H]1CCC[C@@H]1[C@@](C#N)(C1CCN(CC2CN(C2)c2ccc(cc2)S(=O)(=O)c2ccncc2)CC1)c1ccccc1,1,1,8.221848749616356,8.221848749616356,6.0,6.0,IC50,BindingDB,480291,Menin,,high_potency_<=100nM,True,True,0.6640914086752027,medium
CNC(=O)O[C@H]1CCC[C@@H]1[C@](C#N)(c1ccccc1)C1CCN(CC2CN(c3ccc(S(=O)(=O)c4ccncc4)cc3)C2)CC1,1,1,8.221848749616356,8.221848749616356,6.0,6.0,IC50,ChEMBL,CHEMBL5767175,Menin,2021,high_potency_<=100nM,True,True,0.7166631460639232,high
COC(=O)N[C@H]1CCC[C@@H]1[C@@](C#N)(C1C[C@H](C)N(CC2CN(C2)c2ccc(cc2)S(=O)(=O)C2CN(C2)C(=O)\C=C\CN(C)C)[C@H](C)C1)c1cccc(F)c1,1,1,8.221848749616356,8.221848749616356,6.0,6.0,IC50,BindingDB,506366,Menin,,high_potency_<=100nM,True,True,0.6790270576864724,medium
COC(=O)N[C@H]1CCC[C@@H]1[C@](C#N)(c1cccc(F)c1)C1C[C@@H](C)N(CC2CN(c3ccc(S(=O)(=O)C4CN(C(=O)/C=C/CN(C)C)C4)cc3)C2)[C@@H](C)C1,1,1,8.221848749616356,8.221848749616356,6.0,6.0,IC50,ChEMBL,CHEMBL5980299,Menin,2021,high_potency_<=100nM,True,True,0.6417774552209182,medium
C=C1C[C@H]2CC[C@@H]1N[C@@H]2C(=O)N1CC2(C1)CN(c1ncncc1Oc1ccc(F)cc1C(=O)N(C(C)C)C(C)C)C2,1,1,8.207608310501746,8.207608310501746,6.2,6.2,IC50,ChEMBL,CHEMBL5808345,Menin,2020,high_potency_<=100nM,True,True,0.3951002860143426,medium
CC(C)N(C(C)C)C(=O)c1cc(F)ccc1Oc1cncnc1N1CC2(CN(C2)C(=O)[C@H]2N[C@H]3CC[C@@H]2CC3=C)C1,1,1,8.207608310501746,8.207608310501746,6.2,6.2,IC50,BindingDB,470584,Histone-lysine N-methyltransferase 2A/Menin,,high_potency_<=100nM,True,True,0.3758783212167202,medium
F[C@H]1C[C@@H]2C[C@H]1[C@H](N2)C(=O)N1CC2(C1)CN(C2)c1c(cnc2sc(CC(F)(F)F)cc12)C#N,1,1,8.207608310501746,8.207608310501746,6.2,6.2,IC50,BindingDB,554135,Histone-lysine N-methyltransferase 2A/Menin,,high_potency_<=100nM,True,True,0.7090518415564856,high
[2H]C([2H])([2H])C1(CC2(CCC(CC2)CN3CCC4(CC3)CN(C4)C5=C(N=NC=N5)OC6=C(C=C(C=C6)F)C(=O)N(C(C)C)C(C)C)CC1=O)C,1,1,8.193820026016112,8.193820026016112,6.4,6.4,IC50,PubChem,176456295.0,Histone-lysine N-methyltransferase 2A,,high_potency_<=100nM,True,True,0.6889868544726343,medium
COC(=O)N[C@H]1CCC[C@@H]1[C@@](C#N)(C1CCN(CC2CN(C2)c2ccc(cc2)S(=O)(=O)C2CC2)CC1)c1cccc(F)c1,1,1,8.161150909262744,8.161150909262744,6.9,6.9,IC50,BindingDB,50582742,Menin,,high_potency_<=100nM,True,True,0.7907360383801108,high
COC(=O)N[C@H]1CCC[C@@H]1[C@](C#N)(c1cccc(F)c1)C1CCN(CC2CN(c3ccc(S(=O)(=O)C4CC4)cc3)C2)CC1,1,1,8.161150909262744,8.161150909262744,6.9,6.9,IC50,ChEMBL,CHEMBL5076001,Menin,2021,high_potency_<=100nM,True,True,0.7994751506896217,high
C1CCC(C1)C2(CN(CC3=CC=CC=C32)CC4CC4)C5CCN(CC5)CC6CN(C6)C7=CC=C(C=C7)S(=O)(=O)C8=CC=NC=C8,3,1,8.154901959985743,8.853871964321762,7.0,1.4,IC50;Ki,PubChem,132104736.0,,,high_potency_<=100nM,True,True,0.9171212824419922,high
CC(C)N1CC2=CC=CC=C2C(C1)(C3CCCC3)C4CCN(CC4)CC5CN(C5)C6=CC=C(C=C6)S(=O)(=O)C7=CC=NC=C7,3,1,8.154901959985743,8.853871964321762,7.0,1.4,IC50;Ki,PubChem,132104365.0,,,high_potency_<=100nM,True,True,0.8728190008918522,high
CC(C)N1Cc2ccccc2C(C1)(C1CCCC1)C1CCN(CC2CN(C2)c2ccc(cc2)S(=O)(=O)c2ccncc2)CC1,3,1,8.154901959985743,8.853871964321762,7.0,1.4,IC50;Ki,BindingDB,50516570,Menin,,high_potency_<=100nM,True,True,0.7814908729643347,high
CC(C)N1Cc2ccccc2C(C2CCCC2)(C2CCN(CC3CN(c4ccc(S(=O)(=O)c5ccncc5)cc4)C3)CC2)C1,3,1,8.154901959985743,8.853871964321762,7.0,1.4,IC50;Ki,ChEMBL,CHEMBL4551865,Menin,2019;2021,high_potency_<=100nM,True,True,0.7584022997598695,high
O=S(=O)(c1ccncc1)c1ccc(N2CC(CN3CCC(C4(C5CCCC5)CN(CC5CC5)Cc5ccccc54)CC3)C2)cc1,3,1,8.154901959985743,8.853871964321762,7.0,1.4,IC50;Ki,ChEMBL,CHEMBL4592636,Menin,2019;2021,high_potency_<=100nM,True,True,0.8844024339310448,high
O=S(=O)(c1ccncc1)c1ccc(cc1)N1CC(CN2CCC(CC2)C2(CN(CC3CC3)Cc3ccccc23)C2CCCC2)C1,3,1,8.154901959985743,8.853871964321762,7.0,1.4,IC50;Ki,BindingDB,50516571,Menin,,high_potency_<=100nM,True,True,0.9436097013749944,high
C=CC(=O)N[C@H]1CCC[C@@H]1[C@](C#N)(c1cccc(F)c1)C1CCN(CC2CN(c3ccc(C#N)cc3)C2)CC1,1,1,8.154901959985743,8.154901959985743,7.0,7.0,IC50,ChEMBL,CHEMBL5971499,Menin,2021,high_potency_<=100nM,True,True,0.8472846755953604,high
CC(=O)O[C@H]1CCC[C@@H]1C(C#N)(C1CCN(CC2CN(C2)c2ccc(cc2)S(=O)(=O)c2ccncc2)CC1)c1ccccc1,1,1,8.154901959985743,8.154901959985743,7.0,7.0,IC50,BindingDB,480125,Menin,,high_potency_<=100nM,True,True,0.7499376168913543,high
CC(=O)O[C@H]1CCC[C@@H]1C(C#N)(c1ccccc1)C1CCN(CC2CN(c3ccc(S(=O)(=O)c4ccncc4)cc3)C2)CC1,1,1,8.154901959985743,8.154901959985743,7.0,7.0,IC50,ChEMBL,CHEMBL5769793,Menin,2021,high_potency_<=100nM,True,True,0.7685226640096916,high
CC(C)N(C(=O)c1cc(F)ccc1Oc1cncnc1N1CC2(CN(C(=O)C3NC4CCC3CC4)C2)C1)C(C)C,1,1,8.154901959985743,8.154901959985743,7.0,7.0,IC50,ChEMBL,CHEMBL5956903,Menin,2020,high_potency_<=100nM,True,True,0.29523324627028413,low
CC(C)N(C(C)C)C(=O)c1cc(F)ccc1Oc1cncnc1N1CC2(CN(C2)C(=O)C2NC3CCC2CC3)C1,1,1,8.154901959985743,8.154901959985743,7.0,7.0,IC50,BindingDB,470586,Histone-lysine N-methyltransferase 2A/Menin,,high_potency_<=100nM,True,True,0.3420111083384125,medium
CCN1Cc2ccccc2C(C1)(C1CCCC1)C1CCN(CC2CN(C2)c2ccc(cc2)S(=O)(=O)c2ccncc2C)CC1,1,1,8.154901959985743,8.154901959985743,7.0,7.0,IC50,BindingDB,480098,Menin,,high_potency_<=100nM,True,True,0.8364115744580066,high
CCN1Cc2ccccc2C(C1)([C@H]1CCC[C@@H]1NC(=O)NC)C1CCN(CC2CN(C2)c2ccc(cc2)S(=O)(=O)c2cnn(C)c2)CC1,1,1,8.154901959985743,8.154901959985743,7.0,7.0,IC50,BindingDB,480230,Menin,,high_potency_<=100nM,True,True,0.709002239374128,high
CCN1Cc2ccccc2C(C2CCCC2)(C2CCN(CC3CN(c4ccc(S(=O)(=O)c5ccncc5C)cc4)C3)CC2)C1,1,1,8.154901959985743,8.154901959985743,7.0,7.0,IC50,ChEMBL,CHEMBL5843849,Menin,2021,high_potency_<=100nM,True,True,0.8367311409372779,high
CCN1Cc2ccccc2C(C2CCN(CC3CN(c4ccc(S(=O)(=O)c5cnn(C)c5)cc4)C3)CC2)([C@H]2CCC[C@@H]2NC(=O)NC)C1,1,1,8.154901959985743,8.154901959985743,7.0,7.0,IC50,ChEMBL,CHEMBL5859938,Menin,2021,high_potency_<=100nM,True,True,0.6760754245915891,medium
CNC(=O)O[C@H]1CCC[C@@H]1C(C#N)(C1CCN(CC2CN(C2)c2ccc(cc2)S(=O)(=O)c2ccn(C)n2)CC1)c1ccccc1,1,1,8.154901959985743,8.154901959985743,7.0,7.0,IC50,BindingDB,480169,Menin,,high_potency_<=100nM,True,True,0.7702468895606558,high
CNC(=O)O[C@H]1CCC[C@@H]1C(C#N)(c1ccccc1)C1CCN(CC2CN(c3ccc(S(=O)(=O)c4ccn(C)n4)cc3)C2)CC1,1,1,8.154901959985743,8.154901959985743,7.0,7.0,IC50,ChEMBL,CHEMBL5777937,Menin,2021,high_potency_<=100nM,True,True,0.7831170062191048,high
COC(=O)N[C@H]1CCC[C@@H]1C(C#N)(C1CCN(CC2CN(C2)c2ccc(cc2)S(=O)(=O)c2ccc(cc2)C(N)=O)CC1)c1ccccc1,1,1,8.154901959985743,8.154901959985743,7.0,7.0,IC50,BindingDB,480334,Menin,,high_potency_<=100nM,True,True,0.8327495851016258,high
COC(=O)N[C@H]1CCC[C@@H]1C(C#N)(c1ccccc1)C1CCN(CC2CN(c3ccc(S(=O)(=O)c4ccc(C(N)=O)cc4)cc3)C2)CC1,1,1,8.154901959985743,8.154901959985743,7.0,7.0,IC50,ChEMBL,CHEMBL5935610,Menin,2021,high_potency_<=100nM,True,True,0.8202277689976413,high
COC(=O)N[C@H]1CCC[C@@H]1C(Cn1ccnc1)(C1CCN(CC2CN(C2)c2ccc(cc2)S(=O)(=O)c2cnn(C)c2)CC1)c1ccccc1,1,1,8.154901959985743,8.154901959985743,7.0,7.0,IC50,BindingDB,480327,Menin,,high_potency_<=100nM,True,True,0.8174387554690227,high
COC(=O)N[C@H]1CCC[C@@H]1C(Cn1ccnc1)(c1ccccc1)C1CCN(CC2CN(c3ccc(S(=O)(=O)c4cnn(C)c4)cc3)C2)CC1,1,1,8.154901959985743,8.154901959985743,7.0,7.0,IC50,ChEMBL,CHEMBL5783978,Menin,2021,high_potency_<=100nM,True,True,0.81624776509393,high
COC(=O)N[C@H]1CCC[C@@H]1[C@@](C#N)(C1CCN(CC2CN(C2)c2ccc(cc2)S(=O)(=O)C(F)(F)F)CC1)c1ccccc1,1,1,8.154901959985743,8.154901959985743,7.0,7.0,IC50,BindingDB,480338,Menin,,high_potency_<=100nM,True,True,0.7832226944644237,high
COC(=O)N[C@H]1CCC[C@@H]1[C@@](C#N)(C1CCN(CCCOc2ccc(cc2)S(=O)(=O)C2CN(C2)C(=O)\C=C\CN(C)C)CC1)c1cccc(F)c1,1,1,8.154901959985743,8.154901959985743,7.0,7.0,IC50,BindingDB,506359,Menin,,high_potency_<=100nM,True,True,0.8045314958571638,high
COC(=O)N[C@H]1CCC[C@@H]1[C@](C#N)(c1cccc(F)c1)C1CCN(CCCOc2ccc(S(=O)(=O)C3CN(C(=O)/C=C/CN(C)C)C3)cc2)CC1,1,1,8.154901959985743,8.154901959985743,7.0,7.0,IC50,ChEMBL,CHEMBL5819310,Menin,2021,high_potency_<=100nM,True,True,0.7183976508836614,high
COC(=O)N[C@H]1CCC[C@@H]1[C@](C#N)(c1ccccc1)C1CCN(CC2CN(c3ccc(S(=O)(=O)C(F)(F)F)cc3)C2)CC1,1,1,8.154901959985743,8.154901959985743,7.0,7.0,IC50,ChEMBL,CHEMBL5899857,Menin,2021,high_potency_<=100nM,True,True,0.8343786878499929,high
Fc1cccc(c1)[C@@](C#N)([C@H]1CCC[C@@H]1NC(=O)C=C)C1CCN(CC2CN(C2)c2ccc(cc2)C#N)CC1,1,1,8.154901959985743,8.154901959985743,7.0,7.0,IC50,BindingDB,506371,Menin,,high_potency_<=100nM,True,True,0.8325884151850976,high
CC(C)N(C(=O)c1cc(F)ccc1Oc1cncnc1N1CC2(CCN(C(=O)[C@H]3N[C@H]4CC[C@@H]3C[C@H]4CC3CC3)CC2)C1)C(C)C,1,1,8.148741651280925,8.148741651280925,7.1,7.1,IC50,ChEMBL,CHEMBL6067936,Menin,2020,high_potency_<=100nM,True,True,0.46673468673372287,medium
CC(C)N(C(C)C)C(=O)c1cc(F)ccc1Oc1cncnc1N1CC2(C1)CCN(CC2)C(=O)[C@H]1N[C@H]2CC[C@@H]1C[C@H]2CC1CC1,1,1,8.148741651280925,8.148741651280925,7.1,7.1,IC50,BindingDB,470579,Histone-lysine N-methyltransferase 2A/Menin,,high_potency_<=100nM,True,True,0.4247628469816463,medium
CC1=C(C=CC2=C1C=C(N2CC3CNC(=O)CO3)C#N)CN4CCC(CC4)NC5=C6C=C(SC6=NC=N5)CC(F)(F)F,1,1,8.1249387366083,8.1249387366083,7.5,7.5,IC50,PubChem,118886386.0,,,high_potency_<=100nM,True,True,0.8205184453909588,high
Cc1c(CN2CCC(CC2)Nc2ncnc3sc(CC(F)(F)F)cc23)ccc2n(CC3CNC(=O)CO3)c(cc12)C#N,1,1,8.1249387366083,8.1249387366083,7.5,7.5,IC50,BindingDB,50455856,Menin,,high_potency_<=100nM,True,True,0.9172630777491665,high
Cc1c(CN2CCC(Nc3ncnc4sc(CC(F)(F)F)cc34)CC2)ccc2c1cc(C#N)n2CC1CNC(=O)CO1,1,1,8.1249387366083,8.1249387366083,7.5,7.5,IC50,ChEMBL,CHEMBL4218724,Menin,2018,high_potency_<=100nM,True,True,0.8589553250814739,high
COC(=O)N[C@H]1CCC[C@@H]1[C@@](CN2CCC2)(C3CCN(CC3)CC4CN(C4)C5=CC=C(C=C5)S(=O)(=O)C6CN(C6)C(=O)/C=C/CN7CC(C7)(F)F)C8=CC(=CC=C8)F,4,1,8.110924374808178,9.0,9.5,1.0,IC50,PubChem,155545749.0,,,high_potency_<=100nM,True,True,0.8487918862072822,high
CC(C)N(C(C)C)C(=O)C1=C(C=CC(=C1)F)OC2=C(N=CN=N2)N3CC4(C3)CCN(CC4)CC5CCC6(CC5)C[C@@H](C(=O)C6)C(C)(C)O,1,1,8.10790539730952,8.10790539730952,7.8,7.8,IC50,PubChem,176456330.0,Histone-lysine N-methyltransferase 2A,,high_potency_<=100nM,True,True,0.6297064518559445,medium
C=C1C[C@H]2CC[C@@H]1N[C@@H]2C(=O)N1CCC2(CC1)CN(c1ncncc1Oc1ccc(F)cc1C(=O)N(C(C)C)C(C)C)C2,1,1,8.102372908709558,8.102372908709558,7.9,7.9,IC50,ChEMBL,CHEMBL5803279,Menin,2020,high_potency_<=100nM,True,True,0.6088754851488575,medium
CC(C)N(C(C)C)C(=O)c1cc(F)ccc1Oc1cncnc1N1CC2(C1)CCN(CC2)C(=O)[C@H]1N[C@H]2CC[C@@H]1CC2=C,1,1,8.102372908709558,8.102372908709558,7.9,7.9,IC50,BindingDB,470583,Histone-lysine N-methyltransferase 2A/Menin,,high_potency_<=100nM,True,True,0.2920593758251817,low
C1CCC(C1)C2(CNCC3=CC=CC=C32)C4CCN(CC4)CC5CN(C5)C6=CC=C(C=C6)S(=O)(=O)C7=CC=NC=C7,3,1,8.096910013008056,8.769551078621726,8.0,1.7,IC50;Ki,PubChem,132104737.0,,,high_potency_<=100nM,True,True,0.8556240704122446,high
O=S(=O)(c1ccncc1)c1ccc(N2CC(CN3CCC(C4(C5CCCC5)CNCc5ccccc54)CC3)C2)cc1,3,1,8.096910013008056,8.769551078621726,8.0,1.7,IC50;Ki,ChEMBL,CHEMBL4449199,Menin,2019;2021,high_potency_<=100nM,True,True,0.8236963300378406,high
O=S(=O)(c1ccncc1)c1ccc(cc1)N1CC(CN2CCC(CC2)C2(CNCc3ccccc23)C2CCCC2)C1,3,1,8.096910013008056,8.769551078621726,8.0,1.7,IC50;Ki,BindingDB,50516567,Menin,,high_potency_<=100nM,True,True,0.9097668042469028,high
CCN1Cc2ccccc2C(C1)(C1CCCC1)C1CCN(CC2CN(C2)c2ccc(cc2)S(=O)(=O)C2CC2)CC1,1,1,8.096910013008056,8.096910013008056,8.0,8.0,IC50,BindingDB,480083,Menin,,high_potency_<=100nM,True,True,0.8267652224026583,high
CCN1Cc2ccccc2C(C1)(C1CCCC1)C1CCN(CC2CN(C2)c2ccc(cc2)S(=O)(=O)C2CCCC2)CC1,1,1,8.096910013008056,8.096910013008056,8.0,8.0,IC50,BindingDB,480088,Menin,,high_potency_<=100nM,True,True,0.8476700525453877,high
CCN1Cc2ccccc2C(C1)(C1CCCC1)C1CCN(CC2CN(C2)c2ccc(cc2)S(=O)(=O)c2ccc(cc2)C(O)=O)CC1,1,1,8.096910013008056,8.096910013008056,8.0,8.0,IC50,BindingDB,480105,Menin,,high_potency_<=100nM,True,True,0.7638581875912865,high
CCN1Cc2ccccc2C(C1)(C1CCCC1)C1CCN(CC2CN(C2)c2ccc(cc2)S(=O)(=O)c2ccnc3cnccc23)CC1,1,1,8.096910013008056,8.096910013008056,8.0,8.0,IC50,BindingDB,480103,Menin,,high_potency_<=100nM,True,True,0.8774540974292294,high
CCN1Cc2ccccc2C(C1)(C1CCCC1)C1CCN(CC2CN(C2)c2ccc(cc2)S(=O)(=O)c2ccncc2CC)CC1,1,1,8.096910013008056,8.096910013008056,8.0,8.0,IC50,BindingDB,480101,Menin,,high_potency_<=100nM,True,True,0.8501220855943862,high
CCN1Cc2ccccc2C(C2CCCC2)(C2CCN(CC3CN(c4ccc(S(=O)(=O)C5CC5)cc4)C3)CC2)C1,1,1,8.096910013008056,8.096910013008056,8.0,8.0,IC50,ChEMBL,CHEMBL5893826,Menin,2021,high_potency_<=100nM,True,True,0.7966125670807789,high
CCN1Cc2ccccc2C(C2CCCC2)(C2CCN(CC3CN(c4ccc(S(=O)(=O)C5CCCC5)cc4)C3)CC2)C1,1,1,8.096910013008056,8.096910013008056,8.0,8.0,IC50,ChEMBL,CHEMBL5836021,Menin,2021,high_potency_<=100nM,True,True,0.8357832532682407,high
CCN1Cc2ccccc2C(C2CCCC2)(C2CCN(CC3CN(c4ccc(S(=O)(=O)c5ccc(C(=O)O)cc5)cc4)C3)CC2)C1,1,1,8.096910013008056,8.096910013008056,8.0,8.0,IC50,ChEMBL,CHEMBL5936667,Menin,2021,high_potency_<=100nM,True,True,0.5470391463020489,medium
CCN1Cc2ccccc2C(C2CCCC2)(C2CCN(CC3CN(c4ccc(S(=O)(=O)c5ccnc6cnccc56)cc4)C3)CC2)C1,1,1,8.096910013008056,8.096910013008056,8.0,8.0,IC50,ChEMBL,CHEMBL5769865,Menin,2021,high_potency_<=100nM,True,True,0.8742612667823099,high
CCc1cnccc1S(=O)(=O)c1ccc(N2CC(CN3CCC(C4(C5CCCC5)CN(CC)Cc5ccccc54)CC3)C2)cc1,1,1,8.096910013008056,8.096910013008056,8.0,8.0,IC50,ChEMBL,CHEMBL5820786,Menin,2021,high_potency_<=100nM,True,True,0.8528943720640233,high
CNC(=O)N[C@H]1CCC[C@@H]1C1(C2CCN(CC3CN(c4ccc(S(=O)(=O)c5ccncc5)cc4)C3)CC2)CN(C)Cc2ccccc21,1,1,8.096910013008056,8.096910013008056,8.0,8.0,IC50,ChEMBL,CHEMBL5848603,Menin,2021,high_potency_<=100nM,True,True,0.6988795776366982,medium
CNC(=O)N[C@H]1CCC[C@@H]1C1(CN(C)Cc2ccccc12)C1CCN(CC2CN(C2)c2ccc(cc2)S(=O)(=O)c2ccncc2)CC1,1,1,8.096910013008056,8.096910013008056,8.0,8.0,IC50,BindingDB,480216,Menin,,high_potency_<=100nM,True,True,0.8002177943291782,high
CNC(=O)O[C@H]1CCC[C@@H]1C(Cn1ccnc1)(C1CCN(CC2CN(C2)c2ccc(cc2)S(=O)(=O)c2cnn(C)c2)CC1)c1ccccc1,1,1,8.096910013008056,8.096910013008056,8.0,8.0,IC50,BindingDB,480177,Menin,,high_potency_<=100nM,True,True,0.7307459641481429,high
CNC(=O)O[C@H]1CCC[C@@H]1C(Cn1ccnc1)(c1ccccc1)C1CCN(CC2CN(c3ccc(S(=O)(=O)c4cnn(C)c4)cc3)C2)CC1,1,1,8.096910013008056,8.096910013008056,8.0,8.0,IC50,ChEMBL,CHEMBL6029944,Menin,2021,high_potency_<=100nM,True,True,0.7251082834568051,high
COC(=O)N[C@H]1CCC[C@@H]1C(C#N)(C1CCN(CC2CN(C2)c2ccc(cc2)S(=O)(=O)C(F)(F)F)CC1)c1ccccc1,1,1,8.096910013008056,8.096910013008056,8.0,8.0,IC50,BindingDB,480328,Menin,,high_potency_<=100nM,True,True,0.8505682070419337,high
COC(=O)N[C@H]1CCC[C@@H]1C(C#N)(c1ccccc1)C1CCN(CC2CN(c3ccc(S(=O)(=O)C(F)(F)F)cc3)C2)CC1,1,1,8.096910013008056,8.096910013008056,8.0,8.0,IC50,ChEMBL,CHEMBL5962223,Menin,2021,high_potency_<=100nM,True,True,0.8687606730790153,high
N#Cc1cc2cc(CN3CCC(Nc4ncnc5sc(CC(F)(F)F)cc45)CC3)c(O)cc2n1Cc1cn[nH]c1,2,1,8.093543321678572,8.187086643357144,8.25,6.5,Kd,ChEMBL,CHEMBL3781030,Menin,2016;2019,high_potency_<=100nM,True,True,0.5279373100510766,medium
Oc1cc2n(Cc3cn[nH]c3)c(cc2cc1CN1CCC(CC1)Nc1ncnc2sc(CC(F)(F)F)cc12)C#N,2,1,8.093543321678572,8.187086643357144,8.25,6.5,Kd,BindingDB,50156122,Menin,,high_potency_<=100nM,True,True,0.9163941718602324,high
CC(C)N(C(C)C)C(=O)C1=C(C=CC(=C1)F)OC2=C(N=CN=N2)N3CC4(C3)CCN(CC4)CC5CCC6(CC5)CC(C(=O)N6)(CO)CO,1,1,8.080921907623926,8.080921907623926,8.3,8.3,IC50,PubChem,169979515.0,Histone-lysine N-methyltransferase 2A,,high_potency_<=100nM,True,True,0.3978515104926512,medium
FC(F)(F)Cc1cc2c(N3CC4(CN(C4)C(=O)[C@@H]4N[C@@H]5CC[C@H]4C5)C3)c(cnc2s1)C#N,1,1,8.075720713938118,8.075720713938118,8.4,8.4,IC50,BindingDB,554134,Histone-lysine N-methyltransferase 2A/Menin,,high_potency_<=100nM,True,True,0.6243656301535135,medium
[2H]C([2H])([2H])C1(CC2(CCC(CC2)CN3CCC4(CC3)CN(C4)C5=C(N=NC=N5)OC6=C(C=C(C=C6)F)C(=O)N(CC)C(C)C)CC1=O)C,1,1,8.075720713938118,8.075720713938118,8.4,8.4,IC50,PubChem,176456294.0,Histone-lysine N-methyltransferase 2A,,high_potency_<=100nM,True,True,0.7410723219852673,high
CN(C)C/C=C/C(=O)N1CC(C1)S(=O)(=O)C2=CC=C(C=C2)N3CC(C3)CN4CCC(CC4)[C@](CN5CCCC5)([C@H]6CCC[C@@H]6NC(=O)OC)C7=CC(=CC=C7)F,4,1,8.06246936830415,8.698970004336019,10.0,2.0,IC50,PubChem,155544954.0,,,high_potency_<=100nM,True,True,0.6803190896020006,medium
COC(=O)N[C@H]1CCC[C@@H]1[C@@](CN2CCC2)(C3CCN(CC3)CC4CN(C4)C5=CC=C(C=C5)S(=O)(=O)C6CN(C6)C(=O)/C=C/CN7CCC(CC7)(F)F)C8=CC(=CC=C8)F,4,1,8.048455006504028,8.698970004336019,12.0,2.0,IC50,PubChem,155521881.0,,,high_potency_<=100nM,True,True,0.8954554691097892,high
C1CCC(C1)C2(CN(CC3=CC=CC=C32)C4CCC4)C5CCN(CC5)CC6CN(C6)C7=CC=C(C=C7)S(=O)(=O)C8=CC=NC=C8,3,1,8.045757490560675,8.698970004336019,9.0,2.0,IC50;Ki,PubChem,132104363.0,,,high_potency_<=100nM,True,True,0.9339883951419016,high
CC1=C(C=CC2=C1C=C(N2C[C@@H]3CNC(=O)CO3)C#N)CN4CCC(CC4)NC5=C6C=C(SC6=NC=N5)CC(F)(F)F,3,1,8.045757490560675,8.443697499232712,9.0,3.6,IC50;Kd,PubChem,130376005.0,,,high_potency_<=100nM,True,True,0.8874472527850708,high
Cc1c(CN2CCC(CC2)Nc2ncnc3sc(CC(F)(F)F)cc23)ccc2n(C[C@@H]3CNC(=O)CO3)c(cc12)C#N,3,1,8.045757490560675,8.443697499232712,9.0,3.6,IC50;Kd,BindingDB,50455873,Menin,,high_potency_<=100nM,True,True,0.9154734676382446,high
Cc1c(CN2CCC(Nc3ncnc4sc(CC(F)(F)F)cc34)CC2)ccc2c1cc(C#N)n2C[C@@H]1CNC(=O)CO1,3,1,8.045757490560675,8.443697499232712,9.0,3.6,IC50;Kd,ChEMBL,CHEMBL4216801,Menin,2018;2019,high_potency_<=100nM,True,True,0.9001594010734664,high
O=S(=O)(c1ccncc1)c1ccc(N2CC(CN3CCC(C4(C5CCCC5)CN(C5CCC5)Cc5ccccc54)CC3)C2)cc1,3,1,8.045757490560675,8.698970004336019,9.0,2.0,IC50;Ki,ChEMBL,CHEMBL4522767,Menin,2019;2021,high_potency_<=100nM,True,True,0.8709795056885784,high
O=S(=O)(c1ccncc1)c1ccc(cc1)N1CC(CN2CCC(CC2)C2(CN(Cc3ccccc23)C2CCC2)C2CCCC2)C1,3,1,8.045757490560675,8.698970004336019,9.0,2.0,IC50;Ki,BindingDB,50516554,Menin,,high_potency_<=100nM,True,True,0.9485461061633587,high
CC(=O)O[C@H]1CCC[C@@H]1C1(C2CCN(CC3CN(c4ccc(S(=O)(=O)C5CC5)cc4)C3)CC2)CN(C)Cc2ccccc21,1,1,8.045757490560675,8.045757490560675,9.0,9.0,IC50,ChEMBL,CHEMBL5794080,Menin,2021,high_potency_<=100nM,True,True,0.6103023002577779,medium
CCN1Cc2ccccc2C(C1)(C1CCCC1)C1CCN(CC2CN(C2)c2ccc(cc2)S(=O)(=O)CC)CC1,1,1,8.045757490560675,8.045757490560675,9.0,9.0,IC50,BindingDB,480082,Menin,,high_potency_<=100nM,True,True,0.8019383696493856,high
CCN1Cc2ccccc2C(C1)(C1CCCC1)C1CCN(CC2CN(C2)c2ccc(cc2)S(=O)(=O)c2ccccc2)CC1,1,1,8.045757490560675,8.045757490560675,9.0,9.0,IC50,BindingDB,480093,Menin,,high_potency_<=100nM,True,True,0.863414844399009,high
CCN1Cc2ccccc2C(C1)(C1CCCC1)C1CCN(CC2CN(C2)c2ccc(cc2)S(=O)(=O)c2cccnc2)CC1,1,1,8.045757490560675,8.045757490560675,9.0,9.0,IC50,BindingDB,480097,Menin,,high_potency_<=100nM,True,True,0.8335738913880146,high
CCN1Cc2ccccc2C(C1)([C@H]1CCC[C@@H]1NC(=O)NC)C1CCN(CC2CN(C2)c2ccc(cc2)S(=O)(=O)c2ccccc2)CC1,1,1,8.045757490560675,8.045757490560675,9.0,9.0,IC50,BindingDB,480229,Menin,,high_potency_<=100nM,True,True,0.7848530542297166,high
CCN1Cc2ccccc2C(C2CCCC2)(C2CCN(CC3CN(c4ccc(S(=O)(=O)CC)cc4)C3)CC2)C1,1,1,8.045757490560675,8.045757490560675,9.0,9.0,IC50,ChEMBL,CHEMBL5768069,Menin,2021,high_potency_<=100nM,True,True,0.8093706114468419,high
CCN1Cc2ccccc2C(C2CCCC2)(C2CCN(CC3CN(c4ccc(S(=O)(=O)c5ccccc5)cc4)C3)CC2)C1,1,1,8.045757490560675,8.045757490560675,9.0,9.0,IC50,ChEMBL,CHEMBL5835328,Menin,2021,high_potency_<=100nM,True,True,0.8520975883001703,high
CCN1Cc2ccccc2C(C2CCCC2)(C2CCN(CC3CN(c4ccc(S(=O)(=O)c5cccnc5)cc4)C3)CC2)C1,1,1,8.045757490560675,8.045757490560675,9.0,9.0,IC50,ChEMBL,CHEMBL6062360,Menin,2021,high_potency_<=100nM,True,True,0.8377748789537831,high
CCN1Cc2ccccc2C(C2CCN(CC3CN(c4ccc(S(=O)(=O)c5ccccc5)cc4)C3)CC2)([C@H]2CCC[C@@H]2NC(=O)NC)C1,1,1,8.045757490560675,8.045757490560675,9.0,9.0,IC50,ChEMBL,CHEMBL5970007,Menin,2021,high_potency_<=100nM,True,True,0.7753454525105196,high
CN1Cc2ccccc2C(C1)([C@H]1CCC[C@@H]1OC(C)=O)C1CCN(CC2CN(C2)c2ccc(cc2)S(=O)(=O)C2CC2)CC1,1,1,8.045757490560675,8.045757490560675,9.0,9.0,IC50,BindingDB,480143,Menin,,high_potency_<=100nM,True,True,0.6878612413458888,medium
CNC(=O)N[C@H]1CCC[C@@H]1C(C#N)(C1CCN(CC2CN(C2)c2ccc(cc2)S(=O)(=O)c2ccncc2)CC1)c1ccccc1,1,1,8.045757490560675,8.045757490560675,9.0,9.0,IC50,BindingDB,480208,Menin,,high_potency_<=100nM,True,True,0.8062982850264307,high
CNC(=O)N[C@H]1CCC[C@@H]1C(C#N)(c1ccccc1)C1CCN(CC2CN(c3ccc(S(=O)(=O)c4ccncc4)cc3)C2)CC1,1,1,8.045757490560675,8.045757490560675,9.0,9.0,IC50,ChEMBL,CHEMBL5740449,Menin,2021,high_potency_<=100nM,True,True,0.8217218721383334,high
CNC(=O)N[C@H]1CCC[C@@H]1C1(C2CCN(CC3CN(c4ccc(S(=O)(=O)C5CC5)cc4)C3)CC2)CNCc2ccccc21,1,1,8.045757490560675,8.045757490560675,9.0,9.0,IC50,ChEMBL,CHEMBL5754145,Menin,2021,high_potency_<=100nM,True,True,0.5836823561871245,medium
CNC(=O)N[C@H]1CCC[C@@H]1C1(CNCc2ccccc12)C1CCN(CC2CN(C2)c2ccc(cc2)S(=O)(=O)C2CC2)CC1,1,1,8.045757490560675,8.045757490560675,9.0,9.0,IC50,BindingDB,480224,Menin,,high_potency_<=100nM,True,True,0.7231880971833266,high
CNC(=O)O[C@H]1CCC[C@@H]1C(C#N)(C1CCN(CC2CN(C2)c2ccc(cc2)S(=O)(=O)c2ccccc2)CC1)c1ccccc1,1,1,8.045757490560675,8.045757490560675,9.0,9.0,IC50,BindingDB,480164,Menin,,high_potency_<=100nM,True,True,0.8076046037555671,high
CNC(=O)O[C@H]1CCC[C@@H]1C(C#N)(C1CCN(CC2CN(C2)c2ccc(cc2)S(=O)(=O)c2cnn(C)c2)CC1)c1ccccc1,1,1,8.045757490560675,8.045757490560675,9.0,9.0,IC50,BindingDB,480179,Menin,,high_potency_<=100nM,True,True,0.7436329482332479,high
CNC(=O)O[C@H]1CCC[C@@H]1C(C#N)(c1ccccc1)C1CCN(CC2CN(c3ccc(S(=O)(=O)c4ccccc4)cc3)C2)CC1,1,1,8.045757490560675,8.045757490560675,9.0,9.0,IC50,ChEMBL,CHEMBL5765474,Menin,2021,high_potency_<=100nM,True,True,0.8446883588962645,high
CNC(=O)O[C@H]1CCC[C@@H]1C(C#N)(c1ccccc1)C1CCN(CC2CN(c3ccc(S(=O)(=O)c4cnn(C)c4)cc3)C2)CC1,1,1,8.045757490560675,8.045757490560675,9.0,9.0,IC50,ChEMBL,CHEMBL5775978,Menin,2021,high_potency_<=100nM,True,True,0.7388536507483786,high
CNC(=O)O[C@H]1CCC[C@@H]1C(Cn1ccnc1)(C1CCN(CC2CN(C2)c2ccc(cc2)C#N)CC1)c1ccccc1,1,1,8.045757490560675,8.045757490560675,9.0,9.0,IC50,BindingDB,480304,Menin,,high_potency_<=100nM,True,True,0.8267183505902037,high
CNC(=O)O[C@H]1CCC[C@@H]1C(Cn1ccnc1)(c1ccccc1)C1CCN(CC2CN(c3ccc(C#N)cc3)C2)CC1,1,1,8.045757490560675,8.045757490560675,9.0,9.0,IC50,ChEMBL,CHEMBL6052096,Menin,2021,high_potency_<=100nM,True,True,0.818498681359951,high
COC(=O)N[C@H]1CCC[C@@H]1[C@@](C#N)(C1CCN(CC2(F)CN(C2)c2ccc(cc2)S(=O)(=O)C2CN(C2)C(=O)\C=C\CN(C)C)CC1)c1cccc(F)c1,1,1,8.045757490560675,8.045757490560675,9.0,9.0,IC50,BindingDB,506360,Menin,,high_potency_<=100nM,True,True,0.7774238761592296,high
COC(=O)N[C@H]1CCC[C@@H]1[C@](C#N)(c1cccc(F)c1)C1CCN(CC2(F)CN(c3ccc(S(=O)(=O)C4CN(C(=O)/C=C/CN(C)C)C4)cc3)C2)CC1,1,1,8.045757490560675,8.045757490560675,9.0,9.0,IC50,ChEMBL,CHEMBL6021917,Menin,2021,high_potency_<=100nM,True,True,0.6708959508454442,medium
Fc1cccc(c1)[C@@](C#N)([C@H]1CCC[C@@H]1NC(=O)CCl)C1CCN(CC2CN(C2)c2ccc(cc2)C#N)CC1,1,1,8.045757490560675,8.045757490560675,9.0,9.0,IC50,BindingDB,506372,Menin,,high_potency_<=100nM,True,True,0.8318098603952858,high
N#CC(c1ccccc1)(C1CCN(CC2CN(c3ccc(S(=O)(=O)c4ccncc4)cc3)C2)CC1)[C@H]1CCC[C@@H]1OC(N)=O,1,1,8.045757490560675,8.045757490560675,9.0,9.0,IC50,ChEMBL,CHEMBL5865073,Menin,2021,high_potency_<=100nM,True,True,0.7543490128550158,high
N#Cc1ccc(N2CC(CN3CCC([C@@](C#N)(c4cccc(F)c4)[C@H]4CCC[C@@H]4NC(=O)CCl)CC3)C2)cc1,1,1,8.045757490560675,8.045757490560675,9.0,9.0,IC50,ChEMBL,CHEMBL6035946,Menin,2021,high_potency_<=100nM,True,True,0.7753744362782371,high
NC(=O)O[C@H]1CCC[C@@H]1C(C#N)(C1CCN(CC2CN(C2)c2ccc(cc2)S(=O)(=O)c2ccncc2)CC1)c1ccccc1,1,1,8.045757490560675,8.045757490560675,9.0,9.0,IC50,BindingDB,480151,Menin,,high_potency_<=100nM,True,True,0.7441016393133223,high
COC(=O)N[C@H]1CCC[C@@H]1[C@@](CN2CCC2)(C3CCN(CC3)CC4CN(C4)C5=CC=C(C=C5)S(=O)(=O)C6CN(C6)C(=O)/C=C/CN7CCC(CC7)F)C8=CC(=CC=C8)F,4,1,8.037860356969059,8.522878745280337,12.5,3.0,IC50,PubChem,139549815.0,,,high_potency_<=100nM,True,True,0.9098037299499353,high
N=C(N)NCCC[C@@H]1NC(=O)C2(CCC2)NC(=O)[C@@H]2CCCN2C(=O)[C@H](Cc2cc(F)cc(F)c2)NC(=O)[C@@H](N)CCCCCCCCNC(=O)[C@@H]2CCCN2C1=O,2,1,8.030365206830634,8.327902142064282,11.6,4.7,IC50;Ki,ChEMBL,CHEMBL2314819,Menin,2013,high_potency_<=100nM,True,True,0.4288689746547304,medium
N[C@H]1CCCCCCCCNC(=O)[C@@H]2CCCN2C(=O)[C@H](CCCNC(N)=N)NC(=O)C2(CCC2)NC(=O)[C@@H]2CCCN2C(=O)[C@H](Cc2cc(F)cc(F)c2)NC1=O,2,1,8.024574270555727,8.327902142064282,11.85,4.7,IC50;Ki,BindingDB,50489254,Menin,,high_potency_<=100nM,True,True,0.4456547828530798,medium
CCN(C(C)C)C(=O)C1=C(C=CC(=C1)F)OC2=CN=CN=C2N3CC4(C3)CCN(CC4)CC5CCC6(CC5)CC(=O)C(C6)(C)C,1,1,8.008773924307505,8.008773924307505,9.8,9.8,IC50,PubChem,176456287.0,Histone-lysine N-methyltransferase 2A,,high_potency_<=100nM,True,True,0.6768554090601605,medium
C1CCC(CC1)S(=O)(=O)C2=CC=C(C=C2)N3CC(C3)CN4CCC(CC4)C5(C6=CC=CC=C6CCN5)C7CCCC7,3,1,8.0,8.619788758288394,10.0,2.4,IC50;Ki,PubChem,132104382.0,,,high_potency_<=100nM,True,True,0.9383311600622516,high
Cc1c(CN2CCC(CC2)Nc2ncnc3sc(CC(F)(F)F)cc23)ccc2n(Cc3cn[nH]c3)c(cc12)C#N,3,1,8.0,8.031517051446064,10.0,9.3,IC50;Kd,BindingDB,50454124,Menin,,high_potency_<=100nM,True,True,0.9530148437640908,high
Cc1c(CN2CCC(Nc3ncnc4sc(CC(F)(F)F)cc34)CC2)ccc2c1cc(C#N)n2Cc1cn[nH]c1,3,1,8.0,8.031517051446064,10.0,9.3,IC50;Kd,ChEMBL,CHEMBL3780822,Menin,2018;2019,high_potency_<=100nM,True,True,0.9102292952793829,high
O=S(=O)(C1CCCCC1)c1ccc(cc1)N1CC(CN2CCC(CC2)C2(NCCc3ccccc23)C2CCCC2)C1,3,1,8.0,8.619788758288394,10.0,2.4,IC50;Ki,BindingDB,50516565,Menin,,high_potency_<=100nM,True,True,0.9271797563809432,high
O=S(=O)(c1ccc(N2CC(CN3CCC(C4(C5CCCC5)NCCc5ccccc54)CC3)C2)cc1)C1CCCCC1,3,1,8.0,8.619788758288394,10.0,2.4,IC50;Ki,ChEMBL,CHEMBL4578509,Menin,2019;2021,high_potency_<=100nM,True,True,0.8576181460557242,high
C1CN(CCC1NC2=C3C=C(SC3=NC=N2)CC(F)(F)F)CC4=C(C=C5C(=C4)C=C(N5CC6=CNN=C6)C#N)O,1,1,8.0,8.0,10.0,10.0,Kd,PubChem,117636625.0,,,high_potency_<=100nM,True,True,0.7505999799815133,high
C=CC(=O)N1CCCC(S(=O)(=O)c2ccc(N3CC(CN4CCC([C@@](C#N)(c5cccc(F)c5)[C@H]5CCC[C@@H]5NC(=O)OC)CC4)C3)cc2)C1,1,1,8.0,8.0,10.0,10.0,IC50,ChEMBL,CHEMBL6031385,Menin,2021,high_potency_<=100nM,True,True,0.5022385968220128,medium
C=CC(=O)Nc1ccc(CN2CCC3(CCN(c4ncnc5sc(CC(F)(F)F)cc45)C3)C2)cc1,1,1,8.0,8.0,10.0,10.0,IC50,ChEMBL,CHEMBL4166615,Menin,2018,high_potency_<=100nM,True,True,0.9082953069089469,high
CC(=O)N[C@H]1CCC[C@@H]1C(C#N)(C1CCN(CC2CN(C2)c2ccc(cc2)S(=O)(=O)c2ccncc2)CC1)c1ccccc1,1,1,8.0,8.0,10.0,10.0,IC50,BindingDB,480202,Menin,,high_potency_<=100nM,True,True,0.8097590292589228,high
CC(=O)N[C@H]1CCC[C@@H]1C(C#N)(c1ccccc1)C1CCN(CC2CN(c3ccc(S(=O)(=O)c4ccncc4)cc3)C2)CC1,1,1,8.0,8.0,10.0,10.0,IC50,ChEMBL,CHEMBL5773599,Menin,2021,high_potency_<=100nM,True,True,0.824756793511494,high
CC(c1ccc(CN2CCC3(CCN(C3)c3ncnc4sc(CC(F)(F)F)cc34)C2)cc1)S(N)(=O)=O,1,1,8.0,8.0,10.0,10.0,IC50,BindingDB,50321313,Menin,,high_potency_<=100nM,True,True,0.9165652235724772,high
CC(c1ccc(CN2CCC3(CCN(c4ncnc5sc(CC(F)(F)F)cc45)C3)C2)cc1)S(N)(=O)=O,1,1,8.0,8.0,10.0,10.0,IC50,ChEMBL,CHEMBL4171091,Menin,2018,high_potency_<=100nM,True,True,0.9002157021147834,high
CC1=C(C=CC2=C1C=C(N2CC3=CNN=C3)C#N)CN4CCC(CC4)NC5=C6C=C(SC6=NC=N5)CC(F)(F)F,1,1,8.0,8.0,10.0,10.0,Kd,PubChem,91667931.0,,,high_potency_<=100nM,True,True,0.872568983854643,high
CC1=C(C=CC2=C1C=C(N2CCN3CCN(CC3)C(=O)CF)C#N)CN4CCC(CC4)NC5=C6C=C(SC6=NC=N5)CC(F)(F)F,1,1,8.0,8.0,10.0,10.0,IC50,PubChem,130375983.0,,,high_potency_<=100nM,True,True,0.9303908880011942,high
CCC(=O)O[C@H]1CCC[C@@H]1C(C#N)(C1CCN(CC2CN(C2)c2ccc(cc2)S(=O)(=O)c2ccncc2)CC1)c1ccccc1,1,1,8.0,8.0,10.0,10.0,IC50,BindingDB,480135,Menin,,high_potency_<=100nM,True,True,0.7766182915725107,high
CCC(=O)O[C@H]1CCC[C@@H]1C(C#N)(c1ccccc1)C1CCN(CC2CN(c3ccc(S(=O)(=O)c4ccncc4)cc3)C2)CC1,1,1,8.0,8.0,10.0,10.0,IC50,ChEMBL,CHEMBL5800169,Menin,2021,high_potency_<=100nM,True,True,0.793230736829833,high
CCN1Cc2ccccc2C(C1)(C1CCCC1)C1CCN(CC2CN(C2)c2ccc(cc2)S(=O)(=O)c2ccn(C)c2)CC1,1,1,8.0,8.0,10.0,10.0,IC50,BindingDB,480050,Menin,,high_potency_<=100nM,True,True,0.8808970138073204,high
CCN1Cc2ccccc2C(C2CCCC2)(C2CCN(CC3CN(c4ccc(S(=O)(=O)c5ccn(C)c5)cc4)C3)CC2)C1,1,1,8.0,8.0,10.0,10.0,IC50,ChEMBL,CHEMBL5830698,Menin,2021,high_potency_<=100nM,True,True,0.8609760260173523,high
CN(CCO)c1ccc(CN2CCC3(CCN(C3)c3ncnc4sc(CC(F)(F)F)cc34)C2)cc1,1,1,8.0,8.0,10.0,10.0,IC50,BindingDB,50321316,Menin,,high_potency_<=100nM,True,True,0.9546822124168236,high
CN(CCO)c1ccc(CN2CCC3(CCN(c4ncnc5sc(CC(F)(F)F)cc45)C3)C2)cc1,1,1,8.0,8.0,10.0,10.0,IC50,ChEMBL,CHEMBL4163807,Menin,2018,high_potency_<=100nM,True,True,0.9460201385703703,high
CNC(=O)N[C@H]1CCC[C@@H]1C1(C2CCN(CC3CN(c4ccc(S(=O)(=O)C5CC5)cc4)C3)CC2)CN(C)Cc2ccccc21,1,1,8.0,8.0,10.0,10.0,IC50,ChEMBL,CHEMBL5813719,Menin,2021,high_potency_<=100nM,True,True,0.6846553727823895,medium
CNC(=O)N[C@H]1CCC[C@@H]1C1(CN(C)Cc2ccccc12)C1CCN(CC2CN(C2)c2ccc(cc2)S(=O)(=O)C2CC2)CC1,1,1,8.0,8.0,10.0,10.0,IC50,BindingDB,480222,Menin,,high_potency_<=100nM,True,True,0.8068747228559021,high
COC(=O)N[C@H]1CCC[C@@H]1[C@@](C#N)(C1CCN(CC2CN(C2)c2ccc(cc2)S(=O)(=O)C2CCCN(C2)C(=O)C=C)CC1)c1cccc(F)c1,1,1,8.0,8.0,10.0,10.0,IC50,BindingDB,506369,Menin,,high_potency_<=100nM,True,True,0.8287499040530475,high
Cc1c(CN2CCC(CC2)Nc2ncnc3sc(CC(F)(F)F)cc23)ccc2n(CCN3CCN(CC3)C(=O)CF)c(cc12)C#N,1,1,8.0,8.0,10.0,10.0,IC50,BindingDB,50455865,Menin,,high_potency_<=100nM,True,True,0.9657238794813829,high
Cc1c(CN2CCC(Nc3ncnc4sc(CC(F)(F)F)cc34)CC2)ccc2c1cc(C#N)n2CCN1CCN(C(=O)CF)CC1,1,1,8.0,8.0,10.0,10.0,IC50,ChEMBL,CHEMBL4211318,Menin,2018,high_potency_<=100nM,True,True,0.9334039265146271,high
FC(F)(F)Cc1cc2c(ncnc2s1)N1CCC2(CCN(Cc3ccc(NC(=O)C=C)cc3)C2)C1,1,1,8.0,8.0,10.0,10.0,IC50,BindingDB,50311849,Menin,,high_potency_<=100nM,True,True,0.8449580478282366,high
FC(F)Cc1cc2c(N3CCC4(CCN(Cc5ccc(N6CCOCC6)cc5)C4)C3)ncnc2s1,1,1,8.0,8.0,10.0,10.0,IC50,ChEMBL,CHEMBL4174165,Menin,2018,high_potency_<=100nM,True,True,0.8633792959961315,high
FC(F)Cc1cc2c(ncnc2s1)N1CCC2(CCN(Cc3ccc(cc3)N3CCOCC3)C2)C1,1,1,8.0,8.0,10.0,10.0,IC50,BindingDB,50321315,Menin,,high_potency_<=100nM,True,True,0.8795623712695054,high
NS(=O)(=O)Cc1ccc(CN2CCC3(CCN(C3)c3ncnc4cc(CC(F)(F)F)sc34)C2)cc1,1,1,8.0,8.0,10.0,10.0,IC50,BindingDB,50311840,Menin,,high_potency_<=100nM,True,True,0.9172103356015959,high
NS(=O)(=O)Cc1ccc(CN2CCC3(CCN(c4ncnc5cc(CC(F)(F)F)sc45)C3)C2)cc1,1,1,8.0,8.0,10.0,10.0,IC50,ChEMBL,CHEMBL4174529,Menin,2018,high_potency_<=100nM,True,True,0.9268362669610267,high
O=S(=O)(Cc1ccc(CN2CCC3(CCN(c4ncnc5sc(CC(F)(F)F)cc45)C3)C2)cc1)NCCO,1,1,8.0,8.0,10.0,10.0,IC50,ChEMBL,CHEMBL4163173,Menin,2018,high_potency_<=100nM,True,True,0.9700640143347974,high
OCCNS(=O)(=O)Cc1ccc(CN2CCC3(CCN(C3)c3ncnc4sc(CC(F)(F)F)cc34)C2)cc1,1,1,8.0,8.0,10.0,10.0,IC50,BindingDB,50311844,Menin,,high_potency_<=100nM,True,True,0.9131534798140084,high
CC(C)N(C(C)C)C(=O)C1=C(C=CC(=C1)F)OC2=C(N=CN=N2)N3CC4(C3)CCN(CC4)CC5CCC6(CC5)C[C@H](C(=O)C6)C(C)(C)O,1,1,7.987162775294828,7.987162775294828,10.3,10.3,IC50,PubChem,176456331.0,Histone-lysine N-methyltransferase 2A,,high_potency_<=100nM,True,True,0.605625859286511,medium
C1CCC(C1)C2(CN(CC3=CC=CC=C32)CCN4CCOCC4)C5CCN(CC5)CC6CN(C6)C7=CC=C(C=C7)S(=O)(=O)C8=CC=NC=C8,3,1,7.958607314841775,8.568636235841012,11.0,2.7,IC50;Ki,PubChem,132104735.0,,,high_potency_<=100nM,True,True,0.8776251158974332,high
CNC(=O)O[C@H]1CCC[C@@H]1[C@@](C#N)(C2CCN(CC2)CC3CN(C3)C4=CC=C(C=C4)C#N)C5=CC=CC=C5,3,1,7.958607314841775,8.568636235841012,11.0,2.7,IC50;Ki,PubChem,155526758.0,,,high_potency_<=100nM,True,True,0.5966281979200025,medium
O=S(=O)(c1ccncc1)c1ccc(N2CC(CN3CCC(C4(C5CCCC5)CN(CCN5CCOCC5)Cc5ccccc54)CC3)C2)cc1,3,1,7.958607314841775,8.568636235841012,11.0,2.7,IC50;Ki,ChEMBL,CHEMBL4444304,Menin,2019;2021,high_potency_<=100nM,True,True,0.8903895299583677,high
O=S(=O)(c1ccncc1)c1ccc(cc1)N1CC(CN2CCC(CC2)C2(CN(CCN3CCOCC3)Cc3ccccc23)C2CCCC2)C1,3,1,7.958607314841775,8.568636235841012,11.0,2.7,IC50;Ki,BindingDB,50516574,Menin,,high_potency_<=100nM,True,True,0.9294518835133111,high
C=CC(=O)N1CCC(S(=O)(=O)c2ccc(N3CC(CN4CCC([C@@](C#N)(c5cccc(F)c5)[C@H]5CCC[C@@H]5NC(=O)OC)CC4)C3)cc2)C1,1,1,7.958607314841775,7.958607314841775,11.0,11.0,IC50,ChEMBL,CHEMBL5786968,Menin,2021,high_potency_<=100nM,True,True,0.47399728359307136,medium
CCN1Cc2ccccc2C(C1)(C1CCCC1)C1CCN(CC2CN(C2)c2ccc(cc2)S(=O)(=O)c2cnn(C)c2)CC1,1,1,7.958607314841775,7.958607314841775,11.0,11.0,IC50,BindingDB,480051,Menin,,high_potency_<=100nM,True,True,0.8198505024113316,high
CCN1Cc2ccccc2C(C1)([C@H]1CCC[C@@H]1NC(=O)NC)C1CCN(CC2CN(C2)c2ccc(cc2)S(=O)(=O)c2ccn(C)c2)CC1,1,1,7.958607314841775,7.958607314841775,11.0,11.0,IC50,BindingDB,480313,Menin,,high_potency_<=100nM,True,True,0.8007101226172673,high
CCN1Cc2ccccc2C(C1)([C@H]1CCC[C@@H]1NC(C)=O)C1CCN(CC2CN(C2)c2ccc(cc2)S(=O)(=O)c2cnn(C)c2)CC1,1,1,7.958607314841775,7.958607314841775,11.0,11.0,IC50,BindingDB,480231,Menin,,high_potency_<=100nM,True,True,0.7476237291679942,high
CCN1Cc2ccccc2C(C2CCCC2)(C2CCN(CC3CN(c4ccc(S(=O)(=O)c5cnn(C)c5)cc4)C3)CC2)C1,1,1,7.958607314841775,7.958607314841775,11.0,11.0,IC50,ChEMBL,CHEMBL5862439,Menin,2021,high_potency_<=100nM,True,True,0.7889725894234607,high
CCN1Cc2ccccc2C(C2CCN(CC3CN(c4ccc(S(=O)(=O)c5ccn(C)c5)cc4)C3)CC2)([C@H]2CCC[C@@H]2NC(=O)NC)C1,1,1,7.958607314841775,7.958607314841775,11.0,11.0,IC50,ChEMBL,CHEMBL5890210,Menin,2021,high_potency_<=100nM,True,True,0.7784968825989246,high
CCN1Cc2ccccc2C(C2CCN(CC3CN(c4ccc(S(=O)(=O)c5cnn(C)c5)cc4)C3)CC2)([C@H]2CCC[C@@H]2NC(C)=O)C1,1,1,7.958607314841775,7.958607314841775,11.0,11.0,IC50,ChEMBL,CHEMBL5912352,Menin,2021,high_potency_<=100nM,True,True,0.7216723723944736,high
CNC(=O)N[C@H]1CCC[C@@H]1C1(C2CCN(CC3CN(c4ccc(S(=O)(=O)c5cnn(C)c5)cc4)C3)CC2)CN(C)Cc2ccccc21,1,1,7.958607314841775,7.958607314841775,11.0,11.0,IC50,ChEMBL,CHEMBL5949746,Menin,2021,high_potency_<=100nM,True,True,0.6742633883649712,medium
CNC(=O)N[C@H]1CCC[C@@H]1C1(CN(C)Cc2ccccc12)C1CCN(CC2CN(C2)c2ccc(cc2)S(=O)(=O)c2cnn(C)c2)CC1,1,1,7.958607314841775,7.958607314841775,11.0,11.0,IC50,BindingDB,480223,Menin,,high_potency_<=100nM,True,True,0.7948568226242991,high
COC(=O)N[C@H]1CCC[C@@H]1C(C#N)(C1CCN(CC2CN(C2)c2ccc(cc2)S(=O)(=O)c2ccncc2)CC1)c1ccccc1,1,1,7.958607314841775,7.958607314841775,11.0,11.0,IC50,BindingDB,480283,Menin,,high_potency_<=100nM,True,True,0.830897750142456,high
COC(=O)N[C@H]1CCC[C@@H]1C(C#N)(c1ccccc1)C1CCN(CC2CN(c3ccc(S(=O)(=O)c4ccncc4)cc3)C2)CC1,1,1,7.958607314841775,7.958607314841775,11.0,11.0,IC50,ChEMBL,CHEMBL5938342,Menin,2021,high_potency_<=100nM,True,True,0.8477474693445691,high
COC(=O)N[C@H]1CCC[C@@H]1[C@@](C#N)(C1CCN(CC2CN(C2)c2ccc(cc2)S(=O)(=O)C2CCN(C2)C(=O)C=C)CC1)c1cccc(F)c1,1,1,7.958607314841775,7.958607314841775,11.0,11.0,IC50,BindingDB,506368,Menin,,high_potency_<=100nM,True,True,0.7996686984293399,high
FC(F)(F)Cc1cc2c(N3CC4(CN(C4)C(=O)[C@H]4N[C@H]5C[C@@H]4C(F)(F)C5)C3)c(cnc2s1)C#N,1,1,7.958607314841775,7.958607314841775,11.0,11.0,IC50,BindingDB,554136,Histone-lysine N-methyltransferase 2A/Menin,,high_potency_<=100nM,True,True,0.5634170971819312,medium
FC(F)(F)Cc1cc2c(N3CC4(CN(C4)C(=O)[C@H]4N[C@@H]5CC[C@H]4C5)C3)c(cnc2s1)C#N,1,1,7.943095148663527,7.943095148663527,11.4,11.4,IC50,BindingDB,554133,Histone-lysine N-methyltransferase 2A/Menin,,high_potency_<=100nM,True,True,0.5982224660170479,medium
O=S(=O)(c1ccccc1)c1ccc(N2CC(CN3CCC(C4(C5CCCC5)NCCc5ccccc54)CC3)C2)cc1,3,1,7.920818753952375,8.2518119729938,12.0,5.6,IC50;Ki,ChEMBL,CHEMBL4436641,Menin,2019;2021,high_potency_<=100nM,True,True,0.8657143306663333,high
O=S(=O)(c1ccccc1)c1ccc(cc1)N1CC(CN2CCC(CC2)C2(NCCc3ccccc23)C2CCCC2)C1,3,1,7.920818753952375,8.2518119729938,12.0,5.6,IC50;Ki,BindingDB,50516566,Menin,,high_potency_<=100nM,True,True,0.9316358001565365,high
CCN1Cc2ccccc2C(C1)(C1CCCC1)C1CCN(CC2CN(C2)c2ccc(cc2)S(=O)(=O)c2cnn(CC)c2)CC1,1,1,7.920818753952375,7.920818753952375,12.0,12.0,IC50,BindingDB,480052,Menin,,high_potency_<=100nM,True,True,0.8408418425217905,high
CCN1Cc2ccccc2C(C2CCCC2)(C2CCN(CC3CN(c4ccc(S(=O)(=O)c5cnn(CC)c5)cc4)C3)CC2)C1,1,1,7.920818753952375,7.920818753952375,12.0,12.0,IC50,ChEMBL,CHEMBL5751959,Menin,2021,high_potency_<=100nM,True,True,0.8143014325474486,high
CN(C)C(=O)N[C@H]1CCC[C@@H]1C(C#N)(C1CCN(CC2CN(C2)c2ccc(cc2)S(=O)(=O)c2ccncc2)CC1)c1ccccc1,1,1,7.920818753952375,7.920818753952375,12.0,12.0,IC50,BindingDB,480214,Menin,,high_potency_<=100nM,True,True,0.8391544456058283,high
CN(C)C(=O)N[C@H]1CCC[C@@H]1C(C#N)(c1ccccc1)C1CCN(CC2CN(c3ccc(S(=O)(=O)c4ccncc4)cc3)C2)CC1,1,1,7.920818753952375,7.920818753952375,12.0,12.0,IC50,ChEMBL,CHEMBL5753605,Menin,2021,high_potency_<=100nM,True,True,0.8530826649216028,high
CN1Cc2ccccc2C(C1)(C1CCCC1)C1CCN(CC2CN(C2)c2ccc(cc2)S(=O)(=O)C2CC2)CC1,1,1,7.920818753952375,7.920818753952375,12.0,12.0,IC50,BindingDB,480020,Menin,,high_potency_<=100nM,True,True,0.7878244385163337,high
CN1Cc2ccccc2C(C2CCCC2)(C2CCN(CC3CN(c4ccc(S(=O)(=O)C5CC5)cc4)C3)CC2)C1,1,1,7.920818753952375,7.920818753952375,12.0,12.0,IC50,ChEMBL,CHEMBL5984748,Menin,2021,high_potency_<=100nM,True,True,0.7493895175502293,high
CNC(=O)N[C@H]1CCC[C@@H]1C1(C2CCN(CC3CN(c4ccc(S(=O)(=O)C5CC5)cc4)C3)CC2)CN(C(C)C)Cc2ccccc21,1,1,7.920818753952375,7.920818753952375,12.0,12.0,IC50,ChEMBL,CHEMBL5800854,Menin,2021,high_potency_<=100nM,True,True,0.6817628460862254,medium
CNC(=O)N[C@H]1CCC[C@@H]1C1(CN(Cc2ccccc12)C(C)C)C1CCN(CC2CN(C2)c2ccc(cc2)S(=O)(=O)C2CC2)CC1,1,1,7.920818753952375,7.920818753952375,12.0,12.0,IC50,BindingDB,480227,Menin,,high_potency_<=100nM,True,True,0.821248873110238,high
CNC(=O)O[C@H]1CCC[C@@H]1C(Cn1cccc1)(C1CCN(CC2CN(C2)c2ccc(cc2)S(=O)(=O)c2ccccc2)CC1)c1ccccc1,1,1,7.920818753952375,7.920818753952375,12.0,12.0,IC50,BindingDB,480297,Menin,,high_potency_<=100nM,True,True,0.8477616069256395,high
CNC(=O)O[C@H]1CCC[C@@H]1C(Cn1cccc1)(c1ccccc1)C1CCN(CC2CN(c3ccc(S(=O)(=O)c4ccccc4)cc3)C2)CC1,1,1,7.920818753952375,7.920818753952375,12.0,12.0,IC50,ChEMBL,CHEMBL5978180,Menin,2021,high_potency_<=100nM,True,True,0.8744060773542777,high
CNC(=O)O[C@H]1CCC[C@@H]1C(Cn1ccnc1)(C1CCN(CC2CN(C2)c2ccc(cc2)S(=O)(=O)c2ccccc2)CC1)c1ccccc1,1,1,7.920818753952375,7.920818753952375,12.0,12.0,IC50,BindingDB,480175,Menin,,high_potency_<=100nM,True,True,0.7990766914243655,high
CNC(=O)O[C@H]1CCC[C@@H]1C(Cn1ccnc1)(c1ccccc1)C1CCN(CC2CN(c3ccc(S(=O)(=O)c4ccccc4)cc3)C2)CC1,1,1,7.920818753952375,7.920818753952375,12.0,12.0,IC50,ChEMBL,CHEMBL5852741,Menin,2021,high_potency_<=100nM,True,True,0.8350546601447206,high
COC(=O)N[C@H]1CCC[C@@H]1C(C#N)(C1CCN(CC2CN(C2)c2ccc(cc2)S(=O)(=O)C2CC3CCC2C3)CC1)c1ccccc1,1,1,7.920818753952375,7.920818753952375,12.0,12.0,IC50,BindingDB,480331,Menin,,high_potency_<=100nM,True,True,0.8618916180641535,high
COC(=O)N[C@H]1CCC[C@@H]1C(C#N)(c1ccccc1)C1CCN(CC2CN(c3ccc(S(=O)(=O)C4CC5CCC4C5)cc3)C2)CC1,1,1,7.920818753952375,7.920818753952375,12.0,12.0,IC50,ChEMBL,CHEMBL5960140,Menin,2021,high_potency_<=100nM,True,True,0.9130500233472468,high
CCN(C(C)C)C(=O)C1=C(C=CC(=C1)F)OC2=C(N=CN=N2)N3CC4(C3)CCN(CC4)CC5CCC6(CC5)C[C@@H](C(=O)C6)COC,1,1,7.889410289700751,7.889410289700751,12.9,12.9,IC50,PubChem,176456298.0,Histone-lysine N-methyltransferase 2A,,high_potency_<=100nM,True,True,0.6186898151705171,medium
O=S(=O)(C1CCCC1)c1ccc(cc1)N1CC(CN2CCC(CC2)C2(NCCc3ccccc23)C2CCCC2)C1,3,1,7.886056647693163,8.337242168318426,13.0,4.6,IC50;Ki,BindingDB,50516564,Menin,,high_potency_<=100nM,True,True,0.9261956155379132,high
O=S(=O)(c1ccc(N2CC(CN3CCC(C4(C5CCCC5)NCCc5ccccc54)CC3)C2)cc1)C1CCCC1,3,1,7.886056647693163,8.337242168318426,13.0,4.6,IC50;Ki,ChEMBL,CHEMBL4459554,Menin,2019;2021,high_potency_<=100nM,True,True,0.8525089465752141,high
CC(=O)N[C@H]1CCC[C@@H]1C(Cn1ccnc1)(C1CCN(CC2CN(C2)c2ccc(cc2)S(=O)(=O)c2ccccc2)CC1)c1ccccc1,1,1,7.886056647693163,7.886056647693163,13.0,13.0,IC50,BindingDB,480319,Menin,,high_potency_<=100nM,True,True,0.8516002422987414,high
CC(=O)N[C@H]1CCC[C@@H]1C(Cn1ccnc1)(c1ccccc1)C1CCN(CC2CN(c3ccc(S(=O)(=O)c4ccccc4)cc3)C2)CC1,1,1,7.886056647693163,7.886056647693163,13.0,13.0,IC50,ChEMBL,CHEMBL5805666,Menin,2021,high_potency_<=100nM,True,True,0.8793438655460746,high
CC(=O)O[C@H]1CCC[C@@H]1C(C#N)(C1CCN(CC2CN(C2)c2ccc(cc2)S(=O)(=O)c2ccccc2)CC1)c1cccc(F)c1,1,1,7.886056647693163,7.886056647693163,13.0,13.0,IC50,BindingDB,480251,Menin,,high_potency_<=100nM,True,True,0.8233214667574801,high
CC(=O)O[C@H]1CCC[C@@H]1C(C#N)(c1cccc(F)c1)C1CCN(CC2CN(c3ccc(S(=O)(=O)c4ccccc4)cc3)C2)CC1,1,1,7.886056647693163,7.886056647693163,13.0,13.0,IC50,ChEMBL,CHEMBL5993949,Menin,2021,high_potency_<=100nM,True,True,0.8356400620080038,high
CC1=C(C=CC2=C1C=C(N2CCN3CCN(CC3)C)C#N)CN4CCC(CC4)NC5=C6C=C(SC6=NC=N5)CC(F)(F)F,1,1,7.886056647693163,7.886056647693163,13.0,13.0,IC50,PubChem,117636565.0,,,high_potency_<=100nM,True,True,0.9413622838283089,high
CC1=C(C=CC2=C1C=C(N2CCN3CCN(CC3)C=O)C#N)CN4CCC(CC4)NC5=C6C=C(SC6=NC=N5)CC(F)(F)F,1,1,7.886056647693163,7.886056647693163,13.0,13.0,IC50,PubChem,117636602.0,,,high_potency_<=100nM,True,True,0.8988806064703596,high
CC1=C(C=CC2=C1C=C(N2CCN3CCN(CC3)S(=O)(=O)C)C#N)CN4CCC(CC4)NC5=C6C=C(SC6=NC=N5)CC(F)(F)F,1,1,7.886056647693163,7.886056647693163,13.0,13.0,IC50,PubChem,118888688.0,,,high_potency_<=100nM,True,True,0.8760629041024011,high
CN1CCN(CCn2c(cc3c(C)c(CN4CCC(CC4)Nc4ncnc5sc(CC(F)(F)F)cc45)ccc23)C#N)CC1,1,1,7.886056647693163,7.886056647693163,13.0,13.0,IC50,BindingDB,50455862,Menin,,high_potency_<=100nM,True,True,0.9716598589633573,high
CNC(=O)O[C@H]1CCC[C@@H]1C(C#N)(C1CCN(CC2CN(C2)c2ccc(cc2)[N+]([O-])=O)CC1)c1ccccc1,1,1,7.886056647693163,7.886056647693163,13.0,13.0,IC50,BindingDB,480323,Menin,,high_potency_<=100nM,True,True,0.5725943432637091,medium
CNC(=O)O[C@H]1CCC[C@@H]1C(C#N)(c1ccccc1)C1CCN(CC2CN(c3ccc([N+](=O)[O-])cc3)C2)CC1,1,1,7.886056647693163,7.886056647693163,13.0,13.0,IC50,ChEMBL,CHEMBL6022195,Menin,2021,high_potency_<=100nM,True,True,0.7276526878632821,high
Cc1c(CN2CCC(CC2)Nc2ncnc3sc(CC(F)(F)F)cc23)ccc2n(CCN3CCN(CC3)C=O)c(cc12)C#N,1,1,7.886056647693163,7.886056647693163,13.0,13.0,IC50,BindingDB,50455881,Menin,,high_potency_<=100nM,True,True,0.9554643965205458,high
Cc1c(CN2CCC(CC2)Nc2ncnc3sc(CC(F)(F)F)cc23)ccc2n(CCN3CCN(CC3)S(C)(=O)=O)c(cc12)C#N,1,1,7.886056647693163,7.886056647693163,13.0,13.0,IC50,BindingDB,50455883,Menin,,high_potency_<=100nM,True,True,0.9564237870667002,high
Cc1c(CN2CCC(Nc3ncnc4sc(CC(F)(F)F)cc34)CC2)ccc2c1cc(C#N)n2CCN1CCN(C)CC1,1,1,7.886056647693163,7.886056647693163,13.0,13.0,IC50,ChEMBL,CHEMBL4207527,Menin,2018,high_potency_<=100nM,True,True,0.9694754296364413,high
Cc1c(CN2CCC(Nc3ncnc4sc(CC(F)(F)F)cc34)CC2)ccc2c1cc(C#N)n2CCN1CCN(C=O)CC1,1,1,7.886056647693163,7.886056647693163,13.0,13.0,IC50,ChEMBL,CHEMBL4204254,Menin,2018,high_potency_<=100nM,True,True,0.928374107893269,high
Cc1c(CN2CCC(Nc3ncnc4sc(CC(F)(F)F)cc34)CC2)ccc2c1cc(C#N)n2CCN1CCN(S(C)(=O)=O)CC1,1,1,7.886056647693163,7.886056647693163,13.0,13.0,IC50,ChEMBL,CHEMBL4207749,Menin,2018,high_potency_<=100nM,True,True,0.9177547730333344,high
N[C@H]1CCCCCCCCNC(=O)[C@@H]2CCCN2C(=O)[C@H](CCCNC(N)=N)NC(=O)C2(CCC2)NC(=O)[C@@H]2CCCN2C(=O)[C@H](Cc2cccc(F)c2)NC1=O,2,1,7.884775539310863,8.167491087293763,15.9,6.8,IC50;Ki,BindingDB,50489255,Menin,,high_potency_<=100nM,True,True,0.4313304090347712,medium
N=C(N)NCCC[C@@H]1NC(=O)C2(CCC2)NC(=O)[C@@H]2CCCN2C(=O)[C@H](Cc2cccc(F)c2)NC(=O)[C@@H](N)CCCCCCCCNC(=O)[C@@H]2CCCN2C1=O,2,1,7.883908682906363,8.167491087293763,15.95,6.8,IC50;Ki,ChEMBL,CHEMBL2314816,Menin,2013,high_potency_<=100nM,True,True,0.41548769665837376,medium
CC(=O)N[C@@H](CCCNC(=N)N)C(=O)N[C@@H](Cc1c[nH]c2ccccc12)C(=O)N[C@H]1CCCCCCCCNC(=O)[C@@H]2CCCN2C(=O)[C@H](CCCNC(=N)N)NC(=O)[C@H](C)NC(=O)[C@@H]2CCCN2C(=O)[C@H](Cc2ccccc2)NC1=O,2,1,7.881605450295353,8.161150909262744,15.95,6.9,IC50;Ki,ChEMBL,CHEMBL2314833,Menin,2013,high_potency_<=100nM,True,True,0.5304632590535197,medium
C[C@@H]1NC(=O)[C@@H]2CCCN2C(=O)[C@H](Cc2ccccc2)NC(=O)[C@H](CCCCCCCCNC(=O)[C@@H]2CCCN2C(=O)[C@H](CCCNC(N)=N)NC1=O)NC(=O)[C@H](Cc1c[nH]c2ccccc12)NC(=O)[C@H](CCCNC(N)=N)NC(C)=O,2,1,7.881605450295353,8.161150909262744,15.95,6.9,IC50;Ki,BindingDB,50489248,Menin,,high_potency_<=100nM,True,True,0.4045400674891843,medium
F[C@H]1C[C@@H]2CC[C@H]1[C@H](N2)C(=O)N1CC2(C1)CN(C2)c1c(cnc2sc(CC(F)(F)F)cc12)C(F)(F)F,1,1,7.876148359032914,7.876148359032914,13.3,13.3,IC50,BindingDB,554059,Histone-lysine N-methyltransferase 2A/Menin,,high_potency_<=100nM,True,True,0.7358723650728374,high
CC1=C(C=CC2=C1C=C(N2CCC3CCNCC3)C#N)CN4CCC(CC4)NC5=C6C=C(SC6=NC=N5)CC(F)(F)F,1,1,7.853871964321762,7.853871964321762,14.0,14.0,IC50,PubChem,117636542.0,,,high_potency_<=100nM,True,True,0.9417019710313203,high
CNC(=O)O[C@H]1CCC[C@@H]1C(C#N)(C1CCN(CC2CN(C2)c2ccc(cc2)S(=O)(=O)C2CC2)CC1)c1ccccc1,1,1,7.853871964321762,7.853871964321762,14.0,14.0,IC50,BindingDB,480165,Menin,,high_potency_<=100nM,True,True,0.7565726977428194,high
CNC(=O)O[C@H]1CCC[C@@H]1C(C#N)(c1ccccc1)C1CCN(CC2CN(c3ccc(S(=O)(=O)C4CC4)cc3)C2)CC1,1,1,7.853871964321762,7.853871964321762,14.0,14.0,IC50,ChEMBL,CHEMBL6054581,Menin,2021,high_potency_<=100nM,True,True,0.7668545699691877,high
COC(=O)N[C@H]1CCC[C@@H]1C(C#N)(C1CCN(CC2CN(C2)c2ccc(cc2)S(=O)(=O)c2ccccc2)CC1)c1ccccc1,1,1,7.853871964321762,7.853871964321762,14.0,14.0,IC50,BindingDB,480285,Menin,,high_potency_<=100nM,True,True,0.8716376958114076,high
COC(=O)N[C@H]1CCC[C@@H]1C(C#N)(c1ccccc1)C1CCN(CC2CN(c3ccc(S(=O)(=O)c4ccccc4)cc3)C2)CC1,1,1,7.853871964321762,7.853871964321762,14.0,14.0,IC50,ChEMBL,CHEMBL6012114,Menin,2021,high_potency_<=100nM,True,True,0.8997040370589804,high
C[C@@H](C(=O)N[C@@H](CCCN=C(N)N)C(=O)N[C@@H](CC1=CNC2=CC=CC=C21)C(=O)N[C@H]3CCCC[C@H](NC(=O)C4(CCC4)NC(=O)[C@@H]5CCCN5C(=O)[C@@H](NC3=O)CC6=CC(=CC=C6)F)C(=O)N7CCC[C@H]7C(=O)N[C@@H](CCCN)C(=O)N[C@@H](CCCN=C(N)N)C(=O)N)NC(=O)C,1,1,7.853871964321762,7.853871964321762,14.0,14.0,IC50,PubChem,162664286.0,,,high_potency_<=100nM,True,True,0.6013143302327443,medium
Cc1c(CN2CCC(CC2)Nc2ncnc3sc(CC(F)(F)F)cc23)ccc2n(CCC3CCNCC3)c(cc12)C#N,1,1,7.853871964321762,7.853871964321762,14.0,14.0,IC50,BindingDB,50455880,Menin,,high_potency_<=100nM,True,True,0.9740376750662856,high
Cc1c(CN2CCC(Nc3ncnc4sc(CC(F)(F)F)cc34)CC2)ccc2c1cc(C#N)n2CCC1CCNCC1,1,1,7.853871964321762,7.853871964321762,14.0,14.0,IC50,ChEMBL,CHEMBL4209476,Menin,2018,high_potency_<=100nM,True,True,0.9356704718167835,high
N#CC(c1ccccc1)(C1CCN(CC2CN(c3ccc(S(=O)(=O)c4ccccc4)cc3)C2)CC1)[C@H]1CCC[C@@H]1OC(N)=O,1,1,7.853871964321762,7.853871964321762,14.0,14.0,IC50,ChEMBL,CHEMBL5948781,Menin,2021,high_potency_<=100nM,True,True,0.8350037513792528,high
NC(=O)O[C@H]1CCC[C@@H]1C(C#N)(C1CCN(CC2CN(C2)c2ccc(cc2)S(=O)(=O)c2ccccc2)CC1)c1ccccc1,1,1,7.853871964321762,7.853871964321762,14.0,14.0,IC50,BindingDB,480162,Menin,,high_potency_<=100nM,True,True,0.8050346249018802,high
CC(C)N(C(C)C)C(=O)C1=C(C=CC(=C1)F)OC2=CN=CN=C2N3CC4(C3)CCN(CC4)CC5CCC6(CC5)CC(=O)C(C6)(C)C,2,1,7.85035533295616,7.920818753952375,14.3,12.0,IC50,PubChem,176456288.0,Histone-lysine N-methyltransferase 2A,,high_potency_<=100nM,True,True,0.6664062066758589,medium
CNC(=O)O[C@H]1CCC[C@@H]1C(Cn1ccnc1)(C1CCN(CC2CN(C2)c2ccc(cc2)S(=O)(=O)c2ccc(OC=O)cc2)CC1)c1ccccc1,2,1,7.832773124424534,8.096910013008056,17.5,8.0,IC50,BindingDB,480300,Menin,,high_potency_<=100nM,True,True,0.6650857583506639,medium
CNC(=O)O[C@H]1CCC[C@@H]1C(Cn1ccnc1)(c1ccccc1)C1CCN(CC2CN(c3ccc(S(=O)(=O)c4ccc(OC=O)cc4)cc3)C2)CC1,2,1,7.832773124424534,8.096910013008056,17.5,8.0,IC50,ChEMBL,CHEMBL5788808,Menin,2021,high_potency_<=100nM,True,True,0.6767891221328282,medium
CCN(C(C)C)C(=O)C1=C(C=CC(=C1)F)OC2=C(N=CN=N2)N3CC4(C3)CCN(CC4)CC5CCC6(CC5)CC(C(=O)C6)C,3,1,7.829738284605043,7.966576244513051,14.8,10.8,IC50,PubChem,176456303.0,Histone-lysine N-methyltransferase 2A,,high_potency_<=100nM,True,True,0.6362421181400322,medium
O=S(=O)(c1ccncc1)c1ccc(N2CC(CN3CCC(C4(C5CCCC5)NCCc5ccccc54)CC3)C2)cc1,3,1,7.823908740944319,8.337242168318426,15.0,4.6,IC50;Ki,ChEMBL,CHEMBL4476073,Menin,2019;2021,high_potency_<=100nM,True,True,0.8530756021911755,high
O=S(=O)(c1ccncc1)c1ccc(cc1)N1CC(CN2CCC(CC2)C2(NCCc3ccccc23)C2CCCC2)C1,3,1,7.823908740944319,8.337242168318426,15.0,4.6,IC50;Ki,BindingDB,50516553,Menin,,high_potency_<=100nM,True,True,0.9291781462339608,high
CC1=C(C=CC2=C1C=C(N2CCN3CCNCC3)C#N)CN4CCC(CC4)NC5=C6C=C(SC6=NC=N5)CC(F)(F)F,1,1,7.823908740944319,7.823908740944319,15.0,15.0,IC50,PubChem,117636564.0,,,high_potency_<=100nM,True,True,0.8882533842340776,high
CCN1Cc2ccccc2C(C1)(C1CCCC1)C1CCN(CC2CN(C2)c2ccc(cc2)S(=O)(=O)C(F)(F)F)CC1,1,1,7.823908740944319,7.823908740944319,15.0,15.0,IC50,BindingDB,480091,Menin,,high_potency_<=100nM,True,True,0.838627774548706,high
CCN1Cc2ccccc2C(C2CCCC2)(C2CCN(CC3CN(c4ccc(S(=O)(=O)C(F)(F)F)cc4)C3)CC2)C1,1,1,7.823908740944319,7.823908740944319,15.0,15.0,IC50,ChEMBL,CHEMBL5837749,Menin,2021,high_potency_<=100nM,True,True,0.8464709881441176,high
CNS(=O)(=O)c1ccc(N2CC(CN3CCC(C4(C5CCCC5)NCCc5c(F)cccc54)CC3)C2)cc1,1,1,7.823908740944319,7.823908740944319,15.0,15.0,IC50,ChEMBL,CHEMBL5914463,Menin,2021,high_potency_<=100nM,True,True,0.6677748978470514,medium
CNS(=O)(=O)c1ccc(cc1)N1CC(CN2CCC(CC2)C2(NCCc3c(F)cccc23)C2CCCC2)C1,1,1,7.823908740944319,7.823908740944319,15.0,15.0,IC50,BindingDB,480068,Menin,,high_potency_<=100nM,True,True,0.8434484966778724,high
COC(=O)N[C@H]1CCC[C@@H]1C(C#N)(C1CCN(CC2CN(C2)c2ccc(cc2)S(=O)(=O)c2ccc(F)cc2)CC1)c1ccccc1,1,1,7.823908740944319,7.823908740944319,15.0,15.0,IC50,BindingDB,480329,Menin,,high_potency_<=100nM,True,True,0.8870484007711646,high
COC(=O)N[C@H]1CCC[C@@H]1C(C#N)(C1CCN(CC2CN(C2)c2ccc(cc2)S(=O)(=O)c2ccc(cc2)C(O)=O)CC1)c1ccccc1,1,1,7.823908740944319,7.823908740944319,15.0,15.0,IC50,BindingDB,480289,Menin,,high_potency_<=100nM,True,True,0.770170464374402,high
COC(=O)N[C@H]1CCC[C@@H]1C(C#N)(C1CCN(CC2CN(C2)c2ccc(cc2)S(=O)(=O)c2cnn(C)c2)CC1)c1ccccc1,1,1,7.823908740944319,7.823908740944319,15.0,15.0,IC50,BindingDB,480287,Menin,,high_potency_<=100nM,True,True,0.8308424055516835,high
COC(=O)N[C@H]1CCC[C@@H]1C(C#N)(c1ccccc1)C1CCN(CC2CN(c3ccc(S(=O)(=O)c4ccc(C(=O)O)cc4)cc3)C2)CC1,1,1,7.823908740944319,7.823908740944319,15.0,15.0,IC50,ChEMBL,CHEMBL5913912,Menin,2021,high_potency_<=100nM,True,True,0.5992526269642601,medium
COC(=O)N[C@H]1CCC[C@@H]1C(C#N)(c1ccccc1)C1CCN(CC2CN(c3ccc(S(=O)(=O)c4ccc(F)cc4)cc3)C2)CC1,1,1,7.823908740944319,7.823908740944319,15.0,15.0,IC50,ChEMBL,CHEMBL5746682,Menin,2021,high_potency_<=100nM,True,True,0.89626191583045,high
COC(=O)N[C@H]1CCC[C@@H]1C(C#N)(c1ccccc1)C1CCN(CC2CN(c3ccc(S(=O)(=O)c4cnn(C)c4)cc3)C2)CC1,1,1,7.823908740944319,7.823908740944319,15.0,15.0,IC50,ChEMBL,CHEMBL6042537,Menin,2021,high_potency_<=100nM,True,True,0.830433708004842,high
Cc1c(CN2CCC(CC2)Nc2ncnc3sc(CC(F)(F)F)cc23)ccc2n(CCN3CCNCC3)c(cc12)C#N,1,1,7.823908740944319,7.823908740944319,15.0,15.0,IC50,BindingDB,50455860,Menin,,high_potency_<=100nM,True,True,0.9546194699889772,high
Cc1c(CN2CCC(Nc3ncnc4sc(CC(F)(F)F)cc34)CC2)ccc2c1cc(C#N)n2CCN1CCNCC1,1,1,7.823908740944319,7.823908740944319,15.0,15.0,IC50,ChEMBL,CHEMBL4203695,Menin,2018,high_potency_<=100nM,True,True,0.9403225627890257,high
CC(C)N(C1CCC1)C(=O)C2=C(C=CC(=C2)F)OC3=CN=CN=C3N4CC5(C4)CCN(CC5)CC6CCC7(CC6)CC(=O)C(C7)(C)C,2,1,7.81830684312529,8.130768280269024,19.3,7.4,IC50,PubChem,176456289.0,Histone-lysine N-methyltransferase 2A,,high_potency_<=100nM,True,True,0.6527616457027228,medium
COC(=O)N[C@H]1CCC[C@@H]1[C@@](C#N)(C1CCN(CC2CN(C2)c2ccc(cc2)C#N)CC1)c1ccccc1,2,1,7.804091538193376,8.070581074285707,18.75,8.5,IC50;Ki,BindingDB,50516583,Menin,,high_potency_<=100nM,True,True,0.8542733079654408,high
COC(=O)N[C@H]1CCC[C@@H]1[C@](C#N)(c1ccccc1)C1CCN(CC2CN(c3ccc(C#N)cc3)C2)CC1,2,1,7.804091538193376,8.070581074285707,18.75,8.5,IC50;Ki,ChEMBL,CHEMBL4568235,Menin,2019,high_potency_<=100nM,True,True,0.8719169658375417,high
CC(=O)N[C@@H](CO)C(=O)N[C@@H](CCCNC(=N)N)C(=O)N[C@@H](Cc1cc2ccccc2[nH]1)C(=O)N[C@@H](CCCNC(=N)N)C(=O)N[C@@H](Cc1ccccc1)C(=O)N1CCC[C@H]1C(=O)N[C@@H](C)C(=O)N[C@@H](CCCNC(=N)N)C(=O)N1CCC[C@H]1C(=O)NCC(=O)N[C@H](C(=O)NCC(=O)N[C@@H](CCCNC(=N)N)C(=O)N[C@@H](CCCNC(=N)N)C(=O)NCCCCCC(=O)NCCCCCC(=O)N[C@@H](CCCCNC(=O)c1ccc2c(c1)C(=O)OC21c2ccc(O)cc2OC2C=C(O)C=CC21)C(N)=O)[C@@H](C)O,1,1,7.798602875679548,7.798602875679548,15.9,15.9,Kd,ChEMBL,CHEMBL2314821,Menin,2013,high_potency_<=100nM,True,True,0.45640769556036015,medium
CC(=O)O[C@H]1CCC[C@@H]1C(C#N)(C1CCN(CC2CN(C2)c2ccc(cc2)C#N)CC1)c1cccc(F)c1,1,1,7.795880017344075,7.795880017344075,16.0,16.0,IC50,BindingDB,480350,Menin,,high_potency_<=100nM,True,True,0.8568303079966111,high
CC(=O)O[C@H]1CCC[C@@H]1C(C#N)(c1cccc(F)c1)C1CCN(CC2CN(c3ccc(C#N)cc3)C2)CC1,1,1,7.795880017344075,7.795880017344075,16.0,16.0,IC50,ChEMBL,CHEMBL5918038,Menin,2021,high_potency_<=100nM,True,True,0.8195772557211825,high
CCN1Cc2ccccc2C(C1)(C1CCCC1)C1CCN(CC2CN(C2)c2ccc(cc2)S(=O)(=O)c2ccnc(CC)c2)CC1,1,1,7.795880017344075,7.795880017344075,16.0,16.0,IC50,BindingDB,480100,Menin,,high_potency_<=100nM,True,True,0.8707831632821457,high
CCN1Cc2ccccc2C(C1)(C1CCCC1)C1CCN(CC2CN(C2)c2ccc(cc2)S(=O)(=O)c2ccnc(c2)C(F)(F)F)CC1,1,1,7.795880017344075,7.795880017344075,16.0,16.0,IC50,BindingDB,480102,Menin,,high_potency_<=100nM,True,True,0.8807329560880116,high
CCN1Cc2ccccc2C(C2CCCC2)(C2CCN(CC3CN(c4ccc(S(=O)(=O)c5ccnc(C(F)(F)F)c5)cc4)C3)CC2)C1,1,1,7.795880017344075,7.795880017344075,16.0,16.0,IC50,ChEMBL,CHEMBL5790769,Menin,2021,high_potency_<=100nM,True,True,0.856648782992445,high
CCc1cc(S(=O)(=O)c2ccc(N3CC(CN4CCC(C5(C6CCCC6)CN(CC)Cc6ccccc65)CC4)C3)cc2)ccn1,1,1,7.795880017344075,7.795880017344075,16.0,16.0,IC50,ChEMBL,CHEMBL5864891,Menin,2021,high_potency_<=100nM,True,True,0.89685390962301,high
COC(=O)N[C@H]1CCC[C@@H]1C(C#N)(C1CCN(CC2CN(C2)c2ccc(cc2Cl)S(=O)(=O)C2CC2)CC1)c1ccccc1,1,1,7.795880017344075,7.795880017344075,16.0,16.0,IC50,BindingDB,480330,Menin,,high_potency_<=100nM,True,True,0.8580668410126947,high
COC(=O)N[C@H]1CCC[C@@H]1C(C#N)(c1ccccc1)C1CCN(CC2CN(c3ccc(S(=O)(=O)C4CC4)cc3Cl)C2)CC1,1,1,7.795880017344075,7.795880017344075,16.0,16.0,IC50,ChEMBL,CHEMBL5891635,Menin,2021,high_potency_<=100nM,True,True,0.88804766612954,high
C[C@@H](O)[C@H](NC(=O)CNC(=O)[C@@H]1CCCN1C(=O)[C@H](CCCNC(N)=N)NC(=O)[C@H](C)NC(=O)[C@@H]1CCCN1C(=O)[C@H](Cc1ccccc1)NC(=O)[C@H](CCCNC(N)=N)NC(=O)[C@H](Cc1cc2ccccc2[nH]1)NC(=O)[C@H](CCCNC(N)=N)NC(=O)[C@H](CO)NC(C)=O)C(=O)NCC(=O)N[C@@H](CCCNC(N)=N)C(=O)N[C@@H](CCCNC(N)=N)C(=O)NCCCCCC(=O)NCCCCCC(=O)N[C@@H](CCCCNC(=O)c1ccc2c(c1)C(=O)OC21C2C=CC(O)=CC2Oc2cc(O)ccc12)C(N)=O,1,1,7.795880017344075,7.795880017344075,16.0,16.0,Kd,BindingDB,50489223,Menin,,high_potency_<=100nM,True,True,0.303777105786758,medium
CC(C)N(C(C)C)C(=O)C1=C(C=CC(=C1)F)OC2=C(N=CN=N2)N3CC4(C3)CCN(CC4)CC5CCC6(CC5)CC(=O)C(C6)(C)C,1,1,7.787812395596042,7.787812395596042,16.3,16.3,IC50,PubChem,176456290.0,Histone-lysine N-methyltransferase 2A,,high_potency_<=100nM,True,True,0.74952069599467,high
CC(C)N(C(C)C)C(=O)C1=C(C=CC(=C1)F)OC2=C(N=CN=N2)N3CC4(C3)CCN(CC4)CC5CCC6(CC5)C[C@@H](C(=O)C6)COC,1,1,7.787812395596042,7.787812395596042,16.3,16.3,IC50,PubChem,176456300.0,Histone-lysine N-methyltransferase 2A,,high_potency_<=100nM,True,True,0.6069346123463709,medium
CC(C)N(C(C)C)C(=O)C1=C(C=CC(=C1)F)OC2=CN=CN=C2N3CC4(C3)CCN(CC4)C[C@H]5CC6CC[C@H]5CC67CCC(=O)C7,1,1,7.782516055786093,7.782516055786093,16.5,16.5,IC50,PubChem,176456277.0,Histone-lysine N-methyltransferase 2A,,high_potency_<=100nM,True,True,0.7834022123833978,high
C1CCC(C1)C2(C3=CC=CC=C3CCN2)C4CCN(CC4)CC5CN(C5)C6=CC=C(C=C6)S(=O)(=O)C7=CC=NC=C7,3,1,7.769551078621726,8.337242168318426,17.0,4.6,IC50;Ki,PubChem,138618542.0,,,high_potency_<=100nM,True,True,0.9261930190180389,high
C1CCC(C1)C2(C3=CC=CC=C3CCN2)C4CCN(CC4)CC5CN(C5)C6=CC=C(C=C6)S(=O)(=O)C7CCCC7,3,1,7.769551078621726,8.337242168318426,17.0,4.6,IC50;Ki,PubChem,138618490.0,,,high_potency_<=100nM,True,True,0.9158473541124431,high
CC(=O)O[C@@H]1CCC[C@H]1C(C#N)(C1CCN(CC2CN(C2)c2ccc(cc2)S(=O)(=O)c2ccnc(C)c2)CC1)c1ccccc1,1,1,7.769551078621726,7.769551078621726,17.0,17.0,IC50,BindingDB,480140,Menin,,high_potency_<=100nM,True,True,0.781410932723781,high
CC(=O)O[C@@H]1CCC[C@H]1C(C#N)(c1ccccc1)C1CCN(CC2CN(c3ccc(S(=O)(=O)c4ccnc(C)c4)cc3)C2)CC1,1,1,7.769551078621726,7.769551078621726,17.0,17.0,IC50,ChEMBL,CHEMBL5942437,Menin,2021,high_potency_<=100nM,True,True,0.7553683680574443,high
CC1=C(C=CC2=C1C=C(N2)C#N)CN3CCC(CC3)NC4=C5C=C(SC5=NC=N4)CC(F)(F)F,2,1,7.747425010840047,8.0,21.0,10.0,IC50;Kd,PubChem,90455046.0,,,high_potency_<=100nM,True,True,0.7773799649776558,high
Cc1c(CN2CCC(CC2)Nc2ncnc3sc(CC(F)(F)F)cc23)ccc2[nH]c(cc12)C#N,2,1,7.747425010840047,8.0,21.0,10.0,IC50;Kd,BindingDB,50455859,Menin,,high_potency_<=100nM,True,True,0.9690261167495745,high
Cc1c(CN2CCC(Nc3ncnc4sc(CC(F)(F)F)cc34)CC2)ccc2[nH]c(C#N)cc12,2,1,7.747425010840047,8.0,21.0,10.0,IC50;Kd,ChEMBL,CHEMBL3780895,Menin,2018;2019,high_potency_<=100nM,True,True,0.9386904721626801,high
CCC(=O)O[C@H]1CCC[C@@H]1[C@@](C#N)(C1CCN(CC2CN(C2)c2ccc(cc2)C#N)CC1)c1ccccc1,2,1,7.747357162927933,8.013228265733755,21.35,9.7,IC50;Ki,BindingDB,50516579,Menin,,high_potency_<=100nM,True,True,0.7955001222149117,high
CCC(=O)O[C@H]1CCC[C@@H]1[C@](C#N)(c1ccccc1)C1CCN(CC2CN(c3ccc(C#N)cc3)C2)CC1,2,1,7.747357162927933,8.013228265733755,21.35,9.7,IC50;Ki,ChEMBL,CHEMBL4452253,Menin,2019,high_potency_<=100nM,True,True,0.8139638432004495,high
CC(=O)N1CCN(CCn2c(C#N)cc3c(C)c(CN4CCC(Nc5ncnc6sc(CC(F)(F)F)cc56)CC4)ccc32)CC1,1,1,7.744727494896693,7.744727494896693,18.0,18.0,IC50,ChEMBL,CHEMBL4203028,Menin,2018,high_potency_<=100nM,True,True,0.9023628935866778,high
CC(=O)N1CCN(CCn2c(cc3c(C)c(CN4CCC(CC4)Nc4ncnc5sc(CC(F)(F)F)cc45)ccc23)C#N)CC1,1,1,7.744727494896693,7.744727494896693,18.0,18.0,IC50,BindingDB,50455864,Menin,,high_potency_<=100nM,True,True,0.9318997405585941,high
CC(=O)O[C@H]1CCC[C@@H]1C(C#N)(C1CCN(CC2CN(C2)c2ccc(cc2)S(=O)(=O)C2CC2)CC1)c1ccccc1,1,1,7.744727494896693,7.744727494896693,18.0,18.0,IC50,BindingDB,480127,Menin,,high_potency_<=100nM,True,True,0.7590794454858216,high
CC(=O)O[C@H]1CCC[C@@H]1C(C#N)(c1ccccc1)C1CCN(CC2CN(c3ccc(S(=O)(=O)C4CC4)cc3)C2)CC1,1,1,7.744727494896693,7.744727494896693,18.0,18.0,IC50,ChEMBL,CHEMBL5983923,Menin,2021,high_potency_<=100nM,True,True,0.7689417218317539,high
CC1=C(C=CC2=C1C=C(N2CCN3CCN(CC3)C(=O)C)C#N)CN4CCC(CC4)NC5=C6C=C(SC6=NC=N5)CC(F)(F)F,1,1,7.744727494896693,7.744727494896693,18.0,18.0,IC50,PubChem,117636599.0,,,high_potency_<=100nM,True,True,0.902638177875148,high
N#CC(c1ccccc1)(C1CCN(CC2CN(c3ccc(S(=O)(=O)c4ccncc4)cc3)C2)CC1)[C@H]1CCC[C@@H]1OC(=O)C1CC1,1,1,7.744727494896693,7.744727494896693,18.0,18.0,IC50,ChEMBL,CHEMBL6045605,Menin,2021,high_potency_<=100nM,True,True,0.8034674694825796,high
O=C(O[C@H]1CCC[C@@H]1C(C#N)(C1CCN(CC2CN(C2)c2ccc(cc2)S(=O)(=O)c2ccncc2)CC1)c1ccccc1)C1CC1,1,1,7.744727494896693,7.744727494896693,18.0,18.0,IC50,BindingDB,480137,Menin,,high_potency_<=100nM,True,True,0.7889428008164386,high
CCN(C(C)C)C(=O)C1=C(C=CC(=C1)F)OC2=CN=CN=C2N3CC4(C3)CCN(CC4)C[C@@H]5CC6CCC5CC67CCC(=O)C7,2,1,7.727408315892298,7.91721462968355,20.55,12.1,IC50,PubChem,176456269.0,Histone-lysine N-methyltransferase 2A,,high_potency_<=100nM,True,True,0.7662693386303532,high
CN1Cc2cccc(F)c2C(C1)(C1CCCC1)C1CCN(CC2CN(C2)c2ccc(cc2)C#N)CC1,1,1,7.721246399047171,7.721246399047171,19.0,19.0,IC50,BindingDB,479987,Menin,,high_potency_<=100nM,True,True,0.8934205212085297,high
CN1Cc2cccc(F)c2C(C2CCCC2)(C2CCN(CC3CN(c4ccc(C#N)cc4)C3)CC2)C1,1,1,7.721246399047171,7.721246399047171,19.0,19.0,IC50,ChEMBL,CHEMBL5939584,Menin,2021,high_potency_<=100nM,True,True,0.8828475105672333,high
CC(C)N(C(C)C)C(=O)C1=C(C=CC(=C1)F)OC2=C(N=CN=N2)N3CC4(C3)CCN(CC4)CC5CCC6(CC5)CC(=O)C7(C6)CC7,2,1,7.706976543353424,8.102372908709558,28.35,7.9,IC50,PubChem,176456306.0,Histone-lysine N-methyltransferase 2A,,high_potency_<=100nM,True,True,0.7081533089588454,high
C1CCC(C1)C2(C3=CC=CC=C3CCN2)C4CCN(CC4)CC5CN(C5)C6=CC=C(C=C6)S(=O)(=O)C7=CC=CC=C7,3,1,7.698970004336019,8.2518119729938,20.0,5.6,IC50;Ki,PubChem,138618570.0,,,high_potency_<=100nM,True,True,0.9326662123703495,high
CC(C)(C#N)c1ccc(CN2CCC3(CCN(C3)c3ncnc4sc(CC(F)(F)F)cc34)C2)cc1,1,1,7.698970004336019,7.698970004336019,20.0,20.0,IC50,BindingDB,50321314,Menin,,high_potency_<=100nM,True,True,0.9691278149452944,high
CC(C)(C#N)c1ccc(CN2CCC3(CCN(c4ncnc5sc(CC(F)(F)F)cc45)C3)C2)cc1,1,1,7.698970004336019,7.698970004336019,20.0,20.0,IC50,ChEMBL,CHEMBL4172458,Menin,2018,high_potency_<=100nM,True,True,0.9628486063213589,high
CNC(=O)O[C@H]1CCC[C@@H]1C(C#N)(C1CCN(CCCOc2ccc(cc2)C#N)CC1)c1ccccc1,1,1,7.698970004336019,7.698970004336019,20.0,20.0,IC50,BindingDB,480171,Menin,,high_potency_<=100nM,True,True,0.8397511644342871,high
CNC(=O)O[C@H]1CCC[C@@H]1C(C#N)(c1ccccc1)C1CCN(CCCOc2ccc(C#N)cc2)CC1,1,1,7.698970004336019,7.698970004336019,20.0,20.0,IC50,ChEMBL,CHEMBL5917864,Menin,2021,high_potency_<=100nM,True,True,0.8318654238369385,high
FC(F)(F)Cc1cc2c(ncnc2s1)N1CCC2(CCN(Cc3ccc(CC#N)cc3)C2)C1,1,1,7.698970004336019,7.698970004336019,20.0,20.0,IC50,BindingDB,50321312,Menin,,high_potency_<=100nM,True,True,0.9077973300575382,high
N#CCc1ccc(CN2CCC3(CCN(c4ncnc5sc(CC(F)(F)F)cc45)C3)C2)cc1,1,1,7.698970004336019,7.698970004336019,20.0,20.0,IC50,ChEMBL,CHEMBL4172162,Menin,2018,high_potency_<=100nM,True,True,0.9679489515527334,high
CC(C)N(C(C)C)C(=O)C1=C(C=CC(=C1)F)OC2=C(N=CN=N2)N3CC4(C3)CCN(CC4)CC5CCC6(CC5)CC(=O)N(C6)C,1,1,7.694648630553377,7.694648630553377,20.2,20.2,IC50,PubChem,176456309.0,Histone-lysine N-methyltransferase 2A,,high_potency_<=100nM,True,True,0.5976509238751362,medium
CC(N1CCN(CCn2c(cc3c(C)c(CN4CCC(CC4)Nc4ncnc5sc(CC(F)(F)F)cc45)ccc23)C#N)CC1)C(N)=O,1,1,7.67778070526608,7.67778070526608,21.0,21.0,IC50,BindingDB,50455868,Menin,,high_potency_<=100nM,True,True,0.9493109922238524,high
CC1=C(C=CC2=C1C=C(N2CCN3CCN(CC3)C(C)C(=O)N)C#N)CN4CCC(CC4)NC5=C6C=C(SC6=NC=N5)CC(F)(F)F,1,1,7.67778070526608,7.67778070526608,21.0,21.0,IC50,PubChem,130375989.0,,,high_potency_<=100nM,True,True,0.9101723323721156,high
CCN1Cc2ccccc2C(C1)(C1CCCC1)C1CCN(CC2(C)CN(C2)c2ccc(cc2)S(=O)(=O)c2ccncc2)CC1,1,1,7.67778070526608,7.67778070526608,21.0,21.0,IC50,BindingDB,480104,Menin,,high_potency_<=100nM,True,True,0.8458822748550022,high
CCN1Cc2ccccc2C(C2CCCC2)(C2CCN(CC3(C)CN(c4ccc(S(=O)(=O)c5ccncc5)cc4)C3)CC2)C1,1,1,7.67778070526608,7.67778070526608,21.0,21.0,IC50,ChEMBL,CHEMBL6000399,Menin,2021,high_potency_<=100nM,True,True,0.833069958971096,high
Cc1c(CN2CCC(Nc3ncnc4sc(CC(F)(F)F)cc34)CC2)ccc2c1cc(C#N)n2CCN1CCN(C(C)C(N)=O)CC1,1,1,7.67778070526608,7.67778070526608,21.0,21.0,IC50,ChEMBL,CHEMBL4204241,Menin,2018,high_potency_<=100nM,True,True,0.9249571674392261,high
Cn1cccc1S(=O)(=O)c1ccc(N2CC(CN3CCC(C4(C5CCCC5)NCCc5ccccc54)CC3)C2)cc1,1,1,7.67778070526608,7.67778070526608,21.0,21.0,IC50,ChEMBL,CHEMBL5849531,Menin,2021,high_potency_<=100nM,True,True,0.7949109057609188,high
Cn1cccc1S(=O)(=O)c1ccc(cc1)N1CC(CN2CCC(CC2)C2(NCCc3ccccc23)C2CCCC2)C1,1,1,7.67778070526608,7.67778070526608,21.0,21.0,IC50,BindingDB,480047,Menin,,high_potency_<=100nM,True,True,0.8949943438218474,high
CCN(C(C)C)C(=O)C1=C(C=CC(=C1)F)OC2=CN=CN=C2N3CC4(C3)CCN(CC4)C[C@H]5CC6CC[C@@H]5CC67CC(=O)OC7,1,1,7.675717544702307,7.675717544702307,21.1,21.1,IC50,PubChem,176456314.0,Histone-lysine N-methyltransferase 2A,,high_potency_<=100nM,True,True,0.6944487186875458,medium
CC(C)N(C(C)C)C(=O)C1=C(C=CC(=C1)F)OC2=CN=CN=C2N3CC4(C3)CCN(CC4)C[C@@H]5CC6CCC5CC67CCC(=O)C7,1,1,7.671620396561262,7.671620396561262,21.3,21.3,IC50,PubChem,176456273.0,Histone-lysine N-methyltransferase 2A,,high_potency_<=100nM,True,True,0.7585439353329062,high
CCN(C(C)C)C(=O)C1=C(C=CC(=C1)F)OC2=CN=CN=C2N3CC4(C3)CCN(CC4)C[C@@H]5CC6CC[C@H]5CC67CC(=O)OC7,1,1,7.661543506395395,7.661543506395395,21.8,21.8,IC50,PubChem,176456313.0,Histone-lysine N-methyltransferase 2A,,high_potency_<=100nM,True,True,0.6944487186875458,medium
CC(=O)O[C@H]1CCC[C@@H]1[C@@](C#N)(C1CCN(CC2CN(C2)c2ccc(cc2)C#N)CC1)c1ccccc1,2,1,7.659379381312206,7.920818753952375,26.0,12.0,IC50;Ki,BindingDB,50516578,Menin,,high_potency_<=100nM,True,True,0.7697654075210724,high
CC(=O)O[C@H]1CCC[C@@H]1[C@](C#N)(c1ccccc1)C1CCN(CC2CN(c3ccc(C#N)cc3)C2)CC1,2,1,7.659379381312206,7.920818753952375,26.0,12.0,IC50;Ki,ChEMBL,CHEMBL4453006,Menin,2019,high_potency_<=100nM,True,True,0.7911931851160084,high
CC1=C(C=CC2=C1C=C(N2CCN3CCOCC3)C#N)CN4CCC(CC4)NC5=C6C=C(SC6=NC=N5)CC(F)(F)F,1,1,7.657577319177793,7.657577319177793,22.0,22.0,IC50,PubChem,117636546.0,,,high_potency_<=100nM,True,True,0.865987526932261,high
Cc1c(CN2CCC(CC2)Nc2ncnc3sc(CC(F)(F)F)cc23)ccc2n(CCN3CCOCC3)c(cc12)C#N,1,1,7.657577319177793,7.657577319177793,22.0,22.0,IC50,BindingDB,50455861,Menin,,high_potency_<=100nM,True,True,0.9471729409732716,high
Cc1c(CN2CCC(Nc3ncnc4sc(CC(F)(F)F)cc34)CC2)ccc2c1cc(C#N)n2CCN1CCOCC1,1,1,7.657577319177793,7.657577319177793,22.0,22.0,IC50,ChEMBL,CHEMBL4218853,Menin,2018,high_potency_<=100nM,True,True,0.9370768564854287,high
O=S(=O)(c1ccccc1)c1ccc(N2CC(CN3CCC(C(CN4CCCC4)(c4ccccc4)[C@H]4C=CCC4)CC3)C2)cc1,1,1,7.657577319177793,7.657577319177793,22.0,22.0,IC50,ChEMBL,CHEMBL6043235,Menin,2021,high_potency_<=100nM,True,True,0.8826166412482267,high
O=S(=O)(c1ccccc1)c1ccc(cc1)N1CC(CN2CCC(CC2)C(CN2CCCC2)([C@@H]2CCC=C2)c2ccccc2)C1,1,1,7.657577319177793,7.657577319177793,22.0,22.0,IC50,BindingDB,480294,Menin,,high_potency_<=100nM,True,True,0.9331629378902142,high
CC1CC2(CCC(CC2)CN3CCC4(CC3)CN(C4)C5=C(N=NC=N5)OC6=C(C=C(C=C6)F)C(=O)N(C(C)C)C(C)C)NC1=O,1,1,7.649751981665837,7.649751981665837,22.4,22.4,IC50,PubChem,169979029.0,Histone-lysine N-methyltransferase 2A,,high_potency_<=100nM,True,True,0.7419599162097544,high
CC(C)N(C(C)C)C(=O)C1=C(C=CC(=C1)F)OC2=C(N=CN=N2)N3CC4(C3)CCN(CC4)CC5CCC6(CC5)CC(=C(C)C)C(=O)C6,2,1,7.647303371578169,7.701146923590294,22.7,19.9,IC50,PubChem,176456333.0,Histone-lysine N-methyltransferase 2A,,high_potency_<=100nM,True,True,0.668459014959294,medium
CCN1Cc2ccccc2C(C1)(C1CCCC1)C1CCN(CC2CN(C2)c2ccc(cc2)C#N)CC1,1,1,7.638272163982407,7.638272163982407,23.0,23.0,IC50,BindingDB,479999,Menin,,high_potency_<=100nM,True,True,0.8917926636568906,high
CCN1Cc2ccccc2C(C1)(C1CCCC1)C1CCN(CC2CN(C2)c2ccc(cc2Cl)S(=O)(=O)C2CC2)CC1,1,1,7.638272163982407,7.638272163982407,23.0,23.0,IC50,BindingDB,480090,Menin,,high_potency_<=100nM,True,True,0.8454269931046113,high
CCN1Cc2ccccc2C(C2CCCC2)(C2CCN(CC3CN(c4ccc(C#N)cc4)C3)CC2)C1,1,1,7.638272163982407,7.638272163982407,23.0,23.0,IC50,ChEMBL,CHEMBL5862776,Menin,2021,high_potency_<=100nM,True,True,0.879117418325087,high
CCN1Cc2ccccc2C(C2CCCC2)(C2CCN(CC3CN(c4ccc(S(=O)(=O)C5CC5)cc4Cl)C3)CC2)C1,1,1,7.638272163982407,7.638272163982407,23.0,23.0,IC50,ChEMBL,CHEMBL6005434,Menin,2021,high_potency_<=100nM,True,True,0.8872527704763616,high
N#Cc1cc2cc(CN3CCC(Nc4ncnc5sc(CC(F)(F)F)cc45)CC3)ccc2[nH]1,1,1,7.627087997029894,7.627087997029894,23.6,23.6,Kd,ChEMBL,CHEMBL3780497,Menin,2016,high_potency_<=100nM,True,True,0.8050727136799521,high
F[C@H]1C[C@@H]2C[C@H]1[C@H](N2)C(=O)N1CC2(C1)CN(C2)c1c(cnc2sc(CC(F)(F)F)cc12)C(F)(F)F,2,1,7.624260367736677,7.7495799976911055,24.75,17.8,IC50,BindingDB,554111,Histone-lysine N-methyltransferase 2A/Menin,,high_potency_<=100nM,True,True,0.7497326590816555,high
CC(=O)O[C@H]1CCC[C@@H]1C1(C2CCN(CC3CN(c4ccc(S(=O)(=O)c5ccnc(C)c5)cc4)C3)CC2)CN(C)Cc2ccccc21,2,1,7.623975776090281,8.301029995663981,59.0,5.0,IC50,ChEMBL,CHEMBL6013737,Menin,2021,high_potency_<=100nM,True,True,0.646002753121327,medium
CN1Cc2ccccc2C(C1)([C@H]1CCC[C@@H]1OC(C)=O)C1CCN(CC2CN(C2)c2ccc(cc2)S(=O)(=O)c2ccnc(C)c2)CC1,2,1,7.623975776090281,8.301029995663981,59.0,5.0,IC50,BindingDB,480141,Menin,,high_potency_<=100nM,True,True,0.7167308535733544,high
CC1CC2(CCC(CC2)CN3CCC4(CC3)CN(C4)C5=NC=NC=C5OC6=C(C=C(C=C6)F)C(=O)N(C(C)C)C(C)C)CC1=O,1,1,7.623423042943488,7.623423042943488,23.8,23.8,IC50,PubChem,176456302.0,Histone-lysine N-methyltransferase 2A,,high_potency_<=100nM,True,True,0.7712729071643164,high
C[C@H]1C(=O)N[C@H](C(=O)N2CCC[C@H]2C(=O)NCCCCCCCC(C(=O)N[C@@H](C(=O)N3CCC[C@H]3C(=O)N1)CC4=CC=CC=C4)NC(=O)[C@H](CC5=CNC6=CC=CC=C65)NC(=O)[C@H](CCCN=C(N)N)NC(=O)C)CCCN=C(N)N,1,1,7.623423042943488,7.623423042943488,23.8,23.8,Ki,PubChem,145948954.0,,,high_potency_<=100nM,True,True,0.3622542353037725,medium
C=CC(=O)N1CC(S(=O)(=O)c2ccc(N3CC(F)(CN4CCC([C@@](C#N)(c5cccc(F)c5)[C@H]5CCC[C@@H]5NC(=O)OC)CC4)C3)cc2)C1,1,1,7.619788758288394,7.619788758288394,24.0,24.0,IC50,ChEMBL,CHEMBL5916540,Menin,2021,high_potency_<=100nM,True,True,0.5076190461297724,medium
COC(=O)N[C@H]1CCC[C@@H]1[C@@](C#N)(C1CCN(CC2(F)CN(C2)c2ccc(cc2)S(=O)(=O)C2CN(C2)C(=O)C=C)CC1)c1cccc(F)c1,1,1,7.619788758288394,7.619788758288394,24.0,24.0,IC50,BindingDB,506345,Menin,,high_potency_<=100nM,True,True,0.7570398612481086,high
FC(F)(F)Cc1cc2c(NC3CCN(Cc4ccc5[nH]c(cc5c4)C#N)CC3)ncnc2s1,1,1,7.619788758288394,7.619788758288394,24.0,24.0,Kd,BindingDB,50156121,Menin,,high_potency_<=100nM,True,True,0.9312185108097033,high
[2H]C([2H])([2H])C1CC2(CCC(CC2)CN3CCC4(CC3)CN(C4)C5=C(N=NC=N5)OC6=C(C=C(C=C6)F)C(=O)N(C(C)C)C(C)C)CC1=O,2,1,7.609524676811565,7.906578314837764,30.55,12.4,IC50,PubChem,176456305.0,Histone-lysine N-methyltransferase 2A,,high_potency_<=100nM,True,True,0.748697370337705,high
CC(C)N(C(C)C)C(=O)C1=C(C=CC(=C1)F)OC2=CN=CN=C2N3CC4(C3)CCN(CC4)C[C@H]5CC6CCC5CC67CCC(=O)C7,1,1,7.603800652904264,7.603800652904264,24.9,24.9,IC50,PubChem,176456274.0,Histone-lysine N-methyltransferase 2A,,high_potency_<=100nM,True,True,0.7384275826410015,high
C1CCC(C1)C2(C3=CC=CC=C3CCN2)C4CCN(CC4)CC5CN(C5)C6=CC=C(C=C6)S(=O)(=O)C7CC7,3,1,7.602059991327963,8.154901959985743,25.0,7.0,IC50;Ki,PubChem,132104378.0,,,high_potency_<=100nM,True,True,0.8969399869411944,high
C1CCC(C1)C2(CN(CC3=CC=CC=C32)CC4COC4)C5CCN(CC5)CC6CN(C6)C7=CC=C(C=C7)S(=O)(=O)C8=CC=NC=C8,3,1,7.602059991327963,8.154901959985743,25.0,7.0,IC50;Ki,PubChem,132104738.0,,,high_potency_<=100nM,True,True,0.9000022502771055,high
O=S(=O)(C1CC1)c1ccc(cc1)N1CC(CN2CCC(CC2)C2(NCCc3ccccc23)C2CCCC2)C1,3,1,7.602059991327963,8.154901959985743,25.0,7.0,IC50;Ki,BindingDB,50516549,Menin,,high_potency_<=100nM,True,True,0.9214970224378436,high
O=S(=O)(c1ccc(N2CC(CN3CCC(C4(C5CCCC5)NCCc5ccccc54)CC3)C2)cc1)C1CC1,3,1,7.602059991327963,8.154901959985743,25.0,7.0,IC50;Ki,ChEMBL,CHEMBL4470192,Menin,2019;2021,high_potency_<=100nM,True,True,0.8345687800743317,high
O=S(=O)(c1ccncc1)c1ccc(N2CC(CN3CCC(C4(C5CCCC5)CN(CC5COC5)Cc5ccccc54)CC3)C2)cc1,3,1,7.602059991327963,8.154901959985743,25.0,7.0,IC50;Ki,ChEMBL,CHEMBL4532417,Menin,2019;2021,high_potency_<=100nM,True,True,0.8623127031265405,high
O=S(=O)(c1ccncc1)c1ccc(cc1)N1CC(CN2CCC(CC2)C2(CN(CC3COC3)Cc3ccccc23)C2CCCC2)C1,3,1,7.602059991327963,8.154901959985743,25.0,7.0,IC50;Ki,BindingDB,50516572,Menin,,high_potency_<=100nM,True,True,0.9278947319494147,high
CC1=C(C=CC2=C1C=C(N2CCN3CCN(CC3)S(=O)(=O)N)C#N)CN4CCC(CC4)NC5=C6C=C(SC6=NC=N5)CC(F)(F)F,1,1,7.585026652029182,7.585026652029182,26.0,26.0,IC50,PubChem,117636601.0,,,high_potency_<=100nM,True,True,0.8582089921753215,high
Cc1c(CN2CCC(CC2)Nc2ncnc3sc(CC(F)(F)F)cc23)ccc2n(CCN3CCN(CC3)S(N)(=O)=O)c(cc12)C#N,1,1,7.585026652029182,7.585026652029182,26.0,26.0,IC50,BindingDB,50455879,Menin,,high_potency_<=100nM,True,True,0.932745430435948,high
Cc1c(CN2CCC(Nc3ncnc4sc(CC(F)(F)F)cc34)CC2)ccc2c1cc(C#N)n2CCN1CCN(S(N)(=O)=O)CC1,1,1,7.585026652029182,7.585026652029182,26.0,26.0,IC50,ChEMBL,CHEMBL4205576,Menin,2018,high_potency_<=100nM,True,True,0.8694314096944494,high
N#Cc1ccc(N2CC(CN3CCC(C4(C5CCCC5)CNCc5ccccc54)CC3)C2)cc1,1,1,7.585026652029182,7.585026652029182,26.0,26.0,IC50,ChEMBL,CHEMBL5790885,Menin,2021,high_potency_<=100nM,True,True,0.8280443596969427,high
N#Cc1ccc(cc1)N1CC(CN2CCC(CC2)C2(CNCc3ccccc23)C2CCCC2)C1,1,1,7.585026652029182,7.585026652029182,26.0,26.0,IC50,BindingDB,479996,Menin,,high_potency_<=100nM,True,True,0.920278751936465,high
[2H]C([2H])([2H])C1CC2(CCC(CC2)CN3CCC4(CC3)CN(C4)C5=C(N=NC=N5)OC6=C(C=C(C=C6)F)C(=O)N(CC)C(C)C)CC1=O,2,1,7.583474279100734,7.815308569182401,29.9,15.3,IC50,PubChem,176456304.0,Histone-lysine N-methyltransferase 2A,,high_potency_<=100nM,True,True,0.7977495137026048,high
CCN1Cc2ccccc2C(C1)(C1CCCC1)C1CCN(CC2CN(C2)c2ccc(cc2)S(=O)(=O)C2CC2)C(C)C1,2,1,7.578695380194719,7.619788758288394,26.5,24.0,IC50,BindingDB,480043,Menin,,high_potency_<=100nM,True,True,0.8454502590057958,high
CCN1Cc2ccccc2C(C2CCCC2)(C2CCN(CC3CN(c4ccc(S(=O)(=O)C5CC5)cc4)C3)C(C)C2)C1,2,1,7.578695380194719,7.619788758288394,26.5,24.0,IC50,ChEMBL,CHEMBL6044980,Menin,2021,high_potency_<=100nM,True,True,0.8493524018742556,high
CN1Cc2ccccc2C(C1)(C1CCCC1)C1CCN(CC2CN(C2)c2ccc(cc2)C#N)CC1,1,1,7.568636235841012,7.568636235841012,27.0,27.0,IC50,BindingDB,479998,Menin,,high_potency_<=100nM,True,True,0.8642172908077352,high
CN1Cc2ccccc2C(C2CCCC2)(C2CCN(CC3CN(c4ccc(C#N)cc4)C3)CC2)C1,1,1,7.568636235841012,7.568636235841012,27.0,27.0,IC50,ChEMBL,CHEMBL5911255,Menin,2021,high_potency_<=100nM,True,True,0.8476223705594345,high
O[C@H]1C[C@H]2CC[C@@H]1N[C@@H]2C(=O)N1CC2(C1)CN(C2)c1c(cnc2sc(CC(F)(F)F)cc12)C(F)(F)F,1,1,7.5638373529592435,7.5638373529592435,27.3,27.3,IC50,BindingDB,554116,Histone-lysine N-methyltransferase 2A/Menin,,high_potency_<=100nM,True,True,0.6760333320005691,medium
CC1=C(C=CC2=C1C=C(N2CCC3CNC(=O)CO3)C#N)CN4CCC(CC4)NC5=C6C=C(SC6=NC=N5)CC(F)(F)F,1,1,7.552841968657781,7.552841968657781,28.0,28.0,IC50,PubChem,117636585.0,,,high_potency_<=100nM,True,True,0.8756206987441881,high
CCN1Cc2ccccc2C(C1)(C1CCCC1)C1CCN(CC2(F)CN(C2)c2ccc(cc2)S(=O)(=O)C2CC2)CC1,1,1,7.552841968657781,7.552841968657781,28.0,28.0,IC50,BindingDB,480087,Menin,,high_potency_<=100nM,True,True,0.8027148344801859,high
CCN1Cc2ccccc2C(C1)(C1CCCC1)C1CCN(CC2CN(C2)c2ccc(cc2)S(=O)(=O)CC2CC2)CC1,1,1,7.552841968657781,7.552841968657781,28.0,28.0,IC50,BindingDB,480089,Menin,,high_potency_<=100nM,True,True,0.8004863863667183,high
CCN1Cc2ccccc2C(C2CCCC2)(C2CCN(CC3(F)CN(c4ccc(S(=O)(=O)C5CC5)cc4)C3)CC2)C1,1,1,7.552841968657781,7.552841968657781,28.0,28.0,IC50,ChEMBL,CHEMBL5949961,Menin,2021,high_potency_<=100nM,True,True,0.7897519884670482,high
CCN1Cc2ccccc2C(C2CCCC2)(C2CCN(CC3CN(c4ccc(S(=O)(=O)CC5CC5)cc4)C3)CC2)C1,1,1,7.552841968657781,7.552841968657781,28.0,28.0,IC50,ChEMBL,CHEMBL6039278,Menin,2021,high_potency_<=100nM,True,True,0.8046517745537286,high
CNC(=O)O[C@H]1CCC[C@@H]1C(C#N)(C1CCN(CC2CN(C2)c2ccc(cc2)C(C)(C)C)CC1)c1ccccc1,1,1,7.552841968657781,7.552841968657781,28.0,28.0,IC50,BindingDB,480357,Menin,,high_potency_<=100nM,True,True,0.8930346541787396,high
CNC(=O)O[C@H]1CCC[C@@H]1C(C#N)(c1ccccc1)C1CCN(CC2CN(c3ccc(C(C)(C)C)cc3)C2)CC1,1,1,7.552841968657781,7.552841968657781,28.0,28.0,IC50,ChEMBL,CHEMBL5941222,Menin,2021,high_potency_<=100nM,True,True,0.8666116625256339,high
Cc1c(CN2CCC(CC2)Nc2ncnc3sc(CC(F)(F)F)cc23)ccc2n(CCC3CNC(=O)CO3)c(cc12)C#N,1,1,7.552841968657781,7.552841968657781,28.0,28.0,IC50,BindingDB,50455874,Menin,,high_potency_<=100nM,True,True,0.9466100398824508,high
Cc1c(CN2CCC(Nc3ncnc4sc(CC(F)(F)F)cc34)CC2)ccc2c1cc(C#N)n2CCC1CNC(=O)CO1,1,1,7.552841968657781,7.552841968657781,28.0,28.0,IC50,ChEMBL,CHEMBL4208216,Menin,2018,high_potency_<=100nM,True,True,0.8514313194579037,high
CC1=C(C=CC2=C1C=C(N2CC3=CC=NN3)C#N)CN4CCC(CC4)NC5=C6C=C(SC6=NC=N5)CC(F)(F)F,2,1,7.550637409205253,7.619788758288394,28.5,24.0,IC50;Kd,PubChem,117636540.0,,,high_potency_<=100nM,True,True,0.9252394089990837,high
Cc1c(CN2CCC(CC2)Nc2ncnc3sc(CC(F)(F)F)cc23)ccc2n(Cc3cc[nH]n3)c(cc12)C#N,2,1,7.550637409205253,7.619788758288394,28.5,24.0,IC50;Kd,BindingDB,50455876,Menin,,high_potency_<=100nM,True,True,0.9621163246844429,high
Cc1c(CN2CCC(Nc3ncnc4sc(CC(F)(F)F)cc34)CC2)ccc2c1cc(C#N)n2Cc1cc[nH]n1,2,1,7.550637409205253,7.619788758288394,28.5,24.0,IC50;Kd,ChEMBL,CHEMBL4217916,Menin,2018,high_potency_<=100nM,True,True,0.9374156756448587,high
CCN(C(C)C)C(=O)C1=C(C=CC(=C1)F)OC2=C(N=CN=N2)N3CC4(C3)CCN(CC4)CC5CCC6(CC5)CC(=C(C)C)C(=O)C6,1,1,7.546681659952962,7.546681659952962,28.4,28.4,IC50,PubChem,176456332.0,Histone-lysine N-methyltransferase 2A,,high_potency_<=100nM,True,True,0.6794103161647864,medium
CCN(C(C)C)C(=O)C1=C(C=CC(=C1)F)OC2=CN=CN=C2N3CC4(C3)CCN(CC4)CC5CC6CCC5CC67CCC(=O)C7,3,1,7.537602002101044,7.619788758288394,29.0,24.0,IC50,PubChem,176456268.0,Histone-lysine N-methyltransferase 2A,,high_potency_<=100nM,True,True,0.6796690608841961,medium
COC(=O)N[C@H]1CCC[C@@H]1[C@@](C#N)(C2CCN(CC2)CC3CN(C3)C4=CC=C(C=C4)C#N)C5=CC=CC=C5,3,1,7.537602002101044,8.070581074285707,29.0,8.5,IC50;Ki,PubChem,146512357.0,,,high_potency_<=100nM,True,True,0.7314141959322612,high
CC(=O)N[C@H]1CCC[C@@H]1C(C#N)(C1CCN(CC2CN(C2)c2ccc(cc2)S(=O)(=O)C2CC2)CC1)c1ccccc1,1,1,7.537602002101044,7.537602002101044,29.0,29.0,IC50,BindingDB,480220,Menin,,high_potency_<=100nM,True,True,0.817381750657775,high
CC(=O)N[C@H]1CCC[C@@H]1C(C#N)(c1ccccc1)C1CCN(CC2CN(c3ccc(S(=O)(=O)C4CC4)cc3)C2)CC1,1,1,7.537602002101044,7.537602002101044,29.0,29.0,IC50,ChEMBL,CHEMBL5835118,Menin,2021,high_potency_<=100nM,True,True,0.8255553807557326,high
COC(=O)N[C@H]1CCC[C@@H]1C(C#N)(C1CCN(CC2CN(C2)c2ccc(cc2)C#N)CC1)c1ccccc1,1,1,7.537602002101044,7.537602002101044,29.0,29.0,IC50,BindingDB,480335,Menin,,high_potency_<=100nM,True,True,0.9062009015523963,high
COC(=O)N[C@H]1CCC[C@@H]1C(C#N)(c1ccccc1)C1CCN(CC2CN(c3ccc(C#N)cc3)C2)CC1,1,1,7.537602002101044,7.537602002101044,29.0,29.0,IC50,ChEMBL,CHEMBL5849670,Menin,2021,high_potency_<=100nM,True,True,0.9009034577189281,high
Cc1nccn1CC(C1CCCC1)(C1CCN(CC2CN(C2)c2ccc(cc2)S(=O)(=O)C2CC2)CC1)c1ccccc1,1,1,7.537602002101044,7.537602002101044,29.0,29.0,IC50,BindingDB,479995,Menin,,high_potency_<=100nM,True,True,0.8910721717086876,high
Cc1nccn1CC(c1ccccc1)(C1CCCC1)C1CCN(CC2CN(c3ccc(S(=O)(=O)C4CC4)cc3)C2)CC1,1,1,7.537602002101044,7.537602002101044,29.0,29.0,IC50,ChEMBL,CHEMBL5824015,Menin,2021,high_potency_<=100nM,True,True,0.8982620696737574,high
CCS(=O)(=O)c1ccc(N2CC(CN3CCC(C4(C5CCCC5)NCCc5ccccc54)CC3)C2)cc1,3,1,7.522878745280337,8.0,30.0,10.0,IC50;Ki,ChEMBL,CHEMBL4460234,Menin,2019;2021,high_potency_<=100nM,True,True,0.7414958140809703,high
CCS(=O)(=O)c1ccc(cc1)N1CC(CN2CCC(CC2)C2(NCCc3ccccc23)C2CCCC2)C1,3,1,7.522878745280337,8.0,30.0,10.0,IC50;Ki,BindingDB,50516561,Menin,,high_potency_<=100nM,True,True,0.8757440023402475,high
CCS(=O)(=O)c1ccc(N2CC(CN3CCC(C4(C5CCCC5)CN(C)Cc5ccccc54)CC3)C2)cc1,1,1,7.522878745280337,7.522878745280337,30.0,30.0,IC50,ChEMBL,CHEMBL5849676,Menin,2021,high_potency_<=100nM,True,True,0.7795194186435269,high
CCS(=O)(=O)c1ccc(cc1)N1CC(CN2CCC(CC2)C2(CN(C)Cc3ccccc23)C2CCCC2)C1,1,1,7.522878745280337,7.522878745280337,30.0,30.0,IC50,BindingDB,480019,Menin,,high_potency_<=100nM,True,True,0.897422163466841,high
CNC(=O)O[C@H]1CCC[C@@H]1C(C#N)(C1CCN(CC2CN(C2)c2ccc(cc2)C(F)(F)F)CC1)c1ccccc1,1,1,7.522878745280337,7.522878745280337,30.0,30.0,IC50,BindingDB,480305,Menin,,high_potency_<=100nM,True,True,0.8936049588151573,high
CNC(=O)O[C@H]1CCC[C@@H]1C(C#N)(c1ccccc1)C1CCN(CC2CN(c3ccc(C(F)(F)F)cc3)C2)CC1,1,1,7.522878745280337,7.522878745280337,30.0,30.0,IC50,ChEMBL,CHEMBL5897790,Menin,2021,high_potency_<=100nM,True,True,0.8812276036938632,high
CC(=O)O[C@H]1CCC[C@@H]1C1(C2CCN(CCCOc3ccc(C#N)cc3)CC2)CN(C)Cc2ccc(F)cc21,1,1,7.508638306165727,7.508638306165727,31.0,31.0,IC50,ChEMBL,CHEMBL5891216,Menin,2021,high_potency_<=100nM,True,True,0.714847408480504,high
CN1Cc2ccc(F)cc2C(C1)([C@H]1CCC[C@@H]1OC(C)=O)C1CCN(CCCOc2ccc(cc2)C#N)CC1,1,1,7.508638306165727,7.508638306165727,31.0,31.0,IC50,BindingDB,480253,Menin,,high_potency_<=100nM,True,True,0.8143503739750615,high
COC(=O)N[C@H]1CCC[C@@H]1C(C#N)(C1CCN(CC2CN(C2)c2ccc(cc2)S(=O)(=O)C2CC2)CC1)c1ccccc1,1,1,7.508638306165727,7.508638306165727,31.0,31.0,IC50,BindingDB,480258,Menin,,high_potency_<=100nM,True,True,0.8410474833219892,high
COC(=O)N[C@H]1CCC[C@@H]1C(C#N)(c1ccccc1)C1CCN(CC2CN(c3ccc(S(=O)(=O)C4CC4)cc3)C2)CC1,1,1,7.508638306165727,7.508638306165727,31.0,31.0,IC50,ChEMBL,CHEMBL6050552,Menin,2021,high_potency_<=100nM,True,True,0.8515646305616067,high
FC(F)(F)Cc1cc2c(N3CC4(CN(C4)C(=O)[C@H]4N[C@H]5CC[C@@H]4CC5)C3)c(cnc2s1)C(F)(F)F,1,1,7.497572880015567,7.497572880015567,31.8,31.8,IC50,BindingDB,554112,Histone-lysine N-methyltransferase 2A/Menin,,high_potency_<=100nM,True,True,0.7118781211107609,high
CC1(C)CN=C(N2CCN(c3ncnc4sc(C(F)(F)F)cc34)CC2)S1,2,1,7.497409743748109,7.657577319177793,34.0,22.0,IC50;Kd,ChEMBL,CHEMBL4206413,Menin,2018,high_potency_<=100nM,True,True,0.6093002064607472,medium
CC1(C)CN=C(S1)N1CCN(CC1)c1ncnc2sc(cc12)C(F)(F)F,2,1,7.497409743748109,7.657577319177793,34.0,22.0,IC50;Kd,BindingDB,50454122,Menin,,high_potency_<=100nM,True,True,0.8835047746386775,high
CC1=C(C=CC2=C1C=C(N2CCN3CCN(CC3)S(=O)(=O)NC)C#N)CN4CCC(CC4)NC5=C6C=C(SC6=NC=N5)CC(F)(F)F,1,1,7.494850021680094,7.494850021680094,32.0,32.0,IC50,PubChem,117636547.0,,,high_potency_<=100nM,True,True,0.848663091742347,high
CNC(=O)N[C@H]1CCC[C@@H]1C(CNC(=O)c1cocn1)(C1CCN(CC2CN(C2)c2ccc(cc2)C#N)CC1)c1ccccc1,1,1,7.494850021680094,7.494850021680094,32.0,32.0,IC50,BindingDB,480316,Menin,,high_potency_<=100nM,True,True,0.7113444011351124,high
CNC(=O)N[C@H]1CCC[C@@H]1C(CNC(=O)c1cocn1)(c1ccccc1)C1CCN(CC2CN(c3ccc(C#N)cc3)C2)CC1,1,1,7.494850021680094,7.494850021680094,32.0,32.0,IC50,ChEMBL,CHEMBL5757381,Menin,2021,high_potency_<=100nM,True,True,0.6968118055174588,medium
CNS(=O)(=O)N1CCN(CCn2c(C#N)cc3c(C)c(CN4CCC(Nc5ncnc6sc(CC(F)(F)F)cc56)CC4)ccc32)CC1,1,1,7.494850021680094,7.494850021680094,32.0,32.0,IC50,ChEMBL,CHEMBL4209696,Menin,2018,high_potency_<=100nM,True,True,0.8892080470543648,high
CNS(=O)(=O)N1CCN(CCn2c(cc3c(C)c(CN4CCC(CC4)Nc4ncnc5sc(CC(F)(F)F)cc45)ccc23)C#N)CC1,1,1,7.494850021680094,7.494850021680094,32.0,32.0,IC50,BindingDB,50455869,Menin,,high_potency_<=100nM,True,True,0.9226830589297143,high
Cn1cc(S(=O)(=O)c2ccc(N3CC(CN4CCC(C(CN5CCCC5)(C5=CCCC5)c5ccccc5)CC4)C3)cc2)cn1,1,1,7.494850021680094,7.494850021680094,32.0,32.0,IC50,ChEMBL,CHEMBL5932156,Menin,2021,high_potency_<=100nM,True,True,0.6445935870683142,medium
Cn1cc(cn1)S(=O)(=O)c1ccc(cc1)N1CC(CN2CCC(CC2)C(CN2CCCC2)(C2=CCCC2)c2ccccc2)C1,1,1,7.494850021680094,7.494850021680094,32.0,32.0,IC50,BindingDB,480295,Menin,,high_potency_<=100nM,True,True,0.8535538044039032,high
CCC(=O)O[C@H]1CCC[C@@H]1[C@@](C#N)(C2CCN(CC2)CC3CN(C3)C4=CC=C(C=C4)C#N)C5=CC=CC=C5,3,1,7.481486060122112,8.013228265733755,33.0,9.7,IC50;Ki,PubChem,132104456.0,,,high_potency_<=100nM,True,True,0.6566948595176737,medium
CC(C)N(C1CC1)C(=O)C2=C(C=CC(=C2)F)OC3=C(N=CN=N3)N4CC5(C4)CCN(CC5)CC6CCC7(CC6)CC(=O)C(C7)(C)C,1,1,7.481486060122112,7.481486060122112,33.0,33.0,IC50,PubChem,176456292.0,Histone-lysine N-methyltransferase 2A,,high_potency_<=100nM,True,True,0.6907744803325393,medium
CC(C)C1=NC=NC=C1C2=C(C=CC(=C2)F)OC3=C(N=CN=N3)N4CC5(C4)CCN(CC5)CC6CCC7(CC6)CCC(=O)C7,1,1,7.478861916295964,7.478861916295964,33.2,33.2,IC50,PubChem,176456334.0,Histone-lysine N-methyltransferase 2A,,high_potency_<=100nM,True,True,0.8171755648688448,high
CC(=O)N[C@@H](CCCNC(=N)N)C(=O)N[C@@H](Cc1c[nH]c2ccccc12)C(=O)N[C@H]1CCCCCCNC(=O)[C@@H]2CCCN2C(=O)[C@H](CCCNC(=N)N)NC(=O)[C@H](C)NC(=O)[C@@H]2CCCN2C(=O)[C@H](Cc2ccccc2)NC1=O,2,1,7.477779120648176,7.756961951313706,40.4,17.5,IC50;Ki,ChEMBL,CHEMBL2314830,Menin,2013,high_potency_<=100nM,True,True,0.4737537016177597,medium
CC(C)N(C(C)C)C(=O)C1=C(C=CC(=C1)F)OC2=CN=CN=C2N3CC4(C3)CCN(CC4)C[C@@H]5CC6CC[C@@H]5CC67CCC(=O)C7,1,1,7.476253533188435,7.476253533188435,33.4,33.4,IC50,PubChem,176456276.0,Histone-lysine N-methyltransferase 2A,,high_potency_<=100nM,True,True,0.8159714676628758,high
C[C@@H]1NC(=O)[C@@H]2CCCN2C(=O)[C@H](Cc2ccccc2)NC(=O)[C@H](CCCCCCNC(=O)[C@@H]2CCCN2C(=O)[C@H](CCCNC(N)=N)NC1=O)NC(=O)[C@H](Cc1c[nH]c2ccccc12)NC(=O)[C@H](CCCNC(N)=N)NC(C)=O,2,1,7.472693472721556,7.744727494896693,40.5,18.0,IC50;Ki,BindingDB,50489256,Menin,,high_potency_<=100nM,True,True,0.34828137042210344,medium
CCS(=O)(=O)C1=CC=C(C=C1)N2CC(C2)CN3CCC(CC3)C4(C5=CC=CC=C5CCN4)C6CCCC6,3,1,7.468521082957745,8.0,34.0,10.0,IC50;Ki,PubChem,132104367.0,,,high_potency_<=100nM,True,True,0.7574582591152198,high
FC(F)c1cnc2sc(CC(F)(F)F)cc2c1N1CC2(CN(C2)C(=O)[C@H]2N[C@@H]3CC[C@H]2C3)C1,2,1,7.467359564448623,7.585026652029182,35.35,26.0,IC50,BindingDB,554139,Histone-lysine N-methyltransferase 2A/Menin,,high_potency_<=100nM,True,True,0.7157109588465265,high
CC(C)N(C(C)C)C(=O)C1=C(C=CC(=C1)F)OC2=C(N=CN=N2)N3CC4(C3)CCN(CC4)C[C@@H]5CC6CCC5CC67CCC(=O)C7,1,1,7.459670525209126,7.459670525209126,34.7,34.7,IC50,PubChem,176456282.0,Histone-lysine N-methyltransferase 2A,,high_potency_<=100nM,True,True,0.8311052415016499,high
CC(C)N(C(C)C)C(=O)C1=C(C=CC(=C1)F)OC2=CN=CN=C2N3CC4(C3)CCN(CC4)C[C@@H]5CC6CCC5CC67CC(=O)OC7,1,1,7.452225294612178,7.452225294612178,35.3,35.3,IC50,PubChem,176456316.0,Histone-lysine N-methyltransferase 2A,,high_potency_<=100nM,True,True,0.6279537416582227,medium
CCN(C(C)C)C(=O)C1=C(C=CC(=C1)F)OC2=C(N=CN=N2)N3CC4(C3)CCN(CC4)CC5CCC6(CC5)CC(=O)N(C6)C,1,1,7.452225294612178,7.452225294612178,35.3,35.3,IC50,PubChem,176456308.0,Histone-lysine N-methyltransferase 2A,,high_potency_<=100nM,True,True,0.610799388786563,medium
C1CCC(C1)C2(C3=CC=CC=C3CCN2)C4CCN(CC4)CC5CN(C5)C6=CC=C(C=C6)C#N,3,1,7.443697499232712,7.958607314841775,36.0,11.0,IC50;Ki,PubChem,132090536.0,,,high_potency_<=100nM,True,True,0.9415006548527551,high
C1CCC(C1)C2(C3=CC=CC=C3CCN2)C4CCN(CC4)CC5CN(C5)C6=CC=C(C=C6)S(=O)(=O)C7CCC7,3,1,7.443697499232712,7.958607314841775,36.0,11.0,IC50;Ki,PubChem,132104582.0,,,high_potency_<=100nM,True,True,0.9100424699300796,high
N#Cc1ccc(N2CC(CN3CCC(C4(C5CCCC5)NCCc5ccccc54)CC3)C2)cc1,3,1,7.443697499232712,7.958607314841775,36.0,11.0,IC50;Ki,ChEMBL,CHEMBL4446177,Menin,2019;2021,high_potency_<=100nM,True,True,0.8569486278606193,high
N#Cc1ccc(cc1)N1CC(CN2CCC(CC2)C2(NCCc3ccccc23)C2CCCC2)C1,3,1,7.443697499232712,7.958607314841775,36.0,11.0,IC50;Ki,BindingDB,50516559,Menin,,high_potency_<=100nM,True,True,0.9378382267866237,high
O=S(=O)(C1CCC1)c1ccc(cc1)N1CC(CN2CCC(CC2)C2(NCCc3ccccc23)C2CCCC2)C1,3,1,7.443697499232712,7.958607314841775,36.0,11.0,IC50;Ki,BindingDB,50516563,Menin,,high_potency_<=100nM,True,True,0.9253220639193572,high
O=S(=O)(c1ccc(N2CC(CN3CCC(C4(C5CCCC5)NCCc5ccccc54)CC3)C2)cc1)C1CCC1,3,1,7.443697499232712,7.958607314841775,36.0,11.0,IC50;Ki,ChEMBL,CHEMBL4581439,Menin,2019;2021,high_potency_<=100nM,True,True,0.8474170294205489,high
CCN(C(C)C)C(=O)C1=C(C=CC(=C1)F)OC2=CN=CN=C2N3CC4(C3)CCN(CC4)C[C@@H]5CC6CCC5CC67CC(=O)OC7,1,1,7.443697499232712,7.443697499232712,36.0,36.0,IC50,PubChem,176456311.0,Histone-lysine N-methyltransferase 2A,,high_potency_<=100nM,True,True,0.636989748950796,medium
CCN(C(C)C)C(=O)C1=C(C=CC(=C1)F)OC2=CN=CN=C2N3CC4(C3)CCN(CC4)CC5CCC6(CC5)CCC(=O)N6,1,1,7.440093374963888,7.440093374963888,36.3,36.3,IC50,PubChem,169978062.0,Histone-lysine N-methyltransferase 2A,,high_potency_<=100nM,True,True,0.49779712089935646,medium
CN1Cc2cccc(F)c2C(C1)(C1CCCC1)C1CCN(CCCOc2ccc(cc2)C#N)CC1,1,1,7.431798275933005,7.431798275933005,37.0,37.0,IC50,BindingDB,479985,Menin,,high_potency_<=100nM,True,True,0.8983857708268053,high
CN1Cc2cccc(F)c2C(C2CCCC2)(C2CCN(CCCOc3ccc(C#N)cc3)CC2)C1,1,1,7.431798275933005,7.431798275933005,37.0,37.0,IC50,ChEMBL,CHEMBL5926646,Menin,2021,high_potency_<=100nM,True,True,0.8532953558898998,high
CC1=C(C=CC2=C1C=C(N2CCC3CCN(CC3)S(=O)(=O)N)C#N)CN4CCC(CC4)NC5=C6C=C(SC6=NC=N5)CC(F)(F)F,1,1,7.42021640338319,7.42021640338319,38.0,38.0,IC50,PubChem,145976824.0,,,high_potency_<=100nM,True,True,0.9221203273092807,high
Cc1c(CN2CCC(CC2)Nc2ncnc3sc(CC(F)(F)F)cc23)ccc2n(CCC3CCN(CC3)S(N)(=O)=O)c(cc12)C#N,1,1,7.42021640338319,7.42021640338319,38.0,38.0,IC50,BindingDB,50455872,Menin,,high_potency_<=100nM,True,True,0.960520245477892,high
Cc1c(CN2CCC(Nc3ncnc4sc(CC(F)(F)F)cc34)CC2)ccc2c1cc(C#N)n2CCC1CCN(S(N)(=O)=O)CC1,1,1,7.42021640338319,7.42021640338319,38.0,38.0,IC50,ChEMBL,CHEMBL4204591,Menin,2018,high_potency_<=100nM,True,True,0.8635976973083394,high
CC(C)N(C(C)C)C(=O)C1=C(C=CC(=C1)F)OC2=C(N=CN=N2)N3CC4(C3)CCN(CC4)C[C@@H]5CC6CC[C@@H]5CC67CC(=O)OC7,1,1,7.412289034981089,7.412289034981089,38.7,38.7,IC50,PubChem,176456323.0,Histone-lysine N-methyltransferase 2A,,high_potency_<=100nM,True,True,0.7884160070737998,high
CCCN1CCN(CC1)CCN2C3=C(C=C2C#N)C(=C(C=C3)CN4CCC(CC4)NC5=C6C=C(SC6=NC=N5)CC(F)(F)F)C,1,1,7.4089353929735005,7.4089353929735005,39.0,39.0,IC50,PubChem,117636597.0,,,high_potency_<=100nM,True,True,0.9834326099345191,high
CCCN1CCN(CCn2c(C#N)cc3c(C)c(CN4CCC(Nc5ncnc6sc(CC(F)(F)F)cc56)CC4)ccc32)CC1,1,1,7.4089353929735005,7.4089353929735005,39.0,39.0,IC50,ChEMBL,CHEMBL4204941,Menin,2018,high_potency_<=100nM,True,True,0.971099312365001,high
CCCN1CCN(CCn2c(cc3c(C)c(CN4CCC(CC4)Nc4ncnc5sc(CC(F)(F)F)cc45)ccc23)C#N)CC1,1,1,7.4089353929735005,7.4089353929735005,39.0,39.0,IC50,BindingDB,50455863,Menin,,high_potency_<=100nM,True,True,0.9802375106048019,high
CC(C)N(C1CCC1)C(=O)C2=C(C=CC(=C2)F)OC3=C(N=CN=N3)N4CC5(C4)CCN(CC5)CC6CCC7(CC6)CC(=O)C(C7)(C)C,1,1,7.405607449624574,7.405607449624574,39.3,39.3,IC50,PubChem,176456293.0,Histone-lysine N-methyltransferase 2A,,high_potency_<=100nM,True,True,0.7271998002123392,high
CCN(C(C)C)C(=O)C1=C(C=CC(=C1)F)OC2=CN=CN=C2N3CC4(C3)CCN(CC4)C[C@H]5CC6CCC5CC67CC(=O)OC7,1,1,7.399027104313252,7.399027104313252,39.9,39.9,IC50,PubChem,176456312.0,Histone-lysine N-methyltransferase 2A,,high_potency_<=100nM,True,True,0.6109570437982114,medium
CC(=O)O[C@H]1CCC[C@@H]1[C@@](C#N)(C2CCN(CC2)CC3CN(C3)C4=CC=C(C=C4)C#N)C5=CC=CC=C5,3,1,7.397940008672037,7.920818753952375,40.0,12.0,IC50;Ki,PubChem,132104137.0,,,high_potency_<=100nM,True,True,0.6073189280766478,medium
CC1=C(C=CC2=C1C=C(N2CCC3CCN(CC3)S(=O)(=O)C)C#N)CN4CCC(CC4)NC5=C6C=C(SC6=NC=N5)CC(F)(F)F,1,1,7.397940008672037,7.397940008672037,40.0,40.0,IC50,PubChem,117636582.0,,,high_potency_<=100nM,True,True,0.9325755317877891,high
Cc1c(CN2CCC(CC2)Nc2ncnc3sc(CC(F)(F)F)cc23)ccc2n(CCC3CCN(CC3)S(C)(=O)=O)c(cc12)C#N,1,1,7.397940008672037,7.397940008672037,40.0,40.0,IC50,BindingDB,50455884,Menin,,high_potency_<=100nM,True,True,0.974379708402344,high
Cc1c(CN2CCC(Nc3ncnc4sc(CC(F)(F)F)cc34)CC2)ccc2c1cc(C#N)n2CCC1CCN(S(C)(=O)=O)CC1,1,1,7.397940008672037,7.397940008672037,40.0,40.0,IC50,ChEMBL,CHEMBL4210554,Menin,2018,high_potency_<=100nM,True,True,0.9127282336404833,high
C=CC(=O)Nc1cccc(S(=O)(=O)c2ccc(N3CC(F)(CN4CCC([C@@](C#N)(c5cccc(F)c5)[C@H]5CCC[C@@H]5NC(=O)OC)CC4)C3)cc2)c1,1,1,7.376750709602099,7.376750709602099,42.0,42.0,IC50,ChEMBL,CHEMBL5920903,Menin,2021,high_potency_<=100nM,True,True,0.6314351810149722,medium
CC(C)N(C(C)C)C(=O)C1=C(C=CC(=C1)F)OC2=C(N=CN=N2)N3CC4(C3)CCN(CC4)CC5CCC6(CC5)CC(=O)OC6,1,1,7.376750709602099,7.376750709602099,42.0,42.0,IC50,PubChem,176456310.0,Histone-lysine N-methyltransferase 2A,,high_potency_<=100nM,True,True,0.4695359181478216,medium
CC1=C(C=CC2=C1C=C(N2CCN3CCN(CC3)C(=O)CCC4CCCC4)C#N)CN5CCC(CC5)NC6=C7C=C(SC7=NC=N6)CC(F)(F)F,1,1,7.376750709602099,7.376750709602099,42.0,42.0,IC50,PubChem,118886397.0,,,high_potency_<=100nM,True,True,0.950935044115743,high
CNC(=O)O[C@@H]1CCC[C@H]1C(Cn1ccnc1)(C1CCN(CC2CN(C2)c2ccc(cc2)S(=O)(=O)c2ccccc2)CC1)c1ccccc1,1,1,7.376750709602099,7.376750709602099,42.0,42.0,IC50,BindingDB,480176,Menin,,high_potency_<=100nM,True,True,0.7990766914243655,high
CNC(=O)O[C@@H]1CCC[C@H]1C(Cn1ccnc1)(c1ccccc1)C1CCN(CC2CN(c3ccc(S(=O)(=O)c4ccccc4)cc3)C2)CC1,1,1,7.376750709602099,7.376750709602099,42.0,42.0,IC50,ChEMBL,CHEMBL5981944,Menin,2021,high_potency_<=100nM,True,True,0.8350546601447206,high
COC(=O)N[C@H]1CCC[C@@H]1[C@@](C#N)(C1CCN(CC2(F)CN(C2)c2ccc(cc2)S(=O)(=O)c2cccc(NC(=O)C=C)c2)CC1)c1cccc(F)c1,1,1,7.376750709602099,7.376750709602099,42.0,42.0,IC50,BindingDB,506344,Menin,,high_potency_<=100nM,True,True,0.8088936676957117,high
COC(=O)N[C@H]1CCC[C@@H]1[C@@](CN1CCC1)(C1CCN(CC2(CN(C2)c2ccc(cc2)S(=O)(=O)C2CC2)C(=O)OC)CC1)c1cccc(F)c1,1,1,7.376750709602099,7.376750709602099,42.0,42.0,IC50,BindingDB,50582745,Menin,,high_potency_<=100nM,True,True,0.714001103711549,high
Cc1c(CN2CCC(CC2)Nc2ncnc3sc(CC(F)(F)F)cc23)ccc2n(CCN3CCN(CC3)C(=O)CCC3CCCC3)c(cc12)C#N,1,1,7.376750709602099,7.376750709602099,42.0,42.0,IC50,BindingDB,50455867,Menin,,high_potency_<=100nM,True,True,0.9743231221945212,high
Cc1c(CN2CCC(Nc3ncnc4sc(CC(F)(F)F)cc34)CC2)ccc2c1cc(C#N)n2CCN1CCN(C(=O)CCC2CCCC2)CC1,1,1,7.376750709602099,7.376750709602099,42.0,42.0,IC50,ChEMBL,CHEMBL4213678,Menin,2018,high_potency_<=100nM,True,True,0.9364207962834132,high
O=S(=O)(CC1CCCC1)c1ccc(N2CC(CN3CCC(C4(C5CCCC5)NCCc5ccccc54)CC3)C2)cc1,1,1,7.376750709602099,7.376750709602099,42.0,42.0,IC50,ChEMBL,CHEMBL5889894,Menin,2021,high_potency_<=100nM,True,True,0.8984656948369801,high
O=S(=O)(CC1CCCC1)c1ccc(cc1)N1CC(CN2CCC(CC2)C2(NCCc3ccccc23)C2CCCC2)C1,1,1,7.376750709602099,7.376750709602099,42.0,42.0,IC50,BindingDB,480040,Menin,,high_potency_<=100nM,True,True,0.948844946717045,high
COC(=O)C1(CN(C1)C2=CC=C(C=C2)S(=O)(=O)C3CC3)CN4CCC(CC4)[C@](CN5CCC5)([C@H]6CCC[C@@H]6NC(=O)OC)C7=CC(=CC=C7)F,1,1,7.372634143407267,7.372634143407267,42.4,42.4,IC50,PubChem,166633868.0,,,high_potency_<=100nM,True,True,0.3725459170543016,medium
COC(=O)N[C@H]1CCC[C@@H]1[C@](CN1CCC1)(c1cccc(F)c1)C1CCN(CC2(C(=O)OC)CN(c3ccc(S(=O)(=O)C4CC4)cc3)C2)CC1,1,1,7.372634143407267,7.372634143407267,42.4,42.4,IC50,ChEMBL,CHEMBL5084863,Menin,2021,high_potency_<=100nM,True,True,0.6543084749819434,medium
CC(=O)N[C@@H](CCCNC(=N)N)C(=O)N[C@@H](Cc1c[nH]c2ccccc12)C(=O)N[C@H]1CCCCCCCCCCNC(=O)[C@@H]2CCCN2C(=O)[C@H](CCCNC(=N)N)NC(=O)[C@H](C)NC(=O)[C@@H]2CCCN2C(=O)[C@H](Cc2ccccc2)NC1=O,2,1,7.365386004533094,7.623423042943488,50.95,23.8,IC50;Ki,ChEMBL,CHEMBL2314829,Menin,2013,high_potency_<=100nM,True,True,0.5860356982626291,medium
C[C@@H]1NC(=O)[C@@H]2CCCN2C(=O)[C@H](Cc2ccccc2)NC(=O)[C@H](CCCCCCCCCCNC(=O)[C@@H]2CCCN2C(=O)[C@H](CCCNC(N)=N)NC1=O)NC(=O)[C@H](Cc1c[nH]c2ccccc12)NC(=O)[C@H](CCCNC(N)=N)NC(C)=O,2,1,7.363847077798956,7.619788758288394,51.0,24.0,IC50;Ki,BindingDB,50489251,Menin,,high_potency_<=100nM,True,True,0.4631611566193332,medium
CC1=C(C=CC2=C1C=C(N2CCN3CCN(CC3)C(=O)C(F)F)C#N)CN4CCC(CC4)NC5=C6C=C(SC6=NC=N5)CC(F)(F)F,1,1,7.356547323513812,7.356547323513812,44.0,44.0,IC50,PubChem,130375988.0,,,high_potency_<=100nM,True,True,0.9238730493691719,high
Cc1c(CN2CCC(CC2)Nc2ncnc3sc(CC(F)(F)F)cc23)ccc2n(CCN3CCN(CC3)C(=O)C(F)F)c(cc12)C#N,1,1,7.356547323513812,7.356547323513812,44.0,44.0,IC50,BindingDB,50455858,Menin,,high_potency_<=100nM,True,True,0.9589317098198264,high
Cc1c(CN2CCC(Nc3ncnc4sc(CC(F)(F)F)cc34)CC2)ccc2c1cc(C#N)n2CCN1CCN(C(=O)C(F)F)CC1,1,1,7.356547323513812,7.356547323513812,44.0,44.0,IC50,ChEMBL,CHEMBL4210798,Menin,2018,high_potency_<=100nM,True,True,0.9233658076751308,high
CC(=O)O[C@H]1CCC[C@@H]1C(C#N)(C1CCN(CC2CN(C2)c2ccc(cc2)S(=O)(=O)C2CC2)CC1)c1ccccc1F,1,1,7.346787486224656,7.346787486224656,45.0,45.0,IC50,BindingDB,480249,Menin,,high_potency_<=100nM,True,True,0.7558290262952551,high
CC(=O)O[C@H]1CCC[C@@H]1C(C#N)(c1ccccc1F)C1CCN(CC2CN(c3ccc(S(=O)(=O)C4CC4)cc3)C2)CC1,1,1,7.346787486224656,7.346787486224656,45.0,45.0,IC50,ChEMBL,CHEMBL5978882,Menin,2021,high_potency_<=100nM,True,True,0.7691819490847944,high
O=S(=O)(c1ccccc1)c1ccc(N2CC(CN3CCC(C(CN4CCCC4)(C4=CCCC4)c4ccccc4)CC3)C2)cc1,1,1,7.346787486224656,7.346787486224656,45.0,45.0,IC50,ChEMBL,CHEMBL5980008,Menin,2021,high_potency_<=100nM,True,True,0.8983529101649622,high
O=S(=O)(c1ccccc1)c1ccc(cc1)N1CC(CN2CCC(CC2)C(CN2CCCC2)(C2=CCCC2)c2ccccc2)C1,1,1,7.346787486224656,7.346787486224656,45.0,45.0,IC50,BindingDB,480293,Menin,,high_potency_<=100nM,True,True,0.9313346276849256,high
CC1(CN=C(S1)N2CCN(CC2)C3=C4C=C(SC4=NC=N3)CC(F)(F)F)C,3,1,7.337242168318426,7.337242168318426,46.0,46.0,IC50,PubChem,72201086.0,,,high_potency_<=100nM,True,True,0.6599423285624946,medium
CNC(=O)O[C@@H]1CCC[C@H]1C(Cn1ccnc1)(C1CCN(CC2CN(C2)c2ccc(cc2)S(=O)(=O)c2cnn(C)c2)CC1)c1ccccc1,1,1,7.337242168318426,7.337242168318426,46.0,46.0,IC50,BindingDB,480178,Menin,,high_potency_<=100nM,True,True,0.7307459641481429,high
CNC(=O)O[C@@H]1CCC[C@H]1C(Cn1ccnc1)(c1ccccc1)C1CCN(CC2CN(c3ccc(S(=O)(=O)c4cnn(C)c4)cc3)C2)CC1,1,1,7.337242168318426,7.337242168318426,46.0,46.0,IC50,ChEMBL,CHEMBL5909835,Menin,2021,high_potency_<=100nM,True,True,0.7251082834568051,high
CC(C)N(C(C)C)C(=O)C1=C(C=CC(=C1)F)OC2=CN=CN=C2N3CC4(C3)CCN(CC4)C[C@@H]5CC6CC[C@@H]5CC67CC(=O)OC7,1,1,7.330683119433887,7.330683119433887,46.7,46.7,IC50,PubChem,176456318.0,Histone-lysine N-methyltransferase 2A,,high_potency_<=100nM,True,True,0.7054714012088701,high
CC(C)N(C(C)C)C(=O)C1=C(C=CC(=C1)F)OC2=CN=CN=C2N3CC4(C3)CCN(CC4)C[C@H]5CC6CCC5CC67CC(=O)OC7,1,1,7.322393047279507,7.322393047279507,47.6,47.6,IC50,PubChem,176456317.0,Histone-lysine N-methyltransferase 2A,,high_potency_<=100nM,True,True,0.602269509101821,medium
CNC(=O)O[C@H]1CCC[C@@H]1C(C#N)(C1CCN(CC2(C)CN(C2)c2ccc(cc2)S(=O)(=O)c2cnn(C)c2)CC1)c1ccccc1,1,1,7.318758762624412,7.318758762624412,48.0,48.0,IC50,BindingDB,480310,Menin,,high_potency_<=100nM,True,True,0.775260628077217,high
CNC(=O)O[C@H]1CCC[C@@H]1C(C#N)(c1ccccc1)C1CCN(CC2(C)CN(c3ccc(S(=O)(=O)c4cnn(C)c4)cc3)C2)CC1,1,1,7.318758762624412,7.318758762624412,48.0,48.0,IC50,ChEMBL,CHEMBL5827385,Menin,2021,high_potency_<=100nM,True,True,0.7696150387812329,high
CNC(=O)O[C@@H]1CCC[C@H]1C(Cn1ccnc1C)(C1CCN(CC2CN(C2)c2ccc(cc2)S(=O)(=O)c2cnn(C)c2)CC1)c1cccc(F)c1,1,1,7.309803919971486,7.309803919971486,49.0,49.0,IC50,BindingDB,480345,Menin,,high_potency_<=100nM,True,True,0.7886512100991697,high
CNC(=O)O[C@@H]1CCC[C@H]1C(Cn1ccnc1C)(c1cccc(F)c1)C1CCN(CC2CN(c3ccc(S(=O)(=O)c4cnn(C)c4)cc3)C2)CC1,1,1,7.309803919971486,7.309803919971486,49.0,49.0,IC50,ChEMBL,CHEMBL5883185,Menin,2021,high_potency_<=100nM,True,True,0.7526456335594688,high
C[C@H]([C@@H](C(=O)NCC(=O)N[C@@H](CCCNC(=N)N)C(=O)N[C@@H](CCCNC(=N)N)C(=O)N)NC(=O)CNC(=O)[C@@H]1CCCN1C(=O)[C@H](CCCNC(=N)N)NC(=O)[C@H](C)NC(=O)[C@@H]2CCCN2C(=O)[C@H](CC3=CC=CC=C3)NC(=O)[C@H](CCCNC(=N)N)NC(=O)[C@H](CC4=CNC5=CC=CC=C54)NC(=O)[C@H](CCCNC(=N)N)NC(=O)C)O,1,1,7.309803919971486,7.309803919971486,49.0,49.0,IC50,PubChem,71720397.0,,,high_potency_<=100nM,True,True,0.34644246285261254,medium
O=S(=O)(C1CCOCC1)c1ccc(cc1)N1CC(CN2CCC(CC2)C2(NCCc3ccccc23)C2CCCC2)C1,1,1,7.309803919971486,7.309803919971486,49.0,49.0,IC50,BindingDB,480046,Menin,,high_potency_<=100nM,True,True,0.9136915658389146,high
O=S(=O)(c1ccc(N2CC(CN3CCC(C4(C5CCCC5)NCCc5ccccc54)CC3)C2)cc1)C1CCOCC1,1,1,7.309803919971486,7.309803919971486,49.0,49.0,IC50,ChEMBL,CHEMBL5890397,Menin,2021,high_potency_<=100nM,True,True,0.8230562619714765,high
CCN(C(C)C)C(=O)C1=C(C=CC(=C1)F)OC2=C(N=CN=N2)N3CC4(C3)CCN(CC4)C[C@@H]5CC6CC[C@H]5CC67CCC(=O)C7,1,1,7.308034897232639,7.308034897232639,49.2,49.2,IC50,PubChem,176456280.0,Histone-lysine N-methyltransferase 2A,,high_potency_<=100nM,True,True,0.8710965945842615,high
CNC(=O)O[C@H]1CCC[C@@H]1C(C#N)(C1CCN(CC1)C1CCN(CC1)c1ccc(cc1)S(=O)(=O)c1ccccc1)c1ccccc1,1,1,7.301029995663981,7.301029995663981,50.0,50.0,IC50,BindingDB,480173,Menin,,high_potency_<=100nM,True,True,0.8730968279854148,high
CNC(=O)O[C@H]1CCC[C@@H]1C(C#N)(c1ccccc1)C1CCN(C2CCN(c3ccc(S(=O)(=O)c4ccccc4)cc3)CC2)CC1,1,1,7.301029995663981,7.301029995663981,50.0,50.0,IC50,ChEMBL,CHEMBL5770956,Menin,2021,high_potency_<=100nM,True,True,0.8270993763600974,high
COC(=O)N[C@H]1CCC[C@@H]1[C@@](CN2CCC2)(C3CCN(CC3)CC4(CN(C4)C5=CC=C(C=C5)S(=O)(=O)N6C[C@@H]7C[C@H]6CN7C(=O)C=C)OC)C8=CC(=CC=C8)F,7,1,7.292429823902063,8.568636235841012,51.0,2.7,IC50,PubChem,162640855.0,,,high_potency_<=100nM,True,True,0.7361525869518655,high
O=S(=O)(CC1CCCCC1)c1ccc(N2CC(CN3CCC(C4(C5CCCC5)NCCc5ccccc54)CC3)C2)cc1,1,1,7.2839966563652,7.2839966563652,52.0,52.0,IC50,ChEMBL,CHEMBL5988917,Menin,2021,high_potency_<=100nM,True,True,0.9011660100950094,high
O=S(=O)(CC1CCCCC1)c1ccc(cc1)N1CC(CN2CCC(CC2)C2(NCCc3ccccc23)C2CCCC2)C1,1,1,7.2839966563652,7.2839966563652,52.0,52.0,IC50,BindingDB,480042,Menin,,high_potency_<=100nM,True,True,0.9491425071415547,high
N=C(N)NCCC[C@@H]1NC(=O)C2(CCC2)NC(=O)[C@@H]2CCCN2C(=O)[C@H](Cc2ccccc2)NC(=O)[C@@H](N)CCCCCCCCNC(=O)[C@@H]2CCCN2C1=O,2,1,7.282444283436753,7.573488738635425,64.35,26.7,IC50;Ki,ChEMBL,CHEMBL2314569,Menin,2013,high_potency_<=100nM,True,True,0.38607699702137016,medium
N[C@H]1CCCCCCCCNC(=O)[C@@H]2CCCN2C(=O)[C@H](CCCNC(N)=N)NC(=O)C2(CCC2)NC(=O)[C@@H]2CCCN2C(=O)[C@H](Cc2ccccc2)NC1=O,2,1,7.280018032039547,7.568636235841012,64.5,27.0,IC50;Ki,BindingDB,50489253,Menin,,high_potency_<=100nM,True,True,0.4008291138506598,medium
N=C(N)NCCC[C@@H]1NC(=O)C2(CCC2)NC(=O)[C@@H]2CCCN2C(=O)[C@H](Cc2ccccc2F)NC(=O)[C@@H](N)CCCCCCCCNC(=O)[C@@H]2CCCN2C1=O,2,1,7.27603356720391,7.560667306169737,64.75,27.5,IC50;Ki,ChEMBL,CHEMBL2314817,Menin,2013,high_potency_<=100nM,True,True,0.3734122674769678,medium
N[C@H]1CCCCCCCCNC(=O)[C@@H]2CCCN2C(=O)[C@H](CCCNC(N)=N)NC(=O)C2(CCC2)NC(=O)[C@@H]2CCCN2C(=O)[C@H](Cc2ccccc2F)NC1=O,2,1,7.272120898447931,7.552841968657781,65.0,28.0,IC50;Ki,BindingDB,50489225,Menin,,high_potency_<=100nM,True,True,0.3883688100437178,medium
FC(F)(F)Cc1cc2c(N3CC4(CN(C4)C(=O)[C@H]4N[C@H]5C[C@@H]4C[C@@H]5OCC=C)C3)c(cnc2s1)C(F)(F)F,1,1,7.268411234813261,7.268411234813261,53.9,53.9,IC50,BindingDB,554126,Histone-lysine N-methyltransferase 2A/Menin,,high_potency_<=100nM,True,True,0.7427943051540951,high
CNC(=O)O[C@H]1CCC[C@@H]1[C@@]2(CN(CC3=CC=CC=C32)C)C4CCN(CC4)CC5CN(C5)C6=CC=C(C=C6)S(=O)(=O)C7=CC=NC=C7,5,1,7.267606240177031,8.301029995663981,54.0,5.0,IC50;Kd,PubChem,138454904.0,,,high_potency_<=100nM,True,True,0.8091936585227726,high
CN1Cc2ccccc2C(C1)(C1CCCC1)C1CCN(CCCOc2ccc(cc2)C#N)CC1,1,1,7.267606240177031,7.267606240177031,54.0,54.0,IC50,BindingDB,479978,Menin,,high_potency_<=100nM,True,True,0.865987948941259,high
CN1Cc2ccccc2C(C2CCCC2)(C2CCN(CCCOc3ccc(C#N)cc3)CC2)C1,1,1,7.267606240177031,7.267606240177031,54.0,54.0,IC50,ChEMBL,CHEMBL5947705,Menin,2021,high_potency_<=100nM,True,True,0.8086265302616589,high
CCS(=O)(=O)N1CCN(CC1)CCN2C3=C(C=C2C#N)C(=C(C=C3)CN4CCC(CC4)NC5=C6C=C(SC6=NC=N5)CC(F)(F)F)C,1,1,7.259637310505756,7.259637310505756,55.0,55.0,IC50,PubChem,117636548.0,,,high_potency_<=100nM,True,True,0.9475766471182652,high
CCS(=O)(=O)N1CCN(CCn2c(C#N)cc3c(C)c(CN4CCC(Nc5ncnc6sc(CC(F)(F)F)cc56)CC4)ccc32)CC1,1,1,7.259637310505756,7.259637310505756,55.0,55.0,IC50,ChEMBL,CHEMBL4218711,Menin,2018,high_potency_<=100nM,True,True,0.9163242825349177,high
CCS(=O)(=O)N1CCN(CCn2c(cc3c(C)c(CN4CCC(CC4)Nc4ncnc5sc(CC(F)(F)F)cc45)ccc23)C#N)CC1,1,1,7.259637310505756,7.259637310505756,55.0,55.0,IC50,BindingDB,50455857,Menin,,high_potency_<=100nM,True,True,0.9419004035612104,high
O=S(=O)(CC1CCC1)c1ccc(N2CC(CN3CCC(C4(C5CCCC5)NCCc5ccccc54)CC3)C2)cc1,1,1,7.259637310505756,7.259637310505756,55.0,55.0,IC50,ChEMBL,CHEMBL5739851,Menin,2021,high_potency_<=100nM,True,True,0.8958603093350862,high
O=S(=O)(CC1CCC1)c1ccc(cc1)N1CC(CN2CCC(CC2)C2(NCCc3ccccc23)C2CCCC2)C1,1,1,7.259637310505756,7.259637310505756,55.0,55.0,IC50,BindingDB,480035,Menin,,high_potency_<=100nM,True,True,0.9486424981943363,high
C1CC2C3C(C(N2C1)C4=CC=C(C=C4)C(=N)N)C(=O)N(C3=O)CC5=CC=C(C=C5)F,1,1,7.2441251443275085,7.2441251443275085,57.0,57.0,Ki,PubChem,75072534.0,,,high_potency_<=100nM,True,True,0.08646037389409096,low
CC1=C(C=CC2=C1C=C(N2CCN3CCN(CC3)C(=O)CC4CCCC4)C#N)CN5CCC(CC5)NC6=C7C=C(SC7=NC=N6)CC(F)(F)F,1,1,7.2441251443275085,7.2441251443275085,57.0,57.0,IC50,PubChem,117636634.0,,,high_potency_<=100nM,True,True,0.930894237716151,high
Cc1c(CN2CCC(CC2)Nc2ncnc3sc(CC(F)(F)F)cc23)ccc2n(CCN3CCN(CC3)C(=O)CC3CCCC3)c(cc12)C#N,1,1,7.2441251443275085,7.2441251443275085,57.0,57.0,IC50,BindingDB,50455882,Menin,,high_potency_<=100nM,True,True,0.9675569147123847,high
Cc1c(CN2CCC(Nc3ncnc4sc(CC(F)(F)F)cc34)CC2)ccc2c1cc(C#N)n2CCN1CCN(C(=O)CC2CCCC2)CC1,1,1,7.2441251443275085,7.2441251443275085,57.0,57.0,IC50,ChEMBL,CHEMBL4207176,Menin,2018,high_potency_<=100nM,True,True,0.9295264197671025,high
CC(=O)N[C@H]1CCC[C@@H]1[C@@](C#N)(C1CCN(CC2CN(C2)c2ccc(cc2)C#N)CC1)c1ccccc1,2,1,7.243124924959088,7.494850021680094,67.0,32.0,IC50;Ki,BindingDB,50516552,Menin,,high_potency_<=100nM,True,True,0.8260467042863324,high
CC(=O)N[C@H]1CCC[C@@H]1[C@](C#N)(c1ccccc1)C1CCN(CC2CN(c3ccc(C#N)cc3)C2)CC1,2,1,7.243124924959088,7.494850021680094,67.0,32.0,IC50;Ki,ChEMBL,CHEMBL4565646,Menin,2019,high_potency_<=100nM,True,True,0.8437280183167951,high
N=C(N)NCCC[C@@H]1NC(=O)C2(CCC2)NC(=O)[C@@H]2CCCN2C(=O)[C@H](Cc2ccccc2Cl)NC(=O)[C@@H](N)CCCCCCCCNC(=O)[C@@H]2CCCN2C1=O,2,1,7.236830361305078,7.522878745280337,71.0,30.0,IC50;Ki,ChEMBL,CHEMBL2314572,Menin,2013,high_potency_<=100nM,True,True,0.39203231929815885,medium
N[C@H]1CCCCCCCCNC(=O)[C@@H]2CCCN2C(=O)[C@H](CCCNC(N)=N)NC(=O)C2(CCC2)NC(=O)[C@@H]2CCCN2C(=O)[C@H](Cc2ccccc2Cl)NC1=O,2,1,7.236830361305078,7.522878745280337,71.0,30.0,IC50;Ki,BindingDB,50489229,Menin,,high_potency_<=100nM,True,True,0.40732055974408493,medium
C[C@@H](C(=O)N[C@@H](CCCN=C(N)N)C(=O)N[C@@H](CC1=CNC2=CC=CC=C21)C(=O)N[C@H]3C/C=C\C[C@H](NC(=O)C4(CCC4)NC(=O)[C@@H]5CCCN5C(=O)[C@@H](NC3=O)CC6=CC(=CC=C6)F)C(=O)N7CCC[C@H]7C(=O)N[C@@H](CCCN)C(=O)N[C@@H](CCCN=C(N)N)C(=O)N)NC(=O)C,1,1,7.236572006437063,7.236572006437063,58.0,58.0,IC50,PubChem,162672700.0,,,high_potency_<=100nM,True,True,0.5756155518866733,medium
N#Cc1ccc(OCCCN2CCC(C3(C4CCCC4)NCCc4sccc43)CC2)cc1,1,1,7.229147988357855,7.229147988357855,59.0,59.0,IC50,ChEMBL,CHEMBL5937153,Menin,2021,high_potency_<=100nM,True,True,0.9812438147756551,high
N#Cc1ccc(OCCCN2CCC(CC2)C2(NCCc3sccc23)C2CCCC2)cc1,1,1,7.229147988357855,7.229147988357855,59.0,59.0,IC50,BindingDB,479986,Menin,,high_potency_<=100nM,True,True,0.9577920953495772,high
C1CCC(C1)NC2=NC=C3C(=C2)C(=NC=N3)NC4CCN(CC4)CC5CN(C5)C6=CC=C(C=C6)C#N,1,1,7.221848749616356,7.221848749616356,60.0,60.0,IC50,PubChem,168294492.0,,,high_potency_<=100nM,True,True,0.8922494783334232,high
CN1Cc2ccccc2C(C1)(C1CCCC1)C1CCN(CC2CN(C2)c2ccc(cc2)S(C)(=O)=O)CC1,1,1,7.214670164989233,7.214670164989233,61.0,61.0,IC50,BindingDB,480014,Menin,,high_potency_<=100nM,True,True,0.7584726032297953,high
CN1Cc2ccccc2C(C2CCCC2)(C2CCN(CC3CN(c4ccc(S(C)(=O)=O)cc4)C3)CC2)C1,1,1,7.214670164989233,7.214670164989233,61.0,61.0,IC50,ChEMBL,CHEMBL5756211,Menin,2021,high_potency_<=100nM,True,True,0.7614457805088337,high
N#Cc1ccc(OCCCN2CCC(C3(C4CCCC4)CNCc4ccccc43)CC2)cc1,1,1,7.214670164989233,7.214670164989233,61.0,61.0,IC50,ChEMBL,CHEMBL5774620,Menin,2021,high_potency_<=100nM,True,True,0.9386210237025441,high
N#Cc1ccc(OCCCN2CCC(CC2)C2(CNCc3ccccc23)C2CCCC2)cc1,1,1,7.214670164989233,7.214670164989233,61.0,61.0,IC50,BindingDB,479974,Menin,,high_potency_<=100nM,True,True,0.910330494702601,high
CCN(C(C)C)C(=O)C1=C(C=CC(=C1)F)OC2=CN=CN=C2N3CC4(C3)CCN(CC4)C[C@H]5CC6CC[C@H]5CC67CC(=O)OC7,1,1,7.213958789757446,7.213958789757446,61.1,61.1,IC50,PubChem,176456315.0,Histone-lysine N-methyltransferase 2A,,high_potency_<=100nM,True,True,0.6692553895594205,medium
CNC(=O)O[C@@H]1CCC[C@H]1[C@@](C#N)(c1ccccc1)C1CCN(CC2CN(c3ccc(S(=O)(=O)c4ccncc4)cc3)C2)CC1,1,1,7.207608310501746,7.207608310501746,62.0,62.0,IC50,ChEMBL,CHEMBL5861013,Menin,2021,high_potency_<=100nM,True,True,0.681041308747469,medium
CNC(=O)O[C@@H]1CCC[C@H]1[C@](C#N)(C1CCN(CC2CN(C2)c2ccc(cc2)S(=O)(=O)c2ccncc2)CC1)c1ccccc1,1,1,7.207608310501746,7.207608310501746,62.0,62.0,IC50,BindingDB,480292,Menin,,high_potency_<=100nM,True,True,0.6985128175874302,medium
CCN(C(C)C)C(=O)C1=C(C=CC(=C1)F)OC2=C(N=CN=N2)N3CC4(C3)CCN(CC4)CC5CCC6(CC5)CCC(=O)N6,1,1,7.20690839982342,7.20690839982342,62.1,62.1,IC50,PubChem,169978136.0,Histone-lysine N-methyltransferase 2A,,high_potency_<=100nM,True,True,0.6155639127160616,medium
CC1=C(C=CC2=C1C=C(N2CCC3CCN(CC3)C=O)C#N)CN4CCC(CC4)NC5=C6C=C(SC6=NC=N5)CC(F)(F)F,1,1,7.200659450546418,7.200659450546418,63.0,63.0,IC50,PubChem,145964987.0,,,high_potency_<=100nM,True,True,0.9459512118217556,high
CNC(=O)O[C@H]1CCC[C@@H]1C(CN1CCCC1)(C1CCN(CC2CN(C2)c2ccc(cc2)S(=O)(=O)c2ccccc2)CC1)c1ccccc1,1,1,7.200659450546418,7.200659450546418,63.0,63.0,IC50,BindingDB,480299,Menin,,high_potency_<=100nM,True,True,0.8403099151236426,high
CNC(=O)O[C@H]1CCC[C@@H]1C(CN1CCCC1)(c1ccccc1)C1CCN(CC2CN(c3ccc(S(=O)(=O)c4ccccc4)cc3)C2)CC1,1,1,7.200659450546418,7.200659450546418,63.0,63.0,IC50,ChEMBL,CHEMBL5889988,Menin,2021,high_potency_<=100nM,True,True,0.8680555854605541,high
Cc1c(CN2CCC(CC2)Nc2ncnc3sc(CC(F)(F)F)cc23)ccc2n(CCC3CCN(CC3)C=O)c(cc12)C#N,1,1,7.200659450546418,7.200659450546418,63.0,63.0,IC50,BindingDB,50455870,Menin,,high_potency_<=100nM,True,True,0.9741054602303646,high
Cc1c(CN2CCC(Nc3ncnc4sc(CC(F)(F)F)cc34)CC2)ccc2c1cc(C#N)n2CCC1CCN(C=O)CC1,1,1,7.200659450546418,7.200659450546418,63.0,63.0,IC50,ChEMBL,CHEMBL4210221,Menin,2018,high_potency_<=100nM,True,True,0.9230283593156584,high
CC1(C)CN=C(N2CCN(c3ncnc4sc(CC(F)F)cc34)CC2)S1,1,1,7.187086643357144,7.187086643357144,65.0,65.0,IC50,ChEMBL,CHEMBL3613789,Menin,2015,high_potency_<=100nM,True,True,0.6748430416349371,medium
CC1(C)CN=C(S1)N1CCN(CC1)c1ncnc2sc(CC(F)F)cc12,1,1,7.187086643357144,7.187086643357144,65.0,65.0,IC50,BindingDB,50117744,Menin,,high_potency_<=100nM,True,True,0.8571008591123329,high
CC1(CN=C(S1)N2CCN(CC2)C3=C4C=C(SC4=NC=N3)CC(F)F)C,1,1,7.187086643357144,7.187086643357144,65.0,65.0,IC50,PubChem,122189305.0,,,high_potency_<=100nM,True,True,0.5880999945890466,medium
CN1COCN([C@H]2CCC[C@@H]2C(C#N)(C2CCN(CC3CN(C3)c3ccc(cc3)S(=O)(=O)c3ccncc3)CC2)c2ccccc2)C1=O,1,1,7.187086643357144,7.187086643357144,65.0,65.0,IC50,BindingDB,480218,Menin,,high_potency_<=100nM,True,True,0.7446646404082519,high
CN1COCN([C@H]2CCC[C@@H]2C(C#N)(c2ccccc2)C2CCN(CC3CN(c4ccc(S(=O)(=O)c5ccncc5)cc4)C3)CC2)C1=O,1,1,7.187086643357144,7.187086643357144,65.0,65.0,IC50,ChEMBL,CHEMBL5851370,Menin,2021,high_potency_<=100nM,True,True,0.6981573622625066,medium
CC(=O)O[C@H]1CCC[C@@H]1C(C#N)(C1CCN(CCCOc2ccc(cc2)C#N)CC1)c1ccccc1F,1,1,7.180456064458131,7.180456064458131,66.0,66.0,IC50,BindingDB,480247,Menin,,high_potency_<=100nM,True,True,0.8343630723648456,high
CC(=O)O[C@H]1CCC[C@@H]1C(C#N)(c1ccccc1F)C1CCN(CCCOc2ccc(C#N)cc2)CC1,1,1,7.180456064458131,7.180456064458131,66.0,66.0,IC50,ChEMBL,CHEMBL6027587,Menin,2021,high_potency_<=100nM,True,True,0.8300471392255393,high
CC(C)S(=O)(=O)C1=CC=C(C=C1)N2CC(C2)CN3CCC(CC3)C4(C5=CC=CC=C5CCN4)C6CCCC6,3,1,7.173925197299173,7.67778070526608,67.0,21.0,IC50;Ki,PubChem,132104373.0,,,high_potency_<=100nM,True,True,0.7348398739298423,high
CC(C)S(=O)(=O)c1ccc(N2CC(CN3CCC(C4(C5CCCC5)NCCc5ccccc54)CC3)C2)cc1,3,1,7.173925197299173,7.67778070526608,67.0,21.0,IC50;Ki,ChEMBL,CHEMBL4467100,Menin,2019;2021,high_potency_<=100nM,True,True,0.718772952831839,high
CC(C)S(=O)(=O)c1ccc(cc1)N1CC(CN2CCC(CC2)C2(NCCc3ccccc23)C2CCCC2)C1,3,1,7.173925197299173,7.67778070526608,67.0,21.0,IC50;Ki,BindingDB,50516562,Menin,,high_potency_<=100nM,True,True,0.85970700099366,high
N#Cc1ccc(N2CCC(CN3CCC(C4(C5CCCC5)NCCc5ccccc54)CC3)C2)cc1,3,1,7.173925197299173,7.568636235841012,67.0,27.0,IC50;Ki,ChEMBL,CHEMBL4466955,Menin,2019;2021,high_potency_<=100nM,True,True,0.8552377650714673,high
N#Cc1ccc(cc1)N1CCC(CN2CCC(CC2)C2(NCCc3ccccc23)C2CCCC2)C1,3,1,7.173925197299173,7.568636235841012,67.0,27.0,IC50;Ki,BindingDB,50516548,Menin,,high_potency_<=100nM,True,True,0.9394039843884932,high
CC(C)N(C(C)C)C(=O)C1=C(C=CC(=C1)F)OC2=C(N=CN=N2)N3CC4(C3)CCN(CC4)CC5CCC6(CC5)CCC(=O)C6,1,1,7.172630726946174,7.172630726946174,67.2,67.2,IC50,PubChem,176456271.0,Histone-lysine N-methyltransferase 2A,,high_potency_<=100nM,True,True,0.6543696961404531,medium
CNC(=O)O[C@@H]1CCC[C@H]1C(C#N)(C1CCN(CC2CN(C2)c2ccc(cc2)S(=O)(=O)c2ccn(C)n2)CC1)c1ccccc1,1,1,7.167491087293763,7.167491087293763,68.0,68.0,IC50,BindingDB,480170,Menin,,high_potency_<=100nM,True,True,0.7702468895606558,high
CNC(=O)O[C@@H]1CCC[C@H]1C(C#N)(c1ccccc1)C1CCN(CC2CN(c3ccc(S(=O)(=O)c4ccn(C)n4)cc3)C2)CC1,1,1,7.167491087293763,7.167491087293763,68.0,68.0,IC50,ChEMBL,CHEMBL5844945,Menin,2021,high_potency_<=100nM,True,True,0.7831170062191048,high
CNC(=O)O[C@H]1CCC[C@@H]1C(C#N)(C1CCN(CC2(F)CN(C2)c2ccc(cc2)S(=O)(=O)c2cnn(C)c2)CC1)c1ccccc1,1,1,7.167491087293763,7.167491087293763,68.0,68.0,IC50,BindingDB,480307,Menin,,high_potency_<=100nM,True,True,0.7084326935686532,high
CNC(=O)O[C@H]1CCC[C@@H]1C(C#N)(c1ccccc1)C1CCN(CC2(F)CN(c3ccc(S(=O)(=O)c4cnn(C)c4)cc3)C2)CC1,1,1,7.167491087293763,7.167491087293763,68.0,68.0,IC50,ChEMBL,CHEMBL5983137,Menin,2021,high_potency_<=100nM,True,True,0.6992628339417132,medium
C1CCC(C1)[C@@](C2CCN(CC2)CCCOC3=CC=C(C=C3)C#N)(C4=CC=CC=C4)N,2,1,7.161196523639753,7.251811972993799,70.5,56.0,IC50;Kd,PubChem,71777747.0,,,high_potency_<=100nM,True,True,0.679016152902943,medium
N#Cc1ccc(OCCCN2CCC([C@@](N)(c3ccccc3)C3CCCC3)CC2)cc1,2,1,7.161196523639753,7.251811972993799,70.5,56.0,IC50;Kd,ChEMBL,CHEMBL3126198,Menin,2014,high_potency_<=100nM,True,True,0.8433208700185484,high
N[C@](C1CCCC1)(C1CCN(CCCOc2ccc(cc2)C#N)CC1)c1ccccc1,2,1,7.161196523639753,7.251811972993799,70.5,56.0,IC50;Kd,BindingDB,50496327,Menin,,high_potency_<=100nM,True,True,0.8452055243652945,high
CC(C)N(C(C)C)C(=O)C1=C(C=CC(=C1)F)OC2=CN=CN=C2N3CC4(C3)CCN(CC4)C[C@H]5CC6CC[C@H]5CC67CC(=O)OC7,1,1,7.150580586203101,7.150580586203101,70.7,70.7,IC50,PubChem,176456319.0,Histone-lysine N-methyltransferase 2A,,high_potency_<=100nM,True,True,0.6607010316982166,medium
C1CCC(C1)C2(C3=CC=CC=C3CCN2)C4CCN(CC4)CCCOC5=CC=C(C=C5)C#N,3,1,7.1487416512809245,7.657577319177793,71.0,22.0,IC50;Ki,PubChem,138618588.0,,,high_potency_<=100nM,True,True,0.9277442971225787,high
N#Cc1ccc(OCCCN2CCC(C3(C4CCCC4)NCCc4ccccc43)CC2)cc1,3,1,7.1487416512809245,7.657577319177793,71.0,22.0,IC50;Ki,ChEMBL,CHEMBL4448045,Menin,2019;2021,high_potency_<=100nM,True,True,0.9599640509651584,high
N#Cc1ccc(OCCCN2CCC(CC2)C2(NCCc3ccccc23)C2CCCC2)cc1,3,1,7.1487416512809245,7.657577319177793,71.0,22.0,IC50;Ki,BindingDB,50516547,Menin,,high_potency_<=100nM,True,True,0.9281467177128494,high
CC1=C(C=CC2=C1C=C(N2CCN3CCN(CC3)S(=O)(=O)C(F)(F)F)C#N)CN4CCC(CC4)NC5=C6C=C(SC6=NC=N5)CC(F)(F)F,1,1,7.1487416512809245,7.1487416512809245,71.0,71.0,IC50,PubChem,130375985.0,,,high_potency_<=100nM,True,True,0.9148907793838693,high
Cc1c(CN2CCC(CC2)Nc2ncnc3sc(CC(F)(F)F)cc23)ccc2n(CCN3CCN(CC3)S(=O)(=O)C(F)(F)F)c(cc12)C#N,1,1,7.1487416512809245,7.1487416512809245,71.0,71.0,IC50,BindingDB,50455875,Menin,,high_potency_<=100nM,True,True,0.9522313109326921,high
Cc1c(CN2CCC(Nc3ncnc4sc(CC(F)(F)F)cc34)CC2)ccc2c1cc(C#N)n2CCN1CCN(S(=O)(=O)C(F)(F)F)CC1,1,1,7.1487416512809245,7.1487416512809245,71.0,71.0,IC50,ChEMBL,CHEMBL4213149,Menin,2018,high_potency_<=100nM,True,True,0.9262692548137387,high
CC(=O)O[C@H]1CCC[C@@H]1C(C#N)(C1CCN(CC2CN(C2)c2ccc(cc2)S(C)(=O)=O)CC1)c1ccccc1,1,1,7.136677139879544,7.136677139879544,73.0,73.0,IC50,BindingDB,480123,Menin,,high_potency_<=100nM,True,True,0.7234263091120857,high
CC(=O)O[C@H]1CCC[C@@H]1C(C#N)(c1ccccc1)C1CCN(CC2CN(c3ccc(S(C)(=O)=O)cc3)C2)CC1,1,1,7.136677139879544,7.136677139879544,73.0,73.0,IC50,ChEMBL,CHEMBL5969278,Menin,2021,high_potency_<=100nM,True,True,0.7438270335909363,high
Clc1cc(ccc1N1CC(CN2CCC(CC2)C2(NCCc3ccccc23)C2CCCC2)C1)C#N,1,1,7.136677139879544,7.136677139879544,73.0,73.0,IC50,BindingDB,480085,Menin,,high_potency_<=100nM,True,True,0.9335877849068271,high
N#Cc1ccc(N2CC(CN3CCC(C4(C5CCCC5)NCCc5ccccc54)CC3)C2)c(Cl)c1,1,1,7.136677139879544,7.136677139879544,73.0,73.0,IC50,ChEMBL,CHEMBL5752186,Menin,2021,high_potency_<=100nM,True,True,0.8993600542266896,high
COC(=O)N[C@H]1CCC[C@@H]1[C@@](CN2CCC2)(C3CCN(CC3)CC4(CN(C4)C5=CC=C(C=C5)S(=O)(=O)[C@@H]6CCCN(C6)C(=O)C=C)OC)C7=CC(=CC=C7)F,3,1,7.130768280269024,8.431798275933005,74.0,3.7,IC50,PubChem,156676281.0,,,high_potency_<=100nM,True,True,0.804908133732005,high
CC1=C(C=CC2=C1C=C(N2CCN3CCN(CC3)C(=O)C(F)(F)F)C#N)CN4CCC(CC4)NC5=C6C=C(SC6=NC=N5)CC(F)(F)F,1,1,7.1249387366083,7.1249387366083,75.0,75.0,IC50,PubChem,130375987.0,,,high_potency_<=100nM,True,True,0.9323574009404131,high
CN(C)S(=O)(=O)c1ccc(N2CC(CN3CCC(C4(C5CCCC5)NCCc5ccccc54)CC3)C2)cc1,1,1,7.1249387366083,7.1249387366083,75.0,75.0,IC50,ChEMBL,CHEMBL5876541,Menin,2021,high_potency_<=100nM,True,True,0.6996128639333461,medium
CN(C)S(=O)(=O)c1ccc(cc1)N1CC(CN2CCC(CC2)C2(NCCc3ccccc23)C2CCCC2)C1,1,1,7.1249387366083,7.1249387366083,75.0,75.0,IC50,BindingDB,480037,Menin,,high_potency_<=100nM,True,True,0.8535341788339945,high
Cc1c(CN2CCC(CC2)Nc2ncnc3sc(CC(F)(F)F)cc23)ccc2n(CCN3CCN(CC3)C(=O)C(F)(F)F)c(cc12)C#N,1,1,7.1249387366083,7.1249387366083,75.0,75.0,IC50,BindingDB,50455866,Menin,,high_potency_<=100nM,True,True,0.961408658612011,high
Cc1c(CN2CCC(Nc3ncnc4sc(CC(F)(F)F)cc34)CC2)ccc2c1cc(C#N)n2CCN1CCN(C(=O)C(F)(F)F)CC1,1,1,7.1249387366083,7.1249387366083,75.0,75.0,IC50,ChEMBL,CHEMBL4218982,Menin,2018,high_potency_<=100nM,True,True,0.9295727392641864,high
N#CC(c1ccccc1)(C1CCN(CC2CN(c3ccc(S(=O)(=O)c4ccncc4)cc3)C2)CC1)[C@H]1CCC[C@@H]1OC(=O)N1CCC1,1,1,7.1249387366083,7.1249387366083,75.0,75.0,IC50,ChEMBL,CHEMBL5799889,Menin,2021,high_potency_<=100nM,True,True,0.785950094138912,high
O=C(O[C@H]1CCC[C@@H]1C(C#N)(C1CCN(CC2CN(C2)c2ccc(cc2)S(=O)(=O)c2ccncc2)CC1)c1ccccc1)N1CCC1,1,1,7.1249387366083,7.1249387366083,75.0,75.0,IC50,BindingDB,480160,Menin,,high_potency_<=100nM,True,True,0.7707285620947961,high
COC(=O)N[C@H]1CCC[C@@H]1[C@@](CN2CCC2)(C3CCN(CC3)CC4(CN(C4)C5=CC=C(C=C5)S(=O)(=O)[C@H]6CCCN(C6)C(=O)C=C)OC)C7=CC(=CC=C7)F,3,1,7.113509274827518,8.522878745280337,77.0,3.0,IC50,PubChem,166627557.0,,,high_potency_<=100nM,True,True,0.7891508283296336,high
CS(=O)(=O)c1ccc(N2CC(CN3CCC(C4(C5CCCC5)NCCc5ccccc54)CC3)C2)cc1,3,1,7.113509274827518,7.346787486224656,77.0,45.0,IC50;Ki,ChEMBL,CHEMBL4592512,Menin,2019;2021,high_potency_<=100nM,True,True,0.7051480364367063,high
CS(=O)(=O)c1ccc(cc1)N1CC(CN2CCC(CC2)C2(NCCc3ccccc23)C2CCCC2)C1,3,1,7.113509274827518,7.346787486224656,77.0,45.0,IC50;Ki,BindingDB,50516560,Menin,,high_potency_<=100nM,True,True,0.8578483735407415,high
CC(=O)N[C@@H](CCCNC(=N)N)C(=O)N[C@@H](Cc1c[nH]c2ccccc12)C(=O)N[C@H]1CCCCCCCCCNC(=O)[C@@H]2CCCN2C(=O)[C@H](CCCNC(=N)N)NC(=O)[C@H](C)NC(=O)[C@@H]2CCCN2C(=O)[C@H](Cc2ccccc2)NC1=O,2,1,7.106624288927219,7.371611069949688,93.25,42.5,IC50;Ki,ChEMBL,CHEMBL2314834,Menin,2013,high_potency_<=100nM,True,True,0.5584798088858137,medium
C[C@@H]1NC(=O)[C@@H]2CCCN2C(=O)[C@H](Cc2ccccc2)NC(=O)[C@H](CCCCCCCCCNC(=O)[C@@H]2CCCN2C(=O)[C@H](CCCNC(N)=N)NC1=O)NC(=O)[C@H](Cc1c[nH]c2ccccc12)NC(=O)[C@H](CCCNC(N)=N)NC(C)=O,2,1,7.104084526162582,7.366531544420414,93.5,43.0,IC50;Ki,BindingDB,50489247,Menin,,high_potency_<=100nM,True,True,0.4336564012709959,medium
CN(C)C/C=C/C(=O)N1CC(C1)S(=O)(=O)C2=CC=C(C=C2)N3CC(C3)CN4CCC(CC4)[C@](CN5CCCCC5)([C@H]6CCC[C@@H]6NC(=O)OC)C7=CC(=CC=C7)F,4,1,7.101020178131402,8.698970004336019,98.5,2.0,IC50,PubChem,155562418.0,,,high_potency_<=100nM,True,True,0.7047986867895661,high
C1CCC(C1)[C@](C2CCN(CC2)CCCOC3=CC=C(C=C3)C#N)(C4=CC=CC=C4)N,1,1,7.0915149811213505,7.0915149811213505,81.0,81.0,IC50,PubChem,71777746.0,,,high_potency_<=100nM,True,True,0.7329430376653702,high
N#Cc1ccc(OCCCN2CCC([C@](N)(c3ccccc3)C3CCCC3)CC2)cc1,1,1,7.0915149811213505,7.0915149811213505,81.0,81.0,IC50,ChEMBL,CHEMBL3126197,Menin,2014,high_potency_<=100nM,True,True,0.8686242688783512,high
N[C@@](C1CCCC1)(C1CCN(CCCOc2ccc(cc2)C#N)CC1)c1ccccc1,1,1,7.0915149811213505,7.0915149811213505,81.0,81.0,IC50,BindingDB,50496331,Menin,,high_potency_<=100nM,True,True,0.8161824635111709,high
CC(C)N(C(C)C)C(=O)C1=C(C=CC(=C1)F)OC2=C(N=CN=N2)N3CC4(C3)CCN(CC4)C[C@H]5CC6CC[C@H]5CC67CC(=O)OC7,1,1,7.086716098239582,7.086716098239582,81.9,81.9,IC50,PubChem,176456324.0,Histone-lysine N-methyltransferase 2A,,high_potency_<=100nM,True,True,0.7537973248984159,high
C1CN(CCN1C2=C3C=C(SC3=NC=N2)CC(F)(F)F)C4=NN=C(S4)C(F)F,1,1,7.086186147616283,7.086186147616283,82.0,82.0,IC50,PubChem,86297462.0,,,high_potency_<=100nM,True,True,0.9060090232978578,high
C[C@@H](O)[C@H](NC(=O)CNC(=O)[C@@H]1CCCN1C(=O)[C@H](CCCNC(N)=N)NC(=O)[C@H](C)NC(=O)[C@@H]1CCCN1C(=O)[C@H](Cc1ccccc1)NC(=O)[C@H](CCCNC(N)=N)NC(=O)[C@H](Cc1c[nH]c2ccccc12)NC(=O)[C@@H](N)CCCNC(N)=N)C(=O)N[C@@H]([C@@H](C)O)C(=O)NCC(=O)NCC(=O)NCC(=O)NCC(=O)NCC(=O)NCC(=O)NCC(=O)N[C@@H](CCCNC(N)=N)C(=O)N[C@@H](CCCNC(N)=N)C(O)=O,1,1,7.086186147616283,7.086186147616283,82.0,82.0,Kd,BindingDB,50540837,Menin,,high_potency_<=100nM,True,True,0.03620790556014135,low
C[C@H](NC(=O)[C@@H]1CCCN1C(=O)[C@H](Cc1ccccc1)NC(=O)[C@H](CCCNC(=N)N)NC(=O)[C@H](Cc1c[nH]c2ccccc12)NC(=O)[C@@H](N)CCCNC(=N)N)C(=O)N[C@@H](CCCNC(=N)N)C(=O)N1CCC[C@H]1C(=O)NCC(=O)N[C@H](C(=O)N[C@H](C(=O)NCC(=O)NCC(=O)NCC(=O)NCC(=O)NCC(=O)NCC(=O)NCC(=O)N[C@@H](CCCNC(=N)N)C(=O)N[C@@H](CCCNC(=N)N)C(=O)O)[C@@H](C)O)[C@@H](C)O,1,1,7.086186147616283,7.086186147616283,82.0,82.0,Kd,ChEMBL,CHEMBL4647785,Menin,2020,high_potency_<=100nM,True,True,0.039383320563415536,low
FC(F)c1nnc(N2CCN(c3ncnc4sc(CC(F)(F)F)cc34)CC2)s1,1,1,7.086186147616283,7.086186147616283,82.0,82.0,IC50,ChEMBL,CHEMBL3613786,Menin,2015,high_potency_<=100nM,True,True,0.58996511983876,medium
FC(F)c1nnc(s1)N1CCN(CC1)c1ncnc2sc(CC(F)(F)F)cc12,1,1,7.086186147616283,7.086186147616283,82.0,82.0,IC50,BindingDB,50117746,Menin,,high_potency_<=100nM,True,True,0.8009537575220913,high
CCN(C(C)C)C(=O)C1=C(C=CC(=C1)F)OC2=CN=CN=C2N3CC4(C3)CCN(CC4)C[C@H]5CC6CCC5CC67CCC(=O)C7,2,1,7.081866432720661,7.2168113089247425,86.85,60.7,IC50,PubChem,176456270.0,Histone-lysine N-methyltransferase 2A,,high_potency_<=100nM,True,True,0.7460924402403701,high
CCC(=O)N1CCN(CC1)CCN2C3=C(C=C2C#N)C(=C(C=C3)CN4CCC(CC4)NC5=C6C=C(SC6=NC=N5)CC(F)(F)F)C,1,1,7.080921907623926,7.080921907623926,83.0,83.0,IC50,PubChem,117636594.0,,,high_potency_<=100nM,True,True,0.9474378549462256,high
CCC(=O)N1CCN(CCn2c(C#N)cc3c(C)c(CN4CCC(Nc5ncnc6sc(CC(F)(F)F)cc56)CC4)ccc32)CC1,1,1,7.080921907623926,7.080921907623926,83.0,83.0,IC50,ChEMBL,CHEMBL4210021,Menin,2018,high_potency_<=100nM,True,True,0.9143022058433319,high
CCC(=O)N1CCN(CCn2c(cc3c(C)c(CN4CCC(CC4)Nc4ncnc5sc(CC(F)(F)F)cc45)ccc23)C#N)CC1,1,1,7.080921907623926,7.080921907623926,83.0,83.0,IC50,BindingDB,50455877,Menin,,high_potency_<=100nM,True,True,0.9398255124089469,high
C[C@@H](C(=O)N[C@@H](CCCN=C(N)N)C(=O)N[C@@H](CC1=CNC2=CC=CC=C21)C(=O)N[C@H]3C/C=C\C[C@H](NC(=O)C4(CCC4)NC(=O)[C@@H]5CCCN5C(=O)[C@@H](NC3=O)CC6=CC=CC=C6)C(=O)N7CCC[C@H]7C(=O)N[C@@H](CCCN=C(N)N)C(=O)N)NC(=O)[C@H](CO)NC(=O)C,1,1,7.080921907623926,7.080921907623926,83.0,83.0,IC50,PubChem,162643180.0,,,high_potency_<=100nM,True,True,0.3683878421583109,medium
CNC(=O)O[C@H]1CCC[C@@H]1[C@@]1(CN(C)Cc2ccccc12)C1CCN(CC2CN(C2)c2ccc(cc2)S(=O)(=O)c2ccncc2)CC1,2,1,7.0774509799928715,8.301029995663981,702.5,5.0,IC50;Kd,BindingDB,50516582,Menin,,moderate_100nM_to_1uM,False,True,0.7728825129439064,high
CNC(=O)O[C@H]1CCC[C@@H]1[C@]1(C2CCN(CC3CN(c4ccc(S(=O)(=O)c5ccncc5)cc4)C3)CC2)CN(C)Cc2ccccc21,2,1,7.0774509799928715,8.301029995663981,702.5,5.0,IC50;Kd,ChEMBL,CHEMBL4449381,Menin,2019,moderate_100nM_to_1uM,False,True,0.7140531220869919,high
N=C(N)NCCC[C@@H]1NC(=O)C2(CCC2)NC(=O)[C@@H]2CCCN2C(=O)[C@H](Cc2cccc(Cl)c2)NC(=O)[C@@H](N)CCCCCCCCNC(=O)[C@@H]2CCCN2C1=O,2,1,7.074634008483704,7.350665141287858,101.8,44.6,IC50;Ki,ChEMBL,CHEMBL2314573,Menin,2013,moderate_100nM_to_1uM,False,True,0.4990157998915112,medium
N[C@H]1CCCCCCCCNC(=O)[C@@H]2CCCN2C(=O)[C@H](CCCNC(N)=N)NC(=O)C2(CCC2)NC(=O)[C@@H]2CCCN2C(=O)[C@H](Cc2cccc(Cl)c2)NC1=O,2,1,7.072695180952103,7.346787486224656,102.0,45.0,IC50;Ki,BindingDB,50489228,Menin,,moderate_100nM_to_1uM,False,True,0.5147622654433168,medium
C1CCC(C1)C2(C3=CC=CC=C3CCN2)C4CCN(CC4)CC5CCN(C5)C6=CC=C(C=C6)C#N,3,1,7.055517327849831,7.568636235841012,88.0,27.0,IC50;Ki,PubChem,138618549.0,,,high_potency_<=100nM,True,True,0.9491742755175241,high
CN1Cc2ccccc2C(C1)(C1CCN(CC2CN(C2)c2ccc(cc2)S(=O)(=O)c2ccnc(C)c2)CC1)C1=CCCC1,1,1,7.055517327849831,7.055517327849831,88.0,88.0,IC50,BindingDB,480145,Menin,,high_potency_<=100nM,True,True,0.8068249440132824,high
Cc1cc(S(=O)(=O)c2ccc(N3CC(CN4CCC(C5(C6=CCCC6)CN(C)Cc6ccccc65)CC4)C3)cc2)ccn1,1,1,7.055517327849831,7.055517327849831,88.0,88.0,IC50,ChEMBL,CHEMBL5937919,Menin,2021,high_potency_<=100nM,True,True,0.8929417793058142,high
COC(=O)N[C@H]1CCC[C@@H]1C(C#N)(C1CCN(CC2CN(C2)c2ccc(cc2)C(F)(F)F)CC1)c1ccccc1,1,1,7.050609993355087,7.050609993355087,89.0,89.0,IC50,BindingDB,480336,Menin,,high_potency_<=100nM,True,True,0.9377512116997856,high
COC(=O)N[C@H]1CCC[C@@H]1C(C#N)(c1ccccc1)C1CCN(CC2CN(c3ccc(C(F)(F)F)cc3)C2)CC1,1,1,7.050609993355087,7.050609993355087,89.0,89.0,IC50,ChEMBL,CHEMBL5751310,Menin,2021,high_potency_<=100nM,True,True,0.9308792517756184,high
C1CN(CCC1[C@@](C2=CC(=CC=C2)F)(C3=CC=CC=N3)O)CCCOC4=CC=C(C=C4)C#N,1,1,7.045757490560675,7.045757490560675,90.0,90.0,IC50,PubChem,71777738.0,,,high_potency_<=100nM,True,True,0.4585483701369044,medium
N#Cc1ccc(OCCCN2CCC([C@@](O)(c3cccc(F)c3)c3ccccn3)CC2)cc1,1,1,7.045757490560675,7.045757490560675,90.0,90.0,IC50,ChEMBL,CHEMBL3126194,Menin,2014,high_potency_<=100nM,True,True,0.7545712570151636,high
O[C@](C1CCN(CCCOc2ccc(cc2)C#N)CC1)(c1cccc(F)c1)c1ccccn1,1,1,7.045757490560675,7.045757490560675,90.0,90.0,IC50,BindingDB,50496354,Menin,,high_potency_<=100nM,True,True,0.8243942624931736,high
FC(F)(F)Cc1cc2c(N3CC4(CN(C4)C(=O)[C@H]4N[C@H]5C[C@@H]4C(=O)C5)C3)c(cnc2s1)C#N,1,1,7.044793462458058,7.044793462458058,90.2,90.2,IC50,BindingDB,554138,Histone-lysine N-methyltransferase 2A/Menin,,high_potency_<=100nM,True,True,0.3865182155757588,medium
CC(C)N(C(C)C)C(=O)C1=C(C=CC(=C1)F)OC2=C(N=CN=N2)N3CC4(C3)CCN(CC4)CC5CC6CCC5CC67CCC(=O)C7,1,1,7.041436116778033,7.041436116778033,90.9,90.9,IC50,PubChem,176456281.0,Histone-lysine N-methyltransferase 2A,,high_potency_<=100nM,True,True,0.7613700328672287,high
Fc1cccc2c1CCNC2(C1CCCC1)C1CCN(CCCOc2ccc(cc2)C#N)CC1,1,1,7.040958607678906,7.040958607678906,91.0,91.0,IC50,BindingDB,479983,Menin,,high_potency_<=100nM,True,True,0.9250883542922697,high
N#Cc1ccc(OCCCN2CCC(C3(C4CCCC4)NCCc4c(F)cccc43)CC2)cc1,1,1,7.040958607678906,7.040958607678906,91.0,91.0,IC50,ChEMBL,CHEMBL5993548,Menin,2021,high_potency_<=100nM,True,True,0.9635894430438243,high
C1CN(CCN1C2=C3C=C(SC3=NC=N2)CC(F)(F)F)C4=NN=C(S4)C(F)(F)F,1,1,7.036212172654444,7.036212172654444,92.0,92.0,IC50,PubChem,86297465.0,,,high_potency_<=100nM,True,True,0.9138975053348073,high
FC(F)(F)Cc1cc2c(N3CCN(c4nnc(C(F)(F)F)s4)CC3)ncnc2s1,1,1,7.036212172654444,7.036212172654444,92.0,92.0,IC50,ChEMBL,CHEMBL3613784,Menin,2015,high_potency_<=100nM,True,True,0.5168018414331825,medium
FC(F)(F)Cc1cc2c(ncnc2s1)N1CCN(CC1)c1nnc(s1)C(F)(F)F,1,1,7.036212172654444,7.036212172654444,92.0,92.0,IC50,BindingDB,50117749,Menin,,high_potency_<=100nM,True,True,0.7244408147146786,high
COC(=O)N[C@H]1CCC[C@@H]1[C@@](CN2CCC2)(C3CCN(CC3)CC4CN(C4)C5=CC=C(C=C5)S(=O)(=O)C6CN(C6)C(=O)C=C)C7=CC(=CC=C7)F,4,1,7.032700280890963,8.698970004336019,198.5,2.0,IC50,PubChem,148708392.0,,,moderate_100nM_to_1uM,False,True,0.8218455524081766,high
CC1(C)CN=C(N2CCN(c3ncnc4sc(CC(F)(F)F)cc34)CC2)S1,2,1,7.029244283682798,7.337242168318426,118.0,46.0,IC50,ChEMBL,CHEMBL3586090,Menin,2015;2018,moderate_100nM_to_1uM,False,True,0.7342646794852491,high
CC1(C)CN=C(S1)N1CCN(CC1)c1ncnc2sc(CC(F)(F)F)cc12,2,1,7.029244283682798,7.337242168318426,118.0,46.0,IC50,BindingDB,50117750,Menin,,moderate_100nM_to_1uM,False,True,0.8829160890907642,high
CC(C)N(C(C)C)C(=O)C1=C(C=CC(=C1)F)OC2=C(N=CN=N2)N3CC4(C3)CCN(CC4)C[C@H]5CC6CCC5CC67CC(=O)OC7,1,1,7.027334407733889,7.027334407733889,93.9,93.9,IC50,PubChem,176456322.0,Histone-lysine N-methyltransferase 2A,,high_potency_<=100nM,True,True,0.7075019303234092,high
Cc1cc(C#N)ccc1N1CC(CN2CCC(C3(C4CCCC4)NCCc4ccccc43)CC2)C1,1,1,7.00436480540245,7.00436480540245,99.0,99.0,IC50,ChEMBL,CHEMBL5999146,Menin,2021,high_potency_<=100nM,True,True,0.9430620406446591,high
Cc1cc(ccc1N1CC(CN2CCC(CC2)C2(NCCc3ccccc23)C2CCCC2)C1)C#N,1,1,7.00436480540245,7.00436480540245,99.0,99.0,IC50,BindingDB,480084,Menin,,high_potency_<=100nM,True,True,0.9157218250001433,high
CC(=O)N[C@H]1CCC[C@@H]1[C@@](C#N)(C2CCN(CC2)CC3CN(C3)C4=CC=C(C=C4)C#N)C5=CC=CC=C5,3,1,6.991399828238082,7.494850021680094,102.0,32.0,IC50;Ki,PubChem,155558606.0,,,moderate_100nM_to_1uM,False,True,0.6881319694928456,medium
CC(=O)N[C@H]1CCC[C@@H]1C(C#N)(C1CCN(CC2CN(C2)c2ccc(cc2)C#N)CC1)c1ccccc1,1,1,6.991399828238082,6.991399828238082,102.0,102.0,IC50,BindingDB,480320,Menin,,moderate_100nM_to_1uM,False,True,0.8844146183821975,high
CC(=O)N[C@H]1CCC[C@@H]1C(C#N)(c1ccccc1)C1CCN(CC2CN(c3ccc(C#N)cc3)C2)CC1,1,1,6.991399828238082,6.991399828238082,102.0,102.0,IC50,ChEMBL,CHEMBL5819018,Menin,2021,moderate_100nM_to_1uM,False,True,0.8771493765558842,high
CCN(C(C)C)C(=O)C1=C(C=CC(=C1)F)OC2=C(N=CN=N2)N3CC4(C3)CCN(CC4)C[C@@H]5CC6CCC5CC67CCC(=O)C7,1,1,6.987162775294828,6.987162775294828,103.0,103.0,IC50,PubChem,176456279.0,Histone-lysine N-methyltransferase 2A,,moderate_100nM_to_1uM,False,True,0.8410418702529627,high
N=C(N)NCCC[C@@H]1NC(=O)C2(CC2)NC(=O)[C@@H]2CCCN2C(=O)[C@H](Cc2ccccc2)NC(=O)[C@@H](N)CCCCCCCCNC(=O)[C@@H]2CCCN2C1=O,2,1,6.983952643473549,7.255707016877324,124.75,55.5,IC50;Ki,ChEMBL,CHEMBL2314568,Menin,2013,moderate_100nM_to_1uM,False,True,0.3197919321994723,medium
FC1(CN2CCC(CC2)C2(NCCc3ccccc23)C2CCCC2)CN(C1)c1ccc(cc1)S(=O)(=O)C1CC1,1,1,6.982966660701219,6.982966660701219,104.0,104.0,IC50,BindingDB,480086,Menin,,moderate_100nM_to_1uM,False,True,0.8477674675105487,high
O=S(=O)(c1ccc(N2CC(F)(CN3CCC(C4(C5CCCC5)NCCc5ccccc54)CC3)C2)cc1)C1CC1,1,1,6.982966660701219,6.982966660701219,104.0,104.0,IC50,ChEMBL,CHEMBL6010521,Menin,2021,moderate_100nM_to_1uM,False,True,0.8789766216506698,high
N[C@H]1CCCCCCCCNC(=O)[C@@H]2CCCN2C(=O)[C@H](CCCNC(N)=N)NC(=O)C2(CC2)NC(=O)[C@@H]2CCCN2C(=O)[C@H](Cc2ccccc2)NC1=O,2,1,6.982005121531786,7.251811972993799,125.0,56.0,IC50;Ki,BindingDB,50489244,Menin,,moderate_100nM_to_1uM,False,True,0.3348545409494981,medium
COC(=O)N[C@H]1CCC[C@@H]1[C@@](CN2CCC2)(C3CCN(CC3)CC4CN(C4)C5=CC=C(C=C5)S(=O)(=O)C6CC6)C7=CC(=CC=C7)F,3,1,6.978810700930062,8.455931955649724,105.0,3.5,IC50,PubChem,156777440.0,,,moderate_100nM_to_1uM,False,True,0.8433426470639386,high
CNC(=O)N[C@@H]1CCC[C@H]1C(CN)(C1CCN(CC2CN(C2)c2ccc(cc2)S(=O)(=O)c2ccccc2)CC1)c1ccccc1,1,1,6.96657624451305,6.96657624451305,108.0,108.0,IC50,BindingDB,480261,Menin,,moderate_100nM_to_1uM,False,True,0.8157512681657164,high
CNC(=O)N[C@@H]1CCC[C@H]1C(CN)(c1ccccc1)C1CCN(CC2CN(c3ccc(S(=O)(=O)c4ccccc4)cc3)C2)CC1,1,1,6.96657624451305,6.96657624451305,108.0,108.0,IC50,ChEMBL,CHEMBL5945524,Menin,2021,moderate_100nM_to_1uM,False,True,0.8507611963443383,high
N#CC(c1ccccc1)(C1CCN(CC2CN(c3ccc(S(=O)(=O)c4ccncc4)cc3)C2)CC1)[C@H]1CCC[C@@H]1OC(=O)C1CCC1,1,1,6.954677021213342,6.954677021213342,111.0,111.0,IC50,ChEMBL,CHEMBL6027635,Menin,2021,moderate_100nM_to_1uM,False,True,0.8233284456691389,high
O=C(O[C@H]1CCC[C@@H]1C(C#N)(C1CCN(CC2CN(C2)c2ccc(cc2)S(=O)(=O)c2ccncc2)CC1)c1ccccc1)C1CCC1,1,1,6.954677021213342,6.954677021213342,111.0,111.0,IC50,BindingDB,480149,Menin,,moderate_100nM_to_1uM,False,True,0.8112113698405315,high
N#Cc1ccc(OCCCN2CCC(C(N)(c3ccccc3)C3CCCC3)CC2)cc1,4,1,6.95337673444808,7.236572006437063,126.0,58.0,IC50;Kd;Ki,ChEMBL,CHEMBL3126196,Menin,2014;2019,moderate_100nM_to_1uM,False,True,0.9009889746312875,high
NC(C1CCCC1)(C1CCN(CCCOc2ccc(cc2)C#N)CC1)c1ccccc1,4,1,6.95337673444808,7.236572006437063,126.0,58.0,IC50;Kd;Ki,BindingDB,50496346,Menin,,moderate_100nM_to_1uM,False,True,0.840056000611983,high
COC(=O)N[C@H]1CCC[C@@H]1[C@@](CN2CCC2)(C3CCN(CC3)CC4(CN(C4)C5=CC=C(C=C5)S(=O)(=O)C6CN(C6)C(=O)C=C)OC)C7=CC(=CC=C7)F,3,1,6.950781977329818,8.55284196865778,112.0,2.8,IC50,PubChem,166628758.0,,,moderate_100nM_to_1uM,False,True,0.7459971911812754,high
CNC(=O)O[C@H]1CCC[C@@H]1C(C#N)(C1CCN(CC2CN(C2)c2ccc(C)cc2)CC1)c1ccccc1,1,1,6.950781977329818,6.950781977329818,112.0,112.0,IC50,BindingDB,480311,Menin,,moderate_100nM_to_1uM,False,True,0.8491696646794661,high
CNC(=O)O[C@H]1CCC[C@@H]1C(C#N)(c1ccccc1)C1CCN(CC2CN(c3ccc(C)cc3)C2)CC1,1,1,6.950781977329818,6.950781977329818,112.0,112.0,IC50,ChEMBL,CHEMBL5937223,Menin,2021,moderate_100nM_to_1uM,False,True,0.8474319066165041,high
C1CCC(C1)C(C2CCN(CC2)CCCOC3=CC=C(C=C3)S(=O)(=O)N)(C4=CC=CC=N4)O,1,1,6.943095148663527,6.943095148663527,114.0,114.0,IC50,PubChem,71777749.0,,,moderate_100nM_to_1uM,False,True,0.5047226620599505,medium
NS(=O)(=O)c1ccc(OCCCN2CCC(C(O)(c3ccccn3)C3CCCC3)CC2)cc1,1,1,6.943095148663527,6.943095148663527,114.0,114.0,IC50,ChEMBL,CHEMBL3126199,Menin,2014,moderate_100nM_to_1uM,False,True,0.5910155544253837,medium
NS(=O)(=O)c1ccc(OCCCN2CCC(CC2)C(O)(C2CCCC2)c2ccccn2)cc1,1,1,6.943095148663527,6.943095148663527,114.0,114.0,IC50,BindingDB,50496330,Menin,,moderate_100nM_to_1uM,False,True,0.6341599775999115,medium
CCc1nccn1CC([C@@H]1CCC[C@H]1OC(=O)NC)(C1CCN(CC2CN(C2)c2ccc(cc2)C#N)CC1)c1ccccc1,1,1,6.935542010773082,6.935542010773082,116.0,116.0,IC50,BindingDB,480344,Menin,,moderate_100nM_to_1uM,False,True,0.8884528506495771,high
CCc1nccn1CC(c1ccccc1)(C1CCN(CC2CN(c3ccc(C#N)cc3)C2)CC1)[C@@H]1CCC[C@H]1OC(=O)NC,1,1,6.935542010773082,6.935542010773082,116.0,116.0,IC50,ChEMBL,CHEMBL5746652,Menin,2021,moderate_100nM_to_1uM,False,True,0.8873960746873093,high
CC(=O)O[C@@H]1CCC[C@H]1C1(C2CCN(CC3CN(c4ccc(S(=O)(=O)C5CC5)cc4)C3)CC2)CN(C)Cc2ccccc21,1,1,6.913640169325252,6.913640169325252,122.0,122.0,IC50,ChEMBL,CHEMBL5820592,Menin,2021,moderate_100nM_to_1uM,False,True,0.6103023002577779,medium
CC(C)(C)S(=O)(=O)c1ccc(N2CC(CN3CCC(C4(C5CCCC5)NCCc5ccccc54)CC3)C2)cc1,1,1,6.913640169325252,6.913640169325252,122.0,122.0,IC50,ChEMBL,CHEMBL5889077,Menin,2021,moderate_100nM_to_1uM,False,True,0.7340945986617938,high
CC(C)(C)S(=O)(=O)c1ccc(cc1)N1CC(CN2CCC(CC2)C2(NCCc3ccccc23)C2CCCC2)C1,1,1,6.913640169325252,6.913640169325252,122.0,122.0,IC50,BindingDB,480036,Menin,,moderate_100nM_to_1uM,False,True,0.8670097465771178,high
CN1Cc2ccccc2C(C1)([C@@H]1CCC[C@H]1OC(C)=O)C1CCN(CC2CN(C2)c2ccc(cc2)S(=O)(=O)C2CC2)CC1,1,1,6.913640169325252,6.913640169325252,122.0,122.0,IC50,BindingDB,480144,Menin,,moderate_100nM_to_1uM,False,True,0.6878612413458888,medium
C[C@H]1C(=O)N[C@@H](CCCC[C@@H](C(=O)N[C@H](C(=O)N2CCC[C@H]2C(=O)N1)CC3=CC=CC=C3)NC(=O)[C@H](CC4=CNC5=CC=CC=C54)NC(=O)[C@H](CCCN=C(N)N)NC(=O)[C@H](C)NC(=O)[C@H](CO)NC(=O)C)C(=O)N6CCC[C@H]6C(=O)N[C@@H](CCCN=C(N)N)C(=O)N,1,1,6.913640169325252,6.913640169325252,122.0,122.0,IC50,PubChem,162672789.0,,,moderate_100nM_to_1uM,False,True,0.19098313882427206,low
CN(C)CCOC1=NC2=C(C=C1)N=CN=C2NC3CCN(CC3)CC4CN(C4)C5=CC=C(C=C5)S(=O)(=O)C6=CC=NC=C6,2,1,6.911954370472159,8.0,755.0,10.0,IC50,PubChem,168282939.0,,,moderate_100nM_to_1uM,False,True,0.7996530732579479,high
CC1=C(C=CC2=C1C=C(N2C[C@H]3CNC(=O)CO3)C#N)CN4CCC(CC4)NC5=C6C=C(SC6=NC=N5)CC(F)(F)F,1,1,6.910094888560602,6.910094888560602,123.0,123.0,IC50,PubChem,130376007.0,,,moderate_100nM_to_1uM,False,True,0.8749612330568451,high
Cc1c(CN2CCC(CC2)Nc2ncnc3sc(CC(F)(F)F)cc23)ccc2n(C[C@H]3CNC(=O)CO3)c(cc12)C#N,1,1,6.910094888560602,6.910094888560602,123.0,123.0,IC50,BindingDB,50455878,Menin,,moderate_100nM_to_1uM,False,True,0.9060247002880587,high
Cc1c(CN2CCC(Nc3ncnc4sc(CC(F)(F)F)cc34)CC2)ccc2c1cc(C#N)n2C[C@H]1CNC(=O)CO1,1,1,6.910094888560602,6.910094888560602,123.0,123.0,IC50,ChEMBL,CHEMBL4210580,Menin,2018,moderate_100nM_to_1uM,False,True,0.8890128267878049,high
CC1(C)NC(=O)[C@@H]2CCCN2C(=O)[C@H](Cc2ccccc2)NC(=O)[C@@H](N)CCCCCCCCNC(=O)[C@@H]2CCCN2C(=O)[C@H](CCCNC(=N)N)NC1=O,2,1,6.909908379075886,7.173925197299173,146.5,67.0,IC50;Ki,ChEMBL,CHEMBL2315087,Menin,2013,moderate_100nM_to_1uM,False,True,0.2035457924389905,low
CC1(C)NC(=O)[C@@H]2CCCN2C(=O)[C@H](Cc2ccccc2)NC(=O)[C@@H](N)CCCCCCCCNC(=O)[C@@H]2CCCN2C(=O)[C@H](CCCNC(N)=N)NC1=O,2,1,6.909908379075886,7.173925197299173,146.5,67.0,IC50;Ki,BindingDB,50489246,Menin,,moderate_100nM_to_1uM,False,True,0.18706675617351065,low
N#Cc1ccc(OCCCN2CCC(C(CN)(c3ccccc3)C3CCCC3)CC2)cc1,1,1,6.906578314837764,6.906578314837764,124.0,124.0,IC50,ChEMBL,CHEMBL5973247,Menin,2021,moderate_100nM_to_1uM,False,True,0.9022080384042256,high
NCC(C1CCCC1)(C1CCN(CCCOc2ccc(cc2)C#N)CC1)c1ccccc1,1,1,6.906578314837764,6.906578314837764,124.0,124.0,IC50,BindingDB,479992,Menin,,moderate_100nM_to_1uM,False,True,0.8491372688295458,high
C[C@H](NC(=O)[C@@H]1CCCN1C(=O)[C@H](Cc1ccccc1)NC(=O)[C@H](CCCNC(N)=N)NC(=O)[C@H](Cc1c[nH]c2ccccc12)NC(=O)[C@H](CCCNC(N)=N)NC(C)=O)C(=O)N[C@@H](CCCNC(N)=N)C(=O)N1CCC[C@H]1C(N)=O,2,1,6.891626833195012,7.1487416512809245,151.5,71.0,IC50;Ki,BindingDB,50489238,Menin,,moderate_100nM_to_1uM,False,True,0.2978706345037219,low
CC(=O)N[C@@H](CCCNC(=N)N)C(=O)N[C@@H](Cc1c[nH]c2ccccc12)C(=O)N[C@@H](CCCNC(=N)N)C(=O)N[C@@H](Cc1ccccc1)C(=O)N1CCC[C@H]1C(=O)N[C@@H](C)C(=O)N[C@@H](CCCNC(=N)N)C(=O)N1CCC[C@H]1C(N)=O,2,1,6.891321207189668,7.148130399270234,151.55,71.1,IC50;Ki,ChEMBL,CHEMBL2314824,Menin,2013,moderate_100nM_to_1uM,False,True,0.5091230955611379,medium
CC(=O)N1CCC(CCn2c(C#N)cc3c(C)c(CN4CCC(Nc5ncnc6sc(CC(F)(F)F)cc56)CC4)ccc32)CC1,1,1,6.886056647693163,6.886056647693163,130.0,130.0,IC50,ChEMBL,CHEMBL4205318,Menin,2018,moderate_100nM_to_1uM,False,True,0.9037760695009799,high
CC(=O)N1CCC(CCn2c(cc3c(C)c(CN4CCC(CC4)Nc4ncnc5sc(CC(F)(F)F)cc45)ccc23)C#N)CC1,1,1,6.886056647693163,6.886056647693163,130.0,130.0,IC50,BindingDB,50455871,Menin,,moderate_100nM_to_1uM,False,True,0.9304465251712023,high
CC1=C(C=CC2=C1C=C(N2CCC3CCN(CC3)C(=O)C)C#N)CN4CCC(CC4)NC5=C6C=C(SC6=NC=N5)CC(F)(F)F,1,1,6.886056647693163,6.886056647693163,130.0,130.0,IC50,PubChem,117636596.0,,,moderate_100nM_to_1uM,False,True,0.9478339633574081,high
CC(=O)O[C@@H]1CCC[C@H]1C1(C2CCN(CCCOc3ccc(C#N)cc3)CC2)CN(C)Cc2ccc(F)cc21,1,1,6.882728704344236,6.882728704344236,131.0,131.0,IC50,ChEMBL,CHEMBL5920040,Menin,2021,moderate_100nM_to_1uM,False,True,0.714847408480504,high
CN1Cc2ccc(F)cc2C(C1)([C@@H]1CCC[C@H]1OC(C)=O)C1CCN(CCCOc2ccc(cc2)C#N)CC1,1,1,6.882728704344236,6.882728704344236,131.0,131.0,IC50,BindingDB,480254,Menin,,moderate_100nM_to_1uM,False,True,0.8143503739750615,high
CC(C)N(C)C(=O)C1=C(C=CC(=C1)F)OC2=C(N=CN=N2)N3CC4(C3)CCN(CC4)CC5CCC6(CC5)CC(=O)C(C6)(C)C,1,1,6.872895201635192,6.872895201635192,134.0,134.0,IC50,PubChem,176456291.0,Histone-lysine N-methyltransferase 2A,,moderate_100nM_to_1uM,False,True,0.7656395536291943,high
FC(F)(F)Cc1cc2c(N3CC4(CN(C4)C(=O)[C@H]4N[C@H]5C[C@@H]4C[C@@H]5OCc4ccccc4)C3)c(cnc2s1)C(F)(F)F,1,1,6.872895201635192,6.872895201635192,134.0,134.0,IC50,BindingDB,554128,Histone-lysine N-methyltransferase 2A/Menin,,moderate_100nM_to_1uM,False,True,0.8655057346041379,high
CC(C)N(C(C)C)C(=O)C1=C(C=CC(=C1)F)OC2=C(N=CN=N2)N3CC4(C3)CCN(CC4)C[C@@H]5CC6CCC5CC67CC(=O)OC7,1,1,6.8696662315049934,6.8696662315049934,135.0,135.0,IC50,PubChem,176456321.0,Histone-lysine N-methyltransferase 2A,,moderate_100nM_to_1uM,False,True,0.7286420050557948,high
FCCN1Cc2ccccc2C(C1)(C1CCCC1)C1CCN(CC2CN(C2)c2ccc(cc2)S(=O)(=O)C2CC2)CC1,1,1,6.863279432843593,6.863279432843593,137.0,137.0,IC50,BindingDB,480000,Menin,,moderate_100nM_to_1uM,False,True,0.8449316319060142,high
O=S(=O)(c1ccc(N2CC(CN3CCC(C4(C5CCCC5)CN(CCF)Cc5ccccc54)CC3)C2)cc1)C1CC1,1,1,6.863279432843593,6.863279432843593,137.0,137.0,IC50,ChEMBL,CHEMBL5818055,Menin,2021,moderate_100nM_to_1uM,False,True,0.9008902142321119,high
FC(F)(F)Cc1cc2c(N3CC4(CN(C4)C(=O)[C@H]4N[C@H]5CC[C@@H]4C(F)(F)C5)C3)c(cnc2s1)C(F)(F)F,1,1,6.853871964321762,6.853871964321762,140.0,140.0,IC50,BindingDB,554113,Histone-lysine N-methyltransferase 2A/Menin,,moderate_100nM_to_1uM,False,True,0.6551216301046522,medium
CC(C)N(C(C)C)C(=O)C1=C(C=CC(=C1)F)OC2=CN=CN=C2N3CC4(C3)CCN(CC4)C[C@H]5CC6CC[C@@H]5CC67CC(=O)OC7,1,1,6.85078088734462,6.85078088734462,141.0,141.0,IC50,PubChem,176456320.0,Histone-lysine N-methyltransferase 2A,,moderate_100nM_to_1uM,False,True,0.6855635762517706,medium
CC(C)N(C(C)C)C(=O)C1=C(C=CC(=C1)F)OC2=C(N=CN=N2)N3CC4(C3)CCN(CC4)C[C@H]5CC6CCC5CC67CCC(=O)C7,1,1,6.847711655616944,6.847711655616944,142.0,142.0,IC50,PubChem,176456283.0,Histone-lysine N-methyltransferase 2A,,moderate_100nM_to_1uM,False,True,0.8161323761841475,high
CC(C)N(C(C)C)C(=O)C1=C(C=CC(=C1)F)OC2=CN=CN=C2N3CC4(C3)CCN(CC4)C[C@H]5CC6CC[C@@H]5CC67CCC(=O)C7,1,1,6.847711655616944,6.847711655616944,142.0,142.0,IC50,PubChem,176456278.0,Histone-lysine N-methyltransferase 2A,,moderate_100nM_to_1uM,False,True,0.801843260202978,high
C[C@H]1C(=O)N[C@@H](C/C=C\C[C@@H](C(=O)N[C@H](C(=O)N2CCC[C@H]2C(=O)N1)CC3=CC=CC=C3)NC(=O)[C@H](CC4=CNC5=CC=CC=C54)NC(=O)[C@H](CCCN=C(N)N)NC(=O)[C@H](C)NC(=O)[C@H](CO)NC(=O)C)C(=O)N6CCC[C@H]6C(=O)N[C@@H](CCCN)C(=O)N,1,1,6.847711655616944,6.847711655616944,142.0,142.0,IC50,PubChem,162661253.0,,,moderate_100nM_to_1uM,False,True,0.14780230124481214,low
CS(=O)(=O)C1=CC=C(C=C1)N2CC(C2)CN3CCC(CC3)C4(C5=CC=CC=C5CCN4)C6CCCC6,3,1,6.844663962534938,7.346787486224656,143.0,45.0,IC50;Ki,PubChem,132104372.0,,,moderate_100nM_to_1uM,False,True,0.7145059274688261,high
C1CN(CCC1C(C2=CC(=CC=C2)F)(C3=CC=CC=N3)O)CCCOC4=CC=C(C=C4)S(=O)(=O)N,1,1,6.8297382846050425,6.8297382846050425,148.0,148.0,IC50,PubChem,71777750.0,,,moderate_100nM_to_1uM,False,True,0.38723743718559506,medium
NS(=O)(=O)c1ccc(OCCCN2CCC(C(O)(c3cccc(F)c3)c3ccccn3)CC2)cc1,1,1,6.8297382846050425,6.8297382846050425,148.0,148.0,IC50,ChEMBL,CHEMBL3126200,Menin,2014,moderate_100nM_to_1uM,False,True,0.6041424191072462,medium
NS(=O)(=O)c1ccc(OCCCN2CCC(CC2)C(O)(c2cccc(F)c2)c2ccccn2)cc1,1,1,6.8297382846050425,6.8297382846050425,148.0,148.0,IC50,BindingDB,50496345,Menin,,moderate_100nM_to_1uM,False,True,0.7131946058084616,high
C[C@H]1C(=O)N[C@@H](C/C=C\C[C@@H](C(=O)N[C@H](C(=O)N2CCC[C@H]2C(=O)N1)CC3=CC=CC=C3)NC(=O)[C@H](CC4=CNC5=CC=CC=C54)NC(=O)[C@H](CCCN=C(N)N)NC(=O)[C@H](C)NC(=O)C)C(=O)N6CCC[C@H]6C(=O)N[C@@H](CCCN=C(N)N)C(=O)N,1,1,6.821023052706831,6.821023052706831,151.0,151.0,IC50,PubChem,162675750.0,,,moderate_100nM_to_1uM,False,True,0.27500373771918735,low
COC(=O)N[C@H]1CCC[C@@H]1[C@@](CN2CCC2)(C3CCN(CC3)CC4(CN(C4)C5=CC=C(C=C5)S(=O)(=O)C6CCN(CC6)C(=O)C=C)OC)C7=CC(=CC=C7)F,3,1,6.806875401645538,8.42021640338319,156.0,3.8,IC50,PubChem,166628342.0,,,moderate_100nM_to_1uM,False,True,0.8371409281773579,high
CC(C)C1=NC=NC=C1C2=C(C=CC(=C2)F)OC3=CN=CN=C3N4CC5(C4)CN(C5)CC6CCC7(CC6)OCCO7,1,1,6.806875401645538,6.806875401645538,156.0,156.0,IC50,PubChem,132212720.0,Histone-lysine N-methyltransferase 2A,,moderate_100nM_to_1uM,False,True,0.5865908903423399,medium
CNC(=O)O[C@@H]1CCC[C@H]1C(C#N)(C1CCN(CC2CN(C2)c2ccc(cc2)S(=O)(=O)c2nn(C)cc2Br)CC1)c1ccccc1,1,1,6.795880017344075,6.795880017344075,160.0,160.0,IC50,BindingDB,480168,Menin,,moderate_100nM_to_1uM,False,True,0.9430005181947759,high
CNC(=O)O[C@@H]1CCC[C@H]1C(C#N)(c1ccccc1)C1CCN(CC2CN(c3ccc(S(=O)(=O)c4nn(C)cc4Br)cc3)C2)CC1,1,1,6.795880017344075,6.795880017344075,160.0,160.0,IC50,ChEMBL,CHEMBL6064087,Menin,2021,moderate_100nM_to_1uM,False,True,0.9493436517057114,high
CC(=O)O[C@@H]1CCC[C@H]1C1(C2CCN(CC3CN(c4ccc(S(=O)(=O)C5CC5)cc4)C3)CC2)CN(C)Cc2ccc(F)cc21,1,1,6.79317412396815,6.79317412396815,161.0,161.0,IC50,ChEMBL,CHEMBL6046392,Menin,2021,moderate_100nM_to_1uM,False,True,0.6347945747162106,medium
CN1Cc2ccc(F)cc2C(C1)([C@@H]1CCC[C@H]1OC(C)=O)C1CCN(CC2CN(C2)c2ccc(cc2)S(=O)(=O)C2CC2)CC1,1,1,6.79317412396815,6.79317412396815,161.0,161.0,IC50,BindingDB,480256,Menin,,moderate_100nM_to_1uM,False,True,0.7107247022717221,high
CC(C)N(C1CC1)C(=O)C2=C(C=CC(=C2)F)OC3=C(N=CN=N3)N4CC5(C4)CCN(CC5)C[C@H]6CC7CCC6CC78CCC(=O)C8,1,1,6.787812395596042,6.787812395596042,163.0,163.0,IC50,PubChem,176456284.0,Histone-lysine N-methyltransferase 2A,,moderate_100nM_to_1uM,False,True,0.7044561449039458,high
COC(=O)N[C@H]1CCC[C@@H]1[C@@](CN2CCC2)(C3CCN(CC3)CC4(CN(C4)C5=CC=C(C=C5)S(=O)(=O)C6CC6)OC)C7=CC(=CC=C7)F,3,1,6.779891911959945,8.602059991327963,166.0,2.5,IC50,PubChem,162481608.0,,,moderate_100nM_to_1uM,False,True,0.8136353037351186,high
Cc1nccn1CC(C1CCCC1)(C1CCN(CCCOc2ccc(cc2)C#N)CC1)c1ccccc1,1,1,6.779891911959945,6.779891911959945,166.0,166.0,IC50,BindingDB,479994,Menin,,moderate_100nM_to_1uM,False,True,0.9287754629616527,high
Cc1nccn1CC(c1ccccc1)(C1CCCC1)C1CCN(CCCOc2ccc(C#N)cc2)CC1,1,1,6.779891911959945,6.779891911959945,166.0,166.0,IC50,ChEMBL,CHEMBL5763857,Menin,2021,moderate_100nM_to_1uM,False,True,0.9261298180376383,high
CC(C)N(C1CC1)C(=O)C2=C(C=CC(=C2)F)OC3=C(N=CN=N3)N4CC5(C4)CCN(CC5)CC6CCC7(CC6)CCC(=O)C7,1,1,6.777283528852417,6.777283528852417,167.0,167.0,IC50,PubChem,176456272.0,Histone-lysine N-methyltransferase 2A,,moderate_100nM_to_1uM,False,True,0.6679192623862507,medium
COC(=O)N[C@H]1CCC[C@@H]1C(C#N)(C1CCN(CC2(C)CN(C2)c2ccc(cc2)S(=O)(=O)c2cnn(C)c2)CC1)c1ccccc1,1,1,6.777283528852417,6.777283528852417,167.0,167.0,IC50,BindingDB,480333,Menin,,moderate_100nM_to_1uM,False,True,0.8526564234550315,high
COC(=O)N[C@H]1CCC[C@@H]1C(C#N)(c1ccccc1)C1CCN(CC2(C)CN(c3ccc(S(=O)(=O)c4cnn(C)c4)cc3)C2)CC1,1,1,6.777283528852417,6.777283528852417,167.0,167.0,IC50,ChEMBL,CHEMBL5829622,Menin,2021,moderate_100nM_to_1uM,False,True,0.850720966364605,high
CCNC(=O)O[C@H]1CCC[C@@H]1C(C#N)(C1CCN(CC2CN(C2)c2ccc(cc2)S(=O)(=O)c2ccncc2)CC1)c1ccccc1,1,1,6.769551078621726,6.769551078621726,170.0,170.0,IC50,BindingDB,480153,Menin,,moderate_100nM_to_1uM,False,True,0.7602573744628293,high
CCNC(=O)O[C@H]1CCC[C@@H]1C(C#N)(c1ccccc1)C1CCN(CC2CN(c3ccc(S(=O)(=O)c4ccncc4)cc3)C2)CC1,1,1,6.769551078621726,6.769551078621726,170.0,170.0,IC50,ChEMBL,CHEMBL5850439,Menin,2021,moderate_100nM_to_1uM,False,True,0.7782296468184522,high
COC(=O)N[C@H]1CCC[C@@H]1C(C#N)(C1CCN(CCC#Cc2ccc(cc2)S(=O)(=O)C(F)(F)F)CC1)c1ccccc1,1,1,6.7594507517174005,6.7594507517174005,174.0,174.0,IC50,BindingDB,480340,Menin,,moderate_100nM_to_1uM,False,True,0.8895427183296031,high
COC(=O)N[C@H]1CCC[C@@H]1C(C#N)(c1ccccc1)C1CCN(CCC#Cc2ccc(S(=O)(=O)C(F)(F)F)cc2)CC1,1,1,6.7594507517174005,6.7594507517174005,174.0,174.0,IC50,ChEMBL,CHEMBL5864920,Menin,2021,moderate_100nM_to_1uM,False,True,0.905234950290214,high
CC(C)N(C(C)C)C(=O)C1=C(C=CC(=C1)F)OC2=CN=CN=C2N3CC4(C3)CCN(CC4)C[C@@H]5CC6CC[C@H]5CC67CCC(=O)C7,1,1,6.752026733638193,6.752026733638193,177.0,177.0,IC50,PubChem,176456275.0,Histone-lysine N-methyltransferase 2A,,moderate_100nM_to_1uM,False,True,0.801843260202978,high
CN(C)C[C@]([C@H]1CCC[C@@H]1NC(=O)OC)(C2CCN(CC2)CC3CN(C3)C4=CC=C(C=C4)S(=O)(=O)C5CC5)C6=CC(=CC=C6)F,3,1,6.7495799976911055,8.769551078621726,178.0,1.7,IC50,PubChem,166627252.0,,,moderate_100nM_to_1uM,False,True,0.5542655442366947,medium
CNC(=O)O[C@@H]1CCC[C@H]1C(C#N)(C1CCN(CCCOc2ccc(cc2)C#N)CC1)c1ccccc1,1,1,6.7495799976911055,6.7495799976911055,178.0,178.0,IC50,BindingDB,480172,Menin,,moderate_100nM_to_1uM,False,True,0.8397511644342871,high
CNC(=O)O[C@@H]1CCC[C@H]1C(C#N)(c1ccccc1)C1CCN(CCCOc2ccc(C#N)cc2)CC1,1,1,6.7495799976911055,6.7495799976911055,178.0,178.0,IC50,ChEMBL,CHEMBL5959501,Menin,2021,moderate_100nM_to_1uM,False,True,0.8318654238369385,high
CC(=O)N[C@@H]1CCC[C@H]1C1(C2CCN(CC3CN(c4ccc(S(=O)(=O)c5ccncc5)cc4)C3)CC2)CN(C)Cc2ccccc21,1,1,6.7447274948966935,6.7447274948966935,180.0,180.0,IC50,ChEMBL,CHEMBL5891447,Menin,2021,moderate_100nM_to_1uM,False,True,0.7051139071679143,high
CN1Cc2ccccc2C(C1)([C@@H]1CCC[C@H]1NC(C)=O)C1CCN(CC2CN(C2)c2ccc(cc2)S(=O)(=O)c2ccncc2)CC1,1,1,6.7447274948966935,6.7447274948966935,180.0,180.0,IC50,BindingDB,480211,Menin,,moderate_100nM_to_1uM,False,True,0.7007423077705113,high
CN1Cc2ccccc2C(C1)(C1CCCC1)C1CCN(CCCOc2ccc(cc2)S(C)(=O)=O)CC1,1,1,6.7423214251308154,6.7423214251308154,181.0,181.0,IC50,BindingDB,480018,Menin,,moderate_100nM_to_1uM,False,True,0.7555556362469009,high
CN1Cc2ccccc2C(C2CCCC2)(C2CCN(CCCOc3ccc(S(C)(=O)=O)cc3)CC2)C1,1,1,6.7423214251308154,6.7423214251308154,181.0,181.0,IC50,ChEMBL,CHEMBL5879298,Menin,2021,moderate_100nM_to_1uM,False,True,0.70961187550853,high
C1CCC(C1)C(C2CCN(CC2)CCCOC3=CC=C(C=C3)C#N)(C4=CC=CC=C4)N,5,1,6.732828271596986,7.236572006437063,185.0,58.0,IC50;Kd;Ki,PubChem,71777742.0,,,moderate_100nM_to_1uM,False,True,0.810391963324656,high
COC(=O)N[C@H]1CCC[C@@H]1C(C#N)(C1CCN(CC2(F)CN(C2)c2ccc(cc2)S(=O)(=O)c2cnn(C)c2)CC1)c1ccccc1,1,1,6.730487055782083,6.730487055782083,186.0,186.0,IC50,BindingDB,480332,Menin,,moderate_100nM_to_1uM,False,True,0.803457005729085,high
COC(=O)N[C@H]1CCC[C@@H]1C(C#N)(c1ccccc1)C1CCN(CC2(F)CN(c3ccc(S(=O)(=O)c4cnn(C)c4)cc3)C2)CC1,1,1,6.730487055782083,6.730487055782083,186.0,186.0,IC50,ChEMBL,CHEMBL5815490,Menin,2021,moderate_100nM_to_1uM,False,True,0.7990449969476029,high
COC(=O)N[C@H]1CCC[C@@H]1[C@@](CN)(C2CCN(CC2)CC3CN(C3)C4=CC=C(C=C4)S(=O)(=O)C5CC5)C6=CC(=CC=C6)F,3,1,6.71669877129645,8.397940008672037,192.0,4.0,IC50,PubChem,146511531.0,,,moderate_100nM_to_1uM,False,True,0.596961363619833,medium
CC1(CN=C(S1)N2CCN(CC2)C3=C4C=C(SC4=NC=N3)CCCl)C,1,1,6.714442690992226,6.714442690992226,193.0,193.0,IC50,PubChem,145992889.0,,,moderate_100nM_to_1uM,False,True,0.5820832814684607,medium
C1CCC(C1)[C@](C2CCN(CC2)CCCOC3=CC=C(C=C3)C#N)(C4=CC=CC=N4)O,1,1,6.709965388637482,6.709965388637482,195.0,195.0,IC50,PubChem,71777739.0,,,moderate_100nM_to_1uM,False,True,0.6327480847560729,medium
N#Cc1ccc(OCCCN2CCC([C@](O)(c3ccccn3)C3CCCC3)CC2)cc1,1,1,6.709965388637482,6.709965388637482,195.0,195.0,IC50,ChEMBL,CHEMBL3126201,Menin,2014,moderate_100nM_to_1uM,False,True,0.7835693532934902,high
O[C@@](C1CCCC1)(C1CCN(CCCOc2ccc(cc2)C#N)CC1)c1ccccn1,1,1,6.709965388637482,6.709965388637482,195.0,195.0,IC50,BindingDB,50496329,Menin,,moderate_100nM_to_1uM,False,True,0.7858139278125366,high
C1CCC(C1)C(C2CCN(CC2)CCCOC3=CC=C(C=C3)C#N)(C4=CC(=CC=C4)F)O,1,1,6.7055337738384075,6.7055337738384075,197.0,197.0,IC50,PubChem,73297280.0,,,moderate_100nM_to_1uM,False,True,0.7719632317883492,high
N#Cc1ccc(OCCCN2CCC(C(O)(c3cccc(F)c3)C3CCCC3)CC2)cc1,1,1,6.7055337738384075,6.7055337738384075,197.0,197.0,IC50,ChEMBL,CHEMBL3126188,Menin,2014,moderate_100nM_to_1uM,False,True,0.8612997928349247,high
OC(C1CCCC1)(C1CCN(CCCOc2ccc(cc2)C#N)CC1)c1cccc(F)c1,1,1,6.7055337738384075,6.7055337738384075,197.0,197.0,IC50,BindingDB,50496335,Menin,,moderate_100nM_to_1uM,False,True,0.8694486734884019,high
CC(C)N(C(C)C)C(=O)C1=C(C=CC(=C1)F)OC2=C(N=CN=N2)N3CC4(C3)CCN(CC4)C[C@H]5CC6CC[C@@H]5CC67CC(=O)OC7,1,1,6.703334809738469,6.703334809738469,198.0,198.0,IC50,PubChem,176456325.0,Histone-lysine N-methyltransferase 2A,,moderate_100nM_to_1uM,False,True,0.7740746739059355,high
C[C@@H](C(=O)N[C@@H](CCCN=C(N)N)C(=O)N[C@@H](CC1=CNC2=CC=CC=C21)C(=O)N[C@H]3C/C=C\C[C@H](NC(=O)C4(CCC4)NC(=O)[C@@H]5CCCN5C(=O)[C@@H](NC3=O)CC6=CC(=CC=C6)F)C(=O)N7CCC[C@H]7C(=O)N[C@@H](CCCN=C(N)N)C(=O)N)NC(=O)[C@H](CO)NC(=O)C,2,1,6.688127328228166,7.1938200260161125,360.5,64.0,IC50,PubChem,162668497.0,,,moderate_100nM_to_1uM,False,True,0.3541336124054143,medium
COC(=O)N[C@H]1CCC[C@@H]1C(C#N)(C1CCN(CCC#Cc2ccc(cc2)C#N)CC1)c1ccccc1,1,1,6.673664139071249,6.673664139071249,212.0,212.0,IC50,BindingDB,480339,Menin,,moderate_100nM_to_1uM,False,True,0.9319443400814502,high
COC(=O)N[C@H]1CCC[C@@H]1C(C#N)(c1ccccc1)C1CCN(CCC#Cc2ccc(C#N)cc2)CC1,1,1,6.673664139071249,6.673664139071249,212.0,212.0,IC50,ChEMBL,CHEMBL5847188,Menin,2021,moderate_100nM_to_1uM,False,True,0.9282412664765537,high
CNC(=O)O[C@@H]1CCC[C@H]1C(Cn1cccc1)(C1CCN(CC2CN(C2)c2ccc(cc2)S(=O)(=O)c2ccccc2)CC1)c1ccccc1,1,1,6.655607726314889,6.655607726314889,221.0,221.0,IC50,BindingDB,480296,Menin,,moderate_100nM_to_1uM,False,True,0.8477616069256395,high
CNC(=O)O[C@@H]1CCC[C@H]1C(Cn1cccc1)(c1ccccc1)C1CCN(CC2CN(c3ccc(S(=O)(=O)c4ccccc4)cc3)C2)CC1,1,1,6.655607726314889,6.655607726314889,221.0,221.0,IC50,ChEMBL,CHEMBL5848634,Menin,2021,moderate_100nM_to_1uM,False,True,0.8744060773542777,high
COC(=O)N[C@H]1CCC[C@@H]1[C@@](CN2CCC2)(C3CCN(CC3)CC4(CN(C4)C5=CC=C(C=C5)S(=O)(=O)C6CC6)F)C7=CC(=CC=C7)F,3,1,6.653647025549361,8.494850021680094,222.0,3.2,IC50,PubChem,156777438.0,,,moderate_100nM_to_1uM,False,True,0.841076208450761,high
C1CN(CCC1C(C2=CC(=CC=C2)F)(C3=CC=CC=N3)O)CCCOC4=CC=C(C=C4)C#N,1,1,6.647817481888637,6.647817481888637,225.0,225.0,IC50,PubChem,71777743.0,,,moderate_100nM_to_1uM,False,True,0.6198250896463012,medium
N#Cc1ccc(OCCCN2CCC(C(O)(c3cccc(F)c3)c3ccccn3)CC2)cc1,1,1,6.647817481888637,6.647817481888637,225.0,225.0,IC50,ChEMBL,CHEMBL3126193,Menin,2014,moderate_100nM_to_1uM,False,True,0.8376116693263674,high
OC(C1CCN(CCCOc2ccc(cc2)C#N)CC1)(c1cccc(F)c1)c1ccccn1,1,1,6.647817481888637,6.647817481888637,225.0,225.0,IC50,BindingDB,50496341,Menin,,moderate_100nM_to_1uM,False,True,0.8717489660863449,high
C1CCC(C1)C(C2CCN(CC2)CCCOC3=CC=C(C=C3)C#N)(C4=CC(=CC=C4)Cl)O,1,1,6.645891560852599,6.645891560852599,226.0,226.0,IC50,PubChem,73297282.0,,,moderate_100nM_to_1uM,False,True,0.7130836418304785,high
N#Cc1ccc(OCCCN2CCC(C(O)(c3cccc(Cl)c3)C3CCCC3)CC2)cc1,1,1,6.645891560852599,6.645891560852599,226.0,226.0,IC50,ChEMBL,CHEMBL3126190,Menin,2014,moderate_100nM_to_1uM,False,True,0.9021934580160298,high
OC(C1CCCC1)(C1CCN(CCCOc2ccc(cc2)C#N)CC1)c1cccc(Cl)c1,1,1,6.645891560852599,6.645891560852599,226.0,226.0,IC50,BindingDB,50496351,Menin,,moderate_100nM_to_1uM,False,True,0.9039638310847028,high
N=C(N)NCCC[C@@H]1NC(=O)C2(CCC2)NC(=O)[C@@H]2CCCN2C(=O)[C@H](Cc2ccc(F)cc2)NC(=O)[C@@H](N)CCCCCCCCNC(=O)[C@@H]2CCCN2C1=O,2,1,6.642391218799464,6.910094888560602,272.5,123.0,IC50;Ki,ChEMBL,CHEMBL2314818,Menin,2013,moderate_100nM_to_1uM,False,True,0.3994549698547483,medium
N[C@H]1CCCCCCCCNC(=O)[C@@H]2CCCN2C(=O)[C@H](CCCNC(N)=N)NC(=O)C2(CCC2)NC(=O)[C@@H]2CCCN2C(=O)[C@H](Cc2ccc(F)cc2)NC1=O,2,1,6.642391218799464,6.910094888560602,272.5,123.0,IC50;Ki,BindingDB,50489224,Menin,,moderate_100nM_to_1uM,False,True,0.4156736318573302,medium
CC(C)C(=O)O[C@H]1CCC[C@@H]1C(C#N)(C1CCN(CC2CN(C2)c2ccc(cc2)S(=O)(=O)c2ccncc2)CC1)c1ccccc1,1,1,6.625251653989896,6.625251653989896,237.0,237.0,IC50,BindingDB,480133,Menin,,moderate_100nM_to_1uM,False,True,0.8047876176714752,high
CC(C)C(=O)O[C@H]1CCC[C@@H]1C(C#N)(c1ccccc1)C1CCN(CC2CN(c3ccc(S(=O)(=O)c4ccncc4)cc3)C2)CC1,1,1,6.625251653989896,6.625251653989896,237.0,237.0,IC50,ChEMBL,CHEMBL5747059,Menin,2021,moderate_100nM_to_1uM,False,True,0.8215659621446326,high
C1COCCN1C2=NC=NC3=C2C=C(N3)C4=CC=C(C=C4)NC(=O)NC5=CC(=NO5)C6=CN=CC=C6,1,1,6.619788758288394,6.619788758288394,240.0,240.0,IC50,PubChem,153634164.0,Histone-lysine N-methyltransferase 2A/Menin,,moderate_100nM_to_1uM,False,True,0.3190756275652266,medium
O=C(Nc1cc(no1)-c1cccnc1)Nc1ccc(cc1)-c1cc2c(ncnc2[nH]1)N1CCOCC1,1,1,6.619788758288394,6.619788758288394,240.0,240.0,IC50,BindingDB,670916,Histone-lysine N-methyltransferase 2A/Menin,,moderate_100nM_to_1uM,False,True,0.453456426654254,medium
N#Cc1ccc(NCCCN2CCC(C3(C4CCCC4)NCCc4ccccc43)CC2)cc1,1,1,6.617982957425132,6.617982957425132,241.0,241.0,IC50,ChEMBL,CHEMBL5899790,Menin,2021,moderate_100nM_to_1uM,False,True,0.9517377361782567,high
N#Cc1ccc(NCCCN2CCC(CC2)C2(NCCc3ccccc23)C2CCCC2)cc1,1,1,6.617982957425132,6.617982957425132,241.0,241.0,IC50,BindingDB,480010,Menin,,moderate_100nM_to_1uM,False,True,0.9136616117842744,high
C1CCC(C1)C(C2CCN(CC2)CCCOC3=CC=C(C=C3)C#N)(C4=NC=CS4)O,1,1,6.616184634019569,6.616184634019569,242.0,242.0,IC50,PubChem,73297286.0,,,moderate_100nM_to_1uM,False,True,0.6605113869281409,medium
N#Cc1ccc(OCCCN2CCC(C(O)(c3nccs3)C3CCCC3)CC2)cc1,1,1,6.616184634019569,6.616184634019569,242.0,242.0,IC50,ChEMBL,CHEMBL3126192,Menin,2014,moderate_100nM_to_1uM,False,True,0.7901175506639007,high
OC(C1CCCC1)(C1CCN(CCCOc2ccc(cc2)C#N)CC1)c1nccs1,1,1,6.616184634019569,6.616184634019569,242.0,242.0,IC50,BindingDB,50496333,Menin,,moderate_100nM_to_1uM,False,True,0.8999248639736613,high
CC(=O)N[C@@H]1CCC[C@H]1C1(C2CCN(CC3CN(c4ccc(S(=O)(=O)c5cnn(C)c5)cc4)C3)CC2)CNCc2ccccc21,1,1,6.607303046740334,6.607303046740334,247.0,247.0,IC50,ChEMBL,CHEMBL5894691,Menin,2021,moderate_100nM_to_1uM,False,True,0.5848470962765835,medium
CC(=O)N[C@@H]1CCC[C@H]1C1(CNCc2ccccc12)C1CCN(CC2CN(C2)c2ccc(cc2)S(=O)(=O)c2cnn(C)c2)CC1,1,1,6.607303046740334,6.607303046740334,247.0,247.0,IC50,BindingDB,480226,Menin,,moderate_100nM_to_1uM,False,True,0.7183334124072464,high
O[C@H]1C[C@@H]2CC[C@H]1[C@H](N2)C(=O)N1CC2(C1)CN(C2)c1c(cnc2sc(CC(F)(F)F)cc12)C(F)(F)F,1,1,6.605548319173783,6.605548319173783,248.0,248.0,IC50,BindingDB,554120,Histone-lysine N-methyltransferase 2A/Menin,,moderate_100nM_to_1uM,False,True,0.6540918329963755,medium
Nc1ncnc2c1c(-c1ccc(F)cc1)cn2C1CCN(CC2CN(c3ccc(S(=O)(=O)C4CCCCC4)cc3)C2)CC1,1,1,6.6020599913279625,6.6020599913279625,250.0,250.0,IC50,ChEMBL,CHEMBL5565919,Menin,2024,moderate_100nM_to_1uM,False,True,0.9240619415138983,high
NCC(CCN1CC=C(c2ccc(Cl)cc2)CC1)(c1ccccc1)C1CCCC1,2,1,6.588915960315991,7.096910013008056,455.0,80.0,IC50;Ki,ChEMBL,CHEMBL4216333,Menin,2018,moderate_100nM_to_1uM,False,True,0.8844262197595836,high
NCC(CCN1CCC(=CC1)c1ccc(Cl)cc1)(C1CCCC1)c1ccccc1,2,1,6.588915960315991,7.096910013008056,455.0,80.0,IC50;Ki,BindingDB,50454123,Menin,,moderate_100nM_to_1uM,False,True,0.8992164895730781,high
CC1(C)CN=C(N2CCN(c3ncnc4sc(CCF)cc34)CC2)S1,1,1,6.585026652029182,6.585026652029182,260.0,260.0,IC50,ChEMBL,CHEMBL3613788,Menin,2015,moderate_100nM_to_1uM,False,True,0.6687316660072525,medium
CC1(C)CN=C(S1)N1CCN(CC1)c1ncnc2sc(CCF)cc12,1,1,6.585026652029182,6.585026652029182,260.0,260.0,IC50,BindingDB,50117745,Menin,,moderate_100nM_to_1uM,False,True,0.8593215605397868,high
CC1(CN=C(S1)N2CCN(CC2)C3=C4C=C(SC4=NC=N3)CCF)C,1,1,6.585026652029182,6.585026652029182,260.0,260.0,IC50,PubChem,91864570.0,,,moderate_100nM_to_1uM,False,True,0.5501493499249094,medium
CN(C)C(=O)O[C@H]1CCC[C@@H]1C(C#N)(C1CCN(CC2CN(C2)c2ccc(cc2)S(=O)(=O)c2ccncc2)CC1)c1ccccc1,1,1,6.583359492661719,6.583359492661719,261.0,261.0,IC50,BindingDB,480159,Menin,,moderate_100nM_to_1uM,False,True,0.786184627601957,high
CN(C)C(=O)O[C@H]1CCC[C@@H]1C(C#N)(c1ccccc1)C1CCN(CC2CN(c3ccc(S(=O)(=O)c4ccncc4)cc3)C2)CC1,1,1,6.583359492661719,6.583359492661719,261.0,261.0,IC50,ChEMBL,CHEMBL6058770,Menin,2021,moderate_100nM_to_1uM,False,True,0.8038653857435094,high
COC(=O)[C@H]1CCC[C@@H]1C(C#N)(C1CCN(CC2CN(C2)c2ccc(cc2)S(=O)(=O)C2CC2)CC1)c1ccccc1,1,1,6.583359492661719,6.583359492661719,261.0,261.0,IC50,BindingDB,480271,Menin,,moderate_100nM_to_1uM,False,True,0.8112496330575467,high
COC(=O)[C@H]1CCC[C@@H]1C(C#N)(c1ccccc1)C1CCN(CC2CN(c3ccc(S(=O)(=O)C4CC4)cc3)C2)CC1,1,1,6.583359492661719,6.583359492661719,261.0,261.0,IC50,ChEMBL,CHEMBL6057473,Menin,2021,moderate_100nM_to_1uM,False,True,0.8219375540940959,high
CC(=O)N[C@@H](CCCNC(=N)N)C(=O)N[C@@H](Cc1c[nH]c2ccccc12)C(=O)N[C@H]1CCCCCNC(=O)[C@@H]2CCCN2C(=O)[C@H](CCCNC(=N)N)NC(=O)[C@H](C)NC(=O)[C@@H]2CCCN2C(=O)[C@H](Cc2ccccc2)NC1=O,2,1,6.577748986317253,6.866461091629782,325.0,136.0,IC50;Ki,ChEMBL,CHEMBL2314831,Menin,2013,moderate_100nM_to_1uM,False,True,0.44543257599130637,medium
C[C@@H]1NC(=O)[C@@H]2CCCN2C(=O)[C@H](Cc2ccccc2)NC(=O)[C@H](CCCCCNC(=O)[C@@H]2CCCN2C(=O)[C@H](CCCNC(N)=N)NC1=O)NC(=O)[C@H](Cc1c[nH]c2ccccc12)NC(=O)[C@H](CCCNC(N)=N)NC(C)=O,2,1,6.577748986317253,6.866461091629782,325.0,136.0,IC50;Ki,BindingDB,50489235,Menin,,moderate_100nM_to_1uM,False,True,0.3215015472129962,medium
CC1(CN(C1)C2=CC=C(C=C2)S(=O)(=O)C3CC3)CN4CCC(CC4)[C@](CN5CCC5)([C@H]6CCC[C@@H]6NC(=O)OC)C7=CC(=CC=C7)F,3,1,6.565431095965801,8.537602002101044,272.0,2.9,IC50,PubChem,146511559.0,,,moderate_100nM_to_1uM,False,True,0.5148902225683757,medium
C1CCC(C1)[C@@](C2CCN(CC2)CCCOC3=CC=C(C=C3)C#N)(C4=CC=CC=C4)O,2,1,6.556895687916251,6.568636235841012,277.5,270.0,IC50;Kd,PubChem,49791890.0,,,moderate_100nM_to_1uM,False,True,0.6007058932869023,medium
N#Cc1ccc(OCCCN2CCC([C@@](O)(c3ccccc3)C3CCCC3)CC2)cc1,2,1,6.556895687916251,6.568636235841012,277.5,270.0,IC50;Kd,ChEMBL,CHEMBL3126187,Menin,2014,moderate_100nM_to_1uM,False,True,0.7894194547871101,high
O[C@](C1CCCC1)(C1CCN(CCCOc2ccc(cc2)C#N)CC1)c1ccccc1,2,1,6.556895687916251,6.568636235841012,277.5,270.0,IC50;Kd,BindingDB,50496328,Menin,,moderate_100nM_to_1uM,False,True,0.7955034065750062,high
CNC(=O)O[C@@H]1CCC[C@H]1C(Cn1ccnc1)(C1CCN(CC2CN(C2)c2ccc(cc2)C#N)CC1)c1ccccc1,1,1,6.55129368009492,6.55129368009492,281.0,281.0,IC50,BindingDB,480303,Menin,,moderate_100nM_to_1uM,False,True,0.8267183505902037,high
CNC(=O)O[C@@H]1CCC[C@H]1C(Cn1ccnc1)(c1ccccc1)C1CCN(CC2CN(c3ccc(C#N)cc3)C2)CC1,1,1,6.55129368009492,6.55129368009492,281.0,281.0,IC50,ChEMBL,CHEMBL5775279,Menin,2021,moderate_100nM_to_1uM,False,True,0.818498681359951,high
C[C@H]1C(=O)N[C@@H](C/C=C\C[C@@H](C(=O)N[C@H](C(=O)N2CCC[C@H]2C(=O)N1)CC3=CC(=CC=C3)F)NC(=O)[C@H](CC4=CNC5=CC=CC=C54)NC(=O)[C@H](CCCN=C(N)N)NC(=O)[C@H](C)NC(=O)[C@H](CO)NC(=O)C)C(=O)N6CCC[C@H]6C(=O)N[C@@H](CCCN=C(N)N)C(=O)N,1,1,6.55129368009492,6.55129368009492,281.0,281.0,IC50,PubChem,162662863.0,,,moderate_100nM_to_1uM,False,True,0.16463894611219915,low
CCC(=O)N1C[C@@H]2C[C@H]1CN2S(=O)(=O)C3=CC=C(C=C3)N4CC(C4)(CN5CCC(CC5)[C@](CN6CCC6)([C@H]7CCC[C@@H]7NC(=O)OC)C8=CC(=CC=C8)F)OC,3,1,6.539102157243452,8.3767507096021,289.0,4.2,IC50,PubChem,156587362.0,,,moderate_100nM_to_1uM,False,True,0.698859485104596,medium
CC(=O)O[C@H]1CCC[C@@H]1C(C#N)(C1CCN(CC2CN(C2)c2ccc(CC(F)(F)F)cc2)CC1)c1cccc(F)c1,1,1,6.53313237964589,6.53313237964589,293.0,293.0,IC50,BindingDB,480354,Menin,,moderate_100nM_to_1uM,False,True,0.9140649461626501,high
CC(=O)O[C@H]1CCC[C@@H]1C(C#N)(c1cccc(F)c1)C1CCN(CC2CN(c3ccc(CC(F)(F)F)cc3)C2)CC1,1,1,6.53313237964589,6.53313237964589,293.0,293.0,IC50,ChEMBL,CHEMBL5800804,Menin,2021,moderate_100nM_to_1uM,False,True,0.8968920895088245,high
CNC(=O)N[C@@H]1CCC[C@H]1C1(C2CCN(CC3CN(c4ccc(S(=O)(=O)c5ccncc5)cc4)C3)CC2)CN(C)Cc2ccccc21,1,1,6.528708288941061,6.528708288941061,296.0,296.0,IC50,ChEMBL,CHEMBL5843695,Menin,2021,moderate_100nM_to_1uM,False,True,0.6988795776366982,medium
CNC(=O)N[C@@H]1CCC[C@H]1C1(CN(C)Cc2ccccc12)C1CCN(CC2CN(C2)c2ccc(cc2)S(=O)(=O)c2ccncc2)CC1,1,1,6.528708288941061,6.528708288941061,296.0,296.0,IC50,BindingDB,480217,Menin,,moderate_100nM_to_1uM,False,True,0.8002177943291782,high
CN(C)CCOC1=NC2=C(C=C1)N=CN=C2NC3CCN(CC3)CC4CN(C4)C5=CC=C(C=C5)S(=O)(=O)C6CC6,4,1,6.522878745280337,8.154901959985743,300.0,7.0,IC50,PubChem,168286999.0,,,moderate_100nM_to_1uM,False,True,0.707620074781389,high
CN(C)CCOC1=NC2=C(C=C1)N=CN=C2NC3CCN(CC3)CC4CN(C4)C5=CC=C(C=C5)C#N,2,1,6.522878745280337,7.221848749616356,780.0,60.0,IC50,PubChem,168292213.0,,,moderate_100nM_to_1uM,False,True,0.8251860817774307,high
C=CC(=O)Nc1cccc(S(=O)(=O)c2ccc(N3CC(CN4CCC([C@](C#N)(c5cccc(F)c5)[C@H]5CCC[C@@H]5OC(=O)NC)CC4)C3)cc2)c1,1,1,6.522878745280337,6.522878745280337,300.0,300.0,IC50,ChEMBL,CHEMBL6007163,Menin,2021,moderate_100nM_to_1uM,False,True,0.6176868094271767,medium
CNC(=O)O[C@H]1CCC[C@@H]1[C@](C#N)(C1CCN(CC2CN(C2)c2ccc(cc2)S(=O)(=O)c2cccc(NC(=O)C=C)c2)CC1)c1cccc(F)c1,1,1,6.522878745280337,6.522878745280337,300.0,300.0,IC50,BindingDB,506336,Menin,,moderate_100nM_to_1uM,False,True,0.7856032271076449,high
N#Cc1ccc(OCCCN2CCC(C3(C4CCCCC4)NCCc4ccccc43)CC2)cc1,1,1,6.522878745280337,6.522878745280337,300.0,300.0,IC50,ChEMBL,CHEMBL5829920,Menin,2021,moderate_100nM_to_1uM,False,True,0.9578775400099295,high
N#Cc1ccc(OCCCN2CCC(CC2)C2(NCCc3ccccc23)C2CCCCC2)cc1,1,1,6.522878745280337,6.522878745280337,300.0,300.0,IC50,BindingDB,480237,Menin,,moderate_100nM_to_1uM,False,True,0.9267741085653144,high
C1CCC(C1)C(C2CCN(CC2)CCCOC3=CC=C(C=C3)C#N)(C4=CC=CC=N4)O,1,1,6.51999305704285,6.51999305704285,302.0,302.0,IC50,PubChem,73297279.0,,,moderate_100nM_to_1uM,False,True,0.7314830468987715,high
N#Cc1ccc(OCCCN2CCC(C(O)(c3ccccn3)C3CCCC3)CC2)cc1,1,1,6.51999305704285,6.51999305704285,302.0,302.0,IC50,ChEMBL,CHEMBL3126191,Menin,2014,moderate_100nM_to_1uM,False,True,0.8333745054169847,high
OC(C1CCCC1)(C1CCN(CCCOc2ccc(cc2)C#N)CC1)c1ccccn1,1,1,6.51999305704285,6.51999305704285,302.0,302.0,IC50,BindingDB,50496347,Menin,,moderate_100nM_to_1uM,False,True,0.8710561526780236,high
O=S(=O)(C1CC1)c1ccc(cc1)N1CC(CN2CCC(CC2)C2(COCc3ccccc23)C2CCCC2)C1,1,1,6.517126416391246,6.517126416391246,304.0,304.0,IC50,BindingDB,479991,Menin,,moderate_100nM_to_1uM,False,True,0.8952819643981653,high
O=S(=O)(c1ccc(N2CC(CN3CCC(C4(C5CCCC5)COCc5ccccc54)CC3)C2)cc1)C1CC1,1,1,6.517126416391246,6.517126416391246,304.0,304.0,IC50,ChEMBL,CHEMBL5905255,Menin,2021,moderate_100nM_to_1uM,False,True,0.7706782930560441,high
C1CC2C3C(C(N2C1)C4=CC=C(C=C4)C(=N)N)C(=O)N(C3=O)CC5=CC=CC=C5,1,1,6.508638306165727,6.508638306165727,310.0,310.0,Ki,PubChem,69953169.0,,,moderate_100nM_to_1uM,False,True,0.11203173650907723,low
N#CC(c1ccccc1)(C1CCN(CC2CN(c3ccc(S(=O)(=O)c4ccccc4)cc3)C2)CC1)[C@@H]1CCC[C@H]1OC(N)=O,1,1,6.480172006224281,6.480172006224281,331.0,331.0,IC50,ChEMBL,CHEMBL5871583,Menin,2021,moderate_100nM_to_1uM,False,True,0.8350037513792528,high
NC(=O)O[C@@H]1CCC[C@H]1C(C#N)(C1CCN(CC2CN(C2)c2ccc(cc2)S(=O)(=O)c2ccccc2)CC1)c1ccccc1,1,1,6.480172006224281,6.480172006224281,331.0,331.0,IC50,BindingDB,480163,Menin,,moderate_100nM_to_1uM,False,True,0.8050346249018802,high
F[C@@H]1C[C@H]2C[C@@H]1N[C@@H]2C(=O)N1CC2(C1)CN(C2)c1c(cnc2sc(CC(F)(F)F)cc12)C(F)(F)F,1,1,6.464705879957229,6.464705879957229,343.0,343.0,IC50,BindingDB,554125,Histone-lysine N-methyltransferase 2A/Menin,,moderate_100nM_to_1uM,False,True,0.7815003725522588,high
C[C@@H]1NC(=O)[C@@H]2CCCN2C(=O)[C@H](Cc2ccccc2)NC(=O)[C@@H](N)CCCCCCCCNC(=O)[C@@H]2CCCN2C(=O)[C@H](CCCNC(=N)N)NC1=O,2,1,6.4413560642676515,6.7055337738384075,431.0,197.0,IC50;Ki,ChEMBL,CHEMBL2315084,Menin,2013,moderate_100nM_to_1uM,False,True,0.21925825298578058,low
C[C@@H]1NC(=O)[C@@H]2CCCN2C(=O)[C@H](Cc2ccccc2)NC(=O)[C@@H](N)CCCCCCCCNC(=O)[C@@H]2CCCN2C(=O)[C@H](CCCNC(N)=N)NC1=O,2,1,6.4413560642676515,6.7055337738384075,431.0,197.0,IC50;Ki,BindingDB,50489233,Menin,,moderate_100nM_to_1uM,False,True,0.20213849713163276,low
C[C@H]1C(=O)N[C@@H](C/C=C\C[C@@H](C(=O)N[C@H](C(=O)N2CCC[C@H]2C(=O)N1)CC3=CC=CC=C3)NC(=O)[C@H](CC4=CNC5=CC=CC=C54)NC(=O)[C@H](CCCN=C(N)N)NC(=O)C)C(=O)N6CCC[C@H]6C(=O)N[C@@H](CCCN=C(N)N)C(=O)N,1,1,6.429457060118103,6.429457060118103,372.0,372.0,IC50,PubChem,162673456.0,,,moderate_100nM_to_1uM,False,True,0.3173282534811553,medium
C=CC(=O)N1CC(S(=O)(=O)c2ccc(N3CC(CN4CCC([C@](C#N)(c5cccc(F)c5)[C@H]5CCC[C@@H]5OC(=O)NC)CC4)C3)cc2)C1,1,1,6.427128397799519,6.427128397799519,374.0,374.0,IC50,ChEMBL,CHEMBL5838994,Menin,2021,moderate_100nM_to_1uM,False,True,0.4924720667674883,medium
CNC(=O)O[C@H]1CCC[C@@H]1[C@](C#N)(C1CCN(CC2CN(C2)c2ccc(cc2)S(=O)(=O)C2CN(C2)C(=O)C=C)CC1)c1cccc(F)c1,1,1,6.427128397799519,6.427128397799519,374.0,374.0,IC50,BindingDB,506334,Menin,,moderate_100nM_to_1uM,False,True,0.7288406184755472,high
COC(=O)N[C@H]1CCC[C@@H]1[C@@](CN2CCC2)(C3CCN(CC3)CC4(CN(C4)C5=CC=C(C=C5)S(=O)(=O)C6CC6)O)C7=CC(=CC=C7)F,3,1,6.421360790031928,8.443697499232712,379.0,3.6,IC50,PubChem,166635947.0,,,moderate_100nM_to_1uM,False,True,0.7082007012677166,high
CN1CCc2ccccc2C1(C1CCCC1)C1CCN(CCCOc2ccc(C#N)cc2)CC1,1,1,6.421360790031928,6.421360790031928,379.0,379.0,IC50,ChEMBL,CHEMBL5744985,Menin,2021,moderate_100nM_to_1uM,False,True,0.864777968632323,high
CN1CCc2ccccc2C1(C1CCCC1)C1CCN(CCCOc2ccc(cc2)C#N)CC1,1,1,6.421360790031928,6.421360790031928,379.0,379.0,IC50,BindingDB,479982,Menin,,moderate_100nM_to_1uM,False,True,0.8696102509013932,high
CN1CC2=CC=CC=C2C(C1)(C3CCCC3)C4CCN(CC4)CC5CN(C5)C6=CC=C(C=C6)S(=O)(=O)C7=CC=NC=C7,5,1,6.42021640338319,8.698970004336019,380.0,2.0,IC50;Ki,PubChem,145397301.0,,,moderate_100nM_to_1uM,False,True,0.8716292039567862,high
N#Cc1ccc(N2CC(CN3CCC(n4cc(-c5ccc(F)cc5)c5c(N)ncnc54)CC3)C2)cc1,1,1,6.42021640338319,6.42021640338319,380.0,380.0,IC50,ChEMBL,CHEMBL5527907,Menin,2024,moderate_100nM_to_1uM,False,True,0.7009253809204948,high
C1CN(CCC1NC2=NC=NC3=C2N=C(C=C3)Cl)CC4CN(C4)C5=CC=C(C=C5)S(=O)(=O)C6=CC=CC=N6,2,1,6.411954370472159,7.221848749616356,1280.0,60.0,IC50,PubChem,168289220.0,,,weak_1uM_to_10uM,False,False,0.8003317710426544,high
C1CCC(C1)C(C2CCN(CC2)CCCOC3=CC=C(C=C3)C#N)(C4=CC=CC=C4)O,1,1,6.4089353929735005,6.4089353929735005,390.0,390.0,IC50,PubChem,46926632.0,,,moderate_100nM_to_1uM,False,True,0.752441116614869,high
N#Cc1ccc(OCCCN2CCC(C(O)(c3ccccc3)C3CCCC3)CC2)cc1,1,1,6.4089353929735005,6.4089353929735005,390.0,390.0,IC50,ChEMBL,CHEMBL3126185,Menin,2014,moderate_100nM_to_1uM,False,True,0.8617555316777825,high
OC(C1CCCC1)(C1CCN(CCCOc2ccc(cc2)C#N)CC1)c1ccccc1,1,1,6.4089353929735005,6.4089353929735005,390.0,390.0,IC50,BindingDB,50496348,Menin,,moderate_100nM_to_1uM,False,True,0.8478820831278298,high
CNC(=O)O[C@@H]1CCC[C@H]1C(C#N)(C1CCN(CC2CN(C2)c2ccc(cc2)S(=O)(=O)c2ccncc2)CC1)c1ccccc1,1,1,6.402304814074488,6.402304814074488,396.0,396.0,IC50,BindingDB,480156,Menin,,moderate_100nM_to_1uM,False,True,0.745681240977442,high
CNC(=O)O[C@@H]1CCC[C@H]1C(C#N)(c1ccccc1)C1CCN(CC2CN(c3ccc(S(=O)(=O)c4ccncc4)cc3)C2)CC1,1,1,6.402304814074488,6.402304814074488,396.0,396.0,IC50,ChEMBL,CHEMBL5946599,Menin,2021,moderate_100nM_to_1uM,False,True,0.7647458793590594,high
CS(=O)(=O)c1ccc(OCCCN2CCC(C3(C4CCCC4)NCCc4ccccc43)CC2)cc1,1,1,6.3979400086720375,6.3979400086720375,400.0,400.0,IC50,ChEMBL,CHEMBL5830084,Menin,2021,moderate_100nM_to_1uM,False,True,0.9057899421475927,high
CS(=O)(=O)c1ccc(OCCCN2CCC(CC2)C2(NCCc3ccccc23)C2CCCC2)cc1,1,1,6.3979400086720375,6.3979400086720375,400.0,400.0,IC50,BindingDB,480235,Menin,,moderate_100nM_to_1uM,False,True,0.8389447989485759,high
N#Cc1ccc(OCCCN2CCC(C3(C4CCCC4)C(=O)NCc4ccccc43)CC2)cc1,1,1,6.380906669373257,6.380906669373257,416.0,416.0,IC50,ChEMBL,CHEMBL5774274,Menin,2021,moderate_100nM_to_1uM,False,True,0.8824640585161782,high
O=C1NCc2ccccc2C1(C1CCCC1)C1CCN(CCCOc2ccc(cc2)C#N)CC1,1,1,6.380906669373257,6.380906669373257,416.0,416.0,IC50,BindingDB,479979,Menin,,moderate_100nM_to_1uM,False,True,0.7793203683742389,high
CC1(CCN(CC1)C[C@]([C@H]2CCC[C@@H]2NC(=O)OC)(C3CCN(CC3)CC4CN(C4)C5=CC=C(C=C5)S(=O)(=O)C6CC6)C7=CC(=CC=C7)F)O,3,1,6.375717904164332,8.455931955649724,421.0,3.5,IC50,PubChem,166628415.0,,,moderate_100nM_to_1uM,False,True,0.819985589019356,high
CCCc1cc2c(ncnc2s1)N1CCN(CC1)C1=NCC(C)(C)S1,3,1,6.366531544420413,6.801342913045577,430.0,158.0,IC50;Kd,BindingDB,152235,Menin,,moderate_100nM_to_1uM,False,True,0.71282666158918,high
N#CC(c1ccccc1)(C1CCN(CC2CN(c3ccc(S(=O)(=O)c4ccncc4)cc3)C2)CC1)[C@@H]1CCC[C@H]1OC(=O)C1CCC1,1,1,6.361510743045363,6.361510743045363,435.0,435.0,IC50,ChEMBL,CHEMBL5991299,Menin,2021,moderate_100nM_to_1uM,False,True,0.8233284456691389,high
O=C(O[C@@H]1CCC[C@H]1C(C#N)(C1CCN(CC2CN(C2)c2ccc(cc2)S(=O)(=O)c2ccncc2)CC1)c1ccccc1)C1CCC1,1,1,6.361510743045363,6.361510743045363,435.0,435.0,IC50,BindingDB,480148,Menin,,moderate_100nM_to_1uM,False,True,0.8112113698405315,high
COC(=O)N[C@H]1CCC[C@@H]1[C@@](CN2CCC2)(C3CCN(CC3)CC4(CN(C4)C5=CC=C(C=C5)S(=O)(=O)N6C[C@H]7C[C@@H]6CN7C(=O)C=C)OC)C8=CC(=CC=C8)F,3,1,6.360513510731414,8.337242168318426,436.0,4.6,IC50,PubChem,166632210.0,,,moderate_100nM_to_1uM,False,True,0.7361525869518655,high
C1CCC(C1)C(C2CCN(CC2)CCCOC3=CC=C(C=C3)C#N)(C4=CC(=CC(=C4)F)F)O,1,1,6.360513510731414,6.360513510731414,436.0,436.0,IC50,PubChem,73297278.0,,,moderate_100nM_to_1uM,False,True,0.7820805196518279,high
N#Cc1ccc(OCCCN2CCC(C(O)(c3cc(F)cc(F)c3)C3CCCC3)CC2)cc1,1,1,6.360513510731414,6.360513510731414,436.0,436.0,IC50,ChEMBL,CHEMBL3126189,Menin,2014,moderate_100nM_to_1uM,False,True,0.866338534034605,high
OC(C1CCCC1)(C1CCN(CCCOc2ccc(cc2)C#N)CC1)c1cc(F)cc(F)c1,1,1,6.360513510731414,6.360513510731414,436.0,436.0,IC50,BindingDB,50496334,Menin,,moderate_100nM_to_1uM,False,True,0.8736109802845663,high
CS(=O)(=O)N[C@H]1CCC[C@@H]1C(C#N)(C1CCN(CC2CN(C2)c2ccc(cc2)S(=O)(=O)c2ccncc2)CC1)c1ccccc1,1,1,6.359518563029578,6.359518563029578,437.0,437.0,IC50,BindingDB,480206,Menin,,moderate_100nM_to_1uM,False,True,0.8011086931723361,high
CS(=O)(=O)N[C@H]1CCC[C@@H]1C(C#N)(c1ccccc1)C1CCN(CC2CN(c3ccc(S(=O)(=O)c4ccncc4)cc3)C2)CC1,1,1,6.359518563029578,6.359518563029578,437.0,437.0,IC50,ChEMBL,CHEMBL6006742,Menin,2021,moderate_100nM_to_1uM,False,True,0.8148951314554408,high
CCCc1cc2c(N3CCN(C4=NCC(C)(C)S4)CC3)ncnc2s1,4,1,6.358598342854135,6.801342913045577,438.0,158.0,IC50;Kd,ChEMBL,CHEMBL3586089,Menin,2015;2018;2024,moderate_100nM_to_1uM,False,True,0.5559491203972838,medium
Fc1ccc2c(CCNC2(C2CCCC2)C2CCN(CCCOc3ccc(cc3)C#N)CC2)c1,1,1,6.357535479757878,6.357535479757878,439.0,439.0,IC50,BindingDB,479984,Menin,,moderate_100nM_to_1uM,False,True,0.9178874944120347,high
N#Cc1ccc(OCCCN2CCC(C3(C4CCCC4)NCCc4cc(F)ccc43)CC2)cc1,1,1,6.357535479757878,6.357535479757878,439.0,439.0,IC50,ChEMBL,CHEMBL5847549,Menin,2021,moderate_100nM_to_1uM,False,True,0.9693972807280211,high
N#Cc1ccc(OCCCN2CCC(C(CO)(c3ccccc3)C3CCCC3)CC2)cc1,1,1,6.347753658996677,6.347753658996677,449.0,449.0,IC50,ChEMBL,CHEMBL5778287,Menin,2021,moderate_100nM_to_1uM,False,True,0.8633490910109224,high
OCC(C1CCCC1)(C1CCN(CCCOc2ccc(cc2)C#N)CC1)c1ccccc1,1,1,6.347753658996677,6.347753658996677,449.0,449.0,IC50,BindingDB,479990,Menin,,moderate_100nM_to_1uM,False,True,0.844353994363284,high
CCS(=O)(=O)c1ccc(N2CC(CN3CCC(n4cc(-c5ccc(F)cc5)c5c(N)ncnc54)CC3)C2)cc1,1,1,6.346787486224656,6.346787486224656,450.0,450.0,IC50,ChEMBL,CHEMBL5555656,Menin,2024,moderate_100nM_to_1uM,False,True,0.5196185042833126,medium
N#CC(c1ccccc1)(C1CCN(CC2CN(c3ccc(S(=O)(=O)c4ccncc4)cc3)C2)CC1)[C@@H]1CCC[C@H]1OC(N)=O,1,1,6.342944147142896,6.342944147142896,454.0,454.0,IC50,ChEMBL,CHEMBL5854653,Menin,2021,moderate_100nM_to_1uM,False,True,0.7543490128550158,high
NC(=O)O[C@@H]1CCC[C@H]1C(C#N)(C1CCN(CC2CN(C2)c2ccc(cc2)S(=O)(=O)c2ccncc2)CC1)c1ccccc1,1,1,6.342944147142896,6.342944147142896,454.0,454.0,IC50,BindingDB,480152,Menin,,moderate_100nM_to_1uM,False,True,0.7441016393133223,high
C1=CC(=C(N=C1)NCC2=C(C=C(C=C2)F)O)C3=NC=CC=N3,1,1,6.327902142064282,6.327902142064282,470.0,470.0,Kd,PubChem,72376515.0,,,moderate_100nM_to_1uM,False,True,0.10407721319691415,low
Nc1ncnc2c1c(-c1ccc(F)cc1)cn2C1CCN(CC2CN(c3ccc(S(=O)(=O)C4CC4)cc3)C2)CC1,1,1,6.327902142064282,6.327902142064282,470.0,470.0,IC50,ChEMBL,CHEMBL5557085,Menin,2024,moderate_100nM_to_1uM,False,True,0.8854363547942504,high
Fc1ccc2CCNC(C3CCCC3)(C3CCN(CCCOc4ccc(cc4)C#N)CC3)c2c1,1,1,6.325138859262188,6.325138859262188,473.0,473.0,IC50,BindingDB,479977,Menin,,moderate_100nM_to_1uM,False,True,0.950115915725132,high
N#Cc1ccc(OCCCN2CCC(C3(C4CCCC4)NCCc4ccc(F)cc43)CC2)cc1,1,1,6.325138859262188,6.325138859262188,473.0,473.0,IC50,ChEMBL,CHEMBL5968452,Menin,2021,moderate_100nM_to_1uM,False,True,0.961546607557774,high
CNC(=O)O[C@@H]1CCC[C@H]1C(C#N)(C1CCN(CC2CN(C2)c2ccc(cc2)S(=O)(=O)C2CC2)CC1)c1ccccc1,1,1,6.302770657240282,6.302770657240282,498.0,498.0,IC50,BindingDB,480166,Menin,,moderate_100nM_to_1uM,False,True,0.7565726977428194,high
CNC(=O)O[C@@H]1CCC[C@H]1C(C#N)(c1ccccc1)C1CCN(CC2CN(c3ccc(S(=O)(=O)C4CC4)cc3)C2)CC1,1,1,6.302770657240282,6.302770657240282,498.0,498.0,IC50,ChEMBL,CHEMBL5800298,Menin,2021,moderate_100nM_to_1uM,False,True,0.7668545699691877,high
CNC(=O)O[C@@H]1CCC[C@H]1C(C#N)(C1CCN(CC2CN(C2)c2ccc(cc2)C(F)(F)F)CC1)c1ccccc1,1,1,6.2958494831602,6.2958494831602,506.0,506.0,IC50,BindingDB,480306,Menin,,moderate_100nM_to_1uM,False,True,0.8936049588151573,high
CNC(=O)O[C@@H]1CCC[C@H]1C(C#N)(c1ccccc1)C1CCN(CC2CN(c3ccc(C(F)(F)F)cc3)C2)CC1,1,1,6.2958494831602,6.2958494831602,506.0,506.0,IC50,ChEMBL,CHEMBL5994720,Menin,2021,moderate_100nM_to_1uM,False,True,0.8812276036938632,high
COC(=O)N[C@H]1CCC[C@@H]1[C@@](CN2CCCC2)(C3CCN(CC3)CC4CN(C4)C5=CC=C(C=C5)S(=O)(=O)C6CC6)C7=CC(=CC=C7)F,3,1,6.287350298372789,8.55284196865778,516.0,2.8,IC50,PubChem,166630773.0,,,moderate_100nM_to_1uM,False,True,0.8551580932720587,high
FC(F)(F)Cc1cc2c(N3CC4(CN(C4)C(=O)[C@@H]4N[C@H]5C[C@@H]4C[C@@H]5OCC=C)C3)c(cnc2s1)C(F)(F)F,1,1,6.284832642151542,6.284832642151542,519.0,519.0,IC50,BindingDB,554127,Histone-lysine N-methyltransferase 2A/Menin,,moderate_100nM_to_1uM,False,True,0.7577847044499966,high
CC(C)(C)OC(=O)N1CC(C1)S(=O)(=O)C2=CC=C(C=C2)N3CC(C3)CN4CCC(CC4)NC5=NC=NC6=C5N=C(C=C6)Cl,2,1,6.279545458967391,6.920818753952375,1210.0,120.0,IC50,PubChem,168273937.0,,,weak_1uM_to_10uM,False,False,0.699860614897421,medium
CC(C)NC1=NC=C2C(=C1)C(=NC=N2)NC3CCN(CC3)CC4CN(C4)C5=CC=C(C=C5)C#N,1,1,6.275724130399211,6.275724130399211,530.0,530.0,IC50,PubChem,168283268.0,,,moderate_100nM_to_1uM,False,True,0.901253275747926,high
Nc1ncnc2c1c(-c1ccc(F)cc1)cn2C1CCN(CC2CN(c3ccc(S(=O)(=O)C4CCC4)cc3)C2)CC1,1,1,6.275724130399211,6.275724130399211,530.0,530.0,IC50,ChEMBL,CHEMBL5557705,Menin,2024,moderate_100nM_to_1uM,False,True,0.9177471198023558,high
CNC(=O)O[C@@H]1CCC[C@H]1C(Cn1ccnc1C)(C1CCN(CC2CN(C2)c2ccc(Cl)cc2)CC1)c1cccc(F)c1,1,1,6.268411234813261,6.268411234813261,539.0,539.0,IC50,BindingDB,480349,Menin,,moderate_100nM_to_1uM,False,True,0.8982803096079423,high
CNC(=O)O[C@@H]1CCC[C@H]1C(Cn1ccnc1C)(c1cccc(F)c1)C1CCN(CC2CN(c3ccc(Cl)cc3)C2)CC1,1,1,6.268411234813261,6.268411234813261,539.0,539.0,IC50,ChEMBL,CHEMBL5979798,Menin,2021,moderate_100nM_to_1uM,False,True,0.8777584805140297,high
C[C@H]([C@@H](C(=O)N)NC(=O)CNC(=O)[C@@H]1CCCN1C(=O)[C@H](CCCN=C(N)N)NC(=O)[C@H](C)NC(=O)[C@@H]2CCCN2C(=O)[C@H](CC3=CC=CC=C3)NC(=O)[C@H](CCCN=C(N)N)NC(=O)[C@H](CC4=CNC5=CC=CC=C54)NC(=O)[C@H](CCCN=C(N)N)NC(=O)[C@H](C)NC(=O)[C@H](CO)NC(=O)C)O,2,1,6.260434139783031,7.075720713938118,1836.0,84.0,IC50,PubChem,162676354.0,,,weak_1uM_to_10uM,False,False,0.11342702432558711,low
CC(=O)N[C@@H]1CCC[C@H]1C(C#N)(C1CCN(CC2CN(C2)c2ccc(cc2)S(=O)(=O)c2ccncc2)CC1)c1ccccc1,1,1,6.255707016877324,6.255707016877324,555.0,555.0,IC50,BindingDB,480203,Menin,,moderate_100nM_to_1uM,False,True,0.8097590292589228,high
CC(=O)N[C@@H]1CCC[C@H]1C(C#N)(c1ccccc1)C1CCN(CC2CN(c3ccc(S(=O)(=O)c4ccncc4)cc3)C2)CC1,1,1,6.255707016877324,6.255707016877324,555.0,555.0,IC50,ChEMBL,CHEMBL5815172,Menin,2021,moderate_100nM_to_1uM,False,True,0.824756793511494,high
N#CC(c1ccccc1)(C1CCN(CC2CN(c3ccc(S(=O)(=O)c4ccncc4)cc3)C2)CC1)[C@H]1CCC[C@@H]1CO,1,1,6.249491605148654,6.249491605148654,563.0,563.0,IC50,ChEMBL,CHEMBL5760969,Menin,2021,moderate_100nM_to_1uM,False,True,0.8248638653287271,high
OC[C@H]1CCC[C@@H]1C(C#N)(C1CCN(CC2CN(C2)c2ccc(cc2)S(=O)(=O)c2ccncc2)CC1)c1ccccc1,1,1,6.249491605148654,6.249491605148654,563.0,563.0,IC50,BindingDB,480197,Menin,,moderate_100nM_to_1uM,False,True,0.8444505356584929,high
COC(=O)N[C@@H]1CCC[C@H]1C(C#N)(C1CCN(CC2CN(C2)c2ccc(cc2)S(=O)(=O)c2ccncc2)CC1)c1ccccc1,1,1,6.244887733604928,6.244887733604928,569.0,569.0,IC50,BindingDB,480284,Menin,,moderate_100nM_to_1uM,False,True,0.830897750142456,high
COC(=O)N[C@@H]1CCC[C@H]1C(C#N)(c1ccccc1)C1CCN(CC2CN(c3ccc(S(=O)(=O)c4ccncc4)cc3)C2)CC1,1,1,6.244887733604928,6.244887733604928,569.0,569.0,IC50,ChEMBL,CHEMBL5949550,Menin,2021,moderate_100nM_to_1uM,False,True,0.8477474693445691,high
C[C@@H](C(=O)N[C@@H](CCCN=C(N)N)C(=O)N[C@@H](CC1=CNC2=CC=CC=C21)C(=O)N[C@H]3CCCC[C@H](NC(=O)C4(CCC4)NC(=O)[C@@H]5CCCN5C(=O)[C@@H](NC3=O)CC6=CC(=CC=C6)F)C(=O)N7CCC[C@H]7C(=O)N[C@@H](CCCN)C(=O)N)NC(=O)[C@H](CO)NC(=O)C,1,1,6.244887733604928,6.244887733604928,569.0,569.0,IC50,PubChem,162675836.0,,,moderate_100nM_to_1uM,False,True,0.3497035614485176,medium
CC(=O)N[C@@H](Cc1c[nH]c2ccccc12)C(=O)N[C@@H](CCCNC(=N)N)C(=O)N[C@@H](Cc1ccccc1)C(=O)N1CCC[C@H]1C(=O)N[C@@H](C)C(=O)N[C@@H](CCCNC(=N)N)C(=O)N1CCC[C@H]1C(N)=O,2,1,6.240966872854196,6.507239610973162,685.5,311.0,IC50;Ki,ChEMBL,CHEMBL2314826,Menin,2013,moderate_100nM_to_1uM,False,True,0.4471015621776986,medium
C[C@H](NC(=O)[C@@H]1CCCN1C(=O)[C@H](Cc1ccccc1)NC(=O)[C@H](CCCNC(N)=N)NC(=O)[C@H](Cc1c[nH]c2ccccc12)NC(C)=O)C(=O)N[C@@H](CCCNC(N)=N)C(=O)N1CCC[C@H]1C(N)=O,2,1,6.240966872854196,6.507239610973162,685.5,311.0,IC50;Ki,BindingDB,50489249,Menin,,moderate_100nM_to_1uM,False,True,0.2807417905779578,low
CCN1Cc2ccccc2C(C1)(C1CCCC1)C1CCN(CC2CN(C2)c2ccc(cc2C)S(=O)(=O)C2CC2)CC1,1,1,6.231361898752386,6.231361898752386,587.0,587.0,IC50,BindingDB,480045,Menin,,moderate_100nM_to_1uM,False,True,0.8480732914404134,high
CCN1Cc2ccccc2C(C2CCCC2)(C2CCN(CC3CN(c4ccc(S(=O)(=O)C5CC5)cc4C)C3)CC2)C1,1,1,6.231361898752386,6.231361898752386,587.0,587.0,IC50,ChEMBL,CHEMBL5797694,Menin,2021,moderate_100nM_to_1uM,False,True,0.8192726576778857,high
C1CCN(CC1)C2=NC=C3C(=C2)C(=NC=N3)NC4CCN(CC4)CC5CN(C5)C6=CC=C(C=C6)C#N,1,1,6.229147988357855,6.229147988357855,590.0,590.0,IC50,PubChem,168294945.0,,,moderate_100nM_to_1uM,False,True,0.9392472080531775,high
CC(C)(C)OC(=O)N1CC(C1)S(=O)(=O)C2=CC=C(C=C2)N3CC(C3)CN4CCC(CC4)NC5=NC=NC6=C5N=C(C=C6)OCCN(C)C,2,1,6.210108201691595,6.721246399047171,1095.0,190.0,IC50,PubChem,168278484.0,,,weak_1uM_to_10uM,False,False,0.6989839622079892,medium
Cc1cccc(C[C@@H]2NC(=O)[C@@H](N)CCCCCCCCNC(=O)[C@@H]3CCCN3C(=O)[C@H](CCCNC(=N)N)NC(=O)C3(CCC3)NC(=O)[C@@H]3CCCN3C2=O)c1,2,1,6.209082037971176,6.478861916295964,741.0,332.0,IC50;Ki,ChEMBL,CHEMBL2314575,Menin,2013,moderate_100nM_to_1uM,False,True,0.2550586611350883,low
Cc1cccc(C[C@@H]2NC(=O)[C@@H](N)CCCCCCCCNC(=O)[C@@H]3CCCN3C(=O)[C@H](CCCNC(N)=N)NC(=O)C3(CCC3)NC(=O)[C@@H]3CCCN3C2=O)c1,2,1,6.209082037971176,6.478861916295964,741.0,332.0,IC50;Ki,BindingDB,50489242,Menin,,moderate_100nM_to_1uM,False,True,0.2358979075804709,low
CCCC(=O)O[C@H]1CCC[C@@H]1[C@@](C#N)(C1CCN(CC2CN(C2)c2ccc(cc2)C#N)CC1)c1ccccc1,2,1,6.2072696352457495,6.455931955649724,725.0,350.0,IC50;Ki,BindingDB,50516580,Menin,,moderate_100nM_to_1uM,False,True,0.8062915849562584,high
CCCC(=O)O[C@H]1CCC[C@@H]1[C@](C#N)(c1ccccc1)C1CCN(CC2CN(c3ccc(C#N)cc3)C2)CC1,2,1,6.2072696352457495,6.455931955649724,725.0,350.0,IC50;Ki,ChEMBL,CHEMBL4453547,Menin,2019,moderate_100nM_to_1uM,False,True,0.8226112257265751,high
CCCC(=O)O[C@H]1CCC[C@@H]1C(C#N)(C1CCN(CC2CN(C2)c2ccc(cc2)S(=O)(=O)c2ccncc2)CC1)c1ccccc1,1,1,6.20551195334083,6.20551195334083,623.0,623.0,IC50,BindingDB,480131,Menin,,moderate_100nM_to_1uM,False,True,0.7892231131577534,high
CCCC(=O)O[C@H]1CCC[C@@H]1C(C#N)(c1ccccc1)C1CCN(CC2CN(c3ccc(S(=O)(=O)c4ccncc4)cc3)C2)CC1,1,1,6.20551195334083,6.20551195334083,623.0,623.0,IC50,ChEMBL,CHEMBL5863701,Menin,2021,moderate_100nM_to_1uM,False,True,0.8041489459715461,high
C1CN(CCC1NC2=NC=NC3=C2N=C(C=C3)N4CCNCC4)CC5CN(C5)C6=CC=C(C=C6)C#N,2,1,6.2011524070372435,6.7447274948966935,1190.0,180.0,IC50,PubChem,168280001.0,,,weak_1uM_to_10uM,False,False,0.6812411066168912,medium
FC(F)(F)Cc1cc2c(N3CC4(CN(C4)C(=O)[C@H]4N[C@H]5CC[C@@H]4C(=O)C5)C3)c(cnc2s1)C(F)(F)F,1,1,6.197226274708024,6.197226274708024,635.0,635.0,IC50,BindingDB,554121,Histone-lysine N-methyltransferase 2A/Menin,,moderate_100nM_to_1uM,False,True,0.5133119893349941,medium
C[C@H]1C(=O)N[C@@H](C/C=C\C[C@@H](C(=O)N[C@H](C(=O)N2CCC[C@H]2C(=O)N1)CC3=CC=CC=C3)NC(=O)[C@H](CC4=CNC5=CC=CC=C54)NC(=O)[C@H](CCCN=C(N)N)NC(=O)[C@H](C)NC(=O)[C@H](CO)NC(=O)C)C(=O)N6CCC[C@H]6C(=O)N[C@@H](CC(C)N)C(=O)N,1,1,6.187755303199631,6.187755303199631,649.0,649.0,IC50,PubChem,162674124.0,,,moderate_100nM_to_1uM,False,True,0.13889721172802239,low
C1CCC(C1)C2(C3=CC=CC=C3CCN2)C4CCN(CC4)C5CCN(CC5)C6=CC=C(C=C6)C#N,3,1,6.187086643357144,6.684029654543082,650.0,207.0,IC50;Ki,PubChem,132104734.0,,,moderate_100nM_to_1uM,False,True,0.9573269448786735,high
N#Cc1ccc(N2CCC(N3CCC(C4(C5CCCC5)NCCc5ccccc54)CC3)CC2)cc1,3,1,6.187086643357144,6.684029654543082,650.0,207.0,IC50;Ki,ChEMBL,CHEMBL4537683,Menin,2019;2021,moderate_100nM_to_1uM,False,True,0.8638564631623173,high
N#Cc1ccc(cc1)N1CCC(CC1)N1CCC(CC1)C1(NCCc2ccccc12)C1CCCC1,3,1,6.187086643357144,6.684029654543082,650.0,207.0,IC50;Ki,BindingDB,50516557,Menin,,moderate_100nM_to_1uM,False,True,0.9126790606438302,high
CC(C)c1cc2c(N3CCN(C4=NCC(C)(C)S4)CC3)ncnc2s1,1,1,6.187086643357144,6.187086643357144,650.0,650.0,IC50,ChEMBL,CHEMBL3696180,Menin,2015,moderate_100nM_to_1uM,False,True,0.5937906295908953,medium
CC(C)c1cc2c(ncnc2s1)N1CCN(CC1)C1=NCC(C)(C)S1,1,1,6.187086643357144,6.187086643357144,650.0,650.0,IC50,BindingDB,152232,Menin,,moderate_100nM_to_1uM,False,True,0.7382723564727369,high
CCCC1=CC2=C(N=CN=C2S1)N3CCN(CC3)C4=NN=C(S4)C(F)(F)F,1,1,6.187086643357144,6.187086643357144,650.0,650.0,IC50,PubChem,86298079.0,,,moderate_100nM_to_1uM,False,True,0.7274381472066834,high
C[C@H]1C(=O)N[C@@H](CCCCCC[C@@H](C(=O)N[C@H](C(=O)N2CCC[C@H]2C(=O)N1)CC3=CC=CC=C3)NC(=O)[C@H](CC4=CNC5=CC=CC=C54)NC(=O)[C@H](CCCN=C(N)N)NC(=O)[C@H](C)NC(=O)[C@H](CO)NC(=O)C)C(=O)N6CCC[C@H]6C(=O)N[C@@H](CCCN=C(N)N)C(=O)N,1,1,6.180456064458131,6.180456064458131,660.0,660.0,IC50,PubChem,162667981.0,,,moderate_100nM_to_1uM,False,True,0.2300638371300217,low
CC1(C)CN=C(N2CCN(c3ncnc4sc(C(F)(F)C(F)(F)F)cc34)CC2)S1,1,1,6.17134010346468,6.17134010346468,674.0,674.0,IC50,ChEMBL,CHEMBL3613790,Menin,2015,moderate_100nM_to_1uM,False,True,0.6179879964724099,medium
CC1(C)CN=C(S1)N1CCN(CC1)c1ncnc2sc(cc12)C(F)(F)C(F)(F)F,1,1,6.17134010346468,6.17134010346468,674.0,674.0,IC50,BindingDB,50117743,Menin,,moderate_100nM_to_1uM,False,True,0.8617846163990736,high
CC1(CN=C(S1)N2CCN(CC2)C3=C4C=C(SC4=NC=N3)C(C(F)(F)F)(F)F)C,1,1,6.17134010346468,6.17134010346468,674.0,674.0,IC50,PubChem,90453135.0,,,moderate_100nM_to_1uM,False,True,0.7576901902411014,high
COC(=O)N[C@H]1CCC[C@@H]1[C@@](CN2CCOCC2)(C3CCN(CC3)CC4CN(C4)C5=CC=C(C=C5)S(=O)(=O)C6CC6)C7=CC(=CC=C7)F,3,1,6.170696227168975,8.468521082957745,675.0,3.4,IC50,PubChem,166632304.0,,,moderate_100nM_to_1uM,False,True,0.8125982879078432,high
C1CN(CCC1NC2=NC=NC3=CN=C(C=C32)OCC(F)(F)F)CC4CN(C4)C5=CC=C(C=C5)C#N,1,1,6.161150909262744,6.161150909262744,690.0,690.0,IC50,PubChem,168279065.0,,,moderate_100nM_to_1uM,False,True,0.8162980058196857,high
N#Cc1ccc(OCCCN2CC=C(C3(C4CCCC4)NCCc4ccccc43)CC2)cc1,1,1,6.154901959985743,6.154901959985743,700.0,700.0,IC50,ChEMBL,CHEMBL5831465,Menin,2021,moderate_100nM_to_1uM,False,True,0.9613506807686811,high
N#Cc1ccc(OCCCN2CCC(=CC2)C2(NCCc3ccccc23)C2CCCC2)cc1,1,1,6.154901959985743,6.154901959985743,700.0,700.0,IC50,BindingDB,480028,Menin,,moderate_100nM_to_1uM,False,True,0.9133959432574629,high
C1CCC(C1)[C@](C2CCN(CC2)CCCOC3=CC=C(C=C3)C#N)(C4=CC=CC=C4)O,2,1,6.1489536897901695,6.276544327964814,740.5,529.0,IC50;Kd,PubChem,49791889.0,,,moderate_100nM_to_1uM,False,True,0.6612039111822884,medium
N#Cc1ccc(OCCCN2CCC([C@](O)(c3ccccc3)C3CCCC3)CC2)cc1,2,1,6.1489536897901695,6.276544327964814,740.5,529.0,IC50;Kd,ChEMBL,CHEMBL3124953,Menin,2014,moderate_100nM_to_1uM,False,True,0.8215719131775311,high
O[C@@](C1CCCC1)(C1CCN(CCCOc2ccc(cc2)C#N)CC1)c1ccccc1,2,1,6.1489536897901695,6.276544327964814,740.5,529.0,IC50;Kd,BindingDB,50496340,Menin,,moderate_100nM_to_1uM,False,True,0.7598161099126798,high
CS(=O)(=O)c1ccc(N2CC(CN3CCC(n4cc(-c5ccc(F)cc5)c5c(N)ncnc54)CC3)C2)cc1,1,1,6.136677139879544,6.136677139879544,730.0,730.0,IC50,ChEMBL,CHEMBL5518084,Menin,2024,moderate_100nM_to_1uM,False,True,0.46336878618501537,medium
CCCCC1=CC2=C(N=CN=C2S1)N3CCN(CC3)C4=NCC(S4)(C)C,1,1,6.1249387366083,6.1249387366083,750.0,750.0,IC50,PubChem,54765299.0,,,moderate_100nM_to_1uM,False,True,0.7208302305716533,high
CC(C1=CC2=C(N=CN=C2S1)N3CCN(CC3)C4=NCC(S4)(C)C)C(F)(F)F,1,1,6.116338564846382,6.116338564846382,765.0,765.0,IC50,PubChem,86298082.0,,,moderate_100nM_to_1uM,False,True,0.7698587332751672,high
C[C@H]1C(=O)N[C@@H](C/C=C\C[C@@H](C(=O)N[C@H](C(=O)N2CCC[C@H]2C(=O)N1)CC3=CC=CC=C3)NC(=O)[C@H](CC4=CNC5=CC=CC=C54)NC(=O)[C@H](CCCN=C(N)N)NC(=O)[C@H](C)NC(=O)[C@H](CO)NC(=O)C)C(=O)N6CCC[C@H]6C(=O)N[C@@H](CCCN=C(N)N)C(=O)N,1,1,6.113509274827518,6.113509274827518,770.0,770.0,IC50,PubChem,162664786.0,,,moderate_100nM_to_1uM,False,True,0.16741022920383636,low
C1CC1S(=O)(=O)C2=CC=C(C=C2)N3CC(C3)CN4CCC(CC4)NC5=NC=NC6=C5N=C(C=C6)Cl,2,1,6.113106777509403,7.045757490560675,3345.0,90.0,IC50,PubChem,168290850.0,,,weak_1uM_to_10uM,False,False,0.7978883593031816,high
CNC(=O)O[C@@H]1CCC[C@H]1C(C#N)(C1CCN(CC2CN(C2)c2ccc(cc2)C(C)(C)C)CC1)c1ccccc1,1,1,6.110138278741811,6.110138278741811,776.0,776.0,IC50,BindingDB,480358,Menin,,moderate_100nM_to_1uM,False,True,0.8930346541787396,high
CNC(=O)O[C@@H]1CCC[C@H]1C(C#N)(c1ccccc1)C1CCN(CC2CN(c3ccc(C(C)(C)C)cc3)C2)CC1,1,1,6.110138278741811,6.110138278741811,776.0,776.0,IC50,ChEMBL,CHEMBL6034245,Menin,2021,moderate_100nM_to_1uM,False,True,0.8666116625256339,high
C[C@@H](C(=O)N[C@@H](CCCN=C(N)N)C(=O)N[C@@H](CC1=CNC2=CC=CC=C21)C(=O)N[C@H]3C/C=C\C[C@H](NC(=O)C4(CCC4)NC(=O)[C@@H]5CCCN5C(=O)[C@@H](NC3=O)CC6=CC(=CC=C6)F)C(=O)N7CCC[C@H]7C(=O)N[C@@H](CCCN)C(=O)N)NC(=O)[C@H](CO)NC(=O)C,1,1,6.1095789811990855,6.1095789811990855,777.0,777.0,IC50,PubChem,162672407.0,,,moderate_100nM_to_1uM,False,True,0.32305261194171436,medium
CC1=NN=C(S1)N2CCN(CC2)C3=C4C=C(SC4=NC=N3)CC(F)(F)F,1,1,6.108462542327436,6.108462542327436,779.0,779.0,IC50,PubChem,90453086.0,,,moderate_100nM_to_1uM,False,True,0.7569596386427239,high
Cc1nnc(N2CCN(c3ncnc4sc(CC(F)(F)F)cc34)CC2)s1,1,1,6.108462542327436,6.108462542327436,779.0,779.0,IC50,ChEMBL,CHEMBL3612085,Menin,2015,moderate_100nM_to_1uM,False,True,0.6360616385497229,medium
Cc1nnc(s1)N1CCN(CC1)c1ncnc2sc(CC(F)(F)F)cc12,1,1,6.108462542327436,6.108462542327436,779.0,779.0,IC50,BindingDB,50117748,Menin,,moderate_100nM_to_1uM,False,True,0.8344267246419442,high
COC(=O)N[C@H]1CCC[C@@H]1[C@@](C#N)(C2CCN(CC2)CC3CN(C3)C4=CC=C(C=C4)S(=O)(=O)C5CC5)C6=CC(=CC=C6)F,3,1,6.09799710864927,8.161150909262744,798.0,6.9,IC50,PubChem,146511512.0,,,moderate_100nM_to_1uM,False,True,0.6468046039265324,medium
CNC(=O)O[C@H]1CCC[C@@H]1C(Cn1ccnc1)(C1CCN(CC1)C(=O)CCCc1ccc(cc1)C#N)c1ccccc1,1,1,6.09799710864927,6.09799710864927,798.0,798.0,IC50,BindingDB,480318,Menin,,moderate_100nM_to_1uM,False,True,0.7301724316892437,high
CNC(=O)O[C@H]1CCC[C@@H]1C(Cn1ccnc1)(c1ccccc1)C1CCN(C(=O)CCCc2ccc(C#N)cc2)CC1,1,1,6.09799710864927,6.09799710864927,798.0,798.0,IC50,ChEMBL,CHEMBL6000049,Menin,2021,moderate_100nM_to_1uM,False,True,0.5812220210394717,medium
CCS(=O)(=O)c1ccc(N2CC(CN3CCC(C4(CC(C)(C)C)NCCc5ccccc54)CC3)C2)cc1,1,1,6.096910013008056,6.096910013008056,800.0,800.0,IC50,ChEMBL,CHEMBL6045737,Menin,2021,moderate_100nM_to_1uM,False,True,0.7922599238684083,high
CCS(=O)(=O)c1ccc(cc1)N1CC(CN2CCC(CC2)C2(CC(C)(C)C)NCCc3ccccc23)C1,1,1,6.096910013008056,6.096910013008056,800.0,800.0,IC50,BindingDB,480187,Menin,,moderate_100nM_to_1uM,False,True,0.9091471331514626,high
O=S(=O)(C1CC1)c1ccc(CCN2CCc3cc(ccc3C2)C2(NCCc3ccccc23)C2CCCC2)cc1,1,1,6.095825631715837,6.095825631715837,802.0,802.0,IC50,BindingDB,480048,Menin,,moderate_100nM_to_1uM,False,True,0.9604287730022364,high
O=S(=O)(c1ccc(CCN2CCc3cc(C4(C5CCCC5)NCCc5ccccc54)ccc3C2)cc1)C1CC1,1,1,6.095825631715837,6.095825631715837,802.0,802.0,IC50,ChEMBL,CHEMBL5978236,Menin,2021,moderate_100nM_to_1uM,False,True,0.9478378989035416,high
CC(=O)NCC(C1CCCC1)(C1CCN(CCCOc2ccc(cc2)C#N)CC1)c1ccccc1,1,1,6.087777943467584,6.087777943467584,817.0,817.0,IC50,BindingDB,479993,Menin,,moderate_100nM_to_1uM,False,True,0.7641742291391592,high
CC(=O)NCC(c1ccccc1)(C1CCCC1)C1CCN(CCCOc2ccc(C#N)cc2)CC1,1,1,6.087777943467584,6.087777943467584,817.0,817.0,IC50,ChEMBL,CHEMBL5914143,Menin,2021,moderate_100nM_to_1uM,False,True,0.7566273913397259,high
COC(=O)N[C@@H]1CCC[C@H]1C(C#N)(C1CCN(CC2CN(C2)c2ccc(cc2)S(=O)(=O)c2ccccc2)CC1)c1ccccc1,1,1,6.086716098239581,6.086716098239581,819.0,819.0,IC50,BindingDB,480286,Menin,,moderate_100nM_to_1uM,False,True,0.8716376958114076,high
COC(=O)N[C@@H]1CCC[C@H]1C(C#N)(c1ccccc1)C1CCN(CC2CN(c3ccc(S(=O)(=O)c4ccccc4)cc3)C2)CC1,1,1,6.086716098239581,6.086716098239581,819.0,819.0,IC50,ChEMBL,CHEMBL5831645,Menin,2021,moderate_100nM_to_1uM,False,True,0.8997040370589804,high
N#Cc1ccc(N2CC(CN3CCC(C4(C5CCCC5)NCCc5ccccc54)CC3)C2)cn1,1,1,6.0835460514500745,6.0835460514500745,825.0,825.0,IC50,ChEMBL,CHEMBL6006273,Menin,2021,moderate_100nM_to_1uM,False,True,0.8145510793615821,high
N#Cc1ccc(cn1)N1CC(CN2CCC(CC2)C2(NCCc3ccccc23)C2CCCC2)C1,1,1,6.0835460514500745,6.0835460514500745,825.0,825.0,IC50,BindingDB,480058,Menin,,moderate_100nM_to_1uM,False,True,0.8792363957599632,high
N#Cc1ccc2c(c1)CCN(C(=O)CN1CCC(C3(C4CCCC4)NCCc4ccccc43)CC1)C2,1,1,6.072116589669293,6.072116589669293,847.0,847.0,IC50,ChEMBL,CHEMBL5899357,Menin,2021,moderate_100nM_to_1uM,False,True,0.9135665034623933,high
O=C(CN1CCC(CC1)C1(NCCc2ccccc12)C1CCCC1)N1CCc2cc(ccc2C1)C#N,1,1,6.072116589669293,6.072116589669293,847.0,847.0,IC50,BindingDB,480032,Menin,,moderate_100nM_to_1uM,False,True,0.8102826550519957,high
CNC(=O)O[C@@H]1CCC[C@H]1C(C#N)(C1CCN(CC2CN(C2)c2ccc(cc2)S(=O)(=O)c2cnn(C)c2)CC1)c1ccccc1,1,1,6.071092309756047,6.071092309756047,849.0,849.0,IC50,BindingDB,480180,Menin,,moderate_100nM_to_1uM,False,True,0.7436329482332479,high
CNC(=O)O[C@@H]1CCC[C@H]1C(C#N)(c1ccccc1)C1CCN(CC2CN(c3ccc(S(=O)(=O)c4cnn(C)c4)cc3)C2)CC1,1,1,6.071092309756047,6.071092309756047,849.0,849.0,IC50,ChEMBL,CHEMBL5842314,Menin,2021,moderate_100nM_to_1uM,False,True,0.7388536507483786,high
N#CC(c1ccccc1)(C1CCN(CC2CN(c3ccc(S(=O)(=O)c4ccncc4)cc3)C2)CC1)[C@@H]1CCC[C@H]1OC(=O)C1CC1,1,1,6.069050968832477,6.069050968832477,853.0,853.0,IC50,ChEMBL,CHEMBL5999058,Menin,2021,moderate_100nM_to_1uM,False,True,0.8034674694825796,high
O=C(O[C@@H]1CCC[C@H]1C(C#N)(C1CCN(CC2CN(C2)c2ccc(cc2)S(=O)(=O)c2ccncc2)CC1)c1ccccc1)C1CC1,1,1,6.069050968832477,6.069050968832477,853.0,853.0,IC50,BindingDB,480138,Menin,,moderate_100nM_to_1uM,False,True,0.7889428008164386,high
CNC(=O)N[C@@H]1CCC[C@H]1C(C#N)(C1CCN(CC2CN(C2)c2ccc(cc2)S(=O)(=O)c2ccncc2)CC1)c1ccccc1,1,1,6.055024091587953,6.055024091587953,881.0,881.0,IC50,BindingDB,480209,Menin,,moderate_100nM_to_1uM,False,True,0.8062982850264307,high
CNC(=O)N[C@@H]1CCC[C@H]1C(C#N)(c1ccccc1)C1CCN(CC2CN(c3ccc(S(=O)(=O)c4ccncc4)cc3)C2)CC1,1,1,6.055024091587953,6.055024091587953,881.0,881.0,IC50,ChEMBL,CHEMBL5985951,Menin,2021,moderate_100nM_to_1uM,False,True,0.8217218721383334,high
N#CC(c1ccccc1)(C1CCN(CC2CN(c3ccc(S(=O)(=O)c4ccncc4)cc3)C2)CC1)[C@H]1CCC[C@@H]1CCO,1,1,6.047207556955907,6.047207556955907,897.0,897.0,IC50,ChEMBL,CHEMBL6000963,Menin,2021,moderate_100nM_to_1uM,False,True,0.845962905476595,high
OCC[C@H]1CCC[C@@H]1C(C#N)(C1CCN(CC2CN(C2)c2ccc(cc2)S(=O)(=O)c2ccncc2)CC1)c1ccccc1,1,1,6.047207556955907,6.047207556955907,897.0,897.0,IC50,BindingDB,480280,Menin,,moderate_100nM_to_1uM,False,True,0.8643006670595532,high
N#Cc1ccc(N2CC(CN3CCC(C4(C5CCCC5)CN(C5COC5)Cc5ccccc54)CC3)C2)cc1,1,1,6.040958607678906,6.040958607678906,910.0,910.0,IC50,ChEMBL,CHEMBL6032910,Menin,2021,moderate_100nM_to_1uM,False,True,0.8238056237764946,high
N#Cc1ccc(cc1)N1CC(CN2CCC(CC2)C2(CN(Cc3ccccc23)C2COC2)C2CCCC2)C1,1,1,6.040958607678906,6.040958607678906,910.0,910.0,IC50,BindingDB,479997,Menin,,moderate_100nM_to_1uM,False,True,0.9330961016527763,high
CN(C)CCN(C)C1=NC2=C(C=C1)N=CN=C2NC3CCN(CC3)CC4CN(C4)C5=CC=C(C=C5)C#N,2,1,6.039938336854638,6.585026652029182,1730.0,260.0,IC50,PubChem,168291739.0,,,weak_1uM_to_10uM,False,False,0.8632585382996204,high
CCC(=O)O[C@@H]1CCC[C@H]1C(C#N)(C1CCN(CC2CN(C2)c2ccc(cc2)S(=O)(=O)c2ccncc2)CC1)c1ccccc1,1,1,6.0,6.0,1000.0,1000.0,IC50,BindingDB,480136,Menin,,moderate_100nM_to_1uM,False,True,0.7766182915725107,high
CCC(=O)O[C@@H]1CCC[C@H]1C(C#N)(c1ccccc1)C1CCN(CC2CN(c3ccc(S(=O)(=O)c4ccncc4)cc3)C2)CC1,1,1,6.0,6.0,1000.0,1000.0,IC50,ChEMBL,CHEMBL5838828,Menin,2021,moderate_100nM_to_1uM,False,True,0.793230736829833,high
CN(C)CCN(C)C1CCN(CC1)C2=NC=C3C(=C2)C(=NC=N3)NC4CCN(CC4)CC5CN(C5)C6=CC=C(C=C6)C#N,2,1,5.996766978875384,6.537602002101044,1895.0,290.0,IC50,PubChem,168296048.0,,,weak_1uM_to_10uM,False,False,0.9658559657818989,high
Nc1ncnc2c1c(-c1ccc(F)cc1)cn2C1CCN(CC2CN(c3ccc(S(=O)(=O)C4CCCC4)cc3)C2)CC1,1,1,5.982966660701219,5.982966660701219,1040.0,1040.0,IC50,ChEMBL,CHEMBL5560342,Menin,2024,weak_1uM_to_10uM,False,False,0.9212532286717527,high
N=C(N)NCCC[C@@H]1NC(=O)C2(CCC2)NC(=O)[C@@H]2CCCN2C(=O)[C@H](Cc2ccc(Cl)cc2)NC(=O)[C@@H](N)CCCCCCCCNC(=O)[C@@H]2CCCN2C1=O,2,1,5.978615799064709,6.260427655549908,1279.5,549.0,IC50;Ki,ChEMBL,CHEMBL2314574,Menin,2013,weak_1uM_to_10uM,False,False,0.48889192596851366,medium
N[C@H]1CCCCCCCCNC(=O)[C@@H]2CCCN2C(=O)[C@H](CCCNC(N)=N)NC(=O)C2(CCC2)NC(=O)[C@@H]2CCCN2C(=O)[C@H](Cc2ccc(Cl)cc2)NC1=O,2,1,5.978615799064709,6.260427655549908,1279.5,549.0,IC50;Ki,BindingDB,50489227,Menin,,weak_1uM_to_10uM,False,False,0.5051516854100705,medium
C=CS(=O)(=O)N[C@H]1CCC[C@@H]1[C@](C#N)(c1cccc(F)c1)C1CCN(CC2CN(c3ccc(C#N)cc3)C2)CC1,1,1,5.97061622231479,5.97061622231479,1070.0,1070.0,IC50,ChEMBL,CHEMBL5878580,Menin,2021,weak_1uM_to_10uM,False,False,0.8376156263440374,high
Fc1cccc(c1)[C@@](C#N)([C@H]1CCC[C@@H]1NS(=O)(=O)C=C)C1CCN(CC2CN(C2)c2ccc(cc2)C#N)CC1,1,1,5.97061622231479,5.97061622231479,1070.0,1070.0,IC50,BindingDB,506370,Menin,,weak_1uM_to_10uM,False,False,0.7917510297350394,high
CCCC(=O)O[C@H]1CCC[C@@H]1[C@@](C#N)(C2CCN(CC2)CC3CN(C3)C4=CC=C(C=C4)C#N)C5=CC=CC=C5,3,1,5.958607314841775,6.455931955649724,1100.0,350.0,IC50;Ki,PubChem,132104448.0,,,weak_1uM_to_10uM,False,False,0.6841305097538792,medium
O=S(=O)(c1ccncc1)c1ccc(N2CC(CN3CCC(C4(C5CCCC5)CN(Cc5ccncc5)Cc5ccccc54)CC3)C2)cc1,3,1,5.958607314841775,6.442492798094342,1100.0,361.0,IC50;Ki,ChEMBL,CHEMBL4448156,Menin,2019;2021,weak_1uM_to_10uM,False,False,0.8899140977484165,high
O=S(=O)(c1ccncc1)c1ccc(cc1)N1CC(CN2CCC(CC2)C2(CN(Cc3ccncc3)Cc3ccccc23)C2CCCC2)C1,3,1,5.958607314841775,6.442492798094342,1100.0,361.0,IC50;Ki,BindingDB,50516573,Menin,,weak_1uM_to_10uM,False,False,0.9503037400979653,high
CCc1cc2c(N3CCN(c4nnc(C(F)(F)F)s4)CC3)ncnc2s1,1,1,5.958607314841775,5.958607314841775,1100.0,1100.0,IC50,ChEMBL,CHEMBL3696179,Menin,2015,weak_1uM_to_10uM,False,False,0.4237959962435579,medium
CCc1cc2c(ncnc2s1)N1CCN(CC1)c1nnc(s1)C(F)(F)F,1,1,5.958607314841775,5.958607314841775,1100.0,1100.0,IC50,BindingDB,152231,Menin,,weak_1uM_to_10uM,False,False,0.6796986911335012,medium
C[C@H]1C(=O)N[C@@H](CC/C=C\CC[C@@H](C(=O)N[C@H](C(=O)N2CCC[C@H]2C(=O)N1)CC3=CC=CC=C3)NC(=O)[C@H](CC4=CNC5=CC=CC=C54)NC(=O)[C@H](CCCN=C(N)N)NC(=O)[C@H](C)NC(=O)[C@H](CO)NC(=O)C)C(=O)N6CCC[C@H]6C(=O)N[C@@H](CCCN=C(N)N)C(=O)N,1,1,5.958607314841775,5.958607314841775,1100.0,1100.0,IC50,PubChem,162669867.0,,,weak_1uM_to_10uM,False,False,0.2304842313841677,low
N#Cc1cc2cc(CCN3CCC(C4(C5CCCC5)NCCc5ccccc54)CC3)ccc2[nH]1,1,1,5.958607314841775,5.958607314841775,1100.0,1100.0,IC50,ChEMBL,CHEMBL6041174,Menin,2021,weak_1uM_to_10uM,False,False,0.8792525739317937,high
N#Cc1cc2cc(CCN3CCC(CC3)C3(NCCc4ccccc34)C3CCCC3)ccc2[nH]1,1,1,5.958607314841775,5.958607314841775,1100.0,1100.0,IC50,BindingDB,480016,Menin,,weak_1uM_to_10uM,False,False,0.9337464414586177,high
N#Cc1ccc(OCCCN2CCC(C3(C4CCC4)NCCc4ccccc43)CC2)cc1,1,1,5.958607314841775,5.958607314841775,1100.0,1100.0,IC50,ChEMBL,CHEMBL5794038,Menin,2021,weak_1uM_to_10uM,False,False,0.9622056275676335,high
N#Cc1ccc(OCCCN2CCC(C3(C4CCCC4)CNC(=O)c4ccccc43)CC2)cc1,1,1,5.958607314841775,5.958607314841775,1100.0,1100.0,IC50,ChEMBL,CHEMBL5924283,Menin,2021,weak_1uM_to_10uM,False,False,0.9082610039082843,high
N#Cc1ccc(OCCCN2CCC(CC2)C2(NCCc3ccccc23)C2CCC2)cc1,1,1,5.958607314841775,5.958607314841775,1100.0,1100.0,IC50,BindingDB,480186,Menin,,weak_1uM_to_10uM,False,False,0.9298101049740537,high
O=C1NCC(C2CCCC2)(C2CCN(CCCOc3ccc(cc3)C#N)CC2)c2ccccc12,1,1,5.958607314841775,5.958607314841775,1100.0,1100.0,IC50,BindingDB,479976,Menin,,weak_1uM_to_10uM,False,False,0.7572253820831375,high
CC(=O)N[C@H]1CCCCCCCCNC(=O)[C@@H]2CCCN2C(=O)[C@H](CCCNC(=N)N)NC(=O)[C@H](C)NC(=O)[C@@H]2CCCN2C(=O)[C@H](Cc2ccccc2)NC1=O,2,1,5.9488243164154895,6.232102383981909,1373.0,586.0,IC50;Ki,ChEMBL,CHEMBL2315085,Menin,2013,weak_1uM_to_10uM,False,False,0.19193000539190996,low
C[C@@H]1NC(=O)[C@@H]2CCCN2C(=O)[C@H](Cc2ccccc2)NC(=O)[C@H](CCCCCCCCNC(=O)[C@@H]2CCCN2C(=O)[C@H](CCCNC(N)=N)NC1=O)NC(C)=O,2,1,5.9488243164154895,6.232102383981909,1373.0,586.0,IC50;Ki,BindingDB,50489232,Menin,,weak_1uM_to_10uM,False,False,0.17735179239496382,low
CN(C)C(=O)N[C@@H]1CCC[C@H]1C(Cn1ccnc1)(C1CCN(CC2CN(C2)c2ccc(cc2)S(=O)(=O)c2cnn(C)c2)CC1)c1ccccc1,1,1,5.947306058075032,5.947306058075032,1129.0,1129.0,IC50,BindingDB,480315,Menin,,weak_1uM_to_10uM,False,False,0.8246721523602316,high
CN(C)C(=O)N[C@@H]1CCC[C@H]1C(Cn1ccnc1)(c1ccccc1)C1CCN(CC2CN(c3ccc(S(=O)(=O)c4cnn(C)c4)cc3)C2)CC1,1,1,5.947306058075032,5.947306058075032,1129.0,1129.0,IC50,ChEMBL,CHEMBL6065244,Menin,2021,weak_1uM_to_10uM,False,False,0.8215915299450415,high
C1CCC(C1)C2(CN(CC3=CC=CC=C32)CC4=CC=NC=C4)C5CCN(CC5)CC6CN(C6)C7=CC=C(C=C7)S(=O)(=O)C8=CC=NC=C8,3,1,5.94692155651658,6.442492798094342,1130.0,361.0,IC50;Ki,PubChem,132104733.0,,,weak_1uM_to_10uM,False,False,0.9324750995925981,high
CC(C)(C)OC(=O)N1CC(S(=O)(=O)c2ccc(N3CC(CN4CCC(n5cc(-c6ccc(F)cc6)c6c(N)ncnc65)CC4)C3)cc2)C1,1,1,5.943095148663527,5.943095148663527,1140.0,1140.0,IC50,ChEMBL,CHEMBL5562800,Menin,2024,weak_1uM_to_10uM,False,False,0.6529366359879003,medium
CCc1cc2c(N3CCN(C4=NCC(C)(C)S4)CC3)ncnc2s1,2,1,5.920818753952375,5.920818753952375,1200.0,1200.0,IC50,ChEMBL,CHEMBL3613787,Menin,2015,weak_1uM_to_10uM,False,False,0.528304523402453,medium
CCc1cc2c(ncnc2s1)N1CCN(CC1)C1=NCC(C)(C)S1,2,1,5.920818753952375,5.920818753952375,1200.0,1200.0,IC50,BindingDB,152230,Menin,,weak_1uM_to_10uM,False,False,0.6955988872355919,medium
CCC(CC)CC1(C2CCN(CCCOc3ccc(C#N)cc3)CC2)NCCc2ccccc21,1,1,5.920818753952375,5.920818753952375,1200.0,1200.0,IC50,ChEMBL,CHEMBL5943306,Menin,2021,weak_1uM_to_10uM,False,False,0.8698638752139111,high
CCC(CC)CC1(NCCc2ccccc12)C1CCN(CCCOc2ccc(cc2)C#N)CC1,1,1,5.920818753952375,5.920818753952375,1200.0,1200.0,IC50,BindingDB,480191,Menin,,weak_1uM_to_10uM,False,False,0.9275821684028431,high
CCC1=CC2=C(N=CN=C2S1)N3CCN(CC3)C4=NCC(S4)(C)C,1,1,5.920818753952375,5.920818753952375,1200.0,1200.0,IC50,PubChem,51001296.0,,,weak_1uM_to_10uM,False,False,0.6793876584515497,medium
CN(C)C(=O)N[C@@H]1CCC[C@H]1C(C#N)(C1CCN(CC2CN(C2)c2ccc(cc2)S(=O)(=O)c2ccncc2)CC1)c1ccccc1,1,1,5.920818753952375,5.920818753952375,1200.0,1200.0,IC50,BindingDB,480215,Menin,,weak_1uM_to_10uM,False,False,0.8391544456058283,high
CN(C)C(=O)N[C@@H]1CCC[C@H]1C(C#N)(c1ccccc1)C1CCN(CC2CN(c3ccc(S(=O)(=O)c4ccncc4)cc3)C2)CC1,1,1,5.920818753952375,5.920818753952375,1200.0,1200.0,IC50,ChEMBL,CHEMBL5982259,Menin,2021,weak_1uM_to_10uM,False,False,0.8530826649216028,high
COC(=O)N[C@@H]1CCC[C@H]1C(C#N)(C1CCN(CC2CN(C2)c2ccc(cc2)S(=O)(=O)c2cnn(C)c2)CC1)c1ccccc1,1,1,5.920818753952375,5.920818753952375,1200.0,1200.0,IC50,BindingDB,480288,Menin,,weak_1uM_to_10uM,False,False,0.8308424055516835,high
COC(=O)N[C@@H]1CCC[C@H]1C(C#N)(c1ccccc1)C1CCN(CC2CN(c3ccc(S(=O)(=O)c4cnn(C)c4)cc3)C2)CC1,1,1,5.920818753952375,5.920818753952375,1200.0,1200.0,IC50,ChEMBL,CHEMBL5966519,Menin,2021,weak_1uM_to_10uM,False,False,0.830433708004842,high
N#Cc1ccc2[nH]c(CCN3CCC(C4(C5CCCC5)NCCc5ccccc54)CC3)cc2c1,1,1,5.920818753952375,5.920818753952375,1200.0,1200.0,IC50,ChEMBL,CHEMBL5851993,Menin,2021,weak_1uM_to_10uM,False,False,0.9004463558439461,high
N#Cc1ccc2[nH]c(CCN3CCC(CC3)C3(NCCc4ccccc34)C3CCCC3)cc2c1,1,1,5.920818753952375,5.920818753952375,1200.0,1200.0,IC50,BindingDB,480017,Menin,,weak_1uM_to_10uM,False,False,0.945905986122563,high
Nc1ncnc2c1c(-c1ccc(F)cc1)cn2C1CCN(CC2CN(c3ccc(S(=O)(=O)c4ccncc4)cc3)C2)CC1,1,1,5.913640169325252,5.913640169325252,1220.0,1220.0,IC50,ChEMBL,CHEMBL5559575,Menin,2024,weak_1uM_to_10uM,False,False,0.876845854049924,high
C[C@@H](C(=O)N[C@@H](CCCN=C(N)N)C(=O)N[C@@H](CC1=CNC2=CC=CC=C21)C(=O)N[C@H]3C/C=C\C[C@H](NC(=O)C4(CCC4)NC(=O)[C@@H]5CCCN5C(=O)[C@@H](NC3=O)CC6=CC(=CC=C6)F)C(=O)N7CCC[C@H]7C(=O)N[C@@H](CCCN)C(=O)N)NC(=O)C,1,1,5.910094888560602,5.910094888560602,1230.0,1230.0,IC50,PubChem,162674328.0,,,weak_1uM_to_10uM,False,False,0.49181019628404066,medium
C1CCC(C1)C2(C3=CC=CC=C3CCN2)C4CCN(CC4)CCCCOC5=CC=C(C=C5)C#N,3,1,5.886056647693163,6.301029995663981,1300.0,500.0,IC50;Ki,PubChem,155553832.0,,,weak_1uM_to_10uM,False,False,0.9310468249542492,high
CCc1cc2c(NC3CCN(Cc4ccccc4)CC3)ncnc2s1,2,2,5.886056647693163,5.886056647693163,1300.0,1300.0,IC50,BindingDB;ChEMBL,152245;CHEMBL3696191,Menin,2015,weak_1uM_to_10uM,False,False,0.8430916702428355,high
C(COc1ccccc1)CN1CCC(CC1)C1(NCCc2ccccc12)C1CCCC1,1,1,5.886056647693163,5.886056647693163,1300.0,1300.0,IC50,BindingDB,480026,Menin,,weak_1uM_to_10uM,False,False,0.7859149088518761,high
CCC1=CC2=C(N=CN=C2S1)N3CCN(CC3)C4=NN=C(S4)C(F)(F)F,1,1,5.886056647693163,5.886056647693163,1300.0,1300.0,IC50,PubChem,51001298.0,,,weak_1uM_to_10uM,False,False,0.7054744653348197,high
C[C@@H](C(=O)NCC(=O)N1CCC[C@H]1C(=O)N[C@@H](CCCN=C(N)N)C(=O)N)NC(=O)[C@@H]2CCCN2C(=O)[C@H](CC3=CC=CC=C3)NC(=O)[C@H](C)NC(=O)[C@H](CC4=CNC5=CC=CC=C54)NC(=O)[C@H](CCCN=C(N)N)NC(=O)[C@H](C)NC(=O)[C@H](CO)NC(=O)C,1,1,5.886056647693163,5.886056647693163,1300.0,1300.0,IC50,PubChem,162663465.0,,,weak_1uM_to_10uM,False,False,0.10865053135169753,low
N#Cc1ccc(OCCCN2CCC(C(C#N)(c3ccccc3)C3CCCC3)CC2)cc1,1,1,5.886056647693163,5.886056647693163,1300.0,1300.0,IC50,ChEMBL,CHEMBL5753526,Menin,2021,weak_1uM_to_10uM,False,False,0.9276309441486668,high
N#Cc1ccc(OCCCN2CCC(CC2)C(C#N)(C2CCCC2)c2ccccc2)cc1,1,1,5.886056647693163,5.886056647693163,1300.0,1300.0,IC50,BindingDB,479975,Menin,,weak_1uM_to_10uM,False,False,0.9118283780345889,high
c1ccc(OCCCN2CCC(C3(C4CCCC4)NCCc4ccccc43)CC2)cc1,1,1,5.886056647693163,5.886056647693163,1300.0,1300.0,IC50,ChEMBL,CHEMBL6065253,Menin,2021,weak_1uM_to_10uM,False,False,0.9455073894880289,high
N=C(N)NCCC[C@@H]1NC(=O)C2(CCC2)NC(=O)[C@@H]2CCCN2C(=O)[C@H](Cc2cccc(C(F)(F)F)c2)NC(=O)[C@@H](N)CCCCCCCCNC(=O)[C@@H]2CCCN2C1=O,2,1,5.869130726323731,6.139661993429007,1622.5,725.0,IC50;Ki,ChEMBL,CHEMBL2314576,Menin,2013,weak_1uM_to_10uM,False,False,0.4960694143580631,medium
N[C@H]1CCCCCCCCNC(=O)[C@@H]2CCCN2C(=O)[C@H](CCCNC(N)=N)NC(=O)C2(CCC2)NC(=O)[C@@H]2CCCN2C(=O)[C@H](Cc2cccc(c2)C(F)(F)F)NC1=O,2,1,5.869130726323731,6.139661993429007,1622.5,725.0,IC50;Ki,BindingDB,50489241,Menin,,weak_1uM_to_10uM,False,False,0.512958099354487,medium
C[C@H]1C(=O)N[C@@H](C/C=C\C[C@@H](C(=O)N[C@H](C(=O)N2CCC[C@H]2C(=O)N1)CC3=CC=CC=C3)NC(=O)[C@H](CC4=CNC5=CC=CC=C54)NC(=O)[C@H](CCCN=C(N)N)NC(=O)[C@H](C)NC(=O)[C@H](CO)NC(=O)C)C(=O)N6CCC[C@H]6C(=O)N[C@@H](CCCCN)C(=O)N,1,1,5.856985199745905,5.856985199745905,1390.0,1390.0,IC50,PubChem,162675631.0,,,weak_1uM_to_10uM,False,False,0.163277362562168,low
C1CN(CCC1[C@](C2=CC(=CC=C2)F)(C3=CC=CC=N3)O)CCCOC4=CC=C(C=C4)C#N,1,1,5.853871964321762,5.853871964321762,1400.0,1400.0,IC50,PubChem,71777745.0,,,weak_1uM_to_10uM,False,False,0.5166930238283295,medium
C1CN(CCN1C2=C3C=C(SC3=NC=N2)CC(F)(F)F)C4=NN=C(O4)C(F)(F)F,1,1,5.853871964321762,5.853871964321762,1400.0,1400.0,IC50,PubChem,86297871.0,,,weak_1uM_to_10uM,False,False,0.8147216880143046,high
CN1COCN([C@@H]2CCC[C@H]2C(C#N)(C2CCN(CC3CN(C3)c3ccc(cc3)S(=O)(=O)c3ccncc3)CC2)c2ccccc2)C1=O,1,1,5.853871964321762,5.853871964321762,1400.0,1400.0,IC50,BindingDB,480219,Menin,,weak_1uM_to_10uM,False,False,0.7446646404082519,high
CN1COCN([C@@H]2CCC[C@H]2C(C#N)(c2ccccc2)C2CCN(CC3CN(c4ccc(S(=O)(=O)c5ccncc5)cc4)C3)CC2)C1=O,1,1,5.853871964321762,5.853871964321762,1400.0,1400.0,IC50,ChEMBL,CHEMBL5787094,Menin,2021,weak_1uM_to_10uM,False,False,0.6981573622625066,medium
CNC(=O)O[C@@H]1CCC[C@H]1C(CN1CCCC1)(C1CCN(CC2CN(C2)c2ccc(cc2)S(=O)(=O)c2ccccc2)CC1)c1ccccc1,1,1,5.853871964321762,5.853871964321762,1400.0,1400.0,IC50,BindingDB,480298,Menin,,weak_1uM_to_10uM,False,False,0.8403099151236426,high
CNC(=O)O[C@@H]1CCC[C@H]1C(CN1CCCC1)(c1ccccc1)C1CCN(CC2CN(c3ccc(S(=O)(=O)c4ccccc4)cc3)C2)CC1,1,1,5.853871964321762,5.853871964321762,1400.0,1400.0,IC50,ChEMBL,CHEMBL5841585,Menin,2021,weak_1uM_to_10uM,False,False,0.8680555854605541,high
N#Cc1ccc(OCCCN2CCC([C@](O)(c3cccc(F)c3)c3ccccn3)CC2)cc1,1,1,5.853871964321762,5.853871964321762,1400.0,1400.0,IC50,ChEMBL,CHEMBL3126195,Menin,2014,weak_1uM_to_10uM,False,False,0.79163286933888,high
O[C@@](C1CCN(CCCOc2ccc(cc2)C#N)CC1)(c1cccc(F)c1)c1ccccn1,1,1,5.853871964321762,5.853871964321762,1400.0,1400.0,IC50,BindingDB,50496332,Menin,,weak_1uM_to_10uM,False,False,0.7905489247268946,high
N#Cc1ccc(N2CC(CN3CCC(n4ccc5c(N)ncnc54)CC3)C2)cc1,1,1,5.832682665251824,5.832682665251824,1470.0,1470.0,IC50,ChEMBL,CHEMBL5558500,Menin,2024,weak_1uM_to_10uM,False,False,0.4815857491059981,medium
CC(=O)O[C@H]1CCC[C@@H]1C(C#N)(C1CCN(CC2CN(C2)c2ccc(cc2)C#N)CC1)c1cccc(c1)C(F)(F)F,1,1,5.79317412396815,5.79317412396815,1610.0,1610.0,IC50,BindingDB,480352,Menin,,weak_1uM_to_10uM,False,False,0.88089635811424,high
CC(=O)O[C@H]1CCC[C@@H]1C(C#N)(c1cccc(C(F)(F)F)c1)C1CCN(CC2CN(c3ccc(C#N)cc3)C2)CC1,1,1,5.79317412396815,5.79317412396815,1610.0,1610.0,IC50,ChEMBL,CHEMBL5808983,Menin,2021,weak_1uM_to_10uM,False,False,0.8738126886396719,high
C1CN(CCN1C2=C3C=C(SC3=NC=N2)CC(F)(F)F)C4=NN=C(S4)CF,1,1,5.781727146428553,5.781727146428553,1653.0,1653.0,IC50,PubChem,86297674.0,,,weak_1uM_to_10uM,False,False,0.9193335313299777,high
FCc1nnc(N2CCN(c3ncnc4sc(CC(F)(F)F)cc34)CC2)s1,1,1,5.781727146428553,5.781727146428553,1653.0,1653.0,IC50,ChEMBL,CHEMBL3613785,Menin,2015,weak_1uM_to_10uM,False,False,0.685285773735285,medium
FCc1nnc(s1)N1CCN(CC1)c1ncnc2sc(CC(F)(F)F)cc12,1,1,5.781727146428553,5.781727146428553,1653.0,1653.0,IC50,BindingDB,50117747,Menin,,weak_1uM_to_10uM,False,False,0.8601951094098074,high
CC(=O)O[C@@H]1CCC[C@H]1C(C#N)(C1CCN(CC2CN(C2)c2ccc(cc2)S(=O)(=O)c2ccncc2)CC1)c1ccccc1,2,1,5.77642098432889,6.0,1900.0,1000.0,IC50,BindingDB,480126,Menin,,weak_1uM_to_10uM,False,False,0.7499376168913543,high
CC(=O)O[C@@H]1CCC[C@H]1C(C#N)(c1ccccc1)C1CCN(CC2CN(c3ccc(S(=O)(=O)c4ccncc4)cc3)C2)CC1,2,1,5.77642098432889,6.0,1900.0,1000.0,IC50,ChEMBL,CHEMBL5763872,Menin,2021,weak_1uM_to_10uM,False,False,0.7685226640096916,high
N=C(N)NCCC[C@@H]1NC(=O)C2(CCC2)NC(=O)[C@@H]2CCCN2C(=O)[C@H](CC2CCCCC2)NC(=O)[C@@H](N)CCCCCCCCNC(=O)[C@@H]2CCCN2C1=O,2,1,5.7710242503344835,6.064492734175287,2096.0,862.0,IC50;Ki,ChEMBL,CHEMBL2314571,Menin,2013,weak_1uM_to_10uM,False,False,0.370103716275997,medium
N[C@H]1CCCCCCCCNC(=O)[C@@H]2CCCN2C(=O)[C@H](CCCNC(N)=N)NC(=O)C2(CCC2)NC(=O)[C@@H]2CCCN2C(=O)[C@H](CC2CCCCC2)NC1=O,2,1,5.7710242503344835,6.064492734175287,2096.0,862.0,IC50;Ki,BindingDB,50489243,Menin,,weak_1uM_to_10uM,False,False,0.3846278747774115,medium
N#Cc1ccc(N2CC(CN3CCC(C(C#N)(c4ccccc4)C4CCCC4)CC3)C2)cc1,2,1,5.770303756120384,6.017728766960431,1980.0,960.0,IC50;Ki,ChEMBL,CHEMBL4533602,Menin,2019,weak_1uM_to_10uM,False,False,0.8670554338240887,high
N#Cc1ccc(cc1)N1CC(CN2CCC(CC2)C(C#N)(C2CCCC2)c2ccccc2)C1,2,1,5.770303756120384,6.017728766960431,1980.0,960.0,IC50;Ki,BindingDB,50516550,Menin,,weak_1uM_to_10uM,False,False,0.9201225354762795,high
C1CCC(CC1)C(C2CCN(CC2)CCCOC3=CC=C(C=C3)C#N)(C4=CC=CC=C4)O,1,1,5.769551078621726,5.769551078621726,1700.0,1700.0,IC50,PubChem,46926634.0,,,weak_1uM_to_10uM,False,False,0.8573029273225431,high
CC(=O)O[C@@H]1CCC[C@H]1C(C#N)(C1CCN(CC2CN(C2)c2ccc(cc2)S(=O)(=O)C2CC2)CC1)c1ccccc1,1,1,5.769551078621726,5.769551078621726,1700.0,1700.0,IC50,BindingDB,480128,Menin,,weak_1uM_to_10uM,False,False,0.7590794454858216,high
CC(=O)O[C@@H]1CCC[C@H]1C(C#N)(c1ccccc1)C1CCN(CC2CN(c3ccc(S(=O)(=O)C4CC4)cc3)C2)CC1,1,1,5.769551078621726,5.769551078621726,1700.0,1700.0,IC50,ChEMBL,CHEMBL5919834,Menin,2021,weak_1uM_to_10uM,False,False,0.7689417218317539,high
C[C@H]([C@@H](C(=O)N)NC(=O)[C@H](CCCN=C(N)N)NC(=O)[C@@H]1CCCN1C(=O)[C@H](C)NC(=O)[C@H](C)NC(=O)[C@@H]2CCCN2C(=O)[C@H](CC3=CC=CC=C3)NC(=O)[C@H](C)NC(=O)[C@H](CC4=CNC5=CC=CC=C54)NC(=O)[C@H](CCCN=C(N)N)NC(=O)[C@H](C)NC(=O)[C@H](CO)NC(=O)C)O,1,1,5.769551078621726,5.769551078621726,1700.0,1700.0,IC50,PubChem,162670434.0,,,weak_1uM_to_10uM,False,False,0.07700270823794836,low
N#Cc1ccc(OCCCN2CCC(C(O)(c3ccccc3)C3CCCCC3)CC2)cc1,1,1,5.769551078621726,5.769551078621726,1700.0,1700.0,IC50,ChEMBL,CHEMBL3126186,Menin,2014,weak_1uM_to_10uM,False,False,0.8594438488821984,high
OC(C1CCCCC1)(C1CCN(CCCOc2ccc(cc2)C#N)CC1)c1ccccc1,1,1,5.769551078621726,5.769551078621726,1700.0,1700.0,IC50,BindingDB,50496336,Menin,,weak_1uM_to_10uM,False,False,0.8470777613732087,high
CN1Cc2cccc(Cl)c2C(C1)(C1CCCC1)C1CCN(CCCOc2ccc(cc2)C#N)CC1,1,1,5.7447274948966935,5.7447274948966935,1800.0,1800.0,IC50,BindingDB,479988,Menin,,weak_1uM_to_10uM,False,False,0.9268901309577776,high
CN1Cc2cccc(Cl)c2C(C2CCCC2)(C2CCN(CCCOc3ccc(C#N)cc3)CC2)C1,1,1,5.7447274948966935,5.7447274948966935,1800.0,1800.0,IC50,ChEMBL,CHEMBL5907913,Menin,2021,weak_1uM_to_10uM,False,False,0.8937583693446743,high
CO[C@H]1CCC[C@@H]1C1(C2CCN(CCCOc3ccc(C#N)cc3)CC2)CN(C)Cc2ccccc21,1,1,5.7447274948966935,5.7447274948966935,1800.0,1800.0,IC50,ChEMBL,CHEMBL5892911,Menin,2021,weak_1uM_to_10uM,False,False,0.787273629783538,high
CO[C@H]1CCC[C@@H]1C1(CN(C)Cc2ccccc12)C1CCN(CCCOc2ccc(cc2)C#N)CC1,1,1,5.7447274948966935,5.7447274948966935,1800.0,1800.0,IC50,BindingDB,480264,Menin,,weak_1uM_to_10uM,False,False,0.9008620406784946,high
C[C@H]1C(=O)N[C@@H](C/C=C\C[C@@H](C(=O)N[C@H](C(=O)N2CCC[C@H]2C(=O)N1)CC3=CC=CC=C3)NC(=O)[C@H](CC4=CNC5=CC=CC=C54)NC(=O)[C@H](CCCN=C(N)N)NC(=O)[C@H](C)NC(=O)[C@H](CO)NC(=O)C)C(=O)N6CCC[C@H]6C(=O)N[C@@H](CCCN=C(N)N)C(=O)N[C@@H]([C@@H](C)O)C(=O)N,1,1,5.7447274948966935,5.7447274948966935,1800.0,1800.0,IC50,PubChem,162671129.0,,,weak_1uM_to_10uM,False,False,0.12008958446615112,low
CC1(C)CN=C(N2CCN(c3ncnc4sc5c(c34)CCCC5)CC2)S1,4,1,5.721246399047171,5.920818753952375,1900.0,1200.0,IC50,ChEMBL,CHEMBL1401388,Menin,2015;2018,weak_1uM_to_10uM,False,False,0.5395476281747656,medium
CC1(C)CN=C(S1)N1CCN(CC1)c1ncnc2sc3CCCCc3c12,4,1,5.721246399047171,5.920818753952375,1900.0,1200.0,IC50,BindingDB,152211,Menin,,weak_1uM_to_10uM,False,False,0.8202885232005213,high
CCC(CC)C1(C2CCN(CCCOc3ccc(C#N)cc3)CC2)NCCc2ccccc21,1,1,5.721246399047171,5.721246399047171,1900.0,1900.0,IC50,ChEMBL,CHEMBL5742328,Menin,2021,weak_1uM_to_10uM,False,False,0.8296878688750975,high
CCC(CC)C1(NCCc2ccccc12)C1CCN(CCCOc2ccc(cc2)C#N)CC1,1,1,5.721246399047171,5.721246399047171,1900.0,1900.0,IC50,BindingDB,480188,Menin,,weak_1uM_to_10uM,False,False,0.9075637765239772,high
CS(=O)(=O)c1ccc(OCCCN2CCC(C3(C4CCCCC4)NCCc4ccccc43)CC2)cc1,1,1,5.721246399047171,5.721246399047171,1900.0,1900.0,IC50,ChEMBL,CHEMBL5920967,Menin,2021,weak_1uM_to_10uM,False,False,0.9038920130156892,high
CS(=O)(=O)c1ccc(OCCCN2CCC(CC2)C2(NCCc3ccccc23)C2CCCCC2)cc1,1,1,5.721246399047171,5.721246399047171,1900.0,1900.0,IC50,BindingDB,480234,Menin,,weak_1uM_to_10uM,False,False,0.8401346056424824,high
N#Cc1cc2ccc(C(=O)N[C@H]3CC[C@H](C4(C5CCCC5)NCCc5ccccc54)CC3)cc2[nH]1,1,1,5.721246399047171,5.721246399047171,1900.0,1900.0,IC50,ChEMBL,CHEMBL5851648,Menin,2021,weak_1uM_to_10uM,False,False,0.7218466511988509,high
O=C(N[C@H]1CC[C@@H](CC1)C1(NCCc2ccccc12)C1CCCC1)c1ccc2cc([nH]c2c1)C#N,1,1,5.721246399047171,5.721246399047171,1900.0,1900.0,IC50,BindingDB,480030,Menin,,weak_1uM_to_10uM,False,False,0.8168867914558019,high
CC(=O)O[C@@H]1CCC[C@H]1[C@@](C#N)(C1CCN(CC2CN(C2)c2ccc(cc2)C#N)CC1)c1ccccc1,2,1,5.7072696352457495,5.958607314841775,2300.0,1100.0,IC50;Ki,BindingDB,50516551,Menin,,weak_1uM_to_10uM,False,False,0.7697654075210724,high
CC(=O)O[C@@H]1CCC[C@H]1[C@](C#N)(c1ccccc1)C1CCN(CC2CN(c3ccc(C#N)cc3)C2)CC1,2,1,5.7072696352457495,5.958607314841775,2300.0,1100.0,IC50;Ki,ChEMBL,CHEMBL4462347,Menin,2019,weak_1uM_to_10uM,False,False,0.7911931851160084,high
CC(C)CNC1=NC=C2C(=C1)C(=NC=N2)NC3CCN(CC3)CC4CN(C4)C5=CC=C(C=C5)C#N,1,1,5.7055337738384075,5.7055337738384075,1970.0,1970.0,IC50,PubChem,168270218.0,,,weak_1uM_to_10uM,False,False,0.9017173246862135,high
C1CN(CCC1NC2=NC=NC3=C2N=C(C=C3)Cl)CC4CN(C4)C5=CC=C(C=C5)S(=O)(=O)C6=CC=NC=C6,3,1,5.698970004336019,7.522878745280337,2000.0,30.0,IC50,PubChem,168280574.0,,,weak_1uM_to_10uM,False,False,0.7693637706534412,high
C1CC1C2=CC3=C(N=CN=C3S2)N4CCN(CC4)C5=NN=C(S5)C(F)(F)F,1,1,5.698970004336019,5.698970004336019,2000.0,2000.0,IC50,PubChem,86297875.0,,,weak_1uM_to_10uM,False,False,0.6452423482078712,medium
N#CC(c1ccccc1)(C1CCCC1)C1CCN(CC2CN(c3ccc(S(=O)(=O)c4ccncc4)cc3)C2)CC1,1,1,5.698970004336019,5.698970004336019,2000.0,2000.0,IC50,ChEMBL,CHEMBL5869356,Menin,2021,weak_1uM_to_10uM,False,False,0.8425616523130862,high
N#CC(c1ccccc1)(C1CCN(CC2CN(c3ccc(S(=O)(=O)c4ccncc4)cc3)C2)CC1)[C@@H]1CCC[C@H]1OC(=O)N1CCC1,1,1,5.698970004336019,5.698970004336019,2000.0,2000.0,IC50,ChEMBL,CHEMBL5890943,Menin,2021,weak_1uM_to_10uM,False,False,0.785950094138912,high
O=C(O[C@@H]1CCC[C@H]1C(C#N)(C1CCN(CC2CN(C2)c2ccc(cc2)S(=O)(=O)c2ccncc2)CC1)c1ccccc1)N1CCC1,1,1,5.698970004336019,5.698970004336019,2000.0,2000.0,IC50,BindingDB,480161,Menin,,weak_1uM_to_10uM,False,False,0.7707285620947961,high
O=S(=O)(c1ccncc1)c1ccc(cc1)N1CC(CN2CCC(CC2)C(C#N)(C2CCCC2)c2ccccc2)C1,1,1,5.698970004336019,5.698970004336019,2000.0,2000.0,IC50,BindingDB,480130,Menin,,weak_1uM_to_10uM,False,False,0.9112484340505405,high
CN(C)CCNC1=NC2=C(C=C1)N=CN=C2NC3CCN(CC3)CC4CN(C4)C5=CC=C(C=C5)C#N,2,1,5.6848877946237835,6.013228265733755,2685.0,970.0,IC50,PubChem,168273983.0,,,weak_1uM_to_10uM,False,False,0.7803588801882617,high
CNC(=O)C[C@H]1CCC[C@@H]1C(C#N)(C1CCN(CC2CN(C2)c2ccc(cc2)S(=O)(=O)c2ccncc2)CC1)c1ccccc1,2,1,5.6807553715226815,5.823908740944319,2200.0,1500.0,IC50,BindingDB,480279,Menin,,weak_1uM_to_10uM,False,False,0.823141960682156,high
CNC(=O)C[C@H]1CCC[C@@H]1C(C#N)(c1ccccc1)C1CCN(CC2CN(c3ccc(S(=O)(=O)c4ccncc4)cc3)C2)CC1,2,1,5.6807553715226815,5.823908740944319,2200.0,1500.0,IC50,ChEMBL,CHEMBL6022712,Menin,2021,weak_1uM_to_10uM,False,False,0.8369203379319435,high
CC(=O)N1CCCCC1C1(C2CCN(CCCOc3ccc(C#N)cc3)CC2)CN(C)Cc2ccccc21,1,1,5.6777807052660805,5.6777807052660805,2100.0,2100.0,IC50,ChEMBL,CHEMBL5923233,Menin,2021,weak_1uM_to_10uM,False,False,0.6538740815265588,medium
CC(C)CC1(C2CCN(CCCOc3ccc(C#N)cc3)CC2)NCCc2ccccc21,1,1,5.6777807052660805,5.6777807052660805,2100.0,2100.0,IC50,ChEMBL,CHEMBL5780898,Menin,2021,weak_1uM_to_10uM,False,False,0.8280654296067896,high
CC(C)CC1(NCCc2ccccc12)C1CCN(CCCOc2ccc(cc2)C#N)CC1,1,1,5.6777807052660805,5.6777807052660805,2100.0,2100.0,IC50,BindingDB,480181,Menin,,weak_1uM_to_10uM,False,False,0.9079703545485254,high
CN1Cc2ccccc2C(C1)(C1CCN(CCCOc2ccc(cc2)C#N)CC1)C1CCCCN1C(C)=O,1,1,5.6777807052660805,5.6777807052660805,2100.0,2100.0,IC50,BindingDB,480236,Menin,,weak_1uM_to_10uM,False,False,0.8968271376257594,high
CNC(=O)O[C@@H]1CCC[C@H]1C(C#N)(C1CCN(CC2(C)CN(C2)c2ccc(cc2)S(=O)(=O)c2cnn(C)c2)CC1)c1ccccc1,1,1,5.6777807052660805,5.6777807052660805,2100.0,2100.0,IC50,BindingDB,480309,Menin,,weak_1uM_to_10uM,False,False,0.775260628077217,high
CNC(=O)O[C@@H]1CCC[C@H]1C(C#N)(c1ccccc1)C1CCN(CC2(C)CN(c3ccc(S(=O)(=O)c4cnn(C)c4)cc3)C2)CC1,1,1,5.6777807052660805,5.6777807052660805,2100.0,2100.0,IC50,ChEMBL,CHEMBL5746088,Menin,2021,weak_1uM_to_10uM,False,False,0.7696150387812329,high
C1CC(CCC1N[C@@H]2C[C@H]2C3=CC(=C(C=C3)F)F)NC4=C5C=C(SC5=NC=N4)CC(F)(F)F,1,1,5.671620396561263,5.671620396561263,2130.0,2130.0,IC50,PubChem,155547117.0,,,weak_1uM_to_10uM,False,False,0.9472472094763765,high
C=CC(=O)Nc1ccc(S(=O)(=O)c2ccc(N3CC(CN4CCC([C@](C#N)(c5cccc(F)c5)[C@H]5CCC[C@@H]5OC(=O)NC)CC4)C3)cc2)cc1,1,1,5.657577319177793,5.657577319177793,2200.0,2200.0,IC50,ChEMBL,CHEMBL5826660,Menin,2021,weak_1uM_to_10uM,False,False,0.611859774298735,medium
CNC(=O)O[C@H]1CCC[C@@H]1[C@](C#N)(C1CCN(CC2CN(C2)c2ccc(cc2)S(=O)(=O)c2ccc(NC(=O)C=C)cc2)CC1)c1cccc(F)c1,1,1,5.657577319177793,5.657577319177793,2200.0,2200.0,IC50,BindingDB,506343,Menin,,weak_1uM_to_10uM,False,False,0.7797054632528703,high
N#Cc1ccc(NCCCN2CCC(C3(C4CCCC4)NCCc4ccccc43)CC2)cn1,1,1,5.638272163982407,5.638272163982407,2300.0,2300.0,IC50,ChEMBL,CHEMBL5995764,Menin,2021,weak_1uM_to_10uM,False,False,0.9381733201479431,high
N#Cc1ccc(NCCCN2CCC(CC2)C2(NCCc3ccccc23)C2CCCC2)cn1,1,1,5.638272163982407,5.638272163982407,2300.0,2300.0,IC50,BindingDB,480011,Menin,,weak_1uM_to_10uM,False,False,0.8880839985722571,high
N#Cc1ccc(OCCCN2CCC(C3(C4CCc5ccccc54)NCCc4ccccc43)CC2)cc1,1,1,5.638272163982407,5.638272163982407,2300.0,2300.0,IC50,ChEMBL,CHEMBL5943730,Menin,2021,weak_1uM_to_10uM,False,False,0.9551447590073175,high
N#Cc1ccc(OCCCN2CCC(CC2)C2(NCCc3ccccc23)C2CCc3ccccc23)cc1,1,1,5.638272163982407,5.638272163982407,2300.0,2300.0,IC50,BindingDB,480183,Menin,,weak_1uM_to_10uM,False,False,0.9512203264045749,high
CC(C)c1cc2c(N3CCN(c4nnc(C(F)(F)F)s4)CC3)ncnc2s1,1,1,5.619788758288394,5.619788758288394,2400.0,2400.0,IC50,ChEMBL,CHEMBL3696181,Menin,2015,weak_1uM_to_10uM,False,False,0.49908150036464294,medium
CC(C)c1cc2c(ncnc2s1)N1CCN(CC1)c1nnc(s1)C(F)(F)F,1,1,5.619788758288394,5.619788758288394,2400.0,2400.0,IC50,BindingDB,152233,Menin,,weak_1uM_to_10uM,False,False,0.733606397401341,high
COC(=O)N[C@H]1CCC[C@@H]1C(C#N)(C1CCN(CC2CN(C2)c2ccccc2)CC1)c1ccccc1,1,1,5.619788758288394,5.619788758288394,2400.0,2400.0,IC50,BindingDB,480337,Menin,,weak_1uM_to_10uM,False,False,0.8781283205594677,high
COC(=O)N[C@H]1CCC[C@@H]1C(C#N)(c1ccccc1)C1CCN(CC2CN(c3ccccc3)C2)CC1,1,1,5.619788758288394,5.619788758288394,2400.0,2400.0,IC50,ChEMBL,CHEMBL5969404,Menin,2021,weak_1uM_to_10uM,False,False,0.8959595436882815,high
FC(F)(F)Cc1cc2c(N3CC4(CN(C4)C(=O)[C@@H]4N[C@H]5C[C@@H]4C[C@@H]5OCc4ccccc4)C3)c(cnc2s1)C(F)(F)F,1,1,5.619788758288394,5.619788758288394,2400.0,2400.0,IC50,BindingDB,554131,Histone-lysine N-methyltransferase 2A/Menin,,weak_1uM_to_10uM,False,False,0.8738904912147198,high
O=S(=O)(C1CC1)c1ccc(OC2C[C@@H](C2)N2CCC(CC2)C2(NCCc3ccccc23)C2CCCC2)cc1,1,1,5.619788758288394,5.619788758288394,2400.0,2400.0,IC50,BindingDB,480039,Menin,,weak_1uM_to_10uM,False,False,0.9197041244900022,high
O=S(=O)(c1ccc(OC2CC(N3CCC(C4(C5CCCC5)NCCc5ccccc54)CC3)C2)cc1)C1CC1,1,1,5.619788758288394,5.619788758288394,2400.0,2400.0,IC50,ChEMBL,CHEMBL5756541,Menin,2021,weak_1uM_to_10uM,False,False,0.8956414452910464,high
CCc1cccc(C[C@@H]2NC(=O)[C@@H](N)CCCCCCCCNC(=O)[C@@H]3CCCN3C(=O)[C@H](CCCNC(=N)N)NC(=O)C3(CCC3)NC(=O)[C@@H]3CCCN3C2=O)c1,2,1,5.606223716821633,5.876148359032914,2970.0,1330.0,IC50;Ki,ChEMBL,CHEMBL2314813,Menin,2013,weak_1uM_to_10uM,False,False,0.2763959097305282,low
CCc1cccc(C[C@@H]2NC(=O)[C@@H](N)CCCCCCCCNC(=O)[C@@H]3CCCN3C(=O)[C@H](CCCNC(N)=N)NC(=O)C3(CCC3)NC(=O)[C@@H]3CCCN3C2=O)c1,2,1,5.606223716821633,5.876148359032914,2970.0,1330.0,IC50;Ki,BindingDB,50489240,Menin,,weak_1uM_to_10uM,False,False,0.2566072943938671,low
CC(=O)N[C@@H]1CCC[C@H]1C(C#N)(C1CCN(CC2CN(C2)c2ccc(cc2)C#N)CC1)c1ccccc1,1,1,5.6020599913279625,5.6020599913279625,2500.0,2500.0,IC50,BindingDB,480321,Menin,,weak_1uM_to_10uM,False,False,0.8844146183821975,high
CC(=O)N[C@@H]1CCC[C@H]1C(C#N)(c1ccccc1)C1CCN(CC2CN(c3ccc(C#N)cc3)C2)CC1,1,1,5.6020599913279625,5.6020599913279625,2500.0,2500.0,IC50,ChEMBL,CHEMBL5891588,Menin,2021,weak_1uM_to_10uM,False,False,0.8771493765558842,high
N#Cc1ccc(OCCCCN2CCC(C3(C4CCCC4)NCCc4ccccc43)CC2)cc1,2,1,5.593543321678572,5.886056647693163,3150.0,1300.0,IC50;Ki,ChEMBL,CHEMBL4576593,Menin,2019,weak_1uM_to_10uM,False,False,0.9578775400099295,high
N#Cc1ccc(OCCCCN2CCC(CC2)C2(NCCc3ccccc23)C2CCCC2)cc1,2,1,5.593543321678572,5.886056647693163,3150.0,1300.0,IC50;Ki,BindingDB,50516556,Menin,,weak_1uM_to_10uM,False,False,0.9267741085653144,high
C1CN(CCC1NC2=NC=NC3=C2N=C(C=C3)NCCN)CC4CN(C4)C5=CC=C(C=C5)C#N,2,1,5.588132505800634,6.167491087293763,5240.0,680.0,IC50,PubChem,168271650.0,,,weak_1uM_to_10uM,False,False,0.741265430667455,high
CC(=O)O[C@@H]1CCC[C@H]1C(C#N)(C1CCN(CC2CN(C2)c2ccc(cc2)S(C)(=O)=O)CC1)c1ccccc1,1,1,5.585026652029182,5.585026652029182,2600.0,2600.0,IC50,BindingDB,480124,Menin,,weak_1uM_to_10uM,False,False,0.7234263091120857,high
CC(=O)O[C@@H]1CCC[C@H]1C(C#N)(c1ccccc1)C1CCN(CC2CN(c3ccc(S(C)(=O)=O)cc3)C2)CC1,1,1,5.585026652029182,5.585026652029182,2600.0,2600.0,IC50,ChEMBL,CHEMBL5932458,Menin,2021,weak_1uM_to_10uM,False,False,0.7438270335909363,high
COC(=O)N[C@@H]1CCC[C@H]1C(C#N)(C1CCN(CC2CN(C2)c2ccc(cc2)S(=O)(=O)c2ccc(cc2)C(O)=O)CC1)c1ccccc1,1,1,5.568636235841012,5.568636235841012,2700.0,2700.0,IC50,BindingDB,480290,Menin,,weak_1uM_to_10uM,False,False,0.770170464374402,high
COC(=O)N[C@@H]1CCC[C@H]1C(C#N)(c1ccccc1)C1CCN(CC2CN(c3ccc(S(=O)(=O)c4ccc(C(=O)O)cc4)cc3)C2)CC1,1,1,5.568636235841012,5.568636235841012,2700.0,2700.0,IC50,ChEMBL,CHEMBL5779827,Menin,2021,weak_1uM_to_10uM,False,False,0.5992526269642601,medium
CO[C@@H]1CCC[C@H]1C1(C2CCN(CCCOc3ccc(C#N)cc3)CC2)CN(C)Cc2ccccc21,1,1,5.568636235841012,5.568636235841012,2700.0,2700.0,IC50,ChEMBL,CHEMBL5819596,Menin,2021,weak_1uM_to_10uM,False,False,0.787273629783538,high
CO[C@@H]1CCC[C@H]1C1(CN(C)Cc2ccccc12)C1CCN(CCCOc2ccc(cc2)C#N)CC1,1,1,5.568636235841012,5.568636235841012,2700.0,2700.0,IC50,BindingDB,480265,Menin,,weak_1uM_to_10uM,False,False,0.9008620406784946,high
CS(=O)(=O)c1ccc(N2CC(CN3CCC(C4(C5CCCC5)C(=O)N(Cc5ccccc5)Cc5ccccc54)CC3)C2)cc1,1,1,5.568636235841012,5.568636235841012,2700.0,2700.0,IC50,ChEMBL,CHEMBL5820302,Menin,2021,weak_1uM_to_10uM,False,False,0.7232921514343035,high
CS(=O)(=O)c1ccc(cc1)N1CC(CN2CCC(CC2)C2(C3CCCC3)C(=O)N(Cc3ccccc3)Cc3ccccc23)C1,1,1,5.568636235841012,5.568636235841012,2700.0,2700.0,IC50,BindingDB,479980,Menin,,weak_1uM_to_10uM,False,False,0.8755502965573522,high
C=CCC1(C2CCN(CCCOc3ccc(C#N)cc3)CC2)NCCc2ccccc21,1,1,5.552841968657781,5.552841968657781,2800.0,2800.0,IC50,ChEMBL,CHEMBL5934264,Menin,2021,weak_1uM_to_10uM,False,False,0.7610927272069585,high
C=CCC1(NCCc2ccccc12)C1CCN(CCCOc2ccc(cc2)C#N)CC1,1,1,5.552841968657781,5.552841968657781,2800.0,2800.0,IC50,BindingDB,480232,Menin,,weak_1uM_to_10uM,False,False,0.870540558153818,high
CCCCC(=O)c1cc2cc(CCN3CCC(C4(C5CCCC5)NCCc5ccccc54)CC3)ccc2n1C,1,1,5.552841968657781,5.552841968657781,2800.0,2800.0,IC50,ChEMBL,CHEMBL5961379,Menin,2021,weak_1uM_to_10uM,False,False,0.7689662254952919,high
CCCCC(=O)c1cc2cc(CCN3CCC(CC3)C3(NCCc4ccccc34)C3CCCC3)ccc2n1C,1,1,5.552841968657781,5.552841968657781,2800.0,2800.0,IC50,BindingDB,480015,Menin,,weak_1uM_to_10uM,False,False,0.8548977868228953,high
C1=CC=C(C(=C1)CNC2=C(C=CC=N2)C3=NC=CC=N3)O,1,1,5.537602002101044,5.537602002101044,2900.0,2900.0,Kd,PubChem,122189306.0,,,weak_1uM_to_10uM,False,False,0.2632122725046073,low
C1CCC(C1)C(C#N)(C2CCN(CC2)CC3CN(C3)C4=CC=C(C=C4)C#N)C5=CC=CC=C5,3,1,5.522878745280337,6.017728766960431,3000.0,960.0,IC50;Ki,PubChem,132104133.0,,,weak_1uM_to_10uM,False,False,0.7968674696535536,high
C=C(C)CC1(C2CCN(CCCOc3ccc(C#N)cc3)CC2)NCCc2ccccc21,1,1,5.522878745280337,5.522878745280337,3000.0,3000.0,IC50,ChEMBL,CHEMBL5985714,Menin,2021,weak_1uM_to_10uM,False,False,0.79532280521299,high
CC(=C)CC1(NCCc2ccccc12)C1CCN(CCCOc2ccc(cc2)C#N)CC1,1,1,5.522878745280337,5.522878745280337,3000.0,3000.0,IC50,BindingDB,480113,Menin,,weak_1uM_to_10uM,False,False,0.892508370690433,high
CN(C)C1CCN(CC1)C2=NC=C3C(=C2)C(=NC=N3)NC4CCN(CC4)CC5CN(C5)C6=CC=C(C=C6)C#N,1,1,5.522878745280337,5.522878745280337,3000.0,3000.0,IC50,PubChem,168297048.0,,,weak_1uM_to_10uM,False,False,0.9512288903095208,high
C[C@H]1C(=O)N[C@@H](CC/C=C\C[C@@H](C(=O)N[C@H](C(=O)N2CCC[C@H]2C(=O)N1)CC3=CC=CC=C3)NC(=O)[C@H](CC4=CNC5=CC=CC=C54)NC(=O)[C@H](CCCN=C(N)N)NC(=O)[C@H](C)NC(=O)[C@H](CO)NC(=O)C)C(=O)N6CCC[C@H]6C(=O)N[C@@H](CCCN=C(N)N)C(=O)N,1,1,5.522878745280337,5.522878745280337,3000.0,3000.0,IC50,PubChem,162665061.0,,,weak_1uM_to_10uM,False,False,0.19861708127076236,low
CCO[C@H]1CCC[C@@H]1[C@@](C#N)(C1CCN(CC2CN(C2)c2ccc(cc2)C#N)CC1)c1ccccc1,2,1,5.518578659399378,5.769551078621726,3550.0,1700.0,IC50;Ki,BindingDB,50516577,Menin,,weak_1uM_to_10uM,False,False,0.8700538549745256,high
CCO[C@H]1CCC[C@@H]1[C@](C#N)(c1ccccc1)C1CCN(CC2CN(c3ccc(C#N)cc3)C2)CC1,2,1,5.518578659399378,5.769551078621726,3550.0,1700.0,IC50;Ki,ChEMBL,CHEMBL4457683,Menin,2019,weak_1uM_to_10uM,False,False,0.884887702804853,high
CNC(=O)O[C@@H]1CCC[C@H]1C(C#N)(C1CCN(CC2CN(C2)c2ccc(cc2)C#N)CC1)c1ccccc1,1,1,5.508638306165727,5.508638306165727,3100.0,3100.0,IC50,BindingDB,480302,Menin,,weak_1uM_to_10uM,False,False,0.8424191865497173,high
CNC(=O)O[C@@H]1CCC[C@H]1C(C#N)(c1ccccc1)C1CCN(CC2CN(c3ccc(C#N)cc3)C2)CC1,1,1,5.508638306165727,5.508638306165727,3100.0,3100.0,IC50,ChEMBL,CHEMBL5955526,Menin,2021,weak_1uM_to_10uM,False,False,0.8328730794044958,high
O=C(CN1CCC(C2(C3CCCC3)NCCc3ccccc32)CC1)N1CCCC1,1,1,5.508638306165727,5.508638306165727,3100.0,3100.0,IC50,ChEMBL,CHEMBL6055006,Menin,2021,weak_1uM_to_10uM,False,False,0.7784449232346554,high
O=C(CN1CCC(CC1)C1(NCCc2ccccc12)C1CCCC1)N1CCCC1,1,1,5.508638306165727,5.508638306165727,3100.0,3100.0,IC50,BindingDB,480024,Menin,,weak_1uM_to_10uM,False,False,0.5841896377652548,medium
CNC(=O)[C@H]1CCC[C@@H]1C(C#N)(C1CCN(CC2CN(C2)c2ccc(cc2)S(=O)(=O)C2CC2)CC1)c1ccccc1,1,1,5.494850021680094,5.494850021680094,3200.0,3200.0,IC50,BindingDB,480273,Menin,,weak_1uM_to_10uM,False,False,0.782175147889525,high
CNC(=O)[C@H]1CCC[C@@H]1C(C#N)(c1ccccc1)C1CCN(CC2CN(c3ccc(S(=O)(=O)C4CC4)cc3)C2)CC1,1,1,5.494850021680094,5.494850021680094,3200.0,3200.0,IC50,ChEMBL,CHEMBL6050075,Menin,2021,weak_1uM_to_10uM,False,False,0.7903006207433225,high
N#Cc1ccc(OCCCN2CCC(C3(C4CCCC4)COCc4ccccc43)CC2)cc1,1,1,5.494850021680094,5.494850021680094,3200.0,3200.0,IC50,ChEMBL,CHEMBL5979427,Menin,2021,weak_1uM_to_10uM,False,False,0.9304699333574822,high
N#Cc1ccc(OCCCN2CCC(CC2)C2(COCc3ccccc23)C2CCCC2)cc1,1,1,5.494850021680094,5.494850021680094,3200.0,3200.0,IC50,BindingDB,479989,Menin,,weak_1uM_to_10uM,False,False,0.9071011832525608,high
N=C(N)NCCC[C@@H]1NC(=O)C2(CCCC2)NC(=O)[C@@H]2CCCN2C(=O)[C@H](Cc2ccccc2)NC(=O)[C@@H](N)CCCCCCCCNC(=O)[C@@H]2CCCN2C1=O,2,1,5.48958741683878,5.779891911959945,3990.0,1660.0,IC50;Ki,ChEMBL,CHEMBL2314570,Menin,2013,weak_1uM_to_10uM,False,False,0.4137650718302391,medium
N[C@H]1CCCCCCCCNC(=O)[C@@H]2CCCN2C(=O)[C@H](CCCNC(N)=N)NC(=O)C2(CCCC2)NC(=O)[C@@H]2CCCN2C(=O)[C@H](Cc2ccccc2)NC1=O,2,1,5.48958741683878,5.779891911959945,3990.0,1660.0,IC50;Ki,BindingDB,50489230,Menin,,weak_1uM_to_10uM,False,False,0.4274421697557195,medium
CC(=O)O[C@@H]1CCC[C@H]1C(C#N)(C1CCN(CC2CN(C2)c2ccc(cc2)C#N)CC1)c1cccc(F)c1,1,1,5.484126156288321,5.484126156288321,3280.0,3280.0,IC50,BindingDB,480351,Menin,,weak_1uM_to_10uM,False,False,0.8568303079966111,high
CC(=O)O[C@@H]1CCC[C@H]1C(C#N)(c1cccc(F)c1)C1CCN(CC2CN(c3ccc(C#N)cc3)C2)CC1,1,1,5.484126156288321,5.484126156288321,3280.0,3280.0,IC50,ChEMBL,CHEMBL5757788,Menin,2021,weak_1uM_to_10uM,False,False,0.8195772557211825,high
CC(=O)N[C@@H]1CCC[C@H]1C(C#N)(C1CCN(CC2CN(C2)c2ccc(cc2)S(=O)(=O)C2CC2)CC1)c1ccccc1,1,1,5.481486060122112,5.481486060122112,3300.0,3300.0,IC50,BindingDB,480221,Menin,,weak_1uM_to_10uM,False,False,0.817381750657775,high
CC(=O)N[C@@H]1CCC[C@H]1C(C#N)(c1ccccc1)C1CCN(CC2CN(c3ccc(S(=O)(=O)C4CC4)cc3)C2)CC1,1,1,5.481486060122112,5.481486060122112,3300.0,3300.0,IC50,ChEMBL,CHEMBL5901057,Menin,2021,weak_1uM_to_10uM,False,False,0.8255553807557326,high
CCCC(C)C1(C2CCN(CCCOc3ccc(C#N)cc3)CC2)NCCc2ccccc21,1,1,5.481486060122112,5.481486060122112,3300.0,3300.0,IC50,ChEMBL,CHEMBL5975770,Menin,2021,weak_1uM_to_10uM,False,False,0.7990173130674746,high
CCCC(C)C1(NCCc2ccccc12)C1CCN(CCCOc2ccc(cc2)C#N)CC1,1,1,5.481486060122112,5.481486060122112,3300.0,3300.0,IC50,BindingDB,480184,Menin,,weak_1uM_to_10uM,False,False,0.8892944323858072,high
CS(=O)(=O)C[C@@H]1CCC[C@H]1C(C#N)(C1CCN(CC2CN(C2)c2ccc(cc2)S(=O)(=O)c2ccncc2)CC1)c1ccccc1,1,1,5.481486060122112,5.481486060122112,3300.0,3300.0,IC50,BindingDB,480195,Menin,,weak_1uM_to_10uM,False,False,0.8184349975482526,high
CS(=O)(=O)C[C@@H]1CCC[C@H]1C(C#N)(c1ccccc1)C1CCN(CC2CN(c3ccc(S(=O)(=O)c4ccncc4)cc3)C2)CC1,1,1,5.481486060122112,5.481486060122112,3300.0,3300.0,IC50,ChEMBL,CHEMBL6017609,Menin,2021,weak_1uM_to_10uM,False,False,0.8307737640508439,high
CCNC(=O)O[C@@H]1CCC[C@H]1C(C#N)(C1CCN(CC2CN(C2)c2ccc(cc2)S(=O)(=O)c2ccncc2)CC1)c1ccccc1,1,1,5.468521082957745,5.468521082957745,3400.0,3400.0,IC50,BindingDB,480154,Menin,,weak_1uM_to_10uM,False,False,0.7602573744628293,high
CCNC(=O)O[C@@H]1CCC[C@H]1C(C#N)(c1ccccc1)C1CCN(CC2CN(c3ccc(S(=O)(=O)c4ccncc4)cc3)C2)CC1,1,1,5.468521082957745,5.468521082957745,3400.0,3400.0,IC50,ChEMBL,CHEMBL5947091,Menin,2021,weak_1uM_to_10uM,False,False,0.7782296468184522,high
N#Cc1ccc(OC2CC(N3CCC(C4(C5CCCC5)NCCc5ccccc54)CC3)C2)cc1,2,1,5.466650724788503,5.958607314841775,5850.0,1100.0,IC50,ChEMBL,CHEMBL6041723,Menin,2021,weak_1uM_to_10uM,False,False,0.914310016718745,high
N#Cc1ccc(OC2C[C@@H](C2)N2CCC(CC2)C2(NCCc3ccccc23)C2CCCC2)cc1,2,1,5.466650724788503,5.958607314841775,5850.0,1100.0,IC50,BindingDB,480076,Menin,,weak_1uM_to_10uM,False,False,0.9353687503546901,high
C[C@@H]1NC(=O)[C@@H]2CCCN2C(=O)[C@H](Cc2ccccc2)NC(=O)CCCCCCCCCNC(=O)[C@@H]2CCCN2C(=O)[C@H](CCCNC(=N)N)NC1=O,2,1,5.462811231177598,5.735182176990463,4145.0,1840.0,IC50;Ki,ChEMBL,CHEMBL2315086,Menin,2013,weak_1uM_to_10uM,False,False,0.26817889960677965,low
C[C@@H]1NC(=O)[C@@H]2CCCN2C(=O)[C@H](Cc2ccccc2)NC(=O)CCCCCCCCCNC(=O)[C@@H]2CCCN2C(=O)[C@H](CCCNC(N)=N)NC1=O,2,1,5.462811231177598,5.735182176990463,4145.0,1840.0,IC50;Ki,BindingDB,50489231,Menin,,weak_1uM_to_10uM,False,False,0.24780540419644928,low
CC(=O)O[C@@H]1CCC[C@H]1[C@@](C#N)(C2CCN(CC2)CC3CN(C3)C4=CC=C(C=C4)C#N)C5=CC=CC=C5,3,1,5.455931955649724,5.958607314841775,3500.0,1100.0,IC50;Ki,PubChem,155529345.0,,,weak_1uM_to_10uM,False,False,0.6073189280766478,medium
CNC(=O)O[C@@H]1CCC[C@H]1C(C#N)(C1CCN(CC2(F)CN(C2)c2ccc(cc2)S(=O)(=O)c2cnn(C)c2)CC1)c1ccccc1,1,1,5.443697499232712,5.443697499232712,3600.0,3600.0,IC50,BindingDB,480308,Menin,,weak_1uM_to_10uM,False,False,0.7084326935686532,high
CNC(=O)O[C@@H]1CCC[C@H]1C(C#N)(c1ccccc1)C1CCN(CC2(F)CN(c3ccc(S(=O)(=O)c4cnn(C)c4)cc3)C2)CC1,1,1,5.443697499232712,5.443697499232712,3600.0,3600.0,IC50,ChEMBL,CHEMBL5931266,Menin,2021,weak_1uM_to_10uM,False,False,0.6992628339417132,medium
CO[C@@H]1CCC[C@@H]1C(C#N)(C1CCN(CCCOc2ccc(cc2)C#N)CC1)c1ccccc1,1,1,5.443697499232712,5.443697499232712,3600.0,3600.0,IC50,BindingDB,480117,Menin,,weak_1uM_to_10uM,False,False,0.9082588197983404,high
CO[C@@H]1CCC[C@@H]1C(C#N)(c1ccccc1)C1CCN(CCCOc2ccc(C#N)cc2)CC1,1,1,5.443697499232712,5.443697499232712,3600.0,3600.0,IC50,ChEMBL,CHEMBL6063617,Menin,2021,weak_1uM_to_10uM,False,False,0.9031366187663549,high
CCc1cc2c(N3CCN(c4nnc(CC)s4)CC3)ncnc2s1,1,1,5.42021640338319,5.42021640338319,3800.0,3800.0,IC50,ChEMBL,CHEMBL1622912,Menin,2015,weak_1uM_to_10uM,False,False,0.41429198126041017,medium
CCc1cc2c(ncnc2s1)N1CCN(CC1)c1nnc(CC)s1,1,1,5.42021640338319,5.42021640338319,3800.0,3800.0,IC50,BindingDB,152224,Menin,,weak_1uM_to_10uM,False,False,0.6070026489807971,medium
CNC(=O)N[C@@H]1CCC[C@H]1C(CNC(=O)c1cocn1)(C1CCN(CC2CN(C2)c2ccc(cc2)C#N)CC1)c1ccccc1,1,1,5.42021640338319,5.42021640338319,3800.0,3800.0,IC50,BindingDB,480317,Menin,,weak_1uM_to_10uM,False,False,0.7113444011351124,high
CNC(=O)N[C@@H]1CCC[C@H]1C(CNC(=O)c1cocn1)(c1ccccc1)C1CCN(CC2CN(c3ccc(C#N)cc3)C2)CC1,1,1,5.42021640338319,5.42021640338319,3800.0,3800.0,IC50,ChEMBL,CHEMBL5896173,Menin,2021,weak_1uM_to_10uM,False,False,0.6968118055174588,medium
CS(=O)(=O)c1ccc(N2CC(CN3CCC(C(C#N)(c4ccccc4)[C@@H]4CCC[C@H]4O)CC3)C2)cc1,1,1,5.42021640338319,5.42021640338319,3800.0,3800.0,IC50,ChEMBL,CHEMBL5782644,Menin,2021,weak_1uM_to_10uM,False,False,0.5754464115836594,medium
CS(=O)(=O)c1ccc(cc1)N1CC(CN2CCC(CC2)C(C#N)([C@@H]2CCC[C@H]2O)c2ccccc2)C1,1,1,5.42021640338319,5.42021640338319,3800.0,3800.0,IC50,BindingDB,480119,Menin,,weak_1uM_to_10uM,False,False,0.7644568425312576,high
C1CCC(C1)C2(C3=CC=CC=C3CCN2)C4CCN(CC4)CC5CCCN(C5)C6=CC=C(C=C6)C#N,3,1,5.402304814074488,5.671620396561263,3960.0,2130.0,IC50;Ki,PubChem,138618502.0,,,weak_1uM_to_10uM,False,False,0.9579688800557382,high
N#Cc1ccc(N2CCCC(CN3CCC(C4(C5CCCC5)NCCc5ccccc54)CC3)C2)cc1,3,1,5.3979400086720375,5.671620396561263,4000.0,2130.0,IC50;Ki,ChEMBL,CHEMBL4528850,Menin,2019;2021,weak_1uM_to_10uM,False,False,0.8600510886133506,high
N#Cc1ccc(cc1)N1CCCC(CN2CCC(CC2)C2(NCCc3ccccc23)C2CCCC2)C1,3,1,5.3979400086720375,5.671620396561263,4000.0,2130.0,IC50;Ki,BindingDB,50516558,Menin,,weak_1uM_to_10uM,False,False,0.9395427494269415,high
C1CC(C1)C(C2CCN(CC2)CCCOC3=CC=C(C=C3)C#N)(C4=CC=CC=C4)O,1,1,5.3979400086720375,5.3979400086720375,4000.0,4000.0,IC50,PubChem,49791894.0,,,weak_1uM_to_10uM,False,False,0.7137758123746257,high
N#Cc1ccc(OCCCN2CCC(C(O)(c3ccccc3)C3CCC3)CC2)cc1,1,1,5.3979400086720375,5.3979400086720375,4000.0,4000.0,IC50,ChEMBL,CHEMBL3126184,Menin,2014,weak_1uM_to_10uM,False,False,0.8645139189818047,high
OC(C1CCC1)(C1CCN(CCCOc2ccc(cc2)C#N)CC1)c1ccccc1,1,1,5.3979400086720375,5.3979400086720375,4000.0,4000.0,IC50,BindingDB,50496343,Menin,,weak_1uM_to_10uM,False,False,0.8488363754913578,high
CCCCC[C@H](NC(=O)[C@H](Cc1c[nH]c2ccccc12)NC(=O)[C@H](CCCNC(=N)N)NC(C)=O)C(=O)N[C@@H](Cc1ccccc1)C(=O)N1CCC[C@H]1C(=O)N[C@@H](C)C(=O)N[C@@H](CCCNC(=N)N)C(=O)N1CCC[C@H]1C(=O)NCC,2,1,5.397447913878322,5.66354026615147,4780.0,2170.0,IC50;Ki,ChEMBL,CHEMBL2311572,Menin,2013,weak_1uM_to_10uM,False,False,0.467953803561151,medium
CCCCC[C@H](NC(=O)[C@H](Cc1c[nH]c2ccccc12)NC(=O)[C@H](CCCNC(N)=N)NC(C)=O)C(=O)N[C@@H](Cc1ccccc1)C(=O)N1CCC[C@H]1C(=O)N[C@@H](C)C(=O)N[C@@H](CCCNC(N)=N)C(=O)N1CCC[C@H]1C(=O)NCC,2,1,5.397447913878322,5.66354026615147,4780.0,2170.0,IC50;Ki,BindingDB,50489236,Menin,,weak_1uM_to_10uM,False,False,0.4314882015591013,medium
CC(C)C(C1CCN(CC1)CCCOC2=CC=C(C=C2)C#N)(C3=CC=CC=C3)O,1,1,5.3872161432802645,5.3872161432802645,4100.0,4100.0,IC50,PubChem,49791892.0,,,weak_1uM_to_10uM,False,False,0.7749037650837789,high
CC(C)C(O)(C1CCN(CCCOc2ccc(cc2)C#N)CC1)c1ccccc1,1,1,5.3872161432802645,5.3872161432802645,4100.0,4100.0,IC50,BindingDB,50496353,Menin,,weak_1uM_to_10uM,False,False,0.7977736192902242,high
CC(C)C(O)(c1ccccc1)C1CCN(CCCOc2ccc(C#N)cc2)CC1,1,1,5.3872161432802645,5.3872161432802645,4100.0,4100.0,IC50,ChEMBL,CHEMBL3126183,Menin,2014,weak_1uM_to_10uM,False,False,0.7890152485055044,high
N#Cc1ccc(N2CC(C(=O)N3CCC(C4(C5CCCC5)NCCc5ccccc54)CC3)C2)cc1,1,1,5.3872161432802645,5.3872161432802645,4100.0,4100.0,IC50,ChEMBL,CHEMBL5856522,Menin,2021,weak_1uM_to_10uM,False,False,0.8092051421682454,high
O=C(C1CN(C1)c1ccc(cc1)C#N)N1CCC(CC1)C1(NCCc2ccccc12)C1CCCC1,1,1,5.3872161432802645,5.3872161432802645,4100.0,4100.0,IC50,BindingDB,480074,Menin,,weak_1uM_to_10uM,False,False,0.7519175990089874,high
CCN(CC)CCNC1=NC2=C(C=C1)N=CN=C2NC3CCN(CC3)CC4CN(C4)C5=CC=C(C=C5)C#N,3,1,5.376750709602099,6.086186147616283,4200.0,820.0,IC50,PubChem,168290383.0,,,weak_1uM_to_10uM,False,False,0.8549148630471689,high
N#Cc1ccc(OCCCN2CCC(C3(Cc4ccccc4)NCCc4ccccc43)CC2)cc1,1,1,5.376750709602099,5.376750709602099,4200.0,4200.0,IC50,ChEMBL,CHEMBL5904127,Menin,2021,weak_1uM_to_10uM,False,False,0.9704662679007867,high
N#Cc1ccc(OCCCN2CCC(CC2)C2(Cc3ccccc3)NCCc3ccccc23)cc1,1,1,5.376750709602099,5.376750709602099,4200.0,4200.0,IC50,BindingDB,480182,Menin,,weak_1uM_to_10uM,False,False,0.9632371590056059,high
CCO[C@H]1CCC[C@@H]1[C@@](C#N)(C2CCN(CC2)CC3CN(C3)C4=CC=C(C=C4)C#N)C5=CC=CC=C5,3,1,5.366531544420413,5.769551078621726,4300.0,1700.0,IC50;Ki,PubChem,132104444.0,,,weak_1uM_to_10uM,False,False,0.7585392833814517,high
CCc1cc2c(NCC3CCN(Cc4ccc(F)cc4)CC3)ncnc2s1,2,2,5.356547323513812,5.356547323513812,4400.0,4400.0,IC50,BindingDB;ChEMBL,152247;CHEMBL3696193,Menin,2015,weak_1uM_to_10uM,False,False,0.7957096840887272,high
COC[C@@H]1CCC[C@H]1C(C#N)(C1CCN(CC2CN(C2)c2ccc(cc2)S(=O)(=O)C2CC2)CC1)c1ccccc1,1,1,5.346787486224656,5.346787486224656,4500.0,4500.0,IC50,BindingDB,480205,Menin,,weak_1uM_to_10uM,False,False,0.8732863303977819,high
COC[C@@H]1CCC[C@H]1C(C#N)(c1ccccc1)C1CCN(CC2CN(c3ccc(S(=O)(=O)C4CC4)cc3)C2)CC1,1,1,5.346787486224656,5.346787486224656,4500.0,4500.0,IC50,ChEMBL,CHEMBL5892594,Menin,2021,weak_1uM_to_10uM,False,False,0.8827276128605209,high
CC1(C)CN=C(N2CCN(c3ncnc4sc(Cc5ccccc5)cc34)CC2)S1,1,1,5.337242168318426,5.337242168318426,4600.0,4600.0,IC50,ChEMBL,CHEMBL3696183,Menin,2015,weak_1uM_to_10uM,False,False,0.6906311770942177,medium
CC1(C)CN=C(S1)N1CCN(CC1)c1ncnc2sc(Cc3ccccc3)cc12,1,1,5.337242168318426,5.337242168318426,4600.0,4600.0,IC50,BindingDB,152236,Menin,,weak_1uM_to_10uM,False,False,0.8754818034661442,high
CNC(=O)O[C@@H]1CCC[C@H]1C(C#N)(C1CCN(CC2CN(C2)c2ccc(cc2)[N+]([O-])=O)CC1)c1ccccc1,1,1,5.337242168318426,5.337242168318426,4600.0,4600.0,IC50,BindingDB,480322,Menin,,weak_1uM_to_10uM,False,False,0.5725943432637091,medium
CNC(=O)O[C@@H]1CCC[C@H]1C(C#N)(c1ccccc1)C1CCN(CC2CN(c3ccc([N+](=O)[O-])cc3)C2)CC1,1,1,5.337242168318426,5.337242168318426,4600.0,4600.0,IC50,ChEMBL,CHEMBL6062960,Menin,2021,weak_1uM_to_10uM,False,False,0.7276526878632821,high
N#CC(c1ccccc1)(C1CCN(CC2CN(c3ccc(S(=O)(=O)c4ccncc4)cc3)C2)CC1)[C@@H]1CCC[C@H]1CO,1,1,5.337242168318426,5.337242168318426,4600.0,4600.0,IC50,ChEMBL,CHEMBL5813023,Menin,2021,weak_1uM_to_10uM,False,False,0.8248638653287271,high
OC[C@@H]1CCC[C@H]1C(C#N)(C1CCN(CC2CN(C2)c2ccc(cc2)S(=O)(=O)c2ccncc2)CC1)c1ccccc1,1,1,5.337242168318426,5.337242168318426,4600.0,4600.0,IC50,BindingDB,480196,Menin,,weak_1uM_to_10uM,False,False,0.8444505356584929,high
CC(C)CCC1(C2CCN(CCCOc3ccc(C#N)cc3)CC2)NCCc2ccccc21,1,1,5.327902142064282,5.327902142064282,4700.0,4700.0,IC50,ChEMBL,CHEMBL5746305,Menin,2021,weak_1uM_to_10uM,False,False,0.8196209410736432,high
CC(C)CCC1(NCCc2ccccc12)C1CCN(CCCOc2ccc(cc2)C#N)CC1,1,1,5.327902142064282,5.327902142064282,4700.0,4700.0,IC50,BindingDB,480189,Menin,,weak_1uM_to_10uM,False,False,0.901639874852075,high
CNC(=O)O[C@@H]1CCC[C@H]1C(C#N)(C1CCN(CC2CN(C2)c2ccc(C)cc2)CC1)c1ccccc1,1,1,5.327902142064282,5.327902142064282,4700.0,4700.0,IC50,BindingDB,480312,Menin,,weak_1uM_to_10uM,False,False,0.8491696646794661,high
CNC(=O)O[C@@H]1CCC[C@H]1C(C#N)(c1ccccc1)C1CCN(CC2CN(c3ccc(C)cc3)C2)CC1,1,1,5.327902142064282,5.327902142064282,4700.0,4700.0,IC50,ChEMBL,CHEMBL5777979,Menin,2021,weak_1uM_to_10uM,False,False,0.8474319066165041,high
CS(=O)(=O)C[C@H]1CCC[C@@H]1C(C#N)(C1CCN(CC2CN(C2)c2ccc(cc2)S(=O)(=O)c2ccncc2)CC1)c1ccccc1,1,1,5.327902142064282,5.327902142064282,4700.0,4700.0,IC50,BindingDB,480194,Menin,,weak_1uM_to_10uM,False,False,0.8184349975482526,high
CS(=O)(=O)C[C@H]1CCC[C@@H]1C(C#N)(c1ccccc1)C1CCN(CC2CN(c3ccc(S(=O)(=O)c4ccncc4)cc3)C2)CC1,1,1,5.327902142064282,5.327902142064282,4700.0,4700.0,IC50,ChEMBL,CHEMBL5809098,Menin,2021,weak_1uM_to_10uM,False,False,0.8307737640508439,high
CS(=O)(=O)N[C@@H]1CCC[C@H]1C(C#N)(C1CCN(CC2CN(C2)c2ccc(cc2)S(=O)(=O)c2ccncc2)CC1)c1ccccc1,1,1,5.327902142064282,5.327902142064282,4700.0,4700.0,IC50,BindingDB,480207,Menin,,weak_1uM_to_10uM,False,False,0.8011086931723361,high
CS(=O)(=O)N[C@@H]1CCC[C@H]1C(C#N)(c1ccccc1)C1CCN(CC2CN(c3ccc(S(=O)(=O)c4ccncc4)cc3)C2)CC1,1,1,5.327902142064282,5.327902142064282,4700.0,4700.0,IC50,ChEMBL,CHEMBL5884984,Menin,2021,weak_1uM_to_10uM,False,False,0.8148951314554408,high
O=C(Cc1ccc(S(=O)(=O)C2CC2)cc1)N1CCc2cc(C3(C4CCCC4)NCCc4ccccc43)ccc2C1,1,1,5.327902142064282,5.327902142064282,4700.0,4700.0,IC50,ChEMBL,CHEMBL6008166,Menin,2021,weak_1uM_to_10uM,False,False,0.9062000768585207,high
O=C(Cc1ccc(cc1)S(=O)(=O)C1CC1)N1CCc2cc(ccc2C1)C1(NCCc2ccccc12)C1CCCC1,1,1,5.327902142064282,5.327902142064282,4700.0,4700.0,IC50,BindingDB,480049,Menin,,weak_1uM_to_10uM,False,False,0.7903933713986371,high
CC1(C)CN=C(N2CCN(c3ncnc4sc(Br)cc34)CC2)S1,1,1,5.318758762624412,5.318758762624412,4800.0,4800.0,IC50,ChEMBL,CHEMBL3696184,Menin,2015,weak_1uM_to_10uM,False,False,0.7217629206041895,high
CC1(C)CN=C(S1)N1CCN(CC1)c1ncnc2sc(Br)cc12,1,1,5.318758762624412,5.318758762624412,4800.0,4800.0,IC50,BindingDB,152237,Menin,,weak_1uM_to_10uM,False,False,0.9003420739935729,high
COC[C@H]1CCC[C@@H]1C(C#N)(C1CCN(CC2CN(C2)c2ccc(cc2)S(=O)(=O)C2CC2)CC1)c1ccccc1,1,1,5.309803919971486,5.309803919971486,4900.0,4900.0,IC50,BindingDB,480204,Menin,,weak_1uM_to_10uM,False,False,0.8732863303977819,high
COC[C@H]1CCC[C@@H]1C(C#N)(c1ccccc1)C1CCN(CC2CN(c3ccc(S(=O)(=O)C4CC4)cc3)C2)CC1,1,1,5.309803919971486,5.309803919971486,4900.0,4900.0,IC50,ChEMBL,CHEMBL5797119,Menin,2021,weak_1uM_to_10uM,False,False,0.8827276128605209,high
COC(=O)N[C@@H]1CCC[C@H]1C(C#N)(C1CCN(CC2CN(C2)c2ccc(cc2)S(=O)(=O)C2CC2)CC1)c1ccccc1,1,1,5.292429823902063,5.292429823902063,5100.0,5100.0,IC50,BindingDB,480259,Menin,,weak_1uM_to_10uM,False,False,0.8410474833219892,high
COC(=O)N[C@@H]1CCC[C@H]1C(C#N)(c1ccccc1)C1CCN(CC2CN(c3ccc(S(=O)(=O)C4CC4)cc3)C2)CC1,1,1,5.292429823902063,5.292429823902063,5100.0,5100.0,IC50,ChEMBL,CHEMBL6034858,Menin,2021,weak_1uM_to_10uM,False,False,0.8515646305616067,high
COC(=O)[C@@H]1CCC[C@H]1C(C#N)(C1CCN(CC2CN(C2)c2ccc(cc2)S(=O)(=O)C2CC2)CC1)c1ccccc1,1,1,5.292429823902063,5.292429823902063,5100.0,5100.0,IC50,BindingDB,480272,Menin,,weak_1uM_to_10uM,False,False,0.8112496330575467,high
COC(=O)[C@@H]1CCC[C@H]1C(C#N)(c1ccccc1)C1CCN(CC2CN(c3ccc(S(=O)(=O)C4CC4)cc3)C2)CC1,1,1,5.292429823902063,5.292429823902063,5100.0,5100.0,IC50,ChEMBL,CHEMBL5979980,Menin,2021,weak_1uM_to_10uM,False,False,0.8219375540940959,high
CNC(=O)C[C@@H]1CCC[C@H]1C(C#N)(C1CCN(CC2CN(C2)c2ccc(cc2)S(=O)(=O)c2ccncc2)CC1)c1ccccc1,1,1,5.2839966563652006,5.2839966563652006,5200.0,5200.0,IC50,BindingDB,480278,Menin,,weak_1uM_to_10uM,False,False,0.823141960682156,high
CNC(=O)C[C@@H]1CCC[C@H]1C(C#N)(c1ccccc1)C1CCN(CC2CN(c3ccc(S(=O)(=O)c4ccncc4)cc3)C2)CC1,1,1,5.2839966563652006,5.2839966563652006,5200.0,5200.0,IC50,ChEMBL,CHEMBL6022720,Menin,2021,weak_1uM_to_10uM,False,False,0.8369203379319435,high
CC(=O)N[C@@H](CCCNC(=N)N)C(=O)N[C@@H](Cc1ccccc1)C(=O)N1CCC[C@H]1C(=O)N[C@@H](C)C(=O)N[C@@H](CCCNC(=N)N)C(=O)N1CCC[C@H]1C(N)=O,2,1,5.282121601107323,5.54515513999149,6210.0,2850.0,IC50;Ki,ChEMBL,CHEMBL2314827,Menin,2013,weak_1uM_to_10uM,False,False,0.1969051319409079,low
C[C@H](NC(=O)[C@@H]1CCCN1C(=O)[C@H](Cc1ccccc1)NC(=O)[C@H](CCCNC(N)=N)NC(C)=O)C(=O)N[C@@H](CCCNC(N)=N)C(=O)N1CCC[C@H]1C(N)=O,2,1,5.282121601107323,5.54515513999149,6210.0,2850.0,IC50;Ki,BindingDB,50489257,Menin,,weak_1uM_to_10uM,False,False,0.12469636478942248,low
C1CCC(C1)C2(C3=CC=CC=C3CCN2)C4CCN(CC4)CCOC5=CC=C(C=C5)C#N,3,1,5.259637310505756,5.7447274948966935,5500.0,1800.0,IC50;Ki,PubChem,155562826.0,,,weak_1uM_to_10uM,False,False,0.9161196968552359,high
CN1CCN(CC1)C2=NC3=C(C=C2)N=CN=C3NC4CCN(CC4)CC5CN(C5)C6=CC=C(C=C6)C#N,3,1,5.251811972993799,7.154901959985743,5600.0,70.0,IC50,PubChem,168288900.0,,,weak_1uM_to_10uM,False,False,0.9115788336615152,high
C1CN(CCC1NC2=NC=NC3=C2N=C(C=C3)OCC(F)(F)F)CC4CN(C4)C5=CC=C(C=C5)C#N,1,1,5.251811972993799,5.251811972993799,5600.0,5600.0,IC50,PubChem,168278998.0,,,weak_1uM_to_10uM,False,False,0.8114885526210709,high
CCNC(=O)[C@H]1CCC[C@@H]1C(C#N)(C1CCN(CC2CN(C2)c2ccc(cc2)S(=O)(=O)C2CC2)CC1)c1ccccc1,1,1,5.251811972993799,5.251811972993799,5600.0,5600.0,IC50,BindingDB,480274,Menin,,weak_1uM_to_10uM,False,False,0.7952080838762886,high
CCNC(=O)[C@H]1CCC[C@@H]1C(C#N)(c1ccccc1)C1CCN(CC2CN(c3ccc(S(=O)(=O)C4CC4)cc3)C2)CC1,1,1,5.251811972993799,5.251811972993799,5600.0,5600.0,IC50,ChEMBL,CHEMBL5887503,Menin,2021,weak_1uM_to_10uM,False,False,0.8030466780198361,high
CN1Cc2ccccc2C(C1)(C1CCN(CCCOc2ccc(cc2)C#N)CC1)c1ccccn1,1,1,5.251811972993799,5.251811972993799,5600.0,5600.0,IC50,BindingDB,480109,Menin,,weak_1uM_to_10uM,False,False,0.8881347450160187,high
CN1Cc2ccccc2C(c2ccccn2)(C2CCN(CCCOc3ccc(C#N)cc3)CC2)C1,1,1,5.251811972993799,5.251811972993799,5600.0,5600.0,IC50,ChEMBL,CHEMBL5924885,Menin,2021,weak_1uM_to_10uM,False,False,0.8503664985648546,high
CC(=O)O[C@@H]1CCC[C@H]1C(C#N)(C1CCN(CC2CN(C2)c2ccc(cc2)S(=O)(=O)C2CC2)CC1)c1ccccc1F,1,1,5.2441251443275085,5.2441251443275085,5700.0,5700.0,IC50,BindingDB,480250,Menin,,weak_1uM_to_10uM,False,False,0.7558290262952551,high
CC(=O)O[C@@H]1CCC[C@H]1C(C#N)(c1ccccc1F)C1CCN(CC2CN(c3ccc(S(=O)(=O)C4CC4)cc3)C2)CC1,1,1,5.2441251443275085,5.2441251443275085,5700.0,5700.0,IC50,ChEMBL,CHEMBL5936175,Menin,2021,weak_1uM_to_10uM,False,False,0.7691819490847944,high
CC1CN(CCCOc2ccc(C#N)cc2)CCC1C(C#N)(c1ccccc1)C1CCCC1,1,1,5.2441251443275085,5.2441251443275085,5700.0,5700.0,IC50,ChEMBL,CHEMBL5995129,Menin,2021,weak_1uM_to_10uM,False,False,0.8680711957777055,high
CC1CN(CCCOc2ccc(cc2)C#N)CCC1C(C#N)(C1CCCC1)c1ccccc1,1,1,5.2441251443275085,5.2441251443275085,5700.0,5700.0,IC50,BindingDB,480069,Menin,,weak_1uM_to_10uM,False,False,0.874121950724597,high
CC[C@@H]1NC(=O)[C@@H]2CCCN2C(=O)[C@H](Cc2ccccc2)NC(=O)[C@@H](N)CCCCCCCCNC(=O)[C@@H]2CCCN2C(=O)[C@H](CCCNC(=N)N)NC1=O,2,1,5.234094551165179,5.497572880015568,6940.0,3180.0,IC50;Ki,ChEMBL,CHEMBL2315088,Menin,2013,weak_1uM_to_10uM,False,False,0.25517433617591534,low
CC[C@@H]1NC(=O)[C@@H]2CCCN2C(=O)[C@H](Cc2ccccc2)NC(=O)[C@@H](N)CCCCCCCCNC(=O)[C@@H]2CCCN2C(=O)[C@H](CCCNC(N)=N)NC1=O,2,1,5.234094551165179,5.497572880015568,6940.0,3180.0,IC50;Ki,BindingDB,50489245,Menin,,weak_1uM_to_10uM,False,False,0.23643500384277671,low
CN1CCc2ccccc2C1(C1CCCC1)C1CN(CCCCCOc2ccc(C#N)cc2)C1,1,1,5.221848749616356,5.221848749616356,6000.0,6000.0,IC50,ChEMBL,CHEMBL5984789,Menin,2021,weak_1uM_to_10uM,False,False,0.8164291089732232,high
CN1CCc2ccccc2C1(C1CN(CCCCCOc2ccc(cc2)C#N)C1)C1CCCC1,1,1,5.221848749616356,5.221848749616356,6000.0,6000.0,IC50,BindingDB,480013,Menin,,weak_1uM_to_10uM,False,False,0.7551836238985002,high
CC(=O)N[C@@H](CCCNC(=N)N)C(=O)N[C@@H](Cc1c[nH]c2ccccc12)C(=O)N[C@H]1CCCCNC(=O)[C@@H]2CCCN2C(=O)[C@H](CCCNC(=N)N)NC(=O)[C@H](C)NC(=O)[C@@H]2CCCN2C(=O)[C@H](Cc2ccccc2)NC1=O,2,1,5.218734615568869,5.478861916295964,7160.0,3320.0,IC50;Ki,ChEMBL,CHEMBL2314832,Menin,2013,weak_1uM_to_10uM,False,False,0.41738498967325155,medium
C[C@@H]1NC(=O)[C@@H]2CCCN2C(=O)[C@H](Cc2ccccc2)NC(=O)[C@H](CCCCNC(=O)[C@@H]2CCCN2C(=O)[C@H](CCCNC(N)=N)NC1=O)NC(=O)[C@H](Cc1c[nH]c2ccccc12)NC(=O)[C@H](CCCNC(N)=N)NC(C)=O,2,1,5.218734615568869,5.478861916295964,7160.0,3320.0,IC50;Ki,BindingDB,50489234,Menin,,weak_1uM_to_10uM,False,False,0.2958260692155999,low
CO[C@@H]1CCC[C@H]1[C@@](C#N)(C2CCN(CC2)CC3CN(C3)C4=CC=C(C=C4)C#N)C5=CC=CC=C5,3,1,5.214670164989233,5.619788758288394,6100.0,2400.0,IC50;Ki,PubChem,155536984.0,,,weak_1uM_to_10uM,False,False,0.7121753049015239,high
CNC(=O)O[C@@H]1CCC[C@H]1C(C#N)(C1CCN(CC1)C1CCN(CC1)c1ccc(cc1)S(=O)(=O)c1ccccc1)c1ccccc1,1,1,5.207608310501746,5.207608310501746,6200.0,6200.0,IC50,BindingDB,480174,Menin,,weak_1uM_to_10uM,False,False,0.8730968279854148,high
CNC(=O)O[C@@H]1CCC[C@H]1C(C#N)(c1ccccc1)C1CCN(C2CCN(c3ccc(S(=O)(=O)c4ccccc4)cc3)CC2)CC1,1,1,5.207608310501746,5.207608310501746,6200.0,6200.0,IC50,ChEMBL,CHEMBL5894544,Menin,2021,weak_1uM_to_10uM,False,False,0.8270993763600974,high
O=C(CN1CCC(C2(C3CCCC3)NCCc3ccccc32)CC1)N1Cc2ccccc2C1,1,1,5.207608310501746,5.207608310501746,6200.0,6200.0,IC50,ChEMBL,CHEMBL6029206,Menin,2021,weak_1uM_to_10uM,False,False,0.798165573579362,high
O=C(CN1CCC(CC1)C1(NCCc2ccccc12)C1CCCC1)N1Cc2ccccc2C1,1,1,5.207608310501746,5.207608310501746,6200.0,6200.0,IC50,BindingDB,480031,Menin,,weak_1uM_to_10uM,False,False,0.6276089311664362,medium
CCc1cc2c(N3CCCN(C4=NCC(C)(C)S4)CC3)ncnc2s1,1,1,5.200659450546418,5.200659450546418,6300.0,6300.0,IC50,ChEMBL,CHEMBL3696188,Menin,2015,weak_1uM_to_10uM,False,False,0.5397670408962707,medium
CCc1cc2c(ncnc2s1)N1CCCN(CC1)C1=NCC(C)(C)S1,1,1,5.200659450546418,5.200659450546418,6300.0,6300.0,IC50,BindingDB,152241,Menin,,weak_1uM_to_10uM,False,False,0.7422654129938591,high
C1CCN(C1)C2=NC=C3C(=C2)C(=NC=N3)NC4CCN(CC4)CC5CN(C5)C6=CC=C(C=C6)C#N,1,1,5.187086643357144,5.187086643357144,6500.0,6500.0,IC50,PubChem,168271466.0,,,weak_1uM_to_10uM,False,False,0.9006804213467814,high
CC(=O)O[C@@H]1CCC[C@H]1C(C#N)(C1CCN(CC2CN(C2)c2ccc(cc2)C(O)=O)CC1)c1ccccc1,1,1,5.187086643357144,5.187086643357144,6500.0,6500.0,IC50,BindingDB,480325,Menin,,weak_1uM_to_10uM,False,False,0.6732258611294695,medium
CC(=O)O[C@@H]1CCC[C@H]1C(C#N)(c1ccccc1)C1CCN(CC2CN(c3ccc(C(=O)O)cc3)C2)CC1,1,1,5.187086643357144,5.187086643357144,6500.0,6500.0,IC50,ChEMBL,CHEMBL5766980,Menin,2021,weak_1uM_to_10uM,False,False,0.4116049496564772,medium
CCCC(=O)N1CCCCC1C1(C2CCN(CCCOc3ccc(C#N)cc3)CC2)CN(C)Cc2ccccc21,1,1,5.187086643357144,5.187086643357144,6500.0,6500.0,IC50,ChEMBL,CHEMBL5824353,Menin,2021,weak_1uM_to_10uM,False,False,0.7009149612551179,high
CCCC(=O)N1CCCCC1C1(CN(C)Cc2ccccc12)C1CCN(CCCOc2ccc(cc2)C#N)CC1,1,1,5.187086643357144,5.187086643357144,6500.0,6500.0,IC50,BindingDB,480241,Menin,,weak_1uM_to_10uM,False,False,0.831949859758094,high
CS(=O)(=O)c1ccc(N2CC(CN3CCC(C(C#N)(c4ccccc4)[C@H]4CCC[C@@H]4O)CC3)C2)cc1,1,1,5.187086643357144,5.187086643357144,6500.0,6500.0,IC50,ChEMBL,CHEMBL5817490,Menin,2021,weak_1uM_to_10uM,False,False,0.5754464115836594,medium
CS(=O)(=O)c1ccc(cc1)N1CC(CN2CCC(CC2)C(C#N)([C@H]2CCC[C@@H]2O)c2ccccc2)C1,1,1,5.187086643357144,5.187086643357144,6500.0,6500.0,IC50,BindingDB,480118,Menin,,weak_1uM_to_10uM,False,False,0.7644568425312576,high
CCS(=O)(=O)c1ccc(N2CC(C(=O)N3CCC(C4(C5CCCC5)NCCc5c(F)cccc54)CC3)C2)cc1,2,1,5.182258126592544,5.221848749616356,6600.0,6000.0,IC50,ChEMBL,CHEMBL5882863,Menin,2021,weak_1uM_to_10uM,False,False,0.6512845461555873,medium
CCS(=O)(=O)c1ccc(cc1)N1CC(C1)C(=O)N1CCC(CC1)C1(NCCc2c(F)cccc12)C1CCCC1,2,1,5.182258126592544,5.221848749616356,6600.0,6000.0,IC50,BindingDB,480065,Menin,,weak_1uM_to_10uM,False,False,0.6509571006940326,medium
CN1CCN(CC1)C2=NC=C3C(=C2)C(=NC=N3)NC4CCN(CC4)CC5CN(C5)C6=CC=C(C=C6)C#N,1,1,5.173925197299173,5.173925197299173,6700.0,6700.0,IC50,PubChem,168289795.0,,,weak_1uM_to_10uM,False,False,0.939535293099749,high
C[C@H]1C(=O)N[C@@H](C/C=C\C[C@@H](C(=O)N[C@H](C(=O)N2CCC[C@H]2C(=O)N1)CC3=CC=CC=C3)NC(=O)[C@H](CC4=CNC5=CC=CC=C54)NC(=O)[C@H](CCCN=C(N)N)NC(=O)[C@H](C)NC(=O)[C@H](CO)NC(=O)C)C(=O)N6CCC[C@H]6C(=O)N,1,1,5.167491087293763,5.167491087293763,6800.0,6800.0,IC50,PubChem,162669082.0,,,weak_1uM_to_10uM,False,False,0.11594714249357464,low
CC(=O)OC[C@@H]1CCC[C@H]1C(C#N)(C1CCN(CC2CN(C2)c2ccc(cc2)S(=O)(=O)C2CC2)CC1)c1ccccc1,1,1,5.161150909262744,5.161150909262744,6900.0,6900.0,IC50,BindingDB,480201,Menin,,weak_1uM_to_10uM,False,False,0.7619035009119407,high
CC(=O)OC[C@@H]1CCC[C@H]1C(C#N)(c1ccccc1)C1CCN(CC2CN(c3ccc(S(=O)(=O)C4CC4)cc3)C2)CC1,1,1,5.161150909262744,5.161150909262744,6900.0,6900.0,IC50,ChEMBL,CHEMBL5923382,Menin,2021,weak_1uM_to_10uM,False,False,0.7709213762283671,high
CCc1cc2c(N3CCCN(CC(=O)N4CCCC4)CC3)ncnc2s1,1,1,5.154901959985743,5.154901959985743,7000.0,7000.0,IC50,ChEMBL,CHEMBL3696186,Menin,2015,weak_1uM_to_10uM,False,False,0.45135108128286644,medium
CCc1cc2c(ncnc2s1)N1CCCN(CC(=O)N2CCCC2)CC1,1,1,5.154901959985743,5.154901959985743,7000.0,7000.0,IC50,BindingDB,152239,Menin,,weak_1uM_to_10uM,False,False,0.29945122686825837,low
N#Cc1ccc(OCCCN2CCC(C3(CC4CCCCC4)NCCc4ccccc43)CC2)cc1,1,1,5.1487416512809245,5.1487416512809245,7100.0,7100.0,IC50,ChEMBL,CHEMBL5904150,Menin,2021,weak_1uM_to_10uM,False,False,0.9684555331276348,high
N#Cc1ccc(OCCCN2CCC(CC2)C2(CC3CCCCC3)NCCc3ccccc23)cc1,1,1,5.1487416512809245,5.1487416512809245,7100.0,7100.0,IC50,BindingDB,480190,Menin,,weak_1uM_to_10uM,False,False,0.9607541510666566,high
CC(=O)N1C(C2=C(CC(CC2=O)c2ccc(Cl)c(Cl)c2)Nc2ccccc12)c1cccnc1,1,1,5.130768280269024,5.130768280269024,7400.0,7400.0,IC50,BindingDB,152259,Menin,,weak_1uM_to_10uM,False,False,0.7731204236348465,high
CC(=O)N1c2ccccc2NC2=C(C(=O)CC(c3ccc(Cl)c(Cl)c3)C2)C1c1cccnc1,1,1,5.130768280269024,5.130768280269024,7400.0,7400.0,IC50,ChEMBL,CHEMBL3696204,Menin,2015,weak_1uM_to_10uM,False,False,0.4844439304178029,medium
CCCC1=CC2=C(N=CN=C2S1)N3CCN(CC3)C4=NCC(S4)(C)C,5,1,5.118045028660399,6.346787486224656,7620.0,450.0,IC50,PubChem,54765302.0,,,weak_1uM_to_10uM,False,False,0.7018524031675965,high
O=C(CN1CCC(C2(C3CCCC3)NCCc3ccccc32)CC1)N1CCc2ccccc2C1,1,1,5.086186147616283,5.086186147616283,8200.0,8200.0,IC50,ChEMBL,CHEMBL5789436,Menin,2021,weak_1uM_to_10uM,False,False,0.8346340337838211,high
O=C(CN1CCC(CC1)C1(NCCc2ccccc12)C1CCCC1)N1CCc2ccccc2C1,1,1,5.086186147616283,5.086186147616283,8200.0,8200.0,IC50,BindingDB,480033,Menin,,weak_1uM_to_10uM,False,False,0.6930027702947376,medium
CO[C@H]1CCC[C@@H]1[C@@](C#N)(C1CCN(CC2CN(C2)c2ccc(cc2)C#N)CC1)c1ccccc1,2,1,5.062556244576944,5.309803919971486,10100.0,4900.0,IC50;Ki,BindingDB,50516575,Menin,,low_or_inactive_>10uM,False,False,0.8479477021576041,high
CO[C@H]1CCC[C@@H]1[C@](C#N)(c1ccccc1)C1CCN(CC2CN(c3ccc(C#N)cc3)C2)CC1,2,1,5.062556244576944,5.309803919971486,10100.0,4900.0,IC50;Ki,ChEMBL,CHEMBL4515980,Menin,2019,low_or_inactive_>10uM,False,False,0.8655954577322383,high
Cc1sc2ncnc(NC3CCN(Cc4ccccc4)CC3)c2c1C,2,2,5.060480747381382,5.060480747381382,8700.0,8700.0,IC50,BindingDB;ChEMBL,152242;CHEMBL1492096,Menin,2015,weak_1uM_to_10uM,False,False,0.8441652327757204,high
CO[C@@H]1CCC[C@H]1C(C#N)(C1CCN(CCCOc2ccc(cc2)C#N)CC1)c1ccccc1,1,1,5.055517327849831,5.055517327849831,8800.0,8800.0,IC50,BindingDB,480115,Menin,,weak_1uM_to_10uM,False,False,0.9016019448271478,high
CO[C@@H]1CCC[C@H]1C(C#N)(c1ccccc1)C1CCN(CCCOc2ccc(C#N)cc2)CC1,1,1,5.055517327849831,5.055517327849831,8800.0,8800.0,IC50,ChEMBL,CHEMBL6057170,Menin,2021,weak_1uM_to_10uM,False,False,0.8960505255514571,high
N#CC(Cc1ccncc1)(c1ccccc1)C1CCN(CC2CN(c3ccc(S(=O)(=O)c4ccncc4)cc3)C2)CC1,1,1,5.055517327849831,5.055517327849831,8800.0,8800.0,IC50,ChEMBL,CHEMBL5931813,Menin,2021,weak_1uM_to_10uM,False,False,0.8898202687612339,high
O=S(=O)(c1ccncc1)c1ccc(cc1)N1CC(CN2CCC(CC2)C(Cc2ccncc2)(C#N)c2ccccc2)C1,1,1,5.055517327849831,5.055517327849831,8800.0,8800.0,IC50,BindingDB,480281,Menin,,weak_1uM_to_10uM,False,False,0.9014231818715935,high
C1CN(CCC1NC2=NC=NC3=CN=C(C=C32)Cl)CC4CN(C4)C5=CC=C(C=C5)S(=O)(=O)C6=CC=NC=C6,1,1,5.045757490560675,5.045757490560675,9000.0,9000.0,IC50,PubChem,168289691.0,,,weak_1uM_to_10uM,False,False,0.771577988472617,high
CCO[C@@H]1CCC[C@H]1C(C#N)(C1CCN(CC2CN(C2)c2ccc(cc2)S(=O)(=O)c2ccncc2)CC1)c1ccccc1,1,1,5.045757490560675,5.045757490560675,9000.0,9000.0,IC50,BindingDB,480139,Menin,,weak_1uM_to_10uM,False,False,0.855229583570513,high
CCO[C@@H]1CCC[C@H]1C(C#N)(c1ccccc1)C1CCN(CC2CN(c3ccc(S(=O)(=O)c4ccncc4)cc3)C2)CC1,1,1,5.045757490560675,5.045757490560675,9000.0,9000.0,IC50,ChEMBL,CHEMBL5821503,Menin,2021,weak_1uM_to_10uM,False,False,0.8702644271152676,high
CC(=O)OC[C@H]1CCC[C@@H]1C(C#N)(C1CCN(CC2CN(C2)c2ccc(cc2)S(=O)(=O)C2CC2)CC1)c1ccccc1,1,1,5.031517051446064,5.031517051446064,9300.0,9300.0,IC50,BindingDB,480200,Menin,,weak_1uM_to_10uM,False,False,0.7619035009119407,high
CC(=O)OC[C@H]1CCC[C@@H]1C(C#N)(c1ccccc1)C1CCN(CC2CN(c3ccc(S(=O)(=O)C4CC4)cc3)C2)CC1,1,1,5.031517051446064,5.031517051446064,9300.0,9300.0,IC50,ChEMBL,CHEMBL6045176,Menin,2021,weak_1uM_to_10uM,False,False,0.7709213762283671,high
CC(=O)N1C(C2=C(CC(CC2=O)c2ccc(cc2)C(C)(C)C)Nc2ccccc12)c1cccnc1,2,1,5.020479303839453,5.154901959985743,10000.0,7000.0,IC50,BindingDB,152249,Menin,,weak_1uM_to_10uM,False,False,0.6758239353737361,medium
CC(=O)N1c2ccccc2NC2=C(C(=O)CC(c3ccc(C(C)(C)C)cc3)C2)C1c1cccnc1,2,1,5.020479303839453,5.154901959985743,10000.0,7000.0,IC50,ChEMBL,CHEMBL3696195,Menin,2015,weak_1uM_to_10uM,False,False,0.3694331588594018,medium
COC(=O)N1Cc2ccccc2C(C2CCN(CCCOc3ccc(C#N)cc3)CC2)([C@H]2CCC[C@@H]2OC)C1,1,1,5.017728766960431,5.017728766960431,9600.0,9600.0,IC50,ChEMBL,CHEMBL5758134,Menin,2021,weak_1uM_to_10uM,False,False,0.6800178733615948,medium
CO[C@H]1CCC[C@@H]1C1(CN(Cc2ccccc12)C(=O)OC)C1CCN(CCCOc2ccc(cc2)C#N)CC1,1,1,5.017728766960431,5.017728766960431,9600.0,9600.0,IC50,BindingDB,480263,Menin,,weak_1uM_to_10uM,False,False,0.7635326163270895,high
CO[C@@H]1CCC[C@H]1C(C#N)(C1CCN(CC2CN(C2)c2ccc(cc2)S(C)(=O)=O)CC1)c1ccccc1,1,1,5.013228265733755,5.013228265733755,9700.0,9700.0,IC50,BindingDB,480120,Menin,,weak_1uM_to_10uM,False,False,0.8196575152369696,high
CO[C@@H]1CCC[C@H]1C(C#N)(c1ccccc1)C1CCN(CC2CN(c3ccc(S(C)(=O)=O)cc3)C2)CC1,1,1,5.013228265733755,5.013228265733755,9700.0,9700.0,IC50,ChEMBL,CHEMBL5990853,Menin,2021,weak_1uM_to_10uM,False,False,0.8366981186202856,high
CN(C)C1CCN(CC1)C2=NC3=C(C=C2)N=CN=C3NC4CCN(CC4)CC5CN(C5)C6=CC=C(C=C6)C#N,3,1,5.008773924307505,6.886056647693163,9800.0,130.0,IC50,PubChem,168279947.0,,,weak_1uM_to_10uM,False,False,0.9304167772619821,high
COCCCN1CCC(C2(C3CCCC3)NCCc3ccccc32)CC1,1,1,5.004364805402449,5.004364805402449,9900.0,9900.0,IC50,ChEMBL,CHEMBL5867086,Menin,2021,weak_1uM_to_10uM,False,False,0.8943341299232742,high
COCCCN1CCC(CC1)C1(NCCc2ccccc12)C1CCCC1,1,1,5.004364805402449,5.004364805402449,9900.0,9900.0,IC50,BindingDB,480023,Menin,,weak_1uM_to_10uM,False,False,0.7446709571849252,high
CCc1cc2c(N3CCN(C(=O)c4ccccc4)CC3)ncnc2s1,1,1,5.0,5.0,10000.0,10000.0,IC50,ChEMBL,CHEMBL568126,Menin,2015,weak_1uM_to_10uM,False,False,0.4899810297636457,medium
CCc1cc2c(ncnc2s1)N1CCN(CC1)C(=O)c1ccccc1,1,1,5.0,5.0,10000.0,10000.0,IC50,BindingDB,50302435,Menin,,weak_1uM_to_10uM,False,False,0.5057412890795248,medium
CCC1CCCC1C(C#N)(C1CCN(CC2CN(C2)c2ccc(cc2)S(=O)(=O)c2ccncc2)CC1)c1ccccc1,1,1,4.991399828238082,4.991399828238082,10200.0,10200.0,IC50,BindingDB,480277,Menin,,low_or_inactive_>10uM,False,False,0.8647785247485996,high
CCC1CCCC1C(C#N)(c1ccccc1)C1CCN(CC2CN(c3ccc(S(=O)(=O)c4ccncc4)cc3)C2)CC1,1,1,4.991399828238082,4.991399828238082,10200.0,10200.0,IC50,ChEMBL,CHEMBL5922501,Menin,2021,low_or_inactive_>10uM,False,False,0.8771486129978063,high
C1CN(CCC1N[C@@H]2C[C@H]2C3=CC=CC=C3)C4=C5C=C(SC5=NC=N4)CC(F)(F)F,1,1,4.989700043360188,4.989700043360188,10240.0,10240.0,IC50,PubChem,155515963.0,,,low_or_inactive_>10uM,False,False,0.8940765831981059,high
CO[C@H]1CCC[C@@H]1[C@@](C#N)(C2CCN(CC2)CC3CN(C3)C4=CC=C(C=C4)C#N)C5=CC=CC=C5,3,1,4.987162775294828,5.309803919971486,10300.0,4900.0,IC50;Ki,PubChem,132104449.0,,,low_or_inactive_>10uM,False,False,0.7121753049015239,high
CSC[C@H]1CCC[C@@H]1C(C#N)(C1CCN(CC2CN(C2)c2ccc(cc2)S(=O)(=O)c2ccncc2)CC1)c1ccccc1,1,1,4.987162775294828,4.987162775294828,10300.0,10300.0,IC50,BindingDB,480198,Menin,,low_or_inactive_>10uM,False,False,0.9369550196160918,high
CSC[C@H]1CCC[C@@H]1C(C#N)(c1ccccc1)C1CCN(CC2CN(c3ccc(S(=O)(=O)c4ccncc4)cc3)C2)CC1,1,1,4.987162775294828,4.987162775294828,10300.0,10300.0,IC50,ChEMBL,CHEMBL5932259,Menin,2021,low_or_inactive_>10uM,False,False,0.9447685432426296,high
COC(=O)N1Cc2ccccc2C(C2CCN(CCCOc3ccc(C#N)cc3)CC2)([C@@H]2CCC[C@H]2OC)C1,1,1,4.982966660701219,4.982966660701219,10400.0,10400.0,IC50,ChEMBL,CHEMBL6064433,Menin,2021,low_or_inactive_>10uM,False,False,0.6800178733615948,medium
CO[C@@H]1CCC[C@H]1C1(CN(Cc2ccccc12)C(=O)OC)C1CCN(CCCOc2ccc(cc2)C#N)CC1,1,1,4.982966660701219,4.982966660701219,10400.0,10400.0,IC50,BindingDB,480262,Menin,,low_or_inactive_>10uM,False,False,0.7635326163270895,high
N#Cc1ccc(OCCCN2CCC(C3(C4CCCS4(=O)=O)NCCc4ccccc43)CC2)cc1,1,1,4.97061622231479,4.97061622231479,10700.0,10700.0,IC50,ChEMBL,CHEMBL5768927,Menin,2021,low_or_inactive_>10uM,False,False,0.9014720888653557,high
O=S1(=O)CCCC1C1(NCCc2ccccc12)C1CCN(CCCOc2ccc(cc2)C#N)CC1,1,1,4.97061622231479,4.97061622231479,10700.0,10700.0,IC50,BindingDB,480243,Menin,,low_or_inactive_>10uM,False,False,0.7894826249033154,high
CO[C@@H]1CCC[C@H]1[C@@](C#N)(C1CCN(CC2CN(C2)c2ccc(cc2)C#N)CC1)c1ccccc1,2,1,4.966818398870753,5.214670164989233,12600.0,6100.0,IC50;Ki,BindingDB,50516576,Menin,,low_or_inactive_>10uM,False,False,0.8479477021576041,high
CO[C@@H]1CCC[C@H]1[C@](C#N)(c1ccccc1)C1CCN(CC2CN(c3ccc(C#N)cc3)C2)CC1,2,1,4.966818398870753,5.214670164989233,12600.0,6100.0,IC50;Ki,ChEMBL,CHEMBL4474336,Menin,2019,low_or_inactive_>10uM,False,False,0.8655954577322383,high
N#Cc1ccc(OCCN2CCC(C3(C4CCCC4)NCCc4ccccc43)CC2)cc1,2,1,4.966650724788503,5.259637310505756,13350.0,5500.0,IC50;Ki,ChEMBL,CHEMBL4570651,Menin,2019,low_or_inactive_>10uM,False,False,0.9598466302310967,high
N#Cc1ccc(OCCN2CCC(CC2)C2(NCCc3ccccc23)C2CCCC2)cc1,2,1,4.966650724788503,5.259637310505756,13350.0,5500.0,IC50;Ki,BindingDB,50516555,Menin,,low_or_inactive_>10uM,False,False,0.9257972964499028,high
C1CN(CCC1C(C2=CC=CC=C2)(C3=CC=CC=C3)O)CCCOC4=CC=C(C=C4)C#N,1,1,4.966576244513051,4.966576244513051,10800.0,10800.0,IC50,PubChem,44543700.0,,,low_or_inactive_>10uM,False,False,0.6594616273918454,medium
N#Cc1ccc(OCCCN2CCC(C(O)(c3ccccc3)c3ccccc3)CC2)cc1,1,1,4.966576244513051,4.966576244513051,10800.0,10800.0,IC50,ChEMBL,CHEMBL3126202,Menin,2014,low_or_inactive_>10uM,False,False,0.8674522643074292,high
OC(C1CCN(CCCOc2ccc(cc2)C#N)CC1)(c1ccccc1)c1ccccc1,1,1,4.966576244513051,4.966576244513051,10800.0,10800.0,IC50,BindingDB,50496350,Menin,,low_or_inactive_>10uM,False,False,0.8556724340287308,high
N#Cc1ccc(OCCCN2CCC(C(C#N)(c3ccccc3)C3CCCCC3)CC2)cc1,1,1,4.954677021213342,4.954677021213342,11100.0,11100.0,IC50,ChEMBL,CHEMBL5993236,Menin,2021,low_or_inactive_>10uM,False,False,0.9260689357168655,high
N#Cc1ccc(OCCCN2CCC(CC2)C(C#N)(C2CCCCC2)c2ccccc2)cc1,1,1,4.954677021213342,4.954677021213342,11100.0,11100.0,IC50,BindingDB,480233,Menin,,low_or_inactive_>10uM,False,False,0.9115084389701235,high
C1CC1C(C2CCN(CC2)CCCOC3=CC=C(C=C3)C#N)(C4=CC=CC=C4)O,1,1,4.950781977329818,4.950781977329818,11200.0,11200.0,IC50,PubChem,46926616.0,,,low_or_inactive_>10uM,False,False,0.7422596356729824,high
CCC(C)CC1(C2CCN(CCCOc3ccc(C#N)cc3)CC2)NCCc2ccccc21,1,1,4.950781977329818,4.950781977329818,11200.0,11200.0,IC50,ChEMBL,CHEMBL5944307,Menin,2021,low_or_inactive_>10uM,False,False,0.8434432296411933,high
CCC(C)CC1(NCCc2ccccc12)C1CCN(CCCOc2ccc(cc2)C#N)CC1,1,1,4.950781977329818,4.950781977329818,11200.0,11200.0,IC50,BindingDB,480112,Menin,,low_or_inactive_>10uM,False,False,0.9144622166685785,high
N#Cc1ccc(OCCCN2CCC(C(O)(c3ccccc3)C3CC3)CC2)cc1,1,1,4.950781977329818,4.950781977329818,11200.0,11200.0,IC50,ChEMBL,CHEMBL3126182,Menin,2014,low_or_inactive_>10uM,False,False,0.8247954844072767,high
OC(C1CC1)(C1CCN(CCCOc2ccc(cc2)C#N)CC1)c1ccccc1,1,1,4.950781977329818,4.950781977329818,11200.0,11200.0,IC50,BindingDB,50496337,Menin,,low_or_inactive_>10uM,False,False,0.8441841801178012,high
CC(=O)O[C@@H]1CCC[C@H]1C(C#N)(C1CCN(CCCOc2ccc(cc2)C#N)CC1)c1ccccc1F,1,1,4.943095148663527,4.943095148663527,11400.0,11400.0,IC50,BindingDB,480248,Menin,,low_or_inactive_>10uM,False,False,0.8343630723648456,high
CC(=O)O[C@@H]1CCC[C@H]1C(C#N)(c1ccccc1F)C1CCN(CCCOc2ccc(C#N)cc2)CC1,1,1,4.943095148663527,4.943095148663527,11400.0,11400.0,IC50,ChEMBL,CHEMBL5869006,Menin,2021,low_or_inactive_>10uM,False,False,0.8300471392255393,high
CC(=O)O[C@@H]1CCC[C@H]1C(C#N)(C1CCN(CC2CN(C2)c2ccc(CC(F)(F)F)cc2)CC1)c1cccc(F)c1,1,1,4.935542010773082,4.935542010773082,11600.0,11600.0,IC50,BindingDB,480355,Menin,,low_or_inactive_>10uM,False,False,0.9140649461626501,high
CC(=O)O[C@@H]1CCC[C@H]1C(C#N)(c1cccc(F)c1)C1CCN(CC2CN(c3ccc(CC(F)(F)F)cc3)C2)CC1,1,1,4.935542010773082,4.935542010773082,11600.0,11600.0,IC50,ChEMBL,CHEMBL5842609,Menin,2021,low_or_inactive_>10uM,False,False,0.8968920895088245,high
C[C@H](NC(=O)O[C@H]1CCC[C@@H]1[C@@](C#N)(C1CCN(CC2CN(C2)c2ccc(cc2)S(=O)(=O)c2ccncc2)CC1)c1ccccc1)c1ccccc1,1,1,4.935542010773082,4.935542010773082,11600.0,11600.0,IC50,BindingDB,480157,Menin,,low_or_inactive_>10uM,False,False,0.8252403857548427,high
C[C@H](NC(=O)O[C@H]1CCC[C@@H]1[C@](C#N)(c1ccccc1)C1CCN(CC2CN(c3ccc(S(=O)(=O)c4ccncc4)cc3)C2)CC1)c1ccccc1,1,1,4.935542010773082,4.935542010773082,11600.0,11600.0,IC50,ChEMBL,CHEMBL6056651,Menin,2021,low_or_inactive_>10uM,False,False,0.8500588530583087,high
N#Cc1cc2cc(C(=O)N[C@H]3CC[C@H](C4(C5CCCC5)NCCc5ccccc54)CC3)ccc2[nH]1,1,1,4.935542010773082,4.935542010773082,11600.0,11600.0,IC50,ChEMBL,CHEMBL6007799,Menin,2021,low_or_inactive_>10uM,False,False,0.7433379033423104,high
O=C(N[C@H]1CC[C@@H](CC1)C1(NCCc2ccccc12)C1CCCC1)c1ccc2[nH]c(cc2c1)C#N,1,1,4.935542010773082,4.935542010773082,11600.0,11600.0,IC50,BindingDB,480029,Menin,,low_or_inactive_>10uM,False,False,0.7799070327970208,high
C(N1CCC(CC1)Nc1ncnc2sc3CCCc3c12)c1ccccc1,1,1,4.920818753952375,4.920818753952375,12000.0,12000.0,IC50,BindingDB,152243,Menin,,low_or_inactive_>10uM,False,False,0.8462836879675001,high
CC1(C)CC(=O)C2=C(C1)Nc1ccccc1NC2c1ccc2OCOc2c1,1,1,4.920818753952375,4.920818753952375,12000.0,12000.0,IC50,BindingDB,152251,Menin,,low_or_inactive_>10uM,False,False,0.3022026555368865,medium
CC1(C)CC(=O)C2=C(C1)Nc1ccccc1NC2c1ccc2c(c1)OCO2,1,1,4.920818753952375,4.920818753952375,12000.0,12000.0,IC50,ChEMBL,CHEMBL3696197,Menin,2015,low_or_inactive_>10uM,False,False,0.2509318595175374,low
CCc1cc2c(N3CCN(C(=O)c4ccco4)CC3)ncnc2s1,1,1,4.920818753952375,4.920818753952375,12000.0,12000.0,IC50,ChEMBL,CHEMBL1342135,Menin,2015,low_or_inactive_>10uM,False,False,0.2390618351698381,low
CCc1cc2c(ncnc2s1)N1CCN(CC1)C(=O)c1ccco1,1,1,4.920818753952375,4.920818753952375,12000.0,12000.0,IC50,BindingDB,152228,Menin,,low_or_inactive_>10uM,False,False,0.44157895142890435,medium
c1ccc(CN2CCC(Nc3ncnc4sc5c(c34)CCC5)CC2)cc1,1,1,4.920818753952375,4.920818753952375,12000.0,12000.0,IC50,ChEMBL,CHEMBL3696189,Menin,2015,low_or_inactive_>10uM,False,False,0.808375815061944,high
C1CN(CCC1C(C2=CC=CC=C2)(C3=CC=CC=C3)O)CC(COC4=CC=C(C=C4)C#N)O,1,1,4.892790030352131,4.892790030352131,12800.0,12800.0,IC50,PubChem,4831277.0,,,low_or_inactive_>10uM,False,False,0.4873804673760616,medium
N#Cc1ccc(OCC(O)CN2CCC(C(O)(c3ccccc3)c3ccccc3)CC2)cc1,1,1,4.892790030352131,4.892790030352131,12800.0,12800.0,IC50,ChEMBL,CHEMBL1438422,Menin,2014,low_or_inactive_>10uM,False,False,0.7736092558036178,high
OC(COc1ccc(cc1)C#N)CN1CCC(CC1)C(O)(c1ccccc1)c1ccccc1,1,1,4.892790030352131,4.892790030352131,12800.0,12800.0,IC50,BindingDB,50496342,Menin,,low_or_inactive_>10uM,False,False,0.750534671297443,high
C[C@@H]1CC(C(C#N)(c2ccccc2)C2CCCC2)C[C@H](C)N1CCCOc1ccc(C#N)cc1,1,1,4.882728704344236,4.882728704344236,13100.0,13100.0,IC50,ChEMBL,CHEMBL5792312,Menin,2021,low_or_inactive_>10uM,False,False,0.875844564615548,high
C[C@H]1CC(C[C@@H](C)N1CCCOc1ccc(cc1)C#N)C(C#N)(C1CCCC1)c1ccccc1,1,1,4.882728704344236,4.882728704344236,13100.0,13100.0,IC50,BindingDB,480070,Menin,,low_or_inactive_>10uM,False,False,0.875255154356673,high
O=S(=O)(C1CC1)c1ccc(O[C@H]2C[C@H](C2)N2CCC(CC2)C2(NCCc3ccccc23)C2CCCC2)cc1,1,1,4.882728704344236,4.882728704344236,13100.0,13100.0,IC50,BindingDB,480038,Menin,,low_or_inactive_>10uM,False,False,0.8929397716931369,high
O=S(=O)(c1ccc(O[C@H]2C[C@@H](N3CCC(C4(C5CCCC5)NCCc5ccccc54)CC3)C2)cc1)C1CC1,1,1,4.882728704344236,4.882728704344236,13100.0,13100.0,IC50,ChEMBL,CHEMBL5887740,Menin,2021,low_or_inactive_>10uM,False,False,0.8800564010837638,high
CC(=O)O[C@@H]1CCC[C@H]1C(C#N)(C1CCN(CC2CN(C2)c2ccc(cc2)S(=O)(=O)c2ccccc2)CC1)c1cccc(F)c1,1,1,4.860120913598763,4.860120913598763,13800.0,13800.0,IC50,BindingDB,480252,Menin,,low_or_inactive_>10uM,False,False,0.8233214667574801,high
CC(=O)O[C@@H]1CCC[C@H]1C(C#N)(c1cccc(F)c1)C1CCN(CC2CN(c3ccc(S(=O)(=O)c4ccccc4)cc3)C2)CC1,1,1,4.860120913598763,4.860120913598763,13800.0,13800.0,IC50,ChEMBL,CHEMBL5914883,Menin,2021,low_or_inactive_>10uM,False,False,0.8356400620080038,high
CCC1=CC2=C(N=CN=C2S1)N3CCN(CC3)CC4=CC=C(C=C4)Cl,1,1,4.853871964321762,4.853871964321762,14000.0,14000.0,IC50,PubChem,31538781.0,,,low_or_inactive_>10uM,False,False,0.5420780792508466,medium
CS(=O)(=O)CO[C@H]1CCC[C@@H]1C(C#N)(C1CCN(CC2CN(C2)c2ccc(cc2)S(=O)(=O)c2ccncc2)CC1)c1ccccc1,1,1,4.841637507904751,4.841637507904751,14400.0,14400.0,IC50,BindingDB,480192,Menin,,low_or_inactive_>10uM,False,False,0.76267665493394,high
CS(=O)(=O)CO[C@H]1CCC[C@@H]1C(C#N)(c1ccccc1)C1CCN(CC2CN(c3ccc(S(=O)(=O)c4ccncc4)cc3)C2)CC1,1,1,4.841637507904751,4.841637507904751,14400.0,14400.0,IC50,ChEMBL,CHEMBL5851276,Menin,2021,low_or_inactive_>10uM,False,False,0.7778151799154661,high
CC(=O)O[C@H]1CCC[C@@H]1C(C#N)(C1CCN(CC2CN(C2)c2ccc(cc2)C(O)=O)CC1)c1ccccc1,1,1,4.82102305270683,4.82102305270683,15100.0,15100.0,IC50,BindingDB,480324,Menin,,low_or_inactive_>10uM,False,False,0.6732258611294695,medium
CC(=O)O[C@H]1CCC[C@@H]1C(C#N)(c1ccccc1)C1CCN(CC2CN(c3ccc(C(=O)O)cc3)C2)CC1,1,1,4.82102305270683,4.82102305270683,15100.0,15100.0,IC50,ChEMBL,CHEMBL5873208,Menin,2021,low_or_inactive_>10uM,False,False,0.4116049496564772,medium
CCCCC(C1CCN(CC1)CCCOC2=CC=C(C=C2)C#N)(C3=CC=CC=C3)O,1,1,4.815308569182402,4.815308569182402,15300.0,15300.0,IC50,PubChem,46926614.0,,,low_or_inactive_>10uM,False,False,0.7849215880053378,high
CCCCC(O)(C1CCN(CCCOc2ccc(cc2)C#N)CC1)c1ccccc1,1,1,4.815308569182402,4.815308569182402,15300.0,15300.0,IC50,BindingDB,50496338,Menin,,low_or_inactive_>10uM,False,False,0.8135945302714417,high
CCCCC(O)(c1ccccc1)C1CCN(CCCOc2ccc(C#N)cc2)CC1,1,1,4.815308569182402,4.815308569182402,15300.0,15300.0,IC50,ChEMBL,CHEMBL3126181,Menin,2014,low_or_inactive_>10uM,False,False,0.8063489870130318,high
NCC1O[C@@H](O[C@@H]2[C@@H](CO)O[C@@H](O[C@H]3[C@H](O)[C@@H](N)C[C@@H](N)[C@@H]3O[C@H]3O[C@H](CN)[C@@H](O)[C@H](O)[C@H]3N)[C@@H]2O)[C@@H](N)[C@H](O)[C@H]1O,1,1,4.806875401645539,4.806875401645539,15600.0,15600.0,Kd,BindingDB,50366388,Menin,,low_or_inactive_>10uM,False,False,0.0017890522065937497,low
NC[C@@H]1O[C@H](O[C@H]2[C@@H](O)[C@H](O[C@@H]3[C@@H](O)[C@H](N)C[C@H](N)[C@H]3O[C@H]3O[C@H](CN)[C@@H](O)[C@H](O)[C@H]3N)O[C@@H]2CO)[C@H](N)[C@@H](O)[C@@H]1O,1,1,4.806875401645539,4.806875401645539,15600.0,15600.0,Kd,ChEMBL,CHEMBL184618,Menin,2014,low_or_inactive_>10uM,False,False,0.0015267305849626905,low
CCc1cc2c(N3CCN(CC(=O)N4CCN(C)CC4)CC3)ncnc2s1,1,1,4.795880017344075,4.795880017344075,16000.0,16000.0,IC50,ChEMBL,CHEMBL3696182,Menin,2015,low_or_inactive_>10uM,False,False,0.47400369639974843,medium
CCc1cc2c(ncnc2s1)N1CCN(CC(=O)N2CCN(C)CC2)CC1,1,1,4.795880017344075,4.795880017344075,16000.0,16000.0,IC50,BindingDB,152234,Menin,,low_or_inactive_>10uM,False,False,0.3330443783544165,medium
CSC[C@@H]1CCC[C@H]1C(C#N)(C1CCN(CC2CN(C2)c2ccc(cc2)S(=O)(=O)c2ccncc2)CC1)c1ccccc1,1,1,4.769551078621726,4.769551078621726,17000.0,17000.0,IC50,BindingDB,480199,Menin,,low_or_inactive_>10uM,False,False,0.9369550196160918,high
CSC[C@@H]1CCC[C@H]1C(C#N)(c1ccccc1)C1CCN(CC2CN(c3ccc(S(=O)(=O)c4ccncc4)cc3)C2)CC1,1,1,4.769551078621726,4.769551078621726,17000.0,17000.0,IC50,ChEMBL,CHEMBL5742182,Menin,2021,low_or_inactive_>10uM,False,False,0.9447685432426296,high
C1CN(CCC1CN[C@@H]2C[C@H]2C3=CC=CC=C3)C4=C5C=C(SC5=NC=N4)CC(F)(F)F,1,1,4.761201437286083,4.761201437286083,17330.0,17330.0,IC50,PubChem,155561606.0,,,low_or_inactive_>10uM,False,False,0.930113913401967,high
CO[C@H]1CCC[C@@H]1C(C#N)(C1CCN(CC2CN(C2)c2ccc(cc2)S(C)(=O)=O)CC1)c1ccccc1,1,1,4.7423214251308154,4.7423214251308154,18100.0,18100.0,IC50,BindingDB,480121,Menin,,low_or_inactive_>10uM,False,False,0.8196575152369696,high
CO[C@H]1CCC[C@@H]1C(C#N)(c1ccccc1)C1CCN(CC2CN(c3ccc(S(C)(=O)=O)cc3)C2)CC1,1,1,4.7423214251308154,4.7423214251308154,18100.0,18100.0,IC50,ChEMBL,CHEMBL5995050,Menin,2021,low_or_inactive_>10uM,False,False,0.8366981186202856,high
FCC1(CF)CC(C1)N1CCC(CC1)C1(NCCc2ccccc12)C1CCCC1,1,1,4.739928612014925,4.739928612014925,18200.0,18200.0,IC50,BindingDB,480009,Menin,,low_or_inactive_>10uM,False,False,0.7333892810480643,high
FCC1(CF)CC(N2CCC(C3(C4CCCC4)NCCc4ccccc43)CC2)C1,1,1,4.739928612014925,4.739928612014925,18200.0,18200.0,IC50,ChEMBL,CHEMBL5869690,Menin,2021,low_or_inactive_>10uM,False,False,0.9098338927130262,high
COCC(C1CC1)C(C#N)(C1CCN(CCCOc2ccc(cc2)C#N)CC1)c1ccccc1,1,1,4.721246399047171,4.721246399047171,19000.0,19000.0,IC50,BindingDB,480268,Menin,,low_or_inactive_>10uM,False,False,0.8777311438693541,high
COCC(C1CC1)C(C#N)(c1ccccc1)C1CCN(CCCOc2ccc(C#N)cc2)CC1,1,1,4.721246399047171,4.721246399047171,19000.0,19000.0,IC50,ChEMBL,CHEMBL5908865,Menin,2021,low_or_inactive_>10uM,False,False,0.8709511271373931,high
C[C@@H](C(=O)N[C@@H](C)C(=O)N1CCC[C@H]1C(=O)N)NC(=O)[C@@H]2CCCN2C(=O)[C@H](CC3=CC=CC=C3)NC(=O)[C@H](C)NC(=O)[C@H](CC4=CNC5=CC=CC=C54)NC(=O)[C@H](CCCN=C(N)N)NC(=O)[C@H](C)NC(=O)[C@H](CO)NC(=O)C,1,1,4.721246399047171,4.721246399047171,19000.0,19000.0,IC50,PubChem,162643647.0,,,low_or_inactive_>10uM,False,False,0.09903140436394,low
CN([C@@H]1CCC[C@H]1C(C#N)(C1CCN(CC2CN(C2)c2ccc(cc2)S(=O)(=O)C2CC2)CC1)c1ccccc1)S(C)(=O)=O,1,1,4.716698771296451,4.716698771296451,19200.0,19200.0,IC50,BindingDB,480213,Menin,,low_or_inactive_>10uM,False,False,0.7949167849280703,high
CN([C@@H]1CCC[C@H]1C(C#N)(c1ccccc1)C1CCN(CC2CN(c3ccc(S(=O)(=O)C4CC4)cc3)C2)CC1)S(C)(=O)=O,1,1,4.716698771296451,4.716698771296451,19200.0,19200.0,IC50,ChEMBL,CHEMBL5882575,Menin,2021,low_or_inactive_>10uM,False,False,0.8024040331876067,high
CC1CCc2c(C1)sc1ncnc(NC3CCN(Cc4ccccc4)CC3)c21,1,1,4.698970004336019,4.698970004336019,20000.0,20000.0,IC50,BindingDB,152244,Menin,,low_or_inactive_>10uM,False,False,0.8657136995523911,high
CC1CCc2c(sc3ncnc(NC4CCN(Cc5ccccc5)CC4)c23)C1,1,1,4.698970004336019,4.698970004336019,20000.0,20000.0,IC50,ChEMBL,CHEMBL3696190,Menin,2015,low_or_inactive_>10uM,False,False,0.8880734988410146,high
CCc1cc2c(N3CCN(CC(=O)N4CCOCC4)CC3)ncnc2s1,1,1,4.698970004336019,4.698970004336019,20000.0,20000.0,IC50,ChEMBL,CHEMBL3696178,Menin,2015,low_or_inactive_>10uM,False,False,0.2834968920279077,low
CCc1cc2c(ncnc2s1)N1CCN(CC(=O)N2CCOCC2)CC1,1,1,4.698970004336019,4.698970004336019,20000.0,20000.0,IC50,BindingDB,152227,Menin,,low_or_inactive_>10uM,False,False,0.18519599566087816,low
COc1ccc(CN2CCCN(CC2)c2ncnc3sc(C)c(C)c23)cc1,1,1,4.698970004336019,4.698970004336019,20000.0,20000.0,IC50,BindingDB,152238,Menin,,low_or_inactive_>10uM,False,False,0.9291168774258848,high
COc1ccc(CN2CCCN(c3ncnc4sc(C)c(C)c34)CC2)cc1,1,1,4.698970004336019,4.698970004336019,20000.0,20000.0,IC50,ChEMBL,CHEMBL3696185,Menin,2015,low_or_inactive_>10uM,False,False,0.8748103824076257,high
CSC1=CC2=C(N=CN=C2S1)N3CCN(CC3)C4=NN=C(S4)C(F)(F)F,1,1,4.698970004336019,4.698970004336019,20000.0,20000.0,IC50,PubChem,145989820.0,,,low_or_inactive_>10uM,False,False,0.7966730737925772,high
N#Cc1ccc(OCCN2CCC(CC3(C4CCCC4)NCCc4ccccc43)CC2)cc1,1,1,4.694648630553377,4.694648630553377,20200.0,20200.0,IC50,ChEMBL,CHEMBL5827109,Menin,2021,low_or_inactive_>10uM,False,False,0.9594670390804664,high
N#Cc1ccc(OCCN2CCC(CC3(NCCc4ccccc34)C3CCCC3)CC2)cc1,1,1,4.694648630553377,4.694648630553377,20200.0,20200.0,IC50,BindingDB,480054,Menin,,low_or_inactive_>10uM,False,False,0.9516235920273167,high
CC(C)Cc1cccc(C[C@@H]2NC(=O)[C@@H](N)CCCCCCCCNC(=O)[C@@H]3CCCN3C(=O)[C@H](CCCNC(=N)N)NC(=O)C3(CCC3)NC(=O)[C@@H]3CCCN3C2=O)c1,2,1,4.689619755002898,4.935542010773082,23800.0,11600.0,IC50;Ki,ChEMBL,CHEMBL2314814,Menin,2013,low_or_inactive_>10uM,False,False,0.34526358959088155,medium
CC(C)Cc1cccc(C[C@@H]2NC(=O)[C@@H](N)CCCCCCCCNC(=O)[C@@H]3CCCN3C(=O)[C@H](CCCNC(N)=N)NC(=O)C3(CCC3)NC(=O)[C@@H]3CCCN3C2=O)c1,2,1,4.689619755002898,4.935542010773082,23800.0,11600.0,IC50;Ki,BindingDB,50489226,Menin,,low_or_inactive_>10uM,False,False,0.32319041826789585,medium
CCO[C@@H]1CCC[C@H]1C(C#N)(C1CCN(CC2CN(C2)c2ccc(cc2)S(C)(=O)=O)CC1)c1ccccc1,1,1,4.688246138944246,4.688246138944246,20500.0,20500.0,IC50,BindingDB,480129,Menin,,low_or_inactive_>10uM,False,False,0.8444910735579298,high
CCO[C@@H]1CCC[C@H]1C(C#N)(c1ccccc1)C1CCN(CC2CN(c3ccc(S(C)(=O)=O)cc3)C2)CC1,1,1,4.688246138944246,4.688246138944246,20500.0,20500.0,IC50,ChEMBL,CHEMBL5942488,Menin,2021,low_or_inactive_>10uM,False,False,0.859233417914581,high
CNC(=O)N[C@@H]1CCC[C@H]1C(C#N)(C1CCN(CCCOc2ccc(cc2)C#N)CC1)c1ccccc1,1,1,4.679853713888946,4.679853713888946,20900.0,20900.0,IC50,BindingDB,480257,Menin,,low_or_inactive_>10uM,False,False,0.8819835413845334,high
CNC(=O)N[C@@H]1CCC[C@H]1C(C#N)(c1ccccc1)C1CCN(CCCOc2ccc(C#N)cc2)CC1,1,1,4.679853713888946,4.679853713888946,20900.0,20900.0,IC50,ChEMBL,CHEMBL5807536,Menin,2021,low_or_inactive_>10uM,False,False,0.8758519348705652,high
N#Cc1cc2ccc(C(=O)N3CCC(CC4(C5CCCC5)NCCc5ccccc54)CC3)cc2[nH]1,1,1,4.661543506395395,4.661543506395395,21800.0,21800.0,IC50,ChEMBL,CHEMBL5856058,Menin,2021,low_or_inactive_>10uM,False,False,0.7326741771455394,high
O=C(N1CCC(CC2(NCCc3ccccc23)C2CCCC2)CC1)c1ccc2cc([nH]c2c1)C#N,1,1,4.661543506395395,4.661543506395395,21800.0,21800.0,IC50,BindingDB,480067,Menin,,low_or_inactive_>10uM,False,False,0.8482884302992403,high
CS(=O)(=O)CO[C@@H]1CCC[C@H]1C(C#N)(C1CCN(CC2CN(C2)c2ccc(cc2)S(=O)(=O)c2ccncc2)CC1)c1ccccc1,1,1,4.634512015109101,4.634512015109101,23200.0,23200.0,IC50,BindingDB,480193,Menin,,low_or_inactive_>10uM,False,False,0.76267665493394,high
CS(=O)(=O)CO[C@@H]1CCC[C@H]1C(C#N)(c1ccccc1)C1CCN(CC2CN(c3ccc(S(=O)(=O)c4ccncc4)cc3)C2)CC1,1,1,4.634512015109101,4.634512015109101,23200.0,23200.0,IC50,ChEMBL,CHEMBL6029447,Menin,2021,low_or_inactive_>10uM,False,False,0.7778151799154661,high
CC(=O)N1CCC[C@@H]1C(C#N)(C1CCN(CCCOc2ccc(cc2)C#N)CC1)c1ccccc1,1,1,4.632644078973981,4.632644078973981,23300.0,23300.0,IC50,BindingDB,480270,Menin,,low_or_inactive_>10uM,False,False,0.8563467734032336,high
CC(=O)N1CCC[C@@H]1C(C#N)(c1ccccc1)C1CCN(CCCOc2ccc(C#N)cc2)CC1,1,1,4.632644078973981,4.632644078973981,23300.0,23300.0,IC50,ChEMBL,CHEMBL5914644,Menin,2021,low_or_inactive_>10uM,False,False,0.8490759905211062,high
N=C(N)NCCC[C@@H]1NC(=O)C2(CCC2)NC(=O)[C@@H]2CCCN2C(=O)[C@H](Cc2cccc(-c3ccccc3)c2)NC(=O)[C@@H](N)CCCCCCCCNC(=O)[C@@H]2CCCN2C1=O,2,1,4.629187871248094,4.853871964321762,26700.0,14000.0,IC50;Ki,ChEMBL,CHEMBL2314815,Menin,2013,low_or_inactive_>10uM,False,False,0.6537558607443664,medium
N[C@H]1CCCCCCCCNC(=O)[C@@H]2CCCN2C(=O)[C@H](CCCNC(N)=N)NC(=O)C2(CCC2)NC(=O)[C@@H]2CCCN2C(=O)[C@H](Cc2cccc(c2)-c2ccccc2)NC1=O,2,1,4.629187871248094,4.853871964321762,26700.0,14000.0,IC50;Ki,BindingDB,50489252,Menin,,low_or_inactive_>10uM,False,False,0.6316241849109294,medium
CS(=O)(=O)[C@@H]1CCC[C@@H]1C(C#N)(C1CCN(CC2CN(C2)c2ccc(cc2)S(C)(=O)=O)CC1)c1ccccc1,1,1,4.6252516539898965,4.6252516539898965,23700.0,23700.0,IC50,BindingDB,480122,Menin,,low_or_inactive_>10uM,False,False,0.7571084941628532,high
CS(=O)(=O)c1ccc(N2CC(CN3CCC(C(C#N)(c4ccccc4)[C@H]4CCC[C@H]4S(C)(=O)=O)CC3)C2)cc1,1,1,4.6252516539898965,4.6252516539898965,23700.0,23700.0,IC50,ChEMBL,CHEMBL5809630,Menin,2021,low_or_inactive_>10uM,False,False,0.5994222571782929,medium
CO[C@H]1CCC[C@@H]1C(C#N)(C1CCN(CCCOc2ccc(cc2)C#N)CC1)c1ccccc1,1,1,4.609064892896621,4.609064892896621,24600.0,24600.0,IC50,BindingDB,480114,Menin,,low_or_inactive_>10uM,False,False,0.9016019448271478,high
CO[C@H]1CCC[C@@H]1C(C#N)(c1ccccc1)C1CCN(CCCOc2ccc(C#N)cc2)CC1,1,1,4.609064892896621,4.609064892896621,24600.0,24600.0,IC50,ChEMBL,CHEMBL6017029,Menin,2021,low_or_inactive_>10uM,False,False,0.8960505255514571,high
C1CC(CCC1N[C@H]2C[C@@H]2C3=CC=CC=C3)NC4=C5C=C(SC5=NC=N4)CC(F)(F)F,1,1,4.6067758836387025,4.6067758836387025,24730.0,24730.0,IC50,PubChem,155519027.0,,,low_or_inactive_>10uM,False,False,0.9566527002729603,high
COCC[C@@H]1CCC[C@H]1C(C#N)(C1CCN(CC2CN(C2)c2ccc(cc2)S(=O)(=O)c2ccnc(C)c2)CC1)c1ccccc1,1,1,4.58838029403677,4.58838029403677,25800.0,25800.0,IC50,BindingDB,480276,Menin,,low_or_inactive_>10uM,False,False,0.8984893875149799,high
COCC[C@@H]1CCC[C@H]1C(C#N)(c1ccccc1)C1CCN(CC2CN(c3ccc(S(=O)(=O)c4ccnc(C)c4)cc3)C2)CC1,1,1,4.58838029403677,4.58838029403677,25800.0,25800.0,IC50,ChEMBL,CHEMBL5942260,Menin,2021,low_or_inactive_>10uM,False,False,0.8865394488457492,high
CCN(CCNc1ncnc2sc(CC)cc12)Cc1ccccc1,1,1,4.568636235841013,4.568636235841013,27000.0,27000.0,IC50,BindingDB,152248,Menin,,low_or_inactive_>10uM,False,False,0.7982584150833689,high
CCc1cc2c(NCCN(CC)Cc3ccccc3)ncnc2s1,1,1,4.568636235841013,4.568636235841013,27000.0,27000.0,IC50,ChEMBL,CHEMBL3696194,Menin,2015,low_or_inactive_>10uM,False,False,0.7924935313968222,high
CCCC(=O)O[C@@H]1CCC[C@H]1C(C#N)(C1CCN(CC2CN(C2)c2ccc(cc2)S(=O)(=O)c2ccncc2)CC1)c1ccccc1,1,1,4.552841968657781,4.552841968657781,28000.0,28000.0,IC50,BindingDB,480132,Menin,,low_or_inactive_>10uM,False,False,0.7892231131577534,high
CCCC(=O)O[C@@H]1CCC[C@H]1C(C#N)(c1ccccc1)C1CCN(CC2CN(c3ccc(S(=O)(=O)c4ccncc4)cc3)C2)CC1,1,1,4.552841968657781,4.552841968657781,28000.0,28000.0,IC50,ChEMBL,CHEMBL5955983,Menin,2021,low_or_inactive_>10uM,False,False,0.8041489459715461,high
CC(=O)N1C(C2=C(CC(CC2=O)c2ccc(cc2)C(C)(C)C)Nc2ccccc12)c1ccncc1,2,1,4.545221985379412,4.552841968657781,28500.0,28000.0,IC50,BindingDB,152250,Menin,,low_or_inactive_>10uM,False,False,0.6820904113996316,medium
CC(=O)N1c2ccccc2NC2=C(C(=O)CC(c3ccc(C(C)(C)C)cc3)C2)C1c1ccncc1,2,1,4.545221985379412,4.552841968657781,28500.0,28000.0,IC50,ChEMBL,CHEMBL3696196,Menin,2015,low_or_inactive_>10uM,False,False,0.3676435882317259,medium
COCC[C@H]1CCC[C@@H]1C(C#N)(C1CCN(CC2CN(C2)c2ccc(cc2)S(=O)(=O)c2ccnc(C)c2)CC1)c1ccccc1,1,1,4.531652669587842,4.531652669587842,29400.0,29400.0,IC50,BindingDB,480275,Menin,,low_or_inactive_>10uM,False,False,0.8984893875149799,high
COCC[C@H]1CCC[C@@H]1C(C#N)(c1ccccc1)C1CCN(CC2CN(c3ccc(S(=O)(=O)c4ccnc(C)c4)cc3)C2)CC1,1,1,4.531652669587842,4.531652669587842,29400.0,29400.0,IC50,ChEMBL,CHEMBL6048151,Menin,2021,low_or_inactive_>10uM,False,False,0.8865394488457492,high
C1CN(CCN1c1nccs1)c1ncnc2sccc12,1,1,4.530177984021837,4.530177984021837,29500.0,29500.0,IC50,BindingDB,152225,Menin,,low_or_inactive_>10uM,False,False,0.702769817826266,high
c1csc(N2CCN(c3ncnc4sccc34)CC2)n1,1,1,4.530177984021837,4.530177984021837,29500.0,29500.0,IC50,ChEMBL,CHEMBL3454209,Menin,2015,low_or_inactive_>10uM,False,False,0.7499623361636149,high
CCc1cc2c(N3CCN(Cc4ccc(Cl)cc4)CC3)ncnc2s1,1,1,4.522878745280337,4.522878745280337,30000.0,30000.0,IC50,ChEMBL,CHEMBL3696177,Menin,2015,low_or_inactive_>10uM,False,False,0.8713751125564916,high
CCc1cc2c(ncnc2s1)N1CCN(Cc2ccc(Cl)cc2)CC1,1,1,4.522878745280337,4.522878745280337,30000.0,30000.0,IC50,BindingDB,152226,Menin,,low_or_inactive_>10uM,False,False,0.7654773292680426,high
CC(=O)N1CCCC(C(C#N)(c2ccccc2)C2CCN(CCCOc3ccc(C#N)cc3)CC2)C1,1,1,4.51427857351842,4.51427857351842,30600.0,30600.0,IC50,ChEMBL,CHEMBL5910988,Menin,2021,low_or_inactive_>10uM,False,False,0.7119901213007136,high
CC(=O)N1CCCC(C1)C(C#N)(C1CCN(CCCOc2ccc(cc2)C#N)CC1)c1ccccc1,1,1,4.51427857351842,4.51427857351842,30600.0,30600.0,IC50,BindingDB,480246,Menin,,low_or_inactive_>10uM,False,False,0.7878320735710663,high
CC(C)C(=O)N1CCCCC1C1(C2CCN(CCCOc3ccc(C#N)cc3)CC2)CN(C)Cc2ccccc21,2,1,4.511321135227349,4.774690718274137,36650.0,16800.0,IC50,ChEMBL,CHEMBL5872824,Menin,2021,low_or_inactive_>10uM,False,False,0.728045689086925,high
CC(C)C(=O)N1CCCCC1C1(CN(C)Cc2ccccc12)C1CCN(CCCOc2ccc(cc2)C#N)CC1,2,1,4.511321135227349,4.774690718274137,36650.0,16800.0,IC50,BindingDB,480238,Menin,,low_or_inactive_>10uM,False,False,0.8542734586094721,high
C1CN(CCC1CN[C@@H]2C[C@H]2C3=CC(=C(C=C3)F)F)C4=C5C=C(SC5=NC=N4)CC(F)(F)F,1,1,4.509479690636652,4.509479690636652,30940.0,30940.0,IC50,PubChem,155568919.0,,,low_or_inactive_>10uM,False,False,0.9254030293639401,high
CC(C)c1cc2c(N3CCCN(C4=NCC(C)(C)S4)CC3)ncnc2s1,1,1,4.494850021680094,4.494850021680094,32000.0,32000.0,IC50,ChEMBL,CHEMBL3696187,Menin,2015,low_or_inactive_>10uM,False,False,0.6061331469217274,medium
CC(C)c1cc2c(ncnc2s1)N1CCCN(CC1)C1=NCC(C)(C)S1,1,1,4.494850021680094,4.494850021680094,32000.0,32000.0,IC50,BindingDB,152240,Menin,,low_or_inactive_>10uM,False,False,0.7819903348890878,high
N#Cc1cc2cc(CN3CCC(C4(C5CCCC5)NCCc5ccccc54)CC3)ccc2[nH]1,1,1,4.486782399932061,4.486782399932061,32600.0,32600.0,IC50,ChEMBL,CHEMBL5809984,Menin,2021,low_or_inactive_>10uM,False,False,0.803392810698622,high
N#Cc1cc2cc(CN3CCC(CC3)C3(NCCc4ccccc34)C3CCCC3)ccc2[nH]1,1,1,4.486782399932061,4.486782399932061,32600.0,32600.0,IC50,BindingDB,480063,Menin,,low_or_inactive_>10uM,False,False,0.8910959862373714,high
N#Cc1ccc(OCCCN2CCC(CC3(C4CCCC4)NCCc4ccccc43)CC2)cc1,1,1,4.485452247339714,4.485452247339714,32700.0,32700.0,IC50,ChEMBL,CHEMBL5979519,Menin,2021,low_or_inactive_>10uM,False,False,0.9598705468749134,high
N#Cc1ccc(OCCCN2CCC(CC3(NCCc4ccccc34)C3CCCC3)CC2)cc1,1,1,4.485452247339714,4.485452247339714,32700.0,32700.0,IC50,BindingDB,480053,Menin,,low_or_inactive_>10uM,False,False,0.9523714181859662,high
C1CN(CCC1N[C@H]2C[C@@H]2C3=CC=CC=C3)C4=C5C=C(SC5=NC=N4)CC(F)(F)F,1,1,4.46167766676856,4.46167766676856,34540.0,34540.0,IC50,PubChem,155544104.0,,,low_or_inactive_>10uM,False,False,0.8940765831981059,high
CCC(CC)C(=O)N1CCCCC1C1(C2CCN(CCCOc3ccc(C#N)cc3)CC2)CN(C)Cc2ccccc21,1,1,4.458420756053419,4.458420756053419,34800.0,34800.0,IC50,ChEMBL,CHEMBL5895597,Menin,2021,low_or_inactive_>10uM,False,False,0.7933106203410036,high
CCC(CC)C(=O)N1CCCCC1C1(CN(C)Cc2ccccc12)C1CCN(CCCOc2ccc(cc2)C#N)CC1,1,1,4.458420756053419,4.458420756053419,34800.0,34800.0,IC50,BindingDB,480240,Menin,,low_or_inactive_>10uM,False,False,0.8881660330359644,high
COc1cc(C2Nc3ccccc3NC3=C2C(=O)CC(C)(C)C3)cc(OC)c1OC,1,1,4.455931955649724,4.455931955649724,35000.0,35000.0,IC50,ChEMBL,CHEMBL3696198,Menin,2015,low_or_inactive_>10uM,False,False,0.43905418253639,medium
COc1cc(cc(OC)c1OC)C1Nc2ccccc2NC2=C1C(=O)CC(C)(C)C2,1,1,4.455931955649724,4.455931955649724,35000.0,35000.0,IC50,BindingDB,152252,Menin,,low_or_inactive_>10uM,False,False,0.48989951858615643,medium
N#Cc1ccc(OCCCN2CCC(C3(c4ccccc4)NCCc4ccccc43)CC2)cc1,1,1,4.448550002027125,4.448550002027125,35600.0,35600.0,IC50,ChEMBL,CHEMBL6040302,Menin,2021,low_or_inactive_>10uM,False,False,0.9605350695730128,high
N#Cc1ccc(OCCCN2CCC(CC2)C2(NCCc3ccccc23)c2ccccc2)cc1,1,1,4.448550002027125,4.448550002027125,35600.0,35600.0,IC50,BindingDB,480185,Menin,,low_or_inactive_>10uM,False,False,0.9312531343965165,high
N#Cc1ccc(OCCCCN2CC(C2)C2(NCCc3ccccc23)C2CCCC2)cc1,1,1,4.441291429466834,4.441291429466834,36200.0,36200.0,IC50,BindingDB,480012,Menin,,low_or_inactive_>10uM,False,False,0.9301122401384793,high
N#Cc1ccc(OCCCCN2CC(C3(C4CCCC4)NCCc4ccccc43)C2)cc1,1,1,4.441291429466834,4.441291429466834,36200.0,36200.0,IC50,ChEMBL,CHEMBL5829926,Menin,2021,low_or_inactive_>10uM,False,False,0.9641851507252783,high
CN([C@H]1CCC[C@@H]1C(C#N)(C1CCN(CC2CN(C2)c2ccc(cc2)S(=O)(=O)C2CC2)CC1)c1ccccc1)S(C)(=O)=O,1,1,4.424812155072339,4.424812155072339,37600.0,37600.0,IC50,BindingDB,480212,Menin,,low_or_inactive_>10uM,False,False,0.7949167849280703,high
CN([C@H]1CCC[C@@H]1C(C#N)(c1ccccc1)C1CCN(CC2CN(c3ccc(S(=O)(=O)C4CC4)cc3)C2)CC1)S(C)(=O)=O,1,1,4.424812155072339,4.424812155072339,37600.0,37600.0,IC50,ChEMBL,CHEMBL5967030,Menin,2021,low_or_inactive_>10uM,False,False,0.8024040331876067,high
CCc1cc2c(NCC3CCN(Cc4cccc(C)c4)CC3)ncnc2s1,2,2,4.3979400086720375,4.3979400086720375,40000.0,40000.0,IC50,BindingDB;ChEMBL,152246;CHEMBL3696192,Menin,2015,low_or_inactive_>10uM,False,False,0.7817538455185389,high
N#Cc1ccc(OCCCN2CCC(C(C#N)(CC(=O)N3CCCC3)c3ccccc3)CC2)cc1,1,1,4.3979400086720375,4.3979400086720375,40000.0,40000.0,IC50,ChEMBL,CHEMBL5782128,Menin,2021,low_or_inactive_>10uM,False,False,0.8733568993203801,high
O=C(CC(C#N)(C1CCN(CCCOc2ccc(cc2)C#N)CC1)c1ccccc1)N1CCCC1,1,1,4.3979400086720375,4.3979400086720375,40000.0,40000.0,IC50,BindingDB,480245,Menin,,low_or_inactive_>10uM,False,False,0.8179959786933518,high
C[C@H]1C(=O)N[C@@H](C/C=C\C[C@@H](C(=O)N[C@H](C(=O)N2CCC[C@H]2C(=O)N1)CC3=CC=CC=C3)NC(=O)[C@H](CC4=CNC5=CC=CC=C54)NC(=O)[C@H](CCCN=C(N)N)NC(=O)[C@H](C)NC(=O)[C@H](CO)NC(=O)C)C(=O)N6CCC[C@H]6C(=O)NCC(=O)N[C@@H]([C@@H](C)O)C(=O)N,1,1,4.3872161432802645,4.3872161432802645,41000.0,41000.0,IC50,PubChem,162670197.0,,,low_or_inactive_>10uM,False,False,0.06443571340208055,low
N#Cc1cc2cc(CN3CCC(CC4(C5CCCC5)NCCc5ccccc54)CC3)ccc2[nH]1,1,1,4.380906669373258,4.380906669373258,41600.0,41600.0,IC50,ChEMBL,CHEMBL6056409,Menin,2021,low_or_inactive_>10uM,False,False,0.8110335255190989,high
N#Cc1cc2cc(CN3CCC(CC4(NCCc5ccccc45)C4CCCC4)CC3)ccc2[nH]1,1,1,4.380906669373258,4.380906669373258,41600.0,41600.0,IC50,BindingDB,480061,Menin,,low_or_inactive_>10uM,False,False,0.8462773803398335,high
N#Cc1ccc(OCCCN2CCC(C3NCCc4ccccc43)CC2)cc1,1,1,4.375717904164332,4.375717904164332,42100.0,42100.0,IC50,ChEMBL,CHEMBL6015442,Menin,2021,low_or_inactive_>10uM,False,False,0.9138806633654147,high
N#Cc1ccc(OCCCN2CCC(CC2)C2NCCc3ccccc23)cc1,1,1,4.375717904164332,4.375717904164332,42100.0,42100.0,IC50,BindingDB,480244,Menin,,low_or_inactive_>10uM,False,False,0.9191670794144442,high
C1CC(CCC1N[C@@H]2C[C@H]2C3=CC=CC=C3)NC4=C5C=C(SC5=NC=N4)CC(F)(F)F,2,1,4.363592322881885,4.432620692349022,43840.0,36930.0,IC50,PubChem,155512517.0,,,low_or_inactive_>10uM,False,False,0.9566527002729603,high
CCC1=CC2=C(N=CN=C2S1)N3CCN(CC3)C4=NC=CS4,1,1,4.337242168318426,4.337242168318426,46000.0,46000.0,IC50,PubChem,31540386.0,,,low_or_inactive_>10uM,False,False,0.5071850721338786,medium
C(C1CN(C1)c1ncccn1)N1CCC(CC1)C1(NCCc2ccccc12)C1CCCC1,1,1,4.335358024443875,4.335358024443875,46200.0,46200.0,IC50,BindingDB,480060,Menin,,low_or_inactive_>10uM,False,False,0.68971291680335,medium
c1cnc(N2CC(CN3CCC(C4(C5CCCC5)NCCc5ccccc54)CC3)C2)nc1,1,1,4.335358024443875,4.335358024443875,46200.0,46200.0,IC50,ChEMBL,CHEMBL5815678,Menin,2021,low_or_inactive_>10uM,False,False,0.7307078883474615,high
CC(=O)N[C@@H](CCCNC(=N)N)C(=O)N[C@@H](Cc1c[nH]c2ccccc12)C(=O)N[C@@H](CCCNC(=N)N)C(=O)N[C@@H](Cc1ccccc1)C(=O)N1CCC[C@H]1C(=O)N[C@@H](C)C(=O)N[C@@H](CCCNC(=N)N)C(N)=O,2,1,4.33125539419926,4.5934598195660445,55400.0,25500.0,IC50;Ki,ChEMBL,CHEMBL2314825,Menin,2013,low_or_inactive_>10uM,False,False,0.462701887551719,medium
C[C@H](NC(=O)[C@@H]1CCCN1C(=O)[C@H](Cc1ccccc1)NC(=O)[C@H](CCCNC(N)=N)NC(=O)[C@H](Cc1c[nH]c2ccccc12)NC(=O)[C@H](CCCNC(N)=N)NC(C)=O)C(=O)N[C@@H](CCCNC(N)=N)C(N)=O,2,1,4.33125539419926,4.5934598195660445,55400.0,25500.0,IC50;Ki,BindingDB,50489250,Menin,,low_or_inactive_>10uM,False,False,0.24980795822508167,low
COc1ccc(-c2csc(CC(N)=O)n2)cc1,2,1,4.3277056287106435,4.481486060122113,50000.0,33000.0,IC50,ChEMBL,CHEMBL3696206,Menin,2015,low_or_inactive_>10uM,False,False,0.6062041958145004,medium
COc1ccc(cc1)-c1csc(CC(N)=O)n1,2,1,4.3277056287106435,4.481486060122113,50000.0,33000.0,IC50,BindingDB,152265,Menin,,low_or_inactive_>10uM,False,False,0.7918004507609057,high
CN1Cc2ccccc2C(C1)(C1CCN(CC2CN(C2)c2ccc(cc2)S(C)(=O)=O)CC1)c1ccccn1,1,1,4.3223930472795065,4.3223930472795065,47600.0,47600.0,IC50,BindingDB,480111,Menin,,low_or_inactive_>10uM,False,False,0.7924052885897105,high
CN1Cc2ccccc2C(c2ccccn2)(C2CCN(CC3CN(c4ccc(S(C)(=O)=O)cc4)C3)CC2)C1,1,1,4.3223930472795065,4.3223930472795065,47600.0,47600.0,IC50,ChEMBL,CHEMBL5872391,Menin,2021,low_or_inactive_>10uM,False,False,0.8087111979308782,high
Cc1csc(N2CCN(c3nc(C)nc4sc5c(c34)CCCC5)CC2)n1,1,1,4.309803919971486,4.309803919971486,49000.0,49000.0,IC50,ChEMBL,CHEMBL3696172,Menin,2015,low_or_inactive_>10uM,False,False,0.7680166584187322,high
Cc1csc(n1)N1CCN(CC1)c1nc(C)nc2sc3CCCCc3c12,1,1,4.309803919971486,4.309803919971486,49000.0,49000.0,IC50,BindingDB,152219,Menin,,low_or_inactive_>10uM,False,False,0.8397413527901968,high
CS(=O)(=O)c1ccc(N2CC(CN3CCC(C(C#N)(c4ccccc4)C4CCC(=O)C4)CC3)C2)cc1,1,1,4.30189945437661,4.30189945437661,49900.0,49900.0,IC50,ChEMBL,CHEMBL5936379,Menin,2021,low_or_inactive_>10uM,False,False,0.48332062600954095,medium
CS(=O)(=O)c1ccc(cc1)N1CC(CN2CCC(CC2)C(C#N)(C2CCC(=O)C2)c2ccccc2)C1,1,1,4.30189945437661,4.30189945437661,49900.0,49900.0,IC50,BindingDB,480110,Menin,,low_or_inactive_>10uM,False,False,0.7290829558229243,high
C1CN(CCN1c1nccs1)c1ncnc2sc(cc12)-c1ccccc1,1,1,4.301029995663981,4.301029995663981,50000.0,50000.0,IC50,BindingDB,152222,Menin,,low_or_inactive_>10uM,False,False,0.8614428275088494,high
Nc1cccc(-c2cccnc2)c1,1,1,4.301029995663981,4.301029995663981,50000.0,50000.0,IC50,ChEMBL,CHEMBL1778131,Menin,2015,low_or_inactive_>10uM,False,False,0.4412003839723279,medium
Nc1cccc(c1)-c1cccnc1,1,1,4.301029995663981,4.301029995663981,50000.0,50000.0,IC50,BindingDB,152261,Menin,,low_or_inactive_>10uM,False,False,0.378576413562294,medium
c1ccc(-c2cc3c(N4CCN(c5nccs5)CC4)ncnc3s2)cc1,1,1,4.301029995663981,4.301029995663981,50000.0,50000.0,IC50,ChEMBL,CHEMBL3696175,Menin,2015,low_or_inactive_>10uM,False,False,0.6650437798327311,medium
CCC1=CC2=C(N=CN=C2S1)N3CCN(CC3)CC4=CC=CC=C4,1,1,4.2839966563652006,4.2839966563652006,52000.0,52000.0,IC50,PubChem,790825.0,,,low_or_inactive_>10uM,False,False,0.6447889380201797,medium
C(CNc1ncnc2sc3CCCCCc3c12)Cn1ccnc1,2,1,4.268426931636825,4.455931955649724,59000.0,35000.0,IC50,BindingDB,152213,Menin,,low_or_inactive_>10uM,False,False,0.36524811953466335,medium
c1cn(CCCNc2ncnc3sc4c(c23)CCCCC4)cn1,2,1,4.268426931636825,4.455931955649724,59000.0,35000.0,IC50,ChEMBL,CHEMBL3696166,Menin,2015,low_or_inactive_>10uM,False,False,0.6970653914510482,medium
N#Cc1ccc(OCCCN2CCC(C2)C2(NCCc3ccccc23)C2CCCC2)cc1,1,1,4.247951552180561,4.247951552180561,56500.0,56500.0,IC50,BindingDB,480057,Menin,,low_or_inactive_>10uM,False,False,0.926957966350628,high
N#Cc1ccc(OCCCN2CCC(C3(C4CCCC4)NCCc4ccccc43)C2)cc1,1,1,4.247951552180561,4.247951552180561,56500.0,56500.0,IC50,ChEMBL,CHEMBL5759104,Menin,2021,low_or_inactive_>10uM,False,False,0.9627823428707208,high
O=C(N1CCC(CC1)C1(NCCc2ccccc12)C1CCCC1)c1ccn(c1)-c1ccc(cc1)S(=O)(=O)C1CC1,1,1,4.2403321553103694,4.2403321553103694,57500.0,57500.0,IC50,BindingDB,480071,Menin,,low_or_inactive_>10uM,False,False,0.7929238339098309,high
O=C(c1ccn(-c2ccc(S(=O)(=O)C3CC3)cc2)c1)N1CCC(C2(C3CCCC3)NCCc3ccccc32)CC1,1,1,4.2403321553103694,4.2403321553103694,57500.0,57500.0,IC50,ChEMBL,CHEMBL5826603,Menin,2021,low_or_inactive_>10uM,False,False,0.7949157238126481,high
CCC1=CC2=C(N=CN=C2S1)N3CCN(CC3)C4=CC=CC=N4,1,1,4.236572006437063,4.236572006437063,58000.0,58000.0,IC50,PubChem,750245.0,,,low_or_inactive_>10uM,False,False,0.6151270618218957,medium
N#CC(c1ccccc1)(C1CCCC1)C1CCN(CCCOc2ccc(S(=O)(=O)c3ccccc3)cc2)CC1,1,1,4.2335871528876,4.2335871528876,58400.0,58400.0,IC50,ChEMBL,CHEMBL6062470,Menin,2021,low_or_inactive_>10uM,False,False,0.8737343617475217,high
O=S(=O)(c1ccccc1)c1ccc(OCCCN2CCC(CC2)C(C#N)(C2CCCC2)c2ccccc2)cc1,1,1,4.2335871528876,4.2335871528876,58400.0,58400.0,IC50,BindingDB,480072,Menin,,low_or_inactive_>10uM,False,False,0.9055132293178367,high
CCc1cc2c(N3CCN(Cc4ccccc4)CC3)ncnc2s1,2,1,4.223665891943903,4.376750709602099,63500.0,42000.0,IC50,ChEMBL,CHEMBL3696165,Menin,2015,low_or_inactive_>10uM,False,False,0.8079825101322388,high
CCc1cc2c(ncnc2s1)N1CCN(Cc2ccccc2)CC1,2,1,4.223665891943903,4.376750709602099,63500.0,42000.0,IC50,BindingDB,152212,Menin,,low_or_inactive_>10uM,False,False,0.6054069273983418,medium
CCc1cc2c(N3CCN(c4ccccn4)CC3)ncnc2s1,1,1,4.221848749616356,4.221848749616356,60000.0,60000.0,IC50,ChEMBL,CHEMBL3696167,Menin,2015,low_or_inactive_>10uM,False,False,0.5776682367531871,medium
CCc1cc2c(ncnc2s1)N1CCN(CC1)c1ccccn1,1,1,4.221848749616356,4.221848749616356,60000.0,60000.0,IC50,BindingDB,152214,Menin,,low_or_inactive_>10uM,False,False,0.7046928915049521,high
C[C@H]([C@@H](C(=O)N)NC(=O)CNC(=O)[C@@H]1CCCN1C(=O)[C@H](C)NC(=O)[C@H](C)NC(=O)[C@@H]2CCCN2C(=O)[C@H](CC3=CC=CC=C3)NC(=O)[C@H](C)NC(=O)[C@H](CC4=CNC5=CC=CC=C54)NC(=O)[C@H](CCCN=C(N)N)NC(=O)[C@H](C)NC(=O)[C@H](CO)NC(=O)C)O,1,1,4.212539525481585,4.212539525481585,61300.0,61300.0,IC50,PubChem,162677370.0,,,low_or_inactive_>10uM,False,False,0.05208243398167786,low
O=C1CC(CC2=C1C(Nc1ccccc1N2)c1cccnc1)c1ccc2OCOc2c1,1,1,4.200659450546418,4.200659450546418,63000.0,63000.0,IC50,BindingDB,152253,Menin,,low_or_inactive_>10uM,False,False,0.4385562496405154,medium
O=C1CC(c2ccc3c(c2)OCO3)CC2=C1C(c1cccnc1)Nc1ccccc1N2,1,1,4.200659450546418,4.200659450546418,63000.0,63000.0,IC50,ChEMBL,CHEMBL3696199,Menin,2015,low_or_inactive_>10uM,False,False,0.49358289493593693,medium
CN(C)C(=O)C(CCN1CCC(O)(CC1)c1ccc(Cl)cc1)(c1ccccc1)c1ccccc1,1,1,4.161150909262744,4.161150909262744,69000.0,69000.0,IC50,BindingDB,50017698,Menin,,low_or_inactive_>10uM,False,False,0.8757511034799639,high
CN(C)C(=O)C(CCN1CCC(O)(c2ccc(Cl)cc2)CC1)(c1ccccc1)c1ccccc1,1,1,4.161150909262744,4.161150909262744,69000.0,69000.0,IC50,ChEMBL,CHEMBL841,Menin,2018,low_or_inactive_>10uM,False,False,0.833486091042294,high
Cc1c(-c2ccccc2)sc2ncnc(N3CCN(c4nccs4)CC3)c12,1,1,4.1487416512809245,4.1487416512809245,71000.0,71000.0,IC50,ChEMBL,CHEMBL3696173,Menin,2015,low_or_inactive_>10uM,False,False,0.6954783661511766,medium
Cc1c(sc2ncnc(N3CCN(CC3)c3nccs3)c12)-c1ccccc1,1,1,4.1487416512809245,4.1487416512809245,71000.0,71000.0,IC50,BindingDB,152220,Menin,,low_or_inactive_>10uM,False,False,0.7236795299028331,high
COc1ccc(C2CC(=O)C3=C(C2)Nc2ccccc2N(C(C)=O)C3c2cccnc2)cc1,1,1,4.142667503568732,4.142667503568732,72000.0,72000.0,IC50,ChEMBL,CHEMBL3696203,Menin,2015,low_or_inactive_>10uM,False,False,0.39475661021204006,medium
COc1ccc(cc1)C1CC(=O)C2=C(C1)Nc1ccccc1N(C2c1cccnc1)C(C)=O,1,1,4.142667503568732,4.142667503568732,72000.0,72000.0,IC50,BindingDB,152258,Menin,,low_or_inactive_>10uM,False,False,0.5829179104474889,medium
CS(=O)(=O)CCC(C#N)(C1CCN(CCCOc2ccc(cc2)C#N)CC1)c1ccccc1,1,1,4.123205023799299,4.123205023799299,75300.0,75300.0,IC50,BindingDB,480242,Menin,,low_or_inactive_>10uM,False,False,0.7798606188664752,high
CS(=O)(=O)CCC(C#N)(c1ccccc1)C1CCN(CCCOc2ccc(C#N)cc2)CC1,1,1,4.123205023799299,4.123205023799299,75300.0,75300.0,IC50,ChEMBL,CHEMBL5854424,Menin,2021,low_or_inactive_>10uM,False,False,0.7683698169965887,high
CC(=O)N[C@@H](Cc1ccccc1)C(=O)N1CCC[C@H]1C(=O)N[C@@H](C)C(=O)N[C@@H](CCCNC(=N)N)C(=O)N1CCC[C@H]1C(=O)ON,2,1,4.116347841273363,4.3788237182249645,90900.0,41800.0,IC50;Ki,ChEMBL,CHEMBL2314828,Menin,2013,low_or_inactive_>10uM,False,False,0.09766982873809153,low
C[C@H](NC(=O)[C@@H]1CCCN1C(=O)[C@H](Cc1ccccc1)NC(C)=O)C(=O)N[C@@H](CCCNC(N)=N)C(=O)N1CCC[C@H]1C(=O)ON,2,1,4.116347841273363,4.3788237182249645,90900.0,41800.0,IC50;Ki,BindingDB,50489237,Menin,,low_or_inactive_>10uM,False,False,0.07426318900423946,low
C1CN(CCN1CC(COC2=CC=C(C=C2)C#N)O)C(C3=CC=CC=C3)C4=CC=CC=C4,1,1,4.113509274827518,4.113509274827518,77000.0,77000.0,IC50,PubChem,16286864.0,,,low_or_inactive_>10uM,False,False,0.6912392341382385,medium
N#Cc1ccc(OCC(O)CN2CCN(C(c3ccccc3)c3ccccc3)CC2)cc1,1,1,4.113509274827518,4.113509274827518,77000.0,77000.0,IC50,ChEMBL,CHEMBL1348295,Menin,2014,low_or_inactive_>10uM,False,False,0.8637201639385091,high
OC(COc1ccc(cc1)C#N)CN1CCN(CC1)C(c1ccccc1)c1ccccc1,1,1,4.113509274827518,4.113509274827518,77000.0,77000.0,IC50,BindingDB,50496326,Menin,,low_or_inactive_>10uM,False,False,0.8545338872935242,high
C[C@H]1C(=O)N[C@@H](C/C=C\C[C@@H](C(=O)N[C@H](C(=O)N2CCC[C@H]2C(=O)N1)CC3=CC=CC=C3)NC(=O)[C@H](CC4=CNC5=CC=CC=C54)NC(=O)C)C(=O)N6CCC[C@H]6C(=O)N[C@@H](CCCN=C(N)N)C(=O)N,1,1,4.1094113322945125,4.1094113322945125,77730.0,77730.0,IC50,PubChem,162670164.0,,,low_or_inactive_>10uM,False,False,0.2696871906409608,low
COc1ccc(-c2csc(CC(N)=O)n2)cc1Br,1,1,4.096910013008056,4.096910013008056,80000.0,80000.0,IC50,ChEMBL,CHEMBL3696213,Menin,2015,low_or_inactive_>10uM,False,False,0.830203032282751,high
COc1ccc(cc1Br)-c1csc(CC(N)=O)n1,1,1,4.096910013008056,4.096910013008056,80000.0,80000.0,IC50,BindingDB,152272,Menin,,low_or_inactive_>10uM,False,False,0.9103221413037329,high
C(N1CCC(CC2(NCCc3ccccc23)C2CCCC2)CC1)c1ccccc1,1,1,4.075204004202088,4.075204004202088,84100.0,84100.0,IC50,BindingDB,480055,Menin,,low_or_inactive_>10uM,False,False,0.801862867801706,high
c1ccc(CN2CCC(CC3(C4CCCC4)NCCc4ccccc43)CC2)cc1,1,1,4.075204004202088,4.075204004202088,84100.0,84100.0,IC50,ChEMBL,CHEMBL5935780,Menin,2021,low_or_inactive_>10uM,False,False,0.9272079652752937,high
CCC1=CC2=C(N=CN=C2S1)N3CCN(CC3)C4=NC=CC=N4,1,1,4.060480747381382,4.060480747381382,87000.0,87000.0,IC50,PubChem,830961.0,,,low_or_inactive_>10uM,False,False,0.5848007300474202,medium
CC(=O)N1C(C2=C(CC(CC2=O)c2ccc(C)cc2)Nc2ccccc12)c1cccnc1,1,1,4.0,4.0,100000.0,100000.0,IC50,BindingDB,152257,Menin,,low_or_inactive_>10uM,False,False,0.5990124851936232,medium
CC(=O)N1c2ccccc2NC2=C(C(=O)CC(c3ccc(C)cc3)C2)C1c1cccnc1,1,1,4.0,4.0,100000.0,100000.0,IC50,ChEMBL,CHEMBL3696202,Menin,2015,low_or_inactive_>10uM,False,False,0.29640369633719643,low
COc1ccc(C2CC(=O)C3=C(C2)Nc2ccccc2NC3c2cccnc2)cc1OC,1,1,4.0,4.0,100000.0,100000.0,IC50,ChEMBL,CHEMBL3696200,Menin,2015,low_or_inactive_>10uM,False,False,0.5099114508316659,medium
COc1ccc(cc1OC)C1CC(=O)C2=C(C1)Nc1ccccc1NC2c1cccnc1,1,1,4.0,4.0,100000.0,100000.0,IC50,BindingDB,152254,Menin,,low_or_inactive_>10uM,False,False,0.6195874936494319,medium
Fc1ccc(cc1)-c1csc(CC(=O)N2CCOCC2)n1,1,1,3.9706162223147903,3.9706162223147903,107000.0,107000.0,IC50,BindingDB,152268,Menin,,low_or_inactive_>10uM,False,False,0.713406421027505,high
O=C(Cc1nc(-c2ccc(F)cc2)cs1)N1CCOCC1,1,1,3.9706162223147903,3.9706162223147903,107000.0,107000.0,IC50,ChEMBL,CHEMBL3696209,Menin,2015,low_or_inactive_>10uM,False,False,0.4475870059759004,medium
CC(=O)N1CCC[C@H]1C(C#N)(C1CCN(CCCOc2ccc(cc2)C#N)CC1)c1ccccc1,1,1,3.9531148091622903,3.9531148091622903,111400.0,111400.0,IC50,BindingDB,480269,Menin,,low_or_inactive_>10uM,False,False,0.8422814983456692,high
CC(=O)N1CCC[C@H]1C(C#N)(c1ccccc1)C1CCN(CCCOc2ccc(C#N)cc2)CC1,1,1,3.9531148091622903,3.9531148091622903,111400.0,111400.0,IC50,ChEMBL,CHEMBL5930671,Menin,2021,low_or_inactive_>10uM,False,False,0.834433498220473,high
COc1ccc(C2CC(=O)C3=C(C2)Nc2ccccc2NC3c2ccccc2C)cc1OC,1,1,3.939302159646388,3.939302159646388,115000.0,115000.0,IC50,ChEMBL,CHEMBL1550645,Menin,2015,low_or_inactive_>10uM,False,False,0.6176470884342391,medium
COc1ccc(cc1OC)C1CC(=O)C2=C(C1)Nc1ccccc1NC2c1ccccc1C,1,1,3.939302159646388,3.939302159646388,115000.0,115000.0,IC50,BindingDB,152255,Menin,,low_or_inactive_>10uM,False,False,0.6904974527973523,medium
CO[C@H]1CCC[C@@H]1C1(C2CCN(CCCOc3ccc(C(=O)O)cc3)CC2)CNCc2ccccc21,1,1,3.9229956732066498,3.9229956732066498,119400.0,119400.0,IC50,ChEMBL,CHEMBL6049567,Menin,2021,low_or_inactive_>10uM,False,False,0.22889747037874603,low
CO[C@H]1CCC[C@@H]1C1(CNCc2ccccc12)C1CCN(CCCOc2ccc(cc2)C(O)=O)CC1,1,1,3.9229956732066498,3.9229956732066498,119400.0,119400.0,IC50,BindingDB,480267,Menin,,low_or_inactive_>10uM,False,False,0.666962643617593,medium
Cc1ccccc1NC(=O)Cc1nc(-c2ccc(F)cc2)cs1,1,1,3.913640169325251,3.913640169325251,122000.0,122000.0,IC50,ChEMBL,CHEMBL3696207,Menin,2015,low_or_inactive_>10uM,False,False,0.5661172267406039,medium
Cc1ccccc1NC(=O)Cc1nc(cs1)-c1ccc(F)cc1,1,1,3.913640169325251,3.913640169325251,122000.0,122000.0,IC50,BindingDB,152266,Menin,,low_or_inactive_>10uM,False,False,0.6215529036074147,medium
Fc1ccc(-c2csc3ncnc(N4CCN(c5nccs5)CC4)c23)cc1,1,1,3.903089986991944,3.903089986991944,125000.0,125000.0,IC50,ChEMBL,CHEMBL3696174,Menin,2015,low_or_inactive_>10uM,False,False,0.8373703039601031,high
Fc1ccc(cc1)-c1csc2ncnc(N3CCN(CC3)c3nccs3)c12,1,1,3.903089986991944,3.903089986991944,125000.0,125000.0,IC50,BindingDB,152221,Menin,,low_or_inactive_>10uM,False,False,0.8896250238905314,high
NC(=O)Cc1nc(-c2cccc(Cl)c2)cs1,1,1,3.8632794328435938,3.8632794328435938,137000.0,137000.0,IC50,ChEMBL,CHEMBL3696211,Menin,2015,low_or_inactive_>10uM,False,False,0.4537757785610182,medium
NC(=O)Cc1nc(cs1)-c1cccc(Cl)c1,1,1,3.8632794328435938,3.8632794328435938,137000.0,137000.0,IC50,BindingDB,152270,Menin,,low_or_inactive_>10uM,False,False,0.42500864297660584,medium
CO[C@H]1CCC[C@H]1C(C#N)(C1CCN(CCCOc2ccc(cc2)C#N)CC1)c1ccccc1,1,1,3.8535618647142256,3.8535618647142256,140100.0,140100.0,IC50,BindingDB,480116,Menin,,low_or_inactive_>10uM,False,False,0.8899635113744513,high
CO[C@H]1CCC[C@H]1C(C#N)(c1ccccc1)C1CCN(CCCOc2ccc(C#N)cc2)CC1,1,1,3.8535618647142256,3.8535618647142256,140100.0,140100.0,IC50,ChEMBL,CHEMBL6008248,Menin,2021,low_or_inactive_>10uM,False,False,0.8838894987161198,high
CN1CCC(C2(C3CCCC3)NCCc3ccccc32)CC1,1,1,3.846490010699162,3.846490010699162,142400.0,142400.0,IC50,ChEMBL,CHEMBL6005926,Menin,2021,low_or_inactive_>10uM,False,False,0.8816378518999126,high
CN1CCC(CC1)C1(NCCc2ccccc12)C1CCCC1,1,1,3.846490010699162,3.846490010699162,142400.0,142400.0,IC50,BindingDB,480025,Menin,,low_or_inactive_>10uM,False,False,0.6990721348016394,medium
N=C(N)NCCC[C@@H]1NC(=O)C2(CCC2)NC(=O)[C@@H]2CCCN2C(=O)[C@@H](Cc2cc(F)cc(F)c2)NC(=O)[C@@H](N)CCCCCCCCNC(=O)[C@@H]2CCCN2C1=O,1,1,3.8446639625349386,3.8446639625349386,143000.0,143000.0,Ki,ChEMBL,CHEMBL2314820,Menin,2013,low_or_inactive_>10uM,False,False,0.45246776801304506,medium
N[C@H]1CCCCCCCCNC(=O)[C@@H]2CCCN2C(=O)[C@H](CCCNC(N)=N)NC(=O)C2(CCC2)NC(=O)[C@@H]2CCCN2C(=O)[C@@H](Cc2cc(F)cc(F)c2)NC1=O,1,1,3.8446639625349386,3.8446639625349386,143000.0,143000.0,Ki,BindingDB,50489258,Menin,,low_or_inactive_>10uM,False,False,0.4700407376963724,medium
CC(C)C(=O)O[C@@H]1CCC[C@H]1C(C#N)(C1CCN(CC2CN(C2)c2ccc(cc2)S(=O)(=O)c2ccncc2)CC1)c1ccccc1,1,1,3.783570169123749,3.783570169123749,164600.0,164600.0,IC50,BindingDB,480134,Menin,,low_or_inactive_>10uM,False,False,0.8047876176714752,high
CC(C)C(=O)O[C@@H]1CCC[C@H]1C(C#N)(c1ccccc1)C1CCN(CC2CN(c3ccc(S(=O)(=O)c4ccncc4)cc3)C2)CC1,1,1,3.783570169123749,3.783570169123749,164600.0,164600.0,IC50,ChEMBL,CHEMBL5749945,Menin,2021,low_or_inactive_>10uM,False,False,0.8215659621446326,high
CCc1cc2c(N3CCN(C)CC3)ncnc2s1,1,1,3.769551078621726,3.769551078621726,170000.0,170000.0,IC50,ChEMBL,CHEMBL594730,Menin,2015,low_or_inactive_>10uM,False,False,0.642918950872607,medium
CCc1cc2c(ncnc2s1)N1CCN(C)CC1,1,1,3.769551078621726,3.769551078621726,170000.0,170000.0,IC50,BindingDB,50304511,Menin,,low_or_inactive_>10uM,False,False,0.4952104547055946,medium
CN1CCC(C2(C3C=CCCN3)CN(C)Cc3ccccc32)CC1,1,1,3.7644715530924513,3.7644715530924513,172000.0,172000.0,IC50,ChEMBL,CHEMBL5756828,Menin,2021,low_or_inactive_>10uM,False,False,0.8418701371608406,high
CN1CCC(CC1)C1(CN(C)Cc2ccccc12)C1NCCC=C1,1,1,3.7644715530924513,3.7644715530924513,172000.0,172000.0,IC50,BindingDB,480108,Menin,,low_or_inactive_>10uM,False,False,0.7552602536174704,high
N#Cc1ccc(OCCCN2CCC(C(C#N)(Cc3ccncc3)c3ccccc3)CC2)cc1,1,1,3.743522793758323,3.743522793758323,180500.0,180500.0,IC50,ChEMBL,CHEMBL5785292,Menin,2021,low_or_inactive_>10uM,False,False,0.9276827244138086,high
N#Cc1ccc(OCCCN2CCC(CC2)C(Cc2ccncc2)(C#N)c2ccccc2)cc1,1,1,3.743522793758323,3.743522793758323,180500.0,180500.0,IC50,BindingDB,480282,Menin,,low_or_inactive_>10uM,False,False,0.9030953217354989,high
C(N1CCC(CC1)C1(NCCc2ccccc12)C1CCCC1)c1ccccc1,1,1,3.721246399047171,3.721246399047171,190000.0,190000.0,IC50,BindingDB,480021,Menin,,low_or_inactive_>10uM,False,False,0.7372020968435078,high
c1ccc(CN2CCC(C3(C4CCCC4)NCCc4ccccc43)CC2)cc1,1,1,3.721246399047171,3.721246399047171,190000.0,190000.0,IC50,ChEMBL,CHEMBL5930760,Menin,2021,low_or_inactive_>10uM,False,False,0.9267144997371157,high
CCC1=CC2=C(N=CN=C2S1)N3CCN(CC3)C4=NN=CS4,1,1,3.714442690992226,3.714442690992226,193000.0,193000.0,IC50,PubChem,54765305.0,,,low_or_inactive_>10uM,False,False,0.5262839170383029,medium
CCCC1=CC2=C(N=CN=C2S1)N3CCN(CC3)C4=NNC(=N4)C(F)(F)F,1,1,3.6989700043360183,3.6989700043360183,200000.0,200000.0,IC50,PubChem,145990795.0,,,low_or_inactive_>10uM,False,False,0.6381064323573056,medium
C1CN(CCC1C(C2=CC=CC=C2)C3=CC=CC=C3)CCCOC4=CC=C(C=C4)C#N,1,1,3.688246138944246,3.688246138944246,205000.0,205000.0,IC50,PubChem,46172895.0,,,low_or_inactive_>10uM,False,False,0.8204446243399804,high
N#Cc1ccc(OCCCN2CCC(C(c3ccccc3)c3ccccc3)CC2)cc1,1,1,3.688246138944246,3.688246138944246,205000.0,205000.0,IC50,ChEMBL,CHEMBL3126203,Menin,2014,low_or_inactive_>10uM,False,False,0.9330283479591123,high
N#Cc1ccc(OCCCN2CCC(CC2)C(c2ccccc2)c2ccccc2)cc1,1,1,3.688246138944246,3.688246138944246,205000.0,205000.0,IC50,BindingDB,50496352,Menin,,low_or_inactive_>10uM,False,False,0.9100647812569853,high
NC(=O)Cc1nc(-c2ccc(F)cc2)cs1,2,1,3.668621084159213,3.6989700043360183,215000.0,200000.0,IC50,ChEMBL,CHEMBL1703614,Menin,2015,low_or_inactive_>10uM,False,False,0.2677184487227645,low
NC(=O)Cc1nc(cs1)-c1ccc(F)cc1,2,1,3.668621084159213,3.6989700043360183,215000.0,200000.0,IC50,BindingDB,152263,Menin,,low_or_inactive_>10uM,False,False,0.3721048264427664,medium
O=C1CC(CC2=C1C(Nc1ccccc1N2)c1ccncc1)c1ccc2OCOc2c1,1,1,3.638272163982407,3.638272163982407,230000.0,230000.0,IC50,BindingDB,152256,Menin,,low_or_inactive_>10uM,False,False,0.47480226092204786,medium
O=C1CC(c2ccc3c(c2)OCO3)CC2=C1C(c1ccncc1)Nc1ccccc1N2,1,1,3.638272163982407,3.638272163982407,230000.0,230000.0,IC50,ChEMBL,CHEMBL3696201,Menin,2015,low_or_inactive_>10uM,False,False,0.5360388255281691,medium
C1CN(CCC1C(C2=CC=CC=C2)O)CCCOC3=CC=C(C=C3)C#N,1,1,3.6307841425898575,3.6307841425898575,234000.0,234000.0,IC50,PubChem,46926612.0,,,low_or_inactive_>10uM,False,False,0.4963296871247996,medium
N#Cc1ccc(OCCCN2CCC(C(O)c3ccccc3)CC2)cc1,1,1,3.6307841425898575,3.6307841425898575,234000.0,234000.0,IC50,ChEMBL,CHEMBL3126179,Menin,2014,low_or_inactive_>10uM,False,False,0.7792380932001134,high
OC(C1CCN(CCCOc2ccc(cc2)C#N)CC1)c1ccccc1,1,1,3.6307841425898575,3.6307841425898575,234000.0,234000.0,IC50,BindingDB,50496344,Menin,,low_or_inactive_>10uM,False,False,0.8431134965175394,high
CC1CCc2c(C1)sc1nc(CN3CCOCC3)nc(N3CCN(CC3)c3nc(C)cs3)c21,1,1,3.6020599913279625,3.6020599913279625,250000.0,250000.0,IC50,BindingDB,152218,Menin,,low_or_inactive_>10uM,False,False,0.6167381488639219,medium
CCc1cc2c(N3CCN(c4ncccn4)CC3)ncnc2s1,1,1,3.6020599913279625,3.6020599913279625,250000.0,250000.0,IC50,ChEMBL,CHEMBL3696169,Menin,2015,low_or_inactive_>10uM,False,False,0.5419234920667153,medium
CCc1cc2c(ncnc2s1)N1CCN(CC1)c1ncccn1,1,1,3.6020599913279625,3.6020599913279625,250000.0,250000.0,IC50,BindingDB,152216,Menin,,low_or_inactive_>10uM,False,False,0.6277926812339792,medium
Cc1csc(N2CCN(c3nc(CN4CCOCC4)nc4sc5c(c34)CCC(C)C5)CC2)n1,1,1,3.6020599913279625,3.6020599913279625,250000.0,250000.0,IC50,ChEMBL,CHEMBL3696171,Menin,2015,low_or_inactive_>10uM,False,False,0.74377425718773,high
CC(COc1ccc(C#N)cc1)CN1CCC(C(C#N)(c2ccccc2)C2CCCC2)CC1,1,1,3.531800413927387,3.531800413927387,293900.0,293900.0,IC50,ChEMBL,CHEMBL6015858,Menin,2021,low_or_inactive_>10uM,False,False,0.854983397101547,high
CC(COc1ccc(cc1)C#N)CN1CCC(CC1)C(C#N)(C1CCCC1)c1ccccc1,1,1,3.531800413927387,3.531800413927387,293900.0,293900.0,IC50,BindingDB,480073,Menin,,low_or_inactive_>10uM,False,False,0.8892014698097659,high
CC(C1CCN(CC1)CCCOC2=CC=C(C=C2)C#N)(C3=CC=CC=C3)O,1,1,3.5301779840218366,3.5301779840218366,295000.0,295000.0,IC50,PubChem,46926630.0,,,low_or_inactive_>10uM,False,False,0.7254513380140569,high
CC(O)(C1CCN(CCCOc2ccc(cc2)C#N)CC1)c1ccccc1,1,1,3.5301779840218366,3.5301779840218366,295000.0,295000.0,IC50,BindingDB,50496349,Menin,,low_or_inactive_>10uM,False,False,0.8090253668357106,high
CC(O)(c1ccccc1)C1CCN(CCCOc2ccc(C#N)cc2)CC1,1,1,3.5301779840218366,3.5301779840218366,295000.0,295000.0,IC50,ChEMBL,CHEMBL3126180,Menin,2014,low_or_inactive_>10uM,False,False,0.8002465303258053,high
C(C1CCNCC1)C1(NCCc2ccccc12)C1CCCC1,1,1,3.5247647773958715,3.5247647773958715,298700.0,298700.0,IC50,BindingDB,480056,Menin,,low_or_inactive_>10uM,False,False,0.4735863119052062,medium
c1ccc2c(c1)CCNC2(CC1CCNCC1)C1CCCC1,1,1,3.5247647773958715,3.5247647773958715,298700.0,298700.0,IC50,ChEMBL,CHEMBL5967695,Menin,2021,low_or_inactive_>10uM,False,False,0.5761328609224584,medium
[H][N]1(C)CCCN(CC1)c1ncnc2sccc12,1,1,3.4559319556497243,3.4559319556497243,350000.0,350000.0,IC50,BindingDB,152223,Menin,,low_or_inactive_>10uM,False,False,0.45085270966209956,medium
Cc1nn(-c2ccccc2)nc1C(N)=O,1,1,3.42021640338319,3.42021640338319,380000.0,380000.0,IC50,ChEMBL,CHEMBL1417210,Menin,2015,low_or_inactive_>10uM,False,False,0.1213027965707189,low
Cc1nn(nc1C(N)=O)-c1ccccc1,1,1,3.42021640338319,3.42021640338319,380000.0,380000.0,IC50,BindingDB,152260,Menin,,low_or_inactive_>10uM,False,False,0.11367124089165609,low
CO[C@@H]1CCC[C@H]1C1(C2CCN(CCCOc3ccc(C(=O)O)cc3)CC2)CNCc2ccccc21,1,1,3.314079207805465,3.314079207805465,485200.0,485200.0,IC50,ChEMBL,CHEMBL5968946,Menin,2021,low_or_inactive_>10uM,False,False,0.22889747037874603,low
CO[C@@H]1CCC[C@H]1C1(CNCc2ccccc12)C1CCN(CCCOc2ccc(cc2)C(O)=O)CC1,1,1,3.314079207805465,3.314079207805465,485200.0,485200.0,IC50,BindingDB,480266,Menin,,low_or_inactive_>10uM,False,False,0.666962643617593,medium
CN1CCN(CC1)c1ncnc2oc(c(-c3ccccc3)c12)-c1ccccc1,1,1,3.3010299956639813,3.3010299956639813,500000.0,500000.0,IC50,BindingDB,152217,Menin,,low_or_inactive_>10uM,False,False,0.83384670044005,high
CN1CCN(c2ncnc3oc(-c4ccccc4)c(-c4ccccc4)c23)CC1,1,1,3.3010299956639813,3.3010299956639813,500000.0,500000.0,IC50,ChEMBL,CHEMBL3696170,Menin,2015,low_or_inactive_>10uM,False,False,0.9289839354475782,high
OCc1ccc(-c2ccncc2)cc1,1,1,3.2924298239020633,3.2924298239020633,510000.0,510000.0,IC50,ChEMBL,CHEMBL3696205,Menin,2015,low_or_inactive_>10uM,False,False,0.41306795200064816,medium
OCc1ccc(cc1)-c1ccncc1,1,1,3.2924298239020633,3.2924298239020633,510000.0,510000.0,IC50,BindingDB,152262,Menin,,low_or_inactive_>10uM,False,False,0.6976323776834545,medium
[H][N]1([H])CCN(CC1)c1ncnc2sc3CCCCc3c12,1,1,3.267606240177032,3.267606240177032,540000.0,540000.0,IC50,BindingDB,152215,Menin,,low_or_inactive_>10uM,False,False,0.2822784094086522,low
N#Cc1ccc(N2CC(CN3CCC(C4(C5CCCC5)NCCc5ccccc54)CC3)C2)nc1,1,1,3.2400301424456925,3.2400301424456925,575400.0,575400.0,IC50,ChEMBL,CHEMBL5955630,Menin,2021,low_or_inactive_>10uM,False,False,0.8641513249511413,high
N#Cc1ccc(nc1)N1CC(CN2CCC(CC2)C2(NCCc3ccccc23)C2CCCC2)C1,1,1,3.2400301424456925,3.2400301424456925,575400.0,575400.0,IC50,BindingDB,480059,Menin,,low_or_inactive_>10uM,False,False,0.8868018351860179,high
C1CCC(C1)C1(NCCc2ccccc12)C1CCNCC1,1,1,3.214812579970638,3.214812579970638,609800.0,609800.0,IC50,BindingDB,480022,Menin,,low_or_inactive_>10uM,False,False,0.4755397927955407,medium
c1ccc2c(c1)CCNC2(C1CCCC1)C1CCNCC1,1,1,3.214812579970638,3.214812579970638,609800.0,609800.0,IC50,ChEMBL,CHEMBL5804927,Menin,2021,low_or_inactive_>10uM,False,False,0.4412180420132968,medium
CCCC(=O)Nc1ccc(-c2nc(CC(N)=O)sc2C)cc1,1,1,3.0809219076239263,3.0809219076239263,830000.0,830000.0,IC50,ChEMBL,CHEMBL3696214,Menin,2015,low_or_inactive_>10uM,False,False,0.31027939040118774,medium
CCCC(=O)Nc1ccc(cc1)-c1nc(CC(N)=O)sc1C,1,1,3.0809219076239263,3.0809219076239263,830000.0,830000.0,IC50,BindingDB,152273,Menin,,low_or_inactive_>10uM,False,False,0.3984878357509495,medium
CC(=O)O[C@@H]1CCC[C@H]1C(C#N)(C1CCN(CC2CN(C2)c2ccc(cc2)C#N)CC1)c1cccc(c1)C(F)(F)F,1,1,3.034737135044418,3.034737135044418,923130.0,923130.0,IC50,BindingDB,480353,Menin,,low_or_inactive_>10uM,False,False,0.88089635811424,high
CC(=O)O[C@@H]1CCC[C@H]1C(C#N)(c1cccc(C(F)(F)F)c1)C1CCN(CC2CN(c3ccc(C#N)cc3)C2)CC1,1,1,3.034737135044418,3.034737135044418,923130.0,923130.0,IC50,ChEMBL,CHEMBL5740578,Menin,2021,low_or_inactive_>10uM,False,False,0.8738126886396719,high
Clc1ccc(cc1)-c1csc(CC(=O)NCc2ccccc2)n1,1,1,2.9746941347352296,2.9746941347352296,1060000.0,1060000.0,IC50,BindingDB,152269,Menin,,low_or_inactive_>10uM,False,False,0.8174497373884646,high
O=C(Cc1nc(-c2ccc(Cl)cc2)cs1)NCc1ccccc1,1,1,2.9746941347352296,2.9746941347352296,1060000.0,1060000.0,IC50,ChEMBL,CHEMBL3696210,Menin,2015,low_or_inactive_>10uM,False,False,0.7708142123101607,high
Cc1cc(C)c(-c2csc(CC(N)=O)n2)cc1C,1,1,2.920818753952375,2.920818753952375,1200000.0,1200000.0,IC50,ChEMBL,CHEMBL3696212,Menin,2015,low_or_inactive_>10uM,False,False,0.575442196417315,medium
Cc1cc(C)c(cc1C)-c1csc(CC(N)=O)n1,1,1,2.920818753952375,2.920818753952375,1200000.0,1200000.0,IC50,BindingDB,152271,Menin,,low_or_inactive_>10uM,False,False,0.7977471129900742,high
CN1CCC(C2(C3CCCCN3)CN(C)Cc3ccccc32)CC1,1,1,2.850165303284215,2.850165303284215,1412000.0,1412000.0,IC50,ChEMBL,CHEMBL6039595,Menin,2021,low_or_inactive_>10uM,False,False,0.8241743944077793,high
CN1CCC(CC1)C1(CN(C)Cc2ccccc12)C1CCCCN1,1,1,2.850165303284215,2.850165303284215,1412000.0,1412000.0,IC50,BindingDB,480107,Menin,,low_or_inactive_>10uM,False,False,0.8035785517098725,high
COC(=O)Cc1nc(C2CCCCC2)cs1,1,1,2.721246399047171,2.721246399047171,1900000.0,1900000.0,IC50,ChEMBL,CHEMBL3696208,Menin,2015,low_or_inactive_>10uM,False,False,0.2825405842637791,low
COC(=O)Cc1nc(cs1)C1CCCCC1,1,1,2.721246399047171,2.721246399047171,1900000.0,1900000.0,IC50,BindingDB,152267,Menin,,low_or_inactive_>10uM,False,False,0.341483712053935,medium
NC(=O)Cc1nc(-c2ccccc2)cs1,1,1,2.6989700043360187,2.6989700043360187,2000000.0,2000000.0,IC50,ChEMBL,CHEMBL1519921,Menin,2015,low_or_inactive_>10uM,False,False,0.2121403218560576,low
NC(=O)Cc1nc(cs1)-c1ccccc1,1,1,2.6989700043360187,2.6989700043360187,2000000.0,2000000.0,IC50,BindingDB,152264,Menin,,low_or_inactive_>10uM,False,False,0.25284443344415103,low
N#Cc1ccc(-c2ccc(N3CCC(C4(C5CCCC5)NCCc5ccccc54)CC3)cc2)cc1,1,1,2.588211995456131,2.588211995456131,2581000.0,2581000.0,IC50,ChEMBL,CHEMBL5979582,Menin,2021,low_or_inactive_>10uM,False,False,0.9168185180285251,high
N#Cc1ccc(cc1)-c1ccc(cc1)N1CCC(CC1)C1(NCCc2ccccc12)C1CCCC1,1,1,2.588211995456131,2.588211995456131,2581000.0,2581000.0,IC50,BindingDB,480027,Menin,,low_or_inactive_>10uM,False,False,0.9495117649633384,high
C(N1CCC(CC1)C1(CNCc2ccccc12)c1ccccn1)c1ccccc1,1,1,2.5238932831598087,2.5238932831598087,2993000.0,2993000.0,IC50,BindingDB,480106,Menin,,low_or_inactive_>10uM,False,False,0.7389768205505407,high
c1ccc(CN2CCC(C3(c4ccccn4)CNCc4ccccc43)CC2)cc1,1,1,2.5238932831598087,2.5238932831598087,2993000.0,2993000.0,IC50,ChEMBL,CHEMBL5849272,Menin,2021,low_or_inactive_>10uM,False,False,0.8413572511675821,high
