dataset,task_scope,evidence_domain,endpoint,unit,relation,assay_family,observation_kind,measure_role,rows,minimum,p01,q1,median,q3,p99,maximum,mean,population_sd,iqr,quantile_method
kd_free_energy_sensitivity,derived_sensitivity,binding_affinity,standard_binding_free_energy,kcal/mol,=,binding,derived,exact_value,67848,-45.397876034946158,-14.770448293996633,-10.673744130085755,-9.0825799717327982,-7.760172804458227,-5.4706981343329693,-2.7284940260684767,-9.3048129727904296,2.1612369336531367,2.9135713256275277,exact_linear_order_statistics_disk_backed
observations,,binding,Activity,%,=,binding,experimental_summary,exact_value,2,81,81.25,87.25,93.5,99.75,105.75,106,93.5,12.5,12.5,exact_linear_order_statistics_disk_backed
observations,,binding,EC50,nM,<,binding,experimental_summary,upper_censor_bound,5532,0.001,1,10,100,500,30000,501187.22999999998,2024.4683796095444,13609.584208071492,490,exact_linear_order_statistics_disk_backed
observations,,binding,EC50,nM,<=,binding,experimental_summary,upper_censor_bound,50,5,5,100,10000,10000,800000,800000,44959.940000000002,155808.35612359305,9900,exact_linear_order_statistics_disk_backed
observations,,binding,EC50,nM,=,binding,experimental_summary,exact_value,104562,9.9999999999999995e-07,0.056000000000000001,17.600000000000001,180,1480,140000,100000000000000,2495037843.7177911,388691531751.14532,1462.4000000000001,exact_linear_order_statistics_disk_backed
observations,,binding,EC50,nM,=,pk_adme,experimental_summary,exact_value,4,25,26.109999999999999,52.75,62,71.5,98.859999999999985,100,62.25,26.517682779609533,18.75,exact_linear_order_statistics_disk_backed
observations,,binding,EC50,nM,>,binding,experimental_summary,lower_censor_bound,19676,9.9999999999999995e-07,100,8000,10000,100000,1000000,10000000,81930.577775869344,398000.66943497688,92000,exact_linear_order_statistics_disk_backed
observations,,binding,EC50,nM,>=,binding,experimental_summary,lower_censor_bound,130,100,100,100,100,1377.5,250000,1000000,16956.883076923077,94889.665930985444,1277.5,exact_linear_order_statistics_disk_backed
observations,,binding,EC50,nM,interval,binding,experimental_summary,lower_censor_bound,79,0.0017700000000000001,0.0017700000000000001,1.55,8.5999999999999996,39.700000000000003,600,600,51.024747848101271,119.21809303358026,38.150000000000006,exact_linear_order_statistics_disk_backed
observations,,binding,EC50,nM,interval,binding,experimental_summary,upper_censor_bound,79,0.0051500000000000001,0.0051500000000000001,4,28,91.140000000000001,1065.9999999999995,1300,184.23509620253165,320.39784318416974,87.140000000000001,exact_linear_order_statistics_disk_backed
observations,,binding,IC50,nM,<,binding,experimental_summary,upper_censor_bound,125799,5.0000000000000002e-05,0.29999999999999999,20,100,200,15848.93,1000000000000,50084135.358497299,6923229023.9712677,180,exact_linear_order_statistics_disk_backed
observations,,binding,IC50,nM,<=,binding,experimental_summary,upper_censor_bound,6212,0.0050000000000000001,1,100,1000,10000,10000,1250000,4764.9020793625241,16545.911430498378,9900,exact_linear_order_statistics_disk_backed
observations,,binding,IC50,nM,=,binding,experimental_summary,exact_value,1303108,2.5999999999999998e-10,0.20000000000000001,18,159,1800,302000,1.6218100973589332e+18,3268738766068.6582,2037286689684536,1782,exact_linear_order_statistics_disk_backed
observations,,binding,IC50,nM,=,pk_adme,experimental_summary,exact_value,2,63460,70331.399999999994,235245,407030,578815,743728.59999999998,750600,407030,343570,343570,exact_linear_order_statistics_disk_backed
observations,,binding,IC50,nM,>,binding,experimental_summary,lower_censor_bound,204092,9.9999999999999995e-07,100,10000,10000,70000,1000000,20000000000,2648958.0458292477,191690004.55067873,60000,exact_linear_order_statistics_disk_backed
observations,,binding,IC50,nM,>=,binding,experimental_summary,lower_censor_bound,2656,10,100,1000,8245,10000,500000,5000000,34908.599728915658,177335.24022723848,9000,exact_linear_order_statistics_disk_backed
observations,,binding,IC50,nM,interval,binding,experimental_summary,lower_censor_bound,6045,5.0000000000000004e-06,0.20000000000000001,32.5,56,500,10000,50000,911.85948491563283,2462.2160668274996,467.5,exact_linear_order_statistics_disk_backed
observations,,binding,IC50,nM,interval,binding,experimental_summary,upper_censor_bound,6045,0.049000000000000002,1.3100000000000001,100,1000,5000,50000,100000,5133.7060347394545,11493.03206960414,4900,exact_linear_order_statistics_disk_backed
observations,,binding,Inhibition,%,<,binding,experimental_summary,upper_censor_bound,2,80,80,80,80,80,80,80,80,0,0,exact_linear_order_statistics_disk_backed
observations,,binding,Inhibition,%,=,binding,experimental_summary,exact_value,3,60,60,60,60,75,89.400000000000006,90,70,14.142135623730951,15,exact_linear_order_statistics_disk_backed
observations,,binding,Kd,nM,<,binding,experimental_summary,upper_censor_bound,5499,5.0000000000000002e-05,0.10000000000000001,0.20000000000000001,0.20000000000000001,30,100000,100000,1561.2002930987453,11931.257669477789,29.800000000000001,exact_linear_order_statistics_disk_backed
observations,,binding,Kd,nM,<,other_bioactivity,experimental_summary,upper_censor_bound,26,0.01,0.01,0.01,0.10000000000000001,1000,10000,10000,1882.9146776923078,3408.3324274562915,999.99000000000001,exact_linear_order_statistics_disk_backed
observations,,binding,Kd,nM,<=,binding,experimental_summary,upper_censor_bound,53,0.040000000000000001,2.6192000000000002,10,12,10000,539359.99999999977,582000,53052.812075471702,144350.54304332763,9990,exact_linear_order_statistics_disk_backed
observations,,binding,Kd,nM,=,binding,experimental_summary,exact_value,72622,1.0000000000000001e-05,0.053999999999999999,16,280.10000000000002,2606.25,1200000,40045074437996,555477790.05108011,148598367710.32419,2590.25,exact_linear_order_statistics_disk_backed
observations,,binding,Kd,nM,=,other_bioactivity,experimental_summary,exact_value,5793,0.001,0.050110399999999999,3.802,39.810000000000002,512.86000000000001,200000,1000000000,3153264.6967775836,55109190.341712669,509.05799999999999,exact_linear_order_statistics_disk_backed
observations,,binding,Kd,nM,=,pk_adme,experimental_summary,exact_value,2,9200,9308,11900,14600,17300,19892,20000,14600,5400,5400,exact_linear_order_statistics_disk_backed
observations,,binding,Kd,nM,>,binding,experimental_summary,lower_censor_bound,102386,0.00050000000000000001,1000,10000,30000,30000,51800,50000000,40043.507727072058,514892.7559098319,20000,exact_linear_order_statistics_disk_backed
observations,,binding,Kd,nM,>,other_bioactivity,experimental_summary,lower_censor_bound,354,31.620000000000001,80.762500000000003,3162.2800000000002,10000,28705.239999999998,1000000,1000000,52465.669802259887,170734.57720656064,25542.959999999999,exact_linear_order_statistics_disk_backed
observations,,binding,Kd,nM,>=,binding,experimental_summary,lower_censor_bound,326,5000,5000,5000,200000,200000,1000000,10000000,213374.23312883437,591207.92005422362,195000,exact_linear_order_statistics_disk_backed
observations,,binding,Kd,nM,>=,other_bioactivity,experimental_summary,lower_censor_bound,1,12882.5,12882.5,12882.5,12882.5,12882.5,12882.5,12882.5,12882.5,0,0,exact_linear_order_statistics_disk_backed
observations,,binding,Kd,nM,interval,binding,experimental_summary,lower_censor_bound,72,3.3000000000000003e-05,3.3000000000000003e-05,0.24249999999999999,1.95,20.25,556.26320000000908,1590.0799999999999,37.830882333333335,186.32405167150188,20.0075,exact_linear_order_statistics_disk_backed
observations,,binding,Kd,nM,interval,binding,experimental_summary,upper_censor_bound,72,0.23999999999999999,0.28259999999999996,2.8500000000000001,3.4500000000000002,37.150000000000006,1622.0643000000136,3186.6700000000001,80.709305555555545,386.95484403267403,34.300000000000004,exact_linear_order_statistics_disk_backed
observations,,binding,Ki,nM,<,binding,experimental_summary,upper_censor_bound,13824,0.001,0.01,1,50,100,100000,100000000000000,46296325483.828728,2089753481444.7998,99,exact_linear_order_statistics_disk_backed
observations,,binding,Ki,nM,<,other_bioactivity,experimental_summary,upper_censor_bound,241,0.001,0.1585,501.19,1584.8900000000001,2511.8899999999999,50000000,50000000,1664128.1157406638,8956523.7977584545,2010.6999999999998,exact_linear_order_statistics_disk_backed
observations,,binding,Ki,nM,<=,binding,experimental_summary,upper_censor_bound,236,0.0040000000000000001,0.01,12,1000,800000,316227766016837.94,316227766016837.94,75037097081357.031,134529727647553.94,799988,exact_linear_order_statistics_disk_backed
observations,,binding,Ki,nM,<=,other_bioactivity,experimental_summary,upper_censor_bound,2,100,1000000000099,25000000000075,50000000000050,75000000000025,99000000000001,100000000000000,50000000000050,49999999999950,49999999999950,exact_linear_order_statistics_disk_backed
observations,,binding,Ki,nM,=,binding,experimental_summary,exact_value,472541,6e-10,0.047,7.4000000000000004,70,780,794328.22999999998,9.9999999999999996e+27,2.5398883400396837e+22,1.4691958507606907e+25,772.60000000000002,exact_linear_order_statistics_disk_backed
observations,,binding,Ki,nM,=,other_bioactivity,experimental_summary,exact_value,51430,0.00029999999999999997,0.31619999999999998,63.100000000000001,501.19,2511.8899999999999,172709.99999999913,689604362163702.75,34166024250.084675,4032958541658.4595,2448.79,exact_linear_order_statistics_disk_backed
observations,,binding,Ki,nM,=,pk_adme,experimental_summary,exact_value,15,0.058999999999999997,0.064739999999999992,0.44,62,449.5,2858,2900,486.43126666666666,913.56195796880445,449.06,exact_linear_order_statistics_disk_backed
observations,,binding,Ki,nM,>,binding,experimental_summary,lower_censor_bound,52374,1.0000000000000001e-05,75,1700,10000,10000,2000000,4000000000,891315.19472864154,21956109.662667055,8300,exact_linear_order_statistics_disk_backed
observations,,binding,Ki,nM,>,other_bioactivity,experimental_summary,lower_censor_bound,74251,1,630.96000000000004,2511.8899999999999,5011.8699999999999,7943.2799999999997,79432.820000000007,200000000,21854.112717929722,1333442.4064353029,5431.3899999999994,exact_linear_order_statistics_disk_backed
observations,,binding,Ki,nM,>=,binding,experimental_summary,lower_censor_bound,479,9,99,1000,2000,22476.309999999998,500000,10000000,50369.805386221298,465705.12808935082,21476.309999999998,exact_linear_order_statistics_disk_backed
observations,,binding,Ki,nM,>=,other_bioactivity,experimental_summary,lower_censor_bound,7,500,659.73680000000002,6581.1399999999994,15100,67000,67000,67000,32823.182857142856,29913.51984037687,60418.860000000001,exact_linear_order_statistics_disk_backed
observations,,binding,Ki,nM,interval,binding,experimental_summary,lower_censor_bound,660,0.0014,0.0109,10,10,66.5,4910.9099999999953,17000,144.62098318181819,886.91775274499321,56.5,exact_linear_order_statistics_disk_backed
observations,,binding,Ki,nM,interval,binding,experimental_summary,upper_censor_bound,660,0.0015,0.0511,10.5,30,298.75,10000,17098,569.8261551515152,1795.5785059285076,288.25,exact_linear_order_statistics_disk_backed
observations,,binding,Ki,nM,interval,other_bioactivity,experimental_summary,lower_censor_bound,9,0.44,0.55600000000000005,4,15,34,972,1000,193.03666666666666,347.86274010815754,30,exact_linear_order_statistics_disk_backed
observations,,binding,Ki,nM,interval,other_bioactivity,experimental_summary,upper_censor_bound,9,4.4000000000000004,5.008,16,38,123,9255.1999999999989,10000,1216.8222222222221,3112.159583803782,107,exact_linear_order_statistics_disk_backed
observations,,binding,standard_binding_free_energy,kcal/mol,=,binding,derived,exact_value,62343,-45.397876034946158,-15.006717143376624,-10.59069593907221,-8.9836029407816635,-7.6943357360561793,-5.4569880521369534,-2.7284940260684767,-9.2398056255080938,2.1710796127187475,2.8963602030160311,exact_linear_order_statistics_disk_backed
observations,,binding,standard_binding_free_energy,kcal/mol,=,other_bioactivity,derived,exact_value,5458,-15.006717143376624,-14.051729142512757,-11.459685581195131,-10.109139122824569,-8.6175791377775042,-5.8676673245552493,-5.4569880521369534,-10.045995029903121,1.8992011763959511,2.8421064434176273,exact_linear_order_statistics_disk_backed
observations,,binding,standard_binding_free_energy,kcal/mol,=,pk_adme,derived,exact_value,2,-6.8706374135504991,-6.8660365973425233,-6.7556170083510985,-6.6405966031516979,-6.5255761979522964,-6.4151566089608716,-6.4105557927528958,-6.6405966031516979,0.23004081039879304,0.23004081039880209,exact_linear_order_statistics_disk_backed
observations,,herg,% Ctrl,%,=,herg_binding,experimental_summary,exact_value,29,63,64.400000000000006,81,95,105,121,121,93.896551724137936,14.974333967311015,24,exact_linear_order_statistics_disk_backed
observations,,herg,% of control,%,=,herg_binding,experimental_summary,exact_value,2,85,85.260000000000005,91.5,98,104.5,110.73999999999999,111,98,13,13,exact_linear_order_statistics_disk_backed
observations,,herg,% of inhibition,%,=,herg_binding,experimental_summary,exact_value,2,0,0.01,0.25,0.5,0.75,0.98999999999999999,1,0.5,0.5,0.5,exact_linear_order_statistics_disk_backed
observations,,herg,% of inhibition or stimulation,%,=,herg_binding,experimental_summary,exact_value,1,89,89,89,89,89,89,89,89,0,0,exact_linear_order_statistics_disk_backed
observations,,herg,%max,%,=,herg_binding,experimental_summary,exact_value,2,14,14.16,18,22,26,29.84,30,22,8,8,exact_linear_order_statistics_disk_backed
observations,,herg,AC50,nM,=,herg_functional,experimental_summary,exact_value,497,10,39.600000000000001,1300,3900,10999.9,33197.460000000006,739997.09999999998,10412.907645875252,42436.737056553065,9699.8999999999996,exact_linear_order_statistics_disk_backed
observations,,herg,AC50,nM,=,herg_other,experimental_summary,exact_value,1,2800,2800,2800,2800,2800,2800,2800,2800,0,0,exact_linear_order_statistics_disk_backed
observations,,herg,AC50,nM,>,herg_functional,experimental_summary,lower_censor_bound,1325,1000,30000,30000,30000,30000,30000,1000000,31239.245283018867,29599.17335976371,0,exact_linear_order_statistics_disk_backed
observations,,herg,Activity,%,<,herg_binding,experimental_summary,upper_censor_bound,5,1,1.3599999999999999,10,50,50,50,50,32.200000000000003,21.985449733858072,40,exact_linear_order_statistics_disk_backed
observations,,herg,Activity,%,<,herg_other,experimental_summary,upper_censor_bound,2,1,1.49,13.25,25.5,37.75,49.509999999999998,50,25.5,24.5,24.5,exact_linear_order_statistics_disk_backed
observations,,herg,Activity,%,=,herg_binding,experimental_summary,exact_value,177,-2,0,7,36,75,111.12000000000012,124,41.94373446327684,36.471314765836162,68,exact_linear_order_statistics_disk_backed
observations,,herg,Activity,%,=,herg_other,experimental_summary,exact_value,42,2,7.3300000000000001,64.282499999999999,76.789999999999992,84.275000000000006,96.017200000000003,96.049999999999997,69.667619047619041,21.37786080098531,19.992500000000007,exact_linear_order_statistics_disk_backed
observations,,herg,Activity,%,>,herg_binding,experimental_summary,lower_censor_bound,3,50,50,50,50,74,97.039999999999992,98,66,22.627416997969522,24,exact_linear_order_statistics_disk_backed
observations,,herg,Activity,ms,=,herg_binding,experimental_summary,exact_value,1,30,30,30,30,30,30,30,30,0,0,exact_linear_order_statistics_disk_backed
observations,,herg,Activity,mv,<,herg_binding,experimental_summary,upper_censor_bound,2,10,10,10,10,10,10,10,10,0,0,exact_linear_order_statistics_disk_backed
observations,,herg,Activity,mv,=,herg_binding,experimental_summary,exact_value,5,-16,-14.952,10.199999999999999,17.199999999999999,28,36.543999999999997,36.899999999999999,15.26,18.095037993881085,17.800000000000001,exact_linear_order_statistics_disk_backed
observations,,herg,Activity,nM,=,herg_binding,experimental_summary,exact_value,28,110,183.71000000000001,1055.5,3591,5050,18287.000000000007,21500,4185.2857142857147,4137.0507339782771,3994.5,exact_linear_order_statistics_disk_backed
observations,,herg,Activity,nM,=,herg_functional,experimental_summary,exact_value,2,270,270.30000000000001,277.5,285,292.5,299.69999999999999,300,285,15,15,exact_linear_order_statistics_disk_backed
observations,,herg,Activity,nM,>,herg_binding,experimental_summary,lower_censor_bound,19,10000,10000,10000,10000,10000,10000,10000,10000,0,0,exact_linear_order_statistics_disk_backed
observations,,herg,Activity,nM,>,herg_functional,experimental_summary,lower_censor_bound,26,1000,1000,1000,1000,1000,1000,1000,1000,0,0,exact_linear_order_statistics_disk_backed
observations,,herg,Activity,uM,<=,herg_binding,experimental_summary,upper_censor_bound,16,6,6,6,6,6,6,6,6,0,0,exact_linear_order_statistics_disk_backed
observations,,herg,Activity,uM,=,herg_binding,experimental_summary,exact_value,61,0.010999999999999999,0.017000000000000001,4.5999999999999996,7.5999999999999996,15.9,497.71999999999997,517.39999999999998,36.136754098360655,101.08115316696028,11.300000000000001,exact_linear_order_statistics_disk_backed
observations,,herg,Activity,uM,>,herg_binding,experimental_summary,lower_censor_bound,18,10,10,30,30,50,100,100,40.277777777777779,25.086086350705681,20,exact_linear_order_statistics_disk_backed
observations,,herg,Activity,uM,>,herg_other,experimental_summary,lower_censor_bound,1,50,50,50,50,50,50,50,50,0,0,exact_linear_order_statistics_disk_backed
observations,,herg,EC25,uM,=,herg_functional,experimental_summary,exact_value,1,2.5,2.5,2.5,2.5,2.5,2.5,2.5,2.5,0,0,exact_linear_order_statistics_disk_backed
observations,,herg,EC50,nM,<,herg_other,experimental_summary,upper_censor_bound,6,30000,30000,30000,30000,30000,30000,30000,30000,0,0,exact_linear_order_statistics_disk_backed
observations,,herg,EC50,nM,=,herg_binding,experimental_summary,exact_value,66,1.8999999999999999,5.8279499999999995,4600,9300,15000,188949.99999999808,408000,18387.103681818182,50092.370921066773,10400,exact_linear_order_statistics_disk_backed
observations,,herg,EC50,nM,=,herg_functional,experimental_summary,exact_value,2,5000,5040,6000,7000,8000,8960,9000,7000,2000,2000,exact_linear_order_statistics_disk_backed
observations,,herg,EC50,nM,=,herg_other,experimental_summary,exact_value,135,10,65.780000000000001,830,2740,7495,100331.99999999993,813800,12924.866666666667,70690.471726922391,6665,exact_linear_order_statistics_disk_backed
observations,,herg,EC50,nM,>,herg_binding,experimental_summary,lower_censor_bound,29,10000,10000,30000,30000,30000,100000,100000,35379.310344827587,21236.620604436797,0,exact_linear_order_statistics_disk_backed
observations,,herg,EC50,nM,>,herg_other,experimental_summary,lower_censor_bound,1,10000,10000,10000,10000,10000,10000,10000,10000,0,0,exact_linear_order_statistics_disk_backed
observations,,herg,ED50,uM,=,herg_binding,experimental_summary,exact_value,1,3,3,3,3,3,3,3,3,0,0,exact_linear_order_statistics_disk_backed
observations,,herg,Emax,%,=,herg_binding,experimental_summary,exact_value,1,79,79,79,79,79,79,79,79,0,0,exact_linear_order_statistics_disk_backed
observations,,herg,IC20,nM,<,herg_binding,experimental_summary,upper_censor_bound,8,300,349,1000,1000,1000,2859.9999999999995,3000,1162.5,731.33012381550373,0,exact_linear_order_statistics_disk_backed
observations,,herg,IC20,nM,=,herg_binding,experimental_summary,exact_value,68,100,102.68000000000001,725,2700,6100,36929.999999999964,51000,5350.2058823529414,8411.0114390720391,5375,exact_linear_order_statistics_disk_backed
observations,,herg,IC20,nM,=,herg_other,experimental_summary,exact_value,26,66,162,2475,5550,15250,77250,81000,14145.615384615385,20819.457112697623,12775,exact_linear_order_statistics_disk_backed
observations,,herg,IC20,nM,>,herg_binding,experimental_summary,lower_censor_bound,16,174,297.89999999999998,8750,10000,15000,46999.999999999993,50000,14198.375,13232.367120412546,6250,exact_linear_order_statistics_disk_backed
observations,,herg,IC20,nM,>,herg_other,experimental_summary,lower_censor_bound,19,10000,10000,10000,10000,10000,51000.000000000015,60000,12631.578947368422,11164.843913471801,0,exact_linear_order_statistics_disk_backed
observations,,herg,IC25,nM,=,herg_binding,experimental_summary,exact_value,8,2500,2857,12400,25000,193225,670993,671000,181250,282898.24142260058,180825,exact_linear_order_statistics_disk_backed
observations,,herg,IC25,nM,=,herg_other,experimental_summary,exact_value,14,2900,2926,6650,15050,29350,48463.999999999993,49400,19471.428571428572,14859.168817911168,22700,exact_linear_order_statistics_disk_backed
observations,,herg,IC25,nM,>,herg_other,experimental_summary,lower_censor_bound,10,2000,2000,3875,6200,10925,100000,100000,24440,37887.311860304893,7050,exact_linear_order_statistics_disk_backed
observations,,herg,IC5,uM,=,herg_other,experimental_summary,exact_value,1,55.299999999999997,55.299999999999997,55.299999999999997,55.299999999999997,55.299999999999997,55.299999999999997,55.299999999999997,55.299999999999997,0,0,exact_linear_order_statistics_disk_backed
observations,,herg,IC50,nM,<,herg_binding,experimental_summary,upper_censor_bound,270,3,10,1000,31622.779999999999,31622.779999999999,63095.730000000003,63095.730000000003,23549.972037037038,18020.803303793622,30622.779999999999,exact_linear_order_statistics_disk_backed
observations,,herg,IC50,nM,<,herg_other,experimental_summary,upper_censor_bound,17,100,132,500,1000,10000,22600,25000,4335.2941176470586,6476.9220337396273,9500,exact_linear_order_statistics_disk_backed
observations,,herg,IC50,nM,<=,herg_binding,experimental_summary,upper_censor_bound,4,1000,1060,2500,3000,3000,3000,3000,2500,866.02540378443859,500,exact_linear_order_statistics_disk_backed
observations,,herg,IC50,nM,=,herg_binding,experimental_summary,exact_value,10118,0.14000000000000001,2.2599999999999998,1258.9300000000001,5000,14000,245271.83869999993,954992586.01999998,513893.39173720102,16773835.25395098,12741.07,exact_linear_order_statistics_disk_backed
observations,,herg,IC50,nM,=,herg_functional,experimental_summary,exact_value,223,0.90000000000000002,4.532,227.595,5800,68547.865000000005,60240792.010200016,158489319.25,2185828.3305336321,13790215.953965442,68320.270000000004,exact_linear_order_statistics_disk_backed
observations,,herg,IC50,nM,=,herg_other,experimental_summary,exact_value,1573,0.021000000000000001,7.444,1700,6060,17700,341383.99999999598,22840000,92098.425883661781,1088984.5194389811,16000,exact_linear_order_statistics_disk_backed
observations,,herg,IC50,nM,>,herg_binding,experimental_summary,lower_censor_bound,3856,10,500,10000,30000,40000,300000,1000000000,840614.30018931546,27918074.30622042,30000,exact_linear_order_statistics_disk_backed
observations,,herg,IC50,nM,>,herg_functional,experimental_summary,lower_censor_bound,9,10000,11600,30000,30000,33000,278640,300000,58444.444444444445,85658.379769240069,3000,exact_linear_order_statistics_disk_backed
observations,,herg,IC50,nM,>,herg_other,experimental_summary,lower_censor_bound,892,1,60,25000,30000,40000,209000.00000000317,60000000,199648.61762331837,2581141.2993072779,15000,exact_linear_order_statistics_disk_backed
observations,,herg,IC50,nM,>=,herg_binding,experimental_summary,lower_censor_bound,11,10000,10000,10000,10000,20000,93000.000000000029,100000,21818.18181818182,25873.180855923103,10000,exact_linear_order_statistics_disk_backed
observations,,herg,IC50,nM,>=,herg_other,experimental_summary,lower_censor_bound,2,30000,30150,33750,37500,41250,44850,45000,37500,7500,7500,exact_linear_order_statistics_disk_backed
observations,,herg,IC60,uM,>,herg_binding,experimental_summary,lower_censor_bound,1,10,10,10,10,10,10,10,10,0,0,exact_linear_order_statistics_disk_backed
observations,,herg,INH,nM,<,herg_binding,experimental_summary,upper_censor_bound,1,200,200,200,200,200,200,200,200,0,0,exact_linear_order_statistics_disk_backed
observations,,herg,INH,nM,=,herg_binding,experimental_summary,exact_value,35,290,368.19999999999999,1741.5,4128,6975,37599.999999999964,41000,6782.3714285714286,8664.7076451734083,5233.5,exact_linear_order_statistics_disk_backed
observations,,herg,INH,nM,>,herg_binding,experimental_summary,lower_censor_bound,3,100,1098,25050,50000,50000,50000,50000,33366.666666666664,23523.085587472488,24950,exact_linear_order_statistics_disk_backed
observations,,herg,INH,pM,<,herg_binding,experimental_summary,upper_censor_bound,1,1,1,1,1,1,1,1,1,0,0,exact_linear_order_statistics_disk_backed
observations,,herg,INH,uM,<,herg_other,experimental_summary,upper_censor_bound,2,10,10,10,10,10,10,10,10,0,0,exact_linear_order_statistics_disk_backed
observations,,herg,INH,uM,=,herg_binding,experimental_summary,exact_value,82,0.01,0.015994000000000001,5,11.199999999999999,28,288.0299999999981,966,29.003873170731705,106.05848628105069,23,exact_linear_order_statistics_disk_backed
observations,,herg,INH,uM,=,herg_other,experimental_summary,exact_value,12,0.014999999999999999,0.11235000000000001,3.5499999999999998,10.949999999999999,14.350000000000001,70.470000000000013,73,16.842916666666667,21.123454821036944,10.800000000000001,exact_linear_order_statistics_disk_backed
observations,,herg,INH,uM,>,herg_binding,experimental_summary,lower_censor_bound,58,3,3,10,30,33,100,100,33.120689655172413,29.1772688957351,23,exact_linear_order_statistics_disk_backed
observations,,herg,INH,uM,>,herg_other,experimental_summary,lower_censor_bound,3,30,30,30,30,40,49.600000000000001,50,36.666666666666664,9.4280904158206358,10,exact_linear_order_statistics_disk_backed
observations,,herg,IP,nM,=,herg_binding,experimental_summary,exact_value,107,24,65.900000000000006,590,2600,5900,20939.999999999996,42000,4637.0467289719627,6242.2909950574458,5310,exact_linear_order_statistics_disk_backed
observations,,herg,IP,nM,>,herg_binding,experimental_summary,lower_censor_bound,5,10000,10000,10000,10000,50000,50000,50000,26000,19595.917942265423,40000,exact_linear_order_statistics_disk_backed
observations,,herg,Imax,%,=,herg_binding,experimental_summary,exact_value,6,51,52.25,77.5,87.599999999999994,97.100000000000009,99.920000000000002,100,83.433333333333337,16.847716627352078,19.600000000000009,exact_linear_order_statistics_disk_backed
observations,,herg,Imax,%,=,herg_other,experimental_summary,exact_value,10,16.699999999999999,17.995999999999999,34.550000000000004,58.600000000000001,67.150000000000006,80.624000000000009,81.200000000000003,52.679999999999993,20.162232019297878,32.600000000000001,exact_linear_order_statistics_disk_backed
observations,,herg,Inflection point,nM,=,herg_binding,experimental_summary,exact_value,12,3.8300000000000001,4.2887000000000004,18.967750000000002,955,5147.5,23166.80000000001,24720,4496.9750833333337,7049.1160279386031,5128.5322500000002,exact_linear_order_statistics_disk_backed
observations,,herg,Inflection point,nM,>,herg_binding,experimental_summary,lower_censor_bound,1,10000,10000,10000,10000,10000,10000,10000,10000,0,0,exact_linear_order_statistics_disk_backed
observations,,herg,Inhibition,%,<,herg_binding,experimental_summary,upper_censor_bound,170,1,1,10,11,30,50,50,21.504235294117645,16.645941980411472,20,exact_linear_order_statistics_disk_backed
observations,,herg,Inhibition,%,<,herg_other,experimental_summary,upper_censor_bound,56,1,1,1,25,50,50,50,24.75,22.277671396650568,49,exact_linear_order_statistics_disk_backed
observations,,herg,Inhibition,%,<=,herg_binding,experimental_summary,upper_censor_bound,2,10,10.199999999999999,15,20,25,29.800000000000001,30,20,10,10,exact_linear_order_statistics_disk_backed
observations,,herg,Inhibition,%,=,herg_binding,experimental_summary,exact_value,4199,-67,-14,11,28,56,100,120,35.362960228625866,29.819922347768589,45,exact_linear_order_statistics_disk_backed
observations,,herg,Inhibition,%,=,herg_functional,experimental_summary,exact_value,810,-17,-12,3,13.5,40.75,108.90999999999997,116,26.03827160493827,31.917908081074327,37.75,exact_linear_order_statistics_disk_backed
observations,,herg,Inhibition,%,=,herg_other,experimental_summary,exact_value,1207,-86,-13.94,11,30,59.849999999999994,100,7063,42.322949461474735,204.51568583491795,48.849999999999994,exact_linear_order_statistics_disk_backed
observations,,herg,Inhibition,%,>,herg_binding,experimental_summary,lower_censor_bound,20,20,20,50,50,90,99.429999999999993,100,58.299999999999997,26.338375044789686,40,exact_linear_order_statistics_disk_backed
observations,,herg,Inhibition,%,>,herg_functional,experimental_summary,lower_censor_bound,2,5,5.0700000000000003,6.75,8.5,10.25,11.93,12,8.5,3.5,3.5,exact_linear_order_statistics_disk_backed
observations,,herg,Inhibition,%,>,herg_other,experimental_summary,lower_censor_bound,8,30,30,45,50,91,99.370000000000005,100,61.5,26.466960535732092,46,exact_linear_order_statistics_disk_backed
observations,,herg,Inhibition,%,interval,herg_binding,experimental_summary,lower_censor_bound,6,41,41,41,45.5,76.25,97.064999999999998,97.700000000000003,59.283333333333331,23.188389096461382,35.25,exact_linear_order_statistics_disk_backed
observations,,herg,Inhibition,%,interval,herg_binding,experimental_summary,upper_censor_bound,6,50.200000000000003,50.640000000000001,59,59,84.5,99.650000000000006,100,70.033333333333331,19.07892962289959,25.5,exact_linear_order_statistics_disk_backed
observations,,herg,Inhibition of control,%,>,herg_binding,experimental_summary,lower_censor_bound,1,50,50,50,50,50,50,50,50,0,0,exact_linear_order_statistics_disk_backed
observations,,herg,Inhibitory activity,%,=,herg_binding,experimental_summary,exact_value,5,0.20000000000000001,0.248,1.3999999999999999,6,32,85.951999999999998,88.200000000000003,25.559999999999999,33.390633417172552,30.600000000000001,exact_linear_order_statistics_disk_backed
observations,,herg,K,/min,=,herg_other,experimental_summary,exact_value,45,0.0094999999999999998,0.0097199999999999995,0.064000000000000001,0.14999999999999999,0.34999999999999998,2.4160000000000026,2.8999999999999999,0.30363333333333331,0.48964236835560798,0.28599999999999998,exact_linear_order_statistics_disk_backed
observations,,herg,K,/nm/min,=,herg_other,experimental_summary,exact_value,25,0.0012999999999999999,0.001372,0.0045999999999999999,0.017000000000000001,0.041000000000000002,0.54639999999999922,0.64000000000000001,0.061168000000000007,0.13253828041739488,0.036400000000000002,exact_linear_order_statistics_disk_backed
observations,,herg,K,10'-4/nm/min,=,herg_other,experimental_summary,exact_value,12,1.3999999999999999,1.4219999999999999,2.4750000000000001,3.25,3.9000000000000004,5.5449999999999999,5.5999999999999996,3.2916666666666665,1.2691587327394829,1.4250000000000003,exact_linear_order_statistics_disk_backed
observations,,herg,K,10'-5/nm/min,=,herg_other,experimental_summary,exact_value,7,1.3999999999999999,1.4119999999999999,2.4500000000000002,6.2000000000000002,7.9000000000000004,8.581999999999999,8.5999999999999996,5.2714285714285714,2.8892481897616236,5.4500000000000002,exact_linear_order_statistics_disk_backed
observations,,herg,K,10'-7/nm/min,=,herg_other,experimental_summary,exact_value,1,2.7999999999999998,2.7999999999999998,2.7999999999999998,2.7999999999999998,2.7999999999999998,2.7999999999999998,2.7999999999999998,2.7999999999999998,0,0,exact_linear_order_statistics_disk_backed
observations,,herg,Kd,nM,=,herg_binding,experimental_summary,exact_value,1,3900,3900,3900,3900,3900,3900,3900,3900,0,0,exact_linear_order_statistics_disk_backed
observations,,herg,Kd,nM,=,herg_other,experimental_summary,exact_value,45,0.44,0.56759999999999999,34,100,368,110611.64000000041,190546,4993.5637777777774,28034.730112195346,334,exact_linear_order_statistics_disk_backed
observations,,herg,Ki,nM,<,herg_binding,experimental_summary,upper_censor_bound,67,13,6604.4200000000001,10000,10000,10000,10000,10000,9850.940298507463,1210.9667395089448,0,exact_linear_order_statistics_disk_backed
observations,,herg,Ki,nM,=,herg_binding,experimental_summary,exact_value,1735,0.39000000000000001,3.8380000000000001,794.33000000000004,3800,12500,49000,130000,8545.2202420749272,11287.35067004964,11705.67,exact_linear_order_statistics_disk_backed
observations,,herg,Ki,nM,=,herg_other,experimental_summary,exact_value,75,0.28000000000000003,1.2568000000000001,78.5,944,4600,47064.000000000131,66600,6152.1258666666663,12274.108373662461,4521.5,exact_linear_order_statistics_disk_backed
observations,,herg,Ki,nM,>,herg_binding,experimental_summary,lower_censor_bound,846,5,10,10000,25000,25000,150000,150000,22906.126926713947,20662.533391324043,15000,exact_linear_order_statistics_disk_backed
observations,,herg,Ki,nM,>,herg_other,experimental_summary,lower_censor_bound,7,8000,8120,10000,40000,100000,100000,100000,52571.428571428572,42287.644743579462,90000,exact_linear_order_statistics_disk_backed
observations,,herg,Potency,nM,=,herg_functional,experimental_summary,exact_value,679,2.2000000000000002,69.105999999999995,5011.8999999999996,14125.4,31622.799999999999,79432.800000000003,79432.800000000003,18248.76200294551,15790.524950349147,26610.900000000001,exact_linear_order_statistics_disk_backed
observations,,herg,TIME,h,=,herg_other,experimental_summary,exact_value,50,6.3330000000000002e-06,4.1067630000000002e-05,0.045832499999999998,0.10001499999999999,0.24582500000000002,1.7093299999999998,1.75,0.24703421106000001,0.39929629356076429,0.19999250000000002,exact_linear_order_statistics_disk_backed
observations,,herg,V1/2,mv,=,herg_other,experimental_summary,exact_value,2,-64.599999999999994,-63.979999999999997,-49.099999999999994,-33.599999999999994,-18.100000000000001,-3.2199999999999989,-2.6000000000000001,-33.599999999999994,31,30.999999999999993,exact_linear_order_statistics_disk_backed
observations,,herg,XC50,nM,=,herg_other,experimental_summary,exact_value,2,8000,8240,14000,20000,26000,31760,32000,20000,12000,12000,exact_linear_order_statistics_disk_backed
observations,,herg,XC50,nM,>,herg_other,experimental_summary,lower_censor_bound,2,50000,50500,62500,75000,87500,99500,100000,75000,25000,25000,exact_linear_order_statistics_disk_backed
observations,,herg,effect,%,=,herg_binding,experimental_summary,exact_value,1,10,10,10,10,10,10,10,10,0,0,exact_linear_order_statistics_disk_backed
observations,,herg,pXC50,M,=,herg_binding,experimental_summary,exact_value,2,4.5,4.5069999999999997,4.6749999999999998,4.8499999999999996,5.0250000000000004,5.1930000000000005,5.2000000000000002,4.8499999999999996,0.3500000000000083,0.35000000000000053,exact_linear_order_statistics_disk_backed
observations,,herg,standard_binding_free_energy,kcal/mol,=,herg_binding,derived,exact_value,1,-7.3791239535592732,-7.3791239535592732,-7.3791239535592732,-7.3791239535592732,-7.3791239535592732,-7.3791239535592732,-7.3791239535592732,-7.3791239535592732,0,0,exact_linear_order_statistics_disk_backed
observations,,herg,standard_binding_free_energy,kcal/mol,=,herg_other,derived,exact_value,44,-12.764641738417216,-12.635660124667529,-10.267504892370157,-9.5497290912396693,-8.9321454292818441,-6.9661307481624144,-6.8918127201724699,-9.6374381014285877,1.3787164458426224,1.335359463088313,exact_linear_order_statistics_disk_backed
observations,,other,APD30,%,=,other_bioactivity,experimental_summary,exact_value,3,0.71999999999999997,0.79179999999999995,2.5149999999999997,4.3099999999999996,6.9049999999999994,9.3962000000000003,9.5,4.8433333333333328,3.6042043350632733,4.3899999999999997,exact_linear_order_statistics_disk_backed
observations,,other,APD70,ms,=,other_bioactivity,experimental_summary,exact_value,9,-37,-35.32,1,244,285,357.31999999999999,363,182.55555555555554,145.93233676461244,284,exact_linear_order_statistics_disk_backed
observations,,other,APD75,%,=,other_bioactivity,experimental_summary,exact_value,63,0,0,6.4500000000000002,11,20.5,43,43,13.771428571428572,10.990622677904675,14.050000000000001,exact_linear_order_statistics_disk_backed
observations,,other,APD75,ms,=,other_bioactivity,experimental_summary,exact_value,6,313,314.35000000000002,348,400,470.75,526.79999999999995,529,411.16666666666669,77.3033346988056,122.75,exact_linear_order_statistics_disk_backed
observations,,other,APD95,%,=,other_bioactivity,experimental_summary,exact_value,280,-53,-43,-2,14,29,78,84,15.186035714285715,25.974176014680069,31,exact_linear_order_statistics_disk_backed
observations,,other,APD95,ms,=,other_bioactivity,experimental_summary,exact_value,17,-24,-22.879999999999999,-2,5,347,415.91999999999996,426,127.41176470588235,176.03911959078181,349,exact_linear_order_statistics_disk_backed
observations,,other,APD95,uM,=,other_bioactivity,experimental_summary,exact_value,1,23,23,23,23,23,23,23,23,0,0,exact_linear_order_statistics_disk_backed
observations,,other,Absorption,%,interval,pk_adme,experimental_summary,lower_censor_bound,1,50,50,50,50,50,50,50,50,0,0,exact_linear_order_statistics_disk_backed
observations,,other,Absorption,%,interval,pk_adme,experimental_summary,upper_censor_bound,1,60,60,60,60,60,60,60,60,0,0,exact_linear_order_statistics_disk_backed
observations,,other,Activity,%,=,other_bioactivity,experimental_summary,exact_value,52,-5.4000000000000004,-4.6859999999999999,11.65,21.649999999999999,35.149999999999999,95.936999999999998,96.599999999999994,28.517307692307693,26.308602871668644,23.5,exact_linear_order_statistics_disk_backed
observations,,other,Activity,ms,=,other_bioactivity,experimental_summary,exact_value,41,107.7,121.02000000000001,161.69999999999999,180.90000000000001,200,259.72000000000008,275,183.12439024390244,28.748588771199064,38.300000000000011,exact_linear_order_statistics_disk_backed
observations,,other,Activity,uM,=,other_bioactivity,experimental_summary,exact_value,19,0.26000000000000001,0.26719999999999999,1.2000000000000002,6.2000000000000002,26.899999999999999,65.472000000000008,69,15.224210526315789,19.226177964264593,25.699999999999999,exact_linear_order_statistics_disk_backed
observations,,other,C,ng/mL,interval,pk_adme,experimental_summary,lower_censor_bound,4,2.5,2.5,2.5,21.25,67,144.75999999999999,148,48.25,59.590792073943774,64.5,exact_linear_order_statistics_disk_backed
observations,,other,C,ng/mL,interval,pk_adme,experimental_summary,upper_censor_bound,4,7,7.2699999999999996,13.75,181,419.75,632.14999999999986,641,252.5,262.61997258396019,406,exact_linear_order_statistics_disk_backed
observations,,other,C ss,ng/mL,=,pk_adme,experimental_summary,exact_value,3,0.40000000000000002,0.40800000000000003,0.60000000000000009,0.80000000000000004,0.95000000000000007,1.0940000000000001,1.1000000000000001,0.76666666666666672,0.28674417556808751,0.34999999999999998,exact_linear_order_statistics_disk_backed
observations,,other,C(24h),mcg/ml,=,pk_adme,experimental_summary,exact_value,1,0.029999999999999999,0.029999999999999999,0.029999999999999999,0.029999999999999999,0.029999999999999999,0.029999999999999999,0.029999999999999999,0.029999999999999999,0,0,exact_linear_order_statistics_disk_backed
observations,,other,C10APD90,uM,=,other_bioactivity,experimental_summary,exact_value,5,0.13,0.13240000000000002,0.19,1,1.51,15.708400000000001,16.300000000000001,3.8259999999999996,6.2583020061355299,1.3200000000000001,exact_linear_order_statistics_disk_backed
observations,,other,C20,uM,<,other_bioactivity,experimental_summary,upper_censor_bound,10,0.10000000000000001,0.10000000000000001,1,1,1.2999999999999998,4.383,4.5,1.4300000000000002,1.3046455457326329,0.29999999999999982,exact_linear_order_statistics_disk_backed
observations,,other,C20,uM,=,other_bioactivity,experimental_summary,exact_value,41,0.01,0.026000000000000002,0.29999999999999999,1.8,4.4000000000000004,34.680000000000028,42,4,7.4491178066641535,4.1000000000000005,exact_linear_order_statistics_disk_backed
observations,,other,C20 APD95,uM,<,other_bioactivity,experimental_summary,upper_censor_bound,1,1,1,1,1,1,1,1,1,0,0,exact_linear_order_statistics_disk_backed
observations,,other,C20 APD95,uM,=,other_bioactivity,experimental_summary,exact_value,32,0.02,0.075800000000000006,1.125,2.3999999999999999,9.1000000000000014,38.974000000000032,46.600000000000001,6.2337499999999997,9.3267082048008785,7.9750000000000014,exact_linear_order_statistics_disk_backed
observations,,other,CL(app),l/hr,=,pk_adme,experimental_summary,exact_value,2,4.5,4.7050000000000001,9.625,14.75,19.875,24.794999999999998,25,14.75,10.25,10.25,exact_linear_order_statistics_disk_backed
observations,,other,CL/F,l/hr,=,pk_adme,experimental_summary,exact_value,13,2.8500000000000001,2.8548,3.0299999999999998,11.4,17.960000000000001,62.147999999999968,66.900000000000006,14.961538461538462,16.64183507177658,14.930000000000001,exact_linear_order_statistics_disk_backed
observations,,other,CL/F,ml/min,=,pk_adme,experimental_summary,exact_value,24,33,36.564999999999998,112.75,148.5,168.25,323.13999999999993,365,137.76250000000002,66.629821979976242,55.5,exact_linear_order_statistics_disk_backed
observations,,other,CL/F,ml/min,interval,pk_adme,experimental_summary,lower_censor_bound,4,119,119.03,119.75,126,136.75,150.43000000000001,151,130.5,12.893796958227627,17,exact_linear_order_statistics_disk_backed
observations,,other,CL/F,ml/min,interval,pk_adme,experimental_summary,upper_censor_bound,4,122,122.54000000000001,135.5,145.5,160,185.91999999999999,187,150,23.73815494093844,24.5,exact_linear_order_statistics_disk_backed
observations,,other,Cavg,ng/dl,=,pk_adme,experimental_summary,exact_value,2,365,367.47000000000003,426.75,488.5,550.25,609.52999999999997,612,488.5,123.5,123.5,exact_linear_order_statistics_disk_backed
observations,,other,Cavg,pg/ml,=,pk_adme,experimental_summary,exact_value,8,9.8000000000000007,10.584000000000001,28.125,45.5,76.25,102.94999999999999,104,52.162500000000001,31.673882675636719,48.125,exact_linear_order_statistics_disk_backed
observations,,other,Cmin,ng/dl,=,pk_adme,experimental_summary,exact_value,2,223,224.71000000000001,265.75,308.5,351.25,392.28999999999996,394,308.5,85.5,85.5,exact_linear_order_statistics_disk_backed
observations,,other,Cmin ss,nM,=,pk_adme,experimental_summary,exact_value,3,0.5,0.53000000000000003,1.25,2,4.5,6.9000000000000004,7,3.1666666666666665,2.7788886667555115,3.25,exact_linear_order_statistics_disk_backed
observations,,other,Cmin ss,ng/mL,=,pk_adme,experimental_summary,exact_value,2,25.699999999999999,25.747,26.875,28.049999999999997,29.224999999999998,30.352999999999998,30.399999999999999,28.049999999999997,2.3500000000000321,2.3499999999999979,exact_linear_order_statistics_disk_backed
observations,,other,Cmin(80hr),pg/ml,=,pk_adme,experimental_summary,exact_value,1,41,41,41,41,41,41,41,41,0,0,exact_linear_order_statistics_disk_backed
observations,,other,Cmin(84hr),pg/ml,=,pk_adme,experimental_summary,exact_value,4,30,30.899999999999999,52.5,72.5,86.25,89.849999999999994,90,66.25,23.815698604072061,33.75,exact_linear_order_statistics_disk_backed
observations,,other,Compound Recovery,%,=,pk_adme,experimental_summary,exact_value,2,60,60.244999999999997,66.125,72.25,78.375,84.254999999999995,84.5,72.25,12.25,12.25,exact_linear_order_statistics_disk_backed
observations,,other,Creatinine_CL,ml/min,=,pk_adme,experimental_summary,exact_value,4,12.699999999999999,13.113999999999999,23.050000000000001,37.899999999999999,59,86.935999999999979,88.099999999999994,44.149999999999999,28.542731123702932,35.950000000000003,exact_linear_order_statistics_disk_backed
observations,,other,Css,mcg/ml,=,pk_adme,experimental_summary,exact_value,3,8.9390000000000001,10.12022,38.469499999999996,68,68,68,68,48.312999999999995,27.841622402439121,29.530500000000004,exact_linear_order_statistics_disk_backed
observations,,other,Css min,mcg/ml,=,pk_adme,experimental_summary,exact_value,1,57.399999999999999,57.399999999999999,57.399999999999999,57.399999999999999,57.399999999999999,57.399999999999999,57.399999999999999,57.399999999999999,0,0,exact_linear_order_statistics_disk_backed
observations,,other,Css min,ng/mL,=,pk_adme,experimental_summary,exact_value,1,352.31999999999999,352.31999999999999,352.31999999999999,352.31999999999999,352.31999999999999,352.31999999999999,352.31999999999999,352.31999999999999,0,0,exact_linear_order_statistics_disk_backed
observations,,other,Css-12w,pg/ml,=,pk_adme,experimental_summary,exact_value,2,0.40000000000000002,0.47600000000000003,2.2999999999999998,4.2000000000000002,6.0999999999999996,7.9240000000000004,8,4.2000000000000002,3.7999999999999998,3.7999999999999998,exact_linear_order_statistics_disk_backed
observations,,other,Css-48h,pg/ml,=,pk_adme,experimental_summary,exact_value,2,3.6000000000000001,3.6760000000000002,5.5,7.4000000000000004,9.2999999999999989,11.124000000000001,11.199999999999999,7.3999999999999995,3.7999999999999998,3.7999999999999989,exact_linear_order_statistics_disk_backed
observations,,other,Css-4w,pg/ml,=,pk_adme,experimental_summary,exact_value,2,2,2.0750000000000002,3.875,5.75,7.625,9.4250000000000007,9.5,5.75,3.75,3.75,exact_linear_order_statistics_disk_backed
observations,,other,D10,mgkg-1,>,other_bioactivity,experimental_summary,lower_censor_bound,142,5.5,5.5,5.5,5.5,5.5,5.5,5.5,5.5,0,0,exact_linear_order_statistics_disk_backed
observations,,other,Delta APD95,%,=,other_bioactivity,experimental_summary,exact_value,19,1,1.54,8,31,40.5,73.200000000000003,75,29.842105263157894,21.273317010294814,32.5,exact_linear_order_statistics_disk_backed
observations,,other,EC50,nM,<,other_bioactivity,experimental_summary,upper_censor_bound,1131,0.001,0.031620000000000002,100,5011.8699999999999,12589.25,1000000,316227766016.84003,1677633106.4776173,22971493768.467625,12489.25,exact_linear_order_statistics_disk_backed
observations,,other,EC50,nM,<=,other_bioactivity,experimental_summary,upper_censor_bound,12,5.7999999999999998,6.2619999999999996,10,10,3250,10000,10000,2597.1500000000001,4282.4095258977741,3240,exact_linear_order_statistics_disk_backed
observations,,other,EC50,nM,=,other_bioactivity,experimental_summary,exact_value,96702,1.4000000000000001e-07,0.025000000000000001,18,220,2170,125000,870963589956083.25,48800282267.07373,4542472512204.2197,2152,exact_linear_order_statistics_disk_backed
observations,,other,EC50,nM,>,other_bioactivity,experimental_summary,lower_censor_bound,27678,1.0000000000000001e-05,100,10000,40000,150000,1000000,1000000000000,72455856.299344689,8500253938.5773735,140000,exact_linear_order_statistics_disk_backed
observations,,other,EC50,nM,>=,other_bioactivity,experimental_summary,lower_censor_bound,90,10,10,762.5,10000,10000,100000,100000,23155.355777777779,33889.390477009241,9237.5,exact_linear_order_statistics_disk_backed
observations,,other,EC50,nM,interval,other_bioactivity,experimental_summary,lower_censor_bound,379,0.00040000000000000002,0.050000000000000003,0.050000000000000003,0.5,36,4194.1599999999871,10000,215.16333852242744,866.96266700523131,35.950000000000003,exact_linear_order_statistics_disk_backed
observations,,other,EC50,nM,interval,other_bioactivity,experimental_summary,upper_censor_bound,379,0.089999999999999997,0.5,0.5,5,100,8244.2199999999339,26289,554.59050131926119,1972.1973305882534,99.5,exact_linear_order_statistics_disk_backed
observations,,other,Excretion,%,=,other_bioactivity,experimental_summary,exact_value,4,6,6.1200000000000001,9,50,90,90,90,49,41.024382993532029,81,exact_linear_order_statistics_disk_backed
observations,,other,Excretion,%,=,pk_adme,experimental_summary,exact_value,35,1,1.3400000000000001,12,40,64.5,90.659999999999997,91,39.462857142857146,29.065080528401236,52.5,exact_linear_order_statistics_disk_backed
observations,,other,Excretion,%,interval,pk_adme,experimental_summary,lower_censor_bound,2,20,20.399999999999999,30,40,50,59.600000000000001,60,40,20,20,exact_linear_order_statistics_disk_backed
observations,,other,Excretion,%,interval,pk_adme,experimental_summary,upper_censor_bound,2,36,36.439999999999998,47,58,69,79.560000000000002,80,58,22,22,exact_linear_order_statistics_disk_backed
observations,,other,IC50,nM,<,other_bioactivity,experimental_summary,upper_censor_bound,2085,0.029999999999999999,0.25,100,1000,10000,50118.720000000001,1000000,6287.7146230215831,38311.042945305788,9900,exact_linear_order_statistics_disk_backed
observations,,other,IC50,nM,<=,other_bioactivity,experimental_summary,upper_censor_bound,119,6,10,1000,1000,1000,415692.10039999674,500000,10502.603949579832,64189.18403563543,0,exact_linear_order_statistics_disk_backed
observations,,other,IC50,nM,=,other_bioactivity,experimental_summary,exact_value,136709,2.037e-11,0.37007999999999991,129,2271,11957,201818.8000000114,66000000000,881336.12155464501,183787795.15783834,11828,exact_linear_order_statistics_disk_backed
observations,,other,IC50,nM,>,other_bioactivity,experimental_summary,lower_censor_bound,58984,1.0000000000000001e-05,1000,11000,50000,99500,400000,13000000000,315122.46412281314,53537874.751762442,88500,exact_linear_order_statistics_disk_backed
observations,,other,IC50,nM,>=,other_bioactivity,experimental_summary,lower_censor_bound,162,10,700,5000,10000,30000,304189.99999999971,750000,36774.081975308647,78519.837968380612,25000,exact_linear_order_statistics_disk_backed
observations,,other,IC50,nM,interval,other_bioactivity,experimental_summary,lower_censor_bound,106,0.38,0.70721000000000001,5,7,199.25,19415.000000000033,20000,1163.8699226415094,3349.7678070005832,194.25,exact_linear_order_statistics_disk_backed
observations,,other,IC50,nM,interval,other_bioactivity,experimental_summary,upper_censor_bound,106,0.68999999999999995,2.2860000000000005,100,600,600,95500.000000000262,100000,3003.6068867924528,13633.311181586118,500,exact_linear_order_statistics_disk_backed
observations,,other,Inhibition,%,=,other_bioactivity,experimental_summary,exact_value,1,50,50,50,50,50,50,50,50,0,0,exact_linear_order_statistics_disk_backed
observations,,other,Inhibition,%,=,pk_adme,experimental_summary,exact_value,2,65,65.170000000000002,69.25,73.5,77.75,81.829999999999998,82,73.5,8.5,8.5,exact_linear_order_statistics_disk_backed
observations,,other,Inhibition,%,>,other_bioactivity,experimental_summary,lower_censor_bound,1,50,50,50,50,50,50,50,50,0,0,exact_linear_order_statistics_disk_backed
observations,,other,MAPD90,ms,=,other_bioactivity,experimental_summary,exact_value,20,48,48.759999999999998,63.5,90,119.25,171.34999999999997,178,92.400000000000006,34.583811241677786,55.75,exact_linear_order_statistics_disk_backed
observations,,other,Protein bound,%,=,pk_adme,experimental_summary,exact_value,1,99,99,99,99,99,99,99,99,0,0,exact_linear_order_statistics_disk_backed
observations,,other,Recovery,%,interval,pk_adme,experimental_summary,lower_censor_bound,1,40,40,40,40,40,40,40,40,0,0,exact_linear_order_statistics_disk_backed
observations,,other,Recovery,%,interval,pk_adme,experimental_summary,upper_censor_bound,1,60,60,60,60,60,60,60,60,0,0,exact_linear_order_statistics_disk_backed
observations,,other,TIME,h,=,other_bioactivity,experimental_summary,exact_value,74,1.111e-06,2.32791e-06,1.2510000000000001e-05,1.7959999999999997e-05,3.0885e-05,4.4400299999999996e-05,4.5779999999999999e-05,2.2572337837837837e-05,1.1317681424138866e-05,1.8374999999999999e-05,exact_linear_order_statistics_disk_backed
observations,,other,Total CL,l/hr,=,pk_adme,experimental_summary,exact_value,2,7,7.4500000000000002,18.25,29.5,40.75,51.549999999999997,52,29.5,22.5,22.5,exact_linear_order_statistics_disk_backed
observations,,other,Vd app,l,=,pk_adme,experimental_summary,exact_value,1,197,197,197,197,197,197,197,197,0,0,exact_linear_order_statistics_disk_backed
observations,,other,Vd(app),l,=,pk_adme,experimental_summary,exact_value,1,49,49,49,49,49,49,49,49,0,0,exact_linear_order_statistics_disk_backed
observations,,other,Vd/F,l,=,pk_adme,experimental_summary,exact_value,18,19.800000000000001,20.140000000000001,69,86,101.5,111.83,112,80.316666666666663,28.361637822946697,32.5,exact_linear_order_statistics_disk_backed
observations,,other,Vss,l,=,other_bioactivity,experimental_summary,exact_value,2,20,21.879999999999999,67,114,161,206.12,208,114,94,94,exact_linear_order_statistics_disk_backed
observations,,other,Vss,l,=,pk_adme,experimental_summary,exact_value,5,17,18.48,54,105,115,392.44,404,139,137.16121900887291,61,exact_linear_order_statistics_disk_backed
observations,,other,Vss,l/m2,interval,pk_adme,experimental_summary,lower_censor_bound,1,809,809,809,809,809,809,809,809,0,0,exact_linear_order_statistics_disk_backed
observations,,other,Vss,l/m2,interval,pk_adme,experimental_summary,upper_censor_bound,1,1214,1214,1214,1214,1214,1214,1214,1214,0,0,exact_linear_order_statistics_disk_backed
observations,,other,Vss/F,l,=,pk_adme,experimental_summary,exact_value,1,70,70,70,70,70,70,70,70,0,0,exact_linear_order_statistics_disk_backed
observations,,pk_adme,% bound,none,=,pk_adme,experimental_summary,exact_value,10,35.600000000000001,36.689,50.100000000000001,59.799999999999997,70.5,95.63600000000001,97.400000000000006,61.929999999999993,16.687363482587671,20.399999999999999,exact_linear_order_statistics_disk_backed
observations,,pk_adme,% remaining,%,=,pk_adme,experimental_summary,exact_value,19,0,0,0,1.05,34.18,110.9494,112.33,22.788152631578946,35.392933289412582,34.18,exact_linear_order_statistics_disk_backed
observations,,pk_adme,% turnover,%,=,pk_adme,experimental_summary,exact_value,24,3.5,4.5579999999999998,18.149999999999999,43.799999999999997,82.5,98.908000000000001,99,49.1875,31.978290976066869,64.349999999999994,exact_linear_order_statistics_disk_backed
observations,,pk_adme,%R,%,=,pk_adme,experimental_summary,exact_value,2,97,97.170000000000002,101.25,105.5,109.75,113.83,114,105.5,8.5,8.5,exact_linear_order_statistics_disk_backed
observations,,pk_adme,A,%,=,pk_adme,experimental_summary,exact_value,1,2.1000000000000001,2.1000000000000001,2.1000000000000001,2.1000000000000001,2.1000000000000001,2.1000000000000001,2.1000000000000001,2.1000000000000001,0,0,exact_linear_order_statistics_disk_backed
observations,,pk_adme,AC50,nM,>,pk_adme,experimental_summary,lower_censor_bound,1,50000,50000,50000,50000,50000,50000,50000,50000,0,0,exact_linear_order_statistics_disk_backed
observations,,pk_adme,AUC,%,<,other_bioactivity,experimental_summary,upper_censor_bound,3,1,1.1799999999999999,5.5,10,10,10,10,7,4.2426406871192848,4.5,exact_linear_order_statistics_disk_backed
observations,,pk_adme,AUC,%,=,other_bioactivity,experimental_summary,exact_value,59,-10950,-9163.6000000000004,0.5,35,70,1379.6600000000051,3133,-473.30027118644068,2033.5675912453676,69.5,exact_linear_order_statistics_disk_backed
observations,,pk_adme,AUC,%.hr,=,other_bioactivity,experimental_summary,exact_value,2,50.299999999999997,50.699999999999996,60.299999999999997,70.299999999999997,80.299999999999997,89.900000000000006,90.299999999999997,70.299999999999997,20,20,exact_linear_order_statistics_disk_backed
observations,,pk_adme,AUC,%id/g/hr,=,other_bioactivity,experimental_summary,exact_value,24,6.0999999999999996,7.5259999999999998,27.850000000000001,136.15000000000001,724.22500000000002,1706.1200000000001,1737.4000000000001,414.70000000000005,527.9888824587124,696.375,exact_linear_order_statistics_disk_backed
observations,,pk_adme,AUC,(umol/l).min,=,other_bioactivity,experimental_summary,exact_value,2,454,459.66000000000003,595.5,737,878.5,1014.34,1020,737,283,283,exact_linear_order_statistics_disk_backed
observations,,pk_adme,AUC,/hr,<,other_bioactivity,experimental_summary,upper_censor_bound,1,3,3,3,3,3,3,3,3,0,0,exact_linear_order_statistics_disk_backed
observations,,pk_adme,AUC,/hr,=,other_bioactivity,experimental_summary,exact_value,4,25,25.510000000000002,37.75,49,63.5,85.099999999999994,86,52.25,22.364872009470567,25.75,exact_linear_order_statistics_disk_backed
observations,,pk_adme,AUC,0-24hr,=,other_bioactivity,experimental_summary,exact_value,8,996,1037.0899999999999,1602.5,2676,4002.5,14762.299999999997,15400,4308.75,4459.772100399302,2400,exact_linear_order_statistics_disk_backed
observations,,pk_adme,AUC,0-infinity,=,other_bioactivity,experimental_summary,exact_value,2,828,872.12,1931,3034,4137,5195.8800000000001,5240,3034,2206,2206,exact_linear_order_statistics_disk_backed
observations,,pk_adme,AUC,0-tidc,=,other_bioactivity,experimental_summary,exact_value,2,525,567.38999999999999,1584.75,2644.5,3704.25,4721.6099999999997,4764,2644.5,2119.5,2119.5,exact_linear_order_statistics_disk_backed
observations,,pk_adme,AUC,0-tldc,=,other_bioactivity,experimental_summary,exact_value,1,61.369999999999997,61.369999999999997,61.369999999999997,61.369999999999997,61.369999999999997,61.369999999999997,61.369999999999997,61.369999999999997,0,0,exact_linear_order_statistics_disk_backed
observations,,pk_adme,AUC,10^4nm.min,=,other_bioactivity,experimental_summary,exact_value,4,0.40000000000000002,0.44500000000000001,1.5249999999999999,2.7999999999999998,6.3250000000000002,13.884999999999998,14.199999999999999,5.0499999999999998,5.4104066390614305,4.8000000000000007,exact_linear_order_statistics_disk_backed
observations,,pk_adme,AUC,10^6nm,=,other_bioactivity,experimental_summary,exact_value,1,2,2,2,2,2,2,2,2,0,0,exact_linear_order_statistics_disk_backed
observations,,pk_adme,AUC,au.min,=,other_bioactivity,experimental_summary,exact_value,22,150,150,230,540,972.5,1179,1200,608.31818181818187,375.38808843934925,742.5,exact_linear_order_statistics_disk_backed
observations,,pk_adme,AUC,cm2,=,other_bioactivity,experimental_summary,exact_value,7,349,349.06,350,355,368.5,373.75999999999999,374,359.28571428571428,9.9097972548709592,18.5,exact_linear_order_statistics_disk_backed
observations,,pk_adme,AUC,fmol,=,other_bioactivity,experimental_summary,exact_value,4,0.84999999999999998,15.884499999999999,376.71249999999998,564.5,3441,11545.319999999998,11883,3253.2125000000001,4987.9168107005098,3064.2874999999999,exact_linear_order_statistics_disk_backed
observations,,pk_adme,AUC,g.hr,=,other_bioactivity,experimental_summary,exact_value,10,6.2999999999999998,6.633,18.25,48.450000000000003,166.375,480.11300000000006,510.19999999999999,116.35999999999999,147.04927881496053,148.125,exact_linear_order_statistics_disk_backed
observations,,pk_adme,AUC,g.hr,interval,other_bioactivity,experimental_summary,lower_censor_bound,2,5.7999999999999998,5.9219999999999997,8.8499999999999996,11.899999999999999,14.949999999999999,17.878,18,11.9,6.0999999999999988,6.0999999999999996,exact_linear_order_statistics_disk_backed
observations,,pk_adme,AUC,g.hr,interval,other_bioactivity,experimental_summary,upper_censor_bound,2,17,17.100000000000001,19.5,22,24.5,26.899999999999999,27,22,5,5,exact_linear_order_statistics_disk_backed
observations,,pk_adme,AUC,g/hr,=,other_bioactivity,experimental_summary,exact_value,3,21.859999999999999,32.105599999999995,278,534.13999999999999,829.53500000000008,1113.1142,1124.9300000000001,560.31000000000006,450.70648830475017,551.53500000000008,exact_linear_order_statistics_disk_backed
observations,,pk_adme,AUC,h,=,other_bioactivity,experimental_summary,exact_value,21,0,0,2,6.9000000000000004,369,699.00000000000011,727,184.64142857142855,230.16925644456711,367,exact_linear_order_statistics_disk_backed
observations,,pk_adme,AUC,h.fmol/millioncells,=,other_bioactivity,experimental_summary,exact_value,12,688,691.40999999999997,806.25,930.5,1072.75,1832.52,1851,1038,355.70141973289901,266.5,exact_linear_order_statistics_disk_backed
observations,,pk_adme,AUC,hr.%id/ml,=,other_bioactivity,experimental_summary,exact_value,4,3.1000000000000001,3.367,9.7750000000000004,14.5,19.5,26.699999999999996,27,14.775,8.6372376950041136,9.7249999999999996,exact_linear_order_statistics_disk_backed
observations,,pk_adme,AUC,hr.fmol,=,other_bioactivity,experimental_summary,exact_value,3,1.3200000000000001,1.3200000000000001,1.3200000000000001,1.3200000000000001,526.16000000000008,1030.0064,1051,351.21333333333337,494.8238973839301,524.84000000000003,exact_linear_order_statistics_disk_backed
observations,,pk_adme,AUC,hr.kg.ng/ml/mg,=,other_bioactivity,experimental_summary,exact_value,5,1795,1865.9200000000001,3568,4110,5066,7427.6000000000004,7526,4413,1885.5734406275453,1498,exact_linear_order_statistics_disk_backed
observations,,pk_adme,AUC,hr.ng/g,=,other_bioactivity,experimental_summary,exact_value,116,1.26,8.4030000000000005,99.074999999999989,661.85000000000002,3695,672219.14999999804,1650000,28807.611810344828,169092.47992834225,3595.9250000000002,exact_linear_order_statistics_disk_backed
observations,,pk_adme,AUC,hr.ng/l,=,other_bioactivity,experimental_summary,exact_value,4,30.100000000000001,32.5411,91.127499999999998,448.93499999999995,20118.395000000004,75794.540599999978,78114.380000000005,19760.587500000001,33691.856753281922,20027.267500000005,exact_linear_order_statistics_disk_backed
observations,,pk_adme,AUC,hr.nmol/g,=,other_bioactivity,experimental_summary,exact_value,1,0.091999999999999998,0.091999999999999998,0.091999999999999998,0.091999999999999998,0.091999999999999998,0.091999999999999998,0.091999999999999998,0.091999999999999998,0,0,exact_linear_order_statistics_disk_backed
observations,,pk_adme,AUC,hr.nmol/ml,=,other_bioactivity,experimental_summary,exact_value,4,0.14999999999999999,0.25559999999999999,2.79,3.8200000000000003,6.5775000000000006,14.087099999999998,14.4,5.5475000000000003,5.3271304423676353,3.7875000000000005,exact_linear_order_statistics_disk_backed
observations,,pk_adme,AUC,hr.sec,=,other_bioactivity,experimental_summary,exact_value,12,5.4000000000000004,5.4000000000000004,7.0225,11.65,22.75,42.456000000000003,42.5,17.452500000000001,14.332445200197578,15.727499999999999,exact_linear_order_statistics_disk_backed
observations,,pk_adme,AUC,hr.ug/g,=,other_bioactivity,experimental_summary,exact_value,2,4,4.0910000000000002,6.2750000000000004,8.5500000000000007,10.824999999999999,13.009,13.1,8.5500000000000007,4.5499999999999989,4.5499999999999989,exact_linear_order_statistics_disk_backed
observations,,pk_adme,AUC,hr/l.kg,=,other_bioactivity,experimental_summary,exact_value,4,4.6399999999999997,4.7995999999999999,8.6300000000000008,10.074999999999999,10.459999999999999,11.237599999999999,11.27,9.0150000000000006,2.5738735400170669,1.8299999999999983,exact_linear_order_statistics_disk_backed
observations,,pk_adme,AUC,hr/ml,=,other_bioactivity,experimental_summary,exact_value,13,898,997.52080000000001,2061.9899999999998,4693,17568.450000000001,22741.560000000001,22764.75,10033.972307692307,8384.0982023077977,15506.460000000001,exact_linear_order_statistics_disk_backed
observations,,pk_adme,AUC,hr/ng.ml,=,other_bioactivity,experimental_summary,exact_value,2,353.01999999999998,374.12739999999997,880.70500000000004,1408.3900000000001,1936.0750000000003,2442.6526000000003,2463.7600000000002,1408.3900000000001,1055.3700000000001,1055.3700000000003,exact_linear_order_statistics_disk_backed
observations,,pk_adme,AUC,hr/ug/ml,=,other_bioactivity,experimental_summary,exact_value,8,24.640000000000001,24.931899999999999,56.612499999999997,73.060000000000002,106.19,123.04069999999999,123.88,75.688749999999999,34.335476710503087,49.577500000000001,exact_linear_order_statistics_disk_backed
observations,,pk_adme,AUC,l/hr.kg,=,other_bioactivity,experimental_summary,exact_value,1,5900,5900,5900,5900,5900,5900,5900,5900,0,0,exact_linear_order_statistics_disk_backed
observations,,pk_adme,AUC,l/hr/kg,=,other_bioactivity,experimental_summary,exact_value,2,2581,2753.1900000000001,6885.75,11190.5,15495.25,19627.810000000001,19800,11190.5,8609.5,8609.5,exact_linear_order_statistics_disk_backed
observations,,pk_adme,AUC,mM,=,other_bioactivity,experimental_summary,exact_value,3,614,614.55999999999995,628,642,715,785.07999999999993,788,681.33333333333337,76.286011532623093,87,exact_linear_order_statistics_disk_backed
observations,,pk_adme,AUC,mg.hr,=,other_bioactivity,experimental_summary,exact_value,1,1200,1200,1200,1200,1200,1200,1200,1200,0,0,exact_linear_order_statistics_disk_backed
observations,,pk_adme,AUC,mg.hr/kg,=,other_bioactivity,experimental_summary,exact_value,3,4.0999999999999996,4.0999999999999996,4.0999999999999996,4.0999999999999996,14.65,24.777999999999999,25.199999999999999,11.133333333333333,9.946635388690769,10.550000000000001,exact_linear_order_statistics_disk_backed
observations,,pk_adme,AUC,mg/dl,=,other_bioactivity,experimental_summary,exact_value,19,125.5,129.55000000000001,165.55000000000001,232,293.55000000000001,36283.940000000002,36683,6308.1263157894737,12628.621911433529,128,exact_linear_order_statistics_disk_backed
observations,,pk_adme,AUC,mg/dl.hr,=,other_bioactivity,experimental_summary,exact_value,3,644,654.34000000000003,902.5,1161,1186.5,1210.98,1212,1005.6666666666666,256.58310328018263,284,exact_linear_order_statistics_disk_backed
observations,,pk_adme,AUC,mg/l,=,other_bioactivity,experimental_summary,exact_value,4,0.0070000000000000001,0.30079,7.3517500000000009,88.149999999999991,269.625,566.62499999999989,579,188.82675,234.75366024129954,262.27325000000002,exact_linear_order_statistics_disk_backed
observations,,pk_adme,AUC,mghr-1kg-1,=,other_bioactivity,experimental_summary,exact_value,20,3,3.1899999999999999,7.75,17.5,61.75,167.82999999999993,176,40.850000000000001,48.461866451881519,54,exact_linear_order_statistics_disk_backed
observations,,pk_adme,AUC,mgkg-1,=,other_bioactivity,experimental_summary,exact_value,14,0.01,0.0126,0.032500000000000001,1.1499999999999999,2079.5250000000001,5700.4399999999996,5793,1190.3150000000001,2005.2725350960936,2079.4925000000003,exact_linear_order_statistics_disk_backed
observations,,pk_adme,AUC,mgml-1,=,other_bioactivity,experimental_summary,exact_value,2,0.34000000000000002,0.34000000000000002,0.34000000000000002,0.34000000000000002,0.34000000000000002,0.34000000000000002,0.34000000000000002,0.34000000000000002,0,0,exact_linear_order_statistics_disk_backed
observations,,pk_adme,AUC,microg.hr/ml.g,=,other_bioactivity,experimental_summary,exact_value,4,216,217.5,253.5,282,319,379.47999999999996,382,290.5,60.371764923679351,65.5,exact_linear_order_statistics_disk_backed
observations,,pk_adme,AUC,microm.hr'2,=,other_bioactivity,experimental_summary,exact_value,2,464,465.22000000000003,494.5,525,555.5,584.77999999999997,586,525,61,61,exact_linear_order_statistics_disk_backed
observations,,pk_adme,AUC,microm.hr.kg/umol,=,other_bioactivity,experimental_summary,exact_value,3,0.070000000000000007,0.078800000000000009,0.29000000000000004,0.51000000000000001,0.53000000000000003,0.54920000000000002,0.55000000000000004,0.37666666666666671,0.21746008573733452,0.23999999999999999,exact_linear_order_statistics_disk_backed
observations,,pk_adme,AUC,microm.hr/mg/kg,=,other_bioactivity,experimental_summary,exact_value,54,0,0.00265,0.060749999999999998,0.22,1.175,22.101999999999993,25.600000000000001,1.9278518518518519,4.781165263233266,1.11425,exact_linear_order_statistics_disk_backed
observations,,pk_adme,AUC,microm/hr/mg,=,other_bioactivity,experimental_summary,exact_value,7,0.040000000000000001,0.097599999999999992,1.2,2.1000000000000001,17.049999999999997,68.965999999999966,71.599999999999994,15.748571428571427,24.512559712797632,15.849999999999998,exact_linear_order_statistics_disk_backed
observations,,pk_adme,AUC,microm/l.hr,=,other_bioactivity,experimental_summary,exact_value,11,1.3400000000000001,1.3680000000000001,3.6899999999999999,9.2699999999999996,47.234999999999999,54.258000000000003,54.649999999999999,22.238181818181818,21.472394039443387,43.545000000000002,exact_linear_order_statistics_disk_backed
observations,,pk_adme,AUC,microm/mg/kg,=,other_bioactivity,experimental_summary,exact_value,3,0.62,0.623,0.69500000000000006,0.77000000000000002,1.5249999999999999,2.2497999999999996,2.2799999999999998,1.2233333333333334,0.74968141381671027,0.82999999999999985,exact_linear_order_statistics_disk_backed
observations,,pk_adme,AUC,micromol.hr/l/mg/kg,=,other_bioactivity,experimental_summary,exact_value,9,0.039,0.048680000000000001,0.41999999999999998,0.42999999999999999,1.5,3.4367999999999999,3.5,1.1421111111111111,1.1488719534535163,1.0800000000000001,exact_linear_order_statistics_disk_backed
observations,,pk_adme,AUC,min,=,other_bioactivity,experimental_summary,exact_value,7,128,128.36000000000001,146,192,226,232.88,233,185.28571428571428,41.992224741915145,80,exact_linear_order_statistics_disk_backed
observations,,pk_adme,AUC,min.g.nm/mg,=,other_bioactivity,experimental_summary,exact_value,18,340,377.39999999999998,2425,4050,8375,32809.999999999985,34000,7252.7777777777774,8836.5137705592897,5950,exact_linear_order_statistics_disk_backed
observations,,pk_adme,AUC,min.ng/g,=,other_bioactivity,experimental_summary,exact_value,1,399,399,399,399,399,399,399,399,0,0,exact_linear_order_statistics_disk_backed
observations,,pk_adme,AUC,min.sec,=,other_bioactivity,experimental_summary,exact_value,5,114.90000000000001,116.7,159.90000000000001,267.69999999999999,370.69999999999999,383.46800000000002,384,259.44,108.40870075782664,210.79999999999998,exact_linear_order_statistics_disk_backed
observations,,pk_adme,AUC,ml/min.kg,=,other_bioactivity,experimental_summary,exact_value,5,0.40000000000000002,0.40760000000000002,0.58999999999999997,0.59999999999999998,1.8,2.1840000000000002,2.2000000000000002,1.1179999999999999,0.73464004791462345,1.21,exact_linear_order_statistics_disk_backed
observations,,pk_adme,AUC,ml/min.kg,=,pk_adme,experimental_summary,exact_value,2,4.0199999999999996,4.5097999999999994,16.265000000000001,28.510000000000002,40.754999999999995,52.510199999999998,53,28.509999999999998,24.490000000000006,24.489999999999995,exact_linear_order_statistics_disk_backed
observations,,pk_adme,AUC,mm.min,=,other_bioactivity,experimental_summary,exact_value,7,722.87,764.75779999999997,1493,2056,2405.5,3503.4799999999996,3569,2020.6957142857143,841.47072343363072,912.5,exact_linear_order_statistics_disk_backed
observations,,pk_adme,AUC,mmhg,=,other_bioactivity,experimental_summary,exact_value,2,460,489.39999999999998,1195,1930,2665,3370.5999999999999,3400,1930,1470,1470,exact_linear_order_statistics_disk_backed
observations,,pk_adme,AUC,mmhg.day,=,other_bioactivity,experimental_summary,exact_value,2,248.80000000000001,251.81400000000002,324.15000000000003,399.5,474.85000000000002,547.18600000000004,550.20000000000005,399.5,150.70000000000007,150.69999999999999,exact_linear_order_statistics_disk_backed
observations,,pk_adme,AUC,mmhg.hr,=,other_bioactivity,experimental_summary,exact_value,11,-606,-603.5,-401,75.200000000000003,113.90000000000001,2601,2658,270.19090909090909,1034.1677061593105,514.89999999999998,exact_linear_order_statistics_disk_backed
observations,,pk_adme,AUC,mmhghr-1,=,other_bioactivity,experimental_summary,exact_value,19,0,0,75.5,109,136.5,202.09999999999999,203,103.94736842105263,54.922408123892595,61,exact_linear_order_statistics_disk_backed
observations,,pk_adme,AUC,mumindl-1,=,other_bioactivity,experimental_summary,exact_value,2,30,30.079999999999998,32,34,36,37.920000000000002,38,34,4,4,exact_linear_order_statistics_disk_backed
observations,,pk_adme,AUC,nM,=,other_bioactivity,experimental_summary,exact_value,30,0,14.499999999999998,569.25,1581,3277.5,7025.4600000000028,7932,2033.1666666666667,1896.3578087715644,2708.25,exact_linear_order_statistics_disk_backed
observations,,pk_adme,AUC,ng,=,other_bioactivity,experimental_summary,exact_value,3,372,372.56,386,400,1745.5,3037.1799999999998,3091,1287.6666666666667,1275.2004635437606,1359.5,exact_linear_order_statistics_disk_backed
observations,,pk_adme,AUC,ng*h/mL,<,other_bioactivity,experimental_summary,upper_censor_bound,99,1,1,5,20,99.210000000000008,496569.99999993434,16670000,173506.41761616163,1666641.5935974736,94.210000000000008,exact_linear_order_statistics_disk_backed
observations,,pk_adme,AUC,ng*h/mL,<,pk_adme,experimental_summary,upper_censor_bound,1,4,4,4,4,4,4,4,4,0,0,exact_linear_order_statistics_disk_backed
observations,,pk_adme,AUC,ng*h/mL,<=,other_bioactivity,experimental_summary,upper_censor_bound,3,4444,8793.9700000000012,113193.25,221942.5,244775.04999999999,266694.29799999995,267607.59999999998,164664.69999999998,114816.75217745887,131581.79999999999,exact_linear_order_statistics_disk_backed
observations,,pk_adme,AUC,ng*h/mL,=,binding,experimental_summary,exact_value,6,950,1182.5,5660,7680,21955,120055.00000000001,125000,28835,43731.120021482799,16295,exact_linear_order_statistics_disk_backed
observations,,pk_adme,AUC,ng*h/mL,=,other_bioactivity,experimental_summary,exact_value,39763,0,1,520.71499999999992,2173,9958.0149999999994,3352119.9999999371,16541000000000,1479538302.9630713,128318351427.27487,9437.2999999999993,exact_linear_order_statistics_disk_backed
observations,,pk_adme,AUC,ng*h/mL,=,pk_adme,experimental_summary,exact_value,553,0,0.37536000000000014,822,7000,48300,8220933.3332000561,186000000000,340409008.39250451,7902724879.2164135,47478,exact_linear_order_statistics_disk_backed
observations,,pk_adme,AUC,ng*h/mL,>,other_bioactivity,experimental_summary,lower_censor_bound,55,33,36.780000000000001,3123,17789,35427.099999999999,388337.67700000003,403994.95000000001,59934.591272727273,101092.73292255383,32304.099999999999,exact_linear_order_statistics_disk_backed
observations,,pk_adme,AUC,ng*h/mL,interval,other_bioactivity,experimental_summary,lower_censor_bound,35,41.140000000000001,41.3474,209.26500000000001,691.60000000000002,15600,146599.9999999998,167000,12847.674857142856,32221.89545507911,15390.735000000001,exact_linear_order_statistics_disk_backed
observations,,pk_adme,AUC,ng*h/mL,interval,other_bioactivity,experimental_summary,upper_censor_bound,35,67,68.359999999999999,1060.5999999999999,4894.8999999999996,40200,3512999.9999999879,4720000,185915.3657142857,801404.46970744093,39139.400000000001,exact_linear_order_statistics_disk_backed
observations,,pk_adme,AUC,ng*h/mL,interval,pk_adme,experimental_summary,lower_censor_bound,6,1.3999999999999999,1.3999999999999999,1498.5500000000002,6307.5,7798,13938.400000000001,14241,5841.3000000000002,4914.4653283275211,6299.4499999999998,exact_linear_order_statistics_disk_backed
observations,,pk_adme,AUC,ng*h/mL,interval,pk_adme,experimental_summary,upper_censor_bound,6,4.7000000000000002,4.7000000000000002,1866.5250000000001,7503.5,8123.5,16375.650000000001,16800,6688.2333333333336,5709.079777765317,6256.9750000000004,exact_linear_order_statistics_disk_backed
observations,,pk_adme,AUC,ng.eq.h.ml-1,=,other_bioactivity,experimental_summary,exact_value,6,120,127.15000000000001,276.25,476,660,1489.75,1533,589.33333333333337,465.53756263294395,383.75,exact_linear_order_statistics_disk_backed
observations,,pk_adme,AUC,ng.eq/ml,=,other_bioactivity,experimental_summary,exact_value,1,3658,3658,3658,3658,3658,3658,3658,3658,0,0,exact_linear_order_statistics_disk_backed
observations,,pk_adme,AUC,ng.h-1.ml-1,=,other_bioactivity,experimental_summary,exact_value,1,9434,9434,9434,9434,9434,9434,9434,9434,0,0,exact_linear_order_statistics_disk_backed
observations,,pk_adme,AUC,ng.hr,=,other_bioactivity,experimental_summary,exact_value,4,3150,3241.98,5449.5,6514.5,11109.25,23482.449999999997,23998,10044.25,8175.1803764504184,5659.75,exact_linear_order_statistics_disk_backed
observations,,pk_adme,AUC,ng.hr.kg/mg/ml,=,other_bioactivity,experimental_summary,exact_value,32,0,0.31,18,77,322,1515.3000000000004,1630,295.6875,430.99966919215842,304,exact_linear_order_statistics_disk_backed
observations,,pk_adme,AUC,ng.hr.kg/mg/ml,>,other_bioactivity,experimental_summary,lower_censor_bound,3,1000,1000,1000,1000,4000,6880,7000,3000,2828.4271247461902,3000,exact_linear_order_statistics_disk_backed
observations,,pk_adme,AUC,ng.hr.kg/ml/mg,=,other_bioactivity,experimental_summary,exact_value,6,678,701.79999999999995,1284.5,3371,8360.75,19164.200000000004,19675,6284.666666666667,6706.47482329991,7076.25,exact_linear_order_statistics_disk_backed
observations,,pk_adme,AUC,ng.hr/g,<,other_bioactivity,experimental_summary,upper_censor_bound,1,110,110,110,110,110,110,110,110,0,0,exact_linear_order_statistics_disk_backed
observations,,pk_adme,AUC,ng.hr/g,=,other_bioactivity,experimental_summary,exact_value,183,0,5.7400000000000002,703.10500000000002,3325,9044.5,173920.00000000099,758393,15046.271857923497,62346.534717442562,8341.3950000000004,exact_linear_order_statistics_disk_backed
observations,,pk_adme,AUC,ng.hr/kg,=,other_bioactivity,experimental_summary,exact_value,37,20.899999999999999,23.456,753,1339,2990,24382,24400,3988.5648648648648,6385.8075715337218,2237,exact_linear_order_statistics_disk_backed
observations,,pk_adme,AUC,ng.hr/ml/mg,=,other_bioactivity,experimental_summary,exact_value,11,6.5099999999999998,6.7359999999999998,52.809999999999995,301,405.5,830.70000000000005,853,289.90000000000003,261.18710245896347,352.69,exact_linear_order_statistics_disk_backed
observations,,pk_adme,AUC,ng.hr/ml/mg/kg,=,other_bioactivity,experimental_summary,exact_value,42,0,4.838000000000001,102,153.19999999999999,278.125,4251.0809999999865,5745.8999999999996,421.16428571428565,926.99057138612545,176.125,exact_linear_order_statistics_disk_backed
observations,,pk_adme,AUC,ng.min/g,=,other_bioactivity,experimental_summary,exact_value,9,94,101.12,183,1142,13222.75,30720.628000000001,31091,8325.0111111111109,11660.371312859868,13039.75,exact_linear_order_statistics_disk_backed
observations,,pk_adme,AUC,ng/10^6cells×hr,=,other_bioactivity,experimental_summary,exact_value,3,38.600000000000001,39.084000000000003,50.700000000000003,62.799999999999997,75.75,88.182000000000002,88.700000000000003,63.366666666666667,20.457163917697763,25.049999999999997,exact_linear_order_statistics_disk_backed
observations,,pk_adme,AUC,ng/g,=,other_bioactivity,experimental_summary,exact_value,3,816,881.51999999999998,2454,4092,6201,8225.6399999999994,8310,4406,3067.4588831800174,3747,exact_linear_order_statistics_disk_backed
observations,,pk_adme,AUC,ng/g.hr,<,other_bioactivity,experimental_summary,upper_censor_bound,2,34,35.210000000000001,64.25,94.5,124.75,153.78999999999999,155,94.5,60.5,60.5,exact_linear_order_statistics_disk_backed
observations,,pk_adme,AUC,ng/g.hr,=,other_bioactivity,experimental_summary,exact_value,73,0,3.5517599999999998,85,276.5,2107,53836.360000000088,112849,3920.5255205479452,13843.878739202106,2022,exact_linear_order_statistics_disk_backed
observations,,pk_adme,AUC,ng/l,=,other_bioactivity,experimental_summary,exact_value,1,36,36,36,36,36,36,36,36,0,0,exact_linear_order_statistics_disk_backed
observations,,pk_adme,AUC,ng/mL,<,other_bioactivity,experimental_summary,upper_censor_bound,1,1,1,1,1,1,1,1,1,0,0,exact_linear_order_statistics_disk_backed
observations,,pk_adme,AUC,ng/mL,=,other_bioactivity,experimental_summary,exact_value,42,0,0,116,663.54999999999995,12071,1995366.2234999926,2810197.6200000001,96902.621428571438,442348.79304099287,11955,exact_linear_order_statistics_disk_backed
observations,,pk_adme,AUC,ng/ml.kg,=,other_bioactivity,experimental_summary,exact_value,4,912,918.41999999999996,1072.5,1759,2614,3253.3599999999997,3280,1927.5,964.19124140390318,1541.5,exact_linear_order_statistics_disk_backed
observations,,pk_adme,AUC,ngequiv.hr/g,=,other_bioactivity,experimental_summary,exact_value,11,297,298.19999999999999,919.5,3470,5750,190400.00000000003,200000,29741.363636363636,61191.802343529533,4830.5,exact_linear_order_statistics_disk_backed
observations,,pk_adme,AUC,nghrg-1,=,other_bioactivity,experimental_summary,exact_value,1,19.309999999999999,19.309999999999999,19.309999999999999,19.309999999999999,19.309999999999999,19.309999999999999,19.309999999999999,19.309999999999999,0,0,exact_linear_order_statistics_disk_backed
observations,,pk_adme,AUC,ngmin,=,other_bioactivity,experimental_summary,exact_value,2,873922,882713.53000000003,1093710.25,1313498.5,1533286.75,1744283.47,1753075,1313498.5,439576.5,439576.5,exact_linear_order_statistics_disk_backed
observations,,pk_adme,AUC,ngml-1,=,other_bioactivity,experimental_summary,exact_value,4,48,50.670000000000002,114.75,2539.5,6956.5,12758.259999999998,13000,4531.75,5274.8792580968147,6841.75,exact_linear_order_statistics_disk_backed
observations,,pk_adme,AUC,ngmlkg-1,=,other_bioactivity,experimental_summary,exact_value,1,21265,21265,21265,21265,21265,21265,21265,21265,0,0,exact_linear_order_statistics_disk_backed
observations,,pk_adme,AUC,nm.hr.kg/mg,=,other_bioactivity,experimental_summary,exact_value,14,260,267.80000000000001,402.5,550,1375,4148,4200,1158.5714285714287,1227.8486245860925,972.5,exact_linear_order_statistics_disk_backed
observations,,pk_adme,AUC,nm.hr/g,=,other_bioactivity,experimental_summary,exact_value,6,1.1399999999999999,1.1811499999999999,2.69475,7.2650000000000006,29.342499999999998,52.972000000000001,53.869999999999997,17.902166666666666,19.960687366393195,26.647749999999998,exact_linear_order_statistics_disk_backed
observations,,pk_adme,AUC,nm.hr/l,=,other_bioactivity,experimental_summary,exact_value,9,300,388.72000000000003,3115,8500,19740,36964.839999999997,38287,12729.222222222223,11529.4617372459,16625,exact_linear_order_statistics_disk_backed
observations,,pk_adme,AUC,nm.hr/mg/kg,=,other_bioactivity,experimental_summary,exact_value,8,0,0.070000000000000007,3.25,154.5,497.75,628.06999999999994,635,246.25,258.14034458023025,494.5,exact_linear_order_statistics_disk_backed
observations,,pk_adme,AUC,nm.hr/ml,=,other_bioactivity,experimental_summary,exact_value,3,496,508.25999999999999,802.5,1109,2718.5,4263.6199999999999,4328,1977.6666666666667,1680.6729472314223,1916,exact_linear_order_statistics_disk_backed
observations,,pk_adme,AUC,nm.min/ml,=,other_bioactivity,experimental_summary,exact_value,4,297.60000000000002,316.488,769.80000000000007,1435.45,2202.9000000000001,2949.3959999999997,2980.5,1537.25,1019.4441242657686,1433.0999999999999,exact_linear_order_statistics_disk_backed
observations,,pk_adme,AUC,nm/l.hr,=,other_bioactivity,experimental_summary,exact_value,1,323,323,323,323,323,323,323,323,0,0,exact_linear_order_statistics_disk_backed
observations,,pk_adme,AUC,nm/ml,=,other_bioactivity,experimental_summary,exact_value,13,224,226.964,1596.0999999999999,3748.5,6166.5,14308.915999999992,15332.9,4393.6538461538457,3892.765628823131,4570.3999999999996,exact_linear_order_statistics_disk_backed
observations,,pk_adme,AUC,nmhr-1ml-1,=,other_bioactivity,experimental_summary,exact_value,2,21.699999999999999,21.969999999999999,28.449999999999999,35.200000000000003,41.950000000000003,48.430000000000007,48.700000000000003,35.200000000000003,13.499999999999991,13.500000000000004,exact_linear_order_statistics_disk_backed
observations,,pk_adme,AUC,nmhrml,=,pk_adme,experimental_summary,exact_value,18,29,30.530000000000001,68,88,117.75,139.81,141,89.833333333333329,33.03239151028712,49.75,exact_linear_order_statistics_disk_backed
observations,,pk_adme,AUC,nml-1hr-1,=,other_bioactivity,experimental_summary,exact_value,2,384,388.54000000000002,497.5,611,724.5,833.46000000000004,838,611,227,227,exact_linear_order_statistics_disk_backed
observations,,pk_adme,AUC,nmol.hr,=,other_bioactivity,experimental_summary,exact_value,6,1.22,1.5620000000000001,8.1114999999999995,1032.633,3945.5,13505.000000000002,13975,3437.4243333333329,4992.7834169997022,3937.3885,exact_linear_order_statistics_disk_backed
observations,,pk_adme,AUC,nmol.hr/g,=,other_bioactivity,experimental_summary,exact_value,19,0.68000000000000005,0.73399999999999999,4.7800000000000002,16.399999999999999,168.84999999999999,533.74200000000008,545.10000000000002,111.61105263157896,162.90144908711352,164.06999999999999,exact_linear_order_statistics_disk_backed
observations,,pk_adme,AUC,nmol.hr/g,=,pk_adme,experimental_summary,exact_value,14,5,8.6400000000000006,54,97,190.25,541.87999999999988,558,171.85714285714286,163.8574542281261,136.25,exact_linear_order_statistics_disk_backed
observations,,pk_adme,AUC,nmol.hr/kg,=,other_bioactivity,experimental_summary,exact_value,4,334,348.10000000000002,686.5,1511.5,2251.75,2346.0700000000002,2350,1426.75,874.92438959032336,1565.25,exact_linear_order_statistics_disk_backed
observations,,pk_adme,AUC,nmol.min.g-1,=,other_bioactivity,experimental_summary,exact_value,16,0,0,10.424250000000001,47.5,139.25,226.5,228,78.213437499999998,80.57191742627262,128.82575,exact_linear_order_statistics_disk_backed
observations,,pk_adme,AUC,nmol/100.000cellsxh,=,other_bioactivity,experimental_summary,exact_value,3,0.34999999999999998,0.36419999999999997,0.70500000000000007,1.0600000000000001,1.28,1.4912000000000001,1.5,0.97000000000000008,0.47377913278939005,0.57499999999999996,exact_linear_order_statistics_disk_backed
observations,,pk_adme,AUC,nmol/g,<,other_bioactivity,experimental_summary,upper_censor_bound,2,12,12,12,12,12,12,12,12,0,0,exact_linear_order_statistics_disk_backed
observations,,pk_adme,AUC,nmol/g,=,other_bioactivity,experimental_summary,exact_value,1,46,46,46,46,46,46,46,46,0,0,exact_linear_order_statistics_disk_backed
observations,,pk_adme,AUC,nmol/g.hr,<,other_bioactivity,experimental_summary,upper_censor_bound,1,19.199999999999999,19.199999999999999,19.199999999999999,19.199999999999999,19.199999999999999,19.199999999999999,19.199999999999999,19.199999999999999,0,0,exact_linear_order_statistics_disk_backed
observations,,pk_adme,AUC,nmol/g.hr,=,other_bioactivity,experimental_summary,exact_value,18,0.57999999999999996,0.57999999999999996,1.71,4.3499999999999996,57.887500000000003,1188.9559999999979,1402,107.05777777777777,317.31495835378092,56.177500000000002,exact_linear_order_statistics_disk_backed
observations,,pk_adme,AUC,nmol/g.min,=,other_bioactivity,experimental_summary,exact_value,5,13,13.204000000000001,18.100000000000001,575,3020,7007.2639999999992,7173.3999999999996,2159.9000000000001,2741.6545778051614,3001.9000000000001,exact_linear_order_statistics_disk_backed
observations,,pk_adme,AUC,nmol/g/min,=,other_bioactivity,experimental_summary,exact_value,5,11,20.52,249,1275,1426,1909.8399999999999,1930,978.20000000000005,729.6227518382359,1177,exact_linear_order_statistics_disk_backed
observations,,pk_adme,AUC,nmol/hr,=,other_bioactivity,experimental_summary,exact_value,3,0.089999999999999997,3.8881999999999999,95.045000000000002,190,211,231.16,232,140.69666666666666,100.89161191870988,115.955,exact_linear_order_statistics_disk_backed
observations,,pk_adme,AUC,nmol/l.min,=,other_bioactivity,experimental_summary,exact_value,4,10886.709999999999,13214.605,69084.084999999992,90221.005000000005,137201.70000000001,267501.25199999998,272930.40000000002,116064.78000000001,96191.333318463017,68117.61500000002,exact_linear_order_statistics_disk_backed
observations,,pk_adme,AUC,pmhr-1g-1,=,other_bioactivity,experimental_summary,exact_value,6,104,109.45,267.5,519,787.75,2155.2000000000003,2224,737.83333333333337,708.20039929073425,520.25,exact_linear_order_statistics_disk_backed
observations,,pk_adme,AUC,pmkg-1,=,other_bioactivity,experimental_summary,exact_value,8,431,443.31999999999999,787.75,1466,2382.25,4709.5599999999995,4849,1843.5,1380.7387515384653,1594.5,exact_linear_order_statistics_disk_backed
observations,,pk_adme,AUC,pmml-1,=,pk_adme,experimental_summary,exact_value,12,48,54.159999999999997,231.75,727.5,1918.75,4629.880000000001,4849,1279.25,1381.9316266853918,1687,exact_linear_order_statistics_disk_backed
observations,,pk_adme,AUC,pmol,=,other_bioactivity,experimental_summary,exact_value,3,10.42,11.5154,37.805,65.189999999999998,67.599999999999994,69.913600000000002,70.010000000000005,48.539999999999999,27.026639944074944,29.794999999999995,exact_linear_order_statistics_disk_backed
observations,,pk_adme,AUC,pmol.hr/g,=,other_bioactivity,experimental_summary,exact_value,6,52.799999999999997,59.515000000000001,202.07499999999999,258.5,272.54999999999995,1008.3200000000002,1047,346.2166666666667,322.35175619534357,70.474999999999966,exact_linear_order_statistics_disk_backed
observations,,pk_adme,AUC,pmol.min,=,other_bioactivity,experimental_summary,exact_value,8,34,262.55000000000001,5198.75,17355,68349.5,1345783.2199999997,1431047,213506.25,464978.50077631278,63150.75,exact_linear_order_statistics_disk_backed
observations,,pk_adme,AUC,pmol.min/mg,=,other_bioactivity,experimental_summary,exact_value,4,13.800000000000001,13.806000000000001,13.949999999999999,45.5,90,127.43999999999998,129,58.450000000000003,48.194475824517475,76.049999999999997,exact_linear_order_statistics_disk_backed
observations,,pk_adme,AUC,s,=,other_bioactivity,experimental_summary,exact_value,7,74.299999999999997,74.299999999999997,74.449999999999989,100.09999999999999,163.44999999999999,272.24599999999992,278.89999999999998,132.72857142857143,70.271366131299729,89,exact_linear_order_statistics_disk_backed
observations,,pk_adme,AUC,suv.min,=,other_bioactivity,experimental_summary,exact_value,13,6.0999999999999996,9.0879999999999992,43.5,49.340000000000003,86,170.87199999999996,178,67.410769230769233,42.890685820787631,42.5,exact_linear_order_statistics_disk_backed
observations,,pk_adme,AUC,u-1hr-1ml-1,=,other_bioactivity,experimental_summary,exact_value,6,15.5,15.904999999999999,24.185000000000002,26.670000000000002,47.192499999999995,64.477500000000006,65.040000000000006,35.211666666666666,17.819701098004494,23.007499999999993,exact_linear_order_statistics_disk_backed
observations,,pk_adme,AUC,uM,=,other_bioactivity,experimental_summary,exact_value,204,0,0,0.19750000000000001,3,22.25,748.5,7535,71.355637254901964,535.40824759177906,22.052499999999998,exact_linear_order_statistics_disk_backed
observations,,pk_adme,AUC,ua.cm'-2,=,binding,experimental_summary,exact_value,3,173.30000000000001,176.36120000000003,249.83000000000001,326.36000000000001,466.82999999999998,601.68119999999999,607.29999999999995,368.98666666666668,179.72529878184147,216.99999999999997,exact_linear_order_statistics_disk_backed
observations,,pk_adme,AUC,ug.h/g,=,other_bioactivity,experimental_summary,exact_value,4,0,0.013469999999999999,0.33674999999999999,0.8145,1.9275,4.0802999999999994,4.1699999999999999,1.4497499999999999,1.6260228127243479,1.5907499999999999,exact_linear_order_statistics_disk_backed
observations,,pk_adme,AUC,ug.hr/g,=,other_bioactivity,experimental_summary,exact_value,68,0,0.0402,1.9475,8.3000000000000007,135.58250000000001,8591.3199999999852,14557,451.81119117647057,1876.0174289135534,133.63500000000002,exact_linear_order_statistics_disk_backed
observations,,pk_adme,AUC,ug.hr/kg,=,other_bioactivity,experimental_summary,exact_value,27,0.058000000000000003,0.068659999999999999,0.48050000000000004,3.3999999999999999,7.9000000000000004,97.238399999999842,123.8,9.975888888888889,23.199056351072706,7.4195000000000002,exact_linear_order_statistics_disk_backed
observations,,pk_adme,AUC,ug.hr/ml/day,=,other_bioactivity,experimental_summary,exact_value,2,6.5499999999999998,6.7844999999999995,12.4125,18.274999999999999,24.137499999999999,29.765499999999999,30,18.274999999999999,11.725000000000003,11.725,exact_linear_order_statistics_disk_backed
observations,,pk_adme,AUC,ug.hr/ml/mg/kg,=,other_bioactivity,experimental_summary,exact_value,18,0.01,0.01,0.20749999999999999,1.1100000000000001,2.75,4.7789999999999981,5,1.4966666666666668,1.4955080890601844,2.5425,exact_linear_order_statistics_disk_backed
observations,,pk_adme,AUC,ug.min/g,=,other_bioactivity,experimental_summary,exact_value,8,0.051999999999999998,0.072999999999999995,137.488,254,458.75,685.50800000000004,686.60000000000002,304.65050000000002,250.18830643287461,321.262,exact_linear_order_statistics_disk_backed
observations,,pk_adme,AUC,ug/g,=,other_bioactivity,experimental_summary,exact_value,2,2945,2986.1599999999999,3974,5003,6032,7019.8400000000001,7061,5003,2058,2058,exact_linear_order_statistics_disk_backed
observations,,pk_adme,AUC,ug/g.hr,=,other_bioactivity,experimental_summary,exact_value,9,0.69999999999999996,0.72399999999999998,1.02,12.81,85,215.39999999999998,223,52.584777777777774,73.765718327655847,83.980000000000004,exact_linear_order_statistics_disk_backed
observations,,pk_adme,AUC,ug/g.min,=,other_bioactivity,experimental_summary,exact_value,2,1856215,1896344.2,2859445,3862675,4865905,5829005.7999999998,5869135,3862675,2006460,2006460,exact_linear_order_statistics_disk_backed
observations,,pk_adme,AUC,ug/hr.kg,=,other_bioactivity,experimental_summary,exact_value,18,2.2599999999999998,2.3007999999999997,14.75,85.650000000000006,573,4844.197699999997,5130,704.61722222222227,1360.8933663827249,558.25,exact_linear_order_statistics_disk_backed
observations,,pk_adme,AUC,ug/l,=,other_bioactivity,experimental_summary,exact_value,2,482,497.02999999999997,857.75,1233.5,1609.25,1969.97,1985,1233.5,751.5,751.5,exact_linear_order_statistics_disk_backed
observations,,pk_adme,AUC,ug/mL,=,other_bioactivity,experimental_summary,exact_value,10,86,86.719999999999999,128.75,284,433.25,1785.4500000000003,1893,437.89999999999998,518.05510324674924,304.5,exact_linear_order_statistics_disk_backed
observations,,pk_adme,AUC,ug/mg/day,=,other_bioactivity,experimental_summary,exact_value,1,492,492,492,492,492,492,492,492,0,0,exact_linear_order_statistics_disk_backed
observations,,pk_adme,AUC,ugequiv.hr/g,=,other_bioactivity,experimental_summary,exact_value,18,0.60999999999999999,0.66779999999999995,148.88249999999999,285.26999999999998,1098.24,2449.245199999998,2656.3800000000001,673.9661111111111,691.69594734920997,949.35750000000007,exact_linear_order_statistics_disk_backed
observations,,pk_adme,AUC,ugequiv/l.hr,=,other_bioactivity,experimental_summary,exact_value,21,755.79999999999995,845.13999999999999,3835.4000000000001,5622.3000000000002,30257.700000000001,125675.80000000005,139766,23804.314285714285,32908.332590514081,26422.299999999999,exact_linear_order_statistics_disk_backed
observations,,pk_adme,AUC,ugh/g,=,other_bioactivity,experimental_summary,exact_value,5,0,0.00172,0.042999999999999997,4.8499999999999996,8.2599999999999998,12.522399999999999,12.699999999999999,5.1705999999999994,4.8860296192307313,8.2170000000000005,exact_linear_order_statistics_disk_backed
observations,,pk_adme,AUC,ughml-1kg-1,=,other_bioactivity,experimental_summary,exact_value,2,0.38200000000000001,0.57518000000000002,5.2114999999999991,10.040999999999999,14.870499999999998,19.506819999999998,19.699999999999999,10.041,9.6589999999999989,9.6589999999999989,exact_linear_order_statistics_disk_backed
observations,,pk_adme,AUC,ughr-1g-1,=,other_bioactivity,experimental_summary,exact_value,17,0,0.03424,0.34799999999999998,1.1799999999999999,2.0899999999999999,10.0976,10.4,2.2048823529411763,2.9264917941886126,1.742,exact_linear_order_statistics_disk_backed
observations,,pk_adme,AUC,ughrum-1,=,pk_adme,experimental_summary,exact_value,23,0,0.0088000000000000005,0.81000000000000005,1.7,2.5499999999999998,5.7960000000000038,6.5,1.8482608695652174,1.4126929331073395,1.7399999999999998,exact_linear_order_statistics_disk_backed
observations,,pk_adme,AUC,ugmin/ml,=,other_bioactivity,experimental_summary,exact_value,1,173,173,173,173,173,173,173,173,0,0,exact_linear_order_statistics_disk_backed
observations,,pk_adme,AUC,ugming-1,=,other_bioactivity,experimental_summary,exact_value,2,3.2999999999999998,3.367,4.9749999999999996,6.6500000000000004,8.3249999999999993,9.9329999999999998,10,6.6500000000000004,3.3499999999999996,3.3499999999999996,exact_linear_order_statistics_disk_backed
observations,,pk_adme,AUC,ugml-1,<,other_bioactivity,experimental_summary,upper_censor_bound,1,0.10000000000000001,0.10000000000000001,0.10000000000000001,0.10000000000000001,0.10000000000000001,0.10000000000000001,0.10000000000000001,0.10000000000000001,0,0,exact_linear_order_statistics_disk_backed
observations,,pk_adme,AUC,ugml-1,=,other_bioactivity,experimental_summary,exact_value,90,0,0.053399999999999996,4.5250000000000004,21.399999999999999,44.625,420.83999999999986,638,59.058988888888891,104.6785371596186,40.100000000000001,exact_linear_order_statistics_disk_backed
observations,,pk_adme,AUC,ugml-1,=,pk_adme,experimental_summary,exact_value,5,1.7,1.7627999999999999,3.27,7.3600000000000003,9.4000000000000004,12.375999999999999,12.5,6.846000000000001,3.950289103344208,6.1300000000000008,exact_linear_order_statistics_disk_backed
observations,,pk_adme,AUC,uhml-1,=,other_bioactivity,experimental_summary,exact_value,3,1.0700000000000001,1.4166000000000001,9.7349999999999994,18.399999999999999,28.699999999999999,38.588000000000001,39,19.489999999999998,15.50402743375626,18.965,exact_linear_order_statistics_disk_backed
observations,,pk_adme,AUC,um.h.kg/mg,<,other_bioactivity,experimental_summary,upper_censor_bound,1,0.001,0.001,0.001,0.001,0.001,0.001,0.001,0.001,0,0,exact_linear_order_statistics_disk_backed
observations,,pk_adme,AUC,um.h.kg/mg,=,other_bioactivity,experimental_summary,exact_value,5,0.0030000000000000001,0.0036800000000000001,0.02,0.029999999999999999,0.14999999999999999,0.17879999999999999,0.17999999999999999,0.076600000000000001,0.073309208152864402,0.13,exact_linear_order_statistics_disk_backed
observations,,pk_adme,AUC,um.h/l,=,other_bioactivity,experimental_summary,exact_value,2,2.1000000000000001,2.149,3.3250000000000002,4.5500000000000007,5.7750000000000004,6.9510000000000005,7,4.5499999999999998,2.4500000000000002,2.4500000000000002,exact_linear_order_statistics_disk_backed
observations,,pk_adme,AUC,um.hr,=,other_bioactivity,experimental_summary,exact_value,282,0,0.013049999999999999,1,5.1504999999999992,26.899999999999999,5460.5029999999961,19696.139999999999,222.07886868794327,1378.532574649968,25.899999999999999,exact_linear_order_statistics_disk_backed
observations,,pk_adme,AUC,um.hr,=,pk_adme,experimental_summary,exact_value,1,0.029999999999999999,0.029999999999999999,0.029999999999999999,0.029999999999999999,0.029999999999999999,0.029999999999999999,0.029999999999999999,0.029999999999999999,0,0,exact_linear_order_statistics_disk_backed
observations,,pk_adme,AUC,um.hr.kg,=,other_bioactivity,experimental_summary,exact_value,1,11.890000000000001,11.890000000000001,11.890000000000001,11.890000000000001,11.890000000000001,11.890000000000001,11.890000000000001,11.890000000000001,0,0,exact_linear_order_statistics_disk_backed
observations,,pk_adme,AUC,um.hr.kg/mg,=,other_bioactivity,experimental_summary,exact_value,225,0,0,0.17999999999999999,0.95999999999999996,4.6299999999999999,74.151999999999703,231,6.4299644444444439,18.624100713945364,4.4500000000000002,exact_linear_order_statistics_disk_backed
observations,,pk_adme,AUC,um.hr/mg,=,other_bioactivity,experimental_summary,exact_value,1,98,98,98,98,98,98,98,98,0,0,exact_linear_order_statistics_disk_backed
observations,,pk_adme,AUC,um.hr/mg.kg,=,other_bioactivity,experimental_summary,exact_value,58,0.001,0.01753,0.23250000000000001,0.44500000000000001,0.9225000000000001,7.7736999999999998,9.8200000000000003,1.0122241379310346,1.722651915558097,0.69000000000000006,exact_linear_order_statistics_disk_backed
observations,,pk_adme,AUC,um.hr/ml,=,other_bioactivity,experimental_summary,exact_value,74,0.10000000000000001,0.10000000000000001,3.9125000000000001,10.050000000000001,27.925000000000001,176.32829999999998,178,27.438513513513513,41.088152881941738,24.012499999999999,exact_linear_order_statistics_disk_backed
observations,,pk_adme,AUC,um.min/ml,=,other_bioactivity,experimental_summary,exact_value,2,1040,1055.3,1422.5,1805,2187.5,2554.6999999999998,2570,1805,765,765,exact_linear_order_statistics_disk_backed
observations,,pk_adme,AUC,um/hr/kg/mg,=,other_bioactivity,experimental_summary,exact_value,1,0.050000000000000003,0.050000000000000003,0.050000000000000003,0.050000000000000003,0.050000000000000003,0.050000000000000003,0.050000000000000003,0.050000000000000003,0,0,exact_linear_order_statistics_disk_backed
observations,,pk_adme,AUC,umh/(mg/kg),=,other_bioactivity,experimental_summary,exact_value,4,0.14999999999999999,0.1515,0.1875,1.2,3.7750000000000004,8.3109999999999982,8.5,2.7625000000000002,3.414193718874194,3.5875000000000004,exact_linear_order_statistics_disk_backed
observations,,pk_adme,AUC,umh/dose,=,other_bioactivity,experimental_summary,exact_value,3,0.070000000000000007,0.072800000000000004,0.14000000000000001,0.20999999999999999,0.41500000000000004,0.61180000000000001,0.62,0.29999999999999999,0.23338094752285729,0.27500000000000002,exact_linear_order_statistics_disk_backed
observations,,pk_adme,AUC,umh/mpk,=,other_bioactivity,experimental_summary,exact_value,11,0.0040000000000000001,0.0053,0.026000000000000002,0.39000000000000001,1,7.5950000000000033,8.3000000000000007,1.1735454545454547,2.2936440384694858,0.97399999999999998,exact_linear_order_statistics_disk_backed
observations,,pk_adme,AUC,umhkg/mg,=,other_bioactivity,experimental_summary,exact_value,16,0.0089999999999999993,0.0089999999999999993,0.058249999999999996,0.13900000000000001,0.53700000000000003,2.4899999999999998,2.7000000000000002,0.43456250000000002,0.67408734307487927,0.47875000000000001,exact_linear_order_statistics_disk_backed
observations,,pk_adme,AUC,umhr-1ml-1,=,pk_adme,experimental_summary,exact_value,7,10,11.92,62,132,182,239.79999999999998,241,124.42857142857143,80.183463102450489,120,exact_linear_order_statistics_disk_backed
observations,,pk_adme,AUC,umhrl-1,=,other_bioactivity,experimental_summary,exact_value,11,1.8,1.8600000000000001,9.9000000000000004,15.199999999999999,37.350000000000001,67.180000000000007,68,25.272727272727273,22.034852183388971,27.450000000000003,exact_linear_order_statistics_disk_backed
observations,,pk_adme,AUC,umhrml-1,=,other_bioactivity,experimental_summary,exact_value,3,0.068000000000000005,0.070040000000000005,0.11900000000000001,0.17000000000000001,0.42999999999999994,0.67959999999999998,0.68999999999999995,0.30933333333333329,0.27237392598329885,0.31099999999999994,exact_linear_order_statistics_disk_backed
observations,,pk_adme,AUC,umhrml-1,=,pk_adme,experimental_summary,exact_value,1,3.8999999999999999,3.8999999999999999,3.8999999999999999,3.8999999999999999,3.8999999999999999,3.8999999999999999,3.8999999999999999,3.8999999999999999,0,0,exact_linear_order_statistics_disk_backed
observations,,pk_adme,AUC,umhrml-1,>,other_bioactivity,experimental_summary,lower_censor_bound,1,5,5,5,5,5,5,5,5,0,0,exact_linear_order_statistics_disk_backed
observations,,pk_adme,AUC,umkg-1,=,other_bioactivity,experimental_summary,exact_value,2,704,706.96000000000004,778,852,926,997.03999999999996,1000,852,148,148,exact_linear_order_statistics_disk_backed
observations,,pk_adme,AUC,uml,=,pk_adme,experimental_summary,exact_value,9,32.299999999999997,33.547999999999995,48,132,153,244.16,252,119.24444444444445,65.044909461952358,105,exact_linear_order_statistics_disk_backed
observations,,pk_adme,AUC,umminl-1,=,other_bioactivity,experimental_summary,exact_value,10,4,4.0899999999999999,6.5,9.8000000000000007,16.050000000000001,33.740000000000002,35,12.76,9.019445659240926,9.5500000000000007,exact_linear_order_statistics_disk_backed
observations,,pk_adme,AUC,umminum-1,=,pk_adme,experimental_summary,exact_value,5,17,21.52,130,300,450,2370,2450,669.39999999999998,902.40868790144089,320,exact_linear_order_statistics_disk_backed
observations,,pk_adme,AUC,umol.hr/kg,=,other_bioactivity,experimental_summary,exact_value,5,0,0,0,0.80000000000000004,8.1999999999999993,8.2960000000000012,8.3000000000000007,3.46,3.9220402853616894,8.1999999999999993,exact_linear_order_statistics_disk_backed
observations,,pk_adme,AUC,umol/l.min,=,other_bioactivity,experimental_summary,exact_value,2,868.29999999999995,880.99199999999996,1185.5999999999999,1502.9000000000001,1820.2,2124.808,2137.5,1502.9000000000001,634.5999999999998,634.60000000000014,exact_linear_order_statistics_disk_backed
observations,,pk_adme,AUC,unhkg/mg,=,other_bioactivity,experimental_summary,exact_value,1,0.90000000000000002,0.90000000000000002,0.90000000000000002,0.90000000000000002,0.90000000000000002,0.90000000000000002,0.90000000000000002,0.90000000000000002,0,0,exact_linear_order_statistics_disk_backed
observations,,pk_adme,AUClast,%,=,other_bioactivity,experimental_summary,exact_value,39,0.040000000000000001,0.15400000000000003,5.8300000000000001,14,53.5,4816.4799999999977,5122,283.33333333333331,1038.1847231150157,47.670000000000002,exact_linear_order_statistics_disk_backed
observations,,pk_adme,AUClast,day.ng/ml,=,other_bioactivity,experimental_summary,exact_value,2,325.95999999999998,331.10129999999998,454.49250000000001,583.02500000000009,711.55750000000012,834.94870000000014,840.09000000000003,583.02499999999998,257.06500000000017,257.06500000000011,exact_linear_order_statistics_disk_backed
observations,,pk_adme,AUClast,hr.mmol,=,other_bioactivity,experimental_summary,exact_value,2,6.1200000000000001,6.2527999999999997,9.4399999999999995,12.759999999999998,16.079999999999998,19.267199999999999,19.399999999999999,12.76,6.6399999999999997,6.6399999999999988,exact_linear_order_statistics_disk_backed
observations,,pk_adme,AUClast,hr.ng/g,=,other_bioactivity,experimental_summary,exact_value,63,97.079999999999998,106.9504,1299,7477,25765,813480.70000000135,1124265,61311.403650793654,173397.02122823108,24466,exact_linear_order_statistics_disk_backed
observations,,pk_adme,AUClast,hr.nmol/g,=,other_bioactivity,experimental_summary,exact_value,4,9,12.030899999999999,84.772500000000008,490.61500000000001,915.65000000000009,1043.6659999999999,1049,509.8075,456.06010916188455,830.87750000000005,exact_linear_order_statistics_disk_backed
observations,,pk_adme,AUClast,hr.nmol/ml,=,other_bioactivity,experimental_summary,exact_value,7,0.050000000000000003,0.054080000000000003,0.11899999999999999,11.6,17.550000000000001,28.068999999999996,28.449999999999999,10.776857142857143,10.612787265889223,17.431000000000001,exact_linear_order_statistics_disk_backed
observations,,pk_adme,AUClast,hr.ug/g,=,other_bioactivity,experimental_summary,exact_value,2,18.100000000000001,18.429000000000002,26.325000000000003,34.549999999999997,42.774999999999999,50.670999999999999,51,34.549999999999997,16.450000000000006,16.449999999999996,exact_linear_order_statistics_disk_backed
observations,,pk_adme,AUClast,min.ng/g,=,other_bioactivity,experimental_summary,exact_value,15,8586,8964.7000000000007,61026,220405,744070.5,2555249.3199999994,2682301,528677,742376.94488366216,683044.5,exact_linear_order_statistics_disk_backed
observations,,pk_adme,AUClast,nM,=,other_bioactivity,experimental_summary,exact_value,1,125,125,125,125,125,125,125,125,0,0,exact_linear_order_statistics_disk_backed
observations,,pk_adme,AUClast,ng.hr,=,other_bioactivity,experimental_summary,exact_value,4,166,178.24000000000001,472,1242,2562.5,4441.6999999999989,4520,1792.5,1701.71288706409,2090.5,exact_linear_order_statistics_disk_backed
observations,,pk_adme,AUClast,ng.hr/g,=,other_bioactivity,experimental_summary,exact_value,18,25,45.909999999999997,1421.5,5245,30657.25,635205.7799999991,719469,66378.5,167960.44720219434,29235.75,exact_linear_order_statistics_disk_backed
observations,,pk_adme,AUClast,ng.min/g,=,other_bioactivity,experimental_summary,exact_value,7,262874,277814.23999999999,535457.5,633289,764067,884936.35999999999,890969,626597.28571428568,192406.58240352408,228609.5,exact_linear_order_statistics_disk_backed
observations,,pk_adme,AUClast,ng/g.hr,=,other_bioactivity,experimental_summary,exact_value,3,1843,1849.74,2011.5,2180,3080,3944,3980,2667.6666666666665,938.10316892949254,1068.5,exact_linear_order_statistics_disk_backed
observations,,pk_adme,AUClast,ng/hr,=,other_bioactivity,experimental_summary,exact_value,1,6480,6480,6480,6480,6480,6480,6480,6480,0,0,exact_linear_order_statistics_disk_backed
observations,,pk_adme,AUClast,ngequiv.hr/g,=,other_bioactivity,experimental_summary,exact_value,1,8298,8298,8298,8298,8298,8298,8298,8298,0,0,exact_linear_order_statistics_disk_backed
observations,,pk_adme,AUClast,nm.hr/l,=,other_bioactivity,experimental_summary,exact_value,3,2778,2870.0999999999999,5080.5,7383,9499,11530.360000000001,11615,7258.666666666667,3608.7612217429337,4418.5,exact_linear_order_statistics_disk_backed
observations,,pk_adme,AUClast,nm.hr/ml,=,other_bioactivity,experimental_summary,exact_value,7,104,114.86,808.5,5626,13875.5,18275.18,18284,7626,7388.3250566591305,13067,exact_linear_order_statistics_disk_backed
observations,,pk_adme,AUClast,nm/min,=,other_bioactivity,experimental_summary,exact_value,2,5090,5254.1000000000004,9192.5,13295,17397.5,21335.900000000001,21500,13295,8205,8205,exact_linear_order_statistics_disk_backed
observations,,pk_adme,AUClast,nmol.hr/g,=,other_bioactivity,experimental_summary,exact_value,2,49.649999999999999,49.806199999999997,53.555,57.459999999999994,61.364999999999995,65.113799999999998,65.269999999999996,57.459999999999994,7.8100000000000191,7.8099999999999952,exact_linear_order_statistics_disk_backed
observations,,pk_adme,AUClast,nmol/hr/l,=,other_bioactivity,experimental_summary,exact_value,10,652,652,5929,7259.5,8437.25,20635,20635,8536,6595.8420387392543,2508.25,exact_linear_order_statistics_disk_backed
observations,,pk_adme,AUClast,pmol.hr/g,=,other_bioactivity,experimental_summary,exact_value,5,10.380000000000001,11.2956,33.270000000000003,4480,9890,73163.600000000006,75800,18042.73,29106.092782690019,9856.7299999999996,exact_linear_order_statistics_disk_backed
observations,,pk_adme,AUClast,pmol.min,=,other_bioactivity,experimental_summary,exact_value,2,12.1,12.491,21.875,31.649999999999999,41.425000000000004,50.809000000000005,51.200000000000003,31.650000000000002,19.550000000000004,19.550000000000004,exact_linear_order_statistics_disk_backed
observations,,pk_adme,AUClast,pmol.min/mg,=,other_bioactivity,experimental_summary,exact_value,2,9.8599999999999994,10.6494,29.594999999999999,49.329999999999998,69.064999999999998,88.010599999999997,88.799999999999997,49.329999999999998,39.469999999999999,39.469999999999999,exact_linear_order_statistics_disk_backed
observations,,pk_adme,AUClast,ug.hr/g,=,other_bioactivity,experimental_summary,exact_value,4,4.2000000000000002,4.3950000000000005,9.0749999999999993,18.399999999999999,28.899999999999999,36.963999999999999,37.299999999999997,19.574999999999999,12.960589299873673,19.824999999999999,exact_linear_order_statistics_disk_backed
observations,,pk_adme,AUClast,ug.min/g,=,other_bioactivity,experimental_summary,exact_value,1,119.09999999999999,119.09999999999999,119.09999999999999,119.09999999999999,119.09999999999999,119.09999999999999,119.09999999999999,119.09999999999999,0,0,exact_linear_order_statistics_disk_backed
observations,,pk_adme,AUClast,ug/g.hr,=,other_bioactivity,experimental_summary,exact_value,1,66.129999999999995,66.129999999999995,66.129999999999995,66.129999999999995,66.129999999999995,66.129999999999995,66.129999999999995,66.129999999999995,0,0,exact_linear_order_statistics_disk_backed
observations,,pk_adme,AUClast,um.min/ml,=,other_bioactivity,experimental_summary,exact_value,2,718,728.72000000000003,986,1254,1522,1779.28,1790,1254,536,536,exact_linear_order_statistics_disk_backed
observations,,pk_adme,AUCt,pmol.hr,=,pk_adme,experimental_summary,exact_value,2,288572,289355.84000000003,308168,327764,347360,366172.16000000003,366956,327764,39192,39192,exact_linear_order_statistics_disk_backed
observations,,pk_adme,Absorption,%,=,pk_adme,experimental_summary,exact_value,15,1,1.5600000000000001,17,19,39,79.179999999999993,81,30.466666666666665,23.240386303922651,22,exact_linear_order_statistics_disk_backed
observations,,pk_adme,Activity,%,<,pk_adme,experimental_summary,upper_censor_bound,177,0.5,0.5,5,10,25,70,99,18.937853107344633,20.404153280571744,20,exact_linear_order_statistics_disk_backed
observations,,pk_adme,Activity,%,<=,pk_adme,experimental_summary,upper_censor_bound,3,10,11.359999999999999,44,78,89,99.560000000000002,100,62.666666666666664,38.308687729489719,45,exact_linear_order_statistics_disk_backed
observations,,pk_adme,Activity,%,=,pk_adme,experimental_summary,exact_value,4123,-78.799999999999997,-25.890000000000001,20.960000000000001,55,84.099999999999994,162,983,54.653642008246422,46.967536189430433,63.139999999999993,exact_linear_order_statistics_disk_backed
observations,,pk_adme,Activity,%,>,pk_adme,experimental_summary,lower_censor_bound,95,25,39.100000000000001,80,90,100,500,500,93.490526315789481,62.44162085910699,20,exact_linear_order_statistics_disk_backed
observations,,pk_adme,Activity,%,interval,pk_adme,experimental_summary,lower_censor_bound,6,23.800000000000001,23.859999999999999,25,37.5,85.25,98.900000000000006,99,53.300000000000004,32.866142659784899,60.25,exact_linear_order_statistics_disk_backed
observations,,pk_adme,Activity,%,interval,pk_adme,experimental_summary,upper_censor_bound,6,40,40,42.75,65.299999999999997,95.650000000000006,102.90000000000001,103,69.100000000000009,26.765338281690582,52.900000000000006,exact_linear_order_statistics_disk_backed
observations,,pk_adme,Activity,/min,=,pk_adme,experimental_summary,exact_value,5,0.029399999999999999,0.037024000000000001,0.22,0.23999999999999999,0.25,0.30759999999999998,0.31,0.20987999999999998,0.095096044081759826,0.029999999999999999,exact_linear_order_statistics_disk_backed
observations,,pk_adme,Activity,/nmol,=,pk_adme,experimental_summary,exact_value,7,0,0.029999999999999999,0.5,0.5,1,94.059999999999945,100,14.785714285714286,34.790040798704311,0.5,exact_linear_order_statistics_disk_backed
observations,,pk_adme,Activity,10'-6cm/s,=,pk_adme,experimental_summary,exact_value,4,1.22,1.3427,4.2874999999999996,8.0549999999999997,12.199999999999999,16.231999999999999,16.399999999999999,8.4324999999999992,5.7196213817000165,7.9124999999999996,exact_linear_order_statistics_disk_backed
observations,,pk_adme,Activity,10'-7cm/s,=,pk_adme,experimental_summary,exact_value,1,3.2000000000000002,3.2000000000000002,3.2000000000000002,3.2000000000000002,3.2000000000000002,3.2000000000000002,3.2000000000000002,3.2000000000000002,0,0,exact_linear_order_statistics_disk_backed
observations,,pk_adme,Activity,10'3no_unit,<,pk_adme,experimental_summary,upper_censor_bound,1,5,5,5,5,5,5,5,5,0,0,exact_linear_order_statistics_disk_backed
observations,,pk_adme,Activity,10'3no_unit,=,pk_adme,experimental_summary,exact_value,21,0.79000000000000004,0.83200000000000007,5.4199999999999999,13.5,51.299999999999997,116.2,117,32.698095238095235,36.733543463971742,45.879999999999995,exact_linear_order_statistics_disk_backed
observations,,pk_adme,Activity,10e-6*scm-1,=,pk_adme,experimental_summary,exact_value,4,0.29999999999999999,0.318,0.75,1.3999999999999999,2.375,3.7429999999999994,3.7999999999999998,1.7249999999999999,1.3273563952458285,1.625,exact_linear_order_statistics_disk_backed
observations,,pk_adme,Activity,cms-1,=,pk_adme,experimental_summary,exact_value,11,2.0299999999999998,2.0439999999999996,2.7450000000000001,4.1100000000000003,4.6899999999999995,7.5050000000000008,7.5800000000000001,4.1709090909090909,1.7081646426152821,1.9449999999999994,exact_linear_order_statistics_disk_backed
observations,,pk_adme,Activity,cms-1,>,pk_adme,experimental_summary,lower_censor_bound,1,0.070000000000000007,0.070000000000000007,0.070000000000000007,0.070000000000000007,0.070000000000000007,0.070000000000000007,0.070000000000000007,0.070000000000000007,0,0,exact_linear_order_statistics_disk_backed
observations,,pk_adme,Activity,cpm,=,pk_adme,experimental_summary,exact_value,2,689,689.48000000000002,701,713,725,736.51999999999998,737,713,24,24,exact_linear_order_statistics_disk_backed
observations,,pk_adme,Activity,cps,=,pk_adme,experimental_summary,exact_value,30,814,1012.0699999999999,4691.3250000000007,24277,64012.25,113711.33,114095,38439.670000000006,36477.605486902496,59320.925000000003,exact_linear_order_statistics_disk_backed
observations,,pk_adme,Activity,h,=,pk_adme,experimental_summary,exact_value,2,1.5,1.5129999999999999,1.825,2.1499999999999999,2.4749999999999996,2.7869999999999999,2.7999999999999998,2.1499999999999999,0.65000000000000024,0.64999999999999969,exact_linear_order_statistics_disk_backed
observations,,pk_adme,Activity,iu/l,=,pk_adme,experimental_summary,exact_value,31,11.300000000000001,12.02,22.5,27.800000000000001,46.5,151,157,43.803225806451614,37.662563631165519,24,exact_linear_order_statistics_disk_backed
observations,,pk_adme,Activity,mM,=,pk_adme,experimental_summary,exact_value,5,0.040000000000000001,0.040399999999999998,0.050000000000000003,0.12,0.14000000000000001,0.42799999999999999,0.44,0.158,0.14620533505997652,0.090000000000000011,exact_linear_order_statistics_disk_backed
observations,,pk_adme,Activity,mg,=,pk_adme,experimental_summary,exact_value,3,27.300000000000001,27.310000000000002,27.550000000000001,27.800000000000001,28.5,29.172000000000001,29.199999999999999,28.099999999999998,0.80415587212104633,0.94999999999999929,exact_linear_order_statistics_disk_backed
observations,,pk_adme,Activity,mg/g,=,pk_adme,experimental_summary,exact_value,7,5.2999999999999998,6.4939999999999998,27.100000000000001,31.899999999999999,38.75,41.274000000000001,41.399999999999999,30.042857142857141,11.473056280179366,11.649999999999999,exact_linear_order_statistics_disk_backed
observations,,pk_adme,Activity,mg/l,=,pk_adme,experimental_summary,exact_value,6,53.590000000000003,53.694000000000003,55.785000000000004,59.144999999999996,64.545000000000002,70.963999999999999,71.260000000000005,60.69166666666667,6.2170770642016606,8.759999999999998,exact_linear_order_statistics_disk_backed
observations,,pk_adme,Activity,mg/ml,=,pk_adme,experimental_summary,exact_value,3,0.25,0.25,0.25,0.25,0.25,0.25,0.25,0.25,0,0,exact_linear_order_statistics_disk_backed
observations,,pk_adme,Activity,mm2,=,pk_adme,experimental_summary,exact_value,6,196,196.82499999999999,216.125,241.5,264.625,278.71000000000004,279.30000000000001,239.71666666666667,30.048594901518282,48.5,exact_linear_order_statistics_disk_backed
observations,,pk_adme,Activity,nM,<,pk_adme,experimental_summary,upper_censor_bound,1,29,29,29,29,29,29,29,29,0,0,exact_linear_order_statistics_disk_backed
observations,,pk_adme,Activity,nM,=,pk_adme,experimental_summary,exact_value,41,5,7,229,1734,5027,12633.6,12736,3003.3658536585367,3550.8214697522517,4798,exact_linear_order_statistics_disk_backed
observations,,pk_adme,Activity,nm/mg*min,=,pk_adme,experimental_summary,exact_value,18,0.129,0.13818,0.90800000000000003,2.2385000000000002,16.875,41.300999999999995,42.100000000000001,10.103888888888889,13.171411524328359,15.967000000000001,exact_linear_order_statistics_disk_backed
observations,,pk_adme,Activity,nm/s,=,pk_adme,experimental_summary,exact_value,5,30,32.799999999999997,100,170,240,249.59999999999999,250,158,83.761566365487695,140,exact_linear_order_statistics_disk_backed
observations,,pk_adme,Activity,nmmin-1(mgofprotein)-1,=,pk_adme,experimental_summary,exact_value,3,0.050000000000000003,0.0504,0.060000000000000005,0.070000000000000007,0.14500000000000002,0.217,0.22,0.11333333333333334,0.075865377844940282,0.08500000000000002,exact_linear_order_statistics_disk_backed
observations,,pk_adme,Activity,nmol,=,pk_adme,experimental_summary,exact_value,12,0,0,0.10000000000000001,0.17099999999999999,7.3544999999999998,40,40,9.0831666666666671,15.652458874105228,7.2545000000000002,exact_linear_order_statistics_disk_backed
observations,,pk_adme,Activity,nmol.hr/g,<,pk_adme,experimental_summary,upper_censor_bound,2,0.5,0.5,0.5,0.5,0.5,0.5,0.5,0.5,0,0,exact_linear_order_statistics_disk_backed
observations,,pk_adme,Activity,nmol.hr/g,=,pk_adme,experimental_summary,exact_value,21,0,0,2,7.0999999999999996,61.899999999999999,141.14000000000001,149.09999999999999,33.790476190476191,43.022695060275254,59.899999999999999,exact_linear_order_statistics_disk_backed
observations,,pk_adme,Activity,nmol/g,=,pk_adme,experimental_summary,exact_value,45,0,0,54,93,194,501.84000000000043,585,139.55555555555554,128.86884901679531,140,exact_linear_order_statistics_disk_backed
observations,,pk_adme,Activity,nmol/hr,=,pk_adme,experimental_summary,exact_value,11,12,12.699999999999999,20.5,23,29,59.800000000000011,63,27.09090909090909,12.587544676851623,8.5,exact_linear_order_statistics_disk_backed
observations,,pk_adme,Activity,nmol/mg,=,pk_adme,experimental_summary,exact_value,4,1.3,1.306,1.45,1.95,4.1050000000000004,9.0153999999999979,9.2200000000000006,3.605,3.26819139586408,2.6550000000000002,exact_linear_order_statistics_disk_backed
observations,,pk_adme,Activity,nmol/mg/hr,=,pk_adme,experimental_summary,exact_value,3,8.1999999999999993,8.2559999999999985,9.5999999999999996,11,11.15,11.294,11.300000000000001,10.166666666666666,1.3960261060914665,1.5500000000000007,exact_linear_order_statistics_disk_backed
observations,,pk_adme,Activity,nmol/mg/min,=,pk_adme,experimental_summary,exact_value,21,0.01,0.0166,9.8000000000000007,16.120000000000001,26.600000000000001,272.48400000000015,308.30000000000001,39.560809523809525,68.06720205630053,16.800000000000001,exact_linear_order_statistics_disk_backed
observations,,pk_adme,Activity,nmol/min,=,pk_adme,experimental_summary,exact_value,29,0.0080000000000000002,0.0091199999999999996,0.029999999999999999,0.20000000000000001,0.71099999999999997,19.165599999999998,20.420000000000002,1.9997586206896552,4.6842320362384093,0.68099999999999994,exact_linear_order_statistics_disk_backed
observations,,pk_adme,Activity,nmol/min/mg,<,pk_adme,experimental_summary,upper_censor_bound,6,1,1,1,1,1.75,4.375,4.5,1.75,1.282900359861721,0.75,exact_linear_order_statistics_disk_backed
observations,,pk_adme,Activity,nmol/min/mg,=,pk_adme,experimental_summary,exact_value,24,0.012,0.12424,1.5,2.5,4.125,184.22699999999992,236,12.804666666666668,46.601816140098613,2.625,exact_linear_order_statistics_disk_backed
observations,,pk_adme,Activity,nms-1,=,pk_adme,experimental_summary,exact_value,6,57,64.650000000000006,215,300,452.5,489.5,490,306.16666666666669,155.57465160565908,237.5,exact_linear_order_statistics_disk_backed
observations,,pk_adme,Activity,omegacm2,=,pk_adme,experimental_summary,exact_value,6,318,318.39999999999998,329.75,346,367.5,394.85000000000002,396,350.83333333333331,26.84161362925548,37.75,exact_linear_order_statistics_disk_backed
observations,,pk_adme,Activity,pm/mg,<,pk_adme,experimental_summary,upper_censor_bound,2,2,2,2,2,2,2,2,2,0,0,exact_linear_order_statistics_disk_backed
observations,,pk_adme,Activity,pm/mg,>,pk_adme,experimental_summary,lower_censor_bound,2,400,400,400,400,400,400,400,400,0,0,exact_linear_order_statistics_disk_backed
observations,,pk_adme,Activity,pm/min/mg,=,pk_adme,experimental_summary,exact_value,1,141,141,141,141,141,141,141,141,0,0,exact_linear_order_statistics_disk_backed
observations,,pk_adme,Activity,pm/min/ml,=,pk_adme,experimental_summary,exact_value,1,114,114,114,114,114,114,114,114,0,0,exact_linear_order_statistics_disk_backed
observations,,pk_adme,Activity,pmol,=,pk_adme,experimental_summary,exact_value,54,0,0,12.5,47,273.25,1261.1799999999998,1364,209.96296296296296,327.27098087755076,260.75,exact_linear_order_statistics_disk_backed
observations,,pk_adme,Activity,pmol/hr,=,pk_adme,experimental_summary,exact_value,3,16,16.039999999999999,17,18,32,45.439999999999998,46,26.666666666666668,13.695092389449421,15,exact_linear_order_statistics_disk_backed
observations,,pk_adme,Activity,pmol/mg,<,pk_adme,experimental_summary,upper_censor_bound,1,5,5,5,5,5,5,5,5,0,0,exact_linear_order_statistics_disk_backed
observations,,pk_adme,Activity,pmol/mg,=,pk_adme,experimental_summary,exact_value,40,5,5.7800000000000002,21.75,34.5,161.25,3041.9999999999986,3900,253.76999999999998,660.42697030027477,139.5,exact_linear_order_statistics_disk_backed
observations,,pk_adme,Activity,pmol/mg/hr,<,pk_adme,experimental_summary,upper_censor_bound,1,5,5,5,5,5,5,5,5,0,0,exact_linear_order_statistics_disk_backed
observations,,pk_adme,Activity,pmol/mg/hr,=,pk_adme,experimental_summary,exact_value,19,5,5.54,14,23,41.5,429.40000000000003,460,62.315789473684212,111.98122616693574,27.5,exact_linear_order_statistics_disk_backed
observations,,pk_adme,Activity,pmol/mg/min,=,pk_adme,experimental_summary,exact_value,15,2.46,3.2202000000000002,12.254999999999999,17.960000000000001,31.434999999999999,48.893999999999991,50.979999999999997,21.411333333333335,12.983422181980966,19.18,exact_linear_order_statistics_disk_backed
observations,,pk_adme,Activity,pmol/min,=,pk_adme,experimental_summary,exact_value,20,2.7999999999999998,6.0679999999999996,37.700000000000003,56.849999999999994,82,273.30999999999995,283,77.715000000000003,68.997096134547562,44.299999999999997,exact_linear_order_statistics_disk_backed
observations,,pk_adme,Activity,pmol/min/mg,<,pk_adme,experimental_summary,upper_censor_bound,1,10,10,10,10,10,10,10,10,0,0,exact_linear_order_statistics_disk_backed
observations,,pk_adme,Activity,pmol/min/mg,=,pk_adme,experimental_summary,exact_value,11,0,0,2.1699999999999999,4.5199999999999996,99.115000000000009,501.10000000000002,510,104.17090909090911,179.72522008760259,96.945000000000007,exact_linear_order_statistics_disk_backed
observations,,pk_adme,Activity,pmol/min/ug,=,pk_adme,experimental_summary,exact_value,6,0.25,0.25850000000000001,0.42749999999999999,0.48499999999999999,0.5575,0.57950000000000002,0.57999999999999996,0.46500000000000002,0.11236102527122102,0.13,exact_linear_order_statistics_disk_backed
observations,,pk_adme,Activity,pmolequiv,=,pk_adme,experimental_summary,exact_value,2,8.3000000000000007,8.5620000000000012,14.850000000000001,21.399999999999999,27.949999999999999,34.238,34.5,21.399999999999999,13.100000000000005,13.099999999999998,exact_linear_order_statistics_disk_backed
observations,,pk_adme,Activity,pmolequiv/mg,=,pk_adme,experimental_summary,exact_value,12,15.199999999999999,15.683999999999999,24.574999999999999,53,166.75,555.57000000000005,568,138.39166666666668,177.36846985082278,142.17500000000001,exact_linear_order_statistics_disk_backed
observations,,pk_adme,Activity,ppm,=,pk_adme,experimental_summary,exact_value,2,0.42999999999999999,0.7893,9.4124999999999996,18.395,27.377499999999998,36.000700000000002,36.359999999999999,18.395,17.965,17.964999999999996,exact_linear_order_statistics_disk_backed
observations,,pk_adme,Activity,rfu,=,pk_adme,experimental_summary,exact_value,3,2874,2907.7600000000002,3718,4562,5406,6216.2399999999998,6250,4562,1378.246228606002,1688,exact_linear_order_statistics_disk_backed
observations,,pk_adme,Activity,u/l,=,pk_adme,experimental_summary,exact_value,13,16.5,16.571999999999999,17.100000000000001,161.40000000000001,253.5,253.5,253.5,134.82307692307694,104.50798389704418,236.40000000000001,exact_linear_order_statistics_disk_backed
observations,,pk_adme,Activity,uM,<,pk_adme,experimental_summary,upper_censor_bound,2,50,50,50,50,50,50,50,50,0,0,exact_linear_order_statistics_disk_backed
observations,,pk_adme,Activity,uM,=,pk_adme,experimental_summary,exact_value,71,0.01,0.055500000000000008,2.7850000000000001,11.91,67.799999999999997,187.30000000000001,188,47.070323943661968,63.777956466225355,65.015000000000001,exact_linear_order_statistics_disk_backed
observations,,pk_adme,Activity,uM,>,pk_adme,experimental_summary,lower_censor_bound,18,3,5.8900000000000006,22.5,30,87.5,200,200,69.611111111111114,72.221217941735475,65,exact_linear_order_statistics_disk_backed
observations,,pk_adme,Activity,ug,=,pk_adme,experimental_summary,exact_value,25,0.058999999999999997,0.059719999999999995,2.1920000000000002,3.3599999999999999,11.48,451.09599999999921,556,35.322240000000001,109.35815923113556,9.2880000000000003,exact_linear_order_statistics_disk_backed
observations,,pk_adme,Activity,ugml-1,=,pk_adme,experimental_summary,exact_value,1,27.75,27.75,27.75,27.75,27.75,27.75,27.75,27.75,0,0,exact_linear_order_statistics_disk_backed
observations,,pk_adme,Activity_index,%,=,pk_adme,experimental_summary,exact_value,5,12.300000000000001,12.380000000000001,14.300000000000001,17.699999999999999,19.300000000000001,29.188000000000002,29.600000000000001,18.640000000000001,6.0078615163800135,5,exact_linear_order_statistics_disk_backed
observations,,pk_adme,Alpha Ki,M,=,pk_adme,experimental_summary,exact_value,13,3.2999999999999998e-08,3.4800000000000001e-08,2.1e-07,3.9999999999999998e-06,6.3999999999999997e-05,0.00041079999999999979,0.00042999999999999999,7.0406230769230768e-05,0.00012613087985480299,6.3789999999999997e-05,exact_linear_order_statistics_disk_backed
observations,,pk_adme,Amount,pM,=,pk_adme,experimental_summary,exact_value,6,4,8.3500000000000014,103.5,144,498,757.5,765,293.83333333333331,287.28871463312925,394.5,exact_linear_order_statistics_disk_backed
observations,,pk_adme,Amount of metabolite,nmml-1,=,pk_adme,experimental_summary,exact_value,10,0,0,4,61.5,152.5,188.19999999999999,190,78.900000000000006,72.947172666252115,148.5,exact_linear_order_statistics_disk_backed
observations,,pk_adme,Augmentation,%,=,pk_adme,experimental_summary,exact_value,4,7.5,7.5209999999999999,8.0249999999999986,54.099999999999994,102.25,108.72999999999999,109,56.174999999999997,48.43027849393394,94.224999999999994,exact_linear_order_statistics_disk_backed
observations,,pk_adme,BA,%,=,pk_adme,experimental_summary,exact_value,63,6.2299999999999996e-06,0.24800236740000001,7.6500000000000004,21,48.5,109.55800000000001,112.09999999999999,30.600000098888888,29.57096377715656,40.850000000000001,exact_linear_order_statistics_disk_backed
observations,,pk_adme,BAV,%,=,pk_adme,experimental_summary,exact_value,5,0,0,0,11,11,29.431999999999999,30.199999999999999,10.440000000000001,11.036956102114384,11,exact_linear_order_statistics_disk_backed
observations,,pk_adme,BBB,%,=,pk_adme,experimental_summary,exact_value,1,7.2199999999999998,7.2199999999999998,7.2199999999999998,7.2199999999999998,7.2199999999999998,7.2199999999999998,7.2199999999999998,7.2199999999999998,0,0,exact_linear_order_statistics_disk_backed
observations,,pk_adme,BBB,10'-3cm/min,=,pk_adme,experimental_summary,exact_value,1,18,18,18,18,18,18,18,18,0,0,exact_linear_order_statistics_disk_backed
observations,,pk_adme,BBB,10^-6cm/s,=,pk_adme,experimental_summary,exact_value,3,0.12,0.34820000000000001,5.8250000000000002,11.529999999999999,12.25,12.9412,12.970000000000001,8.206666666666667,5.7482770365465941,6.4249999999999998,exact_linear_order_statistics_disk_backed
observations,,pk_adme,Ba,%,=,pk_adme,experimental_summary,exact_value,7,20,20.66,34.5,50,72,96.799999999999983,98,54.428571428571431,25.667417605411963,37.5,exact_linear_order_statistics_disk_backed
observations,,pk_adme,Binding,%,=,pk_adme,experimental_summary,exact_value,94,48,49.859999999999999,83,99.835000000000008,99.987499999999997,100,100,90.822765957446805,14.441475613018024,16.987499999999997,exact_linear_order_statistics_disk_backed
observations,,pk_adme,Binding,pm30min-1(mgofdna)-1,=,pk_adme,experimental_summary,exact_value,18,24.800000000000001,28.737200000000001,68.650000000000006,93.799999999999997,110,126.28999999999999,126.8,88.12555555555555,29.666130935653861,41.349999999999994,exact_linear_order_statistics_disk_backed
observations,,pk_adme,Bioavailability Increase,%,=,pk_adme,experimental_summary,exact_value,2,154,172.46000000000001,615.5,1077,1538.5,1981.54,2000,1077,923,923,exact_linear_order_statistics_disk_backed
observations,,pk_adme,Bmax,fmol/mg,=,pk_adme,experimental_summary,exact_value,1,55500,55500,55500,55500,55500,55500,55500,55500,0,0,exact_linear_order_statistics_disk_backed
observations,,pk_adme,Bound,%,=,pk_adme,experimental_summary,exact_value,104,10,14.630000000000001,78.5,89,96.224999999999994,99.497,99.5,82.308653846153845,19.221137756371451,17.724999999999994,exact_linear_order_statistics_disk_backed
observations,,pk_adme,Bound,%,>,pk_adme,experimental_summary,lower_censor_bound,1,99.200000000000003,99.200000000000003,99.200000000000003,99.200000000000003,99.200000000000003,99.200000000000003,99.200000000000003,99.200000000000003,0,0,exact_linear_order_statistics_disk_backed
observations,,pk_adme,Brain level,ugweight-1,=,pk_adme,experimental_summary,exact_value,8,38,38.909999999999997,63,90,113.5,140.94999999999999,142,89.25,34.499094191007394,50.5,exact_linear_order_statistics_disk_backed
observations,,pk_adme,C8h,uM,=,pk_adme,experimental_summary,exact_value,15,0,0,0,0,0.42499999999999999,8.3957799999999967,9.4280000000000008,0.92553333333333343,2.356636441107443,0.42499999999999999,exact_linear_order_statistics_disk_backed
observations,,pk_adme,CC50,nM,=,pk_adme,experimental_summary,exact_value,104,316,386,9345,54770,147687.5,429629.99999999977,451000,85150.25,89434.229107500476,138342.5,exact_linear_order_statistics_disk_backed
observations,,pk_adme,CC50,nM,>,pk_adme,experimental_summary,lower_censor_bound,130,200,5000,5000,20000,100000,470999.99999999936,500000,59345.076923076922,97397.342786737048,95000,exact_linear_order_statistics_disk_backed
observations,,pk_adme,CC50,nM,>=,pk_adme,experimental_summary,lower_censor_bound,1,200000,200000,200000,200000,200000,200000,200000,200000,0,0,exact_linear_order_statistics_disk_backed
observations,,pk_adme,CI,mlmin-1kg-1,=,pk_adme,experimental_summary,exact_value,3,146,146.24000000000001,152,158,203.5,247.18000000000001,249,184.33333333333334,45.987921119451393,51.5,exact_linear_order_statistics_disk_backed
observations,,pk_adme,CL,%,<,pk_adme,experimental_summary,upper_censor_bound,26,1,1,2,7.5,20,50,50,17.26923076923077,18.909821811607465,18,exact_linear_order_statistics_disk_backed
observations,,pk_adme,CL,%,=,other_bioactivity,experimental_summary,exact_value,7,4.9000000000000004,5.2060000000000004,15.5,50,75,100,100,47.98571428571428,36.735752479077952,59.5,exact_linear_order_statistics_disk_backed
observations,,pk_adme,CL,%,=,pk_adme,experimental_summary,exact_value,343,0.29999999999999999,0.6419999999999999,14,30,54,135.80759999999927,299.14999999999998,37.509638483965013,33.306592779781141,40,exact_linear_order_statistics_disk_backed
observations,,pk_adme,CL,%,>,pk_adme,experimental_summary,lower_censor_bound,24,5,6.1500000000000004,39,98,98,100,100,74.458333333333329,35.549237177313515,59,exact_linear_order_statistics_disk_backed
observations,,pk_adme,CL,%,interval,pk_adme,experimental_summary,lower_censor_bound,13,3,3,8,50,75,75,75,38.692307692307693,31.570152933000148,67,exact_linear_order_statistics_disk_backed
observations,,pk_adme,CL,%,interval,pk_adme,experimental_summary,upper_censor_bound,13,7,7,44,60,100,100,100,57.153846153846153,34.573992346062127,56,exact_linear_order_statistics_disk_backed
observations,,pk_adme,CL,%id,=,other_bioactivity,experimental_summary,exact_value,2,0.19,0.2056,0.58000000000000007,0.96999999999999997,1.3599999999999999,1.7343999999999999,1.75,0.96999999999999997,0.77999999999999992,0.7799999999999998,exact_linear_order_statistics_disk_backed
observations,,pk_adme,CL,%id/cc,=,pk_adme,experimental_summary,exact_value,4,4.2000000000000002,4.2149999999999999,4.5750000000000002,8.3499999999999996,12.074999999999999,12.291,12.300000000000001,8.3000000000000007,3.8555155297313997,7.4999999999999991,exact_linear_order_statistics_disk_backed
observations,,pk_adme,CL,%id/g,=,pk_adme,experimental_summary,exact_value,3,127.8,127.97199999999999,132.09999999999999,136.40000000000001,137.25,138.066,138.09999999999999,134.09999999999999,4.5085104709506192,5.1500000000000057,exact_linear_order_statistics_disk_backed
observations,,pk_adme,CL,(mg/kg)/(ng/ml)/hr,=,other_bioactivity,experimental_summary,exact_value,2,0.00050000000000000001,0.00051199999999999998,0.00079999999999999993,0.0010999999999999998,0.0014,0.0016879999999999998,0.0016999999999999999,0.0010999999999999998,0.00060000000000000027,0.00060000000000000006,exact_linear_order_statistics_disk_backed
observations,,pk_adme,CL,(mg/kg)/(ng/ml)/hr,=,pk_adme,experimental_summary,exact_value,1,0.001,0.001,0.001,0.001,0.001,0.001,0.001,0.001,0,0,exact_linear_order_statistics_disk_backed
observations,,pk_adme,CL,(mg/kg)/(ug/ml)/min,=,pk_adme,experimental_summary,exact_value,1,0.14999999999999999,0.14999999999999999,0.14999999999999999,0.14999999999999999,0.14999999999999999,0.14999999999999999,0.14999999999999999,0.14999999999999999,0,0,exact_linear_order_statistics_disk_backed
observations,,pk_adme,CL,(ml/min)/kg,=,pk_adme,experimental_summary,exact_value,1,4.2000000000000002,4.2000000000000002,4.2000000000000002,4.2000000000000002,4.2000000000000002,4.2000000000000002,4.2000000000000002,4.2000000000000002,0,0,exact_linear_order_statistics_disk_backed
observations,,pk_adme,CL,/hr,=,pk_adme,experimental_summary,exact_value,1,0.66000000000000003,0.66000000000000003,0.66000000000000003,0.66000000000000003,0.66000000000000003,0.66000000000000003,0.66000000000000003,0.66000000000000003,0,0,exact_linear_order_statistics_disk_backed
observations,,pk_adme,CL,/s,=,pk_adme,experimental_summary,exact_value,2,0.29999999999999999,0.307,0.47499999999999998,0.64999999999999991,0.82499999999999996,0.99299999999999988,1,0.65000000000000002,0.34999999999999998,0.34999999999999998,exact_linear_order_statistics_disk_backed
observations,,pk_adme,CL,/um/min,=,pk_adme,experimental_summary,exact_value,20,1,1.0569999999999999,2.4249999999999998,3.2999999999999998,4.0999999999999996,12.585999999999999,12.699999999999999,4.4350000000000005,3.4582184719881406,1.6749999999999998,exact_linear_order_statistics_disk_backed
observations,,pk_adme,CL,10'-6ul/min,=,pk_adme,experimental_summary,exact_value,3,24,26.82,94.5,165,167.5,169.90000000000001,170,119.66666666666667,67.677339059852372,73,exact_linear_order_statistics_disk_backed
observations,,pk_adme,CL,10^-4(mg/kg)/(ng/ml)/hr,=,pk_adme,experimental_summary,exact_value,1,2,2,2,2,2,2,2,2,0,0,exact_linear_order_statistics_disk_backed
observations,,pk_adme,CL,10^-6ml/hr/kg,=,pk_adme,experimental_summary,exact_value,1,8.0800000000000001,8.0800000000000001,8.0800000000000001,8.0800000000000001,8.0800000000000001,8.0800000000000001,8.0800000000000001,8.0800000000000001,0,0,exact_linear_order_statistics_disk_backed
observations,,pk_adme,CL,L/kg,=,pk_adme,experimental_summary,exact_value,57,0.017999999999999999,0.075120000000000006,12.800000000000001,23.5,40,173.07999999999964,261,32.801719298245615,38.475053881044488,27.199999999999999,exact_linear_order_statistics_disk_backed
observations,,pk_adme,CL,g/hr/kg,=,pk_adme,experimental_summary,exact_value,3,0.29999999999999999,0.31,0.55000000000000004,0.80000000000000004,55.399999999999999,107.816,110,37.033333333333331,51.595628583135692,54.850000000000001,exact_linear_order_statistics_disk_backed
observations,,pk_adme,CL,h,=,pk_adme,experimental_summary,exact_value,1,16,16,16,16,16,16,16,16,0,0,exact_linear_order_statistics_disk_backed
observations,,pk_adme,CL,hr.kg/l,=,pk_adme,experimental_summary,exact_value,33,0.10000000000000001,0.10000000000000001,1.3999999999999999,3,8.1999999999999993,21.039999999999999,22,5.666666666666667,5.6376261212347414,6.7999999999999989,exact_linear_order_statistics_disk_backed
observations,,pk_adme,CL,hr/l/kg,=,pk_adme,experimental_summary,exact_value,2,2.6000000000000001,2.6030000000000002,2.6749999999999998,2.75,2.8250000000000002,2.8969999999999998,2.8999999999999999,2.75,0.15000000000000285,0.15000000000000036,exact_linear_order_statistics_disk_backed
observations,,pk_adme,CL,kg-1hr-1,=,other_bioactivity,experimental_summary,exact_value,1,2,2,2,2,2,2,2,2,0,0,exact_linear_order_statistics_disk_backed
observations,,pk_adme,CL,l(minmg)-1,=,pk_adme,experimental_summary,exact_value,2,11,11.16,15,19,23,26.84,27,19,8,8,exact_linear_order_statistics_disk_backed
observations,,pk_adme,CL,l.h-1,=,pk_adme,experimental_summary,exact_value,2,11.76,11.835900000000001,13.657500000000001,15.555,17.452500000000001,19.274100000000001,19.350000000000001,15.555,3.7950000000000013,3.7949999999999999,exact_linear_order_statistics_disk_backed
observations,,pk_adme,CL,l.h/kg,=,pk_adme,experimental_summary,exact_value,2,0.20000000000000001,0.23000000000000001,0.94999999999999996,1.7,2.4500000000000002,3.1699999999999999,3.2000000000000002,1.7000000000000002,1.5,1.5000000000000002,exact_linear_order_statistics_disk_backed
observations,,pk_adme,CL,l/hr,=,pk_adme,experimental_summary,exact_value,422,0.00080000000000000004,0.0089999999999999993,0.86250000000000004,4.4000000000000004,13.674999999999999,805.32000000001244,16826,82.25990663507109,902.56316630652861,12.812499999999998,exact_linear_order_statistics_disk_backed
observations,,pk_adme,CL,l/hr,interval,pk_adme,experimental_summary,lower_censor_bound,5,3,3.3199999999999998,11,27,30,30.960000000000001,31,20.399999999999999,11.306635220082057,19,exact_linear_order_statistics_disk_backed
observations,,pk_adme,CL,l/hr,interval,pk_adme,experimental_summary,upper_censor_bound,5,14,15.16,43,75,75,79.799999999999997,80,57.399999999999999,25.38188330285994,32,exact_linear_order_statistics_disk_backed
observations,,pk_adme,CL,l/hr/1.73m2,=,pk_adme,experimental_summary,exact_value,4,0.56000000000000005,0.68120000000000003,3.5899999999999994,4.6500000000000004,4.7249999999999996,4.7969999999999997,4.7999999999999998,3.665,1.7940666096887259,1.1350000000000002,exact_linear_order_statistics_disk_backed
observations,,pk_adme,CL,l/hr/m2,=,pk_adme,experimental_summary,exact_value,3,3.2000000000000002,3.234,4.0500000000000007,4.9000000000000004,59.449999999999996,111.818,114,40.699999999999996,51.835573370675348,55.399999999999991,exact_linear_order_statistics_disk_backed
observations,,pk_adme,CL,l/kg.hr,=,other_bioactivity,experimental_summary,exact_value,1,0.16,0.16,0.16,0.16,0.16,0.16,0.16,0.16,0,0,exact_linear_order_statistics_disk_backed
observations,,pk_adme,CL,l/kg.hr,=,pk_adme,experimental_summary,exact_value,46,0.0064000000000000003,0.011170000000000001,0.19575000000000001,0.77500000000000002,1.7550000000000001,5.8982000000000001,5.9000000000000004,1.4494434782608696,1.7173849478143233,1.55925,exact_linear_order_statistics_disk_backed
observations,,pk_adme,CL,l/kg/min,=,pk_adme,experimental_summary,exact_value,2,0.0089999999999999993,0.01095,0.057749999999999996,0.10649999999999998,0.15525,0.20204999999999998,0.20399999999999999,0.1065,0.097499999999999976,0.097500000000000003,exact_linear_order_statistics_disk_backed
observations,,pk_adme,CL,l/min,=,pk_adme,experimental_summary,exact_value,92,0.0060000000000000001,0.0087299999999999999,1.6000000000000001,3.6499999999999999,8.625,89.030000000000229,150,9.5377717391304344,19.196654374555944,7.0250000000000004,exact_linear_order_statistics_disk_backed
observations,,pk_adme,CL,l/min,>,pk_adme,experimental_summary,lower_censor_bound,5,20,20,20,20,20,308,320,80,120,0,exact_linear_order_statistics_disk_backed
observations,,pk_adme,CL,lhr-1,=,pk_adme,experimental_summary,exact_value,1,0.040000000000000001,0.040000000000000001,0.040000000000000001,0.040000000000000001,0.040000000000000001,0.040000000000000001,0.040000000000000001,0.040000000000000001,0,0,exact_linear_order_statistics_disk_backed
observations,,pk_adme,CL,ll/min/million,=,pk_adme,experimental_summary,exact_value,1,5,5,5,5,5,5,5,5,0,0,exact_linear_order_statistics_disk_backed
observations,,pk_adme,CL,mL/min/kg,<,pk_adme,experimental_summary,upper_censor_bound,1742,0.00050000000000000001,0.0080000000000000002,6.2000000000000002,10,21,119.31529999999987,783.33000000000004,20.898090136050516,36.433318339120632,14.800000000000001,exact_linear_order_statistics_disk_backed
observations,,pk_adme,CL,mL/min/kg,<=,pk_adme,experimental_summary,upper_censor_bound,18,3,3,3,3.5,9.1999999999999993,29,29,9.7444444444444454,10.462165816896944,6.1999999999999993,exact_linear_order_statistics_disk_backed
observations,,pk_adme,CL,mL/min/kg,=,other_bioactivity,experimental_summary,exact_value,66,0.5,0.62805,6.4000000000000004,21,49.025000000000006,1508.3299999999972,1833.3299999999999,100.41139848484848,304.58442562540478,42.625000000000007,exact_linear_order_statistics_disk_backed
observations,,pk_adme,CL,mL/min/kg,=,pk_adme,experimental_summary,exact_value,44870,-8.5999999999999996,0.026138000000000002,7.7999999999999998,22,60,3241.2399999999907,3705138.8300000001,320.97182883046804,17774.574650797473,52.200000000000003,exact_linear_order_statistics_disk_backed
observations,,pk_adme,CL,mL/min/kg,>,pk_adme,experimental_summary,lower_censor_bound,440,0.036670000000000001,0.59999999999999998,62.399999999999999,110,642.91750000000002,55000,800000,4748.8533560681817,45239.397363933043,580.51750000000004,exact_linear_order_statistics_disk_backed
observations,,pk_adme,CL,mL/min/kg,>=,pk_adme,experimental_summary,lower_censor_bound,19,25,27.34,445.83500000000004,500,500,3019.6700000000005,3316.6700000000001,632.63210526315788,712.69865968118484,54.164999999999964,exact_linear_order_statistics_disk_backed
observations,,pk_adme,CL,mL/min/kg,interval,pk_adme,experimental_summary,lower_censor_bound,63,0.78000000000000003,1.4743999999999999,8.9000000000000004,25,46.299999999999997,331.36000000000058,469,47.138206349206349,71.862325485801406,37.399999999999999,exact_linear_order_statistics_disk_backed
observations,,pk_adme,CL,mL/min/kg,interval,pk_adme,experimental_summary,upper_censor_bound,63,0.80000000000000004,1.8540000000000001,16.5,36.799999999999997,64.200000000000003,495.48000000000036,586,67.373174603174604,97.391552937473435,47.700000000000003,exact_linear_order_statistics_disk_backed
observations,,pk_adme,CL,meq/l,=,other_bioactivity,experimental_summary,exact_value,4773,88.599999999999994,100.2,103.8,105.2,106.40000000000001,109.40000000000001,116.8,105.03869683637126,2.0115132000393987,2.6000000000000085,exact_linear_order_statistics_disk_backed
observations,,pk_adme,CL,mg/hr/kg,=,pk_adme,experimental_summary,exact_value,1,15.699999999999999,15.699999999999999,15.699999999999999,15.699999999999999,15.699999999999999,15.699999999999999,15.699999999999999,15.699999999999999,0,0,exact_linear_order_statistics_disk_backed
observations,,pk_adme,CL,mg/kg/hr,=,pk_adme,experimental_summary,exact_value,1,453.60000000000002,453.60000000000002,453.60000000000002,453.60000000000002,453.60000000000002,453.60000000000002,453.60000000000002,453.60000000000002,0,0,exact_linear_order_statistics_disk_backed
observations,,pk_adme,CL,mg/kg/microm.hrs,=,pk_adme,experimental_summary,exact_value,1,0.22,0.22,0.22,0.22,0.22,0.22,0.22,0.22,0,0,exact_linear_order_statistics_disk_backed
observations,,pk_adme,CL,mg/kg/min,=,pk_adme,experimental_summary,exact_value,4,24.199999999999999,24.751999999999999,38,44.200000000000003,49.125,58.701000000000001,59.100000000000001,42.924999999999997,12.456198256289932,11.125,exact_linear_order_statistics_disk_backed
observations,,pk_adme,CL,mg/min/kg,=,pk_adme,experimental_summary,exact_value,7,4.6500000000000004,4.7280000000000006,9.4749999999999996,20.800000000000001,40.704999999999998,70.753999999999991,71.900000000000006,28.244285714285716,23.45350833161692,31.229999999999997,exact_linear_order_statistics_disk_backed
observations,,pk_adme,CL,mg/ml/g,<,pk_adme,experimental_summary,upper_censor_bound,2,7,7.0010000000000003,7.0250000000000004,7.0499999999999998,7.0749999999999993,7.0989999999999993,7.0999999999999996,7.0499999999999998,0.049999999999977264,0.049999999999998934,exact_linear_order_statistics_disk_backed
observations,,pk_adme,CL,mg/ml/g,=,pk_adme,experimental_summary,exact_value,2,8,8,8,8,8,8,8,8,0,0,exact_linear_order_statistics_disk_backed
observations,,pk_adme,CL,mg/ml/kg,=,pk_adme,experimental_summary,exact_value,12,7.2000000000000002,7.2880000000000003,12.200000000000001,20.600000000000001,39.775000000000006,75.51400000000001,78,27.808333333333334,20.995176364002177,27.575000000000003,exact_linear_order_statistics_disk_backed
observations,,pk_adme,CL,mg/ng/ml/hr,=,pk_adme,experimental_summary,exact_value,4,0.00048999999999999998,0.00050109999999999998,0.00076749999999999995,0.00093000000000000005,0.0016750000000000001,0.0036189999999999994,0.0037000000000000002,0.0015125,0.0012766239657784903,0.0009075000000000001,exact_linear_order_statistics_disk_backed
observations,,pk_adme,CL,mgkg-1,=,pk_adme,experimental_summary,exact_value,1,0.0014,0.0014,0.0014,0.0014,0.0014,0.0014,0.0014,0.0014,0,0,exact_linear_order_statistics_disk_backed
observations,,pk_adme,CL,mgmin-1kg-1,=,pk_adme,experimental_summary,exact_value,7,1.7,1.8080000000000001,4.9500000000000002,9,29.5,46.640000000000001,47,18.085714285714285,17.160788241255833,24.550000000000001,exact_linear_order_statistics_disk_backed
observations,,pk_adme,CL,mgml-1kg-1,=,pk_adme,experimental_summary,exact_value,14,20,20,21.25,26,27.5,42,42,26.428571428571427,6.9252569391661929,6.25,exact_linear_order_statistics_disk_backed
observations,,pk_adme,CL,microg/hr/ml,=,pk_adme,experimental_summary,exact_value,5,1.2,1.24,2.2000000000000002,2.7000000000000002,14.699999999999999,20.747999999999998,21,8.3599999999999994,8.015135681945754,12.5,exact_linear_order_statistics_disk_backed
observations,,pk_adme,CL,microl/ml/min,=,pk_adme,experimental_summary,exact_value,3,4,4.04,5,6,9,11.879999999999999,12,7.333333333333333,3.39934634239519,4,exact_linear_order_statistics_disk_backed
observations,,pk_adme,CL,microm/min/mg,=,pk_adme,experimental_summary,exact_value,9,20,25.920000000000002,154,432,565,719.44000000000005,720,388.55555555555554,248.22754395966402,411,exact_linear_order_statistics_disk_backed
observations,,pk_adme,CL,microm/min/mg,>,pk_adme,experimental_summary,lower_censor_bound,2,300,300,300,300,300,300,300,300,0,0,exact_linear_order_statistics_disk_backed
observations,,pk_adme,CL,micromol.hr/l/mg/kg,=,pk_adme,experimental_summary,exact_value,1,0.050000000000000003,0.050000000000000003,0.050000000000000003,0.050000000000000003,0.050000000000000003,0.050000000000000003,0.050000000000000003,0.050000000000000003,0,0,exact_linear_order_statistics_disk_backed
observations,,pk_adme,CL,min,=,pk_adme,experimental_summary,exact_value,1,30,30,30,30,30,30,30,30,0,0,exact_linear_order_statistics_disk_backed
observations,,pk_adme,CL,min.kg/l,=,pk_adme,experimental_summary,exact_value,4,0.69999999999999996,0.73899999999999999,1.675,2,2.0750000000000002,2.2909999999999999,2.2999999999999998,1.75,0.61846584384264891,0.40000000000000013,exact_linear_order_statistics_disk_backed
observations,,pk_adme,CL,min.ug/ml,=,pk_adme,experimental_summary,exact_value,1,5,5,5,5,5,5,5,5,0,0,exact_linear_order_statistics_disk_backed
observations,,pk_adme,CL,min/ml/kg,=,pk_adme,experimental_summary,exact_value,23,1.0700000000000001,1.1646000000000001,4.5,8.5600000000000005,17.050000000000001,48.434000000000005,49.600000000000001,14.523478260869567,14.709707119921701,12.550000000000001,exact_linear_order_statistics_disk_backed
observations,,pk_adme,CL,ml,=,pk_adme,experimental_summary,exact_value,1,20,20,20,20,20,20,20,20,0,0,exact_linear_order_statistics_disk_backed
observations,,pk_adme,CL,ml.kg/min,=,pk_adme,experimental_summary,exact_value,13,0.48999999999999999,0.53920000000000001,1.3999999999999999,11.6,34.899999999999999,545.06799999999953,609.70000000000005,66.058461538461543,158.46687025010593,33.5,exact_linear_order_statistics_disk_backed
observations,,pk_adme,CL,ml.min,interval,pk_adme,experimental_summary,lower_censor_bound,1,20,20,20,20,20,20,20,20,0,0,exact_linear_order_statistics_disk_backed
observations,,pk_adme,CL,ml.min,interval,pk_adme,experimental_summary,upper_censor_bound,1,30,30,30,30,30,30,30,30,0,0,exact_linear_order_statistics_disk_backed
observations,,pk_adme,CL,ml.min-1,=,pk_adme,experimental_summary,exact_value,4,812.79999999999995,835.27299999999991,1374.625,2131.6999999999998,2970.625,3745.7049999999999,3778,2213.5500000000002,1126.0936117836736,1596,exact_linear_order_statistics_disk_backed
observations,,pk_adme,CL,ml.min-1.g-1,<,other_bioactivity,experimental_summary,upper_censor_bound,9,7,7,7,7,11.9,38000,38000,8450.4333333333325,15794.907843000823,4.9000000000000004,exact_linear_order_statistics_disk_backed
observations,,pk_adme,CL,ml.min-1.g-1,<,pk_adme,experimental_summary,upper_censor_bound,4049,0.023099999999999999,0.45000000000000001,3,8,14,10000,100000,430.19418994813532,2577.1192309898047,11,exact_linear_order_statistics_disk_backed
observations,,pk_adme,CL,ml.min-1.g-1,<=,pk_adme,experimental_summary,upper_censor_bound,44,0.41999999999999998,0.45439999999999997,1,4,9,11,11,5.293636363636363,3.8659722350676624,8,exact_linear_order_statistics_disk_backed
observations,,pk_adme,CL,ml.min-1.g-1,=,other_bioactivity,experimental_summary,exact_value,178,7,9.7699999999999996,30,55.5,125.02500000000001,2017595.9999999858,9843900,85440.435955056178,779288.5297969674,95.025000000000006,exact_linear_order_statistics_disk_backed
observations,,pk_adme,CL,ml.min-1.g-1,=,pk_adme,experimental_summary,exact_value,23379,-124,2.1468000000000002e-05,12,35,111,98259.193000001367,2996000,5072.4846480367514,62985.449223491123,99,exact_linear_order_statistics_disk_backed
observations,,pk_adme,CL,ml.min-1.g-1,>,pk_adme,experimental_summary,lower_censor_bound,1102,0.099000000000000005,1.5496499999999995,150,346,580,104000,59000000,77506.514351179678,1857177.3725072988,430,exact_linear_order_statistics_disk_backed
observations,,pk_adme,CL,ml.min-1.g-1,>=,pk_adme,experimental_summary,lower_censor_bound,31,5,39.5,120,350,415,480,480,313.06451612903226,143.13696023758567,295,exact_linear_order_statistics_disk_backed
observations,,pk_adme,CL,ml.min-1.g-1,interval,pk_adme,experimental_summary,lower_censor_bound,30,1.6599999999999999,2.0196000000000001,6.9250000000000007,18,61.272500000000001,428.69890000000004,441.33999999999997,60.159999999999997,106.44608334739236,54.347499999999997,exact_linear_order_statistics_disk_backed
observations,,pk_adme,CL,ml.min-1.g-1,interval,pk_adme,experimental_summary,upper_censor_bound,30,1.7,2.367,12.35,31.300000000000001,110.92,555.26900000000012,599.89999999999998,97.034333333333336,146.74843771305444,98.570000000000007,exact_linear_order_statistics_disk_backed
observations,,pk_adme,CL,ml.min/kg,=,pk_adme,experimental_summary,exact_value,44,0.90000000000000002,1.244,9.1749999999999989,18.850000000000001,32.75,141.81,156,28.104545454545452,30.359856528477739,23.575000000000003,exact_linear_order_statistics_disk_backed
observations,,pk_adme,CL,ml/hr,=,pk_adme,experimental_summary,exact_value,80,0.001,0.0057400000000000003,10.94,78.599999999999994,623.13750000000005,51458.649999999936,59410,3572.0323250000001,9593.1201510616593,612.19749999999999,exact_linear_order_statistics_disk_backed
observations,,pk_adme,CL,ml/hr/mg,=,pk_adme,experimental_summary,exact_value,6,0.028000000000000001,0.028050000000000002,561.68174999999997,2291.6300000000001,2690.98,34391.755000000005,36054,7241.0695000000005,12933.74538499092,2129.2982499999998,exact_linear_order_statistics_disk_backed
observations,,pk_adme,CL,ml/kg,=,pk_adme,experimental_summary,exact_value,3,774,790.06619999999998,1175.655,1577.3099999999999,1942.155,2292.4061999999999,2307,1552.7699999999998,626.0851426124093,766.5,exact_linear_order_statistics_disk_backed
observations,,pk_adme,CL,ml/kg.hr,=,pk_adme,experimental_summary,exact_value,15,0.33000000000000002,0.54000000000000004,96.795000000000002,273,792.94499999999994,3687.1023999999989,3894.1399999999999,700.54933333333327,1046.8994611293335,696.14999999999998,exact_linear_order_statistics_disk_backed
observations,,pk_adme,CL,ml/kg.min,=,pk_adme,experimental_summary,exact_value,33,1.0900000000000001,1.2436,6,22.5,66,206.72,208,44.201212121212123,58.239033862156646,60,exact_linear_order_statistics_disk_backed
observations,,pk_adme,CL,ml/kg.min,>,pk_adme,experimental_summary,lower_censor_bound,1,100,100,100,100,100,100,100,100,0,0,exact_linear_order_statistics_disk_backed
observations,,pk_adme,CL,ml/mg/kg,=,pk_adme,experimental_summary,exact_value,37,0.40000000000000002,0.436,5.1200000000000001,16,41.399999999999999,190,190,40.474594594594592,56.662138920074391,36.280000000000001,exact_linear_order_statistics_disk_backed
observations,,pk_adme,CL,ml/min,<,pk_adme,experimental_summary,upper_censor_bound,13,0.40000000000000002,0.40000000000000002,0.40000000000000002,0.46000000000000002,6,14,14,4.8446153846153841,5.4923787972126439,5.5999999999999996,exact_linear_order_statistics_disk_backed
observations,,pk_adme,CL,ml/min,=,other_bioactivity,experimental_summary,exact_value,1,850,850,850,850,850,850,850,850,0,0,exact_linear_order_statistics_disk_backed
observations,,pk_adme,CL,ml/min,=,pk_adme,experimental_summary,exact_value,317,0,4.8000000000000035e-05,1.97,17,82.400000000000006,1783.9119999999839,51650,261.54218044164037,2914.6823563471676,80.430000000000007,exact_linear_order_statistics_disk_backed
observations,,pk_adme,CL,ml/min,interval,pk_adme,experimental_summary,lower_censor_bound,1,500,500,500,500,500,500,500,500,0,0,exact_linear_order_statistics_disk_backed
observations,,pk_adme,CL,ml/min,interval,pk_adme,experimental_summary,upper_censor_bound,1,700,700,700,700,700,700,700,700,0,0,exact_linear_order_statistics_disk_backed
observations,,pk_adme,CL,ml/min.g,<,pk_adme,experimental_summary,upper_censor_bound,4,0.29999999999999999,0.29999999999999999,0.29999999999999999,0.29999999999999999,0.42499999999999999,0.78499999999999992,0.80000000000000004,0.42499999999999999,0.21650635094610979,0.125,exact_linear_order_statistics_disk_backed
observations,,pk_adme,CL,ml/min.g,=,pk_adme,experimental_summary,exact_value,8,0.29999999999999999,0.55900000000000005,5.1999999999999993,10.300000000000001,17.75,49.675999999999995,52,14.8375,15.289452042176004,12.550000000000001,exact_linear_order_statistics_disk_backed
observations,,pk_adme,CL,ml/min.g,>,pk_adme,experimental_summary,lower_censor_bound,1,30,30,30,30,30,30,30,30,0,0,exact_linear_order_statistics_disk_backed
observations,,pk_adme,CL,ml/min.mg,=,pk_adme,experimental_summary,exact_value,5,0.029000000000000001,0.029000000000000001,0.029000000000000001,0.040000000000000001,0.047,0.050839999999999996,0.050999999999999997,0.039199999999999999,0.0090421236443658619,0.017999999999999999,exact_linear_order_statistics_disk_backed
observations,,pk_adme,CL,ml/min/hr,=,pk_adme,experimental_summary,exact_value,4,0,0.54000000000000004,13.5,25.5,69.75,175.58999999999997,180,57.75,71.541508930130902,56.25,exact_linear_order_statistics_disk_backed
observations,,pk_adme,CL,ml/min/m2,=,pk_adme,experimental_summary,exact_value,15,4.3700000000000001,4.4497999999999998,6.0150000000000006,6.4400000000000004,623,1526.4199999999998,1540,358.46333333333331,551.30025288907279,616.98500000000001,exact_linear_order_statistics_disk_backed
observations,,pk_adme,CL,ml/min/m2,interval,pk_adme,experimental_summary,lower_censor_bound,1,324,324,324,324,324,324,324,324,0,0,exact_linear_order_statistics_disk_backed
observations,,pk_adme,CL,ml/min/m2,interval,pk_adme,experimental_summary,upper_censor_bound,1,809,809,809,809,809,809,809,809,0,0,exact_linear_order_statistics_disk_backed
observations,,pk_adme,CL,ml/min/nmol,=,pk_adme,experimental_summary,exact_value,4,0.16,0.1696,0.39999999999999997,0.53499999999999992,0.89249999999999996,1.7636999999999996,1.8,0.75749999999999995,0.62226903345739459,0.49249999999999999,exact_linear_order_statistics_disk_backed
observations,,pk_adme,CL,ml/mm/kg,=,pk_adme,experimental_summary,exact_value,5,5.5,5.5720000000000001,7.2999999999999998,11.4,26.5,29.571999999999999,29.699999999999999,16.080000000000002,10.049955223780847,19.199999999999999,exact_linear_order_statistics_disk_backed
observations,,pk_adme,CL,mlhr-1,=,pk_adme,experimental_summary,exact_value,1,21.32,21.32,21.32,21.32,21.32,21.32,21.32,21.32,0,0,exact_linear_order_statistics_disk_backed
observations,,pk_adme,CL,mlkg-1,=,pk_adme,experimental_summary,exact_value,3,94,94,94,94,117,139.07999999999998,140,109.33333333333333,21.684607956387467,23,exact_linear_order_statistics_disk_backed
observations,,pk_adme,CL,mlmg-1kg-1,=,pk_adme,experimental_summary,exact_value,5,7,7.8399999999999999,28,50,51,57.719999999999999,58,38.799999999999997,18.819139193916392,23,exact_linear_order_statistics_disk_backed
observations,,pk_adme,CL,mlmin-1,=,pk_adme,experimental_summary,exact_value,6,0.5,0.5,0.67500000000000004,1.2,5.0249999999999995,6.3950000000000005,6.4000000000000004,2.6833333333333336,2.6085862497188437,4.3499999999999996,exact_linear_order_statistics_disk_backed
observations,,pk_adme,CL,ng.hr/ml,=,pk_adme,experimental_summary,exact_value,4,1,1.024,1.6000000000000001,3.2000000000000002,7.9000000000000004,17.403999999999996,17.800000000000001,6.2999999999999998,6.7727394752788186,6.3000000000000007,exact_linear_order_statistics_disk_backed
observations,,pk_adme,CL,ng/mL,=,other_bioactivity,experimental_summary,exact_value,3,24.100000000000001,24.182000000000002,26.149999999999999,28.199999999999999,30.350000000000001,32.414000000000001,32.5,28.266666666666666,3.4296096311712159,4.2000000000000028,exact_linear_order_statistics_disk_backed
observations,,pk_adme,CL,ng/mL,=,pk_adme,experimental_summary,exact_value,5,0.20000000000000001,0.224,0.80000000000000004,95,850,1954,2000,589.20000000000005,774.04683062460754,849.20000000000005,exact_linear_order_statistics_disk_backed
observations,,pk_adme,CL,ng/min/kg,=,pk_adme,experimental_summary,exact_value,6,0.65000000000000002,0.65749999999999997,3.3499999999999996,12,15.024999999999999,21.685000000000002,22,10.525,7.7125303889190597,11.674999999999999,exact_linear_order_statistics_disk_backed
observations,,pk_adme,CL,ng/ml/hr,=,pk_adme,experimental_summary,exact_value,1,0.00089999999999999998,0.00089999999999999998,0.00089999999999999998,0.00089999999999999998,0.00089999999999999998,0.00089999999999999998,0.00089999999999999998,0.00089999999999999998,0,0,exact_linear_order_statistics_disk_backed
observations,,pk_adme,CL,nl/min,=,pk_adme,experimental_summary,exact_value,18,17.690000000000001,18.118400000000001,58.905000000000001,161.90000000000001,191.09999999999999,217.68799999999999,218.30000000000001,127.54944444444443,73.848042137006843,132.19499999999999,exact_linear_order_statistics_disk_backed
observations,,pk_adme,CL,nl/pmol/min,=,pk_adme,experimental_summary,exact_value,5,0.88,1.056,5.2800000000000002,13.699999999999999,25.600000000000001,86.483199999999997,89.019999999999996,26.895999999999997,32.184745206386211,20.32,exact_linear_order_statistics_disk_backed
observations,,pk_adme,CL,nm/min,=,pk_adme,experimental_summary,exact_value,4,0.032000000000000001,0.033320000000000002,0.065000000000000002,0.080000000000000002,0.091499999999999998,0.11309999999999999,0.114,0.076499999999999999,0.029338541204361208,0.026499999999999996,exact_linear_order_statistics_disk_backed
observations,,pk_adme,CL,nm/min/mg,=,pk_adme,experimental_summary,exact_value,1,0.063,0.063,0.063,0.063,0.063,0.063,0.063,0.063,0,0,exact_linear_order_statistics_disk_backed
observations,,pk_adme,CL,nmol/mg.min,=,pk_adme,experimental_summary,exact_value,36,0,0,0.076249999999999998,0.13,0.16250000000000001,0.27949999999999997,0.28999999999999998,0.12494444444444446,0.079840794517187771,0.086250000000000007,exact_linear_order_statistics_disk_backed
observations,,pk_adme,CL,nmol/mg/min,=,pk_adme,experimental_summary,exact_value,10,0,0,0,0,0,0.028210000000000006,0.031,0.0030999999999999999,0.0092999999999999992,0,exact_linear_order_statistics_disk_backed
observations,,pk_adme,CL,nmol/min,=,other_bioactivity,experimental_summary,exact_value,8,0.60399999999999998,0.61043999999999998,0.82050000000000001,1.01,1.4874999999999998,2.9421999999999997,2.98,1.3465,0.8163086119844627,0.66699999999999982,exact_linear_order_statistics_disk_backed
observations,,pk_adme,CL,nmol/min/mg,=,pk_adme,experimental_summary,exact_value,21,0,0.00080000000000000004,0.021999999999999999,0.032000000000000001,0.042000000000000003,0.14400000000000007,0.16,0.040095238095238094,0.033362232370643827,0.020000000000000004,exact_linear_order_statistics_disk_backed
observations,,pk_adme,CL,pmol/min/mg,=,pk_adme,experimental_summary,exact_value,4,34.100000000000001,36.353000000000002,90.424999999999997,182.14999999999998,265.55000000000001,295.64599999999996,296.89999999999998,173.82499999999999,106.59801534268826,175.125,exact_linear_order_statistics_disk_backed
observations,,pk_adme,CL,ug.hr/ml,=,pk_adme,experimental_summary,exact_value,1,4.7000000000000002,4.7000000000000002,4.7000000000000002,4.7000000000000002,4.7000000000000002,4.7000000000000002,4.7000000000000002,4.7000000000000002,0,0,exact_linear_order_statistics_disk_backed
observations,,pk_adme,CL,ug/hr,=,pk_adme,experimental_summary,exact_value,1,9.4800000000000004,9.4800000000000004,9.4800000000000004,9.4800000000000004,9.4800000000000004,9.4800000000000004,9.4800000000000004,9.4800000000000004,0,0,exact_linear_order_statistics_disk_backed
observations,,pk_adme,CL,ug/min,<,pk_adme,experimental_summary,upper_censor_bound,26,10,10,10,10,10,12,12,10.153846153846153,0.53293871002120441,0,exact_linear_order_statistics_disk_backed
observations,,pk_adme,CL,ug/min,=,pk_adme,experimental_summary,exact_value,18,12,12.85,32.25,81.5,279.25,1506.6099999999979,1705,226,388.87115832596504,247,exact_linear_order_statistics_disk_backed
observations,,pk_adme,CL,ug/min/mg,<,pk_adme,experimental_summary,upper_censor_bound,1,7,7,7,7,7,7,7,7,0,0,exact_linear_order_statistics_disk_backed
observations,,pk_adme,CL,ug/min/mg,=,pk_adme,experimental_summary,exact_value,14,4,4.5199999999999996,12,22.5,68,117.44,119,40.785714285714285,39.068033281569164,56,exact_linear_order_statistics_disk_backed
observations,,pk_adme,CL,ug/min/mg,>,pk_adme,experimental_summary,lower_censor_bound,1,440,440,440,440,440,440,440,440,0,0,exact_linear_order_statistics_disk_backed
observations,,pk_adme,CL,ug/ml/hr,=,pk_adme,experimental_summary,exact_value,1,0.035499999999999997,0.035499999999999997,0.035499999999999997,0.035499999999999997,0.035499999999999997,0.035499999999999997,0.035499999999999997,0.035499999999999997,0,0,exact_linear_order_statistics_disk_backed
observations,,pk_adme,CL,ugml-1,<,pk_adme,experimental_summary,upper_censor_bound,10,7,7,8.5,9.5,11,11.91,12,9.5,1.6733200530681502,2.5,exact_linear_order_statistics_disk_backed
observations,,pk_adme,CL,ugml-1,=,pk_adme,experimental_summary,exact_value,76,10,10,22,39,98,281.25,387,69.881578947368425,68.87516684577426,76,exact_linear_order_statistics_disk_backed
observations,,pk_adme,CL,ul.min-1.(10^6cells)-1,<,pk_adme,experimental_summary,upper_censor_bound,311,0.29999999999999999,1,3,3,3,10,26,3.2784565916398716,2.1431605557516824,0,exact_linear_order_statistics_disk_backed
observations,,pk_adme,CL,ul.min-1.(10^6cells)-1,=,other_bioactivity,experimental_summary,exact_value,1,5.7999999999999998,5.7999999999999998,5.7999999999999998,5.7999999999999998,5.7999999999999998,5.7999999999999998,5.7999999999999998,5.7999999999999998,0,0,exact_linear_order_statistics_disk_backed
observations,,pk_adme,CL,ul.min-1.(10^6cells)-1,=,pk_adme,experimental_summary,exact_value,1276,0.083000000000000004,1.3999999999999999,8.4975000000000005,19.949999999999999,51,150.25,1705,40.595564263322885,97.295036586973964,42.502499999999998,exact_linear_order_statistics_disk_backed
observations,,pk_adme,CL,ul.min-1.(10^6cells)-1,>,pk_adme,experimental_summary,lower_censor_bound,148,100,123.5,150,150,150,150,150,149.32432432432432,5.7729755035930079,0,exact_linear_order_statistics_disk_backed
observations,,pk_adme,CL,ul.min.nmol-1,=,pk_adme,experimental_summary,exact_value,9,1.3999999999999999,1.5679999999999998,4.9000000000000004,10.6,47,938.00399999999991,1013.1,131.86666666666667,312.41098287707848,42.100000000000001,exact_linear_order_statistics_disk_backed
observations,,pk_adme,CL,ul/mg/min,<,pk_adme,experimental_summary,upper_censor_bound,2,5.7999999999999998,5.7999999999999998,5.7999999999999998,5.7999999999999998,5.7999999999999998,5.7999999999999998,5.7999999999999998,5.7999999999999998,0,0,exact_linear_order_statistics_disk_backed
observations,,pk_adme,CL,ul/mg/min,=,pk_adme,experimental_summary,exact_value,4,9.4000000000000004,9.4150000000000009,9.7750000000000004,22.75,35.799999999999997,36.375999999999998,36.399999999999999,22.824999999999999,13.179221335116885,26.024999999999999,exact_linear_order_statistics_disk_backed
observations,,pk_adme,CL,ul/min,<,pk_adme,experimental_summary,upper_censor_bound,26,0.81999999999999995,0.81999999999999995,5.25,10,10,10,10,7.3323076923076922,3.2136347833426973,4.75,exact_linear_order_statistics_disk_backed
observations,,pk_adme,CL,ul/min,<=,pk_adme,experimental_summary,upper_censor_bound,1,98,98,98,98,98,98,98,98,0,0,exact_linear_order_statistics_disk_backed
observations,,pk_adme,CL,ul/min,=,pk_adme,experimental_summary,exact_value,395,0,0.001,1.2050000000000001,11,37,675.29999999999995,1035,58.502928607594939,140.49531317272417,35.795000000000002,exact_linear_order_statistics_disk_backed
observations,,pk_adme,CL,ul/min.ml,=,pk_adme,experimental_summary,exact_value,4,1.6799999999999999,1.6922999999999999,1.9874999999999998,6.3949999999999996,25.875,69.578999999999994,71.400000000000006,21.467500000000001,29.052651664693194,23.887499999999999,exact_linear_order_statistics_disk_backed
observations,,pk_adme,CL,ul/min/pmol,<,pk_adme,experimental_summary,upper_censor_bound,4,2.8999999999999999,2.8999999999999999,2.8999999999999999,4.3499999999999996,5.7999999999999998,5.7999999999999998,5.7999999999999998,4.3499999999999996,1.4500000000000008,2.8999999999999999,exact_linear_order_statistics_disk_backed
observations,,pk_adme,CL,ul/min/pmol,=,pk_adme,experimental_summary,exact_value,4,0.19,0.25509999999999999,1.8174999999999999,3.0449999999999999,3.8925000000000001,4.3605,4.3799999999999999,2.665,1.6042209947510353,2.0750000000000002,exact_linear_order_statistics_disk_backed
observations,,pk_adme,CL,ul/ml,<,pk_adme,experimental_summary,upper_censor_bound,2,6,6.0599999999999996,7.5,9,10.5,11.94,12,9,3,3,exact_linear_order_statistics_disk_backed
observations,,pk_adme,CL,ul/ml,=,pk_adme,experimental_summary,exact_value,4,2,2.4500000000000002,13.25,19,21.75,23.91,24,16,8.4557672626438816,8.5,exact_linear_order_statistics_disk_backed
observations,,pk_adme,CL,ul/ml.millig,=,pk_adme,experimental_summary,exact_value,20,7,9.2800000000000011,33.25,71,158.25,1065.6599999999992,1177,180.44999999999999,275.78822944426037,125,exact_linear_order_statistics_disk_backed
observations,,pk_adme,CL,ul/ml/kg,<,pk_adme,experimental_summary,upper_censor_bound,3,5,5.1799999999999997,9.5,14,14,14,14,11,4.2426406871192848,4.5,exact_linear_order_statistics_disk_backed
observations,,pk_adme,CL,ul/ml/kg,=,pk_adme,experimental_summary,exact_value,36,7,7.7000000000000002,25,36,50.5,93.499999999999986,97,41,23.203208590384406,25.5,exact_linear_order_statistics_disk_backed
observations,,pk_adme,CL,ul/ml/kg,>,pk_adme,experimental_summary,lower_censor_bound,11,100,100,100,100,100,145,150,104.54545454545455,14.373989364401687,0,exact_linear_order_statistics_disk_backed
observations,,pk_adme,CL,um.hr,=,pk_adme,experimental_summary,exact_value,1,5.2000000000000002,5.2000000000000002,5.2000000000000002,5.2000000000000002,5.2000000000000002,5.2000000000000002,5.2000000000000002,5.2000000000000002,0,0,exact_linear_order_statistics_disk_backed
observations,,pk_adme,CL,umol/min/mg,<,pk_adme,experimental_summary,upper_censor_bound,1,10,10,10,10,10,10,10,10,0,0,exact_linear_order_statistics_disk_backed
observations,,pk_adme,CL free,%,=,pk_adme,experimental_summary,exact_value,1,8.6999999999999993,8.6999999999999993,8.6999999999999993,8.6999999999999993,8.6999999999999993,8.6999999999999993,8.6999999999999993,8.6999999999999993,0,0,exact_linear_order_statistics_disk_backed
observations,,pk_adme,CL free,10^3ul/min,=,pk_adme,experimental_summary,exact_value,9,0.95999999999999996,0.98719999999999997,1.8,3.0699999999999998,3.8999999999999999,7.7359999999999998,7.7999999999999998,3.4444444444444446,2.2945254222998366,2.0999999999999996,exact_linear_order_statistics_disk_backed
observations,,pk_adme,CL free,10^3ul/min/mg,=,pk_adme,experimental_summary,exact_value,11,0.34999999999999998,0.41299999999999998,1.75,3.3900000000000001,9.1500000000000004,86.500000000000028,92,14.72909090909091,26.408259195164835,7.4000000000000004,exact_linear_order_statistics_disk_backed
observations,,pk_adme,CL free,10^3ul/min/mg,>,pk_adme,experimental_summary,lower_censor_bound,4,14,14.33,22.25,27,31.25,37.729999999999997,38,26.5,8.6168439698070429,9,exact_linear_order_statistics_disk_backed
observations,,pk_adme,CL free,10^4ul/min/mg,=,pk_adme,experimental_summary,exact_value,1,92,92,92,92,92,92,92,92,0,0,exact_linear_order_statistics_disk_backed
observations,,pk_adme,CL free,nmol/min/mg,=,pk_adme,experimental_summary,exact_value,2,0.0022000000000000001,0.0022409999999999999,0.003225,0.0042500000000000003,0.0052750000000000002,0.0062589999999999989,0.0063,0.0042500000000000003,0.0020499999999999997,0.0020500000000000002,exact_linear_order_statistics_disk_backed
observations,,pk_adme,CL free,ul/hr/10^6cells,=,pk_adme,experimental_summary,exact_value,4,3.6000000000000001,4.9320000000000004,36.899999999999999,51.5,66.25,98.649999999999991,100,51.649999999999999,34.172613303638336,29.350000000000001,exact_linear_order_statistics_disk_backed
observations,,pk_adme,CL free,ul/min,<,pk_adme,experimental_summary,upper_censor_bound,4,0.59999999999999998,0.624,1.2,1.7,4,9.759999999999998,10,3.5,3.7854986461495397,2.7999999999999998,exact_linear_order_statistics_disk_backed
observations,,pk_adme,CL free,ul/min,=,pk_adme,experimental_summary,exact_value,95,1.7,1.982,6.6500000000000004,15,55.5,488.68000000000018,562,71.674736842105261,122.88011441916707,48.850000000000001,exact_linear_order_statistics_disk_backed
observations,,pk_adme,CL(app),ul/min,=,pk_adme,experimental_summary,exact_value,7,2.8999999999999999,2.9299999999999997,4.0499999999999998,6.7999999999999998,7.6000000000000005,9.8040000000000003,9.9000000000000004,6.1285714285714281,2.3872963103622875,3.5500000000000007,exact_linear_order_statistics_disk_backed
observations,,pk_adme,CL-renal,l/hr,interval,pk_adme,experimental_summary,lower_censor_bound,1,2.1000000000000001,2.1000000000000001,2.1000000000000001,2.1000000000000001,2.1000000000000001,2.1000000000000001,2.1000000000000001,2.1000000000000001,0,0,exact_linear_order_statistics_disk_backed
observations,,pk_adme,CL-renal,l/hr,interval,pk_adme,experimental_summary,upper_censor_bound,1,2.7999999999999998,2.7999999999999998,2.7999999999999998,2.7999999999999998,2.7999999999999998,2.7999999999999998,2.7999999999999998,2.7999999999999998,0,0,exact_linear_order_statistics_disk_backed
observations,,pk_adme,CL-renal,ml/min,=,pk_adme,experimental_summary,exact_value,1,102,102,102,102,102,102,102,102,0,0,exact_linear_order_statistics_disk_backed
observations,,pk_adme,CL/F,l/hr,=,pk_adme,experimental_summary,exact_value,3,4.3700000000000001,4.4046000000000003,5.2349999999999994,6.0999999999999996,68.549999999999997,128.50200000000001,131,47.156666666666666,59.290396261864274,63.314999999999998,exact_linear_order_statistics_disk_backed
observations,,pk_adme,CL/F,l/min,=,pk_adme,experimental_summary,exact_value,6,1.96,1.9855,2.48,2.875,3.3975,4.8845000000000001,4.96,3.0983333333333332,0.97007588477511586,0.91749999999999998,exact_linear_order_statistics_disk_backed
observations,,pk_adme,CL/F,mL/min/kg,<,pk_adme,experimental_summary,upper_censor_bound,8,8,8,8,8,8.0425000000000004,15.637899999999998,16.199999999999999,9.0462500000000006,2.7044358815656881,0.042500000000000426,exact_linear_order_statistics_disk_backed
observations,,pk_adme,CL/F,mL/min/kg,=,pk_adme,experimental_summary,exact_value,52,0.76670000000000005,0.82616599999999996,13.3225,22.5,47.349999999999994,236.66900000000027,307.10000000000002,41.31443461538462,53.744555925897075,34.027499999999996,exact_linear_order_statistics_disk_backed
observations,,pk_adme,CL/F,mL/min/kg,>,pk_adme,experimental_summary,lower_censor_bound,1,300,300,300,300,300,300,300,300,0,0,exact_linear_order_statistics_disk_backed
observations,,pk_adme,CLH,%,<,pk_adme,experimental_summary,upper_censor_bound,83,5.5999999999999996,5.5999999999999996,23,23,24,30,30,23.014457831325302,3.088070030501564,1,exact_linear_order_statistics_disk_backed
observations,,pk_adme,CLH,%,=,pk_adme,experimental_summary,exact_value,310,0,0,23,36.5,65,97,443,43.84548387096774,35.383939708319623,42,exact_linear_order_statistics_disk_backed
observations,,pk_adme,CLH,%,>,pk_adme,experimental_summary,lower_censor_bound,9,22,22,70,70,70,86.560000000000002,88,61.333333333333336,21.746008573733448,0,exact_linear_order_statistics_disk_backed
observations,,pk_adme,CLH,%,interval,pk_adme,experimental_summary,lower_censor_bound,1,8,8,8,8,8,8,8,8,0,0,exact_linear_order_statistics_disk_backed
observations,,pk_adme,CLH,%,interval,pk_adme,experimental_summary,upper_censor_bound,1,9,9,9,9,9,9,9,9,0,0,exact_linear_order_statistics_disk_backed
observations,,pk_adme,CLH,/hr,<,pk_adme,experimental_summary,upper_censor_bound,1,0.050000000000000003,0.050000000000000003,0.050000000000000003,0.050000000000000003,0.050000000000000003,0.050000000000000003,0.050000000000000003,0.050000000000000003,0,0,exact_linear_order_statistics_disk_backed
observations,,pk_adme,CLH,/hr,=,pk_adme,experimental_summary,exact_value,11,0.0047999999999999996,0.0065199999999999998,0.061499999999999999,0.109,0.20000000000000001,0.28720000000000001,0.28799999999999998,0.13252727272727272,0.094716698066190999,0.13850000000000001,exact_linear_order_statistics_disk_backed
observations,,pk_adme,CLH,/min/ul,=,pk_adme,experimental_summary,exact_value,2,212,212,212,212,212,212,212,212,0,0,exact_linear_order_statistics_disk_backed
observations,,pk_adme,CLH,10'-6ul/min,<,pk_adme,experimental_summary,upper_censor_bound,2,3,3,3,3,3,3,3,3,0,0,exact_linear_order_statistics_disk_backed
observations,,pk_adme,CLH,10'-6ul/min,=,pk_adme,experimental_summary,exact_value,4,11,11.029999999999999,11.75,17,22.75,24.91,25,17.5,6.103277807866851,11,exact_linear_order_statistics_disk_backed
observations,,pk_adme,CLH,10^-4l/hr/kg,=,pk_adme,experimental_summary,exact_value,1,1,1,1,1,1,1,1,1,0,0,exact_linear_order_statistics_disk_backed
observations,,pk_adme,CLH,10^-6ul/min,<,pk_adme,experimental_summary,upper_censor_bound,14,1,1,1,2.8900000000000001,2.8900000000000001,217.8756999999998,250,19.730714285714289,63.871662335419103,1.8900000000000001,exact_linear_order_statistics_disk_backed
observations,,pk_adme,CLH,10^-6ul/min,=,pk_adme,experimental_summary,exact_value,19,2.6000000000000001,2.9401999999999999,8.879999999999999,12.4,43.75,176.44,184,34.966315789473683,48.051636722277742,34.870000000000005,exact_linear_order_statistics_disk_backed
observations,,pk_adme,CLH,10^-6ul/min,>,pk_adme,experimental_summary,lower_censor_bound,3,250,250,250,250,250,250,250,250,0,0,exact_linear_order_statistics_disk_backed
observations,,pk_adme,CLH,10^3ul/min,=,pk_adme,experimental_summary,exact_value,2,21,21.280000000000001,28,35,42,48.719999999999999,49,35,14,14,exact_linear_order_statistics_disk_backed
observations,,pk_adme,CLH,g/ml/min,=,pk_adme,experimental_summary,exact_value,8,15.6,15.991999999999999,22.024999999999999,41.299999999999997,57.375,67.460999999999999,68,40.799999999999997,18.661122688627284,35.350000000000001,exact_linear_order_statistics_disk_backed
observations,,pk_adme,CLH,l/hr,=,pk_adme,experimental_summary,exact_value,5,0.73999999999999999,0.79120000000000001,2.02,3.6000000000000001,13,66.567999999999998,68.799999999999997,17.631999999999998,25.944521117183875,10.98,exact_linear_order_statistics_disk_backed
observations,,pk_adme,CLH,l/hr/mg,=,pk_adme,experimental_summary,exact_value,2,0.34000000000000002,0.35500000000000004,0.71500000000000008,1.0900000000000001,1.4650000000000001,1.825,1.8400000000000001,1.0900000000000001,0.75,0.75,exact_linear_order_statistics_disk_backed
observations,,pk_adme,CLH,l/min,=,pk_adme,experimental_summary,exact_value,112,0.10000000000000001,0.22090000000000004,0.90000000000000002,2.3499999999999996,6.9000000000000004,86.590000000000018,150,7.2988392857142861,17.944321711573739,6,exact_linear_order_statistics_disk_backed
observations,,pk_adme,CLH,l/min,>,pk_adme,experimental_summary,lower_censor_bound,10,14,14,14,92,170,170,170,92,78,156,exact_linear_order_statistics_disk_backed
observations,,pk_adme,CLH,l/min/mg,<,pk_adme,experimental_summary,upper_censor_bound,7,14,14,14,14,14,16.82,17,14.428571428571429,1.0497813183356368,0,exact_linear_order_statistics_disk_backed
observations,,pk_adme,CLH,l/min/mg,=,pk_adme,experimental_summary,exact_value,13,22,22.239999999999998,26.800000000000001,77,141,297.87999999999994,304,106.42846153846153,91.75330652990985,114.2,exact_linear_order_statistics_disk_backed
observations,,pk_adme,CLH,mg/kg/min,=,pk_adme,experimental_summary,exact_value,1,35,35,35,35,35,35,35,35,0,0,exact_linear_order_statistics_disk_backed
observations,,pk_adme,CLH,mg/min/g,<,pk_adme,experimental_summary,upper_censor_bound,1,0.84999999999999998,0.84999999999999998,0.84999999999999998,0.84999999999999998,0.84999999999999998,0.84999999999999998,0.84999999999999998,0.84999999999999998,0,0,exact_linear_order_statistics_disk_backed
observations,,pk_adme,CLH,mg/min/g,=,pk_adme,experimental_summary,exact_value,4,1.8,1.8420000000000001,2.8500000000000001,3.7000000000000002,4.6500000000000004,5.9459999999999997,6,3.8000000000000003,1.5297058540778354,1.8000000000000003,exact_linear_order_statistics_disk_backed
observations,,pk_adme,CLH,mg/min/microl,<,pk_adme,experimental_summary,upper_censor_bound,1,5,5,5,5,5,5,5,5,0,0,exact_linear_order_statistics_disk_backed
observations,,pk_adme,CLH,mg/min/microl,=,pk_adme,experimental_summary,exact_value,14,14,14.390000000000001,108,260,334.5,453.69999999999999,455,237.57142857142858,147.81780014875176,226.5,exact_linear_order_statistics_disk_backed
observations,,pk_adme,CLH,mg/min/ml,=,pk_adme,experimental_summary,exact_value,16,0.079000000000000001,1.1171499999999999,12.5,17.5,23.25,31.949999999999996,33,17.1924375,8.2905357408971909,10.75,exact_linear_order_statistics_disk_backed
observations,,pk_adme,CLH,microg/min/ml,=,pk_adme,experimental_summary,exact_value,2,0.0070000000000000001,0.0070499999999999998,0.0082500000000000004,0.0094999999999999998,0.010749999999999999,0.011950000000000001,0.012,0.0094999999999999998,0.0025000000000000005,0.0024999999999999988,exact_linear_order_statistics_disk_backed
observations,,pk_adme,CLH,microl/min/g,<,pk_adme,experimental_summary,upper_censor_bound,4,0.59999999999999998,0.60599999999999998,0.75,0.95000000000000007,3.2250000000000001,9.3449999999999971,9.5999999999999996,3.0249999999999999,3.8002467025181401,2.4750000000000001,exact_linear_order_statistics_disk_backed
observations,,pk_adme,CLH,microl/min/g,<=,pk_adme,experimental_summary,upper_censor_bound,1,0.5,0.5,0.5,0.5,0.5,0.5,0.5,0.5,0,0,exact_linear_order_statistics_disk_backed
observations,,pk_adme,CLH,microl/min/g,=,pk_adme,experimental_summary,exact_value,21,1.5,3.4000000000000004,18,24,45,65.120000000000005,66,29.742857142857144,17.720705441955303,27,exact_linear_order_statistics_disk_backed
observations,,pk_adme,CLH,microl/ml/min,<,pk_adme,experimental_summary,upper_censor_bound,3,0.69999999999999996,0.69999999999999996,0.69999999999999996,0.69999999999999996,0.69999999999999996,0.69999999999999996,0.69999999999999996,0.69999999999999984,1.2904784139758924e-08,0,exact_linear_order_statistics_disk_backed
observations,,pk_adme,CLH,microl/ml/min,=,pk_adme,experimental_summary,exact_value,3,0.69999999999999996,0.9758,7.5950000000000006,14.49,44.195,72.711799999999997,73.900000000000006,29.696666666666669,31.759429395937762,36.600000000000001,exact_linear_order_statistics_disk_backed
observations,,pk_adme,CLH,microm/min,<,pk_adme,experimental_summary,upper_censor_bound,2,1.2,1.2,1.2,1.2,1.2,1.2,1.2,1.2,0,0,exact_linear_order_statistics_disk_backed
observations,,pk_adme,CLH,microm/min,=,pk_adme,experimental_summary,exact_value,25,1,1.1679999999999999,2.6000000000000001,9,23,53.279999999999994,54,16.172000000000001,15.432965236791015,20.399999999999999,exact_linear_order_statistics_disk_backed
observations,,pk_adme,CLH,microm/min/mg,<,pk_adme,experimental_summary,upper_censor_bound,8,1,1,1,4.5,8,9.8599999999999994,10,4.75,3.799671038392666,7,exact_linear_order_statistics_disk_backed
observations,,pk_adme,CLH,microm/min/mg,=,pk_adme,experimental_summary,exact_value,22,6.7999999999999998,7.6819999999999995,14.75,48.5,172.75,535.1099999999999,558,131.17272727272729,156.7785038077553,158,exact_linear_order_statistics_disk_backed
observations,,pk_adme,CLH,micromol/min,<,pk_adme,experimental_summary,upper_censor_bound,3,10,10,10,10,10,10,10,10,0,0,exact_linear_order_statistics_disk_backed
observations,,pk_adme,CLH,micromol/min,=,pk_adme,experimental_summary,exact_value,4,4.0999999999999996,4.5409999999999995,15.125,95.899999999999991,186.75,226.34999999999999,228,105.97499999999999,96.644254226518825,171.625,exact_linear_order_statistics_disk_backed
observations,,pk_adme,CLH,min/ml,=,pk_adme,experimental_summary,exact_value,4,6.5999999999999996,6.6059999999999999,6.75,11.399999999999999,19,27.639999999999997,28,14.35,8.7479997713763122,12.25,exact_linear_order_statistics_disk_backed
observations,,pk_adme,CLH,min/ml/kg,<,pk_adme,experimental_summary,upper_censor_bound,14,6,6,6,6,6,8.4359999999999982,8.8000000000000007,6.2000000000000002,0.72111025509279514,0,exact_linear_order_statistics_disk_backed
observations,,pk_adme,CLH,min/ml/kg,=,pk_adme,experimental_summary,exact_value,23,6,6,6,6,6,16.920000000000016,20,6.6086956521739131,2.8550356798925232,0,exact_linear_order_statistics_disk_backed
observations,,pk_adme,CLH,min/ml/kg,>,pk_adme,experimental_summary,lower_censor_bound,11,15,15,15,15,15,15,15,15,0,0,exact_linear_order_statistics_disk_backed
observations,,pk_adme,CLH,ml.min/g,=,pk_adme,experimental_summary,exact_value,26,0,0,8.25,15.5,37.5,176.5,204,30.853846153846156,42.073362948812225,29.25,exact_linear_order_statistics_disk_backed
observations,,pk_adme,CLH,ml.min/kg,=,pk_adme,experimental_summary,exact_value,3,14,14.4,24,34,58.5,82.019999999999996,83,43.666666666666664,28.986586936412891,34.5,exact_linear_order_statistics_disk_backed
observations,,pk_adme,CLH,ml/(min.mg),=,pk_adme,experimental_summary,exact_value,11,0.019,0.024299999999999999,0.36650000000000005,0.88700000000000001,23.649999999999999,237.78000000000003,248,40.431363636363635,77.511276595758204,23.2835,exact_linear_order_statistics_disk_backed
observations,,pk_adme,CLH,ml/hr,=,pk_adme,experimental_summary,exact_value,37,0.002,0.0027200000000000002,0.042999999999999997,0.112,0.17100000000000001,0.5280800000000001,0.57199999999999995,0.13758918918918919,0.13076853862430815,0.128,exact_linear_order_statistics_disk_backed
observations,,pk_adme,CLH,ml/kg,=,pk_adme,experimental_summary,exact_value,9,4.4500000000000002,4.4843999999999999,4.9000000000000004,5.7000000000000002,11.4,37.347199999999994,39.399999999999999,10.823333333333332,10.558741507500894,6.5,exact_linear_order_statistics_disk_backed
observations,,pk_adme,CLH,ml/mg,=,pk_adme,experimental_summary,exact_value,1,2.7000000000000002,2.7000000000000002,2.7000000000000002,2.7000000000000002,2.7000000000000002,2.7000000000000002,2.7000000000000002,2.7000000000000002,0,0,exact_linear_order_statistics_disk_backed
observations,,pk_adme,CLH,ml/mg/kg,<,pk_adme,experimental_summary,upper_censor_bound,6,6,6.0499999999999998,7,7,20.5,25.949999999999999,26,13,8.8506120315678363,13.5,exact_linear_order_statistics_disk_backed
observations,,pk_adme,CLH,ml/mg/kg,=,pk_adme,experimental_summary,exact_value,14,0.71999999999999997,2.1863999999999999,28,63.734999999999999,145.25,327.40999999999997,333,106.47071428571428,107.57765211791936,117.25,exact_linear_order_statistics_disk_backed
observations,,pk_adme,CLH,ml/mg/kg,>,pk_adme,experimental_summary,lower_censor_bound,2,1120,1120,1120,1120,1120,1120,1120,1120,0,0,exact_linear_order_statistics_disk_backed
observations,,pk_adme,CLH,ml/min,<,pk_adme,experimental_summary,upper_censor_bound,152,0.01,0.01,0.45000000000000001,0.65000000000000002,1.26,12,12,1.9018552631578947,3.1138096619141953,0.81000000000000005,exact_linear_order_statistics_disk_backed
observations,,pk_adme,CLH,ml/min,<=,pk_adme,experimental_summary,upper_censor_bound,1,0.69999999999999996,0.69999999999999996,0.69999999999999996,0.69999999999999996,0.69999999999999996,0.69999999999999996,0.69999999999999996,0.69999999999999996,0,0,exact_linear_order_statistics_disk_backed
observations,,pk_adme,CLH,ml/min,=,pk_adme,experimental_summary,exact_value,1111,0,0.01,1.2949999999999999,5,25.73,1468.2600000000007,2359,64.554336984698466,230.11791795826181,24.435000000000002,exact_linear_order_statistics_disk_backed
observations,,pk_adme,CLH,ml/min,>,pk_adme,experimental_summary,lower_censor_bound,8,0.34999999999999998,0.34999999999999998,0.34999999999999998,0.34999999999999998,137.5,400,400,106.46875,170.22626658638055,137.15000000000001,exact_linear_order_statistics_disk_backed
observations,,pk_adme,CLH,ml/min,interval,pk_adme,experimental_summary,lower_censor_bound,1,1.23,1.23,1.23,1.23,1.23,1.23,1.23,1.23,0,0,exact_linear_order_statistics_disk_backed
observations,,pk_adme,CLH,ml/min,interval,pk_adme,experimental_summary,upper_censor_bound,1,1.25,1.25,1.25,1.25,1.25,1.25,1.25,1.25,0,0,exact_linear_order_statistics_disk_backed
observations,,pk_adme,CLH,ml/min.g,<,pk_adme,experimental_summary,upper_censor_bound,23,0.29999999999999999,0.29999999999999999,0.40000000000000002,0.5,0.90000000000000002,1.7,1.7,0.68695652173913047,0.38903933837761556,0.5,exact_linear_order_statistics_disk_backed
observations,,pk_adme,CLH,ml/min.g,=,pk_adme,experimental_summary,exact_value,342,0,0.054100000000000002,1.125,3.3999999999999999,14.092499999999999,365.64999999999912,3039,39.096842105263157,208.90046595446506,12.967499999999999,exact_linear_order_statistics_disk_backed
observations,,pk_adme,CLH,ml/min.g,>,pk_adme,experimental_summary,lower_censor_bound,9,30,30,30,30,30,44.811999999999998,46.100000000000001,31.788888888888891,5.0597418564903842,0,exact_linear_order_statistics_disk_backed
observations,,pk_adme,CLH,ml/min.g,interval,pk_adme,experimental_summary,lower_censor_bound,1,131,131,131,131,131,131,131,131,0,0,exact_linear_order_statistics_disk_backed
observations,,pk_adme,CLH,ml/min.g,interval,pk_adme,experimental_summary,upper_censor_bound,1,131.5,131.5,131.5,131.5,131.5,131.5,131.5,131.5,0,0,exact_linear_order_statistics_disk_backed
observations,,pk_adme,CLH,ml/min/10^6cells,=,pk_adme,experimental_summary,exact_value,1,0.035000000000000003,0.035000000000000003,0.035000000000000003,0.035000000000000003,0.035000000000000003,0.035000000000000003,0.035000000000000003,0.035000000000000003,0,0,exact_linear_order_statistics_disk_backed
observations,,pk_adme,CLH,ng/mL,=,pk_adme,experimental_summary,exact_value,10,5.2699999999999996,5.3392999999999997,10.102499999999999,16.314999999999998,24.210000000000001,57.4754,58.909999999999997,21.164999999999999,16.388239228178236,14.107500000000002,exact_linear_order_statistics_disk_backed
observations,,pk_adme,CLH,nmol/min,=,pk_adme,experimental_summary,exact_value,11,0.01,0.010999999999999999,0.025000000000000001,0.217,0.38300000000000001,1.1006,1.1519999999999999,0.28690909090909089,0.33577277342259426,0.35799999999999998,exact_linear_order_statistics_disk_backed
observations,,pk_adme,CLH,nmol/min/mg,=,pk_adme,experimental_summary,exact_value,51,0,0.0050000000000000001,0.10000000000000001,0.17999999999999999,0.28000000000000003,1.02,1.2,0.22741176470588237,0.21341675848622607,0.18000000000000002,exact_linear_order_statistics_disk_backed
observations,,pk_adme,CLH,ug/(min.mg),=,pk_adme,experimental_summary,exact_value,10,12,13.44,64.25,105.5,114,169.04000000000002,173,91.400000000000006,45.935171709704093,49.75,exact_linear_order_statistics_disk_backed
observations,,pk_adme,CLH,ug/min,<,pk_adme,experimental_summary,upper_censor_bound,36,0.02,0.02,0.02,0.02,0.02,7.5499999999999901,10,0.71111111111111114,1.8768143485079798,0,exact_linear_order_statistics_disk_backed
observations,,pk_adme,CLH,ug/min,=,pk_adme,experimental_summary,exact_value,96,3,6.5150000000000006,29.75,53.5,131.75,300,300,90.295833333333334,82.944419036518397,102,exact_linear_order_statistics_disk_backed
observations,,pk_adme,CLH,ug/min,>,pk_adme,experimental_summary,lower_censor_bound,3,300,300,300,300,300,300,300,300,0,0,exact_linear_order_statistics_disk_backed
observations,,pk_adme,CLH,ug/min/mg,=,pk_adme,experimental_summary,exact_value,20,11.1,11.176,30.75,81.200000000000003,184,282.96999999999997,290,108.78,87.041413131910943,153.25,exact_linear_order_statistics_disk_backed
observations,,pk_adme,CLH,ug/ml/hr,<,pk_adme,experimental_summary,upper_censor_bound,1,1,1,1,1,1,1,1,1,0,0,exact_linear_order_statistics_disk_backed
observations,,pk_adme,CLH,ug/ml/hr,=,pk_adme,experimental_summary,exact_value,1,2,2,2,2,2,2,2,2,0,0,exact_linear_order_statistics_disk_backed
observations,,pk_adme,CLH,ug/ml/min,=,pk_adme,experimental_summary,exact_value,17,3.6000000000000001,4.9120000000000008,14.699999999999999,22.300000000000001,36.399999999999999,213.512,243,38.95882352941176,53.162183140489788,21.699999999999999,exact_linear_order_statistics_disk_backed
observations,,pk_adme,CLH,ugml-1,=,pk_adme,experimental_summary,exact_value,4,45.299999999999997,45.398999999999994,47.774999999999999,51.25,59.074999999999996,73.978999999999985,74.599999999999994,55.599999999999994,11.390566272139429,11.299999999999997,exact_linear_order_statistics_disk_backed
observations,,pk_adme,CLH,ul,=,pk_adme,experimental_summary,exact_value,4,4.2000000000000002,4.2270000000000003,4.875,31.549999999999997,58.075000000000003,58.290999999999997,58.299999999999997,31.399999999999999,26.752102721094655,53.200000000000003,exact_linear_order_statistics_disk_backed
observations,,pk_adme,CLH,ul/hr,=,pk_adme,experimental_summary,exact_value,1,0.25,0.25,0.25,0.25,0.25,0.25,0.25,0.25,0,0,exact_linear_order_statistics_disk_backed
observations,,pk_adme,CLH,ul/mg/min,<,pk_adme,experimental_summary,upper_censor_bound,8,1,1.742,11.6,11.6,11.6,11.6,11.6,10.275,3.5056204871605834,0,exact_linear_order_statistics_disk_backed
observations,,pk_adme,CLH,ul/mg/min,=,pk_adme,experimental_summary,exact_value,59,1.8999999999999999,1.958,13.25,40,80.5,333.50000000000011,377,58.645254237288135,68.096042602751169,67.25,exact_linear_order_statistics_disk_backed
observations,,pk_adme,CLH,ul/mg/min,>,pk_adme,experimental_summary,lower_censor_bound,3,92,94.159999999999997,146,200,200,200,200,164,50.911688245431421,54,exact_linear_order_statistics_disk_backed
observations,,pk_adme,CLH,ul/min,<,pk_adme,experimental_summary,upper_censor_bound,1098,0.050000000000000003,0.10000000000000001,1.5,3,7,22.100000000000001,37.899999999999999,4.6308925318761389,4.4044356807707192,5.5,exact_linear_order_statistics_disk_backed
observations,,pk_adme,CLH,ul/min,<=,pk_adme,experimental_summary,upper_censor_bound,5,1,1,1,1.2,1.8,9.6719999999999988,10,3,3.5122642269624307,0.80000000000000004,exact_linear_order_statistics_disk_backed
observations,,pk_adme,CLH,ul/min,=,pk_adme,experimental_summary,exact_value,7763,-25,0.40000000000000002,7.9000000000000004,21,61,681.45600000000013,71850,75.006429215509471,831.98954594106726,53.100000000000001,exact_linear_order_statistics_disk_backed
observations,,pk_adme,CLH,ul/min,>,pk_adme,experimental_summary,lower_censor_bound,192,1.8999999999999999,12.920000000000002,100,300,866,1600,1600,470.76270833333336,406.0762323404702,766,exact_linear_order_statistics_disk_backed
observations,,pk_adme,CLH,ul/min,interval,pk_adme,experimental_summary,lower_censor_bound,18,1.7,1.7509999999999999,3.3499999999999996,4,6.75,99.349999999999923,107,13.699999999999999,26.278360341205126,3.4000000000000004,exact_linear_order_statistics_disk_backed
observations,,pk_adme,CLH,ul/min,interval,pk_adme,experimental_summary,upper_censor_bound,18,2,2.0339999999999998,4.1749999999999998,5.7000000000000002,7.75,150.97999999999982,169,18.311111111111114,38.92857974531892,3.5750000000000002,exact_linear_order_statistics_disk_backed
observations,,pk_adme,CLH,ul/min/pmol,<,pk_adme,experimental_summary,upper_censor_bound,1,0.02,0.02,0.02,0.02,0.02,0.02,0.02,0.02,0,0,exact_linear_order_statistics_disk_backed
observations,,pk_adme,CLH,ul/min/pmol,=,pk_adme,experimental_summary,exact_value,2,0.040000000000000001,0.095599999999999991,1.4299999999999999,2.8199999999999998,4.21,5.5443999999999996,5.5999999999999996,2.8199999999999998,2.7799999999999998,2.7800000000000002,exact_linear_order_statistics_disk_backed
observations,,pk_adme,CLH,ul/ml,<,pk_adme,experimental_summary,upper_censor_bound,21,1,1,3.5,3.5,3.5,3.9000000000000004,4,3.2619047619047619,0.74990551181064868,0,exact_linear_order_statistics_disk_backed
observations,,pk_adme,CLH,ul/ml,=,pk_adme,experimental_summary,exact_value,7,1.8999999999999999,2.0859999999999999,5,5,12.5,20.519999999999996,21,8.9857142857142858,6.1807139142493819,7.5,exact_linear_order_statistics_disk_backed
observations,,pk_adme,CLH,ul/ml.millig,=,pk_adme,experimental_summary,exact_value,18,7,7,16.5,52,113,722.31999999999982,740,146.94444444444446,220.39395843257648,96.5,exact_linear_order_statistics_disk_backed
observations,,pk_adme,CLH,ul/ml.millig,>,pk_adme,experimental_summary,lower_censor_bound,2,399,399,399,399,399,399,399,399,0,0,exact_linear_order_statistics_disk_backed
observations,,pk_adme,CLH,um/min.mg,=,pk_adme,experimental_summary,exact_value,6,7.7000000000000002,7.7949999999999999,10.449999999999999,33,67.25,89.099999999999994,90,40.883333333333333,32.620975699012376,56.799999999999997,exact_linear_order_statistics_disk_backed
observations,,pk_adme,CLH,um/ml,=,pk_adme,experimental_summary,exact_value,29,4,4.5600000000000005,14,17,32,73.639999999999986,77,24.068965517241381,17.296463729633725,18,exact_linear_order_statistics_disk_backed
observations,,pk_adme,CLH,umol/min/g,=,pk_adme,experimental_summary,exact_value,1,79.040000000000006,79.040000000000006,79.040000000000006,79.040000000000006,79.040000000000006,79.040000000000006,79.040000000000006,79.040000000000006,0,0,exact_linear_order_statistics_disk_backed
observations,,pk_adme,CLH,umol/min/kg,<,pk_adme,experimental_summary,upper_censor_bound,1,9.5999999999999996,9.5999999999999996,9.5999999999999996,9.5999999999999996,9.5999999999999996,9.5999999999999996,9.5999999999999996,9.5999999999999996,0,0,exact_linear_order_statistics_disk_backed
observations,,pk_adme,CLH,umol/min/mg,=,pk_adme,experimental_summary,exact_value,34,3,3,14.025,26.5,44.25,647.5400000000011,866,60.20882352941176,145.97323761092619,30.225000000000001,exact_linear_order_statistics_disk_backed
observations,,pk_adme,CLH,umol/min/ml,=,pk_adme,experimental_summary,exact_value,6,13,13.25,22.75,88,154.75,172.34999999999999,173,90,68.449494763170705,132,exact_linear_order_statistics_disk_backed
observations,,pk_adme,CLH(app),ul/min,<,pk_adme,experimental_summary,upper_censor_bound,23,1.8,1.8,2.1000000000000001,3,6,21.30400000000002,25,5.0434782608695654,4.8326629698295944,3.8999999999999999,exact_linear_order_statistics_disk_backed
observations,,pk_adme,CLH(app),ul/min,=,pk_adme,experimental_summary,exact_value,76,0.98999999999999999,1.9724999999999999,11.949999999999999,26.5,45.875,142.75,148,33.047236842105264,29.597961905237764,33.924999999999997,exact_linear_order_statistics_disk_backed
observations,,pk_adme,CLH(app),ul/min,>,pk_adme,experimental_summary,lower_censor_bound,12,34.399999999999999,40.780000000000001,92.400000000000006,92.400000000000006,111.80000000000001,184.756,184.80000000000001,109.39999999999999,43.703089135666382,19.400000000000006,exact_linear_order_statistics_disk_backed
observations,,pk_adme,CLH(app),ul/min/ml,=,pk_adme,experimental_summary,exact_value,18,13,14.19,23.75,43,97.75,839.63999999999987,858,150.83333333333334,244.0717676786436,74,exact_linear_order_statistics_disk_backed
observations,,pk_adme,CL_renal,l/h,=,pk_adme,experimental_summary,exact_value,1,11.5,11.5,11.5,11.5,11.5,11.5,11.5,11.5,0,0,exact_linear_order_statistics_disk_backed
observations,,pk_adme,CL_renal,l/hr,=,pk_adme,experimental_summary,exact_value,63,0.0044000000000000003,0.0047720000000000002,0.434,2.6000000000000001,4.9500000000000002,29.108000000000004,30.100000000000001,4.6265809523809525,6.8657463576029931,4.516,exact_linear_order_statistics_disk_backed
observations,,pk_adme,CL_renal,l/hr,interval,pk_adme,experimental_summary,lower_censor_bound,1,1,1,1,1,1,1,1,1,0,0,exact_linear_order_statistics_disk_backed
observations,,pk_adme,CL_renal,l/hr,interval,pk_adme,experimental_summary,upper_censor_bound,1,4,4,4,4,4,4,4,4,0,0,exact_linear_order_statistics_disk_backed
observations,,pk_adme,CL_renal,mL/min/kg,=,pk_adme,experimental_summary,exact_value,747,0,0,0.10000000000000001,0.59999999999999998,2,10.907999999999992,59,1.5387775903614458,3.0224868020246065,1.8999999999999999,exact_linear_order_statistics_disk_backed
observations,,pk_adme,CL_renal,ml/hr,=,pk_adme,experimental_summary,exact_value,15,24.98,29.4908,6838.5,6920,7804.5,11621.619999999999,11869,6715.2786666666661,2986.4121760129201,966,exact_linear_order_statistics_disk_backed
observations,,pk_adme,CL_renal,ml/min,<=,pk_adme,experimental_summary,upper_censor_bound,4,1,1,1,1,1,1,1,1,0,0,exact_linear_order_statistics_disk_backed
observations,,pk_adme,CL_renal,ml/min,=,pk_adme,experimental_summary,exact_value,56,0.27000000000000002,0.29200000000000004,41.25,94.700000000000003,120.42500000000001,542.95000000000073,692,104.13178571428571,109.08000147511562,79.175000000000011,exact_linear_order_statistics_disk_backed
observations,,pk_adme,CL_renal,ml/min/1.73m2,=,pk_adme,experimental_summary,exact_value,1,10,10,10,10,10,10,10,10,0,0,exact_linear_order_statistics_disk_backed
observations,,pk_adme,CL_renal,mlmin-1,=,pk_adme,experimental_summary,exact_value,7,0.029999999999999999,0.030599999999999999,0.044999999999999998,0.059999999999999998,0.85499999999999998,1.327,1.3300000000000001,0.46000000000000002,0.55027265968790418,0.80999999999999994,exact_linear_order_statistics_disk_backed
observations,,pk_adme,CL_renal,mls-1,<,pk_adme,experimental_summary,upper_censor_bound,1,5,5,5,5,5,5,5,5,0,0,exact_linear_order_statistics_disk_backed
observations,,pk_adme,CL_renal,mls-1,=,pk_adme,experimental_summary,exact_value,5,0.02,0.035200000000000002,0.40000000000000002,0.59999999999999998,1.1000000000000001,4.6519999999999992,4.7999999999999998,1.3839999999999999,1.7431649376923573,0.70000000000000007,exact_linear_order_statistics_disk_backed
observations,,pk_adme,CL_renal,mls-1,>,pk_adme,experimental_summary,lower_censor_bound,1,7,7,7,7,7,7,7,7,0,0,exact_linear_order_statistics_disk_backed
observations,,pk_adme,CLb,%,=,pk_adme,experimental_summary,exact_value,7,6,6.4800000000000004,20.5,32,49,54.82,55,33.142857142857146,17.488188433736564,28.5,exact_linear_order_statistics_disk_backed
observations,,pk_adme,CLd/F,l/hr,=,pk_adme,experimental_summary,exact_value,3,15.4,15.418000000000001,15.850000000000001,16.300000000000001,17.800000000000001,19.240000000000002,19.300000000000001,17,1.6673332000533156,1.9499999999999993,exact_linear_order_statistics_disk_backed
observations,,pk_adme,CLint,ul/(min.pmol),=,pk_adme,experimental_summary,exact_value,2,0.0080400000000000003,0.016779599999999999,0.22652999999999998,0.44501999999999997,0.66351000000000004,0.87326040000000005,0.88200000000000001,0.44502000000000003,0.43697999999999998,0.43698000000000004,exact_linear_order_statistics_disk_backed
observations,,pk_adme,CLint,ul/min/1e6cells,<,pk_adme,experimental_summary,upper_censor_bound,12,3,3,3,3,3,3,3,3,0,0,exact_linear_order_statistics_disk_backed
observations,,pk_adme,CLint,ul/min/1e6cells,=,pk_adme,experimental_summary,exact_value,27,3.0099999999999998,3.218,6.4000000000000004,58.100000000000001,131.30000000000001,495.49999999999955,567,90.594814814814811,122.23569862179501,124.90000000000001,exact_linear_order_statistics_disk_backed
observations,,pk_adme,CLint,ulmin-1mg-1,<,pk_adme,experimental_summary,upper_censor_bound,3,7,7,7,7,7,7,7,7,0,0,exact_linear_order_statistics_disk_backed
observations,,pk_adme,CLint,ulmin-1mg-1,=,pk_adme,experimental_summary,exact_value,4,14,14.029999999999999,14.75,22,36.75,59.069999999999993,60,29.5,18.580904176062045,22,exact_linear_order_statistics_disk_backed
observations,,pk_adme,CLt/F,ul/min,<,pk_adme,experimental_summary,upper_censor_bound,1,3.7999999999999998,3.7999999999999998,3.7999999999999998,3.7999999999999998,3.7999999999999998,3.7999999999999998,3.7999999999999998,3.7999999999999998,0,0,exact_linear_order_statistics_disk_backed
observations,,pk_adme,CLt/F,ul/min,=,pk_adme,experimental_summary,exact_value,1,15,15,15,15,15,15,15,15,0,0,exact_linear_order_statistics_disk_backed
observations,,pk_adme,CRC/CRC0,uM,=,pk_adme,experimental_summary,exact_value,128,0.62219999999999998,0.982626,1.04,1.1749999999999998,1.8109999999999999,18.832500000000035,22.670000000000002,2.1036984374999999,2.9889993771950771,0.77099999999999991,exact_linear_order_statistics_disk_backed
observations,,pk_adme,Caco-2 A-B,cms-1,=,pk_adme,experimental_summary,exact_value,3,18.399999999999999,18.581999999999997,22.949999999999999,27.5,37.200000000000003,46.512,46.899999999999999,30.933333333333334,11.885658958967685,14.250000000000004,exact_linear_order_statistics_disk_backed
observations,,pk_adme,Caco-2 Papp,cms-1,=,pk_adme,experimental_summary,exact_value,34,9.9999999999999995e-08,9.9999999999999995e-08,1.2499999999999999e-07,6.2499999999999995e-07,1.5999999999999999e-06,2.0680000000000005e-05,2.1999999999999999e-05,2.1505882352941178e-06,4.6904232476626815e-06,1.4749999999999999e-06,exact_linear_order_statistics_disk_backed
observations,,pk_adme,Carboxylase activity,dpm,=,pk_adme,experimental_summary,exact_value,4,5770,5770.8999999999996,5792.5,9000,12300,12588,12600,9092.5,3310.5390422104979,6507.5,exact_linear_order_statistics_disk_backed
observations,,pk_adme,Cell Viability,%,=,pk_adme,experimental_summary,exact_value,189,0.68259999999999998,0.85386399999999996,79.670000000000002,99.379999999999995,114.68000000000001,158.4924,163.86000000000001,94.438738624338626,33.268837778737897,35.010000000000005,exact_linear_order_statistics_disk_backed
observations,,pk_adme,Clerance,lhr-1kg-1,=,pk_adme,experimental_summary,exact_value,1,14,14,14,14,14,14,14,14,0,0,exact_linear_order_statistics_disk_backed
observations,,pk_adme,Cmax,%,=,other_bioactivity,experimental_summary,exact_value,7,5.5199999999999996,5.9261999999999997,21.145,31,84,200.15999999999994,207,64.829999999999998,65.186558868702818,62.855000000000004,exact_linear_order_statistics_disk_backed
observations,,pk_adme,Cmax,%id,=,other_bioactivity,experimental_summary,exact_value,5,0.14999999999999999,0.16719999999999999,0.57999999999999996,0.68000000000000005,3.2000000000000002,3.488,3.5,1.6219999999999999,1.4252634844126195,2.6200000000000001,exact_linear_order_statistics_disk_backed
observations,,pk_adme,Cmax,h,<,other_bioactivity,experimental_summary,upper_censor_bound,1,0.10000000000000001,0.10000000000000001,0.10000000000000001,0.10000000000000001,0.10000000000000001,0.10000000000000001,0.10000000000000001,0.10000000000000001,0,0,exact_linear_order_statistics_disk_backed
observations,,pk_adme,Cmax,h,=,other_bioactivity,experimental_summary,exact_value,12,0.10000000000000001,0.155,1,2.1499999999999999,34.924999999999997,1566.5705000000009,1749,160.38750000000002,479.69561274355704,33.924999999999997,exact_linear_order_statistics_disk_backed
observations,,pk_adme,Cmax,hr.fmol,=,other_bioactivity,experimental_summary,exact_value,14,1.99,1.99,53.125,78.75,108.075,195.66,198,82.984285714285718,54.218879647260152,54.950000000000003,exact_linear_order_statistics_disk_backed
observations,,pk_adme,Cmax,hr.ng/ml,=,other_bioactivity,experimental_summary,exact_value,1,136.33000000000001,136.33000000000001,136.33000000000001,136.33000000000001,136.33000000000001,136.33000000000001,136.33000000000001,136.33000000000001,0,0,exact_linear_order_statistics_disk_backed
observations,,pk_adme,Cmax,kg/l,=,other_bioactivity,experimental_summary,exact_value,2,0.089999999999999997,0.091399999999999995,0.125,0.16,0.19500000000000001,0.2286,0.23000000000000001,0.16,0.069999999999999993,0.070000000000000007,exact_linear_order_statistics_disk_backed
observations,,pk_adme,Cmax,l/hr,=,other_bioactivity,experimental_summary,exact_value,2,1436,1448.8399999999999,1757,2078,2399,2707.1599999999999,2720,2078,642,642,exact_linear_order_statistics_disk_backed
observations,,pk_adme,Cmax,mg,=,other_bioactivity,experimental_summary,exact_value,2,2.5,14.475,301.875,601.25,900.625,1188.0250000000001,1200,601.25,598.75,598.75,exact_linear_order_statistics_disk_backed
observations,,pk_adme,Cmax,mgkg-1,=,other_bioactivity,experimental_summary,exact_value,20,0.051999999999999998,0.09912,5.4000000000000004,18.100000000000001,117.25,6868.4799999999914,8200,523.28909999999996,1780.4551896078121,111.84999999999999,exact_linear_order_statistics_disk_backed
observations,,pk_adme,Cmax,microg.hr/ml,=,other_bioactivity,experimental_summary,exact_value,3,0.070000000000000007,15.848599999999999,394.53499999999997,789,2122,3401.6799999999998,3455,1414.6899999999998,1478.231219690163,1727.4650000000001,exact_linear_order_statistics_disk_backed
observations,,pk_adme,Cmax,microm.hr,=,other_bioactivity,experimental_summary,exact_value,2,1.3,1.319,1.7750000000000001,2.25,2.7250000000000001,3.181,3.2000000000000002,2.25,0.9500000000000004,0.94999999999999996,exact_linear_order_statistics_disk_backed
observations,,pk_adme,Cmax,min,=,other_bioactivity,experimental_summary,exact_value,16,0.14000000000000001,0.155,51.75,445.5,915.75,2441.0499999999997,2566,641.64874999999995,730.76972190180243,864,exact_linear_order_statistics_disk_backed
observations,,pk_adme,Cmax,nM,<,other_bioactivity,experimental_summary,upper_censor_bound,241,0.01899,0.90286,12.1,100,208.22,8352.9959999999774,10000,431.01429041493776,1259.4008104502282,196.12,exact_linear_order_statistics_disk_backed
observations,,pk_adme,Cmax,nM,<,pk_adme,experimental_summary,upper_censor_bound,3,42,49.159999999999997,221,400,437.78499999999997,474.05860000000001,475.56999999999999,305.85666666666663,189.10836687524497,216.78499999999997,exact_linear_order_statistics_disk_backed
observations,,pk_adme,Cmax,nM,<=,other_bioactivity,experimental_summary,upper_censor_bound,29,16200,16200,16200,16200,16200,44135.999999999956,55000,17537.931034482757,7079.6655771935284,0,exact_linear_order_statistics_disk_backed
observations,,pk_adme,Cmax,nM,=,other_bioactivity,experimental_summary,exact_value,26070,0,1.1092199999999999,403.6275,1855.0250000000001,7675.1774999999998,1609513.7225000008,4303328531068.1602,352329576.77185422,32448889941.402927,7271.5500000000002,exact_linear_order_statistics_disk_backed
observations,,pk_adme,Cmax,nM,=,pk_adme,experimental_summary,exact_value,519,0.050000000000000003,0.086013999999999993,601.745,4086.6799999999998,21769.580000000002,6623501.1462001596,3954489627.9000001,8143807.8083238341,173544817.79929221,21167.835000000003,exact_linear_order_statistics_disk_backed
observations,,pk_adme,Cmax,nM,>,other_bioactivity,experimental_summary,lower_censor_bound,43,8,14.719999999999999,4000,9603.6100000000006,11141.385,162823383.40099952,280005833.44999999,6568791.7316279067,42192767.84375418,7141.3850000000002,exact_linear_order_statistics_disk_backed
observations,,pk_adme,Cmax,nM,>,pk_adme,experimental_summary,lower_censor_bound,3,0.20000000000000001,0.20000000000000001,0.20000000000000001,0.20000000000000001,0.20000000000000001,0.20000000000000001,0.20000000000000001,0.20000000000000004,0,0,exact_linear_order_statistics_disk_backed
observations,,pk_adme,Cmax,nM,>=,other_bioactivity,experimental_summary,lower_censor_bound,1,192889.01999999999,192889.01999999999,192889.01999999999,192889.01999999999,192889.01999999999,192889.01999999999,192889.01999999999,192889.01999999999,0,0,exact_linear_order_statistics_disk_backed
observations,,pk_adme,Cmax,nM,interval,other_bioactivity,experimental_summary,lower_censor_bound,23,0.034000000000000002,1.3799600000000001,134.965,291.39999999999998,958.375,6383.0400000000018,6684,1092.9772173913043,1710.3158007961943,823.40999999999997,exact_linear_order_statistics_disk_backed
observations,,pk_adme,Cmax,nM,interval,other_bioactivity,experimental_summary,upper_censor_bound,23,9,11.42,233.5,901,1832.5,28669.480000000032,34800,2808.217391304348,7049.017431785127,1599,exact_linear_order_statistics_disk_backed
observations,,pk_adme,Cmax,nM,interval,pk_adme,experimental_summary,lower_censor_bound,1,25.91,25.91,25.91,25.91,25.91,25.91,25.91,25.91,0,0,exact_linear_order_statistics_disk_backed
observations,,pk_adme,Cmax,nM,interval,pk_adme,experimental_summary,upper_censor_bound,1,37,37,37,37,37,37,37,37,0,0,exact_linear_order_statistics_disk_backed
observations,,pk_adme,Cmax,ng,=,other_bioactivity,experimental_summary,exact_value,2,469.5,493.61799999999999,1072.45,1675.4000000000001,2278.3500000000004,2857.1820000000002,2881.3000000000002,1675.4000000000001,1205.9000000000003,1205.9000000000003,exact_linear_order_statistics_disk_backed
observations,,pk_adme,Cmax,ng.hr,=,other_bioactivity,experimental_summary,exact_value,1,4075,4075,4075,4075,4075,4075,4075,4075,0,0,exact_linear_order_statistics_disk_backed
observations,,pk_adme,Cmax,ng.hr/g,=,other_bioactivity,experimental_summary,exact_value,2,2829,2849.3099999999999,3336.75,3844.5,4352.25,4839.6900000000005,4860,3844.5,1015.5,1015.5,exact_linear_order_statistics_disk_backed
observations,,pk_adme,Cmax,ng.hr/ml,=,other_bioactivity,experimental_summary,exact_value,15,0.16,0.1628,0.70500000000000007,391,2957,12422.159999999998,12976,2564.739333333333,3832.3062518462116,2956.2950000000001,exact_linear_order_statistics_disk_backed
observations,,pk_adme,Cmax,ng/10^6cells,=,other_bioactivity,experimental_summary,exact_value,1,8,8,8,8,8,8,8,8,0,0,exact_linear_order_statistics_disk_backed
observations,,pk_adme,Cmax,ng/10^6cellsin4h,=,other_bioactivity,experimental_summary,exact_value,1,15,15,15,15,15,15,15,15,0,0,exact_linear_order_statistics_disk_backed
observations,,pk_adme,Cmax,ng/g,=,other_bioactivity,experimental_summary,exact_value,412,0,3,103.25,470.5,1736.5,69585.999999999898,261748,3902.0480582524274,16615.357083590705,1633.25,exact_linear_order_statistics_disk_backed
observations,,pk_adme,Cmax,ng/hr,=,other_bioactivity,experimental_summary,exact_value,4,355,357.49000000000001,417.25,679,1016.5,1294.4199999999998,1306,754.75,384.48496394527575,599.25,exact_linear_order_statistics_disk_backed
observations,,pk_adme,Cmax,ng/hr/ml,=,other_bioactivity,experimental_summary,exact_value,2,314,316.86000000000001,385.5,457,528.5,597.13999999999999,600,457,143,143,exact_linear_order_statistics_disk_backed
observations,,pk_adme,Cmax,ng/kg,=,other_bioactivity,experimental_summary,exact_value,9,320,325.04000000000002,634,1490,1907,16584.223999999998,17394.900000000001,3558.1500000000001,5286.370339635484,1273,exact_linear_order_statistics_disk_backed
observations,,pk_adme,Cmax,ng/mg,=,other_bioactivity,experimental_summary,exact_value,48,1.5,1.7350000000000001,43.75,219,817.25,2769.534900000001,3227,584.25374999999997,736.85356823689028,773.5,exact_linear_order_statistics_disk_backed
observations,,pk_adme,Cmax,ng/mgprot.,=,other_bioactivity,experimental_summary,exact_value,3,0.69999999999999996,0.71599999999999997,1.1000000000000001,1.5,3.5,5.4199999999999999,5.5,2.5666666666666669,2.0997354330698164,2.3999999999999999,exact_linear_order_statistics_disk_backed
observations,,pk_adme,Cmax,ng/ml.hr,=,other_bioactivity,experimental_summary,exact_value,6,91,142.374,1189.5975000000001,2036.4749999999999,2950.5299999999997,3648.2020000000002,3680,2001.0783333333331,1234.1758220018291,1760.9324999999997,exact_linear_order_statistics_disk_backed
observations,,pk_adme,Cmax,ng/ml/mg,=,other_bioactivity,experimental_summary,exact_value,4,4.3399999999999999,4.3399999999999999,4.3399999999999999,5.54,6.9500000000000002,7.5548000000000002,7.5800000000000001,5.75,1.4409371950227405,2.6100000000000003,exact_linear_order_statistics_disk_backed
observations,,pk_adme,Cmax,ngequiv/g,=,other_bioactivity,experimental_summary,exact_value,12,74,122.40000000000001,928,1310,3170,9543.8900000000012,9621,2826.0833333333335,3050.0797109347086,2242,exact_linear_order_statistics_disk_backed
observations,,pk_adme,Cmax,ngg-1,=,other_bioactivity,experimental_summary,exact_value,24,0,0,24.824999999999999,179.5,268.5,3738.6699999999992,4261,439.25041666666669,907.34886338111039,243.67500000000001,exact_linear_order_statistics_disk_backed
observations,,pk_adme,Cmax,ngkg-1,=,other_bioactivity,experimental_summary,exact_value,1,461,461,461,461,461,461,461,461,0,0,exact_linear_order_statistics_disk_backed
observations,,pk_adme,Cmax,nmg-1,=,other_bioactivity,experimental_summary,exact_value,2,0.90000000000000002,0.92100000000000004,1.425,1.9500000000000002,2.4750000000000001,2.9790000000000001,3,1.95,1.0500000000000003,1.05,exact_linear_order_statistics_disk_backed
observations,,pk_adme,Cmax,nml-1hr-1,=,other_bioactivity,experimental_summary,exact_value,4,144,147.66,235.5,4261.5,8485.5,9143.5799999999999,9171,4459.5,4266.9726094738407,8250,exact_linear_order_statistics_disk_backed
observations,,pk_adme,Cmax,nmol/g,=,other_bioactivity,experimental_summary,exact_value,63,0.050000000000000003,0.062400000000000004,1.1000000000000001,5.8300000000000001,23.5,170.85800000000009,192,23.396190476190476,39.296264834357636,22.399999999999999,exact_linear_order_statistics_disk_backed
observations,,pk_adme,Cmax,pg/g,=,other_bioactivity,experimental_summary,exact_value,2,0,0.75,18.75,37.5,56.25,74.25,75,37.5,37.5,37.5,exact_linear_order_statistics_disk_backed
observations,,pk_adme,Cmax,pmol.hr/g,=,other_bioactivity,experimental_summary,exact_value,6,60,60.450000000000003,88.974999999999994,169.44999999999999,277.52499999999998,398.185,403,196.26666666666665,123.81604186139299,188.54999999999998,exact_linear_order_statistics_disk_backed
observations,,pk_adme,Cmax,pmol/10^6cells,=,other_bioactivity,experimental_summary,exact_value,4,0.25700000000000001,0.29909000000000002,1.30925,5.7450000000000001,9.8499999999999996,9.9076000000000004,9.9100000000000001,5.41425,4.4833647172073787,8.5407499999999992,exact_linear_order_statistics_disk_backed
observations,,pk_adme,Cmax,pmol/g,=,other_bioactivity,experimental_summary,exact_value,11,9.8000000000000007,10.885,989.95000000000005,1666,2238.3000000000002,4300,4350,1744.7227272727273,1337.2382560139038,1248.3500000000001,exact_linear_order_statistics_disk_backed
observations,,pk_adme,Cmax,pmol/g,interval,other_bioactivity,experimental_summary,lower_censor_bound,1,2666.6999999999998,2666.6999999999998,2666.6999999999998,2666.6999999999998,2666.6999999999998,2666.6999999999998,2666.6999999999998,2666.6999999999998,0,0,exact_linear_order_statistics_disk_backed
observations,,pk_adme,Cmax,pmol/g,interval,other_bioactivity,experimental_summary,upper_censor_bound,1,3666.6999999999998,3666.6999999999998,3666.6999999999998,3666.6999999999998,3666.6999999999998,3666.6999999999998,3666.6999999999998,3666.6999999999998,0,0,exact_linear_order_statistics_disk_backed
observations,,pk_adme,Cmax,u,=,other_bioactivity,experimental_summary,exact_value,2,2.5,2.504,2.6000000000000001,2.7000000000000002,2.7999999999999998,2.8959999999999999,2.8999999999999999,2.7000000000000002,0.19999999999999787,0.19999999999999973,exact_linear_order_statistics_disk_backed
observations,,pk_adme,Cmax,ug,=,other_bioactivity,experimental_summary,exact_value,4,0.28999999999999998,0.29089999999999999,0.3125,0.44000000000000006,0.83250000000000002,1.6172999999999997,1.6499999999999999,0.70499999999999996,0.55554027756770263,0.52000000000000002,exact_linear_order_statistics_disk_backed
observations,,pk_adme,Cmax,ug,=,pk_adme,experimental_summary,exact_value,4,3.7999999999999998,3.9512,7.5800000000000001,10.92,15.9,24.251999999999999,24.600000000000001,12.56,7.676770154172913,8.3200000000000003,exact_linear_order_statistics_disk_backed
observations,,pk_adme,Cmax,ug/10^6cells,=,other_bioactivity,experimental_summary,exact_value,4,1.0900000000000001,1.0966,1.2550000000000001,1.345,1.5425,2.0104999999999995,2.0299999999999998,1.4524999999999999,0.35016960176463063,0.28749999999999987,exact_linear_order_statistics_disk_backed
observations,,pk_adme,Cmax,ug/g,=,other_bioactivity,experimental_summary,exact_value,91,0,0.015300000000000001,0.90500000000000003,3.0099999999999998,26.390000000000001,14870.899999999761,52580,829.19682417582408,5661.3143860571745,25.484999999999999,exact_linear_order_statistics_disk_backed
observations,,pk_adme,Cmax,ug/hr,=,other_bioactivity,experimental_summary,exact_value,6,0.059999999999999998,0.067000000000000004,0.375,1.05,1.5825,2.6505000000000001,2.7000000000000002,1.1283333333333334,0.90082215534230481,1.2075,exact_linear_order_statistics_disk_backed
observations,,pk_adme,Cmax,ug/kg,=,other_bioactivity,experimental_summary,exact_value,6,283,284.57499999999999,368.375,682,3010.5,4637.5500000000002,4685,1730.4166666666667,1784.0181804162073,2642.125,exact_linear_order_statistics_disk_backed
observations,,pk_adme,Cmax,ug/mL,<,other_bioactivity,experimental_summary,upper_censor_bound,3,0.01,0.01,0.01,0.01,2.0049999999999999,3.9201999999999999,4,1.3399999999999999,1.8809040379562165,1.9949999999999999,exact_linear_order_statistics_disk_backed
observations,,pk_adme,Cmax,ug/mL,=,other_bioactivity,experimental_summary,exact_value,1235,4.1999999999999996e-06,0.0048645999999999993,0.21039999999999998,0.86199999999999999,2.8215000000000003,833.02000000001613,4930000,4155.209005758421,140250.73343630729,2.6111000000000004,exact_linear_order_statistics_disk_backed
observations,,pk_adme,Cmax,ug/mL,=,pk_adme,experimental_summary,exact_value,17,0.036900000000000002,0.037139999999999999,0.078700000000000006,0.156,0.67259999999999998,27.223999999999997,29.399999999999999,3.1007352941176469,7.5315230451702657,0.59389999999999998,exact_linear_order_statistics_disk_backed
observations,,pk_adme,Cmax,ug/mL,>,other_bioactivity,experimental_summary,lower_censor_bound,4,10,10,10,10,10,10,10,10,0,0,exact_linear_order_statistics_disk_backed
observations,,pk_adme,Cmax,ug/ml.hr,=,other_bioactivity,experimental_summary,exact_value,1,7.1200000000000001,7.1200000000000001,7.1200000000000001,7.1200000000000001,7.1200000000000001,7.1200000000000001,7.1200000000000001,7.1200000000000001,0,0,exact_linear_order_statistics_disk_backed
observations,,pk_adme,Cmax,ugequiv/g,=,other_bioactivity,experimental_summary,exact_value,9,0.070000000000000007,0.3972,5.4000000000000004,14.779999999999999,24.280000000000001,38.620399999999997,39.289999999999999,16.233333333333334,12.583673726080329,18.880000000000003,exact_linear_order_statistics_disk_backed
observations,,pk_adme,Cmax,ugg-1,=,other_bioactivity,experimental_summary,exact_value,13,0,0.17279999999999998,2.98,8.8499999999999996,14.279999999999999,37.792799999999993,38.399999999999999,12.41,11.467603196698212,11.299999999999999,exact_linear_order_statistics_disk_backed
observations,,pk_adme,Cmax,ughrml-1,=,other_bioactivity,experimental_summary,exact_value,2,1.2,1.2248999999999999,1.8225,2.4450000000000003,3.0674999999999999,3.6650999999999998,3.6899999999999999,2.4449999999999998,1.2450000000000003,1.2449999999999999,exact_linear_order_statistics_disk_backed
observations,,pk_adme,Cmax,ugm-1min-1,=,pk_adme,experimental_summary,exact_value,1,30.5,30.5,30.5,30.5,30.5,30.5,30.5,30.5,0,0,exact_linear_order_statistics_disk_backed
observations,,pk_adme,Cmax,ulml-1,=,other_bioactivity,experimental_summary,exact_value,2,0.42999999999999999,0.43719999999999998,0.60999999999999999,0.79000000000000004,0.96999999999999997,1.1428,1.1499999999999999,0.78999999999999992,0.36000000000000004,0.35999999999999999,exact_linear_order_statistics_disk_backed
observations,,pk_adme,Cmax,um-1kg-1,=,other_bioactivity,experimental_summary,exact_value,13,0.023,0.024559999999999998,0.14499999999999999,0.218,0.45800000000000002,1.3928799999999997,1.4470000000000001,0.40184615384615385,0.40603956725609247,0.31300000000000006,exact_linear_order_statistics_disk_backed
observations,,pk_adme,Cmax,um.hr,=,other_bioactivity,experimental_summary,exact_value,4,1.3999999999999999,1.4239999999999999,2,3.6400000000000001,5.4350000000000005,6.4573999999999998,6.5,3.7949999999999999,2.0765536352331471,3.4350000000000005,exact_linear_order_statistics_disk_backed
observations,,pk_adme,Cmax,um.kg/mg,=,other_bioactivity,experimental_summary,exact_value,4,0.46999999999999997,0.48769999999999997,0.91250000000000009,1.1400000000000001,1.2524999999999999,1.3461000000000001,1.3500000000000001,1.0249999999999999,0.33648922716782498,0.33999999999999986,exact_linear_order_statistics_disk_backed
observations,,pk_adme,Cmax,umol/kg,=,other_bioactivity,experimental_summary,exact_value,6,0.5,0.53649999999999998,1.2424999999999999,2.7350000000000003,6.5449999999999999,7.8999999999999995,7.9299999999999997,3.7433333333333336,2.9859653194384035,5.3025000000000002,exact_linear_order_statistics_disk_backed
observations,,pk_adme,Cmax_triphosphate,pmol/10^6cells,=,pk_adme,experimental_summary,exact_value,1,80,80,80,80,80,80,80,80,0,0,exact_linear_order_statistics_disk_backed
observations,,pk_adme,Compound recovery,%,<,pk_adme,experimental_summary,upper_censor_bound,5,2.6800000000000002,2.7644000000000002,4.79,6.3899999999999997,9.2100000000000009,12.656400000000001,12.800000000000001,7.1740000000000013,3.5296266091472055,4.4200000000000008,exact_linear_order_statistics_disk_backed
observations,,pk_adme,Compound recovery,%,=,pk_adme,experimental_summary,exact_value,41,0.11,0.11800000000000001,0.38,1.1899999999999999,6,96.300000000000011,98.700000000000003,8.0656097560975617,20.522324435549539,5.6200000000000001,exact_linear_order_statistics_disk_backed
observations,,pk_adme,Compound remaining,%,=,pk_adme,experimental_summary,exact_value,15,4,4.4199999999999999,30.5,44,54.5,62.859999999999999,63,40.466666666666669,18.416900451004832,24,exact_linear_order_statistics_disk_backed
observations,,pk_adme,Concentration,dpm,=,pk_adme,experimental_summary,exact_value,5,883,1543.6800000000001,17400,26050,28800,32640,32800,21186.599999999999,11340.741520729587,11400,exact_linear_order_statistics_disk_backed
observations,,pk_adme,Concentration,nmmin-1(mgofprotein)-1,=,pk_adme,experimental_summary,exact_value,12,0.65000000000000002,0.65880000000000005,1.075,84.009999999999991,364.75,4581.0000000000018,5010,612.39833333333331,1361.5338905430237,363.67500000000001,exact_linear_order_statistics_disk_backed
observations,,pk_adme,Concentration,uM,=,pk_adme,experimental_summary,exact_value,33,0,0,0.20000000000000001,0.90000000000000002,20,476.95999999999998,500,68.601212121212129,138.38023597183837,19.800000000000001,exact_linear_order_statistics_disk_backed
observations,,pk_adme,Control,%,=,pk_adme,experimental_summary,exact_value,38,0,4.0700000000000003,58.75,77.5,98.5,137.34000000000003,144,74.39473684210526,31.835547389079508,39.75,exact_linear_order_statistics_disk_backed
observations,,pk_adme,Covalent binding,%,<,pk_adme,experimental_summary,upper_censor_bound,2,0.050000000000000003,0.050000000000000003,0.050000000000000003,0.050000000000000003,0.050000000000000003,0.050000000000000003,0.050000000000000003,0.050000000000000003,0,0,exact_linear_order_statistics_disk_backed
observations,,pk_adme,Covalent binding,%,=,pk_adme,experimental_summary,exact_value,3,0.45000000000000001,0.499,1.6749999999999998,2.8999999999999999,3,3.0960000000000001,3.1000000000000001,2.1499999999999999,1.2048513047951881,1.3250000000000002,exact_linear_order_statistics_disk_backed
observations,,pk_adme,Cp,nM,=,pk_adme,experimental_summary,exact_value,2,0.59999999999999998,0.60599999999999998,0.75,0.89999999999999991,1.0499999999999998,1.194,1.2,0.89999999999999991,0.30000000000000016,0.29999999999999982,exact_linear_order_statistics_disk_backed
observations,,pk_adme,Cp,uM,=,pk_adme,experimental_summary,exact_value,3,0.20000000000000001,0.21600000000000003,0.60000000000000009,1,1.6499999999999999,2.274,2.2999999999999998,1.1666666666666667,0.86538366571647773,1.0499999999999998,exact_linear_order_statistics_disk_backed
observations,,pk_adme,Cp(f),ugml-1,=,pk_adme,experimental_summary,exact_value,1,2.5,2.5,2.5,2.5,2.5,2.5,2.5,2.5,0,0,exact_linear_order_statistics_disk_backed
observations,,pk_adme,Ct,mmol/g,=,pk_adme,experimental_summary,exact_value,2,450,451.60000000000002,490,530,570,608.39999999999998,610,530,80,80,exact_linear_order_statistics_disk_backed
observations,,pk_adme,Ct,nM,<,pk_adme,experimental_summary,upper_censor_bound,5,1,1,1,1,1,1,1,1,0,0,exact_linear_order_statistics_disk_backed
observations,,pk_adme,Ct,nM,=,pk_adme,experimental_summary,exact_value,5,4.7999999999999998,4.968,9,9.5999999999999996,13.5,53.052,54.700000000000003,18.32,18.397978149785914,4.5,exact_linear_order_statistics_disk_backed
observations,,pk_adme,D,10'-6cm2/s,=,pk_adme,experimental_summary,exact_value,1,0.78000000000000003,0.78000000000000003,0.78000000000000003,0.78000000000000003,0.78000000000000003,0.78000000000000003,0.78000000000000003,0.78000000000000003,0,0,exact_linear_order_statistics_disk_backed
observations,,pk_adme,D,10'-7cm2/sec,=,pk_adme,experimental_summary,exact_value,2,4.7000000000000002,4.7050000000000001,4.8250000000000002,4.9500000000000002,5.0750000000000002,5.1950000000000003,5.2000000000000002,4.9500000000000002,0.25000000000000711,0.25,exact_linear_order_statistics_disk_backed
observations,,pk_adme,DOSE,mg.kg-1,=,pk_adme,experimental_summary,exact_value,2,6,6.2400000000000002,12,18,24,29.759999999999998,30,18,12,12,exact_linear_order_statistics_disk_backed
observations,,pk_adme,Decrease,%,=,pk_adme,experimental_summary,exact_value,10,0.69999999999999996,0.72699999999999998,1.2,1.3500000000000001,1.8999999999999999,2.6640000000000001,2.7000000000000002,1.54,0.58685603004484865,0.69999999999999996,exact_linear_order_statistics_disk_backed
observations,,pk_adme,Degradation,%,=,pk_adme,experimental_summary,exact_value,4,45,45.329999999999998,53.25,84.5,114.25,117.84999999999999,118,83,32.77956680616753,61,exact_linear_order_statistics_disk_backed
observations,,pk_adme,Deuterium retention,%,=,pk_adme,experimental_summary,exact_value,30,3,3,27.25,78,86.25,92,92,59.733333333333334,30.979491423987078,59,exact_linear_order_statistics_disk_backed
observations,,pk_adme,Distribution,%,=,pk_adme,experimental_summary,exact_value,6,1.3999999999999999,1.45,2.6499999999999999,6.0499999999999989,9.375,17.200000000000003,17.600000000000001,7.1833333333333336,5.5870137123710579,6.7249999999999996,exact_linear_order_statistics_disk_backed
observations,,pk_adme,Drug absorption,%,=,pk_adme,experimental_summary,exact_value,14,21,22.145299999999999,35,43,77.75,96.609999999999999,97,55.272142857142853,24.974986394554133,42.75,exact_linear_order_statistics_disk_backed
observations,,pk_adme,Drug absorption,microg/cm2,=,pk_adme,experimental_summary,exact_value,3,15.779999999999999,17.102399999999999,48.840000000000003,81.900000000000006,135.47500000000002,186.90700000000001,189.05000000000001,95.576666666666668,71.395198873749365,86.635000000000019,exact_linear_order_statistics_disk_backed
observations,,pk_adme,Drug degradation,%,<,pk_adme,experimental_summary,upper_censor_bound,30,5,5,10,15,15,23.550000000000004,25,13,4.932882862316248,5,exact_linear_order_statistics_disk_backed
observations,,pk_adme,Drug degradation,%,<=,pk_adme,experimental_summary,upper_censor_bound,4,1,1,1,1,7,24.279999999999994,25,7,10.392304845413264,6,exact_linear_order_statistics_disk_backed
observations,,pk_adme,Drug degradation,%,=,pk_adme,experimental_summary,exact_value,168,0,0,9,20.5,52,100,100,35.313511904761903,33.354855364054586,43,exact_linear_order_statistics_disk_backed
observations,,pk_adme,Drug degradation,%,>,pk_adme,experimental_summary,lower_censor_bound,3,50,50,50,50,50,50,50,50,0,0,exact_linear_order_statistics_disk_backed
observations,,pk_adme,Drug degradation,%,interval,pk_adme,experimental_summary,lower_censor_bound,2,41,41,41,41,41,41,41,41,0,0,exact_linear_order_statistics_disk_backed
observations,,pk_adme,Drug degradation,%,interval,pk_adme,experimental_summary,upper_censor_bound,2,51,51,51,51,51,51,51,51,0,0,exact_linear_order_statistics_disk_backed
observations,,pk_adme,Drug degradation,ul/min,<,pk_adme,experimental_summary,upper_censor_bound,2,10,10,10,10,10,10,10,10,0,0,exact_linear_order_statistics_disk_backed
observations,,pk_adme,Drug degradation,ul/min,=,pk_adme,experimental_summary,exact_value,1,44,44,44,44,44,44,44,44,0,0,exact_linear_order_statistics_disk_backed
observations,,pk_adme,Drug degradation,ul/min,>,pk_adme,experimental_summary,lower_censor_bound,12,200,200,200,200,200,200,200,200,0,0,exact_linear_order_statistics_disk_backed
observations,,pk_adme,Drug excretion,%,=,pk_adme,experimental_summary,exact_value,17,0.10000000000000001,0.10000000000000001,6.5,21.100000000000001,32.299999999999997,56.719999999999999,58,21.964705882352941,17.818197610588044,25.799999999999997,exact_linear_order_statistics_disk_backed
observations,,pk_adme,Drug excretion,pmol,=,pk_adme,experimental_summary,exact_value,2,6.2000000000000002,6.2080000000000002,6.4000000000000004,6.5999999999999996,6.7999999999999998,6.992,7,6.5999999999999996,0.40000000000000463,0.39999999999999947,exact_linear_order_statistics_disk_backed
observations,,pk_adme,Drug metabolism,%,<,pk_adme,experimental_summary,upper_censor_bound,203,0.10000000000000001,0.10000000000000001,1,2,5,39.799999999999898,40,5.2758620689655169,7.5034267127877641,4,exact_linear_order_statistics_disk_backed
observations,,pk_adme,Drug metabolism,%,<=,pk_adme,experimental_summary,upper_censor_bound,6,1,1,3.25,10,10,11.9,12,7.333333333333333,4.5338235029118144,6.75,exact_linear_order_statistics_disk_backed
observations,,pk_adme,Drug metabolism,%,=,pk_adme,experimental_summary,exact_value,4776,-50,0,9,28,61,100,250.59999999999999,37.008847780569518,32.491019783060089,52,exact_linear_order_statistics_disk_backed
observations,,pk_adme,Drug metabolism,%,>,pk_adme,experimental_summary,lower_censor_bound,65,1,1,60,80,95,105.47999999999999,117,72.896923076923073,29.002965202415862,35,exact_linear_order_statistics_disk_backed
observations,,pk_adme,Drug metabolism,%,interval,pk_adme,experimental_summary,lower_censor_bound,20,0.16,0.2626,1.0375000000000001,2.1000000000000001,15,65,65,11.5205,18.700601186860276,13.9625,exact_linear_order_statistics_disk_backed
observations,,pk_adme,Drug metabolism,%,interval,pk_adme,experimental_summary,upper_censor_bound,20,0.90000000000000002,0.90000000000000002,2.875,17,45.25,72,72,28.947000000000003,27.422402721132951,42.375,exact_linear_order_statistics_disk_backed
observations,,pk_adme,Drug metabolism,%/min/pmol,=,pk_adme,experimental_summary,exact_value,16,0,0,0.0037499999999999999,0.0155,0.042250000000000003,0.36924999999999997,0.37,0.063375000000000001,0.11710672215974623,0.038500000000000006,exact_linear_order_statistics_disk_backed
observations,,pk_adme,Drug metabolism,/min,=,pk_adme,experimental_summary,exact_value,7,0.0073000000000000001,0.0075820000000000002,0.012500000000000001,0.014,0.0155,0.016,0.016,0.013328571428571427,0.0028217088468384826,0.0029999999999999992,exact_linear_order_statistics_disk_backed
observations,,pk_adme,Drug metabolism,10^6no_unit,=,pk_adme,experimental_summary,exact_value,8,13.199999999999999,24.372,193.72499999999999,211.25,340.5,464.553,473.10000000000002,246.28749999999999,129.87357735024477,146.77500000000001,exact_linear_order_statistics_disk_backed
observations,,pk_adme,Drug metabolism,mM,=,pk_adme,experimental_summary,exact_value,20,0,0.014630000000000001,0.32499999999999996,0.625,0.85250000000000004,6.3219999999999921,7.5,0.92484999999999995,1.5431717103096467,0.52750000000000008,exact_linear_order_statistics_disk_backed
observations,,pk_adme,Drug metabolism,microl/min/mg,<,pk_adme,experimental_summary,upper_censor_bound,28,1,1.27,2,2,3,7.1030000000000006,7.4000000000000004,2.6821428571428569,1.3997585433180388,1,exact_linear_order_statistics_disk_backed
observations,,pk_adme,Drug metabolism,microl/min/mg,=,pk_adme,experimental_summary,exact_value,60,2.2000000000000002,2.2589999999999999,6,11.199999999999999,28.25,128.93999999999988,149,23.613333333333333,30.090532656560857,22.25,exact_linear_order_statistics_disk_backed
observations,,pk_adme,Drug metabolism,microl/min/mg,>,pk_adme,experimental_summary,lower_censor_bound,2,347,347,347,347,347,347,347,347,0,0,exact_linear_order_statistics_disk_backed
observations,,pk_adme,Drug metabolism,microm/min/mg,=,pk_adme,experimental_summary,exact_value,5,10,10,10,30,30,97.200000000000003,100,36,33.226495451672299,20,exact_linear_order_statistics_disk_backed
observations,,pk_adme,Drug metabolism,ml/min.kg,=,pk_adme,experimental_summary,exact_value,14,0.14000000000000001,0.19070000000000001,0.65000000000000002,0.875,0.98750000000000004,11.869999999999999,12,2.2878571428571428,3.7721785644967789,0.33750000000000002,exact_linear_order_statistics_disk_backed
observations,,pk_adme,Drug metabolism,ml/min.kg,>,pk_adme,experimental_summary,lower_censor_bound,1,50,50,50,50,50,50,50,50,0,0,exact_linear_order_statistics_disk_backed
observations,,pk_adme,Drug metabolism,ml/min/g,=,pk_adme,experimental_summary,exact_value,10,1.22,1.2362,3.0750000000000002,6.5749999999999993,21.75,50,50,15.927000000000001,18.330623584591986,18.675000000000001,exact_linear_order_statistics_disk_backed
observations,,pk_adme,Drug metabolism,nM,=,pk_adme,experimental_summary,exact_value,23,1,1.0660000000000001,2.4050000000000002,50,155.5,669.20000000000016,700,132.45304347826087,196.92743246169294,153.095,exact_linear_order_statistics_disk_backed
observations,,pk_adme,Drug metabolism,nanomol/min,=,pk_adme,experimental_summary,exact_value,7,0,0,0,0,0.029999999999999999,0.12519999999999998,0.13,0.027142857142857142,0.045265655765013887,0.029999999999999999,exact_linear_order_statistics_disk_backed
observations,,pk_adme,Drug metabolism,ng,<,pk_adme,experimental_summary,upper_censor_bound,2,2,2,2,2,2,2,2,2,0,0,exact_linear_order_statistics_disk_backed
observations,,pk_adme,Drug metabolism,ng/mL,<,pk_adme,experimental_summary,upper_censor_bound,6,1,1,1,5.5,10,10,10,5.5,4.5,9,exact_linear_order_statistics_disk_backed
observations,,pk_adme,Drug metabolism,ng/mL,=,pk_adme,experimental_summary,exact_value,51,2,2.5,17.5,84,276.5,3051.5,3373,356.24764705882353,713.74270262562152,259,exact_linear_order_statistics_disk_backed
observations,,pk_adme,Drug metabolism,nmol/mg/min,=,pk_adme,experimental_summary,exact_value,6,0.45000000000000001,0.45050000000000001,0.48749999999999999,0.60499999999999998,0.77499999999999991,0.88650000000000007,0.89000000000000001,0.63833333333333331,0.16747304924142919,0.28749999999999992,exact_linear_order_statistics_disk_backed
observations,,pk_adme,Drug metabolism,nmol/min,<,pk_adme,experimental_summary,upper_censor_bound,4,0.040000000000000001,0.040000000000000001,0.040000000000000001,0.040000000000000001,0.040000000000000001,0.040000000000000001,0.040000000000000001,0.040000000000000001,0,0,exact_linear_order_statistics_disk_backed
observations,,pk_adme,Drug metabolism,nmol/min,<=,pk_adme,experimental_summary,upper_censor_bound,2,0.040000000000000001,0.040000000000000001,0.040000000000000001,0.040000000000000001,0.040000000000000001,0.040000000000000001,0.040000000000000001,0.040000000000000001,0,0,exact_linear_order_statistics_disk_backed
observations,,pk_adme,Drug metabolism,nmol/min,=,pk_adme,experimental_summary,exact_value,119,0,0,0.040000000000000001,0.12,0.26000000000000001,4.3253999999999824,7.5099999999999998,0.31542100840336135,0.84341821667195993,0.22,exact_linear_order_statistics_disk_backed
observations,,pk_adme,Drug metabolism,nmol/min,interval,pk_adme,experimental_summary,lower_censor_bound,4,0.040000000000000001,0.040000000000000001,0.040000000000000001,0.040000000000000001,0.044999999999999998,0.059399999999999994,0.059999999999999998,0.044999999999999998,0.0086602540378443848,0.0049999999999999975,exact_linear_order_statistics_disk_backed
observations,,pk_adme,Drug metabolism,nmol/min,interval,pk_adme,experimental_summary,upper_censor_bound,4,0.059999999999999998,0.059999999999999998,0.059999999999999998,0.065000000000000002,0.075000000000000011,0.089399999999999993,0.089999999999999997,0.070000000000000007,0.012247448713915853,0.015000000000000013,exact_linear_order_statistics_disk_backed
observations,,pk_adme,Drug metabolism,nmol/min/mg,<,pk_adme,experimental_summary,upper_censor_bound,40,0.01,0.013900000000000001,0.040000000000000001,0.040000000000000001,0.040000000000000001,0.040000000000000001,0.040000000000000001,0.0385,0.0057227615711297995,0,exact_linear_order_statistics_disk_backed
observations,,pk_adme,Drug metabolism,nmol/min/mg,<=,pk_adme,experimental_summary,upper_censor_bound,1,0.040000000000000001,0.040000000000000001,0.040000000000000001,0.040000000000000001,0.040000000000000001,0.040000000000000001,0.040000000000000001,0.040000000000000001,0,0,exact_linear_order_statistics_disk_backed
observations,,pk_adme,Drug metabolism,nmol/min/mg,=,pk_adme,experimental_summary,exact_value,193,0,0,0.02,0.040000000000000001,0.089999999999999997,0.53599999999998094,2.0699999999999998,0.078227979274611406,0.19276482986184995,0.069999999999999993,exact_linear_order_statistics_disk_backed
observations,,pk_adme,Drug metabolism,nmol/min/mg,>,pk_adme,experimental_summary,lower_censor_bound,1,1.52,1.52,1.52,1.52,1.52,1.52,1.52,1.52,0,0,exact_linear_order_statistics_disk_backed
observations,,pk_adme,Drug metabolism,pmol,=,pk_adme,experimental_summary,exact_value,84,0.0040000000000000001,0.0048300000000000001,0.10425,6.9000000000000004,61.475000000000001,3784.0799999999999,3804,286.48303571428573,848.65652989280716,61.370750000000001,exact_linear_order_statistics_disk_backed
observations,,pk_adme,Drug metabolism,pmol/hr,=,pk_adme,experimental_summary,exact_value,7,3.3999999999999999,5.5960000000000001,191,426,708,1240.7799999999997,1273,500.05714285714288,409.5775763154133,517,exact_linear_order_statistics_disk_backed
observations,,pk_adme,Drug metabolism,pmol/mg,=,pk_adme,experimental_summary,exact_value,2,13264,13264.280000000001,13271,13278,13285,13291.719999999999,13292,13278,14,14,exact_linear_order_statistics_disk_backed
observations,,pk_adme,Drug metabolism,pmol/mg.hr,<,pk_adme,experimental_summary,upper_censor_bound,12,100,100,100,100,100,100,100,100,0,0,exact_linear_order_statistics_disk_backed
observations,,pk_adme,Drug metabolism,pmol/mg.hr,=,pk_adme,experimental_summary,exact_value,8,131,132.53999999999999,384.75,631.5,825,1124.25,1133,614.25,341.9151027667541,440.25,exact_linear_order_statistics_disk_backed
observations,,pk_adme,Drug metabolism,pmol/mg/hr,<,pk_adme,experimental_summary,upper_censor_bound,28,100,100,100,100,100,100,100,100,0,0,exact_linear_order_statistics_disk_backed
observations,,pk_adme,Drug metabolism,pmol/mg/hr,=,pk_adme,experimental_summary,exact_value,38,1,1.3700000000000001,135,236,513.75,1454.4400000000019,1709,363.07894736842104,338.3078154253007,378.75,exact_linear_order_statistics_disk_backed
observations,,pk_adme,Drug metabolism,pmol/mg/hr,>,pk_adme,experimental_summary,lower_censor_bound,2,500,515,875,1250,1625,1985,2000,1250,750,750,exact_linear_order_statistics_disk_backed
observations,,pk_adme,Drug metabolism,pmol/min,<,pk_adme,experimental_summary,upper_censor_bound,4,10,10,10,10,10,10,10,10,0,0,exact_linear_order_statistics_disk_backed
observations,,pk_adme,Drug metabolism,pmol/min,=,pk_adme,experimental_summary,exact_value,75,0,0,1.1000000000000001,14.699999999999999,34,245.30000000000183,508,30.011239999999997,63.198062359925778,32.899999999999999,exact_linear_order_statistics_disk_backed
observations,,pk_adme,Drug metabolism,pmol/min/mg,=,pk_adme,experimental_summary,exact_value,27,39,43.68,302,4200,7800,21109.999999999989,22800,5290.9259259259261,5548.7823617634103,7498,exact_linear_order_statistics_disk_backed
observations,,pk_adme,Drug metabolism,pmol/min/mg,interval,pk_adme,experimental_summary,lower_censor_bound,1,23.199999999999999,23.199999999999999,23.199999999999999,23.199999999999999,23.199999999999999,23.199999999999999,23.199999999999999,23.199999999999999,0,0,exact_linear_order_statistics_disk_backed
observations,,pk_adme,Drug metabolism,pmol/min/mg,interval,pk_adme,experimental_summary,upper_censor_bound,1,158.69999999999999,158.69999999999999,158.69999999999999,158.69999999999999,158.69999999999999,158.69999999999999,158.69999999999999,158.69999999999999,0,0,exact_linear_order_statistics_disk_backed
observations,,pk_adme,Drug metabolism,pmol/min/ug,=,pk_adme,experimental_summary,exact_value,18,0.29999999999999999,0.29999999999999999,0.32500000000000001,0.59999999999999998,0.97499999999999998,1.8319999999999992,1.8999999999999999,0.72777777777777775,0.45802177963202151,0.64999999999999991,exact_linear_order_statistics_disk_backed
observations,,pk_adme,Drug metabolism,uM,=,pk_adme,experimental_summary,exact_value,121,0,0,0.041000000000000002,0.91900000000000004,32,2729.7999999999988,3600,129.82738842975206,503.05904742050507,31.959,exact_linear_order_statistics_disk_backed
observations,,pk_adme,Drug metabolism,ug,=,pk_adme,experimental_summary,exact_value,7,272,285.56,518,911,1041.5,1221.54,1230,790.28571428571433,328.7094741064621,523.5,exact_linear_order_statistics_disk_backed
observations,,pk_adme,Drug metabolism,ugml-1,=,pk_adme,experimental_summary,exact_value,4,0.51000000000000001,0.51629999999999998,0.66749999999999998,5.5199999999999996,11.030000000000001,13.0748,13.16,6.1775000000000002,5.6528858780272575,10.362500000000001,exact_linear_order_statistics_disk_backed
observations,,pk_adme,Drug metabolism,ul/min,<,pk_adme,experimental_summary,upper_censor_bound,2,1.8999999999999999,1.9159999999999999,2.2999999999999998,2.7000000000000002,3.1000000000000001,3.484,3.5,2.7000000000000002,0.79999999999999927,0.80000000000000027,exact_linear_order_statistics_disk_backed
observations,,pk_adme,Drug metabolism,ul/min,=,pk_adme,experimental_summary,exact_value,11,5.5,5.6799999999999997,12,17,41.5,121.00000000000003,129,31.618181818181821,34.045072215355347,29.5,exact_linear_order_statistics_disk_backed
observations,,pk_adme,Drug metabolism,ul/min,>,pk_adme,experimental_summary,lower_censor_bound,3,200,203.19999999999999,280,360,360,360,360,306.66666666666669,75.424723326564987,80,exact_linear_order_statistics_disk_backed
observations,,pk_adme,Drug metabolism,um/min.mg,=,pk_adme,experimental_summary,exact_value,18,0.047,0.05108,0.11650000000000001,0.188,0.26375000000000004,0.63529999999999998,0.63700000000000001,0.2343888888888889,0.17300389812207151,0.14725000000000005,exact_linear_order_statistics_disk_backed
observations,,pk_adme,Drug metabolism,umol/ml,=,pk_adme,experimental_summary,exact_value,16,0,0,0,0.10100000000000001,0.33925,0.82454999999999989,0.85199999999999998,0.22368750000000001,0.27367035799251255,0.33925,exact_linear_order_statistics_disk_backed
observations,,pk_adme,Drug recovery,%,<,pk_adme,experimental_summary,upper_censor_bound,63,1.1000000000000001,2.278,10,10,50,80,80,25.903174603174605,25.805025770211113,40,exact_linear_order_statistics_disk_backed
observations,,pk_adme,Drug recovery,%,=,pk_adme,experimental_summary,exact_value,651,0,1.25,63,85,96.460000000000008,123,673,76.684669738863292,37.591352888499522,33.460000000000008,exact_linear_order_statistics_disk_backed
observations,,pk_adme,Drug recovery,%,>,pk_adme,experimental_summary,lower_censor_bound,18,90,90,90,90,95,95,95,91.944444444444443,2.4374901076092224,5,exact_linear_order_statistics_disk_backed
observations,,pk_adme,Drug recovery,%,interval,pk_adme,experimental_summary,lower_censor_bound,4,0.69999999999999996,0.72699999999999998,1.375,2.2999999999999998,3,3,3,2.0750000000000002,0.97819987732569225,1.625,exact_linear_order_statistics_disk_backed
observations,,pk_adme,Drug recovery,%,interval,pk_adme,experimental_summary,upper_censor_bound,4,3,3,3,3.1499999999999999,3.7249999999999996,4.9489999999999998,5,3.5750000000000002,0.83179023798070606,0.72499999999999964,exact_linear_order_statistics_disk_backed
observations,,pk_adme,Drug transport,%,=,pk_adme,experimental_summary,exact_value,54,0,0,0.065000000000000002,2,6.5,32.628999999999998,33,5.3127777777777778,7.9841689232544253,6.4349999999999996,exact_linear_order_statistics_disk_backed
observations,,pk_adme,Drug transport,ug/hr,=,pk_adme,experimental_summary,exact_value,2,4.5300000000000002,4.5307000000000004,4.5475000000000003,4.5649999999999995,4.5824999999999996,4.5992999999999995,4.5999999999999996,4.5649999999999995,0.035000000000022659,0.034999999999999254,exact_linear_order_statistics_disk_backed
observations,,pk_adme,Drug uptake,%,<,pk_adme,experimental_summary,upper_censor_bound,31,0.20000000000000001,0.20000000000000001,0.20000000000000001,0.20000000000000001,0.20000000000000001,5,5,0.55483870967741933,1.1815350075158297,0,exact_linear_order_statistics_disk_backed
observations,,pk_adme,Drug uptake,%,<=,pk_adme,experimental_summary,upper_censor_bound,13,25,25,25,25,25,25,25,25,0,0,exact_linear_order_statistics_disk_backed
observations,,pk_adme,Drug uptake,%,=,pk_adme,experimental_summary,exact_value,104,0.20000000000000001,0.20300000000000001,1.675,12.5,78.299999999999997,156.85999999999996,163,38.730769230769234,43.264350835930003,76.625,exact_linear_order_statistics_disk_backed
observations,,pk_adme,Drug uptake,%,>,pk_adme,experimental_summary,lower_censor_bound,5,75,75,75,75,75,75,75,75,0,0,exact_linear_order_statistics_disk_backed
observations,,pk_adme,Drug uptake,%id/g,=,pk_adme,experimental_summary,exact_value,72,0.33000000000000002,0.57140000000000002,1.5125,2.7050000000000001,4.0075000000000003,19.201000000000043,24.100000000000001,4.2166666666666668,4.7439944491254762,2.4950000000000001,exact_linear_order_statistics_disk_backed
observations,,pk_adme,Drug uptake,fmol/min,=,pk_adme,experimental_summary,exact_value,2,1.3300000000000001,1.8467000000000002,14.2475,27.164999999999999,40.082499999999996,52.4833,53,27.164999999999999,25.835000000000001,25.834999999999994,exact_linear_order_statistics_disk_backed
observations,,pk_adme,Drug uptake,mM,=,pk_adme,experimental_summary,exact_value,3,0.12,0.12939999999999999,0.35499999999999998,0.58999999999999997,1.1549999999999998,1.6974,1.72,0.80999999999999994,0.67146605771748924,0.79999999999999982,exact_linear_order_statistics_disk_backed
observations,,pk_adme,Drug uptake,microl/min/mg,=,pk_adme,experimental_summary,exact_value,6,5.7999999999999998,6.0599999999999996,11.25,17,25,151.40000000000003,158,39.133333333333333,53.594361229102788,13.75,exact_linear_order_statistics_disk_backed
observations,,pk_adme,Drug uptake,micromol/min,=,pk_adme,experimental_summary,exact_value,9,38.380000000000003,39.027200000000001,50.729999999999997,75.829999999999998,269.49000000000001,436.16839999999996,447.00999999999999,166.52000000000001,139.63915727490067,218.76000000000002,exact_linear_order_statistics_disk_backed
observations,,pk_adme,Drug uptake,ng,=,pk_adme,experimental_summary,exact_value,4,0.55000000000000004,0.56440000000000001,0.91000000000000003,2.0949999999999998,3.8825000000000003,5.9632999999999985,6.0499999999999998,2.6974999999999998,2.1705687618686493,2.9725000000000001,exact_linear_order_statistics_disk_backed
observations,,pk_adme,Drug uptake,ng/mL,=,pk_adme,experimental_summary,exact_value,1,70,70,70,70,70,70,70,70,0,0,exact_linear_order_statistics_disk_backed
observations,,pk_adme,Drug uptake,nmol,=,pk_adme,experimental_summary,exact_value,3,3.7999999999999998,3.8639999999999999,5.4000000000000004,7,41.299999999999997,74.227999999999994,75.599999999999994,28.799999999999997,33.118373551046652,35.899999999999999,exact_linear_order_statistics_disk_backed
observations,,pk_adme,Drug uptake,nmol/g,=,pk_adme,experimental_summary,exact_value,3,55,58.979999999999997,154.5,254,1202.5,2113.0599999999999,2151,820,944.65902137579076,1048,exact_linear_order_statistics_disk_backed
observations,,pk_adme,Drug uptake,nmol/g,>,pk_adme,experimental_summary,lower_censor_bound,1,180,180,180,180,180,180,180,180,0,0,exact_linear_order_statistics_disk_backed
observations,,pk_adme,Drug uptake,pmol,=,pk_adme,experimental_summary,exact_value,68,0.29999999999999999,0.29999999999999999,5.3999999999999995,34.349999999999994,270.5,2210.1619999999966,3591.3000000000002,206.2294117647059,488.5731666137101,265.10000000000002,exact_linear_order_statistics_disk_backed
observations,,pk_adme,Drug uptake,pmol/min,=,pk_adme,experimental_summary,exact_value,6,4.7000000000000002,5.2149999999999999,15.75,22,71.75,211.45000000000002,218,61.449999999999996,74.926046872899946,56,exact_linear_order_statistics_disk_backed
observations,,pk_adme,Drug uptake,pmol/min/mg,=,pk_adme,experimental_summary,exact_value,6,1.5,1.8149999999999999,7.8499999999999996,11,16.25,23.650000000000002,24,12.049999999999999,7.2672209268743169,8.4000000000000004,exact_linear_order_statistics_disk_backed
observations,,pk_adme,Drug uptake,uM,=,pk_adme,experimental_summary,exact_value,26,1,1.0249999999999999,2.0750000000000002,20.449999999999999,158.25,175.94999999999999,177.40000000000001,64.061538461538461,74.137481836232823,156.17500000000001,exact_linear_order_statistics_disk_backed
observations,,pk_adme,Drug uptake,ugml-1,=,pk_adme,experimental_summary,exact_value,7,0.070000000000000007,0.071199999999999999,0.30500000000000005,1.6399999999999999,5.6200000000000001,18.999999999999996,19.600000000000001,4.7371428571428575,6.8127919896234594,5.3150000000000004,exact_linear_order_statistics_disk_backed
observations,,pk_adme,Drug uptake,ugml-1,>,pk_adme,experimental_summary,lower_censor_bound,2,13.119999999999999,13.119999999999999,13.119999999999999,13.119999999999999,13.119999999999999,13.119999999999999,13.119999999999999,13.119999999999999,0,0,exact_linear_order_statistics_disk_backed
observations,,pk_adme,Drug uptake,umol,=,pk_adme,experimental_summary,exact_value,2,5.7999999999999998,5.9420000000000002,9.3499999999999996,12.899999999999999,16.449999999999999,19.858000000000001,20,12.9,7.0999999999999996,7.0999999999999996,exact_linear_order_statistics_disk_backed
observations,,pk_adme,EC50,nM,<,pk_adme,experimental_summary,upper_censor_bound,26,44,58,100,1000000,100000000,100000000,100000000,35865417.07692308,46763553.48799514,99999900,exact_linear_order_statistics_disk_backed
observations,,pk_adme,EC50,nM,=,pk_adme,experimental_summary,exact_value,1459,0.0077999999999999996,1.7363999999999999,60,301,4705,2095200.0000001136,800000000,1560116.5595207675,26234834.249614291,4645,exact_linear_order_statistics_disk_backed
observations,,pk_adme,EC50,nM,>,pk_adme,experimental_summary,lower_censor_bound,259,0.050000000000000003,622.00000000000011,12500,20000,40000,1000000000,1000000000,15474153.368378378,123306812.60686515,27500,exact_linear_order_statistics_disk_backed
observations,,pk_adme,EC50,nM,>=,pk_adme,experimental_summary,lower_censor_bound,1,50000,50000,50000,50000,50000,50000,50000,50000,0,0,exact_linear_order_statistics_disk_backed
observations,,pk_adme,EC90,nM,=,pk_adme,experimental_summary,exact_value,47,20,20,65,200,600,5000,5000,745.63829787234044,1359.319924228882,535,exact_linear_order_statistics_disk_backed
observations,,pk_adme,EC90,uM,=,pk_adme,experimental_summary,exact_value,33,0.33000000000000002,0.33639999999999998,0.69999999999999996,3.3580000000000001,9.2219999999999995,32.562399999999997,35.979999999999997,6.4836363636363643,7.9201085040707255,8.5220000000000002,exact_linear_order_statistics_disk_backed
observations,,pk_adme,EC90,uM,>,pk_adme,experimental_summary,lower_censor_bound,89,1,1,20,20,50,50,50,28.011235955056179,14.561372930410187,30,exact_linear_order_statistics_disk_backed
observations,,pk_adme,ED15,%,=,pk_adme,experimental_summary,exact_value,1,67,67,67,67,67,67,67,67,0,0,exact_linear_order_statistics_disk_backed
observations,,pk_adme,ED50,mg.kg-1,=,pk_adme,experimental_summary,exact_value,312,0,0.0030000000000000001,0.035749999999999997,0.17999999999999999,1,10.922999999999991,22.300000000000001,1.0820326923076924,2.4178234330526274,0.96425000000000005,exact_linear_order_statistics_disk_backed
observations,,pk_adme,ED50,mg.kg-1,>,pk_adme,experimental_summary,lower_censor_bound,27,0.5,0.63,1,1,1,3,3,1.3518518518518519,0.79132817108227771,0,exact_linear_order_statistics_disk_backed
observations,,pk_adme,ED50,ngml-1,=,pk_adme,experimental_summary,exact_value,24,2,2.23,30,30,125,3000,3000,450,977.48056246658939,95,exact_linear_order_statistics_disk_backed
observations,,pk_adme,ED50,ngml-1,>,pk_adme,experimental_summary,lower_censor_bound,3,10000,10000,10000,10000,10000,10000,10000,10000,0,0,exact_linear_order_statistics_disk_backed
observations,,pk_adme,ED50,uM,=,pk_adme,experimental_summary,exact_value,13,0.80000000000000004,0.94400000000000006,5,20,50,50,50,22.138461538461538,19.6276703606664,45,exact_linear_order_statistics_disk_backed
observations,,pk_adme,ED50,uM,>,pk_adme,experimental_summary,lower_censor_bound,2,100,100,100,100,100,100,100,100,0,0,exact_linear_order_statistics_disk_backed
observations,,pk_adme,ED70,mgkg-1,=,pk_adme,experimental_summary,exact_value,4,0.067000000000000004,0.21018999999999999,3.6467499999999999,82.920000000000002,167.5,186.22,187,88.226749999999996,86.280925508987792,163.85325,exact_linear_order_statistics_disk_backed
observations,,pk_adme,ERH,%,<,pk_adme,experimental_summary,upper_censor_bound,73,0.63400000000000001,0.63400000000000001,23,23,23,55,55,21.069767123287672,11.079335306604786,0,exact_linear_order_statistics_disk_backed
observations,,pk_adme,ERH,%,=,pk_adme,experimental_summary,exact_value,455,0,0.34020000000000006,31,52,73.049999999999997,98.646000000000001,99.400000000000006,51.585120879120879,27.037276748895717,42.049999999999997,exact_linear_order_statistics_disk_backed
observations,,pk_adme,ERH,%,>,pk_adme,experimental_summary,lower_censor_bound,18,23,34.049999999999997,88,88,88.75,89,89,84.666666666666671,14.96291712497559,0.75,exact_linear_order_statistics_disk_backed
observations,,pk_adme,ERH,%,interval,pk_adme,experimental_summary,lower_censor_bound,1,71,71,71,71,71,71,71,71,0,0,exact_linear_order_statistics_disk_backed
observations,,pk_adme,ERH,%,interval,pk_adme,experimental_summary,upper_censor_bound,1,75,75,75,75,75,75,75,75,0,0,exact_linear_order_statistics_disk_backed
observations,,pk_adme,ERH,min,=,pk_adme,experimental_summary,exact_value,9,0.46000000000000002,0.48160000000000003,0.77000000000000002,0.81999999999999995,0.90000000000000002,0.96599999999999997,0.96999999999999997,0.80555555555555558,0.142603655174528,0.13,exact_linear_order_statistics_disk_backed
observations,,pk_adme,ERH,nM,=,pk_adme,experimental_summary,exact_value,1,0.75,0.75,0.75,0.75,0.75,0.75,0.75,0.75,0,0,exact_linear_order_statistics_disk_backed
observations,,pk_adme,Efficacy,%,=,pk_adme,experimental_summary,exact_value,17,0.59999999999999998,1.2399999999999998,9.5,26,50.600000000000001,71.200000000000003,74,29.147058823529413,21.812492849068335,41.100000000000001,exact_linear_order_statistics_disk_backed
observations,,pk_adme,Emax,%,<=,pk_adme,experimental_summary,upper_censor_bound,3,1,1,1,1,1,1,1,1,0,0,exact_linear_order_statistics_disk_backed
observations,,pk_adme,Emax,%,=,pk_adme,experimental_summary,exact_value,52,-2.7000000000000002,-1.323,3.0750000000000002,16,50.25,205.61000000000018,251,42.3125,56.396709733370088,47.174999999999997,exact_linear_order_statistics_disk_backed
observations,,pk_adme,Enantiomeric composition,%,=,pk_adme,experimental_summary,exact_value,8,14,14.210000000000001,17.75,50,82.25,85.789999999999992,86,50,29.466082196315138,64.5,exact_linear_order_statistics_disk_backed
observations,,pk_adme,F,%,<,pk_adme,experimental_summary,upper_censor_bound,627,-6,0.10000000000000001,1,3,6.5,40,100,6.6879106858054218,9.144686324815293,5.5,exact_linear_order_statistics_disk_backed
observations,,pk_adme,F,%,<=,pk_adme,experimental_summary,upper_censor_bound,36,0.29999999999999999,0.29999999999999999,4.25,20,20,100,100,20.805555555555557,22.697882236558794,15.75,exact_linear_order_statistics_disk_backed
observations,,pk_adme,F,%,=,other_bioactivity,experimental_summary,exact_value,127,0,0.57499999999999996,12,34.899999999999999,63.799999999999997,111.43599999999995,132,40.781338582677172,31.109643828772416,51.799999999999997,exact_linear_order_statistics_disk_backed
observations,,pk_adme,F,%,=,pk_adme,experimental_summary,exact_value,29928,-100,0,16,38.700000000000003,67,130.07299999999995,18421,44.792477900294038,112.17514792706969,51,exact_linear_order_statistics_disk_backed
observations,,pk_adme,F,%,>,pk_adme,experimental_summary,lower_censor_bound,453,0.65000000000000002,10,66,95,100,100,100,80.203642384105962,26.254203762633118,34,exact_linear_order_statistics_disk_backed
observations,,pk_adme,F,%,>=,pk_adme,experimental_summary,lower_censor_bound,75,30,30,80,80,80,100,100,81.501333333333335,11.474092479243048,0,exact_linear_order_statistics_disk_backed
observations,,pk_adme,F,%,interval,pk_adme,experimental_summary,lower_censor_bound,89,1,2.7599999999999998,18,34,66,109.16000000000008,125,40.61865168539326,28.93169962387049,48,exact_linear_order_statistics_disk_backed
observations,,pk_adme,F,%,interval,pk_adme,experimental_summary,upper_censor_bound,89,1.2,4.5439999999999996,27,50,100,125.36000000000013,150,61.194382022471913,38.485474742961621,73,exact_linear_order_statistics_disk_backed
observations,,pk_adme,F,ml/min.kg,=,pk_adme,experimental_summary,exact_value,1,100,100,100,100,100,100,100,100,0,0,exact_linear_order_statistics_disk_backed
observations,,pk_adme,F,ng/mL,=,pk_adme,experimental_summary,exact_value,2,0.40000000000000002,0.40250000000000002,0.46250000000000002,0.52500000000000002,0.58750000000000002,0.64749999999999996,0.65000000000000002,0.52500000000000002,0.125,0.125,exact_linear_order_statistics_disk_backed
observations,,pk_adme,F/dose,%,<,pk_adme,experimental_summary,upper_censor_bound,2,1,1,1,1,1,1,1,1,0,0,exact_linear_order_statistics_disk_backed
observations,,pk_adme,F/dose,%,=,pk_adme,experimental_summary,exact_value,7,5,6.3799999999999999,32,48,72.5,73.939999999999998,74,48,24.698178070456937,40.5,exact_linear_order_statistics_disk_backed
observations,,pk_adme,Fa,%,<,pk_adme,experimental_summary,upper_censor_bound,4,21,21.18,25.5,27,29,34.759999999999998,35,27.5,4.9749371855330997,3.5,exact_linear_order_statistics_disk_backed
observations,,pk_adme,Fa,%,=,pk_adme,experimental_summary,exact_value,18,24,24.510000000000002,35,43,69.349999999999994,96,96,52.711111111111109,23.312774011231816,34.349999999999994,exact_linear_order_statistics_disk_backed
observations,,pk_adme,Fabs,%,=,pk_adme,experimental_summary,exact_value,9,12,12.199999999999999,27,48.600000000000001,89,100,100,56.677777777777777,35.395975219343725,62,exact_linear_order_statistics_disk_backed
observations,,pk_adme,Fapp,%,=,pk_adme,experimental_summary,exact_value,19,1,1.1080000000000001,17.5,44,55,166.42000000000002,181,45.452631578947368,40.320862673794601,37.5,exact_linear_order_statistics_disk_backed
observations,,pk_adme,Fapp,%,>,pk_adme,experimental_summary,lower_censor_bound,3,100,100,100,100,100,100,100,100,0,0,exact_linear_order_statistics_disk_backed
observations,,pk_adme,Fez,%,=,pk_adme,experimental_summary,exact_value,1,13,13,13,13,13,13,13,13,0,0,exact_linear_order_statistics_disk_backed
observations,,pk_adme,Fg,%,=,pk_adme,experimental_summary,exact_value,8,0.40000000000000002,0.44900000000000001,1.55,3.1000000000000001,16.25,27.229999999999997,28,8.8000000000000007,9.5750979107265533,14.699999999999999,exact_linear_order_statistics_disk_backed
observations,,pk_adme,Fh,%,=,pk_adme,experimental_summary,exact_value,7,14,15.26,52,71,83,99.339999999999989,100,65,28.025498593755145,31,exact_linear_order_statistics_disk_backed
observations,,pk_adme,Flu intensity,a.u.,=,pk_adme,experimental_summary,exact_value,2,19.699999999999999,19.794999999999998,22.074999999999999,24.449999999999999,26.824999999999999,29.104999999999997,29.199999999999999,24.449999999999999,4.75,4.75,exact_linear_order_statistics_disk_backed
observations,,pk_adme,Fluorescence,a.u,=,pk_adme,experimental_summary,exact_value,6,14,16.550000000000001,78,122,127,245.75000000000003,252,117,72.730094642222682,49,exact_linear_order_statistics_disk_backed
observations,,pk_adme,Fm,%,=,pk_adme,experimental_summary,exact_value,25,13,13.072000000000001,46,69,85,99,99,63.003999999999998,27.835135781957316,39,exact_linear_order_statistics_disk_backed
observations,,pk_adme,Fmax,%,=,pk_adme,experimental_summary,exact_value,185,3,3.8399999999999999,33,57,83,100,100,56.245405405405407,29.282631933344973,50,exact_linear_order_statistics_disk_backed
observations,,pk_adme,Fmean,%,=,pk_adme,experimental_summary,exact_value,1,70,70,70,70,70,70,70,70,0,0,exact_linear_order_statistics_disk_backed
observations,,pk_adme,Formation,%,=,pk_adme,experimental_summary,exact_value,26,0.40000000000000002,0.42500000000000004,0.69999999999999996,20.449999999999999,48.974999999999994,93.150000000000006,93.200000000000003,29.25,31.066618864825113,48.274999999999991,exact_linear_order_statistics_disk_backed
observations,,pk_adme,Formation of NO2-,nM,<,pk_adme,experimental_summary,upper_censor_bound,10,0.10000000000000001,0.10000000000000001,0.10000000000000001,0.10000000000000001,0.10000000000000001,0.10000000000000001,0.10000000000000001,0.10000000000000001,0,0,exact_linear_order_statistics_disk_backed
observations,,pk_adme,Formation of NO2-,nM,=,pk_adme,experimental_summary,exact_value,26,0.10000000000000001,0.125,0.95000000000000007,3.1000000000000001,6.9500000000000002,74.75,79,11.965384615384616,20.798667529577877,6,exact_linear_order_statistics_disk_backed
observations,,pk_adme,Formation of NO3-,nM,=,pk_adme,experimental_summary,exact_value,4,1.2,1.2089999999999999,1.425,2.9500000000000002,5.3250000000000002,7.988999999999999,8.0999999999999996,3.7999999999999998,2.7793884219374592,3.9000000000000004,exact_linear_order_statistics_disk_backed
observations,,pk_adme,Formation of compound,nM,=,pk_adme,experimental_summary,exact_value,4,5.0999999999999996,5.1389999999999993,6.0750000000000002,9.4499999999999993,13.800000000000001,17.543999999999997,17.699999999999999,10.425000000000001,5.0444895678353801,7.7250000000000005,exact_linear_order_statistics_disk_backed
observations,,pk_adme,Fos,%,=,pk_adme,experimental_summary,exact_value,2,6.2999999999999998,7.2370000000000001,29.725000000000001,53.149999999999999,76.575000000000003,99.063000000000002,100,53.149999999999999,46.850000000000009,46.850000000000001,exact_linear_order_statistics_disk_backed
observations,,pk_adme,Free,%,=,pk_adme,experimental_summary,exact_value,100,0.50700000000000001,0.54066000000000003,5.6725000000000003,12.449999999999999,24.25,86.04000000000002,90,18.292190000000002,18.36815605100033,18.577500000000001,exact_linear_order_statistics_disk_backed
observations,,pk_adme,Fu,%,<,other_bioactivity,experimental_summary,upper_censor_bound,339,1.9999999999999999e-06,4.3799999999999996e-06,0.001,0.0040000000000000001,0.01,0.02,0.050000000000000003,0.0057707758112094396,0.0058913249184603745,0.0090000000000000011,exact_linear_order_statistics_disk_backed
observations,,pk_adme,Fu,%,<,pk_adme,experimental_summary,upper_censor_bound,43,0.0001,0.0001,0.001,0.001,0.001,0.036879999999999941,0.051999999999999998,0.0024209302325581394,0.0079957127506233832,0,exact_linear_order_statistics_disk_backed
observations,,pk_adme,Fu,%,<=,other_bioactivity,experimental_summary,upper_censor_bound,5,0.001,0.0017600000000000001,0.02,0.02,0.02,0.048800000000000003,0.050000000000000003,0.022200000000000001,0.015727682601070003,0,exact_linear_order_statistics_disk_backed
observations,,pk_adme,Fu,%,=,binding,experimental_summary,exact_value,16,0.001,0.00115,0.07375000000000001,0.33000000000000002,0.44,0.48849999999999999,0.48999999999999999,0.27625,0.18307256075119505,0.36624999999999996,exact_linear_order_statistics_disk_backed
observations,,pk_adme,Fu,%,=,other_bioactivity,experimental_summary,exact_value,6545,0,3.8655999999999997e-05,0.01,0.043999999999999997,0.14000000000000001,0.92279999999999751,4.9100000000000001,0.12118103147746372,0.19479594316202115,0.13,exact_linear_order_statistics_disk_backed
observations,,pk_adme,Fu,%,=,pk_adme,experimental_summary,exact_value,1135,0,0.0001,0.016,0.083000000000000004,0.23300000000000001,0.9933200000000002,1,0.18308456387665198,0.24545781306756387,0.21700000000000003,exact_linear_order_statistics_disk_backed
observations,,pk_adme,Fu,%,>,other_bioactivity,experimental_summary,lower_censor_bound,64,0.10000000000000001,0.10000000000000001,0.40000000000000002,0.5,0.86250000000000004,0.999,0.999,0.59793750000000001,0.27121341199090798,0.46250000000000002,exact_linear_order_statistics_disk_backed
observations,,pk_adme,Fu,%,>,pk_adme,experimental_summary,lower_censor_bound,12,0.29999999999999999,0.29999999999999999,0.29999999999999999,0.93000000000000005,0.94725000000000004,0.999,0.999,0.73058333333333325,0.30701233914761322,0.6472500000000001,exact_linear_order_statistics_disk_backed
observations,,pk_adme,Fu,%,>=,other_bioactivity,experimental_summary,lower_censor_bound,2,0.98999999999999999,0.98999999999999999,0.98999999999999999,0.98999999999999999,0.98999999999999999,0.98999999999999999,0.98999999999999999,0.98999999999999999,0,0,exact_linear_order_statistics_disk_backed
observations,,pk_adme,Fu,%,interval,other_bioactivity,experimental_summary,lower_censor_bound,14,0.0016999999999999999,0.0019989999999999999,0.039,0.074500000000000011,0.10000000000000001,0.13827999999999996,0.14399999999999999,0.068192857142857138,0.042345660332312601,0.061000000000000006,exact_linear_order_statistics_disk_backed
observations,,pk_adme,Fu,%,interval,other_bioactivity,experimental_summary,upper_censor_bound,14,0.20000000000000001,0.36899999999999999,7.8499999999999996,20,20,76.959999999999994,78,22.171428571428571,22.698251303677512,12.15,exact_linear_order_statistics_disk_backed
observations,,pk_adme,Fu,%id,=,other_bioactivity,experimental_summary,exact_value,1,4.4000000000000004,4.4000000000000004,4.4000000000000004,4.4000000000000004,4.4000000000000004,4.4000000000000004,4.4000000000000004,4.4000000000000004,0,0,exact_linear_order_statistics_disk_backed
observations,,pk_adme,Fu,10'-5no_unit,=,other_bioactivity,experimental_summary,exact_value,2,5.3600000000000003,5.3902000000000001,6.1150000000000002,6.870000000000001,7.6250000000000009,8.3498000000000001,8.3800000000000008,6.870000000000001,1.5099999999999991,1.5100000000000007,exact_linear_order_statistics_disk_backed
observations,,pk_adme,Fu,microg.hr/ml,=,other_bioactivity,experimental_summary,exact_value,1,58.5,58.5,58.5,58.5,58.5,58.5,58.5,58.5,0,0,exact_linear_order_statistics_disk_backed
observations,,pk_adme,Fu,nM,=,other_bioactivity,experimental_summary,exact_value,188,0.017999999999999999,0.030960000000000001,4.7300000000000004,31,126.875,2239.8199999999852,15418,248.70593617021277,1200.0488559100534,122.145,exact_linear_order_statistics_disk_backed
observations,,pk_adme,Fu,nM,>,other_bioactivity,experimental_summary,lower_censor_bound,2,0.089999999999999997,0.089999999999999997,0.089999999999999997,0.089999999999999997,0.089999999999999997,0.089999999999999997,0.089999999999999997,0.089999999999999997,0,0,exact_linear_order_statistics_disk_backed
observations,,pk_adme,Fu,ng/g,=,other_bioactivity,experimental_summary,exact_value,11,0.050000000000000003,0.36500000000000005,12.82,33.100000000000001,1625.1499999999999,4649.6000000000004,4750,1079.5172727272727,1759.6610021875904,1612.3299999999999,exact_linear_order_statistics_disk_backed
observations,,pk_adme,Fu,ng/mL,<,other_bioactivity,experimental_summary,upper_censor_bound,2,2.5,2.6749999999999998,6.875,11.25,15.625,19.824999999999999,20,11.25,8.75,8.75,exact_linear_order_statistics_disk_backed
observations,,pk_adme,Fu,ng/mL,=,other_bioactivity,experimental_summary,exact_value,14,1.0600000000000001,1.1653,8.7249999999999996,15.550000000000001,47.575000000000003,305.7969999999998,340,46.695,84.419614405827332,38.850000000000001,exact_linear_order_statistics_disk_backed
observations,,pk_adme,Fu,nmol/g,=,other_bioactivity,experimental_summary,exact_value,3,0.0028,0.012944000000000001,0.25640000000000002,0.51000000000000001,0.72499999999999998,0.93140000000000001,0.93999999999999995,0.48426666666666662,0.38304274203047139,0.46859999999999996,exact_linear_order_statistics_disk_backed
observations,,pk_adme,Fu,nmol/kg,=,other_bioactivity,experimental_summary,exact_value,1,25.699999999999999,25.699999999999999,25.699999999999999,25.699999999999999,25.699999999999999,25.699999999999999,25.699999999999999,25.699999999999999,0,0,exact_linear_order_statistics_disk_backed
observations,,pk_adme,Fu,uM,=,other_bioactivity,experimental_summary,exact_value,38,0.012999999999999999,0.01559,0.20000000000000001,0.61499999999999999,1.8500000000000001,24.292900000000003,24.600000000000001,2.6293157894736843,5.6743502392008827,1.6500000000000001,exact_linear_order_statistics_disk_backed
observations,,pk_adme,Fu,ugml-1,=,other_bioactivity,experimental_summary,exact_value,4,0.80000000000000004,0.81800000000000006,1.25,1.8149999999999999,2.5724999999999998,3.5588999999999995,3.6000000000000001,2.0074999999999998,1.0503184041042035,1.3224999999999998,exact_linear_order_statistics_disk_backed
observations,,pk_adme,GI,%,=,pk_adme,experimental_summary,exact_value,1,100,100,100,100,100,100,100,100,0,0,exact_linear_order_statistics_disk_backed
observations,,pk_adme,GI50,nM,=,pk_adme,experimental_summary,exact_value,19,3300,3498,25300,47000,99200,122676,123000,58984.210526315786,40551.426260307453,73900,exact_linear_order_statistics_disk_backed
observations,,pk_adme,GI50,nM,>,pk_adme,experimental_summary,lower_censor_bound,22,100000,100000,125000,125000,125000,500000,500000,154545.45454545456,109657.61892558927,0,exact_linear_order_statistics_disk_backed
observations,,pk_adme,GT rate,nmmin-1(mgofprotein)-1,<,pk_adme,experimental_summary,upper_censor_bound,1,0.01,0.01,0.01,0.01,0.01,0.01,0.01,0.01,0,0,exact_linear_order_statistics_disk_backed
observations,,pk_adme,GT rate,nmmin-1(mgofprotein)-1,=,pk_adme,experimental_summary,exact_value,25,0,0,0.02,0.059999999999999998,0.17499999999999999,12.49599999999997,16,0.84340000000000004,3.1154170571530226,0.155,exact_linear_order_statistics_disk_backed
observations,,pk_adme,Glucuronidation,nmol/min/mg,=,pk_adme,experimental_summary,exact_value,9,0.01,0.01,0.02,0.040000000000000001,0.16,0.8448,0.90000000000000002,0.16222222222222221,0.26922843575165673,0.14000000000000001,exact_linear_order_statistics_disk_backed
observations,,pk_adme,Glucuronidation rate,nmmin-1mg-1,=,pk_adme,experimental_summary,exact_value,8,0.0060000000000000001,0.0064200000000000004,0.021750000000000002,0.044999999999999998,0.082250000000000004,0.23497999999999997,0.24099999999999999,0.073374999999999996,0.076959303368728596,0.060499999999999998,exact_linear_order_statistics_disk_backed
observations,,pk_adme,HEPG2TOX ASSAY - CC50,uM,<,pk_adme,experimental_summary,upper_censor_bound,2,0.012800000000000001,0.012800000000000001,0.012800000000000001,0.012800000000000001,0.012800000000000001,0.012800000000000001,0.012800000000000001,0.012800000000000001,0,0,exact_linear_order_statistics_disk_backed
observations,,pk_adme,HEPG2TOX ASSAY - CC50,uM,=,pk_adme,experimental_summary,exact_value,11918,-3,0.028868000000000001,2.5425,4.3200000000000003,6.9000000000000004,10.682999999999993,15.4,4.6921229149186106,2.9302884735420207,4.3574999999999999,exact_linear_order_statistics_disk_backed
observations,,pk_adme,HEPG2TOX ASSAY - CC50,uM,>,pk_adme,experimental_summary,lower_censor_bound,8058,2,5.9900000000000002,10,10,10,14.800000000000001,22,9.7568950111690249,1.4859315656076943,0,exact_linear_order_statistics_disk_backed
observations,,pk_adme,HEPG2TOX ASSAY - CC90,uM,<,pk_adme,experimental_summary,upper_censor_bound,2,0.012800000000000001,0.012800000000000001,0.012800000000000001,0.012800000000000001,0.012800000000000001,0.012800000000000001,0.012800000000000001,0.012800000000000001,0,0,exact_linear_order_statistics_disk_backed
observations,,pk_adme,HEPG2TOX ASSAY - CC90,uM,=,pk_adme,experimental_summary,exact_value,11918,-3,0.028868000000000001,2.5425,4.3200000000000003,6.9000000000000004,10.682999999999993,15.4,4.6921229149186106,2.9302884735420207,4.3574999999999999,exact_linear_order_statistics_disk_backed
observations,,pk_adme,HEPG2TOX ASSAY - CC90,uM,>,pk_adme,experimental_summary,lower_censor_bound,8058,2,5.9900000000000002,10,10,10,14.800000000000001,22,9.7568950111690249,1.4859315656076943,0,exact_linear_order_statistics_disk_backed
observations,,pk_adme,Hepatocyte stability,ul/min/10e6cells,=,pk_adme,experimental_summary,exact_value,6,3,3.2000000000000002,8.25,13.5,23.25,26.949999999999999,27,15,8.9628864398325003,15,exact_linear_order_statistics_disk_backed
observations,,pk_adme,IC,uM,=,pk_adme,experimental_summary,exact_value,29,18,19.120000000000001,31,58,88,180,180,67.103448275862064,41.141760668061053,57,exact_linear_order_statistics_disk_backed
observations,,pk_adme,IC,uM,>,pk_adme,experimental_summary,lower_censor_bound,3,300,300,300,300,300,300,300,300,0,0,exact_linear_order_statistics_disk_backed
observations,,pk_adme,IC50,nM,<,pk_adme,experimental_summary,upper_censor_bound,1410,0.001,0.5,50,200,500,200000,500000,6133.5863762411345,36335.559611556622,450,exact_linear_order_statistics_disk_backed
observations,,pk_adme,IC50,nM,<=,pk_adme,experimental_summary,upper_censor_bound,177,10,10,11,11,11,20000,20000,778.04519774011294,3732.3741082363208,0,exact_linear_order_statistics_disk_backed
observations,,pk_adme,IC50,nM,=,pk_adme,experimental_summary,exact_value,34467,0,0.44,52,770,8875,449436.74899999815,50000000000,2265694.8984476505,270185294.71205866,8823,exact_linear_order_statistics_disk_backed
observations,,pk_adme,IC50,nM,>,pk_adme,experimental_summary,lower_censor_bound,9295,10,100,10000,25000,50000,1000000,10000000,96953.990176438951,671743.25431474764,40000,exact_linear_order_statistics_disk_backed
observations,,pk_adme,IC50,nM,>=,pk_adme,experimental_summary,lower_censor_bound,37,260,3766.4000000000001,19000,30000,100000,400000,400000,109439.45945945945,155792.84946894631,81000,exact_linear_order_statistics_disk_backed
observations,,pk_adme,IC50,nM,interval,pk_adme,experimental_summary,lower_censor_bound,85,0.5,0.5,0.5,1,10,46.639999999999986,50,4.4694117647058818,8.5300992826359465,9.5,exact_linear_order_statistics_disk_backed
observations,,pk_adme,IC50,nM,interval,pk_adme,experimental_summary,upper_censor_bound,85,1,1,1,3,15,100,100,25.810588235294119,39.119900227015229,14,exact_linear_order_statistics_disk_backed
observations,,pk_adme,IC80,nM,=,pk_adme,experimental_summary,exact_value,1,2095,2095,2095,2095,2095,2095,2095,2095,0,0,exact_linear_order_statistics_disk_backed
observations,,pk_adme,IC90,nM,=,pk_adme,experimental_summary,exact_value,29,10,11.120000000000001,24,41,83,1050.9599999999987,1406,95.103448275862064,249.75247675104606,59,exact_linear_order_statistics_disk_backed
observations,,pk_adme,ID50,M,=,pk_adme,experimental_summary,exact_value,4,9.9999999999999995e-07,2.4700000000000001e-06,3.7750000000000003e-05,6.5000000000000008e-05,8.4375000000000004e-05,9.6974999999999999e-05,9.7499999999999998e-05,5.7124999999999999e-05,3.658615687661114e-05,4.6625000000000002e-05,exact_linear_order_statistics_disk_backed
observations,,pk_adme,ID50,M,>,pk_adme,experimental_summary,lower_censor_bound,4,0.0001,0.0001,0.0001,0.0001,0.0001,0.0001,0.0001,0.0001,0,0,exact_linear_order_statistics_disk_backed
observations,,pk_adme,ID50,mg.kg-1,=,pk_adme,experimental_summary,exact_value,16,0.025000000000000001,0.11724999999999999,1.925,6.5,37.5,74.25,75,22.091562499999998,26.42342247649032,35.575000000000003,exact_linear_order_statistics_disk_backed
observations,,pk_adme,ID50,ugml-1,=,pk_adme,experimental_summary,exact_value,2,0.5,0.51000000000000001,0.75,1,1.25,1.49,1.5,1,0.5,0.5,exact_linear_order_statistics_disk_backed
observations,,pk_adme,ID50,ugml-1,>,pk_adme,experimental_summary,lower_censor_bound,1,500,500,500,500,500,500,500,500,0,0,exact_linear_order_statistics_disk_backed
observations,,pk_adme,ID50,umol,=,pk_adme,experimental_summary,exact_value,12,0.035000000000000003,0.041270000000000001,0.23625000000000002,0.57499999999999996,1.2475000000000001,7.4304000000000023,7.7999999999999998,1.4793333333333332,2.2315183296481247,1.01125,exact_linear_order_statistics_disk_backed
observations,,pk_adme,INH,10'-4/min,=,pk_adme,experimental_summary,exact_value,9,8,8.4000000000000004,22,38,76,93.120000000000005,94,48.333333333333336,30.003703475108239,54,exact_linear_order_statistics_disk_backed
observations,,pk_adme,INH,10'-4m,=,pk_adme,experimental_summary,exact_value,2,25,25.129999999999999,28.25,31.5,34.75,37.869999999999997,38,31.5,6.5,6.5,exact_linear_order_statistics_disk_backed
observations,,pk_adme,INH,10'-5m,=,pk_adme,experimental_summary,exact_value,2,23,23.039999999999999,24,25,26,26.960000000000001,27,25,2,2,exact_linear_order_statistics_disk_backed
observations,,pk_adme,INH,10'-7m,=,pk_adme,experimental_summary,exact_value,5,9,11.039999999999999,60,76,82,92.560000000000002,93,64,29.49576240750525,22,exact_linear_order_statistics_disk_backed
observations,,pk_adme,INH,10'-8m,=,pk_adme,experimental_summary,exact_value,8,11,11.56,27.25,31,50.25,69.810000000000002,71,37,18.405162319305962,23,exact_linear_order_statistics_disk_backed
observations,,pk_adme,INH,nM,=,pk_adme,experimental_summary,exact_value,4,7,7.0300000000000002,7.75,8.5,10.5,14.819999999999999,15,9.75,3.1124748994971831,2.75,exact_linear_order_statistics_disk_backed
observations,,pk_adme,INH,pmol,=,pk_adme,experimental_summary,exact_value,1,3.6000000000000001,3.6000000000000001,3.6000000000000001,3.6000000000000001,3.6000000000000001,3.6000000000000001,3.6000000000000001,3.6000000000000001,0,0,exact_linear_order_statistics_disk_backed
observations,,pk_adme,INH,uM,=,pk_adme,experimental_summary,exact_value,83,0.040000000000000001,0.13020000000000001,0.98499999999999999,4,15.1,187.57999999999794,418,17.365180722891566,49.4365423685039,14.115,exact_linear_order_statistics_disk_backed
observations,,pk_adme,INH,uM,>,pk_adme,experimental_summary,lower_censor_bound,94,10,10,20,20,30,100,100,27.553191489361701,20.404743410398059,10,exact_linear_order_statistics_disk_backed
observations,,pk_adme,IP,nm/s,<,pk_adme,experimental_summary,upper_censor_bound,1,15,15,15,15,15,15,15,15,0,0,exact_linear_order_statistics_disk_backed
observations,,pk_adme,IZ,mM,=,pk_adme,experimental_summary,exact_value,2,9,9,9,9,9,9,9,9,0,0,exact_linear_order_statistics_disk_backed
observations,,pk_adme,Imax,%,=,pk_adme,experimental_summary,exact_value,11,20,21.100000000000001,40,56,99.5,109,110,64.74545454545455,30.552380167252053,59.5,exact_linear_order_statistics_disk_backed
observations,,pk_adme,Inflection point,nm/s,=,pk_adme,experimental_summary,exact_value,3,20,20.760000000000002,39,58,94.5,129.53999999999999,131,69.666666666666671,46.060346889222998,55.5,exact_linear_order_statistics_disk_backed
observations,,pk_adme,Inhibition,%,<,pk_adme,experimental_summary,upper_censor_bound,420,1,5,10,15,50,53,75.200000000000003,25.754047619047622,18.844230083139603,40,exact_linear_order_statistics_disk_backed
observations,,pk_adme,Inhibition,%,<=,pk_adme,experimental_summary,upper_censor_bound,22,0,0,5,10,10.75,90,90,17.681818181818183,24.406382108032844,5.75,exact_linear_order_statistics_disk_backed
observations,,pk_adme,Inhibition,%,=,pk_adme,experimental_summary,exact_value,9554,-229.44999999999999,-23.079900000000002,11,33,67.950000000000003,108,1000,39.716136079233827,36.393778705498214,56.950000000000003,exact_linear_order_statistics_disk_backed
observations,,pk_adme,Inhibition,%,>,pk_adme,experimental_summary,lower_censor_bound,132,25,25,50,80,90,100,100,71.159090909090907,20.139975905561155,40,exact_linear_order_statistics_disk_backed
observations,,pk_adme,Inhibition,%,>=,pk_adme,experimental_summary,lower_censor_bound,79,38,38,70,80,80,80,80,74.303797468354432,10.467979421749463,10,exact_linear_order_statistics_disk_backed
observations,,pk_adme,Inhibition,%,interval,pk_adme,experimental_summary,lower_censor_bound,97,-2,0.016000000000000014,1,47,50,87.119999999999976,90,28.317319587628869,26.159879035765908,49,exact_linear_order_statistics_disk_backed
observations,,pk_adme,Inhibition,%,interval,pk_adme,experimental_summary,upper_censor_bound,97,0,1.536,50,61.600000000000001,80,97.079999999999984,99,60.63061855670103,24.366163365272762,30,exact_linear_order_statistics_disk_backed
observations,,pk_adme,Intact,%,=,pk_adme,experimental_summary,exact_value,3,73,73,73,73,73,73,73,73,0,0,exact_linear_order_statistics_disk_backed
observations,,pk_adme,Iron mobilization,%,=,pk_adme,experimental_summary,exact_value,10,4.5,4.8545999999999996,12,23.899999999999999,52.975000000000001,60.003999999999998,60.399999999999999,30.463999999999999,21.284596871916555,40.975000000000001,exact_linear_order_statistics_disk_backed
observations,,pk_adme,Jss,ug/cm2.hr,=,pk_adme,experimental_summary,exact_value,10,0.059999999999999998,0.0717,0.25750000000000001,1,1.8,10.766400000000001,11.49,2.1019999999999999,3.2781574092773527,1.5425,exact_linear_order_statistics_disk_backed
observations,,pk_adme,K,/hr,<,pk_adme,experimental_summary,upper_censor_bound,1,0.00089999999999999998,0.00089999999999999998,0.00089999999999999998,0.00089999999999999998,0.00089999999999999998,0.00089999999999999998,0.00089999999999999998,0.00089999999999999998,0,0,exact_linear_order_statistics_disk_backed
observations,,pk_adme,K,/hr,=,pk_adme,experimental_summary,exact_value,7,0.0047999999999999996,0.0064919999999999995,0.066000000000000003,0.109,0.20000000000000001,0.27700000000000002,0.28000000000000003,0.13225714285714288,0.093005665835749041,0.13400000000000001,exact_linear_order_statistics_disk_backed
observations,,pk_adme,K,/min,=,pk_adme,experimental_summary,exact_value,76,0.00080000000000000004,0.00087500000000000002,0.0069750000000000003,0.015349999999999999,0.035000000000000003,0.31367499999999998,0.31509999999999999,0.034706578947368422,0.060264810377826182,0.028025000000000001,exact_linear_order_statistics_disk_backed
observations,,pk_adme,K,10'-1/min,=,pk_adme,experimental_summary,exact_value,4,0.01379,0.0141251,0.0221675,0.026689999999999998,0.030019999999999998,0.034627999999999992,0.034819999999999997,0.025497499999999999,0.0076289657719772197,0.0078524999999999984,exact_linear_order_statistics_disk_backed
observations,,pk_adme,K,10'-5/s,=,pk_adme,experimental_summary,exact_value,4,7.0800000000000001,7.0803000000000003,7.0875000000000004,8.3200000000000003,12.3375,20.365499999999997,20.699999999999999,11.105,5.6303396877985961,5.25,exact_linear_order_statistics_disk_backed
observations,,pk_adme,K,10'-7/s,=,pk_adme,experimental_summary,exact_value,4,2.4700000000000002,2.4934000000000003,3.0550000000000002,4.5800000000000001,13.432500000000001,35.09729999999999,36,11.907500000000001,13.96815373447758,10.377500000000001,exact_linear_order_statistics_disk_backed
observations,,pk_adme,K,micromol/min,=,pk_adme,experimental_summary,exact_value,1,0.433,0.433,0.433,0.433,0.433,0.433,0.433,0.433,0,0,exact_linear_order_statistics_disk_backed
observations,,pk_adme,K,min,=,pk_adme,experimental_summary,exact_value,5,0.0076699999999999997,0.0077299999999999999,0.0091699999999999993,0.0134,0.019400000000000001,0.28973599999999999,0.30099999999999999,0.070127999999999996,0.11550771046125016,0.010230000000000001,exact_linear_order_statistics_disk_backed
observations,,pk_adme,K,ml/umol/min,=,pk_adme,experimental_summary,exact_value,1,0.433,0.433,0.433,0.433,0.433,0.433,0.433,0.433,0,0,exact_linear_order_statistics_disk_backed
observations,,pk_adme,"K(p,uu,brain)",%,=,pk_adme,experimental_summary,exact_value,1,0.28000000000000003,0.28000000000000003,0.28000000000000003,0.28000000000000003,0.28000000000000003,0.28000000000000003,0.28000000000000003,0.28000000000000003,0,0,exact_linear_order_statistics_disk_backed
observations,,pk_adme,KA,uM,=,pk_adme,experimental_summary,exact_value,63,0.0050000000000000001,0.00562,1.05,2.3999999999999999,3.8499999999999996,63.52000000000001,66,12.005793650793651,19.482588253429217,2.7999999999999998,exact_linear_order_statistics_disk_backed
observations,,pk_adme,KA,uM,>,pk_adme,experimental_summary,lower_censor_bound,7,200,200,200,200,200,200,200,200,0,0,exact_linear_order_statistics_disk_backed
observations,,pk_adme,Ka,/hr,=,pk_adme,experimental_summary,exact_value,4,2.25,2.2515000000000001,2.2874999999999996,2.6600000000000001,3.21,3.7571999999999997,3.7799999999999998,2.8374999999999999,0.62363350615565882,0.92250000000000032,exact_linear_order_statistics_disk_backed
observations,,pk_adme,Ka,uM,=,pk_adme,experimental_summary,exact_value,37,0.01,0.013600000000000001,0.10000000000000001,1.8,4.0999999999999996,28.760000000000019,41,3.3764864864864865,6.6585085645264019,3.9999999999999996,exact_linear_order_statistics_disk_backed
observations,,pk_adme,Kcat/Km,/m/min,=,pk_adme,experimental_summary,exact_value,2,9.1999999999999993,9.9449999999999985,27.824999999999999,46.450000000000003,65.075000000000003,82.954999999999998,83.700000000000003,46.450000000000003,37.25,37.25,exact_linear_order_statistics_disk_backed
observations,,pk_adme,Kd,nM,=,pk_adme,experimental_summary,exact_value,37,2.7000000000000002,5.3279999999999994,120,330,1600,7516.0000000000009,8200,1391.0594594594593,2050.2193354594042,1480,exact_linear_order_statistics_disk_backed
observations,,pk_adme,Kdiss,/hr,=,pk_adme,experimental_summary,exact_value,1,0.37,0.37,0.37,0.37,0.37,0.37,0.37,0.37,0,0,exact_linear_order_statistics_disk_backed
observations,,pk_adme,Ke,/min,=,pk_adme,experimental_summary,exact_value,25,0.0090900000000000009,0.010532400000000001,0.0218,0.033099999999999997,0.075800000000000006,0.38055999999999995,0.38800000000000001,0.09097559999999999,0.11656584803723605,0.054000000000000006,exact_linear_order_statistics_disk_backed
observations,,pk_adme,Kel,/hr,=,pk_adme,experimental_summary,exact_value,1,0.14000000000000001,0.14000000000000001,0.14000000000000001,0.14000000000000001,0.14000000000000001,0.14000000000000001,0.14000000000000001,0.14000000000000001,0,0,exact_linear_order_statistics_disk_backed
observations,,pk_adme,Kel,/min,=,pk_adme,experimental_summary,exact_value,45,0.00050000000000000001,0.0016000000000000001,0.007424,0.016500000000000001,0.028000000000000001,0.26064000000000004,0.26900000000000002,0.034105977777777782,0.056256185828953316,0.020576000000000001,exact_linear_order_statistics_disk_backed
observations,,pk_adme,Ki,nM,=,pk_adme,experimental_summary,exact_value,2152,0.0050000000000000001,0.10000000000000001,20,100,832.5,1038799.9999999738,4786300923226380,2703804365017.1313,104654322337401.47,812.5,exact_linear_order_statistics_disk_backed
observations,,pk_adme,Ki,nM,>,pk_adme,experimental_summary,lower_censor_bound,39,250,250,30000,30000,100000,1619999.9999999974,2000000,187025.64102564103,395174.03580360266,70000,exact_linear_order_statistics_disk_backed
observations,,pk_adme,Ki,nM,>=,pk_adme,experimental_summary,lower_censor_bound,2,450,450,450,450,450,450,450,450,0,0,exact_linear_order_statistics_disk_backed
observations,,pk_adme,Kin,hr-1,=,pk_adme,experimental_summary,exact_value,23,3.6000000000000001,3.6659999999999999,189.04999999999998,3000,7000,266200.00000000035,330000,19169.678260869565,66757.2846070909,6810.9499999999998,exact_linear_order_statistics_disk_backed
observations,,pk_adme,Kin x,hr-1,=,pk_adme,experimental_summary,exact_value,2,3,3.0219999999999998,3.5499999999999998,4.0999999999999996,4.6500000000000004,5.1779999999999999,5.2000000000000002,4.0999999999999996,1.1000000000000021,1.1000000000000005,exact_linear_order_statistics_disk_backed
observations,,pk_adme,Kin x10e3,hr-1,=,pk_adme,experimental_summary,exact_value,32,2.5,2.6549999999999998,3.875,4.9499999999999993,6.9250000000000007,10.576000000000001,10.699999999999999,5.5906250000000002,2.197066136777635,3.0500000000000007,exact_linear_order_statistics_disk_backed
observations,,pk_adme,KinX,hr-1,=,pk_adme,experimental_summary,exact_value,1,5200,5200,5200,5200,5200,5200,5200,5200,0,0,exact_linear_order_statistics_disk_backed
observations,,pk_adme,Kinact,/hr,=,pk_adme,experimental_summary,exact_value,1,0.080000000000000002,0.080000000000000002,0.080000000000000002,0.080000000000000002,0.080000000000000002,0.080000000000000002,0.080000000000000002,0.080000000000000002,0,0,exact_linear_order_statistics_disk_backed
observations,,pk_adme,Kinact,/min,=,pk_adme,experimental_summary,exact_value,54,0.0060000000000000001,0.0070600000000000003,0.028500000000000001,0.072000000000000008,0.20999999999999999,0.52639999999999987,0.58999999999999997,0.13738148148148147,0.14653555259930265,0.18149999999999999,exact_linear_order_statistics_disk_backed
observations,,pk_adme,Kinact,/min,interval,pk_adme,experimental_summary,lower_censor_bound,1,0.02,0.02,0.02,0.02,0.02,0.02,0.02,0.02,0,0,exact_linear_order_statistics_disk_backed
observations,,pk_adme,Kinact,/min,interval,pk_adme,experimental_summary,upper_censor_bound,1,0.024,0.024,0.024,0.024,0.024,0.024,0.024,0.024,0,0,exact_linear_order_statistics_disk_backed
observations,,pk_adme,Kinact,min-1,=,pk_adme,experimental_summary,exact_value,17,0.012,0.01264,0.062,0.14000000000000001,0.22,19.488,22.800000000000001,1.5954117647058823,5.3223122801016123,0.158,exact_linear_order_statistics_disk_backed
observations,,pk_adme,Kinact,uM,=,pk_adme,experimental_summary,exact_value,2,0.34999999999999998,0.3775,1.0375000000000001,1.7250000000000001,2.4125000000000001,3.0725000000000002,3.1000000000000001,1.7250000000000001,1.3750000000000002,1.375,exact_linear_order_statistics_disk_backed
observations,,pk_adme,Kis,uM,=,pk_adme,experimental_summary,exact_value,1,824,824,824,824,824,824,824,824,0,0,exact_linear_order_statistics_disk_backed
observations,,pk_adme,Km,nM,<,pk_adme,experimental_summary,upper_censor_bound,1,50000,50000,50000,50000,50000,50000,50000,50000,0,0,exact_linear_order_statistics_disk_backed
observations,,pk_adme,Km,nM,=,pk_adme,experimental_summary,exact_value,411,2.2999999999999998,4.669999999999999,5500,19600,75950,4649999.9999999888,7400000,269904.3596350365,904689.45207209745,70450,exact_linear_order_statistics_disk_backed
observations,,pk_adme,Km,nM,>,pk_adme,experimental_summary,lower_censor_bound,3,30000,31400,65000,100000,175000,247000,250000,126666.66666666667,91772.665986241351,110000,exact_linear_order_statistics_disk_backed
observations,,pk_adme,Km,nM,>=,pk_adme,experimental_summary,lower_censor_bound,1,208000,208000,208000,208000,208000,208000,208000,208000,0,0,exact_linear_order_statistics_disk_backed
observations,,pk_adme,Km x10e3,hr-1,=,pk_adme,experimental_summary,exact_value,10,2.5,2.536,3.0249999999999999,4.25,6.1749999999999998,6.9459999999999997,7,4.5499999999999998,1.6572567694838374,3.1499999999999999,exact_linear_order_statistics_disk_backed
observations,,pk_adme,Km(unbound),uM,=,pk_adme,experimental_summary,exact_value,4,17.600000000000001,17.603000000000002,17.675000000000001,17.699999999999999,67.275000000000006,210.05099999999996,216,67.25,85.880862245322149,49.600000000000009,exact_linear_order_statistics_disk_backed
observations,,pk_adme,KmH,uM,=,pk_adme,experimental_summary,exact_value,10,6.5999999999999996,6.6719999999999997,8.4749999999999996,30.93,50.702500000000001,174.96600000000001,186,43.442999999999998,51.31553177157965,42.227499999999999,exact_linear_order_statistics_disk_backed
observations,,pk_adme,KmL,uM,=,pk_adme,experimental_summary,exact_value,10,867,868.25999999999999,1118.0274999999999,1375.8299999999999,1494.5,5502.2300000000005,5876,1745.8029999999999,1401.59005862663,376.47250000000008,exact_linear_order_statistics_disk_backed
observations,,pk_adme,Kp,10'-6cm/s,<,pk_adme,experimental_summary,upper_censor_bound,3,1,1,1,1,1,1,1,1,0,0,exact_linear_order_statistics_disk_backed
observations,,pk_adme,Kp,10'-6cm/s,=,pk_adme,experimental_summary,exact_value,17,2,2.1600000000000001,12,18,32,77.759999999999991,84,23.117647058823529,19.721240722635542,20,exact_linear_order_statistics_disk_backed
observations,,pk_adme,Kp,10^-3cm/min,=,pk_adme,experimental_summary,exact_value,10,0.070000000000000007,0.082600000000000007,0.33000000000000002,0.94999999999999996,1.0975000000000001,1.1399999999999999,1.1399999999999999,0.73299999999999998,0.4170383675394867,0.76750000000000007,exact_linear_order_statistics_disk_backed
observations,,pk_adme,Kp,10^-4cm/hr,=,pk_adme,experimental_summary,exact_value,2,3.8300000000000001,3.8618000000000001,4.625,5.4199999999999999,6.2149999999999999,6.9781999999999993,7.0099999999999998,5.4199999999999999,1.5899999999999994,1.5899999999999999,exact_linear_order_statistics_disk_backed
observations,,pk_adme,Kp,10^-5cm/hr,=,pk_adme,experimental_summary,exact_value,1,2.8700000000000001,2.8700000000000001,2.8700000000000001,2.8700000000000001,2.8700000000000001,2.8700000000000001,2.8700000000000001,2.8700000000000001,0,0,exact_linear_order_statistics_disk_backed
observations,,pk_adme,Kp,10^-6cm/s,=,pk_adme,experimental_summary,exact_value,42,0,0.00041000000000000005,1.8400000000000001,4.9399999999999995,9.0199999999999996,33.141999999999989,34.700000000000003,6.7331190476190477,7.3900912301939528,7.1799999999999997,exact_linear_order_statistics_disk_backed
observations,,pk_adme,Kp,cmhr-1,=,pk_adme,experimental_summary,exact_value,10,4000,5440,20000,340000,4705000,12292700,12560000,2971400,4453584.358693568,4685000,exact_linear_order_statistics_disk_backed
observations,,pk_adme,Kp,nm/s,=,pk_adme,experimental_summary,exact_value,2,19,19.239999999999998,25,31,37,42.759999999999998,43,31,12,12,exact_linear_order_statistics_disk_backed
observations,,pk_adme,Kp,ucm/s,=,pk_adme,experimental_summary,exact_value,39,0,0,2.0499999999999998,11,28,51.719999999999985,54,15.456410256410255,14.428938068354432,25.949999999999999,exact_linear_order_statistics_disk_backed
observations,,pk_adme,Ks,M,=,pk_adme,experimental_summary,exact_value,14,1.1000000000000001e-06,1.178e-06,3.65e-05,9.1000000000000003e-05,0.00029250000000000001,0.0028502999999999979,0.0032000000000000002,0.00036727142857142858,0.00080130647198235977,0.00025599999999999999,exact_linear_order_statistics_disk_backed
observations,,pk_adme,Ks,uM,=,pk_adme,experimental_summary,exact_value,22,0.12,0.1242,0.35499999999999998,0.52500000000000002,23.75,92.379999999999981,97,16.931818181818183,27.280039762095058,23.395,exact_linear_order_statistics_disk_backed
observations,,pk_adme,LBF,%,<,pk_adme,experimental_summary,upper_censor_bound,3,19,19.219999999999999,24.5,30,30,30,30,26.333333333333332,5.1854497287013617,5.5,exact_linear_order_statistics_disk_backed
observations,,pk_adme,LBF,%,=,pk_adme,experimental_summary,exact_value,66,11,14.25,35.25,48,69.75,92.349999999999994,93,53.530303030303031,21.931173120780091,34.5,exact_linear_order_statistics_disk_backed
observations,,pk_adme,LC20,uM,<,pk_adme,experimental_summary,upper_censor_bound,1,9,9,9,9,9,9,9,9,0,0,exact_linear_order_statistics_disk_backed
observations,,pk_adme,LC20,uM,=,pk_adme,experimental_summary,exact_value,6,16,16.050000000000001,17.25,20.5,29,47.150000000000006,48,25.5,11.26572974408079,11.75,exact_linear_order_statistics_disk_backed
observations,,pk_adme,LC20,uM,>,pk_adme,experimental_summary,lower_censor_bound,11,50,50,50,50,50,50,50,50,0,0,exact_linear_order_statistics_disk_backed
observations,,pk_adme,LC50,nM,=,pk_adme,experimental_summary,exact_value,15,90,115.2,14000,90000,202500,388799.99999999994,400000,123424,127535.30866914202,188500,exact_linear_order_statistics_disk_backed
observations,,pk_adme,LC50,nM,>,pk_adme,experimental_summary,lower_censor_bound,4,50000,51500,87500,150000,300000,587999.99999999988,600000,237500,216145.2058223823,212500,exact_linear_order_statistics_disk_backed
observations,,pk_adme,LC50,nM,>=,pk_adme,experimental_summary,lower_censor_bound,1,25000,25000,25000,25000,25000,25000,25000,25000,0,0,exact_linear_order_statistics_disk_backed
observations,,pk_adme,LC50,ug/mL,=,pk_adme,experimental_summary,exact_value,1,20,20,20,20,20,20,20,20,0,0,exact_linear_order_statistics_disk_backed
observations,,pk_adme,LM,ul/min/mgprotein,=,pk_adme,experimental_summary,exact_value,46,0,0.90000000000000002,7,28,67.25,450.99999999999994,460,70.195652173913047,110.25476812428515,60.25,exact_linear_order_statistics_disk_backed
observations,,pk_adme,LUCIFERASE EXPRESSION CONTROL - IC50,uM,=,pk_adme,experimental_summary,exact_value,2262,-3,-3,3.1499999999999999,5.8700000000000001,8.5075000000000003,12.1,15.9,5.6307260831122905,3.3787825964452272,5.3574999999999999,exact_linear_order_statistics_disk_backed
observations,,pk_adme,LUCIFERASE EXPRESSION CONTROL - IC50,uM,>,pk_adme,experimental_summary,lower_censor_bound,17716,3.3500000000000001,6.5300000000000002,9.7799999999999994,10,10,14.300000000000001,22,9.7649266200045162,1.2588188797586775,0.22000000000000064,exact_linear_order_statistics_disk_backed
observations,,pk_adme,LUCIFERASE EXPRESSION CONTROL - IC90,uM,=,pk_adme,experimental_summary,exact_value,2262,-3,-3,3.1499999999999999,5.8700000000000001,8.5075000000000003,12.1,15.9,5.6307260831122905,3.3787825964452272,5.3574999999999999,exact_linear_order_statistics_disk_backed
observations,,pk_adme,LUCIFERASE EXPRESSION CONTROL - IC90,uM,>,pk_adme,experimental_summary,lower_censor_bound,17716,3.3500000000000001,6.5300000000000002,9.7799999999999994,10,10,14.300000000000001,22,9.7649266200045162,1.2588188797586775,0.22000000000000064,exact_linear_order_statistics_disk_backed
observations,,pk_adme,LUCIFERASE INFECTION ASSAY - IC50,uM,<,pk_adme,experimental_summary,upper_censor_bound,2,0.012800000000000001,0.012800000000000001,0.012800000000000001,0.012800000000000001,0.012800000000000001,0.012800000000000001,0.012800000000000001,0.012800000000000001,0,0,exact_linear_order_statistics_disk_backed
observations,,pk_adme,LUCIFERASE INFECTION ASSAY - IC50,uM,=,pk_adme,experimental_summary,exact_value,11918,-3,0.028868000000000001,2.5425,4.3200000000000003,6.9000000000000004,10.682999999999993,15.4,4.6921229149186106,2.9302884735420207,4.3574999999999999,exact_linear_order_statistics_disk_backed
observations,,pk_adme,LUCIFERASE INFECTION ASSAY - IC50,uM,>,pk_adme,experimental_summary,lower_censor_bound,8058,2,5.9900000000000002,10,10,10,14.800000000000001,22,9.7568950111690249,1.4859315656076943,0,exact_linear_order_statistics_disk_backed
observations,,pk_adme,LUCIFERASE INFECTION ASSAY - IC90,uM,=,pk_adme,experimental_summary,exact_value,6394,-3,0.072008000000000003,3.0800000000000001,4.4400000000000004,7.46,11.113999999999942,15.4,5.0119910478573662,2.9184897676598074,4.3799999999999999,exact_linear_order_statistics_disk_backed
observations,,pk_adme,LUCIFERASE INFECTION ASSAY - IC90,uM,>,pk_adme,experimental_summary,lower_censor_bound,13584,2,6.1183000000000005,9.9149999999999991,10,10,14.617000000000006,22,9.7381802120141341,1.432583282987214,0.085000000000000853,exact_linear_order_statistics_disk_backed
observations,,pk_adme,LambdaZ,h,=,pk_adme,experimental_summary,exact_value,2,0.41999999999999998,0.42469999999999997,0.53749999999999998,0.65500000000000003,0.77249999999999996,0.88529999999999998,0.89000000000000001,0.65500000000000003,0.23499999999999993,0.23499999999999999,exact_linear_order_statistics_disk_backed
observations,,pk_adme,LambdaZ,min,=,pk_adme,experimental_summary,exact_value,4,12.550000000000001,12.600100000000001,13.8025,23.660000000000004,33.122500000000002,33.1873,33.189999999999998,23.265000000000001,9.8976777579389807,19.32,exact_linear_order_statistics_disk_backed
observations,,pk_adme,Log Pe,cms-1,=,pk_adme,experimental_summary,exact_value,64,-5.2999999999999998,-5.2999999999999998,-4.5999999999999996,-4.2000000000000002,-3.875,-3.4260000000000006,-3.2999999999999998,-4.2562499999999996,0.50307647281501833,0.72499999999999964,exact_linear_order_statistics_disk_backed
observations,,pk_adme,LogD,none,<,other_bioactivity,experimental_summary,upper_censor_bound,1,-1.5,-1.5,-1.5,-1.5,-1.5,-1.5,-1.5,-1.5,0,0,exact_linear_order_statistics_disk_backed
observations,,pk_adme,LogD,none,=,other_bioactivity,experimental_summary,exact_value,96,-0.82999999999999996,-0.55449999999999999,2.1000000000000001,2.7000000000000002,3.3999999999999999,4.6814999999999989,4.9000000000000004,2.6466666666666669,1.0456274697785792,1.2999999999999998,exact_linear_order_statistics_disk_backed
observations,,pk_adme,LogD,none,>,other_bioactivity,experimental_summary,lower_censor_bound,3,3.9399999999999999,3.9512,4.2199999999999998,4.5,4.5,4.5,4.5,4.3133333333333335,0.26398653164297442,0.28000000000000025,exact_linear_order_statistics_disk_backed
observations,,pk_adme,MED,mg,=,pk_adme,experimental_summary,exact_value,2,75,77.939999999999998,148.5,222,295.5,366.06,369,222,147,147,exact_linear_order_statistics_disk_backed
observations,,pk_adme,MET,%,=,pk_adme,experimental_summary,exact_value,16,0,0,20.75,37,74.5,90.700000000000003,91,44.3125,30.376221683250865,53.75,exact_linear_order_statistics_disk_backed
observations,,pk_adme,MF,%,=,pk_adme,experimental_summary,exact_value,35,1,2.02,10.5,42,62,96.939999999999969,100,39.828571428571429,28.134864709909266,51.5,exact_linear_order_statistics_disk_backed
observations,,pk_adme,MIC,nM,<,pk_adme,experimental_summary,upper_censor_bound,1,100,100,100,100,100,100,100,100,0,0,exact_linear_order_statistics_disk_backed
observations,,pk_adme,MIC,nM,=,pk_adme,experimental_summary,exact_value,75,9,9,51,390,1560,200000,200000,11168.426666666666,36036.487693511728,1509,exact_linear_order_statistics_disk_backed
observations,,pk_adme,MIC,nM,>,pk_adme,experimental_summary,lower_censor_bound,3,67000,67100,69500,72000,86000,99440,100000,79666.666666666672,14522.013940527959,16500,exact_linear_order_statistics_disk_backed
observations,,pk_adme,MIC,ug/mL,<,pk_adme,experimental_summary,upper_censor_bound,2,0.0080000000000000002,0.0091700000000000011,0.037249999999999998,0.066500000000000004,0.095750000000000002,0.12383,0.125,0.066500000000000004,0.058499999999999996,0.058500000000000003,exact_linear_order_statistics_disk_backed
observations,,pk_adme,MIC,ug/mL,<=,pk_adme,experimental_summary,upper_censor_bound,13,0.016,0.017680000000000001,0.059999999999999998,0.059999999999999998,0.059999999999999998,0.059999999999999998,0.059999999999999998,0.054307692307692307,0.013629067440215458,0,exact_linear_order_statistics_disk_backed
observations,,pk_adme,MIC,ug/mL,=,pk_adme,experimental_summary,exact_value,386,0.0040000000000000001,0.0080000000000000002,0.25,1,8,256,1024,16.483883419689121,79.25204003748415,7.75,exact_linear_order_statistics_disk_backed
observations,,pk_adme,MIC,ug/mL,>,pk_adme,experimental_summary,lower_censor_bound,105,16,25,64,128,256,1024,1024,219.25714285714287,262.30356926465868,192,exact_linear_order_statistics_disk_backed
observations,,pk_adme,MIC,ug/mL,interval,pk_adme,experimental_summary,lower_censor_bound,5,0.029999999999999999,0.038800000000000001,0.25,1,2,2,2,1.056,0.83519099612004899,1.75,exact_linear_order_statistics_disk_backed
observations,,pk_adme,MIC,ug/mL,interval,pk_adme,experimental_summary,upper_censor_bound,5,1,1.04,2,8,16,31.359999999999999,32,11.800000000000001,11.42628548566856,14,exact_linear_order_statistics_disk_backed
observations,,pk_adme,Max response,%,=,pk_adme,experimental_summary,exact_value,4,51,51.030000000000001,51.75,53.5,55.5,56.939999999999998,57,53.75,2.384848003542364,3.75,exact_linear_order_statistics_disk_backed
observations,,pk_adme,Mem Rec,%,=,pk_adme,experimental_summary,exact_value,2,76.099999999999994,76.222999999999999,79.174999999999997,82.25,85.325000000000003,88.277000000000001,88.400000000000006,82.25,6.1500000000000181,6.1500000000000057,exact_linear_order_statistics_disk_backed
observations,,pk_adme,Metabolic rate,nmol/min*mgofprotein,=,pk_adme,experimental_summary,exact_value,2,0.012,0.014080000000000001,0.064000000000000001,0.11599999999999999,0.16800000000000001,0.21792,0.22,0.11600000000000001,0.10399999999999998,0.10400000000000001,exact_linear_order_statistics_disk_backed
observations,,pk_adme,Metabolic stability,%,=,pk_adme,experimental_summary,exact_value,63,23,23.620000000000001,53.5,75,86,100,100,70.095238095238102,21.086153047441702,32.5,exact_linear_order_statistics_disk_backed
observations,,pk_adme,Metabolic stability,mgml-1,=,pk_adme,experimental_summary,exact_value,21,19,20.399999999999999,37,62,70,88,90,55.80952380952381,19.259182219742417,33,exact_linear_order_statistics_disk_backed
observations,,pk_adme,Metabolic turnover,%,=,pk_adme,experimental_summary,exact_value,18,25,25.34,56.25,73.5,92,100,100,70.888888888888886,24.442424158937936,35.75,exact_linear_order_statistics_disk_backed
observations,,pk_adme,Metabolism,%,<,pk_adme,experimental_summary,upper_censor_bound,1,5,5,5,5,5,5,5,5,0,0,exact_linear_order_statistics_disk_backed
observations,,pk_adme,Metabolism,%,=,pk_adme,experimental_summary,exact_value,86,0,5.9500000000000002,37,55.5,75.5,98.150000000000006,99,54.988372093023258,24.4400044656328,38.5,exact_linear_order_statistics_disk_backed
observations,,pk_adme,Metabolism,pmmin-1,=,pk_adme,experimental_summary,exact_value,21,2,3.4000000000000004,144,208,322,583.60000000000002,591,236.14285714285714,157.12121063030281,178,exact_linear_order_statistics_disk_backed
observations,,pk_adme,Metabolism,pmmin-1mg-1,=,pk_adme,experimental_summary,exact_value,55,14,18.859999999999999,56,124,229,472.62000000000023,606,150.36363636363637,111.83142567541128,173,exact_linear_order_statistics_disk_backed
observations,,pk_adme,Metabolite levels,ug,=,pk_adme,experimental_summary,exact_value,15,1.3999999999999999,1.54,3.3500000000000001,7.7000000000000002,9.8000000000000007,133.31999999999999,135,29.173333333333336,47.044156090020593,6.4500000000000011,exact_linear_order_statistics_disk_backed
observations,,pk_adme,Microsomal stability,pgmin-1(mgofprotein)-1,=,pk_adme,experimental_summary,exact_value,8,18.899999999999999,19.053999999999998,28.375,43.299999999999997,72.575000000000003,91.286000000000001,92,50.087499999999999,26.260923322495731,44.200000000000003,exact_linear_order_statistics_disk_backed
observations,,pk_adme,NADPH oxidation,nmmin-1(mgofprotein)-1,=,pk_adme,experimental_summary,exact_value,4,10.01,11.6387,50.727499999999999,64.650000000000006,70.525000000000006,86.436999999999983,87.099999999999994,56.602499999999999,28.419746986030678,19.797500000000007,exact_linear_order_statistics_disk_backed
observations,,pk_adme,NOAEL,nM,=,pk_adme,experimental_summary,exact_value,1,600,600,600,600,600,600,600,600,0,0,exact_linear_order_statistics_disk_backed
observations,,pk_adme,NOAEL,ng/mL,=,pk_adme,experimental_summary,exact_value,2,370,377.41000000000003,555.25,740.5,925.75,1103.5900000000001,1111,740.5,370.5,370.5,exact_linear_order_statistics_disk_backed
observations,,pk_adme,NOAEL,ng/mL,>,pk_adme,experimental_summary,lower_censor_bound,4,10000,10000,10000,10000,10000,10000,10000,10000,0,0,exact_linear_order_statistics_disk_backed
observations,,pk_adme,NOAEL,uM,=,pk_adme,experimental_summary,exact_value,3,6,39.219999999999999,836.5,1667,3333.5,4933.3400000000001,5000,2224.3333333333335,2076.531456272427,2497,exact_linear_order_statistics_disk_backed
observations,,pk_adme,NOAEL,ug/l,=,pk_adme,experimental_summary,exact_value,2,41,73.920000000000002,864,1687,2510,3300.0799999999999,3333,1687,1646,1646,exact_linear_order_statistics_disk_backed
observations,,pk_adme,NOAEL,ug/l,>,pk_adme,experimental_summary,lower_censor_bound,1,10000,10000,10000,10000,10000,10000,10000,10000,0,0,exact_linear_order_statistics_disk_backed
observations,,pk_adme,NOEC,uM,=,pk_adme,experimental_summary,exact_value,27,0.10000000000000001,0.10000000000000001,1,10,30,30,30,15.348148148148148,12.683858811435208,29,exact_linear_order_statistics_disk_backed
observations,,pk_adme,NOL,mM,=,pk_adme,experimental_summary,exact_value,2,10,10,10,10,10,10,10,10,0,0,exact_linear_order_statistics_disk_backed
observations,,pk_adme,O2 consumption,%,=,pk_adme,experimental_summary,exact_value,10,8,9.5299999999999994,36,66,82,108.19,109,62.399999999999999,31.449006343603298,46,exact_linear_order_statistics_disk_backed
observations,,pk_adme,OSAV,%,=,pk_adme,experimental_summary,exact_value,12,3,3.8799999999999999,22,28.199999999999999,47.25,61.010000000000005,62,32.883333333333333,17.535147244573935,25.25,exact_linear_order_statistics_disk_backed
observations,,pk_adme,Observed at,ugml-1,=,pk_adme,experimental_summary,exact_value,12,1,1.99,25,30,100,100,100,53.416666666666664,40.374204498527149,75,exact_linear_order_statistics_disk_backed
observations,,pk_adme,Oral activity,%,=,pk_adme,experimental_summary,exact_value,1,40,40,40,40,40,40,40,40,0,0,exact_linear_order_statistics_disk_backed
observations,,pk_adme,Oxidation,%,=,pk_adme,experimental_summary,exact_value,1,100,100,100,100,100,100,100,100,0,0,exact_linear_order_statistics_disk_backed
observations,,pk_adme,P,cms-1,=,pk_adme,experimental_summary,exact_value,77,1.1999999999999999e-07,1.3519999999999999e-07,7.7000000000000004e-07,5.1900000000000003e-06,3.7599999999999999e-05,0.00034224,0.00034299999999999999,2.7317662337662339e-05,5.6572873378745247e-05,3.6829999999999998e-05,exact_linear_order_statistics_disk_backed
observations,,pk_adme,P,pcms-1,=,pk_adme,experimental_summary,exact_value,1,2.3999999999999998e-07,2.3999999999999998e-07,2.3999999999999998e-07,2.3999999999999998e-07,2.3999999999999998e-07,2.3999999999999998e-07,2.3999999999999998e-07,2.3999999999999998e-07,0,0,exact_linear_order_statistics_disk_backed
observations,,pk_adme,PB,pmol,<,pk_adme,experimental_summary,upper_censor_bound,2,10,10,10,10,10,10,10,10,0,0,exact_linear_order_statistics_disk_backed
observations,,pk_adme,PB,pmol,=,pk_adme,experimental_summary,exact_value,70,1.3999999999999999,1.3999999999999999,9.2249999999999996,39.200000000000003,138.42500000000001,1129.8550000000014,1558,142.19657142857145,252.7844215582333,129.20000000000002,exact_linear_order_statistics_disk_backed
observations,,pk_adme,PB,pmol,interval,pk_adme,experimental_summary,lower_censor_bound,2,1000,1000,1000,1000,1000,1000,1000,1000,0,0,exact_linear_order_statistics_disk_backed
observations,,pk_adme,PB,pmol,interval,pk_adme,experimental_summary,upper_censor_bound,2,8600,8600,8600,8600,8600,8600,8600,8600,0,0,exact_linear_order_statistics_disk_backed
observations,,pk_adme,PB,pmol/mg.hr,=,pk_adme,experimental_summary,exact_value,2,72,73.349999999999994,105.75,139.5,173.25,205.65000000000001,207,139.5,67.5,67.5,exact_linear_order_statistics_disk_backed
observations,,pk_adme,PB,pmolequiv,>,pk_adme,experimental_summary,lower_censor_bound,2,2000,2000,2000,2000,2000,2000,2000,2000,0,0,exact_linear_order_statistics_disk_backed
observations,,pk_adme,PCaco-2,cms-1,=,pk_adme,experimental_summary,exact_value,1,580000,580000,580000,580000,580000,580000,580000,580000,0,0,exact_linear_order_statistics_disk_backed
observations,,pk_adme,PPB,%,<,binding,experimental_summary,upper_censor_bound,1,10,10,10,10,10,10,10,10,0,0,exact_linear_order_statistics_disk_backed
observations,,pk_adme,PPB,%,<,other_bioactivity,experimental_summary,upper_censor_bound,88,0.02,0.02,20,80,80,99,99,58.136022727272731,32.610193524131404,60,exact_linear_order_statistics_disk_backed
observations,,pk_adme,PPB,%,<,pk_adme,experimental_summary,upper_censor_bound,19,0.10000000000000001,0.10000000000000001,0.64999999999999991,20,30,98.280000000000001,99,22.684210526315791,28.265587467856509,29.350000000000001,exact_linear_order_statistics_disk_backed
observations,,pk_adme,PPB,%,<=,other_bioactivity,experimental_summary,upper_censor_bound,3,5,6.2800000000000002,37,69,69,69,69,47.666666666666664,30.169889330626035,32,exact_linear_order_statistics_disk_backed
observations,,pk_adme,PPB,%,=,binding,experimental_summary,exact_value,38,0,13.32,76.835000000000008,79.64500000000001,81.257499999999993,96.687000000000012,98.5,75.231842105263155,17.135422967959077,4.4224999999999852,exact_linear_order_statistics_disk_backed
observations,,pk_adme,PPB,%,=,other_bioactivity,experimental_summary,exact_value,5350,0,1.8999999999999999,78,93.799999999999997,98.400000000000006,100,199,82.465637943925231,24.865470356967222,20.400000000000006,exact_linear_order_statistics_disk_backed
observations,,pk_adme,PPB,%,=,pk_adme,experimental_summary,exact_value,7349,0,0.31440000000000012,79.549999999999997,94,98.370000000000005,99.939999999999998,9949,84.833992379915642,118.3089224795692,18.820000000000007,exact_linear_order_statistics_disk_backed
observations,,pk_adme,PPB,%,>,binding,experimental_summary,lower_censor_bound,2,50,50,50,50,50,50,50,50,0,0,exact_linear_order_statistics_disk_backed
observations,,pk_adme,PPB,%,>,other_bioactivity,experimental_summary,lower_censor_bound,528,30,70.780000000000001,99,99,99.900000000000006,99.900000000000006,99.989999999999995,98.240303030303025,6.982958226281454,0.90000000000000568,exact_linear_order_statistics_disk_backed
observations,,pk_adme,PPB,%,>,pk_adme,experimental_summary,lower_censor_bound,337,70,73.599999999999994,99,99,99.5,99.932000000000002,99.969999999999999,98.314658753709196,3.7426279607637354,0.5,exact_linear_order_statistics_disk_backed
observations,,pk_adme,PPB,%,>=,other_bioactivity,experimental_summary,lower_censor_bound,19,90,90,95,99,99.400000000000006,99.727999999999994,99.799999999999997,96.221052631578956,3.6911813751963356,4.4000000000000057,exact_linear_order_statistics_disk_backed
observations,,pk_adme,PPB,%,>=,pk_adme,experimental_summary,lower_censor_bound,12,90,90.109999999999999,99,99,99.900000000000006,99.900000000000006,99.900000000000006,97.958333333333329,3.3668626180603152,0.90000000000000568,exact_linear_order_statistics_disk_backed
observations,,pk_adme,PPB,%,interval,other_bioactivity,experimental_summary,lower_censor_bound,69,10,18.84,60,90,98.599999999999994,99.695999999999998,99.900000000000006,80.731884057971016,22.139652228482518,38.599999999999994,exact_linear_order_statistics_disk_backed
observations,,pk_adme,PPB,%,interval,other_bioactivity,experimental_summary,upper_censor_bound,69,11,23.920000000000002,74,97,99,99.86399999999999,100,84.966231884057976,20.137841018186748,25,exact_linear_order_statistics_disk_backed
observations,,pk_adme,PPB,%,interval,pk_adme,experimental_summary,lower_censor_bound,8,1,1.6300000000000001,62.5,84,91.25,94.789999999999992,95,67.125,35.949400203619533,28.75,exact_linear_order_statistics_disk_backed
observations,,pk_adme,PPB,%,interval,pk_adme,experimental_summary,upper_censor_bound,8,20,24.550000000000001,88.75,96,97.5,99,99,85.25,25.073641538476217,8.75,exact_linear_order_statistics_disk_backed
observations,,pk_adme,PPB,%id,=,other_bioactivity,experimental_summary,exact_value,1,4.5999999999999996,4.5999999999999996,4.5999999999999996,4.5999999999999996,4.5999999999999996,4.5999999999999996,4.5999999999999996,4.5999999999999996,0,0,exact_linear_order_statistics_disk_backed
observations,,pk_adme,PPB,l/hr/kg,=,other_bioactivity,experimental_summary,exact_value,1,1.7,1.7,1.7,1.7,1.7,1.7,1.7,1.7,0,0,exact_linear_order_statistics_disk_backed
observations,,pk_adme,PPB,mM,=,other_bioactivity,experimental_summary,exact_value,1,10,10,10,10,10,10,10,10,0,0,exact_linear_order_statistics_disk_backed
observations,,pk_adme,PPB,mg/ml,interval,other_bioactivity,experimental_summary,lower_censor_bound,1,0.19,0.19,0.19,0.19,0.19,0.19,0.19,0.19,0,0,exact_linear_order_statistics_disk_backed
observations,,pk_adme,PPB,mg/ml,interval,other_bioactivity,experimental_summary,upper_censor_bound,1,3,3,3,3,3,3,3,3,0,0,exact_linear_order_statistics_disk_backed
observations,,pk_adme,PPB,nM,=,other_bioactivity,experimental_summary,exact_value,3,14,14.06,15.5,17,101,181.63999999999999,185,72,79.91245209602819,85.5,exact_linear_order_statistics_disk_backed
observations,,pk_adme,PPB,pmol,<,other_bioactivity,experimental_summary,upper_censor_bound,1,10,10,10,10,10,10,10,10,0,0,exact_linear_order_statistics_disk_backed
observations,,pk_adme,PPB,pmol,<,pk_adme,experimental_summary,upper_censor_bound,1,10,10,10,10,10,10,10,10,0,0,exact_linear_order_statistics_disk_backed
observations,,pk_adme,PPB,pmolequiv/mg,<,other_bioactivity,experimental_summary,upper_censor_bound,6,5,5,5,5,5,5,5,5,0,0,exact_linear_order_statistics_disk_backed
observations,,pk_adme,PPB,uM,=,other_bioactivity,experimental_summary,exact_value,3,57,57.100000000000001,59.5,62,63,63.960000000000001,64,61,2.943920288775923,3.5,exact_linear_order_statistics_disk_backed
observations,,pk_adme,PPB,uM,=,pk_adme,experimental_summary,exact_value,1,7,7,7,7,7,7,7,7,0,0,exact_linear_order_statistics_disk_backed
observations,,pk_adme,PPB,ugml-1,=,other_bioactivity,experimental_summary,exact_value,1,2.2999999999999998,2.2999999999999998,2.2999999999999998,2.2999999999999998,2.2999999999999998,2.2999999999999998,2.2999999999999998,2.2999999999999998,0,0,exact_linear_order_statistics_disk_backed
observations,,pk_adme,PPB,ugml-1,=,pk_adme,experimental_summary,exact_value,1,40,40,40,40,40,40,40,40,0,0,exact_linear_order_statistics_disk_backed
observations,,pk_adme,Papp,%,<=,pk_adme,experimental_summary,upper_censor_bound,1,50,50,50,50,50,50,50,50,0,0,exact_linear_order_statistics_disk_backed
observations,,pk_adme,Papp,%,=,pk_adme,experimental_summary,exact_value,36,0,0,13.75,23,32.274999999999999,103.3,104,31.780555555555551,29.325243386736936,18.524999999999999,exact_linear_order_statistics_disk_backed
observations,,pk_adme,Papp,10'-2cm/s,=,pk_adme,experimental_summary,exact_value,11,1.9199999999999999,2.0309999999999997,5.9249999999999998,8.8800000000000008,16.759999999999998,22.920000000000002,23.100000000000001,10.876363636363637,7.0258241480041104,10.834999999999997,exact_linear_order_statistics_disk_backed
observations,,pk_adme,Papp,10'-3cm/min,=,pk_adme,experimental_summary,exact_value,4,3.5899999999999999,3.6208999999999998,4.3624999999999998,6.1299999999999999,11.329999999999998,21.957199999999993,22.399999999999999,9.5625,7.5597036152219612,6.9674999999999985,exact_linear_order_statistics_disk_backed
observations,,pk_adme,Papp,10'-3cm/s,=,pk_adme,experimental_summary,exact_value,1,1.3,1.3,1.3,1.3,1.3,1.3,1.3,1.3,0,0,exact_linear_order_statistics_disk_backed
observations,,pk_adme,Papp,10'-4cm/s,=,other_bioactivity,experimental_summary,exact_value,1,1.8799999999999999,1.8799999999999999,1.8799999999999999,1.8799999999999999,1.8799999999999999,1.8799999999999999,1.8799999999999999,1.8799999999999999,0,0,exact_linear_order_statistics_disk_backed
observations,,pk_adme,Papp,10'-4cm/s,=,pk_adme,experimental_summary,exact_value,50,0.90000000000000002,0.94900000000000007,1.5,2.2999999999999998,3.375,5.5079999999999982,5.9000000000000004,2.488,1.1530481342944883,1.875,exact_linear_order_statistics_disk_backed
observations,,pk_adme,Papp,10'-5cm/s,=,other_bioactivity,experimental_summary,exact_value,1,1.24,1.24,1.24,1.24,1.24,1.24,1.24,1.24,0,0,exact_linear_order_statistics_disk_backed
observations,,pk_adme,Papp,10'-5cm/s,=,pk_adme,experimental_summary,exact_value,154,0.31,0.44147999999999998,1.5225,2.5350000000000001,4.3650000000000002,211.81699999999995,269.80000000000001,13.137974025974026,38.942660579861339,2.8425000000000002,exact_linear_order_statistics_disk_backed
observations,,pk_adme,Papp,10'-6/cm,=,pk_adme,experimental_summary,exact_value,26,0.10000000000000001,0.125,12.75,35,39,44,44,27.588461538461537,15.114748959035825,26.25,exact_linear_order_statistics_disk_backed
observations,,pk_adme,Papp,10'-6/s,=,pk_adme,experimental_summary,exact_value,1,26,26,26,26,26,26,26,26,0,0,exact_linear_order_statistics_disk_backed
observations,,pk_adme,Papp,10'-6cm,=,pk_adme,experimental_summary,exact_value,2,14,14.029999999999999,14.75,15.5,16.25,16.969999999999999,17,15.5,1.5,1.5,exact_linear_order_statistics_disk_backed
observations,,pk_adme,Papp,10'-6cm/min,=,pk_adme,experimental_summary,exact_value,11,1,1.03,3.8500000000000001,7.5,19,25.899999999999999,26,11.027272727272727,9.2827396924801828,15.15,exact_linear_order_statistics_disk_backed
observations,,pk_adme,Papp,10'-6cm/s,<,pk_adme,experimental_summary,upper_censor_bound,145,0.01,0.01,0.14000000000000001,0.93000000000000005,1.0900000000000001,9.9440000000000062,27,1.1929655172413793,2.5262266052117939,0.95000000000000007,exact_linear_order_statistics_disk_backed
observations,,pk_adme,Papp,10'-6cm/s,<=,pk_adme,experimental_summary,upper_censor_bound,1,1,1,1,1,1,1,1,1,0,0,exact_linear_order_statistics_disk_backed
observations,,pk_adme,Papp,10'-6cm/s,=,binding,experimental_summary,exact_value,1,5.5999999999999996,5.5999999999999996,5.5999999999999996,5.5999999999999996,5.5999999999999996,5.5999999999999996,5.5999999999999996,5.5999999999999996,0,0,exact_linear_order_statistics_disk_backed
observations,,pk_adme,Papp,10'-6cm/s,=,other_bioactivity,experimental_summary,exact_value,2,2.9399999999999999,2.9539,3.2875000000000001,3.6349999999999998,3.9824999999999999,4.3161000000000005,4.3300000000000001,3.6349999999999998,0.69500000000000095,0.69499999999999984,exact_linear_order_statistics_disk_backed
observations,,pk_adme,Papp,10'-6cm/s,=,pk_adme,experimental_summary,exact_value,4366,0,0.02,2.1000000000000001,9.4000000000000004,22,77.441500000000033,225,14.976078149335777,17.796408154848073,19.899999999999999,exact_linear_order_statistics_disk_backed
observations,,pk_adme,Papp,10'-6cm/s,>,pk_adme,experimental_summary,lower_censor_bound,16,0.5,0.5,4,10,30,50,50,17.0625,18.018111547828756,26,exact_linear_order_statistics_disk_backed
observations,,pk_adme,Papp,10'-6cm/s,interval,pk_adme,experimental_summary,lower_censor_bound,31,0.060999999999999999,0.078699999999999992,1,5.5999999999999996,11.550000000000001,36.349999999999994,39.5,7.8035806451612908,9.2727687056942596,10.550000000000001,exact_linear_order_statistics_disk_backed
observations,,pk_adme,Papp,10'-6cm/s,interval,pk_adme,experimental_summary,upper_censor_bound,31,0.071999999999999995,0.14339999999999997,9.0999999999999996,12.5,18.800000000000001,37.899999999999991,40,13.932967741935485,10.035275830736262,9.7000000000000011,exact_linear_order_statistics_disk_backed
observations,,pk_adme,Papp,10'-6cm/s2,=,pk_adme,experimental_summary,exact_value,8,2.8999999999999999,2.9699999999999998,3.9750000000000001,5.5999999999999996,8.9250000000000007,14.388,14.5,7.125,4.0412714583408027,4.9500000000000011,exact_linear_order_statistics_disk_backed
observations,,pk_adme,Papp,10'-6m/s,<,pk_adme,experimental_summary,upper_censor_bound,1,1,1,1,1,1,1,1,1,0,0,exact_linear_order_statistics_disk_backed
observations,,pk_adme,Papp,10'-6m/s,=,pk_adme,experimental_summary,exact_value,1,8.8000000000000007,8.8000000000000007,8.8000000000000007,8.8000000000000007,8.8000000000000007,8.8000000000000007,8.8000000000000007,8.8000000000000007,0,0,exact_linear_order_statistics_disk_backed
observations,,pk_adme,Papp,10'-6nanometer/s,=,pk_adme,experimental_summary,exact_value,16,0.69999999999999996,0.745,2.5249999999999999,4.9499999999999993,8.4750000000000014,17.850000000000001,18,6.6187500000000004,5.6594190017615764,5.9500000000000011,exact_linear_order_statistics_disk_backed
observations,,pk_adme,Papp,10'-7cm/s,<,pk_adme,experimental_summary,upper_censor_bound,1,1.8999999999999999,1.8999999999999999,1.8999999999999999,1.8999999999999999,1.8999999999999999,1.8999999999999999,1.8999999999999999,1.8999999999999999,0,0,exact_linear_order_statistics_disk_backed
observations,,pk_adme,Papp,10'-7cm/s,=,pk_adme,experimental_summary,exact_value,111,0,0,3.2999999999999998,9.2899999999999991,53,736.60000000000127,764,79.903927927927924,151.82917714182071,49.700000000000003,exact_linear_order_statistics_disk_backed
observations,,pk_adme,Papp,10'-8cm/s,<,pk_adme,experimental_summary,upper_censor_bound,6,1,1,1,1,1,1,1,1,0,0,exact_linear_order_statistics_disk_backed
observations,,pk_adme,Papp,10'-8cm/s,=,pk_adme,experimental_summary,exact_value,14,0.90000000000000002,1.212,6.2000000000000002,8.6999999999999993,29.75,49.93399999999999,51,18.079285714285714,16.256559319805877,23.550000000000001,exact_linear_order_statistics_disk_backed
observations,,pk_adme,Papp,10'-8m/s,=,pk_adme,experimental_summary,exact_value,4,6,7.2300000000000004,36.75,61,75.5,76.939999999999998,77,51.25,28.69124430902222,38.75,exact_linear_order_statistics_disk_backed
observations,,pk_adme,Papp,10'-9cm/s,=,pk_adme,experimental_summary,exact_value,1,4.7699999999999996,4.7699999999999996,4.7699999999999996,4.7699999999999996,4.7699999999999996,4.7699999999999996,4.7699999999999996,4.7699999999999996,0,0,exact_linear_order_statistics_disk_backed
observations,,pk_adme,Papp,10'6cm/s,<,pk_adme,experimental_summary,upper_censor_bound,1,0.5,0.5,0.5,0.5,0.5,0.5,0.5,0.5,0,0,exact_linear_order_statistics_disk_backed
observations,,pk_adme,Papp,10'6cm/s,=,pk_adme,experimental_summary,exact_value,182,0.002,0.014999999999999999,1.0225,3.5,15,93.335199999999929,263.55000000000001,13.409747252747254,26.111671438453442,13.977499999999999,exact_linear_order_statistics_disk_backed
observations,,pk_adme,Papp,10-6cm/s,=,pk_adme,experimental_summary,exact_value,11,6.7400000000000002,6.8820000000000006,19.649999999999999,30.199999999999999,41.549999999999997,78.940000000000012,82,32.163636363636364,20.82094368341091,21.899999999999999,exact_linear_order_statistics_disk_backed
observations,,pk_adme,Papp,10-6cms-1,=,pk_adme,experimental_summary,exact_value,3,4.2000000000000002,4.2759999999999998,6.0999999999999996,8,11.699999999999999,15.251999999999999,15.4,9.2000000000000011,4.6504480070920753,5.5999999999999996,exact_linear_order_statistics_disk_backed
observations,,pk_adme,Papp,10^-10cm/s,=,pk_adme,experimental_summary,exact_value,6,0.29999999999999999,0.318,0.6825,0.77000000000000002,0.88750000000000007,0.9295000000000001,0.93000000000000005,0.72500000000000009,0.21203380233663974,0.20500000000000007,exact_linear_order_statistics_disk_backed
observations,,pk_adme,Papp,10^-5cm/min,=,pk_adme,experimental_summary,exact_value,3,15,15.768000000000001,34.200000000000003,53.399999999999999,83.700000000000003,112.788,114,60.800000000000004,40.753895519324274,49.5,exact_linear_order_statistics_disk_backed
observations,,pk_adme,Papp,10^-5cm/s,=,pk_adme,experimental_summary,exact_value,58,0,0,1.0625,1.615,2.5787499999999999,13.776999999999999,16,2.1976413793103449,2.5730729125814076,1.5162499999999999,exact_linear_order_statistics_disk_backed
observations,,pk_adme,Papp,10^-6/cm,=,pk_adme,experimental_summary,exact_value,4,16,16.059999999999999,17.5,20,25.25,34.609999999999999,35,22.75,7.3950997288745199,7.75,exact_linear_order_statistics_disk_backed
observations,,pk_adme,Papp,10^-6cm/s,<,pk_adme,experimental_summary,upper_censor_bound,174,0,0.00072999999999999996,0.10000000000000001,0.34999999999999998,1,60,60,2.560905,8.9666733987681049,0.90000000000000002,exact_linear_order_statistics_disk_backed
observations,,pk_adme,Papp,10^-6cm/s,=,pk_adme,experimental_summary,exact_value,5603,-5.0700000000000003,0.0021746000000000009,1.7,8.2100000000000009,23,245.66019999999497,1737,23.274854402998393,97.517316967775216,21.300000000000001,exact_linear_order_statistics_disk_backed
observations,,pk_adme,Papp,10^-6cm/s,>,pk_adme,experimental_summary,lower_censor_bound,42,0.023,0.17757000000000001,10,10,20,1000,1000,81.952928571428572,254.70536178236486,10,exact_linear_order_statistics_disk_backed
observations,,pk_adme,Papp,10^-6cm/s,>=,pk_adme,experimental_summary,lower_censor_bound,1,10,10,10,10,10,10,10,10,0,0,exact_linear_order_statistics_disk_backed
observations,,pk_adme,Papp,10^-6cm2/s,=,pk_adme,experimental_summary,exact_value,1,5.2000000000000002,5.2000000000000002,5.2000000000000002,5.2000000000000002,5.2000000000000002,5.2000000000000002,5.2000000000000002,5.2000000000000002,0,0,exact_linear_order_statistics_disk_backed
observations,,pk_adme,Papp,10^-7cm/s,=,pk_adme,experimental_summary,exact_value,37,0.29999999999999999,0.29999999999999999,1.1000000000000001,8.9700000000000006,191,769.20000000000005,780,137.39972972972973,226.9675081221323,189.90000000000001,exact_linear_order_statistics_disk_backed
observations,,pk_adme,Papp,10^-7cm/s,>,pk_adme,experimental_summary,lower_censor_bound,8,800,800,800,800,800,800,800,800,0,0,exact_linear_order_statistics_disk_backed
observations,,pk_adme,Papp,10^-8cm/s,=,pk_adme,experimental_summary,exact_value,54,0.40000000000000002,0.50600000000000001,3.7000000000000002,5.7999999999999998,11.324999999999999,67.926999999999992,75.400000000000006,11.255185185185185,14.169843400784059,7.6249999999999991,exact_linear_order_statistics_disk_backed
observations,,pk_adme,Papp,10^-9cm/s,=,pk_adme,experimental_summary,exact_value,12,0.14999999999999999,0.14999999999999999,0.22499999999999998,0.41000000000000003,0.57250000000000001,0.83350000000000013,0.84999999999999998,0.41416666666666663,0.21761810331148668,0.34750000000000003,exact_linear_order_statistics_disk_backed
observations,,pk_adme,Papp,10^6cm/s,=,pk_adme,experimental_summary,exact_value,63,0.20000000000000001,0.24960000000000002,1.78,4.8700000000000001,10.550000000000001,45.04000000000002,50,7.9622698412698414,9.5852375618793015,8.7700000000000014,exact_linear_order_statistics_disk_backed
observations,,pk_adme,Papp,10^7cm/s,=,pk_adme,experimental_summary,exact_value,50,0.14000000000000001,0.16940000000000002,0.6925,2.6000000000000001,9.75,37.712999999999987,40.799999999999997,6.9151999999999996,9.3356362911158879,9.0574999999999992,exact_linear_order_statistics_disk_backed
observations,,pk_adme,Papp,10e-6cms-1,=,pk_adme,experimental_summary,exact_value,23,0.10000000000000001,0.10000000000000001,0.20000000000000001,4.9699999999999998,12.5,36,36,9.0760869565217384,11.820969113192339,12.300000000000001,exact_linear_order_statistics_disk_backed
observations,,pk_adme,Papp,cm'-6/s,=,pk_adme,experimental_summary,exact_value,4,3.1000000000000001,3.1779999999999999,5.0500000000000007,15.25,28.100000000000001,37.603999999999999,38,17.899999999999999,14.313455208299636,23.050000000000001,exact_linear_order_statistics_disk_backed
observations,,pk_adme,Papp,cm/s,<,pk_adme,experimental_summary,upper_censor_bound,1,0.5,0.5,0.5,0.5,0.5,0.5,0.5,0.5,0,0,exact_linear_order_statistics_disk_backed
observations,,pk_adme,Papp,cm/s,=,pk_adme,experimental_summary,exact_value,102,0.042000000000000003,0.050000000000000003,2.8249999999999997,9.1999999999999993,19,119.89999999999995,120,16.55627450980392,24.275400748355771,16.175000000000001,exact_linear_order_statistics_disk_backed
observations,,pk_adme,Papp,cm/s*10e6,=,other_bioactivity,experimental_summary,exact_value,29,48,48.280000000000001,91,95,98,113.59999999999999,115,92.068965517241381,14.46739743647824,7,exact_linear_order_statistics_disk_backed
observations,,pk_adme,Papp,cm/s*10e6,=,pk_adme,experimental_summary,exact_value,90,0.02,0.027120000000000002,0.25,3.2999999999999998,14,476.29999999999984,770,43.97517777777778,111.74403099082969,13.75,exact_linear_order_statistics_disk_backed
observations,,pk_adme,Papp,cm2/sec,=,pk_adme,experimental_summary,exact_value,1,15.1,15.1,15.1,15.1,15.1,15.1,15.1,15.1,0,0,exact_linear_order_statistics_disk_backed
observations,,pk_adme,Papp,cmmin-1,=,pk_adme,experimental_summary,exact_value,8,35100,35639,64775,94450,128500,15884829.999999994,17070000,2209112.5,5616989.4646593165,63725,exact_linear_order_statistics_disk_backed
observations,,pk_adme,Papp,cms-1,<,pk_adme,experimental_summary,upper_censor_bound,3,9.9999999999999995e-07,9.9999999999999995e-07,9.9999999999999995e-07,9.9999999999999995e-07,0.050000500000000003,0.098000020000000007,0.10000000000000001,0.033334000000000003,0.047139980674582388,0.049999500000000002,exact_linear_order_statistics_disk_backed
observations,,pk_adme,Papp,cms-1,=,other_bioactivity,experimental_summary,exact_value,4,890000,894200,995000,1350000,1712500,1834900,1840000,1357500,405054.00874451298,717500,exact_linear_order_statistics_disk_backed
observations,,pk_adme,Papp,cms-1,=,pk_adme,experimental_summary,exact_value,127,9.9999999999999995e-08,1.9999999999999999e-07,0.34499999999999997,26.600000000000001,8925000,94699999.99999997,119000000,12911051.768979242,25651921.902610108,8924999.6549999993,exact_linear_order_statistics_disk_backed
observations,,pk_adme,Papp,cms-1,>,pk_adme,experimental_summary,lower_censor_bound,1,1.0000000000000001e-05,1.0000000000000001e-05,1.0000000000000001e-05,1.0000000000000001e-05,1.0000000000000001e-05,1.0000000000000001e-05,1.0000000000000001e-05,1.0000000000000001e-05,0,0,exact_linear_order_statistics_disk_backed
observations,,pk_adme,Papp,microg/cm2,=,pk_adme,experimental_summary,exact_value,1,2.4900000000000002,2.4900000000000002,2.4900000000000002,2.4900000000000002,2.4900000000000002,2.4900000000000002,2.4900000000000002,2.4900000000000002,0,0,exact_linear_order_statistics_disk_backed
observations,,pk_adme,Papp,microg/cm3,=,pk_adme,experimental_summary,exact_value,1,1.22,1.22,1.22,1.22,1.22,1.22,1.22,1.22,0,0,exact_linear_order_statistics_disk_backed
observations,,pk_adme,Papp,nanometer/sec,=,pk_adme,experimental_summary,exact_value,1,448,448,448,448,448,448,448,448,0,0,exact_linear_order_statistics_disk_backed
observations,,pk_adme,Papp,nm/s,<,other_bioactivity,experimental_summary,upper_censor_bound,3,10,10,10,10,10,10,10,10,0,0,exact_linear_order_statistics_disk_backed
observations,,pk_adme,Papp,nm/s,<,pk_adme,experimental_summary,upper_censor_bound,93,0.10000000000000001,0.1782,1,10,100,100,100,34.089731182795695,43.55884933093693,99,exact_linear_order_statistics_disk_backed
observations,,pk_adme,Papp,nm/s,<=,pk_adme,experimental_summary,upper_censor_bound,1,10,10,10,10,10,10,10,10,0,0,exact_linear_order_statistics_disk_backed
observations,,pk_adme,Papp,nm/s,=,other_bioactivity,experimental_summary,exact_value,1,50,50,50,50,50,50,50,50,0,0,exact_linear_order_statistics_disk_backed
observations,,pk_adme,Papp,nm/s,=,pk_adme,experimental_summary,exact_value,2919,0,0.00028799999999999957,18.234999999999999,85,214,1491.4200000000133,437544,651.28208890030828,12191.850913278082,195.76499999999999,exact_linear_order_statistics_disk_backed
observations,,pk_adme,Papp,nm/s,>,other_bioactivity,experimental_summary,lower_censor_bound,11,50,50,50,50,50,50,50,50,0,0,exact_linear_order_statistics_disk_backed
observations,,pk_adme,Papp,nm/s,>,pk_adme,experimental_summary,lower_censor_bound,23,0.77000000000000002,1.0406,8.5,50,100,278.00000000000011,300,74.333478260869569,83.529032995235212,91.5,exact_linear_order_statistics_disk_backed
observations,,pk_adme,Papp,nm/s,>=,pk_adme,experimental_summary,lower_censor_bound,2,450,450,450,450,450,450,450,450,0,0,exact_linear_order_statistics_disk_backed
observations,,pk_adme,Papp,nm/s,interval,pk_adme,experimental_summary,lower_censor_bound,4,8.9000000000000004,11.813000000000001,81.724999999999994,126,157.25,189.64999999999998,191,112.97499999999999,67.191531274409897,75.525000000000006,exact_linear_order_statistics_disk_backed
observations,,pk_adme,Papp,nm/s,interval,pk_adme,experimental_summary,upper_censor_bound,4,9,13.140000000000001,112.5,155,173.25,202.76999999999998,204,130.75,73.302029303423794,60.75,exact_linear_order_statistics_disk_backed
observations,,pk_adme,Papp,nmol/sec,=,pk_adme,experimental_summary,exact_value,3,0.12,0.16239999999999999,1.1800000000000002,2.2400000000000002,2.3100000000000001,2.3771999999999998,2.3799999999999999,1.5800000000000001,1.0339568011607965,1.1299999999999999,exact_linear_order_statistics_disk_backed
observations,,pk_adme,Papp,nms-1,=,pk_adme,experimental_summary,exact_value,29,0.51000000000000001,0.92720000000000002,17,50,117,510,510,117.40379310344828,157.38520629803307,100,exact_linear_order_statistics_disk_backed
observations,,pk_adme,Papp,uM,=,pk_adme,experimental_summary,exact_value,2,13,14.31,45.75,78.5,111.25,142.69,144,78.5,65.5,65.5,exact_linear_order_statistics_disk_backed
observations,,pk_adme,Papp,ucm,=,pk_adme,experimental_summary,exact_value,6,1.1000000000000001,1.1300000000000001,2,4.2000000000000002,5.5449999999999999,5.7880000000000003,5.7999999999999998,3.7599999999999998,1.9359752064528102,3.5449999999999999,exact_linear_order_statistics_disk_backed
observations,,pk_adme,Papp,ucm/s,<,pk_adme,experimental_summary,upper_censor_bound,127,0.01,0.01,0.10000000000000001,1,1,5,10,0.83811023622047243,1.1538349151720202,0.90000000000000002,exact_linear_order_statistics_disk_backed
observations,,pk_adme,Papp,ucm/s,<=,pk_adme,experimental_summary,upper_censor_bound,2,5,5,5,5,5,5,5,5,0,0,exact_linear_order_statistics_disk_backed
observations,,pk_adme,Papp,ucm/s,=,pk_adme,experimental_summary,exact_value,4068,0,0.050000000000000003,2,8.0999999999999996,20,76.065999999999988,2087,16.811904375614553,66.232563781212633,18,exact_linear_order_statistics_disk_backed
observations,,pk_adme,Papp,ucm/s,>,pk_adme,experimental_summary,lower_censor_bound,57,1,1,10,20,22,31.319999999999993,33,16.807017543859651,7.4866866549808009,12,exact_linear_order_statistics_disk_backed
observations,,pk_adme,Papp,ucm/s,>=,pk_adme,experimental_summary,lower_censor_bound,4,8.9000000000000004,8.9000000000000004,8.9000000000000004,8.9000000000000004,11.675000000000001,19.666999999999998,20,11.675000000000001,4.8064409910036323,2.7750000000000004,exact_linear_order_statistics_disk_backed
observations,,pk_adme,Papp,ucm/s,interval,pk_adme,experimental_summary,lower_censor_bound,8,0.14999999999999999,0.1605,20.790000000000003,38.515000000000001,41.960000000000001,48.200599999999994,48.579999999999998,29.800000000000001,17.946810998057565,21.169999999999998,exact_linear_order_statistics_disk_backed
observations,,pk_adme,Papp,ucm/s,interval,pk_adme,experimental_summary,upper_censor_bound,8,0.58999999999999997,0.60399999999999998,22.712499999999999,40.945,60.954999999999998,67.284400000000005,67.290000000000006,38.332500000000003,25.045592800930066,38.2425,exact_linear_order_statistics_disk_backed
observations,,pk_adme,Papp,ul/hr/cm2,=,pk_adme,experimental_summary,exact_value,70,7.4000000000000004,11.126000000000001,114.5,126.5,194.75,262.03000000000003,271,140.12571428571428,69.425449606475198,80.25,exact_linear_order_statistics_disk_backed
observations,,pk_adme,Papp,ul/min.mg,=,pk_adme,experimental_summary,exact_value,1,266,266,266,266,266,266,266,266,0,0,exact_linear_order_statistics_disk_backed
observations,,pk_adme,Papp,um/s,=,pk_adme,experimental_summary,exact_value,5,0.10000000000000001,0.29600000000000004,5,6.7999999999999998,20,29.600000000000001,30,12.379999999999999,10.999345435070218,15,exact_linear_order_statistics_disk_backed
observations,,pk_adme,Papp,umol/l/s,=,pk_adme,experimental_summary,exact_value,6,24.199999999999999,24.625,33.725000000000001,39.75,50.125,58.585000000000001,58.899999999999999,41.31666666666667,11.733345170448567,16.399999999999999,exact_linear_order_statistics_disk_backed
observations,,pk_adme,Papp A to B (mean),10e-6cm/s,=,pk_adme,experimental_summary,exact_value,30,0.031600000000000003,0.031600000000000003,0.074475,0.09265000000000001,0.14174999999999999,2.2641000000000013,2.7599999999999998,0.28222333333333333,0.5317094122941799,0.067274999999999988,exact_linear_order_statistics_disk_backed
observations,,pk_adme,Papp A to B (mean),1e-6cm/s,=,pk_adme,experimental_summary,exact_value,244,0,0.090267,0.88650000000000007,1.605,3.6600000000000001,24.434999999999963,31.5,3.307002049180328,4.5788824531975827,2.7735000000000003,exact_linear_order_statistics_disk_backed
observations,,pk_adme,Papp A to B plus inhibitor (mean),10e-6cm/s,<,pk_adme,experimental_summary,upper_censor_bound,1,0.01,0.01,0.01,0.01,0.01,0.01,0.01,0.01,0,0,exact_linear_order_statistics_disk_backed
observations,,pk_adme,Papp A to B plus inhibitor (mean),10e-6cm/s,=,pk_adme,experimental_summary,exact_value,29,0.032599999999999997,0.033860000000000001,0.072099999999999997,0.40100000000000002,1.3500000000000001,4.4931999999999999,4.5099999999999998,0.95993103448275863,1.2429839081554568,1.2779,exact_linear_order_statistics_disk_backed
observations,,pk_adme,Papp B to A (mean),10e-6cm/s,=,pk_adme,experimental_summary,exact_value,30,0.021000000000000001,0.025930000000000002,0.18099999999999999,3.7999999999999998,5.9950000000000001,8.0396000000000001,8.2599999999999998,3.5204733333333333,2.8393156859747424,5.8140000000000001,exact_linear_order_statistics_disk_backed
observations,,pk_adme,Papp B to A (mean),1e-6cm/s,=,pk_adme,experimental_summary,exact_value,64,0.157,0.43608999999999998,4.1600000000000001,10.5,16.199999999999999,26.358999999999998,26.800000000000001,10.676046875000001,7.1021869748639901,12.039999999999999,exact_linear_order_statistics_disk_backed
observations,,pk_adme,Papp B to A plus inhibitor (mean),10e-6cm/s,<,pk_adme,experimental_summary,upper_censor_bound,1,0.01,0.01,0.01,0.01,0.01,0.01,0.01,0.01,0,0,exact_linear_order_statistics_disk_backed
observations,,pk_adme,Papp B to A plus inhibitor (mean),10e-6cm/s,=,pk_adme,experimental_summary,exact_value,29,0.021999999999999999,0.024967999999999997,0.24099999999999999,2.7000000000000002,4.5,6.7000000000000002,6.7000000000000002,2.8116517241379309,2.2552398121005304,4.2590000000000003,exact_linear_order_statistics_disk_backed
observations,,pk_adme,Papp e-6,cms-1,=,pk_adme,experimental_summary,exact_value,8,2,2.7560000000000002,18.5,24.899999999999999,39.199999999999996,67.474999999999994,69.400000000000006,29.324999999999999,19.339257353890304,20.699999999999996,exact_linear_order_statistics_disk_backed
observations,,pk_adme,Papps,cms-1,=,pk_adme,experimental_summary,exact_value,7,2.0999999999999998e-06,2.1299999999999999e-06,3.3999999999999996e-06,5.2000000000000002e-06,8.3000000000000002e-06,9.5459999999999997e-06,9.5999999999999996e-06,5.7571428571428566e-06,2.7799574214915829e-06,4.9000000000000005e-06,exact_linear_order_statistics_disk_backed
observations,,pk_adme,Pc,cms-1,<,pk_adme,experimental_summary,upper_censor_bound,2,1.4e-08,1.4e-08,1.4e-08,1.4e-08,1.4e-08,1.4e-08,1.4e-08,1.4e-08,0,0,exact_linear_order_statistics_disk_backed
observations,,pk_adme,Pc,cms-1,=,pk_adme,experimental_summary,exact_value,63,1.04e-07,1.1391999999999999e-07,2.2000000000000001e-06,0.00011,890000,479480000.00000113,756000000,39479873.08573474,117124229.7295374,889999.99999779998,exact_linear_order_statistics_disk_backed
observations,,pk_adme,Pc,nms-1,<,pk_adme,experimental_summary,upper_censor_bound,6,20,20,22.5,30,30,30,30,26.666666666666668,4.7140452079103117,7.5,exact_linear_order_statistics_disk_backed
observations,,pk_adme,Pc,nms-1,=,pk_adme,experimental_summary,exact_value,30,5.0999999999999996,7.391,30,52.5,85.875,194.15000000000006,213,64.646666666666675,45.971416723389709,55.875,exact_linear_order_statistics_disk_backed
observations,,pk_adme,Pcaco2,cms-1,=,pk_adme,experimental_summary,exact_value,14,40000,45200,160000,3275000,10100000,36832999.999999985,38900000,8357142.8571428573,11426940.240734005,9940000,exact_linear_order_statistics_disk_backed
observations,,pk_adme,Pe,10e-6cms-1,=,pk_adme,experimental_summary,exact_value,11,5,5.2400000000000002,13.5,17,18.5,30.700000000000003,31,16.854545454545455,7.3108093864015853,5,exact_linear_order_statistics_disk_backed
observations,,pk_adme,Peff,%,<,pk_adme,experimental_summary,upper_censor_bound,4,10,10,10,10,10,10,10,10,0,0,exact_linear_order_statistics_disk_backed
observations,,pk_adme,Peff,10'-3cm/min,=,pk_adme,experimental_summary,exact_value,5,2.3199999999999998,2.3468,2.9900000000000002,3.25,3.4300000000000002,4.5147999999999993,4.5599999999999996,3.3100000000000001,0.7297944916207566,0.43999999999999995,exact_linear_order_statistics_disk_backed
observations,,pk_adme,Peff,10'-4cm/s,=,pk_adme,experimental_summary,exact_value,13,0.27000000000000002,0.44159999999999999,2.3999999999999999,3.75,4.9900000000000002,6.6360000000000001,6.6900000000000004,3.7107692307692308,1.8191860459618976,2.5900000000000003,exact_linear_order_statistics_disk_backed
observations,,pk_adme,Peff,10'-5cm/s,=,pk_adme,experimental_summary,exact_value,25,1,1.012,1.3200000000000001,2.2999999999999998,4.1500000000000004,10.823999999999996,11.279999999999999,3.2592000000000003,2.669620077838792,2.8300000000000001,exact_linear_order_statistics_disk_backed
observations,,pk_adme,Peff,10'-6cm/s,<,pk_adme,experimental_summary,upper_censor_bound,11,0.10000000000000001,0.10000000000000001,0.20000000000000001,0.20000000000000001,0.64999999999999991,2,2,0.59090909090909094,0.70511707016964786,0.4499999999999999,exact_linear_order_statistics_disk_backed
observations,,pk_adme,Peff,10'-6cm/s,=,pk_adme,experimental_summary,exact_value,1008,0,0.0030000000000000001,1.4875,5.2999999999999998,12.94,125.57799999999926,2267,17.8843125,116.06501834328185,11.452499999999999,exact_linear_order_statistics_disk_backed
observations,,pk_adme,Peff,10'-6cm/s,>,pk_adme,experimental_summary,lower_censor_bound,9,30,30,30,50,50,50,50,41.111111111111114,9.9380798999990496,20,exact_linear_order_statistics_disk_backed
observations,,pk_adme,Peff,10'-6cm/s,interval,pk_adme,experimental_summary,lower_censor_bound,39,0.10000000000000001,0.10000000000000001,0.52699999999999991,3.3500000000000001,9.8499999999999996,16.609999999999999,16.800000000000001,5.6963333333333335,5.8699069941233413,9.3230000000000004,exact_linear_order_statistics_disk_backed
observations,,pk_adme,Peff,10'-6cm/s,interval,pk_adme,experimental_summary,upper_censor_bound,39,0.12,0.12,1,3.4399999999999999,13,19.976999999999997,20.300000000000001,6.8000384358974362,6.6491219669725226,12,exact_linear_order_statistics_disk_backed
observations,,pk_adme,Peff,10'-7cm/s,=,pk_adme,experimental_summary,exact_value,29,0.0030000000000000001,0.0035600000000000002,0.031,0.13,2.1200000000000001,8.336399999999994,9.6999999999999993,1.2633448275862069,2.0691524381080333,2.089,exact_linear_order_statistics_disk_backed
observations,,pk_adme,Peff,10'-8cm/s,=,pk_adme,experimental_summary,exact_value,3,1.7,1.7427999999999999,2.7699999999999996,3.8399999999999999,6.6200000000000001,9.2888000000000002,9.4000000000000004,4.9799999999999995,3.245222129017777,3.8500000000000005,exact_linear_order_statistics_disk_backed
observations,,pk_adme,Peff,10^-5cm/s,=,pk_adme,experimental_summary,exact_value,2,1.734,1.73516,1.7629999999999999,1.792,1.8210000000000002,1.84884,1.8500000000000001,1.792,0.05799999999999933,0.058000000000000274,exact_linear_order_statistics_disk_backed
observations,,pk_adme,Peff,10^-6cm/s,<,pk_adme,experimental_summary,upper_censor_bound,6,1,1,1,1,1,1,1,1,0,0,exact_linear_order_statistics_disk_backed
observations,,pk_adme,Peff,10^-6cm/s,<=,pk_adme,experimental_summary,upper_censor_bound,7,0.10000000000000001,0.10600000000000001,0.30000000000000004,0.5,0.5,0.68799999999999983,0.69999999999999996,0.41428571428571426,0.18844151368961315,0.19999999999999996,exact_linear_order_statistics_disk_backed
observations,,pk_adme,Peff,10^-6cm/s,=,pk_adme,experimental_summary,exact_value,413,0,1.200000000000001e-05,1.8100000000000001,4.7000000000000002,10.300000000000001,54.945599999999963,67.239999999999995,7.5479397094430993,9.4080173724932621,8.4900000000000002,exact_linear_order_statistics_disk_backed
observations,,pk_adme,Peff,10^-6cm/s,>,pk_adme,experimental_summary,lower_censor_bound,3,14,14.720000000000001,32,50,50,50,50,38,16.970562748477139,18,exact_linear_order_statistics_disk_backed
observations,,pk_adme,Peff,10^-6nanometer/s,<,pk_adme,experimental_summary,upper_censor_bound,2,0.080000000000000002,0.080700000000000008,0.097500000000000003,0.11499999999999999,0.13250000000000001,0.14929999999999999,0.14999999999999999,0.11499999999999999,0.035000000000000031,0.035000000000000003,exact_linear_order_statistics_disk_backed
observations,,pk_adme,Peff,10^-6nanometer/s,=,pk_adme,experimental_summary,exact_value,3,0.34000000000000002,0.3468,0.51000000000000001,0.68000000000000005,0.71500000000000008,0.74860000000000004,0.75,0.58999999999999997,0.17907168024751077,0.20500000000000007,exact_linear_order_statistics_disk_backed
observations,,pk_adme,Peff,10^-7cm/s,=,pk_adme,experimental_summary,exact_value,12,1.0700000000000001,1.1052,3.3325000000000005,5.085,6.5994999999999999,8.7284500000000005,8.8499999999999996,4.8792499999999999,2.4410116456433935,3.2669999999999995,exact_linear_order_statistics_disk_backed
observations,,pk_adme,Peff,10^-8cm/s,=,pk_adme,experimental_summary,exact_value,2,6.2300000000000004,6.2501000000000007,6.7324999999999999,7.2350000000000003,7.7375000000000007,8.2199000000000009,8.2400000000000002,7.2350000000000003,1.0049999999999959,1.0050000000000008,exact_linear_order_statistics_disk_backed
observations,,pk_adme,Peff,cm/s,=,pk_adme,experimental_summary,exact_value,34,0,0.00033,0.017250000000000001,0.034500000000000003,0.063500000000000001,24.715200000000024,29.190000000000001,1.361470588235294,5.5132493367464308,0.046249999999999999,exact_linear_order_statistics_disk_backed
observations,,pk_adme,Peff,nm/s,<,pk_adme,experimental_summary,upper_censor_bound,3,0.0030000000000000001,0.11894,2.9015,5.7999999999999998,5.835,5.8685999999999998,5.8700000000000001,3.891,2.7493796876144025,2.9335,exact_linear_order_statistics_disk_backed
observations,,pk_adme,Peff,nm/s,=,pk_adme,experimental_summary,exact_value,151,0,0.014999999999999999,9.9700000000000006,26.800000000000001,88.75,661.09999999999991,739.20000000000005,89.533741721854298,152.40451112939184,78.780000000000001,exact_linear_order_statistics_disk_backed
observations,,pk_adme,Peff,nm/s,>,pk_adme,experimental_summary,lower_censor_bound,1,100,100,100,100,100,100,100,100,0,0,exact_linear_order_statistics_disk_backed
observations,,pk_adme,Peff,ucm/s,<,pk_adme,experimental_summary,upper_censor_bound,9,0.10000000000000001,0.10800000000000001,0.20000000000000001,0.58999999999999997,0.58999999999999997,2.6231999999999998,2.7999999999999998,0.69444444444444442,0.76957580106201806,0.38999999999999996,exact_linear_order_statistics_disk_backed
observations,,pk_adme,Peff,ucm/s,<=,pk_adme,experimental_summary,upper_censor_bound,6,0.58999999999999997,0.58999999999999997,0.58999999999999997,0.58999999999999997,0.58999999999999997,0.58999999999999997,0.58999999999999997,0.58999999999999997,0,0,exact_linear_order_statistics_disk_backed
observations,,pk_adme,Peff,ucm/s,=,pk_adme,experimental_summary,exact_value,468,-6.2999999999999998,-4.5,1.8999999999999999,7.4000000000000004,13.725,282.79099999999949,2145,24.619104700854702,151.00314962916192,11.824999999999999,exact_linear_order_statistics_disk_backed
observations,,pk_adme,Peff,ucm/s,>,pk_adme,experimental_summary,lower_censor_bound,1,30,30,30,30,30,30,30,30,0,0,exact_linear_order_statistics_disk_backed
observations,,pk_adme,Percent remaining,%,=,pk_adme,experimental_summary,exact_value,4,5,5.9000000000000004,27.5,45,63.25,87.009999999999991,88,45.75,30.194163343268844,35.75,exact_linear_order_statistics_disk_backed
observations,,pk_adme,Permeability,10e4*cmmin-1,=,pk_adme,experimental_summary,exact_value,4,2,2,2,3.3500000000000001,5.0999999999999996,6.2519999999999989,6.2999999999999998,3.75,1.8391574157749522,3.0999999999999996,exact_linear_order_statistics_disk_backed
observations,,pk_adme,Permeability,abcm/s,=,pk_adme,experimental_summary,exact_value,4,6.0000000000000002e-06,6.0000000000000002e-06,6.0000000000000002e-06,1.1e-05,1.6249999999999999e-05,1.6969999999999998e-05,1.7e-05,1.1249999999999999e-05,5.2618912949623009e-06,1.0249999999999998e-05,exact_linear_order_statistics_disk_backed
observations,,pk_adme,Permeability,cm(10e3*hr)-1,=,pk_adme,experimental_summary,exact_value,3,0.79000000000000004,0.85920000000000007,2.52,4.25,13.300000000000001,21.988,22.350000000000001,9.1300000000000008,9.454071433338477,10.780000000000001,exact_linear_order_statistics_disk_backed
observations,,pk_adme,Permeability,cmhr-1,<,pk_adme,experimental_summary,upper_censor_bound,4,0.001,0.001,0.001,0.001,0.001,0.001,0.001,0.001,0,0,exact_linear_order_statistics_disk_backed
observations,,pk_adme,Permeability,cmhr-1,=,pk_adme,experimental_summary,exact_value,28,0.001,0.0012700000000000001,0.0037499999999999999,0.029499999999999998,0.092499999999999999,0.13730000000000001,0.14000000000000001,0.047357142857142862,0.046052930948850497,0.088749999999999996,exact_linear_order_statistics_disk_backed
observations,,pk_adme,Permeability,cms-1,<,pk_adme,experimental_summary,upper_censor_bound,3,9.9999999999999995e-08,9.9999999999999995e-08,9.9999999999999995e-08,9.9999999999999995e-08,0.050000050000000004,0.098000002000000003,0.10000000000000001,0.033333400000000006,0.047140404938651091,0.049999950000000001,exact_linear_order_statistics_disk_backed
observations,,pk_adme,Permeability,cms-1,=,pk_adme,experimental_summary,exact_value,28,9.9999999999999995e-08,1.2699999999999999e-07,2.0499999999999999e-06,5.9500000000000006e-06,3.1449999999999996,18314000,18800000,1732144.4542888545,4971780.7836761251,3.1449979499999996,exact_linear_order_statistics_disk_backed
observations,,pk_adme,Permeability,nm/s,=,pk_adme,experimental_summary,exact_value,2,147,147.91999999999999,170,193,216,238.07999999999998,239,193,46,46,exact_linear_order_statistics_disk_backed
observations,,pk_adme,Permeability,nmhr-1cm**-2,=,pk_adme,experimental_summary,exact_value,17,0.14999999999999999,0.18359999999999999,3.1200000000000001,7.3799999999999999,15.359999999999999,174.41759999999999,199,22.670588235294115,45.782726189044688,12.239999999999998,exact_linear_order_statistics_disk_backed
observations,,pk_adme,Permeability,nms-1,=,pk_adme,experimental_summary,exact_value,400,0,0,12.300000000000001,22.399999999999999,35.725000000000001,94.121999999999971,245.09999999999999,26.598262500000001,22.669849498697467,23.425000000000001,exact_linear_order_statistics_disk_backed
observations,,pk_adme,Permeability,papp*10e6cm/s,=,pk_adme,experimental_summary,exact_value,6,0.90000000000000002,0.90000000000000002,1.8500000000000001,5.7000000000000002,6.9249999999999998,8.9000000000000004,9,4.8666666666666663,3.0684777260973495,5.0749999999999993,exact_linear_order_statistics_disk_backed
observations,,pk_adme,Permeability coefficient,cms-1,=,pk_adme,experimental_summary,exact_value,22,3.6199999999999999e-05,3.7817000000000001e-05,87500,410000,1465000,22748999.999999996,23400000,3274095.5745490952,6624224.3447015192,1377500,exact_linear_order_statistics_disk_backed
observations,,pk_adme,Permeability index,pi,=,pk_adme,experimental_summary,exact_value,2,-0.25,0.38450000000000006,15.612500000000001,31.475000000000001,47.337500000000006,62.5655,63.200000000000003,31.475000000000001,31.725000000000001,31.725000000000005,exact_linear_order_statistics_disk_backed
observations,,pk_adme,Permeability rate,nms-1,=,pk_adme,experimental_summary,exact_value,4,37,37.090000000000003,39.25,49.5,62,70.640000000000001,71,51.75,13.953046262375826,22.75,exact_linear_order_statistics_disk_backed
observations,,pk_adme,Plasma level,ngml-1,=,pk_adme,experimental_summary,exact_value,54,22,25.710000000000001,190,450,735,3757.9999999999982,4500,737.7037037037037,913.51929634852127,545,exact_linear_order_statistics_disk_backed
observations,,pk_adme,Plasma level,ugml-1,=,pk_adme,experimental_summary,exact_value,22,10,11.26,41.25,85,186.25,795.69999999999993,823,168.5,217.733103926469,145,exact_linear_order_statistics_disk_backed
observations,,pk_adme,Pm,/ml,=,pk_adme,experimental_summary,exact_value,1,0.25,0.25,0.25,0.25,0.25,0.25,0.25,0.25,0,0,exact_linear_order_statistics_disk_backed
observations,,pk_adme,Pm,10'-5cm/min,=,pk_adme,experimental_summary,exact_value,8,16.300000000000001,16.664000000000001,30.049999999999997,34.450000000000003,39.424999999999997,47.201000000000001,47.600000000000001,33.462499999999999,9.6123537049985899,9.375,exact_linear_order_statistics_disk_backed
observations,,pk_adme,Pm,10^-5cm/min,=,pk_adme,experimental_summary,exact_value,33,2.7000000000000002,3.6600000000000001,24.699999999999999,36.899999999999999,42.600000000000001,66.503999999999991,73,33.836363636363636,13.882620881319037,17.900000000000002,exact_linear_order_statistics_disk_backed
observations,,pk_adme,Pm,10^-6cm/s,=,pk_adme,experimental_summary,exact_value,1,11,11,11,11,11,11,11,11,0,0,exact_linear_order_statistics_disk_backed
observations,,pk_adme,Pm,10e-5*cm/min,=,pk_adme,experimental_summary,exact_value,4,61.899999999999999,62.388999999999996,74.125,80.599999999999994,84.875,90.275000000000006,90.5,78.400000000000006,10.48641978942281,10.75,exact_linear_order_statistics_disk_backed
observations,,pk_adme,Pm,mg/ml,=,pk_adme,experimental_summary,exact_value,2,0.5,0.5,0.5,0.5,0.5,0.5,0.5,0.5,0,0,exact_linear_order_statistics_disk_backed
observations,,pk_adme,Pm,nm/s,<,pk_adme,experimental_summary,upper_censor_bound,1,1,1,1,1,1,1,1,1,0,0,exact_linear_order_statistics_disk_backed
observations,,pk_adme,Pm,nm/s,=,pk_adme,experimental_summary,exact_value,26,4,6.75,110.75,281.94999999999999,473.5,1142.25,1271,345.41923076923075,290.35254700665956,362.75,exact_linear_order_statistics_disk_backed
observations,,pk_adme,Pm,ucm/s,=,pk_adme,experimental_summary,exact_value,1,0.87,0.87,0.87,0.87,0.87,0.87,0.87,0.87,0,0,exact_linear_order_statistics_disk_backed
observations,,pk_adme,Potency,nM,=,pk_adme,experimental_summary,exact_value,16203,0.40000000000000002,7.1160000000000077,2818.4000000000001,10000,19952.599999999999,35481.300000000003,1778279.3999999999,12355.602160093811,18420.191380604985,17134.199999999997,exact_linear_order_statistics_disk_backed
observations,,pk_adme,Propioaldehyde generated,uM,=,pk_adme,experimental_summary,exact_value,9,0.050000000000000003,0.050000000000000003,0.20000000000000001,0.25,1.1599999999999999,3.4264000000000001,3.5,0.95777777777777773,1.1796400371655547,0.95999999999999996,exact_linear_order_statistics_disk_backed
observations,,pk_adme,Pt,cms-1,=,pk_adme,experimental_summary,exact_value,9,330000,336400,750000,1400000,7200000,11840000,12000000,4045555.5555555555,4265458.4516167939,6450000,exact_linear_order_statistics_disk_backed
observations,,pk_adme,QH,%,<,pk_adme,experimental_summary,upper_censor_bound,29,5.5999999999999996,7.0839999999999996,23,23,23,23,23,21.913793103448278,3.7917991487920237,0,exact_linear_order_statistics_disk_backed
observations,,pk_adme,QH,%,=,pk_adme,experimental_summary,exact_value,209,7.5999999999999996,12.08,32,56,72.299999999999997,98,98.900000000000006,54.225263157894737,24.469338044920317,40.299999999999997,exact_linear_order_statistics_disk_backed
observations,,pk_adme,QH,%,>,pk_adme,experimental_summary,lower_censor_bound,20,23,23,75,75,75,94.47999999999999,96,68.650000000000006,19.92554892593926,0,exact_linear_order_statistics_disk_backed
observations,,pk_adme,QH,ml/min,=,pk_adme,experimental_summary,exact_value,1,1500,1500,1500,1500,1500,1500,1500,1500,0,0,exact_linear_order_statistics_disk_backed
observations,,pk_adme,Quantity,pmmg-1,=,pk_adme,experimental_summary,exact_value,3,0.47999999999999998,0.48999999999999999,0.72999999999999998,0.97999999999999998,1.095,1.2054,1.21,0.89000000000000001,0.30474032661705058,0.36499999999999999,exact_linear_order_statistics_disk_backed
observations,,pk_adme,R,%,=,pk_adme,experimental_summary,exact_value,8,7,8.5399999999999991,60.5,84,97,100,100,71.375,33.064094952077546,36.5,exact_linear_order_statistics_disk_backed
observations,,pk_adme,R%,%,<,pk_adme,experimental_summary,upper_censor_bound,2,1,1,1,1,1,1,1,1,0,0,exact_linear_order_statistics_disk_backed
observations,,pk_adme,R%,%,=,pk_adme,experimental_summary,exact_value,227,-1432,-12.714,3.5999999999999996,13.199999999999999,48.5,74,80.400000000000006,17.850792951541852,99.785886800977877,44.899999999999999,exact_linear_order_statistics_disk_backed
observations,,pk_adme,RHA,%,=,pk_adme,experimental_summary,exact_value,24,0,0,0,7.4000000000000004,78.25,643.63999999999999,674,87.987499999999997,168.83389596607469,78.25,exact_linear_order_statistics_disk_backed
observations,,pk_adme,RPF,pmnm-1,=,pk_adme,experimental_summary,exact_value,40,8.3000000000000007,9.548,15.050000000000001,35.850000000000001,74.174999999999997,847.07600000000002,871.10000000000002,109.545,200.71466681585579,59.125,exact_linear_order_statistics_disk_backed
observations,,pk_adme,Rate,nm(mgofprotein)-1,=,pk_adme,experimental_summary,exact_value,2,54,54.020000000000003,54.5,55,55.5,55.979999999999997,56,55,1,1,exact_linear_order_statistics_disk_backed
observations,,pk_adme,Rate,nm-1min-1(mgofprotein)-1,<,pk_adme,experimental_summary,upper_censor_bound,2,0.01,0.01,0.01,0.01,0.01,0.01,0.01,0.01,0,0,exact_linear_order_statistics_disk_backed
observations,,pk_adme,Rate,nm-1min-1(mgofprotein)-1,=,pk_adme,experimental_summary,exact_value,3,0.40000000000000002,0.40340000000000004,0.48499999999999999,0.56999999999999995,0.66500000000000004,0.75619999999999998,0.76000000000000001,0.57666666666666666,0.14704496666741865,0.18000000000000005,exact_linear_order_statistics_disk_backed
observations,,pk_adme,Rate,nmmin-1(nmofcytochromep450)-1,=,pk_adme,experimental_summary,exact_value,9,0.78000000000000003,0.79600000000000004,2.27,3.71,4.2599999999999998,4.5039999999999996,4.5199999999999996,3.1666666666666665,1.3746191391719298,1.9899999999999998,exact_linear_order_statistics_disk_backed
observations,,pk_adme,Rate,pM,=,pk_adme,experimental_summary,exact_value,21,48,48.200000000000003,576,1253,5700,204040.00000000009,229400,17849.666666666668,51955.883700302562,5124,exact_linear_order_statistics_disk_backed
observations,,pk_adme,Rate,pmmin-1(mgofprotein)-1,=,pk_adme,experimental_summary,exact_value,2,27,28.420000000000002,62.5,98,133.5,167.58000000000001,169,98,71,71,exact_linear_order_statistics_disk_backed
observations,,pk_adme,Rate of formation,nm(mgofprotein)-1,=,pk_adme,experimental_summary,exact_value,5,0.69999999999999996,0.77200000000000002,2.5,5.9000000000000004,6.7999999999999998,58.159999999999997,60.299999999999997,15.24,22.638869229711979,4.2999999999999998,exact_linear_order_statistics_disk_backed
observations,,pk_adme,Rate of formation,pmmin-1(mgofprotein)-1,=,pk_adme,experimental_summary,exact_value,20,32,35.210999999999999,62,84.900000000000006,247,1979.489999999998,2270,274.28000000000003,491.75174285405438,185,exact_linear_order_statistics_disk_backed
observations,,pk_adme,Rate of hydrolysis,nmmin-1mg-1,=,pk_adme,experimental_summary,exact_value,27,0,0,0.0275,0.27300000000000002,1.4399999999999999,3.3883999999999999,3.4300000000000002,0.83642222222222229,1.0723338125006125,1.4124999999999999,exact_linear_order_statistics_disk_backed
observations,,pk_adme,Rate of metabolism,pm/mg/minute,=,pk_adme,experimental_summary,exact_value,1,800,800,800,800,800,800,800,800,0,0,exact_linear_order_statistics_disk_backed
observations,,pk_adme,Ratio,%,=,pk_adme,experimental_summary,exact_value,45,0,0,0.080000000000000002,1.04,34.5,124.92000000000002,128,21.258444444444443,35.626063926759862,34.420000000000002,exact_linear_order_statistics_disk_backed
observations,,pk_adme,Ratio,/min/nm,=,pk_adme,experimental_summary,exact_value,4,1.03,1.0441,1.3825000000000001,2.7999999999999998,5.2750000000000004,8.6589999999999989,8.8000000000000007,3.8574999999999999,3.083815615434879,3.8925000000000001,exact_linear_order_statistics_disk_backed
observations,,pk_adme,Ratio,/um/min,=,pk_adme,experimental_summary,exact_value,2,0.025000000000000001,0.026150000000000003,0.053750000000000006,0.082500000000000018,0.11125000000000002,0.13885000000000003,0.14000000000000001,0.082500000000000004,0.057500000000000009,0.057500000000000009,exact_linear_order_statistics_disk_backed
observations,,pk_adme,Ratio,10'-6cm/min,=,pk_adme,experimental_summary,exact_value,1,15,15,15,15,15,15,15,15,0,0,exact_linear_order_statistics_disk_backed
observations,,pk_adme,Ratio,10'2no_unit,=,pk_adme,experimental_summary,exact_value,4,0.23000000000000001,0.26600000000000001,1.1299999999999999,2.6799999999999997,5.8725000000000005,11.466899999999997,11.699999999999999,4.3224999999999998,4.463649711838956,4.7425000000000006,exact_linear_order_statistics_disk_backed
observations,,pk_adme,Ratio,10^-3no_unit,=,pk_adme,experimental_summary,exact_value,1,0.69999999999999996,0.69999999999999996,0.69999999999999996,0.69999999999999996,0.69999999999999996,0.69999999999999996,0.69999999999999996,0.69999999999999996,0,0,exact_linear_order_statistics_disk_backed
observations,,pk_adme,Ratio,l/min/umol,=,pk_adme,experimental_summary,exact_value,9,0.00020000000000000001,0.00021600000000000002,0.00050000000000000001,0.002,0.0030000000000000001,0.039887999999999993,0.042999999999999997,0.0063111111111111111,0.01303222028021698,0.0025000000000000001,exact_linear_order_statistics_disk_backed
observations,,pk_adme,Ratio,ml/min.umol,=,pk_adme,experimental_summary,exact_value,2,19.399999999999999,19.610999999999997,24.674999999999997,29.949999999999999,35.225000000000001,40.289000000000001,40.5,29.949999999999999,10.550000000000001,10.550000000000004,exact_linear_order_statistics_disk_backed
observations,,pk_adme,Ratio,ml/min/nmol,=,pk_adme,experimental_summary,exact_value,2,0.12,0.1201,0.1225,0.125,0.1275,0.12990000000000002,0.13,0.125,0.0050000000000000712,0.0050000000000000044,exact_linear_order_statistics_disk_backed
observations,,pk_adme,Ratio,nM,=,pk_adme,experimental_summary,exact_value,8,1,1,1,1.25,78.5,144.58999999999997,149,39.5625,53.452781440725794,77.5,exact_linear_order_statistics_disk_backed
observations,,pk_adme,Ratio,uM,=,pk_adme,experimental_summary,exact_value,1,4,4,4,4,4,4,4,4,0,0,exact_linear_order_statistics_disk_backed
observations,,pk_adme,Ratio,ul/min/pmol,=,pk_adme,experimental_summary,exact_value,6,0.001,0.00115,0.0045000000000000005,0.0065000000000000006,0.0077499999999999999,0.022250000000000002,0.023,0.0081666666666666676,0.0070099136149376958,0.0032499999999999994,exact_linear_order_statistics_disk_backed
observations,,pk_adme,Recovered,%,=,pk_adme,experimental_summary,exact_value,85,70.870000000000005,77.371600000000001,90,94,99,114.43199999999999,116.7,94.9435294117647,8.2161437506587678,9,exact_linear_order_statistics_disk_backed
observations,,pk_adme,Recovered,%,>,pk_adme,experimental_summary,lower_censor_bound,4,120,120,120,120,120,120,120,120,0,0,exact_linear_order_statistics_disk_backed
observations,,pk_adme,Recovery,%,=,pk_adme,experimental_summary,exact_value,28,21,24.240000000000002,62.450000000000003,76,92.5,109.803,110.09999999999999,75.450000000000003,22.700464123637897,30.049999999999997,exact_linear_order_statistics_disk_backed
observations,,pk_adme,Recovery A to B (mean),%,=,pk_adme,experimental_summary,exact_value,274,5.54,16.506,66.349999999999994,80,89,105.80999999999995,116,74.185182481751838,21.73186427729334,22.650000000000006,exact_linear_order_statistics_disk_backed
observations,,pk_adme,Recovery A to B plus inhibitor (mean),%,=,pk_adme,experimental_summary,exact_value,30,61.600000000000001,62.064,74.699999999999989,81.650000000000006,92.300000000000011,112.68000000000001,115,83.210000000000008,13.110640716608742,17.600000000000023,exact_linear_order_statistics_disk_backed
observations,,pk_adme,Recovery B to A (mean),%,=,pk_adme,experimental_summary,exact_value,94,33.200000000000003,56.264000000000003,79,86.700000000000003,93.074999999999989,102.27999999999997,106,84.571276595744678,11.800916141323901,14.074999999999989,exact_linear_order_statistics_disk_backed
observations,,pk_adme,Recovery B to A plus inhibitor (mean),%,=,pk_adme,experimental_summary,exact_value,30,57.399999999999999,58.734000000000002,76.400000000000006,84.699999999999989,88.900000000000006,104.26000000000001,106,81.99666666666667,11.698760143232604,12.5,exact_linear_order_statistics_disk_backed
observations,,pk_adme,Relative Bioavailability,%,=,pk_adme,experimental_summary,exact_value,4,65.400000000000006,79.6815,422.4375,552.08500000000004,678.13750000000005,1010.5399,1024.3900000000001,548.49000000000001,339.15660564111096,255.70000000000005,exact_linear_order_statistics_disk_backed
observations,,pk_adme,Relative oncentration,uM,=,pk_adme,experimental_summary,exact_value,1,0.050000000000000003,0.050000000000000003,0.050000000000000003,0.050000000000000003,0.050000000000000003,0.050000000000000003,0.050000000000000003,0.050000000000000003,0,0,exact_linear_order_statistics_disk_backed
observations,,pk_adme,Relative peroxidation,%,=,pk_adme,experimental_summary,exact_value,1,1,1,1,1,1,1,1,1,0,0,exact_linear_order_statistics_disk_backed
observations,,pk_adme,Relative protection,%,=,pk_adme,experimental_summary,exact_value,19,3.2000000000000002,3.5420000000000003,13.699999999999999,28.800000000000001,39.100000000000001,65.548000000000002,65.799999999999997,27.778947368421051,17.886971999559332,25.400000000000002,exact_linear_order_statistics_disk_backed
observations,,pk_adme,Relative rate of hydrolysis,%,=,pk_adme,experimental_summary,exact_value,41,0,0,4.2999999999999998,43.799999999999997,97.400000000000006,259.04000000000002,264.19999999999999,65.417073170731712,69.666270322889858,93.100000000000009,exact_linear_order_statistics_disk_backed
observations,,pk_adme,Remaining,%,<,pk_adme,experimental_summary,upper_censor_bound,10,10,10,10,10,29.25,30,30,17.699999999999999,9.4662558596310937,19.25,exact_linear_order_statistics_disk_backed
observations,,pk_adme,Remaining,%,=,pk_adme,experimental_summary,exact_value,519,0,0,20,55,87,112.82000000000005,124.3,53.4094161849711,35.29349317111943,67,exact_linear_order_statistics_disk_backed
observations,,pk_adme,Remaining (without cofactor),%,=,pk_adme,experimental_summary,exact_value,427,74.640000000000001,84.763200000000012,95.224999999999994,100.31,105,116,118,100.33571428571429,6.9876440728516434,9.7750000000000057,exact_linear_order_statistics_disk_backed
observations,,pk_adme,Remaining compound,%,=,pk_adme,experimental_summary,exact_value,15,11,12.4,52.5,81,88.5,113.33999999999999,116,68.799999999999997,29.987108341196677,36,exact_linear_order_statistics_disk_backed
observations,,pk_adme,Remaining rate,%,=,pk_adme,experimental_summary,exact_value,16,60.200000000000003,63.890000000000001,86.100000000000009,91.200000000000003,92.025000000000006,94.739999999999995,94.799999999999997,88.075000000000003,7.879839782635182,5.9249999999999972,exact_linear_order_statistics_disk_backed
observations,,pk_adme,Remaining ratio,%,=,pk_adme,experimental_summary,exact_value,16,9,18.149999999999999,82.25,100,100,100,100,87.1875,23.200804808238871,17.75,exact_linear_order_statistics_disk_backed
observations,,pk_adme,Retention_time,min,<,pk_adme,experimental_summary,upper_censor_bound,7,0.20000000000000001,0.20000000000000001,0.20000000000000001,0.20000000000000001,0.20000000000000001,0.20000000000000001,0.20000000000000001,0.20000000000000001,0,0,exact_linear_order_statistics_disk_backed
observations,,pk_adme,Retention_time,min,=,pk_adme,experimental_summary,exact_value,482,1.3400000000000001,1.6200000000000001,5.1925000000000008,9.4050000000000011,13.975,31.698999999999995,52.600000000000001,10.450682572614108,6.7725103882833437,8.7824999999999989,exact_linear_order_statistics_disk_backed
observations,,pk_adme,Retention_time,min,interval,pk_adme,experimental_summary,lower_censor_bound,4,1.6000000000000001,1.6534,2.9350000000000001,3.46,3.8399999999999999,4.7039999999999997,4.7400000000000002,3.3149999999999999,1.1210151649286468,0.9049999999999998,exact_linear_order_statistics_disk_backed
observations,,pk_adme,Retention_time,min,interval,pk_adme,experimental_summary,upper_censor_bound,4,1.6100000000000001,1.6682000000000001,3.0649999999999999,3.6399999999999997,3.9899999999999998,4.7387999999999995,4.7699999999999996,3.415,1.141435499710781,0.92499999999999982,exact_linear_order_statistics_disk_backed
observations,,pk_adme,Rmax,%,=,pk_adme,experimental_summary,exact_value,3,100,100,100,100,103.5,106.86,107,102.33333333333333,3.2998316455374668,3.5,exact_linear_order_statistics_disk_backed
observations,,pk_adme,S50,mM,=,pk_adme,experimental_summary,exact_value,2,0.20000000000000001,0.21900000000000003,0.67500000000000004,1.1500000000000001,1.625,2.081,2.1000000000000001,1.1500000000000001,0.94999999999999996,0.94999999999999996,exact_linear_order_statistics_disk_backed
observations,,pk_adme,S50,uM,=,pk_adme,experimental_summary,exact_value,2,10.6,12.548,59.300000000000004,108,156.70000000000002,203.452,205.40000000000001,108,97.400000000000006,97.400000000000006,exact_linear_order_statistics_disk_backed
observations,,pk_adme,Solubility,%,<,other_bioactivity,experimental_summary,upper_censor_bound,1,1,1,1,1,1,1,1,1,0,0,exact_linear_order_statistics_disk_backed
observations,,pk_adme,Solubility,%,=,other_bioactivity,experimental_summary,exact_value,17,0.5,0.54800000000000004,2,8,10,496.95999999999998,500,67.588235294117652,155.49615044356619,8,exact_linear_order_statistics_disk_backed
observations,,pk_adme,Solubility,%,=,pk_adme,experimental_summary,exact_value,2,84.799999999999997,84.915999999999997,87.700000000000003,90.599999999999994,93.5,96.284000000000006,96.400000000000006,90.599999999999994,5.8000000000001064,5.7999999999999972,exact_linear_order_statistics_disk_backed
observations,,pk_adme,Solubility,%,>,other_bioactivity,experimental_summary,lower_censor_bound,2,10,10,10,10,10,10,10,10,0,0,exact_linear_order_statistics_disk_backed
observations,,pk_adme,Solubility,g,=,other_bioactivity,experimental_summary,exact_value,21,0.029999999999999999,0.056000000000000001,1.54,3.0800000000000001,9.1400000000000006,46.196000000000026,53.969999999999999,7.0785714285714292,11.333202500245225,7.6000000000000005,exact_linear_order_statistics_disk_backed
observations,,pk_adme,Solubility,mg,=,other_bioactivity,experimental_summary,exact_value,3,1.1499999999999999,1.4469999999999998,8.5749999999999993,16,16.125,16.245000000000001,16.25,11.133333333333333,7.0600204595233915,7.5500000000000007,exact_linear_order_statistics_disk_backed
observations,,pk_adme,Solubility,mgkg-1,=,other_bioactivity,experimental_summary,exact_value,4,0.012,0.013440000000000001,0.048000000000000001,4.879999999999999,34.774999999999999,106.99099999999997,110,29.943000000000001,46.389009334108437,34.726999999999997,exact_linear_order_statistics_disk_backed
observations,,pk_adme,Solubility,nM,<,other_bioactivity,experimental_summary,upper_censor_bound,2763,0.050000000000000003,10,1000,2000,5000,250000,5000000,23498.326076728194,240014.39254895071,4000,exact_linear_order_statistics_disk_backed
observations,,pk_adme,Solubility,nM,<=,other_bioactivity,experimental_summary,upper_censor_bound,155,10,10,1050,20000,30000,1460000.0000000079,2000000,84510.580645161288,282851.72843333898,28950,exact_linear_order_statistics_disk_backed
observations,,pk_adme,Solubility,nM,=,binding,experimental_summary,exact_value,1,0.59999999999999998,0.59999999999999998,0.59999999999999998,0.59999999999999998,0.59999999999999998,0.59999999999999998,0.59999999999999998,0.59999999999999998,0,0,exact_linear_order_statistics_disk_backed
observations,,pk_adme,Solubility,nM,=,other_bioactivity,experimental_summary,exact_value,25982,-7520000000,45.620000000000005,10000,52000,185000,39000000,2250000000,713659.57090193208,107095543.12565847,175000,exact_linear_order_statistics_disk_backed
observations,,pk_adme,Solubility,nM,=,pk_adme,experimental_summary,exact_value,29,2000,2280,51000,218000,224000,52039999.999999993,54000000,3624068.9655172415,12791382.122973789,173000,exact_linear_order_statistics_disk_backed
observations,,pk_adme,Solubility,nM,>,other_bioactivity,experimental_summary,lower_censor_bound,3163,0.10000000000000001,5000,100000,217000,856500,58760000.000000216,481000000,3563548.6696490673,20448905.66811901,756500,exact_linear_order_statistics_disk_backed
observations,,pk_adme,Solubility,nM,>,pk_adme,experimental_summary,lower_censor_bound,4,225000,225750,243750,250000,250000,250000,250000,243750,10825.317547305483,6250,exact_linear_order_statistics_disk_backed
observations,,pk_adme,Solubility,nM,>=,other_bioactivity,experimental_summary,lower_censor_bound,1462,10000,30000,200000,200000,200000,50000000,100000000,1363946.2380300958,8867345.6738043968,0,exact_linear_order_statistics_disk_backed
observations,,pk_adme,Solubility,ug/mL,<,other_bioactivity,experimental_summary,upper_censor_bound,3135,1.0000000000000001e-05,0.01,1,1,5,56599.999999998545,200000,1755.9788766379586,14453.337756947698,4,exact_linear_order_statistics_disk_backed
observations,,pk_adme,Solubility,ug/mL,<=,other_bioactivity,experimental_summary,upper_censor_bound,53,0.10000000000000001,0.56800000000000006,1,5,1000,54359.999999999745,97000,2945.4169811320758,13311.258979479298,999,exact_linear_order_statistics_disk_backed
observations,,pk_adme,Solubility,ug/mL,=,other_bioactivity,experimental_summary,exact_value,20770,0,0.01,7,47.93,335,233300,760000000,79971.679743485016,5530402.1087368736,328,exact_linear_order_statistics_disk_backed
observations,,pk_adme,Solubility,ug/mL,>,other_bioactivity,experimental_summary,lower_censor_bound,3419,0.029999999999999999,5,100,780,5000,350000,850000000,272000.81813249493,14535605.372983569,4900,exact_linear_order_statistics_disk_backed
observations,,pk_adme,Solubility,ug/mL,>=,other_bioactivity,experimental_summary,lower_censor_bound,372,1,33,139,170.5,202.25,114800.00000000246,153000000,1091430.1962365592,12130112.933357231,63.25,exact_linear_order_statistics_disk_backed
observations,,pk_adme,Solubility,ug/mL,interval,other_bioactivity,experimental_summary,lower_censor_bound,185,0.10000000000000001,0.1968,3.1000000000000001,12.5,25,100,500,21.55989189189189,40.607913620832107,21.899999999999999,exact_linear_order_statistics_disk_backed
observations,,pk_adme,Solubility,ug/mL,interval,other_bioactivity,experimental_summary,upper_censor_bound,185,0.20999999999999999,0.92800000000000005,6.2999999999999998,25,50,500,1000,49.329675675675674,99.001951664643087,43.700000000000003,exact_linear_order_statistics_disk_backed
observations,,pk_adme,Stability,%,<,pk_adme,experimental_summary,upper_censor_bound,570,0.001,0.001,1,5,23,50,70,12.292275438596491,13.597529528954892,22,exact_linear_order_statistics_disk_backed
observations,,pk_adme,Stability,%,<=,pk_adme,experimental_summary,upper_censor_bound,9,1,1.24,5,5,80,80,80,29.444444444444443,35.768114637080863,75,exact_linear_order_statistics_disk_backed
observations,,pk_adme,Stability,%,=,pk_adme,experimental_summary,exact_value,27074,-1,0,27,64,87,107,8676,58.064737944153059,65.360978298741216,60,exact_linear_order_statistics_disk_backed
observations,,pk_adme,Stability,%,>,pk_adme,experimental_summary,lower_censor_bound,840,30,40,90,95,95,120,120,89.914464285714274,13.454289223981199,5,exact_linear_order_statistics_disk_backed
observations,,pk_adme,Stability,%,>=,pk_adme,experimental_summary,lower_censor_bound,40,50,50,80,90,98.25,2000,2000,322.5,634.20312203583478,18.25,exact_linear_order_statistics_disk_backed
observations,,pk_adme,Stability,%,interval,pk_adme,experimental_summary,lower_censor_bound,77,0,0,29,57,87,100,100,55.719999999999992,31.84647800054131,58,exact_linear_order_statistics_disk_backed
observations,,pk_adme,Stability,%,interval,pk_adme,experimental_summary,upper_censor_bound,77,3.2999999999999998,5.2759999999999998,44,86,99,106.47999999999999,108,70.336363636363629,31.313433941655436,55,exact_linear_order_statistics_disk_backed
observations,,pk_adme,Stability,%/hr,=,pk_adme,experimental_summary,exact_value,15,15,16.260000000000002,41,51,82.5,93.439999999999998,94,58.866666666666667,25.635565572505353,41.5,exact_linear_order_statistics_disk_backed
observations,,pk_adme,Stability,microg.min/ml,=,pk_adme,experimental_summary,exact_value,1,72,72,72,72,72,72,72,72,0,0,exact_linear_order_statistics_disk_backed
observations,,pk_adme,Stability,microl/min/mg,<,pk_adme,experimental_summary,upper_censor_bound,96,1,1,7,12.699999999999999,50,100,100,28.360416666666666,34.853967610011381,43,exact_linear_order_statistics_disk_backed
observations,,pk_adme,Stability,microl/min/mg,=,pk_adme,experimental_summary,exact_value,693,-16,-7.1600000000000001,28,79,170,1089.1600000000083,1856,146.86099567099566,217.80328359927839,142,exact_linear_order_statistics_disk_backed
observations,,pk_adme,Stability,microl/min/mg,>,pk_adme,experimental_summary,lower_censor_bound,58,200,209.12,320,320,399,768,768,385.84482758620692,140.21913905029061,79,exact_linear_order_statistics_disk_backed
observations,,pk_adme,Stability,min,<,pk_adme,experimental_summary,upper_censor_bound,1,5,5,5,5,5,5,5,5,0,0,exact_linear_order_statistics_disk_backed
observations,,pk_adme,Stability,min,=,pk_adme,experimental_summary,exact_value,49,1.3,1.6360000000000001,4,17,26,79.159999999999869,95,19.834693877551018,19.019212102185563,22,exact_linear_order_statistics_disk_backed
observations,,pk_adme,Stability,min,>,pk_adme,experimental_summary,lower_censor_bound,16,30,34.5,82.5,120,120,120,120,99.0625,29.273428117492493,37.5,exact_linear_order_statistics_disk_backed
observations,,pk_adme,Stability,ml/min,<,pk_adme,experimental_summary,upper_censor_bound,5,0.01,0.01,0.01,0.01,0.01,1.9203999999999999,2,0.40800000000000003,0.79599999999999993,0,exact_linear_order_statistics_disk_backed
observations,,pk_adme,Stability,ml/min,=,pk_adme,experimental_summary,exact_value,57,0.001,0.0021200000000000004,0.029000000000000001,0.082000000000000003,0.29999999999999999,26.747999999999962,36.100000000000001,1.7256315789473684,5.5115462587654607,0.27099999999999996,exact_linear_order_statistics_disk_backed
observations,,pk_adme,Stability,ml/min.kg,<,pk_adme,experimental_summary,upper_censor_bound,35,0.59999999999999998,0.59999999999999998,8,9.5,16.149999999999999,94.09999999999971,123,16.168571428571429,20.48070550442986,8.1499999999999986,exact_linear_order_statistics_disk_backed
observations,,pk_adme,Stability,ml/min.kg,=,pk_adme,experimental_summary,exact_value,215,0,0,9,19.800000000000001,49.5,226.479999999999,1317,43.215767441860464,109.37185571928822,40.5,exact_linear_order_statistics_disk_backed
observations,,pk_adme,Stability,ml/min.kg,interval,pk_adme,experimental_summary,lower_censor_bound,1,7.3300000000000001,7.3300000000000001,7.3300000000000001,7.3300000000000001,7.3300000000000001,7.3300000000000001,7.3300000000000001,7.3300000000000001,0,0,exact_linear_order_statistics_disk_backed
observations,,pk_adme,Stability,ml/min.kg,interval,pk_adme,experimental_summary,upper_censor_bound,1,9,9,9,9,9,9,9,9,0,0,exact_linear_order_statistics_disk_backed
observations,,pk_adme,Stability,ml/min/g,<,pk_adme,experimental_summary,upper_censor_bound,17,0.34999999999999998,0.35319999999999996,0.40000000000000002,0.80000000000000004,0.87,1.3,1.3,0.72882352941176476,0.34294369891111476,0.46999999999999997,exact_linear_order_statistics_disk_backed
observations,,pk_adme,Stability,ml/min/g,=,pk_adme,experimental_summary,exact_value,7,0.98999999999999999,0.99660000000000004,1.8500000000000001,3.2000000000000002,10.75,79.039999999999964,83,16.055714285714284,27.807856986903573,8.9000000000000004,exact_linear_order_statistics_disk_backed
observations,,pk_adme,Stability,ml/min/g,>,pk_adme,experimental_summary,lower_censor_bound,2,0.46000000000000002,0.46000000000000002,0.46000000000000002,0.46000000000000002,0.46000000000000002,0.46000000000000002,0.46000000000000002,0.46000000000000002,0,0,exact_linear_order_statistics_disk_backed
observations,,pk_adme,Stability,ml/min/mg,<,pk_adme,experimental_summary,upper_censor_bound,5,0.01,0.049600000000000005,1,7,8.5,8.5,8.5,5.0020000000000007,3.7255893493513197,7.5,exact_linear_order_statistics_disk_backed
observations,,pk_adme,Stability,ml/min/mg,=,pk_adme,experimental_summary,exact_value,57,0,0,0.33900000000000002,24,85,240.15999999999997,248,58.224526315789468,69.665967468858952,84.661000000000001,exact_linear_order_statistics_disk_backed
observations,,pk_adme,Stability,mmol/min,=,pk_adme,experimental_summary,exact_value,10,0,0,0.067500000000000004,0.13,0.22500000000000001,0.28820000000000001,0.28999999999999998,0.14299999999999999,0.10020479030465562,0.1575,exact_linear_order_statistics_disk_backed
observations,,pk_adme,Stability,mmol/min/mg,=,pk_adme,experimental_summary,exact_value,3,0.001,0.0017799999999999999,0.020500000000000001,0.040000000000000001,0.41999999999999998,0.78480000000000005,0.80000000000000004,0.28033333333333338,0.36780459788075276,0.39949999999999997,exact_linear_order_statistics_disk_backed
observations,,pk_adme,Stability,nM,=,pk_adme,experimental_summary,exact_value,21,1.03,2.7240000000000002,54.600000000000001,387.89999999999998,757.10000000000002,920.62,922.10000000000002,434.94428571428568,345.64134561119624,702.5,exact_linear_order_statistics_disk_backed
observations,,pk_adme,Stability,ng/mL,=,pk_adme,experimental_summary,exact_value,10,1946,1965.8900000000001,2350.5,2580.5,2803.25,2924.0799999999999,2932,2541.3000000000002,303.67352535247204,452.75,exact_linear_order_statistics_disk_backed
observations,,pk_adme,Stability,nm/min,=,pk_adme,experimental_summary,exact_value,9,0,0,0.01,0.025999999999999999,0.050000000000000003,0.1152,0.12,0.035111111111111114,0.03633316343827081,0.040000000000000001,exact_linear_order_statistics_disk_backed
observations,,pk_adme,Stability,nm/min/mg,<,pk_adme,experimental_summary,upper_censor_bound,1,0.01,0.01,0.01,0.01,0.01,0.01,0.01,0.01,0,0,exact_linear_order_statistics_disk_backed
observations,,pk_adme,Stability,nm/min/mg,=,pk_adme,experimental_summary,exact_value,1,0.055,0.055,0.055,0.055,0.055,0.055,0.055,0.055,0,0,exact_linear_order_statistics_disk_backed
observations,,pk_adme,Stability,nmol/mg/min,<,pk_adme,experimental_summary,upper_censor_bound,1,0.01,0.01,0.01,0.01,0.01,0.01,0.01,0.01,0,0,exact_linear_order_statistics_disk_backed
observations,,pk_adme,Stability,nmol/mg/min,=,pk_adme,experimental_summary,exact_value,17,0.0030000000000000001,0.0050800000000000003,0.062,0.10000000000000001,0.221,0.88400000000000001,0.90000000000000002,0.20373529411764707,0.25599024094720413,0.159,exact_linear_order_statistics_disk_backed
observations,,pk_adme,Stability,nmol/min,<,pk_adme,experimental_summary,upper_censor_bound,4,0.10000000000000001,0.10000000000000001,0.10000000000000001,0.10000000000000001,0.10000000000000001,0.10000000000000001,0.10000000000000001,0.10000000000000001,0,0,exact_linear_order_statistics_disk_backed
observations,,pk_adme,Stability,nmol/min,=,pk_adme,experimental_summary,exact_value,102,-0.0070000000000000001,0,0.032500000000000001,0.095000000000000001,0.19,6.9429999999999712,10.4,0.30562745098039218,1.2241697059845769,0.1575,exact_linear_order_statistics_disk_backed
observations,,pk_adme,Stability,nmol/min,>,pk_adme,experimental_summary,lower_censor_bound,3,0.29999999999999999,0.29999999999999999,0.29999999999999999,0.29999999999999999,0.29999999999999999,0.29999999999999999,0.29999999999999999,0.29999999999999999,3.7252902984619141e-09,0,exact_linear_order_statistics_disk_backed
observations,,pk_adme,Stability,nmol/min/kg,<,pk_adme,experimental_summary,upper_censor_bound,11,0.10000000000000001,0.10000000000000001,0.10000000000000001,0.10000000000000001,0.10000000000000001,0.10000000000000001,0.10000000000000001,0.10000000000000001,0,0,exact_linear_order_statistics_disk_backed
observations,,pk_adme,Stability,nmol/min/kg,=,pk_adme,experimental_summary,exact_value,16,0.10000000000000001,0.10000000000000001,0.10000000000000001,0.16500000000000001,0.24000000000000002,0.29999999999999999,0.29999999999999999,0.17999999999999999,0.080311892021045078,0.14000000000000001,exact_linear_order_statistics_disk_backed
observations,,pk_adme,Stability,nmol/min/kg,>,pk_adme,experimental_summary,lower_censor_bound,2,0.20000000000000001,0.20000000000000001,0.20000000000000001,0.20000000000000001,0.20000000000000001,0.20000000000000001,0.20000000000000001,0.20000000000000001,0,0,exact_linear_order_statistics_disk_backed
observations,,pk_adme,Stability,nmol/min/mg,=,pk_adme,experimental_summary,exact_value,25,0,0,0,0.014999999999999999,0.035999999999999997,1.4747999999999997,1.53,0.13083999999999998,0.38068030471775133,0.035999999999999997,exact_linear_order_statistics_disk_backed
observations,,pk_adme,Stability,pm/mg/hr,<,pk_adme,experimental_summary,upper_censor_bound,1,100,100,100,100,100,100,100,100,0,0,exact_linear_order_statistics_disk_backed
observations,,pk_adme,Stability,pmol,<,pk_adme,experimental_summary,upper_censor_bound,2,5,5.0499999999999998,6.25,7.5,8.75,9.9499999999999993,10,7.5,2.5,2.5,exact_linear_order_statistics_disk_backed
observations,,pk_adme,Stability,pmol,=,pk_adme,experimental_summary,exact_value,4,8,12.83,128.75,186.5,242,351.43999999999994,356,184.25,123.67775669052216,113.25,exact_linear_order_statistics_disk_backed
observations,,pk_adme,Stability,pmol/mg,=,pk_adme,experimental_summary,exact_value,4,39,39.509999999999998,51.75,171.5,380.75,650.74999999999989,662,261,251.38914057691514,329,exact_linear_order_statistics_disk_backed
observations,,pk_adme,Stability,pmol/mg/hr,=,pk_adme,experimental_summary,exact_value,18,0.10000000000000001,0.33799999999999997,2.8250000000000002,30,115.25,356.31999999999999,357,88.688888888888897,121.89515024938846,112.425,exact_linear_order_statistics_disk_backed
observations,,pk_adme,Stability,pmol/min,=,pk_adme,experimental_summary,exact_value,3,2,5.46,88.5,175,412.5,640.5,650,275.66666666666669,273.9541729722124,324,exact_linear_order_statistics_disk_backed
observations,,pk_adme,Stability,pmol/min/mg,=,pk_adme,experimental_summary,exact_value,54,6.2000000000000002,8.6910000000000007,26.074999999999999,63.599999999999994,188.75,1008.3499999999996,1223,166.51666666666665,234.88817020020403,162.67500000000001,exact_linear_order_statistics_disk_backed
observations,,pk_adme,Stability,pmol/ml,=,pk_adme,experimental_summary,exact_value,6,142,173.5,774,791,846.25,868.60000000000002,869,704.33333333333337,254.20507906456575,72.25,exact_linear_order_statistics_disk_backed
observations,,pk_adme,Stability,pmolequiv/mg,=,pk_adme,experimental_summary,exact_value,5,0,0.40000000000000002,10,50,378,701.51999999999998,715,230.59999999999999,279.58082909956465,368,exact_linear_order_statistics_disk_backed
observations,,pk_adme,Stability,uM,<,pk_adme,experimental_summary,upper_censor_bound,2,14,14,14,14,14,14,14,14,0,0,exact_linear_order_statistics_disk_backed
observations,,pk_adme,Stability,uM,=,pk_adme,experimental_summary,exact_value,33,0.12,0.18079999999999999,23,43.780000000000001,120,201.88,207,67.696060606060598,59.612173911211876,97,exact_linear_order_statistics_disk_backed
observations,,pk_adme,Stability,ugml-1,=,pk_adme,experimental_summary,exact_value,6,62.009999999999998,62.241,67.16749999999999,71.77000000000001,74.969999999999999,80.816000000000003,81.120000000000005,71.390000000000001,6.2823350223728873,7.8025000000000091,exact_linear_order_statistics_disk_backed
observations,,pk_adme,Stability,ul/mg/min,=,pk_adme,experimental_summary,exact_value,11,-12,-10.6,16,57,111.5,190.60000000000002,199,65,60.751356138997203,95.5,exact_linear_order_statistics_disk_backed
observations,,pk_adme,Stability,ul/min,<,pk_adme,experimental_summary,upper_censor_bound,36,1,1,3.5999999999999996,7,10,11,11,6.5500000000000007,3.5037678132103562,6.4000000000000004,exact_linear_order_statistics_disk_backed
observations,,pk_adme,Stability,ul/min,=,pk_adme,experimental_summary,exact_value,46,1,1.1799999999999999,5.7750000000000004,14.5,52.5,194.54999999999995,204,38.991304347826087,50.236180561713795,46.725000000000001,exact_linear_order_statistics_disk_backed
observations,,pk_adme,Stability,ul/min,>,pk_adme,experimental_summary,lower_censor_bound,2,20,20,20,20,20,20,20,20,0,0,exact_linear_order_statistics_disk_backed
observations,,pk_adme,Stability,ul/min.mg,<,pk_adme,experimental_summary,upper_censor_bound,11,8,8,8,10,10,10,10,9.2727272727272734,0.96209138584166221,2,exact_linear_order_statistics_disk_backed
observations,,pk_adme,Stability,ul/min.mg,=,pk_adme,experimental_summary,exact_value,71,3,3.7000000000000002,13,31,78,874.39999999999986,908,107.74647887323944,190.09143228574698,65,exact_linear_order_statistics_disk_backed
observations,,pk_adme,Stability,ul/min.mg,>,pk_adme,experimental_summary,lower_censor_bound,3,399,416.01999999999998,824.5,1250,1250,1250,1250,966.33333333333337,401.16524719316789,425.5,exact_linear_order_statistics_disk_backed
observations,,pk_adme,Stability,ul/min/kg,<,pk_adme,experimental_summary,upper_censor_bound,39,7,7,8,8.5,8.5,10.619999999999997,11,8.2948717948717956,0.85273277683670923,0.5,exact_linear_order_statistics_disk_backed
observations,,pk_adme,Stability,ul/min/kg,=,pk_adme,experimental_summary,exact_value,19,1,1.1799999999999999,3,20,58,178.19999999999999,180,48.05263157894737,60.86522962484672,55,exact_linear_order_statistics_disk_backed
observations,,pk_adme,Stability,ul/min/kg,interval,pk_adme,experimental_summary,lower_censor_bound,3,40,40,40,40,40,40,40,40,0,0,exact_linear_order_statistics_disk_backed
observations,,pk_adme,Stability,ul/min/kg,interval,pk_adme,experimental_summary,upper_censor_bound,3,50,50,50,50,50,50,50,50,0,0,exact_linear_order_statistics_disk_backed
observations,,pk_adme,Stability,ul/ml,<,pk_adme,experimental_summary,upper_censor_bound,3,0.20000000000000001,0.20000000000000001,0.20000000000000001,0.20000000000000001,0.60000000000000009,0.98399999999999999,1,0.46666666666666662,0.37712361663282545,0.40000000000000008,exact_linear_order_statistics_disk_backed
observations,,pk_adme,Stabilty,microl/min/mg,<,pk_adme,experimental_summary,upper_censor_bound,11,3,3,3,3,3.6999999999999997,4.4699999999999998,4.5,3.372727272727273,0.56099085892878076,0.69999999999999973,exact_linear_order_statistics_disk_backed
observations,,pk_adme,Stabilty,microl/min/mg,=,pk_adme,experimental_summary,exact_value,9,4.7999999999999998,5.3759999999999994,17,36,47,162.47999999999999,172,45.644444444444446,47.169083827606855,30,exact_linear_order_statistics_disk_backed
observations,,pk_adme,Stabilty,min,=,pk_adme,experimental_summary,exact_value,39,1.6000000000000001,1.6760000000000002,9.0500000000000007,17.800000000000001,21.600000000000001,123.57999999999998,127,20.938461538461539,25.345991595138436,12.550000000000001,exact_linear_order_statistics_disk_backed
observations,,pk_adme,Stabilty,min,>,pk_adme,experimental_summary,lower_censor_bound,32,30,30,30,30,30,180,180,44.0625,43.72208931135382,0,exact_linear_order_statistics_disk_backed
observations,,pk_adme,Stabilty,ml/min.kg,<,pk_adme,experimental_summary,upper_censor_bound,5,4,4,4,5,5,10.76,11,5.7999999999999998,2.6381811916545841,1,exact_linear_order_statistics_disk_backed
observations,,pk_adme,Stabilty,ml/min.kg,=,pk_adme,experimental_summary,exact_value,87,5,5,21,45,141.94999999999999,936.56000000000006,983,130.03218390804597,196.65196603595211,120.94999999999999,exact_linear_order_statistics_disk_backed
observations,,pk_adme,Stimulation,%,=,pk_adme,experimental_summary,exact_value,1,72,72,72,72,72,72,72,72,0,0,exact_linear_order_statistics_disk_backed
observations,,pk_adme,Substrate metabolized at 1hr,%,=,pk_adme,experimental_summary,exact_value,4,0,0.39000000000000001,9.75,56.5,100,100,100,53.25,46.975392494368791,90.25,exact_linear_order_statistics_disk_backed
observations,,pk_adme,Survival,%,=,pk_adme,experimental_summary,exact_value,54,26.699999999999999,29.190999999999999,36.25,41.100000000000001,47.824999999999996,83.271999999999977,92.599999999999994,43.953703703703702,11.758254987737482,11.574999999999996,exact_linear_order_statistics_disk_backed
observations,,pk_adme,Survival,day,=,pk_adme,experimental_summary,exact_value,1,30,30,30,30,30,30,30,30,0,0,exact_linear_order_statistics_disk_backed
observations,,pk_adme,T,min,=,pk_adme,experimental_summary,exact_value,1,12,12,12,12,12,12,12,12,0,0,exact_linear_order_statistics_disk_backed
observations,,pk_adme,T1/2,%,=,other_bioactivity,experimental_summary,exact_value,12,0.5,0.50770000000000004,1.1499999999999999,2,22.324999999999999,50.583000000000013,52.200000000000003,13.364166666666668,16.574411733318186,21.175000000000001,exact_linear_order_statistics_disk_backed
observations,,pk_adme,T1/2,%,=,pk_adme,experimental_summary,exact_value,1,45,45,45,45,45,45,45,45,0,0,exact_linear_order_statistics_disk_backed
observations,,pk_adme,T1/2,%,>,other_bioactivity,experimental_summary,lower_censor_bound,2,1000,1000,1000,1000,1000,1000,1000,1000,0,0,exact_linear_order_statistics_disk_backed
observations,,pk_adme,T1/2,h,<,binding,experimental_summary,upper_censor_bound,55,0.00027779999999999998,0.006877788000000001,0.083330000000000001,0.20000000000000001,0.45000000000000001,7672.0682000000133,16666.669999999998,303.88999577818174,2226.6930179973911,0.36667,exact_linear_order_statistics_disk_backed
observations,,pk_adme,T1/2,h,<,other_bioactivity,experimental_summary,upper_censor_bound,1187,0,0.0027780000000000001,0.033329999999999999,0.16669999999999999,1,25.00800000000072,336,2.1129199909856782,11.958662698426904,0.96667000000000003,exact_linear_order_statistics_disk_backed
observations,,pk_adme,T1/2,h,<,pk_adme,experimental_summary,upper_censor_bound,663,0.0083330000000000001,0.016670000000000001,0.050000000000000003,0.083330000000000001,0.16669999999999999,1,15,0.19600302564102565,0.68254744962036951,0.11669999999999998,exact_linear_order_statistics_disk_backed
observations,,pk_adme,T1/2,h,<=,binding,experimental_summary,upper_censor_bound,6,0.016670000000000001,0.016670000000000001,0.016670000000000001,0.016670000000000001,0.041667499999999996,0.050000000000000003,0.050000000000000003,0.027779999999999999,0.015711912677965095,0.024997499999999995,exact_linear_order_statistics_disk_backed
observations,,pk_adme,T1/2,h,<=,other_bioactivity,experimental_summary,upper_censor_bound,46,0.016670000000000001,0.016670000000000001,0.083330000000000001,1,2,34.966499999999975,39.030000000000001,3.4086254347826088,8.1194933405220144,1.9166700000000001,exact_linear_order_statistics_disk_backed
observations,,pk_adme,T1/2,h,<=,pk_adme,experimental_summary,upper_censor_bound,33,0.041669999999999999,0.041669999999999999,0.10000000000000001,0.10000000000000001,0.33329999999999999,0.5333,0.5333,0.22726030303030301,0.16759437018614318,0.23329999999999998,exact_linear_order_statistics_disk_backed
observations,,pk_adme,T1/2,h,=,binding,experimental_summary,exact_value,1260,0,0.00060474699999999999,0.063960000000000003,0.5,3.01675,94.16800000000039,566666.67000000004,456.18608951946834,15957.555433891488,2.9527900000000002,exact_linear_order_statistics_disk_backed
observations,,pk_adme,T1/2,h,=,other_bioactivity,experimental_summary,exact_value,54774,-12,0.018329999999999999,1,2.5,6,288,329551200,6362.7110432750605,1408614.954648606,5,exact_linear_order_statistics_disk_backed
observations,,pk_adme,T1/2,h,=,pk_adme,experimental_summary,exact_value,23397,-0.10100000000000001,0.016670000000000001,0.18329999999999999,0.5,1.2669999999999999,34.721600000000251,5160,3.0456149858101469,51.638959294445023,1.0836999999999999,exact_linear_order_statistics_disk_backed
observations,,pk_adme,T1/2,h,>,binding,experimental_summary,lower_censor_bound,160,0.55549999999999999,0.55549999999999999,4.75,16,24,68.199999999999932,16666.669999999998,118.60851437499998,1312.3940152061796,19.25,exact_linear_order_statistics_disk_backed
observations,,pk_adme,T1/2,h,>,other_bioactivity,experimental_summary,lower_censor_bound,4932,0.016670000000000001,0.40000000000000002,3,8,40,2224.5599999999904,8760000,2837.2860737672345,129894.53909966382,37,exact_linear_order_statistics_disk_backed
observations,,pk_adme,T1/2,h,>,pk_adme,experimental_summary,lower_censor_bound,6932,0.016670000000000001,0.5,1,1.5,2.1669999999999998,17.711699999999627,560,3.1753541849394114,17.987634867171806,1.1669999999999998,exact_linear_order_statistics_disk_backed
observations,,pk_adme,T1/2,h,>=,binding,experimental_summary,lower_censor_bound,15,0.43330000000000002,0.45663799999999999,0.75829999999999997,1.583,5.6500000000000004,1666.6700000000001,1666.6700000000001,225.31261333333336,565.37376994251133,4.8917000000000002,exact_linear_order_statistics_disk_backed
observations,,pk_adme,T1/2,h,>=,other_bioactivity,experimental_summary,lower_censor_bound,138,0.1467,0.41342900000000005,4,4,4,45.438899999999848,120,5.8186521739130441,11.295744216259589,0,exact_linear_order_statistics_disk_backed
observations,,pk_adme,T1/2,h,>=,pk_adme,experimental_summary,lower_censor_bound,52,0.2833,0.2833,0.83330000000000004,0.83330000000000004,1.583,6.5999999999999996,6.5999999999999996,1.7602076923076924,1.9053205761807515,0.74969999999999992,exact_linear_order_statistics_disk_backed
observations,,pk_adme,T1/2,h,interval,binding,experimental_summary,lower_censor_bound,10,0.0050000000000000001,0.0051649699999999996,0.0072919999999999999,0.010668500000000001,0.38333249999999996,5.883,6,1.1281333999999998,2.1357591784983718,0.37604049999999994,exact_linear_order_statistics_disk_backed
observations,,pk_adme,T1/2,h,interval,binding,experimental_summary,upper_censor_bound,10,0.47999999999999998,0.48809999999999998,0.5774999999999999,0.69500000000000006,6.0749999999999993,137.31000000000003,150,17.271000000000001,44.339316965871276,5.4974999999999996,exact_linear_order_statistics_disk_backed
observations,,pk_adme,T1/2,h,interval,other_bioactivity,experimental_summary,lower_censor_bound,331,0.033329999999999999,0.078668000000000002,1.2,3,9,86,163,8.5365672507552866,17.018332645969696,7.7999999999999998,exact_linear_order_statistics_disk_backed
observations,,pk_adme,T1/2,h,interval,other_bioactivity,experimental_summary,upper_censor_bound,331,0.33000000000000002,0.79500000000000004,7,24,135,360,1440,101.58700906344411,162.66672655064971,128,exact_linear_order_statistics_disk_backed
observations,,pk_adme,T1/2,h,interval,pk_adme,experimental_summary,lower_censor_bound,325,0.016670000000000001,0.016670000000000001,0.016670000000000001,0.16669999999999999,0.25,11.879999999999995,30,0.98885698461538452,2.8657539791996451,0.23333000000000001,exact_linear_order_statistics_disk_backed
observations,,pk_adme,T1/2,h,interval,pk_adme,experimental_summary,upper_censor_bound,325,0.33000000000000002,2.0264000000000002,13.4,31,50,237.07999999999993,300,40.545538461538456,39.251788272080205,36.600000000000001,exact_linear_order_statistics_disk_backed
observations,,pk_adme,T1/2,lkg-1,=,other_bioactivity,experimental_summary,exact_value,2,0.28000000000000003,0.28270000000000001,0.34750000000000003,0.41500000000000004,0.48250000000000004,0.54730000000000012,0.55000000000000004,0.41500000000000004,0.13500000000000006,0.13500000000000001,exact_linear_order_statistics_disk_backed
observations,,pk_adme,T1/2,mgkg-1,=,other_bioactivity,experimental_summary,exact_value,1,1.3,1.3,1.3,1.3,1.3,1.3,1.3,1.3,0,0,exact_linear_order_statistics_disk_backed
observations,,pk_adme,T1/2,microsec,=,other_bioactivity,experimental_summary,exact_value,1,56,56,56,56,56,56,56,56,0,0,exact_linear_order_statistics_disk_backed
observations,,pk_adme,T1/2,min-1,=,other_bioactivity,experimental_summary,exact_value,3,52.5,52.5,52.5,52.5,52.5,52.5,52.5,52.5,0,0,exact_linear_order_statistics_disk_backed
observations,,pk_adme,T1/2,ml/min.kg,=,other_bioactivity,experimental_summary,exact_value,5,0.40000000000000002,0.41600000000000004,0.80000000000000004,2.1000000000000001,7.2000000000000002,16.608000000000001,17,5.5,6.2417946137308951,6.4000000000000004,exact_linear_order_statistics_disk_backed
observations,,pk_adme,T1/2,nanoseconds,=,other_bioactivity,experimental_summary,exact_value,2,4,4.0019999999999998,4.0499999999999998,4.0999999999999996,4.1500000000000004,4.1980000000000004,4.2000000000000002,4.0999999999999996,0.10000000000000782,0.10000000000000053,exact_linear_order_statistics_disk_backed
observations,,pk_adme,T1/2,uM,=,other_bioactivity,experimental_summary,exact_value,3,1.2,1.21,1.45,1.7,75.850000000000009,147.03399999999999,150,50.966666666666669,70.027439066570338,74.400000000000006,exact_linear_order_statistics_disk_backed
observations,,pk_adme,T1/2,ug.hr/ml,=,other_bioactivity,experimental_summary,exact_value,1,4.2000000000000002,4.2000000000000002,4.2000000000000002,4.2000000000000002,4.2000000000000002,4.2000000000000002,4.2000000000000002,4.2000000000000002,0,0,exact_linear_order_statistics_disk_backed
observations,,pk_adme,T1/2,ugml-1,=,other_bioactivity,experimental_summary,exact_value,2,0.51000000000000001,0.5141,0.61250000000000004,0.71500000000000008,0.8175,0.91590000000000005,0.92000000000000004,0.71500000000000008,0.20499999999999968,0.20499999999999996,exact_linear_order_statistics_disk_backed
observations,,pk_adme,T1/29,min,<,pk_adme,experimental_summary,upper_censor_bound,3,10,10,10,10,10,10,10,10,0,0,exact_linear_order_statistics_disk_backed
observations,,pk_adme,T1/29,min,=,pk_adme,experimental_summary,exact_value,7,14,14.960000000000001,30,70,77,117.83999999999997,120,59.714285714285715,34.416417534635528,47,exact_linear_order_statistics_disk_backed
observations,,pk_adme,T1/29,min,>,pk_adme,experimental_summary,lower_censor_bound,1,120,120,120,120,120,120,120,120,0,0,exact_linear_order_statistics_disk_backed
observations,,pk_adme,T50,min,<,pk_adme,experimental_summary,upper_censor_bound,4,2,2,2,2,2,2,2,2,0,0,exact_linear_order_statistics_disk_backed
observations,,pk_adme,T50,min,=,pk_adme,experimental_summary,exact_value,8,4,4,4,6.5,8.5,10.93,11,6.75,2.5860201081971503,4.5,exact_linear_order_statistics_disk_backed
observations,,pk_adme,TC50,10'3nm,=,pk_adme,experimental_summary,exact_value,3,8.7699999999999996,8.8445999999999998,10.635,12.5,14.5,16.420000000000002,16.5,12.589999999999998,3.156400903983319,3.8650000000000002,exact_linear_order_statistics_disk_backed
observations,,pk_adme,TC50,10'4nm,=,pk_adme,experimental_summary,exact_value,8,1.3200000000000001,1.5587,5.2700000000000005,6.3550000000000004,6.7450000000000001,7.0225,7.04,5.5962500000000004,1.7679362085493908,1.4749999999999996,exact_linear_order_statistics_disk_backed
observations,,pk_adme,TC50,10'4nm,>,pk_adme,experimental_summary,lower_censor_bound,2,1.1599999999999999,1.1803999999999999,1.6699999999999999,2.1799999999999997,2.6899999999999999,3.1795999999999998,3.2000000000000002,2.1800000000000002,1.02,1.02,exact_linear_order_statistics_disk_backed
observations,,pk_adme,TC50,10'5nm,>,pk_adme,experimental_summary,lower_censor_bound,6,1,1,1,1,1,1,1,1,0,0,exact_linear_order_statistics_disk_backed
observations,,pk_adme,TC50,uM,<,pk_adme,experimental_summary,upper_censor_bound,1,10,10,10,10,10,10,10,10,0,0,exact_linear_order_statistics_disk_backed
observations,,pk_adme,TC50,uM,=,pk_adme,experimental_summary,exact_value,18,7.5,7.9249999999999998,40,56.100000000000001,77.75,387.73899999999998,388.30000000000001,93.400000000000006,108.55025461866857,37.75,exact_linear_order_statistics_disk_backed
observations,,pk_adme,TC50,uM,>,pk_adme,experimental_summary,lower_censor_bound,1,390,390,390,390,390,390,390,390,0,0,exact_linear_order_statistics_disk_backed
observations,,pk_adme,TDI,%,<,pk_adme,experimental_summary,upper_censor_bound,30,1,3.3199999999999998,12,20,20,20,20,16.766666666666666,4.9978884430216075,8,exact_linear_order_statistics_disk_backed
observations,,pk_adme,TDI,%,<=,pk_adme,experimental_summary,upper_censor_bound,1,10,10,10,10,10,10,10,10,0,0,exact_linear_order_statistics_disk_backed
observations,,pk_adme,TDI,%,=,pk_adme,experimental_summary,exact_value,193,-39,-11.692,12,26,44,92.079999999999984,100,30.568756476683941,25.717243393880196,32,exact_linear_order_statistics_disk_backed
observations,,pk_adme,TDI,10'-4/min,=,pk_adme,experimental_summary,exact_value,9,8,8.4800000000000004,19,41,55,135.63999999999999,141,46.888888888888886,39.241260724011873,36,exact_linear_order_statistics_disk_backed
observations,,pk_adme,TDI,uM,>,pk_adme,experimental_summary,lower_censor_bound,12,35,36.649999999999999,50,50,50,50,50,48.75,4.1457809879442502,0,exact_linear_order_statistics_disk_backed
observations,,pk_adme,TIME,h,<,pk_adme,experimental_summary,upper_censor_bound,2,0.25,0.25,0.25,0.25,0.25,0.25,0.25,0.25,0,0,exact_linear_order_statistics_disk_backed
observations,,pk_adme,TIME,h,=,pk_adme,experimental_summary,exact_value,30,0.0072220000000000001,0.0083495199999999992,0.045420000000000002,0.074165000000000009,0.88500000000000001,19.710000000000001,20,1.8858910666666666,4.8582556288630654,0.83957999999999999,exact_linear_order_statistics_disk_backed
observations,,pk_adme,TIME,h,interval,pk_adme,experimental_summary,lower_censor_bound,1,2,2,2,2,2,2,2,2,0,0,exact_linear_order_statistics_disk_backed
observations,,pk_adme,TIME,h,interval,pk_adme,experimental_summary,upper_censor_bound,1,16,16,16,16,16,16,16,16,0,0,exact_linear_order_statistics_disk_backed
observations,,pk_adme,Tlag,min,=,pk_adme,experimental_summary,exact_value,11,1.55,1.7310000000000001,4.7050000000000001,9.5700000000000003,16.050000000000001,23.021999999999998,23.489999999999998,10.663636363636364,6.8146250116632796,11.345000000000001,exact_linear_order_statistics_disk_backed
observations,,pk_adme,Tmax,%,=,other_bioactivity,experimental_summary,exact_value,3,0.67000000000000004,0.69059999999999999,1.1850000000000001,1.7,5.5999999999999996,9.3439999999999994,9.5,3.9566666666666666,3.9422187774004738,4.4149999999999991,exact_linear_order_statistics_disk_backed
observations,,pk_adme,Tmax,h,<,other_bioactivity,experimental_summary,upper_censor_bound,13,0.083330000000000001,0.083330000000000001,0.25,0.25,1,1,1,0.46769153846153849,0.37067213272951671,0.75,exact_linear_order_statistics_disk_backed
observations,,pk_adme,Tmax,h,<=,other_bioactivity,experimental_summary,upper_censor_bound,21,0.033329999999999999,0.04333,0.25,0.25,1,15.000000000000011,18,1.5933328571428571,3.7566505927743452,0.75,exact_linear_order_statistics_disk_backed
observations,,pk_adme,Tmax,h,=,binding,experimental_summary,exact_value,21,2,2.2000000000000002,6,7.75,18,22.25,22.25,10.476190476190476,6.8138098399608555,12,exact_linear_order_statistics_disk_backed
observations,,pk_adme,Tmax,h,=,other_bioactivity,experimental_summary,exact_value,14526,0,0.029999999999999999,0.41999999999999998,1,2.1699999999999999,16.75,1067,2.392374493067603,14.544466914047709,1.75,exact_linear_order_statistics_disk_backed
observations,,pk_adme,Tmax,h,=,pk_adme,experimental_summary,exact_value,283,0.029999999999999999,0.029999999999999999,0.85949999999999993,1.5,3,35.980000000000004,60,3.639443462897527,7.1782565882750244,2.1405000000000003,exact_linear_order_statistics_disk_backed
observations,,pk_adme,Tmax,h,>,other_bioactivity,experimental_summary,lower_censor_bound,4,6,6,6,8,13.5,23.579999999999998,24,11.5,7.399324293474371,7.5,exact_linear_order_statistics_disk_backed
observations,,pk_adme,Tmax,h,>,pk_adme,experimental_summary,lower_censor_bound,1,48,48,48,48,48,48,48,48,0,0,exact_linear_order_statistics_disk_backed
observations,,pk_adme,Tmax,h,>=,other_bioactivity,experimental_summary,lower_censor_bound,2,8,8,8,8,8,8,8,8,0,0,exact_linear_order_statistics_disk_backed
observations,,pk_adme,Tmax,h,interval,other_bioactivity,experimental_summary,lower_censor_bound,99,0.083330000000000001,0.24666659999999996,0.5,1,3,11.699999999999662,95,2.8439053535353533,9.5516828938976186,2.5,exact_linear_order_statistics_disk_backed
observations,,pk_adme,Tmax,h,interval,other_bioactivity,experimental_summary,upper_censor_bound,99,0.5,0.5,2,4,6,144.9399999999996,240,10.115959595959596,29.826081695920113,4,exact_linear_order_statistics_disk_backed
observations,,pk_adme,Tmax,h,interval,pk_adme,experimental_summary,lower_censor_bound,31,0.34999999999999998,0.34999999999999998,1,2,3,6,6,2.1709677419354838,1.6198254681744308,2,exact_linear_order_statistics_disk_backed
observations,,pk_adme,Tmax,h,interval,pk_adme,experimental_summary,upper_censor_bound,31,0.69999999999999996,0.78999999999999992,2,4,7,457.49999999999966,600,30.345161290322583,107.28616192735677,5,exact_linear_order_statistics_disk_backed
observations,,pk_adme,Tmax,mg/l,=,other_bioactivity,experimental_summary,exact_value,3,1.9199999999999999,1.9265999999999999,2.085,2.25,2.25,2.25,2.25,2.1400000000000001,0.15556349186103902,0.16500000000000004,exact_linear_order_statistics_disk_backed
observations,,pk_adme,Tmax,ng.hr/ml,=,other_bioactivity,experimental_summary,exact_value,2,1,1.0129999999999999,1.325,1.6499999999999999,1.9749999999999999,2.2869999999999999,2.2999999999999998,1.6499999999999999,0.64999999999999991,0.64999999999999991,exact_linear_order_statistics_disk_backed
observations,,pk_adme,Tmax,ng/mL,=,other_bioactivity,experimental_summary,exact_value,1,1.3300000000000001,1.3300000000000001,1.3300000000000001,1.3300000000000001,1.3300000000000001,1.3300000000000001,1.3300000000000001,1.3300000000000001,0,0,exact_linear_order_statistics_disk_backed
observations,,pk_adme,Tmax,uM,=,other_bioactivity,experimental_summary,exact_value,11,0.5,0.55000000000000004,1.6000000000000001,1.7,2.8999999999999999,4.6029999999999998,4.6699999999999999,2.2336363636363639,1.2029680924301185,1.2999999999999998,exact_linear_order_statistics_disk_backed
observations,,pk_adme,Tmax,ug.hr/ml,=,other_bioactivity,experimental_summary,exact_value,2,12.199999999999999,14.048,58.400000000000006,104.60000000000001,150.80000000000001,195.15199999999999,197,104.59999999999999,92.400000000000006,92.400000000000006,exact_linear_order_statistics_disk_backed
observations,,pk_adme,Turnover,%,=,pk_adme,experimental_summary,exact_value,4,46,47.170000000000002,75.25,85.5,86.75,88.909999999999997,89,76.5,17.670597047072292,11.5,exact_linear_order_statistics_disk_backed
observations,,pk_adme,Unchanged,%,=,pk_adme,experimental_summary,exact_value,1,10,10,10,10,10,10,10,10,0,0,exact_linear_order_statistics_disk_backed
observations,,pk_adme,Unchanged,%,>,pk_adme,experimental_summary,lower_censor_bound,2,70,70,70,70,70,70,70,70,0,0,exact_linear_order_statistics_disk_backed
observations,,pk_adme,V0,pmol/min,=,pk_adme,experimental_summary,exact_value,10,0,0.90720000000000001,23.547499999999999,36.795000000000002,61.699999999999996,96.763300000000001,97.450000000000003,43.674999999999997,30.955290743263902,38.152499999999996,exact_linear_order_statistics_disk_backed
observations,,pk_adme,Vc/F,l,=,pk_adme,experimental_summary,exact_value,18,0.043999999999999997,0.053519999999999998,1.6899999999999999,30.850000000000001,79.325000000000003,7510.9699999999884,8660,642.45855555555556,1992.9173270264214,77.635000000000005,exact_linear_order_statistics_disk_backed
observations,,pk_adme,Vc/F,l/hr,=,pk_adme,experimental_summary,exact_value,1,0.20000000000000001,0.20000000000000001,0.20000000000000001,0.20000000000000001,0.20000000000000001,0.20000000000000001,0.20000000000000001,0.20000000000000001,0,0,exact_linear_order_statistics_disk_backed
observations,,pk_adme,Vc/F,l/hr/kg,=,pk_adme,experimental_summary,exact_value,2,1.1399999999999999,4.7786,92.105000000000004,183.06999999999999,274.03499999999997,361.3614,365,183.06999999999999,181.93000000000001,181.92999999999995,exact_linear_order_statistics_disk_backed
observations,,pk_adme,Vd,%,=,other_bioactivity,experimental_summary,exact_value,6,3.2000000000000002,3.7450000000000001,14.775,18.399999999999999,32.75,47.450000000000003,48,23.183333333333334,14.941487728989893,17.975000000000001,exact_linear_order_statistics_disk_backed
observations,,pk_adme,Vd,(mg/kg)/(ug/ml),=,other_bioactivity,experimental_summary,exact_value,1,38.240000000000002,38.240000000000002,38.240000000000002,38.240000000000002,38.240000000000002,38.240000000000002,38.240000000000002,38.240000000000002,0,0,exact_linear_order_statistics_disk_backed
observations,,pk_adme,Vd,L/kg,<,other_bioactivity,experimental_summary,upper_censor_bound,3,0.001,0.020980000000000002,0.50049999999999994,1,1,1,1,0.66699999999999993,0.47093311627024076,0.49950000000000006,exact_linear_order_statistics_disk_backed
observations,,pk_adme,Vd,L/kg,=,other_bioactivity,experimental_summary,exact_value,4916,0,0.067060000000000008,1.2,3.2000000000000002,9.9000000000000004,650.01000000001841,922381.67000000004,347.39071109235152,14247.082462119723,8.7000000000000011,exact_linear_order_statistics_disk_backed
observations,,pk_adme,Vd,L/kg,=,pk_adme,experimental_summary,exact_value,61,0.14000000000000001,0.308,2.6000000000000001,3.7999999999999998,7.5999999999999996,87.719999999999928,120,11.530819672131148,20.274247437678252,5,exact_linear_order_statistics_disk_backed
observations,,pk_adme,Vd,L/kg,>,other_bioactivity,experimental_summary,lower_censor_bound,2,100,100,100,100,100,100,100,100,0,0,exact_linear_order_statistics_disk_backed
observations,,pk_adme,Vd,L/kg,>,pk_adme,experimental_summary,lower_censor_bound,1,8,8,8,8,8,8,8,8,0,0,exact_linear_order_statistics_disk_backed
observations,,pk_adme,Vd,L/kg,interval,other_bioactivity,experimental_summary,lower_censor_bound,17,0.080000000000000002,0.081600000000000006,0.5,1.3,5.8700000000000001,1366.3679999999997,1610,110.01588235294118,376.12835645575012,5.3700000000000001,exact_linear_order_statistics_disk_backed
observations,,pk_adme,Vd,L/kg,interval,other_bioactivity,experimental_summary,upper_censor_bound,17,0.17000000000000001,0.17000000000000001,1.3,3,63,2052.5599999999995,2410,180.09176470588235,560.40659058176152,61.700000000000003,exact_linear_order_statistics_disk_backed
observations,,pk_adme,Vd,L/kg,interval,pk_adme,experimental_summary,lower_censor_bound,4,1.7,1.7029999999999998,1.7749999999999999,2,2.2000000000000002,2.2000000000000002,2.2000000000000002,1.9750000000000001,0.2277608394786082,0.42500000000000027,exact_linear_order_statistics_disk_backed
observations,,pk_adme,Vd,L/kg,interval,pk_adme,experimental_summary,upper_censor_bound,4,2.7000000000000002,2.7000000000000002,2.7000000000000002,3.2999999999999998,3.8999999999999999,3.8999999999999999,3.8999999999999999,3.2999999999999998,0.60000000000000098,1.1999999999999997,exact_linear_order_statistics_disk_backed
observations,,pk_adme,Vd,kg,=,other_bioactivity,experimental_summary,exact_value,2,1.5,1.611,4.2750000000000004,7.0499999999999998,9.8249999999999993,12.488999999999999,12.6,7.0499999999999998,5.5499999999999998,5.5499999999999989,exact_linear_order_statistics_disk_backed
observations,,pk_adme,Vd,kg-1,=,other_bioactivity,experimental_summary,exact_value,9,0.26000000000000001,0.26319999999999999,0.34999999999999998,0.44,0.55000000000000004,4.8624000000000001,5.2000000000000002,0.98888888888888893,1.5024013699884629,0.20000000000000007,exact_linear_order_statistics_disk_backed
observations,,pk_adme,Vd,l,=,other_bioactivity,experimental_summary,exact_value,161,0.002,0.0084000000000000012,0.85999999999999999,10.43,47.100000000000001,3748.0000000000018,4016,210.07762732919255,668.7610859043092,46.240000000000002,exact_linear_order_statistics_disk_backed
observations,,pk_adme,Vd,l,=,pk_adme,experimental_summary,exact_value,18,8.8000000000000007,10.364000000000001,32,107.09999999999999,128.39999999999998,872.82299999999873,1000,142.71111111111111,215.91335682240916,96.399999999999977,exact_linear_order_statistics_disk_backed
observations,,pk_adme,Vd,l,interval,other_bioactivity,experimental_summary,lower_censor_bound,3,244,245.78,288.5,333,388,440.80000000000001,443,340,81.392055304351857,99.5,exact_linear_order_statistics_disk_backed
observations,,pk_adme,Vd,l,interval,other_bioactivity,experimental_summary,upper_censor_bound,3,358,363.63999999999999,499,640,762.5,880.10000000000002,885,627.66666666666663,215.32352918857313,263.5,exact_linear_order_statistics_disk_backed
observations,,pk_adme,Vd,l/1.73m2,=,pk_adme,experimental_summary,exact_value,2,11,11.81,31.25,51.5,71.75,91.189999999999998,92,51.5,40.5,40.5,exact_linear_order_statistics_disk_backed
observations,,pk_adme,Vd,l/hr,=,other_bioactivity,experimental_summary,exact_value,2,3.7999999999999998,3.8029999999999999,3.875,3.9499999999999997,4.0249999999999995,4.0969999999999995,4.0999999999999996,3.9499999999999997,0.15000000000000877,0.14999999999999947,exact_linear_order_statistics_disk_backed
observations,,pk_adme,Vd,ml,=,other_bioactivity,experimental_summary,exact_value,38,0.59999999999999998,0.60739999999999994,61.424999999999997,109,556.5,11644.304000000004,12096,1301.1718421052631,2792.7088380778591,495.07499999999999,exact_linear_order_statistics_disk_backed
observations,,pk_adme,Vd,ml,=,pk_adme,experimental_summary,exact_value,1,36.920000000000002,36.920000000000002,36.920000000000002,36.920000000000002,36.920000000000002,36.920000000000002,36.920000000000002,36.920000000000002,0,0,exact_linear_order_statistics_disk_backed
observations,,pk_adme,Vd,ml/cm3,=,other_bioactivity,experimental_summary,exact_value,31,1,1.24,2.25,2.7999999999999998,3.5,138.71999999999997,147.59999999999999,12.94741935483871,32.330259068012225,1.25,exact_linear_order_statistics_disk_backed
observations,,pk_adme,Vd,ml/hr.kg,=,other_bioactivity,experimental_summary,exact_value,3,931,937.24000000000001,1087,1243,16467,31082.040000000001,31691,11288.333333333334,14427.426227694097,15380,exact_linear_order_statistics_disk_backed
observations,,pk_adme,Vd,ml/mg,=,other_bioactivity,experimental_summary,exact_value,1,2.3999999999999999,2.3999999999999999,2.3999999999999999,2.3999999999999999,2.3999999999999999,2.3999999999999999,2.3999999999999999,2.3999999999999999,0,0,exact_linear_order_statistics_disk_backed
observations,,pk_adme,Vd,ml/min.kg,=,other_bioactivity,experimental_summary,exact_value,8,0.12,0.12559999999999999,0.20000000000000001,0.40500000000000003,1.4749999999999999,10.204999999999998,10.800000000000001,1.9537500000000001,3.4143774597282008,1.2749999999999999,exact_linear_order_statistics_disk_backed
observations,,pk_adme,Vd/F,L/kg,=,pk_adme,experimental_summary,exact_value,44,0.29999999999999999,0.36019999999999996,8.495000000000001,15.279999999999999,26.2225,617.47699999999998,620.10000000000002,60.02556818181818,139.53902519308446,17.727499999999999,exact_linear_order_statistics_disk_backed
observations,,pk_adme,Vdss,%,=,other_bioactivity,experimental_summary,exact_value,2,0.14999999999999999,0.18049999999999999,0.91250000000000009,1.675,2.4375,3.1695000000000002,3.2000000000000002,1.675,1.5250000000000004,1.5249999999999999,exact_linear_order_statistics_disk_backed
observations,,pk_adme,Vdss,10^-4(mg/kg)/(ng/ml),=,other_bioactivity,experimental_summary,exact_value,1,3,3,3,3,3,3,3,3,0,0,exact_linear_order_statistics_disk_backed
observations,,pk_adme,Vdss,L/kg,<,other_bioactivity,experimental_summary,upper_censor_bound,10,0.10000000000000001,0.10000000000000001,0.10000000000000001,2,2,4.0470000000000006,4.2000000000000002,1.51,1.3087780560507576,1.8999999999999999,exact_linear_order_statistics_disk_backed
observations,,pk_adme,Vdss,L/kg,=,binding,experimental_summary,exact_value,1,1.21,1.21,1.21,1.21,1.21,1.21,1.21,1.21,0,0,exact_linear_order_statistics_disk_backed
observations,,pk_adme,Vdss,L/kg,=,other_bioactivity,experimental_summary,exact_value,16009,0.00023000000000000001,0.10000000000000001,0.80000000000000004,1.8100000000000001,4.4000000000000004,71,18431,12.21242676188394,228.70787361489641,3.6000000000000005,exact_linear_order_statistics_disk_backed
observations,,pk_adme,Vdss,L/kg,=,pk_adme,experimental_summary,exact_value,55,0.040000000000000001,0.072400000000000006,0.435,0.90000000000000002,2.415,36.240000000000038,60,3.1652909090909094,8.2931048833522549,1.98,exact_linear_order_statistics_disk_backed
observations,,pk_adme,Vdss,L/kg,>,other_bioactivity,experimental_summary,lower_censor_bound,6,3,7.8500000000000005,100,100,100,3805.0000000000009,4000,733.83333333333337,1461.1035118095579,0,exact_linear_order_statistics_disk_backed
observations,,pk_adme,Vdss,L/kg,>,pk_adme,experimental_summary,lower_censor_bound,1,1.3,1.3,1.3,1.3,1.3,1.3,1.3,1.3,0,0,exact_linear_order_statistics_disk_backed
observations,,pk_adme,Vdss,L/kg,interval,other_bioactivity,experimental_summary,lower_censor_bound,13,0.5,0.52400000000000002,0.80000000000000004,2.1000000000000001,13.050000000000001,66.639999999999944,73,10.811538461538463,19.242802389126751,12.25,exact_linear_order_statistics_disk_backed
observations,,pk_adme,Vdss,L/kg,interval,other_bioactivity,experimental_summary,upper_censor_bound,13,1.1000000000000001,1.1000000000000001,2,3.5,13.5,96.879999999999924,106,15.746153846153845,27.855992736948842,11.5,exact_linear_order_statistics_disk_backed
observations,,pk_adme,Vdss,L/kg,interval,pk_adme,experimental_summary,lower_censor_bound,3,0.80000000000000004,0.80000000000000004,0.80000000000000004,0.80000000000000004,1.9000000000000001,2.9560000000000004,3,1.5333333333333332,1.03708994574027,1.1000000000000001,exact_linear_order_statistics_disk_backed
observations,,pk_adme,Vdss,L/kg,interval,pk_adme,experimental_summary,upper_censor_bound,3,1,1.1400000000000001,4.5,8,8,8,8,5.666666666666667,3.2998316455372212,3.5,exact_linear_order_statistics_disk_backed
observations,,pk_adme,Vdss,g/kg,=,other_bioactivity,experimental_summary,exact_value,3,3.6000000000000001,3.6600000000000001,5.0999999999999996,6.5999999999999996,1221.8,2388.3919999999998,2437,815.73333333333323,1146.4093083284965,1216.7,exact_linear_order_statistics_disk_backed
observations,,pk_adme,Vdss,h,=,other_bioactivity,experimental_summary,exact_value,2,0.80000000000000004,0.80100000000000005,0.82500000000000007,0.85000000000000009,0.875,0.89900000000000002,0.90000000000000002,0.85000000000000009,0.049999999999999468,0.049999999999999933,exact_linear_order_statistics_disk_backed
observations,,pk_adme,Vdss,kg/l,=,other_bioactivity,experimental_summary,exact_value,2,11.5,11.558,12.949999999999999,14.4,15.850000000000001,17.242000000000001,17.300000000000001,14.4,2.8999999999999995,2.9000000000000021,exact_linear_order_statistics_disk_backed
observations,,pk_adme,Vdss,l,=,other_bioactivity,experimental_summary,exact_value,139,0.051999999999999998,0.080140000000000003,1.1499999999999999,8.1300000000000008,64.549999999999997,796.40000000000146,4668,97.60186330935251,413.48356711776898,63.399999999999999,exact_linear_order_statistics_disk_backed
observations,,pk_adme,Vdss,l,=,pk_adme,experimental_summary,exact_value,10,16.199999999999999,16.218,17.600000000000001,94.75,110.05,119.44800000000001,119.7,71.070000000000007,44.767265942873912,92.449999999999989,exact_linear_order_statistics_disk_backed
observations,,pk_adme,Vdss,l,>,other_bioactivity,experimental_summary,lower_censor_bound,1,20,20,20,20,20,20,20,20,0,0,exact_linear_order_statistics_disk_backed
observations,,pk_adme,Vdss,l/hr,=,other_bioactivity,experimental_summary,exact_value,7,1.1000000000000001,1.1060000000000001,2,3.0800000000000001,4.1099999999999994,4.6892000000000005,4.7000000000000002,3.0142857142857147,1.3408617393607849,2.1099999999999994,exact_linear_order_statistics_disk_backed
observations,,pk_adme,Vdss,l/hr.kg,=,other_bioactivity,experimental_summary,exact_value,1,2.1099999999999999,2.1099999999999999,2.1099999999999999,2.1099999999999999,2.1099999999999999,2.1099999999999999,2.1099999999999999,2.1099999999999999,0,0,exact_linear_order_statistics_disk_backed
observations,,pk_adme,Vdss,l/hr/kg,=,other_bioactivity,experimental_summary,exact_value,20,0.68000000000000005,0.69330000000000003,1.6475,2.9699999999999998,3.8025000000000002,7.0299999999999958,7.5999999999999996,2.9050000000000002,1.6546797273188547,2.1550000000000002,exact_linear_order_statistics_disk_backed
observations,,pk_adme,Vdss,l/m2,=,other_bioactivity,experimental_summary,exact_value,4,7.4800000000000004,7.5016000000000007,8.0199999999999996,9.8999999999999986,131.19999999999999,475.64799999999985,490,129.31999999999999,208.24450821090099,123.17999999999999,exact_linear_order_statistics_disk_backed
observations,,pk_adme,Vdss,mL/min/kg,=,other_bioactivity,experimental_summary,exact_value,124,0.050000000000000003,0.10690000000000001,0.46999999999999997,1.3,4.5,62.363999999999827,73,4.9570967741935483,10.493567828190196,4.0300000000000002,exact_linear_order_statistics_disk_backed
observations,,pk_adme,Vdss,mg/l,=,other_bioactivity,experimental_summary,exact_value,1,0.90000000000000002,0.90000000000000002,0.90000000000000002,0.90000000000000002,0.90000000000000002,0.90000000000000002,0.90000000000000002,0.90000000000000002,0,0,exact_linear_order_statistics_disk_backed
observations,,pk_adme,Vdss,mg/ng/ml,=,other_bioactivity,experimental_summary,exact_value,3,0.00022000000000000001,0.000233,0.00054500000000000002,0.00087000000000000001,0.0011850000000000001,0.0014874000000000001,0.0015,0.00086333333333333325,0.00052257907429296209,0.00064000000000000005,exact_linear_order_statistics_disk_backed
observations,,pk_adme,Vdss,ml,=,other_bioactivity,experimental_summary,exact_value,17,2.4300000000000002,3.3052000000000001,27.699999999999999,55.100000000000001,475.60000000000002,6639.1199999999999,6750,1234.3747058823528,2328.38837372957,447.90000000000003,exact_linear_order_statistics_disk_backed
observations,,pk_adme,Vdss,ml/hr.kg,=,other_bioactivity,experimental_summary,exact_value,3,526,530.12,629,732,802,869.20000000000005,872,710,142.10794019570696,173,exact_linear_order_statistics_disk_backed
observations,,pk_adme,Vdss,ml/hr/kg,=,other_bioactivity,experimental_summary,exact_value,1,1270,1270,1270,1270,1270,1270,1270,1270,0,0,exact_linear_order_statistics_disk_backed
observations,,pk_adme,Vdss,ml/mg,=,other_bioactivity,experimental_summary,exact_value,1,4901,4901,4901,4901,4901,4901,4901,4901,0,0,exact_linear_order_statistics_disk_backed
observations,,pk_adme,Vdss,ml/min.kg,=,other_bioactivity,experimental_summary,exact_value,5,0.26000000000000001,0.41359999999999997,4.0999999999999996,6.2000000000000002,38,290.48000000000002,301,69.912000000000006,116.32874011180556,33.899999999999999,exact_linear_order_statistics_disk_backed
observations,,pk_adme,Vdss,ng/mL,=,other_bioactivity,experimental_summary,exact_value,3,719,739.24000000000001,1225,1731,2138.5,2529.6999999999998,2546,1665.3333333333333,747.31355906042245,913.5,exact_linear_order_statistics_disk_backed
observations,,pk_adme,Vdss,not_given,=,other_bioactivity,experimental_summary,exact_value,5,0.40000000000000002,0.40400000000000003,0.5,0.5,0.69999999999999996,0.79600000000000004,0.80000000000000004,0.57999999999999996,0.14696938456699071,0.19999999999999996,exact_linear_order_statistics_disk_backed
observations,,pk_adme,Vdss/F,L/kg,=,pk_adme,experimental_summary,exact_value,6,103,116.09999999999999,417.25,594,690.5,866.10000000000002,874,541,248.57996701262957,273.25,exact_linear_order_statistics_disk_backed
observations,,pk_adme,Viability,%,=,pk_adme,experimental_summary,exact_value,4,82,82.299999999999997,89.5,96,101.5,105.81999999999999,106,95,9,12,exact_linear_order_statistics_disk_backed
observations,,pk_adme,Vmax,microm/s,=,pk_adme,experimental_summary,exact_value,23,198,207.90000000000001,310,447,495,708.42000000000007,717,417.56521739130437,135.02940938501425,185,exact_linear_order_statistics_disk_backed
observations,,pk_adme,Vmax,nanomol/min,=,pk_adme,experimental_summary,exact_value,1,0.019099999999999999,0.019099999999999999,0.019099999999999999,0.019099999999999999,0.019099999999999999,0.019099999999999999,0.019099999999999999,0.019099999999999999,0,0,exact_linear_order_statistics_disk_backed
observations,,pk_adme,Vmax,nm/mg*min,=,pk_adme,experimental_summary,exact_value,3,1.6000000000000001,1.6000000000000001,1.6000000000000001,1.6000000000000001,1.6499999999999999,1.698,1.7,1.6333333333333335,0.047140452079102141,0.049999999999999822,exact_linear_order_statistics_disk_backed
observations,,pk_adme,Vmax,nm/min/mg,=,pk_adme,experimental_summary,exact_value,4,0.012,0.013140000000000001,0.040500000000000008,0.12000000000000001,0.4425,1.1696999999999997,1.2,0.36299999999999999,0.48776736258179471,0.40200000000000002,exact_linear_order_statistics_disk_backed
observations,,pk_adme,Vmax,nmmin-1,=,pk_adme,experimental_summary,exact_value,6,0.13,0.14100000000000001,0.40749999999999997,0.92999999999999994,3.0500000000000003,6.9649999999999999,7.1399999999999997,2.1866666666666665,2.5051391622467252,2.6425000000000001,exact_linear_order_statistics_disk_backed
observations,,pk_adme,Vmax,nmmin-1(mgofprotein)-1,=,pk_adme,experimental_summary,exact_value,2,0.48999999999999999,0.49080000000000001,0.51000000000000001,0.53000000000000003,0.54999999999999993,0.56919999999999993,0.56999999999999995,0.53000000000000003,0.039999999999999182,0.039999999999999925,exact_linear_order_statistics_disk_backed
observations,,pk_adme,Vmax,nmmin-1mg-1,=,pk_adme,experimental_summary,exact_value,5,0.37,0.37080000000000002,0.39000000000000001,1.3999999999999999,2.8900000000000001,3.1587999999999998,3.1699999999999999,1.6440000000000001,1.194681547526369,2.5,exact_linear_order_statistics_disk_backed
observations,,pk_adme,Vmax,nmol/mg/min,=,pk_adme,experimental_summary,exact_value,6,0.28000000000000003,0.28300000000000003,0.36250000000000004,0.88000000000000012,1.3600000000000001,4.6950000000000003,4.8700000000000001,1.4366666666666668,1.5998715226195164,0.99750000000000005,exact_linear_order_statistics_disk_backed
observations,,pk_adme,Vmax,nmol/min,=,pk_adme,experimental_summary,exact_value,62,0.066000000000000003,0.070879999999999999,0.65749999999999997,2.3499999999999996,5.9249999999999998,210.7600000000001,323,16.26948387096774,49.117265282160474,5.2675000000000001,exact_linear_order_statistics_disk_backed
observations,,pk_adme,Vmax,nmol/min/mg,=,pk_adme,experimental_summary,exact_value,88,0,0.02001,0.79000000000000004,3.2050000000000001,9.8049999999999997,2271.0499999999952,3215,80.438909090909092,425.23217317264232,9.0150000000000006,exact_linear_order_statistics_disk_backed
observations,,pk_adme,Vmax,pmhr-1mg-1,=,pk_adme,experimental_summary,exact_value,1,353.19999999999999,353.19999999999999,353.19999999999999,353.19999999999999,353.19999999999999,353.19999999999999,353.19999999999999,353.19999999999999,0,0,exact_linear_order_statistics_disk_backed
observations,,pk_adme,Vmax,pmmin-1,=,pk_adme,experimental_summary,exact_value,5,280,284.80000000000001,400,750,1175,35567,37000,7921,14542.835486933076,775,exact_linear_order_statistics_disk_backed
observations,,pk_adme,Vmax,pmmin-1mg-1,=,pk_adme,experimental_summary,exact_value,42,9.4000000000000004,33.836000000000006,144.5,350,804.25,1355.6999999999998,1368,532.41428571428571,451.83234225783804,659.75,exact_linear_order_statistics_disk_backed
observations,,pk_adme,Vmax,pmol.min.mg-1,=,pk_adme,experimental_summary,exact_value,10,15.5,18.263000000000002,95,362.59999999999997,1693.625,22895.190000000002,24617.700000000001,3424.4400000000001,7240.696315161962,1598.625,exact_linear_order_statistics_disk_backed
observations,,pk_adme,Vmax,pmol/hr,=,pk_adme,experimental_summary,exact_value,1,65.400000000000006,65.400000000000006,65.400000000000006,65.400000000000006,65.400000000000006,65.400000000000006,65.400000000000006,65.400000000000006,0,0,exact_linear_order_statistics_disk_backed
observations,,pk_adme,Vmax,pmol/mg/min,=,pk_adme,experimental_summary,exact_value,1,60.140000000000001,60.140000000000001,60.140000000000001,60.140000000000001,60.140000000000001,60.140000000000001,60.140000000000001,60.140000000000001,0,0,exact_linear_order_statistics_disk_backed
observations,,pk_adme,Vmax,pmol/min,=,pk_adme,experimental_summary,exact_value,81,0.11,0.16599999999999998,10.6,112.90000000000001,496,2855.8000000000011,3199,386.36691358024694,601.61728307982514,485.39999999999998,exact_linear_order_statistics_disk_backed
observations,,pk_adme,Vmax,pmol/min/10^6cells,=,pk_adme,experimental_summary,exact_value,4,5.7000000000000002,6.2190000000000003,18.675000000000001,25.5,41,78.439999999999984,80,34.174999999999997,27.720784170005007,22.324999999999999,exact_linear_order_statistics_disk_backed
observations,,pk_adme,Vmax,pmol/min/cm2,=,pk_adme,experimental_summary,exact_value,1,137,137,137,137,137,137,137,137,0,0,exact_linear_order_statistics_disk_backed
observations,,pk_adme,Vmax,pmol/min/mg,=,pk_adme,experimental_summary,exact_value,37,3.6000000000000001,5.652000000000001,130,343,1239,7080.0400000000018,8011,1099.7,1714.9931299208388,1109,exact_linear_order_statistics_disk_backed
observations,,pk_adme,Vmax,pmol/s,=,pk_adme,experimental_summary,exact_value,1,8.9000000000000004,8.9000000000000004,8.9000000000000004,8.9000000000000004,8.9000000000000004,8.9000000000000004,8.9000000000000004,8.9000000000000004,0,0,exact_linear_order_statistics_disk_backed
observations,,pk_adme,Vmax(app),pmol/mg.min,=,pk_adme,experimental_summary,exact_value,4,137.31999999999999,139.21449999999999,184.6825,211.435,362.08749999999998,764.38749999999982,781.14999999999998,335.33499999999998,259.27969304401762,177.40499999999997,exact_linear_order_statistics_disk_backed
observations,,pk_adme,Vmax(app),pmol/min,=,pk_adme,experimental_summary,exact_value,2,59,61.030000000000001,109.75,160.5,211.25,259.97000000000003,262,160.5,101.5,101.5,exact_linear_order_statistics_disk_backed
observations,,pk_adme,Vmax(app),pmol/min,>=,pk_adme,experimental_summary,lower_censor_bound,1,227,227,227,227,227,227,227,227,0,0,exact_linear_order_statistics_disk_backed
observations,,pk_adme,Vmax(app),pmol/min.mg,=,pk_adme,experimental_summary,exact_value,8,2.4900000000000002,2.6741000000000001,5.3149999999999995,63.700000000000003,155.75,273.04999999999995,279,94.548749999999998,95.692730841676266,150.435,exact_linear_order_statistics_disk_backed
observations,,pk_adme,Vmax/Km,microl/min/mg,=,pk_adme,experimental_summary,exact_value,17,0.53000000000000003,0.69159999999999999,18.899999999999999,110,577,1835.04,1924,423.96882352941179,582.23473515597243,558.10000000000002,exact_linear_order_statistics_disk_backed
observations,,pk_adme,Vmax/Km,ml/min,=,pk_adme,experimental_summary,exact_value,2,1.1100000000000001,1.11151,1.14775,1.1855,1.2232499999999999,1.25949,1.2609999999999999,1.1855,0.075499999999999012,0.075499999999999901,exact_linear_order_statistics_disk_backed
observations,,pk_adme,Vmax/Km,ml/min/mg,=,pk_adme,experimental_summary,exact_value,5,0.122,0.12307999999999999,0.14899999999999999,8516,10071,11897.879999999999,11974,6112.2542000000003,5109.3192503502223,10070.851000000001,exact_linear_order_statistics_disk_backed
observations,,pk_adme,Vmax/Km,pl/min,=,pk_adme,experimental_summary,exact_value,12,0.012999999999999999,0.015969999999999998,0.33749999999999997,2.5899999999999999,24.074999999999999,33.792000000000002,34.100000000000001,10.551083333333333,13.310717032140765,23.737500000000001,exact_linear_order_statistics_disk_backed
observations,,pk_adme,Vmax/Km,ul/mg/min,=,pk_adme,experimental_summary,exact_value,10,14.5,17.443000000000001,55.299999999999997,95.700000000000003,345.04999999999995,640.13600000000008,644.60000000000002,220.91,225.42469008518123,289.74999999999994,exact_linear_order_statistics_disk_backed
observations,,pk_adme,Vmax/Km,ul/min,=,pk_adme,experimental_summary,exact_value,13,0.621,0.68208000000000002,2.1000000000000001,5.3819999999999997,19.5,43.628,44,13.027923076923077,15.485594370061579,17.399999999999999,exact_linear_order_statistics_disk_backed
observations,,pk_adme,Vmax/Km,ul/min.mg,=,pk_adme,experimental_summary,exact_value,2,16.23,16.278200000000002,17.435000000000002,18.640000000000001,19.844999999999999,21.001799999999999,21.050000000000001,18.640000000000001,2.4099999999999935,2.4099999999999966,exact_linear_order_statistics_disk_backed
observations,,pk_adme,VmaxH,pmol/min,=,pk_adme,experimental_summary,exact_value,4,772,773.16999999999996,801.25,894.5,1024.75,1159.3899999999999,1165,931.5,155.43889474645655,223.5,exact_linear_order_statistics_disk_backed
observations,,pk_adme,VmaxH,pmol/min/g,=,pk_adme,experimental_summary,exact_value,4,137.90000000000001,143.04500000000002,266.52499999999998,322.94999999999999,426.375,685.21499999999992,696,369.94999999999999,203.06465103508293,159.85000000000002,exact_linear_order_statistics_disk_backed
observations,,pk_adme,VmaxH,pmol/min/mg,=,pk_adme,experimental_summary,exact_value,2,22.699999999999999,22.9634,29.285,35.869999999999997,42.454999999999998,48.776600000000002,49.039999999999999,35.869999999999997,13.170000000000012,13.169999999999998,exact_linear_order_statistics_disk_backed
observations,,pk_adme,VmaxL,pmol/min,=,pk_adme,experimental_summary,exact_value,4,523,531.90999999999997,745.75,2853,4946.25,5119.7699999999995,5127,2839,2171.7141846937411,4200.5,exact_linear_order_statistics_disk_backed
observations,,pk_adme,VmaxL,pmol/min/g,=,pk_adme,experimental_summary,exact_value,4,2396,2471.2399999999998,4277,5084.5,5806,7364.0799999999999,7429,4998.5,1786.0773359516099,1529,exact_linear_order_statistics_disk_backed
observations,,pk_adme,VmaxL,pmol/min/mg,=,pk_adme,experimental_summary,exact_value,2,122.41,122.5782,126.61499999999999,130.81999999999999,135.02499999999998,139.06180000000001,139.22999999999999,130.81999999999999,8.4100000000002328,8.4099999999999824,exact_linear_order_statistics_disk_backed
observations,,pk_adme,Vp/F,l,=,pk_adme,experimental_summary,exact_value,4,703,708.82000000000005,848.5,1257.5,7213.5,23328.539999999994,24000,6804.5,9933.678334333159,6365,exact_linear_order_statistics_disk_backed
observations,,pk_adme,Vss/F,l,=,pk_adme,experimental_summary,exact_value,8,21.600000000000001,22.013000000000002,183.125,535.5,1096.75,35546.679999999993,38100,5250.0124999999998,12426.279711808105,913.625,exact_linear_order_statistics_disk_backed
observations,,pk_adme,Weight,%,=,pk_adme,experimental_summary,exact_value,6,32.640000000000001,33.9285,59.424999999999997,65.685000000000002,70.460000000000008,75.97699999999999,76.239999999999995,61.606666666666662,14.172851591060377,11.035000000000011,exact_linear_order_statistics_disk_backed
observations,,pk_adme,[A],uM,=,pk_adme,experimental_summary,exact_value,11,2.6000000000000001,2.6000000000000001,17,34,37,40,40,27.018181818181816,13.842347290557221,20,exact_linear_order_statistics_disk_backed
observations,,pk_adme,[EA],uM,=,pk_adme,experimental_summary,exact_value,11,0,0,0,0,50,50,50,22.727272727272727,24.896479886598456,50,exact_linear_order_statistics_disk_backed
observations,,pk_adme,[GSH],nm(10e6*cells)-1,=,pk_adme,experimental_summary,exact_value,18,16.199999999999999,16.556999999999999,22.449999999999999,34.200000000000003,54.875,72.819999999999979,75.200000000000003,37.955555555555556,18.14142657082655,32.424999999999997,exact_linear_order_statistics_disk_backed
observations,,pk_adme,fEC50,nM,=,pk_adme,experimental_summary,exact_value,2,0.17000000000000001,0.4083,6.1274999999999995,12.084999999999999,18.0425,23.761700000000001,24,12.085000000000001,11.914999999999999,11.915000000000001,exact_linear_order_statistics_disk_backed
observations,,pk_adme,kin,hr-1,=,pk_adme,experimental_summary,exact_value,44,0.37,1.0278999999999998,5.1500000000000004,70,4925,34410,40000,3782.4811363636368,7611.2270383822461,4919.8500000000004,exact_linear_order_statistics_disk_backed
observations,,pk_adme,kinact,min-1,=,pk_adme,experimental_summary,exact_value,1,0.56000000000000005,0.56000000000000005,0.56000000000000005,0.56000000000000005,0.56000000000000005,0.56000000000000005,0.56000000000000005,0.56000000000000005,0,0,exact_linear_order_statistics_disk_backed
observations,,pk_adme,log Kp,10'-6cm/s,=,pk_adme,experimental_summary,exact_value,1,4.0999999999999996,4.0999999999999996,4.0999999999999996,4.0999999999999996,4.0999999999999996,4.0999999999999996,4.0999999999999996,4.0999999999999996,0,0,exact_linear_order_statistics_disk_backed
observations,,pk_adme,log Kp,cm/s,=,pk_adme,experimental_summary,exact_value,39,-7.75,-7.7462,-6.0299999999999994,-5.3300000000000001,-4.9849999999999994,-3.801600000000001,-3.6800000000000002,-5.5605128205128205,1.061604853615624,1.0449999999999999,exact_linear_order_statistics_disk_backed
observations,,pk_adme,log Kp,ucm/s,=,pk_adme,experimental_summary,exact_value,4,5.2000000000000002,5.2210000000000001,5.7250000000000005,6.1500000000000004,7.5750000000000002,10.959,11.1,7.1500000000000004,2.3200215516240363,1.8499999999999996,exact_linear_order_statistics_disk_backed
observations,,pk_adme,log Pe,10^-3cm/min,=,pk_adme,experimental_summary,exact_value,19,0.23000000000000001,0.29300000000000004,0.57999999999999996,0.94999999999999996,6.1200000000000001,26.935600000000001,28.120000000000001,5.1094736842105259,7.4331416278605777,5.54,exact_linear_order_statistics_disk_backed
observations,,pk_adme,log Pe,10^-6cm/s,=,pk_adme,experimental_summary,exact_value,1,5,5,5,5,5,5,5,5,0,0,exact_linear_order_statistics_disk_backed
observations,,pk_adme,log Pe,cm/s,=,pk_adme,experimental_summary,exact_value,66,-6.2000000000000002,-6.0310000000000006,-4.7125000000000004,-4.3250000000000002,-4.1600000000000001,-0.78150000000004338,4.2300000000000004,-4.3631818181818183,1.1842439847544082,0.55250000000000021,exact_linear_order_statistics_disk_backed
observations,,pk_adme,log Pe,cm2/sec,=,pk_adme,experimental_summary,exact_value,8,-8.4600000000000009,-8.3067000000000011,-5.6325000000000003,-4.4000000000000004,-4.0374999999999996,-3.8914,-3.8900000000000001,-5.1037499999999998,1.4868417661271165,1.5950000000000006,exact_linear_order_statistics_disk_backed
observations,,pk_adme,log(activity),/min,=,pk_adme,experimental_summary,exact_value,1,0.014999999999999999,0.014999999999999999,0.014999999999999999,0.014999999999999999,0.014999999999999999,0.014999999999999999,0.014999999999999999,0.014999999999999999,0,0,exact_linear_order_statistics_disk_backed
observations,,pk_adme,logD,ph7.4,=,other_bioactivity,experimental_summary,exact_value,6,0,0.047500000000000001,0.96249999999999991,1,1.0750000000000002,1.5750000000000002,1.6000000000000001,0.94166666666666676,0.47470751228753694,0.11250000000000027,exact_linear_order_statistics_disk_backed
observations,,pk_adme,logP,10'-2no_unit,=,other_bioactivity,experimental_summary,exact_value,1,1.02,1.02,1.02,1.02,1.02,1.02,1.02,1.02,0,0,exact_linear_order_statistics_disk_backed
observations,,pk_adme,logP,c.p.m.,=,other_bioactivity,experimental_summary,exact_value,1,0.5,0.5,0.5,0.5,0.5,0.5,0.5,0.5,0,0,exact_linear_order_statistics_disk_backed
observations,,pk_adme,max activation,%,=,pk_adme,experimental_summary,exact_value,8,2,2.0699999999999998,5.25,31.5,43.75,62.949999999999996,64,28.625,22.033709969045159,38.5,exact_linear_order_statistics_disk_backed
observations,,pk_adme,pBBB,%,=,pk_adme,experimental_summary,exact_value,2,1.7,1.8029999999999999,4.2750000000000004,6.8500000000000005,9.4250000000000007,11.897,12,6.8499999999999996,5.1500000000000004,5.1500000000000004,exact_linear_order_statistics_disk_backed
observations,,pk_adme,pBBB,10'-3cm/min,=,pk_adme,experimental_summary,exact_value,4,3.8999999999999999,4.1429999999999998,9.9749999999999996,13.5,17,22.759999999999998,23,13.475,6.8357058889334912,7.0250000000000004,exact_linear_order_statistics_disk_backed
observations,,pk_adme,pBBB,10'-3cm/s,=,pk_adme,experimental_summary,exact_value,1,2.7000000000000002,2.7000000000000002,2.7000000000000002,2.7000000000000002,2.7000000000000002,2.7000000000000002,2.7000000000000002,2.7000000000000002,0,0,exact_linear_order_statistics_disk_backed
observations,,pk_adme,pBBB,10'-6cm/s,=,pk_adme,experimental_summary,exact_value,8,3.7000000000000002,3.7210000000000001,6.25,8.3499999999999996,9.4000000000000004,10.888,11,7.6500000000000004,2.4443813123160623,3.1500000000000004,exact_linear_order_statistics_disk_backed
observations,,pk_adme,pBBB,cm/s,=,pk_adme,experimental_summary,exact_value,1,1.5800000000000001,1.5800000000000001,1.5800000000000001,1.5800000000000001,1.5800000000000001,1.5800000000000001,1.5800000000000001,1.5800000000000001,0,0,exact_linear_order_statistics_disk_backed
observations,,pk_adme,pBBB,microl/min/g,=,pk_adme,experimental_summary,exact_value,2,12.699999999999999,12.997,20.125,27.549999999999997,34.974999999999994,42.102999999999994,42.399999999999999,27.549999999999997,14.850000000000005,14.849999999999994,exact_linear_order_statistics_disk_backed
observations,,pk_adme,permeability,%,<,pk_adme,experimental_summary,upper_censor_bound,55,0.10000000000000001,0.10000000000000001,1,1,1,30,30,2.4909090909090907,5.9314959856767313,0,exact_linear_order_statistics_disk_backed
observations,,pk_adme,permeability,%,=,pk_adme,experimental_summary,exact_value,785,-8.1500000000000004,-6.3051999999999992,7.9000000000000004,31,70,100.61279999999999,130,39.528242038216561,34.720969056122193,62.100000000000001,exact_linear_order_statistics_disk_backed
observations,,pk_adme,permeability,%,>,pk_adme,experimental_summary,lower_censor_bound,2,4,4,4,4,4,4,4,4,0,0,exact_linear_order_statistics_disk_backed
observations,,pk_adme,permeability,%/hr,<,pk_adme,experimental_summary,upper_censor_bound,4,1,1,1,1,1,1,1,1,0,0,exact_linear_order_statistics_disk_backed
observations,,pk_adme,permeability,%/hr,=,pk_adme,experimental_summary,exact_value,37,3,3.7199999999999998,11,22,27,41,41,20.918918918918919,10.537906808866017,16,exact_linear_order_statistics_disk_backed
observations,,pk_adme,permeability,%/hr,>,pk_adme,experimental_summary,lower_censor_bound,5,30,30.48,42,42,42,42,42,39.600000000000001,4.7999999999999963,0,exact_linear_order_statistics_disk_backed
observations,,pk_adme,permeability,10'-4cm/min,=,pk_adme,experimental_summary,exact_value,6,0.20000000000000001,0.20000000000000001,0.375,2.3999999999999999,7.4249999999999989,9.0749999999999993,9.0999999999999996,3.8166666666666664,3.7742180941517174,7.0499999999999989,exact_linear_order_statistics_disk_backed
observations,,pk_adme,permeability,10'-4cm/s,=,pk_adme,experimental_summary,exact_value,55,0.029999999999999999,0.035400000000000001,0.69999999999999996,1.6599999999999999,3.3799999999999999,13.408000000000008,18.699999999999999,2.7103818181818182,3.1807826509204764,2.6799999999999997,exact_linear_order_statistics_disk_backed
observations,,pk_adme,permeability,10'-5cm/hr,=,pk_adme,experimental_summary,exact_value,3,0.10000000000000001,0.122,0.64999999999999991,1.2,3.0999999999999996,4.9239999999999995,5,2.1000000000000001,2.0992061991778384,2.4499999999999997,exact_linear_order_statistics_disk_backed
observations,,pk_adme,permeability,10'-5cm/s,<,pk_adme,experimental_summary,upper_censor_bound,3,0.029999999999999999,0.031399999999999997,0.065000000000000002,0.10000000000000001,0.20000000000000001,0.29599999999999999,0.29999999999999999,0.14333333333333334,0.11440668201153677,0.13500000000000001,exact_linear_order_statistics_disk_backed
observations,,pk_adme,permeability,10'-5cm/s,=,pk_adme,experimental_summary,exact_value,78,0.10000000000000001,0.10000000000000001,1.125,1.8,3,7.2230000000000008,7.2999999999999998,2.1303846153846151,1.6592765200591868,1.875,exact_linear_order_statistics_disk_backed
observations,,pk_adme,permeability,10'-6/cm,=,pk_adme,experimental_summary,exact_value,19,0,0.017999999999999999,0.20000000000000001,0.59999999999999998,1.1499999999999999,45.460000000000001,46,9.1384210526315783,16.816600276968774,0.94999999999999996,exact_linear_order_statistics_disk_backed
observations,,pk_adme,permeability,10'-6/s,=,pk_adme,experimental_summary,exact_value,1,26,26,26,26,26,26,26,26,0,0,exact_linear_order_statistics_disk_backed
observations,,pk_adme,permeability,10'-6cm/min,=,pk_adme,experimental_summary,exact_value,10,0.10000000000000001,0.127,1.075,2.5999999999999996,5.2999999999999998,15.505000000000001,16,4.4100000000000001,4.8611624124277109,4.2249999999999996,exact_linear_order_statistics_disk_backed
observations,,pk_adme,permeability,10'-6cm/s,<,pk_adme,experimental_summary,upper_censor_bound,84,0.001,0.001,0.10000000000000001,1,1.175,150,150,6.6200000000000001,27.718035018910051,1.075,exact_linear_order_statistics_disk_backed
observations,,pk_adme,permeability,10'-6cm/s,=,pk_adme,experimental_summary,exact_value,3796,0,0,2.5,10.039999999999999,24,1363.8500000000031,2704,77.461991488408856,245.6096338504338,21.5,exact_linear_order_statistics_disk_backed
observations,,pk_adme,permeability,10'-6cm/s,>,pk_adme,experimental_summary,lower_censor_bound,94,0.01,0.01,10,40,2130,2200,2200,648.45840425531912,954.95401809910402,2120,exact_linear_order_statistics_disk_backed
observations,,pk_adme,permeability,10'-6cm/s,interval,pk_adme,experimental_summary,lower_censor_bound,37,0,0,1,2,8.8000000000000007,16.640000000000001,17,5.0645945945945954,5.2200960924129385,7.8000000000000007,exact_linear_order_statistics_disk_backed
observations,,pk_adme,permeability,10'-6cm/s,interval,pk_adme,experimental_summary,upper_censor_bound,37,0.20000000000000001,0.38,3,4,10,26.624000000000002,28.100000000000001,7.374594594594595,7.2457016501657048,7,exact_linear_order_statistics_disk_backed
observations,,pk_adme,permeability,10'-6cm2/s,=,pk_adme,experimental_summary,exact_value,1,22.940000000000001,22.940000000000001,22.940000000000001,22.940000000000001,22.940000000000001,22.940000000000001,22.940000000000001,22.940000000000001,0,0,exact_linear_order_statistics_disk_backed
observations,,pk_adme,permeability,10'-7cm/s,=,pk_adme,experimental_summary,exact_value,156,0,0,6.9749999999999996,36,115.34999999999999,624.49999999999989,645,103.54179487179488,153.16691217923676,108.375,exact_linear_order_statistics_disk_backed
observations,,pk_adme,permeability,10'-7cm/s,>,pk_adme,experimental_summary,lower_censor_bound,22,20,20,65,200,200,200,200,150.90909090909091,80.165118854722195,135,exact_linear_order_statistics_disk_backed
observations,,pk_adme,permeability,10'-7nmol/cm2/min,=,pk_adme,experimental_summary,exact_value,8,2.5099999999999998,2.5155999999999996,2.7999999999999998,3.0449999999999999,3.3400000000000003,3.6958000000000002,3.7000000000000002,3.0800000000000001,0.41073105555825845,0.54000000000000048,exact_linear_order_statistics_disk_backed
observations,,pk_adme,permeability,10'-8cm/s,=,pk_adme,experimental_summary,exact_value,19,2.7000000000000002,3.7404000000000002,103,251,569.5,1403.6600000000003,1550,363.40157894736842,366.98710423726652,466.5,exact_linear_order_statistics_disk_backed
observations,,pk_adme,permeability,10'-9meter/s,<,pk_adme,experimental_summary,upper_censor_bound,3,1,1,1,1,1,1,1,1,0,0,exact_linear_order_statistics_disk_backed
observations,,pk_adme,permeability,10'-9meter/s,=,pk_adme,experimental_summary,exact_value,27,0.13,0.14300000000000002,0.48499999999999999,1.5,4.4000000000000004,74.879999999999981,78,9.9877777777777776,21.501314056885906,3.9150000000000005,exact_linear_order_statistics_disk_backed
observations,,pk_adme,permeability,10'6cm/s,=,pk_adme,experimental_summary,exact_value,186,0,0,0.40000000000000002,1.3999999999999999,4.2999999999999998,47.350000000000016,57.600000000000001,4.3776075268817207,8.5762178615244178,3.8999999999999999,exact_linear_order_statistics_disk_backed
observations,,pk_adme,permeability,10'6cm/s,>,pk_adme,experimental_summary,lower_censor_bound,1,0.10000000000000001,0.10000000000000001,0.10000000000000001,0.10000000000000001,0.10000000000000001,0.10000000000000001,0.10000000000000001,0.10000000000000001,0,0,exact_linear_order_statistics_disk_backed
observations,,pk_adme,permeability,10^-3cm/min,=,pk_adme,experimental_summary,exact_value,2,1.02,1.0401,1.5225,2.0249999999999999,2.5274999999999999,3.0099,3.0299999999999998,2.0249999999999999,1.0049999999999999,1.0049999999999999,exact_linear_order_statistics_disk_backed
observations,,pk_adme,permeability,10^-5cm/min,=,pk_adme,experimental_summary,exact_value,18,3,3.1699999999999999,16.300000000000001,37.75,44.899999999999999,63.843999999999987,65,33.25,18.970481455847835,28.599999999999998,exact_linear_order_statistics_disk_backed
observations,,pk_adme,permeability,10^-5cm/s,=,pk_adme,experimental_summary,exact_value,29,0.19,0.2404,1.8899999999999999,4.9000000000000004,6.7999999999999998,133.88,135,14.866517241379311,32.961126555928111,4.9100000000000001,exact_linear_order_statistics_disk_backed
observations,,pk_adme,permeability,10^-5cm/s,>,pk_adme,experimental_summary,lower_censor_bound,2,2,2,2,2,2,2,2,2,0,0,exact_linear_order_statistics_disk_backed
observations,,pk_adme,permeability,10^-6cm/min,=,pk_adme,experimental_summary,exact_value,1,28,28,28,28,28,28,28,28,0,0,exact_linear_order_statistics_disk_backed
observations,,pk_adme,permeability,10^-6cm/s,<,pk_adme,experimental_summary,upper_censor_bound,208,0,0.0020699999999999998,1,1,3.8250000000000002,24.537000000000006,26,3.6548653846153845,5.7511626066415946,2.8250000000000002,exact_linear_order_statistics_disk_backed
observations,,pk_adme,permeability,10^-6cm/s,=,pk_adme,experimental_summary,exact_value,3354,-4.5,0,2.1000000000000001,8.3000000000000007,21.899999999999999,1026.8799999999992,2323,53.655231961836606,184.85139056103287,19.799999999999997,exact_linear_order_statistics_disk_backed
observations,,pk_adme,permeability,10^-6cm/s,>,pk_adme,experimental_summary,lower_censor_bound,76,3.5,3.5,45,1000,1000,1800,1800,667.59078947368425,524.29309530413161,955,exact_linear_order_statistics_disk_backed
observations,,pk_adme,permeability,10^-6m/s,=,pk_adme,experimental_summary,exact_value,1,2.5099999999999998,2.5099999999999998,2.5099999999999998,2.5099999999999998,2.5099999999999998,2.5099999999999998,2.5099999999999998,2.5099999999999998,0,0,exact_linear_order_statistics_disk_backed
observations,,pk_adme,permeability,10^-7cm/s,=,pk_adme,experimental_summary,exact_value,58,1.1000000000000001,1.556,6.8000000000000007,38.5,126.75,347.51999999999998,384,84.412068965517236,100.03159686609752,119.95,exact_linear_order_statistics_disk_backed
observations,,pk_adme,permeability,10^-8cm/s,=,pk_adme,experimental_summary,exact_value,1,3.1000000000000001,3.1000000000000001,3.1000000000000001,3.1000000000000001,3.1000000000000001,3.1000000000000001,3.1000000000000001,3.1000000000000001,0,0,exact_linear_order_statistics_disk_backed
observations,,pk_adme,permeability,10^4cm2/sec,=,pk_adme,experimental_summary,exact_value,2,0.17999999999999999,0.18209999999999998,0.23249999999999998,0.28500000000000003,0.33750000000000002,0.38790000000000002,0.39000000000000001,0.28500000000000003,0.1049999999999999,0.10500000000000004,exact_linear_order_statistics_disk_backed
observations,,pk_adme,permeability,10^6cm/s,=,pk_adme,experimental_summary,exact_value,26,0.002,0.0040000000000000001,2.4775,8.6699999999999999,21.675000000000001,42.049999999999997,42.399999999999999,13.378538461538461,12.984315136202335,19.197500000000002,exact_linear_order_statistics_disk_backed
observations,,pk_adme,permeability,10^6m/s,=,pk_adme,experimental_summary,exact_value,3,0.01,0.0118,0.055000000000000007,0.10000000000000001,1.9399999999999999,3.7063999999999999,3.7799999999999998,1.2966666666666666,1.7563661982121559,1.885,exact_linear_order_statistics_disk_backed
observations,,pk_adme,permeability,a.u.,=,pk_adme,experimental_summary,exact_value,8,3.5,3.5140000000000002,7.6749999999999998,27.699999999999999,54.475000000000001,98.085999999999999,99.5,37.075000000000003,34.736067350809876,46.800000000000004,exact_linear_order_statistics_disk_backed
observations,,pk_adme,permeability,cm/hr,=,pk_adme,experimental_summary,exact_value,2,0.014999999999999999,0.01504,0.016,0.017000000000000001,0.017999999999999999,0.018959999999999998,0.019,0.017000000000000001,0.0019999999999999836,0.0019999999999999983,exact_linear_order_statistics_disk_backed
observations,,pk_adme,permeability,cm/min,=,pk_adme,experimental_summary,exact_value,1,11.65,11.65,11.65,11.65,11.65,11.65,11.65,11.65,0,0,exact_linear_order_statistics_disk_backed
observations,,pk_adme,permeability,cm/s,<,pk_adme,experimental_summary,upper_censor_bound,2,1,1.1400000000000001,4.5,8,11.5,14.859999999999999,15,8,7,7,exact_linear_order_statistics_disk_backed
observations,,pk_adme,permeability,cm/s,=,pk_adme,experimental_summary,exact_value,92,0,0,0.9850000000000001,9.3500000000000014,20.859999999999999,65.865600000000029,73,14.895616304347826,16.308161809480268,19.875,exact_linear_order_statistics_disk_backed
observations,,pk_adme,permeability,cm/s,>,pk_adme,experimental_summary,lower_censor_bound,5,10000000,10000000,10000000,10000000,10000000,10000000,10000000,10000000,0,0,exact_linear_order_statistics_disk_backed
observations,,pk_adme,permeability,microg/cm2,=,pk_adme,experimental_summary,exact_value,1,265.69999999999999,265.69999999999999,265.69999999999999,265.69999999999999,265.69999999999999,265.69999999999999,265.69999999999999,265.69999999999999,0,0,exact_linear_order_statistics_disk_backed
observations,,pk_adme,permeability,microg/cm2/h,=,pk_adme,experimental_summary,exact_value,8,0.0050000000000000001,0.0088500000000000002,0.075749999999999998,523.34900000000005,2391.0549999999998,3288.4818999999998,3334.8800000000001,1168.8955000000001,1308.7438329896727,2390.9792499999999,exact_linear_order_statistics_disk_backed
observations,,pk_adme,permeability,min,=,pk_adme,experimental_summary,exact_value,3,1.6000000000000001,1.6440000000000001,2.7000000000000002,3.7999999999999998,4.0499999999999998,4.29,4.2999999999999998,3.2333333333333329,1.1728408057172788,1.3499999999999996,exact_linear_order_statistics_disk_backed
observations,,pk_adme,permeability,ml/min,=,pk_adme,experimental_summary,exact_value,10,2.6000000000000001,2.8978999999999999,7.125,9.4900000000000002,15.522499999999999,36.259399999999999,37.280000000000001,13.491999999999999,10.071408838886448,8.3974999999999991,exact_linear_order_statistics_disk_backed
observations,,pk_adme,permeability,molefraction,=,pk_adme,experimental_summary,exact_value,9,0.12,0.12720000000000001,0.46000000000000002,0.59999999999999998,0.88,0.91760000000000008,0.92000000000000004,0.5855555555555555,0.27552419176347043,0.41999999999999998,exact_linear_order_statistics_disk_backed
observations,,pk_adme,permeability,nanometer/sec,=,pk_adme,experimental_summary,exact_value,3,257,258.06,283.5,310,366,419.75999999999999,422,329.66666666666669,68.78145744958357,82.5,exact_linear_order_statistics_disk_backed
observations,,pk_adme,permeability,ng/cm2/min,=,pk_adme,experimental_summary,exact_value,18,0.23999999999999999,0.72110000000000007,5.2599999999999998,9.879999999999999,52.607500000000002,80.184399999999982,82.340000000000003,27.902222222222221,27.267222805158813,47.347500000000004,exact_linear_order_statistics_disk_backed
observations,,pk_adme,permeability,ng/ul,=,pk_adme,experimental_summary,exact_value,10,2.2999999999999998,2.5069999999999997,7.0499999999999998,11.15,13.100000000000001,37.256999999999998,38.399999999999999,13.49,10.268052395659073,6.0500000000000016,exact_linear_order_statistics_disk_backed
observations,,pk_adme,permeability,nm/s,<,pk_adme,experimental_summary,upper_censor_bound,307,0.002,0.068040000000000003,3,10,15,30,180,10.201905537459284,11.904475237694768,12,exact_linear_order_statistics_disk_backed
observations,,pk_adme,permeability,nm/s,<=,pk_adme,experimental_summary,upper_censor_bound,24,1,1,1,1,1,1,1,1,0,0,exact_linear_order_statistics_disk_backed
observations,,pk_adme,permeability,nm/s,=,pk_adme,experimental_summary,exact_value,3149,0,0,30,128,298,1000,3291,206.37875293744045,255.70018786279161,268,exact_linear_order_statistics_disk_backed
observations,,pk_adme,permeability,nm/s,>,pk_adme,experimental_summary,lower_censor_bound,41,4,14.4,30,100,250,600,600,174.96097560975608,182.44909063138388,220,exact_linear_order_statistics_disk_backed
observations,,pk_adme,permeability,nm/s,interval,pk_adme,experimental_summary,lower_censor_bound,8,3,3,8.25,15,43,173.5,177,45.625,62.846912215318902,34.75,exact_linear_order_statistics_disk_backed
observations,,pk_adme,permeability,nm/s,interval,pk_adme,experimental_summary,upper_censor_bound,8,10,10.699999999999999,21.5,31.5,99.25,409.95999999999992,422,104.5,140.87760645326139,77.75,exact_linear_order_statistics_disk_backed
observations,,pk_adme,permeability,nmol/cm2/hr,=,pk_adme,experimental_summary,exact_value,2,0.17999999999999999,0.2122,0.98499999999999988,1.7899999999999998,2.5950000000000002,3.3677999999999999,3.3999999999999999,1.79,1.6099999999999999,1.6100000000000003,exact_linear_order_statistics_disk_backed
observations,,pk_adme,permeability,nmol/sec,=,pk_adme,experimental_summary,exact_value,1,175,175,175,175,175,175,175,175,0,0,exact_linear_order_statistics_disk_backed
observations,,pk_adme,permeability,omegacm2,=,pk_adme,experimental_summary,exact_value,2,1276,1276,1276,1276,1276,1276,1276,1276,0,0,exact_linear_order_statistics_disk_backed
observations,,pk_adme,permeability,pmol/min,>,pk_adme,experimental_summary,lower_censor_bound,1,5.2999999999999998,5.2999999999999998,5.2999999999999998,5.2999999999999998,5.2999999999999998,5.2999999999999998,5.2999999999999998,5.2999999999999998,0,0,exact_linear_order_statistics_disk_backed
observations,,pk_adme,permeability,pmol/min/cm2,=,pk_adme,experimental_summary,exact_value,8,2.5,2.556,3.4500000000000002,4.4500000000000002,7.4249999999999998,26.585999999999995,28,7.6624999999999996,7.8862122562102019,3.9749999999999996,exact_linear_order_statistics_disk_backed
observations,,pk_adme,permeability,pmol/s,=,pk_adme,experimental_summary,exact_value,31,0.029999999999999999,0.033000000000000002,0.21000000000000002,0.81999999999999995,3.5649999999999995,18.140000000000001,18.800000000000001,3.5409677419354839,5.3785346096633528,3.3549999999999995,exact_linear_order_statistics_disk_backed
observations,,pk_adme,permeability,uM,=,pk_adme,experimental_summary,exact_value,33,0.96999999999999997,1.0596000000000001,3,4.3300000000000001,8.3699999999999992,197.09999999999999,197.90000000000001,24.310606060606062,54.630968459146011,5.3699999999999992,exact_linear_order_statistics_disk_backed
observations,,pk_adme,permeability,ucm/s,<,pk_adme,experimental_summary,upper_censor_bound,67,0.0001,0.00069400000000000006,0.10000000000000001,1,2,8.4160000000000075,10,1.4686880597014926,1.7457043768918092,1.8999999999999999,exact_linear_order_statistics_disk_backed
observations,,pk_adme,permeability,ucm/s,<=,pk_adme,experimental_summary,upper_censor_bound,22,1,1,1,1,12,12,12,5,5.2915026221291814,11,exact_linear_order_statistics_disk_backed
observations,,pk_adme,permeability,ucm/s,=,pk_adme,experimental_summary,exact_value,2418,0,0.029999999999999999,2.6000000000000001,9.3000000000000007,21.975000000000001,1250,2900,63.643798593879232,220.4752457125204,19.375,exact_linear_order_statistics_disk_backed
observations,,pk_adme,permeability,ucm/s,>,pk_adme,experimental_summary,lower_censor_bound,47,1,1.9521999999999999,6.2000000000000002,10,30,234.99999999999977,350,22.598936170212767,51.034069647890249,23.800000000000001,exact_linear_order_statistics_disk_backed
observations,,pk_adme,permeability,ucm/s,>=,pk_adme,experimental_summary,lower_censor_bound,16,2,2,2,2,2,2,2,2,0,0,exact_linear_order_statistics_disk_backed
observations,,pk_adme,permeability,ucm/s,interval,pk_adme,experimental_summary,lower_censor_bound,2,2,2.1000000000000001,4.5,7,9.5,11.9,12,7,5,5,exact_linear_order_statistics_disk_backed
observations,,pk_adme,permeability,ucm/s,interval,pk_adme,experimental_summary,upper_censor_bound,2,2.04,2.3195999999999999,9.0300000000000011,16.02,23.009999999999998,29.720400000000001,30,16.02,13.98,13.979999999999997,exact_linear_order_statistics_disk_backed
observations,,pk_adme,permeability,ug,=,pk_adme,experimental_summary,exact_value,3,12.470000000000001,12.484,12.82,13.17,16.385000000000002,19.471400000000003,19.600000000000001,15.08,3.2088731147657965,3.5650000000000013,exact_linear_order_statistics_disk_backed
observations,,pk_adme,permeability,ug/cm2.hr,=,pk_adme,experimental_summary,exact_value,1,158.80000000000001,158.80000000000001,158.80000000000001,158.80000000000001,158.80000000000001,158.80000000000001,158.80000000000001,158.80000000000001,0,0,exact_linear_order_statistics_disk_backed
observations,,pk_adme,permeability,ugml-1,<,pk_adme,experimental_summary,upper_censor_bound,1,1,1,1,1,1,1,1,1,0,0,exact_linear_order_statistics_disk_backed
observations,,pk_adme,permeability,ugml-1,>,pk_adme,experimental_summary,lower_censor_bound,1,50,50,50,50,50,50,50,50,0,0,exact_linear_order_statistics_disk_backed
observations,,pk_adme,permeability,ul/hr/cm2,=,pk_adme,experimental_summary,exact_value,22,0.51000000000000001,0.55200000000000005,0.80000000000000004,1.1799999999999999,2.1799999999999997,9019.1999999999971,9960,983.2863636363636,2428.1510987778065,1.3799999999999997,exact_linear_order_statistics_disk_backed
observations,,pk_adme,permeability,um/s,=,pk_adme,experimental_summary,exact_value,18,0.10000000000000001,0.11700000000000001,0.32500000000000001,0.59999999999999998,0.77500000000000002,20,20,2.6833333333333331,6.1281001224776928,0.45000000000000001,exact_linear_order_statistics_disk_backed
observations,,pk_adme,permeability,umol/cm2/hr,=,pk_adme,experimental_summary,exact_value,7,0.51000000000000001,0.51180000000000003,0.64000000000000001,0.95999999999999996,1.0350000000000001,1.3319999999999999,1.3500000000000001,0.88142857142857145,0.27976666662614053,0.39500000000000013,exact_linear_order_statistics_disk_backed
observations,,pk_adme,permeability,umolcm2/hr,=,pk_adme,experimental_summary,exact_value,6,0.0038,0.0043600000000000002,0.051250000000000004,0.31999999999999995,0.50249999999999995,1.0800000000000001,1.1100000000000001,0.37979999999999997,0.38361247807303323,0.45124999999999993,exact_linear_order_statistics_disk_backed
observations,,pk_adme,solubility,%,<,other_bioactivity,experimental_summary,upper_censor_bound,3,2,2,2,2,3.5,4.9399999999999995,5,3,1.4142135623730951,1.5,exact_linear_order_statistics_disk_backed
observations,,pk_adme,solubility,%,=,other_bioactivity,experimental_summary,exact_value,85,0,0,1.8999999999999999,3.2999999999999998,100,177.55999999999977,233,39.01364705882353,50.314355239529306,98.099999999999994,exact_linear_order_statistics_disk_backed
observations,,pk_adme,solubility,%,=,pk_adme,experimental_summary,exact_value,46,6,17.25,80,87,93.75,99.099999999999994,100,82.173913043478265,19.215374672863515,13.75,exact_linear_order_statistics_disk_backed
observations,,pk_adme,solubility,%,>,other_bioactivity,experimental_summary,lower_censor_bound,19,0.29999999999999999,0.60599999999999998,2,5,92,1086.3400000000001,1120,174.96315789473684,348.53105760655461,90,exact_linear_order_statistics_disk_backed
observations,,pk_adme,solubility,%,>=,other_bioactivity,experimental_summary,lower_censor_bound,1,95,95,95,95,95,95,95,95,0,0,exact_linear_order_statistics_disk_backed
observations,,pk_adme,solubility,/mm,<,other_bioactivity,experimental_summary,upper_censor_bound,2,0.0050000000000000001,0.0050000000000000001,0.0050000000000000001,0.0050000000000000001,0.0050000000000000001,0.0050000000000000001,0.0050000000000000001,0.0050000000000000001,0,0,exact_linear_order_statistics_disk_backed
observations,,pk_adme,solubility,/mm,=,other_bioactivity,experimental_summary,exact_value,2,0.058999999999999997,0.059129999999999995,0.06225,0.065500000000000003,0.068749999999999992,0.071869999999999989,0.071999999999999995,0.065500000000000003,0.0064999999999999147,0.0064999999999999919,exact_linear_order_statistics_disk_backed
observations,,pk_adme,solubility,10'-1mg/ml,=,other_bioactivity,experimental_summary,exact_value,1,2.1000000000000001,2.1000000000000001,2.1000000000000001,2.1000000000000001,2.1000000000000001,2.1000000000000001,2.1000000000000001,2.1000000000000001,0,0,exact_linear_order_statistics_disk_backed
observations,,pk_adme,solubility,10'-1mol/l,=,other_bioactivity,experimental_summary,exact_value,1,3.5,3.5,3.5,3.5,3.5,3.5,3.5,3.5,0,0,exact_linear_order_statistics_disk_backed
observations,,pk_adme,solubility,10'-2g,=,other_bioactivity,experimental_summary,exact_value,1,1.53,1.53,1.53,1.53,1.53,1.53,1.53,1.53,0,0,exact_linear_order_statistics_disk_backed
observations,,pk_adme,solubility,10'-3mol/dm3,=,other_bioactivity,experimental_summary,exact_value,28,1,1,1,1,1,1,1,1,0,0,exact_linear_order_statistics_disk_backed
observations,,pk_adme,solubility,10'-4mg/ml,=,other_bioactivity,experimental_summary,exact_value,2,2,2.0059999999999998,2.1499999999999999,2.2999999999999998,2.4500000000000002,2.5940000000000003,2.6000000000000001,2.2999999999999998,0.30000000000000271,0.30000000000000027,exact_linear_order_statistics_disk_backed
observations,,pk_adme,solubility,10'-7mol,=,other_bioactivity,experimental_summary,exact_value,1,1.7,1.7,1.7,1.7,1.7,1.7,1.7,1.7,0,0,exact_linear_order_statistics_disk_backed
observations,,pk_adme,solubility,10'-8mol,=,other_bioactivity,experimental_summary,exact_value,1,1.3999999999999999,1.3999999999999999,1.3999999999999999,1.3999999999999999,1.3999999999999999,1.3999999999999999,1.3999999999999999,1.3999999999999999,0,0,exact_linear_order_statistics_disk_backed
observations,,pk_adme,solubility,10'3ug/ml,=,other_bioactivity,experimental_summary,exact_value,1,4.5,4.5,4.5,4.5,4.5,4.5,4.5,4.5,0,0,exact_linear_order_statistics_disk_backed
observations,,pk_adme,solubility,10^-3mg/ml,=,other_bioactivity,experimental_summary,exact_value,2,14.6,15.134,27.949999999999999,41.299999999999997,54.649999999999999,67.465999999999994,68,41.299999999999997,26.700000000000003,26.699999999999999,exact_linear_order_statistics_disk_backed
observations,,pk_adme,solubility,10^-6cm/s,=,pk_adme,experimental_summary,exact_value,47,18,18.460000000000001,107.5,211,704.5,2435.8199999999993,2796,463.93617021276594,529.25432909134383,597,exact_linear_order_statistics_disk_backed
observations,,pk_adme,solubility,g,<,other_bioactivity,experimental_summary,upper_censor_bound,3,0.001,0.0011800000000000001,0.0055000000000000005,0.01,0.01,0.01,0.01,0.0070000000000000001,0.0042426406871192849,0.0044999999999999997,exact_linear_order_statistics_disk_backed
observations,,pk_adme,solubility,g,=,other_bioactivity,experimental_summary,exact_value,22,0.01,0.0121,0.23500000000000001,1.3999999999999999,13.1875,85.460999999999999,85.859999999999999,14.636363636363637,27.477858614702615,12.952500000000001,exact_linear_order_statistics_disk_backed
observations,,pk_adme,solubility,mg,<,other_bioactivity,experimental_summary,upper_censor_bound,7,0.10000000000000001,0.10000000000000001,0.10000000000000001,0.10000000000000001,0.10000000000000001,9.4059999999999953,10,1.5142857142857142,3.4642783505076378,0,exact_linear_order_statistics_disk_backed
observations,,pk_adme,solubility,mg,=,other_bioactivity,experimental_summary,exact_value,24,0.01,0.01506,1.7974999999999999,3,7.9000000000000004,740.37999999999977,867.79999999999995,56.121124999999999,180.65616541266829,6.1025000000000009,exact_linear_order_statistics_disk_backed
observations,,pk_adme,solubility,mg/g,=,other_bioactivity,experimental_summary,exact_value,22,0,0,0.92500000000000004,2.4500000000000002,5.4749999999999996,19.484999999999999,19.800000000000001,4.8045454545454547,5.8391684707458191,4.5499999999999998,exact_linear_order_statistics_disk_backed
observations,,pk_adme,solubility,mg/ul,=,other_bioactivity,experimental_summary,exact_value,5,6.7000000000000002,6.7999999999999998,9.1999999999999993,18.399999999999999,27.800000000000001,52.183999999999997,53.200000000000003,23.059999999999999,16.806855744011134,18.600000000000001,exact_linear_order_statistics_disk_backed
observations,,pk_adme,solubility,mgkg-1,=,other_bioactivity,experimental_summary,exact_value,4,0.010999999999999999,0.032239999999999998,0.54199999999999993,0.85949999999999993,1.375,2.4549999999999996,2.5,1.0574999999999999,0.90744930987906991,0.83300000000000007,exact_linear_order_statistics_disk_backed
observations,,pk_adme,solubility,mgkg-1,>=,other_bioactivity,experimental_summary,lower_censor_bound,5,10,10,10,10,10,10,10,10,0,0,exact_linear_order_statistics_disk_backed
observations,,pk_adme,solubility,min,>,other_bioactivity,experimental_summary,lower_censor_bound,3,100,100,100,100,100,100,100,100,0,0,exact_linear_order_statistics_disk_backed
observations,,pk_adme,solubility,ml,<,other_bioactivity,experimental_summary,upper_censor_bound,5,1,1,1,1,1,1,1,1,0,0,exact_linear_order_statistics_disk_backed
observations,,pk_adme,solubility,ml,<=,other_bioactivity,experimental_summary,upper_censor_bound,6,10000,10000,10000,10000,10000,10000,10000,10000,0,0,exact_linear_order_statistics_disk_backed
observations,,pk_adme,solubility,ml,interval,other_bioactivity,experimental_summary,lower_censor_bound,24,1,1,30,550,1000,1000,1000,518.45833333333337,482.29598270207009,970,exact_linear_order_statistics_disk_backed
observations,,pk_adme,solubility,ml,interval,other_bioactivity,experimental_summary,upper_censor_bound,24,10,10,100,5500,10000,10000,10000,5145.416666666667,4863.2747704664544,9900,exact_linear_order_statistics_disk_backed
observations,,pk_adme,solubility,mmol/ml,=,other_bioactivity,experimental_summary,exact_value,1,1.3999999999999999,1.3999999999999999,1.3999999999999999,1.3999999999999999,1.3999999999999999,1.3999999999999999,1.3999999999999999,1.3999999999999999,0,0,exact_linear_order_statistics_disk_backed
observations,,pk_adme,solubility,ppb,=,other_bioactivity,experimental_summary,exact_value,1,0.14999999999999999,0.14999999999999999,0.14999999999999999,0.14999999999999999,0.14999999999999999,0.14999999999999999,0.14999999999999999,0.14999999999999999,0,0,exact_linear_order_statistics_disk_backed
observations,,pk_adme,solubility,ppm,=,other_bioactivity,experimental_summary,exact_value,27,0.10000000000000001,0.152,5.8499999999999996,18.600000000000001,65.650000000000006,343.83999999999992,361,59.140740740740739,90.309895521370933,59.800000000000004,exact_linear_order_statistics_disk_backed
observations,,pk_adme,solubility,ug,<,other_bioactivity,experimental_summary,upper_censor_bound,1,15,15,15,15,15,15,15,15,0,0,exact_linear_order_statistics_disk_backed
observations,,pk_adme,solubility,ug,=,other_bioactivity,experimental_summary,exact_value,10,1.3500000000000001,2.0070000000000001,13.9,25.350000000000001,101.77500000000001,217.58000000000001,221,68.260000000000005,74.737185523673546,87.875,exact_linear_order_statistics_disk_backed
observations,,pk_adme,solubility,ug/kg,>,other_bioactivity,experimental_summary,lower_censor_bound,1,193,193,193,193,193,193,193,193,0,0,exact_linear_order_statistics_disk_backed
observations,,pk_adme,solubility,uga/ml,=,other_bioactivity,experimental_summary,exact_value,2,0.20000000000000001,0.38300000000000001,4.7750000000000004,9.3499999999999996,13.925000000000001,18.317,18.5,9.3499999999999996,9.1500000000000004,9.1500000000000004,exact_linear_order_statistics_disk_backed
observations,,pk_adme,solubility,ul,=,other_bioactivity,experimental_summary,exact_value,163,1.25,1.25,1.25,2.5,5,48.799999999999955,60,4.7315950920245395,8.3626377620411745,3.75,exact_linear_order_statistics_disk_backed
observations,,pk_adme,solubility,ul,>,other_bioactivity,experimental_summary,lower_censor_bound,1,200,200,200,200,200,200,200,200,0,0,exact_linear_order_statistics_disk_backed
observations,,qt,APD,%,=,other_bioactivity,experimental_summary,exact_value,1,24,24,24,24,24,24,24,24,0,0,exact_linear_order_statistics_disk_backed
observations,,qt,APD,-60mv,=,other_bioactivity,experimental_summary,exact_value,92,0,2.73,17,27,48.25,85.090000000000003,86,32.532608695652172,20.418156395375448,31.25,exact_linear_order_statistics_disk_backed
observations,,qt,APD50,%,=,other_bioactivity,experimental_summary,exact_value,3,4.5700000000000003,4.6260000000000003,5.9700000000000006,7.3700000000000001,9.3350000000000009,11.221400000000001,11.300000000000001,7.746666666666667,2.7603904715738223,3.3650000000000002,exact_linear_order_statistics_disk_backed
observations,,qt,APD50,ms,<,cardiac_electrophysiology_qt_apd,experimental_summary,upper_censor_bound,4,170,170.81,190.25,203,212.5,222.57999999999998,223,199.75,19.48557158514987,22.25,exact_linear_order_statistics_disk_backed
observations,,qt,APD50,ms,=,other_bioactivity,experimental_summary,exact_value,24,-48,-47.539999999999999,-15.75,29.300000000000001,203,382.08999999999997,386,93.4375,145.21057931070314,218.75,exact_linear_order_statistics_disk_backed
observations,,qt,APD90,%,=,other_bioactivity,experimental_summary,exact_value,3,3.23,3.2305999999999999,3.2450000000000001,3.2599999999999998,4.8100000000000005,6.298,6.3600000000000003,4.2833333333333332,1.4684761565044988,1.5650000000000004,exact_linear_order_statistics_disk_backed
observations,,qt,APD90,ms,<,cardiac_electrophysiology_qt_apd,experimental_summary,upper_censor_bound,4,209,210.11000000000001,236.75,259.5,276.75,287.55000000000001,288,254,30.024989592004857,40,exact_linear_order_statistics_disk_backed
observations,,qt,APD90,ms,=,other_bioactivity,experimental_summary,exact_value,16,64.799999999999997,64.814999999999998,73.375,91.25,380.5,576.35000000000002,584,226.18125000000001,185.94215908028363,307.125,exact_linear_order_statistics_disk_backed
observations,,qt,Activity,%,<,cardiac_electrophysiology_qt_apd,experimental_summary,upper_censor_bound,1,10,10,10,10,10,10,10,10,0,0,exact_linear_order_statistics_disk_backed
observations,,qt,Activity,%,=,cardiac_electrophysiology_qt_apd,experimental_summary,exact_value,99,-5.4000000000000004,-4.0280000000000005,2.25,8,13,66.039999999999992,68,10.371717171717171,12.292151067221802,10.75,exact_linear_order_statistics_disk_backed
observations,,qt,Activity,%,>,cardiac_electrophysiology_qt_apd,experimental_summary,lower_censor_bound,1,5,5,5,5,5,5,5,5,0,0,exact_linear_order_statistics_disk_backed
observations,,qt,Activity,%,>=,cardiac_electrophysiology_qt_apd,experimental_summary,lower_censor_bound,1,10,10,10,10,10,10,10,10,0,0,exact_linear_order_statistics_disk_backed
observations,,qt,Activity,ms,=,cardiac_electrophysiology_qt_apd,experimental_summary,exact_value,46,1,1,5,57.200000000000003,73.900000000000006,220.41499999999982,248,48.499565217391307,48.604871018936834,68.900000000000006,exact_linear_order_statistics_disk_backed
observations,,qt,Activity,ms/s1/2,=,cardiac_electrophysiology_qt_apd,experimental_summary,exact_value,3,316.69999999999999,316.88799999999998,321.39999999999998,326.10000000000002,363.5,399.404,400.89999999999998,347.90000000000003,37.672624897485441,42.100000000000023,exact_linear_order_statistics_disk_backed
observations,,qt,Activity,uM,=,cardiac_electrophysiology_qt_apd,experimental_summary,exact_value,1,10,10,10,10,10,10,10,10,0,0,exact_linear_order_statistics_disk_backed
observations,,qt,Change,%,=,cardiac_electrophysiology_qt_apd,experimental_summary,exact_value,3,2.8999999999999999,2.9020000000000001,2.9500000000000002,3,5.9500000000000002,8.782,8.9000000000000004,4.9333333333333336,2.8051539866625665,3,exact_linear_order_statistics_disk_backed
observations,,qt,Cp,uM,=,cardiac_electrophysiology_qt_apd,experimental_summary,exact_value,3,1.6000000000000001,1.6380000000000001,2.5499999999999998,3.5,4.25,4.9699999999999998,5,3.3666666666666667,1.3912424503139473,1.7000000000000002,exact_linear_order_statistics_disk_backed
observations,,qt,Cp(f),uM,=,cardiac_electrophysiology_qt_apd,experimental_summary,exact_value,3,0.53000000000000003,0.5494,1.0150000000000001,1.5,2.1000000000000001,2.6760000000000002,2.7000000000000002,1.5766666666666669,0.8875559450285686,1.085,exact_linear_order_statistics_disk_backed
observations,,qt,DOSE,mg.kg-1,=,cardiac_electrophysiology_qt_apd,experimental_summary,exact_value,20,0.25,0.25,0.25,0.25,1,5,5,0.96250000000000002,1.4126106151378022,0.75,exact_linear_order_statistics_disk_backed
observations,,qt,Delta APD90,%,=,cardiac_electrophysiology_qt_apd,experimental_summary,exact_value,8,22.199999999999999,22.48,26.349999999999998,27.700000000000003,34.424999999999997,45.054000000000002,45.600000000000001,30.862500000000001,7.1552319144804777,8.0749999999999993,exact_linear_order_statistics_disk_backed
observations,,qt,EC10,nM,=,cardiac_electrophysiology_qt_apd,experimental_summary,exact_value,3,640,665.20000000000005,1270,1900,3550,5134,5200,2580,1922.7064258487305,2280,exact_linear_order_statistics_disk_backed
observations,,qt,EC10,uM,=,cardiac_electrophysiology_qt_apd,experimental_summary,exact_value,2,2.2999999999999998,2.3159999999999998,2.6999999999999997,3.0999999999999996,3.5,3.8839999999999999,3.8999999999999999,3.0999999999999996,0.80000000000000149,0.80000000000000027,exact_linear_order_statistics_disk_backed
observations,,qt,EC50,nM,=,cardiac_electrophysiology_qt_apd,experimental_summary,exact_value,11,89125.089999999997,98409.589999999997,453285.52999999997,1023292.99,2048538.2849999999,3063104.1800000002,3090295.4300000002,1302612.0554545454,1011513.2005829846,1595252.7549999999,exact_linear_order_statistics_disk_backed
observations,,qt,Emax,ms,=,cardiac_electrophysiology_qt_apd,experimental_summary,exact_value,13,-116,-97.579999999999998,78.599999999999994,91.5,106.8,122.45999999999999,123.3,75.592307692307699,59.307315173898182,28.200000000000003,exact_linear_order_statistics_disk_backed
observations,,qt,IC50,nM,<,cardiac_electrophysiology_qt_apd,experimental_summary,upper_censor_bound,3,1000,1000,1000,1000,1000,1000,1000,1000,0,0,exact_linear_order_statistics_disk_backed
observations,,qt,IC50,nM,=,cardiac_electrophysiology_qt_apd,experimental_summary,exact_value,92,3,154.97,14050,45000,70000,71989.000000000073,92100,40293.510869565216,26685.103549869789,55950,exact_linear_order_statistics_disk_backed
observations,,qt,IC50,nM,>,cardiac_electrophysiology_qt_apd,experimental_summary,lower_censor_bound,14,10000,10000,10000,30000,30000,30000,30000,22857.142857142859,9583.1484749990941,20000,exact_linear_order_statistics_disk_backed
observations,,qt,Inhibition,%,=,cardiac_electrophysiology_qt_apd,experimental_summary,exact_value,2,0,0.059999999999999998,1.5,3,4.5,5.9399999999999995,6,3,3,3,exact_linear_order_statistics_disk_backed
observations,,qt,Ki,nM,=,cardiac_electrophysiology_qt_apd,experimental_summary,exact_value,5,300,312,600,1200,2500,7300,7500,2420,2649.8301832381635,1900,exact_linear_order_statistics_disk_backed
observations,,qt,Ki,nM,>,cardiac_electrophysiology_qt_apd,experimental_summary,lower_censor_bound,2,10000,10000,10000,10000,10000,10000,10000,10000,0,0,exact_linear_order_statistics_disk_backed
observations,,qt,LOAEL,ng/mL,=,cardiac_electrophysiology_qt_apd,experimental_summary,exact_value,2,475,585.25,3231.25,5987.5,8743.75,11389.75,11500,5987.5,5512.5,5512.5,exact_linear_order_statistics_disk_backed
observations,,qt,MED,mgkg-1,=,cardiac_electrophysiology_qt_apd,experimental_summary,exact_value,4,0.029999999999999999,0.032099999999999997,0.082500000000000004,25.050000000000001,62.5,98.499999999999986,100,37.532499999999999,41.42842223341362,62.417499999999997,exact_linear_order_statistics_disk_backed
observations,,qt,Max delta APD95,%,=,cardiac_electrophysiology_qt_apd,experimental_summary,exact_value,30,6.5,7.5149999999999997,19.5,43.5,55.75,93.52000000000001,97,40.866666666666667,23.250065710779307,36.25,exact_linear_order_statistics_disk_backed
observations,,qt,NOAEL,ng/mL,=,cardiac_electrophysiology_qt_apd,experimental_summary,exact_value,2,170,220.65000000000001,1436.25,2702.5,3968.75,5184.3500000000004,5235,2702.5,2532.5,2532.5,exact_linear_order_statistics_disk_backed
observations,,qt,QT,ms,=,other_bioactivity,experimental_summary,exact_value,12,196,197.53999999999999,218.75,228,260,286.01999999999998,288,237.08333333333334,26.893178606396596,41.25,exact_linear_order_statistics_disk_backed
observations,,qt,QT interval,ms,=,cardiac_electrophysiology_qt_apd,experimental_summary,exact_value,13,196,196.47999999999999,204,208,213,239.75999999999999,240,211.84615384615384,12.865255259784471,9,exact_linear_order_statistics_disk_backed
observations,,qt,QTc Interval,mss-1,=,cardiac_electrophysiology_qt_apd,experimental_summary,exact_value,3,384,384.16000000000003,388,392,423,452.75999999999999,454,410,31.28364855106669,35,exact_linear_order_statistics_disk_backed
observations,,qt,QTc delta,%,=,cardiac_electrophysiology_qt_apd,experimental_summary,exact_value,12,4,4.1100000000000003,10,14,23.5,50.350000000000009,52,18.833333333333332,13.495884146245809,13.5,exact_linear_order_statistics_disk_backed
observations,,qt,QTc interval,ms,=,cardiac_electrophysiology_qt_apd,experimental_summary,exact_value,20,71,71.760000000000005,93.5,105.5,137.5,172.47999999999999,174,114.25,29.442953316540798,44,exact_linear_order_statistics_disk_backed
observations,,qt,Ratio,ms,=,cardiac_electrophysiology_qt_apd,experimental_summary,exact_value,1,1.22,1.22,1.22,1.22,1.22,1.22,1.22,1.22,0,0,exact_linear_order_statistics_disk_backed
observations,,qt,T1/2,h,=,cardiac_electrophysiology_qt_apd,experimental_summary,exact_value,1,1.1000000000000001,1.1000000000000001,1.1000000000000001,1.1000000000000001,1.1000000000000001,1.1000000000000001,1.1000000000000001,1.1000000000000001,0,0,exact_linear_order_statistics_disk_backed
observations,,qt,TIME,h,<,cardiac_electrophysiology_qt_apd,experimental_summary,upper_censor_bound,1,2.7779999999999999e-06,2.7779999999999999e-06,2.7779999999999999e-06,2.7779999999999999e-06,2.7779999999999999e-06,2.7779999999999999e-06,2.7779999999999999e-06,2.7779999999999999e-06,0,0,exact_linear_order_statistics_disk_backed
observations,,qt,TIME,h,=,cardiac_electrophysiology_qt_apd,experimental_summary,exact_value,201,-5.2779999999999995e-07,8.3330000000000003e-07,2.0420000000000001e-05,3.9029999999999997e-05,5.7170000000000003e-05,7.7940000000000003e-05,0.0001087,4.053856517412935e-05,2.1236602095623536e-05,3.6749999999999999e-05,exact_linear_order_statistics_disk_backed
observations,,qt,TIME,h,>,cardiac_electrophysiology_qt_apd,experimental_summary,lower_censor_bound,1,2.7779999999999999e-06,2.7779999999999999e-06,2.7779999999999999e-06,2.7779999999999999e-06,2.7779999999999999e-06,2.7779999999999999e-06,2.7779999999999999e-06,2.7779999999999999e-06,0,0,exact_linear_order_statistics_disk_backed
observations,,qt,fLOAEL,uM,=,cardiac_electrophysiology_qt_apd,experimental_summary,exact_value,2,0.55000000000000004,0.64550000000000007,2.9375,5.3249999999999993,7.7124999999999995,10.0045,10.1,5.3250000000000002,4.7749999999999986,4.7749999999999995,exact_linear_order_statistics_disk_backed
observations,,qt,fNOAEL,uM,=,cardiac_electrophysiology_qt_apd,experimental_summary,exact_value,2,0.20000000000000001,0.24399999999999999,1.2999999999999998,2.3999999999999999,3.5,4.556,4.5999999999999996,2.3999999999999999,2.1999999999999997,2.2000000000000002,exact_linear_order_statistics_disk_backed
tasks/default,default,binding,EC50,nM,<,binding,experimental_summary,upper_censor_bound,4794,0.01,1,10,100,500,30000,100000,1769.6917569879015,8011.0072782546222,490,exact_linear_order_statistics_disk_backed
tasks/default,default,binding,EC50,nM,<=,binding,experimental_summary,upper_censor_bound,48,5,5,100,10000,10000,99530,100000,13499.9375,23333.668064628422,9900,exact_linear_order_statistics_disk_backed
tasks/default,default,binding,EC50,nM,=,binding,experimental_summary,exact_value,89725,0.01,0.10000000000000001,22,202,1584.8900000000001,63000,1216000,3601.6997994066314,11675.235299454404,1562.8900000000001,exact_linear_order_statistics_disk_backed
tasks/default,default,binding,EC50,nM,=,pk_adme,experimental_summary,exact_value,4,25,26.109999999999999,52.75,62,71.5,98.859999999999985,100,62.25,26.517682779609533,18.75,exact_linear_order_statistics_disk_backed
tasks/default,default,binding,EC50,nM,>,binding,experimental_summary,lower_censor_bound,14312,0.5,100,10000,10000,33000,100000,100000,26965.861416992735,32094.943105144892,23000,exact_linear_order_statistics_disk_backed
tasks/default,default,binding,EC50,nM,>=,binding,experimental_summary,lower_censor_bound,125,100,100,100,100,100,22540.000000000084,54400,2491.1583999999998,6264.3513129221474,0,exact_linear_order_statistics_disk_backed
tasks/default,default,binding,EC50,nM,interval,binding,experimental_summary,lower_censor_bound,66,0.059999999999999998,0.090549999999999992,2.1000000000000001,10.4,50.557499999999997,600,600,58.006181818181815,128.57803916286383,48.457499999999996,exact_linear_order_statistics_disk_backed
tasks/default,default,binding,EC50,nM,interval,binding,experimental_summary,upper_censor_bound,66,0.245,0.45494999999999997,7.1500000000000004,38.5,204.88500000000002,1104.9999999999982,1300,209.61184848484848,339.87489953244443,197.73500000000001,exact_linear_order_statistics_disk_backed
tasks/default,default,binding,IC50,nM,<,binding,experimental_summary,upper_censor_bound,90593,0.01,0.29999999999999999,20,100,410,20000,100000,1228.2852287840121,6272.4763384343169,390,exact_linear_order_statistics_disk_backed
tasks/default,default,binding,IC50,nM,<=,binding,experimental_summary,upper_censor_bound,5219,0.10000000000000001,1,100,500,10000,10000,30000,3531.6079137765855,4653.7912103736671,9900,exact_linear_order_statistics_disk_backed
tasks/default,default,binding,IC50,nM,=,binding,experimental_summary,exact_value,1107075,0.01,0.20000000000000001,19,167,1750,72400,9000000,4556.9490300441339,29364.202428917673,1731,exact_linear_order_statistics_disk_backed
tasks/default,default,binding,IC50,nM,=,pk_adme,experimental_summary,exact_value,1,63460,63460,63460,63460,63460,63460,63460,63460,0,0,exact_linear_order_statistics_disk_backed
tasks/default,default,binding,IC50,nM,>,binding,experimental_summary,lower_censor_bound,171996,0.01,60,10000,10000,50000,100000,10000000,32526.440385933398,68443.078365449692,40000,exact_linear_order_statistics_disk_backed
tasks/default,default,binding,IC50,nM,>=,binding,experimental_summary,lower_censor_bound,2479,10,100,1000,5000,10000,100000,100000,16437.04876159742,29329.694302239139,9000,exact_linear_order_statistics_disk_backed
tasks/default,default,binding,IC50,nM,interval,binding,experimental_summary,lower_censor_bound,5379,0.012,0.49120000000000003,30,50,300,10000,50000,613.66212515337429,1960.4704152010893,270,exact_linear_order_statistics_disk_backed
tasks/default,default,binding,IC50,nM,interval,binding,experimental_summary,upper_censor_bound,5379,0.049000000000000002,1.2,100,1000,2000,50000,100000,4075.6888157650124,9405.9015269152223,1900,exact_linear_order_statistics_disk_backed
tasks/default,default,binding,Kd,nM,<,binding,experimental_summary,upper_censor_bound,3426,0.01,0.10000000000000001,0.20000000000000001,1,100,1000,50000,208.1128458844133,2151.0587704134559,99.799999999999997,exact_linear_order_statistics_disk_backed
tasks/default,default,binding,Kd,nM,<,other_bioactivity,experimental_summary,upper_censor_bound,26,0.01,0.01,0.01,0.10000000000000001,1000,10000,10000,1882.9146776923078,3408.3324274562915,999.99000000000001,exact_linear_order_statistics_disk_backed
tasks/default,default,binding,Kd,nM,<=,binding,experimental_summary,upper_censor_bound,48,0.040000000000000001,2.3712,10,12,1000,500000,500000,23703.334166666667,99627.466488539358,990,exact_linear_order_statistics_disk_backed
tasks/default,default,binding,Kd,nM,=,binding,experimental_summary,exact_value,62334,0.01,0.070000000000000007,16.600000000000001,260,2274,100000,10000000,12617.372601304423,157475.49646233764,2257.4000000000001,exact_linear_order_statistics_disk_backed
tasks/default,default,binding,Kd,nM,=,other_bioactivity,experimental_summary,exact_value,5458,0.01,0.050119999999999998,3.9809999999999999,38.020000000000003,476.22249999999997,50000,100000,2178.662830276658,8960.7223020502715,472.24149999999997,exact_linear_order_statistics_disk_backed
tasks/default,default,binding,Kd,nM,=,pk_adme,experimental_summary,exact_value,2,9200,9308,11900,14600,17300,19892,20000,14600,5400,5400,exact_linear_order_statistics_disk_backed
tasks/default,default,binding,Kd,nM,>,binding,experimental_summary,lower_censor_bound,92372,1,1000,10000,30000,30000,30000,5000000,26293.550757729616,71643.139390405573,20000,exact_linear_order_statistics_disk_backed
tasks/default,default,binding,Kd,nM,>,other_bioactivity,experimental_summary,lower_censor_bound,333,31.620000000000001,78.820000000000007,3162.2800000000002,10000,10000,100000,100000,17776.723123123124,26903.452045673483,6837.7199999999993,exact_linear_order_statistics_disk_backed
tasks/default,default,binding,Kd,nM,>=,binding,experimental_summary,lower_censor_bound,98,5000,5000,5000,5000,5000,7100.00000000008,75000,5714.2857142857147,7034.898429854361,0,exact_linear_order_statistics_disk_backed
tasks/default,default,binding,Kd,nM,>=,other_bioactivity,experimental_summary,lower_censor_bound,1,12882.5,12882.5,12882.5,12882.5,12882.5,12882.5,12882.5,12882.5,0,0,exact_linear_order_statistics_disk_backed
tasks/default,default,binding,Kd,nM,interval,binding,experimental_summary,lower_censor_bound,55,0.20399999999999999,0.21264,1.29,5.2999999999999998,30.600000000000001,803.79680000000121,1590.0799999999999,49.519509090909089,211.82211866665796,29.310000000000002,exact_linear_order_statistics_disk_backed
tasks/default,default,binding,Kd,nM,interval,binding,experimental_summary,upper_censor_bound,55,0.23999999999999999,0.35339999999999999,2,14.4,60.5,1996.6882000000019,3186.6700000000001,104.77763636363638,439.95672534699321,58.5,exact_linear_order_statistics_disk_backed
tasks/default,default,binding,Ki,nM,<,binding,experimental_summary,upper_censor_bound,11502,0.01,0.01,3,100,500,100000,10000000,4533.875063067293,132340.3421994159,497,exact_linear_order_statistics_disk_backed
tasks/default,default,binding,Ki,nM,<,other_bioactivity,experimental_summary,upper_censor_bound,229,0.10000000000000001,0.1585,398.11000000000001,1584.8900000000001,2511.8899999999999,10000,100000,2378.9340283842794,6951.8080352860006,2113.7799999999997,exact_linear_order_statistics_disk_backed
tasks/default,default,binding,Ki,nM,<=,binding,experimental_summary,upper_censor_bound,168,0.01,0.01,10,1000,1000,100000,100000,3912.6818452380953,16561.21745617624,990,exact_linear_order_statistics_disk_backed
tasks/default,default,binding,Ki,nM,<=,other_bioactivity,experimental_summary,upper_censor_bound,1,100,100,100,100,100,100,100,100,0,0,exact_linear_order_statistics_disk_backed
tasks/default,default,binding,Ki,nM,=,binding,experimental_summary,exact_value,407926,0.01,0.059999999999999998,7.5,70,707.95000000000005,54700,10000000,2809.6240183304817,37464.947743417426,700.45000000000005,exact_linear_order_statistics_disk_backed
tasks/default,default,binding,Ki,nM,=,other_bioactivity,experimental_summary,exact_value,49818,0.01,0.31619999999999998,67.224999999999994,501.19,2511.8899999999999,64000,3100000,4066.7341995349075,32229.28420429739,2444.665,exact_linear_order_statistics_disk_backed
tasks/default,default,binding,Ki,nM,=,pk_adme,experimental_summary,exact_value,15,0.058999999999999997,0.064739999999999992,0.44,62,449.5,2858,2900,486.43126666666666,913.56195796880445,449.06,exact_linear_order_statistics_disk_backed
tasks/default,default,binding,Ki,nM,>,binding,experimental_summary,lower_censor_bound,46552,0.048000000000000001,75,1500,10000,10000,100000,2000000,19910.243963750214,59960.949595547849,8500,exact_linear_order_statistics_disk_backed
tasks/default,default,binding,Ki,nM,>,other_bioactivity,experimental_summary,lower_censor_bound,74053,1,630.96000000000004,2511.8899999999999,5011.8699999999999,7943.2799999999997,66700,100000,6443.2325717931753,9823.7578336723454,5431.3899999999994,exact_linear_order_statistics_disk_backed
tasks/default,default,binding,Ki,nM,>=,binding,experimental_summary,lower_censor_bound,455,9,99,1000,1000,10000,100000,100000,13360.740175824176,23218.502880279382,9000,exact_linear_order_statistics_disk_backed
tasks/default,default,binding,Ki,nM,>=,other_bioactivity,experimental_summary,lower_censor_bound,7,500,659.73680000000002,6581.1399999999994,15100,67000,67000,67000,32823.182857142856,29913.51984037687,60418.860000000001,exact_linear_order_statistics_disk_backed
tasks/default,default,binding,Ki,nM,interval,binding,experimental_summary,lower_censor_bound,637,0.01,0.018720000000000001,10,10,68,3642.5599999999922,17000,133.29233029827316,860.4511060702996,58,exact_linear_order_statistics_disk_backed
tasks/default,default,binding,Ki,nM,interval,binding,experimental_summary,upper_censor_bound,637,0.021999999999999999,0.055024000000000003,10.5,30,314,10000,17098,555.12392370486657,1747.2047009461444,303.5,exact_linear_order_statistics_disk_backed
tasks/default,default,binding,Ki,nM,interval,other_bioactivity,experimental_summary,lower_censor_bound,8,0.44,0.68920000000000003,10,17.5,188,975.49999999999989,1000,216.93000000000001,361.93441988846547,178,exact_linear_order_statistics_disk_backed
tasks/default,default,binding,Ki,nM,interval,other_bioactivity,experimental_summary,upper_censor_bound,8,4.4000000000000004,4.9320000000000004,15,29.5,207.75,9348.2999999999975,10000,1353.55,3275.359379900166,192.75,exact_linear_order_statistics_disk_backed
tasks/default,default,herg,IC50,class,=,herg_functional,experimental_summary,exact_value,120,0,0,1,1,1,1,1,0.79166666666666663,0.40611643103370687,0,exact_linear_order_statistics_disk_backed
tasks/default,default,herg,IC50,nM,=,herg_functional,experimental_summary,exact_value,137,0.90000000000000002,4.6160000000000005,204,3280,19952.619999999999,100000,100000,15114.485839416058,24346.152609852492,19748.619999999999,exact_linear_order_statistics_disk_backed
tasks/default,default,herg,IC50,nM,>,herg_functional,experimental_summary,lower_censor_bound,8,10000,11400,30000,30000,30750,33000,33000,28250,7013.3800695527689,750,exact_linear_order_statistics_disk_backed
tasks/default,default,other,EC50,nM,<,other_bioactivity,experimental_summary,upper_censor_bound,1066,0.01,0.050000000000000003,100,5011.8699999999999,10000,100000,100000,18978.007169005628,34455.538144481405,9900,exact_linear_order_statistics_disk_backed
tasks/default,default,other,EC50,nM,<=,other_bioactivity,experimental_summary,upper_censor_bound,12,5.7999999999999998,6.2619999999999996,10,10,3250,10000,10000,2597.1500000000001,4282.4095258977741,3240,exact_linear_order_statistics_disk_backed
tasks/default,default,other,EC50,nM,=,other_bioactivity,experimental_summary,exact_value,91936,0.01,0.050042000000000003,19.949999999999999,230,2112.3249999999998,67680,700000,3947.7342066465803,12232.479813391903,2092.375,exact_linear_order_statistics_disk_backed
tasks/default,default,other,EC50,nM,>,other_bioactivity,experimental_summary,lower_censor_bound,20202,0.050119999999999998,100,10000,20000,54669,100000,501187.22999999998,35140.612739833676,35332.354512232843,44669,exact_linear_order_statistics_disk_backed
tasks/default,default,other,EC50,nM,>=,other_bioactivity,experimental_summary,lower_censor_bound,90,10,10,762.5,10000,10000,100000,100000,23155.355777777779,33889.390477009241,9237.5,exact_linear_order_statistics_disk_backed
tasks/default,default,other,EC50,nM,interval,other_bioactivity,experimental_summary,lower_censor_bound,366,0.050000000000000003,0.050000000000000003,0.050000000000000003,0.5,35,4249.8000000000102,10000,212.54497540983604,867.30589476458715,34.950000000000003,exact_linear_order_statistics_disk_backed
tasks/default,default,other,EC50,nM,interval,other_bioactivity,experimental_summary,upper_censor_bound,366,0.089999999999999997,0.5,0.5,5,100,8536.8500000000513,26289,545.15939890710376,1968.9328955763574,99.5,exact_linear_order_statistics_disk_backed
tasks/default,default,other,IC50,nM,<,other_bioactivity,experimental_summary,upper_censor_bound,2055,0.029999999999999999,0.25,100,1000,10000,50118.720000000001,100000,4164.927001946472,8727.0921100689629,9900,exact_linear_order_statistics_disk_backed
tasks/default,default,other,IC50,nM,<=,other_bioactivity,experimental_summary,upper_censor_bound,117,6,10,1000,1000,1000,31622.779999999999,31622.779999999999,2135.1270940170939,4980.9831240619396,0,exact_linear_order_statistics_disk_backed
tasks/default,default,other,IC50,nM,=,other_bioactivity,experimental_summary,exact_value,129920,0.01,0.40000000000000002,130,2191.6800000000003,11000,84938.099999999977,250000,10387.432499153016,18376.167421404094,10870,exact_linear_order_statistics_disk_backed
tasks/default,default,other,IC50,nM,>,other_bioactivity,experimental_summary,lower_censor_bound,54570,1,1000,10000,39810.720000000001,99500,100000,500000,48916.242193696176,37863.359263789593,89500,exact_linear_order_statistics_disk_backed
tasks/default,default,other,IC50,nM,>=,other_bioactivity,experimental_summary,lower_censor_bound,154,10,700,5000,10000,24300,100000,100000,22145.462857142858,25957.904333599799,19300,exact_linear_order_statistics_disk_backed
tasks/default,default,other,IC50,nM,interval,other_bioactivity,experimental_summary,lower_censor_bound,105,0.38,1,5,9,200,19531.999999999927,20000,1174.9478095238096,3363.7482400356334,195,exact_linear_order_statistics_disk_backed
tasks/default,default,other,IC50,nM,interval,other_bioactivity,experimental_summary,upper_censor_bound,105,0.68999999999999995,2.2288000000000001,100,600,600,96399.999999999432,100000,3032.122952380952,13694.931242546216,500,exact_linear_order_statistics_disk_backed
tasks/derived_sensitivity,derived_sensitivity,binding,standard_binding_free_energy,kcal/mol,=,binding,derived,exact_value,62334,-45.397876034946158,-15.006717143376624,-10.591720381823926,-8.9813285235943496,-7.6943189256614097,-5.4569880521369534,-2.7284940260684767,-9.2397168881871572,2.1712156382116596,2.8974014561625161,exact_linear_order_statistics_disk_backed
tasks/derived_sensitivity,derived_sensitivity,binding,standard_binding_free_energy,kcal/mol,=,other_bioactivity,derived,exact_value,5458,-15.006717143376624,-14.051729142512757,-11.459685581195131,-10.109139122824569,-8.6175791377775042,-5.8676673245552493,-5.4569880521369534,-10.045995029903121,1.8992011763959511,2.8421064434176273,exact_linear_order_statistics_disk_backed
tasks/derived_sensitivity,derived_sensitivity,binding,standard_binding_free_energy,kcal/mol,=,pk_adme,derived,exact_value,2,-6.8706374135504991,-6.8660365973425233,-6.7556170083510985,-6.6405966031516979,-6.5255761979522964,-6.4151566089608716,-6.4105557927528958,-6.6405966031516979,0.23004081039879304,0.23004081039880209,exact_linear_order_statistics_disk_backed
tasks/derived_sensitivity,derived_sensitivity,herg,standard_binding_free_energy,kcal/mol,=,herg_binding,derived,exact_value,1,-7.3791239535592732,-7.3791239535592732,-7.3791239535592732,-7.3791239535592732,-7.3791239535592732,-7.3791239535592732,-7.3791239535592732,-7.3791239535592732,0,0,exact_linear_order_statistics_disk_backed
tasks/derived_sensitivity,derived_sensitivity,herg,standard_binding_free_energy,kcal/mol,=,herg_other,derived,exact_value,44,-12.764641738417216,-12.635660124667529,-10.267504892370157,-9.5497290912396693,-8.9321454292818441,-6.9661307481624144,-6.8918127201724699,-9.6374381014285877,1.3787164458426224,1.335359463088313,exact_linear_order_statistics_disk_backed
