dataset,task_id,evidence_domain,endpoint,unit,relation,assay_family,source_id,evidence_stage,development_stage,observation_kind,label_kind,inclusion_status,rows
observations,<not_applicable>,binding,Activity,%,=,binding,SRC-AF728821208AC735AEE2E0D1,preclinical_in_vitro,unknown,experimental_summary,<not_applicable>,review,2
observations,<not_applicable>,binding,EC50,nM,<,binding,SRC-AF728821208AC735AEE2E0D1,<missing>,unknown,experimental_summary,<not_applicable>,included,3790
observations,<not_applicable>,binding,EC50,nM,<,binding,SRC-AF728821208AC735AEE2E0D1,<missing>,unknown,experimental_summary,<not_applicable>,quarantined,8
observations,<not_applicable>,binding,EC50,nM,<,binding,SRC-AF728821208AC735AEE2E0D1,<missing>,unknown,experimental_summary,<not_applicable>,review,695
observations,<not_applicable>,binding,EC50,nM,<,binding,SRC-AF728821208AC735AEE2E0D1,preclinical_in_vitro,unknown,experimental_summary,<not_applicable>,included,1004
observations,<not_applicable>,binding,EC50,nM,<,binding,SRC-AF728821208AC735AEE2E0D1,preclinical_in_vitro,unknown,experimental_summary,<not_applicable>,review,35
observations,<not_applicable>,binding,EC50,nM,<=,binding,SRC-AF728821208AC735AEE2E0D1,<missing>,unknown,experimental_summary,<not_applicable>,included,36
observations,<not_applicable>,binding,EC50,nM,<=,binding,SRC-AF728821208AC735AEE2E0D1,preclinical_in_vitro,unknown,experimental_summary,<not_applicable>,included,12
observations,<not_applicable>,binding,EC50,nM,<=,binding,SRC-AF728821208AC735AEE2E0D1,preclinical_in_vitro,unknown,experimental_summary,<not_applicable>,review,2
observations,<not_applicable>,binding,EC50,nM,=,binding,SRC-AF728821208AC735AEE2E0D1,<missing>,unknown,experimental_summary,<not_applicable>,included,74733
observations,<not_applicable>,binding,EC50,nM,=,binding,SRC-AF728821208AC735AEE2E0D1,<missing>,unknown,experimental_summary,<not_applicable>,quarantined,53
observations,<not_applicable>,binding,EC50,nM,=,binding,SRC-AF728821208AC735AEE2E0D1,<missing>,unknown,experimental_summary,<not_applicable>,review,9429
observations,<not_applicable>,binding,EC50,nM,=,binding,SRC-AF728821208AC735AEE2E0D1,preclinical_in_vitro,unknown,experimental_summary,<not_applicable>,included,14986
observations,<not_applicable>,binding,EC50,nM,=,binding,SRC-AF728821208AC735AEE2E0D1,preclinical_in_vitro,unknown,experimental_summary,<not_applicable>,quarantined,41
observations,<not_applicable>,binding,EC50,nM,=,binding,SRC-AF728821208AC735AEE2E0D1,preclinical_in_vitro,unknown,experimental_summary,<not_applicable>,review,5314
observations,<not_applicable>,binding,EC50,nM,=,binding,SRC-AF728821208AC735AEE2E0D1,preclinical_in_vivo,unknown,experimental_summary,<not_applicable>,included,6
observations,<not_applicable>,binding,EC50,nM,=,pk_adme,SRC-AF728821208AC735AEE2E0D1,<missing>,unknown,experimental_summary,<not_applicable>,included,4
observations,<not_applicable>,binding,EC50,nM,>,binding,SRC-AF728821208AC735AEE2E0D1,<missing>,unknown,experimental_summary,<not_applicable>,included,12284
observations,<not_applicable>,binding,EC50,nM,>,binding,SRC-AF728821208AC735AEE2E0D1,<missing>,unknown,experimental_summary,<not_applicable>,quarantined,4
observations,<not_applicable>,binding,EC50,nM,>,binding,SRC-AF728821208AC735AEE2E0D1,<missing>,unknown,experimental_summary,<not_applicable>,review,5114
observations,<not_applicable>,binding,EC50,nM,>,binding,SRC-AF728821208AC735AEE2E0D1,preclinical_in_vitro,unknown,experimental_summary,<not_applicable>,included,2028
observations,<not_applicable>,binding,EC50,nM,>,binding,SRC-AF728821208AC735AEE2E0D1,preclinical_in_vitro,unknown,experimental_summary,<not_applicable>,quarantined,5
observations,<not_applicable>,binding,EC50,nM,>,binding,SRC-AF728821208AC735AEE2E0D1,preclinical_in_vitro,unknown,experimental_summary,<not_applicable>,review,241
observations,<not_applicable>,binding,EC50,nM,>=,binding,SRC-AF728821208AC735AEE2E0D1,<missing>,unknown,experimental_summary,<not_applicable>,included,125
observations,<not_applicable>,binding,EC50,nM,>=,binding,SRC-AF728821208AC735AEE2E0D1,<missing>,unknown,experimental_summary,<not_applicable>,review,5
observations,<not_applicable>,binding,EC50,nM,interval,binding,SRC-AF728821208AC735AEE2E0D1,<missing>,unknown,experimental_summary,<not_applicable>,included,56
observations,<not_applicable>,binding,EC50,nM,interval,binding,SRC-AF728821208AC735AEE2E0D1,<missing>,unknown,experimental_summary,<not_applicable>,review,8
observations,<not_applicable>,binding,EC50,nM,interval,binding,SRC-AF728821208AC735AEE2E0D1,preclinical_in_vitro,unknown,experimental_summary,<not_applicable>,included,10
observations,<not_applicable>,binding,EC50,nM,interval,binding,SRC-AF728821208AC735AEE2E0D1,preclinical_in_vitro,unknown,experimental_summary,<not_applicable>,review,5
observations,<not_applicable>,binding,EC50,nM,not_reported,binding,SRC-AF728821208AC735AEE2E0D1,<missing>,unknown,experimental_summary,<not_applicable>,quarantined,684
observations,<not_applicable>,binding,EC50,nM,not_reported,binding,SRC-AF728821208AC735AEE2E0D1,preclinical_in_vitro,unknown,experimental_summary,<not_applicable>,quarantined,3
observations,<not_applicable>,binding,EC50,nM,~,binding,SRC-AF728821208AC735AEE2E0D1,<missing>,unknown,experimental_summary,<not_applicable>,review,21
observations,<not_applicable>,binding,IC50,nM,<,binding,SRC-AF728821208AC735AEE2E0D1,<missing>,unknown,experimental_summary,<not_applicable>,included,72633
observations,<not_applicable>,binding,IC50,nM,<,binding,SRC-AF728821208AC735AEE2E0D1,<missing>,unknown,experimental_summary,<not_applicable>,quarantined,351
observations,<not_applicable>,binding,IC50,nM,<,binding,SRC-AF728821208AC735AEE2E0D1,<missing>,unknown,experimental_summary,<not_applicable>,review,31361
observations,<not_applicable>,binding,IC50,nM,<,binding,SRC-AF728821208AC735AEE2E0D1,preclinical_ex_vivo,unknown,experimental_summary,<not_applicable>,included,31
observations,<not_applicable>,binding,IC50,nM,<,binding,SRC-AF728821208AC735AEE2E0D1,preclinical_in_vitro,unknown,experimental_summary,<not_applicable>,included,17649
observations,<not_applicable>,binding,IC50,nM,<,binding,SRC-AF728821208AC735AEE2E0D1,preclinical_in_vitro,unknown,experimental_summary,<not_applicable>,quarantined,33
observations,<not_applicable>,binding,IC50,nM,<,binding,SRC-AF728821208AC735AEE2E0D1,preclinical_in_vitro,unknown,experimental_summary,<not_applicable>,review,3372
observations,<not_applicable>,binding,IC50,nM,<,binding,SRC-AF728821208AC735AEE2E0D1,preclinical_in_vivo,unknown,experimental_summary,<not_applicable>,included,280
observations,<not_applicable>,binding,IC50,nM,<,binding,SRC-AF728821208AC735AEE2E0D1,preclinical_in_vivo,unknown,experimental_summary,<not_applicable>,review,89
observations,<not_applicable>,binding,IC50,nM,<=,binding,SRC-AF728821208AC735AEE2E0D1,<missing>,unknown,experimental_summary,<not_applicable>,included,3031
observations,<not_applicable>,binding,IC50,nM,<=,binding,SRC-AF728821208AC735AEE2E0D1,<missing>,unknown,experimental_summary,<not_applicable>,review,185
observations,<not_applicable>,binding,IC50,nM,<=,binding,SRC-AF728821208AC735AEE2E0D1,preclinical_in_vitro,unknown,experimental_summary,<not_applicable>,included,2188
observations,<not_applicable>,binding,IC50,nM,<=,binding,SRC-AF728821208AC735AEE2E0D1,preclinical_in_vitro,unknown,experimental_summary,<not_applicable>,review,808
observations,<not_applicable>,binding,IC50,nM,=,binding,SRC-AF728821208AC735AEE2E0D1,<missing>,unknown,experimental_summary,<not_applicable>,included,857593
observations,<not_applicable>,binding,IC50,nM,=,binding,SRC-AF728821208AC735AEE2E0D1,<missing>,unknown,experimental_summary,<not_applicable>,quarantined,1225
observations,<not_applicable>,binding,IC50,nM,=,binding,SRC-AF728821208AC735AEE2E0D1,<missing>,unknown,experimental_summary,<not_applicable>,review,141816
observations,<not_applicable>,binding,IC50,nM,=,binding,SRC-AF728821208AC735AEE2E0D1,preclinical_ex_vivo,unknown,experimental_summary,<not_applicable>,included,153
observations,<not_applicable>,binding,IC50,nM,=,binding,SRC-AF728821208AC735AEE2E0D1,preclinical_ex_vivo,unknown,experimental_summary,<not_applicable>,review,60
observations,<not_applicable>,binding,IC50,nM,=,binding,SRC-AF728821208AC735AEE2E0D1,preclinical_in_vitro,unknown,experimental_summary,<not_applicable>,included,248441
observations,<not_applicable>,binding,IC50,nM,=,binding,SRC-AF728821208AC735AEE2E0D1,preclinical_in_vitro,unknown,experimental_summary,<not_applicable>,quarantined,241
observations,<not_applicable>,binding,IC50,nM,=,binding,SRC-AF728821208AC735AEE2E0D1,preclinical_in_vitro,unknown,experimental_summary,<not_applicable>,review,52318
observations,<not_applicable>,binding,IC50,nM,=,binding,SRC-AF728821208AC735AEE2E0D1,preclinical_in_vivo,unknown,experimental_summary,<not_applicable>,included,893
observations,<not_applicable>,binding,IC50,nM,=,binding,SRC-AF728821208AC735AEE2E0D1,preclinical_in_vivo,unknown,experimental_summary,<not_applicable>,review,368
observations,<not_applicable>,binding,IC50,nM,=,pk_adme,SRC-AF728821208AC735AEE2E0D1,preclinical_in_vitro,unknown,experimental_summary,<not_applicable>,included,1
observations,<not_applicable>,binding,IC50,nM,=,pk_adme,SRC-AF728821208AC735AEE2E0D1,preclinical_in_vitro,unknown,experimental_summary,<not_applicable>,review,1
observations,<not_applicable>,binding,IC50,nM,>,binding,SRC-AF728821208AC735AEE2E0D1,<missing>,unknown,experimental_summary,<not_applicable>,included,136640
observations,<not_applicable>,binding,IC50,nM,>,binding,SRC-AF728821208AC735AEE2E0D1,<missing>,unknown,experimental_summary,<not_applicable>,quarantined,109
observations,<not_applicable>,binding,IC50,nM,>,binding,SRC-AF728821208AC735AEE2E0D1,<missing>,unknown,experimental_summary,<not_applicable>,review,25485
observations,<not_applicable>,binding,IC50,nM,>,binding,SRC-AF728821208AC735AEE2E0D1,preclinical_ex_vivo,unknown,experimental_summary,<not_applicable>,included,4
observations,<not_applicable>,binding,IC50,nM,>,binding,SRC-AF728821208AC735AEE2E0D1,preclinical_ex_vivo,unknown,experimental_summary,<not_applicable>,review,131
observations,<not_applicable>,binding,IC50,nM,>,binding,SRC-AF728821208AC735AEE2E0D1,preclinical_in_vitro,unknown,experimental_summary,<not_applicable>,included,35208
observations,<not_applicable>,binding,IC50,nM,>,binding,SRC-AF728821208AC735AEE2E0D1,preclinical_in_vitro,unknown,experimental_summary,<not_applicable>,quarantined,24
observations,<not_applicable>,binding,IC50,nM,>,binding,SRC-AF728821208AC735AEE2E0D1,preclinical_in_vitro,unknown,experimental_summary,<not_applicable>,review,6325
observations,<not_applicable>,binding,IC50,nM,>,binding,SRC-AF728821208AC735AEE2E0D1,preclinical_in_vivo,unknown,experimental_summary,<not_applicable>,included,144
observations,<not_applicable>,binding,IC50,nM,>,binding,SRC-AF728821208AC735AEE2E0D1,preclinical_in_vivo,unknown,experimental_summary,<not_applicable>,quarantined,1
observations,<not_applicable>,binding,IC50,nM,>,binding,SRC-AF728821208AC735AEE2E0D1,preclinical_in_vivo,unknown,experimental_summary,<not_applicable>,review,21
observations,<not_applicable>,binding,IC50,nM,>=,binding,SRC-AF728821208AC735AEE2E0D1,<missing>,unknown,experimental_summary,<not_applicable>,included,2235
observations,<not_applicable>,binding,IC50,nM,>=,binding,SRC-AF728821208AC735AEE2E0D1,<missing>,unknown,experimental_summary,<not_applicable>,review,150
observations,<not_applicable>,binding,IC50,nM,>=,binding,SRC-AF728821208AC735AEE2E0D1,preclinical_in_vitro,unknown,experimental_summary,<not_applicable>,included,244
observations,<not_applicable>,binding,IC50,nM,>=,binding,SRC-AF728821208AC735AEE2E0D1,preclinical_in_vitro,unknown,experimental_summary,<not_applicable>,review,27
observations,<not_applicable>,binding,IC50,nM,interval,binding,SRC-AF728821208AC735AEE2E0D1,<missing>,unknown,experimental_summary,<not_applicable>,included,3669
observations,<not_applicable>,binding,IC50,nM,interval,binding,SRC-AF728821208AC735AEE2E0D1,<missing>,unknown,experimental_summary,<not_applicable>,quarantined,1
observations,<not_applicable>,binding,IC50,nM,interval,binding,SRC-AF728821208AC735AEE2E0D1,<missing>,unknown,experimental_summary,<not_applicable>,review,640
observations,<not_applicable>,binding,IC50,nM,interval,binding,SRC-AF728821208AC735AEE2E0D1,preclinical_in_vitro,unknown,experimental_summary,<not_applicable>,included,1710
observations,<not_applicable>,binding,IC50,nM,interval,binding,SRC-AF728821208AC735AEE2E0D1,preclinical_in_vitro,unknown,experimental_summary,<not_applicable>,review,25
observations,<not_applicable>,binding,IC50,nM,not_reported,binding,SRC-AF728821208AC735AEE2E0D1,<missing>,unknown,experimental_summary,<not_applicable>,quarantined,3680
observations,<not_applicable>,binding,IC50,nM,not_reported,binding,SRC-AF728821208AC735AEE2E0D1,preclinical_in_vitro,unknown,experimental_summary,<not_applicable>,quarantined,1575
observations,<not_applicable>,binding,IC50,nM,~,binding,SRC-AF728821208AC735AEE2E0D1,<missing>,unknown,experimental_summary,<not_applicable>,review,204
observations,<not_applicable>,binding,IC50,nM,~,binding,SRC-AF728821208AC735AEE2E0D1,preclinical_in_vitro,unknown,experimental_summary,<not_applicable>,review,26
observations,<not_applicable>,binding,Inhibition,%,<,binding,SRC-AF728821208AC735AEE2E0D1,preclinical_in_vitro,unknown,experimental_summary,<not_applicable>,included,2
observations,<not_applicable>,binding,Inhibition,%,=,binding,SRC-AF728821208AC735AEE2E0D1,<missing>,unknown,experimental_summary,<not_applicable>,included,3
observations,<not_applicable>,binding,Kd,nM,<,binding,SRC-AF728821208AC735AEE2E0D1,<missing>,unknown,experimental_summary,<not_applicable>,included,3338
observations,<not_applicable>,binding,Kd,nM,<,binding,SRC-AF728821208AC735AEE2E0D1,<missing>,unknown,experimental_summary,<not_applicable>,quarantined,8
observations,<not_applicable>,binding,Kd,nM,<,binding,SRC-AF728821208AC735AEE2E0D1,<missing>,unknown,experimental_summary,<not_applicable>,review,2059
observations,<not_applicable>,binding,Kd,nM,<,binding,SRC-AF728821208AC735AEE2E0D1,preclinical_in_vitro,unknown,experimental_summary,<not_applicable>,included,88
observations,<not_applicable>,binding,Kd,nM,<,binding,SRC-AF728821208AC735AEE2E0D1,preclinical_in_vitro,unknown,experimental_summary,<not_applicable>,review,6
observations,<not_applicable>,binding,Kd,nM,<,other_bioactivity,SRC-AF728821208AC735AEE2E0D1,<missing>,unknown,experimental_summary,<not_applicable>,included,26
observations,<not_applicable>,binding,Kd,nM,<=,binding,SRC-AF728821208AC735AEE2E0D1,<missing>,unknown,experimental_summary,<not_applicable>,included,33
observations,<not_applicable>,binding,Kd,nM,<=,binding,SRC-AF728821208AC735AEE2E0D1,<missing>,unknown,experimental_summary,<not_applicable>,review,1
observations,<not_applicable>,binding,Kd,nM,<=,binding,SRC-AF728821208AC735AEE2E0D1,preclinical_in_vitro,unknown,experimental_summary,<not_applicable>,included,15
observations,<not_applicable>,binding,Kd,nM,<=,binding,SRC-AF728821208AC735AEE2E0D1,preclinical_in_vitro,unknown,experimental_summary,<not_applicable>,review,4
observations,<not_applicable>,binding,Kd,nM,=,binding,SRC-AF728821208AC735AEE2E0D1,<missing>,unknown,experimental_summary,<not_applicable>,included,52340
observations,<not_applicable>,binding,Kd,nM,=,binding,SRC-AF728821208AC735AEE2E0D1,<missing>,unknown,experimental_summary,<not_applicable>,quarantined,58
observations,<not_applicable>,binding,Kd,nM,=,binding,SRC-AF728821208AC735AEE2E0D1,<missing>,unknown,experimental_summary,<not_applicable>,review,9156
observations,<not_applicable>,binding,Kd,nM,=,binding,SRC-AF728821208AC735AEE2E0D1,preclinical_in_vitro,unknown,experimental_summary,<not_applicable>,included,9179
observations,<not_applicable>,binding,Kd,nM,=,binding,SRC-AF728821208AC735AEE2E0D1,preclinical_in_vitro,unknown,experimental_summary,<not_applicable>,quarantined,3
observations,<not_applicable>,binding,Kd,nM,=,binding,SRC-AF728821208AC735AEE2E0D1,preclinical_in_vitro,unknown,experimental_summary,<not_applicable>,review,1033
observations,<not_applicable>,binding,Kd,nM,=,binding,SRC-AF728821208AC735AEE2E0D1,preclinical_in_vivo,unknown,experimental_summary,<not_applicable>,included,824
observations,<not_applicable>,binding,Kd,nM,=,binding,SRC-AF728821208AC735AEE2E0D1,preclinical_in_vivo,unknown,experimental_summary,<not_applicable>,quarantined,1
observations,<not_applicable>,binding,Kd,nM,=,binding,SRC-AF728821208AC735AEE2E0D1,preclinical_in_vivo,unknown,experimental_summary,<not_applicable>,review,28
observations,<not_applicable>,binding,Kd,nM,=,other_bioactivity,SRC-AF728821208AC735AEE2E0D1,<missing>,unknown,experimental_summary,<not_applicable>,included,4859
observations,<not_applicable>,binding,Kd,nM,=,other_bioactivity,SRC-AF728821208AC735AEE2E0D1,<missing>,unknown,experimental_summary,<not_applicable>,quarantined,1
observations,<not_applicable>,binding,Kd,nM,=,other_bioactivity,SRC-AF728821208AC735AEE2E0D1,<missing>,unknown,experimental_summary,<not_applicable>,review,278
observations,<not_applicable>,binding,Kd,nM,=,other_bioactivity,SRC-AF728821208AC735AEE2E0D1,preclinical_in_vitro,unknown,experimental_summary,<not_applicable>,included,560
observations,<not_applicable>,binding,Kd,nM,=,other_bioactivity,SRC-AF728821208AC735AEE2E0D1,preclinical_in_vitro,unknown,experimental_summary,<not_applicable>,review,56
observations,<not_applicable>,binding,Kd,nM,=,other_bioactivity,SRC-AF728821208AC735AEE2E0D1,preclinical_in_vivo,unknown,experimental_summary,<not_applicable>,included,39
observations,<not_applicable>,binding,Kd,nM,=,pk_adme,SRC-AF728821208AC735AEE2E0D1,<missing>,unknown,experimental_summary,<not_applicable>,included,2
observations,<not_applicable>,binding,Kd,nM,>,binding,SRC-AF728821208AC735AEE2E0D1,<missing>,unknown,experimental_summary,<not_applicable>,included,92057
observations,<not_applicable>,binding,Kd,nM,>,binding,SRC-AF728821208AC735AEE2E0D1,<missing>,unknown,experimental_summary,<not_applicable>,quarantined,271
observations,<not_applicable>,binding,Kd,nM,>,binding,SRC-AF728821208AC735AEE2E0D1,<missing>,unknown,experimental_summary,<not_applicable>,review,9635
observations,<not_applicable>,binding,Kd,nM,>,binding,SRC-AF728821208AC735AEE2E0D1,preclinical_in_vitro,unknown,experimental_summary,<not_applicable>,included,286
observations,<not_applicable>,binding,Kd,nM,>,binding,SRC-AF728821208AC735AEE2E0D1,preclinical_in_vitro,unknown,experimental_summary,<not_applicable>,review,108
observations,<not_applicable>,binding,Kd,nM,>,binding,SRC-AF728821208AC735AEE2E0D1,preclinical_in_vivo,unknown,experimental_summary,<not_applicable>,included,29
observations,<not_applicable>,binding,Kd,nM,>,other_bioactivity,SRC-AF728821208AC735AEE2E0D1,<missing>,unknown,experimental_summary,<not_applicable>,included,318
observations,<not_applicable>,binding,Kd,nM,>,other_bioactivity,SRC-AF728821208AC735AEE2E0D1,<missing>,unknown,experimental_summary,<not_applicable>,review,19
observations,<not_applicable>,binding,Kd,nM,>,other_bioactivity,SRC-AF728821208AC735AEE2E0D1,preclinical_in_vitro,unknown,experimental_summary,<not_applicable>,included,15
observations,<not_applicable>,binding,Kd,nM,>,other_bioactivity,SRC-AF728821208AC735AEE2E0D1,preclinical_in_vitro,unknown,experimental_summary,<not_applicable>,review,2
observations,<not_applicable>,binding,Kd,nM,>=,binding,SRC-AF728821208AC735AEE2E0D1,<missing>,unknown,experimental_summary,<not_applicable>,included,98
observations,<not_applicable>,binding,Kd,nM,>=,binding,SRC-AF728821208AC735AEE2E0D1,<missing>,unknown,experimental_summary,<not_applicable>,review,79
observations,<not_applicable>,binding,Kd,nM,>=,binding,SRC-AF728821208AC735AEE2E0D1,preclinical_in_vitro,unknown,experimental_summary,<not_applicable>,review,149
observations,<not_applicable>,binding,Kd,nM,>=,other_bioactivity,SRC-AF728821208AC735AEE2E0D1,<missing>,unknown,experimental_summary,<not_applicable>,included,1
observations,<not_applicable>,binding,Kd,nM,interval,binding,SRC-AF728821208AC735AEE2E0D1,<missing>,unknown,experimental_summary,<not_applicable>,included,40
observations,<not_applicable>,binding,Kd,nM,interval,binding,SRC-AF728821208AC735AEE2E0D1,<missing>,unknown,experimental_summary,<not_applicable>,review,17
observations,<not_applicable>,binding,Kd,nM,interval,binding,SRC-AF728821208AC735AEE2E0D1,preclinical_in_vitro,unknown,experimental_summary,<not_applicable>,included,15
observations,<not_applicable>,binding,Kd,nM,not_reported,binding,SRC-AF728821208AC735AEE2E0D1,<missing>,unknown,experimental_summary,<not_applicable>,quarantined,65
observations,<not_applicable>,binding,Kd,nM,not_reported,binding,SRC-AF728821208AC735AEE2E0D1,preclinical_in_vitro,unknown,experimental_summary,<not_applicable>,quarantined,11
observations,<not_applicable>,binding,Kd,nM,not_reported,other_bioactivity,SRC-AF728821208AC735AEE2E0D1,<missing>,unknown,experimental_summary,<not_applicable>,quarantined,1
observations,<not_applicable>,binding,Kd,nM,~,binding,SRC-AF728821208AC735AEE2E0D1,<missing>,unknown,experimental_summary,<not_applicable>,review,57
observations,<not_applicable>,binding,Kd,nM,~,binding,SRC-AF728821208AC735AEE2E0D1,preclinical_in_vitro,unknown,experimental_summary,<not_applicable>,review,5
observations,<not_applicable>,binding,Kd,nM,~,other_bioactivity,SRC-AF728821208AC735AEE2E0D1,<missing>,unknown,experimental_summary,<not_applicable>,review,8
observations,<not_applicable>,binding,Kd,nM,~,other_bioactivity,SRC-AF728821208AC735AEE2E0D1,preclinical_in_vivo,unknown,experimental_summary,<not_applicable>,review,9
observations,<not_applicable>,binding,Ki,nM,<,binding,SRC-AF728821208AC735AEE2E0D1,<missing>,unknown,experimental_summary,<not_applicable>,included,8285
observations,<not_applicable>,binding,Ki,nM,<,binding,SRC-AF728821208AC735AEE2E0D1,<missing>,unknown,experimental_summary,<not_applicable>,quarantined,13
observations,<not_applicable>,binding,Ki,nM,<,binding,SRC-AF728821208AC735AEE2E0D1,<missing>,unknown,experimental_summary,<not_applicable>,review,1498
observations,<not_applicable>,binding,Ki,nM,<,binding,SRC-AF728821208AC735AEE2E0D1,preclinical_ex_vivo,unknown,experimental_summary,<not_applicable>,included,2
observations,<not_applicable>,binding,Ki,nM,<,binding,SRC-AF728821208AC735AEE2E0D1,preclinical_in_vitro,unknown,experimental_summary,<not_applicable>,included,3215
observations,<not_applicable>,binding,Ki,nM,<,binding,SRC-AF728821208AC735AEE2E0D1,preclinical_in_vitro,unknown,experimental_summary,<not_applicable>,quarantined,3
observations,<not_applicable>,binding,Ki,nM,<,binding,SRC-AF728821208AC735AEE2E0D1,preclinical_in_vitro,unknown,experimental_summary,<not_applicable>,review,805
observations,<not_applicable>,binding,Ki,nM,<,binding,SRC-AF728821208AC735AEE2E0D1,preclinical_in_vivo,unknown,experimental_summary,<not_applicable>,review,3
observations,<not_applicable>,binding,Ki,nM,<,other_bioactivity,SRC-AF728821208AC735AEE2E0D1,<missing>,unknown,experimental_summary,<not_applicable>,included,125
observations,<not_applicable>,binding,Ki,nM,<,other_bioactivity,SRC-AF728821208AC735AEE2E0D1,<missing>,unknown,experimental_summary,<not_applicable>,review,12
observations,<not_applicable>,binding,Ki,nM,<,other_bioactivity,SRC-AF728821208AC735AEE2E0D1,preclinical_in_vitro,unknown,experimental_summary,<not_applicable>,included,104
observations,<not_applicable>,binding,Ki,nM,<=,binding,SRC-AF728821208AC735AEE2E0D1,<missing>,unknown,experimental_summary,<not_applicable>,included,156
observations,<not_applicable>,binding,Ki,nM,<=,binding,SRC-AF728821208AC735AEE2E0D1,<missing>,unknown,experimental_summary,<not_applicable>,review,62
observations,<not_applicable>,binding,Ki,nM,<=,binding,SRC-AF728821208AC735AEE2E0D1,preclinical_in_vitro,unknown,experimental_summary,<not_applicable>,included,12
observations,<not_applicable>,binding,Ki,nM,<=,binding,SRC-AF728821208AC735AEE2E0D1,preclinical_in_vitro,unknown,experimental_summary,<not_applicable>,review,6
observations,<not_applicable>,binding,Ki,nM,<=,other_bioactivity,SRC-AF728821208AC735AEE2E0D1,<missing>,unknown,experimental_summary,<not_applicable>,included,1
observations,<not_applicable>,binding,Ki,nM,<=,other_bioactivity,SRC-AF728821208AC735AEE2E0D1,<missing>,unknown,experimental_summary,<not_applicable>,review,1
observations,<not_applicable>,binding,Ki,nM,=,binding,SRC-AF728821208AC735AEE2E0D1,<missing>,unknown,experimental_summary,<not_applicable>,included,335092
observations,<not_applicable>,binding,Ki,nM,=,binding,SRC-AF728821208AC735AEE2E0D1,<missing>,unknown,experimental_summary,<not_applicable>,quarantined,555
observations,<not_applicable>,binding,Ki,nM,=,binding,SRC-AF728821208AC735AEE2E0D1,<missing>,unknown,experimental_summary,<not_applicable>,review,49652
observations,<not_applicable>,binding,Ki,nM,=,binding,SRC-AF728821208AC735AEE2E0D1,preclinical_ex_vivo,unknown,experimental_summary,<not_applicable>,included,22
observations,<not_applicable>,binding,Ki,nM,=,binding,SRC-AF728821208AC735AEE2E0D1,preclinical_in_vitro,unknown,experimental_summary,<not_applicable>,included,72572
observations,<not_applicable>,binding,Ki,nM,=,binding,SRC-AF728821208AC735AEE2E0D1,preclinical_in_vitro,unknown,experimental_summary,<not_applicable>,quarantined,167
observations,<not_applicable>,binding,Ki,nM,=,binding,SRC-AF728821208AC735AEE2E0D1,preclinical_in_vitro,unknown,experimental_summary,<not_applicable>,review,14189
observations,<not_applicable>,binding,Ki,nM,=,binding,SRC-AF728821208AC735AEE2E0D1,preclinical_in_vivo,unknown,experimental_summary,<not_applicable>,included,240
observations,<not_applicable>,binding,Ki,nM,=,binding,SRC-AF728821208AC735AEE2E0D1,preclinical_in_vivo,unknown,experimental_summary,<not_applicable>,review,52
observations,<not_applicable>,binding,Ki,nM,=,other_bioactivity,SRC-AF728821208AC735AEE2E0D1,<missing>,unknown,experimental_summary,<not_applicable>,included,47051
observations,<not_applicable>,binding,Ki,nM,=,other_bioactivity,SRC-AF728821208AC735AEE2E0D1,<missing>,unknown,experimental_summary,<not_applicable>,quarantined,6
observations,<not_applicable>,binding,Ki,nM,=,other_bioactivity,SRC-AF728821208AC735AEE2E0D1,<missing>,unknown,experimental_summary,<not_applicable>,review,1387
observations,<not_applicable>,binding,Ki,nM,=,other_bioactivity,SRC-AF728821208AC735AEE2E0D1,preclinical_in_vitro,unknown,experimental_summary,<not_applicable>,included,2755
observations,<not_applicable>,binding,Ki,nM,=,other_bioactivity,SRC-AF728821208AC735AEE2E0D1,preclinical_in_vitro,unknown,experimental_summary,<not_applicable>,review,219
observations,<not_applicable>,binding,Ki,nM,=,other_bioactivity,SRC-AF728821208AC735AEE2E0D1,preclinical_in_vivo,unknown,experimental_summary,<not_applicable>,included,12
observations,<not_applicable>,binding,Ki,nM,=,pk_adme,SRC-AF728821208AC735AEE2E0D1,<missing>,unknown,experimental_summary,<not_applicable>,included,15
observations,<not_applicable>,binding,Ki,nM,>,binding,SRC-AF728821208AC735AEE2E0D1,<missing>,unknown,experimental_summary,<not_applicable>,included,38332
observations,<not_applicable>,binding,Ki,nM,>,binding,SRC-AF728821208AC735AEE2E0D1,<missing>,unknown,experimental_summary,<not_applicable>,quarantined,24
observations,<not_applicable>,binding,Ki,nM,>,binding,SRC-AF728821208AC735AEE2E0D1,<missing>,unknown,experimental_summary,<not_applicable>,review,4877
observations,<not_applicable>,binding,Ki,nM,>,binding,SRC-AF728821208AC735AEE2E0D1,preclinical_ex_vivo,unknown,experimental_summary,<not_applicable>,included,11
observations,<not_applicable>,binding,Ki,nM,>,binding,SRC-AF728821208AC735AEE2E0D1,preclinical_in_vitro,unknown,experimental_summary,<not_applicable>,included,8191
observations,<not_applicable>,binding,Ki,nM,>,binding,SRC-AF728821208AC735AEE2E0D1,preclinical_in_vitro,unknown,experimental_summary,<not_applicable>,quarantined,10
observations,<not_applicable>,binding,Ki,nM,>,binding,SRC-AF728821208AC735AEE2E0D1,preclinical_in_vitro,unknown,experimental_summary,<not_applicable>,review,911
observations,<not_applicable>,binding,Ki,nM,>,binding,SRC-AF728821208AC735AEE2E0D1,preclinical_in_vivo,unknown,experimental_summary,<not_applicable>,included,18
observations,<not_applicable>,binding,Ki,nM,>,other_bioactivity,SRC-AF728821208AC735AEE2E0D1,<missing>,unknown,experimental_summary,<not_applicable>,included,73639
observations,<not_applicable>,binding,Ki,nM,>,other_bioactivity,SRC-AF728821208AC735AEE2E0D1,<missing>,unknown,experimental_summary,<not_applicable>,review,193
observations,<not_applicable>,binding,Ki,nM,>,other_bioactivity,SRC-AF728821208AC735AEE2E0D1,preclinical_in_vitro,unknown,experimental_summary,<not_applicable>,included,414
observations,<not_applicable>,binding,Ki,nM,>,other_bioactivity,SRC-AF728821208AC735AEE2E0D1,preclinical_in_vitro,unknown,experimental_summary,<not_applicable>,review,5
observations,<not_applicable>,binding,Ki,nM,>=,binding,SRC-AF728821208AC735AEE2E0D1,<missing>,unknown,experimental_summary,<not_applicable>,included,396
observations,<not_applicable>,binding,Ki,nM,>=,binding,SRC-AF728821208AC735AEE2E0D1,<missing>,unknown,experimental_summary,<not_applicable>,review,16
observations,<not_applicable>,binding,Ki,nM,>=,binding,SRC-AF728821208AC735AEE2E0D1,preclinical_in_vitro,unknown,experimental_summary,<not_applicable>,included,59
observations,<not_applicable>,binding,Ki,nM,>=,binding,SRC-AF728821208AC735AEE2E0D1,preclinical_in_vitro,unknown,experimental_summary,<not_applicable>,review,8
observations,<not_applicable>,binding,Ki,nM,>=,other_bioactivity,SRC-AF728821208AC735AEE2E0D1,<missing>,unknown,experimental_summary,<not_applicable>,included,6
observations,<not_applicable>,binding,Ki,nM,>=,other_bioactivity,SRC-AF728821208AC735AEE2E0D1,preclinical_in_vitro,unknown,experimental_summary,<not_applicable>,included,1
observations,<not_applicable>,binding,Ki,nM,interval,binding,SRC-AF728821208AC735AEE2E0D1,<missing>,unknown,experimental_summary,<not_applicable>,included,614
observations,<not_applicable>,binding,Ki,nM,interval,binding,SRC-AF728821208AC735AEE2E0D1,<missing>,unknown,experimental_summary,<not_applicable>,review,19
observations,<not_applicable>,binding,Ki,nM,interval,binding,SRC-AF728821208AC735AEE2E0D1,preclinical_in_vitro,unknown,experimental_summary,<not_applicable>,included,23
observations,<not_applicable>,binding,Ki,nM,interval,binding,SRC-AF728821208AC735AEE2E0D1,preclinical_in_vitro,unknown,experimental_summary,<not_applicable>,review,4
observations,<not_applicable>,binding,Ki,nM,interval,other_bioactivity,SRC-AF728821208AC735AEE2E0D1,<missing>,unknown,experimental_summary,<not_applicable>,included,5
observations,<not_applicable>,binding,Ki,nM,interval,other_bioactivity,SRC-AF728821208AC735AEE2E0D1,<missing>,unknown,experimental_summary,<not_applicable>,review,1
observations,<not_applicable>,binding,Ki,nM,interval,other_bioactivity,SRC-AF728821208AC735AEE2E0D1,preclinical_in_vitro,unknown,experimental_summary,<not_applicable>,included,3
observations,<not_applicable>,binding,Ki,nM,not_reported,binding,SRC-AF728821208AC735AEE2E0D1,<missing>,unknown,experimental_summary,<not_applicable>,quarantined,585
observations,<not_applicable>,binding,Ki,nM,not_reported,binding,SRC-AF728821208AC735AEE2E0D1,preclinical_in_vitro,unknown,experimental_summary,<not_applicable>,quarantined,99
observations,<not_applicable>,binding,Ki,nM,not_reported,other_bioactivity,SRC-AF728821208AC735AEE2E0D1,<missing>,unknown,experimental_summary,<not_applicable>,quarantined,5
observations,<not_applicable>,binding,Ki,nM,not_reported,other_bioactivity,SRC-AF728821208AC735AEE2E0D1,preclinical_in_vitro,unknown,experimental_summary,<not_applicable>,quarantined,6
observations,<not_applicable>,binding,Ki,nM,~,binding,SRC-AF728821208AC735AEE2E0D1,<missing>,unknown,experimental_summary,<not_applicable>,review,93
observations,<not_applicable>,binding,Ki,nM,~,binding,SRC-AF728821208AC735AEE2E0D1,preclinical_in_vitro,unknown,experimental_summary,<not_applicable>,review,3
observations,<not_applicable>,binding,Ki,nM,~,other_bioactivity,SRC-AF728821208AC735AEE2E0D1,<missing>,unknown,experimental_summary,<not_applicable>,review,14
observations,<not_applicable>,binding,k_off,s^-1,=,binding,SRC-AF728821208AC735AEE2E0D1,<missing>,unknown,experimental_summary,<not_applicable>,review,7
observations,<not_applicable>,binding,kon,M^-1*s^-1,=,binding,SRC-AF728821208AC735AEE2E0D1,<missing>,unknown,experimental_summary,<not_applicable>,review,7
observations,<not_applicable>,binding,standard_binding_free_energy,kcal/mol,=,binding,SRC-AF728821208AC735AEE2E0D1,<missing>,unknown,derived,<not_applicable>,included,52340
observations,<not_applicable>,binding,standard_binding_free_energy,kcal/mol,=,binding,SRC-AF728821208AC735AEE2E0D1,preclinical_in_vitro,unknown,derived,<not_applicable>,included,9179
observations,<not_applicable>,binding,standard_binding_free_energy,kcal/mol,=,binding,SRC-AF728821208AC735AEE2E0D1,preclinical_in_vivo,unknown,derived,<not_applicable>,included,824
observations,<not_applicable>,binding,standard_binding_free_energy,kcal/mol,=,other_bioactivity,SRC-AF728821208AC735AEE2E0D1,<missing>,unknown,derived,<not_applicable>,included,4859
observations,<not_applicable>,binding,standard_binding_free_energy,kcal/mol,=,other_bioactivity,SRC-AF728821208AC735AEE2E0D1,preclinical_in_vitro,unknown,derived,<not_applicable>,included,560
observations,<not_applicable>,binding,standard_binding_free_energy,kcal/mol,=,other_bioactivity,SRC-AF728821208AC735AEE2E0D1,preclinical_in_vivo,unknown,derived,<not_applicable>,included,39
observations,<not_applicable>,binding,standard_binding_free_energy,kcal/mol,=,pk_adme,SRC-AF728821208AC735AEE2E0D1,<missing>,unknown,derived,<not_applicable>,included,2
observations,<not_applicable>,herg,% Ctrl,%,=,herg_binding,SRC-AF728821208AC735AEE2E0D1,<missing>,unknown,experimental_summary,<not_applicable>,review,29
observations,<not_applicable>,herg,% of control,%,=,herg_binding,SRC-AF728821208AC735AEE2E0D1,<missing>,unknown,experimental_summary,<not_applicable>,review,2
observations,<not_applicable>,herg,% of inhibition,%,=,herg_binding,SRC-AF728821208AC735AEE2E0D1,<missing>,unknown,experimental_summary,<not_applicable>,review,2
observations,<not_applicable>,herg,% of inhibition or stimulation,%,=,herg_binding,SRC-AF728821208AC735AEE2E0D1,<missing>,unknown,experimental_summary,<not_applicable>,review,1
observations,<not_applicable>,herg,%max,%,=,herg_binding,SRC-AF728821208AC735AEE2E0D1,preclinical_in_vitro,unknown,experimental_summary,<not_applicable>,review,2
observations,<not_applicable>,herg,AC50,nM,=,herg_functional,SRC-AF728821208AC735AEE2E0D1,<missing>,unknown,experimental_summary,<not_applicable>,included,493
observations,<not_applicable>,herg,AC50,nM,=,herg_functional,SRC-AF728821208AC735AEE2E0D1,<missing>,unknown,experimental_summary,<not_applicable>,quarantined,1
observations,<not_applicable>,herg,AC50,nM,=,herg_functional,SRC-AF728821208AC735AEE2E0D1,<missing>,unknown,experimental_summary,<not_applicable>,review,3
observations,<not_applicable>,herg,AC50,nM,=,herg_other,SRC-AF728821208AC735AEE2E0D1,<missing>,unknown,experimental_summary,<not_applicable>,included,1
observations,<not_applicable>,herg,AC50,nM,>,herg_functional,SRC-AF728821208AC735AEE2E0D1,<missing>,unknown,experimental_summary,<not_applicable>,included,1309
observations,<not_applicable>,herg,AC50,nM,>,herg_functional,SRC-AF728821208AC735AEE2E0D1,<missing>,unknown,experimental_summary,<not_applicable>,quarantined,12
observations,<not_applicable>,herg,AC50,nM,>,herg_functional,SRC-AF728821208AC735AEE2E0D1,<missing>,unknown,experimental_summary,<not_applicable>,review,4
observations,<not_applicable>,herg,Activity,%,<,herg_binding,SRC-AF728821208AC735AEE2E0D1,<missing>,unknown,experimental_summary,<not_applicable>,review,4
observations,<not_applicable>,herg,Activity,%,<,herg_binding,SRC-AF728821208AC735AEE2E0D1,preclinical_in_vitro,unknown,experimental_summary,<not_applicable>,review,1
observations,<not_applicable>,herg,Activity,%,<,herg_other,SRC-AF728821208AC735AEE2E0D1,<missing>,unknown,experimental_summary,<not_applicable>,review,2
observations,<not_applicable>,herg,Activity,%,=,herg_binding,SRC-AF728821208AC735AEE2E0D1,<missing>,unknown,experimental_summary,<not_applicable>,review,163
observations,<not_applicable>,herg,Activity,%,=,herg_binding,SRC-AF728821208AC735AEE2E0D1,preclinical_in_vitro,unknown,experimental_summary,<not_applicable>,review,14
observations,<not_applicable>,herg,Activity,%,=,herg_other,SRC-AF728821208AC735AEE2E0D1,<missing>,unknown,experimental_summary,<not_applicable>,review,42
observations,<not_applicable>,herg,Activity,%,>,herg_binding,SRC-AF728821208AC735AEE2E0D1,preclinical_in_vitro,unknown,experimental_summary,<not_applicable>,review,3
observations,<not_applicable>,herg,Activity,<missing>,not_reported,herg_binding,SRC-AF728821208AC735AEE2E0D1,<missing>,unknown,experimental_summary,<not_applicable>,quarantined,131
observations,<not_applicable>,herg,Activity,<missing>,not_reported,herg_other,SRC-AF728821208AC735AEE2E0D1,<missing>,unknown,experimental_summary,<not_applicable>,quarantined,12
observations,<not_applicable>,herg,Activity,ms,=,herg_binding,SRC-AF728821208AC735AEE2E0D1,<missing>,unknown,experimental_summary,<not_applicable>,review,1
observations,<not_applicable>,herg,Activity,mv,<,herg_binding,SRC-AF728821208AC735AEE2E0D1,<missing>,unknown,experimental_summary,<not_applicable>,review,2
observations,<not_applicable>,herg,Activity,mv,=,herg_binding,SRC-AF728821208AC735AEE2E0D1,<missing>,unknown,experimental_summary,<not_applicable>,review,5
observations,<not_applicable>,herg,Activity,nM,=,herg_binding,SRC-AF728821208AC735AEE2E0D1,<missing>,unknown,experimental_summary,<not_applicable>,review,28
observations,<not_applicable>,herg,Activity,nM,=,herg_functional,SRC-AF728821208AC735AEE2E0D1,<missing>,unknown,experimental_summary,<not_applicable>,review,2
observations,<not_applicable>,herg,Activity,nM,>,herg_binding,SRC-AF728821208AC735AEE2E0D1,<missing>,unknown,experimental_summary,<not_applicable>,review,19
observations,<not_applicable>,herg,Activity,nM,>,herg_functional,SRC-AF728821208AC735AEE2E0D1,<missing>,unknown,experimental_summary,<not_applicable>,review,26
observations,<not_applicable>,herg,Activity,uM,<=,herg_binding,SRC-AF728821208AC735AEE2E0D1,<missing>,unknown,experimental_summary,<not_applicable>,review,16
observations,<not_applicable>,herg,Activity,uM,=,herg_binding,SRC-AF728821208AC735AEE2E0D1,<missing>,unknown,experimental_summary,<not_applicable>,review,61
observations,<not_applicable>,herg,Activity,uM,>,herg_binding,SRC-AF728821208AC735AEE2E0D1,<missing>,unknown,experimental_summary,<not_applicable>,review,18
observations,<not_applicable>,herg,Activity,uM,>,herg_other,SRC-AF728821208AC735AEE2E0D1,<missing>,unknown,experimental_summary,<not_applicable>,review,1
observations,<not_applicable>,herg,EC25,uM,=,herg_functional,SRC-AF728821208AC735AEE2E0D1,<missing>,unknown,experimental_summary,<not_applicable>,review,1
observations,<not_applicable>,herg,EC50,<missing>,not_reported,herg_binding,SRC-AF728821208AC735AEE2E0D1,<missing>,unknown,experimental_summary,<not_applicable>,quarantined,11
observations,<not_applicable>,herg,EC50,<missing>,not_reported,herg_functional,SRC-AF728821208AC735AEE2E0D1,<missing>,unknown,experimental_summary,<not_applicable>,quarantined,1
observations,<not_applicable>,herg,EC50,<missing>,not_reported,herg_other,SRC-AF728821208AC735AEE2E0D1,<missing>,unknown,experimental_summary,<not_applicable>,quarantined,1
observations,<not_applicable>,herg,EC50,nM,<,herg_other,SRC-AF728821208AC735AEE2E0D1,<missing>,unknown,experimental_summary,<not_applicable>,included,6
observations,<not_applicable>,herg,EC50,nM,=,herg_binding,SRC-AF728821208AC735AEE2E0D1,<missing>,unknown,experimental_summary,<not_applicable>,included,65
observations,<not_applicable>,herg,EC50,nM,=,herg_binding,SRC-AF728821208AC735AEE2E0D1,<missing>,unknown,experimental_summary,<not_applicable>,review,1
observations,<not_applicable>,herg,EC50,nM,=,herg_functional,SRC-AF728821208AC735AEE2E0D1,<missing>,unknown,experimental_summary,<not_applicable>,included,2
observations,<not_applicable>,herg,EC50,nM,=,herg_other,SRC-AF728821208AC735AEE2E0D1,<missing>,unknown,experimental_summary,<not_applicable>,included,133
observations,<not_applicable>,herg,EC50,nM,=,herg_other,SRC-AF728821208AC735AEE2E0D1,<missing>,unknown,experimental_summary,<not_applicable>,review,2
observations,<not_applicable>,herg,EC50,nM,>,herg_binding,SRC-AF728821208AC735AEE2E0D1,<missing>,unknown,experimental_summary,<not_applicable>,included,28
observations,<not_applicable>,herg,EC50,nM,>,herg_binding,SRC-AF728821208AC735AEE2E0D1,preclinical_in_vitro,unknown,experimental_summary,<not_applicable>,included,1
observations,<not_applicable>,herg,EC50,nM,>,herg_other,SRC-AF728821208AC735AEE2E0D1,<missing>,unknown,experimental_summary,<not_applicable>,included,1
observations,<not_applicable>,herg,EC50,nM,~,herg_other,SRC-AF728821208AC735AEE2E0D1,preclinical_in_vitro,unknown,experimental_summary,<not_applicable>,review,1
observations,<not_applicable>,herg,ED50,uM,=,herg_binding,SRC-AF728821208AC735AEE2E0D1,<missing>,unknown,experimental_summary,<not_applicable>,review,1
observations,<not_applicable>,herg,Emax,%,=,herg_binding,SRC-AF728821208AC735AEE2E0D1,<missing>,unknown,experimental_summary,<not_applicable>,review,1
observations,<not_applicable>,herg,FC,<missing>,=,herg_binding,SRC-AF728821208AC735AEE2E0D1,<missing>,unknown,experimental_summary,<not_applicable>,quarantined,15
observations,<not_applicable>,herg,FC,<missing>,=,herg_other,SRC-AF728821208AC735AEE2E0D1,<missing>,unknown,experimental_summary,<not_applicable>,quarantined,4
observations,<not_applicable>,herg,FC,<missing>,>,herg_binding,SRC-AF728821208AC735AEE2E0D1,<missing>,unknown,experimental_summary,<not_applicable>,quarantined,5
observations,<not_applicable>,herg,Fold change,<missing>,=,herg_binding,SRC-AF728821208AC735AEE2E0D1,<missing>,unknown,experimental_summary,<not_applicable>,quarantined,1
observations,<not_applicable>,herg,IC20,<missing>,=,herg_other,SRC-AF728821208AC735AEE2E0D1,<missing>,unknown,experimental_summary,<not_applicable>,quarantined,1
observations,<not_applicable>,herg,IC20,<missing>,not_reported,herg_binding,SRC-AF728821208AC735AEE2E0D1,<missing>,unknown,experimental_summary,<not_applicable>,quarantined,13
observations,<not_applicable>,herg,IC20,<missing>,not_reported,herg_other,SRC-AF728821208AC735AEE2E0D1,<missing>,unknown,experimental_summary,<not_applicable>,quarantined,1
observations,<not_applicable>,herg,IC20,<missing>,not_reported,herg_other,SRC-AF728821208AC735AEE2E0D1,preclinical_in_vitro,unknown,experimental_summary,<not_applicable>,quarantined,12
observations,<not_applicable>,herg,IC20,nM,<,herg_binding,SRC-AF728821208AC735AEE2E0D1,<missing>,unknown,experimental_summary,<not_applicable>,review,8
observations,<not_applicable>,herg,IC20,nM,=,herg_binding,SRC-AF728821208AC735AEE2E0D1,<missing>,unknown,experimental_summary,<not_applicable>,review,68
observations,<not_applicable>,herg,IC20,nM,=,herg_other,SRC-AF728821208AC735AEE2E0D1,<missing>,unknown,experimental_summary,<not_applicable>,review,22
observations,<not_applicable>,herg,IC20,nM,=,herg_other,SRC-AF728821208AC735AEE2E0D1,preclinical_in_vitro,unknown,experimental_summary,<not_applicable>,review,4
observations,<not_applicable>,herg,IC20,nM,>,herg_binding,SRC-AF728821208AC735AEE2E0D1,<missing>,unknown,experimental_summary,<not_applicable>,review,16
observations,<not_applicable>,herg,IC20,nM,>,herg_other,SRC-AF728821208AC735AEE2E0D1,<missing>,unknown,experimental_summary,<not_applicable>,review,13
observations,<not_applicable>,herg,IC20,nM,>,herg_other,SRC-AF728821208AC735AEE2E0D1,preclinical_in_vitro,unknown,experimental_summary,<not_applicable>,review,6
observations,<not_applicable>,herg,IC25,<missing>,=,herg_binding,SRC-AF728821208AC735AEE2E0D1,<missing>,unknown,experimental_summary,<not_applicable>,quarantined,1
observations,<not_applicable>,herg,IC25,nM,=,herg_binding,SRC-AF728821208AC735AEE2E0D1,<missing>,unknown,experimental_summary,<not_applicable>,review,8
observations,<not_applicable>,herg,IC25,nM,=,herg_other,SRC-AF728821208AC735AEE2E0D1,<missing>,unknown,experimental_summary,<not_applicable>,review,14
observations,<not_applicable>,herg,IC25,nM,>,herg_other,SRC-AF728821208AC735AEE2E0D1,<missing>,unknown,experimental_summary,<not_applicable>,review,10
observations,<not_applicable>,herg,IC5,uM,=,herg_other,SRC-AF728821208AC735AEE2E0D1,<missing>,unknown,experimental_summary,<not_applicable>,review,1
observations,<not_applicable>,herg,IC50,<missing>,=,herg_binding,SRC-AF728821208AC735AEE2E0D1,<missing>,unknown,experimental_summary,<not_applicable>,quarantined,8
observations,<not_applicable>,herg,IC50,<missing>,=,herg_other,SRC-AF728821208AC735AEE2E0D1,<missing>,unknown,experimental_summary,<not_applicable>,quarantined,2
observations,<not_applicable>,herg,IC50,<missing>,>,herg_binding,SRC-AF728821208AC735AEE2E0D1,<missing>,unknown,experimental_summary,<not_applicable>,quarantined,5
observations,<not_applicable>,herg,IC50,<missing>,interval,herg_binding,SRC-AF728821208AC735AEE2E0D1,<missing>,unknown,experimental_summary,<not_applicable>,quarantined,1
observations,<not_applicable>,herg,IC50,<missing>,not_reported,herg_binding,SRC-AF728821208AC735AEE2E0D1,<missing>,unknown,experimental_summary,<not_applicable>,quarantined,1783
observations,<not_applicable>,herg,IC50,<missing>,not_reported,herg_binding,SRC-AF728821208AC735AEE2E0D1,preclinical_in_vitro,unknown,experimental_summary,<not_applicable>,quarantined,25
observations,<not_applicable>,herg,IC50,<missing>,not_reported,herg_functional,SRC-AF728821208AC735AEE2E0D1,<missing>,unknown,experimental_summary,<not_applicable>,quarantined,4
observations,<not_applicable>,herg,IC50,<missing>,not_reported,herg_other,SRC-AF728821208AC735AEE2E0D1,<missing>,unknown,experimental_summary,<not_applicable>,quarantined,188
observations,<not_applicable>,herg,IC50,<missing>,not_reported,herg_other,SRC-AF728821208AC735AEE2E0D1,preclinical_in_vitro,unknown,experimental_summary,<not_applicable>,quarantined,15
observations,<not_applicable>,herg,IC50,nM,<,herg_binding,SRC-AF728821208AC735AEE2E0D1,<missing>,unknown,experimental_summary,<not_applicable>,included,258
observations,<not_applicable>,herg,IC50,nM,<,herg_binding,SRC-AF728821208AC735AEE2E0D1,<missing>,unknown,experimental_summary,<not_applicable>,review,2
observations,<not_applicable>,herg,IC50,nM,<,herg_binding,SRC-AF728821208AC735AEE2E0D1,preclinical_in_vitro,unknown,experimental_summary,<not_applicable>,included,10
observations,<not_applicable>,herg,IC50,nM,<,herg_other,SRC-AF728821208AC735AEE2E0D1,<missing>,unknown,experimental_summary,<not_applicable>,included,17
observations,<not_applicable>,herg,IC50,nM,<=,herg_binding,SRC-AF728821208AC735AEE2E0D1,<missing>,unknown,experimental_summary,<not_applicable>,included,4
observations,<not_applicable>,herg,IC50,nM,=,herg_binding,SRC-AF728821208AC735AEE2E0D1,<missing>,unknown,experimental_summary,<not_applicable>,included,7782
observations,<not_applicable>,herg,IC50,nM,=,herg_binding,SRC-AF728821208AC735AEE2E0D1,<missing>,unknown,experimental_summary,<not_applicable>,review,765
observations,<not_applicable>,herg,IC50,nM,=,herg_binding,SRC-AF728821208AC735AEE2E0D1,preclinical_in_vitro,unknown,experimental_summary,<not_applicable>,included,1100
observations,<not_applicable>,herg,IC50,nM,=,herg_binding,SRC-AF728821208AC735AEE2E0D1,preclinical_in_vitro,unknown,experimental_summary,<not_applicable>,quarantined,2
observations,<not_applicable>,herg,IC50,nM,=,herg_binding,SRC-AF728821208AC735AEE2E0D1,preclinical_in_vitro,unknown,experimental_summary,<not_applicable>,review,468
observations,<not_applicable>,herg,IC50,nM,=,herg_binding,SRC-AF728821208AC735AEE2E0D1,preclinical_in_vivo,unknown,experimental_summary,<not_applicable>,included,1
observations,<not_applicable>,herg,IC50,nM,=,herg_functional,SRC-AF728821208AC735AEE2E0D1,<missing>,unknown,experimental_summary,<not_applicable>,included,135
observations,<not_applicable>,herg,IC50,nM,=,herg_functional,SRC-AF728821208AC735AEE2E0D1,<missing>,unknown,experimental_summary,<not_applicable>,review,86
observations,<not_applicable>,herg,IC50,nM,=,herg_functional,SRC-AF728821208AC735AEE2E0D1,preclinical_in_vitro,unknown,experimental_summary,<not_applicable>,included,2
observations,<not_applicable>,herg,IC50,nM,=,herg_other,SRC-AF728821208AC735AEE2E0D1,<missing>,unknown,experimental_summary,<not_applicable>,included,1368
observations,<not_applicable>,herg,IC50,nM,=,herg_other,SRC-AF728821208AC735AEE2E0D1,<missing>,unknown,experimental_summary,<not_applicable>,review,130
observations,<not_applicable>,herg,IC50,nM,=,herg_other,SRC-AF728821208AC735AEE2E0D1,preclinical_in_vitro,unknown,experimental_summary,<not_applicable>,included,70
observations,<not_applicable>,herg,IC50,nM,=,herg_other,SRC-AF728821208AC735AEE2E0D1,preclinical_in_vitro,unknown,experimental_summary,<not_applicable>,review,5
observations,<not_applicable>,herg,IC50,nM,>,herg_binding,SRC-AF728821208AC735AEE2E0D1,<missing>,unknown,experimental_summary,<not_applicable>,included,3077
observations,<not_applicable>,herg,IC50,nM,>,herg_binding,SRC-AF728821208AC735AEE2E0D1,<missing>,unknown,experimental_summary,<not_applicable>,review,133
observations,<not_applicable>,herg,IC50,nM,>,herg_binding,SRC-AF728821208AC735AEE2E0D1,preclinical_in_vitro,unknown,experimental_summary,<not_applicable>,included,410
observations,<not_applicable>,herg,IC50,nM,>,herg_binding,SRC-AF728821208AC735AEE2E0D1,preclinical_in_vitro,unknown,experimental_summary,<not_applicable>,review,236
observations,<not_applicable>,herg,IC50,nM,>,herg_functional,SRC-AF728821208AC735AEE2E0D1,<missing>,unknown,experimental_summary,<not_applicable>,included,4
observations,<not_applicable>,herg,IC50,nM,>,herg_functional,SRC-AF728821208AC735AEE2E0D1,<missing>,unknown,experimental_summary,<not_applicable>,review,1
observations,<not_applicable>,herg,IC50,nM,>,herg_functional,SRC-AF728821208AC735AEE2E0D1,preclinical_in_vitro,unknown,experimental_summary,<not_applicable>,included,4
observations,<not_applicable>,herg,IC50,nM,>,herg_other,SRC-AF728821208AC735AEE2E0D1,<missing>,unknown,experimental_summary,<not_applicable>,included,807
observations,<not_applicable>,herg,IC50,nM,>,herg_other,SRC-AF728821208AC735AEE2E0D1,<missing>,unknown,experimental_summary,<not_applicable>,review,38
observations,<not_applicable>,herg,IC50,nM,>,herg_other,SRC-AF728821208AC735AEE2E0D1,preclinical_in_vitro,unknown,experimental_summary,<not_applicable>,included,45
observations,<not_applicable>,herg,IC50,nM,>,herg_other,SRC-AF728821208AC735AEE2E0D1,preclinical_in_vitro,unknown,experimental_summary,<not_applicable>,review,2
observations,<not_applicable>,herg,IC50,nM,>=,herg_binding,SRC-AF728821208AC735AEE2E0D1,<missing>,unknown,experimental_summary,<not_applicable>,included,11
observations,<not_applicable>,herg,IC50,nM,>=,herg_other,SRC-AF728821208AC735AEE2E0D1,<missing>,unknown,experimental_summary,<not_applicable>,included,2
observations,<not_applicable>,herg,IC50,nM,not_reported,herg_binding,SRC-AF728821208AC735AEE2E0D1,<missing>,unknown,experimental_summary,<not_applicable>,quarantined,21
observations,<not_applicable>,herg,IC50,nM,~,herg_functional,SRC-AF728821208AC735AEE2E0D1,<missing>,unknown,experimental_summary,<not_applicable>,review,1
observations,<not_applicable>,herg,IC50,nM,~,herg_other,SRC-AF728821208AC735AEE2E0D1,<missing>,unknown,experimental_summary,<not_applicable>,review,3
observations,<not_applicable>,herg,IC60,uM,>,herg_binding,SRC-AF728821208AC735AEE2E0D1,<missing>,unknown,experimental_summary,<not_applicable>,review,1
observations,<not_applicable>,herg,INH,nM,<,herg_binding,SRC-AF728821208AC735AEE2E0D1,<missing>,unknown,experimental_summary,<not_applicable>,review,1
observations,<not_applicable>,herg,INH,nM,=,herg_binding,SRC-AF728821208AC735AEE2E0D1,<missing>,unknown,experimental_summary,<not_applicable>,review,35
observations,<not_applicable>,herg,INH,nM,>,herg_binding,SRC-AF728821208AC735AEE2E0D1,<missing>,unknown,experimental_summary,<not_applicable>,review,3
observations,<not_applicable>,herg,INH,pM,<,herg_binding,SRC-AF728821208AC735AEE2E0D1,<missing>,unknown,experimental_summary,<not_applicable>,review,1
observations,<not_applicable>,herg,INH,uM,<,herg_other,SRC-AF728821208AC735AEE2E0D1,<missing>,unknown,experimental_summary,<not_applicable>,review,2
observations,<not_applicable>,herg,INH,uM,=,herg_binding,SRC-AF728821208AC735AEE2E0D1,<missing>,unknown,experimental_summary,<not_applicable>,review,79
observations,<not_applicable>,herg,INH,uM,=,herg_binding,SRC-AF728821208AC735AEE2E0D1,preclinical_in_vitro,unknown,experimental_summary,<not_applicable>,review,3
observations,<not_applicable>,herg,INH,uM,=,herg_other,SRC-AF728821208AC735AEE2E0D1,<missing>,unknown,experimental_summary,<not_applicable>,review,12
observations,<not_applicable>,herg,INH,uM,>,herg_binding,SRC-AF728821208AC735AEE2E0D1,<missing>,unknown,experimental_summary,<not_applicable>,review,58
observations,<not_applicable>,herg,INH,uM,>,herg_other,SRC-AF728821208AC735AEE2E0D1,<missing>,unknown,experimental_summary,<not_applicable>,review,3
observations,<not_applicable>,herg,IP,nM,=,herg_binding,SRC-AF728821208AC735AEE2E0D1,<missing>,unknown,experimental_summary,<not_applicable>,review,107
observations,<not_applicable>,herg,IP,nM,>,herg_binding,SRC-AF728821208AC735AEE2E0D1,<missing>,unknown,experimental_summary,<not_applicable>,review,5
observations,<not_applicable>,herg,Imax,%,=,herg_binding,SRC-AF728821208AC735AEE2E0D1,<missing>,unknown,experimental_summary,<not_applicable>,review,6
observations,<not_applicable>,herg,Imax,%,=,herg_other,SRC-AF728821208AC735AEE2E0D1,<missing>,unknown,experimental_summary,<not_applicable>,review,10
observations,<not_applicable>,herg,Imax,%,~,herg_other,SRC-AF728821208AC735AEE2E0D1,<missing>,unknown,experimental_summary,<not_applicable>,review,1
observations,<not_applicable>,herg,Imax,<missing>,not_reported,herg_binding,SRC-AF728821208AC735AEE2E0D1,<missing>,unknown,experimental_summary,<not_applicable>,quarantined,1
observations,<not_applicable>,herg,Inflection point,nM,=,herg_binding,SRC-AF728821208AC735AEE2E0D1,<missing>,unknown,experimental_summary,<not_applicable>,review,12
observations,<not_applicable>,herg,Inflection point,nM,>,herg_binding,SRC-AF728821208AC735AEE2E0D1,<missing>,unknown,experimental_summary,<not_applicable>,review,1
observations,<not_applicable>,herg,Inhibition,%,<,herg_binding,SRC-AF728821208AC735AEE2E0D1,<missing>,unknown,experimental_summary,<not_applicable>,included,160
observations,<not_applicable>,herg,Inhibition,%,<,herg_binding,SRC-AF728821208AC735AEE2E0D1,<missing>,unknown,experimental_summary,<not_applicable>,review,2
observations,<not_applicable>,herg,Inhibition,%,<,herg_binding,SRC-AF728821208AC735AEE2E0D1,preclinical_in_vitro,unknown,experimental_summary,<not_applicable>,included,8
observations,<not_applicable>,herg,Inhibition,%,<,herg_other,SRC-AF728821208AC735AEE2E0D1,<missing>,unknown,experimental_summary,<not_applicable>,included,51
observations,<not_applicable>,herg,Inhibition,%,<,herg_other,SRC-AF728821208AC735AEE2E0D1,preclinical_in_vitro,unknown,experimental_summary,<not_applicable>,included,5
observations,<not_applicable>,herg,Inhibition,%,<=,herg_binding,SRC-AF728821208AC735AEE2E0D1,<missing>,unknown,experimental_summary,<not_applicable>,included,1
observations,<not_applicable>,herg,Inhibition,%,<=,herg_binding,SRC-AF728821208AC735AEE2E0D1,preclinical_in_vitro,unknown,experimental_summary,<not_applicable>,included,1
observations,<not_applicable>,herg,Inhibition,%,=,herg_binding,SRC-AF728821208AC735AEE2E0D1,<missing>,unknown,experimental_summary,<not_applicable>,included,3799
observations,<not_applicable>,herg,Inhibition,%,=,herg_binding,SRC-AF728821208AC735AEE2E0D1,<missing>,unknown,experimental_summary,<not_applicable>,quarantined,1
observations,<not_applicable>,herg,Inhibition,%,=,herg_binding,SRC-AF728821208AC735AEE2E0D1,<missing>,unknown,experimental_summary,<not_applicable>,review,112
observations,<not_applicable>,herg,Inhibition,%,=,herg_binding,SRC-AF728821208AC735AEE2E0D1,preclinical_in_vitro,unknown,experimental_summary,<not_applicable>,included,282
observations,<not_applicable>,herg,Inhibition,%,=,herg_binding,SRC-AF728821208AC735AEE2E0D1,preclinical_in_vitro,unknown,experimental_summary,<not_applicable>,review,5
observations,<not_applicable>,herg,Inhibition,%,=,herg_functional,SRC-AF728821208AC735AEE2E0D1,<missing>,unknown,experimental_summary,<not_applicable>,included,798
observations,<not_applicable>,herg,Inhibition,%,=,herg_functional,SRC-AF728821208AC735AEE2E0D1,<missing>,unknown,experimental_summary,<not_applicable>,review,12
observations,<not_applicable>,herg,Inhibition,%,=,herg_other,SRC-AF728821208AC735AEE2E0D1,<missing>,unknown,experimental_summary,<not_applicable>,included,1062
observations,<not_applicable>,herg,Inhibition,%,=,herg_other,SRC-AF728821208AC735AEE2E0D1,<missing>,unknown,experimental_summary,<not_applicable>,review,43
observations,<not_applicable>,herg,Inhibition,%,=,herg_other,SRC-AF728821208AC735AEE2E0D1,preclinical_in_vitro,unknown,experimental_summary,<not_applicable>,included,100
observations,<not_applicable>,herg,Inhibition,%,=,herg_other,SRC-AF728821208AC735AEE2E0D1,preclinical_in_vitro,unknown,experimental_summary,<not_applicable>,review,2
observations,<not_applicable>,herg,Inhibition,%,>,herg_binding,SRC-AF728821208AC735AEE2E0D1,<missing>,unknown,experimental_summary,<not_applicable>,included,17
observations,<not_applicable>,herg,Inhibition,%,>,herg_binding,SRC-AF728821208AC735AEE2E0D1,preclinical_in_vitro,unknown,experimental_summary,<not_applicable>,included,3
observations,<not_applicable>,herg,Inhibition,%,>,herg_functional,SRC-AF728821208AC735AEE2E0D1,<missing>,unknown,experimental_summary,<not_applicable>,included,2
observations,<not_applicable>,herg,Inhibition,%,>,herg_other,SRC-AF728821208AC735AEE2E0D1,<missing>,unknown,experimental_summary,<not_applicable>,included,4
observations,<not_applicable>,herg,Inhibition,%,>,herg_other,SRC-AF728821208AC735AEE2E0D1,preclinical_in_vitro,unknown,experimental_summary,<not_applicable>,included,4
observations,<not_applicable>,herg,Inhibition,%,interval,herg_binding,SRC-AF728821208AC735AEE2E0D1,<missing>,unknown,experimental_summary,<not_applicable>,included,5
observations,<not_applicable>,herg,Inhibition,%,interval,herg_binding,SRC-AF728821208AC735AEE2E0D1,preclinical_in_vitro,unknown,experimental_summary,<not_applicable>,included,1
observations,<not_applicable>,herg,Inhibition,%,not_reported,herg_binding,SRC-AF728821208AC735AEE2E0D1,<missing>,unknown,experimental_summary,<not_applicable>,quarantined,981
observations,<not_applicable>,herg,Inhibition,%,not_reported,herg_binding,SRC-AF728821208AC735AEE2E0D1,preclinical_in_vitro,unknown,experimental_summary,<not_applicable>,quarantined,71
observations,<not_applicable>,herg,Inhibition,%,not_reported,herg_other,SRC-AF728821208AC735AEE2E0D1,<missing>,unknown,experimental_summary,<not_applicable>,quarantined,224
observations,<not_applicable>,herg,Inhibition,%,not_reported,herg_other,SRC-AF728821208AC735AEE2E0D1,preclinical_in_vitro,unknown,experimental_summary,<not_applicable>,quarantined,50
observations,<not_applicable>,herg,Inhibition of control,%,>,herg_binding,SRC-AF728821208AC735AEE2E0D1,<missing>,unknown,experimental_summary,<not_applicable>,review,1
observations,<not_applicable>,herg,Inhibitory activity,%,=,herg_binding,SRC-AF728821208AC735AEE2E0D1,<missing>,unknown,experimental_summary,<not_applicable>,review,5
observations,<not_applicable>,herg,K,/min,=,herg_other,SRC-AF728821208AC735AEE2E0D1,<missing>,unknown,experimental_summary,<not_applicable>,review,45
observations,<not_applicable>,herg,K,/nm/min,=,herg_other,SRC-AF728821208AC735AEE2E0D1,<missing>,unknown,experimental_summary,<not_applicable>,review,25
observations,<not_applicable>,herg,K,10'-4/nm/min,=,herg_other,SRC-AF728821208AC735AEE2E0D1,<missing>,unknown,experimental_summary,<not_applicable>,review,12
observations,<not_applicable>,herg,K,10'-5/nm/min,=,herg_other,SRC-AF728821208AC735AEE2E0D1,<missing>,unknown,experimental_summary,<not_applicable>,review,7
observations,<not_applicable>,herg,K,10'-7/nm/min,=,herg_other,SRC-AF728821208AC735AEE2E0D1,<missing>,unknown,experimental_summary,<not_applicable>,review,1
observations,<not_applicable>,herg,K,<missing>,not_reported,herg_other,SRC-AF728821208AC735AEE2E0D1,<missing>,unknown,experimental_summary,<not_applicable>,quarantined,2
observations,<not_applicable>,herg,Kd,<missing>,not_reported,herg_other,SRC-AF728821208AC735AEE2E0D1,<missing>,unknown,experimental_summary,<not_applicable>,quarantined,1
observations,<not_applicable>,herg,Kd,nM,=,herg_binding,SRC-AF728821208AC735AEE2E0D1,<missing>,unknown,experimental_summary,<not_applicable>,included,1
observations,<not_applicable>,herg,Kd,nM,=,herg_other,SRC-AF728821208AC735AEE2E0D1,<missing>,unknown,experimental_summary,<not_applicable>,included,44
observations,<not_applicable>,herg,Kd,nM,=,herg_other,SRC-AF728821208AC735AEE2E0D1,<missing>,unknown,experimental_summary,<not_applicable>,review,1
observations,<not_applicable>,herg,Ki,<missing>,not_reported,herg_binding,SRC-AF728821208AC735AEE2E0D1,<missing>,unknown,experimental_summary,<not_applicable>,quarantined,947
observations,<not_applicable>,herg,Ki,<missing>,not_reported,herg_other,SRC-AF728821208AC735AEE2E0D1,<missing>,unknown,experimental_summary,<not_applicable>,quarantined,1
observations,<not_applicable>,herg,Ki,nM,<,herg_binding,SRC-AF728821208AC735AEE2E0D1,<missing>,unknown,experimental_summary,<not_applicable>,included,1
observations,<not_applicable>,herg,Ki,nM,<,herg_binding,SRC-AF728821208AC735AEE2E0D1,preclinical_in_vitro,unknown,experimental_summary,<not_applicable>,included,33
observations,<not_applicable>,herg,Ki,nM,<,herg_binding,SRC-AF728821208AC735AEE2E0D1,preclinical_in_vitro,unknown,experimental_summary,<not_applicable>,review,33
observations,<not_applicable>,herg,Ki,nM,=,herg_binding,SRC-AF728821208AC735AEE2E0D1,<missing>,unknown,experimental_summary,<not_applicable>,included,1230
observations,<not_applicable>,herg,Ki,nM,=,herg_binding,SRC-AF728821208AC735AEE2E0D1,<missing>,unknown,experimental_summary,<not_applicable>,review,74
observations,<not_applicable>,herg,Ki,nM,=,herg_binding,SRC-AF728821208AC735AEE2E0D1,preclinical_in_vitro,unknown,experimental_summary,<not_applicable>,included,250
observations,<not_applicable>,herg,Ki,nM,=,herg_binding,SRC-AF728821208AC735AEE2E0D1,preclinical_in_vitro,unknown,experimental_summary,<not_applicable>,review,181
observations,<not_applicable>,herg,Ki,nM,=,herg_other,SRC-AF728821208AC735AEE2E0D1,<missing>,unknown,experimental_summary,<not_applicable>,included,72
observations,<not_applicable>,herg,Ki,nM,=,herg_other,SRC-AF728821208AC735AEE2E0D1,<missing>,unknown,experimental_summary,<not_applicable>,review,2
observations,<not_applicable>,herg,Ki,nM,=,herg_other,SRC-AF728821208AC735AEE2E0D1,preclinical_in_vitro,unknown,experimental_summary,<not_applicable>,included,1
observations,<not_applicable>,herg,Ki,nM,>,herg_binding,SRC-AF728821208AC735AEE2E0D1,<missing>,unknown,experimental_summary,<not_applicable>,included,363
observations,<not_applicable>,herg,Ki,nM,>,herg_binding,SRC-AF728821208AC735AEE2E0D1,<missing>,unknown,experimental_summary,<not_applicable>,review,19
observations,<not_applicable>,herg,Ki,nM,>,herg_binding,SRC-AF728821208AC735AEE2E0D1,preclinical_in_vitro,unknown,experimental_summary,<not_applicable>,included,237
observations,<not_applicable>,herg,Ki,nM,>,herg_binding,SRC-AF728821208AC735AEE2E0D1,preclinical_in_vitro,unknown,experimental_summary,<not_applicable>,review,227
observations,<not_applicable>,herg,Ki,nM,>,herg_other,SRC-AF728821208AC735AEE2E0D1,<missing>,unknown,experimental_summary,<not_applicable>,included,5
observations,<not_applicable>,herg,Ki,nM,>,herg_other,SRC-AF728821208AC735AEE2E0D1,<missing>,unknown,experimental_summary,<not_applicable>,review,2
observations,<not_applicable>,herg,Ki,nM,not_reported,herg_binding,SRC-AF728821208AC735AEE2E0D1,<missing>,unknown,experimental_summary,<not_applicable>,quarantined,4
observations,<not_applicable>,herg,Log IC50,<missing>,not_reported,herg_binding,SRC-AF728821208AC735AEE2E0D1,<missing>,unknown,experimental_summary,<not_applicable>,quarantined,6
observations,<not_applicable>,herg,Potency,nM,=,herg_functional,SRC-AF728821208AC735AEE2E0D1,<missing>,unknown,experimental_summary,<not_applicable>,included,669
observations,<not_applicable>,herg,Potency,nM,=,herg_functional,SRC-AF728821208AC735AEE2E0D1,<missing>,unknown,experimental_summary,<not_applicable>,quarantined,10
observations,<not_applicable>,herg,Ratio,<missing>,=,herg_binding,SRC-AF728821208AC735AEE2E0D1,<missing>,unknown,experimental_summary,<not_applicable>,quarantined,22
observations,<not_applicable>,herg,Ratio,<missing>,=,herg_binding,SRC-AF728821208AC735AEE2E0D1,preclinical_in_vitro,unknown,experimental_summary,<not_applicable>,quarantined,7
observations,<not_applicable>,herg,Ratio,<missing>,=,herg_other,SRC-AF728821208AC735AEE2E0D1,<missing>,unknown,experimental_summary,<not_applicable>,quarantined,2
observations,<not_applicable>,herg,Ratio IC50,<missing>,=,herg_binding,SRC-AF728821208AC735AEE2E0D1,<missing>,unknown,experimental_summary,<not_applicable>,quarantined,31
observations,<not_applicable>,herg,Ratio IC50,<missing>,=,herg_other,SRC-AF728821208AC735AEE2E0D1,<missing>,unknown,experimental_summary,<not_applicable>,quarantined,3
observations,<not_applicable>,herg,Ratio Ki,<missing>,=,herg_binding,SRC-AF728821208AC735AEE2E0D1,<missing>,unknown,experimental_summary,<not_applicable>,quarantined,6
observations,<not_applicable>,herg,TIME,h,=,herg_other,SRC-AF728821208AC735AEE2E0D1,<missing>,unknown,experimental_summary,<not_applicable>,included,50
observations,<not_applicable>,herg,Time,<missing>,not_reported,herg_other,SRC-AF728821208AC735AEE2E0D1,<missing>,unknown,experimental_summary,<not_applicable>,quarantined,1
observations,<not_applicable>,herg,V1/2,mv,=,herg_other,SRC-AF728821208AC735AEE2E0D1,<missing>,unknown,experimental_summary,<not_applicable>,review,2
observations,<not_applicable>,herg,XC50,nM,=,herg_other,SRC-AF728821208AC735AEE2E0D1,<missing>,unknown,experimental_summary,<not_applicable>,included,2
observations,<not_applicable>,herg,XC50,nM,>,herg_other,SRC-AF728821208AC735AEE2E0D1,<missing>,unknown,experimental_summary,<not_applicable>,included,2
observations,<not_applicable>,herg,delta pIC50 wt-mutant,<missing>,=,herg_binding,SRC-AF728821208AC735AEE2E0D1,preclinical_in_vitro,unknown,experimental_summary,<not_applicable>,quarantined,200
observations,<not_applicable>,herg,effect,%,=,herg_binding,SRC-AF728821208AC735AEE2E0D1,<missing>,unknown,experimental_summary,<not_applicable>,review,1
observations,<not_applicable>,herg,k_off,s^-1,=,herg_binding,SRC-AF728821208AC735AEE2E0D1,<missing>,unknown,experimental_summary,<not_applicable>,review,712
observations,<not_applicable>,herg,k_off,s^-1,=,herg_binding,SRC-AF728821208AC735AEE2E0D1,preclinical_in_vitro,unknown,experimental_summary,<not_applicable>,quarantined,2
observations,<not_applicable>,herg,k_off,s^-1,=,herg_binding,SRC-AF728821208AC735AEE2E0D1,preclinical_in_vitro,unknown,experimental_summary,<not_applicable>,review,2158
observations,<not_applicable>,herg,kon,M^-1*s^-1,=,herg_binding,SRC-AF728821208AC735AEE2E0D1,<missing>,unknown,experimental_summary,<not_applicable>,review,712
observations,<not_applicable>,herg,kon,M^-1*s^-1,=,herg_binding,SRC-AF728821208AC735AEE2E0D1,preclinical_in_vitro,unknown,experimental_summary,<not_applicable>,quarantined,2
observations,<not_applicable>,herg,kon,M^-1*s^-1,=,herg_binding,SRC-AF728821208AC735AEE2E0D1,preclinical_in_vitro,unknown,experimental_summary,<not_applicable>,review,2158
observations,<not_applicable>,herg,pIC50,<missing>,=,herg_binding,SRC-AF728821208AC735AEE2E0D1,<missing>,unknown,experimental_summary,<not_applicable>,quarantined,1
observations,<not_applicable>,herg,pIC50,<missing>,not_reported,herg_binding,SRC-AF728821208AC735AEE2E0D1,<missing>,unknown,experimental_summary,<not_applicable>,quarantined,121
observations,<not_applicable>,herg,pIC50,<missing>,not_reported,herg_functional,SRC-AF728821208AC735AEE2E0D1,<missing>,unknown,experimental_summary,<not_applicable>,quarantined,8
observations,<not_applicable>,herg,pKi,<missing>,not_reported,herg_binding,SRC-AF728821208AC735AEE2E0D1,<missing>,unknown,experimental_summary,<not_applicable>,quarantined,31
observations,<not_applicable>,herg,pXC50,M,=,herg_binding,SRC-AF728821208AC735AEE2E0D1,<missing>,unknown,experimental_summary,<not_applicable>,review,2
observations,<not_applicable>,herg,standard_binding_free_energy,kcal/mol,=,herg_binding,SRC-AF728821208AC735AEE2E0D1,<missing>,unknown,derived,<not_applicable>,included,1
observations,<not_applicable>,herg,standard_binding_free_energy,kcal/mol,=,herg_other,SRC-AF728821208AC735AEE2E0D1,<missing>,unknown,derived,<not_applicable>,included,44
observations,<not_applicable>,other,APD30,%,=,other_bioactivity,SRC-AF728821208AC735AEE2E0D1,<missing>,unknown,experimental_summary,<not_applicable>,review,3
observations,<not_applicable>,other,APD60,<missing>,=,other_bioactivity,SRC-AF728821208AC735AEE2E0D1,<missing>,unknown,experimental_summary,<not_applicable>,quarantined,42
observations,<not_applicable>,other,APD70,ms,=,other_bioactivity,SRC-AF728821208AC735AEE2E0D1,<missing>,unknown,experimental_summary,<not_applicable>,review,9
observations,<not_applicable>,other,APD75,%,=,other_bioactivity,SRC-AF728821208AC735AEE2E0D1,<missing>,unknown,experimental_summary,<not_applicable>,review,63
observations,<not_applicable>,other,APD75,ms,=,other_bioactivity,SRC-AF728821208AC735AEE2E0D1,<missing>,unknown,experimental_summary,<not_applicable>,review,6
observations,<not_applicable>,other,APD95,%,=,other_bioactivity,SRC-AF728821208AC735AEE2E0D1,<missing>,unknown,experimental_summary,<not_applicable>,review,280
observations,<not_applicable>,other,APD95,<missing>,not_reported,other_bioactivity,SRC-AF728821208AC735AEE2E0D1,<missing>,unknown,experimental_summary,<not_applicable>,quarantined,1
observations,<not_applicable>,other,APD95,ms,=,other_bioactivity,SRC-AF728821208AC735AEE2E0D1,<missing>,unknown,experimental_summary,<not_applicable>,review,17
observations,<not_applicable>,other,APD95,uM,=,other_bioactivity,SRC-AF728821208AC735AEE2E0D1,<missing>,unknown,experimental_summary,<not_applicable>,review,1
observations,<not_applicable>,other,APDc,<missing>,=,other_bioactivity,SRC-AF728821208AC735AEE2E0D1,preclinical_in_vitro,unknown,experimental_summary,<not_applicable>,quarantined,88
observations,<not_applicable>,other,APDc,<missing>,=,other_bioactivity,SRC-AF728821208AC735AEE2E0D1,preclinical_in_vitro,unknown,experimental_summary,<not_applicable>,review,10
observations,<not_applicable>,other,Absorption,%,interval,pk_adme,SRC-AF728821208AC735AEE2E0D1,<missing>,unknown,experimental_summary,<not_applicable>,review,1
observations,<not_applicable>,other,Activity,%,=,other_bioactivity,SRC-AF728821208AC735AEE2E0D1,<missing>,unknown,experimental_summary,<not_applicable>,review,52
observations,<not_applicable>,other,Activity,<missing>,not_reported,other_bioactivity,SRC-AF728821208AC735AEE2E0D1,<missing>,unknown,experimental_summary,<not_applicable>,quarantined,34
observations,<not_applicable>,other,Activity,ms,=,other_bioactivity,SRC-AF728821208AC735AEE2E0D1,<missing>,unknown,experimental_summary,<not_applicable>,review,41
observations,<not_applicable>,other,Activity,uM,=,other_bioactivity,SRC-AF728821208AC735AEE2E0D1,<missing>,unknown,experimental_summary,<not_applicable>,review,19
observations,<not_applicable>,other,Activity,uM,not_reported,other_bioactivity,SRC-AF728821208AC735AEE2E0D1,<missing>,unknown,experimental_summary,<not_applicable>,quarantined,8
observations,<not_applicable>,other,C,ng/mL,interval,pk_adme,SRC-AF728821208AC735AEE2E0D1,<missing>,unknown,experimental_summary,<not_applicable>,review,4
observations,<not_applicable>,other,C ss,ng/mL,=,pk_adme,SRC-AF728821208AC735AEE2E0D1,<missing>,unknown,experimental_summary,<not_applicable>,review,3
observations,<not_applicable>,other,C(24h),mcg/ml,=,pk_adme,SRC-AF728821208AC735AEE2E0D1,<missing>,unknown,experimental_summary,<not_applicable>,review,1
observations,<not_applicable>,other,C10APD90,uM,=,other_bioactivity,SRC-AF728821208AC735AEE2E0D1,<missing>,unknown,experimental_summary,<not_applicable>,review,5
observations,<not_applicable>,other,C20,uM,<,other_bioactivity,SRC-AF728821208AC735AEE2E0D1,<missing>,unknown,experimental_summary,<not_applicable>,review,10
observations,<not_applicable>,other,C20,uM,=,other_bioactivity,SRC-AF728821208AC735AEE2E0D1,<missing>,unknown,experimental_summary,<not_applicable>,quarantined,1
observations,<not_applicable>,other,C20,uM,=,other_bioactivity,SRC-AF728821208AC735AEE2E0D1,<missing>,unknown,experimental_summary,<not_applicable>,review,41
observations,<not_applicable>,other,C20,uM,not_reported,other_bioactivity,SRC-AF728821208AC735AEE2E0D1,<missing>,unknown,experimental_summary,<not_applicable>,quarantined,2
observations,<not_applicable>,other,C20 APD95,<missing>,not_reported,other_bioactivity,SRC-AF728821208AC735AEE2E0D1,<missing>,unknown,experimental_summary,<not_applicable>,quarantined,1
observations,<not_applicable>,other,C20 APD95,uM,<,other_bioactivity,SRC-AF728821208AC735AEE2E0D1,<missing>,unknown,experimental_summary,<not_applicable>,review,1
observations,<not_applicable>,other,C20 APD95,uM,=,other_bioactivity,SRC-AF728821208AC735AEE2E0D1,<missing>,unknown,experimental_summary,<not_applicable>,review,32
observations,<not_applicable>,other,C20 APD95,uM,not_reported,other_bioactivity,SRC-AF728821208AC735AEE2E0D1,<missing>,unknown,experimental_summary,<not_applicable>,quarantined,4
observations,<not_applicable>,other,CL(app),l/hr,=,pk_adme,SRC-AF728821208AC735AEE2E0D1,<missing>,unknown,experimental_summary,<not_applicable>,review,2
observations,<not_applicable>,other,CL/F,<missing>,=,pk_adme,SRC-AF728821208AC735AEE2E0D1,<missing>,unknown,experimental_summary,<not_applicable>,review,2
observations,<not_applicable>,other,CL/F,l/hr,=,pk_adme,SRC-AF728821208AC735AEE2E0D1,<missing>,unknown,experimental_summary,<not_applicable>,review,13
observations,<not_applicable>,other,CL/F,ml/min,=,pk_adme,SRC-AF728821208AC735AEE2E0D1,<missing>,unknown,experimental_summary,<not_applicable>,review,24
observations,<not_applicable>,other,CL/F,ml/min,interval,pk_adme,SRC-AF728821208AC735AEE2E0D1,<missing>,unknown,experimental_summary,<not_applicable>,review,4
observations,<not_applicable>,other,Cavg,ng/dl,=,pk_adme,SRC-AF728821208AC735AEE2E0D1,<missing>,unknown,experimental_summary,<not_applicable>,review,2
observations,<not_applicable>,other,Cavg,pg/ml,=,pk_adme,SRC-AF728821208AC735AEE2E0D1,<missing>,unknown,experimental_summary,<not_applicable>,review,8
observations,<not_applicable>,other,Cmin,ng/dl,=,pk_adme,SRC-AF728821208AC735AEE2E0D1,<missing>,unknown,experimental_summary,<not_applicable>,review,2
observations,<not_applicable>,other,Cmin ss,nM,=,pk_adme,SRC-AF728821208AC735AEE2E0D1,<missing>,unknown,experimental_summary,<not_applicable>,review,3
observations,<not_applicable>,other,Cmin ss,ng/mL,=,pk_adme,SRC-AF728821208AC735AEE2E0D1,<missing>,unknown,experimental_summary,<not_applicable>,review,2
observations,<not_applicable>,other,Cmin(80hr),pg/ml,=,pk_adme,SRC-AF728821208AC735AEE2E0D1,<missing>,unknown,experimental_summary,<not_applicable>,review,1
observations,<not_applicable>,other,Cmin(84hr),pg/ml,=,pk_adme,SRC-AF728821208AC735AEE2E0D1,<missing>,unknown,experimental_summary,<not_applicable>,review,4
observations,<not_applicable>,other,Compound Recovery,%,=,pk_adme,SRC-AF728821208AC735AEE2E0D1,<missing>,unknown,experimental_summary,<not_applicable>,review,2
observations,<not_applicable>,other,Creatinine_CL,ml/min,=,pk_adme,SRC-AF728821208AC735AEE2E0D1,<missing>,unknown,experimental_summary,<not_applicable>,review,4
observations,<not_applicable>,other,Css,mcg/ml,=,pk_adme,SRC-AF728821208AC735AEE2E0D1,<missing>,unknown,experimental_summary,<not_applicable>,review,3
observations,<not_applicable>,other,Css min,mcg/ml,=,pk_adme,SRC-AF728821208AC735AEE2E0D1,<missing>,unknown,experimental_summary,<not_applicable>,review,1
observations,<not_applicable>,other,Css min,ng/mL,=,pk_adme,SRC-AF728821208AC735AEE2E0D1,<missing>,unknown,experimental_summary,<not_applicable>,review,1
observations,<not_applicable>,other,Css-12w,pg/ml,=,pk_adme,SRC-AF728821208AC735AEE2E0D1,<missing>,unknown,experimental_summary,<not_applicable>,review,2
observations,<not_applicable>,other,Css-48h,pg/ml,=,pk_adme,SRC-AF728821208AC735AEE2E0D1,<missing>,unknown,experimental_summary,<not_applicable>,review,2
observations,<not_applicable>,other,Css-4w,pg/ml,=,pk_adme,SRC-AF728821208AC735AEE2E0D1,<missing>,unknown,experimental_summary,<not_applicable>,review,2
observations,<not_applicable>,other,D10,mgkg-1,>,other_bioactivity,SRC-AF728821208AC735AEE2E0D1,<missing>,unknown,experimental_summary,<not_applicable>,review,142
observations,<not_applicable>,other,Delta APD95,%,=,other_bioactivity,SRC-AF728821208AC735AEE2E0D1,<missing>,unknown,experimental_summary,<not_applicable>,review,19
observations,<not_applicable>,other,E2:E1,<missing>,=,pk_adme,SRC-AF728821208AC735AEE2E0D1,<missing>,unknown,experimental_summary,<not_applicable>,quarantined,3
observations,<not_applicable>,other,EC50,<missing>,not_reported,other_bioactivity,SRC-AF728821208AC735AEE2E0D1,<missing>,unknown,experimental_summary,<not_applicable>,quarantined,20
observations,<not_applicable>,other,EC50,nM,<,other_bioactivity,SRC-AF728821208AC735AEE2E0D1,<missing>,unknown,experimental_summary,<not_applicable>,included,889
observations,<not_applicable>,other,EC50,nM,<,other_bioactivity,SRC-AF728821208AC735AEE2E0D1,<missing>,unknown,experimental_summary,<not_applicable>,review,46
observations,<not_applicable>,other,EC50,nM,<,other_bioactivity,SRC-AF728821208AC735AEE2E0D1,preclinical_in_vitro,unknown,experimental_summary,<not_applicable>,included,189
observations,<not_applicable>,other,EC50,nM,<,other_bioactivity,SRC-AF728821208AC735AEE2E0D1,preclinical_in_vitro,unknown,experimental_summary,<not_applicable>,review,7
observations,<not_applicable>,other,EC50,nM,<=,other_bioactivity,SRC-AF728821208AC735AEE2E0D1,<missing>,unknown,experimental_summary,<not_applicable>,included,12
observations,<not_applicable>,other,EC50,nM,=,other_bioactivity,SRC-AF728821208AC735AEE2E0D1,<missing>,unknown,experimental_summary,<not_applicable>,included,78891
observations,<not_applicable>,other,EC50,nM,=,other_bioactivity,SRC-AF728821208AC735AEE2E0D1,<missing>,unknown,experimental_summary,<not_applicable>,quarantined,68
observations,<not_applicable>,other,EC50,nM,=,other_bioactivity,SRC-AF728821208AC735AEE2E0D1,<missing>,unknown,experimental_summary,<not_applicable>,review,4112
observations,<not_applicable>,other,EC50,nM,=,other_bioactivity,SRC-AF728821208AC735AEE2E0D1,preclinical_in_vitro,unknown,experimental_summary,<not_applicable>,included,13056
observations,<not_applicable>,other,EC50,nM,=,other_bioactivity,SRC-AF728821208AC735AEE2E0D1,preclinical_in_vitro,unknown,experimental_summary,<not_applicable>,quarantined,1
observations,<not_applicable>,other,EC50,nM,=,other_bioactivity,SRC-AF728821208AC735AEE2E0D1,preclinical_in_vitro,unknown,experimental_summary,<not_applicable>,review,555
observations,<not_applicable>,other,EC50,nM,=,other_bioactivity,SRC-AF728821208AC735AEE2E0D1,preclinical_in_vivo,unknown,experimental_summary,<not_applicable>,included,17
observations,<not_applicable>,other,EC50,nM,=,other_bioactivity,SRC-AF728821208AC735AEE2E0D1,preclinical_in_vivo,unknown,experimental_summary,<not_applicable>,review,2
observations,<not_applicable>,other,EC50,nM,>,other_bioactivity,SRC-AF728821208AC735AEE2E0D1,<missing>,unknown,experimental_summary,<not_applicable>,included,15287
observations,<not_applicable>,other,EC50,nM,>,other_bioactivity,SRC-AF728821208AC735AEE2E0D1,<missing>,unknown,experimental_summary,<not_applicable>,quarantined,8
observations,<not_applicable>,other,EC50,nM,>,other_bioactivity,SRC-AF728821208AC735AEE2E0D1,<missing>,unknown,experimental_summary,<not_applicable>,review,2846
observations,<not_applicable>,other,EC50,nM,>,other_bioactivity,SRC-AF728821208AC735AEE2E0D1,preclinical_in_vitro,unknown,experimental_summary,<not_applicable>,included,4915
observations,<not_applicable>,other,EC50,nM,>,other_bioactivity,SRC-AF728821208AC735AEE2E0D1,preclinical_in_vitro,unknown,experimental_summary,<not_applicable>,quarantined,11
observations,<not_applicable>,other,EC50,nM,>,other_bioactivity,SRC-AF728821208AC735AEE2E0D1,preclinical_in_vitro,unknown,experimental_summary,<not_applicable>,review,4611
observations,<not_applicable>,other,EC50,nM,>=,other_bioactivity,SRC-AF728821208AC735AEE2E0D1,<missing>,unknown,experimental_summary,<not_applicable>,included,83
observations,<not_applicable>,other,EC50,nM,>=,other_bioactivity,SRC-AF728821208AC735AEE2E0D1,preclinical_in_vitro,unknown,experimental_summary,<not_applicable>,included,7
observations,<not_applicable>,other,EC50,nM,interval,other_bioactivity,SRC-AF728821208AC735AEE2E0D1,<missing>,unknown,experimental_summary,<not_applicable>,included,288
observations,<not_applicable>,other,EC50,nM,interval,other_bioactivity,SRC-AF728821208AC735AEE2E0D1,<missing>,unknown,experimental_summary,<not_applicable>,quarantined,2
observations,<not_applicable>,other,EC50,nM,interval,other_bioactivity,SRC-AF728821208AC735AEE2E0D1,<missing>,unknown,experimental_summary,<not_applicable>,review,2
observations,<not_applicable>,other,EC50,nM,interval,other_bioactivity,SRC-AF728821208AC735AEE2E0D1,preclinical_in_vitro,unknown,experimental_summary,<not_applicable>,included,78
observations,<not_applicable>,other,EC50,nM,interval,other_bioactivity,SRC-AF728821208AC735AEE2E0D1,preclinical_in_vitro,unknown,experimental_summary,<not_applicable>,review,9
observations,<not_applicable>,other,EC50,nM,not_reported,other_bioactivity,SRC-AF728821208AC735AEE2E0D1,<missing>,unknown,experimental_summary,<not_applicable>,quarantined,46
observations,<not_applicable>,other,EC50,nM,not_reported,other_bioactivity,SRC-AF728821208AC735AEE2E0D1,preclinical_in_vitro,unknown,experimental_summary,<not_applicable>,quarantined,100
observations,<not_applicable>,other,EC50,nM,~,other_bioactivity,SRC-AF728821208AC735AEE2E0D1,<missing>,unknown,experimental_summary,<not_applicable>,review,42
observations,<not_applicable>,other,EC50,nM,~,other_bioactivity,SRC-AF728821208AC735AEE2E0D1,preclinical_in_vitro,unknown,experimental_summary,<not_applicable>,review,7
observations,<not_applicable>,other,Excretion,%,=,other_bioactivity,SRC-AF728821208AC735AEE2E0D1,<missing>,unknown,experimental_summary,<not_applicable>,review,4
observations,<not_applicable>,other,Excretion,%,=,pk_adme,SRC-AF728821208AC735AEE2E0D1,<missing>,unknown,experimental_summary,<not_applicable>,review,35
observations,<not_applicable>,other,Excretion,%,interval,pk_adme,SRC-AF728821208AC735AEE2E0D1,<missing>,unknown,experimental_summary,<not_applicable>,review,2
observations,<not_applicable>,other,FC,<missing>,=,other_bioactivity,SRC-AF728821208AC735AEE2E0D1,<missing>,unknown,experimental_summary,<not_applicable>,quarantined,54
observations,<not_applicable>,other,FC,<missing>,not_reported,other_bioactivity,SRC-AF728821208AC735AEE2E0D1,<missing>,unknown,experimental_summary,<not_applicable>,quarantined,7
observations,<not_applicable>,other,IC50,nM,<,other_bioactivity,SRC-AF728821208AC735AEE2E0D1,<missing>,unknown,experimental_summary,<not_applicable>,included,1520
observations,<not_applicable>,other,IC50,nM,<,other_bioactivity,SRC-AF728821208AC735AEE2E0D1,<missing>,unknown,experimental_summary,<not_applicable>,quarantined,3
observations,<not_applicable>,other,IC50,nM,<,other_bioactivity,SRC-AF728821208AC735AEE2E0D1,<missing>,unknown,experimental_summary,<not_applicable>,review,21
observations,<not_applicable>,other,IC50,nM,<,other_bioactivity,SRC-AF728821208AC735AEE2E0D1,preclinical_in_vitro,unknown,experimental_summary,<not_applicable>,included,535
observations,<not_applicable>,other,IC50,nM,<,other_bioactivity,SRC-AF728821208AC735AEE2E0D1,preclinical_in_vitro,unknown,experimental_summary,<not_applicable>,review,6
observations,<not_applicable>,other,IC50,nM,<=,other_bioactivity,SRC-AF728821208AC735AEE2E0D1,<missing>,unknown,experimental_summary,<not_applicable>,included,117
observations,<not_applicable>,other,IC50,nM,<=,other_bioactivity,SRC-AF728821208AC735AEE2E0D1,<missing>,unknown,experimental_summary,<not_applicable>,review,2
observations,<not_applicable>,other,IC50,nM,=,other_bioactivity,SRC-AF728821208AC735AEE2E0D1,<missing>,unknown,experimental_summary,<not_applicable>,included,113126
observations,<not_applicable>,other,IC50,nM,=,other_bioactivity,SRC-AF728821208AC735AEE2E0D1,<missing>,unknown,experimental_summary,<not_applicable>,quarantined,184
observations,<not_applicable>,other,IC50,nM,=,other_bioactivity,SRC-AF728821208AC735AEE2E0D1,<missing>,unknown,experimental_summary,<not_applicable>,review,5893
observations,<not_applicable>,other,IC50,nM,=,other_bioactivity,SRC-AF728821208AC735AEE2E0D1,preclinical_in_vitro,unknown,experimental_summary,<not_applicable>,included,16737
observations,<not_applicable>,other,IC50,nM,=,other_bioactivity,SRC-AF728821208AC735AEE2E0D1,preclinical_in_vitro,unknown,experimental_summary,<not_applicable>,quarantined,8
observations,<not_applicable>,other,IC50,nM,=,other_bioactivity,SRC-AF728821208AC735AEE2E0D1,preclinical_in_vitro,unknown,experimental_summary,<not_applicable>,review,704
observations,<not_applicable>,other,IC50,nM,=,other_bioactivity,SRC-AF728821208AC735AEE2E0D1,preclinical_in_vivo,unknown,experimental_summary,<not_applicable>,included,57
observations,<not_applicable>,other,IC50,nM,>,other_bioactivity,SRC-AF728821208AC735AEE2E0D1,<missing>,unknown,experimental_summary,<not_applicable>,included,45867
observations,<not_applicable>,other,IC50,nM,>,other_bioactivity,SRC-AF728821208AC735AEE2E0D1,<missing>,unknown,experimental_summary,<not_applicable>,quarantined,92
observations,<not_applicable>,other,IC50,nM,>,other_bioactivity,SRC-AF728821208AC735AEE2E0D1,<missing>,unknown,experimental_summary,<not_applicable>,review,4027
observations,<not_applicable>,other,IC50,nM,>,other_bioactivity,SRC-AF728821208AC735AEE2E0D1,preclinical_in_vitro,unknown,experimental_summary,<not_applicable>,included,8687
observations,<not_applicable>,other,IC50,nM,>,other_bioactivity,SRC-AF728821208AC735AEE2E0D1,preclinical_in_vitro,unknown,experimental_summary,<not_applicable>,review,295
observations,<not_applicable>,other,IC50,nM,>,other_bioactivity,SRC-AF728821208AC735AEE2E0D1,preclinical_in_vivo,unknown,experimental_summary,<not_applicable>,included,16
observations,<not_applicable>,other,IC50,nM,>=,other_bioactivity,SRC-AF728821208AC735AEE2E0D1,<missing>,unknown,experimental_summary,<not_applicable>,included,134
observations,<not_applicable>,other,IC50,nM,>=,other_bioactivity,SRC-AF728821208AC735AEE2E0D1,<missing>,unknown,experimental_summary,<not_applicable>,review,7
observations,<not_applicable>,other,IC50,nM,>=,other_bioactivity,SRC-AF728821208AC735AEE2E0D1,preclinical_in_vitro,unknown,experimental_summary,<not_applicable>,included,20
observations,<not_applicable>,other,IC50,nM,>=,other_bioactivity,SRC-AF728821208AC735AEE2E0D1,preclinical_in_vitro,unknown,experimental_summary,<not_applicable>,review,1
observations,<not_applicable>,other,IC50,nM,interval,other_bioactivity,SRC-AF728821208AC735AEE2E0D1,<missing>,unknown,experimental_summary,<not_applicable>,included,94
observations,<not_applicable>,other,IC50,nM,interval,other_bioactivity,SRC-AF728821208AC735AEE2E0D1,preclinical_in_vitro,unknown,experimental_summary,<not_applicable>,included,11
observations,<not_applicable>,other,IC50,nM,interval,other_bioactivity,SRC-AF728821208AC735AEE2E0D1,preclinical_in_vitro,unknown,experimental_summary,<not_applicable>,review,1
observations,<not_applicable>,other,IC50,nM,not_reported,other_bioactivity,SRC-AF728821208AC735AEE2E0D1,<missing>,unknown,experimental_summary,<not_applicable>,quarantined,204
observations,<not_applicable>,other,IC50,nM,not_reported,other_bioactivity,SRC-AF728821208AC735AEE2E0D1,preclinical_in_vitro,unknown,experimental_summary,<not_applicable>,quarantined,22
observations,<not_applicable>,other,IC50,nM,~,other_bioactivity,SRC-AF728821208AC735AEE2E0D1,<missing>,unknown,experimental_summary,<not_applicable>,review,29
observations,<not_applicable>,other,IC50,nM,~,other_bioactivity,SRC-AF728821208AC735AEE2E0D1,preclinical_in_vitro,unknown,experimental_summary,<not_applicable>,review,22
observations,<not_applicable>,other,Inhibition,%,=,other_bioactivity,SRC-AF728821208AC735AEE2E0D1,<missing>,unknown,experimental_summary,<not_applicable>,included,1
observations,<not_applicable>,other,Inhibition,%,=,pk_adme,SRC-AF728821208AC735AEE2E0D1,<missing>,unknown,experimental_summary,<not_applicable>,included,2
observations,<not_applicable>,other,Inhibition,%,>,other_bioactivity,SRC-AF728821208AC735AEE2E0D1,<missing>,unknown,experimental_summary,<not_applicable>,included,1
observations,<not_applicable>,other,MAPD90,ms,=,other_bioactivity,SRC-AF728821208AC735AEE2E0D1,<missing>,unknown,experimental_summary,<not_applicable>,review,20
observations,<not_applicable>,other,Protein bound,%,=,pk_adme,SRC-AF728821208AC735AEE2E0D1,<missing>,unknown,experimental_summary,<not_applicable>,review,1
observations,<not_applicable>,other,Ratio AUC,<missing>,=,other_bioactivity,SRC-AF728821208AC735AEE2E0D1,<missing>,unknown,experimental_summary,<not_applicable>,quarantined,18
observations,<not_applicable>,other,Ratio AUC,<missing>,=,pk_adme,SRC-AF728821208AC735AEE2E0D1,<missing>,unknown,experimental_summary,<not_applicable>,quarantined,1
observations,<not_applicable>,other,Ratio AUC(inf),<missing>,=,pk_adme,SRC-AF728821208AC735AEE2E0D1,<missing>,unknown,experimental_summary,<not_applicable>,quarantined,2
observations,<not_applicable>,other,Ratio Cmax,<missing>,=,other_bioactivity,SRC-AF728821208AC735AEE2E0D1,<missing>,unknown,experimental_summary,<not_applicable>,quarantined,18
observations,<not_applicable>,other,Ratio EC50,<missing>,=,other_bioactivity,SRC-AF728821208AC735AEE2E0D1,<missing>,unknown,experimental_summary,<not_applicable>,quarantined,5
observations,<not_applicable>,other,Recovery,%,interval,pk_adme,SRC-AF728821208AC735AEE2E0D1,<missing>,unknown,experimental_summary,<not_applicable>,review,1
observations,<not_applicable>,other,TIME,h,=,other_bioactivity,SRC-AF728821208AC735AEE2E0D1,<missing>,unknown,experimental_summary,<not_applicable>,included,74
observations,<not_applicable>,other,Total CL,l/hr,=,pk_adme,SRC-AF728821208AC735AEE2E0D1,<missing>,unknown,experimental_summary,<not_applicable>,review,2
observations,<not_applicable>,other,Vd app,l,=,pk_adme,SRC-AF728821208AC735AEE2E0D1,<missing>,unknown,experimental_summary,<not_applicable>,review,1
observations,<not_applicable>,other,Vd(app),l,=,pk_adme,SRC-AF728821208AC735AEE2E0D1,<missing>,unknown,experimental_summary,<not_applicable>,review,1
observations,<not_applicable>,other,Vd/F,<missing>,=,pk_adme,SRC-AF728821208AC735AEE2E0D1,<missing>,unknown,experimental_summary,<not_applicable>,review,7
observations,<not_applicable>,other,Vd/F,l,=,pk_adme,SRC-AF728821208AC735AEE2E0D1,<missing>,unknown,experimental_summary,<not_applicable>,review,18
observations,<not_applicable>,other,Vss,l,=,other_bioactivity,SRC-AF728821208AC735AEE2E0D1,<missing>,unknown,experimental_summary,<not_applicable>,review,2
observations,<not_applicable>,other,Vss,l,=,pk_adme,SRC-AF728821208AC735AEE2E0D1,<missing>,unknown,experimental_summary,<not_applicable>,review,5
observations,<not_applicable>,other,Vss,l/m2,interval,pk_adme,SRC-AF728821208AC735AEE2E0D1,<missing>,unknown,experimental_summary,<not_applicable>,review,1
observations,<not_applicable>,other,Vss/F,l,=,pk_adme,SRC-AF728821208AC735AEE2E0D1,<missing>,unknown,experimental_summary,<not_applicable>,review,1
observations,<not_applicable>,pk_adme,%,<missing>,=,pk_adme,SRC-AF728821208AC735AEE2E0D1,<missing>,unknown,experimental_summary,<not_applicable>,quarantined,1
observations,<not_applicable>,pk_adme,% bound,none,=,pk_adme,SRC-AF728821208AC735AEE2E0D1,<missing>,unknown,experimental_summary,<not_applicable>,quarantined,10
observations,<not_applicable>,pk_adme,% remaining,%,=,pk_adme,SRC-AF728821208AC735AEE2E0D1,<missing>,unknown,experimental_summary,<not_applicable>,quarantined,19
observations,<not_applicable>,pk_adme,% turnover,%,=,pk_adme,SRC-AF728821208AC735AEE2E0D1,<missing>,unknown,experimental_summary,<not_applicable>,quarantined,24
observations,<not_applicable>,pk_adme,%R,%,=,pk_adme,SRC-AF728821208AC735AEE2E0D1,<missing>,unknown,experimental_summary,<not_applicable>,quarantined,2
observations,<not_applicable>,pk_adme,-log(RatioIC50),<missing>,=,pk_adme,SRC-AF728821208AC735AEE2E0D1,<missing>,unknown,experimental_summary,<not_applicable>,quarantined,4
observations,<not_applicable>,pk_adme,A,%,=,pk_adme,SRC-AF728821208AC735AEE2E0D1,<missing>,unknown,experimental_summary,<not_applicable>,quarantined,1
observations,<not_applicable>,pk_adme,AC50,<missing>,=,pk_adme,SRC-AF728821208AC735AEE2E0D1,<missing>,unknown,experimental_summary,<not_applicable>,quarantined,5
observations,<not_applicable>,pk_adme,AC50,nM,>,pk_adme,SRC-AF728821208AC735AEE2E0D1,<missing>,unknown,experimental_summary,<not_applicable>,quarantined,1
observations,<not_applicable>,pk_adme,AUC,%,<,other_bioactivity,SRC-AF728821208AC735AEE2E0D1,<missing>,unknown,experimental_summary,<not_applicable>,quarantined,1
observations,<not_applicable>,pk_adme,AUC,%,<,other_bioactivity,SRC-AF728821208AC735AEE2E0D1,preclinical_in_vivo,unknown,experimental_summary,<not_applicable>,quarantined,2
observations,<not_applicable>,pk_adme,AUC,%,=,other_bioactivity,SRC-AF728821208AC735AEE2E0D1,<missing>,unknown,experimental_summary,<not_applicable>,quarantined,59
observations,<not_applicable>,pk_adme,AUC,%.hr,=,other_bioactivity,SRC-AF728821208AC735AEE2E0D1,<missing>,unknown,experimental_summary,<not_applicable>,quarantined,2
observations,<not_applicable>,pk_adme,AUC,%id/g/hr,=,other_bioactivity,SRC-AF728821208AC735AEE2E0D1,<missing>,unknown,experimental_summary,<not_applicable>,quarantined,24
observations,<not_applicable>,pk_adme,AUC,(umol/l).min,=,other_bioactivity,SRC-AF728821208AC735AEE2E0D1,<missing>,unknown,experimental_summary,<not_applicable>,quarantined,2
observations,<not_applicable>,pk_adme,AUC,/hr,<,other_bioactivity,SRC-AF728821208AC735AEE2E0D1,<missing>,unknown,experimental_summary,<not_applicable>,quarantined,1
observations,<not_applicable>,pk_adme,AUC,/hr,=,other_bioactivity,SRC-AF728821208AC735AEE2E0D1,<missing>,unknown,experimental_summary,<not_applicable>,quarantined,4
observations,<not_applicable>,pk_adme,AUC,0-24hr,=,other_bioactivity,SRC-AF728821208AC735AEE2E0D1,<missing>,unknown,experimental_summary,<not_applicable>,quarantined,8
observations,<not_applicable>,pk_adme,AUC,0-infinity,=,other_bioactivity,SRC-AF728821208AC735AEE2E0D1,<missing>,unknown,experimental_summary,<not_applicable>,quarantined,2
observations,<not_applicable>,pk_adme,AUC,0-tidc,=,other_bioactivity,SRC-AF728821208AC735AEE2E0D1,<missing>,unknown,experimental_summary,<not_applicable>,quarantined,2
observations,<not_applicable>,pk_adme,AUC,0-tldc,=,other_bioactivity,SRC-AF728821208AC735AEE2E0D1,<missing>,unknown,experimental_summary,<not_applicable>,quarantined,1
observations,<not_applicable>,pk_adme,AUC,10^4nm.min,=,other_bioactivity,SRC-AF728821208AC735AEE2E0D1,<missing>,unknown,experimental_summary,<not_applicable>,quarantined,4
observations,<not_applicable>,pk_adme,AUC,10^6nm,=,other_bioactivity,SRC-AF728821208AC735AEE2E0D1,<missing>,unknown,experimental_summary,<not_applicable>,quarantined,1
observations,<not_applicable>,pk_adme,AUC,<missing>,<,other_bioactivity,SRC-AF728821208AC735AEE2E0D1,<missing>,unknown,experimental_summary,<not_applicable>,quarantined,2
observations,<not_applicable>,pk_adme,AUC,<missing>,<=,other_bioactivity,SRC-AF728821208AC735AEE2E0D1,<missing>,unknown,experimental_summary,<not_applicable>,quarantined,5
observations,<not_applicable>,pk_adme,AUC,<missing>,=,binding,SRC-AF728821208AC735AEE2E0D1,<missing>,unknown,experimental_summary,<not_applicable>,quarantined,133
observations,<not_applicable>,pk_adme,AUC,<missing>,=,binding,SRC-AF728821208AC735AEE2E0D1,preclinical_in_vitro,unknown,experimental_summary,<not_applicable>,quarantined,3
observations,<not_applicable>,pk_adme,AUC,<missing>,=,other_bioactivity,SRC-AF728821208AC735AEE2E0D1,<missing>,unknown,experimental_summary,<not_applicable>,quarantined,323
observations,<not_applicable>,pk_adme,AUC,<missing>,=,other_bioactivity,SRC-AF728821208AC735AEE2E0D1,preclinical_in_vitro,unknown,experimental_summary,<not_applicable>,quarantined,57
observations,<not_applicable>,pk_adme,AUC,<missing>,=,pk_adme,SRC-AF728821208AC735AEE2E0D1,<missing>,unknown,experimental_summary,<not_applicable>,quarantined,48
observations,<not_applicable>,pk_adme,AUC,<missing>,=,pk_adme,SRC-AF728821208AC735AEE2E0D1,<missing>,unknown,experimental_summary,<not_applicable>,review,2
observations,<not_applicable>,pk_adme,AUC,<missing>,=,pk_adme,SRC-AF728821208AC735AEE2E0D1,preclinical_in_vivo,unknown,experimental_summary,<not_applicable>,quarantined,8
observations,<not_applicable>,pk_adme,AUC,<missing>,>,other_bioactivity,SRC-AF728821208AC735AEE2E0D1,<missing>,unknown,experimental_summary,<not_applicable>,quarantined,1
observations,<not_applicable>,pk_adme,AUC,<missing>,>=,other_bioactivity,SRC-AF728821208AC735AEE2E0D1,<missing>,unknown,experimental_summary,<not_applicable>,quarantined,5
observations,<not_applicable>,pk_adme,AUC,<missing>,not_reported,other_bioactivity,SRC-AF728821208AC735AEE2E0D1,<missing>,unknown,experimental_summary,<not_applicable>,quarantined,973
observations,<not_applicable>,pk_adme,AUC,<missing>,not_reported,pk_adme,SRC-AF728821208AC735AEE2E0D1,<missing>,unknown,experimental_summary,<not_applicable>,quarantined,4
observations,<not_applicable>,pk_adme,AUC,<missing>,not_reported,pk_adme,SRC-AF728821208AC735AEE2E0D1,preclinical_in_vivo,unknown,experimental_summary,<not_applicable>,quarantined,2
observations,<not_applicable>,pk_adme,AUC,au.min,=,other_bioactivity,SRC-AF728821208AC735AEE2E0D1,<missing>,unknown,experimental_summary,<not_applicable>,quarantined,22
observations,<not_applicable>,pk_adme,AUC,cm2,=,other_bioactivity,SRC-AF728821208AC735AEE2E0D1,<missing>,unknown,experimental_summary,<not_applicable>,quarantined,7
observations,<not_applicable>,pk_adme,AUC,fmol,=,other_bioactivity,SRC-AF728821208AC735AEE2E0D1,<missing>,unknown,experimental_summary,<not_applicable>,quarantined,4
observations,<not_applicable>,pk_adme,AUC,g.hr,=,other_bioactivity,SRC-AF728821208AC735AEE2E0D1,<missing>,unknown,experimental_summary,<not_applicable>,quarantined,10
observations,<not_applicable>,pk_adme,AUC,g.hr,interval,other_bioactivity,SRC-AF728821208AC735AEE2E0D1,<missing>,unknown,experimental_summary,<not_applicable>,quarantined,2
observations,<not_applicable>,pk_adme,AUC,g/hr,=,other_bioactivity,SRC-AF728821208AC735AEE2E0D1,<missing>,unknown,experimental_summary,<not_applicable>,quarantined,3
observations,<not_applicable>,pk_adme,AUC,h,=,other_bioactivity,SRC-AF728821208AC735AEE2E0D1,<missing>,unknown,experimental_summary,<not_applicable>,quarantined,12
observations,<not_applicable>,pk_adme,AUC,h,=,other_bioactivity,SRC-AF728821208AC735AEE2E0D1,preclinical_in_vivo,unknown,experimental_summary,<not_applicable>,quarantined,9
observations,<not_applicable>,pk_adme,AUC,h.fmol/millioncells,=,other_bioactivity,SRC-AF728821208AC735AEE2E0D1,<missing>,unknown,experimental_summary,<not_applicable>,quarantined,12
observations,<not_applicable>,pk_adme,AUC,hr.%id/ml,=,other_bioactivity,SRC-AF728821208AC735AEE2E0D1,<missing>,unknown,experimental_summary,<not_applicable>,quarantined,4
observations,<not_applicable>,pk_adme,AUC,hr.fmol,=,other_bioactivity,SRC-AF728821208AC735AEE2E0D1,<missing>,unknown,experimental_summary,<not_applicable>,quarantined,3
observations,<not_applicable>,pk_adme,AUC,hr.kg.ng/ml/mg,=,other_bioactivity,SRC-AF728821208AC735AEE2E0D1,<missing>,unknown,experimental_summary,<not_applicable>,quarantined,5
observations,<not_applicable>,pk_adme,AUC,hr.ng/g,=,other_bioactivity,SRC-AF728821208AC735AEE2E0D1,<missing>,unknown,experimental_summary,<not_applicable>,quarantined,116
observations,<not_applicable>,pk_adme,AUC,hr.ng/l,=,other_bioactivity,SRC-AF728821208AC735AEE2E0D1,<missing>,unknown,experimental_summary,<not_applicable>,quarantined,4
observations,<not_applicable>,pk_adme,AUC,hr.nmol/g,=,other_bioactivity,SRC-AF728821208AC735AEE2E0D1,<missing>,unknown,experimental_summary,<not_applicable>,quarantined,1
observations,<not_applicable>,pk_adme,AUC,hr.nmol/ml,=,other_bioactivity,SRC-AF728821208AC735AEE2E0D1,<missing>,unknown,experimental_summary,<not_applicable>,quarantined,4
observations,<not_applicable>,pk_adme,AUC,hr.sec,=,other_bioactivity,SRC-AF728821208AC735AEE2E0D1,<missing>,unknown,experimental_summary,<not_applicable>,quarantined,12
observations,<not_applicable>,pk_adme,AUC,hr.ug/g,=,other_bioactivity,SRC-AF728821208AC735AEE2E0D1,<missing>,unknown,experimental_summary,<not_applicable>,quarantined,2
observations,<not_applicable>,pk_adme,AUC,hr/l.kg,=,other_bioactivity,SRC-AF728821208AC735AEE2E0D1,<missing>,unknown,experimental_summary,<not_applicable>,quarantined,4
observations,<not_applicable>,pk_adme,AUC,hr/ml,=,other_bioactivity,SRC-AF728821208AC735AEE2E0D1,<missing>,unknown,experimental_summary,<not_applicable>,quarantined,13
observations,<not_applicable>,pk_adme,AUC,hr/ng.ml,=,other_bioactivity,SRC-AF728821208AC735AEE2E0D1,<missing>,unknown,experimental_summary,<not_applicable>,quarantined,2
observations,<not_applicable>,pk_adme,AUC,hr/ug/ml,=,other_bioactivity,SRC-AF728821208AC735AEE2E0D1,<missing>,unknown,experimental_summary,<not_applicable>,quarantined,8
observations,<not_applicable>,pk_adme,AUC,l/hr.kg,=,other_bioactivity,SRC-AF728821208AC735AEE2E0D1,<missing>,unknown,experimental_summary,<not_applicable>,quarantined,1
observations,<not_applicable>,pk_adme,AUC,l/hr/kg,=,other_bioactivity,SRC-AF728821208AC735AEE2E0D1,<missing>,unknown,experimental_summary,<not_applicable>,quarantined,2
observations,<not_applicable>,pk_adme,AUC,mM,=,other_bioactivity,SRC-AF728821208AC735AEE2E0D1,<missing>,unknown,experimental_summary,<not_applicable>,quarantined,3
observations,<not_applicable>,pk_adme,AUC,mg.hr,=,other_bioactivity,SRC-AF728821208AC735AEE2E0D1,<missing>,unknown,experimental_summary,<not_applicable>,quarantined,1
observations,<not_applicable>,pk_adme,AUC,mg.hr/kg,=,other_bioactivity,SRC-AF728821208AC735AEE2E0D1,<missing>,unknown,experimental_summary,<not_applicable>,quarantined,3
observations,<not_applicable>,pk_adme,AUC,mg/dl,=,other_bioactivity,SRC-AF728821208AC735AEE2E0D1,<missing>,unknown,experimental_summary,<not_applicable>,quarantined,19
observations,<not_applicable>,pk_adme,AUC,mg/dl.hr,=,other_bioactivity,SRC-AF728821208AC735AEE2E0D1,<missing>,unknown,experimental_summary,<not_applicable>,quarantined,3
observations,<not_applicable>,pk_adme,AUC,mg/l,=,other_bioactivity,SRC-AF728821208AC735AEE2E0D1,<missing>,unknown,experimental_summary,<not_applicable>,quarantined,4
observations,<not_applicable>,pk_adme,AUC,mghr-1kg-1,=,other_bioactivity,SRC-AF728821208AC735AEE2E0D1,<missing>,unknown,experimental_summary,<not_applicable>,quarantined,20
observations,<not_applicable>,pk_adme,AUC,mgkg-1,=,other_bioactivity,SRC-AF728821208AC735AEE2E0D1,<missing>,unknown,experimental_summary,<not_applicable>,quarantined,14
observations,<not_applicable>,pk_adme,AUC,mgml-1,=,other_bioactivity,SRC-AF728821208AC735AEE2E0D1,<missing>,unknown,experimental_summary,<not_applicable>,quarantined,2
observations,<not_applicable>,pk_adme,AUC,mgml-1,not_reported,other_bioactivity,SRC-AF728821208AC735AEE2E0D1,<missing>,unknown,experimental_summary,<not_applicable>,quarantined,1
observations,<not_applicable>,pk_adme,AUC,microg.hr/ml.g,=,other_bioactivity,SRC-AF728821208AC735AEE2E0D1,<missing>,unknown,experimental_summary,<not_applicable>,quarantined,4
observations,<not_applicable>,pk_adme,AUC,microm.hr'2,=,other_bioactivity,SRC-AF728821208AC735AEE2E0D1,<missing>,unknown,experimental_summary,<not_applicable>,quarantined,2
observations,<not_applicable>,pk_adme,AUC,microm.hr.kg/umol,=,other_bioactivity,SRC-AF728821208AC735AEE2E0D1,<missing>,unknown,experimental_summary,<not_applicable>,quarantined,3
observations,<not_applicable>,pk_adme,AUC,microm.hr/mg/kg,=,other_bioactivity,SRC-AF728821208AC735AEE2E0D1,<missing>,unknown,experimental_summary,<not_applicable>,quarantined,54
observations,<not_applicable>,pk_adme,AUC,microm/hr/mg,=,other_bioactivity,SRC-AF728821208AC735AEE2E0D1,<missing>,unknown,experimental_summary,<not_applicable>,quarantined,7
observations,<not_applicable>,pk_adme,AUC,microm/l.hr,=,other_bioactivity,SRC-AF728821208AC735AEE2E0D1,<missing>,unknown,experimental_summary,<not_applicable>,quarantined,11
observations,<not_applicable>,pk_adme,AUC,microm/mg/kg,=,other_bioactivity,SRC-AF728821208AC735AEE2E0D1,<missing>,unknown,experimental_summary,<not_applicable>,quarantined,3
observations,<not_applicable>,pk_adme,AUC,micromol.hr/l/mg/kg,=,other_bioactivity,SRC-AF728821208AC735AEE2E0D1,<missing>,unknown,experimental_summary,<not_applicable>,quarantined,9
observations,<not_applicable>,pk_adme,AUC,min,=,other_bioactivity,SRC-AF728821208AC735AEE2E0D1,<missing>,unknown,experimental_summary,<not_applicable>,quarantined,7
observations,<not_applicable>,pk_adme,AUC,min.g.nm/mg,=,other_bioactivity,SRC-AF728821208AC735AEE2E0D1,<missing>,unknown,experimental_summary,<not_applicable>,quarantined,18
observations,<not_applicable>,pk_adme,AUC,min.ng/g,=,other_bioactivity,SRC-AF728821208AC735AEE2E0D1,<missing>,unknown,experimental_summary,<not_applicable>,quarantined,1
observations,<not_applicable>,pk_adme,AUC,min.sec,=,other_bioactivity,SRC-AF728821208AC735AEE2E0D1,<missing>,unknown,experimental_summary,<not_applicable>,quarantined,5
observations,<not_applicable>,pk_adme,AUC,ml/min.kg,=,other_bioactivity,SRC-AF728821208AC735AEE2E0D1,<missing>,unknown,experimental_summary,<not_applicable>,quarantined,5
observations,<not_applicable>,pk_adme,AUC,ml/min.kg,=,pk_adme,SRC-AF728821208AC735AEE2E0D1,<missing>,unknown,experimental_summary,<not_applicable>,quarantined,2
observations,<not_applicable>,pk_adme,AUC,mm.min,=,other_bioactivity,SRC-AF728821208AC735AEE2E0D1,<missing>,unknown,experimental_summary,<not_applicable>,quarantined,7
observations,<not_applicable>,pk_adme,AUC,mmhg,=,other_bioactivity,SRC-AF728821208AC735AEE2E0D1,<missing>,unknown,experimental_summary,<not_applicable>,quarantined,2
observations,<not_applicable>,pk_adme,AUC,mmhg.day,=,other_bioactivity,SRC-AF728821208AC735AEE2E0D1,<missing>,unknown,experimental_summary,<not_applicable>,quarantined,2
observations,<not_applicable>,pk_adme,AUC,mmhg.hr,=,other_bioactivity,SRC-AF728821208AC735AEE2E0D1,<missing>,unknown,experimental_summary,<not_applicable>,quarantined,11
observations,<not_applicable>,pk_adme,AUC,mmhghr-1,=,other_bioactivity,SRC-AF728821208AC735AEE2E0D1,<missing>,unknown,experimental_summary,<not_applicable>,quarantined,19
observations,<not_applicable>,pk_adme,AUC,mumindl-1,=,other_bioactivity,SRC-AF728821208AC735AEE2E0D1,<missing>,unknown,experimental_summary,<not_applicable>,quarantined,2
observations,<not_applicable>,pk_adme,AUC,nM,=,other_bioactivity,SRC-AF728821208AC735AEE2E0D1,<missing>,unknown,experimental_summary,<not_applicable>,quarantined,30
observations,<not_applicable>,pk_adme,AUC,nM,not_reported,pk_adme,SRC-AF728821208AC735AEE2E0D1,<missing>,unknown,experimental_summary,<not_applicable>,quarantined,1
observations,<not_applicable>,pk_adme,AUC,nM,~,other_bioactivity,SRC-AF728821208AC735AEE2E0D1,<missing>,unknown,experimental_summary,<not_applicable>,quarantined,2
observations,<not_applicable>,pk_adme,AUC,nM,~,pk_adme,SRC-AF728821208AC735AEE2E0D1,<missing>,unknown,experimental_summary,<not_applicable>,quarantined,1
observations,<not_applicable>,pk_adme,AUC,ng,=,other_bioactivity,SRC-AF728821208AC735AEE2E0D1,<missing>,unknown,experimental_summary,<not_applicable>,quarantined,3
observations,<not_applicable>,pk_adme,AUC,ng*h/mL,<,other_bioactivity,SRC-AF728821208AC735AEE2E0D1,<missing>,unknown,experimental_summary,<not_applicable>,included,44
observations,<not_applicable>,pk_adme,AUC,ng*h/mL,<,other_bioactivity,SRC-AF728821208AC735AEE2E0D1,<missing>,unknown,experimental_summary,<not_applicable>,quarantined,49
observations,<not_applicable>,pk_adme,AUC,ng*h/mL,<,other_bioactivity,SRC-AF728821208AC735AEE2E0D1,<missing>,unknown,experimental_summary,<not_applicable>,review,6
observations,<not_applicable>,pk_adme,AUC,ng*h/mL,<,pk_adme,SRC-AF728821208AC735AEE2E0D1,<missing>,unknown,experimental_summary,<not_applicable>,quarantined,1
observations,<not_applicable>,pk_adme,AUC,ng*h/mL,<=,other_bioactivity,SRC-AF728821208AC735AEE2E0D1,<missing>,unknown,experimental_summary,<not_applicable>,included,1
observations,<not_applicable>,pk_adme,AUC,ng*h/mL,<=,other_bioactivity,SRC-AF728821208AC735AEE2E0D1,<missing>,unknown,experimental_summary,<not_applicable>,quarantined,2
observations,<not_applicable>,pk_adme,AUC,ng*h/mL,=,binding,SRC-AF728821208AC735AEE2E0D1,<missing>,unknown,experimental_summary,<not_applicable>,quarantined,6
observations,<not_applicable>,pk_adme,AUC,ng*h/mL,=,other_bioactivity,SRC-AF728821208AC735AEE2E0D1,<missing>,unknown,experimental_summary,<not_applicable>,included,17497
observations,<not_applicable>,pk_adme,AUC,ng*h/mL,=,other_bioactivity,SRC-AF728821208AC735AEE2E0D1,<missing>,unknown,experimental_summary,<not_applicable>,quarantined,21619
observations,<not_applicable>,pk_adme,AUC,ng*h/mL,=,other_bioactivity,SRC-AF728821208AC735AEE2E0D1,<missing>,unknown,experimental_summary,<not_applicable>,review,502
observations,<not_applicable>,pk_adme,AUC,ng*h/mL,=,other_bioactivity,SRC-AF728821208AC735AEE2E0D1,preclinical_in_vitro,unknown,experimental_summary,<not_applicable>,quarantined,1
observations,<not_applicable>,pk_adme,AUC,ng*h/mL,=,other_bioactivity,SRC-AF728821208AC735AEE2E0D1,preclinical_in_vivo,unknown,experimental_summary,<not_applicable>,included,35
observations,<not_applicable>,pk_adme,AUC,ng*h/mL,=,other_bioactivity,SRC-AF728821208AC735AEE2E0D1,preclinical_in_vivo,unknown,experimental_summary,<not_applicable>,quarantined,109
observations,<not_applicable>,pk_adme,AUC,ng*h/mL,=,pk_adme,SRC-AF728821208AC735AEE2E0D1,<missing>,unknown,experimental_summary,<not_applicable>,included,101
observations,<not_applicable>,pk_adme,AUC,ng*h/mL,=,pk_adme,SRC-AF728821208AC735AEE2E0D1,<missing>,unknown,experimental_summary,<not_applicable>,quarantined,443
observations,<not_applicable>,pk_adme,AUC,ng*h/mL,=,pk_adme,SRC-AF728821208AC735AEE2E0D1,<missing>,unknown,experimental_summary,<not_applicable>,review,3
observations,<not_applicable>,pk_adme,AUC,ng*h/mL,=,pk_adme,SRC-AF728821208AC735AEE2E0D1,preclinical_in_vivo,unknown,experimental_summary,<not_applicable>,quarantined,6
observations,<not_applicable>,pk_adme,AUC,ng*h/mL,>,other_bioactivity,SRC-AF728821208AC735AEE2E0D1,<missing>,unknown,experimental_summary,<not_applicable>,included,22
observations,<not_applicable>,pk_adme,AUC,ng*h/mL,>,other_bioactivity,SRC-AF728821208AC735AEE2E0D1,<missing>,unknown,experimental_summary,<not_applicable>,quarantined,33
observations,<not_applicable>,pk_adme,AUC,ng*h/mL,interval,other_bioactivity,SRC-AF728821208AC735AEE2E0D1,<missing>,unknown,experimental_summary,<not_applicable>,included,7
observations,<not_applicable>,pk_adme,AUC,ng*h/mL,interval,other_bioactivity,SRC-AF728821208AC735AEE2E0D1,<missing>,unknown,experimental_summary,<not_applicable>,quarantined,28
observations,<not_applicable>,pk_adme,AUC,ng*h/mL,interval,pk_adme,SRC-AF728821208AC735AEE2E0D1,<missing>,unknown,experimental_summary,<not_applicable>,quarantined,6
observations,<not_applicable>,pk_adme,AUC,ng*h/mL,not_reported,other_bioactivity,SRC-AF728821208AC735AEE2E0D1,<missing>,unknown,experimental_summary,<not_applicable>,quarantined,70
observations,<not_applicable>,pk_adme,AUC,ng*h/mL,not_reported,other_bioactivity,SRC-AF728821208AC735AEE2E0D1,preclinical_in_vivo,unknown,experimental_summary,<not_applicable>,quarantined,1
observations,<not_applicable>,pk_adme,AUC,ng*h/mL,not_reported,pk_adme,SRC-AF728821208AC735AEE2E0D1,<missing>,unknown,experimental_summary,<not_applicable>,quarantined,3
observations,<not_applicable>,pk_adme,AUC,ng*h/mL,~,other_bioactivity,SRC-AF728821208AC735AEE2E0D1,<missing>,unknown,experimental_summary,<not_applicable>,quarantined,24
observations,<not_applicable>,pk_adme,AUC,ng*h/mL,~,other_bioactivity,SRC-AF728821208AC735AEE2E0D1,<missing>,unknown,experimental_summary,<not_applicable>,review,2
observations,<not_applicable>,pk_adme,AUC,ng.eq.h.ml-1,=,other_bioactivity,SRC-AF728821208AC735AEE2E0D1,<missing>,unknown,experimental_summary,<not_applicable>,quarantined,6
observations,<not_applicable>,pk_adme,AUC,ng.eq/ml,=,other_bioactivity,SRC-AF728821208AC735AEE2E0D1,<missing>,unknown,experimental_summary,<not_applicable>,quarantined,1
observations,<not_applicable>,pk_adme,AUC,ng.h-1.ml-1,=,other_bioactivity,SRC-AF728821208AC735AEE2E0D1,<missing>,unknown,experimental_summary,<not_applicable>,quarantined,1
observations,<not_applicable>,pk_adme,AUC,ng.hr,=,other_bioactivity,SRC-AF728821208AC735AEE2E0D1,<missing>,unknown,experimental_summary,<not_applicable>,quarantined,4
observations,<not_applicable>,pk_adme,AUC,ng.hr.kg/mg/ml,=,other_bioactivity,SRC-AF728821208AC735AEE2E0D1,<missing>,unknown,experimental_summary,<not_applicable>,quarantined,32
observations,<not_applicable>,pk_adme,AUC,ng.hr.kg/mg/ml,>,other_bioactivity,SRC-AF728821208AC735AEE2E0D1,<missing>,unknown,experimental_summary,<not_applicable>,quarantined,3
observations,<not_applicable>,pk_adme,AUC,ng.hr.kg/ml/mg,=,other_bioactivity,SRC-AF728821208AC735AEE2E0D1,<missing>,unknown,experimental_summary,<not_applicable>,quarantined,6
observations,<not_applicable>,pk_adme,AUC,ng.hr/g,<,other_bioactivity,SRC-AF728821208AC735AEE2E0D1,<missing>,unknown,experimental_summary,<not_applicable>,quarantined,1
observations,<not_applicable>,pk_adme,AUC,ng.hr/g,=,other_bioactivity,SRC-AF728821208AC735AEE2E0D1,<missing>,unknown,experimental_summary,<not_applicable>,quarantined,183
observations,<not_applicable>,pk_adme,AUC,ng.hr/kg,=,other_bioactivity,SRC-AF728821208AC735AEE2E0D1,<missing>,unknown,experimental_summary,<not_applicable>,quarantined,37
observations,<not_applicable>,pk_adme,AUC,ng.hr/ml/mg,=,other_bioactivity,SRC-AF728821208AC735AEE2E0D1,<missing>,unknown,experimental_summary,<not_applicable>,quarantined,11
observations,<not_applicable>,pk_adme,AUC,ng.hr/ml/mg/kg,=,other_bioactivity,SRC-AF728821208AC735AEE2E0D1,<missing>,unknown,experimental_summary,<not_applicable>,quarantined,42
observations,<not_applicable>,pk_adme,AUC,ng.min/g,=,other_bioactivity,SRC-AF728821208AC735AEE2E0D1,<missing>,unknown,experimental_summary,<not_applicable>,quarantined,9
observations,<not_applicable>,pk_adme,AUC,ng/10^6cells×hr,=,other_bioactivity,SRC-AF728821208AC735AEE2E0D1,<missing>,unknown,experimental_summary,<not_applicable>,quarantined,3
observations,<not_applicable>,pk_adme,AUC,ng/g,=,other_bioactivity,SRC-AF728821208AC735AEE2E0D1,<missing>,unknown,experimental_summary,<not_applicable>,quarantined,3
observations,<not_applicable>,pk_adme,AUC,ng/g.hr,<,other_bioactivity,SRC-AF728821208AC735AEE2E0D1,<missing>,unknown,experimental_summary,<not_applicable>,quarantined,2
observations,<not_applicable>,pk_adme,AUC,ng/g.hr,=,other_bioactivity,SRC-AF728821208AC735AEE2E0D1,<missing>,unknown,experimental_summary,<not_applicable>,quarantined,73
observations,<not_applicable>,pk_adme,AUC,ng/l,=,other_bioactivity,SRC-AF728821208AC735AEE2E0D1,<missing>,unknown,experimental_summary,<not_applicable>,quarantined,1
observations,<not_applicable>,pk_adme,AUC,ng/mL,<,other_bioactivity,SRC-AF728821208AC735AEE2E0D1,<missing>,unknown,experimental_summary,<not_applicable>,quarantined,1
observations,<not_applicable>,pk_adme,AUC,ng/mL,=,other_bioactivity,SRC-AF728821208AC735AEE2E0D1,<missing>,unknown,experimental_summary,<not_applicable>,quarantined,42
observations,<not_applicable>,pk_adme,AUC,ng/ml.kg,=,other_bioactivity,SRC-AF728821208AC735AEE2E0D1,<missing>,unknown,experimental_summary,<not_applicable>,quarantined,4
observations,<not_applicable>,pk_adme,AUC,ngequiv.hr/g,=,other_bioactivity,SRC-AF728821208AC735AEE2E0D1,<missing>,unknown,experimental_summary,<not_applicable>,quarantined,11
observations,<not_applicable>,pk_adme,AUC,nghrg-1,=,other_bioactivity,SRC-AF728821208AC735AEE2E0D1,<missing>,unknown,experimental_summary,<not_applicable>,quarantined,1
observations,<not_applicable>,pk_adme,AUC,ngmin,=,other_bioactivity,SRC-AF728821208AC735AEE2E0D1,<missing>,unknown,experimental_summary,<not_applicable>,quarantined,2
observations,<not_applicable>,pk_adme,AUC,ngml-1,=,other_bioactivity,SRC-AF728821208AC735AEE2E0D1,<missing>,unknown,experimental_summary,<not_applicable>,quarantined,4
observations,<not_applicable>,pk_adme,AUC,ngmlkg-1,=,other_bioactivity,SRC-AF728821208AC735AEE2E0D1,<missing>,unknown,experimental_summary,<not_applicable>,quarantined,1
observations,<not_applicable>,pk_adme,AUC,nm.hr.kg/mg,=,other_bioactivity,SRC-AF728821208AC735AEE2E0D1,<missing>,unknown,experimental_summary,<not_applicable>,quarantined,14
observations,<not_applicable>,pk_adme,AUC,nm.hr/g,=,other_bioactivity,SRC-AF728821208AC735AEE2E0D1,<missing>,unknown,experimental_summary,<not_applicable>,quarantined,6
observations,<not_applicable>,pk_adme,AUC,nm.hr/l,=,other_bioactivity,SRC-AF728821208AC735AEE2E0D1,<missing>,unknown,experimental_summary,<not_applicable>,quarantined,9
observations,<not_applicable>,pk_adme,AUC,nm.hr/mg/kg,=,other_bioactivity,SRC-AF728821208AC735AEE2E0D1,<missing>,unknown,experimental_summary,<not_applicable>,quarantined,8
observations,<not_applicable>,pk_adme,AUC,nm.hr/ml,=,other_bioactivity,SRC-AF728821208AC735AEE2E0D1,<missing>,unknown,experimental_summary,<not_applicable>,quarantined,3
observations,<not_applicable>,pk_adme,AUC,nm.min/ml,=,other_bioactivity,SRC-AF728821208AC735AEE2E0D1,<missing>,unknown,experimental_summary,<not_applicable>,quarantined,4
observations,<not_applicable>,pk_adme,AUC,nm/l.hr,=,other_bioactivity,SRC-AF728821208AC735AEE2E0D1,<missing>,unknown,experimental_summary,<not_applicable>,quarantined,1
observations,<not_applicable>,pk_adme,AUC,nm/ml,=,other_bioactivity,SRC-AF728821208AC735AEE2E0D1,<missing>,unknown,experimental_summary,<not_applicable>,quarantined,13
observations,<not_applicable>,pk_adme,AUC,nmhr-1ml-1,=,other_bioactivity,SRC-AF728821208AC735AEE2E0D1,<missing>,unknown,experimental_summary,<not_applicable>,quarantined,2
observations,<not_applicable>,pk_adme,AUC,nmhrml,=,pk_adme,SRC-AF728821208AC735AEE2E0D1,<missing>,unknown,experimental_summary,<not_applicable>,quarantined,18
observations,<not_applicable>,pk_adme,AUC,nml-1hr-1,=,other_bioactivity,SRC-AF728821208AC735AEE2E0D1,<missing>,unknown,experimental_summary,<not_applicable>,quarantined,2
observations,<not_applicable>,pk_adme,AUC,nmol.hr,=,other_bioactivity,SRC-AF728821208AC735AEE2E0D1,<missing>,unknown,experimental_summary,<not_applicable>,quarantined,6
observations,<not_applicable>,pk_adme,AUC,nmol.hr/g,=,other_bioactivity,SRC-AF728821208AC735AEE2E0D1,<missing>,unknown,experimental_summary,<not_applicable>,quarantined,19
observations,<not_applicable>,pk_adme,AUC,nmol.hr/g,=,pk_adme,SRC-AF728821208AC735AEE2E0D1,<missing>,unknown,experimental_summary,<not_applicable>,quarantined,14
observations,<not_applicable>,pk_adme,AUC,nmol.hr/kg,=,other_bioactivity,SRC-AF728821208AC735AEE2E0D1,<missing>,unknown,experimental_summary,<not_applicable>,quarantined,4
observations,<not_applicable>,pk_adme,AUC,nmol.min.g-1,=,other_bioactivity,SRC-AF728821208AC735AEE2E0D1,<missing>,unknown,experimental_summary,<not_applicable>,quarantined,16
observations,<not_applicable>,pk_adme,AUC,nmol/100.000cellsxh,=,other_bioactivity,SRC-AF728821208AC735AEE2E0D1,<missing>,unknown,experimental_summary,<not_applicable>,quarantined,3
observations,<not_applicable>,pk_adme,AUC,nmol/g,<,other_bioactivity,SRC-AF728821208AC735AEE2E0D1,<missing>,unknown,experimental_summary,<not_applicable>,quarantined,2
observations,<not_applicable>,pk_adme,AUC,nmol/g,=,other_bioactivity,SRC-AF728821208AC735AEE2E0D1,<missing>,unknown,experimental_summary,<not_applicable>,quarantined,1
observations,<not_applicable>,pk_adme,AUC,nmol/g.hr,<,other_bioactivity,SRC-AF728821208AC735AEE2E0D1,<missing>,unknown,experimental_summary,<not_applicable>,quarantined,1
observations,<not_applicable>,pk_adme,AUC,nmol/g.hr,=,other_bioactivity,SRC-AF728821208AC735AEE2E0D1,<missing>,unknown,experimental_summary,<not_applicable>,quarantined,18
observations,<not_applicable>,pk_adme,AUC,nmol/g.min,=,other_bioactivity,SRC-AF728821208AC735AEE2E0D1,<missing>,unknown,experimental_summary,<not_applicable>,quarantined,5
observations,<not_applicable>,pk_adme,AUC,nmol/g/min,=,other_bioactivity,SRC-AF728821208AC735AEE2E0D1,<missing>,unknown,experimental_summary,<not_applicable>,quarantined,5
observations,<not_applicable>,pk_adme,AUC,nmol/hr,=,other_bioactivity,SRC-AF728821208AC735AEE2E0D1,<missing>,unknown,experimental_summary,<not_applicable>,quarantined,3
observations,<not_applicable>,pk_adme,AUC,nmol/l.min,=,other_bioactivity,SRC-AF728821208AC735AEE2E0D1,<missing>,unknown,experimental_summary,<not_applicable>,quarantined,4
observations,<not_applicable>,pk_adme,AUC,pmhr-1g-1,=,other_bioactivity,SRC-AF728821208AC735AEE2E0D1,<missing>,unknown,experimental_summary,<not_applicable>,quarantined,6
observations,<not_applicable>,pk_adme,AUC,pmkg-1,=,other_bioactivity,SRC-AF728821208AC735AEE2E0D1,<missing>,unknown,experimental_summary,<not_applicable>,quarantined,8
observations,<not_applicable>,pk_adme,AUC,pmml-1,=,pk_adme,SRC-AF728821208AC735AEE2E0D1,<missing>,unknown,experimental_summary,<not_applicable>,quarantined,12
observations,<not_applicable>,pk_adme,AUC,pmol,=,other_bioactivity,SRC-AF728821208AC735AEE2E0D1,<missing>,unknown,experimental_summary,<not_applicable>,quarantined,3
observations,<not_applicable>,pk_adme,AUC,pmol.hr/g,=,other_bioactivity,SRC-AF728821208AC735AEE2E0D1,<missing>,unknown,experimental_summary,<not_applicable>,quarantined,6
observations,<not_applicable>,pk_adme,AUC,pmol.min,=,other_bioactivity,SRC-AF728821208AC735AEE2E0D1,<missing>,unknown,experimental_summary,<not_applicable>,quarantined,8
observations,<not_applicable>,pk_adme,AUC,pmol.min/mg,=,other_bioactivity,SRC-AF728821208AC735AEE2E0D1,<missing>,unknown,experimental_summary,<not_applicable>,quarantined,4
observations,<not_applicable>,pk_adme,AUC,s,=,other_bioactivity,SRC-AF728821208AC735AEE2E0D1,<missing>,unknown,experimental_summary,<not_applicable>,quarantined,7
observations,<not_applicable>,pk_adme,AUC,suv.min,=,other_bioactivity,SRC-AF728821208AC735AEE2E0D1,<missing>,unknown,experimental_summary,<not_applicable>,quarantined,13
observations,<not_applicable>,pk_adme,AUC,u-1hr-1ml-1,=,other_bioactivity,SRC-AF728821208AC735AEE2E0D1,<missing>,unknown,experimental_summary,<not_applicable>,quarantined,6
observations,<not_applicable>,pk_adme,AUC,uM,=,other_bioactivity,SRC-AF728821208AC735AEE2E0D1,<missing>,unknown,experimental_summary,<not_applicable>,quarantined,204
observations,<not_applicable>,pk_adme,AUC,uM,not_reported,other_bioactivity,SRC-AF728821208AC735AEE2E0D1,<missing>,unknown,experimental_summary,<not_applicable>,quarantined,3
observations,<not_applicable>,pk_adme,AUC,ua.cm'-2,=,binding,SRC-AF728821208AC735AEE2E0D1,<missing>,unknown,experimental_summary,<not_applicable>,quarantined,3
observations,<not_applicable>,pk_adme,AUC,ug.h/g,=,other_bioactivity,SRC-AF728821208AC735AEE2E0D1,<missing>,unknown,experimental_summary,<not_applicable>,quarantined,4
observations,<not_applicable>,pk_adme,AUC,ug.hr/g,=,other_bioactivity,SRC-AF728821208AC735AEE2E0D1,<missing>,unknown,experimental_summary,<not_applicable>,quarantined,68
observations,<not_applicable>,pk_adme,AUC,ug.hr/kg,=,other_bioactivity,SRC-AF728821208AC735AEE2E0D1,<missing>,unknown,experimental_summary,<not_applicable>,quarantined,27
observations,<not_applicable>,pk_adme,AUC,ug.hr/ml/day,=,other_bioactivity,SRC-AF728821208AC735AEE2E0D1,<missing>,unknown,experimental_summary,<not_applicable>,quarantined,2
observations,<not_applicable>,pk_adme,AUC,ug.hr/ml/mg/kg,=,other_bioactivity,SRC-AF728821208AC735AEE2E0D1,<missing>,unknown,experimental_summary,<not_applicable>,quarantined,18
observations,<not_applicable>,pk_adme,AUC,ug.min/g,=,other_bioactivity,SRC-AF728821208AC735AEE2E0D1,<missing>,unknown,experimental_summary,<not_applicable>,quarantined,8
observations,<not_applicable>,pk_adme,AUC,ug/g,=,other_bioactivity,SRC-AF728821208AC735AEE2E0D1,<missing>,unknown,experimental_summary,<not_applicable>,quarantined,2
observations,<not_applicable>,pk_adme,AUC,ug/g.hr,=,other_bioactivity,SRC-AF728821208AC735AEE2E0D1,<missing>,unknown,experimental_summary,<not_applicable>,quarantined,9
observations,<not_applicable>,pk_adme,AUC,ug/g.min,=,other_bioactivity,SRC-AF728821208AC735AEE2E0D1,<missing>,unknown,experimental_summary,<not_applicable>,quarantined,2
observations,<not_applicable>,pk_adme,AUC,ug/hr.kg,=,other_bioactivity,SRC-AF728821208AC735AEE2E0D1,<missing>,unknown,experimental_summary,<not_applicable>,quarantined,18
observations,<not_applicable>,pk_adme,AUC,ug/l,=,other_bioactivity,SRC-AF728821208AC735AEE2E0D1,<missing>,unknown,experimental_summary,<not_applicable>,quarantined,2
observations,<not_applicable>,pk_adme,AUC,ug/mL,=,other_bioactivity,SRC-AF728821208AC735AEE2E0D1,<missing>,unknown,experimental_summary,<not_applicable>,quarantined,10
observations,<not_applicable>,pk_adme,AUC,ug/mg/day,=,other_bioactivity,SRC-AF728821208AC735AEE2E0D1,<missing>,unknown,experimental_summary,<not_applicable>,quarantined,1
observations,<not_applicable>,pk_adme,AUC,ugequiv.hr/g,=,other_bioactivity,SRC-AF728821208AC735AEE2E0D1,<missing>,unknown,experimental_summary,<not_applicable>,quarantined,18
observations,<not_applicable>,pk_adme,AUC,ugequiv/l.hr,=,other_bioactivity,SRC-AF728821208AC735AEE2E0D1,<missing>,unknown,experimental_summary,<not_applicable>,quarantined,21
observations,<not_applicable>,pk_adme,AUC,ugh/g,=,other_bioactivity,SRC-AF728821208AC735AEE2E0D1,<missing>,unknown,experimental_summary,<not_applicable>,quarantined,5
observations,<not_applicable>,pk_adme,AUC,ughml-1kg-1,=,other_bioactivity,SRC-AF728821208AC735AEE2E0D1,<missing>,unknown,experimental_summary,<not_applicable>,quarantined,2
observations,<not_applicable>,pk_adme,AUC,ughr-1g-1,=,other_bioactivity,SRC-AF728821208AC735AEE2E0D1,<missing>,unknown,experimental_summary,<not_applicable>,quarantined,17
observations,<not_applicable>,pk_adme,AUC,ughr-1g-1,not_reported,other_bioactivity,SRC-AF728821208AC735AEE2E0D1,<missing>,unknown,experimental_summary,<not_applicable>,quarantined,1
observations,<not_applicable>,pk_adme,AUC,ughrum-1,=,pk_adme,SRC-AF728821208AC735AEE2E0D1,<missing>,unknown,experimental_summary,<not_applicable>,quarantined,23
observations,<not_applicable>,pk_adme,AUC,ugmin/ml,=,other_bioactivity,SRC-AF728821208AC735AEE2E0D1,<missing>,unknown,experimental_summary,<not_applicable>,quarantined,1
observations,<not_applicable>,pk_adme,AUC,ugming-1,=,other_bioactivity,SRC-AF728821208AC735AEE2E0D1,<missing>,unknown,experimental_summary,<not_applicable>,quarantined,2
observations,<not_applicable>,pk_adme,AUC,ugml-1,<,other_bioactivity,SRC-AF728821208AC735AEE2E0D1,<missing>,unknown,experimental_summary,<not_applicable>,quarantined,1
observations,<not_applicable>,pk_adme,AUC,ugml-1,=,other_bioactivity,SRC-AF728821208AC735AEE2E0D1,<missing>,unknown,experimental_summary,<not_applicable>,quarantined,90
observations,<not_applicable>,pk_adme,AUC,ugml-1,=,pk_adme,SRC-AF728821208AC735AEE2E0D1,<missing>,unknown,experimental_summary,<not_applicable>,quarantined,5
observations,<not_applicable>,pk_adme,AUC,uhml-1,=,other_bioactivity,SRC-AF728821208AC735AEE2E0D1,preclinical_in_vivo,unknown,experimental_summary,<not_applicable>,quarantined,3
observations,<not_applicable>,pk_adme,AUC,um.h.kg/mg,<,other_bioactivity,SRC-AF728821208AC735AEE2E0D1,<missing>,unknown,experimental_summary,<not_applicable>,quarantined,1
observations,<not_applicable>,pk_adme,AUC,um.h.kg/mg,=,other_bioactivity,SRC-AF728821208AC735AEE2E0D1,<missing>,unknown,experimental_summary,<not_applicable>,quarantined,5
observations,<not_applicable>,pk_adme,AUC,um.h/l,=,other_bioactivity,SRC-AF728821208AC735AEE2E0D1,<missing>,unknown,experimental_summary,<not_applicable>,quarantined,2
observations,<not_applicable>,pk_adme,AUC,um.hr,=,other_bioactivity,SRC-AF728821208AC735AEE2E0D1,<missing>,unknown,experimental_summary,<not_applicable>,quarantined,283
observations,<not_applicable>,pk_adme,AUC,um.hr,=,pk_adme,SRC-AF728821208AC735AEE2E0D1,<missing>,unknown,experimental_summary,<not_applicable>,quarantined,1
observations,<not_applicable>,pk_adme,AUC,um.hr,not_reported,other_bioactivity,SRC-AF728821208AC735AEE2E0D1,<missing>,unknown,experimental_summary,<not_applicable>,quarantined,25
observations,<not_applicable>,pk_adme,AUC,um.hr,not_reported,pk_adme,SRC-AF728821208AC735AEE2E0D1,<missing>,unknown,experimental_summary,<not_applicable>,quarantined,6
observations,<not_applicable>,pk_adme,AUC,um.hr.kg,=,other_bioactivity,SRC-AF728821208AC735AEE2E0D1,<missing>,unknown,experimental_summary,<not_applicable>,quarantined,1
observations,<not_applicable>,pk_adme,AUC,um.hr.kg/mg,=,other_bioactivity,SRC-AF728821208AC735AEE2E0D1,<missing>,unknown,experimental_summary,<not_applicable>,quarantined,225
observations,<not_applicable>,pk_adme,AUC,um.hr/mg,=,other_bioactivity,SRC-AF728821208AC735AEE2E0D1,<missing>,unknown,experimental_summary,<not_applicable>,quarantined,1
observations,<not_applicable>,pk_adme,AUC,um.hr/mg.kg,=,other_bioactivity,SRC-AF728821208AC735AEE2E0D1,<missing>,unknown,experimental_summary,<not_applicable>,quarantined,58
observations,<not_applicable>,pk_adme,AUC,um.hr/ml,=,other_bioactivity,SRC-AF728821208AC735AEE2E0D1,<missing>,unknown,experimental_summary,<not_applicable>,quarantined,74
observations,<not_applicable>,pk_adme,AUC,um.min/ml,=,other_bioactivity,SRC-AF728821208AC735AEE2E0D1,<missing>,unknown,experimental_summary,<not_applicable>,quarantined,2
observations,<not_applicable>,pk_adme,AUC,um/hr/kg/mg,=,other_bioactivity,SRC-AF728821208AC735AEE2E0D1,<missing>,unknown,experimental_summary,<not_applicable>,quarantined,1
observations,<not_applicable>,pk_adme,AUC,umh/(mg/kg),=,other_bioactivity,SRC-AF728821208AC735AEE2E0D1,<missing>,unknown,experimental_summary,<not_applicable>,quarantined,4
observations,<not_applicable>,pk_adme,AUC,umh/dose,=,other_bioactivity,SRC-AF728821208AC735AEE2E0D1,<missing>,unknown,experimental_summary,<not_applicable>,quarantined,3
observations,<not_applicable>,pk_adme,AUC,umh/mpk,=,other_bioactivity,SRC-AF728821208AC735AEE2E0D1,<missing>,unknown,experimental_summary,<not_applicable>,quarantined,11
observations,<not_applicable>,pk_adme,AUC,umhkg/mg,=,other_bioactivity,SRC-AF728821208AC735AEE2E0D1,<missing>,unknown,experimental_summary,<not_applicable>,quarantined,16
observations,<not_applicable>,pk_adme,AUC,umhr-1ml-1,=,pk_adme,SRC-AF728821208AC735AEE2E0D1,<missing>,unknown,experimental_summary,<not_applicable>,quarantined,7
observations,<not_applicable>,pk_adme,AUC,umhrl-1,=,other_bioactivity,SRC-AF728821208AC735AEE2E0D1,<missing>,unknown,experimental_summary,<not_applicable>,quarantined,11
observations,<not_applicable>,pk_adme,AUC,umhrl-1,not_reported,other_bioactivity,SRC-AF728821208AC735AEE2E0D1,<missing>,unknown,experimental_summary,<not_applicable>,quarantined,1
observations,<not_applicable>,pk_adme,AUC,umhrml-1,=,other_bioactivity,SRC-AF728821208AC735AEE2E0D1,<missing>,unknown,experimental_summary,<not_applicable>,quarantined,3
observations,<not_applicable>,pk_adme,AUC,umhrml-1,=,pk_adme,SRC-AF728821208AC735AEE2E0D1,<missing>,unknown,experimental_summary,<not_applicable>,quarantined,1
observations,<not_applicable>,pk_adme,AUC,umhrml-1,>,other_bioactivity,SRC-AF728821208AC735AEE2E0D1,<missing>,unknown,experimental_summary,<not_applicable>,quarantined,1
observations,<not_applicable>,pk_adme,AUC,umkg-1,=,other_bioactivity,SRC-AF728821208AC735AEE2E0D1,<missing>,unknown,experimental_summary,<not_applicable>,quarantined,2
observations,<not_applicable>,pk_adme,AUC,uml,=,pk_adme,SRC-AF728821208AC735AEE2E0D1,<missing>,unknown,experimental_summary,<not_applicable>,quarantined,9
observations,<not_applicable>,pk_adme,AUC,umminl-1,=,other_bioactivity,SRC-AF728821208AC735AEE2E0D1,<missing>,unknown,experimental_summary,<not_applicable>,quarantined,10
observations,<not_applicable>,pk_adme,AUC,umminum-1,=,pk_adme,SRC-AF728821208AC735AEE2E0D1,<missing>,unknown,experimental_summary,<not_applicable>,quarantined,5
observations,<not_applicable>,pk_adme,AUC,umol.hr/kg,=,other_bioactivity,SRC-AF728821208AC735AEE2E0D1,<missing>,unknown,experimental_summary,<not_applicable>,quarantined,5
observations,<not_applicable>,pk_adme,AUC,umol/l.min,=,other_bioactivity,SRC-AF728821208AC735AEE2E0D1,<missing>,unknown,experimental_summary,<not_applicable>,quarantined,2
observations,<not_applicable>,pk_adme,AUC,unhkg/mg,=,other_bioactivity,SRC-AF728821208AC735AEE2E0D1,<missing>,unknown,experimental_summary,<not_applicable>,quarantined,1
observations,<not_applicable>,pk_adme,AUC c,<missing>,=,pk_adme,SRC-AF728821208AC735AEE2E0D1,<missing>,unknown,experimental_summary,<not_applicable>,quarantined,4
observations,<not_applicable>,pk_adme,AUC p,<missing>,=,pk_adme,SRC-AF728821208AC735AEE2E0D1,<missing>,unknown,experimental_summary,<not_applicable>,quarantined,4
observations,<not_applicable>,pk_adme,AUClast,%,=,other_bioactivity,SRC-AF728821208AC735AEE2E0D1,<missing>,unknown,experimental_summary,<not_applicable>,quarantined,39
observations,<not_applicable>,pk_adme,AUClast,<missing>,not_reported,other_bioactivity,SRC-AF728821208AC735AEE2E0D1,<missing>,unknown,experimental_summary,<not_applicable>,quarantined,45
observations,<not_applicable>,pk_adme,AUClast,day.ng/ml,=,other_bioactivity,SRC-AF728821208AC735AEE2E0D1,<missing>,unknown,experimental_summary,<not_applicable>,quarantined,2
observations,<not_applicable>,pk_adme,AUClast,hr.mmol,=,other_bioactivity,SRC-AF728821208AC735AEE2E0D1,<missing>,unknown,experimental_summary,<not_applicable>,quarantined,2
observations,<not_applicable>,pk_adme,AUClast,hr.ng/g,=,other_bioactivity,SRC-AF728821208AC735AEE2E0D1,<missing>,unknown,experimental_summary,<not_applicable>,quarantined,63
observations,<not_applicable>,pk_adme,AUClast,hr.nmol/g,=,other_bioactivity,SRC-AF728821208AC735AEE2E0D1,<missing>,unknown,experimental_summary,<not_applicable>,quarantined,4
observations,<not_applicable>,pk_adme,AUClast,hr.nmol/ml,=,other_bioactivity,SRC-AF728821208AC735AEE2E0D1,<missing>,unknown,experimental_summary,<not_applicable>,quarantined,7
observations,<not_applicable>,pk_adme,AUClast,hr.ug/g,=,other_bioactivity,SRC-AF728821208AC735AEE2E0D1,<missing>,unknown,experimental_summary,<not_applicable>,quarantined,2
observations,<not_applicable>,pk_adme,AUClast,min.ng/g,=,other_bioactivity,SRC-AF728821208AC735AEE2E0D1,<missing>,unknown,experimental_summary,<not_applicable>,quarantined,15
observations,<not_applicable>,pk_adme,AUClast,nM,=,other_bioactivity,SRC-AF728821208AC735AEE2E0D1,<missing>,unknown,experimental_summary,<not_applicable>,quarantined,1
observations,<not_applicable>,pk_adme,AUClast,ng.hr,=,other_bioactivity,SRC-AF728821208AC735AEE2E0D1,<missing>,unknown,experimental_summary,<not_applicable>,quarantined,4
observations,<not_applicable>,pk_adme,AUClast,ng.hr/g,=,other_bioactivity,SRC-AF728821208AC735AEE2E0D1,<missing>,unknown,experimental_summary,<not_applicable>,quarantined,18
observations,<not_applicable>,pk_adme,AUClast,ng.min/g,=,other_bioactivity,SRC-AF728821208AC735AEE2E0D1,<missing>,unknown,experimental_summary,<not_applicable>,quarantined,7
observations,<not_applicable>,pk_adme,AUClast,ng/g.hr,=,other_bioactivity,SRC-AF728821208AC735AEE2E0D1,<missing>,unknown,experimental_summary,<not_applicable>,quarantined,3
observations,<not_applicable>,pk_adme,AUClast,ng/hr,=,other_bioactivity,SRC-AF728821208AC735AEE2E0D1,<missing>,unknown,experimental_summary,<not_applicable>,quarantined,1
observations,<not_applicable>,pk_adme,AUClast,ngequiv.hr/g,=,other_bioactivity,SRC-AF728821208AC735AEE2E0D1,<missing>,unknown,experimental_summary,<not_applicable>,quarantined,1
observations,<not_applicable>,pk_adme,AUClast,nm.hr/l,=,other_bioactivity,SRC-AF728821208AC735AEE2E0D1,<missing>,unknown,experimental_summary,<not_applicable>,quarantined,3
observations,<not_applicable>,pk_adme,AUClast,nm.hr/ml,=,other_bioactivity,SRC-AF728821208AC735AEE2E0D1,<missing>,unknown,experimental_summary,<not_applicable>,quarantined,7
observations,<not_applicable>,pk_adme,AUClast,nm/min,=,other_bioactivity,SRC-AF728821208AC735AEE2E0D1,<missing>,unknown,experimental_summary,<not_applicable>,quarantined,2
observations,<not_applicable>,pk_adme,AUClast,nmol.hr/g,=,other_bioactivity,SRC-AF728821208AC735AEE2E0D1,<missing>,unknown,experimental_summary,<not_applicable>,quarantined,2
observations,<not_applicable>,pk_adme,AUClast,nmol/hr/l,=,other_bioactivity,SRC-AF728821208AC735AEE2E0D1,<missing>,unknown,experimental_summary,<not_applicable>,quarantined,10
observations,<not_applicable>,pk_adme,AUClast,pmol.hr/g,=,other_bioactivity,SRC-AF728821208AC735AEE2E0D1,<missing>,unknown,experimental_summary,<not_applicable>,quarantined,5
observations,<not_applicable>,pk_adme,AUClast,pmol.min,=,other_bioactivity,SRC-AF728821208AC735AEE2E0D1,<missing>,unknown,experimental_summary,<not_applicable>,quarantined,2
observations,<not_applicable>,pk_adme,AUClast,pmol.min/mg,=,other_bioactivity,SRC-AF728821208AC735AEE2E0D1,<missing>,unknown,experimental_summary,<not_applicable>,quarantined,2
observations,<not_applicable>,pk_adme,AUClast,ug.hr/g,=,other_bioactivity,SRC-AF728821208AC735AEE2E0D1,<missing>,unknown,experimental_summary,<not_applicable>,quarantined,4
observations,<not_applicable>,pk_adme,AUClast,ug.min/g,=,other_bioactivity,SRC-AF728821208AC735AEE2E0D1,<missing>,unknown,experimental_summary,<not_applicable>,quarantined,1
observations,<not_applicable>,pk_adme,AUClast,ug/g.hr,=,other_bioactivity,SRC-AF728821208AC735AEE2E0D1,<missing>,unknown,experimental_summary,<not_applicable>,quarantined,1
observations,<not_applicable>,pk_adme,AUClast,um.min/ml,=,other_bioactivity,SRC-AF728821208AC735AEE2E0D1,<missing>,unknown,experimental_summary,<not_applicable>,quarantined,2
observations,<not_applicable>,pk_adme,AUCt,pmol.hr,=,pk_adme,SRC-AF728821208AC735AEE2E0D1,<missing>,unknown,experimental_summary,<not_applicable>,quarantined,2
observations,<not_applicable>,pk_adme,Absoption,<missing>,not_reported,pk_adme,SRC-AF728821208AC735AEE2E0D1,<missing>,unknown,experimental_summary,<not_applicable>,quarantined,2
observations,<not_applicable>,pk_adme,Absorption,%,=,pk_adme,SRC-AF728821208AC735AEE2E0D1,<missing>,unknown,experimental_summary,<not_applicable>,quarantined,15
observations,<not_applicable>,pk_adme,Absorption,%,not_reported,pk_adme,SRC-AF728821208AC735AEE2E0D1,<missing>,unknown,experimental_summary,<not_applicable>,quarantined,15
observations,<not_applicable>,pk_adme,Absorption,<missing>,not_reported,pk_adme,SRC-AF728821208AC735AEE2E0D1,<missing>,unknown,experimental_summary,<not_applicable>,quarantined,1
observations,<not_applicable>,pk_adme,Activity,%,<,pk_adme,SRC-AF728821208AC735AEE2E0D1,<missing>,unknown,experimental_summary,<not_applicable>,quarantined,177
observations,<not_applicable>,pk_adme,Activity,%,<=,pk_adme,SRC-AF728821208AC735AEE2E0D1,<missing>,unknown,experimental_summary,<not_applicable>,quarantined,3
observations,<not_applicable>,pk_adme,Activity,%,=,pk_adme,SRC-AF728821208AC735AEE2E0D1,<missing>,unknown,experimental_summary,<not_applicable>,quarantined,4058
observations,<not_applicable>,pk_adme,Activity,%,=,pk_adme,SRC-AF728821208AC735AEE2E0D1,preclinical_in_vitro,unknown,experimental_summary,<not_applicable>,quarantined,60
observations,<not_applicable>,pk_adme,Activity,%,=,pk_adme,SRC-AF728821208AC735AEE2E0D1,preclinical_in_vivo,unknown,experimental_summary,<not_applicable>,quarantined,22
observations,<not_applicable>,pk_adme,Activity,%,>,pk_adme,SRC-AF728821208AC735AEE2E0D1,<missing>,unknown,experimental_summary,<not_applicable>,quarantined,95
observations,<not_applicable>,pk_adme,Activity,%,interval,pk_adme,SRC-AF728821208AC735AEE2E0D1,<missing>,unknown,experimental_summary,<not_applicable>,quarantined,6
observations,<not_applicable>,pk_adme,Activity,%,~,pk_adme,SRC-AF728821208AC735AEE2E0D1,<missing>,unknown,experimental_summary,<not_applicable>,quarantined,15
observations,<not_applicable>,pk_adme,Activity,/min,=,pk_adme,SRC-AF728821208AC735AEE2E0D1,<missing>,unknown,experimental_summary,<not_applicable>,quarantined,5
observations,<not_applicable>,pk_adme,Activity,/nmol,=,pk_adme,SRC-AF728821208AC735AEE2E0D1,<missing>,unknown,experimental_summary,<not_applicable>,quarantined,7
observations,<not_applicable>,pk_adme,Activity,10'-6cm/s,=,pk_adme,SRC-AF728821208AC735AEE2E0D1,<missing>,unknown,experimental_summary,<not_applicable>,quarantined,4
observations,<not_applicable>,pk_adme,Activity,10'-7cm/s,=,pk_adme,SRC-AF728821208AC735AEE2E0D1,<missing>,unknown,experimental_summary,<not_applicable>,quarantined,1
observations,<not_applicable>,pk_adme,Activity,10'3no_unit,<,pk_adme,SRC-AF728821208AC735AEE2E0D1,<missing>,unknown,experimental_summary,<not_applicable>,quarantined,1
observations,<not_applicable>,pk_adme,Activity,10'3no_unit,=,pk_adme,SRC-AF728821208AC735AEE2E0D1,<missing>,unknown,experimental_summary,<not_applicable>,quarantined,21
observations,<not_applicable>,pk_adme,Activity,10e-6*scm-1,=,pk_adme,SRC-AF728821208AC735AEE2E0D1,<missing>,unknown,experimental_summary,<not_applicable>,quarantined,4
observations,<not_applicable>,pk_adme,Activity,<missing>,<,pk_adme,SRC-AF728821208AC735AEE2E0D1,<missing>,unknown,experimental_summary,<not_applicable>,quarantined,8
observations,<not_applicable>,pk_adme,Activity,<missing>,=,pk_adme,SRC-AF728821208AC735AEE2E0D1,<missing>,unknown,experimental_summary,<not_applicable>,quarantined,140
observations,<not_applicable>,pk_adme,Activity,<missing>,>,pk_adme,SRC-AF728821208AC735AEE2E0D1,<missing>,unknown,experimental_summary,<not_applicable>,quarantined,6
observations,<not_applicable>,pk_adme,Activity,<missing>,interval,pk_adme,SRC-AF728821208AC735AEE2E0D1,<missing>,unknown,experimental_summary,<not_applicable>,quarantined,2
observations,<not_applicable>,pk_adme,Activity,<missing>,not_reported,pk_adme,SRC-AF728821208AC735AEE2E0D1,<missing>,unknown,experimental_summary,<not_applicable>,quarantined,5096
observations,<not_applicable>,pk_adme,Activity,<missing>,not_reported,pk_adme,SRC-AF728821208AC735AEE2E0D1,preclinical_ex_vivo,unknown,experimental_summary,<not_applicable>,quarantined,3
observations,<not_applicable>,pk_adme,Activity,<missing>,not_reported,pk_adme,SRC-AF728821208AC735AEE2E0D1,preclinical_in_vitro,unknown,experimental_summary,<not_applicable>,quarantined,9
observations,<not_applicable>,pk_adme,Activity,<missing>,not_reported,pk_adme,SRC-AF728821208AC735AEE2E0D1,preclinical_in_vivo,unknown,experimental_summary,<not_applicable>,quarantined,15
observations,<not_applicable>,pk_adme,Activity,cms-1,=,pk_adme,SRC-AF728821208AC735AEE2E0D1,<missing>,unknown,experimental_summary,<not_applicable>,quarantined,11
observations,<not_applicable>,pk_adme,Activity,cms-1,>,pk_adme,SRC-AF728821208AC735AEE2E0D1,<missing>,unknown,experimental_summary,<not_applicable>,quarantined,1
observations,<not_applicable>,pk_adme,Activity,cpm,=,pk_adme,SRC-AF728821208AC735AEE2E0D1,<missing>,unknown,experimental_summary,<not_applicable>,quarantined,2
observations,<not_applicable>,pk_adme,Activity,cps,=,pk_adme,SRC-AF728821208AC735AEE2E0D1,<missing>,unknown,experimental_summary,<not_applicable>,quarantined,30
observations,<not_applicable>,pk_adme,Activity,h,=,pk_adme,SRC-AF728821208AC735AEE2E0D1,<missing>,unknown,experimental_summary,<not_applicable>,quarantined,2
observations,<not_applicable>,pk_adme,Activity,iu/l,=,pk_adme,SRC-AF728821208AC735AEE2E0D1,<missing>,unknown,experimental_summary,<not_applicable>,quarantined,31
observations,<not_applicable>,pk_adme,Activity,mM,=,pk_adme,SRC-AF728821208AC735AEE2E0D1,<missing>,unknown,experimental_summary,<not_applicable>,quarantined,5
observations,<not_applicable>,pk_adme,Activity,mg,=,pk_adme,SRC-AF728821208AC735AEE2E0D1,<missing>,unknown,experimental_summary,<not_applicable>,quarantined,3
observations,<not_applicable>,pk_adme,Activity,mg/g,=,pk_adme,SRC-AF728821208AC735AEE2E0D1,<missing>,unknown,experimental_summary,<not_applicable>,quarantined,7
observations,<not_applicable>,pk_adme,Activity,mg/l,=,pk_adme,SRC-AF728821208AC735AEE2E0D1,<missing>,unknown,experimental_summary,<not_applicable>,quarantined,6
observations,<not_applicable>,pk_adme,Activity,mg/ml,=,pk_adme,SRC-AF728821208AC735AEE2E0D1,<missing>,unknown,experimental_summary,<not_applicable>,quarantined,3
observations,<not_applicable>,pk_adme,Activity,mm2,=,pk_adme,SRC-AF728821208AC735AEE2E0D1,<missing>,unknown,experimental_summary,<not_applicable>,quarantined,6
observations,<not_applicable>,pk_adme,Activity,nM,<,pk_adme,SRC-AF728821208AC735AEE2E0D1,<missing>,unknown,experimental_summary,<not_applicable>,quarantined,1
observations,<not_applicable>,pk_adme,Activity,nM,=,pk_adme,SRC-AF728821208AC735AEE2E0D1,<missing>,unknown,experimental_summary,<not_applicable>,quarantined,41
observations,<not_applicable>,pk_adme,Activity,nm/mg*min,=,pk_adme,SRC-AF728821208AC735AEE2E0D1,<missing>,unknown,experimental_summary,<not_applicable>,quarantined,18
observations,<not_applicable>,pk_adme,Activity,nm/s,=,pk_adme,SRC-AF728821208AC735AEE2E0D1,<missing>,unknown,experimental_summary,<not_applicable>,quarantined,5
observations,<not_applicable>,pk_adme,Activity,nmmin-1(mgofprotein)-1,=,pk_adme,SRC-AF728821208AC735AEE2E0D1,<missing>,unknown,experimental_summary,<not_applicable>,quarantined,3
observations,<not_applicable>,pk_adme,Activity,nmmin-1mg-1,~,pk_adme,SRC-AF728821208AC735AEE2E0D1,<missing>,unknown,experimental_summary,<not_applicable>,quarantined,22
observations,<not_applicable>,pk_adme,Activity,nmol,=,pk_adme,SRC-AF728821208AC735AEE2E0D1,<missing>,unknown,experimental_summary,<not_applicable>,quarantined,12
observations,<not_applicable>,pk_adme,Activity,nmol.hr/g,<,pk_adme,SRC-AF728821208AC735AEE2E0D1,<missing>,unknown,experimental_summary,<not_applicable>,quarantined,2
observations,<not_applicable>,pk_adme,Activity,nmol.hr/g,=,pk_adme,SRC-AF728821208AC735AEE2E0D1,<missing>,unknown,experimental_summary,<not_applicable>,quarantined,21
observations,<not_applicable>,pk_adme,Activity,nmol/g,=,pk_adme,SRC-AF728821208AC735AEE2E0D1,<missing>,unknown,experimental_summary,<not_applicable>,quarantined,45
observations,<not_applicable>,pk_adme,Activity,nmol/hr,=,pk_adme,SRC-AF728821208AC735AEE2E0D1,<missing>,unknown,experimental_summary,<not_applicable>,quarantined,11
observations,<not_applicable>,pk_adme,Activity,nmol/mg,=,pk_adme,SRC-AF728821208AC735AEE2E0D1,<missing>,unknown,experimental_summary,<not_applicable>,quarantined,4
observations,<not_applicable>,pk_adme,Activity,nmol/mg/hr,=,pk_adme,SRC-AF728821208AC735AEE2E0D1,<missing>,unknown,experimental_summary,<not_applicable>,quarantined,3
observations,<not_applicable>,pk_adme,Activity,nmol/mg/min,=,pk_adme,SRC-AF728821208AC735AEE2E0D1,<missing>,unknown,experimental_summary,<not_applicable>,quarantined,21
observations,<not_applicable>,pk_adme,Activity,nmol/min,=,pk_adme,SRC-AF728821208AC735AEE2E0D1,<missing>,unknown,experimental_summary,<not_applicable>,quarantined,18
observations,<not_applicable>,pk_adme,Activity,nmol/min,=,pk_adme,SRC-AF728821208AC735AEE2E0D1,preclinical_in_vitro,unknown,experimental_summary,<not_applicable>,quarantined,11
observations,<not_applicable>,pk_adme,Activity,nmol/min/mg,<,pk_adme,SRC-AF728821208AC735AEE2E0D1,<missing>,unknown,experimental_summary,<not_applicable>,quarantined,6
observations,<not_applicable>,pk_adme,Activity,nmol/min/mg,=,pk_adme,SRC-AF728821208AC735AEE2E0D1,<missing>,unknown,experimental_summary,<not_applicable>,quarantined,24
observations,<not_applicable>,pk_adme,Activity,nms-1,=,pk_adme,SRC-AF728821208AC735AEE2E0D1,<missing>,unknown,experimental_summary,<not_applicable>,quarantined,6
observations,<not_applicable>,pk_adme,Activity,nms-1,not_reported,pk_adme,SRC-AF728821208AC735AEE2E0D1,<missing>,unknown,experimental_summary,<not_applicable>,quarantined,1
observations,<not_applicable>,pk_adme,Activity,omegacm2,=,pk_adme,SRC-AF728821208AC735AEE2E0D1,<missing>,unknown,experimental_summary,<not_applicable>,quarantined,6
observations,<not_applicable>,pk_adme,Activity,pm/mg,<,pk_adme,SRC-AF728821208AC735AEE2E0D1,<missing>,unknown,experimental_summary,<not_applicable>,quarantined,2
observations,<not_applicable>,pk_adme,Activity,pm/mg,>,pk_adme,SRC-AF728821208AC735AEE2E0D1,<missing>,unknown,experimental_summary,<not_applicable>,quarantined,2
observations,<not_applicable>,pk_adme,Activity,pm/min/mg,=,pk_adme,SRC-AF728821208AC735AEE2E0D1,<missing>,unknown,experimental_summary,<not_applicable>,quarantined,1
observations,<not_applicable>,pk_adme,Activity,pm/min/ml,=,pk_adme,SRC-AF728821208AC735AEE2E0D1,<missing>,unknown,experimental_summary,<not_applicable>,quarantined,1
observations,<not_applicable>,pk_adme,Activity,pmol,=,pk_adme,SRC-AF728821208AC735AEE2E0D1,<missing>,unknown,experimental_summary,<not_applicable>,quarantined,54
observations,<not_applicable>,pk_adme,Activity,pmol/hr,=,pk_adme,SRC-AF728821208AC735AEE2E0D1,<missing>,unknown,experimental_summary,<not_applicable>,quarantined,3
observations,<not_applicable>,pk_adme,Activity,pmol/mg,<,pk_adme,SRC-AF728821208AC735AEE2E0D1,<missing>,unknown,experimental_summary,<not_applicable>,quarantined,1
observations,<not_applicable>,pk_adme,Activity,pmol/mg,=,pk_adme,SRC-AF728821208AC735AEE2E0D1,<missing>,unknown,experimental_summary,<not_applicable>,quarantined,40
observations,<not_applicable>,pk_adme,Activity,pmol/mg/hr,<,pk_adme,SRC-AF728821208AC735AEE2E0D1,<missing>,unknown,experimental_summary,<not_applicable>,quarantined,1
observations,<not_applicable>,pk_adme,Activity,pmol/mg/hr,=,pk_adme,SRC-AF728821208AC735AEE2E0D1,<missing>,unknown,experimental_summary,<not_applicable>,quarantined,19
observations,<not_applicable>,pk_adme,Activity,pmol/mg/min,=,pk_adme,SRC-AF728821208AC735AEE2E0D1,<missing>,unknown,experimental_summary,<not_applicable>,quarantined,15
observations,<not_applicable>,pk_adme,Activity,pmol/min,=,pk_adme,SRC-AF728821208AC735AEE2E0D1,<missing>,unknown,experimental_summary,<not_applicable>,quarantined,20
observations,<not_applicable>,pk_adme,Activity,pmol/min/mg,<,pk_adme,SRC-AF728821208AC735AEE2E0D1,<missing>,unknown,experimental_summary,<not_applicable>,quarantined,1
observations,<not_applicable>,pk_adme,Activity,pmol/min/mg,=,pk_adme,SRC-AF728821208AC735AEE2E0D1,<missing>,unknown,experimental_summary,<not_applicable>,quarantined,11
observations,<not_applicable>,pk_adme,Activity,pmol/min/ug,=,pk_adme,SRC-AF728821208AC735AEE2E0D1,<missing>,unknown,experimental_summary,<not_applicable>,quarantined,6
observations,<not_applicable>,pk_adme,Activity,pmolequiv,=,pk_adme,SRC-AF728821208AC735AEE2E0D1,<missing>,unknown,experimental_summary,<not_applicable>,quarantined,2
observations,<not_applicable>,pk_adme,Activity,pmolequiv/mg,=,pk_adme,SRC-AF728821208AC735AEE2E0D1,<missing>,unknown,experimental_summary,<not_applicable>,quarantined,12
observations,<not_applicable>,pk_adme,Activity,ppm,=,pk_adme,SRC-AF728821208AC735AEE2E0D1,<missing>,unknown,experimental_summary,<not_applicable>,quarantined,2
observations,<not_applicable>,pk_adme,Activity,rfu,=,pk_adme,SRC-AF728821208AC735AEE2E0D1,<missing>,unknown,experimental_summary,<not_applicable>,quarantined,3
observations,<not_applicable>,pk_adme,Activity,u/l,=,pk_adme,SRC-AF728821208AC735AEE2E0D1,<missing>,unknown,experimental_summary,<not_applicable>,quarantined,13
observations,<not_applicable>,pk_adme,Activity,uM,<,pk_adme,SRC-AF728821208AC735AEE2E0D1,<missing>,unknown,experimental_summary,<not_applicable>,quarantined,2
observations,<not_applicable>,pk_adme,Activity,uM,=,pk_adme,SRC-AF728821208AC735AEE2E0D1,<missing>,unknown,experimental_summary,<not_applicable>,quarantined,71
observations,<not_applicable>,pk_adme,Activity,uM,>,pk_adme,SRC-AF728821208AC735AEE2E0D1,<missing>,unknown,experimental_summary,<not_applicable>,quarantined,14
observations,<not_applicable>,pk_adme,Activity,uM,>,pk_adme,SRC-AF728821208AC735AEE2E0D1,preclinical_in_vitro,unknown,experimental_summary,<not_applicable>,quarantined,4
observations,<not_applicable>,pk_adme,Activity,ug,=,pk_adme,SRC-AF728821208AC735AEE2E0D1,<missing>,unknown,experimental_summary,<not_applicable>,quarantined,25
observations,<not_applicable>,pk_adme,Activity,ugml-1,=,pk_adme,SRC-AF728821208AC735AEE2E0D1,<missing>,unknown,experimental_summary,<not_applicable>,quarantined,1
observations,<not_applicable>,pk_adme,Activity_index,%,=,pk_adme,SRC-AF728821208AC735AEE2E0D1,<missing>,unknown,experimental_summary,<not_applicable>,quarantined,5
observations,<not_applicable>,pk_adme,Activity_index,<missing>,=,pk_adme,SRC-AF728821208AC735AEE2E0D1,<missing>,unknown,experimental_summary,<not_applicable>,quarantined,4
observations,<not_applicable>,pk_adme,Alpha Ki,M,=,pk_adme,SRC-AF728821208AC735AEE2E0D1,<missing>,unknown,experimental_summary,<not_applicable>,quarantined,13
observations,<not_applicable>,pk_adme,Alpha Ki,M,not_reported,pk_adme,SRC-AF728821208AC735AEE2E0D1,<missing>,unknown,experimental_summary,<not_applicable>,quarantined,1
observations,<not_applicable>,pk_adme,Amount,pM,=,pk_adme,SRC-AF728821208AC735AEE2E0D1,<missing>,unknown,experimental_summary,<not_applicable>,quarantined,6
observations,<not_applicable>,pk_adme,Amount of metabolite,nmml-1,=,pk_adme,SRC-AF728821208AC735AEE2E0D1,<missing>,unknown,experimental_summary,<not_applicable>,quarantined,10
observations,<not_applicable>,pk_adme,Augmentation,%,=,pk_adme,SRC-AF728821208AC735AEE2E0D1,<missing>,unknown,experimental_summary,<not_applicable>,quarantined,4
observations,<not_applicable>,pk_adme,B-A/A-B,<missing>,=,pk_adme,SRC-AF728821208AC735AEE2E0D1,<missing>,unknown,experimental_summary,<not_applicable>,quarantined,5
observations,<not_applicable>,pk_adme,BA,%,=,pk_adme,SRC-AF728821208AC735AEE2E0D1,<missing>,unknown,experimental_summary,<not_applicable>,quarantined,63
observations,<not_applicable>,pk_adme,BA,%,not_reported,pk_adme,SRC-AF728821208AC735AEE2E0D1,<missing>,unknown,experimental_summary,<not_applicable>,quarantined,16
observations,<not_applicable>,pk_adme,BAV,%,=,pk_adme,SRC-AF728821208AC735AEE2E0D1,<missing>,unknown,experimental_summary,<not_applicable>,quarantined,5
observations,<not_applicable>,pk_adme,BAV,%,not_reported,pk_adme,SRC-AF728821208AC735AEE2E0D1,<missing>,unknown,experimental_summary,<not_applicable>,quarantined,1
observations,<not_applicable>,pk_adme,BBB,%,=,pk_adme,SRC-AF728821208AC735AEE2E0D1,<missing>,unknown,experimental_summary,<not_applicable>,quarantined,1
observations,<not_applicable>,pk_adme,BBB,10'-3cm/min,=,pk_adme,SRC-AF728821208AC735AEE2E0D1,<missing>,unknown,experimental_summary,<not_applicable>,quarantined,1
observations,<not_applicable>,pk_adme,BBB,10^-6cm/s,=,pk_adme,SRC-AF728821208AC735AEE2E0D1,<missing>,unknown,experimental_summary,<not_applicable>,quarantined,3
observations,<not_applicable>,pk_adme,BBR,<missing>,=,pk_adme,SRC-AF728821208AC735AEE2E0D1,<missing>,unknown,experimental_summary,<not_applicable>,quarantined,3
observations,<not_applicable>,pk_adme,BPR,<missing>,=,pk_adme,SRC-AF728821208AC735AEE2E0D1,<missing>,unknown,experimental_summary,<not_applicable>,quarantined,5
observations,<not_applicable>,pk_adme,Ba,%,=,pk_adme,SRC-AF728821208AC735AEE2E0D1,<missing>,unknown,experimental_summary,<not_applicable>,quarantined,7
observations,<not_applicable>,pk_adme,Binding,%,=,pk_adme,SRC-AF728821208AC735AEE2E0D1,<missing>,unknown,experimental_summary,<not_applicable>,quarantined,94
observations,<not_applicable>,pk_adme,Binding,%,not_reported,pk_adme,SRC-AF728821208AC735AEE2E0D1,<missing>,unknown,experimental_summary,<not_applicable>,quarantined,3
observations,<not_applicable>,pk_adme,Binding,<missing>,=,pk_adme,SRC-AF728821208AC735AEE2E0D1,<missing>,unknown,experimental_summary,<not_applicable>,quarantined,4
observations,<not_applicable>,pk_adme,Binding,pm30min-1(mgofdna)-1,=,pk_adme,SRC-AF728821208AC735AEE2E0D1,<missing>,unknown,experimental_summary,<not_applicable>,quarantined,18
observations,<not_applicable>,pk_adme,Bioavailability Increase,%,=,pk_adme,SRC-AF728821208AC735AEE2E0D1,<missing>,unknown,experimental_summary,<not_applicable>,quarantined,2
observations,<not_applicable>,pk_adme,Bmax,fmol/mg,=,pk_adme,SRC-AF728821208AC735AEE2E0D1,<missing>,unknown,experimental_summary,<not_applicable>,quarantined,1
observations,<not_applicable>,pk_adme,Bound,%,=,pk_adme,SRC-AF728821208AC735AEE2E0D1,<missing>,unknown,experimental_summary,<not_applicable>,quarantined,104
observations,<not_applicable>,pk_adme,Bound,%,>,pk_adme,SRC-AF728821208AC735AEE2E0D1,<missing>,unknown,experimental_summary,<not_applicable>,quarantined,1
observations,<not_applicable>,pk_adme,Bound,<missing>,not_reported,pk_adme,SRC-AF728821208AC735AEE2E0D1,<missing>,unknown,experimental_summary,<not_applicable>,quarantined,1
observations,<not_applicable>,pk_adme,Brain level,ugweight-1,=,pk_adme,SRC-AF728821208AC735AEE2E0D1,<missing>,unknown,experimental_summary,<not_applicable>,quarantined,8
observations,<not_applicable>,pk_adme,C8h,uM,=,pk_adme,SRC-AF728821208AC735AEE2E0D1,<missing>,unknown,experimental_summary,<not_applicable>,quarantined,20
observations,<not_applicable>,pk_adme,CC50,<missing>,not_reported,pk_adme,SRC-AF728821208AC735AEE2E0D1,<missing>,unknown,experimental_summary,<not_applicable>,quarantined,12
observations,<not_applicable>,pk_adme,CC50,nM,=,pk_adme,SRC-AF728821208AC735AEE2E0D1,<missing>,unknown,experimental_summary,<not_applicable>,quarantined,104
observations,<not_applicable>,pk_adme,CC50,nM,>,pk_adme,SRC-AF728821208AC735AEE2E0D1,<missing>,unknown,experimental_summary,<not_applicable>,quarantined,130
observations,<not_applicable>,pk_adme,CC50,nM,>=,pk_adme,SRC-AF728821208AC735AEE2E0D1,<missing>,unknown,experimental_summary,<not_applicable>,quarantined,1
observations,<not_applicable>,pk_adme,CC50,nM,not_reported,pk_adme,SRC-AF728821208AC735AEE2E0D1,<missing>,unknown,experimental_summary,<not_applicable>,quarantined,2
observations,<not_applicable>,pk_adme,CE logK',<missing>,=,pk_adme,SRC-AF728821208AC735AEE2E0D1,<missing>,unknown,experimental_summary,<not_applicable>,quarantined,18
observations,<not_applicable>,pk_adme,CI,mlmin-1kg-1,=,pk_adme,SRC-AF728821208AC735AEE2E0D1,<missing>,unknown,experimental_summary,<not_applicable>,quarantined,3
observations,<not_applicable>,pk_adme,CL,%,<,pk_adme,SRC-AF728821208AC735AEE2E0D1,<missing>,unknown,experimental_summary,<not_applicable>,quarantined,26
observations,<not_applicable>,pk_adme,CL,%,=,other_bioactivity,SRC-AF728821208AC735AEE2E0D1,<missing>,unknown,experimental_summary,<not_applicable>,quarantined,7
observations,<not_applicable>,pk_adme,CL,%,=,pk_adme,SRC-AF728821208AC735AEE2E0D1,<missing>,unknown,experimental_summary,<not_applicable>,quarantined,343
observations,<not_applicable>,pk_adme,CL,%,>,pk_adme,SRC-AF728821208AC735AEE2E0D1,<missing>,unknown,experimental_summary,<not_applicable>,quarantined,24
observations,<not_applicable>,pk_adme,CL,%,interval,pk_adme,SRC-AF728821208AC735AEE2E0D1,<missing>,unknown,experimental_summary,<not_applicable>,quarantined,13
observations,<not_applicable>,pk_adme,CL,%id,=,other_bioactivity,SRC-AF728821208AC735AEE2E0D1,<missing>,unknown,experimental_summary,<not_applicable>,quarantined,2
observations,<not_applicable>,pk_adme,CL,%id/cc,=,pk_adme,SRC-AF728821208AC735AEE2E0D1,<missing>,unknown,experimental_summary,<not_applicable>,quarantined,4
observations,<not_applicable>,pk_adme,CL,%id/g,=,pk_adme,SRC-AF728821208AC735AEE2E0D1,<missing>,unknown,experimental_summary,<not_applicable>,quarantined,3
observations,<not_applicable>,pk_adme,CL,(mg/kg)/(ng/ml)/hr,=,other_bioactivity,SRC-AF728821208AC735AEE2E0D1,<missing>,unknown,experimental_summary,<not_applicable>,quarantined,2
observations,<not_applicable>,pk_adme,CL,(mg/kg)/(ng/ml)/hr,=,pk_adme,SRC-AF728821208AC735AEE2E0D1,<missing>,unknown,experimental_summary,<not_applicable>,quarantined,1
observations,<not_applicable>,pk_adme,CL,(mg/kg)/(ug/ml)/min,=,pk_adme,SRC-AF728821208AC735AEE2E0D1,<missing>,unknown,experimental_summary,<not_applicable>,quarantined,1
observations,<not_applicable>,pk_adme,CL,(ml/min)/kg,=,pk_adme,SRC-AF728821208AC735AEE2E0D1,<missing>,unknown,experimental_summary,<not_applicable>,quarantined,1
observations,<not_applicable>,pk_adme,CL,/hr,=,pk_adme,SRC-AF728821208AC735AEE2E0D1,<missing>,unknown,experimental_summary,<not_applicable>,quarantined,1
observations,<not_applicable>,pk_adme,CL,/s,=,pk_adme,SRC-AF728821208AC735AEE2E0D1,<missing>,unknown,experimental_summary,<not_applicable>,quarantined,2
observations,<not_applicable>,pk_adme,CL,/um/min,=,pk_adme,SRC-AF728821208AC735AEE2E0D1,<missing>,unknown,experimental_summary,<not_applicable>,quarantined,20
observations,<not_applicable>,pk_adme,CL,10'-6ul/min,=,pk_adme,SRC-AF728821208AC735AEE2E0D1,<missing>,unknown,experimental_summary,<not_applicable>,quarantined,3
observations,<not_applicable>,pk_adme,CL,10^-4(mg/kg)/(ng/ml)/hr,=,pk_adme,SRC-AF728821208AC735AEE2E0D1,<missing>,unknown,experimental_summary,<not_applicable>,quarantined,1
observations,<not_applicable>,pk_adme,CL,10^-6ml/hr/kg,=,pk_adme,SRC-AF728821208AC735AEE2E0D1,<missing>,unknown,experimental_summary,<not_applicable>,quarantined,1
observations,<not_applicable>,pk_adme,CL,<missing>,=,pk_adme,SRC-AF728821208AC735AEE2E0D1,<missing>,unknown,experimental_summary,<not_applicable>,quarantined,2
observations,<not_applicable>,pk_adme,CL,<missing>,>,pk_adme,SRC-AF728821208AC735AEE2E0D1,<missing>,unknown,experimental_summary,<not_applicable>,quarantined,2
observations,<not_applicable>,pk_adme,CL,<missing>,not_reported,other_bioactivity,SRC-AF728821208AC735AEE2E0D1,<missing>,unknown,experimental_summary,<not_applicable>,quarantined,9
observations,<not_applicable>,pk_adme,CL,<missing>,not_reported,pk_adme,SRC-AF728821208AC735AEE2E0D1,<missing>,unknown,experimental_summary,<not_applicable>,quarantined,1453
observations,<not_applicable>,pk_adme,CL,<missing>,not_reported,pk_adme,SRC-AF728821208AC735AEE2E0D1,preclinical_in_vitro,unknown,experimental_summary,<not_applicable>,quarantined,2
observations,<not_applicable>,pk_adme,CL,<missing>,not_reported,pk_adme,SRC-AF728821208AC735AEE2E0D1,preclinical_in_vivo,unknown,experimental_summary,<not_applicable>,quarantined,3
observations,<not_applicable>,pk_adme,CL,L/kg,=,pk_adme,SRC-AF728821208AC735AEE2E0D1,<missing>,unknown,experimental_summary,<not_applicable>,quarantined,57
observations,<not_applicable>,pk_adme,CL,g/hr/kg,=,pk_adme,SRC-AF728821208AC735AEE2E0D1,<missing>,unknown,experimental_summary,<not_applicable>,quarantined,3
observations,<not_applicable>,pk_adme,CL,h,=,pk_adme,SRC-AF728821208AC735AEE2E0D1,<missing>,unknown,experimental_summary,<not_applicable>,quarantined,1
observations,<not_applicable>,pk_adme,CL,hr.kg/l,=,pk_adme,SRC-AF728821208AC735AEE2E0D1,<missing>,unknown,experimental_summary,<not_applicable>,quarantined,33
observations,<not_applicable>,pk_adme,CL,hr/l/kg,=,pk_adme,SRC-AF728821208AC735AEE2E0D1,<missing>,unknown,experimental_summary,<not_applicable>,quarantined,2
observations,<not_applicable>,pk_adme,CL,kg-1hr-1,=,other_bioactivity,SRC-AF728821208AC735AEE2E0D1,<missing>,unknown,experimental_summary,<not_applicable>,quarantined,1
observations,<not_applicable>,pk_adme,CL,l(minmg)-1,=,pk_adme,SRC-AF728821208AC735AEE2E0D1,<missing>,unknown,experimental_summary,<not_applicable>,quarantined,2
observations,<not_applicable>,pk_adme,CL,l.h-1,=,pk_adme,SRC-AF728821208AC735AEE2E0D1,<missing>,unknown,experimental_summary,<not_applicable>,quarantined,2
observations,<not_applicable>,pk_adme,CL,l.h/kg,=,pk_adme,SRC-AF728821208AC735AEE2E0D1,<missing>,unknown,experimental_summary,<not_applicable>,quarantined,2
observations,<not_applicable>,pk_adme,CL,l/hr,=,pk_adme,SRC-AF728821208AC735AEE2E0D1,<missing>,unknown,experimental_summary,<not_applicable>,quarantined,421
observations,<not_applicable>,pk_adme,CL,l/hr,=,pk_adme,SRC-AF728821208AC735AEE2E0D1,preclinical_in_vitro,unknown,experimental_summary,<not_applicable>,quarantined,1
observations,<not_applicable>,pk_adme,CL,l/hr,interval,pk_adme,SRC-AF728821208AC735AEE2E0D1,<missing>,unknown,experimental_summary,<not_applicable>,quarantined,5
observations,<not_applicable>,pk_adme,CL,l/hr/1.73m2,=,pk_adme,SRC-AF728821208AC735AEE2E0D1,<missing>,unknown,experimental_summary,<not_applicable>,quarantined,4
observations,<not_applicable>,pk_adme,CL,l/hr/m2,=,pk_adme,SRC-AF728821208AC735AEE2E0D1,<missing>,unknown,experimental_summary,<not_applicable>,quarantined,3
observations,<not_applicable>,pk_adme,CL,l/kg.hr,=,other_bioactivity,SRC-AF728821208AC735AEE2E0D1,<missing>,unknown,experimental_summary,<not_applicable>,quarantined,1
observations,<not_applicable>,pk_adme,CL,l/kg.hr,=,pk_adme,SRC-AF728821208AC735AEE2E0D1,<missing>,unknown,experimental_summary,<not_applicable>,quarantined,46
observations,<not_applicable>,pk_adme,CL,l/kg/min,=,pk_adme,SRC-AF728821208AC735AEE2E0D1,<missing>,unknown,experimental_summary,<not_applicable>,quarantined,2
observations,<not_applicable>,pk_adme,CL,l/min,=,pk_adme,SRC-AF728821208AC735AEE2E0D1,<missing>,unknown,experimental_summary,<not_applicable>,quarantined,92
observations,<not_applicable>,pk_adme,CL,l/min,=,pk_adme,SRC-AF728821208AC735AEE2E0D1,<missing>,unknown,experimental_summary,<not_applicable>,review,3
observations,<not_applicable>,pk_adme,CL,l/min,>,pk_adme,SRC-AF728821208AC735AEE2E0D1,<missing>,unknown,experimental_summary,<not_applicable>,quarantined,5
observations,<not_applicable>,pk_adme,CL,lhr-1,=,pk_adme,SRC-AF728821208AC735AEE2E0D1,<missing>,unknown,experimental_summary,<not_applicable>,quarantined,1
observations,<not_applicable>,pk_adme,CL,ll/min/million,=,pk_adme,SRC-AF728821208AC735AEE2E0D1,<missing>,unknown,experimental_summary,<not_applicable>,quarantined,1
observations,<not_applicable>,pk_adme,CL,mL/min/kg,<,pk_adme,SRC-AF728821208AC735AEE2E0D1,<missing>,unknown,experimental_summary,<not_applicable>,included,1714
observations,<not_applicable>,pk_adme,CL,mL/min/kg,<,pk_adme,SRC-AF728821208AC735AEE2E0D1,<missing>,unknown,experimental_summary,<not_applicable>,quarantined,27
observations,<not_applicable>,pk_adme,CL,mL/min/kg,<,pk_adme,SRC-AF728821208AC735AEE2E0D1,preclinical_in_vivo,unknown,experimental_summary,<not_applicable>,quarantined,1
observations,<not_applicable>,pk_adme,CL,mL/min/kg,<=,pk_adme,SRC-AF728821208AC735AEE2E0D1,<missing>,unknown,experimental_summary,<not_applicable>,included,15
observations,<not_applicable>,pk_adme,CL,mL/min/kg,<=,pk_adme,SRC-AF728821208AC735AEE2E0D1,<missing>,unknown,experimental_summary,<not_applicable>,quarantined,3
observations,<not_applicable>,pk_adme,CL,mL/min/kg,=,other_bioactivity,SRC-AF728821208AC735AEE2E0D1,<missing>,unknown,experimental_summary,<not_applicable>,included,12
observations,<not_applicable>,pk_adme,CL,mL/min/kg,=,other_bioactivity,SRC-AF728821208AC735AEE2E0D1,<missing>,unknown,experimental_summary,<not_applicable>,quarantined,53
observations,<not_applicable>,pk_adme,CL,mL/min/kg,=,other_bioactivity,SRC-AF728821208AC735AEE2E0D1,preclinical_in_vivo,unknown,experimental_summary,<not_applicable>,included,1
observations,<not_applicable>,pk_adme,CL,mL/min/kg,=,pk_adme,SRC-AF728821208AC735AEE2E0D1,<missing>,unknown,experimental_summary,<not_applicable>,included,19402
observations,<not_applicable>,pk_adme,CL,mL/min/kg,=,pk_adme,SRC-AF728821208AC735AEE2E0D1,<missing>,unknown,experimental_summary,<not_applicable>,quarantined,25205
observations,<not_applicable>,pk_adme,CL,mL/min/kg,=,pk_adme,SRC-AF728821208AC735AEE2E0D1,<missing>,unknown,experimental_summary,<not_applicable>,review,67
observations,<not_applicable>,pk_adme,CL,mL/min/kg,=,pk_adme,SRC-AF728821208AC735AEE2E0D1,preclinical_in_vivo,unknown,experimental_summary,<not_applicable>,included,49
observations,<not_applicable>,pk_adme,CL,mL/min/kg,=,pk_adme,SRC-AF728821208AC735AEE2E0D1,preclinical_in_vivo,unknown,experimental_summary,<not_applicable>,quarantined,147
observations,<not_applicable>,pk_adme,CL,mL/min/kg,=,pk_adme,SRC-AF728821208AC735AEE2E0D1,preclinical_in_vivo,unknown,experimental_summary,<not_applicable>,review,1
observations,<not_applicable>,pk_adme,CL,mL/min/kg,>,pk_adme,SRC-AF728821208AC735AEE2E0D1,<missing>,unknown,experimental_summary,<not_applicable>,included,334
observations,<not_applicable>,pk_adme,CL,mL/min/kg,>,pk_adme,SRC-AF728821208AC735AEE2E0D1,<missing>,unknown,experimental_summary,<not_applicable>,quarantined,89
observations,<not_applicable>,pk_adme,CL,mL/min/kg,>,pk_adme,SRC-AF728821208AC735AEE2E0D1,<missing>,unknown,experimental_summary,<not_applicable>,review,15
observations,<not_applicable>,pk_adme,CL,mL/min/kg,>,pk_adme,SRC-AF728821208AC735AEE2E0D1,preclinical_in_vivo,unknown,experimental_summary,<not_applicable>,quarantined,2
observations,<not_applicable>,pk_adme,CL,mL/min/kg,>=,pk_adme,SRC-AF728821208AC735AEE2E0D1,<missing>,unknown,experimental_summary,<not_applicable>,included,19
observations,<not_applicable>,pk_adme,CL,mL/min/kg,interval,pk_adme,SRC-AF728821208AC735AEE2E0D1,<missing>,unknown,experimental_summary,<not_applicable>,included,40
observations,<not_applicable>,pk_adme,CL,mL/min/kg,interval,pk_adme,SRC-AF728821208AC735AEE2E0D1,<missing>,unknown,experimental_summary,<not_applicable>,quarantined,23
observations,<not_applicable>,pk_adme,CL,mL/min/kg,not_reported,pk_adme,SRC-AF728821208AC735AEE2E0D1,<missing>,unknown,experimental_summary,<not_applicable>,quarantined,92
observations,<not_applicable>,pk_adme,CL,mL/min/kg,not_reported,pk_adme,SRC-AF728821208AC735AEE2E0D1,preclinical_in_vivo,unknown,experimental_summary,<not_applicable>,quarantined,5
observations,<not_applicable>,pk_adme,CL,mL/min/kg,~,pk_adme,SRC-AF728821208AC735AEE2E0D1,<missing>,unknown,experimental_summary,<not_applicable>,quarantined,1
observations,<not_applicable>,pk_adme,CL,mL/min/kg,~,pk_adme,SRC-AF728821208AC735AEE2E0D1,<missing>,unknown,experimental_summary,<not_applicable>,review,2
observations,<not_applicable>,pk_adme,CL,meq/l,=,other_bioactivity,SRC-AF728821208AC735AEE2E0D1,<missing>,unknown,experimental_summary,<not_applicable>,quarantined,4773
observations,<not_applicable>,pk_adme,CL,mg/hr/kg,=,pk_adme,SRC-AF728821208AC735AEE2E0D1,<missing>,unknown,experimental_summary,<not_applicable>,quarantined,1
observations,<not_applicable>,pk_adme,CL,mg/kg/hr,=,pk_adme,SRC-AF728821208AC735AEE2E0D1,<missing>,unknown,experimental_summary,<not_applicable>,quarantined,1
observations,<not_applicable>,pk_adme,CL,mg/kg/microm.hrs,=,pk_adme,SRC-AF728821208AC735AEE2E0D1,<missing>,unknown,experimental_summary,<not_applicable>,quarantined,1
observations,<not_applicable>,pk_adme,CL,mg/kg/min,=,pk_adme,SRC-AF728821208AC735AEE2E0D1,<missing>,unknown,experimental_summary,<not_applicable>,quarantined,4
observations,<not_applicable>,pk_adme,CL,mg/min/kg,=,pk_adme,SRC-AF728821208AC735AEE2E0D1,<missing>,unknown,experimental_summary,<not_applicable>,quarantined,7
observations,<not_applicable>,pk_adme,CL,mg/ml/g,<,pk_adme,SRC-AF728821208AC735AEE2E0D1,<missing>,unknown,experimental_summary,<not_applicable>,quarantined,2
observations,<not_applicable>,pk_adme,CL,mg/ml/g,=,pk_adme,SRC-AF728821208AC735AEE2E0D1,<missing>,unknown,experimental_summary,<not_applicable>,quarantined,2
observations,<not_applicable>,pk_adme,CL,mg/ml/kg,=,pk_adme,SRC-AF728821208AC735AEE2E0D1,<missing>,unknown,experimental_summary,<not_applicable>,quarantined,12
observations,<not_applicable>,pk_adme,CL,mg/ng/ml/hr,=,pk_adme,SRC-AF728821208AC735AEE2E0D1,<missing>,unknown,experimental_summary,<not_applicable>,quarantined,4
observations,<not_applicable>,pk_adme,CL,mgkg-1,=,pk_adme,SRC-AF728821208AC735AEE2E0D1,<missing>,unknown,experimental_summary,<not_applicable>,quarantined,1
observations,<not_applicable>,pk_adme,CL,mgmin-1kg-1,=,pk_adme,SRC-AF728821208AC735AEE2E0D1,<missing>,unknown,experimental_summary,<not_applicable>,quarantined,7
observations,<not_applicable>,pk_adme,CL,mgml-1kg-1,=,pk_adme,SRC-AF728821208AC735AEE2E0D1,preclinical_in_vivo,unknown,experimental_summary,<not_applicable>,quarantined,14
observations,<not_applicable>,pk_adme,CL,microg/hr/ml,=,pk_adme,SRC-AF728821208AC735AEE2E0D1,<missing>,unknown,experimental_summary,<not_applicable>,quarantined,5
observations,<not_applicable>,pk_adme,CL,microl/ml/min,=,pk_adme,SRC-AF728821208AC735AEE2E0D1,<missing>,unknown,experimental_summary,<not_applicable>,quarantined,3
observations,<not_applicable>,pk_adme,CL,microm/min/mg,=,pk_adme,SRC-AF728821208AC735AEE2E0D1,<missing>,unknown,experimental_summary,<not_applicable>,quarantined,9
observations,<not_applicable>,pk_adme,CL,microm/min/mg,>,pk_adme,SRC-AF728821208AC735AEE2E0D1,<missing>,unknown,experimental_summary,<not_applicable>,quarantined,2
observations,<not_applicable>,pk_adme,CL,micromol.hr/l/mg/kg,=,pk_adme,SRC-AF728821208AC735AEE2E0D1,<missing>,unknown,experimental_summary,<not_applicable>,quarantined,1
observations,<not_applicable>,pk_adme,CL,min,=,pk_adme,SRC-AF728821208AC735AEE2E0D1,<missing>,unknown,experimental_summary,<not_applicable>,quarantined,1
observations,<not_applicable>,pk_adme,CL,min.kg/l,=,pk_adme,SRC-AF728821208AC735AEE2E0D1,<missing>,unknown,experimental_summary,<not_applicable>,quarantined,4
observations,<not_applicable>,pk_adme,CL,min.ug/ml,=,pk_adme,SRC-AF728821208AC735AEE2E0D1,<missing>,unknown,experimental_summary,<not_applicable>,quarantined,1
observations,<not_applicable>,pk_adme,CL,min/ml/kg,=,pk_adme,SRC-AF728821208AC735AEE2E0D1,<missing>,unknown,experimental_summary,<not_applicable>,quarantined,23
observations,<not_applicable>,pk_adme,CL,ml,=,pk_adme,SRC-AF728821208AC735AEE2E0D1,<missing>,unknown,experimental_summary,<not_applicable>,quarantined,1
observations,<not_applicable>,pk_adme,CL,ml.kg/min,=,pk_adme,SRC-AF728821208AC735AEE2E0D1,<missing>,unknown,experimental_summary,<not_applicable>,quarantined,13
observations,<not_applicable>,pk_adme,CL,ml.min,interval,pk_adme,SRC-AF728821208AC735AEE2E0D1,<missing>,unknown,experimental_summary,<not_applicable>,quarantined,1
observations,<not_applicable>,pk_adme,CL,ml.min-1,=,pk_adme,SRC-AF728821208AC735AEE2E0D1,<missing>,unknown,experimental_summary,<not_applicable>,quarantined,4
observations,<not_applicable>,pk_adme,CL,ml.min-1.g-1,<,other_bioactivity,SRC-AF728821208AC735AEE2E0D1,<missing>,unknown,experimental_summary,<not_applicable>,quarantined,9
observations,<not_applicable>,pk_adme,CL,ml.min-1.g-1,<,pk_adme,SRC-AF728821208AC735AEE2E0D1,<missing>,unknown,experimental_summary,<not_applicable>,quarantined,4043
observations,<not_applicable>,pk_adme,CL,ml.min-1.g-1,<,pk_adme,SRC-AF728821208AC735AEE2E0D1,preclinical_in_vitro,unknown,experimental_summary,<not_applicable>,quarantined,6
observations,<not_applicable>,pk_adme,CL,ml.min-1.g-1,<=,pk_adme,SRC-AF728821208AC735AEE2E0D1,<missing>,unknown,experimental_summary,<not_applicable>,quarantined,44
observations,<not_applicable>,pk_adme,CL,ml.min-1.g-1,=,other_bioactivity,SRC-AF728821208AC735AEE2E0D1,<missing>,unknown,experimental_summary,<not_applicable>,quarantined,178
observations,<not_applicable>,pk_adme,CL,ml.min-1.g-1,=,pk_adme,SRC-AF728821208AC735AEE2E0D1,<missing>,unknown,experimental_summary,<not_applicable>,quarantined,23287
observations,<not_applicable>,pk_adme,CL,ml.min-1.g-1,=,pk_adme,SRC-AF728821208AC735AEE2E0D1,preclinical_in_vitro,unknown,experimental_summary,<not_applicable>,quarantined,89
observations,<not_applicable>,pk_adme,CL,ml.min-1.g-1,=,pk_adme,SRC-AF728821208AC735AEE2E0D1,preclinical_in_vivo,unknown,experimental_summary,<not_applicable>,quarantined,3
observations,<not_applicable>,pk_adme,CL,ml.min-1.g-1,>,pk_adme,SRC-AF728821208AC735AEE2E0D1,<missing>,unknown,experimental_summary,<not_applicable>,quarantined,1102
observations,<not_applicable>,pk_adme,CL,ml.min-1.g-1,>=,pk_adme,SRC-AF728821208AC735AEE2E0D1,<missing>,unknown,experimental_summary,<not_applicable>,quarantined,31
observations,<not_applicable>,pk_adme,CL,ml.min-1.g-1,interval,pk_adme,SRC-AF728821208AC735AEE2E0D1,<missing>,unknown,experimental_summary,<not_applicable>,quarantined,30
observations,<not_applicable>,pk_adme,CL,ml.min-1.g-1,not_reported,pk_adme,SRC-AF728821208AC735AEE2E0D1,<missing>,unknown,experimental_summary,<not_applicable>,quarantined,10
observations,<not_applicable>,pk_adme,CL,ml.min-1.g-1,~,pk_adme,SRC-AF728821208AC735AEE2E0D1,<missing>,unknown,experimental_summary,<not_applicable>,quarantined,2
observations,<not_applicable>,pk_adme,CL,ml.min/kg,=,pk_adme,SRC-AF728821208AC735AEE2E0D1,<missing>,unknown,experimental_summary,<not_applicable>,quarantined,44
observations,<not_applicable>,pk_adme,CL,ml/hr,=,pk_adme,SRC-AF728821208AC735AEE2E0D1,<missing>,unknown,experimental_summary,<not_applicable>,quarantined,80
observations,<not_applicable>,pk_adme,CL,ml/hr/mg,=,pk_adme,SRC-AF728821208AC735AEE2E0D1,<missing>,unknown,experimental_summary,<not_applicable>,quarantined,6
observations,<not_applicable>,pk_adme,CL,ml/kg,=,pk_adme,SRC-AF728821208AC735AEE2E0D1,<missing>,unknown,experimental_summary,<not_applicable>,quarantined,3
observations,<not_applicable>,pk_adme,CL,ml/kg.hr,=,pk_adme,SRC-AF728821208AC735AEE2E0D1,<missing>,unknown,experimental_summary,<not_applicable>,quarantined,15
observations,<not_applicable>,pk_adme,CL,ml/kg.min,=,pk_adme,SRC-AF728821208AC735AEE2E0D1,<missing>,unknown,experimental_summary,<not_applicable>,quarantined,33
observations,<not_applicable>,pk_adme,CL,ml/kg.min,>,pk_adme,SRC-AF728821208AC735AEE2E0D1,<missing>,unknown,experimental_summary,<not_applicable>,quarantined,1
observations,<not_applicable>,pk_adme,CL,ml/mg/kg,=,pk_adme,SRC-AF728821208AC735AEE2E0D1,<missing>,unknown,experimental_summary,<not_applicable>,quarantined,37
observations,<not_applicable>,pk_adme,CL,ml/min,<,pk_adme,SRC-AF728821208AC735AEE2E0D1,<missing>,unknown,experimental_summary,<not_applicable>,review,13
observations,<not_applicable>,pk_adme,CL,ml/min,=,other_bioactivity,SRC-AF728821208AC735AEE2E0D1,<missing>,unknown,experimental_summary,<not_applicable>,quarantined,1
observations,<not_applicable>,pk_adme,CL,ml/min,=,pk_adme,SRC-AF728821208AC735AEE2E0D1,<missing>,unknown,experimental_summary,<not_applicable>,quarantined,183
observations,<not_applicable>,pk_adme,CL,ml/min,=,pk_adme,SRC-AF728821208AC735AEE2E0D1,<missing>,unknown,experimental_summary,<not_applicable>,review,127
observations,<not_applicable>,pk_adme,CL,ml/min,=,pk_adme,SRC-AF728821208AC735AEE2E0D1,preclinical_ex_vivo,unknown,experimental_summary,<not_applicable>,review,2
observations,<not_applicable>,pk_adme,CL,ml/min,=,pk_adme,SRC-AF728821208AC735AEE2E0D1,preclinical_in_vitro,unknown,experimental_summary,<not_applicable>,quarantined,8
observations,<not_applicable>,pk_adme,CL,ml/min,interval,pk_adme,SRC-AF728821208AC735AEE2E0D1,<missing>,unknown,experimental_summary,<not_applicable>,quarantined,1
observations,<not_applicable>,pk_adme,CL,ml/min.g,<,pk_adme,SRC-AF728821208AC735AEE2E0D1,<missing>,unknown,experimental_summary,<not_applicable>,quarantined,4
observations,<not_applicable>,pk_adme,CL,ml/min.g,=,pk_adme,SRC-AF728821208AC735AEE2E0D1,<missing>,unknown,experimental_summary,<not_applicable>,quarantined,8
observations,<not_applicable>,pk_adme,CL,ml/min.g,>,pk_adme,SRC-AF728821208AC735AEE2E0D1,<missing>,unknown,experimental_summary,<not_applicable>,quarantined,1
observations,<not_applicable>,pk_adme,CL,ml/min.mg,=,pk_adme,SRC-AF728821208AC735AEE2E0D1,<missing>,unknown,experimental_summary,<not_applicable>,quarantined,5
observations,<not_applicable>,pk_adme,CL,ml/min/hr,=,pk_adme,SRC-AF728821208AC735AEE2E0D1,<missing>,unknown,experimental_summary,<not_applicable>,quarantined,4
observations,<not_applicable>,pk_adme,CL,ml/min/m2,=,pk_adme,SRC-AF728821208AC735AEE2E0D1,<missing>,unknown,experimental_summary,<not_applicable>,quarantined,15
observations,<not_applicable>,pk_adme,CL,ml/min/m2,interval,pk_adme,SRC-AF728821208AC735AEE2E0D1,<missing>,unknown,experimental_summary,<not_applicable>,quarantined,1
observations,<not_applicable>,pk_adme,CL,ml/min/nmol,=,pk_adme,SRC-AF728821208AC735AEE2E0D1,preclinical_in_vitro,unknown,experimental_summary,<not_applicable>,quarantined,4
observations,<not_applicable>,pk_adme,CL,ml/mm/kg,=,pk_adme,SRC-AF728821208AC735AEE2E0D1,<missing>,unknown,experimental_summary,<not_applicable>,quarantined,5
observations,<not_applicable>,pk_adme,CL,mlhr-1,=,pk_adme,SRC-AF728821208AC735AEE2E0D1,<missing>,unknown,experimental_summary,<not_applicable>,quarantined,1
observations,<not_applicable>,pk_adme,CL,mlkg-1,=,pk_adme,SRC-AF728821208AC735AEE2E0D1,<missing>,unknown,experimental_summary,<not_applicable>,quarantined,3
observations,<not_applicable>,pk_adme,CL,mlkg-1,not_reported,pk_adme,SRC-AF728821208AC735AEE2E0D1,<missing>,unknown,experimental_summary,<not_applicable>,quarantined,2
observations,<not_applicable>,pk_adme,CL,mlmg-1kg-1,=,pk_adme,SRC-AF728821208AC735AEE2E0D1,<missing>,unknown,experimental_summary,<not_applicable>,quarantined,5
observations,<not_applicable>,pk_adme,CL,mlmin-1,=,pk_adme,SRC-AF728821208AC735AEE2E0D1,<missing>,unknown,experimental_summary,<not_applicable>,quarantined,6
observations,<not_applicable>,pk_adme,CL,ng.hr/ml,=,pk_adme,SRC-AF728821208AC735AEE2E0D1,<missing>,unknown,experimental_summary,<not_applicable>,quarantined,4
observations,<not_applicable>,pk_adme,CL,ng/mL,=,other_bioactivity,SRC-AF728821208AC735AEE2E0D1,<missing>,unknown,experimental_summary,<not_applicable>,quarantined,3
observations,<not_applicable>,pk_adme,CL,ng/mL,=,pk_adme,SRC-AF728821208AC735AEE2E0D1,<missing>,unknown,experimental_summary,<not_applicable>,quarantined,5
observations,<not_applicable>,pk_adme,CL,ng/min/kg,=,pk_adme,SRC-AF728821208AC735AEE2E0D1,<missing>,unknown,experimental_summary,<not_applicable>,quarantined,6
observations,<not_applicable>,pk_adme,CL,ng/ml/hr,=,pk_adme,SRC-AF728821208AC735AEE2E0D1,<missing>,unknown,experimental_summary,<not_applicable>,quarantined,1
observations,<not_applicable>,pk_adme,CL,nl/min,=,pk_adme,SRC-AF728821208AC735AEE2E0D1,preclinical_in_vitro,unknown,experimental_summary,<not_applicable>,quarantined,18
observations,<not_applicable>,pk_adme,CL,nl/pmol/min,=,pk_adme,SRC-AF728821208AC735AEE2E0D1,<missing>,unknown,experimental_summary,<not_applicable>,quarantined,5
observations,<not_applicable>,pk_adme,CL,nm/min,=,pk_adme,SRC-AF728821208AC735AEE2E0D1,<missing>,unknown,experimental_summary,<not_applicable>,quarantined,4
observations,<not_applicable>,pk_adme,CL,nm/min/mg,=,pk_adme,SRC-AF728821208AC735AEE2E0D1,<missing>,unknown,experimental_summary,<not_applicable>,quarantined,1
observations,<not_applicable>,pk_adme,CL,nmol/mg.min,=,pk_adme,SRC-AF728821208AC735AEE2E0D1,<missing>,unknown,experimental_summary,<not_applicable>,quarantined,36
observations,<not_applicable>,pk_adme,CL,nmol/mg/min,=,pk_adme,SRC-AF728821208AC735AEE2E0D1,<missing>,unknown,experimental_summary,<not_applicable>,quarantined,10
observations,<not_applicable>,pk_adme,CL,nmol/min,=,other_bioactivity,SRC-AF728821208AC735AEE2E0D1,<missing>,unknown,experimental_summary,<not_applicable>,quarantined,8
observations,<not_applicable>,pk_adme,CL,nmol/min/mg,=,pk_adme,SRC-AF728821208AC735AEE2E0D1,<missing>,unknown,experimental_summary,<not_applicable>,quarantined,21
observations,<not_applicable>,pk_adme,CL,pmol/min/mg,=,pk_adme,SRC-AF728821208AC735AEE2E0D1,<missing>,unknown,experimental_summary,<not_applicable>,quarantined,4
observations,<not_applicable>,pk_adme,CL,ug.hr/ml,=,pk_adme,SRC-AF728821208AC735AEE2E0D1,<missing>,unknown,experimental_summary,<not_applicable>,quarantined,1
observations,<not_applicable>,pk_adme,CL,ug/hr,=,pk_adme,SRC-AF728821208AC735AEE2E0D1,<missing>,unknown,experimental_summary,<not_applicable>,quarantined,1
observations,<not_applicable>,pk_adme,CL,ug/min,<,pk_adme,SRC-AF728821208AC735AEE2E0D1,<missing>,unknown,experimental_summary,<not_applicable>,quarantined,26
observations,<not_applicable>,pk_adme,CL,ug/min,=,pk_adme,SRC-AF728821208AC735AEE2E0D1,<missing>,unknown,experimental_summary,<not_applicable>,quarantined,18
observations,<not_applicable>,pk_adme,CL,ug/min/mg,<,pk_adme,SRC-AF728821208AC735AEE2E0D1,<missing>,unknown,experimental_summary,<not_applicable>,quarantined,1
observations,<not_applicable>,pk_adme,CL,ug/min/mg,=,pk_adme,SRC-AF728821208AC735AEE2E0D1,<missing>,unknown,experimental_summary,<not_applicable>,quarantined,14
observations,<not_applicable>,pk_adme,CL,ug/min/mg,>,pk_adme,SRC-AF728821208AC735AEE2E0D1,<missing>,unknown,experimental_summary,<not_applicable>,quarantined,1
observations,<not_applicable>,pk_adme,CL,ug/ml/hr,=,pk_adme,SRC-AF728821208AC735AEE2E0D1,<missing>,unknown,experimental_summary,<not_applicable>,quarantined,1
observations,<not_applicable>,pk_adme,CL,ugml-1,<,pk_adme,SRC-AF728821208AC735AEE2E0D1,<missing>,unknown,experimental_summary,<not_applicable>,quarantined,10
observations,<not_applicable>,pk_adme,CL,ugml-1,=,pk_adme,SRC-AF728821208AC735AEE2E0D1,<missing>,unknown,experimental_summary,<not_applicable>,quarantined,76
observations,<not_applicable>,pk_adme,CL,ul.min-1.(10^6cells)-1,<,pk_adme,SRC-AF728821208AC735AEE2E0D1,<missing>,unknown,experimental_summary,<not_applicable>,quarantined,311
observations,<not_applicable>,pk_adme,CL,ul.min-1.(10^6cells)-1,=,other_bioactivity,SRC-AF728821208AC735AEE2E0D1,<missing>,unknown,experimental_summary,<not_applicable>,quarantined,1
observations,<not_applicable>,pk_adme,CL,ul.min-1.(10^6cells)-1,=,pk_adme,SRC-AF728821208AC735AEE2E0D1,<missing>,unknown,experimental_summary,<not_applicable>,quarantined,1276
observations,<not_applicable>,pk_adme,CL,ul.min-1.(10^6cells)-1,>,pk_adme,SRC-AF728821208AC735AEE2E0D1,<missing>,unknown,experimental_summary,<not_applicable>,quarantined,148
observations,<not_applicable>,pk_adme,CL,ul.min-1.(10^6cells)-1,not_reported,pk_adme,SRC-AF728821208AC735AEE2E0D1,<missing>,unknown,experimental_summary,<not_applicable>,quarantined,1
observations,<not_applicable>,pk_adme,CL,ul.min.nmol-1,=,pk_adme,SRC-AF728821208AC735AEE2E0D1,<missing>,unknown,experimental_summary,<not_applicable>,quarantined,9
observations,<not_applicable>,pk_adme,CL,ul/mg/min,<,pk_adme,SRC-AF728821208AC735AEE2E0D1,<missing>,unknown,experimental_summary,<not_applicable>,quarantined,2
observations,<not_applicable>,pk_adme,CL,ul/mg/min,=,pk_adme,SRC-AF728821208AC735AEE2E0D1,<missing>,unknown,experimental_summary,<not_applicable>,quarantined,4
observations,<not_applicable>,pk_adme,CL,ul/min,<,pk_adme,SRC-AF728821208AC735AEE2E0D1,<missing>,unknown,experimental_summary,<not_applicable>,quarantined,26
observations,<not_applicable>,pk_adme,CL,ul/min,<=,pk_adme,SRC-AF728821208AC735AEE2E0D1,<missing>,unknown,experimental_summary,<not_applicable>,quarantined,1
observations,<not_applicable>,pk_adme,CL,ul/min,=,pk_adme,SRC-AF728821208AC735AEE2E0D1,<missing>,unknown,experimental_summary,<not_applicable>,quarantined,318
observations,<not_applicable>,pk_adme,CL,ul/min,=,pk_adme,SRC-AF728821208AC735AEE2E0D1,preclinical_in_vitro,unknown,experimental_summary,<not_applicable>,quarantined,77
observations,<not_applicable>,pk_adme,CL,ul/min.ml,=,pk_adme,SRC-AF728821208AC735AEE2E0D1,<missing>,unknown,experimental_summary,<not_applicable>,quarantined,4
observations,<not_applicable>,pk_adme,CL,ul/min/pmol,<,pk_adme,SRC-AF728821208AC735AEE2E0D1,<missing>,unknown,experimental_summary,<not_applicable>,quarantined,4
observations,<not_applicable>,pk_adme,CL,ul/min/pmol,=,pk_adme,SRC-AF728821208AC735AEE2E0D1,preclinical_in_vitro,unknown,experimental_summary,<not_applicable>,quarantined,4
observations,<not_applicable>,pk_adme,CL,ul/ml,<,pk_adme,SRC-AF728821208AC735AEE2E0D1,<missing>,unknown,experimental_summary,<not_applicable>,quarantined,2
observations,<not_applicable>,pk_adme,CL,ul/ml,=,pk_adme,SRC-AF728821208AC735AEE2E0D1,<missing>,unknown,experimental_summary,<not_applicable>,quarantined,4
observations,<not_applicable>,pk_adme,CL,ul/ml.millig,=,pk_adme,SRC-AF728821208AC735AEE2E0D1,<missing>,unknown,experimental_summary,<not_applicable>,quarantined,20
observations,<not_applicable>,pk_adme,CL,ul/ml/kg,<,pk_adme,SRC-AF728821208AC735AEE2E0D1,<missing>,unknown,experimental_summary,<not_applicable>,quarantined,3
observations,<not_applicable>,pk_adme,CL,ul/ml/kg,=,pk_adme,SRC-AF728821208AC735AEE2E0D1,<missing>,unknown,experimental_summary,<not_applicable>,quarantined,36
observations,<not_applicable>,pk_adme,CL,ul/ml/kg,>,pk_adme,SRC-AF728821208AC735AEE2E0D1,<missing>,unknown,experimental_summary,<not_applicable>,quarantined,11
observations,<not_applicable>,pk_adme,CL,um.hr,=,pk_adme,SRC-AF728821208AC735AEE2E0D1,<missing>,unknown,experimental_summary,<not_applicable>,quarantined,1
observations,<not_applicable>,pk_adme,CL,umol/min/mg,<,pk_adme,SRC-AF728821208AC735AEE2E0D1,<missing>,unknown,experimental_summary,<not_applicable>,quarantined,1
observations,<not_applicable>,pk_adme,CL free,%,=,pk_adme,SRC-AF728821208AC735AEE2E0D1,<missing>,unknown,experimental_summary,<not_applicable>,quarantined,1
observations,<not_applicable>,pk_adme,CL free,10^3ul/min,=,pk_adme,SRC-AF728821208AC735AEE2E0D1,<missing>,unknown,experimental_summary,<not_applicable>,quarantined,9
observations,<not_applicable>,pk_adme,CL free,10^3ul/min/mg,=,pk_adme,SRC-AF728821208AC735AEE2E0D1,<missing>,unknown,experimental_summary,<not_applicable>,quarantined,11
observations,<not_applicable>,pk_adme,CL free,10^3ul/min/mg,>,pk_adme,SRC-AF728821208AC735AEE2E0D1,<missing>,unknown,experimental_summary,<not_applicable>,quarantined,4
observations,<not_applicable>,pk_adme,CL free,10^4ul/min/mg,=,pk_adme,SRC-AF728821208AC735AEE2E0D1,<missing>,unknown,experimental_summary,<not_applicable>,quarantined,1
observations,<not_applicable>,pk_adme,CL free,<missing>,not_reported,pk_adme,SRC-AF728821208AC735AEE2E0D1,<missing>,unknown,experimental_summary,<not_applicable>,quarantined,42
observations,<not_applicable>,pk_adme,CL free,nmol/min/mg,=,pk_adme,SRC-AF728821208AC735AEE2E0D1,<missing>,unknown,experimental_summary,<not_applicable>,quarantined,2
observations,<not_applicable>,pk_adme,CL free,ul/hr/10^6cells,=,pk_adme,SRC-AF728821208AC735AEE2E0D1,<missing>,unknown,experimental_summary,<not_applicable>,quarantined,4
observations,<not_applicable>,pk_adme,CL free,ul/min,<,pk_adme,SRC-AF728821208AC735AEE2E0D1,<missing>,unknown,experimental_summary,<not_applicable>,quarantined,4
observations,<not_applicable>,pk_adme,CL free,ul/min,=,pk_adme,SRC-AF728821208AC735AEE2E0D1,<missing>,unknown,experimental_summary,<not_applicable>,quarantined,95
observations,<not_applicable>,pk_adme,CL(app),<missing>,not_reported,pk_adme,SRC-AF728821208AC735AEE2E0D1,<missing>,unknown,experimental_summary,<not_applicable>,quarantined,2
observations,<not_applicable>,pk_adme,CL(app),ul/min,=,pk_adme,SRC-AF728821208AC735AEE2E0D1,<missing>,unknown,experimental_summary,<not_applicable>,quarantined,7
observations,<not_applicable>,pk_adme,CL-renal,l/hr,interval,pk_adme,SRC-AF728821208AC735AEE2E0D1,<missing>,unknown,experimental_summary,<not_applicable>,quarantined,1
observations,<not_applicable>,pk_adme,CL-renal,ml/min,=,pk_adme,SRC-AF728821208AC735AEE2E0D1,<missing>,unknown,experimental_summary,<not_applicable>,quarantined,1
observations,<not_applicable>,pk_adme,CL/F,l/hr,=,pk_adme,SRC-AF728821208AC735AEE2E0D1,<missing>,unknown,experimental_summary,<not_applicable>,quarantined,3
observations,<not_applicable>,pk_adme,CL/F,l/min,=,pk_adme,SRC-AF728821208AC735AEE2E0D1,<missing>,unknown,experimental_summary,<not_applicable>,quarantined,6
observations,<not_applicable>,pk_adme,CL/F,mL/min/kg,<,pk_adme,SRC-AF728821208AC735AEE2E0D1,<missing>,unknown,experimental_summary,<not_applicable>,quarantined,8
observations,<not_applicable>,pk_adme,CL/F,mL/min/kg,=,pk_adme,SRC-AF728821208AC735AEE2E0D1,<missing>,unknown,experimental_summary,<not_applicable>,quarantined,52
observations,<not_applicable>,pk_adme,CL/F,mL/min/kg,>,pk_adme,SRC-AF728821208AC735AEE2E0D1,<missing>,unknown,experimental_summary,<not_applicable>,quarantined,1
observations,<not_applicable>,pk_adme,CLH,%,<,pk_adme,SRC-AF728821208AC735AEE2E0D1,<missing>,unknown,experimental_summary,<not_applicable>,quarantined,83
observations,<not_applicable>,pk_adme,CLH,%,=,pk_adme,SRC-AF728821208AC735AEE2E0D1,<missing>,unknown,experimental_summary,<not_applicable>,quarantined,310
observations,<not_applicable>,pk_adme,CLH,%,>,pk_adme,SRC-AF728821208AC735AEE2E0D1,<missing>,unknown,experimental_summary,<not_applicable>,quarantined,9
observations,<not_applicable>,pk_adme,CLH,%,interval,pk_adme,SRC-AF728821208AC735AEE2E0D1,<missing>,unknown,experimental_summary,<not_applicable>,quarantined,1
observations,<not_applicable>,pk_adme,CLH,/hr,<,pk_adme,SRC-AF728821208AC735AEE2E0D1,<missing>,unknown,experimental_summary,<not_applicable>,quarantined,1
observations,<not_applicable>,pk_adme,CLH,/hr,=,pk_adme,SRC-AF728821208AC735AEE2E0D1,<missing>,unknown,experimental_summary,<not_applicable>,quarantined,11
observations,<not_applicable>,pk_adme,CLH,/min/ul,=,pk_adme,SRC-AF728821208AC735AEE2E0D1,<missing>,unknown,experimental_summary,<not_applicable>,quarantined,2
observations,<not_applicable>,pk_adme,CLH,10'-6ul/min,<,pk_adme,SRC-AF728821208AC735AEE2E0D1,<missing>,unknown,experimental_summary,<not_applicable>,quarantined,2
observations,<not_applicable>,pk_adme,CLH,10'-6ul/min,=,pk_adme,SRC-AF728821208AC735AEE2E0D1,<missing>,unknown,experimental_summary,<not_applicable>,quarantined,4
observations,<not_applicable>,pk_adme,CLH,10^-4l/hr/kg,=,pk_adme,SRC-AF728821208AC735AEE2E0D1,<missing>,unknown,experimental_summary,<not_applicable>,quarantined,1
observations,<not_applicable>,pk_adme,CLH,10^-6ul/min,<,pk_adme,SRC-AF728821208AC735AEE2E0D1,<missing>,unknown,experimental_summary,<not_applicable>,quarantined,14
observations,<not_applicable>,pk_adme,CLH,10^-6ul/min,=,pk_adme,SRC-AF728821208AC735AEE2E0D1,<missing>,unknown,experimental_summary,<not_applicable>,quarantined,19
observations,<not_applicable>,pk_adme,CLH,10^-6ul/min,>,pk_adme,SRC-AF728821208AC735AEE2E0D1,<missing>,unknown,experimental_summary,<not_applicable>,quarantined,3
observations,<not_applicable>,pk_adme,CLH,10^3ul/min,=,pk_adme,SRC-AF728821208AC735AEE2E0D1,<missing>,unknown,experimental_summary,<not_applicable>,quarantined,2
observations,<not_applicable>,pk_adme,CLH,<missing>,not_reported,pk_adme,SRC-AF728821208AC735AEE2E0D1,<missing>,unknown,experimental_summary,<not_applicable>,quarantined,2301
observations,<not_applicable>,pk_adme,CLH,g/ml/min,=,pk_adme,SRC-AF728821208AC735AEE2E0D1,<missing>,unknown,experimental_summary,<not_applicable>,quarantined,8
observations,<not_applicable>,pk_adme,CLH,l/hr,=,pk_adme,SRC-AF728821208AC735AEE2E0D1,<missing>,unknown,experimental_summary,<not_applicable>,quarantined,5
observations,<not_applicable>,pk_adme,CLH,l/hr/mg,=,pk_adme,SRC-AF728821208AC735AEE2E0D1,<missing>,unknown,experimental_summary,<not_applicable>,quarantined,2
observations,<not_applicable>,pk_adme,CLH,l/min,=,pk_adme,SRC-AF728821208AC735AEE2E0D1,<missing>,unknown,experimental_summary,<not_applicable>,quarantined,112
observations,<not_applicable>,pk_adme,CLH,l/min,>,pk_adme,SRC-AF728821208AC735AEE2E0D1,<missing>,unknown,experimental_summary,<not_applicable>,quarantined,10
observations,<not_applicable>,pk_adme,CLH,l/min/mg,<,pk_adme,SRC-AF728821208AC735AEE2E0D1,<missing>,unknown,experimental_summary,<not_applicable>,quarantined,7
observations,<not_applicable>,pk_adme,CLH,l/min/mg,=,pk_adme,SRC-AF728821208AC735AEE2E0D1,<missing>,unknown,experimental_summary,<not_applicable>,quarantined,13
observations,<not_applicable>,pk_adme,CLH,mg/kg/min,=,pk_adme,SRC-AF728821208AC735AEE2E0D1,<missing>,unknown,experimental_summary,<not_applicable>,quarantined,1
observations,<not_applicable>,pk_adme,CLH,mg/min/g,<,pk_adme,SRC-AF728821208AC735AEE2E0D1,<missing>,unknown,experimental_summary,<not_applicable>,quarantined,1
observations,<not_applicable>,pk_adme,CLH,mg/min/g,=,pk_adme,SRC-AF728821208AC735AEE2E0D1,<missing>,unknown,experimental_summary,<not_applicable>,quarantined,4
observations,<not_applicable>,pk_adme,CLH,mg/min/microl,<,pk_adme,SRC-AF728821208AC735AEE2E0D1,<missing>,unknown,experimental_summary,<not_applicable>,quarantined,1
observations,<not_applicable>,pk_adme,CLH,mg/min/microl,=,pk_adme,SRC-AF728821208AC735AEE2E0D1,<missing>,unknown,experimental_summary,<not_applicable>,quarantined,14
observations,<not_applicable>,pk_adme,CLH,mg/min/ml,=,pk_adme,SRC-AF728821208AC735AEE2E0D1,<missing>,unknown,experimental_summary,<not_applicable>,quarantined,16
observations,<not_applicable>,pk_adme,CLH,microg/min/ml,=,pk_adme,SRC-AF728821208AC735AEE2E0D1,<missing>,unknown,experimental_summary,<not_applicable>,quarantined,2
observations,<not_applicable>,pk_adme,CLH,microl/min/g,<,pk_adme,SRC-AF728821208AC735AEE2E0D1,<missing>,unknown,experimental_summary,<not_applicable>,quarantined,4
observations,<not_applicable>,pk_adme,CLH,microl/min/g,<=,pk_adme,SRC-AF728821208AC735AEE2E0D1,<missing>,unknown,experimental_summary,<not_applicable>,quarantined,1
observations,<not_applicable>,pk_adme,CLH,microl/min/g,=,pk_adme,SRC-AF728821208AC735AEE2E0D1,<missing>,unknown,experimental_summary,<not_applicable>,quarantined,21
observations,<not_applicable>,pk_adme,CLH,microl/ml/min,<,pk_adme,SRC-AF728821208AC735AEE2E0D1,<missing>,unknown,experimental_summary,<not_applicable>,quarantined,3
observations,<not_applicable>,pk_adme,CLH,microl/ml/min,=,pk_adme,SRC-AF728821208AC735AEE2E0D1,<missing>,unknown,experimental_summary,<not_applicable>,quarantined,3
observations,<not_applicable>,pk_adme,CLH,microm/min,<,pk_adme,SRC-AF728821208AC735AEE2E0D1,<missing>,unknown,experimental_summary,<not_applicable>,quarantined,2
observations,<not_applicable>,pk_adme,CLH,microm/min,=,pk_adme,SRC-AF728821208AC735AEE2E0D1,<missing>,unknown,experimental_summary,<not_applicable>,quarantined,25
observations,<not_applicable>,pk_adme,CLH,microm/min/mg,<,pk_adme,SRC-AF728821208AC735AEE2E0D1,<missing>,unknown,experimental_summary,<not_applicable>,quarantined,8
observations,<not_applicable>,pk_adme,CLH,microm/min/mg,=,pk_adme,SRC-AF728821208AC735AEE2E0D1,<missing>,unknown,experimental_summary,<not_applicable>,quarantined,22
observations,<not_applicable>,pk_adme,CLH,micromol/min,<,pk_adme,SRC-AF728821208AC735AEE2E0D1,<missing>,unknown,experimental_summary,<not_applicable>,quarantined,3
observations,<not_applicable>,pk_adme,CLH,micromol/min,=,pk_adme,SRC-AF728821208AC735AEE2E0D1,<missing>,unknown,experimental_summary,<not_applicable>,quarantined,4
observations,<not_applicable>,pk_adme,CLH,min/ml,=,pk_adme,SRC-AF728821208AC735AEE2E0D1,<missing>,unknown,experimental_summary,<not_applicable>,quarantined,4
observations,<not_applicable>,pk_adme,CLH,min/ml/kg,<,pk_adme,SRC-AF728821208AC735AEE2E0D1,<missing>,unknown,experimental_summary,<not_applicable>,quarantined,14
observations,<not_applicable>,pk_adme,CLH,min/ml/kg,=,pk_adme,SRC-AF728821208AC735AEE2E0D1,<missing>,unknown,experimental_summary,<not_applicable>,quarantined,23
observations,<not_applicable>,pk_adme,CLH,min/ml/kg,>,pk_adme,SRC-AF728821208AC735AEE2E0D1,<missing>,unknown,experimental_summary,<not_applicable>,quarantined,11
observations,<not_applicable>,pk_adme,CLH,ml.min/g,=,pk_adme,SRC-AF728821208AC735AEE2E0D1,<missing>,unknown,experimental_summary,<not_applicable>,quarantined,26
observations,<not_applicable>,pk_adme,CLH,ml.min/kg,=,pk_adme,SRC-AF728821208AC735AEE2E0D1,<missing>,unknown,experimental_summary,<not_applicable>,quarantined,3
observations,<not_applicable>,pk_adme,CLH,ml/(min.mg),=,pk_adme,SRC-AF728821208AC735AEE2E0D1,<missing>,unknown,experimental_summary,<not_applicable>,quarantined,11
observations,<not_applicable>,pk_adme,CLH,ml/hr,=,pk_adme,SRC-AF728821208AC735AEE2E0D1,<missing>,unknown,experimental_summary,<not_applicable>,quarantined,37
observations,<not_applicable>,pk_adme,CLH,ml/kg,=,pk_adme,SRC-AF728821208AC735AEE2E0D1,<missing>,unknown,experimental_summary,<not_applicable>,quarantined,9
observations,<not_applicable>,pk_adme,CLH,ml/mg,=,pk_adme,SRC-AF728821208AC735AEE2E0D1,<missing>,unknown,experimental_summary,<not_applicable>,quarantined,1
observations,<not_applicable>,pk_adme,CLH,ml/mg/kg,<,pk_adme,SRC-AF728821208AC735AEE2E0D1,<missing>,unknown,experimental_summary,<not_applicable>,quarantined,6
observations,<not_applicable>,pk_adme,CLH,ml/mg/kg,=,pk_adme,SRC-AF728821208AC735AEE2E0D1,<missing>,unknown,experimental_summary,<not_applicable>,quarantined,14
observations,<not_applicable>,pk_adme,CLH,ml/mg/kg,>,pk_adme,SRC-AF728821208AC735AEE2E0D1,<missing>,unknown,experimental_summary,<not_applicable>,quarantined,2
observations,<not_applicable>,pk_adme,CLH,ml/min,<,pk_adme,SRC-AF728821208AC735AEE2E0D1,<missing>,unknown,experimental_summary,<not_applicable>,quarantined,147
observations,<not_applicable>,pk_adme,CLH,ml/min,<,pk_adme,SRC-AF728821208AC735AEE2E0D1,preclinical_in_vitro,unknown,experimental_summary,<not_applicable>,quarantined,5
observations,<not_applicable>,pk_adme,CLH,ml/min,<=,pk_adme,SRC-AF728821208AC735AEE2E0D1,<missing>,unknown,experimental_summary,<not_applicable>,quarantined,1
observations,<not_applicable>,pk_adme,CLH,ml/min,=,pk_adme,SRC-AF728821208AC735AEE2E0D1,<missing>,unknown,experimental_summary,<not_applicable>,quarantined,1084
observations,<not_applicable>,pk_adme,CLH,ml/min,=,pk_adme,SRC-AF728821208AC735AEE2E0D1,preclinical_in_vitro,unknown,experimental_summary,<not_applicable>,quarantined,27
observations,<not_applicable>,pk_adme,CLH,ml/min,>,pk_adme,SRC-AF728821208AC735AEE2E0D1,<missing>,unknown,experimental_summary,<not_applicable>,quarantined,8
observations,<not_applicable>,pk_adme,CLH,ml/min,interval,pk_adme,SRC-AF728821208AC735AEE2E0D1,<missing>,unknown,experimental_summary,<not_applicable>,quarantined,1
observations,<not_applicable>,pk_adme,CLH,ml/min.g,<,pk_adme,SRC-AF728821208AC735AEE2E0D1,<missing>,unknown,experimental_summary,<not_applicable>,quarantined,23
observations,<not_applicable>,pk_adme,CLH,ml/min.g,=,pk_adme,SRC-AF728821208AC735AEE2E0D1,<missing>,unknown,experimental_summary,<not_applicable>,quarantined,342
observations,<not_applicable>,pk_adme,CLH,ml/min.g,>,pk_adme,SRC-AF728821208AC735AEE2E0D1,<missing>,unknown,experimental_summary,<not_applicable>,quarantined,9
observations,<not_applicable>,pk_adme,CLH,ml/min.g,interval,pk_adme,SRC-AF728821208AC735AEE2E0D1,<missing>,unknown,experimental_summary,<not_applicable>,quarantined,1
observations,<not_applicable>,pk_adme,CLH,ml/min/10^6cells,=,pk_adme,SRC-AF728821208AC735AEE2E0D1,<missing>,unknown,experimental_summary,<not_applicable>,quarantined,1
observations,<not_applicable>,pk_adme,CLH,ng/mL,=,pk_adme,SRC-AF728821208AC735AEE2E0D1,<missing>,unknown,experimental_summary,<not_applicable>,quarantined,10
observations,<not_applicable>,pk_adme,CLH,nmol/min,=,pk_adme,SRC-AF728821208AC735AEE2E0D1,<missing>,unknown,experimental_summary,<not_applicable>,quarantined,11
observations,<not_applicable>,pk_adme,CLH,nmol/min/mg,=,pk_adme,SRC-AF728821208AC735AEE2E0D1,<missing>,unknown,experimental_summary,<not_applicable>,quarantined,51
observations,<not_applicable>,pk_adme,CLH,ug/(min.mg),=,pk_adme,SRC-AF728821208AC735AEE2E0D1,<missing>,unknown,experimental_summary,<not_applicable>,quarantined,10
observations,<not_applicable>,pk_adme,CLH,ug/min,<,pk_adme,SRC-AF728821208AC735AEE2E0D1,<missing>,unknown,experimental_summary,<not_applicable>,quarantined,36
observations,<not_applicable>,pk_adme,CLH,ug/min,=,pk_adme,SRC-AF728821208AC735AEE2E0D1,<missing>,unknown,experimental_summary,<not_applicable>,quarantined,96
observations,<not_applicable>,pk_adme,CLH,ug/min,>,pk_adme,SRC-AF728821208AC735AEE2E0D1,<missing>,unknown,experimental_summary,<not_applicable>,quarantined,3
observations,<not_applicable>,pk_adme,CLH,ug/min/mg,=,pk_adme,SRC-AF728821208AC735AEE2E0D1,<missing>,unknown,experimental_summary,<not_applicable>,quarantined,20
observations,<not_applicable>,pk_adme,CLH,ug/ml/hr,<,pk_adme,SRC-AF728821208AC735AEE2E0D1,<missing>,unknown,experimental_summary,<not_applicable>,quarantined,1
observations,<not_applicable>,pk_adme,CLH,ug/ml/hr,=,pk_adme,SRC-AF728821208AC735AEE2E0D1,<missing>,unknown,experimental_summary,<not_applicable>,quarantined,1
observations,<not_applicable>,pk_adme,CLH,ug/ml/min,=,pk_adme,SRC-AF728821208AC735AEE2E0D1,<missing>,unknown,experimental_summary,<not_applicable>,quarantined,17
observations,<not_applicable>,pk_adme,CLH,ugml-1,=,pk_adme,SRC-AF728821208AC735AEE2E0D1,<missing>,unknown,experimental_summary,<not_applicable>,quarantined,4
observations,<not_applicable>,pk_adme,CLH,ul,=,pk_adme,SRC-AF728821208AC735AEE2E0D1,<missing>,unknown,experimental_summary,<not_applicable>,quarantined,4
observations,<not_applicable>,pk_adme,CLH,ul/hr,=,pk_adme,SRC-AF728821208AC735AEE2E0D1,<missing>,unknown,experimental_summary,<not_applicable>,quarantined,1
observations,<not_applicable>,pk_adme,CLH,ul/mg/min,<,pk_adme,SRC-AF728821208AC735AEE2E0D1,<missing>,unknown,experimental_summary,<not_applicable>,quarantined,8
observations,<not_applicable>,pk_adme,CLH,ul/mg/min,=,pk_adme,SRC-AF728821208AC735AEE2E0D1,<missing>,unknown,experimental_summary,<not_applicable>,quarantined,59
observations,<not_applicable>,pk_adme,CLH,ul/mg/min,>,pk_adme,SRC-AF728821208AC735AEE2E0D1,<missing>,unknown,experimental_summary,<not_applicable>,quarantined,3
observations,<not_applicable>,pk_adme,CLH,ul/min,<,pk_adme,SRC-AF728821208AC735AEE2E0D1,<missing>,unknown,experimental_summary,<not_applicable>,quarantined,1098
observations,<not_applicable>,pk_adme,CLH,ul/min,<=,pk_adme,SRC-AF728821208AC735AEE2E0D1,<missing>,unknown,experimental_summary,<not_applicable>,quarantined,5
observations,<not_applicable>,pk_adme,CLH,ul/min,=,pk_adme,SRC-AF728821208AC735AEE2E0D1,<missing>,unknown,experimental_summary,<not_applicable>,quarantined,7763
observations,<not_applicable>,pk_adme,CLH,ul/min,>,pk_adme,SRC-AF728821208AC735AEE2E0D1,<missing>,unknown,experimental_summary,<not_applicable>,quarantined,192
observations,<not_applicable>,pk_adme,CLH,ul/min,interval,pk_adme,SRC-AF728821208AC735AEE2E0D1,<missing>,unknown,experimental_summary,<not_applicable>,quarantined,18
observations,<not_applicable>,pk_adme,CLH,ul/min/pmol,<,pk_adme,SRC-AF728821208AC735AEE2E0D1,<missing>,unknown,experimental_summary,<not_applicable>,quarantined,1
observations,<not_applicable>,pk_adme,CLH,ul/min/pmol,=,pk_adme,SRC-AF728821208AC735AEE2E0D1,<missing>,unknown,experimental_summary,<not_applicable>,quarantined,2
observations,<not_applicable>,pk_adme,CLH,ul/ml,<,pk_adme,SRC-AF728821208AC735AEE2E0D1,<missing>,unknown,experimental_summary,<not_applicable>,quarantined,21
observations,<not_applicable>,pk_adme,CLH,ul/ml,=,pk_adme,SRC-AF728821208AC735AEE2E0D1,<missing>,unknown,experimental_summary,<not_applicable>,quarantined,7
observations,<not_applicable>,pk_adme,CLH,ul/ml.millig,=,pk_adme,SRC-AF728821208AC735AEE2E0D1,<missing>,unknown,experimental_summary,<not_applicable>,quarantined,18
observations,<not_applicable>,pk_adme,CLH,ul/ml.millig,>,pk_adme,SRC-AF728821208AC735AEE2E0D1,<missing>,unknown,experimental_summary,<not_applicable>,quarantined,2
observations,<not_applicable>,pk_adme,CLH,um/min.mg,=,pk_adme,SRC-AF728821208AC735AEE2E0D1,<missing>,unknown,experimental_summary,<not_applicable>,quarantined,6
observations,<not_applicable>,pk_adme,CLH,um/ml,=,pk_adme,SRC-AF728821208AC735AEE2E0D1,<missing>,unknown,experimental_summary,<not_applicable>,quarantined,29
observations,<not_applicable>,pk_adme,CLH,umol/min/g,=,pk_adme,SRC-AF728821208AC735AEE2E0D1,<missing>,unknown,experimental_summary,<not_applicable>,quarantined,1
observations,<not_applicable>,pk_adme,CLH,umol/min/kg,<,pk_adme,SRC-AF728821208AC735AEE2E0D1,<missing>,unknown,experimental_summary,<not_applicable>,quarantined,1
observations,<not_applicable>,pk_adme,CLH,umol/min/mg,=,pk_adme,SRC-AF728821208AC735AEE2E0D1,<missing>,unknown,experimental_summary,<not_applicable>,quarantined,34
observations,<not_applicable>,pk_adme,CLH,umol/min/ml,=,pk_adme,SRC-AF728821208AC735AEE2E0D1,<missing>,unknown,experimental_summary,<not_applicable>,quarantined,6
observations,<not_applicable>,pk_adme,CLH(app),<missing>,not_reported,pk_adme,SRC-AF728821208AC735AEE2E0D1,<missing>,unknown,experimental_summary,<not_applicable>,quarantined,51
observations,<not_applicable>,pk_adme,CLH(app),ul/min,<,pk_adme,SRC-AF728821208AC735AEE2E0D1,<missing>,unknown,experimental_summary,<not_applicable>,quarantined,23
observations,<not_applicable>,pk_adme,CLH(app),ul/min,=,pk_adme,SRC-AF728821208AC735AEE2E0D1,<missing>,unknown,experimental_summary,<not_applicable>,quarantined,76
observations,<not_applicable>,pk_adme,CLH(app),ul/min,>,pk_adme,SRC-AF728821208AC735AEE2E0D1,<missing>,unknown,experimental_summary,<not_applicable>,quarantined,12
observations,<not_applicable>,pk_adme,CLH(app),ul/min/ml,=,pk_adme,SRC-AF728821208AC735AEE2E0D1,<missing>,unknown,experimental_summary,<not_applicable>,quarantined,18
observations,<not_applicable>,pk_adme,CL_renal,<missing>,=,pk_adme,SRC-AF728821208AC735AEE2E0D1,<missing>,unknown,experimental_summary,<not_applicable>,review,9
observations,<not_applicable>,pk_adme,CL_renal,<missing>,not_reported,pk_adme,SRC-AF728821208AC735AEE2E0D1,<missing>,unknown,experimental_summary,<not_applicable>,quarantined,3
observations,<not_applicable>,pk_adme,CL_renal,l/h,=,pk_adme,SRC-AF728821208AC735AEE2E0D1,<missing>,unknown,experimental_summary,<not_applicable>,quarantined,1
observations,<not_applicable>,pk_adme,CL_renal,l/hr,=,pk_adme,SRC-AF728821208AC735AEE2E0D1,<missing>,unknown,experimental_summary,<not_applicable>,quarantined,63
observations,<not_applicable>,pk_adme,CL_renal,l/hr,interval,pk_adme,SRC-AF728821208AC735AEE2E0D1,<missing>,unknown,experimental_summary,<not_applicable>,quarantined,1
observations,<not_applicable>,pk_adme,CL_renal,mL/min/kg,=,pk_adme,SRC-AF728821208AC735AEE2E0D1,<missing>,unknown,experimental_summary,<not_applicable>,quarantined,747
observations,<not_applicable>,pk_adme,CL_renal,mL/min/kg,not_reported,pk_adme,SRC-AF728821208AC735AEE2E0D1,<missing>,unknown,experimental_summary,<not_applicable>,quarantined,3
observations,<not_applicable>,pk_adme,CL_renal,ml/hr,=,pk_adme,SRC-AF728821208AC735AEE2E0D1,<missing>,unknown,experimental_summary,<not_applicable>,quarantined,15
observations,<not_applicable>,pk_adme,CL_renal,ml/min,<=,pk_adme,SRC-AF728821208AC735AEE2E0D1,<missing>,unknown,experimental_summary,<not_applicable>,quarantined,4
observations,<not_applicable>,pk_adme,CL_renal,ml/min,=,pk_adme,SRC-AF728821208AC735AEE2E0D1,<missing>,unknown,experimental_summary,<not_applicable>,quarantined,56
observations,<not_applicable>,pk_adme,CL_renal,ml/min/1.73m2,=,pk_adme,SRC-AF728821208AC735AEE2E0D1,<missing>,unknown,experimental_summary,<not_applicable>,quarantined,1
observations,<not_applicable>,pk_adme,CL_renal,mlmin-1,=,pk_adme,SRC-AF728821208AC735AEE2E0D1,<missing>,unknown,experimental_summary,<not_applicable>,quarantined,7
observations,<not_applicable>,pk_adme,CL_renal,mls-1,<,pk_adme,SRC-AF728821208AC735AEE2E0D1,<missing>,unknown,experimental_summary,<not_applicable>,quarantined,1
observations,<not_applicable>,pk_adme,CL_renal,mls-1,=,pk_adme,SRC-AF728821208AC735AEE2E0D1,<missing>,unknown,experimental_summary,<not_applicable>,quarantined,5
observations,<not_applicable>,pk_adme,CL_renal,mls-1,>,pk_adme,SRC-AF728821208AC735AEE2E0D1,<missing>,unknown,experimental_summary,<not_applicable>,quarantined,1
observations,<not_applicable>,pk_adme,CLb,%,=,pk_adme,SRC-AF728821208AC735AEE2E0D1,<missing>,unknown,experimental_summary,<not_applicable>,quarantined,7
observations,<not_applicable>,pk_adme,CLd/F,l/hr,=,pk_adme,SRC-AF728821208AC735AEE2E0D1,<missing>,unknown,experimental_summary,<not_applicable>,quarantined,3
observations,<not_applicable>,pk_adme,CLint,<missing>,not_reported,pk_adme,SRC-AF728821208AC735AEE2E0D1,<missing>,unknown,experimental_summary,<not_applicable>,quarantined,5
observations,<not_applicable>,pk_adme,CLint,ul/(min.pmol),=,pk_adme,SRC-AF728821208AC735AEE2E0D1,<missing>,unknown,experimental_summary,<not_applicable>,quarantined,2
observations,<not_applicable>,pk_adme,CLint,ul/min/1e6cells,<,pk_adme,SRC-AF728821208AC735AEE2E0D1,<missing>,unknown,experimental_summary,<not_applicable>,quarantined,12
observations,<not_applicable>,pk_adme,CLint,ul/min/1e6cells,=,pk_adme,SRC-AF728821208AC735AEE2E0D1,<missing>,unknown,experimental_summary,<not_applicable>,quarantined,27
observations,<not_applicable>,pk_adme,CLint,ulmin-1mg-1,<,pk_adme,SRC-AF728821208AC735AEE2E0D1,<missing>,unknown,experimental_summary,<not_applicable>,quarantined,3
observations,<not_applicable>,pk_adme,CLint,ulmin-1mg-1,=,pk_adme,SRC-AF728821208AC735AEE2E0D1,<missing>,unknown,experimental_summary,<not_applicable>,quarantined,4
observations,<not_applicable>,pk_adme,CLt/F,ul/min,<,pk_adme,SRC-AF728821208AC735AEE2E0D1,<missing>,unknown,experimental_summary,<not_applicable>,quarantined,1
observations,<not_applicable>,pk_adme,CLt/F,ul/min,=,pk_adme,SRC-AF728821208AC735AEE2E0D1,<missing>,unknown,experimental_summary,<not_applicable>,quarantined,1
observations,<not_applicable>,pk_adme,CRC/CRC0,uM,=,pk_adme,SRC-AF728821208AC735AEE2E0D1,<missing>,unknown,experimental_summary,<not_applicable>,quarantined,128
observations,<not_applicable>,pk_adme,Caco-2 A-B,cms-1,=,pk_adme,SRC-AF728821208AC735AEE2E0D1,<missing>,unknown,experimental_summary,<not_applicable>,quarantined,3
observations,<not_applicable>,pk_adme,Caco-2 Papp,cms-1,=,pk_adme,SRC-AF728821208AC735AEE2E0D1,<missing>,unknown,experimental_summary,<not_applicable>,quarantined,34
observations,<not_applicable>,pk_adme,Calculated Ratio,<missing>,=,pk_adme,SRC-AF728821208AC735AEE2E0D1,<missing>,unknown,experimental_summary,<not_applicable>,quarantined,8
observations,<not_applicable>,pk_adme,Carboxylase activity,dpm,=,pk_adme,SRC-AF728821208AC735AEE2E0D1,<missing>,unknown,experimental_summary,<not_applicable>,quarantined,4
observations,<not_applicable>,pk_adme,Cell Viability,%,=,pk_adme,SRC-AF728821208AC735AEE2E0D1,<missing>,unknown,experimental_summary,<not_applicable>,quarantined,189
observations,<not_applicable>,pk_adme,Cell permeation,<missing>,not_reported,pk_adme,SRC-AF728821208AC735AEE2E0D1,<missing>,unknown,experimental_summary,<not_applicable>,quarantined,1
observations,<not_applicable>,pk_adme,Cell permeation,cms-1,not_reported,pk_adme,SRC-AF728821208AC735AEE2E0D1,<missing>,unknown,experimental_summary,<not_applicable>,quarantined,1
observations,<not_applicable>,pk_adme,Clearance,<missing>,=,pk_adme,SRC-AF728821208AC735AEE2E0D1,<missing>,unknown,experimental_summary,<not_applicable>,quarantined,11
observations,<not_applicable>,pk_adme,Clearance,<missing>,>,pk_adme,SRC-AF728821208AC735AEE2E0D1,<missing>,unknown,experimental_summary,<not_applicable>,quarantined,8
observations,<not_applicable>,pk_adme,Clerance,lhr-1kg-1,=,pk_adme,SRC-AF728821208AC735AEE2E0D1,<missing>,unknown,experimental_summary,<not_applicable>,quarantined,1
observations,<not_applicable>,pk_adme,Cmax,%,=,other_bioactivity,SRC-AF728821208AC735AEE2E0D1,<missing>,unknown,experimental_summary,<not_applicable>,quarantined,7
observations,<not_applicable>,pk_adme,Cmax,%id,=,other_bioactivity,SRC-AF728821208AC735AEE2E0D1,<missing>,unknown,experimental_summary,<not_applicable>,quarantined,5
observations,<not_applicable>,pk_adme,Cmax,<missing>,=,other_bioactivity,SRC-AF728821208AC735AEE2E0D1,<missing>,unknown,experimental_summary,<not_applicable>,quarantined,10
observations,<not_applicable>,pk_adme,Cmax,<missing>,=,pk_adme,SRC-AF728821208AC735AEE2E0D1,<missing>,unknown,experimental_summary,<not_applicable>,quarantined,1
observations,<not_applicable>,pk_adme,Cmax,<missing>,not_reported,other_bioactivity,SRC-AF728821208AC735AEE2E0D1,<missing>,unknown,experimental_summary,<not_applicable>,quarantined,461
observations,<not_applicable>,pk_adme,Cmax,<missing>,not_reported,pk_adme,SRC-AF728821208AC735AEE2E0D1,<missing>,unknown,experimental_summary,<not_applicable>,quarantined,1
observations,<not_applicable>,pk_adme,Cmax,h,<,other_bioactivity,SRC-AF728821208AC735AEE2E0D1,<missing>,unknown,experimental_summary,<not_applicable>,quarantined,1
observations,<not_applicable>,pk_adme,Cmax,h,=,other_bioactivity,SRC-AF728821208AC735AEE2E0D1,<missing>,unknown,experimental_summary,<not_applicable>,quarantined,12
observations,<not_applicable>,pk_adme,Cmax,hr.fmol,=,other_bioactivity,SRC-AF728821208AC735AEE2E0D1,<missing>,unknown,experimental_summary,<not_applicable>,quarantined,14
observations,<not_applicable>,pk_adme,Cmax,hr.ng/ml,=,other_bioactivity,SRC-AF728821208AC735AEE2E0D1,<missing>,unknown,experimental_summary,<not_applicable>,quarantined,1
observations,<not_applicable>,pk_adme,Cmax,kg/l,=,other_bioactivity,SRC-AF728821208AC735AEE2E0D1,<missing>,unknown,experimental_summary,<not_applicable>,quarantined,2
observations,<not_applicable>,pk_adme,Cmax,l/hr,=,other_bioactivity,SRC-AF728821208AC735AEE2E0D1,<missing>,unknown,experimental_summary,<not_applicable>,quarantined,2
observations,<not_applicable>,pk_adme,Cmax,mg,=,other_bioactivity,SRC-AF728821208AC735AEE2E0D1,<missing>,unknown,experimental_summary,<not_applicable>,quarantined,2
observations,<not_applicable>,pk_adme,Cmax,mgkg-1,=,other_bioactivity,SRC-AF728821208AC735AEE2E0D1,<missing>,unknown,experimental_summary,<not_applicable>,quarantined,20
observations,<not_applicable>,pk_adme,Cmax,microg.hr/ml,=,other_bioactivity,SRC-AF728821208AC735AEE2E0D1,<missing>,unknown,experimental_summary,<not_applicable>,quarantined,3
observations,<not_applicable>,pk_adme,Cmax,microm.hr,=,other_bioactivity,SRC-AF728821208AC735AEE2E0D1,<missing>,unknown,experimental_summary,<not_applicable>,quarantined,2
observations,<not_applicable>,pk_adme,Cmax,min,=,other_bioactivity,SRC-AF728821208AC735AEE2E0D1,<missing>,unknown,experimental_summary,<not_applicable>,quarantined,16
observations,<not_applicable>,pk_adme,Cmax,nM,<,other_bioactivity,SRC-AF728821208AC735AEE2E0D1,<missing>,unknown,experimental_summary,<not_applicable>,included,105
observations,<not_applicable>,pk_adme,Cmax,nM,<,other_bioactivity,SRC-AF728821208AC735AEE2E0D1,<missing>,unknown,experimental_summary,<not_applicable>,quarantined,136
observations,<not_applicable>,pk_adme,Cmax,nM,<,pk_adme,SRC-AF728821208AC735AEE2E0D1,<missing>,unknown,experimental_summary,<not_applicable>,included,3
observations,<not_applicable>,pk_adme,Cmax,nM,<=,other_bioactivity,SRC-AF728821208AC735AEE2E0D1,<missing>,unknown,experimental_summary,<not_applicable>,included,28
observations,<not_applicable>,pk_adme,Cmax,nM,<=,other_bioactivity,SRC-AF728821208AC735AEE2E0D1,<missing>,unknown,experimental_summary,<not_applicable>,quarantined,1
observations,<not_applicable>,pk_adme,Cmax,nM,=,other_bioactivity,SRC-AF728821208AC735AEE2E0D1,<missing>,unknown,experimental_summary,<not_applicable>,included,4856
observations,<not_applicable>,pk_adme,Cmax,nM,=,other_bioactivity,SRC-AF728821208AC735AEE2E0D1,<missing>,unknown,experimental_summary,<not_applicable>,quarantined,21079
observations,<not_applicable>,pk_adme,Cmax,nM,=,other_bioactivity,SRC-AF728821208AC735AEE2E0D1,<missing>,unknown,experimental_summary,<not_applicable>,review,61
observations,<not_applicable>,pk_adme,Cmax,nM,=,other_bioactivity,SRC-AF728821208AC735AEE2E0D1,preclinical_in_vivo,unknown,experimental_summary,<not_applicable>,included,34
observations,<not_applicable>,pk_adme,Cmax,nM,=,other_bioactivity,SRC-AF728821208AC735AEE2E0D1,preclinical_in_vivo,unknown,experimental_summary,<not_applicable>,quarantined,45
observations,<not_applicable>,pk_adme,Cmax,nM,=,pk_adme,SRC-AF728821208AC735AEE2E0D1,<missing>,unknown,experimental_summary,<not_applicable>,included,82
observations,<not_applicable>,pk_adme,Cmax,nM,=,pk_adme,SRC-AF728821208AC735AEE2E0D1,<missing>,unknown,experimental_summary,<not_applicable>,quarantined,423
observations,<not_applicable>,pk_adme,Cmax,nM,=,pk_adme,SRC-AF728821208AC735AEE2E0D1,<missing>,unknown,experimental_summary,<not_applicable>,review,8
observations,<not_applicable>,pk_adme,Cmax,nM,=,pk_adme,SRC-AF728821208AC735AEE2E0D1,preclinical_in_vivo,unknown,experimental_summary,<not_applicable>,quarantined,6
observations,<not_applicable>,pk_adme,Cmax,nM,>,other_bioactivity,SRC-AF728821208AC735AEE2E0D1,<missing>,unknown,experimental_summary,<not_applicable>,included,8
observations,<not_applicable>,pk_adme,Cmax,nM,>,other_bioactivity,SRC-AF728821208AC735AEE2E0D1,<missing>,unknown,experimental_summary,<not_applicable>,quarantined,35
observations,<not_applicable>,pk_adme,Cmax,nM,>,pk_adme,SRC-AF728821208AC735AEE2E0D1,<missing>,unknown,experimental_summary,<not_applicable>,review,3
observations,<not_applicable>,pk_adme,Cmax,nM,>=,other_bioactivity,SRC-AF728821208AC735AEE2E0D1,<missing>,unknown,experimental_summary,<not_applicable>,quarantined,1
observations,<not_applicable>,pk_adme,Cmax,nM,interval,other_bioactivity,SRC-AF728821208AC735AEE2E0D1,<missing>,unknown,experimental_summary,<not_applicable>,included,4
observations,<not_applicable>,pk_adme,Cmax,nM,interval,other_bioactivity,SRC-AF728821208AC735AEE2E0D1,<missing>,unknown,experimental_summary,<not_applicable>,quarantined,19
observations,<not_applicable>,pk_adme,Cmax,nM,interval,pk_adme,SRC-AF728821208AC735AEE2E0D1,<missing>,unknown,experimental_summary,<not_applicable>,quarantined,1
observations,<not_applicable>,pk_adme,Cmax,nM,not_reported,other_bioactivity,SRC-AF728821208AC735AEE2E0D1,<missing>,unknown,experimental_summary,<not_applicable>,quarantined,42
observations,<not_applicable>,pk_adme,Cmax,nM,not_reported,pk_adme,SRC-AF728821208AC735AEE2E0D1,<missing>,unknown,experimental_summary,<not_applicable>,quarantined,20
observations,<not_applicable>,pk_adme,Cmax,nM,~,other_bioactivity,SRC-AF728821208AC735AEE2E0D1,<missing>,unknown,experimental_summary,<not_applicable>,quarantined,2
observations,<not_applicable>,pk_adme,Cmax,nM,~,other_bioactivity,SRC-AF728821208AC735AEE2E0D1,<missing>,unknown,experimental_summary,<not_applicable>,review,25
observations,<not_applicable>,pk_adme,Cmax,ng,=,other_bioactivity,SRC-AF728821208AC735AEE2E0D1,<missing>,unknown,experimental_summary,<not_applicable>,quarantined,2
observations,<not_applicable>,pk_adme,Cmax,ng.hr,=,other_bioactivity,SRC-AF728821208AC735AEE2E0D1,<missing>,unknown,experimental_summary,<not_applicable>,quarantined,1
observations,<not_applicable>,pk_adme,Cmax,ng.hr/g,=,other_bioactivity,SRC-AF728821208AC735AEE2E0D1,<missing>,unknown,experimental_summary,<not_applicable>,quarantined,2
observations,<not_applicable>,pk_adme,Cmax,ng.hr/ml,=,other_bioactivity,SRC-AF728821208AC735AEE2E0D1,<missing>,unknown,experimental_summary,<not_applicable>,quarantined,15
observations,<not_applicable>,pk_adme,Cmax,ng/10^6cells,=,other_bioactivity,SRC-AF728821208AC735AEE2E0D1,<missing>,unknown,experimental_summary,<not_applicable>,quarantined,1
observations,<not_applicable>,pk_adme,Cmax,ng/10^6cellsin4h,=,other_bioactivity,SRC-AF728821208AC735AEE2E0D1,<missing>,unknown,experimental_summary,<not_applicable>,quarantined,1
observations,<not_applicable>,pk_adme,Cmax,ng/g,=,other_bioactivity,SRC-AF728821208AC735AEE2E0D1,<missing>,unknown,experimental_summary,<not_applicable>,quarantined,412
observations,<not_applicable>,pk_adme,Cmax,ng/hr,=,other_bioactivity,SRC-AF728821208AC735AEE2E0D1,<missing>,unknown,experimental_summary,<not_applicable>,quarantined,4
observations,<not_applicable>,pk_adme,Cmax,ng/hr/ml,=,other_bioactivity,SRC-AF728821208AC735AEE2E0D1,<missing>,unknown,experimental_summary,<not_applicable>,quarantined,2
observations,<not_applicable>,pk_adme,Cmax,ng/kg,=,other_bioactivity,SRC-AF728821208AC735AEE2E0D1,<missing>,unknown,experimental_summary,<not_applicable>,quarantined,9
observations,<not_applicable>,pk_adme,Cmax,ng/mg,=,other_bioactivity,SRC-AF728821208AC735AEE2E0D1,<missing>,unknown,experimental_summary,<not_applicable>,quarantined,48
observations,<not_applicable>,pk_adme,Cmax,ng/mgprot.,=,other_bioactivity,SRC-AF728821208AC735AEE2E0D1,<missing>,unknown,experimental_summary,<not_applicable>,quarantined,3
observations,<not_applicable>,pk_adme,Cmax,ng/ml.hr,=,other_bioactivity,SRC-AF728821208AC735AEE2E0D1,<missing>,unknown,experimental_summary,<not_applicable>,quarantined,6
observations,<not_applicable>,pk_adme,Cmax,ng/ml/mg,=,other_bioactivity,SRC-AF728821208AC735AEE2E0D1,<missing>,unknown,experimental_summary,<not_applicable>,quarantined,4
observations,<not_applicable>,pk_adme,Cmax,ngequiv/g,=,other_bioactivity,SRC-AF728821208AC735AEE2E0D1,<missing>,unknown,experimental_summary,<not_applicable>,quarantined,12
observations,<not_applicable>,pk_adme,Cmax,ngg-1,=,other_bioactivity,SRC-AF728821208AC735AEE2E0D1,<missing>,unknown,experimental_summary,<not_applicable>,quarantined,24
observations,<not_applicable>,pk_adme,Cmax,ngg-1,not_reported,other_bioactivity,SRC-AF728821208AC735AEE2E0D1,<missing>,unknown,experimental_summary,<not_applicable>,quarantined,1
observations,<not_applicable>,pk_adme,Cmax,ngkg-1,=,other_bioactivity,SRC-AF728821208AC735AEE2E0D1,<missing>,unknown,experimental_summary,<not_applicable>,quarantined,1
observations,<not_applicable>,pk_adme,Cmax,nmg-1,=,other_bioactivity,SRC-AF728821208AC735AEE2E0D1,<missing>,unknown,experimental_summary,<not_applicable>,quarantined,2
observations,<not_applicable>,pk_adme,Cmax,nml-1hr-1,=,other_bioactivity,SRC-AF728821208AC735AEE2E0D1,<missing>,unknown,experimental_summary,<not_applicable>,quarantined,4
observations,<not_applicable>,pk_adme,Cmax,nmol/g,=,other_bioactivity,SRC-AF728821208AC735AEE2E0D1,<missing>,unknown,experimental_summary,<not_applicable>,quarantined,63
observations,<not_applicable>,pk_adme,Cmax,pg/g,=,other_bioactivity,SRC-AF728821208AC735AEE2E0D1,<missing>,unknown,experimental_summary,<not_applicable>,quarantined,2
observations,<not_applicable>,pk_adme,Cmax,pmol.hr/g,=,other_bioactivity,SRC-AF728821208AC735AEE2E0D1,<missing>,unknown,experimental_summary,<not_applicable>,quarantined,6
observations,<not_applicable>,pk_adme,Cmax,pmol/10^6cells,=,other_bioactivity,SRC-AF728821208AC735AEE2E0D1,<missing>,unknown,experimental_summary,<not_applicable>,quarantined,4
observations,<not_applicable>,pk_adme,Cmax,pmol/g,=,other_bioactivity,SRC-AF728821208AC735AEE2E0D1,<missing>,unknown,experimental_summary,<not_applicable>,quarantined,11
observations,<not_applicable>,pk_adme,Cmax,pmol/g,interval,other_bioactivity,SRC-AF728821208AC735AEE2E0D1,<missing>,unknown,experimental_summary,<not_applicable>,quarantined,1
observations,<not_applicable>,pk_adme,Cmax,u,=,other_bioactivity,SRC-AF728821208AC735AEE2E0D1,<missing>,unknown,experimental_summary,<not_applicable>,quarantined,2
observations,<not_applicable>,pk_adme,Cmax,ug,=,other_bioactivity,SRC-AF728821208AC735AEE2E0D1,<missing>,unknown,experimental_summary,<not_applicable>,quarantined,4
observations,<not_applicable>,pk_adme,Cmax,ug,=,pk_adme,SRC-AF728821208AC735AEE2E0D1,<missing>,unknown,experimental_summary,<not_applicable>,quarantined,4
observations,<not_applicable>,pk_adme,Cmax,ug/10^6cells,=,other_bioactivity,SRC-AF728821208AC735AEE2E0D1,<missing>,unknown,experimental_summary,<not_applicable>,quarantined,4
observations,<not_applicable>,pk_adme,Cmax,ug/g,=,other_bioactivity,SRC-AF728821208AC735AEE2E0D1,<missing>,unknown,experimental_summary,<not_applicable>,quarantined,91
observations,<not_applicable>,pk_adme,Cmax,ug/g,~,other_bioactivity,SRC-AF728821208AC735AEE2E0D1,<missing>,unknown,experimental_summary,<not_applicable>,quarantined,1
observations,<not_applicable>,pk_adme,Cmax,ug/hr,=,other_bioactivity,SRC-AF728821208AC735AEE2E0D1,<missing>,unknown,experimental_summary,<not_applicable>,quarantined,6
observations,<not_applicable>,pk_adme,Cmax,ug/kg,=,other_bioactivity,SRC-AF728821208AC735AEE2E0D1,<missing>,unknown,experimental_summary,<not_applicable>,quarantined,6
observations,<not_applicable>,pk_adme,Cmax,ug/mL,<,other_bioactivity,SRC-AF728821208AC735AEE2E0D1,<missing>,unknown,experimental_summary,<not_applicable>,quarantined,3
observations,<not_applicable>,pk_adme,Cmax,ug/mL,=,other_bioactivity,SRC-AF728821208AC735AEE2E0D1,<missing>,unknown,experimental_summary,<not_applicable>,included,146
observations,<not_applicable>,pk_adme,Cmax,ug/mL,=,other_bioactivity,SRC-AF728821208AC735AEE2E0D1,<missing>,unknown,experimental_summary,<not_applicable>,quarantined,1087
observations,<not_applicable>,pk_adme,Cmax,ug/mL,=,other_bioactivity,SRC-AF728821208AC735AEE2E0D1,preclinical_in_vivo,unknown,experimental_summary,<not_applicable>,included,3
observations,<not_applicable>,pk_adme,Cmax,ug/mL,=,pk_adme,SRC-AF728821208AC735AEE2E0D1,<missing>,unknown,experimental_summary,<not_applicable>,quarantined,17
observations,<not_applicable>,pk_adme,Cmax,ug/mL,>,other_bioactivity,SRC-AF728821208AC735AEE2E0D1,<missing>,unknown,experimental_summary,<not_applicable>,quarantined,4
observations,<not_applicable>,pk_adme,Cmax,ug/mL,not_reported,other_bioactivity,SRC-AF728821208AC735AEE2E0D1,<missing>,unknown,experimental_summary,<not_applicable>,quarantined,21
observations,<not_applicable>,pk_adme,Cmax,ug/mL,not_reported,other_bioactivity,SRC-AF728821208AC735AEE2E0D1,preclinical_in_vivo,unknown,experimental_summary,<not_applicable>,quarantined,6
observations,<not_applicable>,pk_adme,Cmax,ug/mL,not_reported,pk_adme,SRC-AF728821208AC735AEE2E0D1,<missing>,unknown,experimental_summary,<not_applicable>,quarantined,3
observations,<not_applicable>,pk_adme,Cmax,ug/ml.hr,=,other_bioactivity,SRC-AF728821208AC735AEE2E0D1,<missing>,unknown,experimental_summary,<not_applicable>,quarantined,1
observations,<not_applicable>,pk_adme,Cmax,ugequiv/g,=,other_bioactivity,SRC-AF728821208AC735AEE2E0D1,<missing>,unknown,experimental_summary,<not_applicable>,quarantined,9
observations,<not_applicable>,pk_adme,Cmax,ugg-1,=,other_bioactivity,SRC-AF728821208AC735AEE2E0D1,<missing>,unknown,experimental_summary,<not_applicable>,quarantined,13
observations,<not_applicable>,pk_adme,Cmax,ughrml-1,=,other_bioactivity,SRC-AF728821208AC735AEE2E0D1,<missing>,unknown,experimental_summary,<not_applicable>,quarantined,2
observations,<not_applicable>,pk_adme,Cmax,ugm-1min-1,=,pk_adme,SRC-AF728821208AC735AEE2E0D1,<missing>,unknown,experimental_summary,<not_applicable>,quarantined,1
observations,<not_applicable>,pk_adme,Cmax,ulml-1,=,other_bioactivity,SRC-AF728821208AC735AEE2E0D1,<missing>,unknown,experimental_summary,<not_applicable>,quarantined,2
observations,<not_applicable>,pk_adme,Cmax,um-1kg-1,=,other_bioactivity,SRC-AF728821208AC735AEE2E0D1,<missing>,unknown,experimental_summary,<not_applicable>,quarantined,13
observations,<not_applicable>,pk_adme,Cmax,um.hr,=,other_bioactivity,SRC-AF728821208AC735AEE2E0D1,<missing>,unknown,experimental_summary,<not_applicable>,quarantined,4
observations,<not_applicable>,pk_adme,Cmax,um.kg/mg,=,other_bioactivity,SRC-AF728821208AC735AEE2E0D1,<missing>,unknown,experimental_summary,<not_applicable>,quarantined,4
observations,<not_applicable>,pk_adme,Cmax,umol/kg,=,other_bioactivity,SRC-AF728821208AC735AEE2E0D1,<missing>,unknown,experimental_summary,<not_applicable>,quarantined,6
observations,<not_applicable>,pk_adme,Cmax_triphosphate,pmol/10^6cells,=,pk_adme,SRC-AF728821208AC735AEE2E0D1,<missing>,unknown,experimental_summary,<not_applicable>,quarantined,1
observations,<not_applicable>,pk_adme,Compound recovery,%,<,pk_adme,SRC-AF728821208AC735AEE2E0D1,<missing>,unknown,experimental_summary,<not_applicable>,quarantined,5
observations,<not_applicable>,pk_adme,Compound recovery,%,=,pk_adme,SRC-AF728821208AC735AEE2E0D1,<missing>,unknown,experimental_summary,<not_applicable>,quarantined,25
observations,<not_applicable>,pk_adme,Compound recovery,%,=,pk_adme,SRC-AF728821208AC735AEE2E0D1,preclinical_in_vitro,unknown,experimental_summary,<not_applicable>,quarantined,16
observations,<not_applicable>,pk_adme,Compound recovery,<missing>,not_reported,pk_adme,SRC-AF728821208AC735AEE2E0D1,<missing>,unknown,experimental_summary,<not_applicable>,quarantined,45
observations,<not_applicable>,pk_adme,Compound remaining,%,=,pk_adme,SRC-AF728821208AC735AEE2E0D1,<missing>,unknown,experimental_summary,<not_applicable>,quarantined,15
observations,<not_applicable>,pk_adme,Concentration,<missing>,=,pk_adme,SRC-AF728821208AC735AEE2E0D1,<missing>,unknown,experimental_summary,<not_applicable>,quarantined,3
observations,<not_applicable>,pk_adme,Concentration,dpm,=,pk_adme,SRC-AF728821208AC735AEE2E0D1,<missing>,unknown,experimental_summary,<not_applicable>,quarantined,5
observations,<not_applicable>,pk_adme,Concentration,nmmin-1(mgofprotein)-1,=,pk_adme,SRC-AF728821208AC735AEE2E0D1,<missing>,unknown,experimental_summary,<not_applicable>,quarantined,12
observations,<not_applicable>,pk_adme,Concentration,uM,=,pk_adme,SRC-AF728821208AC735AEE2E0D1,<missing>,unknown,experimental_summary,<not_applicable>,quarantined,33
observations,<not_applicable>,pk_adme,Control,%,=,pk_adme,SRC-AF728821208AC735AEE2E0D1,<missing>,unknown,experimental_summary,<not_applicable>,quarantined,38
observations,<not_applicable>,pk_adme,Control,%,not_reported,pk_adme,SRC-AF728821208AC735AEE2E0D1,<missing>,unknown,experimental_summary,<not_applicable>,quarantined,5
observations,<not_applicable>,pk_adme,Covalent binding,%,<,pk_adme,SRC-AF728821208AC735AEE2E0D1,<missing>,unknown,experimental_summary,<not_applicable>,quarantined,2
observations,<not_applicable>,pk_adme,Covalent binding,%,=,pk_adme,SRC-AF728821208AC735AEE2E0D1,<missing>,unknown,experimental_summary,<not_applicable>,quarantined,3
observations,<not_applicable>,pk_adme,Cp,nM,=,pk_adme,SRC-AF728821208AC735AEE2E0D1,<missing>,unknown,experimental_summary,<not_applicable>,quarantined,2
observations,<not_applicable>,pk_adme,Cp,uM,=,pk_adme,SRC-AF728821208AC735AEE2E0D1,preclinical_in_vitro,unknown,experimental_summary,<not_applicable>,quarantined,3
observations,<not_applicable>,pk_adme,Cp(f),ugml-1,=,pk_adme,SRC-AF728821208AC735AEE2E0D1,<missing>,unknown,experimental_summary,<not_applicable>,quarantined,1
observations,<not_applicable>,pk_adme,Ct,mmol/g,=,pk_adme,SRC-AF728821208AC735AEE2E0D1,<missing>,unknown,experimental_summary,<not_applicable>,quarantined,2
observations,<not_applicable>,pk_adme,Ct,nM,<,pk_adme,SRC-AF728821208AC735AEE2E0D1,<missing>,unknown,experimental_summary,<not_applicable>,quarantined,5
observations,<not_applicable>,pk_adme,Ct,nM,=,pk_adme,SRC-AF728821208AC735AEE2E0D1,<missing>,unknown,experimental_summary,<not_applicable>,quarantined,5
observations,<not_applicable>,pk_adme,D,10'-6cm2/s,=,pk_adme,SRC-AF728821208AC735AEE2E0D1,<missing>,unknown,experimental_summary,<not_applicable>,quarantined,1
observations,<not_applicable>,pk_adme,D,10'-7cm2/sec,=,pk_adme,SRC-AF728821208AC735AEE2E0D1,<missing>,unknown,experimental_summary,<not_applicable>,quarantined,2
observations,<not_applicable>,pk_adme,DNA on filter,<missing>,=,pk_adme,SRC-AF728821208AC735AEE2E0D1,preclinical_ex_vivo,unknown,experimental_summary,<not_applicable>,quarantined,4
observations,<not_applicable>,pk_adme,DOSE,mg.kg-1,=,pk_adme,SRC-AF728821208AC735AEE2E0D1,<missing>,unknown,experimental_summary,<not_applicable>,quarantined,2
observations,<not_applicable>,pk_adme,Decrease,%,=,pk_adme,SRC-AF728821208AC735AEE2E0D1,<missing>,unknown,experimental_summary,<not_applicable>,quarantined,10
observations,<not_applicable>,pk_adme,Degradation,%,=,pk_adme,SRC-AF728821208AC735AEE2E0D1,<missing>,unknown,experimental_summary,<not_applicable>,quarantined,4
observations,<not_applicable>,pk_adme,Deuterium retention,%,=,pk_adme,SRC-AF728821208AC735AEE2E0D1,<missing>,unknown,experimental_summary,<not_applicable>,quarantined,30
observations,<not_applicable>,pk_adme,Distribution,%,=,pk_adme,SRC-AF728821208AC735AEE2E0D1,<missing>,unknown,experimental_summary,<not_applicable>,quarantined,6
observations,<not_applicable>,pk_adme,Drug absorption,%,=,pk_adme,SRC-AF728821208AC735AEE2E0D1,<missing>,unknown,experimental_summary,<not_applicable>,quarantined,14
observations,<not_applicable>,pk_adme,Drug absorption,microg/cm2,=,pk_adme,SRC-AF728821208AC735AEE2E0D1,<missing>,unknown,experimental_summary,<not_applicable>,quarantined,3
observations,<not_applicable>,pk_adme,Drug degradation,%,<,pk_adme,SRC-AF728821208AC735AEE2E0D1,<missing>,unknown,experimental_summary,<not_applicable>,quarantined,30
observations,<not_applicable>,pk_adme,Drug degradation,%,<=,pk_adme,SRC-AF728821208AC735AEE2E0D1,<missing>,unknown,experimental_summary,<not_applicable>,quarantined,4
observations,<not_applicable>,pk_adme,Drug degradation,%,=,pk_adme,SRC-AF728821208AC735AEE2E0D1,<missing>,unknown,experimental_summary,<not_applicable>,quarantined,168
observations,<not_applicable>,pk_adme,Drug degradation,%,>,pk_adme,SRC-AF728821208AC735AEE2E0D1,<missing>,unknown,experimental_summary,<not_applicable>,quarantined,3
observations,<not_applicable>,pk_adme,Drug degradation,%,interval,pk_adme,SRC-AF728821208AC735AEE2E0D1,<missing>,unknown,experimental_summary,<not_applicable>,quarantined,2
observations,<not_applicable>,pk_adme,Drug degradation,<missing>,not_reported,pk_adme,SRC-AF728821208AC735AEE2E0D1,<missing>,unknown,experimental_summary,<not_applicable>,quarantined,8
observations,<not_applicable>,pk_adme,Drug degradation,ul/min,<,pk_adme,SRC-AF728821208AC735AEE2E0D1,<missing>,unknown,experimental_summary,<not_applicable>,quarantined,2
observations,<not_applicable>,pk_adme,Drug degradation,ul/min,=,pk_adme,SRC-AF728821208AC735AEE2E0D1,<missing>,unknown,experimental_summary,<not_applicable>,quarantined,1
observations,<not_applicable>,pk_adme,Drug degradation,ul/min,>,pk_adme,SRC-AF728821208AC735AEE2E0D1,<missing>,unknown,experimental_summary,<not_applicable>,quarantined,12
observations,<not_applicable>,pk_adme,Drug excretion,%,=,pk_adme,SRC-AF728821208AC735AEE2E0D1,<missing>,unknown,experimental_summary,<not_applicable>,quarantined,17
observations,<not_applicable>,pk_adme,Drug excretion,<missing>,not_reported,pk_adme,SRC-AF728821208AC735AEE2E0D1,<missing>,unknown,experimental_summary,<not_applicable>,quarantined,52
observations,<not_applicable>,pk_adme,Drug excretion,pmol,=,pk_adme,SRC-AF728821208AC735AEE2E0D1,<missing>,unknown,experimental_summary,<not_applicable>,quarantined,2
observations,<not_applicable>,pk_adme,Drug metabolism,%,<,pk_adme,SRC-AF728821208AC735AEE2E0D1,<missing>,unknown,experimental_summary,<not_applicable>,quarantined,203
observations,<not_applicable>,pk_adme,Drug metabolism,%,<=,pk_adme,SRC-AF728821208AC735AEE2E0D1,<missing>,unknown,experimental_summary,<not_applicable>,quarantined,6
observations,<not_applicable>,pk_adme,Drug metabolism,%,=,pk_adme,SRC-AF728821208AC735AEE2E0D1,<missing>,unknown,experimental_summary,<not_applicable>,quarantined,4761
observations,<not_applicable>,pk_adme,Drug metabolism,%,=,pk_adme,SRC-AF728821208AC735AEE2E0D1,preclinical_in_vitro,unknown,experimental_summary,<not_applicable>,quarantined,15
observations,<not_applicable>,pk_adme,Drug metabolism,%,>,pk_adme,SRC-AF728821208AC735AEE2E0D1,<missing>,unknown,experimental_summary,<not_applicable>,quarantined,65
observations,<not_applicable>,pk_adme,Drug metabolism,%,interval,pk_adme,SRC-AF728821208AC735AEE2E0D1,<missing>,unknown,experimental_summary,<not_applicable>,quarantined,20
observations,<not_applicable>,pk_adme,Drug metabolism,%,~,pk_adme,SRC-AF728821208AC735AEE2E0D1,<missing>,unknown,experimental_summary,<not_applicable>,quarantined,4
observations,<not_applicable>,pk_adme,Drug metabolism,%/min/pmol,=,pk_adme,SRC-AF728821208AC735AEE2E0D1,<missing>,unknown,experimental_summary,<not_applicable>,quarantined,16
observations,<not_applicable>,pk_adme,Drug metabolism,/min,=,pk_adme,SRC-AF728821208AC735AEE2E0D1,<missing>,unknown,experimental_summary,<not_applicable>,quarantined,7
observations,<not_applicable>,pk_adme,Drug metabolism,10^6no_unit,=,pk_adme,SRC-AF728821208AC735AEE2E0D1,<missing>,unknown,experimental_summary,<not_applicable>,quarantined,8
observations,<not_applicable>,pk_adme,Drug metabolism,<missing>,not_reported,pk_adme,SRC-AF728821208AC735AEE2E0D1,<missing>,unknown,experimental_summary,<not_applicable>,quarantined,7120
observations,<not_applicable>,pk_adme,Drug metabolism,<missing>,not_reported,pk_adme,SRC-AF728821208AC735AEE2E0D1,preclinical_in_vitro,unknown,experimental_summary,<not_applicable>,quarantined,130
observations,<not_applicable>,pk_adme,Drug metabolism,mM,=,pk_adme,SRC-AF728821208AC735AEE2E0D1,<missing>,unknown,experimental_summary,<not_applicable>,quarantined,20
observations,<not_applicable>,pk_adme,Drug metabolism,microl/min/mg,<,pk_adme,SRC-AF728821208AC735AEE2E0D1,<missing>,unknown,experimental_summary,<not_applicable>,quarantined,28
observations,<not_applicable>,pk_adme,Drug metabolism,microl/min/mg,=,pk_adme,SRC-AF728821208AC735AEE2E0D1,<missing>,unknown,experimental_summary,<not_applicable>,quarantined,60
observations,<not_applicable>,pk_adme,Drug metabolism,microl/min/mg,>,pk_adme,SRC-AF728821208AC735AEE2E0D1,<missing>,unknown,experimental_summary,<not_applicable>,quarantined,2
observations,<not_applicable>,pk_adme,Drug metabolism,microm/min/mg,=,pk_adme,SRC-AF728821208AC735AEE2E0D1,<missing>,unknown,experimental_summary,<not_applicable>,quarantined,5
observations,<not_applicable>,pk_adme,Drug metabolism,ml/min.kg,=,pk_adme,SRC-AF728821208AC735AEE2E0D1,<missing>,unknown,experimental_summary,<not_applicable>,quarantined,14
observations,<not_applicable>,pk_adme,Drug metabolism,ml/min.kg,>,pk_adme,SRC-AF728821208AC735AEE2E0D1,<missing>,unknown,experimental_summary,<not_applicable>,quarantined,1
observations,<not_applicable>,pk_adme,Drug metabolism,ml/min/g,=,pk_adme,SRC-AF728821208AC735AEE2E0D1,<missing>,unknown,experimental_summary,<not_applicable>,quarantined,10
observations,<not_applicable>,pk_adme,Drug metabolism,nM,=,pk_adme,SRC-AF728821208AC735AEE2E0D1,<missing>,unknown,experimental_summary,<not_applicable>,quarantined,23
observations,<not_applicable>,pk_adme,Drug metabolism,nanomol/min,=,pk_adme,SRC-AF728821208AC735AEE2E0D1,<missing>,unknown,experimental_summary,<not_applicable>,quarantined,7
observations,<not_applicable>,pk_adme,Drug metabolism,ng,<,pk_adme,SRC-AF728821208AC735AEE2E0D1,<missing>,unknown,experimental_summary,<not_applicable>,quarantined,2
observations,<not_applicable>,pk_adme,Drug metabolism,ng/mL,<,pk_adme,SRC-AF728821208AC735AEE2E0D1,<missing>,unknown,experimental_summary,<not_applicable>,quarantined,6
observations,<not_applicable>,pk_adme,Drug metabolism,ng/mL,=,pk_adme,SRC-AF728821208AC735AEE2E0D1,<missing>,unknown,experimental_summary,<not_applicable>,quarantined,51
observations,<not_applicable>,pk_adme,Drug metabolism,nmol/mg/min,=,pk_adme,SRC-AF728821208AC735AEE2E0D1,<missing>,unknown,experimental_summary,<not_applicable>,quarantined,6
observations,<not_applicable>,pk_adme,Drug metabolism,nmol/min,<,pk_adme,SRC-AF728821208AC735AEE2E0D1,<missing>,unknown,experimental_summary,<not_applicable>,quarantined,4
observations,<not_applicable>,pk_adme,Drug metabolism,nmol/min,<=,pk_adme,SRC-AF728821208AC735AEE2E0D1,<missing>,unknown,experimental_summary,<not_applicable>,quarantined,2
observations,<not_applicable>,pk_adme,Drug metabolism,nmol/min,=,pk_adme,SRC-AF728821208AC735AEE2E0D1,<missing>,unknown,experimental_summary,<not_applicable>,quarantined,119
observations,<not_applicable>,pk_adme,Drug metabolism,nmol/min,interval,pk_adme,SRC-AF728821208AC735AEE2E0D1,<missing>,unknown,experimental_summary,<not_applicable>,quarantined,4
observations,<not_applicable>,pk_adme,Drug metabolism,nmol/min/mg,<,pk_adme,SRC-AF728821208AC735AEE2E0D1,<missing>,unknown,experimental_summary,<not_applicable>,quarantined,40
observations,<not_applicable>,pk_adme,Drug metabolism,nmol/min/mg,<=,pk_adme,SRC-AF728821208AC735AEE2E0D1,<missing>,unknown,experimental_summary,<not_applicable>,quarantined,1
observations,<not_applicable>,pk_adme,Drug metabolism,nmol/min/mg,=,pk_adme,SRC-AF728821208AC735AEE2E0D1,<missing>,unknown,experimental_summary,<not_applicable>,quarantined,193
observations,<not_applicable>,pk_adme,Drug metabolism,nmol/min/mg,>,pk_adme,SRC-AF728821208AC735AEE2E0D1,<missing>,unknown,experimental_summary,<not_applicable>,quarantined,1
observations,<not_applicable>,pk_adme,Drug metabolism,pmol,=,pk_adme,SRC-AF728821208AC735AEE2E0D1,<missing>,unknown,experimental_summary,<not_applicable>,quarantined,84
observations,<not_applicable>,pk_adme,Drug metabolism,pmol/hr,=,pk_adme,SRC-AF728821208AC735AEE2E0D1,<missing>,unknown,experimental_summary,<not_applicable>,quarantined,7
observations,<not_applicable>,pk_adme,Drug metabolism,pmol/mg,=,pk_adme,SRC-AF728821208AC735AEE2E0D1,<missing>,unknown,experimental_summary,<not_applicable>,quarantined,2
observations,<not_applicable>,pk_adme,Drug metabolism,pmol/mg.hr,<,pk_adme,SRC-AF728821208AC735AEE2E0D1,<missing>,unknown,experimental_summary,<not_applicable>,quarantined,12
observations,<not_applicable>,pk_adme,Drug metabolism,pmol/mg.hr,=,pk_adme,SRC-AF728821208AC735AEE2E0D1,<missing>,unknown,experimental_summary,<not_applicable>,quarantined,8
observations,<not_applicable>,pk_adme,Drug metabolism,pmol/mg/hr,<,pk_adme,SRC-AF728821208AC735AEE2E0D1,<missing>,unknown,experimental_summary,<not_applicable>,quarantined,28
observations,<not_applicable>,pk_adme,Drug metabolism,pmol/mg/hr,=,pk_adme,SRC-AF728821208AC735AEE2E0D1,<missing>,unknown,experimental_summary,<not_applicable>,quarantined,38
observations,<not_applicable>,pk_adme,Drug metabolism,pmol/mg/hr,>,pk_adme,SRC-AF728821208AC735AEE2E0D1,<missing>,unknown,experimental_summary,<not_applicable>,quarantined,2
observations,<not_applicable>,pk_adme,Drug metabolism,pmol/min,<,pk_adme,SRC-AF728821208AC735AEE2E0D1,<missing>,unknown,experimental_summary,<not_applicable>,quarantined,4
observations,<not_applicable>,pk_adme,Drug metabolism,pmol/min,=,pk_adme,SRC-AF728821208AC735AEE2E0D1,<missing>,unknown,experimental_summary,<not_applicable>,quarantined,75
observations,<not_applicable>,pk_adme,Drug metabolism,pmol/min/mg,=,pk_adme,SRC-AF728821208AC735AEE2E0D1,<missing>,unknown,experimental_summary,<not_applicable>,quarantined,27
observations,<not_applicable>,pk_adme,Drug metabolism,pmol/min/mg,interval,pk_adme,SRC-AF728821208AC735AEE2E0D1,<missing>,unknown,experimental_summary,<not_applicable>,quarantined,1
observations,<not_applicable>,pk_adme,Drug metabolism,pmol/min/ug,=,pk_adme,SRC-AF728821208AC735AEE2E0D1,<missing>,unknown,experimental_summary,<not_applicable>,quarantined,18
observations,<not_applicable>,pk_adme,Drug metabolism,uM,=,pk_adme,SRC-AF728821208AC735AEE2E0D1,<missing>,unknown,experimental_summary,<not_applicable>,quarantined,121
observations,<not_applicable>,pk_adme,Drug metabolism,ug,=,pk_adme,SRC-AF728821208AC735AEE2E0D1,<missing>,unknown,experimental_summary,<not_applicable>,quarantined,7
observations,<not_applicable>,pk_adme,Drug metabolism,ugml-1,=,pk_adme,SRC-AF728821208AC735AEE2E0D1,<missing>,unknown,experimental_summary,<not_applicable>,quarantined,4
observations,<not_applicable>,pk_adme,Drug metabolism,ul/min,<,pk_adme,SRC-AF728821208AC735AEE2E0D1,<missing>,unknown,experimental_summary,<not_applicable>,quarantined,2
observations,<not_applicable>,pk_adme,Drug metabolism,ul/min,=,pk_adme,SRC-AF728821208AC735AEE2E0D1,<missing>,unknown,experimental_summary,<not_applicable>,quarantined,11
observations,<not_applicable>,pk_adme,Drug metabolism,ul/min,>,pk_adme,SRC-AF728821208AC735AEE2E0D1,<missing>,unknown,experimental_summary,<not_applicable>,quarantined,3
observations,<not_applicable>,pk_adme,Drug metabolism,um/min.mg,=,pk_adme,SRC-AF728821208AC735AEE2E0D1,<missing>,unknown,experimental_summary,<not_applicable>,quarantined,18
observations,<not_applicable>,pk_adme,Drug metabolism,umol/ml,=,pk_adme,SRC-AF728821208AC735AEE2E0D1,<missing>,unknown,experimental_summary,<not_applicable>,quarantined,16
observations,<not_applicable>,pk_adme,Drug recovery,%,<,pk_adme,SRC-AF728821208AC735AEE2E0D1,<missing>,unknown,experimental_summary,<not_applicable>,quarantined,63
observations,<not_applicable>,pk_adme,Drug recovery,%,=,pk_adme,SRC-AF728821208AC735AEE2E0D1,<missing>,unknown,experimental_summary,<not_applicable>,quarantined,651
observations,<not_applicable>,pk_adme,Drug recovery,%,>,pk_adme,SRC-AF728821208AC735AEE2E0D1,<missing>,unknown,experimental_summary,<not_applicable>,quarantined,18
observations,<not_applicable>,pk_adme,Drug recovery,%,interval,pk_adme,SRC-AF728821208AC735AEE2E0D1,<missing>,unknown,experimental_summary,<not_applicable>,quarantined,4
observations,<not_applicable>,pk_adme,Drug recovery,%,~,pk_adme,SRC-AF728821208AC735AEE2E0D1,<missing>,unknown,experimental_summary,<not_applicable>,quarantined,1
observations,<not_applicable>,pk_adme,Drug recovery,<missing>,not_reported,pk_adme,SRC-AF728821208AC735AEE2E0D1,<missing>,unknown,experimental_summary,<not_applicable>,quarantined,19
observations,<not_applicable>,pk_adme,Drug transport,%,=,pk_adme,SRC-AF728821208AC735AEE2E0D1,<missing>,unknown,experimental_summary,<not_applicable>,quarantined,54
observations,<not_applicable>,pk_adme,Drug transport,<missing>,not_reported,pk_adme,SRC-AF728821208AC735AEE2E0D1,<missing>,unknown,experimental_summary,<not_applicable>,quarantined,6
observations,<not_applicable>,pk_adme,Drug transport,ug/hr,=,pk_adme,SRC-AF728821208AC735AEE2E0D1,<missing>,unknown,experimental_summary,<not_applicable>,quarantined,2
observations,<not_applicable>,pk_adme,Drug uptake,%,<,pk_adme,SRC-AF728821208AC735AEE2E0D1,<missing>,unknown,experimental_summary,<not_applicable>,quarantined,31
observations,<not_applicable>,pk_adme,Drug uptake,%,<=,pk_adme,SRC-AF728821208AC735AEE2E0D1,<missing>,unknown,experimental_summary,<not_applicable>,quarantined,13
observations,<not_applicable>,pk_adme,Drug uptake,%,=,pk_adme,SRC-AF728821208AC735AEE2E0D1,<missing>,unknown,experimental_summary,<not_applicable>,quarantined,104
observations,<not_applicable>,pk_adme,Drug uptake,%,>,pk_adme,SRC-AF728821208AC735AEE2E0D1,<missing>,unknown,experimental_summary,<not_applicable>,quarantined,5
observations,<not_applicable>,pk_adme,Drug uptake,%id/g,=,pk_adme,SRC-AF728821208AC735AEE2E0D1,<missing>,unknown,experimental_summary,<not_applicable>,quarantined,72
observations,<not_applicable>,pk_adme,Drug uptake,<missing>,not_reported,pk_adme,SRC-AF728821208AC735AEE2E0D1,<missing>,unknown,experimental_summary,<not_applicable>,quarantined,233
observations,<not_applicable>,pk_adme,Drug uptake,fmol/min,=,pk_adme,SRC-AF728821208AC735AEE2E0D1,<missing>,unknown,experimental_summary,<not_applicable>,quarantined,2
observations,<not_applicable>,pk_adme,Drug uptake,mM,=,pk_adme,SRC-AF728821208AC735AEE2E0D1,<missing>,unknown,experimental_summary,<not_applicable>,quarantined,3
observations,<not_applicable>,pk_adme,Drug uptake,microl/min/mg,=,pk_adme,SRC-AF728821208AC735AEE2E0D1,<missing>,unknown,experimental_summary,<not_applicable>,quarantined,6
observations,<not_applicable>,pk_adme,Drug uptake,micromol/min,=,pk_adme,SRC-AF728821208AC735AEE2E0D1,<missing>,unknown,experimental_summary,<not_applicable>,quarantined,9
observations,<not_applicable>,pk_adme,Drug uptake,ng,=,pk_adme,SRC-AF728821208AC735AEE2E0D1,<missing>,unknown,experimental_summary,<not_applicable>,quarantined,4
observations,<not_applicable>,pk_adme,Drug uptake,ng/mL,=,pk_adme,SRC-AF728821208AC735AEE2E0D1,<missing>,unknown,experimental_summary,<not_applicable>,quarantined,1
observations,<not_applicable>,pk_adme,Drug uptake,nmol,=,pk_adme,SRC-AF728821208AC735AEE2E0D1,<missing>,unknown,experimental_summary,<not_applicable>,quarantined,3
observations,<not_applicable>,pk_adme,Drug uptake,nmol/g,=,pk_adme,SRC-AF728821208AC735AEE2E0D1,<missing>,unknown,experimental_summary,<not_applicable>,quarantined,3
observations,<not_applicable>,pk_adme,Drug uptake,nmol/g,>,pk_adme,SRC-AF728821208AC735AEE2E0D1,<missing>,unknown,experimental_summary,<not_applicable>,quarantined,1
observations,<not_applicable>,pk_adme,Drug uptake,pmol,=,pk_adme,SRC-AF728821208AC735AEE2E0D1,<missing>,unknown,experimental_summary,<not_applicable>,quarantined,68
observations,<not_applicable>,pk_adme,Drug uptake,pmol/min,=,pk_adme,SRC-AF728821208AC735AEE2E0D1,<missing>,unknown,experimental_summary,<not_applicable>,quarantined,6
observations,<not_applicable>,pk_adme,Drug uptake,pmol/min/mg,=,pk_adme,SRC-AF728821208AC735AEE2E0D1,<missing>,unknown,experimental_summary,<not_applicable>,quarantined,6
observations,<not_applicable>,pk_adme,Drug uptake,uM,=,pk_adme,SRC-AF728821208AC735AEE2E0D1,<missing>,unknown,experimental_summary,<not_applicable>,quarantined,26
observations,<not_applicable>,pk_adme,Drug uptake,ugml-1,=,pk_adme,SRC-AF728821208AC735AEE2E0D1,<missing>,unknown,experimental_summary,<not_applicable>,quarantined,7
observations,<not_applicable>,pk_adme,Drug uptake,ugml-1,>,pk_adme,SRC-AF728821208AC735AEE2E0D1,<missing>,unknown,experimental_summary,<not_applicable>,quarantined,2
observations,<not_applicable>,pk_adme,Drug uptake,umol,=,pk_adme,SRC-AF728821208AC735AEE2E0D1,<missing>,unknown,experimental_summary,<not_applicable>,quarantined,2
observations,<not_applicable>,pk_adme,EC50,<missing>,=,pk_adme,SRC-AF728821208AC735AEE2E0D1,<missing>,unknown,experimental_summary,<not_applicable>,quarantined,32
observations,<not_applicable>,pk_adme,EC50,<missing>,>,pk_adme,SRC-AF728821208AC735AEE2E0D1,<missing>,unknown,experimental_summary,<not_applicable>,quarantined,2
observations,<not_applicable>,pk_adme,EC50,<missing>,not_reported,pk_adme,SRC-AF728821208AC735AEE2E0D1,<missing>,unknown,experimental_summary,<not_applicable>,quarantined,44
observations,<not_applicable>,pk_adme,EC50,nM,<,pk_adme,SRC-AF728821208AC735AEE2E0D1,<missing>,unknown,experimental_summary,<not_applicable>,quarantined,21
observations,<not_applicable>,pk_adme,EC50,nM,<,pk_adme,SRC-AF728821208AC735AEE2E0D1,preclinical_in_vivo,unknown,experimental_summary,<not_applicable>,quarantined,5
observations,<not_applicable>,pk_adme,EC50,nM,=,pk_adme,SRC-AF728821208AC735AEE2E0D1,<missing>,unknown,experimental_summary,<not_applicable>,quarantined,1096
observations,<not_applicable>,pk_adme,EC50,nM,=,pk_adme,SRC-AF728821208AC735AEE2E0D1,preclinical_in_vitro,unknown,experimental_summary,<not_applicable>,quarantined,363
observations,<not_applicable>,pk_adme,EC50,nM,=,pk_adme,SRC-AF728821208AC735AEE2E0D1,preclinical_in_vivo,unknown,experimental_summary,<not_applicable>,quarantined,11
observations,<not_applicable>,pk_adme,EC50,nM,>,pk_adme,SRC-AF728821208AC735AEE2E0D1,<missing>,unknown,experimental_summary,<not_applicable>,quarantined,259
observations,<not_applicable>,pk_adme,EC50,nM,>=,pk_adme,SRC-AF728821208AC735AEE2E0D1,<missing>,unknown,experimental_summary,<not_applicable>,quarantined,1
observations,<not_applicable>,pk_adme,EC50,nM,not_reported,pk_adme,SRC-AF728821208AC735AEE2E0D1,<missing>,unknown,experimental_summary,<not_applicable>,quarantined,16
observations,<not_applicable>,pk_adme,EC50,nM,not_reported,pk_adme,SRC-AF728821208AC735AEE2E0D1,preclinical_in_vitro,unknown,experimental_summary,<not_applicable>,quarantined,1
observations,<not_applicable>,pk_adme,EC90,<missing>,not_reported,pk_adme,SRC-AF728821208AC735AEE2E0D1,<missing>,unknown,experimental_summary,<not_applicable>,quarantined,26
observations,<not_applicable>,pk_adme,EC90,nM,=,pk_adme,SRC-AF728821208AC735AEE2E0D1,<missing>,unknown,experimental_summary,<not_applicable>,quarantined,47
observations,<not_applicable>,pk_adme,EC90,uM,=,pk_adme,SRC-AF728821208AC735AEE2E0D1,<missing>,unknown,experimental_summary,<not_applicable>,quarantined,33
observations,<not_applicable>,pk_adme,EC90,uM,>,pk_adme,SRC-AF728821208AC735AEE2E0D1,<missing>,unknown,experimental_summary,<not_applicable>,quarantined,89
observations,<not_applicable>,pk_adme,ED15,%,=,pk_adme,SRC-AF728821208AC735AEE2E0D1,<missing>,unknown,experimental_summary,<not_applicable>,quarantined,1
observations,<not_applicable>,pk_adme,ED50,mg.kg-1,=,pk_adme,SRC-AF728821208AC735AEE2E0D1,<missing>,unknown,experimental_summary,<not_applicable>,quarantined,214
observations,<not_applicable>,pk_adme,ED50,mg.kg-1,=,pk_adme,SRC-AF728821208AC735AEE2E0D1,preclinical_in_vivo,unknown,experimental_summary,<not_applicable>,quarantined,98
observations,<not_applicable>,pk_adme,ED50,mg.kg-1,>,pk_adme,SRC-AF728821208AC735AEE2E0D1,<missing>,unknown,experimental_summary,<not_applicable>,quarantined,22
observations,<not_applicable>,pk_adme,ED50,mg.kg-1,>,pk_adme,SRC-AF728821208AC735AEE2E0D1,preclinical_in_vivo,unknown,experimental_summary,<not_applicable>,quarantined,5
observations,<not_applicable>,pk_adme,ED50,mg.kg-1,not_reported,pk_adme,SRC-AF728821208AC735AEE2E0D1,<missing>,unknown,experimental_summary,<not_applicable>,quarantined,5
observations,<not_applicable>,pk_adme,ED50,mg.kg-1,not_reported,pk_adme,SRC-AF728821208AC735AEE2E0D1,preclinical_in_vivo,unknown,experimental_summary,<not_applicable>,quarantined,17
observations,<not_applicable>,pk_adme,ED50,ngml-1,=,pk_adme,SRC-AF728821208AC735AEE2E0D1,<missing>,unknown,experimental_summary,<not_applicable>,quarantined,24
observations,<not_applicable>,pk_adme,ED50,ngml-1,>,pk_adme,SRC-AF728821208AC735AEE2E0D1,<missing>,unknown,experimental_summary,<not_applicable>,quarantined,3
observations,<not_applicable>,pk_adme,ED50,uM,=,pk_adme,SRC-AF728821208AC735AEE2E0D1,<missing>,unknown,experimental_summary,<not_applicable>,quarantined,13
observations,<not_applicable>,pk_adme,ED50,uM,>,pk_adme,SRC-AF728821208AC735AEE2E0D1,<missing>,unknown,experimental_summary,<not_applicable>,quarantined,2
observations,<not_applicable>,pk_adme,ED70,mgkg-1,=,pk_adme,SRC-AF728821208AC735AEE2E0D1,preclinical_in_vivo,unknown,experimental_summary,<not_applicable>,quarantined,4
observations,<not_applicable>,pk_adme,ERH,%,<,pk_adme,SRC-AF728821208AC735AEE2E0D1,<missing>,unknown,experimental_summary,<not_applicable>,quarantined,73
observations,<not_applicable>,pk_adme,ERH,%,=,pk_adme,SRC-AF728821208AC735AEE2E0D1,<missing>,unknown,experimental_summary,<not_applicable>,quarantined,455
observations,<not_applicable>,pk_adme,ERH,%,>,pk_adme,SRC-AF728821208AC735AEE2E0D1,<missing>,unknown,experimental_summary,<not_applicable>,quarantined,18
observations,<not_applicable>,pk_adme,ERH,%,interval,pk_adme,SRC-AF728821208AC735AEE2E0D1,<missing>,unknown,experimental_summary,<not_applicable>,quarantined,1
observations,<not_applicable>,pk_adme,ERH,<missing>,<,pk_adme,SRC-AF728821208AC735AEE2E0D1,<missing>,unknown,experimental_summary,<not_applicable>,quarantined,191
observations,<not_applicable>,pk_adme,ERH,<missing>,=,pk_adme,SRC-AF728821208AC735AEE2E0D1,<missing>,unknown,experimental_summary,<not_applicable>,quarantined,1241
observations,<not_applicable>,pk_adme,ERH,<missing>,>,pk_adme,SRC-AF728821208AC735AEE2E0D1,<missing>,unknown,experimental_summary,<not_applicable>,quarantined,61
observations,<not_applicable>,pk_adme,ERH,<missing>,interval,pk_adme,SRC-AF728821208AC735AEE2E0D1,<missing>,unknown,experimental_summary,<not_applicable>,quarantined,8
observations,<not_applicable>,pk_adme,ERH,<missing>,not_reported,pk_adme,SRC-AF728821208AC735AEE2E0D1,<missing>,unknown,experimental_summary,<not_applicable>,quarantined,76
observations,<not_applicable>,pk_adme,ERH,min,=,pk_adme,SRC-AF728821208AC735AEE2E0D1,<missing>,unknown,experimental_summary,<not_applicable>,quarantined,9
observations,<not_applicable>,pk_adme,ERH,nM,=,pk_adme,SRC-AF728821208AC735AEE2E0D1,<missing>,unknown,experimental_summary,<not_applicable>,quarantined,1
observations,<not_applicable>,pk_adme,Efficacy,%,=,pk_adme,SRC-AF728821208AC735AEE2E0D1,<missing>,unknown,experimental_summary,<not_applicable>,quarantined,1
observations,<not_applicable>,pk_adme,Efficacy,%,=,pk_adme,SRC-AF728821208AC735AEE2E0D1,preclinical_in_vivo,unknown,experimental_summary,<not_applicable>,quarantined,16
observations,<not_applicable>,pk_adme,Efflux ratio,<missing>,=,pk_adme,SRC-AF728821208AC735AEE2E0D1,<missing>,unknown,experimental_summary,<not_applicable>,quarantined,30
observations,<not_applicable>,pk_adme,Efflux ratio plus inhibitor,<missing>,=,pk_adme,SRC-AF728821208AC735AEE2E0D1,<missing>,unknown,experimental_summary,<not_applicable>,quarantined,30
observations,<not_applicable>,pk_adme,Emax,%,<=,pk_adme,SRC-AF728821208AC735AEE2E0D1,<missing>,unknown,experimental_summary,<not_applicable>,quarantined,3
observations,<not_applicable>,pk_adme,Emax,%,=,pk_adme,SRC-AF728821208AC735AEE2E0D1,<missing>,unknown,experimental_summary,<not_applicable>,quarantined,52
observations,<not_applicable>,pk_adme,Emax,<missing>,<,pk_adme,SRC-AF728821208AC735AEE2E0D1,<missing>,unknown,experimental_summary,<not_applicable>,quarantined,3
observations,<not_applicable>,pk_adme,Emax,<missing>,=,pk_adme,SRC-AF728821208AC735AEE2E0D1,<missing>,unknown,experimental_summary,<not_applicable>,quarantined,10
observations,<not_applicable>,pk_adme,Enantiomeric composition,%,=,pk_adme,SRC-AF728821208AC735AEE2E0D1,<missing>,unknown,experimental_summary,<not_applicable>,quarantined,8
observations,<not_applicable>,pk_adme,Enhancement,<missing>,=,pk_adme,SRC-AF728821208AC735AEE2E0D1,<missing>,unknown,experimental_summary,<not_applicable>,quarantined,12
observations,<not_applicable>,pk_adme,Extraction ratio,<missing>,<,pk_adme,SRC-AF728821208AC735AEE2E0D1,<missing>,unknown,experimental_summary,<not_applicable>,quarantined,2
observations,<not_applicable>,pk_adme,F,%,<,pk_adme,SRC-AF728821208AC735AEE2E0D1,<missing>,unknown,experimental_summary,<not_applicable>,included,10
observations,<not_applicable>,pk_adme,F,%,<,pk_adme,SRC-AF728821208AC735AEE2E0D1,<missing>,unknown,experimental_summary,<not_applicable>,quarantined,615
observations,<not_applicable>,pk_adme,F,%,<,pk_adme,SRC-AF728821208AC735AEE2E0D1,preclinical_in_vivo,unknown,experimental_summary,<not_applicable>,quarantined,2
observations,<not_applicable>,pk_adme,F,%,<=,pk_adme,SRC-AF728821208AC735AEE2E0D1,<missing>,unknown,experimental_summary,<not_applicable>,quarantined,36
observations,<not_applicable>,pk_adme,F,%,=,other_bioactivity,SRC-AF728821208AC735AEE2E0D1,<missing>,unknown,experimental_summary,<not_applicable>,included,6
observations,<not_applicable>,pk_adme,F,%,=,other_bioactivity,SRC-AF728821208AC735AEE2E0D1,<missing>,unknown,experimental_summary,<not_applicable>,quarantined,121
observations,<not_applicable>,pk_adme,F,%,=,pk_adme,SRC-AF728821208AC735AEE2E0D1,<missing>,unknown,experimental_summary,<not_applicable>,included,971
observations,<not_applicable>,pk_adme,F,%,=,pk_adme,SRC-AF728821208AC735AEE2E0D1,<missing>,unknown,experimental_summary,<not_applicable>,quarantined,28918
observations,<not_applicable>,pk_adme,F,%,=,pk_adme,SRC-AF728821208AC735AEE2E0D1,<missing>,unknown,experimental_summary,<not_applicable>,review,36
observations,<not_applicable>,pk_adme,F,%,=,pk_adme,SRC-AF728821208AC735AEE2E0D1,preclinical_in_vivo,unknown,experimental_summary,<not_applicable>,included,4
observations,<not_applicable>,pk_adme,F,%,=,pk_adme,SRC-AF728821208AC735AEE2E0D1,preclinical_in_vivo,unknown,experimental_summary,<not_applicable>,quarantined,8
observations,<not_applicable>,pk_adme,F,%,>,pk_adme,SRC-AF728821208AC735AEE2E0D1,<missing>,unknown,experimental_summary,<not_applicable>,included,4
observations,<not_applicable>,pk_adme,F,%,>,pk_adme,SRC-AF728821208AC735AEE2E0D1,<missing>,unknown,experimental_summary,<not_applicable>,quarantined,449
observations,<not_applicable>,pk_adme,F,%,>=,pk_adme,SRC-AF728821208AC735AEE2E0D1,<missing>,unknown,experimental_summary,<not_applicable>,quarantined,75
observations,<not_applicable>,pk_adme,F,%,interval,pk_adme,SRC-AF728821208AC735AEE2E0D1,<missing>,unknown,experimental_summary,<not_applicable>,included,2
observations,<not_applicable>,pk_adme,F,%,interval,pk_adme,SRC-AF728821208AC735AEE2E0D1,<missing>,unknown,experimental_summary,<not_applicable>,quarantined,87
observations,<not_applicable>,pk_adme,F,%,not_reported,pk_adme,SRC-AF728821208AC735AEE2E0D1,<missing>,unknown,experimental_summary,<not_applicable>,quarantined,1149
observations,<not_applicable>,pk_adme,F,%,not_reported,pk_adme,SRC-AF728821208AC735AEE2E0D1,preclinical_in_vivo,unknown,experimental_summary,<not_applicable>,quarantined,2
observations,<not_applicable>,pk_adme,F,%,~,pk_adme,SRC-AF728821208AC735AEE2E0D1,<missing>,unknown,experimental_summary,<not_applicable>,quarantined,29
observations,<not_applicable>,pk_adme,F,ml/min.kg,=,pk_adme,SRC-AF728821208AC735AEE2E0D1,<missing>,unknown,experimental_summary,<not_applicable>,quarantined,1
observations,<not_applicable>,pk_adme,F,ng/mL,=,pk_adme,SRC-AF728821208AC735AEE2E0D1,<missing>,unknown,experimental_summary,<not_applicable>,quarantined,2
observations,<not_applicable>,pk_adme,F/dose,%,<,pk_adme,SRC-AF728821208AC735AEE2E0D1,<missing>,unknown,experimental_summary,<not_applicable>,quarantined,2
observations,<not_applicable>,pk_adme,F/dose,%,=,pk_adme,SRC-AF728821208AC735AEE2E0D1,<missing>,unknown,experimental_summary,<not_applicable>,quarantined,7
observations,<not_applicable>,pk_adme,FC,<missing>,<,pk_adme,SRC-AF728821208AC735AEE2E0D1,<missing>,unknown,experimental_summary,<not_applicable>,quarantined,10
observations,<not_applicable>,pk_adme,FC,<missing>,<=,pk_adme,SRC-AF728821208AC735AEE2E0D1,<missing>,unknown,experimental_summary,<not_applicable>,quarantined,1
observations,<not_applicable>,pk_adme,FC,<missing>,=,pk_adme,SRC-AF728821208AC735AEE2E0D1,<missing>,unknown,experimental_summary,<not_applicable>,quarantined,1002
observations,<not_applicable>,pk_adme,FC,<missing>,=,pk_adme,SRC-AF728821208AC735AEE2E0D1,preclinical_ex_vivo,unknown,experimental_summary,<not_applicable>,quarantined,3
observations,<not_applicable>,pk_adme,FC,<missing>,>,pk_adme,SRC-AF728821208AC735AEE2E0D1,<missing>,unknown,experimental_summary,<not_applicable>,quarantined,10
observations,<not_applicable>,pk_adme,FC,<missing>,interval,pk_adme,SRC-AF728821208AC735AEE2E0D1,<missing>,unknown,experimental_summary,<not_applicable>,quarantined,12
observations,<not_applicable>,pk_adme,FC,<missing>,not_reported,pk_adme,SRC-AF728821208AC735AEE2E0D1,<missing>,unknown,experimental_summary,<not_applicable>,quarantined,5
observations,<not_applicable>,pk_adme,FC,<missing>,~,pk_adme,SRC-AF728821208AC735AEE2E0D1,<missing>,unknown,experimental_summary,<not_applicable>,quarantined,6
observations,<not_applicable>,pk_adme,F_fraction,<missing>,=,pk_adme,SRC-AF728821208AC735AEE2E0D1,<missing>,unknown,experimental_summary,<not_applicable>,quarantined,308
observations,<not_applicable>,pk_adme,Fa,%,<,pk_adme,SRC-AF728821208AC735AEE2E0D1,<missing>,unknown,experimental_summary,<not_applicable>,quarantined,4
observations,<not_applicable>,pk_adme,Fa,%,=,pk_adme,SRC-AF728821208AC735AEE2E0D1,<missing>,unknown,experimental_summary,<not_applicable>,quarantined,18
observations,<not_applicable>,pk_adme,Fabs,%,=,pk_adme,SRC-AF728821208AC735AEE2E0D1,<missing>,unknown,experimental_summary,<not_applicable>,quarantined,9
observations,<not_applicable>,pk_adme,Fapp,%,=,pk_adme,SRC-AF728821208AC735AEE2E0D1,<missing>,unknown,experimental_summary,<not_applicable>,quarantined,19
observations,<not_applicable>,pk_adme,Fapp,%,>,pk_adme,SRC-AF728821208AC735AEE2E0D1,<missing>,unknown,experimental_summary,<not_applicable>,quarantined,3
observations,<not_applicable>,pk_adme,Fez,%,=,pk_adme,SRC-AF728821208AC735AEE2E0D1,<missing>,unknown,experimental_summary,<not_applicable>,quarantined,1
observations,<not_applicable>,pk_adme,Fg,%,=,pk_adme,SRC-AF728821208AC735AEE2E0D1,<missing>,unknown,experimental_summary,<not_applicable>,quarantined,8
observations,<not_applicable>,pk_adme,Fg,<missing>,=,pk_adme,SRC-AF728821208AC735AEE2E0D1,<missing>,unknown,experimental_summary,<not_applicable>,quarantined,2
observations,<not_applicable>,pk_adme,Fh,%,=,pk_adme,SRC-AF728821208AC735AEE2E0D1,<missing>,unknown,experimental_summary,<not_applicable>,quarantined,7
observations,<not_applicable>,pk_adme,Fh,<missing>,not_reported,pk_adme,SRC-AF728821208AC735AEE2E0D1,<missing>,unknown,experimental_summary,<not_applicable>,quarantined,2
observations,<not_applicable>,pk_adme,Flu intensity,<missing>,=,pk_adme,SRC-AF728821208AC735AEE2E0D1,<missing>,unknown,experimental_summary,<not_applicable>,quarantined,7
observations,<not_applicable>,pk_adme,Flu intensity,<missing>,~,pk_adme,SRC-AF728821208AC735AEE2E0D1,<missing>,unknown,experimental_summary,<not_applicable>,quarantined,2
observations,<not_applicable>,pk_adme,Flu intensity,a.u.,=,pk_adme,SRC-AF728821208AC735AEE2E0D1,<missing>,unknown,experimental_summary,<not_applicable>,quarantined,2
observations,<not_applicable>,pk_adme,Fluorescence,a.u,=,pk_adme,SRC-AF728821208AC735AEE2E0D1,<missing>,unknown,experimental_summary,<not_applicable>,quarantined,6
observations,<not_applicable>,pk_adme,Fm,%,=,pk_adme,SRC-AF728821208AC735AEE2E0D1,<missing>,unknown,experimental_summary,<not_applicable>,quarantined,25
observations,<not_applicable>,pk_adme,Fm,<missing>,=,pk_adme,SRC-AF728821208AC735AEE2E0D1,<missing>,unknown,experimental_summary,<not_applicable>,quarantined,24
observations,<not_applicable>,pk_adme,Fm,<missing>,not_reported,pk_adme,SRC-AF728821208AC735AEE2E0D1,<missing>,unknown,experimental_summary,<not_applicable>,quarantined,2
observations,<not_applicable>,pk_adme,Fmax,%,=,pk_adme,SRC-AF728821208AC735AEE2E0D1,<missing>,unknown,experimental_summary,<not_applicable>,quarantined,185
observations,<not_applicable>,pk_adme,Fmax,<missing>,not_reported,pk_adme,SRC-AF728821208AC735AEE2E0D1,<missing>,unknown,experimental_summary,<not_applicable>,quarantined,13
observations,<not_applicable>,pk_adme,Fmean,%,=,pk_adme,SRC-AF728821208AC735AEE2E0D1,<missing>,unknown,experimental_summary,<not_applicable>,quarantined,1
observations,<not_applicable>,pk_adme,Formation,%,=,pk_adme,SRC-AF728821208AC735AEE2E0D1,<missing>,unknown,experimental_summary,<not_applicable>,quarantined,26
observations,<not_applicable>,pk_adme,Formation,<missing>,not_reported,pk_adme,SRC-AF728821208AC735AEE2E0D1,<missing>,unknown,experimental_summary,<not_applicable>,quarantined,8
observations,<not_applicable>,pk_adme,Formation of NO2-,nM,<,pk_adme,SRC-AF728821208AC735AEE2E0D1,<missing>,unknown,experimental_summary,<not_applicable>,quarantined,10
observations,<not_applicable>,pk_adme,Formation of NO2-,nM,=,pk_adme,SRC-AF728821208AC735AEE2E0D1,<missing>,unknown,experimental_summary,<not_applicable>,quarantined,26
observations,<not_applicable>,pk_adme,Formation of NO3-,nM,=,pk_adme,SRC-AF728821208AC735AEE2E0D1,<missing>,unknown,experimental_summary,<not_applicable>,quarantined,4
observations,<not_applicable>,pk_adme,Formation of compound,nM,=,pk_adme,SRC-AF728821208AC735AEE2E0D1,<missing>,unknown,experimental_summary,<not_applicable>,quarantined,4
observations,<not_applicable>,pk_adme,Fos,%,=,pk_adme,SRC-AF728821208AC735AEE2E0D1,<missing>,unknown,experimental_summary,<not_applicable>,quarantined,2
observations,<not_applicable>,pk_adme,Free,%,=,pk_adme,SRC-AF728821208AC735AEE2E0D1,<missing>,unknown,experimental_summary,<not_applicable>,quarantined,100
observations,<not_applicable>,pk_adme,Free,%,not_reported,pk_adme,SRC-AF728821208AC735AEE2E0D1,<missing>,unknown,experimental_summary,<not_applicable>,quarantined,6
observations,<not_applicable>,pk_adme,Free,<missing>,not_reported,pk_adme,SRC-AF728821208AC735AEE2E0D1,<missing>,unknown,experimental_summary,<not_applicable>,quarantined,1
observations,<not_applicable>,pk_adme,Fu,%,<,other_bioactivity,SRC-AF728821208AC735AEE2E0D1,<missing>,unknown,experimental_summary,<not_applicable>,included,330
observations,<not_applicable>,pk_adme,Fu,%,<,other_bioactivity,SRC-AF728821208AC735AEE2E0D1,<missing>,unknown,experimental_summary,<not_applicable>,quarantined,9
observations,<not_applicable>,pk_adme,Fu,%,<,pk_adme,SRC-AF728821208AC735AEE2E0D1,<missing>,unknown,experimental_summary,<not_applicable>,included,43
observations,<not_applicable>,pk_adme,Fu,%,<=,other_bioactivity,SRC-AF728821208AC735AEE2E0D1,<missing>,unknown,experimental_summary,<not_applicable>,included,2
observations,<not_applicable>,pk_adme,Fu,%,<=,other_bioactivity,SRC-AF728821208AC735AEE2E0D1,<missing>,unknown,experimental_summary,<not_applicable>,quarantined,3
observations,<not_applicable>,pk_adme,Fu,%,=,binding,SRC-AF728821208AC735AEE2E0D1,<missing>,unknown,experimental_summary,<not_applicable>,quarantined,16
observations,<not_applicable>,pk_adme,Fu,%,=,other_bioactivity,SRC-AF728821208AC735AEE2E0D1,<missing>,unknown,experimental_summary,<not_applicable>,included,6266
observations,<not_applicable>,pk_adme,Fu,%,=,other_bioactivity,SRC-AF728821208AC735AEE2E0D1,<missing>,unknown,experimental_summary,<not_applicable>,quarantined,267
observations,<not_applicable>,pk_adme,Fu,%,=,other_bioactivity,SRC-AF728821208AC735AEE2E0D1,<missing>,unknown,experimental_summary,<not_applicable>,review,12
observations,<not_applicable>,pk_adme,Fu,%,=,pk_adme,SRC-AF728821208AC735AEE2E0D1,<missing>,unknown,experimental_summary,<not_applicable>,included,1104
observations,<not_applicable>,pk_adme,Fu,%,=,pk_adme,SRC-AF728821208AC735AEE2E0D1,<missing>,unknown,experimental_summary,<not_applicable>,quarantined,31
observations,<not_applicable>,pk_adme,Fu,%,>,other_bioactivity,SRC-AF728821208AC735AEE2E0D1,<missing>,unknown,experimental_summary,<not_applicable>,included,61
observations,<not_applicable>,pk_adme,Fu,%,>,other_bioactivity,SRC-AF728821208AC735AEE2E0D1,<missing>,unknown,experimental_summary,<not_applicable>,quarantined,3
observations,<not_applicable>,pk_adme,Fu,%,>,pk_adme,SRC-AF728821208AC735AEE2E0D1,<missing>,unknown,experimental_summary,<not_applicable>,included,12
observations,<not_applicable>,pk_adme,Fu,%,>=,other_bioactivity,SRC-AF728821208AC735AEE2E0D1,<missing>,unknown,experimental_summary,<not_applicable>,included,2
observations,<not_applicable>,pk_adme,Fu,%,interval,other_bioactivity,SRC-AF728821208AC735AEE2E0D1,<missing>,unknown,experimental_summary,<not_applicable>,included,14
observations,<not_applicable>,pk_adme,Fu,%,not_reported,other_bioactivity,SRC-AF728821208AC735AEE2E0D1,<missing>,unknown,experimental_summary,<not_applicable>,quarantined,4
observations,<not_applicable>,pk_adme,Fu,%id,=,other_bioactivity,SRC-AF728821208AC735AEE2E0D1,<missing>,unknown,experimental_summary,<not_applicable>,quarantined,1
observations,<not_applicable>,pk_adme,Fu,10'-5no_unit,=,other_bioactivity,SRC-AF728821208AC735AEE2E0D1,<missing>,unknown,experimental_summary,<not_applicable>,quarantined,2
observations,<not_applicable>,pk_adme,Fu,<missing>,<,other_bioactivity,SRC-AF728821208AC735AEE2E0D1,<missing>,unknown,experimental_summary,<not_applicable>,quarantined,139
observations,<not_applicable>,pk_adme,Fu,<missing>,<,pk_adme,SRC-AF728821208AC735AEE2E0D1,<missing>,unknown,experimental_summary,<not_applicable>,quarantined,8
observations,<not_applicable>,pk_adme,Fu,<missing>,<=,other_bioactivity,SRC-AF728821208AC735AEE2E0D1,<missing>,unknown,experimental_summary,<not_applicable>,quarantined,1
observations,<not_applicable>,pk_adme,Fu,<missing>,<=,pk_adme,SRC-AF728821208AC735AEE2E0D1,<missing>,unknown,experimental_summary,<not_applicable>,quarantined,1
observations,<not_applicable>,pk_adme,Fu,<missing>,=,other_bioactivity,SRC-AF728821208AC735AEE2E0D1,<missing>,unknown,experimental_summary,<not_applicable>,quarantined,4809
observations,<not_applicable>,pk_adme,Fu,<missing>,=,other_bioactivity,SRC-AF728821208AC735AEE2E0D1,preclinical_in_vitro,unknown,experimental_summary,<not_applicable>,quarantined,7
observations,<not_applicable>,pk_adme,Fu,<missing>,=,pk_adme,SRC-AF728821208AC735AEE2E0D1,<missing>,unknown,experimental_summary,<not_applicable>,quarantined,522
observations,<not_applicable>,pk_adme,Fu,<missing>,>,other_bioactivity,SRC-AF728821208AC735AEE2E0D1,<missing>,unknown,experimental_summary,<not_applicable>,quarantined,37
observations,<not_applicable>,pk_adme,Fu,<missing>,>=,other_bioactivity,SRC-AF728821208AC735AEE2E0D1,<missing>,unknown,experimental_summary,<not_applicable>,quarantined,1
observations,<not_applicable>,pk_adme,Fu,<missing>,interval,other_bioactivity,SRC-AF728821208AC735AEE2E0D1,<missing>,unknown,experimental_summary,<not_applicable>,quarantined,69
observations,<not_applicable>,pk_adme,Fu,<missing>,interval,pk_adme,SRC-AF728821208AC735AEE2E0D1,<missing>,unknown,experimental_summary,<not_applicable>,quarantined,4
observations,<not_applicable>,pk_adme,Fu,<missing>,not_reported,other_bioactivity,SRC-AF728821208AC735AEE2E0D1,<missing>,unknown,experimental_summary,<not_applicable>,quarantined,414
observations,<not_applicable>,pk_adme,Fu,<missing>,not_reported,pk_adme,SRC-AF728821208AC735AEE2E0D1,<missing>,unknown,experimental_summary,<not_applicable>,quarantined,63
observations,<not_applicable>,pk_adme,Fu,<missing>,~,other_bioactivity,SRC-AF728821208AC735AEE2E0D1,<missing>,unknown,experimental_summary,<not_applicable>,quarantined,1
observations,<not_applicable>,pk_adme,Fu,microg.hr/ml,=,other_bioactivity,SRC-AF728821208AC735AEE2E0D1,<missing>,unknown,experimental_summary,<not_applicable>,quarantined,1
observations,<not_applicable>,pk_adme,Fu,nM,=,other_bioactivity,SRC-AF728821208AC735AEE2E0D1,<missing>,unknown,experimental_summary,<not_applicable>,quarantined,167
observations,<not_applicable>,pk_adme,Fu,nM,=,other_bioactivity,SRC-AF728821208AC735AEE2E0D1,preclinical_ex_vivo,unknown,experimental_summary,<not_applicable>,quarantined,20
observations,<not_applicable>,pk_adme,Fu,nM,=,other_bioactivity,SRC-AF728821208AC735AEE2E0D1,preclinical_in_vivo,unknown,experimental_summary,<not_applicable>,quarantined,1
observations,<not_applicable>,pk_adme,Fu,nM,>,other_bioactivity,SRC-AF728821208AC735AEE2E0D1,<missing>,unknown,experimental_summary,<not_applicable>,quarantined,2
observations,<not_applicable>,pk_adme,Fu,ng/g,=,other_bioactivity,SRC-AF728821208AC735AEE2E0D1,<missing>,unknown,experimental_summary,<not_applicable>,quarantined,11
observations,<not_applicable>,pk_adme,Fu,ng/mL,<,other_bioactivity,SRC-AF728821208AC735AEE2E0D1,<missing>,unknown,experimental_summary,<not_applicable>,quarantined,2
observations,<not_applicable>,pk_adme,Fu,ng/mL,=,other_bioactivity,SRC-AF728821208AC735AEE2E0D1,<missing>,unknown,experimental_summary,<not_applicable>,quarantined,14
observations,<not_applicable>,pk_adme,Fu,nmol/g,=,other_bioactivity,SRC-AF728821208AC735AEE2E0D1,<missing>,unknown,experimental_summary,<not_applicable>,quarantined,3
observations,<not_applicable>,pk_adme,Fu,nmol/kg,=,other_bioactivity,SRC-AF728821208AC735AEE2E0D1,<missing>,unknown,experimental_summary,<not_applicable>,quarantined,1
observations,<not_applicable>,pk_adme,Fu,uM,=,other_bioactivity,SRC-AF728821208AC735AEE2E0D1,<missing>,unknown,experimental_summary,<not_applicable>,quarantined,38
observations,<not_applicable>,pk_adme,Fu,ugml-1,=,other_bioactivity,SRC-AF728821208AC735AEE2E0D1,<missing>,unknown,experimental_summary,<not_applicable>,quarantined,4
observations,<not_applicable>,pk_adme,GI,%,=,pk_adme,SRC-AF728821208AC735AEE2E0D1,<missing>,unknown,experimental_summary,<not_applicable>,quarantined,1
observations,<not_applicable>,pk_adme,GI tolerance,<missing>,not_reported,pk_adme,SRC-AF728821208AC735AEE2E0D1,<missing>,unknown,experimental_summary,<not_applicable>,quarantined,1
observations,<not_applicable>,pk_adme,GI50,nM,=,pk_adme,SRC-AF728821208AC735AEE2E0D1,<missing>,unknown,experimental_summary,<not_applicable>,quarantined,19
observations,<not_applicable>,pk_adme,GI50,nM,>,pk_adme,SRC-AF728821208AC735AEE2E0D1,<missing>,unknown,experimental_summary,<not_applicable>,quarantined,22
observations,<not_applicable>,pk_adme,GT rate,<missing>,<,pk_adme,SRC-AF728821208AC735AEE2E0D1,<missing>,unknown,experimental_summary,<not_applicable>,quarantined,1
observations,<not_applicable>,pk_adme,GT rate,<missing>,=,pk_adme,SRC-AF728821208AC735AEE2E0D1,<missing>,unknown,experimental_summary,<not_applicable>,quarantined,11
observations,<not_applicable>,pk_adme,GT rate,nmmin-1(mgofprotein)-1,<,pk_adme,SRC-AF728821208AC735AEE2E0D1,<missing>,unknown,experimental_summary,<not_applicable>,quarantined,1
observations,<not_applicable>,pk_adme,GT rate,nmmin-1(mgofprotein)-1,=,pk_adme,SRC-AF728821208AC735AEE2E0D1,<missing>,unknown,experimental_summary,<not_applicable>,quarantined,25
observations,<not_applicable>,pk_adme,Glucuronidation,nmol/min/mg,=,pk_adme,SRC-AF728821208AC735AEE2E0D1,<missing>,unknown,experimental_summary,<not_applicable>,quarantined,9
observations,<not_applicable>,pk_adme,Glucuronidation rate,nmmin-1mg-1,=,pk_adme,SRC-AF728821208AC735AEE2E0D1,<missing>,unknown,experimental_summary,<not_applicable>,quarantined,8
observations,<not_applicable>,pk_adme,Glucuronidation rate,nmmin-1mg-1,not_reported,pk_adme,SRC-AF728821208AC735AEE2E0D1,<missing>,unknown,experimental_summary,<not_applicable>,quarantined,2
observations,<not_applicable>,pk_adme,HEPG2TOX ASSAY - CC50,uM,<,pk_adme,SRC-AF728821208AC735AEE2E0D1,<missing>,unknown,experimental_summary,<not_applicable>,quarantined,2
observations,<not_applicable>,pk_adme,HEPG2TOX ASSAY - CC50,uM,=,pk_adme,SRC-AF728821208AC735AEE2E0D1,<missing>,unknown,experimental_summary,<not_applicable>,quarantined,11918
observations,<not_applicable>,pk_adme,HEPG2TOX ASSAY - CC50,uM,>,pk_adme,SRC-AF728821208AC735AEE2E0D1,<missing>,unknown,experimental_summary,<not_applicable>,quarantined,8058
observations,<not_applicable>,pk_adme,HEPG2TOX ASSAY - CC90,uM,<,pk_adme,SRC-AF728821208AC735AEE2E0D1,<missing>,unknown,experimental_summary,<not_applicable>,quarantined,2
observations,<not_applicable>,pk_adme,HEPG2TOX ASSAY - CC90,uM,=,pk_adme,SRC-AF728821208AC735AEE2E0D1,<missing>,unknown,experimental_summary,<not_applicable>,quarantined,11918
observations,<not_applicable>,pk_adme,HEPG2TOX ASSAY - CC90,uM,>,pk_adme,SRC-AF728821208AC735AEE2E0D1,<missing>,unknown,experimental_summary,<not_applicable>,quarantined,8058
observations,<not_applicable>,pk_adme,HMGR activity,<missing>,=,pk_adme,SRC-AF728821208AC735AEE2E0D1,<missing>,unknown,experimental_summary,<not_applicable>,quarantined,10
observations,<not_applicable>,pk_adme,Hepatic Extraction ratio,<missing>,<,pk_adme,SRC-AF728821208AC735AEE2E0D1,<missing>,unknown,experimental_summary,<not_applicable>,quarantined,24
observations,<not_applicable>,pk_adme,Hepatic Extraction ratio,<missing>,>,pk_adme,SRC-AF728821208AC735AEE2E0D1,<missing>,unknown,experimental_summary,<not_applicable>,quarantined,21
observations,<not_applicable>,pk_adme,Hepatocyte stability,ul/min/10e6cells,=,pk_adme,SRC-AF728821208AC735AEE2E0D1,<missing>,unknown,experimental_summary,<not_applicable>,quarantined,6
observations,<not_applicable>,pk_adme,Hill coefficient,<missing>,=,pk_adme,SRC-AF728821208AC735AEE2E0D1,<missing>,unknown,experimental_summary,<not_applicable>,quarantined,4
observations,<not_applicable>,pk_adme,IC,uM,=,pk_adme,SRC-AF728821208AC735AEE2E0D1,<missing>,unknown,experimental_summary,<not_applicable>,quarantined,29
observations,<not_applicable>,pk_adme,IC,uM,>,pk_adme,SRC-AF728821208AC735AEE2E0D1,<missing>,unknown,experimental_summary,<not_applicable>,quarantined,3
observations,<not_applicable>,pk_adme,IC50,<missing>,<,pk_adme,SRC-AF728821208AC735AEE2E0D1,<missing>,unknown,experimental_summary,<not_applicable>,quarantined,21
observations,<not_applicable>,pk_adme,IC50,<missing>,=,pk_adme,SRC-AF728821208AC735AEE2E0D1,<missing>,unknown,experimental_summary,<not_applicable>,quarantined,232
observations,<not_applicable>,pk_adme,IC50,<missing>,>,pk_adme,SRC-AF728821208AC735AEE2E0D1,<missing>,unknown,experimental_summary,<not_applicable>,quarantined,59
observations,<not_applicable>,pk_adme,IC50,<missing>,interval,pk_adme,SRC-AF728821208AC735AEE2E0D1,<missing>,unknown,experimental_summary,<not_applicable>,quarantined,3
observations,<not_applicable>,pk_adme,IC50,<missing>,not_reported,pk_adme,SRC-AF728821208AC735AEE2E0D1,<missing>,unknown,experimental_summary,<not_applicable>,quarantined,1417
observations,<not_applicable>,pk_adme,IC50,<missing>,not_reported,pk_adme,SRC-AF728821208AC735AEE2E0D1,preclinical_in_vitro,unknown,experimental_summary,<not_applicable>,quarantined,50
observations,<not_applicable>,pk_adme,IC50,nM,<,pk_adme,SRC-AF728821208AC735AEE2E0D1,<missing>,unknown,experimental_summary,<not_applicable>,quarantined,942
observations,<not_applicable>,pk_adme,IC50,nM,<,pk_adme,SRC-AF728821208AC735AEE2E0D1,preclinical_in_vitro,unknown,experimental_summary,<not_applicable>,quarantined,468
observations,<not_applicable>,pk_adme,IC50,nM,<=,pk_adme,SRC-AF728821208AC735AEE2E0D1,<missing>,unknown,experimental_summary,<not_applicable>,quarantined,177
observations,<not_applicable>,pk_adme,IC50,nM,=,pk_adme,SRC-AF728821208AC735AEE2E0D1,<missing>,unknown,experimental_summary,<not_applicable>,quarantined,25477
observations,<not_applicable>,pk_adme,IC50,nM,=,pk_adme,SRC-AF728821208AC735AEE2E0D1,preclinical_in_vitro,unknown,experimental_summary,<not_applicable>,quarantined,8961
observations,<not_applicable>,pk_adme,IC50,nM,=,pk_adme,SRC-AF728821208AC735AEE2E0D1,preclinical_in_vivo,unknown,experimental_summary,<not_applicable>,quarantined,32
observations,<not_applicable>,pk_adme,IC50,nM,>,pk_adme,SRC-AF728821208AC735AEE2E0D1,<missing>,unknown,experimental_summary,<not_applicable>,quarantined,8396
observations,<not_applicable>,pk_adme,IC50,nM,>,pk_adme,SRC-AF728821208AC735AEE2E0D1,preclinical_in_vitro,unknown,experimental_summary,<not_applicable>,quarantined,897
observations,<not_applicable>,pk_adme,IC50,nM,>,pk_adme,SRC-AF728821208AC735AEE2E0D1,preclinical_in_vivo,unknown,experimental_summary,<not_applicable>,quarantined,2
observations,<not_applicable>,pk_adme,IC50,nM,>=,pk_adme,SRC-AF728821208AC735AEE2E0D1,<missing>,unknown,experimental_summary,<not_applicable>,quarantined,37
observations,<not_applicable>,pk_adme,IC50,nM,interval,pk_adme,SRC-AF728821208AC735AEE2E0D1,<missing>,unknown,experimental_summary,<not_applicable>,quarantined,85
observations,<not_applicable>,pk_adme,IC50,nM,not_reported,pk_adme,SRC-AF728821208AC735AEE2E0D1,<missing>,unknown,experimental_summary,<not_applicable>,quarantined,291
observations,<not_applicable>,pk_adme,IC50,nM,~,pk_adme,SRC-AF728821208AC735AEE2E0D1,<missing>,unknown,experimental_summary,<not_applicable>,quarantined,3
observations,<not_applicable>,pk_adme,IC80,nM,=,pk_adme,SRC-AF728821208AC735AEE2E0D1,<missing>,unknown,experimental_summary,<not_applicable>,quarantined,1
observations,<not_applicable>,pk_adme,IC90,<missing>,not_reported,pk_adme,SRC-AF728821208AC735AEE2E0D1,<missing>,unknown,experimental_summary,<not_applicable>,quarantined,1
observations,<not_applicable>,pk_adme,IC90,nM,=,pk_adme,SRC-AF728821208AC735AEE2E0D1,<missing>,unknown,experimental_summary,<not_applicable>,quarantined,29
observations,<not_applicable>,pk_adme,ID50,M,=,pk_adme,SRC-AF728821208AC735AEE2E0D1,<missing>,unknown,experimental_summary,<not_applicable>,quarantined,4
observations,<not_applicable>,pk_adme,ID50,M,>,pk_adme,SRC-AF728821208AC735AEE2E0D1,<missing>,unknown,experimental_summary,<not_applicable>,quarantined,4
observations,<not_applicable>,pk_adme,ID50,mg.kg-1,=,pk_adme,SRC-AF728821208AC735AEE2E0D1,<missing>,unknown,experimental_summary,<not_applicable>,quarantined,15
observations,<not_applicable>,pk_adme,ID50,mg.kg-1,=,pk_adme,SRC-AF728821208AC735AEE2E0D1,preclinical_in_vivo,unknown,experimental_summary,<not_applicable>,quarantined,1
observations,<not_applicable>,pk_adme,ID50,ugml-1,=,pk_adme,SRC-AF728821208AC735AEE2E0D1,<missing>,unknown,experimental_summary,<not_applicable>,quarantined,2
observations,<not_applicable>,pk_adme,ID50,ugml-1,>,pk_adme,SRC-AF728821208AC735AEE2E0D1,<missing>,unknown,experimental_summary,<not_applicable>,quarantined,1
observations,<not_applicable>,pk_adme,ID50,umol,=,pk_adme,SRC-AF728821208AC735AEE2E0D1,<missing>,unknown,experimental_summary,<not_applicable>,quarantined,12
observations,<not_applicable>,pk_adme,INH,10'-4/min,=,pk_adme,SRC-AF728821208AC735AEE2E0D1,<missing>,unknown,experimental_summary,<not_applicable>,quarantined,9
observations,<not_applicable>,pk_adme,INH,10'-4m,=,pk_adme,SRC-AF728821208AC735AEE2E0D1,<missing>,unknown,experimental_summary,<not_applicable>,quarantined,2
observations,<not_applicable>,pk_adme,INH,10'-5m,=,pk_adme,SRC-AF728821208AC735AEE2E0D1,<missing>,unknown,experimental_summary,<not_applicable>,quarantined,2
observations,<not_applicable>,pk_adme,INH,10'-7m,=,pk_adme,SRC-AF728821208AC735AEE2E0D1,<missing>,unknown,experimental_summary,<not_applicable>,quarantined,5
observations,<not_applicable>,pk_adme,INH,10'-8m,=,pk_adme,SRC-AF728821208AC735AEE2E0D1,<missing>,unknown,experimental_summary,<not_applicable>,quarantined,8
observations,<not_applicable>,pk_adme,INH,nM,=,pk_adme,SRC-AF728821208AC735AEE2E0D1,<missing>,unknown,experimental_summary,<not_applicable>,quarantined,4
observations,<not_applicable>,pk_adme,INH,pmol,=,pk_adme,SRC-AF728821208AC735AEE2E0D1,<missing>,unknown,experimental_summary,<not_applicable>,quarantined,1
observations,<not_applicable>,pk_adme,INH,uM,=,pk_adme,SRC-AF728821208AC735AEE2E0D1,<missing>,unknown,experimental_summary,<not_applicable>,quarantined,83
observations,<not_applicable>,pk_adme,INH,uM,>,pk_adme,SRC-AF728821208AC735AEE2E0D1,<missing>,unknown,experimental_summary,<not_applicable>,quarantined,88
observations,<not_applicable>,pk_adme,INH,uM,>,pk_adme,SRC-AF728821208AC735AEE2E0D1,preclinical_in_vitro,unknown,experimental_summary,<not_applicable>,quarantined,6
observations,<not_applicable>,pk_adme,IP,nm/s,<,pk_adme,SRC-AF728821208AC735AEE2E0D1,<missing>,unknown,experimental_summary,<not_applicable>,quarantined,1
observations,<not_applicable>,pk_adme,IZ,mM,=,pk_adme,SRC-AF728821208AC735AEE2E0D1,<missing>,unknown,experimental_summary,<not_applicable>,quarantined,2
observations,<not_applicable>,pk_adme,Imax,%,=,pk_adme,SRC-AF728821208AC735AEE2E0D1,<missing>,unknown,experimental_summary,<not_applicable>,quarantined,11
observations,<not_applicable>,pk_adme,Inflection point,nm/s,=,pk_adme,SRC-AF728821208AC735AEE2E0D1,<missing>,unknown,experimental_summary,<not_applicable>,quarantined,3
observations,<not_applicable>,pk_adme,Inhibition,%,<,pk_adme,SRC-AF728821208AC735AEE2E0D1,<missing>,unknown,experimental_summary,<not_applicable>,quarantined,403
observations,<not_applicable>,pk_adme,Inhibition,%,<,pk_adme,SRC-AF728821208AC735AEE2E0D1,preclinical_in_vitro,unknown,experimental_summary,<not_applicable>,quarantined,14
observations,<not_applicable>,pk_adme,Inhibition,%,<,pk_adme,SRC-AF728821208AC735AEE2E0D1,preclinical_in_vivo,unknown,experimental_summary,<not_applicable>,quarantined,3
observations,<not_applicable>,pk_adme,Inhibition,%,<=,pk_adme,SRC-AF728821208AC735AEE2E0D1,<missing>,unknown,experimental_summary,<not_applicable>,quarantined,22
observations,<not_applicable>,pk_adme,Inhibition,%,=,pk_adme,SRC-AF728821208AC735AEE2E0D1,<missing>,unknown,experimental_summary,<not_applicable>,quarantined,8987
observations,<not_applicable>,pk_adme,Inhibition,%,=,pk_adme,SRC-AF728821208AC735AEE2E0D1,preclinical_ex_vivo,unknown,experimental_summary,<not_applicable>,quarantined,45
observations,<not_applicable>,pk_adme,Inhibition,%,=,pk_adme,SRC-AF728821208AC735AEE2E0D1,preclinical_in_vitro,unknown,experimental_summary,<not_applicable>,quarantined,494
observations,<not_applicable>,pk_adme,Inhibition,%,=,pk_adme,SRC-AF728821208AC735AEE2E0D1,preclinical_in_vivo,unknown,experimental_summary,<not_applicable>,quarantined,28
observations,<not_applicable>,pk_adme,Inhibition,%,>,pk_adme,SRC-AF728821208AC735AEE2E0D1,<missing>,unknown,experimental_summary,<not_applicable>,quarantined,108
observations,<not_applicable>,pk_adme,Inhibition,%,>,pk_adme,SRC-AF728821208AC735AEE2E0D1,preclinical_in_vitro,unknown,experimental_summary,<not_applicable>,quarantined,17
observations,<not_applicable>,pk_adme,Inhibition,%,>,pk_adme,SRC-AF728821208AC735AEE2E0D1,preclinical_in_vivo,unknown,experimental_summary,<not_applicable>,quarantined,7
observations,<not_applicable>,pk_adme,Inhibition,%,>=,pk_adme,SRC-AF728821208AC735AEE2E0D1,<missing>,unknown,experimental_summary,<not_applicable>,quarantined,79
observations,<not_applicable>,pk_adme,Inhibition,%,interval,pk_adme,SRC-AF728821208AC735AEE2E0D1,<missing>,unknown,experimental_summary,<not_applicable>,quarantined,78
observations,<not_applicable>,pk_adme,Inhibition,%,interval,pk_adme,SRC-AF728821208AC735AEE2E0D1,preclinical_in_vitro,unknown,experimental_summary,<not_applicable>,quarantined,19
observations,<not_applicable>,pk_adme,Inhibition,%,not_reported,pk_adme,SRC-AF728821208AC735AEE2E0D1,<missing>,unknown,experimental_summary,<not_applicable>,quarantined,3197
observations,<not_applicable>,pk_adme,Inhibition,%,not_reported,pk_adme,SRC-AF728821208AC735AEE2E0D1,preclinical_ex_vivo,unknown,experimental_summary,<not_applicable>,quarantined,9
observations,<not_applicable>,pk_adme,Inhibition,%,not_reported,pk_adme,SRC-AF728821208AC735AEE2E0D1,preclinical_in_vitro,unknown,experimental_summary,<not_applicable>,quarantined,304
observations,<not_applicable>,pk_adme,Inhibition,%,not_reported,pk_adme,SRC-AF728821208AC735AEE2E0D1,preclinical_in_vivo,unknown,experimental_summary,<not_applicable>,quarantined,3
observations,<not_applicable>,pk_adme,Inhibition,%,~,pk_adme,SRC-AF728821208AC735AEE2E0D1,<missing>,unknown,experimental_summary,<not_applicable>,quarantined,4
observations,<not_applicable>,pk_adme,Intact,%,=,pk_adme,SRC-AF728821208AC735AEE2E0D1,<missing>,unknown,experimental_summary,<not_applicable>,quarantined,3
observations,<not_applicable>,pk_adme,Iron mobilization,%,=,pk_adme,SRC-AF728821208AC735AEE2E0D1,preclinical_in_vivo,unknown,experimental_summary,<not_applicable>,quarantined,10
observations,<not_applicable>,pk_adme,Jss,ug/cm2.hr,=,pk_adme,SRC-AF728821208AC735AEE2E0D1,<missing>,unknown,experimental_summary,<not_applicable>,quarantined,10
observations,<not_applicable>,pk_adme,K,/hr,<,pk_adme,SRC-AF728821208AC735AEE2E0D1,<missing>,unknown,experimental_summary,<not_applicable>,quarantined,1
observations,<not_applicable>,pk_adme,K,/hr,=,pk_adme,SRC-AF728821208AC735AEE2E0D1,<missing>,unknown,experimental_summary,<not_applicable>,quarantined,7
observations,<not_applicable>,pk_adme,K,/min,=,pk_adme,SRC-AF728821208AC735AEE2E0D1,<missing>,unknown,experimental_summary,<not_applicable>,quarantined,76
observations,<not_applicable>,pk_adme,K,10'-1/min,=,pk_adme,SRC-AF728821208AC735AEE2E0D1,<missing>,unknown,experimental_summary,<not_applicable>,quarantined,4
observations,<not_applicable>,pk_adme,K,10'-5/s,=,pk_adme,SRC-AF728821208AC735AEE2E0D1,<missing>,unknown,experimental_summary,<not_applicable>,quarantined,4
observations,<not_applicable>,pk_adme,K,10'-7/s,=,pk_adme,SRC-AF728821208AC735AEE2E0D1,<missing>,unknown,experimental_summary,<not_applicable>,quarantined,4
observations,<not_applicable>,pk_adme,K,<missing>,<,pk_adme,SRC-AF728821208AC735AEE2E0D1,<missing>,unknown,experimental_summary,<not_applicable>,quarantined,1
observations,<not_applicable>,pk_adme,K,<missing>,=,pk_adme,SRC-AF728821208AC735AEE2E0D1,<missing>,unknown,experimental_summary,<not_applicable>,quarantined,13
observations,<not_applicable>,pk_adme,K,<missing>,interval,pk_adme,SRC-AF728821208AC735AEE2E0D1,<missing>,unknown,experimental_summary,<not_applicable>,quarantined,1
observations,<not_applicable>,pk_adme,K,micromol/min,=,pk_adme,SRC-AF728821208AC735AEE2E0D1,<missing>,unknown,experimental_summary,<not_applicable>,quarantined,1
observations,<not_applicable>,pk_adme,K,min,=,pk_adme,SRC-AF728821208AC735AEE2E0D1,<missing>,unknown,experimental_summary,<not_applicable>,quarantined,5
observations,<not_applicable>,pk_adme,K,ml/umol/min,=,pk_adme,SRC-AF728821208AC735AEE2E0D1,<missing>,unknown,experimental_summary,<not_applicable>,quarantined,1
observations,<not_applicable>,pk_adme,"K(p,uu,brain)",%,=,pk_adme,SRC-AF728821208AC735AEE2E0D1,<missing>,unknown,experimental_summary,<not_applicable>,quarantined,1
observations,<not_applicable>,pk_adme,"K(p,uu,brain)",<missing>,=,pk_adme,SRC-AF728821208AC735AEE2E0D1,<missing>,unknown,experimental_summary,<not_applicable>,quarantined,16
observations,<not_applicable>,pk_adme,"K(p,uu,brain)",<missing>,not_reported,pk_adme,SRC-AF728821208AC735AEE2E0D1,<missing>,unknown,experimental_summary,<not_applicable>,quarantined,3
observations,<not_applicable>,pk_adme,KA,uM,=,pk_adme,SRC-AF728821208AC735AEE2E0D1,<missing>,unknown,experimental_summary,<not_applicable>,quarantined,63
observations,<not_applicable>,pk_adme,KA,uM,>,pk_adme,SRC-AF728821208AC735AEE2E0D1,<missing>,unknown,experimental_summary,<not_applicable>,quarantined,7
observations,<not_applicable>,pk_adme,Ka,/hr,=,pk_adme,SRC-AF728821208AC735AEE2E0D1,<missing>,unknown,experimental_summary,<not_applicable>,quarantined,4
observations,<not_applicable>,pk_adme,Ka,uM,=,pk_adme,SRC-AF728821208AC735AEE2E0D1,<missing>,unknown,experimental_summary,<not_applicable>,quarantined,37
observations,<not_applicable>,pk_adme,Kcat/Km,/m/min,=,pk_adme,SRC-AF728821208AC735AEE2E0D1,<missing>,unknown,experimental_summary,<not_applicable>,quarantined,2
observations,<not_applicable>,pk_adme,Kd,<missing>,not_reported,pk_adme,SRC-AF728821208AC735AEE2E0D1,preclinical_in_vitro,unknown,experimental_summary,<not_applicable>,quarantined,3
observations,<not_applicable>,pk_adme,Kd,nM,=,pk_adme,SRC-AF728821208AC735AEE2E0D1,<missing>,unknown,experimental_summary,<not_applicable>,quarantined,33
observations,<not_applicable>,pk_adme,Kd,nM,=,pk_adme,SRC-AF728821208AC735AEE2E0D1,preclinical_in_vitro,unknown,experimental_summary,<not_applicable>,quarantined,4
observations,<not_applicable>,pk_adme,Kd,nM,not_reported,pk_adme,SRC-AF728821208AC735AEE2E0D1,<missing>,unknown,experimental_summary,<not_applicable>,quarantined,9
observations,<not_applicable>,pk_adme,Kdiss,/hr,=,pk_adme,SRC-AF728821208AC735AEE2E0D1,<missing>,unknown,experimental_summary,<not_applicable>,quarantined,1
observations,<not_applicable>,pk_adme,Ke,/min,=,pk_adme,SRC-AF728821208AC735AEE2E0D1,<missing>,unknown,experimental_summary,<not_applicable>,quarantined,25
observations,<not_applicable>,pk_adme,Kel,/hr,=,pk_adme,SRC-AF728821208AC735AEE2E0D1,<missing>,unknown,experimental_summary,<not_applicable>,quarantined,1
observations,<not_applicable>,pk_adme,Kel,/min,=,pk_adme,SRC-AF728821208AC735AEE2E0D1,<missing>,unknown,experimental_summary,<not_applicable>,quarantined,45
observations,<not_applicable>,pk_adme,Kel,<missing>,=,pk_adme,SRC-AF728821208AC735AEE2E0D1,<missing>,unknown,experimental_summary,<not_applicable>,quarantined,8
observations,<not_applicable>,pk_adme,Ki,<missing>,not_reported,pk_adme,SRC-AF728821208AC735AEE2E0D1,<missing>,unknown,experimental_summary,<not_applicable>,quarantined,11
observations,<not_applicable>,pk_adme,Ki,<missing>,not_reported,pk_adme,SRC-AF728821208AC735AEE2E0D1,preclinical_in_vitro,unknown,experimental_summary,<not_applicable>,quarantined,4
observations,<not_applicable>,pk_adme,Ki,nM,=,pk_adme,SRC-AF728821208AC735AEE2E0D1,<missing>,unknown,experimental_summary,<not_applicable>,quarantined,1971
observations,<not_applicable>,pk_adme,Ki,nM,=,pk_adme,SRC-AF728821208AC735AEE2E0D1,preclinical_in_vitro,unknown,experimental_summary,<not_applicable>,quarantined,93
observations,<not_applicable>,pk_adme,Ki,nM,=,pk_adme,SRC-AF728821208AC735AEE2E0D1,preclinical_in_vivo,unknown,experimental_summary,<not_applicable>,quarantined,89
observations,<not_applicable>,pk_adme,Ki,nM,>,pk_adme,SRC-AF728821208AC735AEE2E0D1,<missing>,unknown,experimental_summary,<not_applicable>,quarantined,35
observations,<not_applicable>,pk_adme,Ki,nM,>,pk_adme,SRC-AF728821208AC735AEE2E0D1,preclinical_in_vitro,unknown,experimental_summary,<not_applicable>,quarantined,1
observations,<not_applicable>,pk_adme,Ki,nM,>,pk_adme,SRC-AF728821208AC735AEE2E0D1,preclinical_in_vivo,unknown,experimental_summary,<not_applicable>,quarantined,3
observations,<not_applicable>,pk_adme,Ki,nM,>=,pk_adme,SRC-AF728821208AC735AEE2E0D1,<missing>,unknown,experimental_summary,<not_applicable>,quarantined,2
observations,<not_applicable>,pk_adme,Ki,nM,not_reported,pk_adme,SRC-AF728821208AC735AEE2E0D1,<missing>,unknown,experimental_summary,<not_applicable>,quarantined,11
observations,<not_applicable>,pk_adme,Kin,hr-1,=,pk_adme,SRC-AF728821208AC735AEE2E0D1,<missing>,unknown,experimental_summary,<not_applicable>,quarantined,23
observations,<not_applicable>,pk_adme,Kin x,hr-1,=,pk_adme,SRC-AF728821208AC735AEE2E0D1,<missing>,unknown,experimental_summary,<not_applicable>,quarantined,2
observations,<not_applicable>,pk_adme,Kin x10e3,hr-1,=,pk_adme,SRC-AF728821208AC735AEE2E0D1,<missing>,unknown,experimental_summary,<not_applicable>,quarantined,32
observations,<not_applicable>,pk_adme,KinX,hr-1,=,pk_adme,SRC-AF728821208AC735AEE2E0D1,<missing>,unknown,experimental_summary,<not_applicable>,quarantined,1
observations,<not_applicable>,pk_adme,Kinact,/hr,=,pk_adme,SRC-AF728821208AC735AEE2E0D1,<missing>,unknown,experimental_summary,<not_applicable>,quarantined,1
observations,<not_applicable>,pk_adme,Kinact,/min,=,pk_adme,SRC-AF728821208AC735AEE2E0D1,<missing>,unknown,experimental_summary,<not_applicable>,quarantined,51
observations,<not_applicable>,pk_adme,Kinact,/min,=,pk_adme,SRC-AF728821208AC735AEE2E0D1,preclinical_in_vitro,unknown,experimental_summary,<not_applicable>,quarantined,3
observations,<not_applicable>,pk_adme,Kinact,/min,interval,pk_adme,SRC-AF728821208AC735AEE2E0D1,<missing>,unknown,experimental_summary,<not_applicable>,quarantined,1
observations,<not_applicable>,pk_adme,Kinact,<missing>,not_reported,pk_adme,SRC-AF728821208AC735AEE2E0D1,<missing>,unknown,experimental_summary,<not_applicable>,quarantined,1
observations,<not_applicable>,pk_adme,Kinact,min-1,=,pk_adme,SRC-AF728821208AC735AEE2E0D1,<missing>,unknown,experimental_summary,<not_applicable>,quarantined,17
observations,<not_applicable>,pk_adme,Kinact,uM,=,pk_adme,SRC-AF728821208AC735AEE2E0D1,<missing>,unknown,experimental_summary,<not_applicable>,quarantined,2
observations,<not_applicable>,pk_adme,Kis,uM,=,pk_adme,SRC-AF728821208AC735AEE2E0D1,<missing>,unknown,experimental_summary,<not_applicable>,quarantined,1
observations,<not_applicable>,pk_adme,Km,<missing>,=,pk_adme,SRC-AF728821208AC735AEE2E0D1,<missing>,unknown,experimental_summary,<not_applicable>,quarantined,11
observations,<not_applicable>,pk_adme,Km,<missing>,not_reported,pk_adme,SRC-AF728821208AC735AEE2E0D1,<missing>,unknown,experimental_summary,<not_applicable>,quarantined,3
observations,<not_applicable>,pk_adme,Km,nM,<,pk_adme,SRC-AF728821208AC735AEE2E0D1,<missing>,unknown,experimental_summary,<not_applicable>,quarantined,1
observations,<not_applicable>,pk_adme,Km,nM,=,pk_adme,SRC-AF728821208AC735AEE2E0D1,<missing>,unknown,experimental_summary,<not_applicable>,quarantined,408
observations,<not_applicable>,pk_adme,Km,nM,=,pk_adme,SRC-AF728821208AC735AEE2E0D1,preclinical_in_vitro,unknown,experimental_summary,<not_applicable>,quarantined,3
observations,<not_applicable>,pk_adme,Km,nM,>,pk_adme,SRC-AF728821208AC735AEE2E0D1,<missing>,unknown,experimental_summary,<not_applicable>,quarantined,3
observations,<not_applicable>,pk_adme,Km,nM,>=,pk_adme,SRC-AF728821208AC735AEE2E0D1,<missing>,unknown,experimental_summary,<not_applicable>,quarantined,1
observations,<not_applicable>,pk_adme,Km x10e3,hr-1,=,pk_adme,SRC-AF728821208AC735AEE2E0D1,<missing>,unknown,experimental_summary,<not_applicable>,quarantined,10
observations,<not_applicable>,pk_adme,Km(unbound),uM,=,pk_adme,SRC-AF728821208AC735AEE2E0D1,<missing>,unknown,experimental_summary,<not_applicable>,quarantined,4
observations,<not_applicable>,pk_adme,KmH,uM,=,pk_adme,SRC-AF728821208AC735AEE2E0D1,<missing>,unknown,experimental_summary,<not_applicable>,quarantined,10
observations,<not_applicable>,pk_adme,KmL,uM,=,pk_adme,SRC-AF728821208AC735AEE2E0D1,<missing>,unknown,experimental_summary,<not_applicable>,quarantined,10
observations,<not_applicable>,pk_adme,Kp,10'-6cm/s,<,pk_adme,SRC-AF728821208AC735AEE2E0D1,<missing>,unknown,experimental_summary,<not_applicable>,quarantined,3
observations,<not_applicable>,pk_adme,Kp,10'-6cm/s,=,pk_adme,SRC-AF728821208AC735AEE2E0D1,<missing>,unknown,experimental_summary,<not_applicable>,quarantined,17
observations,<not_applicable>,pk_adme,Kp,10^-3cm/min,=,pk_adme,SRC-AF728821208AC735AEE2E0D1,<missing>,unknown,experimental_summary,<not_applicable>,quarantined,10
observations,<not_applicable>,pk_adme,Kp,10^-4cm/hr,=,pk_adme,SRC-AF728821208AC735AEE2E0D1,<missing>,unknown,experimental_summary,<not_applicable>,quarantined,2
observations,<not_applicable>,pk_adme,Kp,10^-5cm/hr,=,pk_adme,SRC-AF728821208AC735AEE2E0D1,<missing>,unknown,experimental_summary,<not_applicable>,quarantined,1
observations,<not_applicable>,pk_adme,Kp,10^-6cm/s,=,pk_adme,SRC-AF728821208AC735AEE2E0D1,<missing>,unknown,experimental_summary,<not_applicable>,quarantined,42
observations,<not_applicable>,pk_adme,Kp,<missing>,<,pk_adme,SRC-AF728821208AC735AEE2E0D1,<missing>,unknown,experimental_summary,<not_applicable>,quarantined,12
observations,<not_applicable>,pk_adme,Kp,<missing>,=,pk_adme,SRC-AF728821208AC735AEE2E0D1,<missing>,unknown,experimental_summary,<not_applicable>,quarantined,262
observations,<not_applicable>,pk_adme,Kp,<missing>,>,pk_adme,SRC-AF728821208AC735AEE2E0D1,<missing>,unknown,experimental_summary,<not_applicable>,quarantined,1
observations,<not_applicable>,pk_adme,Kp,<missing>,interval,pk_adme,SRC-AF728821208AC735AEE2E0D1,<missing>,unknown,experimental_summary,<not_applicable>,quarantined,5
observations,<not_applicable>,pk_adme,Kp,<missing>,not_reported,pk_adme,SRC-AF728821208AC735AEE2E0D1,<missing>,unknown,experimental_summary,<not_applicable>,quarantined,27
observations,<not_applicable>,pk_adme,Kp,cmhr-1,=,pk_adme,SRC-AF728821208AC735AEE2E0D1,<missing>,unknown,experimental_summary,<not_applicable>,quarantined,10
observations,<not_applicable>,pk_adme,Kp,nm/s,=,pk_adme,SRC-AF728821208AC735AEE2E0D1,<missing>,unknown,experimental_summary,<not_applicable>,quarantined,2
observations,<not_applicable>,pk_adme,Kp,ucm/s,=,pk_adme,SRC-AF728821208AC735AEE2E0D1,<missing>,unknown,experimental_summary,<not_applicable>,quarantined,39
observations,<not_applicable>,pk_adme,Ks,M,=,pk_adme,SRC-AF728821208AC735AEE2E0D1,<missing>,unknown,experimental_summary,<not_applicable>,quarantined,14
observations,<not_applicable>,pk_adme,Ks,uM,=,pk_adme,SRC-AF728821208AC735AEE2E0D1,<missing>,unknown,experimental_summary,<not_applicable>,quarantined,14
observations,<not_applicable>,pk_adme,Ks,uM,=,pk_adme,SRC-AF728821208AC735AEE2E0D1,preclinical_in_vitro,unknown,experimental_summary,<not_applicable>,quarantined,8
observations,<not_applicable>,pk_adme,LBF,%,<,pk_adme,SRC-AF728821208AC735AEE2E0D1,<missing>,unknown,experimental_summary,<not_applicable>,quarantined,3
observations,<not_applicable>,pk_adme,LBF,%,=,pk_adme,SRC-AF728821208AC735AEE2E0D1,<missing>,unknown,experimental_summary,<not_applicable>,quarantined,66
observations,<not_applicable>,pk_adme,LBF,<missing>,not_reported,pk_adme,SRC-AF728821208AC735AEE2E0D1,<missing>,unknown,experimental_summary,<not_applicable>,quarantined,19
observations,<not_applicable>,pk_adme,LC20,<missing>,not_reported,pk_adme,SRC-AF728821208AC735AEE2E0D1,<missing>,unknown,experimental_summary,<not_applicable>,quarantined,3
observations,<not_applicable>,pk_adme,LC20,uM,<,pk_adme,SRC-AF728821208AC735AEE2E0D1,<missing>,unknown,experimental_summary,<not_applicable>,quarantined,1
observations,<not_applicable>,pk_adme,LC20,uM,=,pk_adme,SRC-AF728821208AC735AEE2E0D1,<missing>,unknown,experimental_summary,<not_applicable>,quarantined,6
observations,<not_applicable>,pk_adme,LC20,uM,>,pk_adme,SRC-AF728821208AC735AEE2E0D1,<missing>,unknown,experimental_summary,<not_applicable>,quarantined,11
observations,<not_applicable>,pk_adme,LC50,<missing>,not_reported,pk_adme,SRC-AF728821208AC735AEE2E0D1,<missing>,unknown,experimental_summary,<not_applicable>,quarantined,6
observations,<not_applicable>,pk_adme,LC50,nM,=,pk_adme,SRC-AF728821208AC735AEE2E0D1,<missing>,unknown,experimental_summary,<not_applicable>,quarantined,15
observations,<not_applicable>,pk_adme,LC50,nM,>,pk_adme,SRC-AF728821208AC735AEE2E0D1,<missing>,unknown,experimental_summary,<not_applicable>,quarantined,4
observations,<not_applicable>,pk_adme,LC50,nM,>=,pk_adme,SRC-AF728821208AC735AEE2E0D1,<missing>,unknown,experimental_summary,<not_applicable>,quarantined,1
observations,<not_applicable>,pk_adme,LC50,ug/mL,=,pk_adme,SRC-AF728821208AC735AEE2E0D1,<missing>,unknown,experimental_summary,<not_applicable>,quarantined,1
observations,<not_applicable>,pk_adme,LM,ul/min/mgprotein,=,pk_adme,SRC-AF728821208AC735AEE2E0D1,<missing>,unknown,experimental_summary,<not_applicable>,quarantined,46
observations,<not_applicable>,pk_adme,LUCIFERASE EXPRESSION CONTROL - IC50,uM,=,pk_adme,SRC-AF728821208AC735AEE2E0D1,<missing>,unknown,experimental_summary,<not_applicable>,quarantined,2262
observations,<not_applicable>,pk_adme,LUCIFERASE EXPRESSION CONTROL - IC50,uM,>,pk_adme,SRC-AF728821208AC735AEE2E0D1,<missing>,unknown,experimental_summary,<not_applicable>,quarantined,17716
observations,<not_applicable>,pk_adme,LUCIFERASE EXPRESSION CONTROL - IC90,uM,=,pk_adme,SRC-AF728821208AC735AEE2E0D1,<missing>,unknown,experimental_summary,<not_applicable>,quarantined,2262
observations,<not_applicable>,pk_adme,LUCIFERASE EXPRESSION CONTROL - IC90,uM,>,pk_adme,SRC-AF728821208AC735AEE2E0D1,<missing>,unknown,experimental_summary,<not_applicable>,quarantined,17716
observations,<not_applicable>,pk_adme,LUCIFERASE INFECTION ASSAY - IC50,uM,<,pk_adme,SRC-AF728821208AC735AEE2E0D1,<missing>,unknown,experimental_summary,<not_applicable>,quarantined,2
observations,<not_applicable>,pk_adme,LUCIFERASE INFECTION ASSAY - IC50,uM,=,pk_adme,SRC-AF728821208AC735AEE2E0D1,<missing>,unknown,experimental_summary,<not_applicable>,quarantined,11918
observations,<not_applicable>,pk_adme,LUCIFERASE INFECTION ASSAY - IC50,uM,>,pk_adme,SRC-AF728821208AC735AEE2E0D1,<missing>,unknown,experimental_summary,<not_applicable>,quarantined,8058
observations,<not_applicable>,pk_adme,LUCIFERASE INFECTION ASSAY - IC90,uM,=,pk_adme,SRC-AF728821208AC735AEE2E0D1,<missing>,unknown,experimental_summary,<not_applicable>,quarantined,6394
observations,<not_applicable>,pk_adme,LUCIFERASE INFECTION ASSAY - IC90,uM,>,pk_adme,SRC-AF728821208AC735AEE2E0D1,<missing>,unknown,experimental_summary,<not_applicable>,quarantined,13584
observations,<not_applicable>,pk_adme,LambdaZ,h,=,pk_adme,SRC-AF728821208AC735AEE2E0D1,<missing>,unknown,experimental_summary,<not_applicable>,quarantined,2
observations,<not_applicable>,pk_adme,LambdaZ,min,=,pk_adme,SRC-AF728821208AC735AEE2E0D1,<missing>,unknown,experimental_summary,<not_applicable>,quarantined,4
observations,<not_applicable>,pk_adme,Log 1/Km,<missing>,=,pk_adme,SRC-AF728821208AC735AEE2E0D1,<missing>,unknown,experimental_summary,<not_applicable>,quarantined,58
observations,<not_applicable>,pk_adme,Log BB,<missing>,=,pk_adme,SRC-AF728821208AC735AEE2E0D1,<missing>,unknown,experimental_summary,<not_applicable>,quarantined,2
observations,<not_applicable>,pk_adme,Log ESA,<missing>,=,pk_adme,SRC-AF728821208AC735AEE2E0D1,<missing>,unknown,experimental_summary,<not_applicable>,quarantined,51
observations,<not_applicable>,pk_adme,Log Pe,<missing>,=,pk_adme,SRC-AF728821208AC735AEE2E0D1,<missing>,unknown,experimental_summary,<not_applicable>,quarantined,5
observations,<not_applicable>,pk_adme,Log Pe,cms-1,=,pk_adme,SRC-AF728821208AC735AEE2E0D1,<missing>,unknown,experimental_summary,<not_applicable>,quarantined,64
observations,<not_applicable>,pk_adme,"Log Pe,max",<missing>,=,pk_adme,SRC-AF728821208AC735AEE2E0D1,<missing>,unknown,experimental_summary,<not_applicable>,quarantined,17
observations,<not_applicable>,pk_adme,Log Po,<missing>,=,pk_adme,SRC-AF728821208AC735AEE2E0D1,<missing>,unknown,experimental_summary,<not_applicable>,quarantined,17
observations,<not_applicable>,pk_adme,Log k,<missing>,=,pk_adme,SRC-AF728821208AC735AEE2E0D1,<missing>,unknown,experimental_summary,<not_applicable>,quarantined,11
observations,<not_applicable>,pk_adme,LogD,<missing>,<,other_bioactivity,SRC-AF728821208AC735AEE2E0D1,<missing>,unknown,experimental_summary,<not_applicable>,quarantined,209
observations,<not_applicable>,pk_adme,LogD,<missing>,<=,other_bioactivity,SRC-AF728821208AC735AEE2E0D1,<missing>,unknown,experimental_summary,<not_applicable>,quarantined,2
observations,<not_applicable>,pk_adme,LogD,<missing>,=,other_bioactivity,SRC-AF728821208AC735AEE2E0D1,<missing>,unknown,experimental_summary,<not_applicable>,quarantined,29791
observations,<not_applicable>,pk_adme,LogD,<missing>,>,other_bioactivity,SRC-AF728821208AC735AEE2E0D1,<missing>,unknown,experimental_summary,<not_applicable>,quarantined,614
observations,<not_applicable>,pk_adme,LogD,<missing>,>=,other_bioactivity,SRC-AF728821208AC735AEE2E0D1,<missing>,unknown,experimental_summary,<not_applicable>,quarantined,14
observations,<not_applicable>,pk_adme,LogD,<missing>,interval,other_bioactivity,SRC-AF728821208AC735AEE2E0D1,<missing>,unknown,experimental_summary,<not_applicable>,quarantined,83
observations,<not_applicable>,pk_adme,LogD,<missing>,not_reported,other_bioactivity,SRC-AF728821208AC735AEE2E0D1,<missing>,unknown,experimental_summary,<not_applicable>,quarantined,1066
observations,<not_applicable>,pk_adme,LogD,<missing>,~,other_bioactivity,SRC-AF728821208AC735AEE2E0D1,<missing>,unknown,experimental_summary,<not_applicable>,quarantined,1
observations,<not_applicable>,pk_adme,LogD,none,<,other_bioactivity,SRC-AF728821208AC735AEE2E0D1,<missing>,unknown,experimental_summary,<not_applicable>,quarantined,1
observations,<not_applicable>,pk_adme,LogD,none,=,other_bioactivity,SRC-AF728821208AC735AEE2E0D1,<missing>,unknown,experimental_summary,<not_applicable>,quarantined,96
observations,<not_applicable>,pk_adme,LogD,none,>,other_bioactivity,SRC-AF728821208AC735AEE2E0D1,<missing>,unknown,experimental_summary,<not_applicable>,quarantined,3
observations,<not_applicable>,pk_adme,LogP,<missing>,<,other_bioactivity,SRC-AF728821208AC735AEE2E0D1,<missing>,unknown,experimental_summary,<not_applicable>,quarantined,62
observations,<not_applicable>,pk_adme,LogP,<missing>,<,pk_adme,SRC-AF728821208AC735AEE2E0D1,<missing>,unknown,experimental_summary,<not_applicable>,quarantined,1
observations,<not_applicable>,pk_adme,LogP,<missing>,=,binding,SRC-AF728821208AC735AEE2E0D1,<missing>,unknown,experimental_summary,<not_applicable>,quarantined,2
observations,<not_applicable>,pk_adme,LogP,<missing>,=,other_bioactivity,SRC-AF728821208AC735AEE2E0D1,<missing>,unknown,experimental_summary,<not_applicable>,quarantined,20107
observations,<not_applicable>,pk_adme,LogP,<missing>,=,pk_adme,SRC-AF728821208AC735AEE2E0D1,<missing>,unknown,experimental_summary,<not_applicable>,quarantined,8
observations,<not_applicable>,pk_adme,LogP,<missing>,>,other_bioactivity,SRC-AF728821208AC735AEE2E0D1,<missing>,unknown,experimental_summary,<not_applicable>,quarantined,147
observations,<not_applicable>,pk_adme,LogP,<missing>,>=,other_bioactivity,SRC-AF728821208AC735AEE2E0D1,<missing>,unknown,experimental_summary,<not_applicable>,quarantined,11
observations,<not_applicable>,pk_adme,LogP,<missing>,interval,other_bioactivity,SRC-AF728821208AC735AEE2E0D1,<missing>,unknown,experimental_summary,<not_applicable>,quarantined,49
observations,<not_applicable>,pk_adme,LogP,<missing>,not_reported,other_bioactivity,SRC-AF728821208AC735AEE2E0D1,<missing>,unknown,experimental_summary,<not_applicable>,quarantined,284
observations,<not_applicable>,pk_adme,LogP app,<missing>,=,pk_adme,SRC-AF728821208AC735AEE2E0D1,<missing>,unknown,experimental_summary,<not_applicable>,quarantined,214
observations,<not_applicable>,pk_adme,Logit bioavailability,<missing>,=,pk_adme,SRC-AF728821208AC735AEE2E0D1,<missing>,unknown,experimental_summary,<not_applicable>,quarantined,12
observations,<not_applicable>,pk_adme,MED,mg,=,pk_adme,SRC-AF728821208AC735AEE2E0D1,<missing>,unknown,experimental_summary,<not_applicable>,quarantined,2
observations,<not_applicable>,pk_adme,MET,%,=,pk_adme,SRC-AF728821208AC735AEE2E0D1,<missing>,unknown,experimental_summary,<not_applicable>,quarantined,16
observations,<not_applicable>,pk_adme,MET,<missing>,not_reported,pk_adme,SRC-AF728821208AC735AEE2E0D1,<missing>,unknown,experimental_summary,<not_applicable>,quarantined,10
observations,<not_applicable>,pk_adme,MF,%,=,pk_adme,SRC-AF728821208AC735AEE2E0D1,<missing>,unknown,experimental_summary,<not_applicable>,quarantined,35
observations,<not_applicable>,pk_adme,MIC,<missing>,not_reported,pk_adme,SRC-AF728821208AC735AEE2E0D1,<missing>,unknown,experimental_summary,<not_applicable>,quarantined,18
observations,<not_applicable>,pk_adme,MIC,nM,<,pk_adme,SRC-AF728821208AC735AEE2E0D1,<missing>,unknown,experimental_summary,<not_applicable>,quarantined,1
observations,<not_applicable>,pk_adme,MIC,nM,=,pk_adme,SRC-AF728821208AC735AEE2E0D1,<missing>,unknown,experimental_summary,<not_applicable>,quarantined,75
observations,<not_applicable>,pk_adme,MIC,nM,>,pk_adme,SRC-AF728821208AC735AEE2E0D1,<missing>,unknown,experimental_summary,<not_applicable>,quarantined,3
observations,<not_applicable>,pk_adme,MIC,ug/mL,<,pk_adme,SRC-AF728821208AC735AEE2E0D1,<missing>,unknown,experimental_summary,<not_applicable>,quarantined,3
observations,<not_applicable>,pk_adme,MIC,ug/mL,<=,pk_adme,SRC-AF728821208AC735AEE2E0D1,<missing>,unknown,experimental_summary,<not_applicable>,quarantined,13
observations,<not_applicable>,pk_adme,MIC,ug/mL,=,pk_adme,SRC-AF728821208AC735AEE2E0D1,<missing>,unknown,experimental_summary,<not_applicable>,quarantined,387
observations,<not_applicable>,pk_adme,MIC,ug/mL,>,pk_adme,SRC-AF728821208AC735AEE2E0D1,<missing>,unknown,experimental_summary,<not_applicable>,quarantined,105
observations,<not_applicable>,pk_adme,MIC,ug/mL,interval,pk_adme,SRC-AF728821208AC735AEE2E0D1,<missing>,unknown,experimental_summary,<not_applicable>,quarantined,5
observations,<not_applicable>,pk_adme,Max response,%,=,pk_adme,SRC-AF728821208AC735AEE2E0D1,<missing>,unknown,experimental_summary,<not_applicable>,quarantined,4
observations,<not_applicable>,pk_adme,Mean,<missing>,=,pk_adme,SRC-AF728821208AC735AEE2E0D1,<missing>,unknown,experimental_summary,<not_applicable>,quarantined,4
observations,<not_applicable>,pk_adme,Mean response,<missing>,=,pk_adme,SRC-AF728821208AC735AEE2E0D1,<missing>,unknown,experimental_summary,<not_applicable>,quarantined,8
observations,<not_applicable>,pk_adme,Mem Rec,%,=,pk_adme,SRC-AF728821208AC735AEE2E0D1,<missing>,unknown,experimental_summary,<not_applicable>,quarantined,2
observations,<not_applicable>,pk_adme,Metabolic rate,nmol/min*mgofprotein,=,pk_adme,SRC-AF728821208AC735AEE2E0D1,<missing>,unknown,experimental_summary,<not_applicable>,quarantined,2
observations,<not_applicable>,pk_adme,Metabolic stability,%,=,pk_adme,SRC-AF728821208AC735AEE2E0D1,<missing>,unknown,experimental_summary,<not_applicable>,quarantined,63
observations,<not_applicable>,pk_adme,Metabolic stability,<missing>,=,pk_adme,SRC-AF728821208AC735AEE2E0D1,<missing>,unknown,experimental_summary,<not_applicable>,quarantined,20
observations,<not_applicable>,pk_adme,Metabolic stability,<missing>,not_reported,pk_adme,SRC-AF728821208AC735AEE2E0D1,<missing>,unknown,experimental_summary,<not_applicable>,quarantined,11
observations,<not_applicable>,pk_adme,Metabolic stability,mgml-1,=,pk_adme,SRC-AF728821208AC735AEE2E0D1,<missing>,unknown,experimental_summary,<not_applicable>,quarantined,21
observations,<not_applicable>,pk_adme,Metabolic turnover,%,=,pk_adme,SRC-AF728821208AC735AEE2E0D1,<missing>,unknown,experimental_summary,<not_applicable>,quarantined,18
observations,<not_applicable>,pk_adme,Metabolism,%,<,pk_adme,SRC-AF728821208AC735AEE2E0D1,<missing>,unknown,experimental_summary,<not_applicable>,quarantined,1
observations,<not_applicable>,pk_adme,Metabolism,%,=,pk_adme,SRC-AF728821208AC735AEE2E0D1,<missing>,unknown,experimental_summary,<not_applicable>,quarantined,86
observations,<not_applicable>,pk_adme,Metabolism,%,not_reported,pk_adme,SRC-AF728821208AC735AEE2E0D1,<missing>,unknown,experimental_summary,<not_applicable>,quarantined,21
observations,<not_applicable>,pk_adme,Metabolism,%,~,pk_adme,SRC-AF728821208AC735AEE2E0D1,<missing>,unknown,experimental_summary,<not_applicable>,quarantined,1
observations,<not_applicable>,pk_adme,Metabolism,<missing>,not_reported,pk_adme,SRC-AF728821208AC735AEE2E0D1,<missing>,unknown,experimental_summary,<not_applicable>,quarantined,45
observations,<not_applicable>,pk_adme,Metabolism,pmmin-1,=,pk_adme,SRC-AF728821208AC735AEE2E0D1,<missing>,unknown,experimental_summary,<not_applicable>,quarantined,21
observations,<not_applicable>,pk_adme,Metabolism,pmmin-1mg-1,=,pk_adme,SRC-AF728821208AC735AEE2E0D1,<missing>,unknown,experimental_summary,<not_applicable>,quarantined,55
observations,<not_applicable>,pk_adme,Metabolite levels,ug,=,pk_adme,SRC-AF728821208AC735AEE2E0D1,<missing>,unknown,experimental_summary,<not_applicable>,quarantined,15
observations,<not_applicable>,pk_adme,Metabolite levels,ug,not_reported,pk_adme,SRC-AF728821208AC735AEE2E0D1,<missing>,unknown,experimental_summary,<not_applicable>,quarantined,15
observations,<not_applicable>,pk_adme,Microsomal stability,pgmin-1(mgofprotein)-1,=,pk_adme,SRC-AF728821208AC735AEE2E0D1,<missing>,unknown,experimental_summary,<not_applicable>,quarantined,8
observations,<not_applicable>,pk_adme,NA,<missing>,not_reported,pk_adme,SRC-AF728821208AC735AEE2E0D1,<missing>,unknown,experimental_summary,<not_applicable>,quarantined,2
observations,<not_applicable>,pk_adme,NADPH oxidation,nmmin-1(mgofprotein)-1,=,pk_adme,SRC-AF728821208AC735AEE2E0D1,<missing>,unknown,experimental_summary,<not_applicable>,quarantined,4
observations,<not_applicable>,pk_adme,ND,<missing>,not_reported,pk_adme,SRC-AF728821208AC735AEE2E0D1,<missing>,unknown,experimental_summary,<not_applicable>,quarantined,2
observations,<not_applicable>,pk_adme,NOAEL,<missing>,not_reported,pk_adme,SRC-AF728821208AC735AEE2E0D1,<missing>,unknown,experimental_summary,<not_applicable>,quarantined,4
observations,<not_applicable>,pk_adme,NOAEL,nM,=,pk_adme,SRC-AF728821208AC735AEE2E0D1,<missing>,unknown,experimental_summary,<not_applicable>,quarantined,1
observations,<not_applicable>,pk_adme,NOAEL,ng/mL,=,pk_adme,SRC-AF728821208AC735AEE2E0D1,<missing>,unknown,experimental_summary,<not_applicable>,quarantined,2
observations,<not_applicable>,pk_adme,NOAEL,ng/mL,>,pk_adme,SRC-AF728821208AC735AEE2E0D1,<missing>,unknown,experimental_summary,<not_applicable>,quarantined,4
observations,<not_applicable>,pk_adme,NOAEL,uM,=,pk_adme,SRC-AF728821208AC735AEE2E0D1,<missing>,unknown,experimental_summary,<not_applicable>,quarantined,3
observations,<not_applicable>,pk_adme,NOAEL,ug/l,=,pk_adme,SRC-AF728821208AC735AEE2E0D1,<missing>,unknown,experimental_summary,<not_applicable>,quarantined,2
observations,<not_applicable>,pk_adme,NOAEL,ug/l,>,pk_adme,SRC-AF728821208AC735AEE2E0D1,<missing>,unknown,experimental_summary,<not_applicable>,quarantined,1
observations,<not_applicable>,pk_adme,NOEC,uM,=,pk_adme,SRC-AF728821208AC735AEE2E0D1,<missing>,unknown,experimental_summary,<not_applicable>,quarantined,27
observations,<not_applicable>,pk_adme,NOL,mM,=,pk_adme,SRC-AF728821208AC735AEE2E0D1,<missing>,unknown,experimental_summary,<not_applicable>,quarantined,2
observations,<not_applicable>,pk_adme,NT,<missing>,not_reported,pk_adme,SRC-AF728821208AC735AEE2E0D1,<missing>,unknown,experimental_summary,<not_applicable>,quarantined,16
observations,<not_applicable>,pk_adme,Net grain counts,<missing>,=,pk_adme,SRC-AF728821208AC735AEE2E0D1,<missing>,unknown,experimental_summary,<not_applicable>,quarantined,14
observations,<not_applicable>,pk_adme,O2 consumption,%,=,pk_adme,SRC-AF728821208AC735AEE2E0D1,<missing>,unknown,experimental_summary,<not_applicable>,quarantined,10
observations,<not_applicable>,pk_adme,OD,<missing>,=,pk_adme,SRC-AF728821208AC735AEE2E0D1,<missing>,unknown,experimental_summary,<not_applicable>,quarantined,20
observations,<not_applicable>,pk_adme,OSAV,%,=,pk_adme,SRC-AF728821208AC735AEE2E0D1,<missing>,unknown,experimental_summary,<not_applicable>,quarantined,12
observations,<not_applicable>,pk_adme,Observed at,ugml-1,=,pk_adme,SRC-AF728821208AC735AEE2E0D1,<missing>,unknown,experimental_summary,<not_applicable>,quarantined,12
observations,<not_applicable>,pk_adme,Oral activity,%,=,pk_adme,SRC-AF728821208AC735AEE2E0D1,<missing>,unknown,experimental_summary,<not_applicable>,quarantined,1
observations,<not_applicable>,pk_adme,Oxidation,%,=,pk_adme,SRC-AF728821208AC735AEE2E0D1,<missing>,unknown,experimental_summary,<not_applicable>,quarantined,1
observations,<not_applicable>,pk_adme,P,cms-1,=,pk_adme,SRC-AF728821208AC735AEE2E0D1,<missing>,unknown,experimental_summary,<not_applicable>,quarantined,77
observations,<not_applicable>,pk_adme,P,pcms-1,=,pk_adme,SRC-AF728821208AC735AEE2E0D1,<missing>,unknown,experimental_summary,<not_applicable>,quarantined,1
observations,<not_applicable>,pk_adme,PB,pmol,<,pk_adme,SRC-AF728821208AC735AEE2E0D1,<missing>,unknown,experimental_summary,<not_applicable>,quarantined,2
observations,<not_applicable>,pk_adme,PB,pmol,=,pk_adme,SRC-AF728821208AC735AEE2E0D1,<missing>,unknown,experimental_summary,<not_applicable>,quarantined,70
observations,<not_applicable>,pk_adme,PB,pmol,interval,pk_adme,SRC-AF728821208AC735AEE2E0D1,<missing>,unknown,experimental_summary,<not_applicable>,quarantined,2
observations,<not_applicable>,pk_adme,PB,pmol/mg.hr,=,pk_adme,SRC-AF728821208AC735AEE2E0D1,<missing>,unknown,experimental_summary,<not_applicable>,quarantined,2
observations,<not_applicable>,pk_adme,PB,pmolequiv,>,pk_adme,SRC-AF728821208AC735AEE2E0D1,<missing>,unknown,experimental_summary,<not_applicable>,quarantined,2
observations,<not_applicable>,pk_adme,PCaco-2,cms-1,=,pk_adme,SRC-AF728821208AC735AEE2E0D1,<missing>,unknown,experimental_summary,<not_applicable>,quarantined,1
observations,<not_applicable>,pk_adme,PDR,<missing>,=,pk_adme,SRC-AF728821208AC735AEE2E0D1,<missing>,unknown,experimental_summary,<not_applicable>,quarantined,9
observations,<not_applicable>,pk_adme,PPB,%,<,binding,SRC-AF728821208AC735AEE2E0D1,<missing>,unknown,experimental_summary,<not_applicable>,quarantined,1
observations,<not_applicable>,pk_adme,PPB,%,<,other_bioactivity,SRC-AF728821208AC735AEE2E0D1,<missing>,unknown,experimental_summary,<not_applicable>,included,82
observations,<not_applicable>,pk_adme,PPB,%,<,other_bioactivity,SRC-AF728821208AC735AEE2E0D1,<missing>,unknown,experimental_summary,<not_applicable>,quarantined,6
observations,<not_applicable>,pk_adme,PPB,%,<,pk_adme,SRC-AF728821208AC735AEE2E0D1,<missing>,unknown,experimental_summary,<not_applicable>,included,19
observations,<not_applicable>,pk_adme,PPB,%,<=,other_bioactivity,SRC-AF728821208AC735AEE2E0D1,<missing>,unknown,experimental_summary,<not_applicable>,included,2
observations,<not_applicable>,pk_adme,PPB,%,<=,other_bioactivity,SRC-AF728821208AC735AEE2E0D1,preclinical_in_vivo,unknown,experimental_summary,<not_applicable>,quarantined,1
observations,<not_applicable>,pk_adme,PPB,%,=,binding,SRC-AF728821208AC735AEE2E0D1,<missing>,unknown,experimental_summary,<not_applicable>,included,38
observations,<not_applicable>,pk_adme,PPB,%,=,other_bioactivity,SRC-AF728821208AC735AEE2E0D1,<missing>,unknown,experimental_summary,<not_applicable>,included,4514
observations,<not_applicable>,pk_adme,PPB,%,=,other_bioactivity,SRC-AF728821208AC735AEE2E0D1,<missing>,unknown,experimental_summary,<not_applicable>,quarantined,831
observations,<not_applicable>,pk_adme,PPB,%,=,other_bioactivity,SRC-AF728821208AC735AEE2E0D1,<missing>,unknown,experimental_summary,<not_applicable>,review,1
observations,<not_applicable>,pk_adme,PPB,%,=,other_bioactivity,SRC-AF728821208AC735AEE2E0D1,preclinical_in_vivo,unknown,experimental_summary,<not_applicable>,quarantined,4
observations,<not_applicable>,pk_adme,PPB,%,=,pk_adme,SRC-AF728821208AC735AEE2E0D1,<missing>,unknown,experimental_summary,<not_applicable>,included,7242
observations,<not_applicable>,pk_adme,PPB,%,=,pk_adme,SRC-AF728821208AC735AEE2E0D1,<missing>,unknown,experimental_summary,<not_applicable>,quarantined,99
observations,<not_applicable>,pk_adme,PPB,%,=,pk_adme,SRC-AF728821208AC735AEE2E0D1,<missing>,unknown,experimental_summary,<not_applicable>,review,3
observations,<not_applicable>,pk_adme,PPB,%,=,pk_adme,SRC-AF728821208AC735AEE2E0D1,preclinical_in_vivo,unknown,experimental_summary,<not_applicable>,included,5
observations,<not_applicable>,pk_adme,PPB,%,>,binding,SRC-AF728821208AC735AEE2E0D1,<missing>,unknown,experimental_summary,<not_applicable>,quarantined,2
observations,<not_applicable>,pk_adme,PPB,%,>,other_bioactivity,SRC-AF728821208AC735AEE2E0D1,<missing>,unknown,experimental_summary,<not_applicable>,included,499
observations,<not_applicable>,pk_adme,PPB,%,>,other_bioactivity,SRC-AF728821208AC735AEE2E0D1,<missing>,unknown,experimental_summary,<not_applicable>,quarantined,29
observations,<not_applicable>,pk_adme,PPB,%,>,pk_adme,SRC-AF728821208AC735AEE2E0D1,<missing>,unknown,experimental_summary,<not_applicable>,included,335
observations,<not_applicable>,pk_adme,PPB,%,>,pk_adme,SRC-AF728821208AC735AEE2E0D1,<missing>,unknown,experimental_summary,<not_applicable>,quarantined,2
observations,<not_applicable>,pk_adme,PPB,%,>=,other_bioactivity,SRC-AF728821208AC735AEE2E0D1,<missing>,unknown,experimental_summary,<not_applicable>,included,19
observations,<not_applicable>,pk_adme,PPB,%,>=,pk_adme,SRC-AF728821208AC735AEE2E0D1,<missing>,unknown,experimental_summary,<not_applicable>,included,12
observations,<not_applicable>,pk_adme,PPB,%,interval,other_bioactivity,SRC-AF728821208AC735AEE2E0D1,<missing>,unknown,experimental_summary,<not_applicable>,included,64
observations,<not_applicable>,pk_adme,PPB,%,interval,other_bioactivity,SRC-AF728821208AC735AEE2E0D1,<missing>,unknown,experimental_summary,<not_applicable>,quarantined,5
observations,<not_applicable>,pk_adme,PPB,%,interval,pk_adme,SRC-AF728821208AC735AEE2E0D1,<missing>,unknown,experimental_summary,<not_applicable>,included,2
observations,<not_applicable>,pk_adme,PPB,%,interval,pk_adme,SRC-AF728821208AC735AEE2E0D1,<missing>,unknown,experimental_summary,<not_applicable>,quarantined,6
observations,<not_applicable>,pk_adme,PPB,%,not_reported,binding,SRC-AF728821208AC735AEE2E0D1,<missing>,unknown,experimental_summary,<not_applicable>,quarantined,2
observations,<not_applicable>,pk_adme,PPB,%,not_reported,other_bioactivity,SRC-AF728821208AC735AEE2E0D1,<missing>,unknown,experimental_summary,<not_applicable>,quarantined,609
observations,<not_applicable>,pk_adme,PPB,%,not_reported,other_bioactivity,SRC-AF728821208AC735AEE2E0D1,preclinical_in_vitro,unknown,experimental_summary,<not_applicable>,quarantined,6
observations,<not_applicable>,pk_adme,PPB,%,not_reported,other_bioactivity,SRC-AF728821208AC735AEE2E0D1,preclinical_in_vivo,unknown,experimental_summary,<not_applicable>,quarantined,1
observations,<not_applicable>,pk_adme,PPB,%,not_reported,pk_adme,SRC-AF728821208AC735AEE2E0D1,<missing>,unknown,experimental_summary,<not_applicable>,quarantined,258
observations,<not_applicable>,pk_adme,PPB,%id,=,other_bioactivity,SRC-AF728821208AC735AEE2E0D1,<missing>,unknown,experimental_summary,<not_applicable>,quarantined,1
observations,<not_applicable>,pk_adme,PPB,l/hr/kg,=,other_bioactivity,SRC-AF728821208AC735AEE2E0D1,<missing>,unknown,experimental_summary,<not_applicable>,quarantined,1
observations,<not_applicable>,pk_adme,PPB,mM,=,other_bioactivity,SRC-AF728821208AC735AEE2E0D1,<missing>,unknown,experimental_summary,<not_applicable>,quarantined,1
observations,<not_applicable>,pk_adme,PPB,mg/ml,interval,other_bioactivity,SRC-AF728821208AC735AEE2E0D1,<missing>,unknown,experimental_summary,<not_applicable>,quarantined,1
observations,<not_applicable>,pk_adme,PPB,nM,=,other_bioactivity,SRC-AF728821208AC735AEE2E0D1,<missing>,unknown,experimental_summary,<not_applicable>,quarantined,3
observations,<not_applicable>,pk_adme,PPB,pmol,<,other_bioactivity,SRC-AF728821208AC735AEE2E0D1,<missing>,unknown,experimental_summary,<not_applicable>,quarantined,1
observations,<not_applicable>,pk_adme,PPB,pmol,<,pk_adme,SRC-AF728821208AC735AEE2E0D1,<missing>,unknown,experimental_summary,<not_applicable>,quarantined,1
observations,<not_applicable>,pk_adme,PPB,pmolequiv/mg,<,other_bioactivity,SRC-AF728821208AC735AEE2E0D1,<missing>,unknown,experimental_summary,<not_applicable>,quarantined,6
observations,<not_applicable>,pk_adme,PPB,uM,=,other_bioactivity,SRC-AF728821208AC735AEE2E0D1,<missing>,unknown,experimental_summary,<not_applicable>,quarantined,3
observations,<not_applicable>,pk_adme,PPB,uM,=,pk_adme,SRC-AF728821208AC735AEE2E0D1,<missing>,unknown,experimental_summary,<not_applicable>,quarantined,1
observations,<not_applicable>,pk_adme,PPB,ugml-1,=,other_bioactivity,SRC-AF728821208AC735AEE2E0D1,<missing>,unknown,experimental_summary,<not_applicable>,quarantined,1
observations,<not_applicable>,pk_adme,PPB,ugml-1,=,pk_adme,SRC-AF728821208AC735AEE2E0D1,<missing>,unknown,experimental_summary,<not_applicable>,quarantined,1
observations,<not_applicable>,pk_adme,Papp,%,<=,pk_adme,SRC-AF728821208AC735AEE2E0D1,<missing>,unknown,experimental_summary,<not_applicable>,quarantined,1
observations,<not_applicable>,pk_adme,Papp,%,=,pk_adme,SRC-AF728821208AC735AEE2E0D1,<missing>,unknown,experimental_summary,<not_applicable>,quarantined,36
observations,<not_applicable>,pk_adme,Papp,10'-2cm/s,=,pk_adme,SRC-AF728821208AC735AEE2E0D1,<missing>,unknown,experimental_summary,<not_applicable>,quarantined,11
observations,<not_applicable>,pk_adme,Papp,10'-3cm/min,=,pk_adme,SRC-AF728821208AC735AEE2E0D1,<missing>,unknown,experimental_summary,<not_applicable>,quarantined,4
observations,<not_applicable>,pk_adme,Papp,10'-3cm/s,=,pk_adme,SRC-AF728821208AC735AEE2E0D1,<missing>,unknown,experimental_summary,<not_applicable>,quarantined,1
observations,<not_applicable>,pk_adme,Papp,10'-4cm/s,=,other_bioactivity,SRC-AF728821208AC735AEE2E0D1,<missing>,unknown,experimental_summary,<not_applicable>,quarantined,1
observations,<not_applicable>,pk_adme,Papp,10'-4cm/s,=,pk_adme,SRC-AF728821208AC735AEE2E0D1,<missing>,unknown,experimental_summary,<not_applicable>,quarantined,50
observations,<not_applicable>,pk_adme,Papp,10'-5cm/s,=,other_bioactivity,SRC-AF728821208AC735AEE2E0D1,<missing>,unknown,experimental_summary,<not_applicable>,quarantined,1
observations,<not_applicable>,pk_adme,Papp,10'-5cm/s,=,pk_adme,SRC-AF728821208AC735AEE2E0D1,<missing>,unknown,experimental_summary,<not_applicable>,quarantined,154
observations,<not_applicable>,pk_adme,Papp,10'-6/cm,=,pk_adme,SRC-AF728821208AC735AEE2E0D1,<missing>,unknown,experimental_summary,<not_applicable>,quarantined,26
observations,<not_applicable>,pk_adme,Papp,10'-6/s,=,pk_adme,SRC-AF728821208AC735AEE2E0D1,<missing>,unknown,experimental_summary,<not_applicable>,quarantined,1
observations,<not_applicable>,pk_adme,Papp,10'-6cm,=,pk_adme,SRC-AF728821208AC735AEE2E0D1,<missing>,unknown,experimental_summary,<not_applicable>,quarantined,2
observations,<not_applicable>,pk_adme,Papp,10'-6cm/min,=,pk_adme,SRC-AF728821208AC735AEE2E0D1,<missing>,unknown,experimental_summary,<not_applicable>,quarantined,11
observations,<not_applicable>,pk_adme,Papp,10'-6cm/s,<,pk_adme,SRC-AF728821208AC735AEE2E0D1,<missing>,unknown,experimental_summary,<not_applicable>,quarantined,145
observations,<not_applicable>,pk_adme,Papp,10'-6cm/s,<=,pk_adme,SRC-AF728821208AC735AEE2E0D1,<missing>,unknown,experimental_summary,<not_applicable>,quarantined,1
observations,<not_applicable>,pk_adme,Papp,10'-6cm/s,=,binding,SRC-AF728821208AC735AEE2E0D1,<missing>,unknown,experimental_summary,<not_applicable>,quarantined,1
observations,<not_applicable>,pk_adme,Papp,10'-6cm/s,=,other_bioactivity,SRC-AF728821208AC735AEE2E0D1,<missing>,unknown,experimental_summary,<not_applicable>,quarantined,2
observations,<not_applicable>,pk_adme,Papp,10'-6cm/s,=,pk_adme,SRC-AF728821208AC735AEE2E0D1,<missing>,unknown,experimental_summary,<not_applicable>,quarantined,4366
observations,<not_applicable>,pk_adme,Papp,10'-6cm/s,>,pk_adme,SRC-AF728821208AC735AEE2E0D1,<missing>,unknown,experimental_summary,<not_applicable>,quarantined,16
observations,<not_applicable>,pk_adme,Papp,10'-6cm/s,interval,pk_adme,SRC-AF728821208AC735AEE2E0D1,<missing>,unknown,experimental_summary,<not_applicable>,quarantined,31
observations,<not_applicable>,pk_adme,Papp,10'-6cm/s2,=,pk_adme,SRC-AF728821208AC735AEE2E0D1,<missing>,unknown,experimental_summary,<not_applicable>,quarantined,8
observations,<not_applicable>,pk_adme,Papp,10'-6m/s,<,pk_adme,SRC-AF728821208AC735AEE2E0D1,<missing>,unknown,experimental_summary,<not_applicable>,quarantined,1
observations,<not_applicable>,pk_adme,Papp,10'-6m/s,=,pk_adme,SRC-AF728821208AC735AEE2E0D1,<missing>,unknown,experimental_summary,<not_applicable>,quarantined,1
observations,<not_applicable>,pk_adme,Papp,10'-6nanometer/s,=,pk_adme,SRC-AF728821208AC735AEE2E0D1,<missing>,unknown,experimental_summary,<not_applicable>,quarantined,16
observations,<not_applicable>,pk_adme,Papp,10'-7cm/s,<,pk_adme,SRC-AF728821208AC735AEE2E0D1,<missing>,unknown,experimental_summary,<not_applicable>,quarantined,1
observations,<not_applicable>,pk_adme,Papp,10'-7cm/s,=,pk_adme,SRC-AF728821208AC735AEE2E0D1,<missing>,unknown,experimental_summary,<not_applicable>,quarantined,111
observations,<not_applicable>,pk_adme,Papp,10'-8cm/s,<,pk_adme,SRC-AF728821208AC735AEE2E0D1,<missing>,unknown,experimental_summary,<not_applicable>,quarantined,6
observations,<not_applicable>,pk_adme,Papp,10'-8cm/s,=,pk_adme,SRC-AF728821208AC735AEE2E0D1,<missing>,unknown,experimental_summary,<not_applicable>,quarantined,14
observations,<not_applicable>,pk_adme,Papp,10'-8m/s,=,pk_adme,SRC-AF728821208AC735AEE2E0D1,<missing>,unknown,experimental_summary,<not_applicable>,quarantined,4
observations,<not_applicable>,pk_adme,Papp,10'-9cm/s,=,pk_adme,SRC-AF728821208AC735AEE2E0D1,<missing>,unknown,experimental_summary,<not_applicable>,quarantined,1
observations,<not_applicable>,pk_adme,Papp,10'6cm/s,<,pk_adme,SRC-AF728821208AC735AEE2E0D1,<missing>,unknown,experimental_summary,<not_applicable>,quarantined,1
observations,<not_applicable>,pk_adme,Papp,10'6cm/s,=,pk_adme,SRC-AF728821208AC735AEE2E0D1,<missing>,unknown,experimental_summary,<not_applicable>,quarantined,182
observations,<not_applicable>,pk_adme,Papp,10-6cm/s,=,pk_adme,SRC-AF728821208AC735AEE2E0D1,<missing>,unknown,experimental_summary,<not_applicable>,quarantined,11
observations,<not_applicable>,pk_adme,Papp,10-6cms-1,=,pk_adme,SRC-AF728821208AC735AEE2E0D1,<missing>,unknown,experimental_summary,<not_applicable>,quarantined,3
observations,<not_applicable>,pk_adme,Papp,10^-10cm/s,=,pk_adme,SRC-AF728821208AC735AEE2E0D1,<missing>,unknown,experimental_summary,<not_applicable>,quarantined,6
observations,<not_applicable>,pk_adme,Papp,10^-5cm/min,=,pk_adme,SRC-AF728821208AC735AEE2E0D1,<missing>,unknown,experimental_summary,<not_applicable>,quarantined,3
observations,<not_applicable>,pk_adme,Papp,10^-5cm/s,=,pk_adme,SRC-AF728821208AC735AEE2E0D1,<missing>,unknown,experimental_summary,<not_applicable>,quarantined,58
observations,<not_applicable>,pk_adme,Papp,10^-6/cm,=,pk_adme,SRC-AF728821208AC735AEE2E0D1,<missing>,unknown,experimental_summary,<not_applicable>,quarantined,4
observations,<not_applicable>,pk_adme,Papp,10^-6cm/s,<,pk_adme,SRC-AF728821208AC735AEE2E0D1,<missing>,unknown,experimental_summary,<not_applicable>,quarantined,174
observations,<not_applicable>,pk_adme,Papp,10^-6cm/s,=,pk_adme,SRC-AF728821208AC735AEE2E0D1,<missing>,unknown,experimental_summary,<not_applicable>,quarantined,5603
observations,<not_applicable>,pk_adme,Papp,10^-6cm/s,>,pk_adme,SRC-AF728821208AC735AEE2E0D1,<missing>,unknown,experimental_summary,<not_applicable>,quarantined,42
observations,<not_applicable>,pk_adme,Papp,10^-6cm/s,>=,pk_adme,SRC-AF728821208AC735AEE2E0D1,<missing>,unknown,experimental_summary,<not_applicable>,quarantined,1
observations,<not_applicable>,pk_adme,Papp,10^-6cm2/s,=,pk_adme,SRC-AF728821208AC735AEE2E0D1,<missing>,unknown,experimental_summary,<not_applicable>,quarantined,1
observations,<not_applicable>,pk_adme,Papp,10^-7cm/s,=,pk_adme,SRC-AF728821208AC735AEE2E0D1,<missing>,unknown,experimental_summary,<not_applicable>,quarantined,37
observations,<not_applicable>,pk_adme,Papp,10^-7cm/s,>,pk_adme,SRC-AF728821208AC735AEE2E0D1,<missing>,unknown,experimental_summary,<not_applicable>,quarantined,8
observations,<not_applicable>,pk_adme,Papp,10^-8cm/s,=,pk_adme,SRC-AF728821208AC735AEE2E0D1,<missing>,unknown,experimental_summary,<not_applicable>,quarantined,54
observations,<not_applicable>,pk_adme,Papp,10^-9cm/s,=,pk_adme,SRC-AF728821208AC735AEE2E0D1,<missing>,unknown,experimental_summary,<not_applicable>,quarantined,12
observations,<not_applicable>,pk_adme,Papp,10^6cm/s,=,pk_adme,SRC-AF728821208AC735AEE2E0D1,<missing>,unknown,experimental_summary,<not_applicable>,quarantined,63
observations,<not_applicable>,pk_adme,Papp,10^7cm/s,=,pk_adme,SRC-AF728821208AC735AEE2E0D1,<missing>,unknown,experimental_summary,<not_applicable>,quarantined,50
observations,<not_applicable>,pk_adme,Papp,10e-6cms-1,=,pk_adme,SRC-AF728821208AC735AEE2E0D1,<missing>,unknown,experimental_summary,<not_applicable>,quarantined,23
observations,<not_applicable>,pk_adme,Papp,<missing>,<,pk_adme,SRC-AF728821208AC735AEE2E0D1,<missing>,unknown,experimental_summary,<not_applicable>,quarantined,2
observations,<not_applicable>,pk_adme,Papp,<missing>,=,other_bioactivity,SRC-AF728821208AC735AEE2E0D1,<missing>,unknown,experimental_summary,<not_applicable>,quarantined,10
observations,<not_applicable>,pk_adme,Papp,<missing>,=,pk_adme,SRC-AF728821208AC735AEE2E0D1,<missing>,unknown,experimental_summary,<not_applicable>,quarantined,62
observations,<not_applicable>,pk_adme,Papp,<missing>,>,pk_adme,SRC-AF728821208AC735AEE2E0D1,<missing>,unknown,experimental_summary,<not_applicable>,quarantined,5
observations,<not_applicable>,pk_adme,Papp,<missing>,not_reported,pk_adme,SRC-AF728821208AC735AEE2E0D1,<missing>,unknown,experimental_summary,<not_applicable>,quarantined,1523
observations,<not_applicable>,pk_adme,Papp,cm'-6/s,=,pk_adme,SRC-AF728821208AC735AEE2E0D1,<missing>,unknown,experimental_summary,<not_applicable>,quarantined,4
observations,<not_applicable>,pk_adme,Papp,cm/s,<,pk_adme,SRC-AF728821208AC735AEE2E0D1,<missing>,unknown,experimental_summary,<not_applicable>,review,1
observations,<not_applicable>,pk_adme,Papp,cm/s,=,pk_adme,SRC-AF728821208AC735AEE2E0D1,<missing>,unknown,experimental_summary,<not_applicable>,quarantined,2
observations,<not_applicable>,pk_adme,Papp,cm/s,=,pk_adme,SRC-AF728821208AC735AEE2E0D1,<missing>,unknown,experimental_summary,<not_applicable>,review,100
observations,<not_applicable>,pk_adme,Papp,cm/s*10e6,=,other_bioactivity,SRC-AF728821208AC735AEE2E0D1,<missing>,unknown,experimental_summary,<not_applicable>,quarantined,29
observations,<not_applicable>,pk_adme,Papp,cm/s*10e6,=,pk_adme,SRC-AF728821208AC735AEE2E0D1,<missing>,unknown,experimental_summary,<not_applicable>,quarantined,90
observations,<not_applicable>,pk_adme,Papp,cm2/sec,=,pk_adme,SRC-AF728821208AC735AEE2E0D1,<missing>,unknown,experimental_summary,<not_applicable>,quarantined,1
observations,<not_applicable>,pk_adme,Papp,cmmin-1,=,pk_adme,SRC-AF728821208AC735AEE2E0D1,<missing>,unknown,experimental_summary,<not_applicable>,quarantined,8
observations,<not_applicable>,pk_adme,Papp,cms-1,<,pk_adme,SRC-AF728821208AC735AEE2E0D1,<missing>,unknown,experimental_summary,<not_applicable>,quarantined,3
observations,<not_applicable>,pk_adme,Papp,cms-1,=,other_bioactivity,SRC-AF728821208AC735AEE2E0D1,<missing>,unknown,experimental_summary,<not_applicable>,quarantined,4
observations,<not_applicable>,pk_adme,Papp,cms-1,=,pk_adme,SRC-AF728821208AC735AEE2E0D1,<missing>,unknown,experimental_summary,<not_applicable>,quarantined,128
observations,<not_applicable>,pk_adme,Papp,cms-1,>,pk_adme,SRC-AF728821208AC735AEE2E0D1,<missing>,unknown,experimental_summary,<not_applicable>,quarantined,1
observations,<not_applicable>,pk_adme,Papp,cms-1,not_reported,pk_adme,SRC-AF728821208AC735AEE2E0D1,<missing>,unknown,experimental_summary,<not_applicable>,quarantined,2
observations,<not_applicable>,pk_adme,Papp,microg/cm2,=,pk_adme,SRC-AF728821208AC735AEE2E0D1,<missing>,unknown,experimental_summary,<not_applicable>,quarantined,1
observations,<not_applicable>,pk_adme,Papp,microg/cm3,=,pk_adme,SRC-AF728821208AC735AEE2E0D1,<missing>,unknown,experimental_summary,<not_applicable>,quarantined,1
observations,<not_applicable>,pk_adme,Papp,nanometer/sec,=,pk_adme,SRC-AF728821208AC735AEE2E0D1,<missing>,unknown,experimental_summary,<not_applicable>,quarantined,1
observations,<not_applicable>,pk_adme,Papp,nm/s,<,other_bioactivity,SRC-AF728821208AC735AEE2E0D1,<missing>,unknown,experimental_summary,<not_applicable>,quarantined,3
observations,<not_applicable>,pk_adme,Papp,nm/s,<,pk_adme,SRC-AF728821208AC735AEE2E0D1,<missing>,unknown,experimental_summary,<not_applicable>,quarantined,12
observations,<not_applicable>,pk_adme,Papp,nm/s,<,pk_adme,SRC-AF728821208AC735AEE2E0D1,<missing>,unknown,experimental_summary,<not_applicable>,review,81
observations,<not_applicable>,pk_adme,Papp,nm/s,<=,pk_adme,SRC-AF728821208AC735AEE2E0D1,<missing>,unknown,experimental_summary,<not_applicable>,review,1
observations,<not_applicable>,pk_adme,Papp,nm/s,=,other_bioactivity,SRC-AF728821208AC735AEE2E0D1,<missing>,unknown,experimental_summary,<not_applicable>,quarantined,1
observations,<not_applicable>,pk_adme,Papp,nm/s,=,pk_adme,SRC-AF728821208AC735AEE2E0D1,<missing>,unknown,experimental_summary,<not_applicable>,quarantined,258
observations,<not_applicable>,pk_adme,Papp,nm/s,=,pk_adme,SRC-AF728821208AC735AEE2E0D1,<missing>,unknown,experimental_summary,<not_applicable>,review,2653
observations,<not_applicable>,pk_adme,Papp,nm/s,=,pk_adme,SRC-AF728821208AC735AEE2E0D1,preclinical_in_vitro,unknown,experimental_summary,<not_applicable>,review,8
observations,<not_applicable>,pk_adme,Papp,nm/s,>,other_bioactivity,SRC-AF728821208AC735AEE2E0D1,<missing>,unknown,experimental_summary,<not_applicable>,quarantined,11
observations,<not_applicable>,pk_adme,Papp,nm/s,>,pk_adme,SRC-AF728821208AC735AEE2E0D1,<missing>,unknown,experimental_summary,<not_applicable>,quarantined,1
observations,<not_applicable>,pk_adme,Papp,nm/s,>,pk_adme,SRC-AF728821208AC735AEE2E0D1,<missing>,unknown,experimental_summary,<not_applicable>,review,22
observations,<not_applicable>,pk_adme,Papp,nm/s,>=,pk_adme,SRC-AF728821208AC735AEE2E0D1,<missing>,unknown,experimental_summary,<not_applicable>,review,2
observations,<not_applicable>,pk_adme,Papp,nm/s,interval,pk_adme,SRC-AF728821208AC735AEE2E0D1,<missing>,unknown,experimental_summary,<not_applicable>,review,4
observations,<not_applicable>,pk_adme,Papp,nm/s,not_reported,other_bioactivity,SRC-AF728821208AC735AEE2E0D1,<missing>,unknown,experimental_summary,<not_applicable>,quarantined,11
observations,<not_applicable>,pk_adme,Papp,nmol/sec,=,pk_adme,SRC-AF728821208AC735AEE2E0D1,<missing>,unknown,experimental_summary,<not_applicable>,quarantined,3
observations,<not_applicable>,pk_adme,Papp,nms-1,=,pk_adme,SRC-AF728821208AC735AEE2E0D1,<missing>,unknown,experimental_summary,<not_applicable>,quarantined,29
observations,<not_applicable>,pk_adme,Papp,nms-1,not_reported,pk_adme,SRC-AF728821208AC735AEE2E0D1,<missing>,unknown,experimental_summary,<not_applicable>,quarantined,2
observations,<not_applicable>,pk_adme,Papp,uM,=,pk_adme,SRC-AF728821208AC735AEE2E0D1,<missing>,unknown,experimental_summary,<not_applicable>,quarantined,2
observations,<not_applicable>,pk_adme,Papp,ucm,=,pk_adme,SRC-AF728821208AC735AEE2E0D1,<missing>,unknown,experimental_summary,<not_applicable>,quarantined,6
observations,<not_applicable>,pk_adme,Papp,ucm/s,<,pk_adme,SRC-AF728821208AC735AEE2E0D1,<missing>,unknown,experimental_summary,<not_applicable>,quarantined,127
observations,<not_applicable>,pk_adme,Papp,ucm/s,<=,pk_adme,SRC-AF728821208AC735AEE2E0D1,<missing>,unknown,experimental_summary,<not_applicable>,quarantined,2
observations,<not_applicable>,pk_adme,Papp,ucm/s,=,pk_adme,SRC-AF728821208AC735AEE2E0D1,<missing>,unknown,experimental_summary,<not_applicable>,quarantined,4066
observations,<not_applicable>,pk_adme,Papp,ucm/s,=,pk_adme,SRC-AF728821208AC735AEE2E0D1,preclinical_in_vitro,unknown,experimental_summary,<not_applicable>,quarantined,2
observations,<not_applicable>,pk_adme,Papp,ucm/s,>,pk_adme,SRC-AF728821208AC735AEE2E0D1,<missing>,unknown,experimental_summary,<not_applicable>,quarantined,57
observations,<not_applicable>,pk_adme,Papp,ucm/s,>=,pk_adme,SRC-AF728821208AC735AEE2E0D1,<missing>,unknown,experimental_summary,<not_applicable>,quarantined,4
observations,<not_applicable>,pk_adme,Papp,ucm/s,interval,pk_adme,SRC-AF728821208AC735AEE2E0D1,<missing>,unknown,experimental_summary,<not_applicable>,quarantined,8
observations,<not_applicable>,pk_adme,Papp,ul/hr/cm2,=,pk_adme,SRC-AF728821208AC735AEE2E0D1,<missing>,unknown,experimental_summary,<not_applicable>,quarantined,70
observations,<not_applicable>,pk_adme,Papp,ul/min.mg,=,pk_adme,SRC-AF728821208AC735AEE2E0D1,<missing>,unknown,experimental_summary,<not_applicable>,quarantined,1
observations,<not_applicable>,pk_adme,Papp,um/s,=,pk_adme,SRC-AF728821208AC735AEE2E0D1,<missing>,unknown,experimental_summary,<not_applicable>,quarantined,5
observations,<not_applicable>,pk_adme,Papp,umol/l/s,=,pk_adme,SRC-AF728821208AC735AEE2E0D1,<missing>,unknown,experimental_summary,<not_applicable>,quarantined,6
observations,<not_applicable>,pk_adme,Papp A to B (mean),10e-6cm/s,=,pk_adme,SRC-AF728821208AC735AEE2E0D1,<missing>,unknown,experimental_summary,<not_applicable>,quarantined,30
observations,<not_applicable>,pk_adme,Papp A to B (mean),1e-6cm/s,=,pk_adme,SRC-AF728821208AC735AEE2E0D1,<missing>,unknown,experimental_summary,<not_applicable>,quarantined,244
observations,<not_applicable>,pk_adme,Papp A to B plus inhibitor (mean),10e-6cm/s,<,pk_adme,SRC-AF728821208AC735AEE2E0D1,<missing>,unknown,experimental_summary,<not_applicable>,quarantined,1
observations,<not_applicable>,pk_adme,Papp A to B plus inhibitor (mean),10e-6cm/s,=,pk_adme,SRC-AF728821208AC735AEE2E0D1,<missing>,unknown,experimental_summary,<not_applicable>,quarantined,29
observations,<not_applicable>,pk_adme,Papp B to A (mean),10e-6cm/s,=,pk_adme,SRC-AF728821208AC735AEE2E0D1,<missing>,unknown,experimental_summary,<not_applicable>,quarantined,30
observations,<not_applicable>,pk_adme,Papp B to A (mean),1e-6cm/s,=,pk_adme,SRC-AF728821208AC735AEE2E0D1,<missing>,unknown,experimental_summary,<not_applicable>,quarantined,64
observations,<not_applicable>,pk_adme,Papp B to A plus inhibitor (mean),10e-6cm/s,<,pk_adme,SRC-AF728821208AC735AEE2E0D1,<missing>,unknown,experimental_summary,<not_applicable>,quarantined,1
observations,<not_applicable>,pk_adme,Papp B to A plus inhibitor (mean),10e-6cm/s,=,pk_adme,SRC-AF728821208AC735AEE2E0D1,<missing>,unknown,experimental_summary,<not_applicable>,quarantined,29
observations,<not_applicable>,pk_adme,Papp e-6,cms-1,=,pk_adme,SRC-AF728821208AC735AEE2E0D1,<missing>,unknown,experimental_summary,<not_applicable>,quarantined,8
observations,<not_applicable>,pk_adme,Papps,cms-1,=,pk_adme,SRC-AF728821208AC735AEE2E0D1,<missing>,unknown,experimental_summary,<not_applicable>,quarantined,7
observations,<not_applicable>,pk_adme,Pc,<missing>,not_reported,pk_adme,SRC-AF728821208AC735AEE2E0D1,<missing>,unknown,experimental_summary,<not_applicable>,quarantined,9
observations,<not_applicable>,pk_adme,Pc,cms-1,<,pk_adme,SRC-AF728821208AC735AEE2E0D1,<missing>,unknown,experimental_summary,<not_applicable>,quarantined,2
observations,<not_applicable>,pk_adme,Pc,cms-1,=,pk_adme,SRC-AF728821208AC735AEE2E0D1,<missing>,unknown,experimental_summary,<not_applicable>,quarantined,63
observations,<not_applicable>,pk_adme,Pc,nms-1,<,pk_adme,SRC-AF728821208AC735AEE2E0D1,<missing>,unknown,experimental_summary,<not_applicable>,quarantined,6
observations,<not_applicable>,pk_adme,Pc,nms-1,=,pk_adme,SRC-AF728821208AC735AEE2E0D1,<missing>,unknown,experimental_summary,<not_applicable>,quarantined,25
observations,<not_applicable>,pk_adme,Pc,nms-1,=,pk_adme,SRC-AF728821208AC735AEE2E0D1,preclinical_in_vitro,unknown,experimental_summary,<not_applicable>,quarantined,5
observations,<not_applicable>,pk_adme,Pcaco2,cms-1,=,pk_adme,SRC-AF728821208AC735AEE2E0D1,<missing>,unknown,experimental_summary,<not_applicable>,quarantined,14
observations,<not_applicable>,pk_adme,Pe,10e-6cms-1,=,pk_adme,SRC-AF728821208AC735AEE2E0D1,<missing>,unknown,experimental_summary,<not_applicable>,quarantined,11
observations,<not_applicable>,pk_adme,Peff,%,<,pk_adme,SRC-AF728821208AC735AEE2E0D1,<missing>,unknown,experimental_summary,<not_applicable>,quarantined,4
observations,<not_applicable>,pk_adme,Peff,10'-3cm/min,=,pk_adme,SRC-AF728821208AC735AEE2E0D1,<missing>,unknown,experimental_summary,<not_applicable>,quarantined,5
observations,<not_applicable>,pk_adme,Peff,10'-4cm/s,=,pk_adme,SRC-AF728821208AC735AEE2E0D1,<missing>,unknown,experimental_summary,<not_applicable>,quarantined,13
observations,<not_applicable>,pk_adme,Peff,10'-5cm/s,=,pk_adme,SRC-AF728821208AC735AEE2E0D1,<missing>,unknown,experimental_summary,<not_applicable>,quarantined,25
observations,<not_applicable>,pk_adme,Peff,10'-6cm/s,<,pk_adme,SRC-AF728821208AC735AEE2E0D1,<missing>,unknown,experimental_summary,<not_applicable>,quarantined,11
observations,<not_applicable>,pk_adme,Peff,10'-6cm/s,=,pk_adme,SRC-AF728821208AC735AEE2E0D1,<missing>,unknown,experimental_summary,<not_applicable>,quarantined,1008
observations,<not_applicable>,pk_adme,Peff,10'-6cm/s,>,pk_adme,SRC-AF728821208AC735AEE2E0D1,<missing>,unknown,experimental_summary,<not_applicable>,quarantined,9
observations,<not_applicable>,pk_adme,Peff,10'-6cm/s,interval,pk_adme,SRC-AF728821208AC735AEE2E0D1,<missing>,unknown,experimental_summary,<not_applicable>,quarantined,39
observations,<not_applicable>,pk_adme,Peff,10'-7cm/s,=,pk_adme,SRC-AF728821208AC735AEE2E0D1,<missing>,unknown,experimental_summary,<not_applicable>,quarantined,29
observations,<not_applicable>,pk_adme,Peff,10'-8cm/s,=,pk_adme,SRC-AF728821208AC735AEE2E0D1,<missing>,unknown,experimental_summary,<not_applicable>,quarantined,3
observations,<not_applicable>,pk_adme,Peff,10^-5cm/s,=,pk_adme,SRC-AF728821208AC735AEE2E0D1,<missing>,unknown,experimental_summary,<not_applicable>,quarantined,2
observations,<not_applicable>,pk_adme,Peff,10^-6cm/s,<,pk_adme,SRC-AF728821208AC735AEE2E0D1,<missing>,unknown,experimental_summary,<not_applicable>,quarantined,6
observations,<not_applicable>,pk_adme,Peff,10^-6cm/s,<=,pk_adme,SRC-AF728821208AC735AEE2E0D1,<missing>,unknown,experimental_summary,<not_applicable>,quarantined,7
observations,<not_applicable>,pk_adme,Peff,10^-6cm/s,=,pk_adme,SRC-AF728821208AC735AEE2E0D1,<missing>,unknown,experimental_summary,<not_applicable>,quarantined,413
observations,<not_applicable>,pk_adme,Peff,10^-6cm/s,>,pk_adme,SRC-AF728821208AC735AEE2E0D1,<missing>,unknown,experimental_summary,<not_applicable>,quarantined,3
observations,<not_applicable>,pk_adme,Peff,10^-6nanometer/s,<,pk_adme,SRC-AF728821208AC735AEE2E0D1,<missing>,unknown,experimental_summary,<not_applicable>,quarantined,2
observations,<not_applicable>,pk_adme,Peff,10^-6nanometer/s,=,pk_adme,SRC-AF728821208AC735AEE2E0D1,<missing>,unknown,experimental_summary,<not_applicable>,quarantined,3
observations,<not_applicable>,pk_adme,Peff,10^-7cm/s,=,pk_adme,SRC-AF728821208AC735AEE2E0D1,<missing>,unknown,experimental_summary,<not_applicable>,quarantined,12
observations,<not_applicable>,pk_adme,Peff,10^-8cm/s,=,pk_adme,SRC-AF728821208AC735AEE2E0D1,<missing>,unknown,experimental_summary,<not_applicable>,quarantined,2
observations,<not_applicable>,pk_adme,Peff,<missing>,=,pk_adme,SRC-AF728821208AC735AEE2E0D1,<missing>,unknown,experimental_summary,<not_applicable>,quarantined,31
observations,<not_applicable>,pk_adme,Peff,<missing>,not_reported,pk_adme,SRC-AF728821208AC735AEE2E0D1,<missing>,unknown,experimental_summary,<not_applicable>,quarantined,163
observations,<not_applicable>,pk_adme,Peff,cm/s,=,pk_adme,SRC-AF728821208AC735AEE2E0D1,<missing>,unknown,experimental_summary,<not_applicable>,quarantined,34
observations,<not_applicable>,pk_adme,Peff,nm/s,<,pk_adme,SRC-AF728821208AC735AEE2E0D1,<missing>,unknown,experimental_summary,<not_applicable>,quarantined,3
observations,<not_applicable>,pk_adme,Peff,nm/s,=,pk_adme,SRC-AF728821208AC735AEE2E0D1,<missing>,unknown,experimental_summary,<not_applicable>,quarantined,151
observations,<not_applicable>,pk_adme,Peff,nm/s,>,pk_adme,SRC-AF728821208AC735AEE2E0D1,<missing>,unknown,experimental_summary,<not_applicable>,review,1
observations,<not_applicable>,pk_adme,Peff,ucm/s,<,pk_adme,SRC-AF728821208AC735AEE2E0D1,<missing>,unknown,experimental_summary,<not_applicable>,quarantined,9
observations,<not_applicable>,pk_adme,Peff,ucm/s,<=,pk_adme,SRC-AF728821208AC735AEE2E0D1,<missing>,unknown,experimental_summary,<not_applicable>,quarantined,6
observations,<not_applicable>,pk_adme,Peff,ucm/s,=,pk_adme,SRC-AF728821208AC735AEE2E0D1,<missing>,unknown,experimental_summary,<not_applicable>,quarantined,468
observations,<not_applicable>,pk_adme,Peff,ucm/s,>,pk_adme,SRC-AF728821208AC735AEE2E0D1,<missing>,unknown,experimental_summary,<not_applicable>,quarantined,1
observations,<not_applicable>,pk_adme,Percent remaining,%,=,pk_adme,SRC-AF728821208AC735AEE2E0D1,<missing>,unknown,experimental_summary,<not_applicable>,quarantined,4
observations,<not_applicable>,pk_adme,Permeability,10e4*cmmin-1,=,pk_adme,SRC-AF728821208AC735AEE2E0D1,<missing>,unknown,experimental_summary,<not_applicable>,quarantined,4
observations,<not_applicable>,pk_adme,Permeability,<missing>,<,pk_adme,SRC-AF728821208AC735AEE2E0D1,<missing>,unknown,experimental_summary,<not_applicable>,quarantined,1
observations,<not_applicable>,pk_adme,Permeability,<missing>,=,pk_adme,SRC-AF728821208AC735AEE2E0D1,<missing>,unknown,experimental_summary,<not_applicable>,quarantined,40
observations,<not_applicable>,pk_adme,Permeability,<missing>,not_reported,pk_adme,SRC-AF728821208AC735AEE2E0D1,<missing>,unknown,experimental_summary,<not_applicable>,quarantined,25
observations,<not_applicable>,pk_adme,Permeability,abcm/s,=,pk_adme,SRC-AF728821208AC735AEE2E0D1,<missing>,unknown,experimental_summary,<not_applicable>,quarantined,4
observations,<not_applicable>,pk_adme,Permeability,cm(10e3*hr)-1,=,pk_adme,SRC-AF728821208AC735AEE2E0D1,<missing>,unknown,experimental_summary,<not_applicable>,quarantined,3
observations,<not_applicable>,pk_adme,Permeability,cmhr-1,<,pk_adme,SRC-AF728821208AC735AEE2E0D1,<missing>,unknown,experimental_summary,<not_applicable>,quarantined,4
observations,<not_applicable>,pk_adme,Permeability,cmhr-1,=,pk_adme,SRC-AF728821208AC735AEE2E0D1,<missing>,unknown,experimental_summary,<not_applicable>,quarantined,28
observations,<not_applicable>,pk_adme,Permeability,cmhr-1,not_reported,pk_adme,SRC-AF728821208AC735AEE2E0D1,<missing>,unknown,experimental_summary,<not_applicable>,quarantined,3
observations,<not_applicable>,pk_adme,Permeability,cms-1,<,pk_adme,SRC-AF728821208AC735AEE2E0D1,preclinical_in_vitro,unknown,experimental_summary,<not_applicable>,quarantined,3
observations,<not_applicable>,pk_adme,Permeability,cms-1,=,pk_adme,SRC-AF728821208AC735AEE2E0D1,<missing>,unknown,experimental_summary,<not_applicable>,quarantined,17
observations,<not_applicable>,pk_adme,Permeability,cms-1,=,pk_adme,SRC-AF728821208AC735AEE2E0D1,preclinical_in_vitro,unknown,experimental_summary,<not_applicable>,quarantined,11
observations,<not_applicable>,pk_adme,Permeability,cms-1,not_reported,pk_adme,SRC-AF728821208AC735AEE2E0D1,preclinical_in_vitro,unknown,experimental_summary,<not_applicable>,quarantined,8
observations,<not_applicable>,pk_adme,Permeability,nm/s,=,pk_adme,SRC-AF728821208AC735AEE2E0D1,<missing>,unknown,experimental_summary,<not_applicable>,quarantined,2
observations,<not_applicable>,pk_adme,Permeability,nmhr-1cm**-2,=,pk_adme,SRC-AF728821208AC735AEE2E0D1,<missing>,unknown,experimental_summary,<not_applicable>,quarantined,17
observations,<not_applicable>,pk_adme,Permeability,nms-1,=,pk_adme,SRC-AF728821208AC735AEE2E0D1,<missing>,unknown,experimental_summary,<not_applicable>,quarantined,400
observations,<not_applicable>,pk_adme,Permeability,papp*10e6cm/s,=,pk_adme,SRC-AF728821208AC735AEE2E0D1,<missing>,unknown,experimental_summary,<not_applicable>,quarantined,6
observations,<not_applicable>,pk_adme,Permeability,papp*10e6cm/s,not_reported,pk_adme,SRC-AF728821208AC735AEE2E0D1,<missing>,unknown,experimental_summary,<not_applicable>,quarantined,1
observations,<not_applicable>,pk_adme,Permeability coefficient,<missing>,=,pk_adme,SRC-AF728821208AC735AEE2E0D1,<missing>,unknown,experimental_summary,<not_applicable>,quarantined,8
observations,<not_applicable>,pk_adme,Permeability coefficient,cms-1,=,pk_adme,SRC-AF728821208AC735AEE2E0D1,<missing>,unknown,experimental_summary,<not_applicable>,quarantined,22
observations,<not_applicable>,pk_adme,Permeability coefficient,cms-1,not_reported,pk_adme,SRC-AF728821208AC735AEE2E0D1,<missing>,unknown,experimental_summary,<not_applicable>,quarantined,1
observations,<not_applicable>,pk_adme,Permeability index,pi,=,pk_adme,SRC-AF728821208AC735AEE2E0D1,<missing>,unknown,experimental_summary,<not_applicable>,quarantined,2
observations,<not_applicable>,pk_adme,Permeability limited,<missing>,not_reported,pk_adme,SRC-AF728821208AC735AEE2E0D1,<missing>,unknown,experimental_summary,<not_applicable>,quarantined,1
observations,<not_applicable>,pk_adme,Permeability rate,nms-1,=,pk_adme,SRC-AF728821208AC735AEE2E0D1,<missing>,unknown,experimental_summary,<not_applicable>,quarantined,4
observations,<not_applicable>,pk_adme,Phospholipidosis_index,<missing>,=,pk_adme,SRC-AF728821208AC735AEE2E0D1,<missing>,unknown,experimental_summary,<not_applicable>,quarantined,4
observations,<not_applicable>,pk_adme,Plasma level,ngml-1,=,pk_adme,SRC-AF728821208AC735AEE2E0D1,<missing>,unknown,experimental_summary,<not_applicable>,quarantined,54
observations,<not_applicable>,pk_adme,Plasma level,ugml-1,=,pk_adme,SRC-AF728821208AC735AEE2E0D1,<missing>,unknown,experimental_summary,<not_applicable>,quarantined,22
observations,<not_applicable>,pk_adme,Pm,/ml,=,pk_adme,SRC-AF728821208AC735AEE2E0D1,<missing>,unknown,experimental_summary,<not_applicable>,quarantined,1
observations,<not_applicable>,pk_adme,Pm,10'-5cm/min,=,pk_adme,SRC-AF728821208AC735AEE2E0D1,<missing>,unknown,experimental_summary,<not_applicable>,quarantined,8
observations,<not_applicable>,pk_adme,Pm,10^-5cm/min,=,pk_adme,SRC-AF728821208AC735AEE2E0D1,<missing>,unknown,experimental_summary,<not_applicable>,quarantined,33
observations,<not_applicable>,pk_adme,Pm,10^-6cm/s,=,pk_adme,SRC-AF728821208AC735AEE2E0D1,<missing>,unknown,experimental_summary,<not_applicable>,quarantined,1
observations,<not_applicable>,pk_adme,Pm,10e-5*cm/min,=,pk_adme,SRC-AF728821208AC735AEE2E0D1,<missing>,unknown,experimental_summary,<not_applicable>,quarantined,4
observations,<not_applicable>,pk_adme,Pm,10e-5*cm/min,not_reported,pk_adme,SRC-AF728821208AC735AEE2E0D1,<missing>,unknown,experimental_summary,<not_applicable>,quarantined,2
observations,<not_applicable>,pk_adme,Pm,<missing>,=,pk_adme,SRC-AF728821208AC735AEE2E0D1,<missing>,unknown,experimental_summary,<not_applicable>,quarantined,17
observations,<not_applicable>,pk_adme,Pm,<missing>,not_reported,pk_adme,SRC-AF728821208AC735AEE2E0D1,<missing>,unknown,experimental_summary,<not_applicable>,quarantined,7
observations,<not_applicable>,pk_adme,Pm,mg/ml,=,pk_adme,SRC-AF728821208AC735AEE2E0D1,<missing>,unknown,experimental_summary,<not_applicable>,quarantined,2
observations,<not_applicable>,pk_adme,Pm,nm/s,<,pk_adme,SRC-AF728821208AC735AEE2E0D1,<missing>,unknown,experimental_summary,<not_applicable>,quarantined,1
observations,<not_applicable>,pk_adme,Pm,nm/s,=,pk_adme,SRC-AF728821208AC735AEE2E0D1,<missing>,unknown,experimental_summary,<not_applicable>,quarantined,26
observations,<not_applicable>,pk_adme,Pm,ucm/s,=,pk_adme,SRC-AF728821208AC735AEE2E0D1,<missing>,unknown,experimental_summary,<not_applicable>,quarantined,1
observations,<not_applicable>,pk_adme,Potency,nM,=,pk_adme,SRC-AF728821208AC735AEE2E0D1,<missing>,unknown,experimental_summary,<not_applicable>,quarantined,16203
observations,<not_applicable>,pk_adme,Propioaldehyde generated,uM,=,pk_adme,SRC-AF728821208AC735AEE2E0D1,<missing>,unknown,experimental_summary,<not_applicable>,quarantined,9
observations,<not_applicable>,pk_adme,Pt,cms-1,=,pk_adme,SRC-AF728821208AC735AEE2E0D1,<missing>,unknown,experimental_summary,<not_applicable>,quarantined,9
observations,<not_applicable>,pk_adme,QH,%,<,pk_adme,SRC-AF728821208AC735AEE2E0D1,<missing>,unknown,experimental_summary,<not_applicable>,quarantined,29
observations,<not_applicable>,pk_adme,QH,%,=,pk_adme,SRC-AF728821208AC735AEE2E0D1,<missing>,unknown,experimental_summary,<not_applicable>,quarantined,209
observations,<not_applicable>,pk_adme,QH,%,>,pk_adme,SRC-AF728821208AC735AEE2E0D1,<missing>,unknown,experimental_summary,<not_applicable>,quarantined,20
observations,<not_applicable>,pk_adme,QH,<missing>,=,pk_adme,SRC-AF728821208AC735AEE2E0D1,<missing>,unknown,experimental_summary,<not_applicable>,quarantined,3
observations,<not_applicable>,pk_adme,QH,<missing>,not_reported,pk_adme,SRC-AF728821208AC735AEE2E0D1,<missing>,unknown,experimental_summary,<not_applicable>,quarantined,37
observations,<not_applicable>,pk_adme,QH,ml/min,=,pk_adme,SRC-AF728821208AC735AEE2E0D1,<missing>,unknown,experimental_summary,<not_applicable>,quarantined,1
observations,<not_applicable>,pk_adme,Quantity,pmmg-1,=,pk_adme,SRC-AF728821208AC735AEE2E0D1,<missing>,unknown,experimental_summary,<not_applicable>,quarantined,3
observations,<not_applicable>,pk_adme,R,%,=,pk_adme,SRC-AF728821208AC735AEE2E0D1,<missing>,unknown,experimental_summary,<not_applicable>,quarantined,8
observations,<not_applicable>,pk_adme,R%,%,<,pk_adme,SRC-AF728821208AC735AEE2E0D1,<missing>,unknown,experimental_summary,<not_applicable>,quarantined,2
observations,<not_applicable>,pk_adme,R%,%,=,pk_adme,SRC-AF728821208AC735AEE2E0D1,<missing>,unknown,experimental_summary,<not_applicable>,quarantined,227
observations,<not_applicable>,pk_adme,R%,%,~,pk_adme,SRC-AF728821208AC735AEE2E0D1,<missing>,unknown,experimental_summary,<not_applicable>,quarantined,1
observations,<not_applicable>,pk_adme,R%,<missing>,not_reported,pk_adme,SRC-AF728821208AC735AEE2E0D1,<missing>,unknown,experimental_summary,<not_applicable>,quarantined,10
observations,<not_applicable>,pk_adme,RBA,<missing>,=,pk_adme,SRC-AF728821208AC735AEE2E0D1,<missing>,unknown,experimental_summary,<not_applicable>,quarantined,5
observations,<not_applicable>,pk_adme,RBA,<missing>,not_reported,pk_adme,SRC-AF728821208AC735AEE2E0D1,<missing>,unknown,experimental_summary,<not_applicable>,quarantined,1
observations,<not_applicable>,pk_adme,RHA,%,=,pk_adme,SRC-AF728821208AC735AEE2E0D1,<missing>,unknown,experimental_summary,<not_applicable>,quarantined,24
observations,<not_applicable>,pk_adme,RHA,<missing>,=,pk_adme,SRC-AF728821208AC735AEE2E0D1,<missing>,unknown,experimental_summary,<not_applicable>,quarantined,13
observations,<not_applicable>,pk_adme,RPF,pmnm-1,=,pk_adme,SRC-AF728821208AC735AEE2E0D1,<missing>,unknown,experimental_summary,<not_applicable>,quarantined,40
observations,<not_applicable>,pk_adme,Rate,nm(mgofprotein)-1,=,pk_adme,SRC-AF728821208AC735AEE2E0D1,<missing>,unknown,experimental_summary,<not_applicable>,quarantined,2
observations,<not_applicable>,pk_adme,Rate,nm-1min-1(mgofprotein)-1,<,pk_adme,SRC-AF728821208AC735AEE2E0D1,<missing>,unknown,experimental_summary,<not_applicable>,quarantined,2
observations,<not_applicable>,pk_adme,Rate,nm-1min-1(mgofprotein)-1,=,pk_adme,SRC-AF728821208AC735AEE2E0D1,<missing>,unknown,experimental_summary,<not_applicable>,quarantined,3
observations,<not_applicable>,pk_adme,Rate,nmmin-1(nmofcytochromep450)-1,=,pk_adme,SRC-AF728821208AC735AEE2E0D1,<missing>,unknown,experimental_summary,<not_applicable>,quarantined,9
observations,<not_applicable>,pk_adme,Rate,pM,=,pk_adme,SRC-AF728821208AC735AEE2E0D1,<missing>,unknown,experimental_summary,<not_applicable>,quarantined,21
observations,<not_applicable>,pk_adme,Rate,pmmin-1(mgofprotein)-1,=,pk_adme,SRC-AF728821208AC735AEE2E0D1,<missing>,unknown,experimental_summary,<not_applicable>,quarantined,2
observations,<not_applicable>,pk_adme,Rate of formation,nm(mgofprotein)-1,=,pk_adme,SRC-AF728821208AC735AEE2E0D1,<missing>,unknown,experimental_summary,<not_applicable>,quarantined,5
observations,<not_applicable>,pk_adme,Rate of formation,nm(mgofprotein)-1,not_reported,pk_adme,SRC-AF728821208AC735AEE2E0D1,<missing>,unknown,experimental_summary,<not_applicable>,quarantined,1
observations,<not_applicable>,pk_adme,Rate of formation,pmmin-1(mgofprotein)-1,=,pk_adme,SRC-AF728821208AC735AEE2E0D1,<missing>,unknown,experimental_summary,<not_applicable>,quarantined,20
observations,<not_applicable>,pk_adme,Rate of hydrolysis,nmmin-1mg-1,=,pk_adme,SRC-AF728821208AC735AEE2E0D1,<missing>,unknown,experimental_summary,<not_applicable>,quarantined,27
observations,<not_applicable>,pk_adme,Rate of metabolism,pm/mg/minute,=,pk_adme,SRC-AF728821208AC735AEE2E0D1,<missing>,unknown,experimental_summary,<not_applicable>,quarantined,1
observations,<not_applicable>,pk_adme,Rate of oxidation,<missing>,=,pk_adme,SRC-AF728821208AC735AEE2E0D1,<missing>,unknown,experimental_summary,<not_applicable>,quarantined,17
observations,<not_applicable>,pk_adme,Rate of oxidation,<missing>,not_reported,pk_adme,SRC-AF728821208AC735AEE2E0D1,<missing>,unknown,experimental_summary,<not_applicable>,quarantined,1
observations,<not_applicable>,pk_adme,Ratio,%,=,pk_adme,SRC-AF728821208AC735AEE2E0D1,<missing>,unknown,experimental_summary,<not_applicable>,quarantined,45
observations,<not_applicable>,pk_adme,Ratio,/min/nm,=,pk_adme,SRC-AF728821208AC735AEE2E0D1,<missing>,unknown,experimental_summary,<not_applicable>,quarantined,4
observations,<not_applicable>,pk_adme,Ratio,/um/min,=,pk_adme,SRC-AF728821208AC735AEE2E0D1,preclinical_in_vitro,unknown,experimental_summary,<not_applicable>,quarantined,2
observations,<not_applicable>,pk_adme,Ratio,10'-6cm/min,=,pk_adme,SRC-AF728821208AC735AEE2E0D1,<missing>,unknown,experimental_summary,<not_applicable>,quarantined,1
observations,<not_applicable>,pk_adme,Ratio,10'2no_unit,=,pk_adme,SRC-AF728821208AC735AEE2E0D1,<missing>,unknown,experimental_summary,<not_applicable>,quarantined,4
observations,<not_applicable>,pk_adme,Ratio,10^-3no_unit,=,pk_adme,SRC-AF728821208AC735AEE2E0D1,<missing>,unknown,experimental_summary,<not_applicable>,quarantined,1
observations,<not_applicable>,pk_adme,Ratio,<missing>,<,pk_adme,SRC-AF728821208AC735AEE2E0D1,<missing>,unknown,experimental_summary,<not_applicable>,quarantined,188
observations,<not_applicable>,pk_adme,Ratio,<missing>,<=,pk_adme,SRC-AF728821208AC735AEE2E0D1,<missing>,unknown,experimental_summary,<not_applicable>,quarantined,20
observations,<not_applicable>,pk_adme,Ratio,<missing>,=,pk_adme,SRC-AF728821208AC735AEE2E0D1,<missing>,unknown,experimental_summary,<not_applicable>,quarantined,11809
observations,<not_applicable>,pk_adme,Ratio,<missing>,=,pk_adme,SRC-AF728821208AC735AEE2E0D1,preclinical_in_vitro,unknown,experimental_summary,<not_applicable>,quarantined,58
observations,<not_applicable>,pk_adme,Ratio,<missing>,>,pk_adme,SRC-AF728821208AC735AEE2E0D1,<missing>,unknown,experimental_summary,<not_applicable>,quarantined,387
observations,<not_applicable>,pk_adme,Ratio,<missing>,>=,pk_adme,SRC-AF728821208AC735AEE2E0D1,<missing>,unknown,experimental_summary,<not_applicable>,quarantined,12
observations,<not_applicable>,pk_adme,Ratio,<missing>,interval,pk_adme,SRC-AF728821208AC735AEE2E0D1,<missing>,unknown,experimental_summary,<not_applicable>,quarantined,37
observations,<not_applicable>,pk_adme,Ratio,<missing>,not_reported,pk_adme,SRC-AF728821208AC735AEE2E0D1,<missing>,unknown,experimental_summary,<not_applicable>,quarantined,720
observations,<not_applicable>,pk_adme,Ratio,<missing>,~,pk_adme,SRC-AF728821208AC735AEE2E0D1,<missing>,unknown,experimental_summary,<not_applicable>,quarantined,1
observations,<not_applicable>,pk_adme,Ratio,l/min/umol,=,pk_adme,SRC-AF728821208AC735AEE2E0D1,<missing>,unknown,experimental_summary,<not_applicable>,quarantined,9
observations,<not_applicable>,pk_adme,Ratio,ml/min.umol,=,pk_adme,SRC-AF728821208AC735AEE2E0D1,<missing>,unknown,experimental_summary,<not_applicable>,quarantined,2
observations,<not_applicable>,pk_adme,Ratio,ml/min/nmol,=,pk_adme,SRC-AF728821208AC735AEE2E0D1,<missing>,unknown,experimental_summary,<not_applicable>,quarantined,2
observations,<not_applicable>,pk_adme,Ratio,nM,=,pk_adme,SRC-AF728821208AC735AEE2E0D1,<missing>,unknown,experimental_summary,<not_applicable>,quarantined,8
observations,<not_applicable>,pk_adme,Ratio,uM,=,pk_adme,SRC-AF728821208AC735AEE2E0D1,<missing>,unknown,experimental_summary,<not_applicable>,quarantined,1
observations,<not_applicable>,pk_adme,Ratio,ul/min/pmol,=,pk_adme,SRC-AF728821208AC735AEE2E0D1,<missing>,unknown,experimental_summary,<not_applicable>,quarantined,6
observations,<not_applicable>,pk_adme,Ratio AUC,<missing>,=,pk_adme,SRC-AF728821208AC735AEE2E0D1,<missing>,unknown,experimental_summary,<not_applicable>,quarantined,6
observations,<not_applicable>,pk_adme,Ratio CC50/EC50,<missing>,<,pk_adme,SRC-AF728821208AC735AEE2E0D1,<missing>,unknown,experimental_summary,<not_applicable>,quarantined,1
observations,<not_applicable>,pk_adme,Ratio CC50/EC50,<missing>,=,pk_adme,SRC-AF728821208AC735AEE2E0D1,<missing>,unknown,experimental_summary,<not_applicable>,quarantined,20
observations,<not_applicable>,pk_adme,Ratio CC50/EC50,<missing>,>,pk_adme,SRC-AF728821208AC735AEE2E0D1,<missing>,unknown,experimental_summary,<not_applicable>,quarantined,3
observations,<not_applicable>,pk_adme,Ratio CC50/IC50,<missing>,=,pk_adme,SRC-AF728821208AC735AEE2E0D1,<missing>,unknown,experimental_summary,<not_applicable>,quarantined,16
observations,<not_applicable>,pk_adme,Ratio EC50,<missing>,<,pk_adme,SRC-AF728821208AC735AEE2E0D1,<missing>,unknown,experimental_summary,<not_applicable>,quarantined,1
observations,<not_applicable>,pk_adme,Ratio EC50,<missing>,=,pk_adme,SRC-AF728821208AC735AEE2E0D1,<missing>,unknown,experimental_summary,<not_applicable>,quarantined,21
observations,<not_applicable>,pk_adme,Ratio EC50,<missing>,>,pk_adme,SRC-AF728821208AC735AEE2E0D1,<missing>,unknown,experimental_summary,<not_applicable>,quarantined,1
observations,<not_applicable>,pk_adme,Ratio IC50,<missing>,<,pk_adme,SRC-AF728821208AC735AEE2E0D1,<missing>,unknown,experimental_summary,<not_applicable>,quarantined,21
observations,<not_applicable>,pk_adme,Ratio IC50,<missing>,<,pk_adme,SRC-AF728821208AC735AEE2E0D1,preclinical_in_vitro,unknown,experimental_summary,<not_applicable>,quarantined,9
observations,<not_applicable>,pk_adme,Ratio IC50,<missing>,<=,pk_adme,SRC-AF728821208AC735AEE2E0D1,<missing>,unknown,experimental_summary,<not_applicable>,quarantined,9
observations,<not_applicable>,pk_adme,Ratio IC50,<missing>,=,pk_adme,SRC-AF728821208AC735AEE2E0D1,<missing>,unknown,experimental_summary,<not_applicable>,quarantined,1120
observations,<not_applicable>,pk_adme,Ratio IC50,<missing>,=,pk_adme,SRC-AF728821208AC735AEE2E0D1,preclinical_in_vitro,unknown,experimental_summary,<not_applicable>,quarantined,173
observations,<not_applicable>,pk_adme,Ratio IC50,<missing>,>,pk_adme,SRC-AF728821208AC735AEE2E0D1,<missing>,unknown,experimental_summary,<not_applicable>,quarantined,236
observations,<not_applicable>,pk_adme,Ratio IC50,<missing>,>,pk_adme,SRC-AF728821208AC735AEE2E0D1,preclinical_in_vitro,unknown,experimental_summary,<not_applicable>,quarantined,136
observations,<not_applicable>,pk_adme,Ratio IC50,<missing>,>=,pk_adme,SRC-AF728821208AC735AEE2E0D1,<missing>,unknown,experimental_summary,<not_applicable>,quarantined,6
observations,<not_applicable>,pk_adme,Ratio IC50,<missing>,>=,pk_adme,SRC-AF728821208AC735AEE2E0D1,preclinical_in_vitro,unknown,experimental_summary,<not_applicable>,quarantined,9
observations,<not_applicable>,pk_adme,Ratio IC50,<missing>,interval,pk_adme,SRC-AF728821208AC735AEE2E0D1,<missing>,unknown,experimental_summary,<not_applicable>,quarantined,68
observations,<not_applicable>,pk_adme,Ratio IC50,<missing>,not_reported,pk_adme,SRC-AF728821208AC735AEE2E0D1,<missing>,unknown,experimental_summary,<not_applicable>,quarantined,65
observations,<not_applicable>,pk_adme,Ratio IC50,<missing>,~,pk_adme,SRC-AF728821208AC735AEE2E0D1,<missing>,unknown,experimental_summary,<not_applicable>,quarantined,1
observations,<not_applicable>,pk_adme,Ratio Ki,<missing>,=,pk_adme,SRC-AF728821208AC735AEE2E0D1,<missing>,unknown,experimental_summary,<not_applicable>,quarantined,43
observations,<not_applicable>,pk_adme,Ratio Ki,<missing>,=,pk_adme,SRC-AF728821208AC735AEE2E0D1,preclinical_in_vitro,unknown,experimental_summary,<not_applicable>,quarantined,2
observations,<not_applicable>,pk_adme,Ratio Ki,<missing>,>,pk_adme,SRC-AF728821208AC735AEE2E0D1,<missing>,unknown,experimental_summary,<not_applicable>,quarantined,2
observations,<not_applicable>,pk_adme,Ratio Ki,<missing>,>=,pk_adme,SRC-AF728821208AC735AEE2E0D1,<missing>,unknown,experimental_summary,<not_applicable>,quarantined,1
observations,<not_applicable>,pk_adme,Ratio LC50/IC50,<missing>,>,pk_adme,SRC-AF728821208AC735AEE2E0D1,<missing>,unknown,experimental_summary,<not_applicable>,quarantined,1
observations,<not_applicable>,pk_adme,Ratio LD50/IC50,<missing>,=,pk_adme,SRC-AF728821208AC735AEE2E0D1,preclinical_in_vitro,unknown,experimental_summary,<not_applicable>,quarantined,1
observations,<not_applicable>,pk_adme,Ratio_Papp,<missing>,=,pk_adme,SRC-AF728821208AC735AEE2E0D1,<missing>,unknown,experimental_summary,<not_applicable>,quarantined,62
observations,<not_applicable>,pk_adme,Ratio_Papp,<missing>,>,pk_adme,SRC-AF728821208AC735AEE2E0D1,<missing>,unknown,experimental_summary,<not_applicable>,quarantined,3
observations,<not_applicable>,pk_adme,Ratio_Papp,<missing>,not_reported,pk_adme,SRC-AF728821208AC735AEE2E0D1,<missing>,unknown,experimental_summary,<not_applicable>,quarantined,1
observations,<not_applicable>,pk_adme,Recovered,%,=,pk_adme,SRC-AF728821208AC735AEE2E0D1,<missing>,unknown,experimental_summary,<not_applicable>,quarantined,85
observations,<not_applicable>,pk_adme,Recovered,%,>,pk_adme,SRC-AF728821208AC735AEE2E0D1,<missing>,unknown,experimental_summary,<not_applicable>,quarantined,4
observations,<not_applicable>,pk_adme,Recovery,%,=,pk_adme,SRC-AF728821208AC735AEE2E0D1,<missing>,unknown,experimental_summary,<not_applicable>,quarantined,28
observations,<not_applicable>,pk_adme,Recovery A to B (mean),%,=,pk_adme,SRC-AF728821208AC735AEE2E0D1,<missing>,unknown,experimental_summary,<not_applicable>,quarantined,274
observations,<not_applicable>,pk_adme,Recovery A to B plus inhibitor (mean),%,=,pk_adme,SRC-AF728821208AC735AEE2E0D1,<missing>,unknown,experimental_summary,<not_applicable>,quarantined,30
observations,<not_applicable>,pk_adme,Recovery B to A (mean),%,=,pk_adme,SRC-AF728821208AC735AEE2E0D1,<missing>,unknown,experimental_summary,<not_applicable>,quarantined,94
observations,<not_applicable>,pk_adme,Recovery B to A plus inhibitor (mean),%,=,pk_adme,SRC-AF728821208AC735AEE2E0D1,<missing>,unknown,experimental_summary,<not_applicable>,quarantined,30
observations,<not_applicable>,pk_adme,Relative Bioavailability,%,=,pk_adme,SRC-AF728821208AC735AEE2E0D1,<missing>,unknown,experimental_summary,<not_applicable>,quarantined,4
observations,<not_applicable>,pk_adme,Relative Bioavailability,<missing>,<,pk_adme,SRC-AF728821208AC735AEE2E0D1,<missing>,unknown,experimental_summary,<not_applicable>,quarantined,9
observations,<not_applicable>,pk_adme,Relative Bioavailability,<missing>,=,pk_adme,SRC-AF728821208AC735AEE2E0D1,<missing>,unknown,experimental_summary,<not_applicable>,quarantined,3
observations,<not_applicable>,pk_adme,Relative F%,<missing>,=,pk_adme,SRC-AF728821208AC735AEE2E0D1,<missing>,unknown,experimental_summary,<not_applicable>,quarantined,45
observations,<not_applicable>,pk_adme,Relative Potency,<missing>,=,pk_adme,SRC-AF728821208AC735AEE2E0D1,<missing>,unknown,experimental_summary,<not_applicable>,quarantined,11
observations,<not_applicable>,pk_adme,Relative activity,<missing>,=,pk_adme,SRC-AF728821208AC735AEE2E0D1,<missing>,unknown,experimental_summary,<not_applicable>,quarantined,6
observations,<not_applicable>,pk_adme,Relative bioavailability,<missing>,=,pk_adme,SRC-AF728821208AC735AEE2E0D1,<missing>,unknown,experimental_summary,<not_applicable>,quarantined,13
observations,<not_applicable>,pk_adme,Relative metabolic rate,<missing>,not_reported,pk_adme,SRC-AF728821208AC735AEE2E0D1,<missing>,unknown,experimental_summary,<not_applicable>,quarantined,8
observations,<not_applicable>,pk_adme,Relative oncentration,uM,=,pk_adme,SRC-AF728821208AC735AEE2E0D1,<missing>,unknown,experimental_summary,<not_applicable>,quarantined,1
observations,<not_applicable>,pk_adme,Relative permiability,<missing>,=,pk_adme,SRC-AF728821208AC735AEE2E0D1,<missing>,unknown,experimental_summary,<not_applicable>,quarantined,6
observations,<not_applicable>,pk_adme,Relative peroxidation,%,=,pk_adme,SRC-AF728821208AC735AEE2E0D1,<missing>,unknown,experimental_summary,<not_applicable>,quarantined,1
observations,<not_applicable>,pk_adme,Relative potency,<missing>,<,pk_adme,SRC-AF728821208AC735AEE2E0D1,<missing>,unknown,experimental_summary,<not_applicable>,quarantined,10
observations,<not_applicable>,pk_adme,Relative potency,<missing>,=,pk_adme,SRC-AF728821208AC735AEE2E0D1,<missing>,unknown,experimental_summary,<not_applicable>,quarantined,77
observations,<not_applicable>,pk_adme,Relative potency,<missing>,not_reported,pk_adme,SRC-AF728821208AC735AEE2E0D1,<missing>,unknown,experimental_summary,<not_applicable>,quarantined,3
observations,<not_applicable>,pk_adme,Relative protection,%,=,pk_adme,SRC-AF728821208AC735AEE2E0D1,<missing>,unknown,experimental_summary,<not_applicable>,quarantined,19
observations,<not_applicable>,pk_adme,Relative rate metabolism,<missing>,=,pk_adme,SRC-AF728821208AC735AEE2E0D1,<missing>,unknown,experimental_summary,<not_applicable>,quarantined,11
observations,<not_applicable>,pk_adme,Relative rate of hydrolysis,%,=,pk_adme,SRC-AF728821208AC735AEE2E0D1,<missing>,unknown,experimental_summary,<not_applicable>,quarantined,41
observations,<not_applicable>,pk_adme,Remaining,%,<,pk_adme,SRC-AF728821208AC735AEE2E0D1,<missing>,unknown,experimental_summary,<not_applicable>,quarantined,10
observations,<not_applicable>,pk_adme,Remaining,%,=,pk_adme,SRC-AF728821208AC735AEE2E0D1,<missing>,unknown,experimental_summary,<not_applicable>,quarantined,519
observations,<not_applicable>,pk_adme,Remaining,%,not_reported,pk_adme,SRC-AF728821208AC735AEE2E0D1,<missing>,unknown,experimental_summary,<not_applicable>,quarantined,8
observations,<not_applicable>,pk_adme,Remaining,%,~,pk_adme,SRC-AF728821208AC735AEE2E0D1,<missing>,unknown,experimental_summary,<not_applicable>,quarantined,1
observations,<not_applicable>,pk_adme,Remaining (without cofactor),%,=,pk_adme,SRC-AF728821208AC735AEE2E0D1,<missing>,unknown,experimental_summary,<not_applicable>,quarantined,427
observations,<not_applicable>,pk_adme,Remaining compound,%,=,pk_adme,SRC-AF728821208AC735AEE2E0D1,<missing>,unknown,experimental_summary,<not_applicable>,quarantined,15
observations,<not_applicable>,pk_adme,Remaining rate,%,=,pk_adme,SRC-AF728821208AC735AEE2E0D1,<missing>,unknown,experimental_summary,<not_applicable>,quarantined,16
observations,<not_applicable>,pk_adme,Remaining rate,%,not_reported,pk_adme,SRC-AF728821208AC735AEE2E0D1,<missing>,unknown,experimental_summary,<not_applicable>,quarantined,2
observations,<not_applicable>,pk_adme,Remaining ratio,%,=,pk_adme,SRC-AF728821208AC735AEE2E0D1,<missing>,unknown,experimental_summary,<not_applicable>,quarantined,16
observations,<not_applicable>,pk_adme,Retention_index,<missing>,=,pk_adme,SRC-AF728821208AC735AEE2E0D1,<missing>,unknown,experimental_summary,<not_applicable>,quarantined,1
observations,<not_applicable>,pk_adme,Retention_time,<missing>,not_reported,pk_adme,SRC-AF728821208AC735AEE2E0D1,<missing>,unknown,experimental_summary,<not_applicable>,quarantined,2
observations,<not_applicable>,pk_adme,Retention_time,min,<,pk_adme,SRC-AF728821208AC735AEE2E0D1,<missing>,unknown,experimental_summary,<not_applicable>,quarantined,7
observations,<not_applicable>,pk_adme,Retention_time,min,=,pk_adme,SRC-AF728821208AC735AEE2E0D1,<missing>,unknown,experimental_summary,<not_applicable>,quarantined,472
observations,<not_applicable>,pk_adme,Retention_time,min,=,pk_adme,SRC-AF728821208AC735AEE2E0D1,preclinical_in_vitro,unknown,experimental_summary,<not_applicable>,quarantined,10
observations,<not_applicable>,pk_adme,Retention_time,min,interval,pk_adme,SRC-AF728821208AC735AEE2E0D1,<missing>,unknown,experimental_summary,<not_applicable>,quarantined,4
observations,<not_applicable>,pk_adme,Rmax,%,=,pk_adme,SRC-AF728821208AC735AEE2E0D1,<missing>,unknown,experimental_summary,<not_applicable>,quarantined,3
observations,<not_applicable>,pk_adme,S50,mM,=,pk_adme,SRC-AF728821208AC735AEE2E0D1,<missing>,unknown,experimental_summary,<not_applicable>,quarantined,2
observations,<not_applicable>,pk_adme,S50,uM,=,pk_adme,SRC-AF728821208AC735AEE2E0D1,<missing>,unknown,experimental_summary,<not_applicable>,quarantined,2
observations,<not_applicable>,pk_adme,SUV,<missing>,=,pk_adme,SRC-AF728821208AC735AEE2E0D1,<missing>,unknown,experimental_summary,<not_applicable>,quarantined,1
observations,<not_applicable>,pk_adme,SUVmax,<missing>,=,pk_adme,SRC-AF728821208AC735AEE2E0D1,<missing>,unknown,experimental_summary,<not_applicable>,quarantined,3
observations,<not_applicable>,pk_adme,Selectivity,<missing>,=,pk_adme,SRC-AF728821208AC735AEE2E0D1,<missing>,unknown,experimental_summary,<not_applicable>,quarantined,9
observations,<not_applicable>,pk_adme,Selectivity Index,<missing>,<=,pk_adme,SRC-AF728821208AC735AEE2E0D1,<missing>,unknown,experimental_summary,<not_applicable>,quarantined,2
observations,<not_applicable>,pk_adme,Selectivity Index,<missing>,=,pk_adme,SRC-AF728821208AC735AEE2E0D1,<missing>,unknown,experimental_summary,<not_applicable>,quarantined,119
observations,<not_applicable>,pk_adme,Selectivity Index,<missing>,>,pk_adme,SRC-AF728821208AC735AEE2E0D1,<missing>,unknown,experimental_summary,<not_applicable>,quarantined,63
observations,<not_applicable>,pk_adme,Selectivity Index,<missing>,>=,pk_adme,SRC-AF728821208AC735AEE2E0D1,<missing>,unknown,experimental_summary,<not_applicable>,quarantined,1
observations,<not_applicable>,pk_adme,Selectivity Index,<missing>,not_reported,pk_adme,SRC-AF728821208AC735AEE2E0D1,<missing>,unknown,experimental_summary,<not_applicable>,quarantined,56
observations,<not_applicable>,pk_adme,Selectivity ratio,<missing>,=,pk_adme,SRC-AF728821208AC735AEE2E0D1,<missing>,unknown,experimental_summary,<not_applicable>,quarantined,22
observations,<not_applicable>,pk_adme,Selectivity ratio,<missing>,>,pk_adme,SRC-AF728821208AC735AEE2E0D1,<missing>,unknown,experimental_summary,<not_applicable>,quarantined,2
observations,<not_applicable>,pk_adme,Selectivity ratio,<missing>,not_reported,pk_adme,SRC-AF728821208AC735AEE2E0D1,<missing>,unknown,experimental_summary,<not_applicable>,quarantined,1
observations,<not_applicable>,pk_adme,Solubility,%,<,other_bioactivity,SRC-AF728821208AC735AEE2E0D1,<missing>,unknown,experimental_summary,<not_applicable>,quarantined,1
observations,<not_applicable>,pk_adme,Solubility,%,=,other_bioactivity,SRC-AF728821208AC735AEE2E0D1,<missing>,unknown,experimental_summary,<not_applicable>,quarantined,17
observations,<not_applicable>,pk_adme,Solubility,%,=,pk_adme,SRC-AF728821208AC735AEE2E0D1,<missing>,unknown,experimental_summary,<not_applicable>,quarantined,2
observations,<not_applicable>,pk_adme,Solubility,%,>,other_bioactivity,SRC-AF728821208AC735AEE2E0D1,<missing>,unknown,experimental_summary,<not_applicable>,quarantined,2
observations,<not_applicable>,pk_adme,Solubility,<missing>,=,other_bioactivity,SRC-AF728821208AC735AEE2E0D1,<missing>,unknown,experimental_summary,<not_applicable>,quarantined,51
observations,<not_applicable>,pk_adme,Solubility,<missing>,>,other_bioactivity,SRC-AF728821208AC735AEE2E0D1,<missing>,unknown,experimental_summary,<not_applicable>,quarantined,3
observations,<not_applicable>,pk_adme,Solubility,<missing>,not_reported,other_bioactivity,SRC-AF728821208AC735AEE2E0D1,<missing>,unknown,experimental_summary,<not_applicable>,quarantined,223
observations,<not_applicable>,pk_adme,Solubility,g,=,other_bioactivity,SRC-AF728821208AC735AEE2E0D1,<missing>,unknown,experimental_summary,<not_applicable>,quarantined,21
observations,<not_applicable>,pk_adme,Solubility,mg,=,other_bioactivity,SRC-AF728821208AC735AEE2E0D1,<missing>,unknown,experimental_summary,<not_applicable>,quarantined,3
observations,<not_applicable>,pk_adme,Solubility,mgkg-1,=,other_bioactivity,SRC-AF728821208AC735AEE2E0D1,<missing>,unknown,experimental_summary,<not_applicable>,quarantined,4
observations,<not_applicable>,pk_adme,Solubility,nM,<,other_bioactivity,SRC-AF728821208AC735AEE2E0D1,<missing>,unknown,experimental_summary,<not_applicable>,included,1
observations,<not_applicable>,pk_adme,Solubility,nM,<,other_bioactivity,SRC-AF728821208AC735AEE2E0D1,<missing>,unknown,experimental_summary,<not_applicable>,quarantined,2762
observations,<not_applicable>,pk_adme,Solubility,nM,<=,other_bioactivity,SRC-AF728821208AC735AEE2E0D1,<missing>,unknown,experimental_summary,<not_applicable>,quarantined,155
observations,<not_applicable>,pk_adme,Solubility,nM,=,binding,SRC-AF728821208AC735AEE2E0D1,preclinical_in_vitro,unknown,experimental_summary,<not_applicable>,review,1
observations,<not_applicable>,pk_adme,Solubility,nM,=,other_bioactivity,SRC-AF728821208AC735AEE2E0D1,<missing>,unknown,experimental_summary,<not_applicable>,included,67
observations,<not_applicable>,pk_adme,Solubility,nM,=,other_bioactivity,SRC-AF728821208AC735AEE2E0D1,<missing>,unknown,experimental_summary,<not_applicable>,quarantined,25904
observations,<not_applicable>,pk_adme,Solubility,nM,=,other_bioactivity,SRC-AF728821208AC735AEE2E0D1,preclinical_in_vitro,unknown,experimental_summary,<not_applicable>,included,11
observations,<not_applicable>,pk_adme,Solubility,nM,=,pk_adme,SRC-AF728821208AC735AEE2E0D1,<missing>,unknown,experimental_summary,<not_applicable>,included,27
observations,<not_applicable>,pk_adme,Solubility,nM,=,pk_adme,SRC-AF728821208AC735AEE2E0D1,<missing>,unknown,experimental_summary,<not_applicable>,quarantined,2
observations,<not_applicable>,pk_adme,Solubility,nM,>,other_bioactivity,SRC-AF728821208AC735AEE2E0D1,<missing>,unknown,experimental_summary,<not_applicable>,included,5
observations,<not_applicable>,pk_adme,Solubility,nM,>,other_bioactivity,SRC-AF728821208AC735AEE2E0D1,<missing>,unknown,experimental_summary,<not_applicable>,quarantined,3158
observations,<not_applicable>,pk_adme,Solubility,nM,>,pk_adme,SRC-AF728821208AC735AEE2E0D1,<missing>,unknown,experimental_summary,<not_applicable>,included,4
observations,<not_applicable>,pk_adme,Solubility,nM,>=,other_bioactivity,SRC-AF728821208AC735AEE2E0D1,<missing>,unknown,experimental_summary,<not_applicable>,quarantined,1462
observations,<not_applicable>,pk_adme,Solubility,nM,not_reported,other_bioactivity,SRC-AF728821208AC735AEE2E0D1,<missing>,unknown,experimental_summary,<not_applicable>,quarantined,190
observations,<not_applicable>,pk_adme,Solubility,nM,~,other_bioactivity,SRC-AF728821208AC735AEE2E0D1,<missing>,unknown,experimental_summary,<not_applicable>,quarantined,3
observations,<not_applicable>,pk_adme,Solubility,ug/mL,<,other_bioactivity,SRC-AF728821208AC735AEE2E0D1,<missing>,unknown,experimental_summary,<not_applicable>,included,4
observations,<not_applicable>,pk_adme,Solubility,ug/mL,<,other_bioactivity,SRC-AF728821208AC735AEE2E0D1,<missing>,unknown,experimental_summary,<not_applicable>,quarantined,3131
observations,<not_applicable>,pk_adme,Solubility,ug/mL,<=,other_bioactivity,SRC-AF728821208AC735AEE2E0D1,<missing>,unknown,experimental_summary,<not_applicable>,quarantined,53
observations,<not_applicable>,pk_adme,Solubility,ug/mL,=,other_bioactivity,SRC-AF728821208AC735AEE2E0D1,<missing>,unknown,experimental_summary,<not_applicable>,included,91
observations,<not_applicable>,pk_adme,Solubility,ug/mL,=,other_bioactivity,SRC-AF728821208AC735AEE2E0D1,<missing>,unknown,experimental_summary,<not_applicable>,quarantined,20676
observations,<not_applicable>,pk_adme,Solubility,ug/mL,=,other_bioactivity,SRC-AF728821208AC735AEE2E0D1,<missing>,unknown,experimental_summary,<not_applicable>,review,1
observations,<not_applicable>,pk_adme,Solubility,ug/mL,=,other_bioactivity,SRC-AF728821208AC735AEE2E0D1,preclinical_in_vivo,unknown,experimental_summary,<not_applicable>,quarantined,2
observations,<not_applicable>,pk_adme,Solubility,ug/mL,>,other_bioactivity,SRC-AF728821208AC735AEE2E0D1,<missing>,unknown,experimental_summary,<not_applicable>,included,6
observations,<not_applicable>,pk_adme,Solubility,ug/mL,>,other_bioactivity,SRC-AF728821208AC735AEE2E0D1,<missing>,unknown,experimental_summary,<not_applicable>,quarantined,3413
observations,<not_applicable>,pk_adme,Solubility,ug/mL,>=,other_bioactivity,SRC-AF728821208AC735AEE2E0D1,<missing>,unknown,experimental_summary,<not_applicable>,quarantined,372
observations,<not_applicable>,pk_adme,Solubility,ug/mL,interval,other_bioactivity,SRC-AF728821208AC735AEE2E0D1,<missing>,unknown,experimental_summary,<not_applicable>,quarantined,185
observations,<not_applicable>,pk_adme,Solubility,ug/mL,not_reported,other_bioactivity,SRC-AF728821208AC735AEE2E0D1,<missing>,unknown,experimental_summary,<not_applicable>,quarantined,171
observations,<not_applicable>,pk_adme,Solubility,ug/mL,~,other_bioactivity,SRC-AF728821208AC735AEE2E0D1,<missing>,unknown,experimental_summary,<not_applicable>,quarantined,9
observations,<not_applicable>,pk_adme,Stability,%,<,pk_adme,SRC-AF728821208AC735AEE2E0D1,<missing>,unknown,experimental_summary,<not_applicable>,quarantined,570
observations,<not_applicable>,pk_adme,Stability,%,<=,pk_adme,SRC-AF728821208AC735AEE2E0D1,<missing>,unknown,experimental_summary,<not_applicable>,quarantined,9
observations,<not_applicable>,pk_adme,Stability,%,=,pk_adme,SRC-AF728821208AC735AEE2E0D1,<missing>,unknown,experimental_summary,<not_applicable>,quarantined,27026
observations,<not_applicable>,pk_adme,Stability,%,=,pk_adme,SRC-AF728821208AC735AEE2E0D1,preclinical_in_vitro,unknown,experimental_summary,<not_applicable>,quarantined,48
observations,<not_applicable>,pk_adme,Stability,%,>,pk_adme,SRC-AF728821208AC735AEE2E0D1,<missing>,unknown,experimental_summary,<not_applicable>,quarantined,840
observations,<not_applicable>,pk_adme,Stability,%,>=,pk_adme,SRC-AF728821208AC735AEE2E0D1,<missing>,unknown,experimental_summary,<not_applicable>,quarantined,40
observations,<not_applicable>,pk_adme,Stability,%,interval,pk_adme,SRC-AF728821208AC735AEE2E0D1,<missing>,unknown,experimental_summary,<not_applicable>,quarantined,77
observations,<not_applicable>,pk_adme,Stability,%,not_reported,pk_adme,SRC-AF728821208AC735AEE2E0D1,<missing>,unknown,experimental_summary,<not_applicable>,quarantined,4761
observations,<not_applicable>,pk_adme,Stability,%,not_reported,pk_adme,SRC-AF728821208AC735AEE2E0D1,preclinical_in_vitro,unknown,experimental_summary,<not_applicable>,quarantined,17
observations,<not_applicable>,pk_adme,Stability,%,~,pk_adme,SRC-AF728821208AC735AEE2E0D1,<missing>,unknown,experimental_summary,<not_applicable>,quarantined,8
observations,<not_applicable>,pk_adme,Stability,%/hr,=,pk_adme,SRC-AF728821208AC735AEE2E0D1,<missing>,unknown,experimental_summary,<not_applicable>,quarantined,15
observations,<not_applicable>,pk_adme,Stability,microg.min/ml,=,pk_adme,SRC-AF728821208AC735AEE2E0D1,<missing>,unknown,experimental_summary,<not_applicable>,quarantined,1
observations,<not_applicable>,pk_adme,Stability,microl/min/mg,<,pk_adme,SRC-AF728821208AC735AEE2E0D1,<missing>,unknown,experimental_summary,<not_applicable>,quarantined,96
observations,<not_applicable>,pk_adme,Stability,microl/min/mg,=,pk_adme,SRC-AF728821208AC735AEE2E0D1,<missing>,unknown,experimental_summary,<not_applicable>,quarantined,693
observations,<not_applicable>,pk_adme,Stability,microl/min/mg,>,pk_adme,SRC-AF728821208AC735AEE2E0D1,<missing>,unknown,experimental_summary,<not_applicable>,quarantined,58
observations,<not_applicable>,pk_adme,Stability,min,<,pk_adme,SRC-AF728821208AC735AEE2E0D1,<missing>,unknown,experimental_summary,<not_applicable>,quarantined,1
observations,<not_applicable>,pk_adme,Stability,min,=,pk_adme,SRC-AF728821208AC735AEE2E0D1,<missing>,unknown,experimental_summary,<not_applicable>,quarantined,49
observations,<not_applicable>,pk_adme,Stability,min,>,pk_adme,SRC-AF728821208AC735AEE2E0D1,<missing>,unknown,experimental_summary,<not_applicable>,quarantined,16
observations,<not_applicable>,pk_adme,Stability,ml/min,<,pk_adme,SRC-AF728821208AC735AEE2E0D1,<missing>,unknown,experimental_summary,<not_applicable>,quarantined,5
observations,<not_applicable>,pk_adme,Stability,ml/min,=,pk_adme,SRC-AF728821208AC735AEE2E0D1,<missing>,unknown,experimental_summary,<not_applicable>,quarantined,57
observations,<not_applicable>,pk_adme,Stability,ml/min.kg,<,pk_adme,SRC-AF728821208AC735AEE2E0D1,<missing>,unknown,experimental_summary,<not_applicable>,quarantined,35
observations,<not_applicable>,pk_adme,Stability,ml/min.kg,=,pk_adme,SRC-AF728821208AC735AEE2E0D1,<missing>,unknown,experimental_summary,<not_applicable>,quarantined,215
observations,<not_applicable>,pk_adme,Stability,ml/min.kg,interval,pk_adme,SRC-AF728821208AC735AEE2E0D1,<missing>,unknown,experimental_summary,<not_applicable>,quarantined,1
observations,<not_applicable>,pk_adme,Stability,ml/min/g,<,pk_adme,SRC-AF728821208AC735AEE2E0D1,<missing>,unknown,experimental_summary,<not_applicable>,quarantined,17
observations,<not_applicable>,pk_adme,Stability,ml/min/g,=,pk_adme,SRC-AF728821208AC735AEE2E0D1,<missing>,unknown,experimental_summary,<not_applicable>,quarantined,7
observations,<not_applicable>,pk_adme,Stability,ml/min/g,>,pk_adme,SRC-AF728821208AC735AEE2E0D1,<missing>,unknown,experimental_summary,<not_applicable>,quarantined,2
observations,<not_applicable>,pk_adme,Stability,ml/min/mg,<,pk_adme,SRC-AF728821208AC735AEE2E0D1,<missing>,unknown,experimental_summary,<not_applicable>,quarantined,5
observations,<not_applicable>,pk_adme,Stability,ml/min/mg,=,pk_adme,SRC-AF728821208AC735AEE2E0D1,<missing>,unknown,experimental_summary,<not_applicable>,quarantined,57
observations,<not_applicable>,pk_adme,Stability,mmol/min,=,pk_adme,SRC-AF728821208AC735AEE2E0D1,<missing>,unknown,experimental_summary,<not_applicable>,quarantined,10
observations,<not_applicable>,pk_adme,Stability,mmol/min/mg,=,pk_adme,SRC-AF728821208AC735AEE2E0D1,<missing>,unknown,experimental_summary,<not_applicable>,quarantined,3
observations,<not_applicable>,pk_adme,Stability,nM,=,pk_adme,SRC-AF728821208AC735AEE2E0D1,<missing>,unknown,experimental_summary,<not_applicable>,quarantined,21
observations,<not_applicable>,pk_adme,Stability,ng/mL,=,pk_adme,SRC-AF728821208AC735AEE2E0D1,<missing>,unknown,experimental_summary,<not_applicable>,quarantined,10
observations,<not_applicable>,pk_adme,Stability,nm/min,=,pk_adme,SRC-AF728821208AC735AEE2E0D1,<missing>,unknown,experimental_summary,<not_applicable>,quarantined,9
observations,<not_applicable>,pk_adme,Stability,nm/min/mg,<,pk_adme,SRC-AF728821208AC735AEE2E0D1,<missing>,unknown,experimental_summary,<not_applicable>,quarantined,1
observations,<not_applicable>,pk_adme,Stability,nm/min/mg,=,pk_adme,SRC-AF728821208AC735AEE2E0D1,<missing>,unknown,experimental_summary,<not_applicable>,quarantined,1
observations,<not_applicable>,pk_adme,Stability,nmol/mg/min,<,pk_adme,SRC-AF728821208AC735AEE2E0D1,<missing>,unknown,experimental_summary,<not_applicable>,quarantined,1
observations,<not_applicable>,pk_adme,Stability,nmol/mg/min,=,pk_adme,SRC-AF728821208AC735AEE2E0D1,<missing>,unknown,experimental_summary,<not_applicable>,quarantined,17
observations,<not_applicable>,pk_adme,Stability,nmol/min,<,pk_adme,SRC-AF728821208AC735AEE2E0D1,<missing>,unknown,experimental_summary,<not_applicable>,quarantined,4
observations,<not_applicable>,pk_adme,Stability,nmol/min,=,pk_adme,SRC-AF728821208AC735AEE2E0D1,<missing>,unknown,experimental_summary,<not_applicable>,quarantined,102
observations,<not_applicable>,pk_adme,Stability,nmol/min,>,pk_adme,SRC-AF728821208AC735AEE2E0D1,<missing>,unknown,experimental_summary,<not_applicable>,quarantined,3
observations,<not_applicable>,pk_adme,Stability,nmol/min/kg,<,pk_adme,SRC-AF728821208AC735AEE2E0D1,<missing>,unknown,experimental_summary,<not_applicable>,quarantined,11
observations,<not_applicable>,pk_adme,Stability,nmol/min/kg,=,pk_adme,SRC-AF728821208AC735AEE2E0D1,<missing>,unknown,experimental_summary,<not_applicable>,quarantined,16
observations,<not_applicable>,pk_adme,Stability,nmol/min/kg,>,pk_adme,SRC-AF728821208AC735AEE2E0D1,<missing>,unknown,experimental_summary,<not_applicable>,quarantined,2
observations,<not_applicable>,pk_adme,Stability,nmol/min/mg,=,pk_adme,SRC-AF728821208AC735AEE2E0D1,<missing>,unknown,experimental_summary,<not_applicable>,quarantined,25
observations,<not_applicable>,pk_adme,Stability,pm/mg/hr,<,pk_adme,SRC-AF728821208AC735AEE2E0D1,<missing>,unknown,experimental_summary,<not_applicable>,quarantined,1
observations,<not_applicable>,pk_adme,Stability,pmol,<,pk_adme,SRC-AF728821208AC735AEE2E0D1,<missing>,unknown,experimental_summary,<not_applicable>,quarantined,2
observations,<not_applicable>,pk_adme,Stability,pmol,=,pk_adme,SRC-AF728821208AC735AEE2E0D1,<missing>,unknown,experimental_summary,<not_applicable>,quarantined,4
observations,<not_applicable>,pk_adme,Stability,pmol/mg,=,pk_adme,SRC-AF728821208AC735AEE2E0D1,<missing>,unknown,experimental_summary,<not_applicable>,quarantined,4
observations,<not_applicable>,pk_adme,Stability,pmol/mg/hr,=,pk_adme,SRC-AF728821208AC735AEE2E0D1,<missing>,unknown,experimental_summary,<not_applicable>,quarantined,18
observations,<not_applicable>,pk_adme,Stability,pmol/min,=,pk_adme,SRC-AF728821208AC735AEE2E0D1,<missing>,unknown,experimental_summary,<not_applicable>,quarantined,3
observations,<not_applicable>,pk_adme,Stability,pmol/min/mg,=,pk_adme,SRC-AF728821208AC735AEE2E0D1,<missing>,unknown,experimental_summary,<not_applicable>,quarantined,54
observations,<not_applicable>,pk_adme,Stability,pmol/ml,=,pk_adme,SRC-AF728821208AC735AEE2E0D1,<missing>,unknown,experimental_summary,<not_applicable>,quarantined,6
observations,<not_applicable>,pk_adme,Stability,pmolequiv/mg,=,pk_adme,SRC-AF728821208AC735AEE2E0D1,<missing>,unknown,experimental_summary,<not_applicable>,quarantined,5
observations,<not_applicable>,pk_adme,Stability,uM,<,pk_adme,SRC-AF728821208AC735AEE2E0D1,<missing>,unknown,experimental_summary,<not_applicable>,quarantined,2
observations,<not_applicable>,pk_adme,Stability,uM,=,pk_adme,SRC-AF728821208AC735AEE2E0D1,<missing>,unknown,experimental_summary,<not_applicable>,quarantined,33
observations,<not_applicable>,pk_adme,Stability,ugml-1,=,pk_adme,SRC-AF728821208AC735AEE2E0D1,<missing>,unknown,experimental_summary,<not_applicable>,quarantined,6
observations,<not_applicable>,pk_adme,Stability,ul/mg/min,=,pk_adme,SRC-AF728821208AC735AEE2E0D1,<missing>,unknown,experimental_summary,<not_applicable>,quarantined,11
observations,<not_applicable>,pk_adme,Stability,ul/min,<,pk_adme,SRC-AF728821208AC735AEE2E0D1,<missing>,unknown,experimental_summary,<not_applicable>,quarantined,36
observations,<not_applicable>,pk_adme,Stability,ul/min,=,pk_adme,SRC-AF728821208AC735AEE2E0D1,<missing>,unknown,experimental_summary,<not_applicable>,quarantined,46
observations,<not_applicable>,pk_adme,Stability,ul/min,>,pk_adme,SRC-AF728821208AC735AEE2E0D1,<missing>,unknown,experimental_summary,<not_applicable>,quarantined,2
observations,<not_applicable>,pk_adme,Stability,ul/min.mg,<,pk_adme,SRC-AF728821208AC735AEE2E0D1,<missing>,unknown,experimental_summary,<not_applicable>,quarantined,11
observations,<not_applicable>,pk_adme,Stability,ul/min.mg,=,pk_adme,SRC-AF728821208AC735AEE2E0D1,<missing>,unknown,experimental_summary,<not_applicable>,quarantined,71
observations,<not_applicable>,pk_adme,Stability,ul/min.mg,>,pk_adme,SRC-AF728821208AC735AEE2E0D1,<missing>,unknown,experimental_summary,<not_applicable>,quarantined,3
observations,<not_applicable>,pk_adme,Stability,ul/min/kg,<,pk_adme,SRC-AF728821208AC735AEE2E0D1,<missing>,unknown,experimental_summary,<not_applicable>,quarantined,39
observations,<not_applicable>,pk_adme,Stability,ul/min/kg,=,pk_adme,SRC-AF728821208AC735AEE2E0D1,<missing>,unknown,experimental_summary,<not_applicable>,quarantined,19
observations,<not_applicable>,pk_adme,Stability,ul/min/kg,interval,pk_adme,SRC-AF728821208AC735AEE2E0D1,<missing>,unknown,experimental_summary,<not_applicable>,quarantined,3
observations,<not_applicable>,pk_adme,Stability,ul/ml,<,pk_adme,SRC-AF728821208AC735AEE2E0D1,<missing>,unknown,experimental_summary,<not_applicable>,quarantined,3
observations,<not_applicable>,pk_adme,Stabilty,microl/min/mg,<,pk_adme,SRC-AF728821208AC735AEE2E0D1,<missing>,unknown,experimental_summary,<not_applicable>,quarantined,11
observations,<not_applicable>,pk_adme,Stabilty,microl/min/mg,=,pk_adme,SRC-AF728821208AC735AEE2E0D1,<missing>,unknown,experimental_summary,<not_applicable>,quarantined,9
observations,<not_applicable>,pk_adme,Stabilty,min,=,pk_adme,SRC-AF728821208AC735AEE2E0D1,<missing>,unknown,experimental_summary,<not_applicable>,quarantined,39
observations,<not_applicable>,pk_adme,Stabilty,min,>,pk_adme,SRC-AF728821208AC735AEE2E0D1,<missing>,unknown,experimental_summary,<not_applicable>,quarantined,32
observations,<not_applicable>,pk_adme,Stabilty,ml/min.kg,<,pk_adme,SRC-AF728821208AC735AEE2E0D1,<missing>,unknown,experimental_summary,<not_applicable>,quarantined,5
observations,<not_applicable>,pk_adme,Stabilty,ml/min.kg,=,pk_adme,SRC-AF728821208AC735AEE2E0D1,<missing>,unknown,experimental_summary,<not_applicable>,quarantined,87
observations,<not_applicable>,pk_adme,Stimulation,%,=,pk_adme,SRC-AF728821208AC735AEE2E0D1,<missing>,unknown,experimental_summary,<not_applicable>,quarantined,1
observations,<not_applicable>,pk_adme,Substrate metabolized at 1hr,%,=,pk_adme,SRC-AF728821208AC735AEE2E0D1,<missing>,unknown,experimental_summary,<not_applicable>,quarantined,4
observations,<not_applicable>,pk_adme,Survival,%,=,pk_adme,SRC-AF728821208AC735AEE2E0D1,<missing>,unknown,experimental_summary,<not_applicable>,quarantined,54
observations,<not_applicable>,pk_adme,Survival,day,=,pk_adme,SRC-AF728821208AC735AEE2E0D1,<missing>,unknown,experimental_summary,<not_applicable>,quarantined,1
observations,<not_applicable>,pk_adme,T,min,=,pk_adme,SRC-AF728821208AC735AEE2E0D1,<missing>,unknown,experimental_summary,<not_applicable>,quarantined,1
observations,<not_applicable>,pk_adme,T1/2,%,=,other_bioactivity,SRC-AF728821208AC735AEE2E0D1,<missing>,unknown,experimental_summary,<not_applicable>,quarantined,12
observations,<not_applicable>,pk_adme,T1/2,%,=,pk_adme,SRC-AF728821208AC735AEE2E0D1,<missing>,unknown,experimental_summary,<not_applicable>,quarantined,1
observations,<not_applicable>,pk_adme,T1/2,%,>,other_bioactivity,SRC-AF728821208AC735AEE2E0D1,<missing>,unknown,experimental_summary,<not_applicable>,quarantined,2
observations,<not_applicable>,pk_adme,T1/2,<missing>,<,other_bioactivity,SRC-AF728821208AC735AEE2E0D1,<missing>,unknown,experimental_summary,<not_applicable>,quarantined,2
observations,<not_applicable>,pk_adme,T1/2,<missing>,=,other_bioactivity,SRC-AF728821208AC735AEE2E0D1,<missing>,unknown,experimental_summary,<not_applicable>,quarantined,205
observations,<not_applicable>,pk_adme,T1/2,<missing>,=,pk_adme,SRC-AF728821208AC735AEE2E0D1,<missing>,unknown,experimental_summary,<not_applicable>,quarantined,1
observations,<not_applicable>,pk_adme,T1/2,<missing>,=,pk_adme,SRC-AF728821208AC735AEE2E0D1,<missing>,unknown,experimental_summary,<not_applicable>,review,5
observations,<not_applicable>,pk_adme,T1/2,<missing>,>,other_bioactivity,SRC-AF728821208AC735AEE2E0D1,<missing>,unknown,experimental_summary,<not_applicable>,quarantined,11
observations,<not_applicable>,pk_adme,T1/2,<missing>,not_reported,binding,SRC-AF728821208AC735AEE2E0D1,<missing>,unknown,experimental_summary,<not_applicable>,quarantined,77
observations,<not_applicable>,pk_adme,T1/2,<missing>,not_reported,binding,SRC-AF728821208AC735AEE2E0D1,preclinical_in_vitro,unknown,experimental_summary,<not_applicable>,quarantined,6
observations,<not_applicable>,pk_adme,T1/2,<missing>,not_reported,other_bioactivity,SRC-AF728821208AC735AEE2E0D1,<missing>,unknown,experimental_summary,<not_applicable>,quarantined,1587
observations,<not_applicable>,pk_adme,T1/2,<missing>,not_reported,pk_adme,SRC-AF728821208AC735AEE2E0D1,<missing>,unknown,experimental_summary,<not_applicable>,quarantined,2053
observations,<not_applicable>,pk_adme,T1/2,h,<,binding,SRC-AF728821208AC735AEE2E0D1,<missing>,unknown,experimental_summary,<not_applicable>,included,6
observations,<not_applicable>,pk_adme,T1/2,h,<,binding,SRC-AF728821208AC735AEE2E0D1,<missing>,unknown,experimental_summary,<not_applicable>,quarantined,36
observations,<not_applicable>,pk_adme,T1/2,h,<,binding,SRC-AF728821208AC735AEE2E0D1,preclinical_in_vitro,unknown,experimental_summary,<not_applicable>,included,4
observations,<not_applicable>,pk_adme,T1/2,h,<,binding,SRC-AF728821208AC735AEE2E0D1,preclinical_in_vitro,unknown,experimental_summary,<not_applicable>,quarantined,9
observations,<not_applicable>,pk_adme,T1/2,h,<,other_bioactivity,SRC-AF728821208AC735AEE2E0D1,<missing>,unknown,experimental_summary,<not_applicable>,included,508
observations,<not_applicable>,pk_adme,T1/2,h,<,other_bioactivity,SRC-AF728821208AC735AEE2E0D1,<missing>,unknown,experimental_summary,<not_applicable>,quarantined,671
observations,<not_applicable>,pk_adme,T1/2,h,<,other_bioactivity,SRC-AF728821208AC735AEE2E0D1,<missing>,unknown,experimental_summary,<not_applicable>,review,4
observations,<not_applicable>,pk_adme,T1/2,h,<,other_bioactivity,SRC-AF728821208AC735AEE2E0D1,preclinical_ex_vivo,unknown,experimental_summary,<not_applicable>,included,1
observations,<not_applicable>,pk_adme,T1/2,h,<,other_bioactivity,SRC-AF728821208AC735AEE2E0D1,preclinical_in_vitro,unknown,experimental_summary,<not_applicable>,quarantined,3
observations,<not_applicable>,pk_adme,T1/2,h,<,pk_adme,SRC-AF728821208AC735AEE2E0D1,<missing>,unknown,experimental_summary,<not_applicable>,included,663
observations,<not_applicable>,pk_adme,T1/2,h,<=,binding,SRC-AF728821208AC735AEE2E0D1,<missing>,unknown,experimental_summary,<not_applicable>,quarantined,6
observations,<not_applicable>,pk_adme,T1/2,h,<=,other_bioactivity,SRC-AF728821208AC735AEE2E0D1,<missing>,unknown,experimental_summary,<not_applicable>,included,27
observations,<not_applicable>,pk_adme,T1/2,h,<=,other_bioactivity,SRC-AF728821208AC735AEE2E0D1,<missing>,unknown,experimental_summary,<not_applicable>,quarantined,19
observations,<not_applicable>,pk_adme,T1/2,h,<=,pk_adme,SRC-AF728821208AC735AEE2E0D1,<missing>,unknown,experimental_summary,<not_applicable>,included,33
observations,<not_applicable>,pk_adme,T1/2,h,=,binding,SRC-AF728821208AC735AEE2E0D1,<missing>,unknown,experimental_summary,<not_applicable>,included,220
observations,<not_applicable>,pk_adme,T1/2,h,=,binding,SRC-AF728821208AC735AEE2E0D1,<missing>,unknown,experimental_summary,<not_applicable>,quarantined,732
observations,<not_applicable>,pk_adme,T1/2,h,=,binding,SRC-AF728821208AC735AEE2E0D1,<missing>,unknown,experimental_summary,<not_applicable>,review,15
observations,<not_applicable>,pk_adme,T1/2,h,=,binding,SRC-AF728821208AC735AEE2E0D1,preclinical_in_vitro,unknown,experimental_summary,<not_applicable>,included,49
observations,<not_applicable>,pk_adme,T1/2,h,=,binding,SRC-AF728821208AC735AEE2E0D1,preclinical_in_vitro,unknown,experimental_summary,<not_applicable>,quarantined,243
observations,<not_applicable>,pk_adme,T1/2,h,=,binding,SRC-AF728821208AC735AEE2E0D1,preclinical_in_vitro,unknown,experimental_summary,<not_applicable>,review,1
observations,<not_applicable>,pk_adme,T1/2,h,=,other_bioactivity,SRC-AF728821208AC735AEE2E0D1,<missing>,unknown,experimental_summary,<not_applicable>,included,11451
observations,<not_applicable>,pk_adme,T1/2,h,=,other_bioactivity,SRC-AF728821208AC735AEE2E0D1,<missing>,unknown,experimental_summary,<not_applicable>,quarantined,43047
observations,<not_applicable>,pk_adme,T1/2,h,=,other_bioactivity,SRC-AF728821208AC735AEE2E0D1,<missing>,unknown,experimental_summary,<not_applicable>,review,31
observations,<not_applicable>,pk_adme,T1/2,h,=,other_bioactivity,SRC-AF728821208AC735AEE2E0D1,preclinical_ex_vivo,unknown,experimental_summary,<not_applicable>,included,9
observations,<not_applicable>,pk_adme,T1/2,h,=,other_bioactivity,SRC-AF728821208AC735AEE2E0D1,preclinical_ex_vivo,unknown,experimental_summary,<not_applicable>,quarantined,3
observations,<not_applicable>,pk_adme,T1/2,h,=,other_bioactivity,SRC-AF728821208AC735AEE2E0D1,preclinical_in_vitro,unknown,experimental_summary,<not_applicable>,included,14
observations,<not_applicable>,pk_adme,T1/2,h,=,other_bioactivity,SRC-AF728821208AC735AEE2E0D1,preclinical_in_vitro,unknown,experimental_summary,<not_applicable>,quarantined,100
observations,<not_applicable>,pk_adme,T1/2,h,=,other_bioactivity,SRC-AF728821208AC735AEE2E0D1,preclinical_in_vivo,unknown,experimental_summary,<not_applicable>,included,40
observations,<not_applicable>,pk_adme,T1/2,h,=,other_bioactivity,SRC-AF728821208AC735AEE2E0D1,preclinical_in_vivo,unknown,experimental_summary,<not_applicable>,quarantined,112
observations,<not_applicable>,pk_adme,T1/2,h,=,pk_adme,SRC-AF728821208AC735AEE2E0D1,<missing>,unknown,experimental_summary,<not_applicable>,included,22979
observations,<not_applicable>,pk_adme,T1/2,h,=,pk_adme,SRC-AF728821208AC735AEE2E0D1,<missing>,unknown,experimental_summary,<not_applicable>,quarantined,396
observations,<not_applicable>,pk_adme,T1/2,h,=,pk_adme,SRC-AF728821208AC735AEE2E0D1,<missing>,unknown,experimental_summary,<not_applicable>,review,9
observations,<not_applicable>,pk_adme,T1/2,h,=,pk_adme,SRC-AF728821208AC735AEE2E0D1,preclinical_in_vitro,unknown,experimental_summary,<not_applicable>,included,4
observations,<not_applicable>,pk_adme,T1/2,h,=,pk_adme,SRC-AF728821208AC735AEE2E0D1,preclinical_in_vivo,unknown,experimental_summary,<not_applicable>,quarantined,10
observations,<not_applicable>,pk_adme,T1/2,h,>,binding,SRC-AF728821208AC735AEE2E0D1,<missing>,unknown,experimental_summary,<not_applicable>,included,8
observations,<not_applicable>,pk_adme,T1/2,h,>,binding,SRC-AF728821208AC735AEE2E0D1,<missing>,unknown,experimental_summary,<not_applicable>,quarantined,66
observations,<not_applicable>,pk_adme,T1/2,h,>,binding,SRC-AF728821208AC735AEE2E0D1,preclinical_in_vitro,unknown,experimental_summary,<not_applicable>,included,25
observations,<not_applicable>,pk_adme,T1/2,h,>,binding,SRC-AF728821208AC735AEE2E0D1,preclinical_in_vitro,unknown,experimental_summary,<not_applicable>,quarantined,61
observations,<not_applicable>,pk_adme,T1/2,h,>,other_bioactivity,SRC-AF728821208AC735AEE2E0D1,<missing>,unknown,experimental_summary,<not_applicable>,included,2686
observations,<not_applicable>,pk_adme,T1/2,h,>,other_bioactivity,SRC-AF728821208AC735AEE2E0D1,<missing>,unknown,experimental_summary,<not_applicable>,quarantined,2215
observations,<not_applicable>,pk_adme,T1/2,h,>,other_bioactivity,SRC-AF728821208AC735AEE2E0D1,preclinical_in_vitro,unknown,experimental_summary,<not_applicable>,quarantined,30
observations,<not_applicable>,pk_adme,T1/2,h,>,other_bioactivity,SRC-AF728821208AC735AEE2E0D1,preclinical_in_vivo,unknown,experimental_summary,<not_applicable>,included,1
observations,<not_applicable>,pk_adme,T1/2,h,>,other_bioactivity,SRC-AF728821208AC735AEE2E0D1,preclinical_in_vivo,unknown,experimental_summary,<not_applicable>,quarantined,1
observations,<not_applicable>,pk_adme,T1/2,h,>,pk_adme,SRC-AF728821208AC735AEE2E0D1,<missing>,unknown,experimental_summary,<not_applicable>,included,6923
observations,<not_applicable>,pk_adme,T1/2,h,>,pk_adme,SRC-AF728821208AC735AEE2E0D1,<missing>,unknown,experimental_summary,<not_applicable>,quarantined,9
observations,<not_applicable>,pk_adme,T1/2,h,>=,binding,SRC-AF728821208AC735AEE2E0D1,<missing>,unknown,experimental_summary,<not_applicable>,quarantined,15
observations,<not_applicable>,pk_adme,T1/2,h,>=,other_bioactivity,SRC-AF728821208AC735AEE2E0D1,<missing>,unknown,experimental_summary,<not_applicable>,included,71
observations,<not_applicable>,pk_adme,T1/2,h,>=,other_bioactivity,SRC-AF728821208AC735AEE2E0D1,<missing>,unknown,experimental_summary,<not_applicable>,quarantined,67
observations,<not_applicable>,pk_adme,T1/2,h,>=,pk_adme,SRC-AF728821208AC735AEE2E0D1,<missing>,unknown,experimental_summary,<not_applicable>,included,48
observations,<not_applicable>,pk_adme,T1/2,h,>=,pk_adme,SRC-AF728821208AC735AEE2E0D1,<missing>,unknown,experimental_summary,<not_applicable>,quarantined,4
observations,<not_applicable>,pk_adme,T1/2,h,interval,binding,SRC-AF728821208AC735AEE2E0D1,<missing>,unknown,experimental_summary,<not_applicable>,quarantined,9
observations,<not_applicable>,pk_adme,T1/2,h,interval,binding,SRC-AF728821208AC735AEE2E0D1,preclinical_in_vitro,unknown,experimental_summary,<not_applicable>,quarantined,1
observations,<not_applicable>,pk_adme,T1/2,h,interval,other_bioactivity,SRC-AF728821208AC735AEE2E0D1,<missing>,unknown,experimental_summary,<not_applicable>,included,37
observations,<not_applicable>,pk_adme,T1/2,h,interval,other_bioactivity,SRC-AF728821208AC735AEE2E0D1,<missing>,unknown,experimental_summary,<not_applicable>,quarantined,294
observations,<not_applicable>,pk_adme,T1/2,h,interval,pk_adme,SRC-AF728821208AC735AEE2E0D1,<missing>,unknown,experimental_summary,<not_applicable>,included,292
observations,<not_applicable>,pk_adme,T1/2,h,interval,pk_adme,SRC-AF728821208AC735AEE2E0D1,<missing>,unknown,experimental_summary,<not_applicable>,quarantined,33
observations,<not_applicable>,pk_adme,T1/2,h,not_reported,other_bioactivity,SRC-AF728821208AC735AEE2E0D1,<missing>,unknown,experimental_summary,<not_applicable>,quarantined,518
observations,<not_applicable>,pk_adme,T1/2,h,not_reported,other_bioactivity,SRC-AF728821208AC735AEE2E0D1,preclinical_in_vivo,unknown,experimental_summary,<not_applicable>,quarantined,3
observations,<not_applicable>,pk_adme,T1/2,h,not_reported,pk_adme,SRC-AF728821208AC735AEE2E0D1,<missing>,unknown,experimental_summary,<not_applicable>,quarantined,38
observations,<not_applicable>,pk_adme,T1/2,h,~,binding,SRC-AF728821208AC735AEE2E0D1,<missing>,unknown,experimental_summary,<not_applicable>,quarantined,1
observations,<not_applicable>,pk_adme,T1/2,h,~,binding,SRC-AF728821208AC735AEE2E0D1,<missing>,unknown,experimental_summary,<not_applicable>,review,1
observations,<not_applicable>,pk_adme,T1/2,h,~,binding,SRC-AF728821208AC735AEE2E0D1,preclinical_in_vitro,unknown,experimental_summary,<not_applicable>,quarantined,1
observations,<not_applicable>,pk_adme,T1/2,h,~,binding,SRC-AF728821208AC735AEE2E0D1,preclinical_in_vitro,unknown,experimental_summary,<not_applicable>,review,2
observations,<not_applicable>,pk_adme,T1/2,h,~,other_bioactivity,SRC-AF728821208AC735AEE2E0D1,<missing>,unknown,experimental_summary,<not_applicable>,quarantined,77
observations,<not_applicable>,pk_adme,T1/2,h,~,other_bioactivity,SRC-AF728821208AC735AEE2E0D1,<missing>,unknown,experimental_summary,<not_applicable>,review,14
observations,<not_applicable>,pk_adme,T1/2,h,~,pk_adme,SRC-AF728821208AC735AEE2E0D1,<missing>,unknown,experimental_summary,<not_applicable>,review,2
observations,<not_applicable>,pk_adme,T1/2,lkg-1,=,other_bioactivity,SRC-AF728821208AC735AEE2E0D1,<missing>,unknown,experimental_summary,<not_applicable>,quarantined,2
observations,<not_applicable>,pk_adme,T1/2,mgkg-1,=,other_bioactivity,SRC-AF728821208AC735AEE2E0D1,<missing>,unknown,experimental_summary,<not_applicable>,quarantined,1
observations,<not_applicable>,pk_adme,T1/2,microsec,=,other_bioactivity,SRC-AF728821208AC735AEE2E0D1,<missing>,unknown,experimental_summary,<not_applicable>,quarantined,1
observations,<not_applicable>,pk_adme,T1/2,min-1,=,other_bioactivity,SRC-AF728821208AC735AEE2E0D1,<missing>,unknown,experimental_summary,<not_applicable>,quarantined,3
observations,<not_applicable>,pk_adme,T1/2,ml/min.kg,=,other_bioactivity,SRC-AF728821208AC735AEE2E0D1,<missing>,unknown,experimental_summary,<not_applicable>,quarantined,5
observations,<not_applicable>,pk_adme,T1/2,nanoseconds,=,other_bioactivity,SRC-AF728821208AC735AEE2E0D1,<missing>,unknown,experimental_summary,<not_applicable>,quarantined,2
observations,<not_applicable>,pk_adme,T1/2,uM,=,other_bioactivity,SRC-AF728821208AC735AEE2E0D1,<missing>,unknown,experimental_summary,<not_applicable>,quarantined,3
observations,<not_applicable>,pk_adme,T1/2,ug.hr/ml,=,other_bioactivity,SRC-AF728821208AC735AEE2E0D1,<missing>,unknown,experimental_summary,<not_applicable>,quarantined,1
observations,<not_applicable>,pk_adme,T1/2,ugml-1,=,other_bioactivity,SRC-AF728821208AC735AEE2E0D1,<missing>,unknown,experimental_summary,<not_applicable>,quarantined,2
observations,<not_applicable>,pk_adme,T1/29,min,<,pk_adme,SRC-AF728821208AC735AEE2E0D1,<missing>,unknown,experimental_summary,<not_applicable>,quarantined,3
observations,<not_applicable>,pk_adme,T1/29,min,=,pk_adme,SRC-AF728821208AC735AEE2E0D1,<missing>,unknown,experimental_summary,<not_applicable>,quarantined,7
observations,<not_applicable>,pk_adme,T1/29,min,>,pk_adme,SRC-AF728821208AC735AEE2E0D1,<missing>,unknown,experimental_summary,<not_applicable>,quarantined,1
observations,<not_applicable>,pk_adme,T50,min,<,pk_adme,SRC-AF728821208AC735AEE2E0D1,<missing>,unknown,experimental_summary,<not_applicable>,quarantined,4
observations,<not_applicable>,pk_adme,T50,min,=,pk_adme,SRC-AF728821208AC735AEE2E0D1,<missing>,unknown,experimental_summary,<not_applicable>,quarantined,8
observations,<not_applicable>,pk_adme,TC50,10'3nm,=,pk_adme,SRC-AF728821208AC735AEE2E0D1,<missing>,unknown,experimental_summary,<not_applicable>,quarantined,3
observations,<not_applicable>,pk_adme,TC50,10'4nm,=,pk_adme,SRC-AF728821208AC735AEE2E0D1,<missing>,unknown,experimental_summary,<not_applicable>,quarantined,8
observations,<not_applicable>,pk_adme,TC50,10'4nm,>,pk_adme,SRC-AF728821208AC735AEE2E0D1,<missing>,unknown,experimental_summary,<not_applicable>,quarantined,2
observations,<not_applicable>,pk_adme,TC50,10'5nm,>,pk_adme,SRC-AF728821208AC735AEE2E0D1,<missing>,unknown,experimental_summary,<not_applicable>,quarantined,6
observations,<not_applicable>,pk_adme,TC50,uM,<,pk_adme,SRC-AF728821208AC735AEE2E0D1,<missing>,unknown,experimental_summary,<not_applicable>,quarantined,1
observations,<not_applicable>,pk_adme,TC50,uM,=,pk_adme,SRC-AF728821208AC735AEE2E0D1,<missing>,unknown,experimental_summary,<not_applicable>,quarantined,18
observations,<not_applicable>,pk_adme,TC50,uM,>,pk_adme,SRC-AF728821208AC735AEE2E0D1,<missing>,unknown,experimental_summary,<not_applicable>,quarantined,1
observations,<not_applicable>,pk_adme,TDI,%,<,pk_adme,SRC-AF728821208AC735AEE2E0D1,<missing>,unknown,experimental_summary,<not_applicable>,quarantined,30
observations,<not_applicable>,pk_adme,TDI,%,<=,pk_adme,SRC-AF728821208AC735AEE2E0D1,<missing>,unknown,experimental_summary,<not_applicable>,quarantined,1
observations,<not_applicable>,pk_adme,TDI,%,=,pk_adme,SRC-AF728821208AC735AEE2E0D1,<missing>,unknown,experimental_summary,<not_applicable>,quarantined,193
observations,<not_applicable>,pk_adme,TDI,10'-4/min,=,pk_adme,SRC-AF728821208AC735AEE2E0D1,<missing>,unknown,experimental_summary,<not_applicable>,quarantined,9
observations,<not_applicable>,pk_adme,TDI,<missing>,not_reported,pk_adme,SRC-AF728821208AC735AEE2E0D1,<missing>,unknown,experimental_summary,<not_applicable>,quarantined,485
observations,<not_applicable>,pk_adme,TDI,<missing>,not_reported,pk_adme,SRC-AF728821208AC735AEE2E0D1,preclinical_in_vitro,unknown,experimental_summary,<not_applicable>,quarantined,6
observations,<not_applicable>,pk_adme,TDI,uM,>,pk_adme,SRC-AF728821208AC735AEE2E0D1,<missing>,unknown,experimental_summary,<not_applicable>,quarantined,12
observations,<not_applicable>,pk_adme,TI,<missing>,=,pk_adme,SRC-AF728821208AC735AEE2E0D1,<missing>,unknown,experimental_summary,<not_applicable>,quarantined,2
observations,<not_applicable>,pk_adme,TI,<missing>,not_reported,pk_adme,SRC-AF728821208AC735AEE2E0D1,<missing>,unknown,experimental_summary,<not_applicable>,quarantined,2
observations,<not_applicable>,pk_adme,TIME,h,<,pk_adme,SRC-AF728821208AC735AEE2E0D1,<missing>,unknown,experimental_summary,<not_applicable>,quarantined,2
observations,<not_applicable>,pk_adme,TIME,h,=,pk_adme,SRC-AF728821208AC735AEE2E0D1,<missing>,unknown,experimental_summary,<not_applicable>,quarantined,30
observations,<not_applicable>,pk_adme,TIME,h,interval,pk_adme,SRC-AF728821208AC735AEE2E0D1,<missing>,unknown,experimental_summary,<not_applicable>,quarantined,1
observations,<not_applicable>,pk_adme,Tlag,min,=,pk_adme,SRC-AF728821208AC735AEE2E0D1,<missing>,unknown,experimental_summary,<not_applicable>,quarantined,11
observations,<not_applicable>,pk_adme,Tmax,%,=,other_bioactivity,SRC-AF728821208AC735AEE2E0D1,<missing>,unknown,experimental_summary,<not_applicable>,quarantined,3
observations,<not_applicable>,pk_adme,Tmax,<missing>,=,pk_adme,SRC-AF728821208AC735AEE2E0D1,<missing>,unknown,experimental_summary,<not_applicable>,review,6
observations,<not_applicable>,pk_adme,Tmax,<missing>,not_reported,binding,SRC-AF728821208AC735AEE2E0D1,<missing>,unknown,experimental_summary,<not_applicable>,quarantined,1
observations,<not_applicable>,pk_adme,Tmax,<missing>,not_reported,other_bioactivity,SRC-AF728821208AC735AEE2E0D1,<missing>,unknown,experimental_summary,<not_applicable>,quarantined,92
observations,<not_applicable>,pk_adme,Tmax,h,<,other_bioactivity,SRC-AF728821208AC735AEE2E0D1,<missing>,unknown,experimental_summary,<not_applicable>,quarantined,13
observations,<not_applicable>,pk_adme,Tmax,h,<=,other_bioactivity,SRC-AF728821208AC735AEE2E0D1,<missing>,unknown,experimental_summary,<not_applicable>,included,2
observations,<not_applicable>,pk_adme,Tmax,h,<=,other_bioactivity,SRC-AF728821208AC735AEE2E0D1,<missing>,unknown,experimental_summary,<not_applicable>,quarantined,19
observations,<not_applicable>,pk_adme,Tmax,h,=,binding,SRC-AF728821208AC735AEE2E0D1,<missing>,unknown,experimental_summary,<not_applicable>,included,16
observations,<not_applicable>,pk_adme,Tmax,h,=,binding,SRC-AF728821208AC735AEE2E0D1,<missing>,unknown,experimental_summary,<not_applicable>,quarantined,5
observations,<not_applicable>,pk_adme,Tmax,h,=,other_bioactivity,SRC-AF728821208AC735AEE2E0D1,<missing>,unknown,experimental_summary,<not_applicable>,included,2756
observations,<not_applicable>,pk_adme,Tmax,h,=,other_bioactivity,SRC-AF728821208AC735AEE2E0D1,<missing>,unknown,experimental_summary,<not_applicable>,quarantined,11735
observations,<not_applicable>,pk_adme,Tmax,h,=,other_bioactivity,SRC-AF728821208AC735AEE2E0D1,<missing>,unknown,experimental_summary,<not_applicable>,review,13
observations,<not_applicable>,pk_adme,Tmax,h,=,other_bioactivity,SRC-AF728821208AC735AEE2E0D1,preclinical_in_vivo,unknown,experimental_summary,<not_applicable>,included,9
observations,<not_applicable>,pk_adme,Tmax,h,=,other_bioactivity,SRC-AF728821208AC735AEE2E0D1,preclinical_in_vivo,unknown,experimental_summary,<not_applicable>,quarantined,14
observations,<not_applicable>,pk_adme,Tmax,h,=,pk_adme,SRC-AF728821208AC735AEE2E0D1,<missing>,unknown,experimental_summary,<not_applicable>,included,15
observations,<not_applicable>,pk_adme,Tmax,h,=,pk_adme,SRC-AF728821208AC735AEE2E0D1,<missing>,unknown,experimental_summary,<not_applicable>,quarantined,267
observations,<not_applicable>,pk_adme,Tmax,h,=,pk_adme,SRC-AF728821208AC735AEE2E0D1,preclinical_in_vivo,unknown,experimental_summary,<not_applicable>,quarantined,1
observations,<not_applicable>,pk_adme,Tmax,h,>,other_bioactivity,SRC-AF728821208AC735AEE2E0D1,<missing>,unknown,experimental_summary,<not_applicable>,quarantined,4
observations,<not_applicable>,pk_adme,Tmax,h,>,pk_adme,SRC-AF728821208AC735AEE2E0D1,<missing>,unknown,experimental_summary,<not_applicable>,included,1
observations,<not_applicable>,pk_adme,Tmax,h,>=,other_bioactivity,SRC-AF728821208AC735AEE2E0D1,<missing>,unknown,experimental_summary,<not_applicable>,quarantined,2
observations,<not_applicable>,pk_adme,Tmax,h,interval,other_bioactivity,SRC-AF728821208AC735AEE2E0D1,<missing>,unknown,experimental_summary,<not_applicable>,included,10
observations,<not_applicable>,pk_adme,Tmax,h,interval,other_bioactivity,SRC-AF728821208AC735AEE2E0D1,<missing>,unknown,experimental_summary,<not_applicable>,quarantined,89
observations,<not_applicable>,pk_adme,Tmax,h,interval,pk_adme,SRC-AF728821208AC735AEE2E0D1,<missing>,unknown,experimental_summary,<not_applicable>,quarantined,31
observations,<not_applicable>,pk_adme,Tmax,h,not_reported,other_bioactivity,SRC-AF728821208AC735AEE2E0D1,<missing>,unknown,experimental_summary,<not_applicable>,quarantined,13
observations,<not_applicable>,pk_adme,Tmax,h,not_reported,pk_adme,SRC-AF728821208AC735AEE2E0D1,<missing>,unknown,experimental_summary,<not_applicable>,quarantined,1
observations,<not_applicable>,pk_adme,Tmax,h,~,other_bioactivity,SRC-AF728821208AC735AEE2E0D1,<missing>,unknown,experimental_summary,<not_applicable>,quarantined,3
observations,<not_applicable>,pk_adme,Tmax,h,~,other_bioactivity,SRC-AF728821208AC735AEE2E0D1,<missing>,unknown,experimental_summary,<not_applicable>,review,2
observations,<not_applicable>,pk_adme,Tmax,mg/l,=,other_bioactivity,SRC-AF728821208AC735AEE2E0D1,<missing>,unknown,experimental_summary,<not_applicable>,quarantined,3
observations,<not_applicable>,pk_adme,Tmax,ng.hr/ml,=,other_bioactivity,SRC-AF728821208AC735AEE2E0D1,<missing>,unknown,experimental_summary,<not_applicable>,quarantined,2
observations,<not_applicable>,pk_adme,Tmax,ng/mL,=,other_bioactivity,SRC-AF728821208AC735AEE2E0D1,<missing>,unknown,experimental_summary,<not_applicable>,quarantined,1
observations,<not_applicable>,pk_adme,Tmax,uM,=,other_bioactivity,SRC-AF728821208AC735AEE2E0D1,<missing>,unknown,experimental_summary,<not_applicable>,quarantined,11
observations,<not_applicable>,pk_adme,Tmax,ug.hr/ml,=,other_bioactivity,SRC-AF728821208AC735AEE2E0D1,<missing>,unknown,experimental_summary,<not_applicable>,quarantined,2
observations,<not_applicable>,pk_adme,Turnover,%,=,pk_adme,SRC-AF728821208AC735AEE2E0D1,<missing>,unknown,experimental_summary,<not_applicable>,quarantined,4
observations,<not_applicable>,pk_adme,Unchanged,%,=,pk_adme,SRC-AF728821208AC735AEE2E0D1,<missing>,unknown,experimental_summary,<not_applicable>,quarantined,1
observations,<not_applicable>,pk_adme,Unchanged,%,>,pk_adme,SRC-AF728821208AC735AEE2E0D1,<missing>,unknown,experimental_summary,<not_applicable>,quarantined,2
observations,<not_applicable>,pk_adme,V0,pmol/min,=,pk_adme,SRC-AF728821208AC735AEE2E0D1,<missing>,unknown,experimental_summary,<not_applicable>,quarantined,10
observations,<not_applicable>,pk_adme,Vc/F,l,=,pk_adme,SRC-AF728821208AC735AEE2E0D1,<missing>,unknown,experimental_summary,<not_applicable>,quarantined,18
observations,<not_applicable>,pk_adme,Vc/F,l/hr,=,pk_adme,SRC-AF728821208AC735AEE2E0D1,<missing>,unknown,experimental_summary,<not_applicable>,quarantined,1
observations,<not_applicable>,pk_adme,Vc/F,l/hr/kg,=,pk_adme,SRC-AF728821208AC735AEE2E0D1,<missing>,unknown,experimental_summary,<not_applicable>,quarantined,2
observations,<not_applicable>,pk_adme,Vd,%,=,other_bioactivity,SRC-AF728821208AC735AEE2E0D1,<missing>,unknown,experimental_summary,<not_applicable>,quarantined,6
observations,<not_applicable>,pk_adme,Vd,(mg/kg)/(ug/ml),=,other_bioactivity,SRC-AF728821208AC735AEE2E0D1,<missing>,unknown,experimental_summary,<not_applicable>,quarantined,1
observations,<not_applicable>,pk_adme,Vd,<missing>,not_reported,other_bioactivity,SRC-AF728821208AC735AEE2E0D1,<missing>,unknown,experimental_summary,<not_applicable>,quarantined,27
observations,<not_applicable>,pk_adme,Vd,L/kg,<,other_bioactivity,SRC-AF728821208AC735AEE2E0D1,<missing>,unknown,experimental_summary,<not_applicable>,quarantined,3
observations,<not_applicable>,pk_adme,Vd,L/kg,=,other_bioactivity,SRC-AF728821208AC735AEE2E0D1,<missing>,unknown,experimental_summary,<not_applicable>,included,256
observations,<not_applicable>,pk_adme,Vd,L/kg,=,other_bioactivity,SRC-AF728821208AC735AEE2E0D1,<missing>,unknown,experimental_summary,<not_applicable>,quarantined,4635
observations,<not_applicable>,pk_adme,Vd,L/kg,=,other_bioactivity,SRC-AF728821208AC735AEE2E0D1,<missing>,unknown,experimental_summary,<not_applicable>,review,12
observations,<not_applicable>,pk_adme,Vd,L/kg,=,other_bioactivity,SRC-AF728821208AC735AEE2E0D1,preclinical_in_vivo,unknown,experimental_summary,<not_applicable>,quarantined,13
observations,<not_applicable>,pk_adme,Vd,L/kg,=,pk_adme,SRC-AF728821208AC735AEE2E0D1,<missing>,unknown,experimental_summary,<not_applicable>,quarantined,61
observations,<not_applicable>,pk_adme,Vd,L/kg,>,other_bioactivity,SRC-AF728821208AC735AEE2E0D1,<missing>,unknown,experimental_summary,<not_applicable>,quarantined,2
observations,<not_applicable>,pk_adme,Vd,L/kg,>,pk_adme,SRC-AF728821208AC735AEE2E0D1,<missing>,unknown,experimental_summary,<not_applicable>,quarantined,1
observations,<not_applicable>,pk_adme,Vd,L/kg,interval,other_bioactivity,SRC-AF728821208AC735AEE2E0D1,<missing>,unknown,experimental_summary,<not_applicable>,included,1
observations,<not_applicable>,pk_adme,Vd,L/kg,interval,other_bioactivity,SRC-AF728821208AC735AEE2E0D1,<missing>,unknown,experimental_summary,<not_applicable>,quarantined,16
observations,<not_applicable>,pk_adme,Vd,L/kg,interval,pk_adme,SRC-AF728821208AC735AEE2E0D1,<missing>,unknown,experimental_summary,<not_applicable>,quarantined,4
observations,<not_applicable>,pk_adme,Vd,L/kg,not_reported,other_bioactivity,SRC-AF728821208AC735AEE2E0D1,<missing>,unknown,experimental_summary,<not_applicable>,quarantined,33
observations,<not_applicable>,pk_adme,Vd,L/kg,not_reported,other_bioactivity,SRC-AF728821208AC735AEE2E0D1,preclinical_in_vivo,unknown,experimental_summary,<not_applicable>,quarantined,1
observations,<not_applicable>,pk_adme,Vd,kg,=,other_bioactivity,SRC-AF728821208AC735AEE2E0D1,<missing>,unknown,experimental_summary,<not_applicable>,quarantined,2
observations,<not_applicable>,pk_adme,Vd,kg-1,=,other_bioactivity,SRC-AF728821208AC735AEE2E0D1,<missing>,unknown,experimental_summary,<not_applicable>,quarantined,9
observations,<not_applicable>,pk_adme,Vd,l,=,other_bioactivity,SRC-AF728821208AC735AEE2E0D1,<missing>,unknown,experimental_summary,<not_applicable>,quarantined,130
observations,<not_applicable>,pk_adme,Vd,l,=,other_bioactivity,SRC-AF728821208AC735AEE2E0D1,<missing>,unknown,experimental_summary,<not_applicable>,review,31
observations,<not_applicable>,pk_adme,Vd,l,=,pk_adme,SRC-AF728821208AC735AEE2E0D1,<missing>,unknown,experimental_summary,<not_applicable>,quarantined,17
observations,<not_applicable>,pk_adme,Vd,l,=,pk_adme,SRC-AF728821208AC735AEE2E0D1,preclinical_in_vitro,unknown,experimental_summary,<not_applicable>,review,1
observations,<not_applicable>,pk_adme,Vd,l,interval,other_bioactivity,SRC-AF728821208AC735AEE2E0D1,<missing>,unknown,experimental_summary,<not_applicable>,quarantined,3
observations,<not_applicable>,pk_adme,Vd,l/1.73m2,=,pk_adme,SRC-AF728821208AC735AEE2E0D1,<missing>,unknown,experimental_summary,<not_applicable>,quarantined,2
observations,<not_applicable>,pk_adme,Vd,l/hr,=,other_bioactivity,SRC-AF728821208AC735AEE2E0D1,<missing>,unknown,experimental_summary,<not_applicable>,quarantined,2
observations,<not_applicable>,pk_adme,Vd,ml,=,other_bioactivity,SRC-AF728821208AC735AEE2E0D1,<missing>,unknown,experimental_summary,<not_applicable>,quarantined,38
observations,<not_applicable>,pk_adme,Vd,ml,=,pk_adme,SRC-AF728821208AC735AEE2E0D1,<missing>,unknown,experimental_summary,<not_applicable>,quarantined,1
observations,<not_applicable>,pk_adme,Vd,ml/cm3,=,other_bioactivity,SRC-AF728821208AC735AEE2E0D1,<missing>,unknown,experimental_summary,<not_applicable>,quarantined,31
observations,<not_applicable>,pk_adme,Vd,ml/hr.kg,=,other_bioactivity,SRC-AF728821208AC735AEE2E0D1,<missing>,unknown,experimental_summary,<not_applicable>,quarantined,3
observations,<not_applicable>,pk_adme,Vd,ml/mg,=,other_bioactivity,SRC-AF728821208AC735AEE2E0D1,<missing>,unknown,experimental_summary,<not_applicable>,quarantined,1
observations,<not_applicable>,pk_adme,Vd,ml/min.kg,=,other_bioactivity,SRC-AF728821208AC735AEE2E0D1,<missing>,unknown,experimental_summary,<not_applicable>,quarantined,8
observations,<not_applicable>,pk_adme,Vd/F,L/kg,=,pk_adme,SRC-AF728821208AC735AEE2E0D1,<missing>,unknown,experimental_summary,<not_applicable>,quarantined,44
observations,<not_applicable>,pk_adme,Vdss,%,=,other_bioactivity,SRC-AF728821208AC735AEE2E0D1,<missing>,unknown,experimental_summary,<not_applicable>,quarantined,2
observations,<not_applicable>,pk_adme,Vdss,10^-4(mg/kg)/(ng/ml),=,other_bioactivity,SRC-AF728821208AC735AEE2E0D1,<missing>,unknown,experimental_summary,<not_applicable>,quarantined,1
observations,<not_applicable>,pk_adme,Vdss,<missing>,=,other_bioactivity,SRC-AF728821208AC735AEE2E0D1,<missing>,unknown,experimental_summary,<not_applicable>,quarantined,1
observations,<not_applicable>,pk_adme,Vdss,<missing>,=,pk_adme,SRC-AF728821208AC735AEE2E0D1,<missing>,unknown,experimental_summary,<not_applicable>,quarantined,2
observations,<not_applicable>,pk_adme,Vdss,<missing>,>,pk_adme,SRC-AF728821208AC735AEE2E0D1,<missing>,unknown,experimental_summary,<not_applicable>,quarantined,1
observations,<not_applicable>,pk_adme,Vdss,<missing>,not_reported,other_bioactivity,SRC-AF728821208AC735AEE2E0D1,<missing>,unknown,experimental_summary,<not_applicable>,quarantined,162
observations,<not_applicable>,pk_adme,Vdss,L/kg,<,other_bioactivity,SRC-AF728821208AC735AEE2E0D1,<missing>,unknown,experimental_summary,<not_applicable>,quarantined,10
observations,<not_applicable>,pk_adme,Vdss,L/kg,=,binding,SRC-AF728821208AC735AEE2E0D1,<missing>,unknown,experimental_summary,<not_applicable>,quarantined,1
observations,<not_applicable>,pk_adme,Vdss,L/kg,=,other_bioactivity,SRC-AF728821208AC735AEE2E0D1,<missing>,unknown,experimental_summary,<not_applicable>,included,458
observations,<not_applicable>,pk_adme,Vdss,L/kg,=,other_bioactivity,SRC-AF728821208AC735AEE2E0D1,<missing>,unknown,experimental_summary,<not_applicable>,quarantined,15547
observations,<not_applicable>,pk_adme,Vdss,L/kg,=,other_bioactivity,SRC-AF728821208AC735AEE2E0D1,<missing>,unknown,experimental_summary,<not_applicable>,review,1
observations,<not_applicable>,pk_adme,Vdss,L/kg,=,other_bioactivity,SRC-AF728821208AC735AEE2E0D1,preclinical_in_vivo,unknown,experimental_summary,<not_applicable>,quarantined,3
observations,<not_applicable>,pk_adme,Vdss,L/kg,=,pk_adme,SRC-AF728821208AC735AEE2E0D1,<missing>,unknown,experimental_summary,<not_applicable>,included,2
observations,<not_applicable>,pk_adme,Vdss,L/kg,=,pk_adme,SRC-AF728821208AC735AEE2E0D1,<missing>,unknown,experimental_summary,<not_applicable>,quarantined,50
observations,<not_applicable>,pk_adme,Vdss,L/kg,=,pk_adme,SRC-AF728821208AC735AEE2E0D1,preclinical_in_vivo,unknown,experimental_summary,<not_applicable>,quarantined,3
observations,<not_applicable>,pk_adme,Vdss,L/kg,>,other_bioactivity,SRC-AF728821208AC735AEE2E0D1,<missing>,unknown,experimental_summary,<not_applicable>,quarantined,6
observations,<not_applicable>,pk_adme,Vdss,L/kg,>,pk_adme,SRC-AF728821208AC735AEE2E0D1,<missing>,unknown,experimental_summary,<not_applicable>,quarantined,1
observations,<not_applicable>,pk_adme,Vdss,L/kg,interval,other_bioactivity,SRC-AF728821208AC735AEE2E0D1,<missing>,unknown,experimental_summary,<not_applicable>,included,1
observations,<not_applicable>,pk_adme,Vdss,L/kg,interval,other_bioactivity,SRC-AF728821208AC735AEE2E0D1,<missing>,unknown,experimental_summary,<not_applicable>,quarantined,12
observations,<not_applicable>,pk_adme,Vdss,L/kg,interval,pk_adme,SRC-AF728821208AC735AEE2E0D1,<missing>,unknown,experimental_summary,<not_applicable>,quarantined,3
observations,<not_applicable>,pk_adme,Vdss,L/kg,not_reported,other_bioactivity,SRC-AF728821208AC735AEE2E0D1,<missing>,unknown,experimental_summary,<not_applicable>,quarantined,23
observations,<not_applicable>,pk_adme,Vdss,L/kg,not_reported,other_bioactivity,SRC-AF728821208AC735AEE2E0D1,preclinical_in_vivo,unknown,experimental_summary,<not_applicable>,quarantined,1
observations,<not_applicable>,pk_adme,Vdss,L/kg,not_reported,pk_adme,SRC-AF728821208AC735AEE2E0D1,<missing>,unknown,experimental_summary,<not_applicable>,quarantined,1
observations,<not_applicable>,pk_adme,Vdss,g/kg,=,other_bioactivity,SRC-AF728821208AC735AEE2E0D1,<missing>,unknown,experimental_summary,<not_applicable>,quarantined,3
observations,<not_applicable>,pk_adme,Vdss,h,=,other_bioactivity,SRC-AF728821208AC735AEE2E0D1,<missing>,unknown,experimental_summary,<not_applicable>,quarantined,2
observations,<not_applicable>,pk_adme,Vdss,kg/l,=,other_bioactivity,SRC-AF728821208AC735AEE2E0D1,<missing>,unknown,experimental_summary,<not_applicable>,quarantined,2
observations,<not_applicable>,pk_adme,Vdss,l,=,other_bioactivity,SRC-AF728821208AC735AEE2E0D1,<missing>,unknown,experimental_summary,<not_applicable>,quarantined,121
observations,<not_applicable>,pk_adme,Vdss,l,=,other_bioactivity,SRC-AF728821208AC735AEE2E0D1,<missing>,unknown,experimental_summary,<not_applicable>,review,18
observations,<not_applicable>,pk_adme,Vdss,l,=,pk_adme,SRC-AF728821208AC735AEE2E0D1,<missing>,unknown,experimental_summary,<not_applicable>,quarantined,10
observations,<not_applicable>,pk_adme,Vdss,l,>,other_bioactivity,SRC-AF728821208AC735AEE2E0D1,<missing>,unknown,experimental_summary,<not_applicable>,quarantined,1
observations,<not_applicable>,pk_adme,Vdss,l/hr,=,other_bioactivity,SRC-AF728821208AC735AEE2E0D1,<missing>,unknown,experimental_summary,<not_applicable>,quarantined,7
observations,<not_applicable>,pk_adme,Vdss,l/hr.kg,=,other_bioactivity,SRC-AF728821208AC735AEE2E0D1,<missing>,unknown,experimental_summary,<not_applicable>,quarantined,1
observations,<not_applicable>,pk_adme,Vdss,l/hr/kg,=,other_bioactivity,SRC-AF728821208AC735AEE2E0D1,<missing>,unknown,experimental_summary,<not_applicable>,quarantined,20
observations,<not_applicable>,pk_adme,Vdss,l/m2,=,other_bioactivity,SRC-AF728821208AC735AEE2E0D1,<missing>,unknown,experimental_summary,<not_applicable>,quarantined,4
observations,<not_applicable>,pk_adme,Vdss,mL/min/kg,=,other_bioactivity,SRC-AF728821208AC735AEE2E0D1,<missing>,unknown,experimental_summary,<not_applicable>,quarantined,124
observations,<not_applicable>,pk_adme,Vdss,mg/l,=,other_bioactivity,SRC-AF728821208AC735AEE2E0D1,<missing>,unknown,experimental_summary,<not_applicable>,quarantined,1
observations,<not_applicable>,pk_adme,Vdss,mg/ng/ml,=,other_bioactivity,SRC-AF728821208AC735AEE2E0D1,<missing>,unknown,experimental_summary,<not_applicable>,quarantined,3
observations,<not_applicable>,pk_adme,Vdss,ml,=,other_bioactivity,SRC-AF728821208AC735AEE2E0D1,<missing>,unknown,experimental_summary,<not_applicable>,quarantined,17
observations,<not_applicable>,pk_adme,Vdss,ml/hr.kg,=,other_bioactivity,SRC-AF728821208AC735AEE2E0D1,<missing>,unknown,experimental_summary,<not_applicable>,quarantined,3
observations,<not_applicable>,pk_adme,Vdss,ml/hr/kg,=,other_bioactivity,SRC-AF728821208AC735AEE2E0D1,<missing>,unknown,experimental_summary,<not_applicable>,quarantined,1
observations,<not_applicable>,pk_adme,Vdss,ml/mg,=,other_bioactivity,SRC-AF728821208AC735AEE2E0D1,<missing>,unknown,experimental_summary,<not_applicable>,quarantined,1
observations,<not_applicable>,pk_adme,Vdss,ml/min.kg,=,other_bioactivity,SRC-AF728821208AC735AEE2E0D1,<missing>,unknown,experimental_summary,<not_applicable>,quarantined,5
observations,<not_applicable>,pk_adme,Vdss,ng/mL,=,other_bioactivity,SRC-AF728821208AC735AEE2E0D1,<missing>,unknown,experimental_summary,<not_applicable>,quarantined,3
observations,<not_applicable>,pk_adme,Vdss,not_given,=,other_bioactivity,SRC-AF728821208AC735AEE2E0D1,<missing>,unknown,experimental_summary,<not_applicable>,quarantined,5
observations,<not_applicable>,pk_adme,Vdss/F,L/kg,=,pk_adme,SRC-AF728821208AC735AEE2E0D1,<missing>,unknown,experimental_summary,<not_applicable>,quarantined,6
observations,<not_applicable>,pk_adme,Viability,%,=,pk_adme,SRC-AF728821208AC735AEE2E0D1,preclinical_ex_vivo,unknown,experimental_summary,<not_applicable>,quarantined,4
observations,<not_applicable>,pk_adme,Vmax,<missing>,=,pk_adme,SRC-AF728821208AC735AEE2E0D1,<missing>,unknown,experimental_summary,<not_applicable>,quarantined,12
observations,<not_applicable>,pk_adme,Vmax,<missing>,not_reported,pk_adme,SRC-AF728821208AC735AEE2E0D1,<missing>,unknown,experimental_summary,<not_applicable>,quarantined,2
observations,<not_applicable>,pk_adme,Vmax,microm/s,=,pk_adme,SRC-AF728821208AC735AEE2E0D1,<missing>,unknown,experimental_summary,<not_applicable>,quarantined,23
observations,<not_applicable>,pk_adme,Vmax,nanomol/min,=,pk_adme,SRC-AF728821208AC735AEE2E0D1,<missing>,unknown,experimental_summary,<not_applicable>,quarantined,1
observations,<not_applicable>,pk_adme,Vmax,nm/mg*min,=,pk_adme,SRC-AF728821208AC735AEE2E0D1,<missing>,unknown,experimental_summary,<not_applicable>,quarantined,3
observations,<not_applicable>,pk_adme,Vmax,nm/min/mg,=,pk_adme,SRC-AF728821208AC735AEE2E0D1,<missing>,unknown,experimental_summary,<not_applicable>,quarantined,4
observations,<not_applicable>,pk_adme,Vmax,nmmin-1,=,pk_adme,SRC-AF728821208AC735AEE2E0D1,<missing>,unknown,experimental_summary,<not_applicable>,quarantined,6
observations,<not_applicable>,pk_adme,Vmax,nmmin-1(mgofprotein)-1,=,pk_adme,SRC-AF728821208AC735AEE2E0D1,<missing>,unknown,experimental_summary,<not_applicable>,quarantined,2
observations,<not_applicable>,pk_adme,Vmax,nmmin-1mg-1,=,pk_adme,SRC-AF728821208AC735AEE2E0D1,<missing>,unknown,experimental_summary,<not_applicable>,quarantined,5
observations,<not_applicable>,pk_adme,Vmax,nmol/mg/min,=,pk_adme,SRC-AF728821208AC735AEE2E0D1,<missing>,unknown,experimental_summary,<not_applicable>,quarantined,6
observations,<not_applicable>,pk_adme,Vmax,nmol/min,=,pk_adme,SRC-AF728821208AC735AEE2E0D1,<missing>,unknown,experimental_summary,<not_applicable>,quarantined,54
observations,<not_applicable>,pk_adme,Vmax,nmol/min,=,pk_adme,SRC-AF728821208AC735AEE2E0D1,preclinical_in_vitro,unknown,experimental_summary,<not_applicable>,quarantined,8
observations,<not_applicable>,pk_adme,Vmax,nmol/min/mg,=,pk_adme,SRC-AF728821208AC735AEE2E0D1,<missing>,unknown,experimental_summary,<not_applicable>,quarantined,88
observations,<not_applicable>,pk_adme,Vmax,pmhr-1mg-1,=,pk_adme,SRC-AF728821208AC735AEE2E0D1,<missing>,unknown,experimental_summary,<not_applicable>,quarantined,1
observations,<not_applicable>,pk_adme,Vmax,pmmin-1,=,pk_adme,SRC-AF728821208AC735AEE2E0D1,<missing>,unknown,experimental_summary,<not_applicable>,quarantined,5
observations,<not_applicable>,pk_adme,Vmax,pmmin-1mg-1,=,pk_adme,SRC-AF728821208AC735AEE2E0D1,<missing>,unknown,experimental_summary,<not_applicable>,quarantined,42
observations,<not_applicable>,pk_adme,Vmax,pmol.min.mg-1,=,pk_adme,SRC-AF728821208AC735AEE2E0D1,<missing>,unknown,experimental_summary,<not_applicable>,quarantined,10
observations,<not_applicable>,pk_adme,Vmax,pmol/hr,=,pk_adme,SRC-AF728821208AC735AEE2E0D1,<missing>,unknown,experimental_summary,<not_applicable>,quarantined,1
observations,<not_applicable>,pk_adme,Vmax,pmol/mg/min,=,pk_adme,SRC-AF728821208AC735AEE2E0D1,<missing>,unknown,experimental_summary,<not_applicable>,quarantined,1
observations,<not_applicable>,pk_adme,Vmax,pmol/min,=,pk_adme,SRC-AF728821208AC735AEE2E0D1,<missing>,unknown,experimental_summary,<not_applicable>,quarantined,78
observations,<not_applicable>,pk_adme,Vmax,pmol/min,=,pk_adme,SRC-AF728821208AC735AEE2E0D1,preclinical_in_vitro,unknown,experimental_summary,<not_applicable>,quarantined,3
observations,<not_applicable>,pk_adme,Vmax,pmol/min/10^6cells,=,pk_adme,SRC-AF728821208AC735AEE2E0D1,<missing>,unknown,experimental_summary,<not_applicable>,quarantined,4
observations,<not_applicable>,pk_adme,Vmax,pmol/min/cm2,=,pk_adme,SRC-AF728821208AC735AEE2E0D1,<missing>,unknown,experimental_summary,<not_applicable>,quarantined,1
observations,<not_applicable>,pk_adme,Vmax,pmol/min/mg,=,pk_adme,SRC-AF728821208AC735AEE2E0D1,<missing>,unknown,experimental_summary,<not_applicable>,quarantined,37
observations,<not_applicable>,pk_adme,Vmax,pmol/s,=,pk_adme,SRC-AF728821208AC735AEE2E0D1,<missing>,unknown,experimental_summary,<not_applicable>,quarantined,1
observations,<not_applicable>,pk_adme,Vmax(app),pmol/mg.min,=,pk_adme,SRC-AF728821208AC735AEE2E0D1,<missing>,unknown,experimental_summary,<not_applicable>,quarantined,4
observations,<not_applicable>,pk_adme,Vmax(app),pmol/min,=,pk_adme,SRC-AF728821208AC735AEE2E0D1,<missing>,unknown,experimental_summary,<not_applicable>,quarantined,2
observations,<not_applicable>,pk_adme,Vmax(app),pmol/min,>=,pk_adme,SRC-AF728821208AC735AEE2E0D1,<missing>,unknown,experimental_summary,<not_applicable>,quarantined,1
observations,<not_applicable>,pk_adme,Vmax(app),pmol/min.mg,=,pk_adme,SRC-AF728821208AC735AEE2E0D1,<missing>,unknown,experimental_summary,<not_applicable>,quarantined,8
observations,<not_applicable>,pk_adme,Vmax/Km,microl/min/mg,=,pk_adme,SRC-AF728821208AC735AEE2E0D1,<missing>,unknown,experimental_summary,<not_applicable>,quarantined,17
observations,<not_applicable>,pk_adme,Vmax/Km,ml/min,=,pk_adme,SRC-AF728821208AC735AEE2E0D1,<missing>,unknown,experimental_summary,<not_applicable>,quarantined,2
observations,<not_applicable>,pk_adme,Vmax/Km,ml/min/mg,=,pk_adme,SRC-AF728821208AC735AEE2E0D1,<missing>,unknown,experimental_summary,<not_applicable>,quarantined,5
observations,<not_applicable>,pk_adme,Vmax/Km,pl/min,=,pk_adme,SRC-AF728821208AC735AEE2E0D1,<missing>,unknown,experimental_summary,<not_applicable>,quarantined,12
observations,<not_applicable>,pk_adme,Vmax/Km,ul/mg/min,=,pk_adme,SRC-AF728821208AC735AEE2E0D1,<missing>,unknown,experimental_summary,<not_applicable>,quarantined,10
observations,<not_applicable>,pk_adme,Vmax/Km,ul/min,=,pk_adme,SRC-AF728821208AC735AEE2E0D1,<missing>,unknown,experimental_summary,<not_applicable>,quarantined,13
observations,<not_applicable>,pk_adme,Vmax/Km,ul/min.mg,=,pk_adme,SRC-AF728821208AC735AEE2E0D1,<missing>,unknown,experimental_summary,<not_applicable>,quarantined,2
observations,<not_applicable>,pk_adme,VmaxH,pmol/min,=,pk_adme,SRC-AF728821208AC735AEE2E0D1,<missing>,unknown,experimental_summary,<not_applicable>,quarantined,4
observations,<not_applicable>,pk_adme,VmaxH,pmol/min/g,=,pk_adme,SRC-AF728821208AC735AEE2E0D1,<missing>,unknown,experimental_summary,<not_applicable>,quarantined,4
observations,<not_applicable>,pk_adme,VmaxH,pmol/min/mg,=,pk_adme,SRC-AF728821208AC735AEE2E0D1,<missing>,unknown,experimental_summary,<not_applicable>,quarantined,2
observations,<not_applicable>,pk_adme,VmaxL,pmol/min,=,pk_adme,SRC-AF728821208AC735AEE2E0D1,<missing>,unknown,experimental_summary,<not_applicable>,quarantined,4
observations,<not_applicable>,pk_adme,VmaxL,pmol/min/g,=,pk_adme,SRC-AF728821208AC735AEE2E0D1,<missing>,unknown,experimental_summary,<not_applicable>,quarantined,4
observations,<not_applicable>,pk_adme,VmaxL,pmol/min/mg,=,pk_adme,SRC-AF728821208AC735AEE2E0D1,<missing>,unknown,experimental_summary,<not_applicable>,quarantined,2
observations,<not_applicable>,pk_adme,Vp/F,l,=,pk_adme,SRC-AF728821208AC735AEE2E0D1,<missing>,unknown,experimental_summary,<not_applicable>,quarantined,4
observations,<not_applicable>,pk_adme,Vss/F,l,=,pk_adme,SRC-AF728821208AC735AEE2E0D1,<missing>,unknown,experimental_summary,<not_applicable>,quarantined,8
observations,<not_applicable>,pk_adme,Weight,%,=,pk_adme,SRC-AF728821208AC735AEE2E0D1,<missing>,unknown,experimental_summary,<not_applicable>,quarantined,6
observations,<not_applicable>,pk_adme,[A],uM,=,pk_adme,SRC-AF728821208AC735AEE2E0D1,<missing>,unknown,experimental_summary,<not_applicable>,quarantined,11
observations,<not_applicable>,pk_adme,[EA],uM,=,pk_adme,SRC-AF728821208AC735AEE2E0D1,<missing>,unknown,experimental_summary,<not_applicable>,quarantined,11
observations,<not_applicable>,pk_adme,[GSH],nm(10e6*cells)-1,=,pk_adme,SRC-AF728821208AC735AEE2E0D1,<missing>,unknown,experimental_summary,<not_applicable>,quarantined,18
observations,<not_applicable>,pk_adme,deltaA,<missing>,=,pk_adme,SRC-AF728821208AC735AEE2E0D1,<missing>,unknown,experimental_summary,<not_applicable>,quarantined,14
observations,<not_applicable>,pk_adme,fEC50,<missing>,not_reported,pk_adme,SRC-AF728821208AC735AEE2E0D1,<missing>,unknown,experimental_summary,<not_applicable>,quarantined,3
observations,<not_applicable>,pk_adme,fEC50,nM,=,pk_adme,SRC-AF728821208AC735AEE2E0D1,<missing>,unknown,experimental_summary,<not_applicable>,quarantined,2
observations,<not_applicable>,pk_adme,k_off,s^-1,=,pk_adme,SRC-AF728821208AC735AEE2E0D1,<missing>,unknown,experimental_summary,<not_applicable>,quarantined,9
observations,<not_applicable>,pk_adme,k_off,s^-1,=,pk_adme,SRC-AF728821208AC735AEE2E0D1,<missing>,unknown,experimental_summary,<not_applicable>,review,4671
observations,<not_applicable>,pk_adme,k_off,s^-1,=,pk_adme,SRC-AF728821208AC735AEE2E0D1,preclinical_in_vitro,unknown,experimental_summary,<not_applicable>,quarantined,2
observations,<not_applicable>,pk_adme,k_off,s^-1,=,pk_adme,SRC-AF728821208AC735AEE2E0D1,preclinical_in_vitro,unknown,experimental_summary,<not_applicable>,review,8576
observations,<not_applicable>,pk_adme,k_off,s^-1,=,pk_adme,SRC-AF728821208AC735AEE2E0D1,preclinical_in_vivo,unknown,experimental_summary,<not_applicable>,review,126
observations,<not_applicable>,pk_adme,kin,hr-1,=,pk_adme,SRC-AF728821208AC735AEE2E0D1,<missing>,unknown,experimental_summary,<not_applicable>,quarantined,44
observations,<not_applicable>,pk_adme,kinact,min-1,=,pk_adme,SRC-AF728821208AC735AEE2E0D1,<missing>,unknown,experimental_summary,<not_applicable>,quarantined,1
observations,<not_applicable>,pk_adme,kon,M^-1*s^-1,=,pk_adme,SRC-AF728821208AC735AEE2E0D1,<missing>,unknown,experimental_summary,<not_applicable>,quarantined,9
observations,<not_applicable>,pk_adme,kon,M^-1*s^-1,=,pk_adme,SRC-AF728821208AC735AEE2E0D1,<missing>,unknown,experimental_summary,<not_applicable>,review,4671
observations,<not_applicable>,pk_adme,kon,M^-1*s^-1,=,pk_adme,SRC-AF728821208AC735AEE2E0D1,preclinical_in_vitro,unknown,experimental_summary,<not_applicable>,quarantined,2
observations,<not_applicable>,pk_adme,kon,M^-1*s^-1,=,pk_adme,SRC-AF728821208AC735AEE2E0D1,preclinical_in_vitro,unknown,experimental_summary,<not_applicable>,review,8576
observations,<not_applicable>,pk_adme,kon,M^-1*s^-1,=,pk_adme,SRC-AF728821208AC735AEE2E0D1,preclinical_in_vivo,unknown,experimental_summary,<not_applicable>,review,126
observations,<not_applicable>,pk_adme,log K,<missing>,=,pk_adme,SRC-AF728821208AC735AEE2E0D1,<missing>,unknown,experimental_summary,<not_applicable>,quarantined,2
observations,<not_applicable>,pk_adme,log Kp,10'-6cm/s,=,pk_adme,SRC-AF728821208AC735AEE2E0D1,<missing>,unknown,experimental_summary,<not_applicable>,quarantined,1
observations,<not_applicable>,pk_adme,log Kp,<missing>,=,pk_adme,SRC-AF728821208AC735AEE2E0D1,<missing>,unknown,experimental_summary,<not_applicable>,quarantined,156
observations,<not_applicable>,pk_adme,log Kp,cm/s,=,pk_adme,SRC-AF728821208AC735AEE2E0D1,<missing>,unknown,experimental_summary,<not_applicable>,quarantined,39
observations,<not_applicable>,pk_adme,log Kp,ucm/s,=,pk_adme,SRC-AF728821208AC735AEE2E0D1,<missing>,unknown,experimental_summary,<not_applicable>,quarantined,4
observations,<not_applicable>,pk_adme,log Pe,10^-3cm/min,=,pk_adme,SRC-AF728821208AC735AEE2E0D1,<missing>,unknown,experimental_summary,<not_applicable>,quarantined,19
observations,<not_applicable>,pk_adme,log Pe,10^-6cm/s,=,pk_adme,SRC-AF728821208AC735AEE2E0D1,<missing>,unknown,experimental_summary,<not_applicable>,quarantined,1
observations,<not_applicable>,pk_adme,log Pe,<missing>,<,pk_adme,SRC-AF728821208AC735AEE2E0D1,<missing>,unknown,experimental_summary,<not_applicable>,quarantined,13
observations,<not_applicable>,pk_adme,log Pe,<missing>,=,pk_adme,SRC-AF728821208AC735AEE2E0D1,<missing>,unknown,experimental_summary,<not_applicable>,quarantined,1021
observations,<not_applicable>,pk_adme,log Pe,<missing>,>,pk_adme,SRC-AF728821208AC735AEE2E0D1,<missing>,unknown,experimental_summary,<not_applicable>,quarantined,1
observations,<not_applicable>,pk_adme,log Pe,<missing>,interval,pk_adme,SRC-AF728821208AC735AEE2E0D1,<missing>,unknown,experimental_summary,<not_applicable>,quarantined,1
observations,<not_applicable>,pk_adme,log Pe,<missing>,not_reported,pk_adme,SRC-AF728821208AC735AEE2E0D1,<missing>,unknown,experimental_summary,<not_applicable>,quarantined,71
observations,<not_applicable>,pk_adme,log Pe,cm/s,=,pk_adme,SRC-AF728821208AC735AEE2E0D1,<missing>,unknown,experimental_summary,<not_applicable>,quarantined,66
observations,<not_applicable>,pk_adme,log Pe,cm2/sec,=,pk_adme,SRC-AF728821208AC735AEE2E0D1,<missing>,unknown,experimental_summary,<not_applicable>,quarantined,8
observations,<not_applicable>,pk_adme,log(activity),/min,=,pk_adme,SRC-AF728821208AC735AEE2E0D1,<missing>,unknown,experimental_summary,<not_applicable>,quarantined,1
observations,<not_applicable>,pk_adme,log(permeability),<missing>,<,pk_adme,SRC-AF728821208AC735AEE2E0D1,<missing>,unknown,experimental_summary,<not_applicable>,quarantined,2
observations,<not_applicable>,pk_adme,log(permeability),<missing>,<=,pk_adme,SRC-AF728821208AC735AEE2E0D1,<missing>,unknown,experimental_summary,<not_applicable>,quarantined,1
observations,<not_applicable>,pk_adme,log(permeability),<missing>,=,pk_adme,SRC-AF728821208AC735AEE2E0D1,<missing>,unknown,experimental_summary,<not_applicable>,quarantined,149
observations,<not_applicable>,pk_adme,log(permeability),<missing>,not_reported,pk_adme,SRC-AF728821208AC735AEE2E0D1,<missing>,unknown,experimental_summary,<not_applicable>,quarantined,11
observations,<not_applicable>,pk_adme,log(ratio),<missing>,=,pk_adme,SRC-AF728821208AC735AEE2E0D1,<missing>,unknown,experimental_summary,<not_applicable>,quarantined,31
observations,<not_applicable>,pk_adme,logBB,<missing>,=,pk_adme,SRC-AF728821208AC735AEE2E0D1,<missing>,unknown,experimental_summary,<not_applicable>,quarantined,15
observations,<not_applicable>,pk_adme,logCL,<missing>,=,pk_adme,SRC-AF728821208AC735AEE2E0D1,<missing>,unknown,experimental_summary,<not_applicable>,quarantined,50
observations,<not_applicable>,pk_adme,logD,ph7.4,=,other_bioactivity,SRC-AF728821208AC735AEE2E0D1,<missing>,unknown,experimental_summary,<not_applicable>,quarantined,7
observations,<not_applicable>,pk_adme,logP,10'-2no_unit,=,other_bioactivity,SRC-AF728821208AC735AEE2E0D1,<missing>,unknown,experimental_summary,<not_applicable>,quarantined,1
observations,<not_applicable>,pk_adme,logP,c.p.m.,=,other_bioactivity,SRC-AF728821208AC735AEE2E0D1,<missing>,unknown,experimental_summary,<not_applicable>,quarantined,1
observations,<not_applicable>,pk_adme,logPapp,<missing>,<,pk_adme,SRC-AF728821208AC735AEE2E0D1,<missing>,unknown,experimental_summary,<not_applicable>,quarantined,18
observations,<not_applicable>,pk_adme,logPapp,<missing>,=,pk_adme,SRC-AF728821208AC735AEE2E0D1,<missing>,unknown,experimental_summary,<not_applicable>,quarantined,890
observations,<not_applicable>,pk_adme,logPapp,<missing>,>,pk_adme,SRC-AF728821208AC735AEE2E0D1,<missing>,unknown,experimental_summary,<not_applicable>,quarantined,24
observations,<not_applicable>,pk_adme,logPapp,<missing>,not_reported,pk_adme,SRC-AF728821208AC735AEE2E0D1,<missing>,unknown,experimental_summary,<not_applicable>,quarantined,18
observations,<not_applicable>,pk_adme,logPeff,<missing>,=,pk_adme,SRC-AF728821208AC735AEE2E0D1,<missing>,unknown,experimental_summary,<not_applicable>,quarantined,175
observations,<not_applicable>,pk_adme,logPeff,<missing>,>=,pk_adme,SRC-AF728821208AC735AEE2E0D1,<missing>,unknown,experimental_summary,<not_applicable>,quarantined,3
observations,<not_applicable>,pk_adme,logPeff,<missing>,not_reported,pk_adme,SRC-AF728821208AC735AEE2E0D1,<missing>,unknown,experimental_summary,<not_applicable>,quarantined,7
observations,<not_applicable>,pk_adme,logPm,<missing>,=,pk_adme,SRC-AF728821208AC735AEE2E0D1,<missing>,unknown,experimental_summary,<not_applicable>,quarantined,44
observations,<not_applicable>,pk_adme,logPm,<missing>,not_reported,pk_adme,SRC-AF728821208AC735AEE2E0D1,<missing>,unknown,experimental_summary,<not_applicable>,quarantined,4
observations,<not_applicable>,pk_adme,max activation,%,=,pk_adme,SRC-AF728821208AC735AEE2E0D1,<missing>,unknown,experimental_summary,<not_applicable>,quarantined,8
observations,<not_applicable>,pk_adme,pBBB,%,=,pk_adme,SRC-AF728821208AC735AEE2E0D1,<missing>,unknown,experimental_summary,<not_applicable>,quarantined,2
observations,<not_applicable>,pk_adme,pBBB,10'-3cm/min,=,pk_adme,SRC-AF728821208AC735AEE2E0D1,<missing>,unknown,experimental_summary,<not_applicable>,quarantined,4
observations,<not_applicable>,pk_adme,pBBB,10'-3cm/s,=,pk_adme,SRC-AF728821208AC735AEE2E0D1,<missing>,unknown,experimental_summary,<not_applicable>,quarantined,1
observations,<not_applicable>,pk_adme,pBBB,10'-6cm/s,=,pk_adme,SRC-AF728821208AC735AEE2E0D1,<missing>,unknown,experimental_summary,<not_applicable>,quarantined,8
observations,<not_applicable>,pk_adme,pBBB,<missing>,>,pk_adme,SRC-AF728821208AC735AEE2E0D1,<missing>,unknown,experimental_summary,<not_applicable>,quarantined,2
observations,<not_applicable>,pk_adme,pBBB,<missing>,not_reported,pk_adme,SRC-AF728821208AC735AEE2E0D1,<missing>,unknown,experimental_summary,<not_applicable>,quarantined,2
observations,<not_applicable>,pk_adme,pBBB,cm/s,=,pk_adme,SRC-AF728821208AC735AEE2E0D1,<missing>,unknown,experimental_summary,<not_applicable>,quarantined,1
observations,<not_applicable>,pk_adme,pBBB,microl/min/g,=,pk_adme,SRC-AF728821208AC735AEE2E0D1,<missing>,unknown,experimental_summary,<not_applicable>,quarantined,2
observations,<not_applicable>,pk_adme,pCC50,<missing>,<,pk_adme,SRC-AF728821208AC735AEE2E0D1,<missing>,unknown,experimental_summary,<not_applicable>,quarantined,1
observations,<not_applicable>,pk_adme,pCC50,<missing>,=,pk_adme,SRC-AF728821208AC735AEE2E0D1,<missing>,unknown,experimental_summary,<not_applicable>,quarantined,4
observations,<not_applicable>,pk_adme,pKa,<missing>,=,pk_adme,SRC-AF728821208AC735AEE2E0D1,<missing>,unknown,experimental_summary,<not_applicable>,quarantined,25
observations,<not_applicable>,pk_adme,permeability,%,<,pk_adme,SRC-AF728821208AC735AEE2E0D1,<missing>,unknown,experimental_summary,<not_applicable>,quarantined,55
observations,<not_applicable>,pk_adme,permeability,%,=,pk_adme,SRC-AF728821208AC735AEE2E0D1,<missing>,unknown,experimental_summary,<not_applicable>,quarantined,767
observations,<not_applicable>,pk_adme,permeability,%,=,pk_adme,SRC-AF728821208AC735AEE2E0D1,preclinical_in_vitro,unknown,experimental_summary,<not_applicable>,quarantined,18
observations,<not_applicable>,pk_adme,permeability,%,>,pk_adme,SRC-AF728821208AC735AEE2E0D1,<missing>,unknown,experimental_summary,<not_applicable>,quarantined,2
observations,<not_applicable>,pk_adme,permeability,%/hr,<,pk_adme,SRC-AF728821208AC735AEE2E0D1,<missing>,unknown,experimental_summary,<not_applicable>,quarantined,4
observations,<not_applicable>,pk_adme,permeability,%/hr,=,pk_adme,SRC-AF728821208AC735AEE2E0D1,<missing>,unknown,experimental_summary,<not_applicable>,quarantined,37
observations,<not_applicable>,pk_adme,permeability,%/hr,>,pk_adme,SRC-AF728821208AC735AEE2E0D1,<missing>,unknown,experimental_summary,<not_applicable>,quarantined,5
observations,<not_applicable>,pk_adme,permeability,10'-4cm/min,=,pk_adme,SRC-AF728821208AC735AEE2E0D1,<missing>,unknown,experimental_summary,<not_applicable>,quarantined,6
observations,<not_applicable>,pk_adme,permeability,10'-4cm/s,=,pk_adme,SRC-AF728821208AC735AEE2E0D1,<missing>,unknown,experimental_summary,<not_applicable>,quarantined,55
observations,<not_applicable>,pk_adme,permeability,10'-5cm/hr,=,pk_adme,SRC-AF728821208AC735AEE2E0D1,<missing>,unknown,experimental_summary,<not_applicable>,quarantined,3
observations,<not_applicable>,pk_adme,permeability,10'-5cm/s,<,pk_adme,SRC-AF728821208AC735AEE2E0D1,<missing>,unknown,experimental_summary,<not_applicable>,quarantined,3
observations,<not_applicable>,pk_adme,permeability,10'-5cm/s,=,pk_adme,SRC-AF728821208AC735AEE2E0D1,<missing>,unknown,experimental_summary,<not_applicable>,quarantined,78
observations,<not_applicable>,pk_adme,permeability,10'-6/cm,=,pk_adme,SRC-AF728821208AC735AEE2E0D1,<missing>,unknown,experimental_summary,<not_applicable>,quarantined,19
observations,<not_applicable>,pk_adme,permeability,10'-6/s,=,pk_adme,SRC-AF728821208AC735AEE2E0D1,<missing>,unknown,experimental_summary,<not_applicable>,quarantined,1
observations,<not_applicable>,pk_adme,permeability,10'-6cm/min,=,pk_adme,SRC-AF728821208AC735AEE2E0D1,<missing>,unknown,experimental_summary,<not_applicable>,quarantined,10
observations,<not_applicable>,pk_adme,permeability,10'-6cm/s,<,pk_adme,SRC-AF728821208AC735AEE2E0D1,<missing>,unknown,experimental_summary,<not_applicable>,quarantined,84
observations,<not_applicable>,pk_adme,permeability,10'-6cm/s,=,pk_adme,SRC-AF728821208AC735AEE2E0D1,<missing>,unknown,experimental_summary,<not_applicable>,quarantined,3796
observations,<not_applicable>,pk_adme,permeability,10'-6cm/s,>,pk_adme,SRC-AF728821208AC735AEE2E0D1,<missing>,unknown,experimental_summary,<not_applicable>,quarantined,94
observations,<not_applicable>,pk_adme,permeability,10'-6cm/s,interval,pk_adme,SRC-AF728821208AC735AEE2E0D1,<missing>,unknown,experimental_summary,<not_applicable>,quarantined,37
observations,<not_applicable>,pk_adme,permeability,10'-6cm2/s,=,pk_adme,SRC-AF728821208AC735AEE2E0D1,<missing>,unknown,experimental_summary,<not_applicable>,quarantined,1
observations,<not_applicable>,pk_adme,permeability,10'-7cm/s,=,pk_adme,SRC-AF728821208AC735AEE2E0D1,<missing>,unknown,experimental_summary,<not_applicable>,quarantined,156
observations,<not_applicable>,pk_adme,permeability,10'-7cm/s,>,pk_adme,SRC-AF728821208AC735AEE2E0D1,<missing>,unknown,experimental_summary,<not_applicable>,quarantined,22
observations,<not_applicable>,pk_adme,permeability,10'-7nmol/cm2/min,=,pk_adme,SRC-AF728821208AC735AEE2E0D1,<missing>,unknown,experimental_summary,<not_applicable>,quarantined,8
observations,<not_applicable>,pk_adme,permeability,10'-8cm/s,=,pk_adme,SRC-AF728821208AC735AEE2E0D1,<missing>,unknown,experimental_summary,<not_applicable>,quarantined,19
observations,<not_applicable>,pk_adme,permeability,10'-9meter/s,<,pk_adme,SRC-AF728821208AC735AEE2E0D1,<missing>,unknown,experimental_summary,<not_applicable>,quarantined,3
observations,<not_applicable>,pk_adme,permeability,10'-9meter/s,=,pk_adme,SRC-AF728821208AC735AEE2E0D1,<missing>,unknown,experimental_summary,<not_applicable>,quarantined,27
observations,<not_applicable>,pk_adme,permeability,10'6cm/s,=,pk_adme,SRC-AF728821208AC735AEE2E0D1,<missing>,unknown,experimental_summary,<not_applicable>,quarantined,186
observations,<not_applicable>,pk_adme,permeability,10'6cm/s,>,pk_adme,SRC-AF728821208AC735AEE2E0D1,<missing>,unknown,experimental_summary,<not_applicable>,quarantined,1
observations,<not_applicable>,pk_adme,permeability,10^-3cm/min,=,pk_adme,SRC-AF728821208AC735AEE2E0D1,<missing>,unknown,experimental_summary,<not_applicable>,quarantined,2
observations,<not_applicable>,pk_adme,permeability,10^-5cm/min,=,pk_adme,SRC-AF728821208AC735AEE2E0D1,<missing>,unknown,experimental_summary,<not_applicable>,quarantined,18
observations,<not_applicable>,pk_adme,permeability,10^-5cm/s,=,pk_adme,SRC-AF728821208AC735AEE2E0D1,<missing>,unknown,experimental_summary,<not_applicable>,quarantined,29
observations,<not_applicable>,pk_adme,permeability,10^-5cm/s,>,pk_adme,SRC-AF728821208AC735AEE2E0D1,<missing>,unknown,experimental_summary,<not_applicable>,quarantined,2
observations,<not_applicable>,pk_adme,permeability,10^-6cm/min,=,pk_adme,SRC-AF728821208AC735AEE2E0D1,<missing>,unknown,experimental_summary,<not_applicable>,quarantined,1
observations,<not_applicable>,pk_adme,permeability,10^-6cm/s,<,pk_adme,SRC-AF728821208AC735AEE2E0D1,<missing>,unknown,experimental_summary,<not_applicable>,quarantined,208
observations,<not_applicable>,pk_adme,permeability,10^-6cm/s,=,pk_adme,SRC-AF728821208AC735AEE2E0D1,<missing>,unknown,experimental_summary,<not_applicable>,quarantined,3354
observations,<not_applicable>,pk_adme,permeability,10^-6cm/s,>,pk_adme,SRC-AF728821208AC735AEE2E0D1,<missing>,unknown,experimental_summary,<not_applicable>,quarantined,76
observations,<not_applicable>,pk_adme,permeability,10^-6cm/s,~,pk_adme,SRC-AF728821208AC735AEE2E0D1,<missing>,unknown,experimental_summary,<not_applicable>,quarantined,1
observations,<not_applicable>,pk_adme,permeability,10^-6m/s,=,pk_adme,SRC-AF728821208AC735AEE2E0D1,<missing>,unknown,experimental_summary,<not_applicable>,quarantined,1
observations,<not_applicable>,pk_adme,permeability,10^-7cm/s,=,pk_adme,SRC-AF728821208AC735AEE2E0D1,<missing>,unknown,experimental_summary,<not_applicable>,quarantined,58
observations,<not_applicable>,pk_adme,permeability,10^-8cm/s,=,pk_adme,SRC-AF728821208AC735AEE2E0D1,<missing>,unknown,experimental_summary,<not_applicable>,quarantined,1
observations,<not_applicable>,pk_adme,permeability,10^4cm2/sec,=,pk_adme,SRC-AF728821208AC735AEE2E0D1,<missing>,unknown,experimental_summary,<not_applicable>,quarantined,2
observations,<not_applicable>,pk_adme,permeability,10^6cm/s,=,pk_adme,SRC-AF728821208AC735AEE2E0D1,<missing>,unknown,experimental_summary,<not_applicable>,quarantined,26
observations,<not_applicable>,pk_adme,permeability,10^6m/s,=,pk_adme,SRC-AF728821208AC735AEE2E0D1,<missing>,unknown,experimental_summary,<not_applicable>,quarantined,3
observations,<not_applicable>,pk_adme,permeability,<missing>,=,pk_adme,SRC-AF728821208AC735AEE2E0D1,<missing>,unknown,experimental_summary,<not_applicable>,quarantined,47
observations,<not_applicable>,pk_adme,permeability,<missing>,not_reported,pk_adme,SRC-AF728821208AC735AEE2E0D1,<missing>,unknown,experimental_summary,<not_applicable>,quarantined,2204
observations,<not_applicable>,pk_adme,permeability,a.u.,=,pk_adme,SRC-AF728821208AC735AEE2E0D1,<missing>,unknown,experimental_summary,<not_applicable>,quarantined,8
observations,<not_applicable>,pk_adme,permeability,cm/hr,=,pk_adme,SRC-AF728821208AC735AEE2E0D1,<missing>,unknown,experimental_summary,<not_applicable>,quarantined,2
observations,<not_applicable>,pk_adme,permeability,cm/min,=,pk_adme,SRC-AF728821208AC735AEE2E0D1,<missing>,unknown,experimental_summary,<not_applicable>,quarantined,1
observations,<not_applicable>,pk_adme,permeability,cm/s,<,pk_adme,SRC-AF728821208AC735AEE2E0D1,<missing>,unknown,experimental_summary,<not_applicable>,quarantined,2
observations,<not_applicable>,pk_adme,permeability,cm/s,=,pk_adme,SRC-AF728821208AC735AEE2E0D1,<missing>,unknown,experimental_summary,<not_applicable>,quarantined,92
observations,<not_applicable>,pk_adme,permeability,cm/s,>,pk_adme,SRC-AF728821208AC735AEE2E0D1,<missing>,unknown,experimental_summary,<not_applicable>,quarantined,5
observations,<not_applicable>,pk_adme,permeability,microg/cm2,=,pk_adme,SRC-AF728821208AC735AEE2E0D1,<missing>,unknown,experimental_summary,<not_applicable>,quarantined,1
observations,<not_applicable>,pk_adme,permeability,microg/cm2/h,=,pk_adme,SRC-AF728821208AC735AEE2E0D1,<missing>,unknown,experimental_summary,<not_applicable>,quarantined,8
observations,<not_applicable>,pk_adme,permeability,min,=,pk_adme,SRC-AF728821208AC735AEE2E0D1,<missing>,unknown,experimental_summary,<not_applicable>,quarantined,3
observations,<not_applicable>,pk_adme,permeability,ml/min,=,pk_adme,SRC-AF728821208AC735AEE2E0D1,<missing>,unknown,experimental_summary,<not_applicable>,quarantined,10
observations,<not_applicable>,pk_adme,permeability,molefraction,=,pk_adme,SRC-AF728821208AC735AEE2E0D1,<missing>,unknown,experimental_summary,<not_applicable>,quarantined,9
observations,<not_applicable>,pk_adme,permeability,nanometer/sec,=,pk_adme,SRC-AF728821208AC735AEE2E0D1,<missing>,unknown,experimental_summary,<not_applicable>,quarantined,3
observations,<not_applicable>,pk_adme,permeability,ng/cm2/min,=,pk_adme,SRC-AF728821208AC735AEE2E0D1,<missing>,unknown,experimental_summary,<not_applicable>,quarantined,18
observations,<not_applicable>,pk_adme,permeability,ng/ul,=,pk_adme,SRC-AF728821208AC735AEE2E0D1,<missing>,unknown,experimental_summary,<not_applicable>,quarantined,10
observations,<not_applicable>,pk_adme,permeability,nm/s,<,pk_adme,SRC-AF728821208AC735AEE2E0D1,<missing>,unknown,experimental_summary,<not_applicable>,quarantined,307
observations,<not_applicable>,pk_adme,permeability,nm/s,<=,pk_adme,SRC-AF728821208AC735AEE2E0D1,<missing>,unknown,experimental_summary,<not_applicable>,quarantined,24
observations,<not_applicable>,pk_adme,permeability,nm/s,=,pk_adme,SRC-AF728821208AC735AEE2E0D1,<missing>,unknown,experimental_summary,<not_applicable>,quarantined,3148
observations,<not_applicable>,pk_adme,permeability,nm/s,=,pk_adme,SRC-AF728821208AC735AEE2E0D1,preclinical_in_vitro,unknown,experimental_summary,<not_applicable>,quarantined,1
observations,<not_applicable>,pk_adme,permeability,nm/s,>,pk_adme,SRC-AF728821208AC735AEE2E0D1,<missing>,unknown,experimental_summary,<not_applicable>,quarantined,41
observations,<not_applicable>,pk_adme,permeability,nm/s,interval,pk_adme,SRC-AF728821208AC735AEE2E0D1,<missing>,unknown,experimental_summary,<not_applicable>,quarantined,8
observations,<not_applicable>,pk_adme,permeability,nm/s,~,pk_adme,SRC-AF728821208AC735AEE2E0D1,<missing>,unknown,experimental_summary,<not_applicable>,quarantined,1
observations,<not_applicable>,pk_adme,permeability,nmol/cm2/hr,=,pk_adme,SRC-AF728821208AC735AEE2E0D1,<missing>,unknown,experimental_summary,<not_applicable>,quarantined,2
observations,<not_applicable>,pk_adme,permeability,nmol/sec,=,pk_adme,SRC-AF728821208AC735AEE2E0D1,<missing>,unknown,experimental_summary,<not_applicable>,quarantined,1
observations,<not_applicable>,pk_adme,permeability,omegacm2,=,pk_adme,SRC-AF728821208AC735AEE2E0D1,<missing>,unknown,experimental_summary,<not_applicable>,quarantined,2
observations,<not_applicable>,pk_adme,permeability,pmol/min,>,pk_adme,SRC-AF728821208AC735AEE2E0D1,<missing>,unknown,experimental_summary,<not_applicable>,quarantined,1
observations,<not_applicable>,pk_adme,permeability,pmol/min/cm2,=,pk_adme,SRC-AF728821208AC735AEE2E0D1,<missing>,unknown,experimental_summary,<not_applicable>,quarantined,8
observations,<not_applicable>,pk_adme,permeability,pmol/s,=,pk_adme,SRC-AF728821208AC735AEE2E0D1,<missing>,unknown,experimental_summary,<not_applicable>,quarantined,31
observations,<not_applicable>,pk_adme,permeability,uM,=,pk_adme,SRC-AF728821208AC735AEE2E0D1,<missing>,unknown,experimental_summary,<not_applicable>,quarantined,9
observations,<not_applicable>,pk_adme,permeability,uM,=,pk_adme,SRC-AF728821208AC735AEE2E0D1,preclinical_ex_vivo,unknown,experimental_summary,<not_applicable>,quarantined,24
observations,<not_applicable>,pk_adme,permeability,ucm/s,<,pk_adme,SRC-AF728821208AC735AEE2E0D1,<missing>,unknown,experimental_summary,<not_applicable>,quarantined,67
observations,<not_applicable>,pk_adme,permeability,ucm/s,<=,pk_adme,SRC-AF728821208AC735AEE2E0D1,<missing>,unknown,experimental_summary,<not_applicable>,quarantined,22
observations,<not_applicable>,pk_adme,permeability,ucm/s,=,pk_adme,SRC-AF728821208AC735AEE2E0D1,<missing>,unknown,experimental_summary,<not_applicable>,quarantined,2415
observations,<not_applicable>,pk_adme,permeability,ucm/s,=,pk_adme,SRC-AF728821208AC735AEE2E0D1,preclinical_in_vitro,unknown,experimental_summary,<not_applicable>,quarantined,3
observations,<not_applicable>,pk_adme,permeability,ucm/s,>,pk_adme,SRC-AF728821208AC735AEE2E0D1,<missing>,unknown,experimental_summary,<not_applicable>,quarantined,47
observations,<not_applicable>,pk_adme,permeability,ucm/s,>=,pk_adme,SRC-AF728821208AC735AEE2E0D1,<missing>,unknown,experimental_summary,<not_applicable>,quarantined,16
observations,<not_applicable>,pk_adme,permeability,ucm/s,interval,pk_adme,SRC-AF728821208AC735AEE2E0D1,<missing>,unknown,experimental_summary,<not_applicable>,quarantined,2
observations,<not_applicable>,pk_adme,permeability,ug,=,pk_adme,SRC-AF728821208AC735AEE2E0D1,<missing>,unknown,experimental_summary,<not_applicable>,quarantined,3
observations,<not_applicable>,pk_adme,permeability,ug/cm2.hr,=,pk_adme,SRC-AF728821208AC735AEE2E0D1,<missing>,unknown,experimental_summary,<not_applicable>,quarantined,1
observations,<not_applicable>,pk_adme,permeability,ugml-1,<,pk_adme,SRC-AF728821208AC735AEE2E0D1,<missing>,unknown,experimental_summary,<not_applicable>,quarantined,1
observations,<not_applicable>,pk_adme,permeability,ugml-1,>,pk_adme,SRC-AF728821208AC735AEE2E0D1,<missing>,unknown,experimental_summary,<not_applicable>,quarantined,1
observations,<not_applicable>,pk_adme,permeability,ul/hr/cm2,=,pk_adme,SRC-AF728821208AC735AEE2E0D1,<missing>,unknown,experimental_summary,<not_applicable>,quarantined,22
observations,<not_applicable>,pk_adme,permeability,um/s,=,pk_adme,SRC-AF728821208AC735AEE2E0D1,<missing>,unknown,experimental_summary,<not_applicable>,quarantined,18
observations,<not_applicable>,pk_adme,permeability,umol/cm2/hr,=,pk_adme,SRC-AF728821208AC735AEE2E0D1,<missing>,unknown,experimental_summary,<not_applicable>,quarantined,7
observations,<not_applicable>,pk_adme,permeability,umolcm2/hr,=,pk_adme,SRC-AF728821208AC735AEE2E0D1,<missing>,unknown,experimental_summary,<not_applicable>,quarantined,6
observations,<not_applicable>,pk_adme,solubility,%,<,other_bioactivity,SRC-AF728821208AC735AEE2E0D1,<missing>,unknown,experimental_summary,<not_applicable>,quarantined,3
observations,<not_applicable>,pk_adme,solubility,%,=,other_bioactivity,SRC-AF728821208AC735AEE2E0D1,<missing>,unknown,experimental_summary,<not_applicable>,quarantined,85
observations,<not_applicable>,pk_adme,solubility,%,=,pk_adme,SRC-AF728821208AC735AEE2E0D1,<missing>,unknown,experimental_summary,<not_applicable>,quarantined,46
observations,<not_applicable>,pk_adme,solubility,%,>,other_bioactivity,SRC-AF728821208AC735AEE2E0D1,<missing>,unknown,experimental_summary,<not_applicable>,quarantined,19
observations,<not_applicable>,pk_adme,solubility,%,>=,other_bioactivity,SRC-AF728821208AC735AEE2E0D1,<missing>,unknown,experimental_summary,<not_applicable>,quarantined,1
observations,<not_applicable>,pk_adme,solubility,/mm,<,other_bioactivity,SRC-AF728821208AC735AEE2E0D1,<missing>,unknown,experimental_summary,<not_applicable>,quarantined,2
observations,<not_applicable>,pk_adme,solubility,/mm,=,other_bioactivity,SRC-AF728821208AC735AEE2E0D1,<missing>,unknown,experimental_summary,<not_applicable>,quarantined,2
observations,<not_applicable>,pk_adme,solubility,10'-1mg/ml,=,other_bioactivity,SRC-AF728821208AC735AEE2E0D1,<missing>,unknown,experimental_summary,<not_applicable>,quarantined,1
observations,<not_applicable>,pk_adme,solubility,10'-1mol/l,=,other_bioactivity,SRC-AF728821208AC735AEE2E0D1,<missing>,unknown,experimental_summary,<not_applicable>,quarantined,1
observations,<not_applicable>,pk_adme,solubility,10'-2g,=,other_bioactivity,SRC-AF728821208AC735AEE2E0D1,<missing>,unknown,experimental_summary,<not_applicable>,quarantined,1
observations,<not_applicable>,pk_adme,solubility,10'-3mol/dm3,=,other_bioactivity,SRC-AF728821208AC735AEE2E0D1,<missing>,unknown,experimental_summary,<not_applicable>,quarantined,28
observations,<not_applicable>,pk_adme,solubility,10'-4mg/ml,=,other_bioactivity,SRC-AF728821208AC735AEE2E0D1,<missing>,unknown,experimental_summary,<not_applicable>,quarantined,2
observations,<not_applicable>,pk_adme,solubility,10'-7mol,=,other_bioactivity,SRC-AF728821208AC735AEE2E0D1,<missing>,unknown,experimental_summary,<not_applicable>,quarantined,1
observations,<not_applicable>,pk_adme,solubility,10'-8mol,=,other_bioactivity,SRC-AF728821208AC735AEE2E0D1,<missing>,unknown,experimental_summary,<not_applicable>,quarantined,1
observations,<not_applicable>,pk_adme,solubility,10'3ug/ml,=,other_bioactivity,SRC-AF728821208AC735AEE2E0D1,<missing>,unknown,experimental_summary,<not_applicable>,quarantined,1
observations,<not_applicable>,pk_adme,solubility,10^-3mg/ml,=,other_bioactivity,SRC-AF728821208AC735AEE2E0D1,<missing>,unknown,experimental_summary,<not_applicable>,quarantined,2
observations,<not_applicable>,pk_adme,solubility,10^-6cm/s,=,pk_adme,SRC-AF728821208AC735AEE2E0D1,<missing>,unknown,experimental_summary,<not_applicable>,quarantined,47
observations,<not_applicable>,pk_adme,solubility,<missing>,not_reported,other_bioactivity,SRC-AF728821208AC735AEE2E0D1,<missing>,unknown,experimental_summary,<not_applicable>,quarantined,7926
observations,<not_applicable>,pk_adme,solubility,g,<,other_bioactivity,SRC-AF728821208AC735AEE2E0D1,<missing>,unknown,experimental_summary,<not_applicable>,quarantined,3
observations,<not_applicable>,pk_adme,solubility,g,=,other_bioactivity,SRC-AF728821208AC735AEE2E0D1,<missing>,unknown,experimental_summary,<not_applicable>,quarantined,22
observations,<not_applicable>,pk_adme,solubility,mg,<,other_bioactivity,SRC-AF728821208AC735AEE2E0D1,<missing>,unknown,experimental_summary,<not_applicable>,quarantined,7
observations,<not_applicable>,pk_adme,solubility,mg,=,other_bioactivity,SRC-AF728821208AC735AEE2E0D1,<missing>,unknown,experimental_summary,<not_applicable>,quarantined,24
observations,<not_applicable>,pk_adme,solubility,mg/g,=,other_bioactivity,SRC-AF728821208AC735AEE2E0D1,<missing>,unknown,experimental_summary,<not_applicable>,quarantined,22
observations,<not_applicable>,pk_adme,solubility,mg/ul,=,other_bioactivity,SRC-AF728821208AC735AEE2E0D1,<missing>,unknown,experimental_summary,<not_applicable>,quarantined,5
observations,<not_applicable>,pk_adme,solubility,mgkg-1,=,other_bioactivity,SRC-AF728821208AC735AEE2E0D1,<missing>,unknown,experimental_summary,<not_applicable>,quarantined,4
observations,<not_applicable>,pk_adme,solubility,mgkg-1,>=,other_bioactivity,SRC-AF728821208AC735AEE2E0D1,<missing>,unknown,experimental_summary,<not_applicable>,quarantined,5
observations,<not_applicable>,pk_adme,solubility,min,>,other_bioactivity,SRC-AF728821208AC735AEE2E0D1,<missing>,unknown,experimental_summary,<not_applicable>,quarantined,3
observations,<not_applicable>,pk_adme,solubility,ml,<,other_bioactivity,SRC-AF728821208AC735AEE2E0D1,<missing>,unknown,experimental_summary,<not_applicable>,quarantined,5
observations,<not_applicable>,pk_adme,solubility,ml,<=,other_bioactivity,SRC-AF728821208AC735AEE2E0D1,<missing>,unknown,experimental_summary,<not_applicable>,quarantined,6
observations,<not_applicable>,pk_adme,solubility,ml,interval,other_bioactivity,SRC-AF728821208AC735AEE2E0D1,<missing>,unknown,experimental_summary,<not_applicable>,quarantined,24
observations,<not_applicable>,pk_adme,solubility,mmol/ml,=,other_bioactivity,SRC-AF728821208AC735AEE2E0D1,<missing>,unknown,experimental_summary,<not_applicable>,quarantined,1
observations,<not_applicable>,pk_adme,solubility,ppb,=,other_bioactivity,SRC-AF728821208AC735AEE2E0D1,<missing>,unknown,experimental_summary,<not_applicable>,quarantined,1
observations,<not_applicable>,pk_adme,solubility,ppm,=,other_bioactivity,SRC-AF728821208AC735AEE2E0D1,<missing>,unknown,experimental_summary,<not_applicable>,quarantined,27
observations,<not_applicable>,pk_adme,solubility,ug,<,other_bioactivity,SRC-AF728821208AC735AEE2E0D1,<missing>,unknown,experimental_summary,<not_applicable>,quarantined,1
observations,<not_applicable>,pk_adme,solubility,ug,=,other_bioactivity,SRC-AF728821208AC735AEE2E0D1,<missing>,unknown,experimental_summary,<not_applicable>,quarantined,10
observations,<not_applicable>,pk_adme,solubility,ug/kg,>,other_bioactivity,SRC-AF728821208AC735AEE2E0D1,<missing>,unknown,experimental_summary,<not_applicable>,quarantined,1
observations,<not_applicable>,pk_adme,solubility,uga/ml,=,other_bioactivity,SRC-AF728821208AC735AEE2E0D1,<missing>,unknown,experimental_summary,<not_applicable>,quarantined,2
observations,<not_applicable>,pk_adme,solubility,ul,=,other_bioactivity,SRC-AF728821208AC735AEE2E0D1,<missing>,unknown,experimental_summary,<not_applicable>,quarantined,163
observations,<not_applicable>,pk_adme,solubility,ul,>,other_bioactivity,SRC-AF728821208AC735AEE2E0D1,<missing>,unknown,experimental_summary,<not_applicable>,quarantined,1
observations,<not_applicable>,qt,APD,%,=,other_bioactivity,SRC-AF728821208AC735AEE2E0D1,<missing>,unknown,experimental_summary,<not_applicable>,review,1
observations,<not_applicable>,qt,APD,-60mv,=,other_bioactivity,SRC-AF728821208AC735AEE2E0D1,<missing>,unknown,experimental_summary,<not_applicable>,quarantined,92
observations,<not_applicable>,qt,APD50,%,=,other_bioactivity,SRC-AF728821208AC735AEE2E0D1,<missing>,unknown,experimental_summary,<not_applicable>,review,3
observations,<not_applicable>,qt,APD50,ms,<,cardiac_electrophysiology_qt_apd,SRC-AF728821208AC735AEE2E0D1,<missing>,unknown,experimental_summary,<not_applicable>,review,4
observations,<not_applicable>,qt,APD50,ms,=,other_bioactivity,SRC-AF728821208AC735AEE2E0D1,<missing>,unknown,experimental_summary,<not_applicable>,review,24
observations,<not_applicable>,qt,APD90,%,=,other_bioactivity,SRC-AF728821208AC735AEE2E0D1,<missing>,unknown,experimental_summary,<not_applicable>,review,3
observations,<not_applicable>,qt,APD90,ms,<,cardiac_electrophysiology_qt_apd,SRC-AF728821208AC735AEE2E0D1,<missing>,unknown,experimental_summary,<not_applicable>,review,4
observations,<not_applicable>,qt,APD90,ms,=,other_bioactivity,SRC-AF728821208AC735AEE2E0D1,<missing>,unknown,experimental_summary,<not_applicable>,review,16
observations,<not_applicable>,qt,Activity,%,<,cardiac_electrophysiology_qt_apd,SRC-AF728821208AC735AEE2E0D1,<missing>,unknown,experimental_summary,<not_applicable>,quarantined,1
observations,<not_applicable>,qt,Activity,%,=,cardiac_electrophysiology_qt_apd,SRC-AF728821208AC735AEE2E0D1,<missing>,unknown,experimental_summary,<not_applicable>,quarantined,96
observations,<not_applicable>,qt,Activity,%,=,cardiac_electrophysiology_qt_apd,SRC-AF728821208AC735AEE2E0D1,preclinical_in_vivo,unknown,experimental_summary,<not_applicable>,quarantined,3
observations,<not_applicable>,qt,Activity,%,>,cardiac_electrophysiology_qt_apd,SRC-AF728821208AC735AEE2E0D1,<missing>,unknown,experimental_summary,<not_applicable>,quarantined,1
observations,<not_applicable>,qt,Activity,%,>=,cardiac_electrophysiology_qt_apd,SRC-AF728821208AC735AEE2E0D1,<missing>,unknown,experimental_summary,<not_applicable>,quarantined,1
observations,<not_applicable>,qt,Activity,<missing>,not_reported,cardiac_electrophysiology_qt_apd,SRC-AF728821208AC735AEE2E0D1,<missing>,unknown,experimental_summary,<not_applicable>,quarantined,172
observations,<not_applicable>,qt,Activity,ms,=,cardiac_electrophysiology_qt_apd,SRC-AF728821208AC735AEE2E0D1,<missing>,unknown,experimental_summary,<not_applicable>,quarantined,46
observations,<not_applicable>,qt,Activity,ms/s1/2,=,cardiac_electrophysiology_qt_apd,SRC-AF728821208AC735AEE2E0D1,<missing>,unknown,experimental_summary,<not_applicable>,quarantined,3
observations,<not_applicable>,qt,Activity,uM,=,cardiac_electrophysiology_qt_apd,SRC-AF728821208AC735AEE2E0D1,<missing>,unknown,experimental_summary,<not_applicable>,quarantined,1
observations,<not_applicable>,qt,Change,%,=,cardiac_electrophysiology_qt_apd,SRC-AF728821208AC735AEE2E0D1,<missing>,unknown,experimental_summary,<not_applicable>,quarantined,3
observations,<not_applicable>,qt,Cp,uM,=,cardiac_electrophysiology_qt_apd,SRC-AF728821208AC735AEE2E0D1,<missing>,unknown,experimental_summary,<not_applicable>,quarantined,3
observations,<not_applicable>,qt,Cp(f),uM,=,cardiac_electrophysiology_qt_apd,SRC-AF728821208AC735AEE2E0D1,<missing>,unknown,experimental_summary,<not_applicable>,quarantined,3
observations,<not_applicable>,qt,DOSE,mg.kg-1,=,cardiac_electrophysiology_qt_apd,SRC-AF728821208AC735AEE2E0D1,<missing>,unknown,experimental_summary,<not_applicable>,quarantined,20
observations,<not_applicable>,qt,Delta APD90,%,=,cardiac_electrophysiology_qt_apd,SRC-AF728821208AC735AEE2E0D1,<missing>,unknown,experimental_summary,<not_applicable>,quarantined,8
observations,<not_applicable>,qt,Delta APD90,<missing>,=,cardiac_electrophysiology_qt_apd,SRC-AF728821208AC735AEE2E0D1,<missing>,unknown,experimental_summary,<not_applicable>,quarantined,39
observations,<not_applicable>,qt,Delta APD90,<missing>,not_reported,cardiac_electrophysiology_qt_apd,SRC-AF728821208AC735AEE2E0D1,<missing>,unknown,experimental_summary,<not_applicable>,quarantined,7
observations,<not_applicable>,qt,EC10,nM,=,cardiac_electrophysiology_qt_apd,SRC-AF728821208AC735AEE2E0D1,<missing>,unknown,experimental_summary,<not_applicable>,quarantined,3
observations,<not_applicable>,qt,EC10,uM,=,cardiac_electrophysiology_qt_apd,SRC-AF728821208AC735AEE2E0D1,<missing>,unknown,experimental_summary,<not_applicable>,quarantined,2
observations,<not_applicable>,qt,EC50,<missing>,=,cardiac_electrophysiology_qt_apd,SRC-AF728821208AC735AEE2E0D1,<missing>,unknown,experimental_summary,<not_applicable>,quarantined,11
observations,<not_applicable>,qt,EC50,nM,=,cardiac_electrophysiology_qt_apd,SRC-AF728821208AC735AEE2E0D1,<missing>,unknown,experimental_summary,<not_applicable>,quarantined,11
observations,<not_applicable>,qt,Emax,ms,=,cardiac_electrophysiology_qt_apd,SRC-AF728821208AC735AEE2E0D1,<missing>,unknown,experimental_summary,<not_applicable>,quarantined,13
observations,<not_applicable>,qt,IC50,nM,<,cardiac_electrophysiology_qt_apd,SRC-AF728821208AC735AEE2E0D1,preclinical_in_vitro,unknown,experimental_summary,<not_applicable>,quarantined,3
observations,<not_applicable>,qt,IC50,nM,=,cardiac_electrophysiology_qt_apd,SRC-AF728821208AC735AEE2E0D1,<missing>,unknown,experimental_summary,<not_applicable>,quarantined,4
observations,<not_applicable>,qt,IC50,nM,=,cardiac_electrophysiology_qt_apd,SRC-AF728821208AC735AEE2E0D1,preclinical_in_vitro,unknown,experimental_summary,<not_applicable>,quarantined,67
observations,<not_applicable>,qt,IC50,nM,=,cardiac_electrophysiology_qt_apd,SRC-AF728821208AC735AEE2E0D1,preclinical_in_vivo,unknown,experimental_summary,<not_applicable>,quarantined,21
observations,<not_applicable>,qt,IC50,nM,>,cardiac_electrophysiology_qt_apd,SRC-AF728821208AC735AEE2E0D1,<missing>,unknown,experimental_summary,<not_applicable>,quarantined,2
observations,<not_applicable>,qt,IC50,nM,>,cardiac_electrophysiology_qt_apd,SRC-AF728821208AC735AEE2E0D1,preclinical_in_vitro,unknown,experimental_summary,<not_applicable>,quarantined,12
observations,<not_applicable>,qt,Inhibition,%,=,cardiac_electrophysiology_qt_apd,SRC-AF728821208AC735AEE2E0D1,preclinical_in_vivo,unknown,experimental_summary,<not_applicable>,quarantined,2
observations,<not_applicable>,qt,Inhibition,%,not_reported,cardiac_electrophysiology_qt_apd,SRC-AF728821208AC735AEE2E0D1,<missing>,unknown,experimental_summary,<not_applicable>,quarantined,2
observations,<not_applicable>,qt,Inhibition,%,not_reported,cardiac_electrophysiology_qt_apd,SRC-AF728821208AC735AEE2E0D1,preclinical_in_vivo,unknown,experimental_summary,<not_applicable>,quarantined,6
observations,<not_applicable>,qt,Ki,nM,=,cardiac_electrophysiology_qt_apd,SRC-AF728821208AC735AEE2E0D1,preclinical_in_vitro,unknown,experimental_summary,<not_applicable>,quarantined,5
observations,<not_applicable>,qt,Ki,nM,>,cardiac_electrophysiology_qt_apd,SRC-AF728821208AC735AEE2E0D1,preclinical_in_vitro,unknown,experimental_summary,<not_applicable>,quarantined,2
observations,<not_applicable>,qt,LOAEL,ng/mL,=,cardiac_electrophysiology_qt_apd,SRC-AF728821208AC735AEE2E0D1,<missing>,unknown,experimental_summary,<not_applicable>,quarantined,2
observations,<not_applicable>,qt,MED,<missing>,not_reported,cardiac_electrophysiology_qt_apd,SRC-AF728821208AC735AEE2E0D1,<missing>,unknown,experimental_summary,<not_applicable>,quarantined,4
observations,<not_applicable>,qt,MED,mgkg-1,=,cardiac_electrophysiology_qt_apd,SRC-AF728821208AC735AEE2E0D1,<missing>,unknown,experimental_summary,<not_applicable>,quarantined,4
observations,<not_applicable>,qt,Max delta APD95,%,=,cardiac_electrophysiology_qt_apd,SRC-AF728821208AC735AEE2E0D1,<missing>,unknown,experimental_summary,<not_applicable>,quarantined,30
observations,<not_applicable>,qt,NOAEL,ng/mL,=,cardiac_electrophysiology_qt_apd,SRC-AF728821208AC735AEE2E0D1,<missing>,unknown,experimental_summary,<not_applicable>,quarantined,2
observations,<not_applicable>,qt,Prolonged QT,<missing>,not_reported,cardiac_electrophysiology_qt_apd,SRC-AF728821208AC735AEE2E0D1,<missing>,unknown,experimental_summary,<not_applicable>,quarantined,1
observations,<not_applicable>,qt,QT,ms,=,other_bioactivity,SRC-AF728821208AC735AEE2E0D1,<missing>,unknown,experimental_summary,<not_applicable>,review,12
observations,<not_applicable>,qt,QT,ms,not_reported,other_bioactivity,SRC-AF728821208AC735AEE2E0D1,<missing>,unknown,experimental_summary,<not_applicable>,quarantined,6
observations,<not_applicable>,qt,QT interval,<missing>,not_reported,cardiac_electrophysiology_qt_apd,SRC-AF728821208AC735AEE2E0D1,<missing>,unknown,experimental_summary,<not_applicable>,quarantined,4
observations,<not_applicable>,qt,QT interval,<missing>,not_reported,other_bioactivity,SRC-AF728821208AC735AEE2E0D1,<missing>,unknown,experimental_summary,<not_applicable>,quarantined,4
observations,<not_applicable>,qt,QT interval,ms,=,cardiac_electrophysiology_qt_apd,SRC-AF728821208AC735AEE2E0D1,<missing>,unknown,experimental_summary,<not_applicable>,quarantined,13
observations,<not_applicable>,qt,QTc Interval,mss-1,=,cardiac_electrophysiology_qt_apd,SRC-AF728821208AC735AEE2E0D1,preclinical_in_vivo,unknown,experimental_summary,<not_applicable>,quarantined,3
observations,<not_applicable>,qt,QTc delta,%,=,cardiac_electrophysiology_qt_apd,SRC-AF728821208AC735AEE2E0D1,<missing>,unknown,experimental_summary,<not_applicable>,quarantined,12
observations,<not_applicable>,qt,QTc interval,ms,=,cardiac_electrophysiology_qt_apd,SRC-AF728821208AC735AEE2E0D1,preclinical_in_vivo,unknown,experimental_summary,<not_applicable>,quarantined,20
observations,<not_applicable>,qt,Ratio,<missing>,=,cardiac_electrophysiology_qt_apd,SRC-AF728821208AC735AEE2E0D1,<missing>,unknown,experimental_summary,<not_applicable>,quarantined,4
observations,<not_applicable>,qt,Ratio,ms,=,cardiac_electrophysiology_qt_apd,SRC-AF728821208AC735AEE2E0D1,<missing>,unknown,experimental_summary,<not_applicable>,quarantined,1
observations,<not_applicable>,qt,T1/2,h,=,cardiac_electrophysiology_qt_apd,SRC-AF728821208AC735AEE2E0D1,<missing>,unknown,experimental_summary,<not_applicable>,quarantined,1
observations,<not_applicable>,qt,TI,<missing>,=,cardiac_electrophysiology_qt_apd,SRC-AF728821208AC735AEE2E0D1,<missing>,unknown,experimental_summary,<not_applicable>,quarantined,2
observations,<not_applicable>,qt,TIME,h,<,cardiac_electrophysiology_qt_apd,SRC-AF728821208AC735AEE2E0D1,<missing>,unknown,experimental_summary,<not_applicable>,quarantined,1
observations,<not_applicable>,qt,TIME,h,=,cardiac_electrophysiology_qt_apd,SRC-AF728821208AC735AEE2E0D1,<missing>,unknown,experimental_summary,<not_applicable>,quarantined,201
observations,<not_applicable>,qt,TIME,h,>,cardiac_electrophysiology_qt_apd,SRC-AF728821208AC735AEE2E0D1,<missing>,unknown,experimental_summary,<not_applicable>,quarantined,1
observations,<not_applicable>,qt,fLOAEL,uM,=,cardiac_electrophysiology_qt_apd,SRC-AF728821208AC735AEE2E0D1,<missing>,unknown,experimental_summary,<not_applicable>,quarantined,2
observations,<not_applicable>,qt,fNOAEL,uM,=,cardiac_electrophysiology_qt_apd,SRC-AF728821208AC735AEE2E0D1,<missing>,unknown,experimental_summary,<not_applicable>,quarantined,2
observations,<not_applicable>,qt,k_off,s^-1,=,cardiac_electrophysiology_qt_apd,SRC-AF728821208AC735AEE2E0D1,preclinical_in_vitro,unknown,experimental_summary,<not_applicable>,review,53
observations,<not_applicable>,qt,k_off,s^-1,=,cardiac_electrophysiology_qt_apd,SRC-AF728821208AC735AEE2E0D1,preclinical_in_vivo,unknown,experimental_summary,<not_applicable>,review,21
observations,<not_applicable>,qt,kon,M^-1*s^-1,=,cardiac_electrophysiology_qt_apd,SRC-AF728821208AC735AEE2E0D1,preclinical_in_vitro,unknown,experimental_summary,<not_applicable>,review,53
observations,<not_applicable>,qt,kon,M^-1*s^-1,=,cardiac_electrophysiology_qt_apd,SRC-AF728821208AC735AEE2E0D1,preclinical_in_vivo,unknown,experimental_summary,<not_applicable>,review,21
tasks/default,TASK-0F150248605B06D35054AB3A,other,IC50,nM,<,other_bioactivity,SRC-AF728821208AC735AEE2E0D1,<not_carried_by_task_schema>,<not_carried_by_task_schema>,experimental_summary,continuous_censored,included,2055
tasks/default,TASK-0F150248605B06D35054AB3A,other,IC50,nM,<=,other_bioactivity,SRC-AF728821208AC735AEE2E0D1,<not_carried_by_task_schema>,<not_carried_by_task_schema>,experimental_summary,continuous_censored,included,117
tasks/default,TASK-0F150248605B06D35054AB3A,other,IC50,nM,>,other_bioactivity,SRC-AF728821208AC735AEE2E0D1,<not_carried_by_task_schema>,<not_carried_by_task_schema>,experimental_summary,continuous_censored,included,54570
tasks/default,TASK-0F150248605B06D35054AB3A,other,IC50,nM,>=,other_bioactivity,SRC-AF728821208AC735AEE2E0D1,<not_carried_by_task_schema>,<not_carried_by_task_schema>,experimental_summary,continuous_censored,included,154
tasks/default,TASK-0F150248605B06D35054AB3A,other,IC50,nM,interval,other_bioactivity,SRC-AF728821208AC735AEE2E0D1,<not_carried_by_task_schema>,<not_carried_by_task_schema>,experimental_summary,continuous_censored,included,105
tasks/default,TASK-16651799910722449EFC3A06,binding,Ki,nM,<,other_bioactivity,SRC-AF728821208AC735AEE2E0D1,<not_carried_by_task_schema>,<not_carried_by_task_schema>,experimental_summary,continuous_censored,included,229
tasks/default,TASK-16651799910722449EFC3A06,binding,Ki,nM,<=,other_bioactivity,SRC-AF728821208AC735AEE2E0D1,<not_carried_by_task_schema>,<not_carried_by_task_schema>,experimental_summary,continuous_censored,included,1
tasks/default,TASK-16651799910722449EFC3A06,binding,Ki,nM,>,other_bioactivity,SRC-AF728821208AC735AEE2E0D1,<not_carried_by_task_schema>,<not_carried_by_task_schema>,experimental_summary,continuous_censored,included,74053
tasks/default,TASK-16651799910722449EFC3A06,binding,Ki,nM,>=,other_bioactivity,SRC-AF728821208AC735AEE2E0D1,<not_carried_by_task_schema>,<not_carried_by_task_schema>,experimental_summary,continuous_censored,included,7
tasks/default,TASK-16651799910722449EFC3A06,binding,Ki,nM,interval,other_bioactivity,SRC-AF728821208AC735AEE2E0D1,<not_carried_by_task_schema>,<not_carried_by_task_schema>,experimental_summary,continuous_censored,included,8
tasks/default,TASK-16D26014A6EE2CCBB0F180D8,other,EC50,nM,<,other_bioactivity,SRC-AF728821208AC735AEE2E0D1,<not_carried_by_task_schema>,<not_carried_by_task_schema>,experimental_summary,continuous_censored,included,1066
tasks/default,TASK-16D26014A6EE2CCBB0F180D8,other,EC50,nM,<=,other_bioactivity,SRC-AF728821208AC735AEE2E0D1,<not_carried_by_task_schema>,<not_carried_by_task_schema>,experimental_summary,continuous_censored,included,12
tasks/default,TASK-16D26014A6EE2CCBB0F180D8,other,EC50,nM,>,other_bioactivity,SRC-AF728821208AC735AEE2E0D1,<not_carried_by_task_schema>,<not_carried_by_task_schema>,experimental_summary,continuous_censored,included,20202
tasks/default,TASK-16D26014A6EE2CCBB0F180D8,other,EC50,nM,>=,other_bioactivity,SRC-AF728821208AC735AEE2E0D1,<not_carried_by_task_schema>,<not_carried_by_task_schema>,experimental_summary,continuous_censored,included,90
tasks/default,TASK-16D26014A6EE2CCBB0F180D8,other,EC50,nM,interval,other_bioactivity,SRC-AF728821208AC735AEE2E0D1,<not_carried_by_task_schema>,<not_carried_by_task_schema>,experimental_summary,continuous_censored,included,366
tasks/default,TASK-185C1D81F9F284D5C0B37F92,herg,IC50,nM,=,herg_functional,SRC-AF728821208AC735AEE2E0D1,<not_carried_by_task_schema>,<not_carried_by_task_schema>,experimental_summary,continuous_exact,included,137
tasks/default,TASK-1B148EB4AA206DC14BAAAE7C,binding,Kd,nM,<,other_bioactivity,SRC-AF728821208AC735AEE2E0D1,<not_carried_by_task_schema>,<not_carried_by_task_schema>,experimental_summary,continuous_censored,included,26
tasks/default,TASK-1B148EB4AA206DC14BAAAE7C,binding,Kd,nM,>,other_bioactivity,SRC-AF728821208AC735AEE2E0D1,<not_carried_by_task_schema>,<not_carried_by_task_schema>,experimental_summary,continuous_censored,included,333
tasks/default,TASK-1B148EB4AA206DC14BAAAE7C,binding,Kd,nM,>=,other_bioactivity,SRC-AF728821208AC735AEE2E0D1,<not_carried_by_task_schema>,<not_carried_by_task_schema>,experimental_summary,continuous_censored,included,1
tasks/default,TASK-24FCDD605CA028A5E5121026,binding,Kd,nM,=,other_bioactivity,SRC-AF728821208AC735AEE2E0D1,<not_carried_by_task_schema>,<not_carried_by_task_schema>,experimental_summary,continuous_exact,included,5458
tasks/default,TASK-28F030031D94BE74C58104B5,binding,Kd,nM,<,binding,SRC-AF728821208AC735AEE2E0D1,<not_carried_by_task_schema>,<not_carried_by_task_schema>,experimental_summary,continuous_censored,included,3426
tasks/default,TASK-28F030031D94BE74C58104B5,binding,Kd,nM,<=,binding,SRC-AF728821208AC735AEE2E0D1,<not_carried_by_task_schema>,<not_carried_by_task_schema>,experimental_summary,continuous_censored,included,48
tasks/default,TASK-28F030031D94BE74C58104B5,binding,Kd,nM,>,binding,SRC-AF728821208AC735AEE2E0D1,<not_carried_by_task_schema>,<not_carried_by_task_schema>,experimental_summary,continuous_censored,included,92372
tasks/default,TASK-28F030031D94BE74C58104B5,binding,Kd,nM,>=,binding,SRC-AF728821208AC735AEE2E0D1,<not_carried_by_task_schema>,<not_carried_by_task_schema>,experimental_summary,continuous_censored,included,98
tasks/default,TASK-28F030031D94BE74C58104B5,binding,Kd,nM,interval,binding,SRC-AF728821208AC735AEE2E0D1,<not_carried_by_task_schema>,<not_carried_by_task_schema>,experimental_summary,continuous_censored,included,55
tasks/default,TASK-3170A418BCD7BD16A41B2DA6,binding,IC50,nM,=,pk_adme,SRC-AF728821208AC735AEE2E0D1,<not_carried_by_task_schema>,<not_carried_by_task_schema>,experimental_summary,continuous_exact,included,1
tasks/default,TASK-4CF2E06E5EFAC79EBC548ADE,binding,Ki,nM,=,other_bioactivity,SRC-AF728821208AC735AEE2E0D1,<not_carried_by_task_schema>,<not_carried_by_task_schema>,experimental_summary,continuous_exact,included,49818
tasks/default,TASK-57C6160C66621BD45C149F77,binding,Ki,nM,=,binding,SRC-AF728821208AC735AEE2E0D1,<not_carried_by_task_schema>,<not_carried_by_task_schema>,experimental_summary,continuous_exact,included,407926
tasks/default,TASK-5D547122E1CE24483AB2BE65,binding,Ki,nM,=,pk_adme,SRC-AF728821208AC735AEE2E0D1,<not_carried_by_task_schema>,<not_carried_by_task_schema>,experimental_summary,continuous_exact,included,15
tasks/default,TASK-66C4C3DD1BBEBB893306A8E1,binding,EC50,nM,=,pk_adme,SRC-AF728821208AC735AEE2E0D1,<not_carried_by_task_schema>,<not_carried_by_task_schema>,experimental_summary,continuous_exact,included,4
tasks/default,TASK-6ADA59E8239A06F9F9A019FE,other,EC50,nM,=,other_bioactivity,SRC-AF728821208AC735AEE2E0D1,<not_carried_by_task_schema>,<not_carried_by_task_schema>,experimental_summary,continuous_exact,included,91936
tasks/default,TASK-719C577BE05E84FE7F1DC58E,binding,Kd,nM,=,binding,SRC-AF728821208AC735AEE2E0D1,<not_carried_by_task_schema>,<not_carried_by_task_schema>,experimental_summary,continuous_exact,included,62334
tasks/default,TASK-8985AC2B746DC2CF410D1ACE,binding,IC50,nM,=,binding,SRC-AF728821208AC735AEE2E0D1,<not_carried_by_task_schema>,<not_carried_by_task_schema>,experimental_summary,continuous_exact,included,1107075
tasks/default,TASK-924B30B89C80EF491174298D,other,IC50,nM,=,other_bioactivity,SRC-AF728821208AC735AEE2E0D1,<not_carried_by_task_schema>,<not_carried_by_task_schema>,experimental_summary,continuous_exact,included,129920
tasks/default,TASK-951CAD2EF4E7E86B42C1E78F,binding,Ki,nM,<,binding,SRC-AF728821208AC735AEE2E0D1,<not_carried_by_task_schema>,<not_carried_by_task_schema>,experimental_summary,continuous_censored,included,11502
tasks/default,TASK-951CAD2EF4E7E86B42C1E78F,binding,Ki,nM,<=,binding,SRC-AF728821208AC735AEE2E0D1,<not_carried_by_task_schema>,<not_carried_by_task_schema>,experimental_summary,continuous_censored,included,168
tasks/default,TASK-951CAD2EF4E7E86B42C1E78F,binding,Ki,nM,>,binding,SRC-AF728821208AC735AEE2E0D1,<not_carried_by_task_schema>,<not_carried_by_task_schema>,experimental_summary,continuous_censored,included,46552
tasks/default,TASK-951CAD2EF4E7E86B42C1E78F,binding,Ki,nM,>=,binding,SRC-AF728821208AC735AEE2E0D1,<not_carried_by_task_schema>,<not_carried_by_task_schema>,experimental_summary,continuous_censored,included,455
tasks/default,TASK-951CAD2EF4E7E86B42C1E78F,binding,Ki,nM,interval,binding,SRC-AF728821208AC735AEE2E0D1,<not_carried_by_task_schema>,<not_carried_by_task_schema>,experimental_summary,continuous_censored,included,637
tasks/default,TASK-9EF0A903755F8DBA39DDDDC2,herg,IC50,class,=,herg_functional,SRC-AF728821208AC735AEE2E0D1,<not_carried_by_task_schema>,<not_carried_by_task_schema>,experimental_summary,categorical,included,120
tasks/default,TASK-A321BAA914C0B898F1266C70,binding,EC50,nM,=,binding,SRC-AF728821208AC735AEE2E0D1,<not_carried_by_task_schema>,<not_carried_by_task_schema>,experimental_summary,continuous_exact,included,89725
tasks/default,TASK-B0CCA81C5B5A3FAB84D62599,binding,IC50,nM,<,binding,SRC-AF728821208AC735AEE2E0D1,<not_carried_by_task_schema>,<not_carried_by_task_schema>,experimental_summary,continuous_censored,included,90593
tasks/default,TASK-B0CCA81C5B5A3FAB84D62599,binding,IC50,nM,<=,binding,SRC-AF728821208AC735AEE2E0D1,<not_carried_by_task_schema>,<not_carried_by_task_schema>,experimental_summary,continuous_censored,included,5219
tasks/default,TASK-B0CCA81C5B5A3FAB84D62599,binding,IC50,nM,>,binding,SRC-AF728821208AC735AEE2E0D1,<not_carried_by_task_schema>,<not_carried_by_task_schema>,experimental_summary,continuous_censored,included,171996
tasks/default,TASK-B0CCA81C5B5A3FAB84D62599,binding,IC50,nM,>=,binding,SRC-AF728821208AC735AEE2E0D1,<not_carried_by_task_schema>,<not_carried_by_task_schema>,experimental_summary,continuous_censored,included,2479
tasks/default,TASK-B0CCA81C5B5A3FAB84D62599,binding,IC50,nM,interval,binding,SRC-AF728821208AC735AEE2E0D1,<not_carried_by_task_schema>,<not_carried_by_task_schema>,experimental_summary,continuous_censored,included,5379
tasks/default,TASK-C2411CFAB88F5910697EFE06,binding,EC50,nM,<,binding,SRC-AF728821208AC735AEE2E0D1,<not_carried_by_task_schema>,<not_carried_by_task_schema>,experimental_summary,continuous_censored,included,4794
tasks/default,TASK-C2411CFAB88F5910697EFE06,binding,EC50,nM,<=,binding,SRC-AF728821208AC735AEE2E0D1,<not_carried_by_task_schema>,<not_carried_by_task_schema>,experimental_summary,continuous_censored,included,48
tasks/default,TASK-C2411CFAB88F5910697EFE06,binding,EC50,nM,>,binding,SRC-AF728821208AC735AEE2E0D1,<not_carried_by_task_schema>,<not_carried_by_task_schema>,experimental_summary,continuous_censored,included,14312
tasks/default,TASK-C2411CFAB88F5910697EFE06,binding,EC50,nM,>=,binding,SRC-AF728821208AC735AEE2E0D1,<not_carried_by_task_schema>,<not_carried_by_task_schema>,experimental_summary,continuous_censored,included,125
tasks/default,TASK-C2411CFAB88F5910697EFE06,binding,EC50,nM,interval,binding,SRC-AF728821208AC735AEE2E0D1,<not_carried_by_task_schema>,<not_carried_by_task_schema>,experimental_summary,continuous_censored,included,66
tasks/default,TASK-D1C8BFE0C4E8D334ADE27710,binding,Kd,nM,=,pk_adme,SRC-AF728821208AC735AEE2E0D1,<not_carried_by_task_schema>,<not_carried_by_task_schema>,experimental_summary,continuous_exact,included,2
tasks/default,TASK-F29117C07D35D4825719C634,herg,IC50,nM,>,herg_functional,SRC-AF728821208AC735AEE2E0D1,<not_carried_by_task_schema>,<not_carried_by_task_schema>,experimental_summary,continuous_censored,included,8
tasks/derived_sensitivity,TASK-004A87834A39CAE50167DE09,herg,standard_binding_free_energy,kcal/mol,=,herg_binding,SRC-AF728821208AC735AEE2E0D1,<not_carried_by_task_schema>,<not_carried_by_task_schema>,derived,continuous_exact,included,1
tasks/derived_sensitivity,TASK-1DCA90F0D65AD70DE64631D2,binding,standard_binding_free_energy,kcal/mol,=,other_bioactivity,SRC-AF728821208AC735AEE2E0D1,<not_carried_by_task_schema>,<not_carried_by_task_schema>,derived,continuous_exact,included,5458
tasks/derived_sensitivity,TASK-862A7CCDB5290EB3CD6BF292,herg,standard_binding_free_energy,kcal/mol,=,herg_other,SRC-AF728821208AC735AEE2E0D1,<not_carried_by_task_schema>,<not_carried_by_task_schema>,derived,continuous_exact,included,44
tasks/derived_sensitivity,TASK-9039BC395D75BD7807787ADB,binding,standard_binding_free_energy,kcal/mol,=,pk_adme,SRC-AF728821208AC735AEE2E0D1,<not_carried_by_task_schema>,<not_carried_by_task_schema>,derived,continuous_exact,included,2
tasks/derived_sensitivity,TASK-B46765EBACEE985CE4DCB23A,binding,standard_binding_free_energy,kcal/mol,=,binding,SRC-AF728821208AC735AEE2E0D1,<not_carried_by_task_schema>,<not_carried_by_task_schema>,derived,continuous_exact,included,62334
