structure_id,endpoint,assay_family,n_measurements,n_source_rows,n_cross_source_mirror_rows_collapsed,n_sources,n_exact_measurements,n_censored_measurements,n_approximate_measurements,p_activity_median,p_activity_best,p_activity_min,value_nm_median,value_nm_best,endpoints,n_endpoints,endpoint_families,n_endpoint_families,assay_families,n_assay_families,sources,compound_ids,target_names,document_years,relations,smiles,original_smiles,canonical_smiles,standardized_smiles,inchi_key,standard_inchi_key,structure_standardization_status,activity_range_log10,is_activity_heterogeneous,heterogeneity_log_spread_threshold,censoring_policy,aggregation_value_semantics,potency_class,active_100nM,active_1uM,scored_menin_endpoint,scored_menin_assay_family,has_observed_primary_herg_record,predicted_herg_blocker_probability,predicted_herg_probability_entropy_bits,herg_max_training_tanimoto,herg_nearest_training_smiles,herg_inside_applicability_domain,predicted_herg_risk
STR-34DA364C524542BAF54B,IC50,biochemical_binding,1,1,0,1,1,0,0,9.0,9.0,9.0,1.0,1.0,IC50,1,inhibitory_potency,1,biochemical_binding,1,ChEMBL,CHEMBL4530300,Menin,2020,=,COC(=O)N[C@H]1CCC[C@@H]1[C@](CN1CCC1)(c1cccc(F)c1)C1CCN(CC2CN(c3ccc(S(=O)(=O)C4CN(C(=O)/C=C/CN5CC(F)(F)C5)C4)cc3)C2)CC1,COC(=O)N[C@H]1CCC[C@@H]1[C@](CN1CCC1)(c1cccc(F)c1)C1CCN(CC2CN(c3ccc(S(=O)(=O)C4CN(C(=O)/C=C/CN5CC(F)(F)C5)C4)cc3)C2)CC1,COC(=O)N[C@H]1CCC[C@@H]1[C@](CN1CCC1)(c1cccc(F)c1)C1CCN(CC2CN(c3ccc(S(=O)(=O)C4CN(C(=O)/C=C/CN5CC(F)(F)C5)C4)cc3)C2)CC1,COC(=O)N[C@H]1CCC[C@@H]1[C@](CN1CCC1)(c1cccc(F)c1)C1CCN(CC2CN(c3ccc(S(=O)(=O)C4CN(C(=O)/C=C/CN5CC(F)(F)C5)C4)cc3)C2)CC1,LAHJBSUOBULURD-HHKHNSFJSA-N,LAHJBSUOBULURD-HHKHNSFJSA-N,standardized,0.0,False,2.0,strict_exact,exact_point_estimate,high_potency_<=100nM,True,True,IC50,biochemical_binding,False,0.6349104559347859,0.9468269579127947,0.24060150980949402,O=C(N[C@H]1CCN(CC2CCC2)C[C@@H]1C(=O)NC1(c2ncccn2)CC1)c1cc(-c2ccc(F)cc2F)on1,False,medium
STR-34FE1D5BDCFE7B2EB7FE,IC50,biochemical_binding,1,1,0,1,1,0,0,9.0,9.0,9.0,1.0,1.0,IC50,1,inhibitory_potency,1,biochemical_binding,1,ChEMBL,CHEMBL4211366,Menin,2018,=,O=c1cccc2n1[C@@H]1C[C@H](C2)CN(CC(O)CCCc2ccccc2)C1,O=c1cccc2n1[C@@H]1C[C@H](C2)CN(CC(O)CCCc2ccccc2)C1,O=c1cccc2n1[C@@H]1C[C@H](C2)CN(CC(O)CCCc2ccccc2)C1,O=c1cccc2n1[C@@H]1C[C@H](C2)CN(CC(O)CCCc2ccccc2)C1,MCMLLYNXDSNKTO-PALXJHBUSA-N,MCMLLYNXDSNKTO-PALXJHBUSA-N,standardized,0.0,False,2.0,strict_exact,exact_point_estimate,high_potency_<=100nM,True,True,IC50,biochemical_binding,False,0.7861409917587309,0.7487946294905483,0.2857142984867096,O=C(CCc1ccccc1)c1ccccc1OCC(O)CN1CCC(c2ccccc2)CC1,True,high
STR-BB3373616F96D1625E90,IC50,biochemical_binding,1,2,1,2,1,0,0,9.0,9.0,9.0,1.0,1.0,IC50,1,inhibitory_potency,1,biochemical_binding,1,ChEMBL;PubChem,CHEMBL6053681,Menin,2021,=,CCc1nccn1C[C@@](c1cccc(F)c1)(C1CCN(CC2(F)CN(c3ccc(S(=O)(=O)C4CN(C(=O)/C=C/CN(C)C)C4)cc3)C2)CC1)[C@H]1CCC[C@@H]1NC(=O)OC,CCc1nccn1C[C@@](c1cccc(F)c1)(C1CCN(CC2(F)CN(c3ccc(S(=O)(=O)C4CN(C(=O)/C=C/CN(C)C)C4)cc3)C2)CC1)[C@H]1CCC[C@@H]1NC(=O)OC,CCc1nccn1C[C@@](c1cccc(F)c1)(C1CCN(CC2(F)CN(c3ccc(S(=O)(=O)C4CN(C(=O)/C=C/CN(C)C)C4)cc3)C2)CC1)[C@H]1CCC[C@@H]1NC(=O)OC,CCc1nccn1C[C@@](c1cccc(F)c1)(C1CCN(CC2(F)CN(c3ccc(S(=O)(=O)C4CN(C(=O)/C=C/CN(C)C)C4)cc3)C2)CC1)[C@H]1CCC[C@@H]1NC(=O)OC,BCTIJYSCGDNKEE-OKOZNKHASA-N,BCTIJYSCGDNKEE-OKOZNKHASA-N,standardized,0.0,False,2.0,strict_exact,exact_point_estimate,high_potency_<=100nM,True,True,IC50,biochemical_binding,False,0.9393847664100523,0.32988234092012836,0.22695034742355347,CCCN1CC[C@H](NC(=O)c2cc(-c3ccc(F)cc3F)on2)[C@@H](C(=O)NC2(c3ncccn3)CC2)C1,False,high
STR-4A902F7AC5A334C3F331,IC50,biochemical_binding,1,1,0,1,1,0,0,8.769551078621726,8.769551078621726,8.769551078621726,1.7,1.7,IC50,1,inhibitory_potency,1,biochemical_binding,1,ChEMBL,CHEMBL5076146,Menin,2021,=,COC(=O)N[C@H]1CCC[C@@H]1[C@](CN(C)C)(c1cccc(F)c1)C1CCN(CC2CN(c3ccc(S(=O)(=O)C4CC4)cc3)C2)CC1,COC(=O)N[C@H]1CCC[C@@H]1[C@](CN(C)C)(c1cccc(F)c1)C1CCN(CC2CN(c3ccc(S(=O)(=O)C4CC4)cc3)C2)CC1,COC(=O)N[C@H]1CCC[C@@H]1[C@](CN(C)C)(c1cccc(F)c1)C1CCN(CC2CN(c3ccc(S(=O)(=O)C4CC4)cc3)C2)CC1,COC(=O)N[C@H]1CCC[C@@H]1[C@](CN(C)C)(c1cccc(F)c1)C1CCN(CC2CN(c3ccc(S(=O)(=O)C4CC4)cc3)C2)CC1,REIRIUGWHFIUEL-BVPJJHLOSA-N,REIRIUGWHFIUEL-BVPJJHLOSA-N,standardized,0.0,False,2.0,strict_exact,exact_point_estimate,high_potency_<=100nM,True,True,IC50,biochemical_binding,False,0.9703376244298041,0.19269585209555853,0.2647058963775635,CC(=O)Nc1cccc(N2CCN(CC3CCN(S(=O)(=O)CC4CCCCC4)CC3)CC2)c1,True,high
STR-BD5E8CD3F04E20EF2036,IC50,biochemical_binding,2,3,1,2,2,0,0,8.734260541478871,8.769551078621726,8.698970004336019,1.85,1.7,IC50,1,inhibitory_potency,1,biochemical_binding,1,ChEMBL;PubChem,CHEMBL4457657,Menin,2020;2021,=,CCc1nccn1C[C@@](c1cccc(F)c1)(C1CCN(CC2CN(c3ccc(S(=O)(=O)C4CN(C(=O)/C=C/CN(C)C)C4)cc3)C2)CC1)[C@H]1CCC[C@@H]1NC(=O)OC,CCc1nccn1C[C@@](c1cccc(F)c1)(C1CCN(CC2CN(c3ccc(S(=O)(=O)C4CN(C(=O)/C=C/CN(C)C)C4)cc3)C2)CC1)[C@H]1CCC[C@@H]1NC(=O)OC,CCc1nccn1C[C@@](c1cccc(F)c1)(C1CCN(CC2CN(c3ccc(S(=O)(=O)C4CN(C(=O)/C=C/CN(C)C)C4)cc3)C2)CC1)[C@H]1CCC[C@@H]1NC(=O)OC,CCc1nccn1C[C@@](c1cccc(F)c1)(C1CCN(CC2CN(c3ccc(S(=O)(=O)C4CN(C(=O)/C=C/CN(C)C)C4)cc3)C2)CC1)[C@H]1CCC[C@@H]1NC(=O)OC,VTXKKSADZLUBMC-RXLAIJPWSA-N,VTXKKSADZLUBMC-RXLAIJPWSA-N,standardized,0.0705810742857071,False,2.0,strict_exact,exact_point_estimate,high_potency_<=100nM,True,True,IC50,biochemical_binding,False,0.9478516181129477,0.29545396585678213,0.24242424964904785,CCc1ccn2ccnc2c1N1CCCN(CC2CCN(C(=O)[C@H]3C[C@@H]4CC[C@H]3O4)CC2)CC1,False,high
STR-0AF48A7398AE4A10DB6D,IC50,biochemical_binding,1,2,1,2,1,0,0,8.698970004336019,8.698970004336019,8.698970004336019,2.0,2.0,IC50,1,inhibitory_potency,1,biochemical_binding,1,ChEMBL;PubChem,CHEMBL5864844,Menin,2021,=,COC(=O)N[C@H]1CCC[C@@H]1[C@](C#N)(c1cccc(F)c1)C1CCN(CC2CN(c3ccc(S(=O)(=O)c4cccc(NC(=O)/C=C/CN(C)C)c4)cc3)C2)CC1,COC(=O)N[C@H]1CCC[C@@H]1[C@](C#N)(c1cccc(F)c1)C1CCN(CC2CN(c3ccc(S(=O)(=O)c4cccc(NC(=O)/C=C/CN(C)C)c4)cc3)C2)CC1,COC(=O)N[C@H]1CCC[C@@H]1[C@](C#N)(c1cccc(F)c1)C1CCN(CC2CN(c3ccc(S(=O)(=O)c4cccc(NC(=O)/C=C/CN(C)C)c4)cc3)C2)CC1,COC(=O)N[C@H]1CCC[C@@H]1[C@](C#N)(c1cccc(F)c1)C1CCN(CC2CN(c3ccc(S(=O)(=O)c4cccc(NC(=O)/C=C/CN(C)C)c4)cc3)C2)CC1,OWQDQPAHRNQUBK-DIHFWZERSA-N,OWQDQPAHRNQUBK-DIHFWZERSA-N,standardized,0.0,False,2.0,strict_exact,exact_point_estimate,high_potency_<=100nM,True,True,IC50,biochemical_binding,False,0.823464591066031,0.6724388532516292,0.26724138855934143,CC(=O)Nc1cccc(N2CCN(CC3CCN(S(=O)(=O)CC4CCCCC4)CC3)CC2)c1,True,high
STR-1336D74CEEF07820B1AB,IC50,biochemical_binding,1,2,1,2,1,0,0,8.698970004336019,8.698970004336019,8.698970004336019,2.0,2.0,IC50,1,inhibitory_potency,1,biochemical_binding,1,ChEMBL;PubChem,CHEMBL5817522,Menin,2021,=,CCc1nccn1C[C@@](c1cccc(F)c1)(C1CCN(CC2CN(c3ccc(S(=O)(=O)C4CN(C(=O)/C=C/CN5CCCCC5)C4)cc3)C2)CC1)[C@H]1CCC[C@@H]1NC(=O)OC,CCc1nccn1C[C@@](c1cccc(F)c1)(C1CCN(CC2CN(c3ccc(S(=O)(=O)C4CN(C(=O)/C=C/CN5CCCCC5)C4)cc3)C2)CC1)[C@H]1CCC[C@@H]1NC(=O)OC,CCc1nccn1C[C@@](c1cccc(F)c1)(C1CCN(CC2CN(c3ccc(S(=O)(=O)C4CN(C(=O)/C=C/CN5CCCCC5)C4)cc3)C2)CC1)[C@H]1CCC[C@@H]1NC(=O)OC,CCc1nccn1C[C@@](c1cccc(F)c1)(C1CCN(CC2CN(c3ccc(S(=O)(=O)C4CN(C(=O)/C=C/CN5CCCCC5)C4)cc3)C2)CC1)[C@H]1CCC[C@@H]1NC(=O)OC,TYMDSYUCUHFHCP-IJGIHWNJSA-N,TYMDSYUCUHFHCP-IJGIHWNJSA-N,standardized,0.0,False,2.0,strict_exact,exact_point_estimate,high_potency_<=100nM,True,True,IC50,biochemical_binding,False,0.9111782440832904,0.43252471619245597,0.24817518889904022,O=C(N[C@H]1CCN(CC2CCC2)C[C@@H]1C(=O)NC1(c2ncccn2)CC1)c1cc(-c2ccc(F)cc2F)on1,False,high
STR-22ABADFB64D91C6FE7F1,IC50,biochemical_binding,1,1,0,1,1,0,0,8.698970004336019,8.698970004336019,8.698970004336019,2.0,2.0,IC50,1,inhibitory_potency,1,biochemical_binding,1,ChEMBL,CHEMBL4450979,Menin,2020,=,COC(=O)N[C@H]1CCC[C@@H]1[C@](CN1CCC1)(c1cccc(F)c1)C1CCN(CC2CN(c3ccc(S(=O)(=O)C4CN(C(=O)/C=C/CN5CCC(F)(F)CC5)C4)cc3)C2)CC1,COC(=O)N[C@H]1CCC[C@@H]1[C@](CN1CCC1)(c1cccc(F)c1)C1CCN(CC2CN(c3ccc(S(=O)(=O)C4CN(C(=O)/C=C/CN5CCC(F)(F)CC5)C4)cc3)C2)CC1,COC(=O)N[C@H]1CCC[C@@H]1[C@](CN1CCC1)(c1cccc(F)c1)C1CCN(CC2CN(c3ccc(S(=O)(=O)C4CN(C(=O)/C=C/CN5CCC(F)(F)CC5)C4)cc3)C2)CC1,COC(=O)N[C@H]1CCC[C@@H]1[C@](CN1CCC1)(c1cccc(F)c1)C1CCN(CC2CN(c3ccc(S(=O)(=O)C4CN(C(=O)/C=C/CN5CCC(F)(F)CC5)C4)cc3)C2)CC1,LOWYBCWMGXXERT-XUTGVCKDSA-N,LOWYBCWMGXXERT-XUTGVCKDSA-N,standardized,0.0,False,2.0,strict_exact,exact_point_estimate,high_potency_<=100nM,True,True,IC50,biochemical_binding,False,0.8876918845885489,0.5068389155778336,0.23880596458911896,O=C(N[C@H]1CCN(CC2CCC2)C[C@@H]1C(=O)NC1(c2ncccn2)CC1)c1cc(-c2ccc(F)cc2F)on1,False,high
STR-33EC56FC5D9EE8140CC4,IC50,biochemical_binding,1,2,1,2,1,0,0,8.698970004336019,8.698970004336019,8.698970004336019,2.0,2.0,IC50,1,inhibitory_potency,1,biochemical_binding,1,ChEMBL;PubChem,CHEMBL5794245,Menin,2021,=,C=CC(=O)Nc1ccc(S(=O)(=O)c2ccc(N3CC(CN4CCC([C@@](C#N)(c5cccc(F)c5)[C@H]5CCC[C@@H]5OC(=O)NC)CC4)C3)cc2)cc1,C=CC(=O)Nc1ccc(S(=O)(=O)c2ccc(N3CC(CN4CCC([C@@](C#N)(c5cccc(F)c5)[C@H]5CCC[C@@H]5OC(=O)NC)CC4)C3)cc2)cc1,C=CC(=O)Nc1ccc(S(=O)(=O)c2ccc(N3CC(CN4CCC([C@@](C#N)(c5cccc(F)c5)[C@H]5CCC[C@@H]5OC(=O)NC)CC4)C3)cc2)cc1,C=CC(=O)Nc1ccc(S(=O)(=O)c2ccc(N3CC(CN4CCC([C@@](C#N)(c5cccc(F)c5)[C@H]5CCC[C@@H]5OC(=O)NC)CC4)C3)cc2)cc1,VDJTWLOLAUELBT-YFTHYISFSA-N,VDJTWLOLAUELBT-YFTHYISFSA-N,standardized,0.0,False,2.0,strict_exact,exact_point_estimate,high_potency_<=100nM,True,True,IC50,biochemical_binding,False,0.1079864698167038,0.4938125092226403,0.26851850748062134,CC(=O)Nc1cccc(N2CCN(CC3CCN(S(=O)(=O)CC4CCCCC4)CC3)CC2)c1,True,low
STR-37892E2865C156499B87,IC50,biochemical_binding,1,1,0,1,1,0,0,8.698970004336019,8.698970004336019,8.698970004336019,2.0,2.0,IC50,1,inhibitory_potency,1,biochemical_binding,1,ChEMBL,CHEMBL4528467,Menin,2020,=,COC(=O)N[C@H]1CCC[C@@H]1[C@](CN1CCCC1)(c1cccc(F)c1)C1CCN(CC2CN(c3ccc(S(=O)(=O)C4CN(C(=O)/C=C/CN(C)C)C4)cc3)C2)CC1,COC(=O)N[C@H]1CCC[C@@H]1[C@](CN1CCCC1)(c1cccc(F)c1)C1CCN(CC2CN(c3ccc(S(=O)(=O)C4CN(C(=O)/C=C/CN(C)C)C4)cc3)C2)CC1,COC(=O)N[C@H]1CCC[C@@H]1[C@](CN1CCCC1)(c1cccc(F)c1)C1CCN(CC2CN(c3ccc(S(=O)(=O)C4CN(C(=O)/C=C/CN(C)C)C4)cc3)C2)CC1,COC(=O)N[C@H]1CCC[C@@H]1[C@](CN1CCCC1)(c1cccc(F)c1)C1CCN(CC2CN(c3ccc(S(=O)(=O)C4CN(C(=O)/C=C/CN(C)C)C4)cc3)C2)CC1,OVNRZDIJJMMESW-ICECFENASA-N,OVNRZDIJJMMESW-ICECFENASA-N,standardized,0.0,False,2.0,strict_exact,exact_point_estimate,high_potency_<=100nM,True,True,IC50,biochemical_binding,False,0.8993554294524752,0.471035510231969,0.23076923191547394,CC(=O)Nc1cccc(N2CCN(CC3CCN(S(=O)(=O)CC4CCCCC4)CC3)CC2)c1,False,high
STR-5809FBCCA5EEA2161D90,IC50,biochemical_binding,1,2,1,2,1,0,0,8.698970004336019,8.698970004336019,8.698970004336019,2.0,2.0,IC50,1,inhibitory_potency,1,biochemical_binding,1,ChEMBL;PubChem,CHEMBL5983807,Menin,2021,=,C=CC(=O)Nc1cccc(S(=O)(=O)c2ccc(N3CC(F)(CN4CCC([C@@](Cn5ccnc5CC)(c5cccc(F)c5)[C@H]5CCC[C@@H]5NC(=O)OC)CC4)C3)cc2)c1,C=CC(=O)Nc1cccc(S(=O)(=O)c2ccc(N3CC(F)(CN4CCC([C@@](Cn5ccnc5CC)(c5cccc(F)c5)[C@H]5CCC[C@@H]5NC(=O)OC)CC4)C3)cc2)c1,C=CC(=O)Nc1cccc(S(=O)(=O)c2ccc(N3CC(F)(CN4CCC([C@@](Cn5ccnc5CC)(c5cccc(F)c5)[C@H]5CCC[C@@H]5NC(=O)OC)CC4)C3)cc2)c1,C=CC(=O)Nc1cccc(S(=O)(=O)c2ccc(N3CC(F)(CN4CCC([C@@](Cn5ccnc5CC)(c5cccc(F)c5)[C@H]5CCC[C@@H]5NC(=O)OC)CC4)C3)cc2)c1,HKERAIYWULHZDL-RUSQAUJYSA-N,HKERAIYWULHZDL-RUSQAUJYSA-N,standardized,0.0,False,2.0,strict_exact,exact_point_estimate,high_potency_<=100nM,True,True,IC50,biochemical_binding,False,0.8166251025269712,0.6874046667933553,0.2240000069141388,CC(=O)Nc1cccc(N2CCN(CC3CCN(S(=O)(=O)CC4CCCCC4)CC3)CC2)c1,False,high
STR-72BC2AEC0C9B5FB0C4A6,IC50,biochemical_binding,1,1,0,1,1,0,0,8.698970004336019,8.698970004336019,8.698970004336019,2.0,2.0,IC50,1,inhibitory_potency,1,biochemical_binding,1,ChEMBL,CHEMBL4553102,Menin,2020,=,C=CC(=O)N1CC(S(=O)(=O)c2ccc(N3CC(CN4CCC([C@@](CN5CCC5)(c5cccc(F)c5)[C@H]5CCC[C@@H]5NC(=O)OC)CC4)C3)cc2)C1,C=CC(=O)N1CC(S(=O)(=O)c2ccc(N3CC(CN4CCC([C@@](CN5CCC5)(c5cccc(F)c5)[C@H]5CCC[C@@H]5NC(=O)OC)CC4)C3)cc2)C1,C=CC(=O)N1CC(S(=O)(=O)c2ccc(N3CC(CN4CCC([C@@](CN5CCC5)(c5cccc(F)c5)[C@H]5CCC[C@@H]5NC(=O)OC)CC4)C3)cc2)C1,C=CC(=O)N1CC(S(=O)(=O)c2ccc(N3CC(CN4CCC([C@@](CN5CCC5)(c5cccc(F)c5)[C@H]5CCC[C@@H]5NC(=O)OC)CC4)C3)cc2)C1,NWSQYPVQEHIJSZ-YFTHYISFSA-N,NWSQYPVQEHIJSZ-YFTHYISFSA-N,standardized,0.0,False,2.0,strict_exact,exact_point_estimate,high_potency_<=100nM,True,True,IC50,biochemical_binding,False,0.8560802644499526,0.594412902985068,0.2432432472705841,CC(=O)Nc1cccc(N2CCN(CC3CCN(S(=O)(=O)CC4CCCCC4)CC3)CC2)c1,False,high
STR-73526DEBB89B97E16E0E,IC50,biochemical_binding,1,1,0,1,1,0,0,8.698970004336019,8.698970004336019,8.698970004336019,2.0,2.0,IC50,1,inhibitory_potency,1,biochemical_binding,1,ChEMBL,CHEMBL4456003,Menin,2020,=,COC(=O)N[C@H]1CCC[C@@H]1[C@](CN1CCC1)(c1cccc(F)c1)C1CCN(CC2CN(c3ccc(S(=O)(=O)C4CN(C(=O)/C=C/CN5CCCC5)C4)cc3)C2)CC1,COC(=O)N[C@H]1CCC[C@@H]1[C@](CN1CCC1)(c1cccc(F)c1)C1CCN(CC2CN(c3ccc(S(=O)(=O)C4CN(C(=O)/C=C/CN5CCCC5)C4)cc3)C2)CC1,COC(=O)N[C@H]1CCC[C@@H]1[C@](CN1CCC1)(c1cccc(F)c1)C1CCN(CC2CN(c3ccc(S(=O)(=O)C4CN(C(=O)/C=C/CN5CCCC5)C4)cc3)C2)CC1,COC(=O)N[C@H]1CCC[C@@H]1[C@](CN1CCC1)(c1cccc(F)c1)C1CCN(CC2CN(c3ccc(S(=O)(=O)C4CN(C(=O)/C=C/CN5CCCC5)C4)cc3)C2)CC1,FYTWPDGQAHYEIH-YGZSATHDSA-N,FYTWPDGQAHYEIH-YGZSATHDSA-N,standardized,0.0,False,2.0,strict_exact,exact_point_estimate,high_potency_<=100nM,True,True,IC50,biochemical_binding,False,0.7393662905760005,0.827701143818921,0.2347826063632965,CC(=O)Nc1cccc(N2CCN(CC3CCN(S(=O)(=O)CC4CCCCC4)CC3)CC2)c1,False,high
STR-7A321275AB46AC4BC765,IC50,biochemical_binding,1,2,1,2,1,0,0,8.698970004336019,8.698970004336019,8.698970004336019,2.0,2.0,IC50,1,inhibitory_potency,1,biochemical_binding,1,ChEMBL;PubChem,CHEMBL5766765,Menin,2021,=,C=CC(=O)N1CC(S(=O)(=O)c2ccc(N3CC(F)(CN4CCC([C@@](Cn5ccnc5CC)(c5cccc(F)c5)[C@H]5CCC[C@@H]5NC(=O)OC)CC4)C3)cc2)C1,C=CC(=O)N1CC(S(=O)(=O)c2ccc(N3CC(F)(CN4CCC([C@@](Cn5ccnc5CC)(c5cccc(F)c5)[C@H]5CCC[C@@H]5NC(=O)OC)CC4)C3)cc2)C1,C=CC(=O)N1CC(S(=O)(=O)c2ccc(N3CC(F)(CN4CCC([C@@](Cn5ccnc5CC)(c5cccc(F)c5)[C@H]5CCC[C@@H]5NC(=O)OC)CC4)C3)cc2)C1,C=CC(=O)N1CC(S(=O)(=O)c2ccc(N3CC(F)(CN4CCC([C@@](Cn5ccnc5CC)(c5cccc(F)c5)[C@H]5CCC[C@@H]5NC(=O)OC)CC4)C3)cc2)C1,ZBOGYQTVZTVLMN-XRBIJUOGSA-N,ZBOGYQTVZTVLMN-XRBIJUOGSA-N,standardized,0.0,False,2.0,strict_exact,exact_point_estimate,high_potency_<=100nM,True,True,IC50,biochemical_binding,False,0.9109179633858075,0.43339833025743985,0.23529411852359772,CCCN1CC[C@H](NC(=O)c2cc(-c3ccc(F)cc3F)on2)[C@@H](C(=O)NC2(c3ncccn3)CC2)C1,False,high
STR-C0C912780560E33EFE90,IC50,biochemical_binding,1,1,0,1,1,0,0,8.698970004336019,8.698970004336019,8.698970004336019,2.0,2.0,IC50,1,inhibitory_potency,1,biochemical_binding,1,ChEMBL,CHEMBL4571451,Menin,2020,=,COC(=O)N[C@H]1CCC[C@@H]1[C@](CN1CCCCC1)(c1cccc(F)c1)C1CCN(CC2CN(c3ccc(S(=O)(=O)C4CN(C(=O)/C=C/CN(C)C)C4)cc3)C2)CC1,COC(=O)N[C@H]1CCC[C@@H]1[C@](CN1CCCCC1)(c1cccc(F)c1)C1CCN(CC2CN(c3ccc(S(=O)(=O)C4CN(C(=O)/C=C/CN(C)C)C4)cc3)C2)CC1,COC(=O)N[C@H]1CCC[C@@H]1[C@](CN1CCCCC1)(c1cccc(F)c1)C1CCN(CC2CN(c3ccc(S(=O)(=O)C4CN(C(=O)/C=C/CN(C)C)C4)cc3)C2)CC1,COC(=O)N[C@H]1CCC[C@@H]1[C@](CN1CCCCC1)(c1cccc(F)c1)C1CCN(CC2CN(c3ccc(S(=O)(=O)C4CN(C(=O)/C=C/CN(C)C)C4)cc3)C2)CC1,LDZSXMDCTIKQIQ-KQAQRFHNSA-N,LDZSXMDCTIKQIQ-KQAQRFHNSA-N,standardized,0.0,False,2.0,strict_exact,exact_point_estimate,high_potency_<=100nM,True,True,IC50,biochemical_binding,False,0.9327483402222868,0.35558265480020085,0.23931623995304108,CC(=O)Nc1cccc(N2CCN(CC3CCN(S(=O)(=O)CC4CCCCC4)CC3)CC2)c1,False,high
STR-C6C7319A2332D2316F26,IC50,biochemical_binding,1,1,0,1,1,0,0,8.698970004336019,8.698970004336019,8.698970004336019,2.0,2.0,IC50,1,inhibitory_potency,1,biochemical_binding,1,ChEMBL,CHEMBL4456868,Menin,2020,=,COC(=O)N[C@H]1CCC[C@@H]1[C@](CN1CCC1)(c1cccc(F)c1)C1CCN(CC2CN(c3ccc(S(=O)(=O)C4CN(C(=O)/C=C/CN5CC(F)C5)C4)cc3)C2)CC1,COC(=O)N[C@H]1CCC[C@@H]1[C@](CN1CCC1)(c1cccc(F)c1)C1CCN(CC2CN(c3ccc(S(=O)(=O)C4CN(C(=O)/C=C/CN5CC(F)C5)C4)cc3)C2)CC1,COC(=O)N[C@H]1CCC[C@@H]1[C@](CN1CCC1)(c1cccc(F)c1)C1CCN(CC2CN(c3ccc(S(=O)(=O)C4CN(C(=O)/C=C/CN5CC(F)C5)C4)cc3)C2)CC1,COC(=O)N[C@H]1CCC[C@@H]1[C@](CN1CCC1)(c1cccc(F)c1)C1CCN(CC2CN(c3ccc(S(=O)(=O)C4CN(C(=O)/C=C/CN5CC(F)C5)C4)cc3)C2)CC1,HMBDDYNLCGJMBR-JPWMAOOBSA-N,HMBDDYNLCGJMBR-JPWMAOOBSA-N,standardized,0.0,False,2.0,strict_exact,exact_point_estimate,high_potency_<=100nM,True,True,IC50,biochemical_binding,False,0.8495101105078385,0.6110648967688401,0.2288135588169098,CC(=O)Nc1cccc(N2CCN(CC3CCN(S(=O)(=O)CC4CCCCC4)CC3)CC2)c1,False,high
STR-D4B228AA42C515EFF74F,IC50,biochemical_binding,1,2,1,2,1,0,0,8.698970004336019,8.698970004336019,8.698970004336019,2.0,2.0,IC50,1,inhibitory_potency,1,biochemical_binding,1,ChEMBL;PubChem,CHEMBL5884894,Menin,2021,=,C=CC(=O)Nc1cccc(S(=O)(=O)c2ccc(N3CC(CN4CCC([C@@](C#N)(c5cccc(F)c5)[C@H]5CCC[C@@H]5NC(=O)OC)CC4)C3)cc2)c1,C=CC(=O)Nc1cccc(S(=O)(=O)c2ccc(N3CC(CN4CCC([C@@](C#N)(c5cccc(F)c5)[C@H]5CCC[C@@H]5NC(=O)OC)CC4)C3)cc2)c1,C=CC(=O)Nc1cccc(S(=O)(=O)c2ccc(N3CC(CN4CCC([C@@](C#N)(c5cccc(F)c5)[C@H]5CCC[C@@H]5NC(=O)OC)CC4)C3)cc2)c1,C=CC(=O)Nc1cccc(S(=O)(=O)c2ccc(N3CC(CN4CCC([C@@](C#N)(c5cccc(F)c5)[C@H]5CCC[C@@H]5NC(=O)OC)CC4)C3)cc2)c1,NEYHMGVJGXSGLB-YFTHYISFSA-N,NEYHMGVJGXSGLB-YFTHYISFSA-N,standardized,0.0,False,2.0,strict_exact,exact_point_estimate,high_potency_<=100nM,True,True,IC50,biochemical_binding,False,0.610831478629645,0.9642608693119634,0.2844036817550659,CC(=O)Nc1cccc(N2CCN(CC3CCN(S(=O)(=O)CC4CCCCC4)CC3)CC2)c1,True,medium
STR-E4F36A98E00A8B27E8BD,IC50,biochemical_binding,1,2,1,2,1,0,0,8.698970004336019,8.698970004336019,8.698970004336019,2.0,2.0,IC50,1,inhibitory_potency,1,biochemical_binding,1,ChEMBL;PubChem,CHEMBL4454017,Menin,2020,=,COC(=O)N[C@H]1CCC[C@@H]1[C@](Cn1ccnn1)(c1cccc(F)c1)C1CCN(CC2CN(c3ccc(S(=O)(=O)C4CN(C(=O)/C=C/CN(C)C)C4)cc3)C2)CC1,COC(=O)N[C@H]1CCC[C@@H]1[C@](Cn1ccnn1)(c1cccc(F)c1)C1CCN(CC2CN(c3ccc(S(=O)(=O)C4CN(C(=O)/C=C/CN(C)C)C4)cc3)C2)CC1,COC(=O)N[C@H]1CCC[C@@H]1[C@](Cn1ccnn1)(c1cccc(F)c1)C1CCN(CC2CN(c3ccc(S(=O)(=O)C4CN(C(=O)/C=C/CN(C)C)C4)cc3)C2)CC1,COC(=O)N[C@H]1CCC[C@@H]1[C@](Cn1ccnn1)(c1cccc(F)c1)C1CCN(CC2CN(c3ccc(S(=O)(=O)C4CN(C(=O)/C=C/CN(C)C)C4)cc3)C2)CC1,UDCCIJLZCSLTOS-ANCAAGCLSA-N,UDCCIJLZCSLTOS-ANCAAGCLSA-N,standardized,0.0,False,2.0,strict_exact,exact_point_estimate,high_potency_<=100nM,True,True,IC50,biochemical_binding,False,0.4127434336161949,0.9779185924604248,0.23188406229019165,O=C(N[C@H]1CCN(CC2CCC2)C[C@@H]1C(=O)NC1(c2ncccn2)CC1)c1cc(-c2ccc(F)cc2F)on1,False,medium
STR-F10D2D8306F0D924B76B,IC50,biochemical_binding,1,2,1,2,1,0,0,8.698970004336019,8.698970004336019,8.698970004336019,2.0,2.0,IC50,1,inhibitory_potency,1,biochemical_binding,1,ChEMBL;PubChem,CHEMBL5886290,Menin,2021,=,C=CC(=O)N1CC(S(=O)(=O)c2ccc(N3CC(CN4CCC([C@@](Cn5ccnc5CC)(c5cccc(F)c5)[C@H]5CCC[C@@H]5NC(=O)OC)CC4)C3)cc2)C1,C=CC(=O)N1CC(S(=O)(=O)c2ccc(N3CC(CN4CCC([C@@](Cn5ccnc5CC)(c5cccc(F)c5)[C@H]5CCC[C@@H]5NC(=O)OC)CC4)C3)cc2)C1,C=CC(=O)N1CC(S(=O)(=O)c2ccc(N3CC(CN4CCC([C@@](Cn5ccnc5CC)(c5cccc(F)c5)[C@H]5CCC[C@@H]5NC(=O)OC)CC4)C3)cc2)C1,C=CC(=O)N1CC(S(=O)(=O)c2ccc(N3CC(CN4CCC([C@@](Cn5ccnc5CC)(c5cccc(F)c5)[C@H]5CCC[C@@H]5NC(=O)OC)CC4)C3)cc2)C1,LXSIPWFLROWVOQ-VJZJJTPSSA-N,LXSIPWFLROWVOQ-VJZJJTPSSA-N,standardized,0.0,False,2.0,strict_exact,exact_point_estimate,high_potency_<=100nM,True,True,IC50,biochemical_binding,False,0.9230353307973661,0.39139265282049435,0.24812030792236328,O=C(N[C@H]1CCN(CC2CCC2)C[C@@H]1C(=O)NC1(c2ncccn2)CC1)c1cc(-c2ccc(F)cc2F)on1,False,high
STR-F32727EFAF81D38C7334,IC50,biochemical_binding,1,1,0,1,1,0,0,8.698970004336019,8.698970004336019,8.698970004336019,2.0,2.0,IC50,1,inhibitory_potency,1,biochemical_binding,1,ChEMBL,CHEMBL4588924,Menin,2020,=,COC(=O)N[C@H]1CCC[C@@H]1[C@](CN1CCC1)(c1cccc(F)c1)C1CCN(CC2CN(c3ccc(S(=O)(=O)C4CN(C(=O)/C=C/CN5CCC5)C4)cc3)C2)CC1,COC(=O)N[C@H]1CCC[C@@H]1[C@](CN1CCC1)(c1cccc(F)c1)C1CCN(CC2CN(c3ccc(S(=O)(=O)C4CN(C(=O)/C=C/CN5CCC5)C4)cc3)C2)CC1,COC(=O)N[C@H]1CCC[C@@H]1[C@](CN1CCC1)(c1cccc(F)c1)C1CCN(CC2CN(c3ccc(S(=O)(=O)C4CN(C(=O)/C=C/CN5CCC5)C4)cc3)C2)CC1,COC(=O)N[C@H]1CCC[C@@H]1[C@](CN1CCC1)(c1cccc(F)c1)C1CCN(CC2CN(c3ccc(S(=O)(=O)C4CN(C(=O)/C=C/CN5CCC5)C4)cc3)C2)CC1,LKWDPBUNZKEQDA-WNGYSACNSA-N,LKWDPBUNZKEQDA-WNGYSACNSA-N,standardized,0.0,False,2.0,strict_exact,exact_point_estimate,high_potency_<=100nM,True,True,IC50,biochemical_binding,False,0.7436119544732767,0.8212468227864715,0.2368421107530594,CC(=O)Nc1cccc(N2CCN(CC3CCN(S(=O)(=O)CC4CCCCC4)CC3)CC2)c1,False,high
STR-4B2666E7A6862E420991,IC50,biochemical_binding,1,1,0,1,1,0,0,8.602059991327963,8.602059991327963,8.602059991327963,2.5,2.5,IC50,1,inhibitory_potency,1,biochemical_binding,1,ChEMBL,CHEMBL5085940,Menin,2021,=,COC(=O)N[C@H]1CCC[C@@H]1[C@](CN1CCC1)(c1cccc(F)c1)C1CCN(CC2(OC)CN(c3ccc(S(=O)(=O)C4CC4)cc3)C2)CC1,COC(=O)N[C@H]1CCC[C@@H]1[C@](CN1CCC1)(c1cccc(F)c1)C1CCN(CC2(OC)CN(c3ccc(S(=O)(=O)C4CC4)cc3)C2)CC1,COC(=O)N[C@H]1CCC[C@@H]1[C@](CN1CCC1)(c1cccc(F)c1)C1CCN(CC2(OC)CN(c3ccc(S(=O)(=O)C4CC4)cc3)C2)CC1,COC(=O)N[C@H]1CCC[C@@H]1[C@](CN1CCC1)(c1cccc(F)c1)C1CCN(CC2(OC)CN(c3ccc(S(=O)(=O)C4CC4)cc3)C2)CC1,HWMVEUVCYTZXSW-YSJNHPSYSA-N,HWMVEUVCYTZXSW-YSJNHPSYSA-N,standardized,0.0,False,2.0,strict_exact,exact_point_estimate,high_potency_<=100nM,True,True,IC50,biochemical_binding,False,0.7590649778183071,0.7965917341133745,0.23333333432674408,COc1ccc([C@]2(O)CC[C@H](N3CC[C@@H](NC(=O)CNC(=O)c4cccc(C(F)(F)F)c4)C3)CC2)cn1,False,high
STR-CC119FD289E2F37C242E,IC50,biochemical_binding,1,1,0,1,1,0,0,8.585026652029182,8.585026652029182,8.585026652029182,2.6,2.6,IC50,1,inhibitory_potency,1,biochemical_binding,1,ChEMBL,CHEMBL4438797,Menin,2020,=,COC(=O)N[C@H]1CCC[C@@H]1[C@](CN1CCC1)(c1cccc(F)c1)C1CCN(CC2CN(c3ccc(S(=O)(=O)C4CN(C(=O)/C=C/CN5CCCCC5)C4)cc3)C2)CC1,COC(=O)N[C@H]1CCC[C@@H]1[C@](CN1CCC1)(c1cccc(F)c1)C1CCN(CC2CN(c3ccc(S(=O)(=O)C4CN(C(=O)/C=C/CN5CCCCC5)C4)cc3)C2)CC1,COC(=O)N[C@H]1CCC[C@@H]1[C@](CN1CCC1)(c1cccc(F)c1)C1CCN(CC2CN(c3ccc(S(=O)(=O)C4CN(C(=O)/C=C/CN5CCCCC5)C4)cc3)C2)CC1,COC(=O)N[C@H]1CCC[C@@H]1[C@](CN1CCC1)(c1cccc(F)c1)C1CCN(CC2CN(c3ccc(S(=O)(=O)C4CN(C(=O)/C=C/CN5CCCCC5)C4)cc3)C2)CC1,BTSUNSRQYLVGIS-ADTYUTHVSA-N,BTSUNSRQYLVGIS-ADTYUTHVSA-N,standardized,0.0,False,2.0,strict_exact,exact_point_estimate,high_potency_<=100nM,True,True,IC50,biochemical_binding,False,0.8148801855758656,0.6911501187428648,0.24347825348377228,CC(=O)Nc1cccc(N2CCN(CC3CCN(S(=O)(=O)CC4CCCCC4)CC3)CC2)c1,False,high
STR-A814A4A72CF8681234C9,IC50,biochemical_binding,1,1,0,1,1,0,0,8.568636235841012,8.568636235841012,8.568636235841012,2.7,2.7,IC50,1,inhibitory_potency,1,biochemical_binding,1,ChEMBL,CHEMBL5081367,Menin,2021,=,COC(=O)N[C@H]1CCC[C@@H]1[C@](CN1CCC1)(c1cccc(F)c1)C1CCN(CC2(OC)CN(c3ccc(S(=O)(=O)C4CN(C(=O)/C=C/CN(C)C)C4)cc3)C2)CC1,COC(=O)N[C@H]1CCC[C@@H]1[C@](CN1CCC1)(c1cccc(F)c1)C1CCN(CC2(OC)CN(c3ccc(S(=O)(=O)C4CN(C(=O)/C=C/CN(C)C)C4)cc3)C2)CC1,COC(=O)N[C@H]1CCC[C@@H]1[C@](CN1CCC1)(c1cccc(F)c1)C1CCN(CC2(OC)CN(c3ccc(S(=O)(=O)C4CN(C(=O)/C=C/CN(C)C)C4)cc3)C2)CC1,COC(=O)N[C@H]1CCC[C@@H]1[C@](CN1CCC1)(c1cccc(F)c1)C1CCN(CC2(OC)CN(c3ccc(S(=O)(=O)C4CN(C(=O)/C=C/CN(C)C)C4)cc3)C2)CC1,FZCLCVXNMVHYFD-BSGLOOBLSA-N,FZCLCVXNMVHYFD-BSGLOOBLSA-N,standardized,0.0,False,2.0,strict_exact,exact_point_estimate,high_potency_<=100nM,True,True,IC50,biochemical_binding,False,0.8433932176309057,0.6261297461819076,0.22142857313156128,Cc1nc2ccccc2n1C1CC2CCC(C1)N2CCC1(c2cccc(F)c2)CCN(C(=O)c2cc(S(N)(=O)=O)ccc2F)CC1,False,high
STR-C16923E52D20199D1E6F,IC50,biochemical_binding,1,1,0,1,1,0,0,8.568636235841012,8.568636235841012,8.568636235841012,2.7,2.7,IC50,1,inhibitory_potency,1,biochemical_binding,1,ChEMBL,CHEMBL5094183,Menin,2021,=,C=CC(=O)N1C[C@@H]2C[C@H]1CN2S(=O)(=O)c1ccc(N2CC(CN3CCC([C@@](CN4CCC4)(c4cccc(F)c4)[C@H]4CCC[C@@H]4NC(=O)OC)CC3)(OC)C2)cc1,C=CC(=O)N1C[C@@H]2C[C@H]1CN2S(=O)(=O)c1ccc(N2CC(CN3CCC([C@@](CN4CCC4)(c4cccc(F)c4)[C@H]4CCC[C@@H]4NC(=O)OC)CC3)(OC)C2)cc1,C=CC(=O)N1C[C@@H]2C[C@H]1CN2S(=O)(=O)c1ccc(N2CC(CN3CCC([C@@](CN4CCC4)(c4cccc(F)c4)[C@H]4CCC[C@@H]4NC(=O)OC)CC3)(OC)C2)cc1,C=CC(=O)N1C[C@@H]2C[C@H]1CN2S(=O)(=O)c1ccc(N2CC(CN3CCC([C@@](CN4CCC4)(c4cccc(F)c4)[C@H]4CCC[C@@H]4NC(=O)OC)CC3)(OC)C2)cc1,HFHVSSGMYSWPIR-SZDLQPMWSA-N,HFHVSSGMYSWPIR-SZDLQPMWSA-N,standardized,0.0,False,2.0,strict_exact,exact_point_estimate,high_potency_<=100nM,True,True,IC50,biochemical_binding,False,0.3174833815153171,0.9016237041162358,0.2542372941970825,C[C@@H]1CN(CC2(C(N)=O)CCC2)CCN1S(=O)(=O)c1ccc(C(C)(O)C(F)(F)F)cc1,False,medium
STR-93E40DC911AC439ED16C,IC50,biochemical_binding,1,1,0,1,1,0,0,8.55284196865778,8.55284196865778,8.55284196865778,2.8,2.8,IC50,1,inhibitory_potency,1,biochemical_binding,1,ChEMBL,CHEMBL5071412,Menin,2021,=,COC(=O)N[C@H]1CCC[C@@H]1[C@](CN1CCCC1)(c1cccc(F)c1)C1CCN(CC2CN(c3ccc(S(=O)(=O)C4CC4)cc3)C2)CC1,COC(=O)N[C@H]1CCC[C@@H]1[C@](CN1CCCC1)(c1cccc(F)c1)C1CCN(CC2CN(c3ccc(S(=O)(=O)C4CC4)cc3)C2)CC1,COC(=O)N[C@H]1CCC[C@@H]1[C@](CN1CCCC1)(c1cccc(F)c1)C1CCN(CC2CN(c3ccc(S(=O)(=O)C4CC4)cc3)C2)CC1,COC(=O)N[C@H]1CCC[C@@H]1[C@](CN1CCCC1)(c1cccc(F)c1)C1CCN(CC2CN(c3ccc(S(=O)(=O)C4CC4)cc3)C2)CC1,LZJNITGWXZKPLE-IWQNTTPNSA-N,LZJNITGWXZKPLE-IWQNTTPNSA-N,standardized,0.0,False,2.0,strict_exact,exact_point_estimate,high_potency_<=100nM,True,True,IC50,biochemical_binding,False,0.8473427794033942,0.6164502451598397,0.2673267424106598,CC(=O)Nc1cccc(N2CCN(CC3CCN(S(=O)(=O)CC4CCCCC4)CC3)CC2)c1,True,high
STR-EF3629BE766B7858BC20,IC50,biochemical_binding,1,1,0,1,1,0,0,8.55284196865778,8.55284196865778,8.55284196865778,2.8,2.8,IC50,1,inhibitory_potency,1,biochemical_binding,1,ChEMBL,CHEMBL5079678,Menin,2021,=,C=CC(=O)N1CC(S(=O)(=O)c2ccc(N3CC(CN4CCC([C@@](CN5CCC5)(c5cccc(F)c5)[C@H]5CCC[C@@H]5NC(=O)OC)CC4)(OC)C3)cc2)C1,C=CC(=O)N1CC(S(=O)(=O)c2ccc(N3CC(CN4CCC([C@@](CN5CCC5)(c5cccc(F)c5)[C@H]5CCC[C@@H]5NC(=O)OC)CC4)(OC)C3)cc2)C1,C=CC(=O)N1CC(S(=O)(=O)c2ccc(N3CC(CN4CCC([C@@](CN5CCC5)(c5cccc(F)c5)[C@H]5CCC[C@@H]5NC(=O)OC)CC4)(OC)C3)cc2)C1,C=CC(=O)N1CC(S(=O)(=O)c2ccc(N3CC(CN4CCC([C@@](CN5CCC5)(c5cccc(F)c5)[C@H]5CCC[C@@H]5NC(=O)OC)CC4)(OC)C3)cc2)C1,MSVDVSSBJLJMCV-VXMGAWDISA-N,MSVDVSSBJLJMCV-VXMGAWDISA-N,standardized,0.0,False,2.0,strict_exact,exact_point_estimate,high_potency_<=100nM,True,True,IC50,biochemical_binding,False,0.7813554709989354,0.7576847179557111,0.23076923191547394,CC(=O)N1C[C@@H](Oc2cccc(F)c2)C[C@@H]1C(=O)N1CCCN(C2CCC2)CC1,False,high
STR-AC15064651DFC45CB1E4,IC50,biochemical_binding,1,1,0,1,1,0,0,8.537602002101044,8.537602002101044,8.537602002101044,2.9,2.9,IC50,1,inhibitory_potency,1,biochemical_binding,1,ChEMBL,CHEMBL5090509,Menin,2021,=,COC(=O)N[C@H]1CCC[C@@H]1[C@](CN1CCC1)(c1cccc(F)c1)C1CCN(CC2(C)CN(c3ccc(S(=O)(=O)C4CC4)cc3)C2)CC1,COC(=O)N[C@H]1CCC[C@@H]1[C@](CN1CCC1)(c1cccc(F)c1)C1CCN(CC2(C)CN(c3ccc(S(=O)(=O)C4CC4)cc3)C2)CC1,COC(=O)N[C@H]1CCC[C@@H]1[C@](CN1CCC1)(c1cccc(F)c1)C1CCN(CC2(C)CN(c3ccc(S(=O)(=O)C4CC4)cc3)C2)CC1,COC(=O)N[C@H]1CCC[C@@H]1[C@](CN1CCC1)(c1cccc(F)c1)C1CCN(CC2(C)CN(c3ccc(S(=O)(=O)C4CC4)cc3)C2)CC1,LIAWNGIPPNVPIC-YSJNHPSYSA-N,LIAWNGIPPNVPIC-YSJNHPSYSA-N,standardized,0.0,False,2.0,strict_exact,exact_point_estimate,high_potency_<=100nM,True,True,IC50,biochemical_binding,False,0.8847825679566514,0.515455447521076,0.24576270580291748,COc1ccc([C@]2(O)CC[C@H](N3CC[C@@H](NC(=O)CNC(=O)c4cccc(C(F)(F)F)c4)C3)CC2)cn1,False,high
STR-7E1F0EE1EE4F776E8704,IC50,biochemical_binding,4,4,0,1,4,0,0,8.527758663924915,10.045757490560677,6.958607314841775,40.055,0.09,IC50,1,inhibitory_potency,1,biochemical_binding,1,PubChem,156498056,Menin,2024;2026,=,CCN(C(=O)c1cc(F)ccc1Oc1nncnc1N1CCC2(C1)CN([C@H](CCCNCCOC)C(C)C)C2)C(C)C,CCN(C(C)C)C(=O)C1=C(C=CC(=C1)F)OC2=C(N=CN=N2)N3CCC4(C3)CN(C4)[C@H](CCCNCCOC)C(C)C,CCN(C(=O)c1cc(F)ccc1Oc1nncnc1N1CCC2(C1)CN([C@H](CCCNCCOC)C(C)C)C2)C(C)C,CCN(C(=O)c1cc(F)ccc1Oc1nncnc1N1CCC2(C1)CN([C@H](CCCNCCOC)C(C)C)C2)C(C)C,PFCVKXYYUQIAHS-AREMUKBSSA-N,PFCVKXYYUQIAHS-AREMUKBSSA-N,standardized,3.0871501757189,True,2.0,strict_exact,exact_point_estimate,high_potency_<=100nM,True,True,IC50,biochemical_binding,False,0.6221175978439958,0.9565326894703993,0.25,COc1ccc(OCCNCCCF)c(F)c1[C@@H]1c2[nH]c3ccc(F)cc3c2C[C@@H](C)N1CC(F)(F)CO,False,medium
STR-1626E26FA9CDEFB597A0,IC50,biochemical_binding,1,1,0,1,1,0,0,8.522878745280337,8.522878745280337,8.522878745280337,3.0,3.0,IC50,1,inhibitory_potency,1,biochemical_binding,1,ChEMBL,CHEMBL5079839,Menin,2021,=,C=CC(=O)N1CCC[C@H](S(=O)(=O)c2ccc(N3CC(CN4CCC([C@@](CN5CCC5)(c5cccc(F)c5)[C@H]5CCC[C@@H]5NC(=O)OC)CC4)(OC)C3)cc2)C1,C=CC(=O)N1CCC[C@H](S(=O)(=O)c2ccc(N3CC(CN4CCC([C@@](CN5CCC5)(c5cccc(F)c5)[C@H]5CCC[C@@H]5NC(=O)OC)CC4)(OC)C3)cc2)C1,C=CC(=O)N1CCC[C@H](S(=O)(=O)c2ccc(N3CC(CN4CCC([C@@](CN5CCC5)(c5cccc(F)c5)[C@H]5CCC[C@@H]5NC(=O)OC)CC4)(OC)C3)cc2)C1,C=CC(=O)N1CCC[C@H](S(=O)(=O)c2ccc(N3CC(CN4CCC([C@@](CN5CCC5)(c5cccc(F)c5)[C@H]5CCC[C@@H]5NC(=O)OC)CC4)(OC)C3)cc2)C1,XOGANROEWWVGCF-VEZYWKGHSA-N,XOGANROEWWVGCF-VEZYWKGHSA-N,standardized,0.0,False,2.0,strict_exact,exact_point_estimate,high_potency_<=100nM,True,True,IC50,biochemical_binding,False,0.9086897376985602,0.440828246575953,0.23931623995304108,Cc1cc(N2CC[C@H](N3CCC[C@@H]3C)C2)ccc1NC(=O)c1cc(F)ccc1C,False,high
STR-32FEF1FCB73DC9ADA20D,IC50,biochemical_binding,1,2,1,2,1,0,0,8.522878745280337,8.522878745280337,8.522878745280337,3.0,3.0,IC50,1,inhibitory_potency,1,biochemical_binding,1,ChEMBL;PubChem,CHEMBL5974610,Menin,2021,=,CC(=O)O[C@H]1CCC[C@@H]1C1(C2CCN(CC3CN(c4ccc(S(=O)(=O)C5CC5)cc4)C3)CC2)CN(C)Cc2ccc(F)cc21,CC(=O)O[C@H]1CCC[C@@H]1C1(C2CCN(CC3CN(c4ccc(S(=O)(=O)C5CC5)cc4)C3)CC2)CN(C)Cc2ccc(F)cc21,CC(=O)O[C@H]1CCC[C@@H]1C1(C2CCN(CC3CN(c4ccc(S(=O)(=O)C5CC5)cc4)C3)CC2)CN(C)Cc2ccc(F)cc21,CC(=O)O[C@H]1CCC[C@@H]1C1(C2CCN(CC3CN(c4ccc(S(=O)(=O)C5CC5)cc4)C3)CC2)CN(C)Cc2ccc(F)cc21,CMKBAOQEJWGPEB-LPHAKTNPSA-N,CMKBAOQEJWGPEB-LPHAKTNPSA-N,standardized,0.0,False,2.0,strict_exact,exact_point_estimate,high_potency_<=100nM,True,True,IC50,biochemical_binding,False,0.9063933242543768,0.4483952113007239,0.24271844327449799,CC(=O)Nc1cccc(N2CCN(CC3CCN(S(=O)(=O)CC4CCCCC4)CC3)CC2)c1,False,high
STR-4ED5D5CE4BFD95B4D0C2,IC50,biochemical_binding,1,2,1,2,1,0,0,8.522878745280337,8.522878745280337,8.522878745280337,3.0,3.0,IC50,1,inhibitory_potency,1,biochemical_binding,1,ChEMBL;PubChem,CHEMBL5763217,Menin,2021,=,C=CC(=O)Nc1cccc(S(=O)(=O)c2ccc(N3CC(CN4CCC([C@@](C#N)(c5cccc(F)c5)[C@H]5CCC[C@@H]5OC(=O)NC)CC4)C3)cc2)c1,C=CC(=O)Nc1cccc(S(=O)(=O)c2ccc(N3CC(CN4CCC([C@@](C#N)(c5cccc(F)c5)[C@H]5CCC[C@@H]5OC(=O)NC)CC4)C3)cc2)c1,C=CC(=O)Nc1cccc(S(=O)(=O)c2ccc(N3CC(CN4CCC([C@@](C#N)(c5cccc(F)c5)[C@H]5CCC[C@@H]5OC(=O)NC)CC4)C3)cc2)c1,C=CC(=O)Nc1cccc(S(=O)(=O)c2ccc(N3CC(CN4CCC([C@@](C#N)(c5cccc(F)c5)[C@H]5CCC[C@@H]5OC(=O)NC)CC4)C3)cc2)c1,MJBBPCAFFYHQRO-YFTHYISFSA-N,MJBBPCAFFYHQRO-YFTHYISFSA-N,standardized,0.0,False,2.0,strict_exact,exact_point_estimate,high_potency_<=100nM,True,True,IC50,biochemical_binding,False,0.1860779145921612,0.6931942764294825,0.2844036817550659,CC(=O)Nc1cccc(N2CCN(CC3CCN(S(=O)(=O)CC4CCCCC4)CC3)CC2)c1,True,low
STR-593538869CBBD1EB1B7D,IC50,biochemical_binding,1,2,1,2,1,0,0,8.522878745280337,8.522878745280337,8.522878745280337,3.0,3.0,IC50,1,inhibitory_potency,1,biochemical_binding,1,ChEMBL;PubChem,CHEMBL6047118,Menin,2021,=,CC(=O)O[C@H]1CCC[C@@H]1C1(C2CCN(CC3CN(c4ccc(S(=O)(=O)c5ccncc5)cc4)C3)CC2)CN(C)Cc2ccccc21,CC(=O)O[C@H]1CCC[C@@H]1C1(C2CCN(CC3CN(c4ccc(S(=O)(=O)c5ccncc5)cc4)C3)CC2)CN(C)Cc2ccccc21,CC(=O)O[C@H]1CCC[C@@H]1C1(C2CCN(CC3CN(c4ccc(S(=O)(=O)c5ccncc5)cc4)C3)CC2)CN(C)Cc2ccccc21,CC(=O)O[C@H]1CCC[C@@H]1C1(C2CCN(CC3CN(c4ccc(S(=O)(=O)c5ccncc5)cc4)C3)CC2)CN(C)Cc2ccccc21,PZUFBLHEYURQFK-JTTVYFNNSA-N,PZUFBLHEYURQFK-JTTVYFNNSA-N,standardized,0.0,False,2.0,strict_exact,exact_point_estimate,high_potency_<=100nM,True,True,IC50,biochemical_binding,False,0.19494792209232462,0.7117081316269482,0.26923078298568726,CCOC(=O)N1CCC(CN2CCC3(CC2)CN(S(C)(=O)=O)c2ncccc23)CC1,True,low
STR-6F8F59E84BD75C74A25C,IC50,biochemical_binding,1,2,1,2,1,0,0,8.522878745280337,8.522878745280337,8.522878745280337,3.0,3.0,IC50,1,inhibitory_potency,1,biochemical_binding,1,ChEMBL;PubChem,CHEMBL5411956,Menin,2021,=,C=CC(=O)N1CC(S(=O)(=O)c2ccc(N3CC(CN4CCC([C@@](C#N)(c5cccc(F)c5)[C@H]5CCC[C@@H]5NC(=O)OC)CC4)C3)cc2)C1,C=CC(=O)N1CC(S(=O)(=O)c2ccc(N3CC(CN4CCC([C@@](C#N)(c5cccc(F)c5)[C@H]5CCC[C@@H]5NC(=O)OC)CC4)C3)cc2)C1,C=CC(=O)N1CC(S(=O)(=O)c2ccc(N3CC(CN4CCC([C@@](C#N)(c5cccc(F)c5)[C@H]5CCC[C@@H]5NC(=O)OC)CC4)C3)cc2)C1,C=CC(=O)N1CC(S(=O)(=O)c2ccc(N3CC(CN4CCC([C@@](C#N)(c5cccc(F)c5)[C@H]5CCC[C@@H]5NC(=O)OC)CC4)C3)cc2)C1,KHWUVCFCPVRNJZ-UEMWQVMZSA-N,KHWUVCFCPVRNJZ-UEMWQVMZSA-N,standardized,0.0,False,2.0,strict_exact,exact_point_estimate,high_potency_<=100nM,True,True,IC50,biochemical_binding,False,0.7739210680486702,0.771113126207958,0.2522522509098053,CC(Oc1ccc(S(C)(=O)=O)cc1C(=O)N1CCN(c2ccc(C#N)cc2)CC1)C(F)(F)F,False,high
STR-768449AFD0A1BD14A41D,IC50,biochemical_binding,1,2,1,2,1,0,0,8.522878745280337,8.522878745280337,8.522878745280337,3.0,3.0,IC50,1,inhibitory_potency,1,biochemical_binding,1,ChEMBL;PubChem,CHEMBL5905647,Menin,2021,=,CNC(=O)O[C@H]1CCC[C@@H]1C(Cn1ccnc1C)(c1ccccc1)C1CCN(CC2CN(c3ccc(C#N)cc3)C2)CC1,CNC(=O)O[C@H]1CCC[C@@H]1C(Cn1ccnc1C)(c1ccccc1)C1CCN(CC2CN(c3ccc(C#N)cc3)C2)CC1,CNC(=O)O[C@H]1CCC[C@@H]1C(Cn1ccnc1C)(c1ccccc1)C1CCN(CC2CN(c3ccc(C#N)cc3)C2)CC1,CNC(=O)O[C@H]1CCC[C@@H]1C(Cn1ccnc1C)(c1ccccc1)C1CCN(CC2CN(c3ccc(C#N)cc3)C2)CC1,UZMIDAORHBZWKU-HEVKVOQNSA-N,UZMIDAORHBZWKU-HEVKVOQNSA-N,standardized,0.0,False,2.0,strict_exact,exact_point_estimate,high_potency_<=100nM,True,True,IC50,biochemical_binding,False,0.13711353517330255,0.5766292129790263,0.26363635063171387,N#Cc1ccc2c(c1)CCN(CC[C@H]1CC[C@H](NC(=O)c3ccnc4ccccc34)CC1)C2,True,low
STR-78872E7698A00B065699,IC50,biochemical_binding,1,2,1,2,1,0,0,8.522878745280337,8.522878745280337,8.522878745280337,3.0,3.0,IC50,1,inhibitory_potency,1,biochemical_binding,1,ChEMBL;PubChem,CHEMBL5906828,Menin,2021,=,COC(=O)N[C@H]1CCC[C@@H]1[C@](C#N)(c1cccc(F)c1)C1CCN(CC2CN(c3ccc(S(=O)(=O)C4CN(C(=O)/C=C/CN5CCCC5)C4)cc3)C2)CC1,COC(=O)N[C@H]1CCC[C@@H]1[C@](C#N)(c1cccc(F)c1)C1CCN(CC2CN(c3ccc(S(=O)(=O)C4CN(C(=O)/C=C/CN5CCCC5)C4)cc3)C2)CC1,COC(=O)N[C@H]1CCC[C@@H]1[C@](C#N)(c1cccc(F)c1)C1CCN(CC2CN(c3ccc(S(=O)(=O)C4CN(C(=O)/C=C/CN5CCCC5)C4)cc3)C2)CC1,COC(=O)N[C@H]1CCC[C@@H]1[C@](C#N)(c1cccc(F)c1)C1CCN(CC2CN(c3ccc(S(=O)(=O)C4CN(C(=O)/C=C/CN5CCCC5)C4)cc3)C2)CC1,LGHUWQLZQWRKLY-ANCAAGCLSA-N,LGHUWQLZQWRKLY-ANCAAGCLSA-N,standardized,0.0,False,2.0,strict_exact,exact_point_estimate,high_potency_<=100nM,True,True,IC50,biochemical_binding,False,0.7052500506819834,0.8747782790927977,0.23846153914928436,O=C(N[C@H]1CCN(CC2CCC2)C[C@@H]1C(=O)NC1(c2ncccn2)CC1)c1cc(-c2ccc(F)cc2F)on1,False,high
STR-971462EFAE13318C0E1F,IC50,biochemical_binding,1,2,1,2,1,0,0,8.522878745280337,8.522878745280337,8.522878745280337,3.0,3.0,IC50,1,inhibitory_potency,1,biochemical_binding,1,ChEMBL;PubChem,CHEMBL5816906,Menin,2021,=,CN1Cc2ccccc2C(C2CCN(CC3CN(c4ccc(S(=O)(=O)c5ccncc5)cc4)C3)CC2)([C@H]2CCC[C@@H]2OC(N)=O)C1,CN1Cc2ccccc2C(C2CCN(CC3CN(c4ccc(S(=O)(=O)c5ccncc5)cc4)C3)CC2)([C@H]2CCC[C@@H]2OC(N)=O)C1,CN1Cc2ccccc2C(C2CCN(CC3CN(c4ccc(S(=O)(=O)c5ccncc5)cc4)C3)CC2)([C@H]2CCC[C@@H]2OC(N)=O)C1,CN1Cc2ccccc2C(C2CCN(CC3CN(c4ccc(S(=O)(=O)c5ccncc5)cc4)C3)CC2)([C@H]2CCC[C@@H]2OC(N)=O)C1,ONOOCFLWRHTSIH-AFLWYUAHSA-N,ONOOCFLWRHTSIH-AFLWYUAHSA-N,standardized,0.0,False,2.0,strict_exact,exact_point_estimate,high_potency_<=100nM,True,True,IC50,biochemical_binding,False,0.15750768920842378,0.6283136760494434,0.2666666805744171,CCOC(=O)N1CCC(CN2CCC3(CC2)CN(S(C)(=O)=O)c2ncccc23)CC1,True,low
STR-9BCADA557E72EE3CB9BA,IC50,biochemical_binding,1,2,1,2,1,0,0,8.522878745280337,8.522878745280337,8.522878745280337,3.0,3.0,IC50,1,inhibitory_potency,1,biochemical_binding,1,ChEMBL;PubChem,CHEMBL6014762,Menin,2021,=,C=CC(=O)Nc1cccc(S(=O)(=O)c2ccc(N3CC(CN4CCC([C@@](Cn5ccnc5CC)(c5cccc(F)c5)[C@H]5CCC[C@@H]5NC(=O)OC)CC4)C3)cc2)c1,C=CC(=O)Nc1cccc(S(=O)(=O)c2ccc(N3CC(CN4CCC([C@@](Cn5ccnc5CC)(c5cccc(F)c5)[C@H]5CCC[C@@H]5NC(=O)OC)CC4)C3)cc2)c1,C=CC(=O)Nc1cccc(S(=O)(=O)c2ccc(N3CC(CN4CCC([C@@](Cn5ccnc5CC)(c5cccc(F)c5)[C@H]5CCC[C@@H]5NC(=O)OC)CC4)C3)cc2)c1,C=CC(=O)Nc1cccc(S(=O)(=O)c2ccc(N3CC(CN4CCC([C@@](Cn5ccnc5CC)(c5cccc(F)c5)[C@H]5CCC[C@@H]5NC(=O)OC)CC4)C3)cc2)c1,HKRHUAVZSCOVRR-WZOPGVFVSA-N,HKRHUAVZSCOVRR-WZOPGVFVSA-N,standardized,0.0,False,2.0,strict_exact,exact_point_estimate,high_potency_<=100nM,True,True,IC50,biochemical_binding,False,0.8472296043109412,0.6167300161246178,0.2689075767993927,CC(=O)Nc1cccc(N2CCN(CC3CCN(S(=O)(=O)CC4CCCCC4)CC3)CC2)c1,True,high
STR-C24FEE7237633011F0F2,IC50,biochemical_binding,1,1,0,1,1,0,0,8.522878745280337,8.522878745280337,8.522878745280337,3.0,3.0,IC50,1,inhibitory_potency,1,biochemical_binding,1,ChEMBL,CHEMBL4466396,Menin,2020,=,COC(=O)N[C@H]1CCC[C@@H]1[C@](CN1CCC1)(c1cccc(F)c1)C1CCN(CC2CN(c3ccc(S(=O)(=O)C4CN(C(=O)/C=C/CN(C)C)C4)cc3)C2)CC1,COC(=O)N[C@H]1CCC[C@@H]1[C@](CN1CCC1)(c1cccc(F)c1)C1CCN(CC2CN(c3ccc(S(=O)(=O)C4CN(C(=O)/C=C/CN(C)C)C4)cc3)C2)CC1,COC(=O)N[C@H]1CCC[C@@H]1[C@](CN1CCC1)(c1cccc(F)c1)C1CCN(CC2CN(c3ccc(S(=O)(=O)C4CN(C(=O)/C=C/CN(C)C)C4)cc3)C2)CC1,COC(=O)N[C@H]1CCC[C@@H]1[C@](CN1CCC1)(c1cccc(F)c1)C1CCN(CC2CN(c3ccc(S(=O)(=O)C4CN(C(=O)/C=C/CN(C)C)C4)cc3)C2)CC1,XQMOONXKQNTLOT-FDEXAWBASA-N,XQMOONXKQNTLOT-FDEXAWBASA-N,standardized,0.0,False,2.0,strict_exact,exact_point_estimate,high_potency_<=100nM,True,True,IC50,biochemical_binding,False,0.8997230198403517,0.46987298553345047,0.23076923191547394,CC(=O)Nc1cccc(N2CCN(CC3CCN(S(=O)(=O)CC4CCCCC4)CC3)CC2)c1,False,high
STR-D517B4FC121862D9BE6F,IC50,biochemical_binding,1,2,1,2,1,0,0,8.522878745280337,8.522878745280337,8.522878745280337,3.0,3.0,IC50,1,inhibitory_potency,1,biochemical_binding,1,ChEMBL;PubChem,CHEMBL5931080,Menin,2021,=,CCc1nccn1CC(c1ccccc1)(C1CCN(CC2CN(c3ccc(C#N)cc3)C2)CC1)[C@H]1CCC[C@@H]1OC(=O)NC,CCc1nccn1CC(c1ccccc1)(C1CCN(CC2CN(c3ccc(C#N)cc3)C2)CC1)[C@H]1CCC[C@@H]1OC(=O)NC,CCc1nccn1CC(c1ccccc1)(C1CCN(CC2CN(c3ccc(C#N)cc3)C2)CC1)[C@H]1CCC[C@@H]1OC(=O)NC,CCc1nccn1CC(c1ccccc1)(C1CCN(CC2CN(c3ccc(C#N)cc3)C2)CC1)[C@H]1CCC[C@@H]1OC(=O)NC,DSOWOWNLUVRUIU-JTXQMZLCSA-N,DSOWOWNLUVRUIU-JTXQMZLCSA-N,standardized,0.0,False,2.0,strict_exact,exact_point_estimate,high_potency_<=100nM,True,True,IC50,biochemical_binding,False,0.46223605281505525,0.9958811787135855,0.2678571343421936,CCc1cc(COc2cc(C(=O)N3CCC[C@@H](N)C3)nn2-c2ccc(C#N)cc2)on1,True,medium
STR-FBAAC5A0D7488D667D40,IC50,biochemical_binding,1,2,1,2,1,0,0,8.522878745280337,8.522878745280337,8.522878745280337,3.0,3.0,IC50,1,inhibitory_potency,1,biochemical_binding,1,ChEMBL;PubChem,CHEMBL5964939,Menin,2021,=,CNC(=O)O[C@H]1CCC[C@@H]1C(Cn1ccnc1C)(c1cccc(F)c1)C1CCN(CC2CN(c3ccc(S(=O)(=O)c4cnn(C)c4)cc3)C2)CC1,CNC(=O)O[C@H]1CCC[C@@H]1C(Cn1ccnc1C)(c1cccc(F)c1)C1CCN(CC2CN(c3ccc(S(=O)(=O)c4cnn(C)c4)cc3)C2)CC1,CNC(=O)O[C@H]1CCC[C@@H]1C(Cn1ccnc1C)(c1cccc(F)c1)C1CCN(CC2CN(c3ccc(S(=O)(=O)c4cnn(C)c4)cc3)C2)CC1,CNC(=O)O[C@H]1CCC[C@@H]1C(Cn1ccnc1C)(c1cccc(F)c1)C1CCN(CC2CN(c3ccc(S(=O)(=O)c4cnn(C)c4)cc3)C2)CC1,WJJHIHFEUAWTMY-MROBMTMESA-N,WJJHIHFEUAWTMY-MROBMTMESA-N,standardized,0.0,False,2.0,strict_exact,exact_point_estimate,high_potency_<=100nM,True,True,IC50,biochemical_binding,False,0.016624053075668683,0.12204083653083903,0.23999999463558197,Cn1cc(-c2cccc(C(=O)Nc3cc(N4CC[C@@H](C(C)(C)O)C4)ncc3C(F)(F)F)n2)cn1,False,low
STR-DA4F708C5ED8977F505E,IC50,biochemical_binding,2,3,1,2,2,0,0,8.502182402701225,8.522878745280337,8.481486060122112,3.15,3.0,IC50,1,inhibitory_potency,1,biochemical_binding,1,ChEMBL;PubChem,CHEMBL4435830,Menin,2019;2020,=,COC(=O)N[C@H]1CCC[C@@H]1[C@](C#N)(c1cccc(F)c1)C1CCN(CC2CN(c3ccc(S(=O)(=O)C4CN(C(=O)/C=C/CN(C)C)C4)cc3)C2)CC1,COC(=O)N[C@H]1CCC[C@@H]1[C@](C#N)(c1cccc(F)c1)C1CCN(CC2CN(c3ccc(S(=O)(=O)C4CN(C(=O)/C=C/CN(C)C)C4)cc3)C2)CC1,COC(=O)N[C@H]1CCC[C@@H]1[C@](C#N)(c1cccc(F)c1)C1CCN(CC2CN(c3ccc(S(=O)(=O)C4CN(C(=O)/C=C/CN(C)C)C4)cc3)C2)CC1,COC(=O)N[C@H]1CCC[C@@H]1[C@](C#N)(c1cccc(F)c1)C1CCN(CC2CN(c3ccc(S(=O)(=O)C4CN(C(=O)/C=C/CN(C)C)C4)cc3)C2)CC1,PJMFCNODKBGQNV-HDDNKGPMSA-N,PJMFCNODKBGQNV-HDDNKGPMSA-N,standardized,0.0413926851582253,False,2.0,strict_exact,exact_point_estimate,high_potency_<=100nM,True,True,IC50,biochemical_binding,False,0.8679091849656541,0.5631444979478141,0.23664122819900513,O=C(N[C@H]1CCN(CC2CCC2)C[C@@H]1C(=O)NC1(c2ncccn2)CC1)c1cc(-c2ccc(F)cc2F)on1,False,high
STR-6F92DD97001CC1334310,IC50,biochemical_binding,1,1,0,1,1,0,0,8.494850021680094,8.494850021680094,8.494850021680094,3.2,3.2,IC50,1,inhibitory_potency,1,biochemical_binding,1,ChEMBL,CHEMBL5088651,Menin,2021,=,COC(=O)N[C@H]1CCC[C@@H]1[C@](CN1CCC1)(c1cccc(F)c1)C1CCN(CC2(F)CN(c3ccc(S(=O)(=O)C4CC4)cc3)C2)CC1,COC(=O)N[C@H]1CCC[C@@H]1[C@](CN1CCC1)(c1cccc(F)c1)C1CCN(CC2(F)CN(c3ccc(S(=O)(=O)C4CC4)cc3)C2)CC1,COC(=O)N[C@H]1CCC[C@@H]1[C@](CN1CCC1)(c1cccc(F)c1)C1CCN(CC2(F)CN(c3ccc(S(=O)(=O)C4CC4)cc3)C2)CC1,COC(=O)N[C@H]1CCC[C@@H]1[C@](CN1CCC1)(c1cccc(F)c1)C1CCN(CC2(F)CN(c3ccc(S(=O)(=O)C4CC4)cc3)C2)CC1,ZACMOMXFCHIQQJ-UEMWQVMZSA-N,ZACMOMXFCHIQQJ-UEMWQVMZSA-N,standardized,0.0,False,2.0,strict_exact,exact_point_estimate,high_potency_<=100nM,True,True,IC50,biochemical_binding,False,0.8172745478940874,0.6860031578186896,0.2358490526676178,COCC1(C(=O)NCCN2CCC(c3cccc(C(F)(F)F)n3)CC2)CC1,False,high
STR-B5CAC4750A8CE18735B2,IC50,biochemical_binding,1,1,0,1,1,0,0,8.468521082957745,8.468521082957745,8.468521082957745,3.4,3.4,IC50,1,inhibitory_potency,1,biochemical_binding,1,ChEMBL,CHEMBL5088354,Menin,2021,=,COC(=O)N[C@H]1CCC[C@@H]1[C@](CN1CCOCC1)(c1cccc(F)c1)C1CCN(CC2CN(c3ccc(S(=O)(=O)C4CC4)cc3)C2)CC1,COC(=O)N[C@H]1CCC[C@@H]1[C@](CN1CCOCC1)(c1cccc(F)c1)C1CCN(CC2CN(c3ccc(S(=O)(=O)C4CC4)cc3)C2)CC1,COC(=O)N[C@H]1CCC[C@@H]1[C@](CN1CCOCC1)(c1cccc(F)c1)C1CCN(CC2CN(c3ccc(S(=O)(=O)C4CC4)cc3)C2)CC1,COC(=O)N[C@H]1CCC[C@@H]1[C@](CN1CCOCC1)(c1cccc(F)c1)C1CCN(CC2CN(c3ccc(S(=O)(=O)C4CC4)cc3)C2)CC1,RJIRZAWQTCVECM-IWQNTTPNSA-N,RJIRZAWQTCVECM-IWQNTTPNSA-N,standardized,0.0,False,2.0,strict_exact,exact_point_estimate,high_potency_<=100nM,True,True,IC50,biochemical_binding,False,0.7257891449931715,0.8474422655801244,0.26271185278892517,O=C(N[C@H]1CCN(CC2CCC2)C[C@@H]1C(=O)NC1(c2ncccn2)CC1)c1cc(-c2ccc(F)cc2F)on1,True,high
STR-29F00BB941CE28B9FDF5,IC50,biochemical_binding,1,1,0,1,1,0,0,8.455931955649724,8.455931955649724,8.455931955649724,3.5,3.5,IC50,1,inhibitory_potency,1,biochemical_binding,1,ChEMBL,CHEMBL5082413,Menin,2021,=,COC(=O)N[C@H]1CCC[C@@H]1[C@](CN1CCC(C)(O)CC1)(c1cccc(F)c1)C1CCN(CC2CN(c3ccc(S(=O)(=O)C4CC4)cc3)C2)CC1,COC(=O)N[C@H]1CCC[C@@H]1[C@](CN1CCC(C)(O)CC1)(c1cccc(F)c1)C1CCN(CC2CN(c3ccc(S(=O)(=O)C4CC4)cc3)C2)CC1,COC(=O)N[C@H]1CCC[C@@H]1[C@](CN1CCC(C)(O)CC1)(c1cccc(F)c1)C1CCN(CC2CN(c3ccc(S(=O)(=O)C4CC4)cc3)C2)CC1,COC(=O)N[C@H]1CCC[C@@H]1[C@](CN1CCC(C)(O)CC1)(c1cccc(F)c1)C1CCN(CC2CN(c3ccc(S(=O)(=O)C4CC4)cc3)C2)CC1,BJSVHMWOSWSLPB-YFTHYISFSA-N,BJSVHMWOSWSLPB-YFTHYISFSA-N,standardized,0.0,False,2.0,strict_exact,exact_point_estimate,high_potency_<=100nM,True,True,IC50,biochemical_binding,False,0.7392257008115584,0.8279125541830464,0.27731093764305115,O=C(N[C@H]1CCN(CC2CCC2)C[C@@H]1C(=O)NC1(c2ncccn2)CC1)c1cc(-c2ccc(F)cc2F)on1,True,high
STR-49EE11A98D32940D40F8,IC50,biochemical_binding,1,1,0,1,1,0,0,8.455931955649724,8.455931955649724,8.455931955649724,3.5,3.5,IC50,1,inhibitory_potency,1,biochemical_binding,1,ChEMBL,CHEMBL5075855,Menin,2021,=,COC(=O)N[C@H]1CCC[C@@H]1[C@](CN1CCC1)(c1cccc(F)c1)C1CCN(CC2CN(c3ccc(S(=O)(=O)C4CC4)cc3)C2)CC1,COC(=O)N[C@H]1CCC[C@@H]1[C@](CN1CCC1)(c1cccc(F)c1)C1CCN(CC2CN(c3ccc(S(=O)(=O)C4CC4)cc3)C2)CC1,COC(=O)N[C@H]1CCC[C@@H]1[C@](CN1CCC1)(c1cccc(F)c1)C1CCN(CC2CN(c3ccc(S(=O)(=O)C4CC4)cc3)C2)CC1,COC(=O)N[C@H]1CCC[C@@H]1[C@](CN1CCC1)(c1cccc(F)c1)C1CCN(CC2CN(c3ccc(S(=O)(=O)C4CC4)cc3)C2)CC1,XLEQKAXPJNXRIT-IUKTVIPNSA-N,XLEQKAXPJNXRIT-IUKTVIPNSA-N,standardized,0.0,False,2.0,strict_exact,exact_point_estimate,high_potency_<=100nM,True,True,IC50,biochemical_binding,False,0.8477908625119724,0.6153411719591504,0.2673267424106598,CC(=O)Nc1cccc(N2CCN(CC3CCN(S(=O)(=O)CC4CCCCC4)CC3)CC2)c1,True,high
STR-3F32DD5F6BE1258722C6,IC50,biochemical_binding,1,1,0,1,1,0,0,8.443697499232712,8.443697499232712,8.443697499232712,3.6,3.6,IC50,1,inhibitory_potency,1,biochemical_binding,1,ChEMBL,CHEMBL5086858,Menin,2021,=,COC(=O)N[C@H]1CCC[C@@H]1[C@](CN1CCC1)(c1cccc(F)c1)C1CCN(CC2(O)CN(c3ccc(S(=O)(=O)C4CC4)cc3)C2)CC1,COC(=O)N[C@H]1CCC[C@@H]1[C@](CN1CCC1)(c1cccc(F)c1)C1CCN(CC2(O)CN(c3ccc(S(=O)(=O)C4CC4)cc3)C2)CC1,COC(=O)N[C@H]1CCC[C@@H]1[C@](CN1CCC1)(c1cccc(F)c1)C1CCN(CC2(O)CN(c3ccc(S(=O)(=O)C4CC4)cc3)C2)CC1,COC(=O)N[C@H]1CCC[C@@H]1[C@](CN1CCC1)(c1cccc(F)c1)C1CCN(CC2(O)CN(c3ccc(S(=O)(=O)C4CC4)cc3)C2)CC1,UPFLIQJKFWRSND-UEMWQVMZSA-N,UPFLIQJKFWRSND-UEMWQVMZSA-N,standardized,0.0,False,2.0,strict_exact,exact_point_estimate,high_potency_<=100nM,True,True,IC50,biochemical_binding,False,0.3951854738735586,0.9680645135927917,0.24576270580291748,COc1ccc([C@]2(O)CC[C@H](N3CC[C@@H](NC(=O)CNC(=O)c4cccc(C(F)(F)F)c4)C3)CC2)cn1,False,medium
STR-BAFF2FF7D3D8F1D2F783,IC50,biochemical_binding,1,1,0,1,1,0,0,8.443697499232712,8.443697499232712,8.443697499232712,3.6,3.6,IC50,1,inhibitory_potency,1,biochemical_binding,1,ChEMBL,CHEMBL4216801,Menin,2018,=,Cc1c(CN2CCC(Nc3ncnc4sc(CC(F)(F)F)cc34)CC2)ccc2c1cc(C#N)n2C[C@@H]1CNC(=O)CO1,Cc1c(CN2CCC(Nc3ncnc4sc(CC(F)(F)F)cc34)CC2)ccc2c1cc(C#N)n2C[C@@H]1CNC(=O)CO1,Cc1c(CN2CCC(Nc3ncnc4sc(CC(F)(F)F)cc34)CC2)ccc2c1cc(C#N)n2C[C@@H]1CNC(=O)CO1,Cc1c(CN2CCC(Nc3ncnc4sc(CC(F)(F)F)cc34)CC2)ccc2c1cc(C#N)n2C[C@@H]1CNC(=O)CO1,JTUOGOXWKQAKOR-NRFANRHFSA-N,JTUOGOXWKQAKOR-NRFANRHFSA-N,standardized,0.0,False,2.0,strict_exact,exact_point_estimate,high_potency_<=100nM,True,True,IC50,biochemical_binding,False,0.6668929749707079,0.9180693594830116,0.30000001192092896,FC(F)(F)c1ccc(C(F)(F)CN2CCC(Nc3ncnc4[nH]ncc34)CC2)cc1,True,medium
STR-D294CA925BADF351BAE7,IC50,biochemical_binding,1,1,0,1,1,0,0,8.431798275933005,8.431798275933005,8.431798275933005,3.7,3.7,IC50,1,inhibitory_potency,1,biochemical_binding,1,ChEMBL,CHEMBL5083305,Menin,2021,=,C=CC(=O)N1CCC[C@@H](S(=O)(=O)c2ccc(N3CC(CN4CCC([C@@](CN5CCC5)(c5cccc(F)c5)[C@H]5CCC[C@@H]5NC(=O)OC)CC4)(OC)C3)cc2)C1,C=CC(=O)N1CCC[C@@H](S(=O)(=O)c2ccc(N3CC(CN4CCC([C@@](CN5CCC5)(c5cccc(F)c5)[C@H]5CCC[C@@H]5NC(=O)OC)CC4)(OC)C3)cc2)C1,C=CC(=O)N1CCC[C@@H](S(=O)(=O)c2ccc(N3CC(CN4CCC([C@@](CN5CCC5)(c5cccc(F)c5)[C@H]5CCC[C@@H]5NC(=O)OC)CC4)(OC)C3)cc2)C1,C=CC(=O)N1CCC[C@@H](S(=O)(=O)c2ccc(N3CC(CN4CCC([C@@](CN5CCC5)(c5cccc(F)c5)[C@H]5CCC[C@@H]5NC(=O)OC)CC4)(OC)C3)cc2)C1,XOGANROEWWVGCF-DODHXRRRSA-N,XOGANROEWWVGCF-DODHXRRRSA-N,standardized,0.0,False,2.0,strict_exact,exact_point_estimate,high_potency_<=100nM,True,True,IC50,biochemical_binding,False,0.9086897376985602,0.440828246575953,0.23931623995304108,Cc1cc(N2CC[C@H](N3CCC[C@@H]3C)C2)ccc1NC(=O)c1cc(F)ccc1C,False,high
STR-83B9ECDFE7009BAA93EB,IC50,biochemical_binding,1,1,0,1,1,0,0,8.42021640338319,8.42021640338319,8.42021640338319,3.8,3.8,IC50,1,inhibitory_potency,1,biochemical_binding,1,ChEMBL,CHEMBL5081374,Menin,2021,=,C=CC(=O)N1CCC(S(=O)(=O)c2ccc(N3CC(CN4CCC([C@@](CN5CCC5)(c5cccc(F)c5)[C@H]5CCC[C@@H]5NC(=O)OC)CC4)(OC)C3)cc2)CC1,C=CC(=O)N1CCC(S(=O)(=O)c2ccc(N3CC(CN4CCC([C@@](CN5CCC5)(c5cccc(F)c5)[C@H]5CCC[C@@H]5NC(=O)OC)CC4)(OC)C3)cc2)CC1,C=CC(=O)N1CCC(S(=O)(=O)c2ccc(N3CC(CN4CCC([C@@](CN5CCC5)(c5cccc(F)c5)[C@H]5CCC[C@@H]5NC(=O)OC)CC4)(OC)C3)cc2)CC1,C=CC(=O)N1CCC(S(=O)(=O)c2ccc(N3CC(CN4CCC([C@@](CN5CCC5)(c5cccc(F)c5)[C@H]5CCC[C@@H]5NC(=O)OC)CC4)(OC)C3)cc2)CC1,QEXFSQAGUYEXCV-MDHXRGRUSA-N,QEXFSQAGUYEXCV-MDHXRGRUSA-N,standardized,0.0,False,2.0,strict_exact,exact_point_estimate,high_potency_<=100nM,True,True,IC50,biochemical_binding,False,0.8742625553013375,0.5456311316112775,0.22608695924282074,CC(Oc1ccc(S(C)(=O)=O)cc1C(=O)N1CCN(c2ccc(C(F)(F)F)cc2)CC1)C(F)(F)F,False,high
STR-070A2DB3A5A9041ED5EA,IC50,biochemical_binding,1,2,1,2,1,0,0,8.397940008672037,8.397940008672037,8.397940008672037,4.0,4.0,IC50,1,inhibitory_potency,1,biochemical_binding,1,ChEMBL;PubChem,CHEMBL5975630,Menin,2021,=,CCN1Cc2ccccc2C(C2CCN(CC3CN(c4ccc(S(=O)(=O)C5CC5)cc4)C3)CC2)([C@H]2CCC[C@@H]2NC(=O)NC)C1,CCN1Cc2ccccc2C(C2CCN(CC3CN(c4ccc(S(=O)(=O)C5CC5)cc4)C3)CC2)([C@H]2CCC[C@@H]2NC(=O)NC)C1,CCN1Cc2ccccc2C(C2CCN(CC3CN(c4ccc(S(=O)(=O)C5CC5)cc4)C3)CC2)([C@H]2CCC[C@@H]2NC(=O)NC)C1,CCN1Cc2ccccc2C(C2CCN(CC3CN(c4ccc(S(=O)(=O)C5CC5)cc4)C3)CC2)([C@H]2CCC[C@@H]2NC(=O)NC)C1,MYYYSVGFHODGCR-AFLWYUAHSA-N,MYYYSVGFHODGCR-AFLWYUAHSA-N,standardized,0.0,False,2.0,strict_exact,exact_point_estimate,high_potency_<=100nM,True,True,IC50,biochemical_binding,False,0.697539711628876,0.8842775773453022,0.24761904776096344,CCOC(=O)N1CCC(CN2CCC3(CC2)CN(S(C)(=O)=O)c2ncccc23)CC1,False,medium
STR-0B18427EF6CEB8CC075B,IC50,biochemical_binding,1,2,1,2,1,0,0,8.397940008672037,8.397940008672037,8.397940008672037,4.0,4.0,IC50,1,inhibitory_potency,1,biochemical_binding,1,ChEMBL;PubChem,CHEMBL5763525,Menin,2021,=,C#CC(=O)N[C@H]1CCC[C@@H]1[C@](C#N)(c1cccc(F)c1)C1CCN(CC2CN(c3ccc(C#N)cc3)C2)CC1,C#CC(=O)N[C@H]1CCC[C@@H]1[C@](C#N)(c1cccc(F)c1)C1CCN(CC2CN(c3ccc(C#N)cc3)C2)CC1,C#CC(=O)N[C@H]1CCC[C@@H]1[C@](C#N)(c1cccc(F)c1)C1CCN(CC2CN(c3ccc(C#N)cc3)C2)CC1,C#CC(=O)N[C@H]1CCC[C@@H]1[C@](C#N)(c1cccc(F)c1)C1CCN(CC2CN(c3ccc(C#N)cc3)C2)CC1,NHEREKBYONAPFU-GCRSFRQPSA-N,NHEREKBYONAPFU-GCRSFRQPSA-N,standardized,0.0,False,2.0,strict_exact,exact_point_estimate,high_potency_<=100nM,True,True,IC50,biochemical_binding,False,0.7909162782949535,0.739727653162211,0.27927929162979126,O=C(N[C@H]1CCN(CC2CCC2)C[C@@H]1C(=O)NC1(c2ncccn2)CC1)c1cc(-c2ccc(F)cc2F)on1,True,high
STR-1F39727F90F76C636B4B,IC50,biochemical_binding,1,1,0,1,1,0,0,8.397940008672037,8.397940008672037,8.397940008672037,4.0,4.0,IC50,1,inhibitory_potency,1,biochemical_binding,1,ChEMBL,CHEMBL5087485,Menin,2021,=,COC(=O)N[C@H]1CCC[C@@H]1[C@](CN)(c1cccc(F)c1)C1CCN(CC2CN(c3ccc(S(=O)(=O)C4CC4)cc3)C2)CC1,COC(=O)N[C@H]1CCC[C@@H]1[C@](CN)(c1cccc(F)c1)C1CCN(CC2CN(c3ccc(S(=O)(=O)C4CC4)cc3)C2)CC1,COC(=O)N[C@H]1CCC[C@@H]1[C@](CN)(c1cccc(F)c1)C1CCN(CC2CN(c3ccc(S(=O)(=O)C4CC4)cc3)C2)CC1,COC(=O)N[C@H]1CCC[C@@H]1[C@](CN)(c1cccc(F)c1)C1CCN(CC2CN(c3ccc(S(=O)(=O)C4CC4)cc3)C2)CC1,KUFACZGHKUZTGV-PHDGFQFKSA-N,KUFACZGHKUZTGV-PHDGFQFKSA-N,standardized,0.0,False,2.0,strict_exact,exact_point_estimate,high_potency_<=100nM,True,True,IC50,biochemical_binding,False,0.8194059933085797,0.6813747878730952,0.27000001072883606,CC(=O)Nc1cccc(N2CCN(CC3CCN(S(=O)(=O)CC4CCCCC4)CC3)CC2)c1,True,high
STR-3815BA4AEEA1DB9CE8BA,IC50,biochemical_binding,1,1,0,1,1,0,0,8.397940008672037,8.397940008672037,8.397940008672037,4.0,4.0,IC50,1,inhibitory_potency,1,biochemical_binding,1,ChEMBL,CHEMBL4527504,Menin,2020,=,COC(=O)N[C@H]1CCC[C@@H]1[C@](CN1CCC1)(c1cccc(F)c1)C1CCN(CC2CN(c3ccc(S(=O)(=O)C4CN(C(=O)/C=C/CN5CCC(F)CC5)C4)cc3)C2)CC1,COC(=O)N[C@H]1CCC[C@@H]1[C@](CN1CCC1)(c1cccc(F)c1)C1CCN(CC2CN(c3ccc(S(=O)(=O)C4CN(C(=O)/C=C/CN5CCC(F)CC5)C4)cc3)C2)CC1,COC(=O)N[C@H]1CCC[C@@H]1[C@](CN1CCC1)(c1cccc(F)c1)C1CCN(CC2CN(c3ccc(S(=O)(=O)C4CN(C(=O)/C=C/CN5CCC(F)CC5)C4)cc3)C2)CC1,COC(=O)N[C@H]1CCC[C@@H]1[C@](CN1CCC1)(c1cccc(F)c1)C1CCN(CC2CN(c3ccc(S(=O)(=O)C4CN(C(=O)/C=C/CN5CCC(F)CC5)C4)cc3)C2)CC1,SHFFOJKRNFQNPE-JWXKIEKXSA-N,SHFFOJKRNFQNPE-JWXKIEKXSA-N,standardized,0.0,False,2.0,strict_exact,exact_point_estimate,high_potency_<=100nM,True,True,IC50,biochemical_binding,False,0.9351601645187184,0.34636491781974893,0.23076923191547394,CC(=O)Nc1cccc(N2CCN(CC3CCN(S(=O)(=O)CC4CCCCC4)CC3)CC2)c1,False,high
STR-3A6736117BA7E1895B14,IC50,biochemical_binding,1,2,1,2,1,0,0,8.397940008672037,8.397940008672037,8.397940008672037,4.0,4.0,IC50,1,inhibitory_potency,1,biochemical_binding,1,ChEMBL;PubChem,CHEMBL5770979,Menin,2021,=,C/C=C/C(=O)Nc1cccc(S(=O)(=O)c2ccc(N3CC(CN4CCC([C@@](C#N)(c5cccc(F)c5)[C@H]5CCC[C@@H]5NC(=O)OC)CC4)C3)cc2)c1,C/C=C/C(=O)Nc1cccc(S(=O)(=O)c2ccc(N3CC(CN4CCC([C@@](C#N)(c5cccc(F)c5)[C@H]5CCC[C@@H]5NC(=O)OC)CC4)C3)cc2)c1,C/C=C/C(=O)Nc1cccc(S(=O)(=O)c2ccc(N3CC(CN4CCC([C@@](C#N)(c5cccc(F)c5)[C@H]5CCC[C@@H]5NC(=O)OC)CC4)C3)cc2)c1,C/C=C/C(=O)Nc1cccc(S(=O)(=O)c2ccc(N3CC(CN4CCC([C@@](C#N)(c5cccc(F)c5)[C@H]5CCC[C@@H]5NC(=O)OC)CC4)C3)cc2)c1,GDEMTHGWWWXCRV-KFSRZAEUSA-N,GDEMTHGWWWXCRV-KFSRZAEUSA-N,standardized,0.0,False,2.0,strict_exact,exact_point_estimate,high_potency_<=100nM,True,True,IC50,biochemical_binding,False,0.6003857012123134,0.9707245265294793,0.27927929162979126,CC(=O)Nc1cccc(N2CCN(CC3CCN(S(=O)(=O)CC4CCCCC4)CC3)CC2)c1,True,medium
STR-469219CCEE1D20BDAA81,IC50,biochemical_binding,1,2,1,2,1,0,0,8.397940008672037,8.397940008672037,8.397940008672037,4.0,4.0,IC50,1,inhibitory_potency,1,biochemical_binding,1,ChEMBL;PubChem,CHEMBL5829566,Menin,2021,=,CNC(=O)O[C@H]1CCC[C@@H]1C(C#N)(c1ccccc1)C1CCN(CC2CN(c3ccc(S(=O)(=O)c4nn(C)cc4Br)cc3)C2)CC1,CNC(=O)O[C@H]1CCC[C@@H]1C(C#N)(c1ccccc1)C1CCN(CC2CN(c3ccc(S(=O)(=O)c4nn(C)cc4Br)cc3)C2)CC1,CNC(=O)O[C@H]1CCC[C@@H]1C(C#N)(c1ccccc1)C1CCN(CC2CN(c3ccc(S(=O)(=O)c4nn(C)cc4Br)cc3)C2)CC1,CNC(=O)O[C@H]1CCC[C@@H]1C(C#N)(c1ccccc1)C1CCN(CC2CN(c3ccc(S(=O)(=O)c4nn(C)cc4Br)cc3)C2)CC1,RDMGTXHHFUCBPL-OAIMCMEGSA-N,RDMGTXHHFUCBPL-OAIMCMEGSA-N,standardized,0.0,False,2.0,strict_exact,exact_point_estimate,high_potency_<=100nM,True,True,IC50,biochemical_binding,False,0.09954033768171235,0.46753680272338055,0.23364485800266266,NC(=O)C(c1ccccc1)(c1ccccc1)[C@@H]1CCN(CCc2ccc3c(c2)CCO3)C1,False,low
STR-4DD88D5839EF83BB667C,IC50,biochemical_binding,1,1,0,1,1,0,0,8.397940008672037,8.397940008672037,8.397940008672037,4.0,4.0,IC50,1,inhibitory_potency,1,biochemical_binding,1,ChEMBL,CHEMBL4164572,Menin,2018,=,NS(=O)(=O)Cc1ccc(CN2CCC3(CCN(c4ncnc5sc(CC(F)(F)F)cc45)C3)C2)cc1,NS(=O)(=O)Cc1ccc(CN2CCC3(CCN(c4ncnc5sc(CC(F)(F)F)cc45)C3)C2)cc1,NS(=O)(=O)Cc1ccc(CN2CCC3(CCN(c4ncnc5sc(CC(F)(F)F)cc45)C3)C2)cc1,NS(=O)(=O)Cc1ccc(CN2CCC3(CCN(c4ncnc5sc(CC(F)(F)F)cc45)C3)C2)cc1,MTGHKVNRTSXZHZ-UHFFFAOYSA-N,MTGHKVNRTSXZHZ-UHFFFAOYSA-N,standardized,0.0,False,2.0,strict_exact,exact_point_estimate,high_potency_<=100nM,True,True,IC50,biochemical_binding,False,0.9876598548551971,0.0959354164712295,0.25,COc1cc(NC(=O)c2nnn(Cc3ccc(CN4CCOCC4)cc3)c2N)ncn1,False,high
STR-882FF6702A9046F460CB,IC50,biochemical_binding,1,2,1,2,1,0,0,8.397940008672037,8.397940008672037,8.397940008672037,4.0,4.0,IC50,1,inhibitory_potency,1,biochemical_binding,1,ChEMBL;PubChem,CHEMBL6004475,Menin,2021,=,COC(=O)N[C@H]1CCC[C@@H]1[C@](C#N)(c1cccc(F)c1)C1CCN(CC2CN(c3ccc(S(=O)(=O)C4CN(C(=O)/C=C/CN5CCCCC5)C4)cc3)C2)CC1,COC(=O)N[C@H]1CCC[C@@H]1[C@](C#N)(c1cccc(F)c1)C1CCN(CC2CN(c3ccc(S(=O)(=O)C4CN(C(=O)/C=C/CN5CCCCC5)C4)cc3)C2)CC1,COC(=O)N[C@H]1CCC[C@@H]1[C@](C#N)(c1cccc(F)c1)C1CCN(CC2CN(c3ccc(S(=O)(=O)C4CN(C(=O)/C=C/CN5CCCCC5)C4)cc3)C2)CC1,COC(=O)N[C@H]1CCC[C@@H]1[C@](C#N)(c1cccc(F)c1)C1CCN(CC2CN(c3ccc(S(=O)(=O)C4CN(C(=O)/C=C/CN5CCCCC5)C4)cc3)C2)CC1,UHUPMOFVAZPLBD-ZAOLGUQISA-N,UHUPMOFVAZPLBD-ZAOLGUQISA-N,standardized,0.0,False,2.0,strict_exact,exact_point_estimate,high_potency_<=100nM,True,True,IC50,biochemical_binding,False,0.7880110833322925,0.7452673207453108,0.2461538463830948,O=C(N[C@H]1CCN(CC2CCC2)C[C@@H]1C(=O)NC1(c2ncccn2)CC1)c1cc(-c2ccc(F)cc2F)on1,False,high
STR-971CC9D9CF453AE51D7B,IC50,biochemical_binding,1,2,1,2,1,0,0,8.397940008672037,8.397940008672037,8.397940008672037,4.0,4.0,IC50,1,inhibitory_potency,1,biochemical_binding,1,ChEMBL;PubChem,CHEMBL5822575,Menin,2021,=,CNC(=O)N[C@H]1CCC[C@@H]1C(CN)(c1ccccc1)C1CCN(CC2CN(c3ccc(S(=O)(=O)c4ccccc4)cc3)C2)CC1,CNC(=O)N[C@H]1CCC[C@@H]1C(CN)(c1ccccc1)C1CCN(CC2CN(c3ccc(S(=O)(=O)c4ccccc4)cc3)C2)CC1,CNC(=O)N[C@H]1CCC[C@@H]1C(CN)(c1ccccc1)C1CCN(CC2CN(c3ccc(S(=O)(=O)c4ccccc4)cc3)C2)CC1,CNC(=O)N[C@H]1CCC[C@@H]1C(CN)(c1ccccc1)C1CCN(CC2CN(c3ccc(S(=O)(=O)c4ccccc4)cc3)C2)CC1,RXRPLAZNSINGDU-AFLWYUAHSA-N,RXRPLAZNSINGDU-AFLWYUAHSA-N,standardized,0.0,False,2.0,strict_exact,exact_point_estimate,high_potency_<=100nM,True,True,IC50,biochemical_binding,False,0.20324392794540297,0.7283686990451572,0.2631579041481018,CC(=O)Nc1cccc(N2CCN(CC3CCN(S(=O)(=O)CC4CCCCC4)CC3)CC2)c1,True,low
STR-9767BDB895288D4DE128,IC50,biochemical_binding,1,2,1,2,1,0,0,8.397940008672037,8.397940008672037,8.397940008672037,4.0,4.0,IC50,1,inhibitory_potency,1,biochemical_binding,1,ChEMBL;PubChem,CHEMBL5831219,Menin,2021,=,C=CC(=O)Nc1ccc(S(=O)(=O)c2ccc(N3CC(CN4CCC([C@@](C#N)(c5cccc(F)c5)[C@H]5CCC[C@@H]5NC(=O)OC)CC4)C3)cc2)cc1,C=CC(=O)Nc1ccc(S(=O)(=O)c2ccc(N3CC(CN4CCC([C@@](C#N)(c5cccc(F)c5)[C@H]5CCC[C@@H]5NC(=O)OC)CC4)C3)cc2)cc1,C=CC(=O)Nc1ccc(S(=O)(=O)c2ccc(N3CC(CN4CCC([C@@](C#N)(c5cccc(F)c5)[C@H]5CCC[C@@H]5NC(=O)OC)CC4)C3)cc2)cc1,C=CC(=O)Nc1ccc(S(=O)(=O)c2ccc(N3CC(CN4CCC([C@@](C#N)(c5cccc(F)c5)[C@H]5CCC[C@@H]5NC(=O)OC)CC4)C3)cc2)cc1,MUMCURKWJCKCPX-YFTHYISFSA-N,MUMCURKWJCKCPX-YFTHYISFSA-N,standardized,0.0,False,2.0,strict_exact,exact_point_estimate,high_potency_<=100nM,True,True,IC50,biochemical_binding,False,0.45388950061378863,0.9938564210647729,0.26851850748062134,CC(=O)Nc1cccc(N2CCN(CC3CCN(S(=O)(=O)CC4CCCCC4)CC3)CC2)c1,True,medium
STR-9E4FCF8CA68285C7D759,IC50,biochemical_binding,1,2,1,2,1,0,0,8.397940008672037,8.397940008672037,8.397940008672037,4.0,4.0,IC50,1,inhibitory_potency,1,biochemical_binding,1,ChEMBL;PubChem,CHEMBL5938942,Menin,2021,=,CC(=O)N[C@H]1CCC[C@@H]1C1(C2CCN(CC3CN(c4ccc(S(=O)(=O)c5cnn(C)c5)cc4)C3)CC2)CNCc2ccccc21,CC(=O)N[C@H]1CCC[C@@H]1C1(C2CCN(CC3CN(c4ccc(S(=O)(=O)c5cnn(C)c5)cc4)C3)CC2)CNCc2ccccc21,CC(=O)N[C@H]1CCC[C@@H]1C1(C2CCN(CC3CN(c4ccc(S(=O)(=O)c5cnn(C)c5)cc4)C3)CC2)CNCc2ccccc21,CC(=O)N[C@H]1CCC[C@@H]1C1(C2CCN(CC3CN(c4ccc(S(=O)(=O)c5cnn(C)c5)cc4)C3)CC2)CNCc2ccccc21,KBCHFACNIBEZDD-IEKJTBOOSA-N,KBCHFACNIBEZDD-IEKJTBOOSA-N,standardized,0.0,False,2.0,strict_exact,exact_point_estimate,high_potency_<=100nM,True,True,IC50,biochemical_binding,False,0.18487836106644212,0.6906335815310451,0.25471699237823486,CC(=O)Nc1cccc(N2CCN(CC3CCN(S(=O)(=O)CC4CCCCC4)CC3)CC2)c1,False,low
STR-BF1214B82FC052E63D5D,IC50,biochemical_binding,1,2,1,2,1,0,0,8.397940008672037,8.397940008672037,8.397940008672037,4.0,4.0,IC50,1,inhibitory_potency,1,biochemical_binding,1,ChEMBL;PubChem,CHEMBL5743156,Menin,2021,=,CNC(=O)O[C@H]1CCC[C@@H]1C(Cn1ccnc1)(c1ccccc1)C1CCN(CC2CN(c3ccc(C(F)(F)F)cc3)C2)CC1,CNC(=O)O[C@H]1CCC[C@@H]1C(Cn1ccnc1)(c1ccccc1)C1CCN(CC2CN(c3ccc(C(F)(F)F)cc3)C2)CC1,CNC(=O)O[C@H]1CCC[C@@H]1C(Cn1ccnc1)(c1ccccc1)C1CCN(CC2CN(c3ccc(C(F)(F)F)cc3)C2)CC1,CNC(=O)O[C@H]1CCC[C@@H]1C(Cn1ccnc1)(c1ccccc1)C1CCN(CC2CN(c3ccc(C(F)(F)F)cc3)C2)CC1,ITASWUJEXVDNRB-KZNDPDLVSA-N,ITASWUJEXVDNRB-KZNDPDLVSA-N,standardized,0.0,False,2.0,strict_exact,exact_point_estimate,high_potency_<=100nM,True,True,IC50,biochemical_binding,False,0.20833344019670083,0.7382850719621843,0.3106796145439148,O=C(CC1CCN(Cc2ccn(-c3ccc(C(F)(F)F)cc3)c2)CC1)NC(c1ccccc1)c1ccccn1,True,low
STR-CAC36670E13A5F8A68CE,IC50,biochemical_binding,1,2,1,2,1,0,0,8.397940008672037,8.397940008672037,8.397940008672037,4.0,4.0,IC50,1,inhibitory_potency,1,biochemical_binding,1,ChEMBL;PubChem,CHEMBL5798441,Menin,2021,=,CNC(=O)O[C@H]1CCC[C@@H]1C1(C2CCN(CC3CN(c4ccc(S(=O)(=O)c5ccncc5)cc4)C3)CC2)CN(C)Cc2ccccc21,CNC(=O)O[C@H]1CCC[C@@H]1C1(C2CCN(CC3CN(c4ccc(S(=O)(=O)c5ccncc5)cc4)C3)CC2)CN(C)Cc2ccccc21,CNC(=O)O[C@H]1CCC[C@@H]1C1(C2CCN(CC3CN(c4ccc(S(=O)(=O)c5ccncc5)cc4)C3)CC2)CN(C)Cc2ccccc21,CNC(=O)O[C@H]1CCC[C@@H]1C1(C2CCN(CC3CN(c4ccc(S(=O)(=O)c5ccncc5)cc4)C3)CC2)CN(C)Cc2ccccc21,RQQWEQZHCLJHSS-FWBANIIHSA-N,RQQWEQZHCLJHSS-FWBANIIHSA-N,standardized,0.0,False,2.0,strict_exact,exact_point_estimate,high_potency_<=100nM,True,True,IC50,biochemical_binding,False,0.12373410359692112,0.540000023231572,0.2641509473323822,CCOC(=O)N1CCC(CN2CCC3(CC2)CN(S(C)(=O)=O)c2ncccc23)CC1,True,low
STR-D5BB346CA235EBEB0149,IC50,biochemical_binding,1,2,1,2,1,0,0,8.397940008672037,8.397940008672037,8.397940008672037,4.0,4.0,IC50,1,inhibitory_potency,1,biochemical_binding,1,ChEMBL;PubChem,CHEMBL5985246,Menin,2021,=,CNC(=O)O[C@H]1CCC[C@@H]1C(Cn1ccnc1)(c1ccccc1)C1CCN(CC2CN(c3ccc(S(=O)(=O)C4COC4)cc3)C2)CC1,CNC(=O)O[C@H]1CCC[C@@H]1C(Cn1ccnc1)(c1ccccc1)C1CCN(CC2CN(c3ccc(S(=O)(=O)C4COC4)cc3)C2)CC1,CNC(=O)O[C@H]1CCC[C@@H]1C(Cn1ccnc1)(c1ccccc1)C1CCN(CC2CN(c3ccc(S(=O)(=O)C4COC4)cc3)C2)CC1,CNC(=O)O[C@H]1CCC[C@@H]1C(Cn1ccnc1)(c1ccccc1)C1CCN(CC2CN(c3ccc(S(=O)(=O)C4COC4)cc3)C2)CC1,CLNQWDRXPWLYQP-AFLWYUAHSA-N,CLNQWDRXPWLYQP-AFLWYUAHSA-N,standardized,0.0,False,2.0,strict_exact,exact_point_estimate,high_potency_<=100nM,True,True,IC50,biochemical_binding,False,0.08495462982128345,0.41940093741848705,0.23728813230991364,CC(C)CNc1nc(N2CCN(CC3CCCOC3)CC2)ncc1C(=O)NCc1ccccc1,False,low
STR-DF974D42229069135D77,IC50,biochemical_binding,1,2,1,2,1,0,0,8.397940008672037,8.397940008672037,8.397940008672037,4.0,4.0,IC50,1,inhibitory_potency,1,biochemical_binding,1,ChEMBL;PubChem,CHEMBL5796888,Menin,2021,=,COC(=O)N[C@H]1CCC[C@@H]1[C@](C#N)(c1cccc(F)c1)C1CCN(CC2CN(c3ccc(S(=O)(=O)C4CN(C(=O)/C=C/CN5CCOCC5)C4)cc3)C2)CC1,COC(=O)N[C@H]1CCC[C@@H]1[C@](C#N)(c1cccc(F)c1)C1CCN(CC2CN(c3ccc(S(=O)(=O)C4CN(C(=O)/C=C/CN5CCOCC5)C4)cc3)C2)CC1,COC(=O)N[C@H]1CCC[C@@H]1[C@](C#N)(c1cccc(F)c1)C1CCN(CC2CN(c3ccc(S(=O)(=O)C4CN(C(=O)/C=C/CN5CCOCC5)C4)cc3)C2)CC1,COC(=O)N[C@H]1CCC[C@@H]1[C@](C#N)(c1cccc(F)c1)C1CCN(CC2CN(c3ccc(S(=O)(=O)C4CN(C(=O)/C=C/CN5CCOCC5)C4)cc3)C2)CC1,GTMXROGUPBVOPW-GPNHBTBYSA-N,GTMXROGUPBVOPW-GPNHBTBYSA-N,standardized,0.0,False,2.0,strict_exact,exact_point_estimate,high_potency_<=100nM,True,True,IC50,biochemical_binding,False,0.5329215376979026,0.99687047092571,0.24242424964904785,O=C(N[C@H]1CCN(CC2CCC2)C[C@@H]1C(=O)NC1(c2ncccn2)CC1)c1cc(-c2ccc(F)cc2F)on1,False,medium
STR-8053B83BB63EAAF32F61,IC50,biochemical_binding,1,1,0,1,1,0,0,8.387216143280265,8.387216143280265,8.387216143280265,4.1,4.1,IC50,1,inhibitory_potency,1,biochemical_binding,1,ChEMBL,CHEMBL6017372,Menin,2020,=,CC(C)N(C(=O)c1cc(F)ccc1Oc1cncnc1N1CC2(CN(C(=O)[C@H]3N[C@H]4CC[C@@H]3C[C@H]4CC3CC3)C2)C1)C(C)C,CC(C)N(C(=O)c1cc(F)ccc1Oc1cncnc1N1CC2(CN(C(=O)[C@H]3N[C@H]4CC[C@@H]3C[C@H]4CC3CC3)C2)C1)C(C)C,CC(C)N(C(=O)c1cc(F)ccc1Oc1cncnc1N1CC2(CN(C(=O)[C@H]3N[C@H]4CC[C@@H]3C[C@H]4CC3CC3)C2)C1)C(C)C,CC(C)N(C(=O)c1cc(F)ccc1Oc1cncnc1N1CC2(CN(C(=O)[C@H]3N[C@H]4CC[C@@H]3C[C@H]4CC3CC3)C2)C1)C(C)C,DJHPKVNSQIOFKC-MNRJJZRPSA-N,DJHPKVNSQIOFKC-MNRJJZRPSA-N,standardized,0.0,False,2.0,strict_exact,exact_point_estimate,high_potency_<=100nM,True,True,IC50,biochemical_binding,False,0.8468924475070844,0.6175626282543876,0.2195121943950653,COc1ccc2nccc([C@@H](O)CC[C@@H]3CCN(C4CC(c5cc(F)ccc5F)C4)C[C@@H]3C(=O)O)c2c1,False,high
STR-BB7B1C3CD2EFE9AFE2C0,IC50,biochemical_binding,1,1,0,1,1,0,0,8.3767507096021,8.3767507096021,8.3767507096021,4.2,4.2,IC50,1,inhibitory_potency,1,biochemical_binding,1,ChEMBL,CHEMBL5081163,Menin,2021,=,CCC(=O)N1C[C@@H]2C[C@H]1CN2S(=O)(=O)c1ccc(N2CC(CN3CCC([C@@](CN4CCC4)(c4cccc(F)c4)[C@H]4CCC[C@@H]4NC(=O)OC)CC3)(OC)C2)cc1,CCC(=O)N1C[C@@H]2C[C@H]1CN2S(=O)(=O)c1ccc(N2CC(CN3CCC([C@@](CN4CCC4)(c4cccc(F)c4)[C@H]4CCC[C@@H]4NC(=O)OC)CC3)(OC)C2)cc1,CCC(=O)N1C[C@@H]2C[C@H]1CN2S(=O)(=O)c1ccc(N2CC(CN3CCC([C@@](CN4CCC4)(c4cccc(F)c4)[C@H]4CCC[C@@H]4NC(=O)OC)CC3)(OC)C2)cc1,CCC(=O)N1C[C@@H]2C[C@H]1CN2S(=O)(=O)c1ccc(N2CC(CN3CCC([C@@](CN4CCC4)(c4cccc(F)c4)[C@H]4CCC[C@@H]4NC(=O)OC)CC3)(OC)C2)cc1,STSQDMRLPJISBS-SZDLQPMWSA-N,STSQDMRLPJISBS-SZDLQPMWSA-N,standardized,0.0,False,2.0,strict_exact,exact_point_estimate,high_potency_<=100nM,True,True,IC50,biochemical_binding,False,0.1773350344454967,0.67421225142384,0.25641027092933655,C[C@@H]1CN(CC2(C(N)=O)CCC2)CCN1S(=O)(=O)c1ccc(C(C)(O)C(F)(F)F)cc1,False,low
STR-704625FB7455957A2AA3,IC50,biochemical_binding,1,1,0,1,1,0,0,8.337242168318426,8.337242168318426,8.337242168318426,4.6,4.6,IC50,1,inhibitory_potency,1,biochemical_binding,1,ChEMBL,CHEMBL5085064,Menin,2021,=,C=CC(=O)N1C[C@H]2C[C@@H]1CN2S(=O)(=O)c1ccc(N2CC(CN3CCC([C@@](CN4CCC4)(c4cccc(F)c4)[C@H]4CCC[C@@H]4NC(=O)OC)CC3)(OC)C2)cc1,C=CC(=O)N1C[C@H]2C[C@@H]1CN2S(=O)(=O)c1ccc(N2CC(CN3CCC([C@@](CN4CCC4)(c4cccc(F)c4)[C@H]4CCC[C@@H]4NC(=O)OC)CC3)(OC)C2)cc1,C=CC(=O)N1C[C@H]2C[C@@H]1CN2S(=O)(=O)c1ccc(N2CC(CN3CCC([C@@](CN4CCC4)(c4cccc(F)c4)[C@H]4CCC[C@@H]4NC(=O)OC)CC3)(OC)C2)cc1,C=CC(=O)N1C[C@H]2C[C@@H]1CN2S(=O)(=O)c1ccc(N2CC(CN3CCC([C@@](CN4CCC4)(c4cccc(F)c4)[C@H]4CCC[C@@H]4NC(=O)OC)CC3)(OC)C2)cc1,HFHVSSGMYSWPIR-IXPKHDRGSA-N,HFHVSSGMYSWPIR-IXPKHDRGSA-N,standardized,0.0,False,2.0,strict_exact,exact_point_estimate,high_potency_<=100nM,True,True,IC50,biochemical_binding,False,0.3174833815153171,0.9016237041162358,0.2542372941970825,C[C@@H]1CN(CC2(C(N)=O)CCC2)CCN1S(=O)(=O)c1ccc(C(C)(O)C(F)(F)F)cc1,False,medium
STR-19873DB44217FEBF78AF,IC50,biochemical_binding,1,2,1,2,1,0,0,8.301029995663981,8.301029995663981,8.301029995663981,5.0,5.0,IC50,1,inhibitory_potency,1,biochemical_binding,1,ChEMBL;PubChem,CHEMBL5928416,Menin,2021,=,N#C[C@@](c1cccc(F)c1)(C1CCN(CC2CN(c3ccc(S(=O)(=O)C4CC4)cc3)C2)CC1)[C@H]1CCC[C@@H]1NC(=O)CCl,N#C[C@@](c1cccc(F)c1)(C1CCN(CC2CN(c3ccc(S(=O)(=O)C4CC4)cc3)C2)CC1)[C@H]1CCC[C@@H]1NC(=O)CCl,N#C[C@@](c1cccc(F)c1)(C1CCN(CC2CN(c3ccc(S(=O)(=O)C4CC4)cc3)C2)CC1)[C@H]1CCC[C@@H]1NC(=O)CCl,N#C[C@@](c1cccc(F)c1)(C1CCN(CC2CN(c3ccc(S(=O)(=O)C4CC4)cc3)C2)CC1)[C@H]1CCC[C@@H]1NC(=O)CCl,DXTZINIBCSTADU-PHDGFQFKSA-N,DXTZINIBCSTADU-PHDGFQFKSA-N,standardized,0.0,False,2.0,strict_exact,exact_point_estimate,high_potency_<=100nM,True,True,IC50,biochemical_binding,False,0.92360627547383,0.38934300244275677,0.269565224647522,O=C(N[C@H]1CCN(CC2CCC2)C[C@@H]1C(=O)NC1(c2ncccn2)CC1)c1cc(-c2ccc(F)cc2F)on1,True,high
STR-2159345A857E58155448,IC50,biochemical_binding,1,2,1,2,1,0,0,8.301029995663981,8.301029995663981,8.301029995663981,5.0,5.0,IC50,1,inhibitory_potency,1,biochemical_binding,1,ChEMBL;PubChem,CHEMBL5960556,Menin,2021,=,CC(=O)N[C@H]1CCC[C@@H]1C1(C2CCN(CC3CN(c4ccc(S(=O)(=O)c5ccncc5)cc4)C3)CC2)CN(C)Cc2ccccc21,CC(=O)N[C@H]1CCC[C@@H]1C1(C2CCN(CC3CN(c4ccc(S(=O)(=O)c5ccncc5)cc4)C3)CC2)CN(C)Cc2ccccc21,CC(=O)N[C@H]1CCC[C@@H]1C1(C2CCN(CC3CN(c4ccc(S(=O)(=O)c5ccncc5)cc4)C3)CC2)CN(C)Cc2ccccc21,CC(=O)N[C@H]1CCC[C@@H]1C1(C2CCN(CC3CN(c4ccc(S(=O)(=O)c5ccncc5)cc4)C3)CC2)CN(C)Cc2ccccc21,GQLDAZNFIWROOP-JTTVYFNNSA-N,GQLDAZNFIWROOP-JTTVYFNNSA-N,standardized,0.0,False,2.0,strict_exact,exact_point_estimate,high_potency_<=100nM,True,True,IC50,biochemical_binding,False,0.28508372721437314,0.862285609576631,0.2647058963775635,CC(=O)Nc1cccc(N2CCN(CC3CCN(S(=O)(=O)CC4CCCCC4)CC3)CC2)c1,True,low
STR-404CEFB796E101ECF803,IC50,biochemical_binding,1,1,0,1,1,0,0,8.301029995663981,8.301029995663981,8.301029995663981,5.0,5.0,IC50,1,inhibitory_potency,1,biochemical_binding,1,ChEMBL,CHEMBL4454560,Menin,2020,=,COC(=O)N[C@H]1CCC[C@@H]1[C@](CN(C)C)(c1cccc(F)c1)C1CCN(CC2CN(c3ccc(S(=O)(=O)C4CN(C(=O)/C=C/CN(C)C)C4)cc3)C2)CC1,COC(=O)N[C@H]1CCC[C@@H]1[C@](CN(C)C)(c1cccc(F)c1)C1CCN(CC2CN(c3ccc(S(=O)(=O)C4CN(C(=O)/C=C/CN(C)C)C4)cc3)C2)CC1,COC(=O)N[C@H]1CCC[C@@H]1[C@](CN(C)C)(c1cccc(F)c1)C1CCN(CC2CN(c3ccc(S(=O)(=O)C4CN(C(=O)/C=C/CN(C)C)C4)cc3)C2)CC1,COC(=O)N[C@H]1CCC[C@@H]1[C@](CN(C)C)(c1cccc(F)c1)C1CCN(CC2CN(c3ccc(S(=O)(=O)C4CN(C(=O)/C=C/CN(C)C)C4)cc3)C2)CC1,HYSJABPGNTVFHP-CEDHWSPUSA-N,HYSJABPGNTVFHP-CEDHWSPUSA-N,standardized,0.0,False,2.0,strict_exact,exact_point_estimate,high_potency_<=100nM,True,True,IC50,biochemical_binding,False,0.9187593144505823,0.4065358067022072,0.2347826063632965,CC(=O)Nc1cccc(N2CCN(CC3CCN(S(=O)(=O)CC4CCCCC4)CC3)CC2)c1,False,high
STR-654C0D84C180E9D74576,IC50,biochemical_binding,1,2,1,2,1,0,0,8.301029995663981,8.301029995663981,8.301029995663981,5.0,5.0,IC50,1,inhibitory_potency,1,biochemical_binding,1,ChEMBL;PubChem,CHEMBL6020537,Menin,2021,=,CNC(=O)O[C@H]1CCC[C@@H]1C(Cn1ccnc1)(c1cccc(F)c1)C1CCN(CC2CN(c3ccc(C#N)cc3)C2)CC1,CNC(=O)O[C@H]1CCC[C@@H]1C(Cn1ccnc1)(c1cccc(F)c1)C1CCN(CC2CN(c3ccc(C#N)cc3)C2)CC1,CNC(=O)O[C@H]1CCC[C@@H]1C(Cn1ccnc1)(c1cccc(F)c1)C1CCN(CC2CN(c3ccc(C#N)cc3)C2)CC1,CNC(=O)O[C@H]1CCC[C@@H]1C(Cn1ccnc1)(c1cccc(F)c1)C1CCN(CC2CN(c3ccc(C#N)cc3)C2)CC1,UDTLYHREMCOXLK-QKZQDKRESA-N,UDTLYHREMCOXLK-QKZQDKRESA-N,standardized,0.0,False,2.0,strict_exact,exact_point_estimate,high_potency_<=100nM,True,True,IC50,biochemical_binding,False,0.16267657527436366,0.6406744936745006,0.24786324799060822,O=C(CC1CCN(Cc2ccn(-c3ccc(C(F)(F)F)cc3)c2)CC1)NC(c1ccc(F)cc1)c1cccnc1,False,low
STR-74748864A5B42BEF5513,IC50,biochemical_binding,1,1,0,1,1,0,0,8.301029995663981,8.301029995663981,8.301029995663981,5.0,5.0,IC50,1,inhibitory_potency,1,biochemical_binding,1,ChEMBL,CHEMBL4449381,Menin,2019,=,CNC(=O)O[C@H]1CCC[C@@H]1[C@]1(C2CCN(CC3CN(c4ccc(S(=O)(=O)c5ccncc5)cc4)C3)CC2)CN(C)Cc2ccccc21,CNC(=O)O[C@H]1CCC[C@@H]1[C@]1(C2CCN(CC3CN(c4ccc(S(=O)(=O)c5ccncc5)cc4)C3)CC2)CN(C)Cc2ccccc21,CNC(=O)O[C@H]1CCC[C@@H]1[C@]1(C2CCN(CC3CN(c4ccc(S(=O)(=O)c5ccncc5)cc4)C3)CC2)CN(C)Cc2ccccc21,CNC(=O)O[C@H]1CCC[C@@H]1[C@]1(C2CCN(CC3CN(c4ccc(S(=O)(=O)c5ccncc5)cc4)C3)CC2)CN(C)Cc2ccccc21,RQQWEQZHCLJHSS-IWQNTTPNSA-N,RQQWEQZHCLJHSS-IWQNTTPNSA-N,standardized,0.0,False,2.0,strict_exact,exact_point_estimate,high_potency_<=100nM,True,True,IC50,biochemical_binding,False,0.12373410359692112,0.540000023231572,0.2641509473323822,CCOC(=O)N1CCC(CN2CCC3(CC2)CN(S(C)(=O)=O)c2ncccc23)CC1,True,low
STR-771E4A4135C686845F23,IC50,biochemical_binding,1,2,1,2,1,0,0,8.301029995663981,8.301029995663981,8.301029995663981,5.0,5.0,IC50,1,inhibitory_potency,1,biochemical_binding,1,ChEMBL;PubChem,CHEMBL5749051,Menin,2021,=,COC(=O)N[C@H]1CCC[C@@H]1[C@](C#N)(c1cccc(F)c1)C1CCN(CC2CN(c3ccc(S(=O)(=O)c4cccc(NC(=O)/C=C/CN5CCOCC5)c4)cc3)C2)CC1,COC(=O)N[C@H]1CCC[C@@H]1[C@](C#N)(c1cccc(F)c1)C1CCN(CC2CN(c3ccc(S(=O)(=O)c4cccc(NC(=O)/C=C/CN5CCOCC5)c4)cc3)C2)CC1,COC(=O)N[C@H]1CCC[C@@H]1[C@](C#N)(c1cccc(F)c1)C1CCN(CC2CN(c3ccc(S(=O)(=O)c4cccc(NC(=O)/C=C/CN5CCOCC5)c4)cc3)C2)CC1,COC(=O)N[C@H]1CCC[C@@H]1[C@](C#N)(c1cccc(F)c1)C1CCN(CC2CN(c3ccc(S(=O)(=O)c4cccc(NC(=O)/C=C/CN5CCOCC5)c4)cc3)C2)CC1,UAEWAWGUQILUTK-DVXYBWKSSA-N,UAEWAWGUQILUTK-DVXYBWKSSA-N,standardized,0.0,False,2.0,strict_exact,exact_point_estimate,high_potency_<=100nM,True,True,IC50,biochemical_binding,False,0.4481111008432578,0.9922172036236167,0.26271185278892517,CC(=O)Nc1cccc(N2CCN(CC3CCN(S(=O)(=O)CC4CCCCC4)CC3)CC2)c1,True,medium
STR-843DDF86851FBE55E4F0,IC50,biochemical_binding,1,2,1,2,1,0,0,8.301029995663981,8.301029995663981,8.301029995663981,5.0,5.0,IC50,1,inhibitory_potency,1,biochemical_binding,1,ChEMBL;PubChem,CHEMBL5958578,Menin,2021,=,C/C=C/C(=O)N1CC(S(=O)(=O)c2ccc(N3CC(CN4CCC([C@@](C#N)(c5cccc(F)c5)[C@H]5CCC[C@@H]5NC(=O)OC)CC4)C3)cc2)C1,C/C=C/C(=O)N1CC(S(=O)(=O)c2ccc(N3CC(CN4CCC([C@@](C#N)(c5cccc(F)c5)[C@H]5CCC[C@@H]5NC(=O)OC)CC4)C3)cc2)C1,C/C=C/C(=O)N1CC(S(=O)(=O)c2ccc(N3CC(CN4CCC([C@@](C#N)(c5cccc(F)c5)[C@H]5CCC[C@@H]5NC(=O)OC)CC4)C3)cc2)C1,C/C=C/C(=O)N1CC(S(=O)(=O)c2ccc(N3CC(CN4CCC([C@@](C#N)(c5cccc(F)c5)[C@H]5CCC[C@@H]5NC(=O)OC)CC4)C3)cc2)C1,WGTBOCZNYZWUPL-YXPXXTLLSA-N,WGTBOCZNYZWUPL-YXPXXTLLSA-N,standardized,0.0,False,2.0,strict_exact,exact_point_estimate,high_potency_<=100nM,True,True,IC50,biochemical_binding,False,0.6771047712923769,0.9075021678208243,0.2460317462682724,O=C(N[C@H]1CCN(CC2CCC2)C[C@@H]1C(=O)NC1(c2ncccn2)CC1)c1cc(-c2ccc(F)cc2F)on1,False,medium
STR-8A794CDE3E0D8F1C731C,IC50,biochemical_binding,1,2,1,2,1,0,0,8.301029995663981,8.301029995663981,8.301029995663981,5.0,5.0,IC50,1,inhibitory_potency,1,biochemical_binding,1,ChEMBL;PubChem,CHEMBL5933901,Menin,2021,=,C=CC(=O)N1CC(S(=O)(=O)c2ccc(N3CC(CN4CCC([C@@](C#N)(c5cccc(F)c5)[C@H]5CCC[C@@H]5OC(=O)NC)CC4)C3)cc2)C1,C=CC(=O)N1CC(S(=O)(=O)c2ccc(N3CC(CN4CCC([C@@](C#N)(c5cccc(F)c5)[C@H]5CCC[C@@H]5OC(=O)NC)CC4)C3)cc2)C1,C=CC(=O)N1CC(S(=O)(=O)c2ccc(N3CC(CN4CCC([C@@](C#N)(c5cccc(F)c5)[C@H]5CCC[C@@H]5OC(=O)NC)CC4)C3)cc2)C1,C=CC(=O)N1CC(S(=O)(=O)c2ccc(N3CC(CN4CCC([C@@](C#N)(c5cccc(F)c5)[C@H]5CCC[C@@H]5OC(=O)NC)CC4)C3)cc2)C1,YCHRNEMAHYDBHW-UEMWQVMZSA-N,YCHRNEMAHYDBHW-UEMWQVMZSA-N,standardized,0.0,False,2.0,strict_exact,exact_point_estimate,high_potency_<=100nM,True,True,IC50,biochemical_binding,False,0.3327169679757653,0.9176782351163886,0.2522522509098053,CC(Oc1ccc(S(C)(=O)=O)cc1C(=O)N1CCN(c2ccc(C#N)cc2)CC1)C(F)(F)F,False,medium
STR-EDA0DBA402DA3F7EB4D8,IC50,biochemical_binding,1,2,1,2,1,0,0,8.301029995663981,8.301029995663981,8.301029995663981,5.0,5.0,IC50,1,inhibitory_potency,1,biochemical_binding,1,ChEMBL;PubChem,CHEMBL5948342,Menin,2021,=,CNC(=O)O[C@H]1CCC[C@@H]1C(Cn1ccnc1)(c1ccccc1)C1CCN(CC2CN(c3ccc(Cl)cc3)C2)CC1,CNC(=O)O[C@H]1CCC[C@@H]1C(Cn1ccnc1)(c1ccccc1)C1CCN(CC2CN(c3ccc(Cl)cc3)C2)CC1,CNC(=O)O[C@H]1CCC[C@@H]1C(Cn1ccnc1)(c1ccccc1)C1CCN(CC2CN(c3ccc(Cl)cc3)C2)CC1,CNC(=O)O[C@H]1CCC[C@@H]1C(Cn1ccnc1)(c1ccccc1)C1CCN(CC2CN(c3ccc(Cl)cc3)C2)CC1,SALXHNZPHZHXHR-KZNDPDLVSA-N,SALXHNZPHZHXHR-KZNDPDLVSA-N,standardized,0.0,False,2.0,strict_exact,exact_point_estimate,high_potency_<=100nM,True,True,IC50,biochemical_binding,False,0.18842655861003518,0.6981683138443415,0.30000001192092896,CNC(=O)C(CCN1CCC(O)(c2ccc(Cl)cc2)CC1)(c1ccccc1)c1ccccc1,True,low
STR-CD3ABA81D633A3E66F13,IC50,biochemical_binding,1,1,0,1,1,0,0,8.275724130399212,8.275724130399212,8.275724130399212,5.3,5.3,IC50,1,inhibitory_potency,1,biochemical_binding,1,ChEMBL,CHEMBL6067935,Menin,2020,=,CC(C)N(C(=O)c1cc(F)ccc1Oc1cncnc1N1CC2(CCN(C(=O)[C@H]3N[C@H]4CC[C@@H]3C[C@@H]4CC3CC3)CC2)C1)C(C)C,CC(C)N(C(=O)c1cc(F)ccc1Oc1cncnc1N1CC2(CCN(C(=O)[C@H]3N[C@H]4CC[C@@H]3C[C@@H]4CC3CC3)CC2)C1)C(C)C,CC(C)N(C(=O)c1cc(F)ccc1Oc1cncnc1N1CC2(CCN(C(=O)[C@H]3N[C@H]4CC[C@@H]3C[C@@H]4CC3CC3)CC2)C1)C(C)C,CC(C)N(C(=O)c1cc(F)ccc1Oc1cncnc1N1CC2(CCN(C(=O)[C@H]3N[C@H]4CC[C@@H]3C[C@@H]4CC3CC3)CC2)C1)C(C)C,SKALBDQRURDSRO-XUOJJIKWSA-N,SKALBDQRURDSRO-XUOJJIKWSA-N,standardized,0.0,False,2.0,strict_exact,exact_point_estimate,high_potency_<=100nM,True,True,IC50,biochemical_binding,False,0.8969989276929937,0.4784372136903071,0.25,COc1ccccc1Oc1ccccc1CN1CCC2(CC1)CCN(C(=O)c1ccncn1)CC2,False,high
STR-073AD85CF5EE1E9C87AB,IC50,biochemical_binding,1,2,1,2,1,0,0,8.221848749616356,8.221848749616356,8.221848749616356,6.0,6.0,IC50,1,inhibitory_potency,1,biochemical_binding,1,ChEMBL;PubChem,CHEMBL4585198,Menin,2019,=,CCN1Cc2ccccc2C(C2CCCC2)(C2CCN(CC3CN(c4ccc(S(=O)(=O)c5ccncc5)cc4)C3)CC2)C1,CCN1Cc2ccccc2C(C2CCCC2)(C2CCN(CC3CN(c4ccc(S(=O)(=O)c5ccncc5)cc4)C3)CC2)C1,CCN1Cc2ccccc2C(C2CCCC2)(C2CCN(CC3CN(c4ccc(S(=O)(=O)c5ccncc5)cc4)C3)CC2)C1,CCN1Cc2ccccc2C(C2CCCC2)(C2CCN(CC3CN(c4ccc(S(=O)(=O)c5ccncc5)cc4)C3)CC2)C1,MIDBFVUJIVFIOM-UHFFFAOYSA-N,MIDBFVUJIVFIOM-UHFFFAOYSA-N,standardized,0.0,False,2.0,strict_exact,exact_point_estimate,high_potency_<=100nM,True,True,IC50,biochemical_binding,False,0.578492464312769,0.9821491718921536,0.27659574151039124,CCOC(=O)N1CCC(CN2CCC3(CC2)CN(S(C)(=O)=O)c2ncccc23)CC1,True,medium
STR-09E54D8A9B952AC86D2A,IC50,biochemical_binding,1,2,1,2,1,0,0,8.221848749616356,8.221848749616356,8.221848749616356,6.0,6.0,IC50,1,inhibitory_potency,1,biochemical_binding,1,ChEMBL;PubChem,CHEMBL5783513,Menin,2021,=,CNC(=O)O[C@H]1CCC[C@@H]1C(C#N)(c1ccccc1)C1CCN(CC2CN(c3ccc(S(=O)(=O)c4ccncc4)cc3)C2)CC1,CNC(=O)O[C@H]1CCC[C@@H]1C(C#N)(c1ccccc1)C1CCN(CC2CN(c3ccc(S(=O)(=O)c4ccncc4)cc3)C2)CC1,CNC(=O)O[C@H]1CCC[C@@H]1C(C#N)(c1ccccc1)C1CCN(CC2CN(c3ccc(S(=O)(=O)c4ccncc4)cc3)C2)CC1,CNC(=O)O[C@H]1CCC[C@@H]1C(C#N)(c1ccccc1)C1CCN(CC2CN(c3ccc(S(=O)(=O)c4ccncc4)cc3)C2)CC1,GWDOGFQBFWTQSO-HEVKVOQNSA-N,GWDOGFQBFWTQSO-HEVKVOQNSA-N,standardized,0.0,False,2.0,strict_exact,exact_point_estimate,high_potency_<=100nM,True,True,IC50,biochemical_binding,False,0.027222625454477855,0.18026624909626343,0.2549019753932953,C[C@@H]1CN(CC2(c3ccncc3)CC2)CCN1S(=O)(=O)c1ccc(C(C)(O)C(F)(F)F)cc1,False,low
STR-377B42435916FCE77AA8,IC50,biochemical_binding,1,2,1,2,1,0,0,8.221848749616356,8.221848749616356,8.221848749616356,6.0,6.0,IC50,1,inhibitory_potency,1,biochemical_binding,1,ChEMBL;PubChem,CHEMBL5767175,Menin,2021,=,CNC(=O)O[C@H]1CCC[C@@H]1[C@](C#N)(c1ccccc1)C1CCN(CC2CN(c3ccc(S(=O)(=O)c4ccncc4)cc3)C2)CC1,CNC(=O)O[C@H]1CCC[C@@H]1[C@](C#N)(c1ccccc1)C1CCN(CC2CN(c3ccc(S(=O)(=O)c4ccncc4)cc3)C2)CC1,CNC(=O)O[C@H]1CCC[C@@H]1[C@](C#N)(c1ccccc1)C1CCN(CC2CN(c3ccc(S(=O)(=O)c4ccncc4)cc3)C2)CC1,CNC(=O)O[C@H]1CCC[C@@H]1[C@](C#N)(c1ccccc1)C1CCN(CC2CN(c3ccc(S(=O)(=O)c4ccncc4)cc3)C2)CC1,GWDOGFQBFWTQSO-RKAQNKOCSA-N,GWDOGFQBFWTQSO-RKAQNKOCSA-N,standardized,0.0,False,2.0,strict_exact,exact_point_estimate,high_potency_<=100nM,True,True,IC50,biochemical_binding,False,0.027222625454477855,0.18026624909626343,0.2549019753932953,C[C@@H]1CN(CC2(c3ccncc3)CC2)CCN1S(=O)(=O)c1ccc(C(C)(O)C(F)(F)F)cc1,False,low
STR-39162221D259757C11ED,IC50,biochemical_binding,1,2,1,2,1,0,0,8.221848749616356,8.221848749616356,8.221848749616356,6.0,6.0,IC50,1,inhibitory_potency,1,biochemical_binding,1,ChEMBL;PubChem,CHEMBL6034357,Menin,2021,=,CN(C)C(=O)N[C@H]1CCC[C@@H]1C(Cn1ccnc1)(c1ccccc1)C1CCN(CC2CN(c3ccc(S(=O)(=O)c4cnn(C)c4)cc3)C2)CC1,CN(C)C(=O)N[C@H]1CCC[C@@H]1C(Cn1ccnc1)(c1ccccc1)C1CCN(CC2CN(c3ccc(S(=O)(=O)c4cnn(C)c4)cc3)C2)CC1,CN(C)C(=O)N[C@H]1CCC[C@@H]1C(Cn1ccnc1)(c1ccccc1)C1CCN(CC2CN(c3ccc(S(=O)(=O)c4cnn(C)c4)cc3)C2)CC1,CN(C)C(=O)N[C@H]1CCC[C@@H]1C(Cn1ccnc1)(c1ccccc1)C1CCN(CC2CN(c3ccc(S(=O)(=O)c4cnn(C)c4)cc3)C2)CC1,PUYITSCFEXVUDJ-MROBMTMESA-N,PUYITSCFEXVUDJ-MROBMTMESA-N,standardized,0.0,False,2.0,strict_exact,exact_point_estimate,high_potency_<=100nM,True,True,IC50,biochemical_binding,False,0.058550773995094,0.3216649664984134,0.23423422873020172,CC(=O)Nc1cccc(N2CCN(CC3CCN(S(=O)(=O)CC4CCCCC4)CC3)CC2)c1,False,low
STR-3A41597854480F3DF1D0,IC50,biochemical_binding,1,2,1,2,1,0,0,8.221848749616356,8.221848749616356,8.221848749616356,6.0,6.0,IC50,1,inhibitory_potency,1,biochemical_binding,1,ChEMBL;PubChem,CHEMBL5980299,Menin,2021,=,COC(=O)N[C@H]1CCC[C@@H]1[C@](C#N)(c1cccc(F)c1)C1C[C@@H](C)N(CC2CN(c3ccc(S(=O)(=O)C4CN(C(=O)/C=C/CN(C)C)C4)cc3)C2)[C@@H](C)C1,COC(=O)N[C@H]1CCC[C@@H]1[C@](C#N)(c1cccc(F)c1)C1C[C@@H](C)N(CC2CN(c3ccc(S(=O)(=O)C4CN(C(=O)/C=C/CN(C)C)C4)cc3)C2)[C@@H](C)C1,COC(=O)N[C@H]1CCC[C@@H]1[C@](C#N)(c1cccc(F)c1)C1C[C@@H](C)N(CC2CN(c3ccc(S(=O)(=O)C4CN(C(=O)/C=C/CN(C)C)C4)cc3)C2)[C@@H](C)C1,COC(=O)N[C@H]1CCC[C@@H]1[C@](C#N)(c1cccc(F)c1)C1C[C@@H](C)N(CC2CN(c3ccc(S(=O)(=O)C4CN(C(=O)/C=C/CN(C)C)C4)cc3)C2)[C@@H](C)C1,LDROCNQPOAZJPF-YDSZOHQPSA-N,LDROCNQPOAZJPF-YDSZOHQPSA-N,standardized,0.0,False,2.0,strict_exact,exact_point_estimate,high_potency_<=100nM,True,True,IC50,biochemical_binding,False,0.8441673643132132,0.6242460209925613,0.21739129722118378,Cc1nc2ccccc2n1C1CC2CCC(C1)N2CCC1(c2cccc(F)c2)CCN(C(=O)c2cc(S(N)(=O)=O)ccc2F)CC1,False,high
STR-6FE1A42FCCA9C735ED36,IC50,biochemical_binding,1,2,1,2,1,0,0,8.221848749616356,8.221848749616356,8.221848749616356,6.0,6.0,IC50,1,inhibitory_potency,1,biochemical_binding,1,ChEMBL;PubChem,CHEMBL5790028,Menin,2021,=,CCN1Cc2ccccc2C(C2CCCC2)(C2CCN(CC3CN(c4ccc(S(=O)(=O)c5ccnc(C)c5)cc4)C3)CC2)C1,CCN1Cc2ccccc2C(C2CCCC2)(C2CCN(CC3CN(c4ccc(S(=O)(=O)c5ccnc(C)c5)cc4)C3)CC2)C1,CCN1Cc2ccccc2C(C2CCCC2)(C2CCN(CC3CN(c4ccc(S(=O)(=O)c5ccnc(C)c5)cc4)C3)CC2)C1,CCN1Cc2ccccc2C(C2CCCC2)(C2CCN(CC3CN(c4ccc(S(=O)(=O)c5ccnc(C)c5)cc4)C3)CC2)C1,GSRBFWVFYXUZEN-UHFFFAOYSA-N,GSRBFWVFYXUZEN-UHFFFAOYSA-N,standardized,0.0,False,2.0,strict_exact,exact_point_estimate,high_potency_<=100nM,True,True,IC50,biochemical_binding,False,0.4803437924800987,0.9988848946202039,0.2857142984867096,CCOC(=O)N1CCC(CN2CCC3(CC2)CN(S(C)(=O)=O)c2ncccc23)CC1,True,medium
STR-C9E0EFAEE2C6ACA45C7C,IC50,biochemical_binding,1,2,1,2,1,0,0,8.221848749616356,8.221848749616356,8.221848749616356,6.0,6.0,IC50,1,inhibitory_potency,1,biochemical_binding,1,ChEMBL;PubChem,CHEMBL5893927,Menin,2021,=,CNC(=O)O[C@H]1CCC[C@@H]1C(Cn1ccnc1C)(c1cccc(F)c1)C1CCN(CC2CN(c3ccc(Cl)cc3)C2)CC1,CNC(=O)O[C@H]1CCC[C@@H]1C(Cn1ccnc1C)(c1cccc(F)c1)C1CCN(CC2CN(c3ccc(Cl)cc3)C2)CC1,CNC(=O)O[C@H]1CCC[C@@H]1C(Cn1ccnc1C)(c1cccc(F)c1)C1CCN(CC2CN(c3ccc(Cl)cc3)C2)CC1,CNC(=O)O[C@H]1CCC[C@@H]1C(Cn1ccnc1C)(c1cccc(F)c1)C1CCN(CC2CN(c3ccc(Cl)cc3)C2)CC1,VYTCGCANNASGQW-QKZQDKRESA-N,VYTCGCANNASGQW-QKZQDKRESA-N,standardized,0.0,False,2.0,strict_exact,exact_point_estimate,high_potency_<=100nM,True,True,IC50,biochemical_binding,False,0.43241352952386486,0.9867793032774704,0.2752293646335602,O=C(COc1cccc(Cl)c1)NC1CCN(Cc2ccn(-c3ccc(C(F)(F)F)cc3)c2)CC1,True,medium
STR-801FAB4C61D8E9427A35,IC50,biochemical_binding,1,1,0,1,1,0,0,8.207608310501746,8.207608310501746,8.207608310501746,6.2,6.2,IC50,1,inhibitory_potency,1,biochemical_binding,1,ChEMBL,CHEMBL5808345,Menin,2020,=,C=C1C[C@H]2CC[C@@H]1N[C@@H]2C(=O)N1CC2(C1)CN(c1ncncc1Oc1ccc(F)cc1C(=O)N(C(C)C)C(C)C)C2,C=C1C[C@H]2CC[C@@H]1N[C@@H]2C(=O)N1CC2(C1)CN(c1ncncc1Oc1ccc(F)cc1C(=O)N(C(C)C)C(C)C)C2,C=C1C[C@H]2CC[C@@H]1N[C@@H]2C(=O)N1CC2(C1)CN(c1ncncc1Oc1ccc(F)cc1C(=O)N(C(C)C)C(C)C)C2,C=C1C[C@H]2CC[C@@H]1N[C@@H]2C(=O)N1CC2(C1)CN(c1ncncc1Oc1ccc(F)cc1C(=O)N(C(C)C)C(C)C)C2,ULYNNDWGUHSVCE-QURRFSBHSA-N,ULYNNDWGUHSVCE-QURRFSBHSA-N,standardized,0.0,False,2.0,strict_exact,exact_point_estimate,high_potency_<=100nM,True,True,IC50,biochemical_binding,False,0.9737882886593094,0.1750225303351039,0.21875,COc1cc(F)ccc1-c1cncc(C2CCCN2)c1,False,high
STR-1B889CE46B71B0168CDC,IC50,biochemical_binding,1,1,0,1,1,0,0,8.161150909262744,8.161150909262744,8.161150909262744,6.9,6.9,IC50,1,inhibitory_potency,1,biochemical_binding,1,ChEMBL,CHEMBL5076001,Menin,2021,=,COC(=O)N[C@H]1CCC[C@@H]1[C@](C#N)(c1cccc(F)c1)C1CCN(CC2CN(c3ccc(S(=O)(=O)C4CC4)cc3)C2)CC1,COC(=O)N[C@H]1CCC[C@@H]1[C@](C#N)(c1cccc(F)c1)C1CCN(CC2CN(c3ccc(S(=O)(=O)C4CC4)cc3)C2)CC1,COC(=O)N[C@H]1CCC[C@@H]1[C@](C#N)(c1cccc(F)c1)C1CCN(CC2CN(c3ccc(S(=O)(=O)C4CC4)cc3)C2)CC1,COC(=O)N[C@H]1CCC[C@@H]1[C@](C#N)(c1cccc(F)c1)C1CCN(CC2CN(c3ccc(S(=O)(=O)C4CC4)cc3)C2)CC1,SEOLXQHWWAZPIW-PHDGFQFKSA-N,SEOLXQHWWAZPIW-PHDGFQFKSA-N,standardized,0.0,False,2.0,strict_exact,exact_point_estimate,high_potency_<=100nM,True,True,IC50,biochemical_binding,False,0.802243349780766,0.7174186421452213,0.269565224647522,O=C(N[C@H]1CCN(CC2CCC2)C[C@@H]1C(=O)NC1(c2ncccn2)CC1)c1cc(-c2ccc(F)cc2F)on1,True,high
STR-10E9D8E15102F968C01B,IC50,biochemical_binding,1,2,1,2,1,0,0,8.154901959985743,8.154901959985743,8.154901959985743,7.0,7.0,IC50,1,inhibitory_potency,1,biochemical_binding,1,ChEMBL;PubChem,CHEMBL5819310,Menin,2021,=,COC(=O)N[C@H]1CCC[C@@H]1[C@](C#N)(c1cccc(F)c1)C1CCN(CCCOc2ccc(S(=O)(=O)C3CN(C(=O)/C=C/CN(C)C)C3)cc2)CC1,COC(=O)N[C@H]1CCC[C@@H]1[C@](C#N)(c1cccc(F)c1)C1CCN(CCCOc2ccc(S(=O)(=O)C3CN(C(=O)/C=C/CN(C)C)C3)cc2)CC1,COC(=O)N[C@H]1CCC[C@@H]1[C@](C#N)(c1cccc(F)c1)C1CCN(CCCOc2ccc(S(=O)(=O)C3CN(C(=O)/C=C/CN(C)C)C3)cc2)CC1,COC(=O)N[C@H]1CCC[C@@H]1[C@](C#N)(c1cccc(F)c1)C1CCN(CCCOc2ccc(S(=O)(=O)C3CN(C(=O)/C=C/CN(C)C)C3)cc2)CC1,BSNVIXWVMHSRLA-NPAATNGNSA-N,BSNVIXWVMHSRLA-NPAATNGNSA-N,standardized,0.0,False,2.0,strict_exact,exact_point_estimate,high_potency_<=100nM,True,True,IC50,biochemical_binding,False,0.9949063644614279,0.046128488360053316,0.29411765933036804,COc1cc(N)c(Cl)cc1C(=O)N[C@H]1CCN(CCCOc2ccc(F)cc2)C[C@H]1OC,True,high
STR-1764644935E711FBFE13,IC50,biochemical_binding,1,2,1,2,1,0,0,8.154901959985743,8.154901959985743,8.154901959985743,7.0,7.0,IC50,1,inhibitory_potency,1,biochemical_binding,1,ChEMBL;PubChem,CHEMBL5777937,Menin,2021,=,CNC(=O)O[C@H]1CCC[C@@H]1C(C#N)(c1ccccc1)C1CCN(CC2CN(c3ccc(S(=O)(=O)c4ccn(C)n4)cc3)C2)CC1,CNC(=O)O[C@H]1CCC[C@@H]1C(C#N)(c1ccccc1)C1CCN(CC2CN(c3ccc(S(=O)(=O)c4ccn(C)n4)cc3)C2)CC1,CNC(=O)O[C@H]1CCC[C@@H]1C(C#N)(c1ccccc1)C1CCN(CC2CN(c3ccc(S(=O)(=O)c4ccn(C)n4)cc3)C2)CC1,CNC(=O)O[C@H]1CCC[C@@H]1C(C#N)(c1ccccc1)C1CCN(CC2CN(c3ccc(S(=O)(=O)c4ccn(C)n4)cc3)C2)CC1,XGDPJMZKJSYGJF-FVVNGJPMSA-N,XGDPJMZKJSYGJF-FVVNGJPMSA-N,standardized,0.0,False,2.0,strict_exact,exact_point_estimate,high_potency_<=100nM,True,True,IC50,biochemical_binding,False,0.051640191859570465,0.29332393510040256,0.24210526049137115,CC(C)(O)c1ccc(C(O)CCCN2CCC(C(O)(c3ccccc3)c3ccccc3)CC2)cc1,False,low
STR-1E41EA89AAF9C5AE998F,IC50,biochemical_binding,1,2,1,2,1,0,0,8.154901959985743,8.154901959985743,8.154901959985743,7.0,7.0,IC50,1,inhibitory_potency,1,biochemical_binding,1,ChEMBL;PubChem,CHEMBL4551865,Menin,2019,=,CC(C)N1Cc2ccccc2C(C2CCCC2)(C2CCN(CC3CN(c4ccc(S(=O)(=O)c5ccncc5)cc4)C3)CC2)C1,CC(C)N1Cc2ccccc2C(C2CCCC2)(C2CCN(CC3CN(c4ccc(S(=O)(=O)c5ccncc5)cc4)C3)CC2)C1,CC(C)N1Cc2ccccc2C(C2CCCC2)(C2CCN(CC3CN(c4ccc(S(=O)(=O)c5ccncc5)cc4)C3)CC2)C1,CC(C)N1Cc2ccccc2C(C2CCCC2)(C2CCN(CC3CN(c4ccc(S(=O)(=O)c5ccncc5)cc4)C3)CC2)C1,JHWOZNHPOMQEEW-UHFFFAOYSA-N,JHWOZNHPOMQEEW-UHFFFAOYSA-N,standardized,0.0,False,2.0,strict_exact,exact_point_estimate,high_potency_<=100nM,True,True,IC50,biochemical_binding,False,0.4735176456079118,0.9979754852142406,0.25773194432258606,CCOC(=O)N1CCC(CN2CCC3(CC2)CN(S(C)(=O)=O)c2ncccc23)CC1,False,medium
STR-3253D8DC94A1BCB38E8F,IC50,biochemical_binding,1,2,1,2,1,0,0,8.154901959985743,8.154901959985743,8.154901959985743,7.0,7.0,IC50,1,inhibitory_potency,1,biochemical_binding,1,ChEMBL;PubChem,CHEMBL5843849,Menin,2021,=,CCN1Cc2ccccc2C(C2CCCC2)(C2CCN(CC3CN(c4ccc(S(=O)(=O)c5ccncc5C)cc4)C3)CC2)C1,CCN1Cc2ccccc2C(C2CCCC2)(C2CCN(CC3CN(c4ccc(S(=O)(=O)c5ccncc5C)cc4)C3)CC2)C1,CCN1Cc2ccccc2C(C2CCCC2)(C2CCN(CC3CN(c4ccc(S(=O)(=O)c5ccncc5C)cc4)C3)CC2)C1,CCN1Cc2ccccc2C(C2CCCC2)(C2CCN(CC3CN(c4ccc(S(=O)(=O)c5ccncc5C)cc4)C3)CC2)C1,VZUPZBJZIAXDBC-UHFFFAOYSA-N,VZUPZBJZIAXDBC-UHFFFAOYSA-N,standardized,0.0,False,2.0,strict_exact,exact_point_estimate,high_potency_<=100nM,True,True,IC50,biochemical_binding,False,0.4107434572283507,0.976889203553046,0.27272728085517883,CCOC(=O)N1CCC(CN2CCC3(CC2)CN(S(C)(=O)=O)c2ncccc23)CC1,True,medium
STR-40B1021373C595DF25D7,IC50,biochemical_binding,1,2,1,2,1,0,0,8.154901959985743,8.154901959985743,8.154901959985743,7.0,7.0,IC50,1,inhibitory_potency,1,biochemical_binding,1,ChEMBL;PubChem,CHEMBL5899857,Menin,2021,=,COC(=O)N[C@H]1CCC[C@@H]1[C@](C#N)(c1ccccc1)C1CCN(CC2CN(c3ccc(S(=O)(=O)C(F)(F)F)cc3)C2)CC1,COC(=O)N[C@H]1CCC[C@@H]1[C@](C#N)(c1ccccc1)C1CCN(CC2CN(c3ccc(S(=O)(=O)C(F)(F)F)cc3)C2)CC1,COC(=O)N[C@H]1CCC[C@@H]1[C@](C#N)(c1ccccc1)C1CCN(CC2CN(c3ccc(S(=O)(=O)C(F)(F)F)cc3)C2)CC1,COC(=O)N[C@H]1CCC[C@@H]1[C@](C#N)(c1ccccc1)C1CCN(CC2CN(c3ccc(S(=O)(=O)C(F)(F)F)cc3)C2)CC1,DCFDPTPAVDCHET-TWLDFKIOSA-N,DCFDPTPAVDCHET-TWLDFKIOSA-N,standardized,0.0,False,2.0,strict_exact,exact_point_estimate,high_potency_<=100nM,True,True,IC50,biochemical_binding,False,0.49831836491476633,0.9999918403999307,0.2525252401828766,CC(=O)Nc1cccc(N2CCN(CC3CCN(S(=O)(=O)CC4CCCCC4)CC3)CC2)c1,False,medium
STR-571CCDCD3D693D6D5618,IC50,biochemical_binding,1,2,1,2,1,0,0,8.154901959985743,8.154901959985743,8.154901959985743,7.0,7.0,IC50,1,inhibitory_potency,1,biochemical_binding,1,ChEMBL;PubChem,CHEMBL5971499,Menin,2021,=,C=CC(=O)N[C@H]1CCC[C@@H]1[C@](C#N)(c1cccc(F)c1)C1CCN(CC2CN(c3ccc(C#N)cc3)C2)CC1,C=CC(=O)N[C@H]1CCC[C@@H]1[C@](C#N)(c1cccc(F)c1)C1CCN(CC2CN(c3ccc(C#N)cc3)C2)CC1,C=CC(=O)N[C@H]1CCC[C@@H]1[C@](C#N)(c1cccc(F)c1)C1CCN(CC2CN(c3ccc(C#N)cc3)C2)CC1,C=CC(=O)N[C@H]1CCC[C@@H]1[C@](C#N)(c1cccc(F)c1)C1CCN(CC2CN(c3ccc(C#N)cc3)C2)CC1,YUVPNKZAKHSGAC-GCRSFRQPSA-N,YUVPNKZAKHSGAC-GCRSFRQPSA-N,standardized,0.0,False,2.0,strict_exact,exact_point_estimate,high_potency_<=100nM,True,True,IC50,biochemical_binding,False,0.884983023078881,0.5148656317578911,0.27927929162979126,O=C(N[C@H]1CCN(CC2CCC2)C[C@@H]1C(=O)NC1(c2ncccn2)CC1)c1cc(-c2ccc(F)cc2F)on1,True,high
STR-636585A8759358E2930D,IC50,biochemical_binding,1,2,1,2,1,0,0,8.154901959985743,8.154901959985743,8.154901959985743,7.0,7.0,IC50,1,inhibitory_potency,1,biochemical_binding,1,ChEMBL;PubChem,CHEMBL5935610,Menin,2021,=,COC(=O)N[C@H]1CCC[C@@H]1C(C#N)(c1ccccc1)C1CCN(CC2CN(c3ccc(S(=O)(=O)c4ccc(C(N)=O)cc4)cc3)C2)CC1,COC(=O)N[C@H]1CCC[C@@H]1C(C#N)(c1ccccc1)C1CCN(CC2CN(c3ccc(S(=O)(=O)c4ccc(C(N)=O)cc4)cc3)C2)CC1,COC(=O)N[C@H]1CCC[C@@H]1C(C#N)(c1ccccc1)C1CCN(CC2CN(c3ccc(S(=O)(=O)c4ccc(C(N)=O)cc4)cc3)C2)CC1,COC(=O)N[C@H]1CCC[C@@H]1C(C#N)(c1ccccc1)C1CCN(CC2CN(c3ccc(S(=O)(=O)c4ccc(C(N)=O)cc4)cc3)C2)CC1,WPABUMSVZRUGQW-JWTXWEFBSA-N,WPABUMSVZRUGQW-JWTXWEFBSA-N,standardized,0.0,False,2.0,strict_exact,exact_point_estimate,high_potency_<=100nM,True,True,IC50,biochemical_binding,False,0.3237156073911417,0.9083763694589273,0.26923078298568726,C[C@@H]1CN(CC2(c3ccc(C(N)=O)cc3)CC2)CCN1S(=O)(=O)c1ccc(C(C)(O)C(F)(F)F)cc1,True,medium
STR-70C7272DAD1CFA014D53,IC50,biochemical_binding,1,1,0,1,1,0,0,8.154901959985743,8.154901959985743,8.154901959985743,7.0,7.0,IC50,1,inhibitory_potency,1,biochemical_binding,1,ChEMBL,CHEMBL5956903,Menin,2020,=,CC(C)N(C(=O)c1cc(F)ccc1Oc1cncnc1N1CC2(CN(C(=O)C3NC4CCC3CC4)C2)C1)C(C)C,CC(C)N(C(=O)c1cc(F)ccc1Oc1cncnc1N1CC2(CN(C(=O)C3NC4CCC3CC4)C2)C1)C(C)C,CC(C)N(C(=O)c1cc(F)ccc1Oc1cncnc1N1CC2(CN(C(=O)C3NC4CCC3CC4)C2)C1)C(C)C,CC(C)N(C(=O)c1cc(F)ccc1Oc1cncnc1N1CC2(CN(C(=O)C3NC4CCC3CC4)C2)C1)C(C)C,PLYBGYMZTMVRST-UHFFFAOYSA-N,PLYBGYMZTMVRST-UHFFFAOYSA-N,standardized,0.0,False,2.0,strict_exact,exact_point_estimate,high_potency_<=100nM,True,True,IC50,biochemical_binding,False,0.8520152388081678,0.6047741068924622,0.22857142984867096,CC(Oc1ccc(S(C)(=O)=O)cc1C(=O)N1CCN(c2ncc(C(F)(F)F)cc2Cl)CC1)C(F)(F)F,False,high
STR-7C604423619052A15AC8,IC50,biochemical_binding,1,2,1,2,1,0,0,8.154901959985743,8.154901959985743,8.154901959985743,7.0,7.0,IC50,1,inhibitory_potency,1,biochemical_binding,1,ChEMBL;PubChem,CHEMBL5769793,Menin,2021,=,CC(=O)O[C@H]1CCC[C@@H]1C(C#N)(c1ccccc1)C1CCN(CC2CN(c3ccc(S(=O)(=O)c4ccncc4)cc3)C2)CC1,CC(=O)O[C@H]1CCC[C@@H]1C(C#N)(c1ccccc1)C1CCN(CC2CN(c3ccc(S(=O)(=O)c4ccncc4)cc3)C2)CC1,CC(=O)O[C@H]1CCC[C@@H]1C(C#N)(c1ccccc1)C1CCN(CC2CN(c3ccc(S(=O)(=O)c4ccncc4)cc3)C2)CC1,CC(=O)O[C@H]1CCC[C@@H]1C(C#N)(c1ccccc1)C1CCN(CC2CN(c3ccc(S(=O)(=O)c4ccncc4)cc3)C2)CC1,XVLUCSMHEWTUJD-IEKJTBOOSA-N,XVLUCSMHEWTUJD-IEKJTBOOSA-N,standardized,0.0,False,2.0,strict_exact,exact_point_estimate,high_potency_<=100nM,True,True,IC50,biochemical_binding,False,0.04579311847619884,0.26825020668350813,0.25999999046325684,C[C@@H]1CN(CC2(c3ccncc3)CC2)CCN1S(=O)(=O)c1ccc(C(C)(O)C(F)(F)F)cc1,False,low
STR-A70185AE5063299B6804,IC50,biochemical_binding,1,2,1,2,1,0,0,8.154901959985743,8.154901959985743,8.154901959985743,7.0,7.0,IC50,1,inhibitory_potency,1,biochemical_binding,1,ChEMBL;PubChem,CHEMBL4592636,Menin,2019,=,O=S(=O)(c1ccncc1)c1ccc(N2CC(CN3CCC(C4(C5CCCC5)CN(CC5CC5)Cc5ccccc54)CC3)C2)cc1,O=S(=O)(c1ccncc1)c1ccc(N2CC(CN3CCC(C4(C5CCCC5)CN(CC5CC5)Cc5ccccc54)CC3)C2)cc1,O=S(=O)(c1ccncc1)c1ccc(N2CC(CN3CCC(C4(C5CCCC5)CN(CC5CC5)Cc5ccccc54)CC3)C2)cc1,O=S(=O)(c1ccncc1)c1ccc(N2CC(CN3CCC(C4(C5CCCC5)CN(CC5CC5)Cc5ccccc54)CC3)C2)cc1,RSSRSCZYQVYTTR-UHFFFAOYSA-N,RSSRSCZYQVYTTR-UHFFFAOYSA-N,standardized,0.0,False,2.0,strict_exact,exact_point_estimate,high_potency_<=100nM,True,True,IC50,biochemical_binding,False,0.5254998284053493,0.9981229861812801,0.2688172161579132,CCOC(=O)N1CCC(CN2CCC3(CC2)CN(S(C)(=O)=O)c2ncccc23)CC1,True,medium
STR-BD3C32C55755152AB6D1,IC50,biochemical_binding,1,2,1,2,1,0,0,8.154901959985743,8.154901959985743,8.154901959985743,7.0,7.0,IC50,1,inhibitory_potency,1,biochemical_binding,1,ChEMBL;PubChem,CHEMBL5859938,Menin,2021,=,CCN1Cc2ccccc2C(C2CCN(CC3CN(c4ccc(S(=O)(=O)c5cnn(C)c5)cc4)C3)CC2)([C@H]2CCC[C@@H]2NC(=O)NC)C1,CCN1Cc2ccccc2C(C2CCN(CC3CN(c4ccc(S(=O)(=O)c5cnn(C)c5)cc4)C3)CC2)([C@H]2CCC[C@@H]2NC(=O)NC)C1,CCN1Cc2ccccc2C(C2CCN(CC3CN(c4ccc(S(=O)(=O)c5cnn(C)c5)cc4)C3)CC2)([C@H]2CCC[C@@H]2NC(=O)NC)C1,CCN1Cc2ccccc2C(C2CCN(CC3CN(c4ccc(S(=O)(=O)c5cnn(C)c5)cc4)C3)CC2)([C@H]2CCC[C@@H]2NC(=O)NC)C1,NKNUEJRAVCXOJB-FWBANIIHSA-N,NKNUEJRAVCXOJB-FWBANIIHSA-N,standardized,0.0,False,2.0,strict_exact,exact_point_estimate,high_potency_<=100nM,True,True,IC50,biochemical_binding,False,0.11859202581169752,0.5253000993475913,0.2410714328289032,CCOC(=O)N1CCC(CN2CCC3(CC2)CN(S(C)(=O)=O)c2ncccc23)CC1,False,low
STR-BEF59984678C49DF2998,IC50,biochemical_binding,1,2,1,2,1,0,0,8.154901959985743,8.154901959985743,8.154901959985743,7.0,7.0,IC50,1,inhibitory_potency,1,biochemical_binding,1,ChEMBL;PubChem,CHEMBL5783978,Menin,2021,=,COC(=O)N[C@H]1CCC[C@@H]1C(Cn1ccnc1)(c1ccccc1)C1CCN(CC2CN(c3ccc(S(=O)(=O)c4cnn(C)c4)cc3)C2)CC1,COC(=O)N[C@H]1CCC[C@@H]1C(Cn1ccnc1)(c1ccccc1)C1CCN(CC2CN(c3ccc(S(=O)(=O)c4cnn(C)c4)cc3)C2)CC1,COC(=O)N[C@H]1CCC[C@@H]1C(Cn1ccnc1)(c1ccccc1)C1CCN(CC2CN(c3ccc(S(=O)(=O)c4cnn(C)c4)cc3)C2)CC1,COC(=O)N[C@H]1CCC[C@@H]1C(Cn1ccnc1)(c1ccccc1)C1CCN(CC2CN(c3ccc(S(=O)(=O)c4cnn(C)c4)cc3)C2)CC1,HGCHYIZENKRNPI-FWBANIIHSA-N,HGCHYIZENKRNPI-FWBANIIHSA-N,standardized,0.0,False,2.0,strict_exact,exact_point_estimate,high_potency_<=100nM,True,True,IC50,biochemical_binding,False,0.045126907581259874,0.2653241094915789,0.23529411852359772,CCc1ccn2ccnc2c1N1CCCN(CC2CCN(C(=O)[C@H]3C[C@@H]4CC[C@H]3O4)CC2)CC1,False,low
STR-B5D946FAC7CA35C5B953,IC50,biochemical_binding,1,1,0,1,1,0,0,8.148741651280925,8.148741651280925,8.148741651280925,7.1,7.1,IC50,1,inhibitory_potency,1,biochemical_binding,1,ChEMBL,CHEMBL6067936,Menin,2020,=,CC(C)N(C(=O)c1cc(F)ccc1Oc1cncnc1N1CC2(CCN(C(=O)[C@H]3N[C@H]4CC[C@@H]3C[C@H]4CC3CC3)CC2)C1)C(C)C,CC(C)N(C(=O)c1cc(F)ccc1Oc1cncnc1N1CC2(CCN(C(=O)[C@H]3N[C@H]4CC[C@@H]3C[C@H]4CC3CC3)CC2)C1)C(C)C,CC(C)N(C(=O)c1cc(F)ccc1Oc1cncnc1N1CC2(CCN(C(=O)[C@H]3N[C@H]4CC[C@@H]3C[C@H]4CC3CC3)CC2)C1)C(C)C,CC(C)N(C(=O)c1cc(F)ccc1Oc1cncnc1N1CC2(CCN(C(=O)[C@H]3N[C@H]4CC[C@@H]3C[C@H]4CC3CC3)CC2)C1)C(C)C,SKALBDQRURDSRO-RSKUZXBTSA-N,SKALBDQRURDSRO-RSKUZXBTSA-N,standardized,0.0,False,2.0,strict_exact,exact_point_estimate,high_potency_<=100nM,True,True,IC50,biochemical_binding,False,0.8969989276929937,0.4784372136903071,0.25,COc1ccccc1Oc1ccccc1CN1CCC2(CC1)CCN(C(=O)c1ccncn1)CC2,False,high
STR-FB32B5E0FE59CE4699E6,IC50,biochemical_binding,1,1,0,1,1,0,0,8.1249387366083,8.1249387366083,8.1249387366083,7.5,7.5,IC50,1,inhibitory_potency,1,biochemical_binding,1,ChEMBL,CHEMBL4218724,Menin,2018,=,Cc1c(CN2CCC(Nc3ncnc4sc(CC(F)(F)F)cc34)CC2)ccc2c1cc(C#N)n2CC1CNC(=O)CO1,Cc1c(CN2CCC(Nc3ncnc4sc(CC(F)(F)F)cc34)CC2)ccc2c1cc(C#N)n2CC1CNC(=O)CO1,Cc1c(CN2CCC(Nc3ncnc4sc(CC(F)(F)F)cc34)CC2)ccc2c1cc(C#N)n2CC1CNC(=O)CO1,Cc1c(CN2CCC(Nc3ncnc4sc(CC(F)(F)F)cc34)CC2)ccc2c1cc(C#N)n2CC1CNC(=O)CO1,JTUOGOXWKQAKOR-UHFFFAOYSA-N,JTUOGOXWKQAKOR-UHFFFAOYSA-N,standardized,0.0,False,2.0,strict_exact,exact_point_estimate,high_potency_<=100nM,True,True,IC50,biochemical_binding,False,0.6668929749707079,0.9180693594830116,0.30000001192092896,FC(F)(F)c1ccc(C(F)(F)CN2CCC(Nc3ncnc4[nH]ncc34)CC2)cc1,True,medium
STR-DC00BFEB0D64455B5FD8,IC50,biochemical_binding,1,1,0,1,1,0,0,8.102372908709558,8.102372908709558,8.102372908709558,7.9,7.9,IC50,1,inhibitory_potency,1,biochemical_binding,1,ChEMBL,CHEMBL5803279,Menin,2020,=,C=C1C[C@H]2CC[C@@H]1N[C@@H]2C(=O)N1CCC2(CC1)CN(c1ncncc1Oc1ccc(F)cc1C(=O)N(C(C)C)C(C)C)C2,C=C1C[C@H]2CC[C@@H]1N[C@@H]2C(=O)N1CCC2(CC1)CN(c1ncncc1Oc1ccc(F)cc1C(=O)N(C(C)C)C(C)C)C2,C=C1C[C@H]2CC[C@@H]1N[C@@H]2C(=O)N1CCC2(CC1)CN(c1ncncc1Oc1ccc(F)cc1C(=O)N(C(C)C)C(C)C)C2,C=C1C[C@H]2CC[C@@H]1N[C@@H]2C(=O)N1CCC2(CC1)CN(c1ncncc1Oc1ccc(F)cc1C(=O)N(C(C)C)C(C)C)C2,IOZUAULLLIHQBP-IXLXJOPFSA-N,IOZUAULLLIHQBP-IXLXJOPFSA-N,standardized,0.0,False,2.0,strict_exact,exact_point_estimate,high_potency_<=100nM,True,True,IC50,biochemical_binding,False,0.9832758859887393,0.1226293941992451,0.24761904776096344,COc1ccccc1Oc1ccccc1CN1CCC2(CC1)CCN(C(=O)c1ccncn1)CC2,False,high
STR-142DC3F04BDF2ABC0F0A,IC50,biochemical_binding,1,2,1,2,1,0,0,8.096910013008056,8.096910013008056,8.096910013008056,8.0,8.0,IC50,1,inhibitory_potency,1,biochemical_binding,1,ChEMBL;PubChem,CHEMBL6029944,Menin,2021,=,CNC(=O)O[C@H]1CCC[C@@H]1C(Cn1ccnc1)(c1ccccc1)C1CCN(CC2CN(c3ccc(S(=O)(=O)c4cnn(C)c4)cc3)C2)CC1,CNC(=O)O[C@H]1CCC[C@@H]1C(Cn1ccnc1)(c1ccccc1)C1CCN(CC2CN(c3ccc(S(=O)(=O)c4cnn(C)c4)cc3)C2)CC1,CNC(=O)O[C@H]1CCC[C@@H]1C(Cn1ccnc1)(c1ccccc1)C1CCN(CC2CN(c3ccc(S(=O)(=O)c4cnn(C)c4)cc3)C2)CC1,CNC(=O)O[C@H]1CCC[C@@H]1C(Cn1ccnc1)(c1ccccc1)C1CCN(CC2CN(c3ccc(S(=O)(=O)c4cnn(C)c4)cc3)C2)CC1,HTBPNCRHOIYFLK-FWBANIIHSA-N,HTBPNCRHOIYFLK-FWBANIIHSA-N,standardized,0.0,False,2.0,strict_exact,exact_point_estimate,high_potency_<=100nM,True,True,IC50,biochemical_binding,False,0.005127994085266431,0.046389779659461616,0.23333333432674408,O=C(CC1CCN(Cc2ccn(-c3ccc(C(F)(F)F)cc3)c2)CC1)NC(c1ccc(F)cc1)c1cccnc1,False,low
STR-5A6612853CA9F9DCEA91,IC50,biochemical_binding,1,2,1,2,1,0,0,8.096910013008056,8.096910013008056,8.096910013008056,8.0,8.0,IC50,1,inhibitory_potency,1,biochemical_binding,1,ChEMBL;PubChem,CHEMBL4449199,Menin,2019,=,O=S(=O)(c1ccncc1)c1ccc(N2CC(CN3CCC(C4(C5CCCC5)CNCc5ccccc54)CC3)C2)cc1,O=S(=O)(c1ccncc1)c1ccc(N2CC(CN3CCC(C4(C5CCCC5)CNCc5ccccc54)CC3)C2)cc1,O=S(=O)(c1ccncc1)c1ccc(N2CC(CN3CCC(C4(C5CCCC5)CNCc5ccccc54)CC3)C2)cc1,O=S(=O)(c1ccncc1)c1ccc(N2CC(CN3CCC(C4(C5CCCC5)CNCc5ccccc54)CC3)C2)cc1,KJANBCLSZKUJAW-UHFFFAOYSA-N,KJANBCLSZKUJAW-UHFFFAOYSA-N,standardized,0.0,False,2.0,strict_exact,exact_point_estimate,high_potency_<=100nM,True,True,IC50,biochemical_binding,False,0.7809167553514985,0.7584899981881963,0.25531914830207825,CCOC(=O)N1CCC(CN2CCC3(CC2)CN(S(C)(=O)=O)c2ncccc23)CC1,False,high
STR-7574D071910577A50816,IC50,biochemical_binding,1,2,1,2,1,0,0,8.096910013008056,8.096910013008056,8.096910013008056,8.0,8.0,IC50,1,inhibitory_potency,1,biochemical_binding,1,ChEMBL;PubChem,CHEMBL5769865,Menin,2021,=,CCN1Cc2ccccc2C(C2CCCC2)(C2CCN(CC3CN(c4ccc(S(=O)(=O)c5ccnc6cnccc56)cc4)C3)CC2)C1,CCN1Cc2ccccc2C(C2CCCC2)(C2CCN(CC3CN(c4ccc(S(=O)(=O)c5ccnc6cnccc56)cc4)C3)CC2)C1,CCN1Cc2ccccc2C(C2CCCC2)(C2CCN(CC3CN(c4ccc(S(=O)(=O)c5ccnc6cnccc56)cc4)C3)CC2)C1,CCN1Cc2ccccc2C(C2CCCC2)(C2CCN(CC3CN(c4ccc(S(=O)(=O)c5ccnc6cnccc56)cc4)C3)CC2)C1,IHHXCQOQDYSMNR-UHFFFAOYSA-N,IHHXCQOQDYSMNR-UHFFFAOYSA-N,standardized,0.0,False,2.0,strict_exact,exact_point_estimate,high_potency_<=100nM,True,True,IC50,biochemical_binding,False,0.8905887006211356,0.4981377018226918,0.25961539149284363,CCOC(=O)N1CCC(CN2CCC3(CC2)CN(S(C)(=O)=O)c2ncccc23)CC1,False,high
STR-9CCCDEEF5E324E6E33B4,IC50,biochemical_binding,1,2,1,2,1,0,0,8.096910013008056,8.096910013008056,8.096910013008056,8.0,8.0,IC50,1,inhibitory_potency,1,biochemical_binding,1,ChEMBL;PubChem,CHEMBL5936667,Menin,2021,=,CCN1Cc2ccccc2C(C2CCCC2)(C2CCN(CC3CN(c4ccc(S(=O)(=O)c5ccc(C(=O)O)cc5)cc4)C3)CC2)C1,CCN1Cc2ccccc2C(C2CCCC2)(C2CCN(CC3CN(c4ccc(S(=O)(=O)c5ccc(C(=O)O)cc5)cc4)C3)CC2)C1,CCN1Cc2ccccc2C(C2CCCC2)(C2CCN(CC3CN(c4ccc(S(=O)(=O)c5ccc(C(=O)O)cc5)cc4)C3)CC2)C1,CCN1Cc2ccccc2C(C2CCCC2)(C2CCN(CC3CN(c4ccc(S(=O)(=O)c5ccc(C(=O)O)cc5)cc4)C3)CC2)C1,ABQWFYYDUYCATL-UHFFFAOYSA-N,ABQWFYYDUYCATL-UHFFFAOYSA-N,standardized,0.0,False,2.0,strict_exact,exact_point_estimate,high_potency_<=100nM,True,True,IC50,biochemical_binding,False,0.14775042209338535,0.6041819854486901,0.2708333432674408,CCOC(=O)N1CCC(CN2CCC3(CC2)CN(S(C)(=O)=O)c2ncccc23)CC1,True,low
STR-AD35C124559ACD44BE3E,IC50,biochemical_binding,1,2,1,2,1,0,0,8.096910013008056,8.096910013008056,8.096910013008056,8.0,8.0,IC50,1,inhibitory_potency,1,biochemical_binding,1,ChEMBL;PubChem,CHEMBL5962223,Menin,2021,=,COC(=O)N[C@H]1CCC[C@@H]1C(C#N)(c1ccccc1)C1CCN(CC2CN(c3ccc(S(=O)(=O)C(F)(F)F)cc3)C2)CC1,COC(=O)N[C@H]1CCC[C@@H]1C(C#N)(c1ccccc1)C1CCN(CC2CN(c3ccc(S(=O)(=O)C(F)(F)F)cc3)C2)CC1,COC(=O)N[C@H]1CCC[C@@H]1C(C#N)(c1ccccc1)C1CCN(CC2CN(c3ccc(S(=O)(=O)C(F)(F)F)cc3)C2)CC1,COC(=O)N[C@H]1CCC[C@@H]1C(C#N)(c1ccccc1)C1CCN(CC2CN(c3ccc(S(=O)(=O)C(F)(F)F)cc3)C2)CC1,DCFDPTPAVDCHET-SRBHEWTHSA-N,DCFDPTPAVDCHET-SRBHEWTHSA-N,standardized,0.0,False,2.0,strict_exact,exact_point_estimate,high_potency_<=100nM,True,True,IC50,biochemical_binding,False,0.49831836491476633,0.9999918403999307,0.2525252401828766,CC(=O)Nc1cccc(N2CCN(CC3CCN(S(=O)(=O)CC4CCCCC4)CC3)CC2)c1,False,medium
STR-B2BA33058BFAB9451C2F,IC50,biochemical_binding,1,2,1,2,1,0,0,8.096910013008056,8.096910013008056,8.096910013008056,8.0,8.0,IC50,1,inhibitory_potency,1,biochemical_binding,1,ChEMBL;PubChem,CHEMBL5836021,Menin,2021,=,CCN1Cc2ccccc2C(C2CCCC2)(C2CCN(CC3CN(c4ccc(S(=O)(=O)C5CCCC5)cc4)C3)CC2)C1,CCN1Cc2ccccc2C(C2CCCC2)(C2CCN(CC3CN(c4ccc(S(=O)(=O)C5CCCC5)cc4)C3)CC2)C1,CCN1Cc2ccccc2C(C2CCCC2)(C2CCN(CC3CN(c4ccc(S(=O)(=O)C5CCCC5)cc4)C3)CC2)C1,CCN1Cc2ccccc2C(C2CCCC2)(C2CCN(CC3CN(c4ccc(S(=O)(=O)C5CCCC5)cc4)C3)CC2)C1,PHPBPQONSFYJDH-UHFFFAOYSA-N,PHPBPQONSFYJDH-UHFFFAOYSA-N,standardized,0.0,False,2.0,strict_exact,exact_point_estimate,high_potency_<=100nM,True,True,IC50,biochemical_binding,False,0.9664010797463918,0.21213094148913272,0.25806450843811035,CCOC(=O)N1CCC(CN2CCC3(CC2)CN(S(C)(=O)=O)c2ncccc23)CC1,False,high
STR-CB65BC34DC11FA6EB615,IC50,biochemical_binding,1,2,1,2,1,0,0,8.096910013008056,8.096910013008056,8.096910013008056,8.0,8.0,IC50,1,inhibitory_potency,1,biochemical_binding,1,ChEMBL;PubChem,CHEMBL5848603,Menin,2021,=,CNC(=O)N[C@H]1CCC[C@@H]1C1(C2CCN(CC3CN(c4ccc(S(=O)(=O)c5ccncc5)cc4)C3)CC2)CN(C)Cc2ccccc21,CNC(=O)N[C@H]1CCC[C@@H]1C1(C2CCN(CC3CN(c4ccc(S(=O)(=O)c5ccncc5)cc4)C3)CC2)CN(C)Cc2ccccc21,CNC(=O)N[C@H]1CCC[C@@H]1C1(C2CCN(CC3CN(c4ccc(S(=O)(=O)c5ccncc5)cc4)C3)CC2)CN(C)Cc2ccccc21,CNC(=O)N[C@H]1CCC[C@@H]1C1(C2CCN(CC3CN(c4ccc(S(=O)(=O)c5ccncc5)cc4)C3)CC2)CN(C)Cc2ccccc21,MYVKCHDXVPKEKS-FWBANIIHSA-N,MYVKCHDXVPKEKS-FWBANIIHSA-N,standardized,0.0,False,2.0,strict_exact,exact_point_estimate,high_potency_<=100nM,True,True,IC50,biochemical_binding,False,0.1851449819990019,0.6912039272264122,0.25233644247055054,CCOC(=O)N1CCC(CN2CCC3(CC2)CN(S(C)(=O)=O)c2ncccc23)CC1,False,low
STR-D3A497B4DE3B2E0622F3,IC50,biochemical_binding,1,2,1,2,1,0,0,8.096910013008056,8.096910013008056,8.096910013008056,8.0,8.0,IC50,1,inhibitory_potency,1,biochemical_binding,1,ChEMBL;PubChem,CHEMBL5820786,Menin,2021,=,CCc1cnccc1S(=O)(=O)c1ccc(N2CC(CN3CCC(C4(C5CCCC5)CN(CC)Cc5ccccc54)CC3)C2)cc1,CCc1cnccc1S(=O)(=O)c1ccc(N2CC(CN3CCC(C4(C5CCCC5)CN(CC)Cc5ccccc54)CC3)C2)cc1,CCc1cnccc1S(=O)(=O)c1ccc(N2CC(CN3CCC(C4(C5CCCC5)CN(CC)Cc5ccccc54)CC3)C2)cc1,CCc1cnccc1S(=O)(=O)c1ccc(N2CC(CN3CCC(C4(C5CCCC5)CN(CC)Cc5ccccc54)CC3)C2)cc1,RDYSNHBFNDOPNP-UHFFFAOYSA-N,RDYSNHBFNDOPNP-UHFFFAOYSA-N,standardized,0.0,False,2.0,strict_exact,exact_point_estimate,high_potency_<=100nM,True,True,IC50,biochemical_binding,False,0.5363034691714066,0.996193875297607,0.25999999046325684,CCOC(=O)N1CCC(CN2CCC3(CC2)CN(S(C)(=O)=O)c2ncccc23)CC1,False,medium
STR-FDBEEEA8F638FBC3B433,IC50,biochemical_binding,1,2,1,2,1,0,0,8.096910013008056,8.096910013008056,8.096910013008056,8.0,8.0,IC50,1,inhibitory_potency,1,biochemical_binding,1,ChEMBL;PubChem,CHEMBL5893826,Menin,2021,=,CCN1Cc2ccccc2C(C2CCCC2)(C2CCN(CC3CN(c4ccc(S(=O)(=O)C5CC5)cc4)C3)CC2)C1,CCN1Cc2ccccc2C(C2CCCC2)(C2CCN(CC3CN(c4ccc(S(=O)(=O)C5CC5)cc4)C3)CC2)C1,CCN1Cc2ccccc2C(C2CCCC2)(C2CCN(CC3CN(c4ccc(S(=O)(=O)C5CC5)cc4)C3)CC2)C1,CCN1Cc2ccccc2C(C2CCCC2)(C2CCN(CC3CN(c4ccc(S(=O)(=O)C5CC5)cc4)C3)CC2)C1,VYPWBZGDSHZMHY-UHFFFAOYSA-N,VYPWBZGDSHZMHY-UHFFFAOYSA-N,standardized,0.0,False,2.0,strict_exact,exact_point_estimate,high_potency_<=100nM,True,True,IC50,biochemical_binding,False,0.9278981720872626,0.3737187562291838,0.260869562625885,CCOC(=O)N1CCC(CN2CCC3(CC2)CN(S(C)(=O)=O)c2ncccc23)CC1,True,high
STR-0F9EB3D0BA8F609CF473,IC50,biochemical_binding,1,2,1,2,1,0,0,8.045757490560675,8.045757490560675,8.045757490560675,9.0,9.0,IC50,1,inhibitory_potency,1,biochemical_binding,1,ChEMBL;PubChem,CHEMBL5775978,Menin,2021,=,CNC(=O)O[C@H]1CCC[C@@H]1C(C#N)(c1ccccc1)C1CCN(CC2CN(c3ccc(S(=O)(=O)c4cnn(C)c4)cc3)C2)CC1,CNC(=O)O[C@H]1CCC[C@@H]1C(C#N)(c1ccccc1)C1CCN(CC2CN(c3ccc(S(=O)(=O)c4cnn(C)c4)cc3)C2)CC1,CNC(=O)O[C@H]1CCC[C@@H]1C(C#N)(c1ccccc1)C1CCN(CC2CN(c3ccc(S(=O)(=O)c4cnn(C)c4)cc3)C2)CC1,CNC(=O)O[C@H]1CCC[C@@H]1C(C#N)(c1ccccc1)C1CCN(CC2CN(c3ccc(S(=O)(=O)c4cnn(C)c4)cc3)C2)CC1,FTEVZAMYIRYPOL-QKZQDKRESA-N,FTEVZAMYIRYPOL-QKZQDKRESA-N,standardized,0.0,False,2.0,strict_exact,exact_point_estimate,high_potency_<=100nM,True,True,IC50,biochemical_binding,False,0.015028117664847764,0.11253042037826994,0.24074074625968933,Cn1cccc1CNC(=O)CC1CCN(Cc2ccn(-c3ccc(C(F)(F)F)cc3)c2)CC1,False,low
STR-40A2759B420CC95C7ED1,IC50,biochemical_binding,1,2,1,2,1,0,0,8.045757490560675,8.045757490560675,8.045757490560675,9.0,9.0,IC50,1,inhibitory_potency,1,biochemical_binding,1,ChEMBL;PubChem,CHEMBL6052096,Menin,2021,=,CNC(=O)O[C@H]1CCC[C@@H]1C(Cn1ccnc1)(c1ccccc1)C1CCN(CC2CN(c3ccc(C#N)cc3)C2)CC1,CNC(=O)O[C@H]1CCC[C@@H]1C(Cn1ccnc1)(c1ccccc1)C1CCN(CC2CN(c3ccc(C#N)cc3)C2)CC1,CNC(=O)O[C@H]1CCC[C@@H]1C(Cn1ccnc1)(c1ccccc1)C1CCN(CC2CN(c3ccc(C#N)cc3)C2)CC1,CNC(=O)O[C@H]1CCC[C@@H]1C(Cn1ccnc1)(c1ccccc1)C1CCN(CC2CN(c3ccc(C#N)cc3)C2)CC1,JXQJLZYVDRMZDL-QKZQDKRESA-N,JXQJLZYVDRMZDL-QKZQDKRESA-N,standardized,0.0,False,2.0,strict_exact,exact_point_estimate,high_potency_<=100nM,True,True,IC50,biochemical_binding,False,0.08841876528907443,0.43116972264814546,0.25471699237823486,N#Cc1ccc(CCN2CCC(Nc3nc4ccccc4n3Cc3ccc(C(=O)O)cc3)CC2)cc1,False,low
STR-4F1EEBE285BDFD4F35AF,IC50,biochemical_binding,1,2,1,2,1,0,0,8.045757490560675,8.045757490560675,8.045757490560675,9.0,9.0,IC50,1,inhibitory_potency,1,biochemical_binding,1,ChEMBL;PubChem,CHEMBL4522767,Menin,2019,=,O=S(=O)(c1ccncc1)c1ccc(N2CC(CN3CCC(C4(C5CCCC5)CN(C5CCC5)Cc5ccccc54)CC3)C2)cc1,O=S(=O)(c1ccncc1)c1ccc(N2CC(CN3CCC(C4(C5CCCC5)CN(C5CCC5)Cc5ccccc54)CC3)C2)cc1,O=S(=O)(c1ccncc1)c1ccc(N2CC(CN3CCC(C4(C5CCCC5)CN(C5CCC5)Cc5ccccc54)CC3)C2)cc1,O=S(=O)(c1ccncc1)c1ccc(N2CC(CN3CCC(C4(C5CCCC5)CN(C5CCC5)Cc5ccccc54)CC3)C2)cc1,AZMLEISFRDLXOA-UHFFFAOYSA-N,AZMLEISFRDLXOA-UHFFFAOYSA-N,standardized,0.0,False,2.0,strict_exact,exact_point_estimate,high_potency_<=100nM,True,True,IC50,biochemical_binding,False,0.8277199345310962,0.6628941195764236,0.2705882489681244,FCC[C@@H]1Cc2ccccc2C2(CCC(N3CCN(C4CCCCC4)CC3)CC2)O1,True,high
STR-5B65D30F2628A312D8CA,IC50,biochemical_binding,1,2,1,2,1,0,0,8.045757490560675,8.045757490560675,8.045757490560675,9.0,9.0,IC50,1,inhibitory_potency,1,biochemical_binding,1,ChEMBL;PubChem,CHEMBL5740449,Menin,2021,=,CNC(=O)N[C@H]1CCC[C@@H]1C(C#N)(c1ccccc1)C1CCN(CC2CN(c3ccc(S(=O)(=O)c4ccncc4)cc3)C2)CC1,CNC(=O)N[C@H]1CCC[C@@H]1C(C#N)(c1ccccc1)C1CCN(CC2CN(c3ccc(S(=O)(=O)c4ccncc4)cc3)C2)CC1,CNC(=O)N[C@H]1CCC[C@@H]1C(C#N)(c1ccccc1)C1CCN(CC2CN(c3ccc(S(=O)(=O)c4ccncc4)cc3)C2)CC1,CNC(=O)N[C@H]1CCC[C@@H]1C(C#N)(c1ccccc1)C1CCN(CC2CN(c3ccc(S(=O)(=O)c4ccncc4)cc3)C2)CC1,DUTWQEQSHXCWOC-HEVKVOQNSA-N,DUTWQEQSHXCWOC-HEVKVOQNSA-N,standardized,0.0,False,2.0,strict_exact,exact_point_estimate,high_potency_<=100nM,True,True,IC50,biochemical_binding,False,0.03701225354391276,0.22842163821250502,0.24752475321292877,CC(=O)Nc1cccc(N2CCN(CC3CCN(S(=O)(=O)CC4CCCCC4)CC3)CC2)c1,False,low
STR-5F49DD17C62232E08D24,IC50,biochemical_binding,1,2,1,2,1,0,0,8.045757490560675,8.045757490560675,8.045757490560675,9.0,9.0,IC50,1,inhibitory_potency,1,biochemical_binding,1,ChEMBL;PubChem,CHEMBL5754145,Menin,2021,=,CNC(=O)N[C@H]1CCC[C@@H]1C1(C2CCN(CC3CN(c4ccc(S(=O)(=O)C5CC5)cc4)C3)CC2)CNCc2ccccc21,CNC(=O)N[C@H]1CCC[C@@H]1C1(C2CCN(CC3CN(c4ccc(S(=O)(=O)C5CC5)cc4)C3)CC2)CNCc2ccccc21,CNC(=O)N[C@H]1CCC[C@@H]1C1(C2CCN(CC3CN(c4ccc(S(=O)(=O)C5CC5)cc4)C3)CC2)CNCc2ccccc21,CNC(=O)N[C@H]1CCC[C@@H]1C1(C2CCN(CC3CN(c4ccc(S(=O)(=O)C5CC5)cc4)C3)CC2)CNCc2ccccc21,NOCSCOKYPXZLSK-QKZQDKRESA-N,NOCSCOKYPXZLSK-QKZQDKRESA-N,standardized,0.0,False,2.0,strict_exact,exact_point_estimate,high_potency_<=100nM,True,True,IC50,biochemical_binding,False,0.6894656678281884,0.8937892905025469,0.2450980395078659,CC(=O)Nc1cccc(N2CCN(CC3CCN(S(=O)(=O)CC4CCCCC4)CC3)CC2)c1,False,medium
STR-6B969286E24A749E8280,IC50,biochemical_binding,1,2,1,2,1,0,0,8.045757490560675,8.045757490560675,8.045757490560675,9.0,9.0,IC50,1,inhibitory_potency,1,biochemical_binding,1,ChEMBL;PubChem,CHEMBL5765474,Menin,2021,=,CNC(=O)O[C@H]1CCC[C@@H]1C(C#N)(c1ccccc1)C1CCN(CC2CN(c3ccc(S(=O)(=O)c4ccccc4)cc3)C2)CC1,CNC(=O)O[C@H]1CCC[C@@H]1C(C#N)(c1ccccc1)C1CCN(CC2CN(c3ccc(S(=O)(=O)c4ccccc4)cc3)C2)CC1,CNC(=O)O[C@H]1CCC[C@@H]1C(C#N)(c1ccccc1)C1CCN(CC2CN(c3ccc(S(=O)(=O)c4ccccc4)cc3)C2)CC1,CNC(=O)O[C@H]1CCC[C@@H]1C(C#N)(c1ccccc1)C1CCN(CC2CN(c3ccc(S(=O)(=O)c4ccccc4)cc3)C2)CC1,SYIYVBLHZJXKHJ-AFLWYUAHSA-N,SYIYVBLHZJXKHJ-AFLWYUAHSA-N,standardized,0.0,False,2.0,strict_exact,exact_point_estimate,high_potency_<=100nM,True,True,IC50,biochemical_binding,False,0.1288414317818519,0.5542522245685688,0.2604166567325592,CC(=O)Nc1cccc(N2CCN(CC3CCN(S(=O)(=O)CC4CCCCC4)CC3)CC2)c1,True,low
STR-7B4D282245C89175BEA3,IC50,biochemical_binding,1,2,1,2,1,0,0,8.045757490560675,8.045757490560675,8.045757490560675,9.0,9.0,IC50,1,inhibitory_potency,1,biochemical_binding,1,ChEMBL;PubChem,CHEMBL6021917,Menin,2021,=,COC(=O)N[C@H]1CCC[C@@H]1[C@](C#N)(c1cccc(F)c1)C1CCN(CC2(F)CN(c3ccc(S(=O)(=O)C4CN(C(=O)/C=C/CN(C)C)C4)cc3)C2)CC1,COC(=O)N[C@H]1CCC[C@@H]1[C@](C#N)(c1cccc(F)c1)C1CCN(CC2(F)CN(c3ccc(S(=O)(=O)C4CN(C(=O)/C=C/CN(C)C)C4)cc3)C2)CC1,COC(=O)N[C@H]1CCC[C@@H]1[C@](C#N)(c1cccc(F)c1)C1CCN(CC2(F)CN(c3ccc(S(=O)(=O)C4CN(C(=O)/C=C/CN(C)C)C4)cc3)C2)CC1,COC(=O)N[C@H]1CCC[C@@H]1[C@](C#N)(c1cccc(F)c1)C1CCN(CC2(F)CN(c3ccc(S(=O)(=O)C4CN(C(=O)/C=C/CN(C)C)C4)cc3)C2)CC1,KTVCNVWXDXJTEQ-XJZCMZJCSA-N,KTVCNVWXDXJTEQ-XJZCMZJCSA-N,standardized,0.0,False,2.0,strict_exact,exact_point_estimate,high_potency_<=100nM,True,True,IC50,biochemical_binding,False,0.8485368953398662,0.6134896457485676,0.22302158176898956,Cc1nc2ccccc2n1C1CC2CCC(C1)N2CCC1(c2cccc(F)c2)CCN(C(=O)c2cc(S(N)(=O)=O)ccc2F)CC1,False,high
STR-990708AC2AD0842F3BCB,IC50,biochemical_binding,1,2,1,2,1,0,0,8.045757490560675,8.045757490560675,8.045757490560675,9.0,9.0,IC50,1,inhibitory_potency,1,biochemical_binding,1,ChEMBL;PubChem,CHEMBL5865073,Menin,2021,=,N#CC(c1ccccc1)(C1CCN(CC2CN(c3ccc(S(=O)(=O)c4ccncc4)cc3)C2)CC1)[C@H]1CCC[C@@H]1OC(N)=O,N#CC(c1ccccc1)(C1CCN(CC2CN(c3ccc(S(=O)(=O)c4ccncc4)cc3)C2)CC1)[C@H]1CCC[C@@H]1OC(N)=O,N#CC(c1ccccc1)(C1CCN(CC2CN(c3ccc(S(=O)(=O)c4ccncc4)cc3)C2)CC1)[C@H]1CCC[C@@H]1OC(N)=O,N#CC(c1ccccc1)(C1CCN(CC2CN(c3ccc(S(=O)(=O)c4ccncc4)cc3)C2)CC1)[C@H]1CCC[C@@H]1OC(N)=O,SDGOMCIESMUDGQ-QKZQDKRESA-N,SDGOMCIESMUDGQ-QKZQDKRESA-N,standardized,0.0,False,2.0,strict_exact,exact_point_estimate,high_potency_<=100nM,True,True,IC50,biochemical_binding,False,0.07312889049493589,0.3774930398518338,0.25773194432258606,NC(=O)C(c1ccccc1)(c1ccccc1)[C@@H]1CCN(CCc2ccc3c(c2)CCO3)C1,False,low
STR-A5251367717CBF43E094,IC50,biochemical_binding,1,2,1,2,1,0,0,8.045757490560675,8.045757490560675,8.045757490560675,9.0,9.0,IC50,1,inhibitory_potency,1,biochemical_binding,1,ChEMBL;PubChem,CHEMBL5768069,Menin,2021,=,CCN1Cc2ccccc2C(C2CCCC2)(C2CCN(CC3CN(c4ccc(S(=O)(=O)CC)cc4)C3)CC2)C1,CCN1Cc2ccccc2C(C2CCCC2)(C2CCN(CC3CN(c4ccc(S(=O)(=O)CC)cc4)C3)CC2)C1,CCN1Cc2ccccc2C(C2CCCC2)(C2CCN(CC3CN(c4ccc(S(=O)(=O)CC)cc4)C3)CC2)C1,CCN1Cc2ccccc2C(C2CCCC2)(C2CCN(CC3CN(c4ccc(S(=O)(=O)CC)cc4)C3)CC2)C1,FUHYHQPCTARYTH-UHFFFAOYSA-N,FUHYHQPCTARYTH-UHFFFAOYSA-N,standardized,0.0,False,2.0,strict_exact,exact_point_estimate,high_potency_<=100nM,True,True,IC50,biochemical_binding,False,0.8762404102063616,0.540071995128952,0.27272728085517883,CC(=O)Nc1cccc(N2CCN(CC3CCN(S(=O)(=O)CC4CCCCC4)CC3)CC2)c1,True,high
STR-B2FBC3258126732F3345,IC50,biochemical_binding,1,2,1,2,1,0,0,8.045757490560675,8.045757490560675,8.045757490560675,9.0,9.0,IC50,1,inhibitory_potency,1,biochemical_binding,1,ChEMBL;PubChem,CHEMBL5835328,Menin,2021,=,CCN1Cc2ccccc2C(C2CCCC2)(C2CCN(CC3CN(c4ccc(S(=O)(=O)c5ccccc5)cc4)C3)CC2)C1,CCN1Cc2ccccc2C(C2CCCC2)(C2CCN(CC3CN(c4ccc(S(=O)(=O)c5ccccc5)cc4)C3)CC2)C1,CCN1Cc2ccccc2C(C2CCCC2)(C2CCN(CC3CN(c4ccc(S(=O)(=O)c5ccccc5)cc4)C3)CC2)C1,CCN1Cc2ccccc2C(C2CCCC2)(C2CCN(CC3CN(c4ccc(S(=O)(=O)c5ccccc5)cc4)C3)CC2)C1,PUWZIYVCMHMQLE-UHFFFAOYSA-N,PUWZIYVCMHMQLE-UHFFFAOYSA-N,standardized,0.0,False,2.0,strict_exact,exact_point_estimate,high_potency_<=100nM,True,True,IC50,biochemical_binding,False,0.7910009112729085,0.7395651736323494,0.260869562625885,CCOC(=O)N1CCC(CN2CCC3(CC2)CN(S(C)(=O)=O)c2ncccc23)CC1,True,high
STR-B714BC7381C3BA11A1BD,IC50,biochemical_binding,1,2,1,2,1,0,0,8.045757490560675,8.045757490560675,8.045757490560675,9.0,9.0,IC50,1,inhibitory_potency,1,biochemical_binding,1,ChEMBL;PubChem,CHEMBL5794080,Menin,2021,=,CC(=O)O[C@H]1CCC[C@@H]1C1(C2CCN(CC3CN(c4ccc(S(=O)(=O)C5CC5)cc4)C3)CC2)CN(C)Cc2ccccc21,CC(=O)O[C@H]1CCC[C@@H]1C1(C2CCN(CC3CN(c4ccc(S(=O)(=O)C5CC5)cc4)C3)CC2)CN(C)Cc2ccccc21,CC(=O)O[C@H]1CCC[C@@H]1C1(C2CCN(CC3CN(c4ccc(S(=O)(=O)C5CC5)cc4)C3)CC2)CN(C)Cc2ccccc21,CC(=O)O[C@H]1CCC[C@@H]1C1(C2CCN(CC3CN(c4ccc(S(=O)(=O)C5CC5)cc4)C3)CC2)CN(C)Cc2ccccc21,FQIXLSTYHBMVEG-IEKJTBOOSA-N,FQIXLSTYHBMVEG-IEKJTBOOSA-N,standardized,0.0,False,2.0,strict_exact,exact_point_estimate,high_potency_<=100nM,True,True,IC50,biochemical_binding,False,0.693656210320481,0.888907812232252,0.25773194432258606,CCOC(=O)N1CCC(CN2CC[C@H](N3C(=O)Cc4ccccc43)C2)CC1,False,medium
STR-D32B5F55634E895AF4B1,IC50,biochemical_binding,1,2,1,2,1,0,0,8.045757490560675,8.045757490560675,8.045757490560675,9.0,9.0,IC50,1,inhibitory_potency,1,biochemical_binding,1,ChEMBL;PubChem,CHEMBL6062360,Menin,2021,=,CCN1Cc2ccccc2C(C2CCCC2)(C2CCN(CC3CN(c4ccc(S(=O)(=O)c5cccnc5)cc4)C3)CC2)C1,CCN1Cc2ccccc2C(C2CCCC2)(C2CCN(CC3CN(c4ccc(S(=O)(=O)c5cccnc5)cc4)C3)CC2)C1,CCN1Cc2ccccc2C(C2CCCC2)(C2CCN(CC3CN(c4ccc(S(=O)(=O)c5cccnc5)cc4)C3)CC2)C1,CCN1Cc2ccccc2C(C2CCCC2)(C2CCN(CC3CN(c4ccc(S(=O)(=O)c5cccnc5)cc4)C3)CC2)C1,VYYKGYODRYDZKL-UHFFFAOYSA-N,VYYKGYODRYDZKL-UHFFFAOYSA-N,standardized,0.0,False,2.0,strict_exact,exact_point_estimate,high_potency_<=100nM,True,True,IC50,biochemical_binding,False,0.340816363397495,0.9255977671305005,0.28125,CCOC(=O)N1CCC(CN2CCC3(CC2)CN(S(C)(=O)=O)c2ncccc23)CC1,True,medium
STR-D456C0F5B6DBFC7C04B5,IC50,biochemical_binding,1,2,1,2,1,0,0,8.045757490560675,8.045757490560675,8.045757490560675,9.0,9.0,IC50,1,inhibitory_potency,1,biochemical_binding,1,ChEMBL;PubChem,CHEMBL6035946,Menin,2021,=,N#Cc1ccc(N2CC(CN3CCC([C@@](C#N)(c4cccc(F)c4)[C@H]4CCC[C@@H]4NC(=O)CCl)CC3)C2)cc1,N#Cc1ccc(N2CC(CN3CCC([C@@](C#N)(c4cccc(F)c4)[C@H]4CCC[C@@H]4NC(=O)CCl)CC3)C2)cc1,N#Cc1ccc(N2CC(CN3CCC([C@@](C#N)(c4cccc(F)c4)[C@H]4CCC[C@@H]4NC(=O)CCl)CC3)C2)cc1,N#Cc1ccc(N2CC(CN3CCC([C@@](C#N)(c4cccc(F)c4)[C@H]4CCC[C@@H]4NC(=O)CCl)CC3)C2)cc1,DVNFEYRAKDFYTF-QMOZSOIISA-N,DVNFEYRAKDFYTF-QMOZSOIISA-N,standardized,0.0,False,2.0,strict_exact,exact_point_estimate,high_potency_<=100nM,True,True,IC50,biochemical_binding,False,0.9400138141339295,0.32739007976354784,0.27927929162979126,O=C(N[C@H]1CCN(CC2CCC2)C[C@@H]1C(=O)NC1(c2ncccn2)CC1)c1cc(-c2ccc(F)cc2F)on1,True,high
STR-F48E770257629D6757F9,IC50,biochemical_binding,1,2,1,2,1,0,0,8.045757490560675,8.045757490560675,8.045757490560675,9.0,9.0,IC50,1,inhibitory_potency,1,biochemical_binding,1,ChEMBL;PubChem,CHEMBL5970007,Menin,2021,=,CCN1Cc2ccccc2C(C2CCN(CC3CN(c4ccc(S(=O)(=O)c5ccccc5)cc4)C3)CC2)([C@H]2CCC[C@@H]2NC(=O)NC)C1,CCN1Cc2ccccc2C(C2CCN(CC3CN(c4ccc(S(=O)(=O)c5ccccc5)cc4)C3)CC2)([C@H]2CCC[C@@H]2NC(=O)NC)C1,CCN1Cc2ccccc2C(C2CCN(CC3CN(c4ccc(S(=O)(=O)c5ccccc5)cc4)C3)CC2)([C@H]2CCC[C@@H]2NC(=O)NC)C1,CCN1Cc2ccccc2C(C2CCN(CC3CN(c4ccc(S(=O)(=O)c5ccccc5)cc4)C3)CC2)([C@H]2CCC[C@@H]2NC(=O)NC)C1,POMQACPUPZPVMO-KFAUHABRSA-N,POMQACPUPZPVMO-KFAUHABRSA-N,standardized,0.0,False,2.0,strict_exact,exact_point_estimate,high_potency_<=100nM,True,True,IC50,biochemical_binding,False,0.4053346395514925,0.973985748412302,0.24761904776096344,CCOC(=O)N1CCC(CN2CCC3(CC2)CN(S(C)(=O)=O)c2ncccc23)CC1,False,medium
STR-03A6B3C8922F75633A24,IC50,biochemical_binding,1,1,0,1,1,0,0,8.0,8.0,8.0,10.0,10.0,IC50,1,inhibitory_potency,1,biochemical_binding,1,ChEMBL,CHEMBL4163173,Menin,2018,=,O=S(=O)(Cc1ccc(CN2CCC3(CCN(c4ncnc5sc(CC(F)(F)F)cc45)C3)C2)cc1)NCCO,O=S(=O)(Cc1ccc(CN2CCC3(CCN(c4ncnc5sc(CC(F)(F)F)cc45)C3)C2)cc1)NCCO,O=S(=O)(Cc1ccc(CN2CCC3(CCN(c4ncnc5sc(CC(F)(F)F)cc45)C3)C2)cc1)NCCO,O=S(=O)(Cc1ccc(CN2CCC3(CCN(c4ncnc5sc(CC(F)(F)F)cc45)C3)C2)cc1)NCCO,RXWBLXQOOXDHDE-UHFFFAOYSA-N,RXWBLXQOOXDHDE-UHFFFAOYSA-N,standardized,0.0,False,2.0,strict_exact,exact_point_estimate,high_potency_<=100nM,True,True,IC50,biochemical_binding,False,0.983297294119128,0.12250354577575309,0.25,COC(=O)C1(CNC(=O)c2cc(Cl)cc(Cl)c2)CCN(Cc2ccc(C(F)(F)F)cc2)CC1,False,high
STR-04F547F3C923840AF4FD,IC50,biochemical_binding,1,1,0,1,1,0,0,8.0,8.0,8.0,10.0,10.0,IC50,1,inhibitory_potency,1,biochemical_binding,1,ChEMBL,CHEMBL4174529,Menin,2018,=,NS(=O)(=O)Cc1ccc(CN2CCC3(CCN(c4ncnc5cc(CC(F)(F)F)sc45)C3)C2)cc1,NS(=O)(=O)Cc1ccc(CN2CCC3(CCN(c4ncnc5cc(CC(F)(F)F)sc45)C3)C2)cc1,NS(=O)(=O)Cc1ccc(CN2CCC3(CCN(c4ncnc5cc(CC(F)(F)F)sc45)C3)C2)cc1,NS(=O)(=O)Cc1ccc(CN2CCC3(CCN(c4ncnc5cc(CC(F)(F)F)sc45)C3)C2)cc1,LFGVHEXEPTUSSN-UHFFFAOYSA-N,LFGVHEXEPTUSSN-UHFFFAOYSA-N,standardized,0.0,False,2.0,strict_exact,exact_point_estimate,high_potency_<=100nM,True,True,IC50,biochemical_binding,False,0.9886944127185068,0.08932916610332127,0.24175824224948883,COC(=O)C1(CNC(=O)c2cc(Cl)cc(Cl)c2)CCN(Cc2ccc(C(F)(F)F)cc2)CC1,False,high
STR-1223C39CACA1FF24271A,IC50,biochemical_binding,1,1,0,1,1,0,0,8.0,8.0,8.0,10.0,10.0,IC50,1,inhibitory_potency,1,biochemical_binding,1,ChEMBL,CHEMBL4166615,Menin,2018,=,C=CC(=O)Nc1ccc(CN2CCC3(CCN(c4ncnc5sc(CC(F)(F)F)cc45)C3)C2)cc1,C=CC(=O)Nc1ccc(CN2CCC3(CCN(c4ncnc5sc(CC(F)(F)F)cc45)C3)C2)cc1,C=CC(=O)Nc1ccc(CN2CCC3(CCN(c4ncnc5sc(CC(F)(F)F)cc45)C3)C2)cc1,C=CC(=O)Nc1ccc(CN2CCC3(CCN(c4ncnc5sc(CC(F)(F)F)cc45)C3)C2)cc1,QZSCXKFSFZZQCB-UHFFFAOYSA-N,QZSCXKFSFZZQCB-UHFFFAOYSA-N,standardized,0.0,False,2.0,strict_exact,exact_point_estimate,high_potency_<=100nM,True,True,IC50,biochemical_binding,False,0.9991479642593972,0.009916740618497278,0.27272728085517883,CN1CCN(c2ccc(NC(=O)c3cc(N(C)Cc4ccc(C(F)(F)F)cc4)ncn3)cc2)CC1,True,high
STR-1A02A52BF860C4D25F9A,IC50,biochemical_binding,1,2,1,2,1,0,0,8.0,8.0,8.0,10.0,10.0,IC50,1,inhibitory_potency,1,biochemical_binding,1,ChEMBL;PubChem,CHEMBL5830698,Menin,2021,=,CCN1Cc2ccccc2C(C2CCCC2)(C2CCN(CC3CN(c4ccc(S(=O)(=O)c5ccn(C)c5)cc4)C3)CC2)C1,CCN1Cc2ccccc2C(C2CCCC2)(C2CCN(CC3CN(c4ccc(S(=O)(=O)c5ccn(C)c5)cc4)C3)CC2)C1,CCN1Cc2ccccc2C(C2CCCC2)(C2CCN(CC3CN(c4ccc(S(=O)(=O)c5ccn(C)c5)cc4)C3)CC2)C1,CCN1Cc2ccccc2C(C2CCCC2)(C2CCN(CC3CN(c4ccc(S(=O)(=O)c5ccn(C)c5)cc4)C3)CC2)C1,JRLPIWSCAVQKLX-UHFFFAOYSA-N,JRLPIWSCAVQKLX-UHFFFAOYSA-N,standardized,0.0,False,2.0,strict_exact,exact_point_estimate,high_potency_<=100nM,True,True,IC50,biochemical_binding,False,0.5857483416687909,0.9786791280146734,0.24242424964904785,CCOC(=O)N1CCC(CN2CCC3(CC2)CN(S(C)(=O)=O)c2ncccc23)CC1,False,medium
STR-43E0D8D9D40EE11F8225,IC50,biochemical_binding,1,1,0,1,1,0,0,8.0,8.0,8.0,10.0,10.0,IC50,1,inhibitory_potency,1,biochemical_binding,1,ChEMBL,CHEMBL4174165,Menin,2018,=,FC(F)Cc1cc2c(N3CCC4(CCN(Cc5ccc(N6CCOCC6)cc5)C4)C3)ncnc2s1,FC(F)Cc1cc2c(N3CCC4(CCN(Cc5ccc(N6CCOCC6)cc5)C4)C3)ncnc2s1,FC(F)Cc1cc2c(N3CCC4(CCN(Cc5ccc(N6CCOCC6)cc5)C4)C3)ncnc2s1,FC(F)Cc1cc2c(N3CCC4(CCN(Cc5ccc(N6CCOCC6)cc5)C4)C3)ncnc2s1,GNAOEQPYQYRVEA-UHFFFAOYSA-N,GNAOEQPYQYRVEA-UHFFFAOYSA-N,standardized,0.0,False,2.0,strict_exact,exact_point_estimate,high_potency_<=100nM,True,True,IC50,biochemical_binding,False,0.9951373770274173,0.04436283385963464,0.28260868787765503,COc1cc(NC(=O)c2nnn(Cc3ccc(CN4CCOCC4)cc3)c2N)ncn1,True,high
STR-4F7AB474CDF6E554BFA4,IC50,biochemical_binding,1,2,1,2,1,0,0,8.0,8.0,8.0,10.0,10.0,IC50,1,inhibitory_potency,1,biochemical_binding,1,ChEMBL;PubChem,CHEMBL5813719,Menin,2021,=,CNC(=O)N[C@H]1CCC[C@@H]1C1(C2CCN(CC3CN(c4ccc(S(=O)(=O)C5CC5)cc4)C3)CC2)CN(C)Cc2ccccc21,CNC(=O)N[C@H]1CCC[C@@H]1C1(C2CCN(CC3CN(c4ccc(S(=O)(=O)C5CC5)cc4)C3)CC2)CN(C)Cc2ccccc21,CNC(=O)N[C@H]1CCC[C@@H]1C1(C2CCN(CC3CN(c4ccc(S(=O)(=O)C5CC5)cc4)C3)CC2)CN(C)Cc2ccccc21,CNC(=O)N[C@H]1CCC[C@@H]1C1(C2CCN(CC3CN(c4ccc(S(=O)(=O)C5CC5)cc4)C3)CC2)CN(C)Cc2ccccc21,OEEYLUDEHNGGMN-HEVKVOQNSA-N,OEEYLUDEHNGGMN-HEVKVOQNSA-N,standardized,0.0,False,2.0,strict_exact,exact_point_estimate,high_potency_<=100nM,True,True,IC50,biochemical_binding,False,0.6799565230767171,0.9044287309969805,0.2450980395078659,CC(=O)Nc1cccc(N2CCN(CC3CCN(S(=O)(=O)CC4CCCCC4)CC3)CC2)c1,False,medium
STR-6BDEB3BA85482F5765AF,IC50,biochemical_binding,1,1,0,1,1,0,0,8.0,8.0,8.0,10.0,10.0,IC50,1,inhibitory_potency,1,biochemical_binding,1,ChEMBL,CHEMBL4211318,Menin,2018,=,Cc1c(CN2CCC(Nc3ncnc4sc(CC(F)(F)F)cc34)CC2)ccc2c1cc(C#N)n2CCN1CCN(C(=O)CF)CC1,Cc1c(CN2CCC(Nc3ncnc4sc(CC(F)(F)F)cc34)CC2)ccc2c1cc(C#N)n2CCN1CCN(C(=O)CF)CC1,Cc1c(CN2CCC(Nc3ncnc4sc(CC(F)(F)F)cc34)CC2)ccc2c1cc(C#N)n2CCN1CCN(C(=O)CF)CC1,Cc1c(CN2CCC(Nc3ncnc4sc(CC(F)(F)F)cc34)CC2)ccc2c1cc(C#N)n2CCN1CCN(C(=O)CF)CC1,LEXHBKLOMBAPDX-UHFFFAOYSA-N,LEXHBKLOMBAPDX-UHFFFAOYSA-N,standardized,0.0,False,2.0,strict_exact,exact_point_estimate,high_potency_<=100nM,True,True,IC50,biochemical_binding,False,0.9618788132017132,0.23361057174232572,0.2929292917251587,FC(F)(F)c1ccc(C(F)(F)CN2CCC(Nc3ncnc4[nH]ncc34)CC2)cc1,True,high
STR-79D75B6A88F0457FA1C2,IC50,biochemical_binding,1,2,1,2,1,0,0,8.0,8.0,8.0,10.0,10.0,IC50,1,inhibitory_potency,1,biochemical_binding,1,ChEMBL;PubChem,CHEMBL5800169,Menin,2021,=,CCC(=O)O[C@H]1CCC[C@@H]1C(C#N)(c1ccccc1)C1CCN(CC2CN(c3ccc(S(=O)(=O)c4ccncc4)cc3)C2)CC1,CCC(=O)O[C@H]1CCC[C@@H]1C(C#N)(c1ccccc1)C1CCN(CC2CN(c3ccc(S(=O)(=O)c4ccncc4)cc3)C2)CC1,CCC(=O)O[C@H]1CCC[C@@H]1C(C#N)(c1ccccc1)C1CCN(CC2CN(c3ccc(S(=O)(=O)c4ccncc4)cc3)C2)CC1,CCC(=O)O[C@H]1CCC[C@@H]1C(C#N)(c1ccccc1)C1CCN(CC2CN(c3ccc(S(=O)(=O)c4ccncc4)cc3)C2)CC1,NVRCFDBJZOGQJV-AFLWYUAHSA-N,NVRCFDBJZOGQJV-AFLWYUAHSA-N,standardized,0.0,False,2.0,strict_exact,exact_point_estimate,high_potency_<=100nM,True,True,IC50,biochemical_binding,False,0.030661343814693518,0.19769769866676043,0.2549019753932953,C[C@@H]1CN(CC2(c3ccncc3)CC2)CCN1S(=O)(=O)c1ccc(C(C)(O)C(F)(F)F)cc1,False,low
STR-C24E330B171F75FD816E,IC50,biochemical_binding,1,2,1,2,1,0,0,8.0,8.0,8.0,10.0,10.0,IC50,1,inhibitory_potency,1,biochemical_binding,1,ChEMBL;PubChem,CHEMBL5773599,Menin,2021,=,CC(=O)N[C@H]1CCC[C@@H]1C(C#N)(c1ccccc1)C1CCN(CC2CN(c3ccc(S(=O)(=O)c4ccncc4)cc3)C2)CC1,CC(=O)N[C@H]1CCC[C@@H]1C(C#N)(c1ccccc1)C1CCN(CC2CN(c3ccc(S(=O)(=O)c4ccncc4)cc3)C2)CC1,CC(=O)N[C@H]1CCC[C@@H]1C(C#N)(c1ccccc1)C1CCN(CC2CN(c3ccc(S(=O)(=O)c4ccncc4)cc3)C2)CC1,CC(=O)N[C@H]1CCC[C@@H]1C(C#N)(c1ccccc1)C1CCN(CC2CN(c3ccc(S(=O)(=O)c4ccncc4)cc3)C2)CC1,QLAKMMMMNNGFLX-IEKJTBOOSA-N,QLAKMMMMNNGFLX-IEKJTBOOSA-N,standardized,0.0,False,2.0,strict_exact,exact_point_estimate,high_potency_<=100nM,True,True,IC50,biochemical_binding,False,0.06319185029491485,0.3399871774664229,0.27835050225257874,CC(=O)Nc1cccc(N2CCN(CC3CCN(S(=O)(=O)CC4CCCCC4)CC3)CC2)c1,True,low
STR-D32C4FE03E32CED2B7FB,IC50,biochemical_binding,1,2,1,2,1,0,0,8.0,8.0,8.0,10.0,10.0,IC50,1,inhibitory_potency,1,biochemical_binding,1,ChEMBL;PubChem,CHEMBL6031385,Menin,2021,=,C=CC(=O)N1CCCC(S(=O)(=O)c2ccc(N3CC(CN4CCC([C@@](C#N)(c5cccc(F)c5)[C@H]5CCC[C@@H]5NC(=O)OC)CC4)C3)cc2)C1,C=CC(=O)N1CCCC(S(=O)(=O)c2ccc(N3CC(CN4CCC([C@@](C#N)(c5cccc(F)c5)[C@H]5CCC[C@@H]5NC(=O)OC)CC4)C3)cc2)C1,C=CC(=O)N1CCCC(S(=O)(=O)c2ccc(N3CC(CN4CCC([C@@](C#N)(c5cccc(F)c5)[C@H]5CCC[C@@H]5NC(=O)OC)CC4)C3)cc2)C1,C=CC(=O)N1CCCC(S(=O)(=O)c2ccc(N3CC(CN4CCC([C@@](C#N)(c5cccc(F)c5)[C@H]5CCC[C@@H]5NC(=O)OC)CC4)C3)cc2)C1,HCJMWDNZIGSUHG-VSISXHPKSA-N,HCJMWDNZIGSUHG-VSISXHPKSA-N,standardized,0.0,False,2.0,strict_exact,exact_point_estimate,high_potency_<=100nM,True,True,IC50,biochemical_binding,False,0.905390547085124,0.45167123964015565,0.24561403691768646,CC(Oc1ccc(S(C)(=O)=O)cc1C(=O)N1CCN(c2ccc(C#N)cc2)CC1)C(F)(F)F,False,high
STR-DA9775B70707A0852196,IC50,biochemical_binding,1,1,0,1,1,0,0,8.0,8.0,8.0,10.0,10.0,IC50,1,inhibitory_potency,1,biochemical_binding,1,ChEMBL,CHEMBL4163807,Menin,2018,=,CN(CCO)c1ccc(CN2CCC3(CCN(c4ncnc5sc(CC(F)(F)F)cc45)C3)C2)cc1,CN(CCO)c1ccc(CN2CCC3(CCN(c4ncnc5sc(CC(F)(F)F)cc45)C3)C2)cc1,CN(CCO)c1ccc(CN2CCC3(CCN(c4ncnc5sc(CC(F)(F)F)cc45)C3)C2)cc1,CN(CCO)c1ccc(CN2CCC3(CCN(c4ncnc5sc(CC(F)(F)F)cc45)C3)C2)cc1,ZMANLUSBOAYIAF-UHFFFAOYSA-N,ZMANLUSBOAYIAF-UHFFFAOYSA-N,standardized,0.0,False,2.0,strict_exact,exact_point_estimate,high_potency_<=100nM,True,True,IC50,biochemical_binding,False,0.9994975165879498,0.0062312811774719225,0.24210526049137115,COC(=O)C1(CNC(=O)c2cc(Cl)cc(Cl)c2)CCN(Cc2ccc(C(F)(F)F)cc2)CC1,False,high
STR-E06BC321EF0DF7985DE6,IC50,biochemical_binding,1,1,0,1,1,0,0,8.0,8.0,8.0,10.0,10.0,IC50,1,inhibitory_potency,1,biochemical_binding,1,ChEMBL,CHEMBL4171091,Menin,2018,=,CC(c1ccc(CN2CCC3(CCN(c4ncnc5sc(CC(F)(F)F)cc45)C3)C2)cc1)S(N)(=O)=O,CC(c1ccc(CN2CCC3(CCN(c4ncnc5sc(CC(F)(F)F)cc45)C3)C2)cc1)S(N)(=O)=O,CC(c1ccc(CN2CCC3(CCN(c4ncnc5sc(CC(F)(F)F)cc45)C3)C2)cc1)S(N)(=O)=O,CC(c1ccc(CN2CCC3(CCN(c4ncnc5sc(CC(F)(F)F)cc45)C3)C2)cc1)S(N)(=O)=O,ZRWSGICVFGOTIE-UHFFFAOYSA-N,ZRWSGICVFGOTIE-UHFFFAOYSA-N,standardized,0.0,False,2.0,strict_exact,exact_point_estimate,high_potency_<=100nM,True,True,IC50,biochemical_binding,False,0.9908327332929527,0.07522067398210114,0.25,COc1cc(NC(=O)c2nnn(Cc3ccc(CN4CCOCC4)cc3)c2N)ncn1,False,high
STR-18936FD320AF3538594A,IC50,biochemical_binding,1,2,1,2,1,0,0,7.958607314841775,7.958607314841775,7.958607314841775,11.0,11.0,IC50,1,inhibitory_potency,1,biochemical_binding,1,ChEMBL;PubChem,CHEMBL5786968,Menin,2021,=,C=CC(=O)N1CCC(S(=O)(=O)c2ccc(N3CC(CN4CCC([C@@](C#N)(c5cccc(F)c5)[C@H]5CCC[C@@H]5NC(=O)OC)CC4)C3)cc2)C1,C=CC(=O)N1CCC(S(=O)(=O)c2ccc(N3CC(CN4CCC([C@@](C#N)(c5cccc(F)c5)[C@H]5CCC[C@@H]5NC(=O)OC)CC4)C3)cc2)C1,C=CC(=O)N1CCC(S(=O)(=O)c2ccc(N3CC(CN4CCC([C@@](C#N)(c5cccc(F)c5)[C@H]5CCC[C@@H]5NC(=O)OC)CC4)C3)cc2)C1,C=CC(=O)N1CCC(S(=O)(=O)c2ccc(N3CC(CN4CCC([C@@](C#N)(c5cccc(F)c5)[C@H]5CCC[C@@H]5NC(=O)OC)CC4)C3)cc2)C1,SZPVXYFJAKCTNY-KVDTUNPMSA-N,SZPVXYFJAKCTNY-KVDTUNPMSA-N,standardized,0.0,False,2.0,strict_exact,exact_point_estimate,high_potency_<=100nM,True,True,IC50,biochemical_binding,False,0.9240135917022217,0.38787669540515624,0.25600001215934753,O=C(N[C@H]1CCN(CC2CCC2)C[C@@H]1C(=O)NC1(c2ncccn2)CC1)c1cc(-c2ccc(F)cc2F)on1,False,high
STR-357FF7F1EF112B333FD8,IC50,biochemical_binding,1,2,1,2,1,0,0,7.958607314841775,7.958607314841775,7.958607314841775,11.0,11.0,IC50,1,inhibitory_potency,1,biochemical_binding,1,ChEMBL;PubChem,CHEMBL5862439,Menin,2021,=,CCN1Cc2ccccc2C(C2CCCC2)(C2CCN(CC3CN(c4ccc(S(=O)(=O)c5cnn(C)c5)cc4)C3)CC2)C1,CCN1Cc2ccccc2C(C2CCCC2)(C2CCN(CC3CN(c4ccc(S(=O)(=O)c5cnn(C)c5)cc4)C3)CC2)C1,CCN1Cc2ccccc2C(C2CCCC2)(C2CCN(CC3CN(c4ccc(S(=O)(=O)c5cnn(C)c5)cc4)C3)CC2)C1,CCN1Cc2ccccc2C(C2CCCC2)(C2CCN(CC3CN(c4ccc(S(=O)(=O)c5cnn(C)c5)cc4)C3)CC2)C1,QUWYOPUEUIGYQY-UHFFFAOYSA-N,QUWYOPUEUIGYQY-UHFFFAOYSA-N,standardized,0.0,False,2.0,strict_exact,exact_point_estimate,high_potency_<=100nM,True,True,IC50,biochemical_binding,False,0.428134344893637,0.9850461671546604,0.2525252401828766,CCOC(=O)N1CCC(CN2CCC3(CC2)CN(S(C)(=O)=O)c2ncccc23)CC1,False,medium
STR-489F6A3FCA46D9527C55,IC50,biochemical_binding,1,2,1,2,1,0,0,7.958607314841775,7.958607314841775,7.958607314841775,11.0,11.0,IC50,1,inhibitory_potency,1,biochemical_binding,1,ChEMBL;PubChem,CHEMBL5890210,Menin,2021,=,CCN1Cc2ccccc2C(C2CCN(CC3CN(c4ccc(S(=O)(=O)c5ccn(C)c5)cc4)C3)CC2)([C@H]2CCC[C@@H]2NC(=O)NC)C1,CCN1Cc2ccccc2C(C2CCN(CC3CN(c4ccc(S(=O)(=O)c5ccn(C)c5)cc4)C3)CC2)([C@H]2CCC[C@@H]2NC(=O)NC)C1,CCN1Cc2ccccc2C(C2CCN(CC3CN(c4ccc(S(=O)(=O)c5ccn(C)c5)cc4)C3)CC2)([C@H]2CCC[C@@H]2NC(=O)NC)C1,CCN1Cc2ccccc2C(C2CCN(CC3CN(c4ccc(S(=O)(=O)c5ccn(C)c5)cc4)C3)CC2)([C@H]2CCC[C@@H]2NC(=O)NC)C1,OSMIXLAWYCYESD-MROBMTMESA-N,OSMIXLAWYCYESD-MROBMTMESA-N,standardized,0.0,False,2.0,strict_exact,exact_point_estimate,high_potency_<=100nM,True,True,IC50,biochemical_binding,False,0.20272911223483844,0.727352854099374,0.2321428507566452,CCOC(=O)N1CCC(CN2CCC3(CC2)CN(S(C)(=O)=O)c2ncccc23)CC1,False,low
STR-84B6FE8D37C3E3C10CC6,IC50,biochemical_binding,1,2,1,2,1,0,0,7.958607314841775,7.958607314841775,7.958607314841775,11.0,11.0,IC50,1,inhibitory_potency,1,biochemical_binding,1,ChEMBL;PubChem,CHEMBL5949746,Menin,2021,=,CNC(=O)N[C@H]1CCC[C@@H]1C1(C2CCN(CC3CN(c4ccc(S(=O)(=O)c5cnn(C)c5)cc4)C3)CC2)CN(C)Cc2ccccc21,CNC(=O)N[C@H]1CCC[C@@H]1C1(C2CCN(CC3CN(c4ccc(S(=O)(=O)c5cnn(C)c5)cc4)C3)CC2)CN(C)Cc2ccccc21,CNC(=O)N[C@H]1CCC[C@@H]1C1(C2CCN(CC3CN(c4ccc(S(=O)(=O)c5cnn(C)c5)cc4)C3)CC2)CN(C)Cc2ccccc21,CNC(=O)N[C@H]1CCC[C@@H]1C1(C2CCN(CC3CN(c4ccc(S(=O)(=O)c5cnn(C)c5)cc4)C3)CC2)CN(C)Cc2ccccc21,PXHPZKVBSDPTPS-AFLWYUAHSA-N,PXHPZKVBSDPTPS-AFLWYUAHSA-N,standardized,0.0,False,2.0,strict_exact,exact_point_estimate,high_potency_<=100nM,True,True,IC50,biochemical_binding,False,0.08596930019547033,0.42287080283317546,0.2450980395078659,CNc1nn2cc3c(nc2c1S(=O)(=O)c1ccccc1)CCN(C)C3,False,low
STR-A62EFE6B816DF994EE32,IC50,biochemical_binding,1,2,1,2,1,0,0,7.958607314841775,7.958607314841775,7.958607314841775,11.0,11.0,IC50,1,inhibitory_potency,1,biochemical_binding,1,ChEMBL;PubChem,CHEMBL5938342,Menin,2021,=,COC(=O)N[C@H]1CCC[C@@H]1C(C#N)(c1ccccc1)C1CCN(CC2CN(c3ccc(S(=O)(=O)c4ccncc4)cc3)C2)CC1,COC(=O)N[C@H]1CCC[C@@H]1C(C#N)(c1ccccc1)C1CCN(CC2CN(c3ccc(S(=O)(=O)c4ccncc4)cc3)C2)CC1,COC(=O)N[C@H]1CCC[C@@H]1C(C#N)(c1ccccc1)C1CCN(CC2CN(c3ccc(S(=O)(=O)c4ccncc4)cc3)C2)CC1,COC(=O)N[C@H]1CCC[C@@H]1C(C#N)(c1ccccc1)C1CCN(CC2CN(c3ccc(S(=O)(=O)c4ccncc4)cc3)C2)CC1,MIUPMJHGNQWPQS-HEVKVOQNSA-N,MIUPMJHGNQWPQS-HEVKVOQNSA-N,standardized,0.0,False,2.0,strict_exact,exact_point_estimate,high_potency_<=100nM,True,True,IC50,biochemical_binding,False,0.16116315276085627,0.6370849380725712,0.24752475321292877,CC(=O)Nc1cccc(N2CCN(CC3CCN(S(=O)(=O)CC4CCCCC4)CC3)CC2)c1,False,low
STR-AA4D58E6580A56C280AF,IC50,biochemical_binding,1,1,0,1,1,0,0,7.958607314841775,7.958607314841775,7.958607314841775,11.0,11.0,IC50,1,inhibitory_potency,1,biochemical_binding,1,ChEMBL,CHEMBL4516680,Menin,2019,=,CN1Cc2ccccc2C(C2CCCC2)(C2CCN(CC3CN(c4ccc(S(=O)(=O)c5ccncc5)cc4)C3)CC2)C1,CN1Cc2ccccc2C(C2CCCC2)(C2CCN(CC3CN(c4ccc(S(=O)(=O)c5ccncc5)cc4)C3)CC2)C1,CN1Cc2ccccc2C(C2CCCC2)(C2CCN(CC3CN(c4ccc(S(=O)(=O)c5ccncc5)cc4)C3)CC2)C1,CN1Cc2ccccc2C(C2CCCC2)(C2CCN(CC3CN(c4ccc(S(=O)(=O)c5ccncc5)cc4)C3)CC2)C1,HIKNZTWSCQIGRD-UHFFFAOYSA-N,HIKNZTWSCQIGRD-UHFFFAOYSA-N,standardized,0.0,False,2.0,strict_exact,exact_point_estimate,high_potency_<=100nM,True,True,IC50,biochemical_binding,False,0.5578489817046789,0.9903223698915321,0.26595744490623474,CCOC(=O)N1CCC(CN2CCC3(CC2)CN(S(C)(=O)=O)c2ncccc23)CC1,True,medium
STR-B56EF6AC340F28C175E6,IC50,biochemical_binding,1,1,0,1,1,0,0,7.958607314841775,7.958607314841775,7.958607314841775,11.0,11.0,IC50,1,inhibitory_potency,1,biochemical_binding,1,ChEMBL,CHEMBL4458829,Menin,2019,=,CNC(=O)O[C@H]1CCC[C@@H]1[C@](C#N)(c1ccccc1)C1CCN(CC2CN(c3ccc(C#N)cc3)C2)CC1,CNC(=O)O[C@H]1CCC[C@@H]1[C@](C#N)(c1ccccc1)C1CCN(CC2CN(c3ccc(C#N)cc3)C2)CC1,CNC(=O)O[C@H]1CCC[C@@H]1[C@](C#N)(c1ccccc1)C1CCN(CC2CN(c3ccc(C#N)cc3)C2)CC1,CNC(=O)O[C@H]1CCC[C@@H]1[C@](C#N)(c1ccccc1)C1CCN(CC2CN(c3ccc(C#N)cc3)C2)CC1,IFDKQQVTCZCWIE-GSBZAIBZSA-N,IFDKQQVTCZCWIE-GSBZAIBZSA-N,standardized,0.0,False,2.0,strict_exact,exact_point_estimate,high_potency_<=100nM,True,True,IC50,biochemical_binding,False,0.253714095192884,0.8171119297347857,0.26530611515045166,N#Cc1ccc(CCN2CCC(Nc3nc4ccccc4n3Cc3ccc(C(=O)O)cc3)CC2)cc1,True,low
STR-C4A801F174E1E034721C,IC50,biochemical_binding,1,2,1,2,1,0,0,7.958607314841775,7.958607314841775,7.958607314841775,11.0,11.0,IC50,1,inhibitory_potency,1,biochemical_binding,1,ChEMBL;PubChem,CHEMBL5912352,Menin,2021,=,CCN1Cc2ccccc2C(C2CCN(CC3CN(c4ccc(S(=O)(=O)c5cnn(C)c5)cc4)C3)CC2)([C@H]2CCC[C@@H]2NC(C)=O)C1,CCN1Cc2ccccc2C(C2CCN(CC3CN(c4ccc(S(=O)(=O)c5cnn(C)c5)cc4)C3)CC2)([C@H]2CCC[C@@H]2NC(C)=O)C1,CCN1Cc2ccccc2C(C2CCN(CC3CN(c4ccc(S(=O)(=O)c5cnn(C)c5)cc4)C3)CC2)([C@H]2CCC[C@@H]2NC(C)=O)C1,CCN1Cc2ccccc2C(C2CCN(CC3CN(c4ccc(S(=O)(=O)c5cnn(C)c5)cc4)C3)CC2)([C@H]2CCC[C@@H]2NC(C)=O)C1,XOBABEJTJVLOIK-JTTVYFNNSA-N,XOBABEJTJVLOIK-JTTVYFNNSA-N,standardized,0.0,False,2.0,strict_exact,exact_point_estimate,high_potency_<=100nM,True,True,IC50,biochemical_binding,False,0.19102821993178498,0.70361746771434,0.25233644247055054,CC(=O)Nc1cccc(N2CCN(CC3CCN(S(=O)(=O)CC4CCCCC4)CC3)CC2)c1,False,low
STR-EE40493687FAFB4EE02B,IC50,biochemical_binding,1,2,1,2,1,0,0,7.958607314841775,7.958607314841775,7.958607314841775,11.0,11.0,IC50,1,inhibitory_potency,1,biochemical_binding,1,ChEMBL;PubChem,CHEMBL4444304,Menin,2019,=,O=S(=O)(c1ccncc1)c1ccc(N2CC(CN3CCC(C4(C5CCCC5)CN(CCN5CCOCC5)Cc5ccccc54)CC3)C2)cc1,O=S(=O)(c1ccncc1)c1ccc(N2CC(CN3CCC(C4(C5CCCC5)CN(CCN5CCOCC5)Cc5ccccc54)CC3)C2)cc1,O=S(=O)(c1ccncc1)c1ccc(N2CC(CN3CCC(C4(C5CCCC5)CN(CCN5CCOCC5)Cc5ccccc54)CC3)C2)cc1,O=S(=O)(c1ccncc1)c1ccc(N2CC(CN3CCC(C4(C5CCCC5)CN(CCN5CCOCC5)Cc5ccccc54)CC3)C2)cc1,BFYBPKVANYUFNH-UHFFFAOYSA-N,BFYBPKVANYUFNH-UHFFFAOYSA-N,standardized,0.0,False,2.0,strict_exact,exact_point_estimate,high_potency_<=100nM,True,True,IC50,biochemical_binding,False,0.6613332580404127,0.9235371508900547,0.24742268025875092,Cn1c(SCCCN2CC3CCN(c4ccccc4)C3C2)nnc1C1CCOCC1,False,medium
STR-2FF2DB436296505D61BF,IC50,biochemical_binding,1,1,0,1,1,0,0,7.943095148663527,7.943095148663527,7.943095148663527,11.4,11.4,IC50,1,inhibitory_potency,1,biochemical_binding,1,ChEMBL,CHEMBL2314823,Menin,2013,=,CC(=O)N[C@@H](CCCNC(=N)N)C(=O)N[C@@H](Cc1c[nH]c2ccccc12)C(=O)N[C@@H](CCCNC(=N)N)C(=O)N[C@@H](Cc1ccccc1)C(=O)N1CCC[C@H]1C(=O)N[C@@H](C)C(=O)N[C@@H](CCCNC(=N)N)C(=O)N1CCC[C@H]1C(=O)NCC(=O)N[C@H](C(=O)NCC(=O)N[C@@H](CCCNC(=N)N)C(=O)N[C@@H](CCCNC(=N)N)C(N)=O)[C@@H](C)O,CC(=O)N[C@@H](CCCNC(=N)N)C(=O)N[C@@H](Cc1c[nH]c2ccccc12)C(=O)N[C@@H](CCCNC(=N)N)C(=O)N[C@@H](Cc1ccccc1)C(=O)N1CCC[C@H]1C(=O)N[C@@H](C)C(=O)N[C@@H](CCCNC(=N)N)C(=O)N1CCC[C@H]1C(=O)NCC(=O)N[C@H](C(=O)NCC(=O)N[C@@H](CCCNC(=N)N)C(=O)N[C@@H](CCCNC(=N)N)C(N)=O)[C@@H](C)O,CC(=O)N[C@@H](CCCNC(=N)N)C(=O)N[C@@H](Cc1c[nH]c2ccccc12)C(=O)N[C@@H](CCCNC(=N)N)C(=O)N[C@@H](Cc1ccccc1)C(=O)N1CCC[C@H]1C(=O)N[C@@H](C)C(=O)N[C@@H](CCCNC(=N)N)C(=O)N1CCC[C@H]1C(=O)NCC(=O)N[C@H](C(=O)NCC(=O)N[C@@H](CCCNC(=N)N)C(=O)N[C@@H](CCCNC(=N)N)C(N)=O)[C@@H](C)O,CC(=O)N[C@@H](CCCNC(=N)N)C(=O)N[C@@H](Cc1c[nH]c2ccccc12)C(=O)N[C@@H](CCCNC(=N)N)C(=O)N[C@@H](Cc1ccccc1)C(=O)N1CCC[C@H]1C(=O)N[C@@H](C)C(=O)N[C@@H](CCCNC(=N)N)C(=O)N1CCC[C@H]1C(=O)NCC(=O)N[C@H](C(=O)NCC(=O)N[C@@H](CCCNC(=N)N)C(=O)N[C@@H](CCCNC(=N)N)C(N)=O)[C@@H](C)O,HDZDPXBIYCSDDH-VTTCKZLXSA-N,HDZDPXBIYCSDDH-VTTCKZLXSA-N,standardized,0.0,False,2.0,strict_exact,exact_point_estimate,high_potency_<=100nM,True,True,IC50,biochemical_binding,False,4.1337605475111887e-16,4.130580026464068e-11,0.26229506731033325,COC(=O)C(Cc1c[nH]c2ccccc12)NS(=O)(=O)c1ccc(OC2CCCC2)cc1,True,low
STR-0EB9DFE3F3CFA3016388,IC50,biochemical_binding,1,2,1,2,1,0,0,7.920818753952375,7.920818753952375,7.920818753952375,12.0,12.0,IC50,1,inhibitory_potency,1,biochemical_binding,1,ChEMBL;PubChem,CHEMBL5960140,Menin,2021,=,COC(=O)N[C@H]1CCC[C@@H]1C(C#N)(c1ccccc1)C1CCN(CC2CN(c3ccc(S(=O)(=O)C4CC5CCC4C5)cc3)C2)CC1,COC(=O)N[C@H]1CCC[C@@H]1C(C#N)(c1ccccc1)C1CCN(CC2CN(c3ccc(S(=O)(=O)C4CC5CCC4C5)cc3)C2)CC1,COC(=O)N[C@H]1CCC[C@@H]1C(C#N)(c1ccccc1)C1CCN(CC2CN(c3ccc(S(=O)(=O)C4CC5CCC4C5)cc3)C2)CC1,COC(=O)N[C@H]1CCC[C@@H]1C(C#N)(c1ccccc1)C1CCN(CC2CN(c3ccc(S(=O)(=O)C4CC5CCC4C5)cc3)C2)CC1,MBAJWYCVAINBNA-YYEHFRLESA-N,MBAJWYCVAINBNA-YYEHFRLESA-N,standardized,0.0,False,2.0,strict_exact,exact_point_estimate,high_potency_<=100nM,True,True,IC50,biochemical_binding,False,0.8700287527955668,0.5573593251043872,0.24761904776096344,CC(=O)Nc1cccc(N2CCN(CC3CCN(S(=O)(=O)CC4CCCCC4)CC3)CC2)c1,False,high
STR-298210A977B1E814E254,IC50,biochemical_binding,1,2,1,2,1,0,0,7.920818753952375,7.920818753952375,7.920818753952375,12.0,12.0,IC50,1,inhibitory_potency,1,biochemical_binding,1,ChEMBL;PubChem,CHEMBL5852741,Menin,2021,=,CNC(=O)O[C@H]1CCC[C@@H]1C(Cn1ccnc1)(c1ccccc1)C1CCN(CC2CN(c3ccc(S(=O)(=O)c4ccccc4)cc3)C2)CC1,CNC(=O)O[C@H]1CCC[C@@H]1C(Cn1ccnc1)(c1ccccc1)C1CCN(CC2CN(c3ccc(S(=O)(=O)c4ccccc4)cc3)C2)CC1,CNC(=O)O[C@H]1CCC[C@@H]1C(Cn1ccnc1)(c1ccccc1)C1CCN(CC2CN(c3ccc(S(=O)(=O)c4ccccc4)cc3)C2)CC1,CNC(=O)O[C@H]1CCC[C@@H]1C(Cn1ccnc1)(c1ccccc1)C1CCN(CC2CN(c3ccc(S(=O)(=O)c4ccccc4)cc3)C2)CC1,VAURVTQYMPFKRB-KFAUHABRSA-N,VAURVTQYMPFKRB-KFAUHABRSA-N,standardized,0.0,False,2.0,strict_exact,exact_point_estimate,high_potency_<=100nM,True,True,IC50,biochemical_binding,False,0.041522692923840906,0.24923064381390492,0.2450980395078659,CC(=O)Nc1cccc(N2CCN(CC3CCN(S(=O)(=O)CC4CCCCC4)CC3)CC2)c1,False,low
STR-2D6C1263F87FC6A92E1C,IC50,biochemical_binding,1,2,1,2,1,0,0,7.920818753952375,7.920818753952375,7.920818753952375,12.0,12.0,IC50,1,inhibitory_potency,1,biochemical_binding,1,ChEMBL;PubChem,CHEMBL5751959,Menin,2021,=,CCN1Cc2ccccc2C(C2CCCC2)(C2CCN(CC3CN(c4ccc(S(=O)(=O)c5cnn(CC)c5)cc4)C3)CC2)C1,CCN1Cc2ccccc2C(C2CCCC2)(C2CCN(CC3CN(c4ccc(S(=O)(=O)c5cnn(CC)c5)cc4)C3)CC2)C1,CCN1Cc2ccccc2C(C2CCCC2)(C2CCN(CC3CN(c4ccc(S(=O)(=O)c5cnn(CC)c5)cc4)C3)CC2)C1,CCN1Cc2ccccc2C(C2CCCC2)(C2CCN(CC3CN(c4ccc(S(=O)(=O)c5cnn(CC)c5)cc4)C3)CC2)C1,FAYCWGYKSDHCPU-UHFFFAOYSA-N,FAYCWGYKSDHCPU-UHFFFAOYSA-N,standardized,0.0,False,2.0,strict_exact,exact_point_estimate,high_potency_<=100nM,True,True,IC50,biochemical_binding,False,0.6272303903609362,0.9527749590578514,0.25,CCOC(=O)N1CCC(CN2CCC3(CC2)CN(S(C)(=O)=O)c2ncccc23)CC1,False,medium
STR-5DF8CCEDDDC1429A6B58,IC50,biochemical_binding,1,2,1,2,1,0,0,7.920818753952375,7.920818753952375,7.920818753952375,12.0,12.0,IC50,1,inhibitory_potency,1,biochemical_binding,1,ChEMBL;PubChem,CHEMBL5984748,Menin,2021,=,CN1Cc2ccccc2C(C2CCCC2)(C2CCN(CC3CN(c4ccc(S(=O)(=O)C5CC5)cc4)C3)CC2)C1,CN1Cc2ccccc2C(C2CCCC2)(C2CCN(CC3CN(c4ccc(S(=O)(=O)C5CC5)cc4)C3)CC2)C1,CN1Cc2ccccc2C(C2CCCC2)(C2CCN(CC3CN(c4ccc(S(=O)(=O)C5CC5)cc4)C3)CC2)C1,CN1Cc2ccccc2C(C2CCCC2)(C2CCN(CC3CN(c4ccc(S(=O)(=O)C5CC5)cc4)C3)CC2)C1,NGOHOQCEHVWUCG-UHFFFAOYSA-N,NGOHOQCEHVWUCG-UHFFFAOYSA-N,standardized,0.0,False,2.0,strict_exact,exact_point_estimate,high_potency_<=100nM,True,True,IC50,biochemical_binding,False,0.9221951911987313,0.3943966687438764,0.2584269642829895,CC(=O)Nc1cccc(N2CCN(CC3CCN(S(=O)(=O)CC4CCCCC4)CC3)CC2)c1,False,high
STR-87D12F3BEF86165DEC76,IC50,biochemical_binding,1,2,1,2,1,0,0,7.920818753952375,7.920818753952375,7.920818753952375,12.0,12.0,IC50,1,inhibitory_potency,1,biochemical_binding,1,ChEMBL;PubChem,CHEMBL5800854,Menin,2021,=,CNC(=O)N[C@H]1CCC[C@@H]1C1(C2CCN(CC3CN(c4ccc(S(=O)(=O)C5CC5)cc4)C3)CC2)CN(C(C)C)Cc2ccccc21,CNC(=O)N[C@H]1CCC[C@@H]1C1(C2CCN(CC3CN(c4ccc(S(=O)(=O)C5CC5)cc4)C3)CC2)CN(C(C)C)Cc2ccccc21,CNC(=O)N[C@H]1CCC[C@@H]1C1(C2CCN(CC3CN(c4ccc(S(=O)(=O)C5CC5)cc4)C3)CC2)CN(C(C)C)Cc2ccccc21,CNC(=O)N[C@H]1CCC[C@@H]1C1(C2CCN(CC3CN(c4ccc(S(=O)(=O)C5CC5)cc4)C3)CC2)CN(C(C)C)Cc2ccccc21,FIGZHMNOKIRLCF-FWBANIIHSA-N,FIGZHMNOKIRLCF-FWBANIIHSA-N,standardized,0.0,False,2.0,strict_exact,exact_point_estimate,high_potency_<=100nM,True,True,IC50,biochemical_binding,False,0.6013260957817064,0.9701695907318832,0.2380952388048172,CC(=O)Nc1cccc(N2CCN(CC3CCN(S(=O)(=O)CC4CCCCC4)CC3)CC2)c1,False,medium
STR-94607F80C78D17F7F58B,IC50,biochemical_binding,1,2,1,2,1,0,0,7.920818753952375,7.920818753952375,7.920818753952375,12.0,12.0,IC50,1,inhibitory_potency,1,biochemical_binding,1,ChEMBL;PubChem,CHEMBL5978180,Menin,2021,=,CNC(=O)O[C@H]1CCC[C@@H]1C(Cn1cccc1)(c1ccccc1)C1CCN(CC2CN(c3ccc(S(=O)(=O)c4ccccc4)cc3)C2)CC1,CNC(=O)O[C@H]1CCC[C@@H]1C(Cn1cccc1)(c1ccccc1)C1CCN(CC2CN(c3ccc(S(=O)(=O)c4ccccc4)cc3)C2)CC1,CNC(=O)O[C@H]1CCC[C@@H]1C(Cn1cccc1)(c1ccccc1)C1CCN(CC2CN(c3ccc(S(=O)(=O)c4ccccc4)cc3)C2)CC1,CNC(=O)O[C@H]1CCC[C@@H]1C(Cn1cccc1)(c1ccccc1)C1CCN(CC2CN(c3ccc(S(=O)(=O)c4ccccc4)cc3)C2)CC1,RGGXIRGKGSGLAE-CVSIUOJSSA-N,RGGXIRGKGSGLAE-CVSIUOJSSA-N,standardized,0.0,False,2.0,strict_exact,exact_point_estimate,high_potency_<=100nM,True,True,IC50,biochemical_binding,False,0.071202104085106,0.3703937395561758,0.25773194432258606,CC(=O)Nc1cccc(N2CCN(CC3CCN(S(=O)(=O)CC4CCCCC4)CC3)CC2)c1,False,low
STR-FB20DDC3426AF551283B,IC50,biochemical_binding,1,2,1,2,1,0,0,7.920818753952375,7.920818753952375,7.920818753952375,12.0,12.0,IC50,1,inhibitory_potency,1,biochemical_binding,1,ChEMBL;PubChem,CHEMBL5753605,Menin,2021,=,CN(C)C(=O)N[C@H]1CCC[C@@H]1C(C#N)(c1ccccc1)C1CCN(CC2CN(c3ccc(S(=O)(=O)c4ccncc4)cc3)C2)CC1,CN(C)C(=O)N[C@H]1CCC[C@@H]1C(C#N)(c1ccccc1)C1CCN(CC2CN(c3ccc(S(=O)(=O)c4ccncc4)cc3)C2)CC1,CN(C)C(=O)N[C@H]1CCC[C@@H]1C(C#N)(c1ccccc1)C1CCN(CC2CN(c3ccc(S(=O)(=O)c4ccncc4)cc3)C2)CC1,CN(C)C(=O)N[C@H]1CCC[C@@H]1C(C#N)(c1ccccc1)C1CCN(CC2CN(c3ccc(S(=O)(=O)c4ccncc4)cc3)C2)CC1,UGIVOZOCAQIGKH-AFLWYUAHSA-N,UGIVOZOCAQIGKH-AFLWYUAHSA-N,standardized,0.0,False,2.0,strict_exact,exact_point_estimate,high_potency_<=100nM,True,True,IC50,biochemical_binding,False,0.201977123299993,0.7258647613140607,0.2574257552623749,CC(=O)Nc1cccc(N2CCN(CC3CCN(S(=O)(=O)CC4CCCCC4)CC3)CC2)c1,False,low
STR-35F6D1EC02194FC314E7,IC50,biochemical_binding,1,2,1,2,1,0,0,7.886056647693163,7.886056647693163,7.886056647693163,13.0,13.0,IC50,1,inhibitory_potency,1,biochemical_binding,1,ChEMBL;PubChem,CHEMBL6022195,Menin,2021,=,CNC(=O)O[C@H]1CCC[C@@H]1C(C#N)(c1ccccc1)C1CCN(CC2CN(c3ccc([N+](=O)[O-])cc3)C2)CC1,CNC(=O)O[C@H]1CCC[C@@H]1C(C#N)(c1ccccc1)C1CCN(CC2CN(c3ccc([N+](=O)[O-])cc3)C2)CC1,CNC(=O)O[C@H]1CCC[C@@H]1C(C#N)(c1ccccc1)C1CCN(CC2CN(c3ccc([N+](=O)[O-])cc3)C2)CC1,CNC(=O)O[C@H]1CCC[C@@H]1C(C#N)(c1ccccc1)C1CCN(CC2CN(c3ccc([N+](=O)[O-])cc3)C2)CC1,QUXGGZVJCJQVBS-SRBHEWTHSA-N,QUXGGZVJCJQVBS-SRBHEWTHSA-N,standardized,0.0,False,2.0,strict_exact,exact_point_estimate,high_potency_<=100nM,True,True,IC50,biochemical_binding,False,0.0219310102090159,0.1521495007882484,0.27272728085517883,COC(=O)C1=C(C)NC(C)=C(C(=O)NC[C@H]2CCN(CCc3ccc(C(F)(F)F)cc3)C2)C1c1cccc([N+](=O)[O-])c1,True,low
STR-6ADE38C213CBA2CBB7F0,IC50,biochemical_binding,1,1,0,1,1,0,0,7.886056647693163,7.886056647693163,7.886056647693163,13.0,13.0,IC50,1,inhibitory_potency,1,biochemical_binding,1,ChEMBL,CHEMBL4207749,Menin,2018,=,Cc1c(CN2CCC(Nc3ncnc4sc(CC(F)(F)F)cc34)CC2)ccc2c1cc(C#N)n2CCN1CCN(S(C)(=O)=O)CC1,Cc1c(CN2CCC(Nc3ncnc4sc(CC(F)(F)F)cc34)CC2)ccc2c1cc(C#N)n2CCN1CCN(S(C)(=O)=O)CC1,Cc1c(CN2CCC(Nc3ncnc4sc(CC(F)(F)F)cc34)CC2)ccc2c1cc(C#N)n2CCN1CCN(S(C)(=O)=O)CC1,Cc1c(CN2CCC(Nc3ncnc4sc(CC(F)(F)F)cc34)CC2)ccc2c1cc(C#N)n2CCN1CCN(S(C)(=O)=O)CC1,GFNBNCRQFXZWQL-UHFFFAOYSA-N,GFNBNCRQFXZWQL-UHFFFAOYSA-N,standardized,0.0,False,2.0,strict_exact,exact_point_estimate,high_potency_<=100nM,True,True,IC50,biochemical_binding,False,0.9524688232895878,0.2758155330146271,0.2929292917251587,FC(F)(F)c1ccc(C(F)(F)CN2CCC(Nc3ncnc4[nH]ncc34)CC2)cc1,True,high
STR-85CC09FA46180DEFBF79,IC50,biochemical_binding,1,2,1,2,1,0,0,7.886056647693163,7.886056647693163,7.886056647693163,13.0,13.0,IC50,1,inhibitory_potency,1,biochemical_binding,1,ChEMBL;PubChem,CHEMBL5993949,Menin,2021,=,CC(=O)O[C@H]1CCC[C@@H]1C(C#N)(c1cccc(F)c1)C1CCN(CC2CN(c3ccc(S(=O)(=O)c4ccccc4)cc3)C2)CC1,CC(=O)O[C@H]1CCC[C@@H]1C(C#N)(c1cccc(F)c1)C1CCN(CC2CN(c3ccc(S(=O)(=O)c4ccccc4)cc3)C2)CC1,CC(=O)O[C@H]1CCC[C@@H]1C(C#N)(c1cccc(F)c1)C1CCN(CC2CN(c3ccc(S(=O)(=O)c4ccccc4)cc3)C2)CC1,CC(=O)O[C@H]1CCC[C@@H]1C(C#N)(c1cccc(F)c1)C1CCN(CC2CN(c3ccc(S(=O)(=O)c4ccccc4)cc3)C2)CC1,ZSXCXYOKSWOXBU-VNIGXCIGSA-N,ZSXCXYOKSWOXBU-VNIGXCIGSA-N,standardized,0.0,False,2.0,strict_exact,exact_point_estimate,high_potency_<=100nM,True,True,IC50,biochemical_binding,False,0.277944497474834,0.8526349037595388,0.27000001072883606,CC(=O)Nc1cccc(N2CCN(CC3CCN(S(=O)(=O)CC4CCCCC4)CC3)CC2)c1,True,low
STR-990002F6D026479B6DCF,IC50,biochemical_binding,1,1,0,1,1,0,0,7.886056647693163,7.886056647693163,7.886056647693163,13.0,13.0,IC50,1,inhibitory_potency,1,biochemical_binding,1,ChEMBL,CHEMBL4204254,Menin,2018,=,Cc1c(CN2CCC(Nc3ncnc4sc(CC(F)(F)F)cc34)CC2)ccc2c1cc(C#N)n2CCN1CCN(C=O)CC1,Cc1c(CN2CCC(Nc3ncnc4sc(CC(F)(F)F)cc34)CC2)ccc2c1cc(C#N)n2CCN1CCN(C=O)CC1,Cc1c(CN2CCC(Nc3ncnc4sc(CC(F)(F)F)cc34)CC2)ccc2c1cc(C#N)n2CCN1CCN(C=O)CC1,Cc1c(CN2CCC(Nc3ncnc4sc(CC(F)(F)F)cc34)CC2)ccc2c1cc(C#N)n2CCN1CCN(C=O)CC1,QIXLMPUFBHHRPK-UHFFFAOYSA-N,QIXLMPUFBHHRPK-UHFFFAOYSA-N,standardized,0.0,False,2.0,strict_exact,exact_point_estimate,high_potency_<=100nM,True,True,IC50,biochemical_binding,False,0.9728673237623456,0.17980195963000778,0.2989690601825714,FC(F)(F)c1ccc(C(F)(F)CN2CCC(Nc3ncnc4[nH]ncc34)CC2)cc1,True,high
STR-B41E25A7E7B38A28FF65,IC50,biochemical_binding,1,2,1,2,1,0,0,7.886056647693163,7.886056647693163,7.886056647693163,13.0,13.0,IC50,1,inhibitory_potency,1,biochemical_binding,1,ChEMBL;PubChem,CHEMBL5805666,Menin,2021,=,CC(=O)N[C@H]1CCC[C@@H]1C(Cn1ccnc1)(c1ccccc1)C1CCN(CC2CN(c3ccc(S(=O)(=O)c4ccccc4)cc3)C2)CC1,CC(=O)N[C@H]1CCC[C@@H]1C(Cn1ccnc1)(c1ccccc1)C1CCN(CC2CN(c3ccc(S(=O)(=O)c4ccccc4)cc3)C2)CC1,CC(=O)N[C@H]1CCC[C@@H]1C(Cn1ccnc1)(c1ccccc1)C1CCN(CC2CN(c3ccc(S(=O)(=O)c4ccccc4)cc3)C2)CC1,CC(=O)N[C@H]1CCC[C@@H]1C(Cn1ccnc1)(c1ccccc1)C1CCN(CC2CN(c3ccc(S(=O)(=O)c4ccccc4)cc3)C2)CC1,CHJSQAHWDJNCHV-QZMHTSLDSA-N,CHJSQAHWDJNCHV-QZMHTSLDSA-N,standardized,0.0,False,2.0,strict_exact,exact_point_estimate,high_potency_<=100nM,True,True,IC50,biochemical_binding,False,0.12238779257449088,0.5361857751786675,0.27272728085517883,CC(=O)Nc1cccc(N2CCN(CC3CCN(S(=O)(=O)CC4CCCCC4)CC3)CC2)c1,True,low
STR-CFD47A4A9C12D7F7E3C6,IC50,biochemical_binding,1,1,0,1,1,0,0,7.886056647693163,7.886056647693163,7.886056647693163,13.0,13.0,IC50,1,inhibitory_potency,1,biochemical_binding,1,ChEMBL,CHEMBL4207527,Menin,2018,=,Cc1c(CN2CCC(Nc3ncnc4sc(CC(F)(F)F)cc34)CC2)ccc2c1cc(C#N)n2CCN1CCN(C)CC1,Cc1c(CN2CCC(Nc3ncnc4sc(CC(F)(F)F)cc34)CC2)ccc2c1cc(C#N)n2CCN1CCN(C)CC1,Cc1c(CN2CCC(Nc3ncnc4sc(CC(F)(F)F)cc34)CC2)ccc2c1cc(C#N)n2CCN1CCN(C)CC1,Cc1c(CN2CCC(Nc3ncnc4sc(CC(F)(F)F)cc34)CC2)ccc2c1cc(C#N)n2CCN1CCN(C)CC1,OSDOKPSDDMWTPM-UHFFFAOYSA-N,OSDOKPSDDMWTPM-UHFFFAOYSA-N,standardized,0.0,False,2.0,strict_exact,exact_point_estimate,high_potency_<=100nM,True,True,IC50,biochemical_binding,False,0.9805132600982674,0.13854895836185857,0.31182795763015747,FC(F)(F)c1ccc(C(F)(F)CN2CCC(Nc3ncnc4[nH]ncc34)CC2)cc1,True,high
STR-5D9D18A659624B9D4D9E,IC50,biochemical_binding,2,3,1,2,2,0,0,7.860623199523586,8.0,7.721246399047171,14.5,10.0,IC50,1,inhibitory_potency,1,biochemical_binding,1,ChEMBL;PubChem,CHEMBL4578509,Menin,2019;2021,=,O=S(=O)(c1ccc(N2CC(CN3CCC(C4(C5CCCC5)NCCc5ccccc54)CC3)C2)cc1)C1CCCCC1,O=S(=O)(c1ccc(N2CC(CN3CCC(C4(C5CCCC5)NCCc5ccccc54)CC3)C2)cc1)C1CCCCC1,O=S(=O)(c1ccc(N2CC(CN3CCC(C4(C5CCCC5)NCCc5ccccc54)CC3)C2)cc1)C1CCCCC1,O=S(=O)(c1ccc(N2CC(CN3CCC(C4(C5CCCC5)NCCc5ccccc54)CC3)C2)cc1)C1CCCCC1,DHTUDUJUVDDGLA-UHFFFAOYSA-N,DHTUDUJUVDDGLA-UHFFFAOYSA-N,standardized,0.2787536009528288,False,2.0,strict_exact,exact_point_estimate,high_potency_<=100nM,True,True,IC50,biochemical_binding,False,0.9917489450516882,0.06896175966223073,0.25555557012557983,CC(=O)Nc1cccc(N2CCN(CC3CCN(S(=O)(=O)CC4CCCCC4)CC3)CC2)c1,False,high
STR-09808CFD40E7489BA72B,IC50,biochemical_binding,1,2,1,2,1,0,0,7.853871964321762,7.853871964321762,7.853871964321762,14.0,14.0,IC50,1,inhibitory_potency,1,biochemical_binding,1,ChEMBL;PubChem,CHEMBL5948781,Menin,2021,=,N#CC(c1ccccc1)(C1CCN(CC2CN(c3ccc(S(=O)(=O)c4ccccc4)cc3)C2)CC1)[C@H]1CCC[C@@H]1OC(N)=O,N#CC(c1ccccc1)(C1CCN(CC2CN(c3ccc(S(=O)(=O)c4ccccc4)cc3)C2)CC1)[C@H]1CCC[C@@H]1OC(N)=O,N#CC(c1ccccc1)(C1CCN(CC2CN(c3ccc(S(=O)(=O)c4ccccc4)cc3)C2)CC1)[C@H]1CCC[C@@H]1OC(N)=O,N#CC(c1ccccc1)(C1CCN(CC2CN(c3ccc(S(=O)(=O)c4ccccc4)cc3)C2)CC1)[C@H]1CCC[C@@H]1OC(N)=O,XOTPULAWZVCKSJ-HEVKVOQNSA-N,XOTPULAWZVCKSJ-HEVKVOQNSA-N,standardized,0.0,False,2.0,strict_exact,exact_point_estimate,high_potency_<=100nM,True,True,IC50,biochemical_binding,False,0.29428482894282915,0.8741921074983636,0.27173912525177,NC(=O)C(c1ccccc1)(c1ccccc1)[C@@H]1CCN(CCc2ccc3c(c2)CCO3)C1,True,low
STR-0C1A3C79DDA24756CB7A,IC50,biochemical_binding,1,2,1,2,1,0,0,7.853871964321762,7.853871964321762,7.853871964321762,14.0,14.0,IC50,1,inhibitory_potency,1,biochemical_binding,1,ChEMBL;PubChem,CHEMBL6012114,Menin,2021,=,COC(=O)N[C@H]1CCC[C@@H]1C(C#N)(c1ccccc1)C1CCN(CC2CN(c3ccc(S(=O)(=O)c4ccccc4)cc3)C2)CC1,COC(=O)N[C@H]1CCC[C@@H]1C(C#N)(c1ccccc1)C1CCN(CC2CN(c3ccc(S(=O)(=O)c4ccccc4)cc3)C2)CC1,COC(=O)N[C@H]1CCC[C@@H]1C(C#N)(c1ccccc1)C1CCN(CC2CN(c3ccc(S(=O)(=O)c4ccccc4)cc3)C2)CC1,COC(=O)N[C@H]1CCC[C@@H]1C(C#N)(c1ccccc1)C1CCN(CC2CN(c3ccc(S(=O)(=O)c4ccccc4)cc3)C2)CC1,NIKCFGNIXVGTAN-AFLWYUAHSA-N,NIKCFGNIXVGTAN-AFLWYUAHSA-N,standardized,0.0,False,2.0,strict_exact,exact_point_estimate,high_potency_<=100nM,True,True,IC50,biochemical_binding,False,0.5038164827672542,0.9999579723251821,0.2604166567325592,CC(=O)Nc1cccc(N2CCN(CC3CCN(S(=O)(=O)CC4CCCCC4)CC3)CC2)c1,True,medium
STR-3941BFA7C86C7BEE8530,IC50,biochemical_binding,1,2,1,2,1,0,0,7.853871964321762,7.853871964321762,7.853871964321762,14.0,14.0,IC50,1,inhibitory_potency,1,biochemical_binding,1,ChEMBL;PubChem,CHEMBL6054581,Menin,2021,=,CNC(=O)O[C@H]1CCC[C@@H]1C(C#N)(c1ccccc1)C1CCN(CC2CN(c3ccc(S(=O)(=O)C4CC4)cc3)C2)CC1,CNC(=O)O[C@H]1CCC[C@@H]1C(C#N)(c1ccccc1)C1CCN(CC2CN(c3ccc(S(=O)(=O)C4CC4)cc3)C2)CC1,CNC(=O)O[C@H]1CCC[C@@H]1C(C#N)(c1ccccc1)C1CCN(CC2CN(c3ccc(S(=O)(=O)C4CC4)cc3)C2)CC1,CNC(=O)O[C@H]1CCC[C@@H]1C(C#N)(c1ccccc1)C1CCN(CC2CN(c3ccc(S(=O)(=O)C4CC4)cc3)C2)CC1,CREKPRIJPIEMSU-KZNDPDLVSA-N,CREKPRIJPIEMSU-KZNDPDLVSA-N,standardized,0.0,False,2.0,strict_exact,exact_point_estimate,high_potency_<=100nM,True,True,IC50,biochemical_binding,False,0.20779046886820612,0.7372380197523085,0.25773194432258606,CC(=O)Nc1cccc(N2CCN(CC3CCN(S(=O)(=O)CC4CCCCC4)CC3)CC2)c1,False,low
STR-F4FB2C42DC3E185E6101,IC50,biochemical_binding,1,1,0,1,1,0,0,7.853871964321762,7.853871964321762,7.853871964321762,14.0,14.0,IC50,1,inhibitory_potency,1,biochemical_binding,1,ChEMBL,CHEMBL4209476,Menin,2018,=,Cc1c(CN2CCC(Nc3ncnc4sc(CC(F)(F)F)cc34)CC2)ccc2c1cc(C#N)n2CCC1CCNCC1,Cc1c(CN2CCC(Nc3ncnc4sc(CC(F)(F)F)cc34)CC2)ccc2c1cc(C#N)n2CCC1CCNCC1,Cc1c(CN2CCC(Nc3ncnc4sc(CC(F)(F)F)cc34)CC2)ccc2c1cc(C#N)n2CCC1CCNCC1,Cc1c(CN2CCC(Nc3ncnc4sc(CC(F)(F)F)cc34)CC2)ccc2c1cc(C#N)n2CCC1CCNCC1,IHEGJOXPFIOCCT-UHFFFAOYSA-N,IHEGJOXPFIOCCT-UHFFFAOYSA-N,standardized,0.0,False,2.0,strict_exact,exact_point_estimate,high_potency_<=100nM,True,True,IC50,biochemical_binding,False,0.9964210638565911,0.03423740509511212,0.3020833432674408,FC(F)(F)c1ccc(C(F)(F)CN2CCC(Nc3ncnc4[nH]ncc34)CC2)cc1,True,high
STR-CA5FBB5B185EEEDFCC44,IC50,biochemical_binding,2,4,2,2,2,0,0,7.832773124424534,8.096910013008056,7.568636235841012,17.5,8.0,IC50,1,inhibitory_potency,1,biochemical_binding,1,ChEMBL;PubChem,CHEMBL5788808,Menin,2021,=,CNC(=O)O[C@H]1CCC[C@@H]1C(Cn1ccnc1)(c1ccccc1)C1CCN(CC2CN(c3ccc(S(=O)(=O)c4ccc(OC=O)cc4)cc3)C2)CC1,CNC(=O)O[C@H]1CCC[C@@H]1C(Cn1ccnc1)(c1ccccc1)C1CCN(CC2CN(c3ccc(S(=O)(=O)c4ccc(OC=O)cc4)cc3)C2)CC1,CNC(=O)O[C@H]1CCC[C@@H]1C(Cn1ccnc1)(c1ccccc1)C1CCN(CC2CN(c3ccc(S(=O)(=O)c4ccc(OC=O)cc4)cc3)C2)CC1,CNC(=O)O[C@H]1CCC[C@@H]1C(Cn1ccnc1)(c1ccccc1)C1CCN(CC2CN(c3ccc(S(=O)(=O)c4ccc(OC=O)cc4)cc3)C2)CC1,SHTSYVJEBIPJBE-CVSIUOJSSA-N,SHTSYVJEBIPJBE-CVSIUOJSSA-N,standardized,0.528273777167044,False,2.0,strict_exact,exact_point_estimate,high_potency_<=100nM,True,True,IC50,biochemical_binding,False,0.008484202152954874,0.07056788497256315,0.2288135588169098,O=C(CC1CCN(Cc2ccn(-c3ccc(C(F)(F)F)cc3)c2)CC1)NC(c1ccccc1)c1ccccn1,False,low
STR-329A1DF49F92EC5C8A64,IC50,biochemical_binding,1,1,0,1,1,0,0,7.832682665251824,7.832682665251824,7.832682665251824,14.7,14.7,IC50,1,inhibitory_potency,1,biochemical_binding,1,ChEMBL,CHEMBL3780822,Menin,2018,=,Cc1c(CN2CCC(Nc3ncnc4sc(CC(F)(F)F)cc34)CC2)ccc2c1cc(C#N)n2Cc1cn[nH]c1,Cc1c(CN2CCC(Nc3ncnc4sc(CC(F)(F)F)cc34)CC2)ccc2c1cc(C#N)n2Cc1cn[nH]c1,Cc1c(CN2CCC(Nc3ncnc4sc(CC(F)(F)F)cc34)CC2)ccc2c1cc(C#N)n2Cc1cn[nH]c1,Cc1c(CN2CCC(Nc3ncnc4sc(CC(F)(F)F)cc34)CC2)ccc2c1cc(C#N)n2Cc1cn[nH]c1,DETOMBLLEOZTMZ-UHFFFAOYSA-N,DETOMBLLEOZTMZ-UHFFFAOYSA-N,standardized,0.0,False,2.0,strict_exact,exact_point_estimate,high_potency_<=100nM,True,True,IC50,biochemical_binding,False,0.979417379105854,0.14469941412071816,0.3297872245311737,FC(F)(F)c1ccc(C(F)(F)CN2CCC(Nc3ncnc4[nH]ncc34)CC2)cc1,True,high
STR-213F84F38B4A2B9413E0,IC50,biochemical_binding,2,3,1,2,2,0,0,7.8278038631574445,7.886056647693163,7.769551078621726,15.0,13.0,IC50,1,inhibitory_potency,1,biochemical_binding,1,ChEMBL;PubChem,CHEMBL4459554,Menin,2019;2021,=,O=S(=O)(c1ccc(N2CC(CN3CCC(C4(C5CCCC5)NCCc5ccccc54)CC3)C2)cc1)C1CCCC1,O=S(=O)(c1ccc(N2CC(CN3CCC(C4(C5CCCC5)NCCc5ccccc54)CC3)C2)cc1)C1CCCC1,O=S(=O)(c1ccc(N2CC(CN3CCC(C4(C5CCCC5)NCCc5ccccc54)CC3)C2)cc1)C1CCCC1,O=S(=O)(c1ccc(N2CC(CN3CCC(C4(C5CCCC5)NCCc5ccccc54)CC3)C2)cc1)C1CCCC1,YPKFPYBBBHEOQJ-UHFFFAOYSA-N,YPKFPYBBBHEOQJ-UHFFFAOYSA-N,standardized,0.1165055690714371,False,2.0,strict_exact,exact_point_estimate,high_potency_<=100nM,True,True,IC50,biochemical_binding,False,0.9872379455030872,0.09859255445121598,0.24444444477558136,CC(=O)Nc1cccc(N2CCN(CC3CCN(S(=O)(=O)CC4CCCCC4)CC3)CC2)c1,False,high
STR-21E735B2891431212E1A,IC50,biochemical_binding,1,2,1,2,1,0,0,7.823908740944319,7.823908740944319,7.823908740944319,15.0,15.0,IC50,1,inhibitory_potency,1,biochemical_binding,1,ChEMBL;PubChem,CHEMBL5914463,Menin,2021,=,CNS(=O)(=O)c1ccc(N2CC(CN3CCC(C4(C5CCCC5)NCCc5c(F)cccc54)CC3)C2)cc1,CNS(=O)(=O)c1ccc(N2CC(CN3CCC(C4(C5CCCC5)NCCc5c(F)cccc54)CC3)C2)cc1,CNS(=O)(=O)c1ccc(N2CC(CN3CCC(C4(C5CCCC5)NCCc5c(F)cccc54)CC3)C2)cc1,CNS(=O)(=O)c1ccc(N2CC(CN3CCC(C4(C5CCCC5)NCCc5c(F)cccc54)CC3)C2)cc1,PQORXHKMGAJELL-UHFFFAOYSA-N,PQORXHKMGAJELL-UHFFFAOYSA-N,standardized,0.0,False,2.0,strict_exact,exact_point_estimate,high_potency_<=100nM,True,True,IC50,biochemical_binding,False,0.3839976954206253,0.9608166039832878,0.2688172161579132,CC(=O)Nc1cccc(N2CCN(CC3CCN(S(=O)(=O)CC4CCCCC4)CC3)CC2)c1,True,medium
STR-3F81C43E4EB08BB5803F,IC50,biochemical_binding,1,2,1,2,1,0,0,7.823908740944319,7.823908740944319,7.823908740944319,15.0,15.0,IC50,1,inhibitory_potency,1,biochemical_binding,1,ChEMBL;PubChem,CHEMBL5746682,Menin,2021,=,COC(=O)N[C@H]1CCC[C@@H]1C(C#N)(c1ccccc1)C1CCN(CC2CN(c3ccc(S(=O)(=O)c4ccc(F)cc4)cc3)C2)CC1,COC(=O)N[C@H]1CCC[C@@H]1C(C#N)(c1ccccc1)C1CCN(CC2CN(c3ccc(S(=O)(=O)c4ccc(F)cc4)cc3)C2)CC1,COC(=O)N[C@H]1CCC[C@@H]1C(C#N)(c1ccccc1)C1CCN(CC2CN(c3ccc(S(=O)(=O)c4ccc(F)cc4)cc3)C2)CC1,COC(=O)N[C@H]1CCC[C@@H]1C(C#N)(c1ccccc1)C1CCN(CC2CN(c3ccc(S(=O)(=O)c4ccc(F)cc4)cc3)C2)CC1,XOGCRWWVODZDSD-AFLWYUAHSA-N,XOGCRWWVODZDSD-AFLWYUAHSA-N,standardized,0.0,False,2.0,strict_exact,exact_point_estimate,high_potency_<=100nM,True,True,IC50,biochemical_binding,False,0.42207759180120363,0.9824085779528927,0.2654867172241211,O=C(N[C@H]1CCN(CC2CCC2)C[C@@H]1C(=O)NC1(c2ncccn2)CC1)c1cc(-c2ccc(F)cc2F)on1,True,medium
STR-64726CEBE1C119AD1032,IC50,biochemical_binding,1,2,1,2,1,0,0,7.823908740944319,7.823908740944319,7.823908740944319,15.0,15.0,IC50,1,inhibitory_potency,1,biochemical_binding,1,ChEMBL;PubChem,CHEMBL6042537,Menin,2021,=,COC(=O)N[C@H]1CCC[C@@H]1C(C#N)(c1ccccc1)C1CCN(CC2CN(c3ccc(S(=O)(=O)c4cnn(C)c4)cc3)C2)CC1,COC(=O)N[C@H]1CCC[C@@H]1C(C#N)(c1ccccc1)C1CCN(CC2CN(c3ccc(S(=O)(=O)c4cnn(C)c4)cc3)C2)CC1,COC(=O)N[C@H]1CCC[C@@H]1C(C#N)(c1ccccc1)C1CCN(CC2CN(c3ccc(S(=O)(=O)c4cnn(C)c4)cc3)C2)CC1,COC(=O)N[C@H]1CCC[C@@H]1C(C#N)(c1ccccc1)C1CCN(CC2CN(c3ccc(S(=O)(=O)c4cnn(C)c4)cc3)C2)CC1,OZNSRDJOBNUWQA-QKZQDKRESA-N,OZNSRDJOBNUWQA-QKZQDKRESA-N,standardized,0.0,False,2.0,strict_exact,exact_point_estimate,high_potency_<=100nM,True,True,IC50,biochemical_binding,False,0.09481752193368996,0.4523488648714441,0.2395833283662796,CC(C)(O)c1ccc(C(O)CCCN2CCC(C(O)(c3ccccc3)c3ccccc3)CC2)cc1,False,low
STR-90EE5A397527C889888A,IC50,biochemical_binding,1,1,0,1,1,0,0,7.823908740944319,7.823908740944319,7.823908740944319,15.0,15.0,IC50,1,inhibitory_potency,1,biochemical_binding,1,ChEMBL,CHEMBL4203695,Menin,2018,=,Cc1c(CN2CCC(Nc3ncnc4sc(CC(F)(F)F)cc34)CC2)ccc2c1cc(C#N)n2CCN1CCNCC1,Cc1c(CN2CCC(Nc3ncnc4sc(CC(F)(F)F)cc34)CC2)ccc2c1cc(C#N)n2CCN1CCNCC1,Cc1c(CN2CCC(Nc3ncnc4sc(CC(F)(F)F)cc34)CC2)ccc2c1cc(C#N)n2CCN1CCNCC1,Cc1c(CN2CCC(Nc3ncnc4sc(CC(F)(F)F)cc34)CC2)ccc2c1cc(C#N)n2CCN1CCNCC1,MRTDAGRWCGGOBC-UHFFFAOYSA-N,MRTDAGRWCGGOBC-UHFFFAOYSA-N,standardized,0.0,False,2.0,strict_exact,exact_point_estimate,high_potency_<=100nM,True,True,IC50,biochemical_binding,False,0.9878754258321517,0.09456968471135196,0.3052631616592407,FC(F)(F)c1ccc(C(F)(F)CN2CCC(Nc3ncnc4[nH]ncc34)CC2)cc1,True,high
STR-AF889682F3260AB0C490,IC50,biochemical_binding,1,2,1,2,1,0,0,7.823908740944319,7.823908740944319,7.823908740944319,15.0,15.0,IC50,1,inhibitory_potency,1,biochemical_binding,1,ChEMBL;PubChem,CHEMBL5837749,Menin,2021,=,CCN1Cc2ccccc2C(C2CCCC2)(C2CCN(CC3CN(c4ccc(S(=O)(=O)C(F)(F)F)cc4)C3)CC2)C1,CCN1Cc2ccccc2C(C2CCCC2)(C2CCN(CC3CN(c4ccc(S(=O)(=O)C(F)(F)F)cc4)C3)CC2)C1,CCN1Cc2ccccc2C(C2CCCC2)(C2CCN(CC3CN(c4ccc(S(=O)(=O)C(F)(F)F)cc4)C3)CC2)C1,CCN1Cc2ccccc2C(C2CCCC2)(C2CCN(CC3CN(c4ccc(S(=O)(=O)C(F)(F)F)cc4)C3)CC2)C1,SFOWJWXXSKLQPR-UHFFFAOYSA-N,SFOWJWXXSKLQPR-UHFFFAOYSA-N,standardized,0.0,False,2.0,strict_exact,exact_point_estimate,high_potency_<=100nM,True,True,IC50,biochemical_binding,False,0.9082734031380241,0.4422068653140527,0.2526315748691559,CCOC(=O)N1CCC(CN2CCC3(CC2)CN(S(C)(=O)=O)c2ncccc23)CC1,False,high
STR-FF3501C24AF8F8557BD2,IC50,biochemical_binding,1,2,1,2,1,0,0,7.823908740944319,7.823908740944319,7.823908740944319,15.0,15.0,IC50,1,inhibitory_potency,1,biochemical_binding,1,ChEMBL;PubChem,CHEMBL5913912,Menin,2021,=,COC(=O)N[C@H]1CCC[C@@H]1C(C#N)(c1ccccc1)C1CCN(CC2CN(c3ccc(S(=O)(=O)c4ccc(C(=O)O)cc4)cc3)C2)CC1,COC(=O)N[C@H]1CCC[C@@H]1C(C#N)(c1ccccc1)C1CCN(CC2CN(c3ccc(S(=O)(=O)c4ccc(C(=O)O)cc4)cc3)C2)CC1,COC(=O)N[C@H]1CCC[C@@H]1C(C#N)(c1ccccc1)C1CCN(CC2CN(c3ccc(S(=O)(=O)c4ccc(C(=O)O)cc4)cc3)C2)CC1,COC(=O)N[C@H]1CCC[C@@H]1C(C#N)(c1ccccc1)C1CCN(CC2CN(c3ccc(S(=O)(=O)c4ccc(C(=O)O)cc4)cc3)C2)CC1,YYRTZOYRPFJVQM-JWTXWEFBSA-N,YYRTZOYRPFJVQM-JWTXWEFBSA-N,standardized,0.0,False,2.0,strict_exact,exact_point_estimate,high_potency_<=100nM,True,True,IC50,biochemical_binding,False,0.0482953511918777,0.27911112048934333,0.25,CC(=O)Nc1cccc(N2CCN(CC3CCN(S(=O)(=O)CC4CCCCC4)CC3)CC2)c1,False,low
STR-718AB1E455060CA519A1,IC50,biochemical_binding,2,3,1,2,2,0,0,7.809894379144197,7.920818753952375,7.698970004336019,16.0,12.0,IC50,1,inhibitory_potency,1,biochemical_binding,1,ChEMBL;PubChem,CHEMBL4436641,Menin,2019;2021,=,O=S(=O)(c1ccccc1)c1ccc(N2CC(CN3CCC(C4(C5CCCC5)NCCc5ccccc54)CC3)C2)cc1,O=S(=O)(c1ccccc1)c1ccc(N2CC(CN3CCC(C4(C5CCCC5)NCCc5ccccc54)CC3)C2)cc1,O=S(=O)(c1ccccc1)c1ccc(N2CC(CN3CCC(C4(C5CCCC5)NCCc5ccccc54)CC3)C2)cc1,O=S(=O)(c1ccccc1)c1ccc(N2CC(CN3CCC(C4(C5CCCC5)NCCc5ccccc54)CC3)C2)cc1,ISZGYKMIFCDSET-UHFFFAOYSA-N,ISZGYKMIFCDSET-UHFFFAOYSA-N,standardized,0.2218487496163561,False,2.0,strict_exact,exact_point_estimate,high_potency_<=100nM,True,True,IC50,biochemical_binding,False,0.910100713774019,0.43613355824711103,0.24719101190567017,CC(=O)Nc1cccc(N2CCN(CC3CCN(S(=O)(=O)CC4CCCCC4)CC3)CC2)c1,False,high
STR-972288F8D4D50B5E44FE,IC50,biochemical_binding,2,3,1,2,2,0,0,7.796729909783022,7.823908740944319,7.769551078621726,16.0,15.0,IC50,1,inhibitory_potency,1,biochemical_binding,1,ChEMBL;PubChem,CHEMBL4476073,Menin,2019;2021,=,O=S(=O)(c1ccncc1)c1ccc(N2CC(CN3CCC(C4(C5CCCC5)NCCc5ccccc54)CC3)C2)cc1,O=S(=O)(c1ccncc1)c1ccc(N2CC(CN3CCC(C4(C5CCCC5)NCCc5ccccc54)CC3)C2)cc1,O=S(=O)(c1ccncc1)c1ccc(N2CC(CN3CCC(C4(C5CCCC5)NCCc5ccccc54)CC3)C2)cc1,O=S(=O)(c1ccncc1)c1ccc(N2CC(CN3CCC(C4(C5CCCC5)NCCc5ccccc54)CC3)C2)cc1,NIMLAJOQSRTWMK-UHFFFAOYSA-N,NIMLAJOQSRTWMK-UHFFFAOYSA-N,standardized,0.0543576623225927,False,2.0,strict_exact,exact_point_estimate,high_potency_<=100nM,True,True,IC50,biochemical_binding,False,0.7859188146645278,0.7492116947930034,0.25531914830207825,CCOC(=O)N1CCC(CN2CCC3(CC2)CN(S(C)(=O)=O)c2ncccc23)CC1,False,high
STR-07E4D9678C4B52D2093A,IC50,biochemical_binding,1,2,1,2,1,0,0,7.795880017344075,7.795880017344075,7.795880017344075,16.0,16.0,IC50,1,inhibitory_potency,1,biochemical_binding,1,ChEMBL;PubChem,CHEMBL5891635,Menin,2021,=,COC(=O)N[C@H]1CCC[C@@H]1C(C#N)(c1ccccc1)C1CCN(CC2CN(c3ccc(S(=O)(=O)C4CC4)cc3Cl)C2)CC1,COC(=O)N[C@H]1CCC[C@@H]1C(C#N)(c1ccccc1)C1CCN(CC2CN(c3ccc(S(=O)(=O)C4CC4)cc3Cl)C2)CC1,COC(=O)N[C@H]1CCC[C@@H]1C(C#N)(c1ccccc1)C1CCN(CC2CN(c3ccc(S(=O)(=O)C4CC4)cc3Cl)C2)CC1,COC(=O)N[C@H]1CCC[C@@H]1C(C#N)(c1ccccc1)C1CCN(CC2CN(c3ccc(S(=O)(=O)C4CC4)cc3Cl)C2)CC1,LXYYNMMNGAQDRJ-WIIQMBFNSA-N,LXYYNMMNGAQDRJ-WIIQMBFNSA-N,standardized,0.0,False,2.0,strict_exact,exact_point_estimate,high_potency_<=100nM,True,True,IC50,biochemical_binding,False,0.6995629877702493,0.8818244438372422,0.24752475321292877,O=C(NS(=O)(=O)c1ccccc1)N1CCC(N2CCC(Oc3ccc(Cl)c(Cl)c3)CC2)CC1,False,medium
STR-73C51163FC18BDBC72DE,IC50,biochemical_binding,1,2,1,2,1,0,0,7.795880017344075,7.795880017344075,7.795880017344075,16.0,16.0,IC50,1,inhibitory_potency,1,biochemical_binding,1,ChEMBL;PubChem,CHEMBL5790769,Menin,2021,=,CCN1Cc2ccccc2C(C2CCCC2)(C2CCN(CC3CN(c4ccc(S(=O)(=O)c5ccnc(C(F)(F)F)c5)cc4)C3)CC2)C1,CCN1Cc2ccccc2C(C2CCCC2)(C2CCN(CC3CN(c4ccc(S(=O)(=O)c5ccnc(C(F)(F)F)c5)cc4)C3)CC2)C1,CCN1Cc2ccccc2C(C2CCCC2)(C2CCN(CC3CN(c4ccc(S(=O)(=O)c5ccnc(C(F)(F)F)c5)cc4)C3)CC2)C1,CCN1Cc2ccccc2C(C2CCCC2)(C2CCN(CC3CN(c4ccc(S(=O)(=O)c5ccnc(C(F)(F)F)c5)cc4)C3)CC2)C1,RKRWOWLAPWCTTQ-UHFFFAOYSA-N,RKRWOWLAPWCTTQ-UHFFFAOYSA-N,standardized,0.0,False,2.0,strict_exact,exact_point_estimate,high_potency_<=100nM,True,True,IC50,biochemical_binding,False,0.8055999875372462,0.7105857313837691,0.2647058963775635,CCOC(=O)N1CCC(CN2CCC3(CC2)CN(S(C)(=O)=O)c2ncccc23)CC1,True,high
STR-8A96AEE3549DB26F33DD,IC50,biochemical_binding,1,2,1,2,1,0,0,7.795880017344075,7.795880017344075,7.795880017344075,16.0,16.0,IC50,1,inhibitory_potency,1,biochemical_binding,1,ChEMBL;PubChem,CHEMBL5918038,Menin,2021,=,CC(=O)O[C@H]1CCC[C@@H]1C(C#N)(c1cccc(F)c1)C1CCN(CC2CN(c3ccc(C#N)cc3)C2)CC1,CC(=O)O[C@H]1CCC[C@@H]1C(C#N)(c1cccc(F)c1)C1CCN(CC2CN(c3ccc(C#N)cc3)C2)CC1,CC(=O)O[C@H]1CCC[C@@H]1C(C#N)(c1cccc(F)c1)C1CCN(CC2CN(c3ccc(C#N)cc3)C2)CC1,CC(=O)O[C@H]1CCC[C@@H]1C(C#N)(c1cccc(F)c1)C1CCN(CC2CN(c3ccc(C#N)cc3)C2)CC1,KXPSUXIZTPMMPF-XPZBDPFPSA-N,KXPSUXIZTPMMPF-XPZBDPFPSA-N,standardized,0.0,False,2.0,strict_exact,exact_point_estimate,high_potency_<=100nM,True,True,IC50,biochemical_binding,False,0.5677364968500018,0.9867203624924062,0.26530611515045166,CC(Oc1ccc(S(C)(=O)=O)cc1C(=O)N1CCN(c2ccc(C#N)cc2)CC1)C(F)(F)F,True,medium
STR-E0F070490CE8D61ABB41,IC50,biochemical_binding,1,2,1,2,1,0,0,7.795880017344075,7.795880017344075,7.795880017344075,16.0,16.0,IC50,1,inhibitory_potency,1,biochemical_binding,1,ChEMBL;PubChem,CHEMBL5864891,Menin,2021,=,CCc1cc(S(=O)(=O)c2ccc(N3CC(CN4CCC(C5(C6CCCC6)CN(CC)Cc6ccccc65)CC4)C3)cc2)ccn1,CCc1cc(S(=O)(=O)c2ccc(N3CC(CN4CCC(C5(C6CCCC6)CN(CC)Cc6ccccc65)CC4)C3)cc2)ccn1,CCc1cc(S(=O)(=O)c2ccc(N3CC(CN4CCC(C5(C6CCCC6)CN(CC)Cc6ccccc65)CC4)C3)cc2)ccn1,CCc1cc(S(=O)(=O)c2ccc(N3CC(CN4CCC(C5(C6CCCC6)CN(CC)Cc6ccccc65)CC4)C3)cc2)ccn1,LKAVMIMTRUVZSB-UHFFFAOYSA-N,LKAVMIMTRUVZSB-UHFFFAOYSA-N,standardized,0.0,False,2.0,strict_exact,exact_point_estimate,high_potency_<=100nM,True,True,IC50,biochemical_binding,False,0.5561899773651323,0.9908706456610473,0.27000001072883606,CCOC(=O)N1CCC(CN2CCC3(CC2)CN(S(C)(=O)=O)c2ncccc23)CC1,True,medium
STR-2E8A075F614E722CE8DF,IC50,biochemical_binding,1,2,1,2,1,0,0,7.769551078621726,7.769551078621726,7.769551078621726,17.0,17.0,IC50,1,inhibitory_potency,1,biochemical_binding,1,ChEMBL;PubChem,CHEMBL5942437,Menin,2021,=,CC(=O)O[C@@H]1CCC[C@H]1C(C#N)(c1ccccc1)C1CCN(CC2CN(c3ccc(S(=O)(=O)c4ccnc(C)c4)cc3)C2)CC1,CC(=O)O[C@@H]1CCC[C@H]1C(C#N)(c1ccccc1)C1CCN(CC2CN(c3ccc(S(=O)(=O)c4ccnc(C)c4)cc3)C2)CC1,CC(=O)O[C@@H]1CCC[C@H]1C(C#N)(c1ccccc1)C1CCN(CC2CN(c3ccc(S(=O)(=O)c4ccnc(C)c4)cc3)C2)CC1,CC(=O)O[C@@H]1CCC[C@H]1C(C#N)(c1ccccc1)C1CCN(CC2CN(c3ccc(S(=O)(=O)c4ccnc(C)c4)cc3)C2)CC1,OIMINFWBWXHPIT-CLDIWPSMSA-N,OIMINFWBWXHPIT-CLDIWPSMSA-N,standardized,0.0,False,2.0,strict_exact,exact_point_estimate,high_potency_<=100nM,True,True,IC50,biochemical_binding,False,0.03135703215908634,0.2011523099736507,0.25242719054222107,CCOC(=O)N1[C@@H]2CC[C@H]1C[C@H](CN1CC[C@H](N3C(=O)Cc4ccccc43)C1)C2,False,low
STR-94C191645BE5B0A1978A,IC50,biochemical_binding,1,2,1,2,1,0,0,7.744727494896693,7.744727494896693,7.744727494896693,18.0,18.0,IC50,1,inhibitory_potency,1,biochemical_binding,1,ChEMBL;PubChem,CHEMBL6045605,Menin,2021,=,N#CC(c1ccccc1)(C1CCN(CC2CN(c3ccc(S(=O)(=O)c4ccncc4)cc3)C2)CC1)[C@H]1CCC[C@@H]1OC(=O)C1CC1,N#CC(c1ccccc1)(C1CCN(CC2CN(c3ccc(S(=O)(=O)c4ccncc4)cc3)C2)CC1)[C@H]1CCC[C@@H]1OC(=O)C1CC1,N#CC(c1ccccc1)(C1CCN(CC2CN(c3ccc(S(=O)(=O)c4ccncc4)cc3)C2)CC1)[C@H]1CCC[C@@H]1OC(=O)C1CC1,N#CC(c1ccccc1)(C1CCN(CC2CN(c3ccc(S(=O)(=O)c4ccncc4)cc3)C2)CC1)[C@H]1CCC[C@@H]1OC(=O)C1CC1,QSXVPAMGQSDCKK-FWBANIIHSA-N,QSXVPAMGQSDCKK-FWBANIIHSA-N,standardized,0.0,False,2.0,strict_exact,exact_point_estimate,high_potency_<=100nM,True,True,IC50,biochemical_binding,False,0.022154307643227296,0.15337125205227395,0.2450980395078659,C[C@@H]1CN(CC2(c3ccncc3)CC2)CCN1S(=O)(=O)c1ccc(C(C)(O)C(F)(F)F)cc1,False,low
STR-9AEB913932F7D1386949,IC50,biochemical_binding,1,1,0,1,1,0,0,7.744727494896693,7.744727494896693,7.744727494896693,18.0,18.0,IC50,1,inhibitory_potency,1,biochemical_binding,1,ChEMBL,CHEMBL4203028,Menin,2018,=,CC(=O)N1CCN(CCn2c(C#N)cc3c(C)c(CN4CCC(Nc5ncnc6sc(CC(F)(F)F)cc56)CC4)ccc32)CC1,CC(=O)N1CCN(CCn2c(C#N)cc3c(C)c(CN4CCC(Nc5ncnc6sc(CC(F)(F)F)cc56)CC4)ccc32)CC1,CC(=O)N1CCN(CCn2c(C#N)cc3c(C)c(CN4CCC(Nc5ncnc6sc(CC(F)(F)F)cc56)CC4)ccc32)CC1,CC(=O)N1CCN(CCn2c(C#N)cc3c(C)c(CN4CCC(Nc5ncnc6sc(CC(F)(F)F)cc56)CC4)ccc32)CC1,DRZKTLWCGNUXSJ-UHFFFAOYSA-N,DRZKTLWCGNUXSJ-UHFFFAOYSA-N,standardized,0.0,False,2.0,strict_exact,exact_point_estimate,high_potency_<=100nM,True,True,IC50,biochemical_binding,False,0.9784569719676111,0.15001869667065842,0.29591837525367737,FC(F)(F)c1ccc(C(F)(F)CN2CCC(Nc3ncnc4[nH]ncc34)CC2)cc1,True,high
STR-E971954B90C3DF1122E8,IC50,biochemical_binding,1,2,1,2,1,0,0,7.744727494896693,7.744727494896693,7.744727494896693,18.0,18.0,IC50,1,inhibitory_potency,1,biochemical_binding,1,ChEMBL;PubChem,CHEMBL5983923,Menin,2021,=,CC(=O)O[C@H]1CCC[C@@H]1C(C#N)(c1ccccc1)C1CCN(CC2CN(c3ccc(S(=O)(=O)C4CC4)cc3)C2)CC1,CC(=O)O[C@H]1CCC[C@@H]1C(C#N)(c1ccccc1)C1CCN(CC2CN(c3ccc(S(=O)(=O)C4CC4)cc3)C2)CC1,CC(=O)O[C@H]1CCC[C@@H]1C(C#N)(c1ccccc1)C1CCN(CC2CN(c3ccc(S(=O)(=O)C4CC4)cc3)C2)CC1,CC(=O)O[C@H]1CCC[C@@H]1C(C#N)(c1ccccc1)C1CCN(CC2CN(c3ccc(S(=O)(=O)C4CC4)cc3)C2)CC1,DUJVKXCQENCSHD-KOPQTXDBSA-N,DUJVKXCQENCSHD-KOPQTXDBSA-N,standardized,0.0,False,2.0,strict_exact,exact_point_estimate,high_potency_<=100nM,True,True,IC50,biochemical_binding,False,0.31025325571405693,0.8934655823113669,0.2631579041481018,CC(=O)Nc1cccc(N2CCN(CC3CCN(S(=O)(=O)CC4CCCCC4)CC3)CC2)c1,True,medium
STR-904EC5EDA40AA8AB23C1,IC50,biochemical_binding,1,1,0,1,1,0,0,7.732828271596986,7.732828271596986,7.732828271596986,18.5,18.5,IC50,1,inhibitory_potency,1,biochemical_binding,1,ChEMBL,CHEMBL2314819,Menin,2013,=,N=C(N)NCCC[C@@H]1NC(=O)C2(CCC2)NC(=O)[C@@H]2CCCN2C(=O)[C@H](Cc2cc(F)cc(F)c2)NC(=O)[C@@H](N)CCCCCCCCNC(=O)[C@@H]2CCCN2C1=O,N=C(N)NCCC[C@@H]1NC(=O)C2(CCC2)NC(=O)[C@@H]2CCCN2C(=O)[C@H](Cc2cc(F)cc(F)c2)NC(=O)[C@@H](N)CCCCCCCCNC(=O)[C@@H]2CCCN2C1=O,N=C(N)NCCC[C@@H]1NC(=O)C2(CCC2)NC(=O)[C@@H]2CCCN2C(=O)[C@H](Cc2cc(F)cc(F)c2)NC(=O)[C@@H](N)CCCCCCCCNC(=O)[C@@H]2CCCN2C1=O,N=C(N)NCCC[C@@H]1NC(=O)C2(CCC2)NC(=O)[C@@H]2CCCN2C(=O)[C@H](Cc2cc(F)cc(F)c2)NC(=O)[C@@H](N)CCCCCCCCNC(=O)[C@@H]2CCCN2C1=O,ZOOBCIOVQOQBKG-XDIGFQIYSA-N,ZOOBCIOVQOQBKG-XDIGFQIYSA-N,standardized,0.0,False,2.0,strict_exact,exact_point_estimate,high_potency_<=100nM,True,True,IC50,biochemical_binding,False,0.006169648663409147,0.05416230509124602,0.1826086938381195,CCN(C(=O)Cc1ccc(S(C)(=O)=O)cc1)C1CCN(CC[C@H](c2ccc(S(C)(=O)=O)cc2)c2cc(F)cc(F)c2)CC1,False,low
STR-DAA31E2085C9B01F8A70,IC50,biochemical_binding,1,2,1,2,1,0,0,7.721246399047171,7.721246399047171,7.721246399047171,19.0,19.0,IC50,1,inhibitory_potency,1,biochemical_binding,1,ChEMBL;PubChem,CHEMBL5939584,Menin,2021,=,CN1Cc2cccc(F)c2C(C2CCCC2)(C2CCN(CC3CN(c4ccc(C#N)cc4)C3)CC2)C1,CN1Cc2cccc(F)c2C(C2CCCC2)(C2CCN(CC3CN(c4ccc(C#N)cc4)C3)CC2)C1,CN1Cc2cccc(F)c2C(C2CCCC2)(C2CCN(CC3CN(c4ccc(C#N)cc4)C3)CC2)C1,CN1Cc2cccc(F)c2C(C2CCCC2)(C2CCN(CC3CN(c4ccc(C#N)cc4)C3)CC2)C1,FZALIIIMFVLAJA-UHFFFAOYSA-N,FZALIIIMFVLAJA-UHFFFAOYSA-N,standardized,0.0,False,2.0,strict_exact,exact_point_estimate,high_potency_<=100nM,True,True,IC50,biochemical_binding,False,0.9333666904614059,0.3532323196940679,0.27586206793785095,C[C@]12CCCC[C@H]1C[C@@H](N1CCC[C@@H](N)C1)[C@@H]2Oc1ccc(C#N)cc1,True,high
STR-06E53FF33324D9B1A44A,IC50,biochemical_binding,1,2,1,2,1,0,0,7.698970004336019,7.698970004336019,7.698970004336019,20.0,20.0,IC50,1,inhibitory_potency,1,biochemical_binding,1,ChEMBL;PubChem,CHEMBL5917864,Menin,2021,=,CNC(=O)O[C@H]1CCC[C@@H]1C(C#N)(c1ccccc1)C1CCN(CCCOc2ccc(C#N)cc2)CC1,CNC(=O)O[C@H]1CCC[C@@H]1C(C#N)(c1ccccc1)C1CCN(CCCOc2ccc(C#N)cc2)CC1,CNC(=O)O[C@H]1CCC[C@@H]1C(C#N)(c1ccccc1)C1CCN(CCCOc2ccc(C#N)cc2)CC1,CNC(=O)O[C@H]1CCC[C@@H]1C(C#N)(c1ccccc1)C1CCN(CCCOc2ccc(C#N)cc2)CC1,CSKBZNRLMHBUOA-SRBHEWTHSA-N,CSKBZNRLMHBUOA-SRBHEWTHSA-N,standardized,0.0,False,2.0,strict_exact,exact_point_estimate,high_potency_<=100nM,True,True,IC50,biochemical_binding,False,0.8601627964702849,0.5838123035300782,0.31506848335266113,c1ccc(-c2ccc(OCCCCCN3CCCCCC3)cc2)cc1,True,high
STR-514E377E1ED7B27533EB,IC50,biochemical_binding,1,1,0,1,1,0,0,7.698970004336019,7.698970004336019,7.698970004336019,20.0,20.0,IC50,1,inhibitory_potency,1,biochemical_binding,1,ChEMBL,CHEMBL4172458,Menin,2018,=,CC(C)(C#N)c1ccc(CN2CCC3(CCN(c4ncnc5sc(CC(F)(F)F)cc45)C3)C2)cc1,CC(C)(C#N)c1ccc(CN2CCC3(CCN(c4ncnc5sc(CC(F)(F)F)cc45)C3)C2)cc1,CC(C)(C#N)c1ccc(CN2CCC3(CCN(c4ncnc5sc(CC(F)(F)F)cc45)C3)C2)cc1,CC(C)(C#N)c1ccc(CN2CCC3(CCN(c4ncnc5sc(CC(F)(F)F)cc45)C3)C2)cc1,MKNCQBLFOVIHEN-UHFFFAOYSA-N,MKNCQBLFOVIHEN-UHFFFAOYSA-N,standardized,0.0,False,2.0,strict_exact,exact_point_estimate,high_potency_<=100nM,True,True,IC50,biochemical_binding,False,0.9967220032331333,0.031774598623446684,0.260869562625885,COC(=O)C1(CNC(=O)c2cc(Cl)cc(Cl)c2)CCN(Cc2ccc(C(F)(F)F)cc2)CC1,True,high
STR-76F421993337A53D2B7F,IC50,biochemical_binding,1,1,0,1,1,0,0,7.698970004336019,7.698970004336019,7.698970004336019,20.0,20.0,IC50,1,inhibitory_potency,1,biochemical_binding,1,ChEMBL,CHEMBL4172162,Menin,2018,=,N#CCc1ccc(CN2CCC3(CCN(c4ncnc5sc(CC(F)(F)F)cc45)C3)C2)cc1,N#CCc1ccc(CN2CCC3(CCN(c4ncnc5sc(CC(F)(F)F)cc45)C3)C2)cc1,N#CCc1ccc(CN2CCC3(CCN(c4ncnc5sc(CC(F)(F)F)cc45)C3)C2)cc1,N#CCc1ccc(CN2CCC3(CCN(c4ncnc5sc(CC(F)(F)F)cc45)C3)C2)cc1,MZDOVPQVPVQMBY-UHFFFAOYSA-N,MZDOVPQVPVQMBY-UHFFFAOYSA-N,standardized,0.0,False,2.0,strict_exact,exact_point_estimate,high_potency_<=100nM,True,True,IC50,biochemical_binding,False,0.9976648320907585,0.023779638905656424,0.2409638613462448,FC(F)(F)Oc1ccc(Oc2ccc(CN3CCC4(CCCCO4)CC3)cc2)cc1,False,high
STR-5F1ACBF53225066503F2,IC50,biochemical_binding,1,2,1,2,1,0,0,7.67778070526608,7.67778070526608,7.67778070526608,21.0,21.0,IC50,1,inhibitory_potency,1,biochemical_binding,1,ChEMBL;PubChem,CHEMBL5849531,Menin,2021,=,Cn1cccc1S(=O)(=O)c1ccc(N2CC(CN3CCC(C4(C5CCCC5)NCCc5ccccc54)CC3)C2)cc1,Cn1cccc1S(=O)(=O)c1ccc(N2CC(CN3CCC(C4(C5CCCC5)NCCc5ccccc54)CC3)C2)cc1,Cn1cccc1S(=O)(=O)c1ccc(N2CC(CN3CCC(C4(C5CCCC5)NCCc5ccccc54)CC3)C2)cc1,Cn1cccc1S(=O)(=O)c1ccc(N2CC(CN3CCC(C4(C5CCCC5)NCCc5ccccc54)CC3)C2)cc1,ITNIKBQIJXRPMK-UHFFFAOYSA-N,ITNIKBQIJXRPMK-UHFFFAOYSA-N,standardized,0.0,False,2.0,strict_exact,exact_point_estimate,high_potency_<=100nM,True,True,IC50,biochemical_binding,False,0.9207811020785729,0.3994209310369316,0.24210526049137115,CC(=O)Nc1cccc(N2CCN(CC3CCN(S(=O)(=O)CC4CCCCC4)CC3)CC2)c1,False,high
STR-6C6AF265A6F8A1F38DBC,IC50,biochemical_binding,1,2,1,2,1,0,0,7.67778070526608,7.67778070526608,7.67778070526608,21.0,21.0,IC50,1,inhibitory_potency,1,biochemical_binding,1,ChEMBL;PubChem,CHEMBL6000399,Menin,2021,=,CCN1Cc2ccccc2C(C2CCCC2)(C2CCN(CC3(C)CN(c4ccc(S(=O)(=O)c5ccncc5)cc4)C3)CC2)C1,CCN1Cc2ccccc2C(C2CCCC2)(C2CCN(CC3(C)CN(c4ccc(S(=O)(=O)c5ccncc5)cc4)C3)CC2)C1,CCN1Cc2ccccc2C(C2CCCC2)(C2CCN(CC3(C)CN(c4ccc(S(=O)(=O)c5ccncc5)cc4)C3)CC2)C1,CCN1Cc2ccccc2C(C2CCCC2)(C2CCN(CC3(C)CN(c4ccc(S(=O)(=O)c5ccncc5)cc4)C3)CC2)C1,ZJXQCBZIYDTIDN-UHFFFAOYSA-N,ZJXQCBZIYDTIDN-UHFFFAOYSA-N,standardized,0.0,False,2.0,strict_exact,exact_point_estimate,high_potency_<=100nM,True,True,IC50,biochemical_binding,False,0.7549758274528737,0.8032959463388446,0.26595744490623474,CCOC(=O)N1CCC(C)(CN2CCC3(CC2)CN(S(C)(=O)=O)c2ncccc23)CC1,True,high
STR-954544D85CBDB0FFCB9B,IC50,biochemical_binding,1,1,0,1,1,0,0,7.67778070526608,7.67778070526608,7.67778070526608,21.0,21.0,IC50,1,inhibitory_potency,1,biochemical_binding,1,ChEMBL,CHEMBL4204241,Menin,2018,=,Cc1c(CN2CCC(Nc3ncnc4sc(CC(F)(F)F)cc34)CC2)ccc2c1cc(C#N)n2CCN1CCN(C(C)C(N)=O)CC1,Cc1c(CN2CCC(Nc3ncnc4sc(CC(F)(F)F)cc34)CC2)ccc2c1cc(C#N)n2CCN1CCN(C(C)C(N)=O)CC1,Cc1c(CN2CCC(Nc3ncnc4sc(CC(F)(F)F)cc34)CC2)ccc2c1cc(C#N)n2CCN1CCN(C(C)C(N)=O)CC1,Cc1c(CN2CCC(Nc3ncnc4sc(CC(F)(F)F)cc34)CC2)ccc2c1cc(C#N)n2CCN1CCN(C(C)C(N)=O)CC1,RLGHLNGUWWFIOV-UHFFFAOYSA-N,RLGHLNGUWWFIOV-UHFFFAOYSA-N,standardized,0.0,False,2.0,strict_exact,exact_point_estimate,high_potency_<=100nM,True,True,IC50,biochemical_binding,False,0.9716361904762394,0.1861188797350662,0.2970297038555145,FC(F)(F)c1ccc(C(F)(F)CN2CCC(Nc3ncnc4[nH]ncc34)CC2)cc1,True,high
STR-452401AF18DD4279C7FE,IC50,biochemical_binding,1,2,1,2,1,0,0,7.657577319177793,7.657577319177793,7.657577319177793,22.0,22.0,IC50,1,inhibitory_potency,1,biochemical_binding,1,ChEMBL;PubChem,CHEMBL6043235,Menin,2021,=,O=S(=O)(c1ccccc1)c1ccc(N2CC(CN3CCC(C(CN4CCCC4)(c4ccccc4)[C@H]4C=CCC4)CC3)C2)cc1,O=S(=O)(c1ccccc1)c1ccc(N2CC(CN3CCC(C(CN4CCCC4)(c4ccccc4)[C@H]4C=CCC4)CC3)C2)cc1,O=S(=O)(c1ccccc1)c1ccc(N2CC(CN3CCC(C(CN4CCCC4)(c4ccccc4)[C@H]4C=CCC4)CC3)C2)cc1,O=S(=O)(c1ccccc1)c1ccc(N2CC(CN3CCC(C(CN4CCCC4)(c4ccccc4)[C@H]4C=CCC4)CC3)C2)cc1,DESSZEFVQVASSD-VGPLUOEVSA-N,DESSZEFVQVASSD-VGPLUOEVSA-N,standardized,0.0,False,2.0,strict_exact,exact_point_estimate,high_potency_<=100nM,True,True,IC50,biochemical_binding,False,0.6479895391816339,0.9358507625832615,0.2469135820865631,CC(C)(O)c1ccc(C(O)CCCN2CCC(C(O)(c3ccccc3)c3ccccc3)CC2)cc1,False,medium
STR-9625696A93C79A8B7AB2,IC50,biochemical_binding,1,1,0,1,1,0,0,7.657577319177793,7.657577319177793,7.657577319177793,22.0,22.0,IC50,1,inhibitory_potency,1,biochemical_binding,1,ChEMBL,CHEMBL4218853,Menin,2018,=,Cc1c(CN2CCC(Nc3ncnc4sc(CC(F)(F)F)cc34)CC2)ccc2c1cc(C#N)n2CCN1CCOCC1,Cc1c(CN2CCC(Nc3ncnc4sc(CC(F)(F)F)cc34)CC2)ccc2c1cc(C#N)n2CCN1CCOCC1,Cc1c(CN2CCC(Nc3ncnc4sc(CC(F)(F)F)cc34)CC2)ccc2c1cc(C#N)n2CCN1CCOCC1,Cc1c(CN2CCC(Nc3ncnc4sc(CC(F)(F)F)cc34)CC2)ccc2c1cc(C#N)n2CCN1CCOCC1,XATXQHDSZYADKX-UHFFFAOYSA-N,XATXQHDSZYADKX-UHFFFAOYSA-N,standardized,0.0,False,2.0,strict_exact,exact_point_estimate,high_potency_<=100nM,True,True,IC50,biochemical_binding,False,0.9789586314436519,0.14724827481874966,0.2978723347187042,FC(F)(F)c1ccc(C(F)(F)CN2CCC(Nc3ncnc4[nH]ncc34)CC2)cc1,True,high
STR-918E0A178CBF8E4B9AE9,IC50,biochemical_binding,1,2,1,2,1,0,0,7.638272163982407,7.638272163982407,7.638272163982407,23.0,23.0,IC50,1,inhibitory_potency,1,biochemical_binding,1,ChEMBL;PubChem,CHEMBL6005434,Menin,2021,=,CCN1Cc2ccccc2C(C2CCCC2)(C2CCN(CC3CN(c4ccc(S(=O)(=O)C5CC5)cc4Cl)C3)CC2)C1,CCN1Cc2ccccc2C(C2CCCC2)(C2CCN(CC3CN(c4ccc(S(=O)(=O)C5CC5)cc4Cl)C3)CC2)C1,CCN1Cc2ccccc2C(C2CCCC2)(C2CCN(CC3CN(c4ccc(S(=O)(=O)C5CC5)cc4Cl)C3)CC2)C1,CCN1Cc2ccccc2C(C2CCCC2)(C2CCN(CC3CN(c4ccc(S(=O)(=O)C5CC5)cc4Cl)C3)CC2)C1,HOCVROCSDJMNCS-UHFFFAOYSA-N,HOCVROCSDJMNCS-UHFFFAOYSA-N,standardized,0.0,False,2.0,strict_exact,exact_point_estimate,high_potency_<=100nM,True,True,IC50,biochemical_binding,False,0.9433127315235553,0.31415176692803554,0.29629629850387573,CCN1C[C@@H]2CCCC[C@]2(c2ccc(Cl)c(Cl)c2)C1,True,high
STR-A59B36009FADA199468E,IC50,biochemical_binding,1,2,1,2,1,0,0,7.638272163982407,7.638272163982407,7.638272163982407,23.0,23.0,IC50,1,inhibitory_potency,1,biochemical_binding,1,ChEMBL;PubChem,CHEMBL5862776,Menin,2021,=,CCN1Cc2ccccc2C(C2CCCC2)(C2CCN(CC3CN(c4ccc(C#N)cc4)C3)CC2)C1,CCN1Cc2ccccc2C(C2CCCC2)(C2CCN(CC3CN(c4ccc(C#N)cc4)C3)CC2)C1,CCN1Cc2ccccc2C(C2CCCC2)(C2CCN(CC3CN(c4ccc(C#N)cc4)C3)CC2)C1,CCN1Cc2ccccc2C(C2CCCC2)(C2CCN(CC3CN(c4ccc(C#N)cc4)C3)CC2)C1,GPOBPWZSBAZTIQ-UHFFFAOYSA-N,GPOBPWZSBAZTIQ-UHFFFAOYSA-N,standardized,0.0,False,2.0,strict_exact,exact_point_estimate,high_potency_<=100nM,True,True,IC50,biochemical_binding,False,0.9358041274654335,0.34388054372431537,0.2705882489681244,C[C@]12CCCC[C@H]1C[C@@H](N1CCC[C@@H](N)C1)[C@@H]2Oc1ccc(C#N)cc1,True,high
STR-B55D3FD73A77678E9E44,IC50,biochemical_binding,2,4,2,2,2,0,0,7.623975776090281,8.301029995663981,6.94692155651658,59.0,5.0,IC50,1,inhibitory_potency,1,biochemical_binding,1,ChEMBL;PubChem,CHEMBL6013737,Menin,2021,=,CC(=O)O[C@H]1CCC[C@@H]1C1(C2CCN(CC3CN(c4ccc(S(=O)(=O)c5ccnc(C)c5)cc4)C3)CC2)CN(C)Cc2ccccc21,CC(=O)O[C@H]1CCC[C@@H]1C1(C2CCN(CC3CN(c4ccc(S(=O)(=O)c5ccnc(C)c5)cc4)C3)CC2)CN(C)Cc2ccccc21,CC(=O)O[C@H]1CCC[C@@H]1C1(C2CCN(CC3CN(c4ccc(S(=O)(=O)c5ccnc(C)c5)cc4)C3)CC2)CN(C)Cc2ccccc21,CC(=O)O[C@H]1CCC[C@@H]1C1(C2CCN(CC3CN(c4ccc(S(=O)(=O)c5ccnc(C)c5)cc4)C3)CC2)CN(C)Cc2ccccc21,QFIDNEUSWHCDJJ-CYQHNISFSA-N,QFIDNEUSWHCDJJ-CYQHNISFSA-N,standardized,1.3541084391474012,False,2.0,strict_exact,exact_point_estimate,high_potency_<=100nM,True,True,IC50,biochemical_binding,False,0.14022753317024406,0.5848343904647235,0.2777777910232544,CCOC(=O)N1CCC(CN2CCC3(CC2)CN(S(C)(=O)=O)c2ncccc23)CC1,True,low
STR-D8C56496AF4C9916F0F3,IC50,biochemical_binding,1,2,1,2,1,0,0,7.619788758288394,7.619788758288394,7.619788758288394,24.0,24.0,IC50,1,inhibitory_potency,1,biochemical_binding,1,ChEMBL;PubChem,CHEMBL5916540,Menin,2021,=,C=CC(=O)N1CC(S(=O)(=O)c2ccc(N3CC(F)(CN4CCC([C@@](C#N)(c5cccc(F)c5)[C@H]5CCC[C@@H]5NC(=O)OC)CC4)C3)cc2)C1,C=CC(=O)N1CC(S(=O)(=O)c2ccc(N3CC(F)(CN4CCC([C@@](C#N)(c5cccc(F)c5)[C@H]5CCC[C@@H]5NC(=O)OC)CC4)C3)cc2)C1,C=CC(=O)N1CC(S(=O)(=O)c2ccc(N3CC(F)(CN4CCC([C@@](C#N)(c5cccc(F)c5)[C@H]5CCC[C@@H]5NC(=O)OC)CC4)C3)cc2)C1,C=CC(=O)N1CC(S(=O)(=O)c2ccc(N3CC(F)(CN4CCC([C@@](C#N)(c5cccc(F)c5)[C@H]5CCC[C@@H]5NC(=O)OC)CC4)C3)cc2)C1,FTPKERXLZSTAPB-QOVAEWSBSA-N,FTPKERXLZSTAPB-QOVAEWSBSA-N,standardized,0.0,False,2.0,strict_exact,exact_point_estimate,high_potency_<=100nM,True,True,IC50,biochemical_binding,False,0.7448174141143413,0.8193894667356045,0.24561403691768646,CC(Oc1ccc(S(C)(=O)=O)cc1C(=O)N1CCN(c2ccc(C#N)cc2)CC1)C(F)(F)F,False,high
STR-1E16751A99CB4CD1A2D3,IC50,biochemical_binding,1,2,1,2,1,0,0,7.602059991327963,7.602059991327963,7.602059991327963,25.0,25.0,IC50,1,inhibitory_potency,1,biochemical_binding,1,ChEMBL;PubChem,CHEMBL4532417,Menin,2019,=,O=S(=O)(c1ccncc1)c1ccc(N2CC(CN3CCC(C4(C5CCCC5)CN(CC5COC5)Cc5ccccc54)CC3)C2)cc1,O=S(=O)(c1ccncc1)c1ccc(N2CC(CN3CCC(C4(C5CCCC5)CN(CC5COC5)Cc5ccccc54)CC3)C2)cc1,O=S(=O)(c1ccncc1)c1ccc(N2CC(CN3CCC(C4(C5CCCC5)CN(CC5COC5)Cc5ccccc54)CC3)C2)cc1,O=S(=O)(c1ccncc1)c1ccc(N2CC(CN3CCC(C4(C5CCCC5)CN(CC5COC5)Cc5ccccc54)CC3)C2)cc1,AUGOJKCHJPNYFD-UHFFFAOYSA-N,AUGOJKCHJPNYFD-UHFFFAOYSA-N,standardized,0.0,False,2.0,strict_exact,exact_point_estimate,high_potency_<=100nM,True,True,IC50,biochemical_binding,False,0.7646190702588473,0.7872741747232594,0.2448979616165161,CCOC(=O)N1CCC(CN2CCC3(CC2)CN(S(C)(=O)=O)c2ncccc23)CC1,False,high
STR-291A8BDD78332CB7AA65,IC50,biochemical_binding,1,1,0,1,1,0,0,7.602059991327963,7.602059991327963,7.602059991327963,25.0,25.0,IC50,1,inhibitory_potency,1,biochemical_binding,1,ChEMBL,CHEMBL2314833,Menin,2013,=,CC(=O)N[C@@H](CCCNC(=N)N)C(=O)N[C@@H](Cc1c[nH]c2ccccc12)C(=O)N[C@H]1CCCCCCCCNC(=O)[C@@H]2CCCN2C(=O)[C@H](CCCNC(=N)N)NC(=O)[C@H](C)NC(=O)[C@@H]2CCCN2C(=O)[C@H](Cc2ccccc2)NC1=O,CC(=O)N[C@@H](CCCNC(=N)N)C(=O)N[C@@H](Cc1c[nH]c2ccccc12)C(=O)N[C@H]1CCCCCCCCNC(=O)[C@@H]2CCCN2C(=O)[C@H](CCCNC(=N)N)NC(=O)[C@H](C)NC(=O)[C@@H]2CCCN2C(=O)[C@H](Cc2ccccc2)NC1=O,CC(=O)N[C@@H](CCCNC(=N)N)C(=O)N[C@@H](Cc1c[nH]c2ccccc12)C(=O)N[C@H]1CCCCCCCCNC(=O)[C@@H]2CCCN2C(=O)[C@H](CCCNC(=N)N)NC(=O)[C@H](C)NC(=O)[C@@H]2CCCN2C(=O)[C@H](Cc2ccccc2)NC1=O,CC(=O)N[C@@H](CCCNC(=N)N)C(=O)N[C@@H](Cc1c[nH]c2ccccc12)C(=O)N[C@H]1CCCCCCCCNC(=O)[C@@H]2CCCN2C(=O)[C@H](CCCNC(=N)N)NC(=O)[C@H](C)NC(=O)[C@@H]2CCCN2C(=O)[C@H](Cc2ccccc2)NC1=O,FOAWDRCVIVPXMZ-YCBHXASOSA-N,FOAWDRCVIVPXMZ-YCBHXASOSA-N,standardized,0.0,False,2.0,strict_exact,exact_point_estimate,high_potency_<=100nM,True,True,IC50,biochemical_binding,False,6.196187017127896e-06,0.00011613438012484197,0.261904776096344,COC(=O)C(Cc1c[nH]c2ccccc12)NS(=O)(=O)c1ccc(OC2CCCC2)cc1,True,low
STR-33ECA7BC02C166AF1729,IC50,biochemical_binding,1,2,1,2,1,0,0,7.602059991327963,7.602059991327963,7.602059991327963,25.0,25.0,IC50,1,inhibitory_potency,1,biochemical_binding,1,ChEMBL;PubChem,CHEMBL4470192,Menin,2019,=,O=S(=O)(c1ccc(N2CC(CN3CCC(C4(C5CCCC5)NCCc5ccccc54)CC3)C2)cc1)C1CC1,O=S(=O)(c1ccc(N2CC(CN3CCC(C4(C5CCCC5)NCCc5ccccc54)CC3)C2)cc1)C1CC1,O=S(=O)(c1ccc(N2CC(CN3CCC(C4(C5CCCC5)NCCc5ccccc54)CC3)C2)cc1)C1CC1,O=S(=O)(c1ccc(N2CC(CN3CCC(C4(C5CCCC5)NCCc5ccccc54)CC3)C2)cc1)C1CC1,MFGCAUCKIOPOOH-UHFFFAOYSA-N,MFGCAUCKIOPOOH-UHFFFAOYSA-N,standardized,0.0,False,2.0,strict_exact,exact_point_estimate,high_potency_<=100nM,True,True,IC50,biochemical_binding,False,0.9718747874381231,0.184900948370895,0.24719101190567017,CC(=O)Nc1cccc(N2CCN(CC3CCN(S(=O)(=O)CC4CCCCC4)CC3)CC2)c1,False,high
STR-55DFB8550CA6D0317DA0,IC50,biochemical_binding,1,1,0,1,1,0,0,7.600326278518962,7.600326278518962,7.600326278518962,25.1,25.1,IC50,1,inhibitory_potency,1,biochemical_binding,1,ChEMBL,CHEMBL2314816,Menin,2013,=,N=C(N)NCCC[C@@H]1NC(=O)C2(CCC2)NC(=O)[C@@H]2CCCN2C(=O)[C@H](Cc2cccc(F)c2)NC(=O)[C@@H](N)CCCCCCCCNC(=O)[C@@H]2CCCN2C1=O,N=C(N)NCCC[C@@H]1NC(=O)C2(CCC2)NC(=O)[C@@H]2CCCN2C(=O)[C@H](Cc2cccc(F)c2)NC(=O)[C@@H](N)CCCCCCCCNC(=O)[C@@H]2CCCN2C1=O,N=C(N)NCCC[C@@H]1NC(=O)C2(CCC2)NC(=O)[C@@H]2CCCN2C(=O)[C@H](Cc2cccc(F)c2)NC(=O)[C@@H](N)CCCCCCCCNC(=O)[C@@H]2CCCN2C1=O,N=C(N)NCCC[C@@H]1NC(=O)C2(CCC2)NC(=O)[C@@H]2CCCN2C(=O)[C@H](Cc2cccc(F)c2)NC(=O)[C@@H](N)CCCCCCCCNC(=O)[C@@H]2CCCN2C1=O,TVAINPANFRVZHB-XDIGFQIYSA-N,TVAINPANFRVZHB-XDIGFQIYSA-N,standardized,0.0,False,2.0,strict_exact,exact_point_estimate,high_potency_<=100nM,True,True,IC50,biochemical_binding,False,0.005881414666314615,0.052039140607091514,0.2222222238779068,CCN1CC2(CCN(CCc3cccc(F)c3)CC2)O[C@H](C)C1=O,False,low
STR-31013D2308E98B54F331,IC50,biochemical_binding,1,1,0,1,1,0,0,7.585026652029182,7.585026652029182,7.585026652029182,26.0,26.0,IC50,1,inhibitory_potency,1,biochemical_binding,1,ChEMBL,CHEMBL4205576,Menin,2018,=,Cc1c(CN2CCC(Nc3ncnc4sc(CC(F)(F)F)cc34)CC2)ccc2c1cc(C#N)n2CCN1CCN(S(N)(=O)=O)CC1,Cc1c(CN2CCC(Nc3ncnc4sc(CC(F)(F)F)cc34)CC2)ccc2c1cc(C#N)n2CCN1CCN(S(N)(=O)=O)CC1,Cc1c(CN2CCC(Nc3ncnc4sc(CC(F)(F)F)cc34)CC2)ccc2c1cc(C#N)n2CCN1CCN(S(N)(=O)=O)CC1,Cc1c(CN2CCC(Nc3ncnc4sc(CC(F)(F)F)cc34)CC2)ccc2c1cc(C#N)n2CCN1CCN(S(N)(=O)=O)CC1,GTWQEKIRVHCBSB-UHFFFAOYSA-N,GTWQEKIRVHCBSB-UHFFFAOYSA-N,standardized,0.0,False,2.0,strict_exact,exact_point_estimate,high_potency_<=100nM,True,True,IC50,biochemical_binding,False,0.7378681272347659,0.8299463879487572,0.30612245202064514,FC(F)(F)c1ccc(C(F)(F)CN2CCC(Nc3ncnc4[nH]ncc34)CC2)cc1,True,high
STR-DE2EA720A2F505856D97,IC50,biochemical_binding,1,2,1,2,1,0,0,7.585026652029182,7.585026652029182,7.585026652029182,26.0,26.0,IC50,1,inhibitory_potency,1,biochemical_binding,1,ChEMBL;PubChem,CHEMBL5790885,Menin,2021,=,N#Cc1ccc(N2CC(CN3CCC(C4(C5CCCC5)CNCc5ccccc54)CC3)C2)cc1,N#Cc1ccc(N2CC(CN3CCC(C4(C5CCCC5)CNCc5ccccc54)CC3)C2)cc1,N#Cc1ccc(N2CC(CN3CCC(C4(C5CCCC5)CNCc5ccccc54)CC3)C2)cc1,N#Cc1ccc(N2CC(CN3CCC(C4(C5CCCC5)CNCc5ccccc54)CC3)C2)cc1,BMLFKOWHMDVPHW-UHFFFAOYSA-N,BMLFKOWHMDVPHW-UHFFFAOYSA-N,standardized,0.0,False,2.0,strict_exact,exact_point_estimate,high_potency_<=100nM,True,True,IC50,biochemical_binding,False,0.9783085682417404,0.15083493916540575,0.2874999940395355,N#Cc1ccc(CCN2CCC(Nc3nc4ccccc4[nH]3)CC2)cc1,True,high
STR-DC0F93BC28332B505B19,IC50,biochemical_binding,2,4,2,2,2,0,0,7.578695380194719,7.619788758288394,7.537602002101044,26.5,24.0,IC50,1,inhibitory_potency,1,biochemical_binding,1,ChEMBL;PubChem,CHEMBL6044980,Menin,2021,=,CCN1Cc2ccccc2C(C2CCCC2)(C2CCN(CC3CN(c4ccc(S(=O)(=O)C5CC5)cc4)C3)C(C)C2)C1,CCN1Cc2ccccc2C(C2CCCC2)(C2CCN(CC3CN(c4ccc(S(=O)(=O)C5CC5)cc4)C3)C(C)C2)C1,CCN1Cc2ccccc2C(C2CCCC2)(C2CCN(CC3CN(c4ccc(S(=O)(=O)C5CC5)cc4)C3)C(C)C2)C1,CCN1Cc2ccccc2C(C2CCCC2)(C2CCN(CC3CN(c4ccc(S(=O)(=O)C5CC5)cc4)C3)C(C)C2)C1,GCMHZWLYRACFCO-UHFFFAOYSA-N,GCMHZWLYRACFCO-UHFFFAOYSA-N,standardized,0.0821867561873492,False,2.0,strict_exact,exact_point_estimate,high_potency_<=100nM,True,True,IC50,biochemical_binding,False,0.9047622069939439,0.4537153575584246,0.23255814611911774,CCN1C[C@@H]2CCCC[C@]2(c2ccc(Cl)c(Cl)c2)C1,False,high
STR-F334A782B734CE96FF39,IC50,biochemical_binding,1,2,1,2,1,0,0,7.568636235841012,7.568636235841012,7.568636235841012,27.0,27.0,IC50,1,inhibitory_potency,1,biochemical_binding,1,ChEMBL;PubChem,CHEMBL5911255,Menin,2021,=,CN1Cc2ccccc2C(C2CCCC2)(C2CCN(CC3CN(c4ccc(C#N)cc4)C3)CC2)C1,CN1Cc2ccccc2C(C2CCCC2)(C2CCN(CC3CN(c4ccc(C#N)cc4)C3)CC2)C1,CN1Cc2ccccc2C(C2CCCC2)(C2CCN(CC3CN(c4ccc(C#N)cc4)C3)CC2)C1,CN1Cc2ccccc2C(C2CCCC2)(C2CCN(CC3CN(c4ccc(C#N)cc4)C3)CC2)C1,VPNOFDLLTBEZPF-UHFFFAOYSA-N,VPNOFDLLTBEZPF-UHFFFAOYSA-N,standardized,0.0,False,2.0,strict_exact,exact_point_estimate,high_potency_<=100nM,True,True,IC50,biochemical_binding,False,0.941039825585545,0.32330329580259615,0.2857142984867096,C[C@]12CCCC[C@H]1C[C@@H](N1CCC[C@@H](N)C1)[C@@H]2Oc1ccc(C#N)cc1,True,high
STR-02EB512B892EF622930F,IC50,biochemical_binding,1,2,1,2,1,0,0,7.552841968657781,7.552841968657781,7.552841968657781,28.0,28.0,IC50,1,inhibitory_potency,1,biochemical_binding,1,ChEMBL;PubChem,CHEMBL5949961,Menin,2021,=,CCN1Cc2ccccc2C(C2CCCC2)(C2CCN(CC3(F)CN(c4ccc(S(=O)(=O)C5CC5)cc4)C3)CC2)C1,CCN1Cc2ccccc2C(C2CCCC2)(C2CCN(CC3(F)CN(c4ccc(S(=O)(=O)C5CC5)cc4)C3)CC2)C1,CCN1Cc2ccccc2C(C2CCCC2)(C2CCN(CC3(F)CN(c4ccc(S(=O)(=O)C5CC5)cc4)C3)CC2)C1,CCN1Cc2ccccc2C(C2CCCC2)(C2CCN(CC3(F)CN(c4ccc(S(=O)(=O)C5CC5)cc4)C3)CC2)C1,JGBNWFJPAJQWHY-UHFFFAOYSA-N,JGBNWFJPAJQWHY-UHFFFAOYSA-N,standardized,0.0,False,2.0,strict_exact,exact_point_estimate,high_potency_<=100nM,True,True,IC50,biochemical_binding,False,0.9330657477400321,0.3543772992876831,0.2380952388048172,FCC[C@@H]1Cc2ccccc2C2(CCC(N3CCN(C4CCCCC4)CC3)CC2)O1,False,high
STR-1CBACEED34B9A4B3A117,IC50,biochemical_binding,1,2,1,2,1,0,0,7.552841968657781,7.552841968657781,7.552841968657781,28.0,28.0,IC50,1,inhibitory_potency,1,biochemical_binding,1,ChEMBL;PubChem,CHEMBL6039278,Menin,2021,=,CCN1Cc2ccccc2C(C2CCCC2)(C2CCN(CC3CN(c4ccc(S(=O)(=O)CC5CC5)cc4)C3)CC2)C1,CCN1Cc2ccccc2C(C2CCCC2)(C2CCN(CC3CN(c4ccc(S(=O)(=O)CC5CC5)cc4)C3)CC2)C1,CCN1Cc2ccccc2C(C2CCCC2)(C2CCN(CC3CN(c4ccc(S(=O)(=O)CC5CC5)cc4)C3)CC2)C1,CCN1Cc2ccccc2C(C2CCCC2)(C2CCN(CC3CN(c4ccc(S(=O)(=O)CC5CC5)cc4)C3)CC2)C1,LIBRUYCXGNFAFG-UHFFFAOYSA-N,LIBRUYCXGNFAFG-UHFFFAOYSA-N,standardized,0.0,False,2.0,strict_exact,exact_point_estimate,high_potency_<=100nM,True,True,IC50,biochemical_binding,False,0.8966944928374035,0.47938707239082534,0.2954545319080353,CC(=O)Nc1cccc(N2CCN(CC3CCN(S(=O)(=O)CC4CCCCC4)CC3)CC2)c1,True,high
STR-818BBE16B70D045AF1C8,IC50,biochemical_binding,1,1,0,1,1,0,0,7.552841968657781,7.552841968657781,7.552841968657781,28.0,28.0,IC50,1,inhibitory_potency,1,biochemical_binding,1,ChEMBL,CHEMBL4208216,Menin,2018,=,Cc1c(CN2CCC(Nc3ncnc4sc(CC(F)(F)F)cc34)CC2)ccc2c1cc(C#N)n2CCC1CNC(=O)CO1,Cc1c(CN2CCC(Nc3ncnc4sc(CC(F)(F)F)cc34)CC2)ccc2c1cc(C#N)n2CCC1CNC(=O)CO1,Cc1c(CN2CCC(Nc3ncnc4sc(CC(F)(F)F)cc34)CC2)ccc2c1cc(C#N)n2CCC1CNC(=O)CO1,Cc1c(CN2CCC(Nc3ncnc4sc(CC(F)(F)F)cc34)CC2)ccc2c1cc(C#N)n2CCC1CNC(=O)CO1,UDGCLXDIPBUBOQ-UHFFFAOYSA-N,UDGCLXDIPBUBOQ-UHFFFAOYSA-N,standardized,0.0,False,2.0,strict_exact,exact_point_estimate,high_potency_<=100nM,True,True,IC50,biochemical_binding,False,0.6440893821320465,0.9392362504746918,0.29411765933036804,FC(F)(F)c1ccc(C(F)(F)CN2CCC(Nc3ncnc4[nH]ncc34)CC2)cc1,True,medium
STR-8DC5EC4D0143F4C7CD6A,IC50,biochemical_binding,1,2,1,2,1,0,0,7.552841968657781,7.552841968657781,7.552841968657781,28.0,28.0,IC50,1,inhibitory_potency,1,biochemical_binding,1,ChEMBL;PubChem,CHEMBL5941222,Menin,2021,=,CNC(=O)O[C@H]1CCC[C@@H]1C(C#N)(c1ccccc1)C1CCN(CC2CN(c3ccc(C(C)(C)C)cc3)C2)CC1,CNC(=O)O[C@H]1CCC[C@@H]1C(C#N)(c1ccccc1)C1CCN(CC2CN(c3ccc(C(C)(C)C)cc3)C2)CC1,CNC(=O)O[C@H]1CCC[C@@H]1C(C#N)(c1ccccc1)C1CCN(CC2CN(c3ccc(C(C)(C)C)cc3)C2)CC1,CNC(=O)O[C@H]1CCC[C@@H]1C(C#N)(c1ccccc1)C1CCN(CC2CN(c3ccc(C(C)(C)C)cc3)C2)CC1,JSUYFSVTAJSTRY-FVVNGJPMSA-N,JSUYFSVTAJSTRY-FVVNGJPMSA-N,standardized,0.0,False,2.0,strict_exact,exact_point_estimate,high_potency_<=100nM,True,True,IC50,biochemical_binding,False,0.3469159693011025,0.931283555410166,0.3333333432674408,CC(C)(C)c1ccc(C(O)CCCN2CCC(C(O)(c3ccccc3)c3ccccc3)CC2)cc1,True,medium
STR-21AE2CAF6E5125C8BCF4,IC50,biochemical_binding,1,2,1,2,1,0,0,7.537602002101044,7.537602002101044,7.537602002101044,29.0,29.0,IC50,1,inhibitory_potency,1,biochemical_binding,1,ChEMBL;PubChem,CHEMBL5849670,Menin,2021,=,COC(=O)N[C@H]1CCC[C@@H]1C(C#N)(c1ccccc1)C1CCN(CC2CN(c3ccc(C#N)cc3)C2)CC1,COC(=O)N[C@H]1CCC[C@@H]1C(C#N)(c1ccccc1)C1CCN(CC2CN(c3ccc(C#N)cc3)C2)CC1,COC(=O)N[C@H]1CCC[C@@H]1C(C#N)(c1ccccc1)C1CCN(CC2CN(c3ccc(C#N)cc3)C2)CC1,COC(=O)N[C@H]1CCC[C@@H]1C(C#N)(c1ccccc1)C1CCN(CC2CN(c3ccc(C#N)cc3)C2)CC1,KBTYQWIXHSZION-MYABOAQRSA-N,KBTYQWIXHSZION-MYABOAQRSA-N,standardized,0.0,False,2.0,strict_exact,exact_point_estimate,high_potency_<=100nM,True,True,IC50,biochemical_binding,False,0.7000649258045473,0.8812115199389557,0.2666666805744171,CC(c1ccc(C#N)cc1)N1C[C@H](N)[C@H](C(=O)N2CCC[C@H]2C#N)C1,True,high
STR-2849978768635A47ED8E,IC50,biochemical_binding,1,2,1,2,1,0,0,7.537602002101044,7.537602002101044,7.537602002101044,29.0,29.0,IC50,1,inhibitory_potency,1,biochemical_binding,1,ChEMBL;PubChem,CHEMBL5824015,Menin,2021,=,Cc1nccn1CC(c1ccccc1)(C1CCCC1)C1CCN(CC2CN(c3ccc(S(=O)(=O)C4CC4)cc3)C2)CC1,Cc1nccn1CC(c1ccccc1)(C1CCCC1)C1CCN(CC2CN(c3ccc(S(=O)(=O)C4CC4)cc3)C2)CC1,Cc1nccn1CC(c1ccccc1)(C1CCCC1)C1CCN(CC2CN(c3ccc(S(=O)(=O)C4CC4)cc3)C2)CC1,Cc1nccn1CC(c1ccccc1)(C1CCCC1)C1CCN(CC2CN(c3ccc(S(=O)(=O)C4CC4)cc3)C2)CC1,WFFUNHHLDBLVAY-UHFFFAOYSA-N,WFFUNHHLDBLVAY-UHFFFAOYSA-N,standardized,0.0,False,2.0,strict_exact,exact_point_estimate,high_potency_<=100nM,True,True,IC50,biochemical_binding,False,0.6424379875278072,0.9406408491904165,0.27906978130340576,Cc1nccn1CC1CCc2c(c3ccccc3n2C)C1=O,True,medium
STR-AB1714536DDACDAFACEC,IC50,biochemical_binding,1,2,1,2,1,0,0,7.537602002101044,7.537602002101044,7.537602002101044,29.0,29.0,IC50,1,inhibitory_potency,1,biochemical_binding,1,ChEMBL;PubChem,CHEMBL5835118,Menin,2021,=,CC(=O)N[C@H]1CCC[C@@H]1C(C#N)(c1ccccc1)C1CCN(CC2CN(c3ccc(S(=O)(=O)C4CC4)cc3)C2)CC1,CC(=O)N[C@H]1CCC[C@@H]1C(C#N)(c1ccccc1)C1CCN(CC2CN(c3ccc(S(=O)(=O)C4CC4)cc3)C2)CC1,CC(=O)N[C@H]1CCC[C@@H]1C(C#N)(c1ccccc1)C1CCN(CC2CN(c3ccc(S(=O)(=O)C4CC4)cc3)C2)CC1,CC(=O)N[C@H]1CCC[C@@H]1C(C#N)(c1ccccc1)C1CCN(CC2CN(c3ccc(S(=O)(=O)C4CC4)cc3)C2)CC1,ZPCGSMFETVJELP-KOPQTXDBSA-N,ZPCGSMFETVJELP-KOPQTXDBSA-N,standardized,0.0,False,2.0,strict_exact,exact_point_estimate,high_potency_<=100nM,True,True,IC50,biochemical_binding,False,0.3873436080626959,0.9630638717616904,0.29032257199287415,CC(=O)Nc1cccc(N2CCN(CC3CCN(S(=O)(=O)CC4CCCCC4)CC3)CC2)c1,True,medium
STR-E6C9DB27889E0D91BF2B,IC50,biochemical_binding,1,1,0,1,1,0,0,7.537602002101044,7.537602002101044,7.537602002101044,29.0,29.0,IC50,1,inhibitory_potency,1,biochemical_binding,1,ChEMBL,CHEMBL4568235,Menin,2019,=,COC(=O)N[C@H]1CCC[C@@H]1[C@](C#N)(c1ccccc1)C1CCN(CC2CN(c3ccc(C#N)cc3)C2)CC1,COC(=O)N[C@H]1CCC[C@@H]1[C@](C#N)(c1ccccc1)C1CCN(CC2CN(c3ccc(C#N)cc3)C2)CC1,COC(=O)N[C@H]1CCC[C@@H]1[C@](C#N)(c1ccccc1)C1CCN(CC2CN(c3ccc(C#N)cc3)C2)CC1,COC(=O)N[C@H]1CCC[C@@H]1[C@](C#N)(c1ccccc1)C1CCN(CC2CN(c3ccc(C#N)cc3)C2)CC1,KBTYQWIXHSZION-GSBZAIBZSA-N,KBTYQWIXHSZION-GSBZAIBZSA-N,standardized,0.0,False,2.0,strict_exact,exact_point_estimate,high_potency_<=100nM,True,True,IC50,biochemical_binding,False,0.7000649258045473,0.8812115199389557,0.2666666805744171,CC(c1ccc(C#N)cc1)N1C[C@H](N)[C@H](C(=O)N2CCC[C@H]2C#N)C1,True,high
STR-56E19E91840D3A01B6A3,IC50,biochemical_binding,1,2,1,2,1,0,0,7.522878745280337,7.522878745280337,7.522878745280337,30.0,30.0,IC50,1,inhibitory_potency,1,biochemical_binding,1,ChEMBL;PubChem,CHEMBL5849676,Menin,2021,=,CCS(=O)(=O)c1ccc(N2CC(CN3CCC(C4(C5CCCC5)CN(C)Cc5ccccc54)CC3)C2)cc1,CCS(=O)(=O)c1ccc(N2CC(CN3CCC(C4(C5CCCC5)CN(C)Cc5ccccc54)CC3)C2)cc1,CCS(=O)(=O)c1ccc(N2CC(CN3CCC(C4(C5CCCC5)CN(C)Cc5ccccc54)CC3)C2)cc1,CCS(=O)(=O)c1ccc(N2CC(CN3CCC(C4(C5CCCC5)CN(C)Cc5ccccc54)CC3)C2)cc1,FXERVTCFHVZAAP-UHFFFAOYSA-N,FXERVTCFHVZAAP-UHFFFAOYSA-N,standardized,0.0,False,2.0,strict_exact,exact_point_estimate,high_potency_<=100nM,True,True,IC50,biochemical_binding,False,0.8879865394106351,0.5059594503594261,0.27272728085517883,CC(=O)Nc1cccc(N2CCN(CC3CCN(S(=O)(=O)CC4CCCCC4)CC3)CC2)c1,True,high
STR-85AF727985BBEB438A71,IC50,biochemical_binding,1,2,1,2,1,0,0,7.522878745280337,7.522878745280337,7.522878745280337,30.0,30.0,IC50,1,inhibitory_potency,1,biochemical_binding,1,ChEMBL;PubChem,CHEMBL5897790,Menin,2021,=,CNC(=O)O[C@H]1CCC[C@@H]1C(C#N)(c1ccccc1)C1CCN(CC2CN(c3ccc(C(F)(F)F)cc3)C2)CC1,CNC(=O)O[C@H]1CCC[C@@H]1C(C#N)(c1ccccc1)C1CCN(CC2CN(c3ccc(C(F)(F)F)cc3)C2)CC1,CNC(=O)O[C@H]1CCC[C@@H]1C(C#N)(c1ccccc1)C1CCN(CC2CN(c3ccc(C(F)(F)F)cc3)C2)CC1,CNC(=O)O[C@H]1CCC[C@@H]1C(C#N)(c1ccccc1)C1CCN(CC2CN(c3ccc(C(F)(F)F)cc3)C2)CC1,QWSJUONIFZYYTB-SRBHEWTHSA-N,QWSJUONIFZYYTB-SRBHEWTHSA-N,standardized,0.0,False,2.0,strict_exact,exact_point_estimate,high_potency_<=100nM,True,True,IC50,biochemical_binding,False,0.47497265742444206,0.9981919288882288,0.32258063554763794,Cn1cccc1CNC(=O)CC1CCN(Cc2ccn(-c3ccc(C(F)(F)F)cc3)c2)CC1,True,medium
STR-86D1B692A1E09C06CB18,IC50,biochemical_binding,1,2,1,2,1,0,0,7.508638306165727,7.508638306165727,7.508638306165727,31.0,31.0,IC50,1,inhibitory_potency,1,biochemical_binding,1,ChEMBL;PubChem,CHEMBL5891216,Menin,2021,=,CC(=O)O[C@H]1CCC[C@@H]1C1(C2CCN(CCCOc3ccc(C#N)cc3)CC2)CN(C)Cc2ccc(F)cc21,CC(=O)O[C@H]1CCC[C@@H]1C1(C2CCN(CCCOc3ccc(C#N)cc3)CC2)CN(C)Cc2ccc(F)cc21,CC(=O)O[C@H]1CCC[C@@H]1C1(C2CCN(CCCOc3ccc(C#N)cc3)CC2)CN(C)Cc2ccc(F)cc21,CC(=O)O[C@H]1CCC[C@@H]1C1(C2CCN(CCCOc3ccc(C#N)cc3)CC2)CN(C)Cc2ccc(F)cc21,IMFGOOMHVAOEIE-AQBAIUPUSA-N,IMFGOOMHVAOEIE-AQBAIUPUSA-N,standardized,0.0,False,2.0,strict_exact,exact_point_estimate,high_potency_<=100nM,True,True,IC50,biochemical_binding,False,0.9953036321704761,0.04308232231222378,0.3333333432674408,O=C(c1ccc(F)cc1F)C1CCN(CCCOc2ccc(-c3nc4ccccc4o3)cc2)CC1,True,high
STR-A1381CEB41898F753D78,IC50,biochemical_binding,1,2,1,2,1,0,0,7.508638306165727,7.508638306165727,7.508638306165727,31.0,31.0,IC50,1,inhibitory_potency,1,biochemical_binding,1,ChEMBL;PubChem,CHEMBL6050552,Menin,2021,=,COC(=O)N[C@H]1CCC[C@@H]1C(C#N)(c1ccccc1)C1CCN(CC2CN(c3ccc(S(=O)(=O)C4CC4)cc3)C2)CC1,COC(=O)N[C@H]1CCC[C@@H]1C(C#N)(c1ccccc1)C1CCN(CC2CN(c3ccc(S(=O)(=O)C4CC4)cc3)C2)CC1,COC(=O)N[C@H]1CCC[C@@H]1C(C#N)(c1ccccc1)C1CCN(CC2CN(c3ccc(S(=O)(=O)C4CC4)cc3)C2)CC1,COC(=O)N[C@H]1CCC[C@@H]1C(C#N)(c1ccccc1)C1CCN(CC2CN(c3ccc(S(=O)(=O)C4CC4)cc3)C2)CC1,ZDFHPRMYCCSWNO-KZNDPDLVSA-N,ZDFHPRMYCCSWNO-KZNDPDLVSA-N,standardized,0.0,False,2.0,strict_exact,exact_point_estimate,high_potency_<=100nM,True,True,IC50,biochemical_binding,False,0.6429548128995672,0.9402031048039137,0.25773194432258606,CC(=O)Nc1cccc(N2CCN(CC3CCN(S(=O)(=O)CC4CCCCC4)CC3)CC2)c1,False,medium
STR-C388369FA2BBC8775FB4,IC50,biochemical_binding,2,3,1,2,2,0,0,7.495699914119041,7.522878745280337,7.468521082957745,32.0,30.0,IC50,1,inhibitory_potency,1,biochemical_binding,1,ChEMBL;PubChem,CHEMBL4460234,Menin,2019;2021,=,CCS(=O)(=O)c1ccc(N2CC(CN3CCC(C4(C5CCCC5)NCCc5ccccc54)CC3)C2)cc1,CCS(=O)(=O)c1ccc(N2CC(CN3CCC(C4(C5CCCC5)NCCc5ccccc54)CC3)C2)cc1,CCS(=O)(=O)c1ccc(N2CC(CN3CCC(C4(C5CCCC5)NCCc5ccccc54)CC3)C2)cc1,CCS(=O)(=O)c1ccc(N2CC(CN3CCC(C4(C5CCCC5)NCCc5ccccc54)CC3)C2)cc1,YKADJJCDDOYNKA-UHFFFAOYSA-N,YKADJJCDDOYNKA-UHFFFAOYSA-N,standardized,0.0543576623225927,False,2.0,strict_exact,exact_point_estimate,high_potency_<=100nM,True,True,IC50,biochemical_binding,False,0.9154716016775866,0.41793766765839346,0.27272728085517883,CC(=O)Nc1cccc(N2CCN(CC3CCN(S(=O)(=O)CC4CCCCC4)CC3)CC2)c1,True,high
STR-062343CE45A5FA8286D4,IC50,biochemical_binding,1,1,0,1,1,0,0,7.494850021680094,7.494850021680094,7.494850021680094,32.0,32.0,IC50,1,inhibitory_potency,1,biochemical_binding,1,ChEMBL,CHEMBL3780895,Menin,2018,=,Cc1c(CN2CCC(Nc3ncnc4sc(CC(F)(F)F)cc34)CC2)ccc2[nH]c(C#N)cc12,Cc1c(CN2CCC(Nc3ncnc4sc(CC(F)(F)F)cc34)CC2)ccc2[nH]c(C#N)cc12,Cc1c(CN2CCC(Nc3ncnc4sc(CC(F)(F)F)cc34)CC2)ccc2[nH]c(C#N)cc12,Cc1c(CN2CCC(Nc3ncnc4sc(CC(F)(F)F)cc34)CC2)ccc2[nH]c(C#N)cc12,DZACSLYTXLZAAF-UHFFFAOYSA-N,DZACSLYTXLZAAF-UHFFFAOYSA-N,standardized,0.0,False,2.0,strict_exact,exact_point_estimate,high_potency_<=100nM,True,True,IC50,biochemical_binding,False,0.910047539748923,0.43631111567081915,0.34117648005485535,FC(F)(F)c1ccc(C(F)(F)CN2CCC(Nc3ncnc4[nH]ncc34)CC2)cc1,True,high
STR-1855E3C88BD9E03511B5,IC50,biochemical_binding,1,1,0,1,1,0,0,7.494850021680094,7.494850021680094,7.494850021680094,32.0,32.0,IC50,1,inhibitory_potency,1,biochemical_binding,1,ChEMBL,CHEMBL4209696,Menin,2018,=,CNS(=O)(=O)N1CCN(CCn2c(C#N)cc3c(C)c(CN4CCC(Nc5ncnc6sc(CC(F)(F)F)cc56)CC4)ccc32)CC1,CNS(=O)(=O)N1CCN(CCn2c(C#N)cc3c(C)c(CN4CCC(Nc5ncnc6sc(CC(F)(F)F)cc56)CC4)ccc32)CC1,CNS(=O)(=O)N1CCN(CCn2c(C#N)cc3c(C)c(CN4CCC(Nc5ncnc6sc(CC(F)(F)F)cc56)CC4)ccc32)CC1,CNS(=O)(=O)N1CCN(CCn2c(C#N)cc3c(C)c(CN4CCC(Nc5ncnc6sc(CC(F)(F)F)cc56)CC4)ccc32)CC1,VFROXLJZEGBDON-UHFFFAOYSA-N,VFROXLJZEGBDON-UHFFFAOYSA-N,standardized,0.0,False,2.0,strict_exact,exact_point_estimate,high_potency_<=100nM,True,True,IC50,biochemical_binding,False,0.8947542199384934,0.4854071050185029,0.2871287167072296,FC(F)(F)c1ccc(C(F)(F)CN2CCC(Nc3ncnc4[nH]ncc34)CC2)cc1,True,high
STR-90DF1DEF11EC083FD360,IC50,biochemical_binding,1,2,1,2,1,0,0,7.494850021680094,7.494850021680094,7.494850021680094,32.0,32.0,IC50,1,inhibitory_potency,1,biochemical_binding,1,ChEMBL;PubChem,CHEMBL5757381,Menin,2021,=,CNC(=O)N[C@H]1CCC[C@@H]1C(CNC(=O)c1cocn1)(c1ccccc1)C1CCN(CC2CN(c3ccc(C#N)cc3)C2)CC1,CNC(=O)N[C@H]1CCC[C@@H]1C(CNC(=O)c1cocn1)(c1ccccc1)C1CCN(CC2CN(c3ccc(C#N)cc3)C2)CC1,CNC(=O)N[C@H]1CCC[C@@H]1C(CNC(=O)c1cocn1)(c1ccccc1)C1CCN(CC2CN(c3ccc(C#N)cc3)C2)CC1,CNC(=O)N[C@H]1CCC[C@@H]1C(CNC(=O)c1cocn1)(c1ccccc1)C1CCN(CC2CN(c3ccc(C#N)cc3)C2)CC1,ZJNVALXKIUZRSB-LAFOQLOWSA-N,ZJNVALXKIUZRSB-LAFOQLOWSA-N,standardized,0.0,False,2.0,strict_exact,exact_point_estimate,high_potency_<=100nM,True,True,IC50,biochemical_binding,False,0.09893977726307429,0.4656257291650219,0.25641027092933655,CC(C)CNc1nc(N2CCN(CC3CCCOC3)CC2)ncc1C(=O)NCc1ccccc1,False,low
STR-9C8A9525F1FABB5C1327,IC50,biochemical_binding,1,2,1,2,1,0,0,7.494850021680094,7.494850021680094,7.494850021680094,32.0,32.0,IC50,1,inhibitory_potency,1,biochemical_binding,1,ChEMBL;PubChem,CHEMBL5932156,Menin,2021,=,Cn1cc(S(=O)(=O)c2ccc(N3CC(CN4CCC(C(CN5CCCC5)(C5=CCCC5)c5ccccc5)CC4)C3)cc2)cn1,Cn1cc(S(=O)(=O)c2ccc(N3CC(CN4CCC(C(CN5CCCC5)(C5=CCCC5)c5ccccc5)CC4)C3)cc2)cn1,Cn1cc(S(=O)(=O)c2ccc(N3CC(CN4CCC(C(CN5CCCC5)(C5=CCCC5)c5ccccc5)CC4)C3)cc2)cn1,Cn1cc(S(=O)(=O)c2ccc(N3CC(CN4CCC(C(CN5CCCC5)(C5=CCCC5)c5ccccc5)CC4)C3)cc2)cn1,JIJULXCZAVWQSE-UHFFFAOYSA-N,JIJULXCZAVWQSE-UHFFFAOYSA-N,standardized,0.0,False,2.0,strict_exact,exact_point_estimate,high_potency_<=100nM,True,True,IC50,biochemical_binding,False,0.2793637057603328,0.8545823657241401,0.2613636255264282,CC(C)(O)c1ccc(C(O)CCCN2CCC(C(O)(c3ccccc3)c3ccccc3)CC2)cc1,True,low
STR-3ACD95779D752A7D6CB7,IC50,biochemical_binding,1,1,0,1,1,0,0,7.481486060122112,7.481486060122112,7.481486060122112,33.0,33.0,IC50,1,inhibitory_potency,1,biochemical_binding,1,PubChem,178185576,Menin,2026,=,CCN(C(=O)c1cc(F)ccc1OC1N=NC(Cl)=NC1N1CCC2(C1)CN([C@H](CCCN)C(C)C)C2)C(C)C,CCN(C(C)C)C(=O)C1=C(C=CC(=C1)F)OC2C(N=C(N=N2)Cl)N3CCC4(C3)CN(C4)[C@H](CCCN)C(C)C,CCN(C(=O)c1cc(F)ccc1OC1N=NC(Cl)=NC1N1CCC2(C1)CN([C@H](CCCN)C(C)C)C2)C(C)C,CCN(C(=O)c1cc(F)ccc1OC1N=NC(Cl)=NC1N1CCC2(C1)CN([C@H](CCCN)C(C)C)C2)C(C)C,CCNWGENWCZNTMO-PBGLPUTKSA-N,CCNWGENWCZNTMO-PBGLPUTKSA-N,standardized,0.0,False,2.0,strict_exact,exact_point_estimate,high_potency_<=100nM,True,True,IC50,biochemical_binding,False,0.660044205541404,0.9247763970259928,0.22764228284358978,COc1ccc2nccc([C@@H](O)CC[C@@H]3CCN(C4CC(c5cc(F)ccc5F)C4)C[C@@H]3C(=O)O)c2c1,False,medium
STR-829AE7B5DD995022C5B7,IC50,biochemical_binding,1,1,0,1,1,0,0,7.481486060122112,7.481486060122112,7.481486060122112,33.0,33.0,IC50,1,inhibitory_potency,1,biochemical_binding,1,ChEMBL,CHEMBL4217916,Menin,2018,=,Cc1c(CN2CCC(Nc3ncnc4sc(CC(F)(F)F)cc34)CC2)ccc2c1cc(C#N)n2Cc1cc[nH]n1,Cc1c(CN2CCC(Nc3ncnc4sc(CC(F)(F)F)cc34)CC2)ccc2c1cc(C#N)n2Cc1cc[nH]n1,Cc1c(CN2CCC(Nc3ncnc4sc(CC(F)(F)F)cc34)CC2)ccc2c1cc(C#N)n2Cc1cc[nH]n1,Cc1c(CN2CCC(Nc3ncnc4sc(CC(F)(F)F)cc34)CC2)ccc2c1cc(C#N)n2Cc1cc[nH]n1,BSMIWEIIPZVSNS-UHFFFAOYSA-N,BSMIWEIIPZVSNS-UHFFFAOYSA-N,standardized,0.0,False,2.0,strict_exact,exact_point_estimate,high_potency_<=100nM,True,True,IC50,biochemical_binding,False,0.9876108513884845,0.09624510301729809,0.3125,Fc1ccc(C(F)(F)CN2CCC(Nc3ncnc4[nH]ccc34)CC2)cc1,True,high
STR-C7F0E76CC5EC752D86FB,IC50,biochemical_binding,1,1,0,1,1,0,0,7.481486060122112,7.481486060122112,7.481486060122112,33.0,33.0,IC50,1,inhibitory_potency,1,biochemical_binding,1,ChEMBL,CHEMBL4452253,Menin,2019,=,CCC(=O)O[C@H]1CCC[C@@H]1[C@](C#N)(c1ccccc1)C1CCN(CC2CN(c3ccc(C#N)cc3)C2)CC1,CCC(=O)O[C@H]1CCC[C@@H]1[C@](C#N)(c1ccccc1)C1CCN(CC2CN(c3ccc(C#N)cc3)C2)CC1,CCC(=O)O[C@H]1CCC[C@@H]1[C@](C#N)(c1ccccc1)C1CCN(CC2CN(c3ccc(C#N)cc3)C2)CC1,CCC(=O)O[C@H]1CCC[C@@H]1[C@](C#N)(c1ccccc1)C1CCN(CC2CN(c3ccc(C#N)cc3)C2)CC1,PHQSGAPYRPLCKR-LHHUKBANSA-N,PHQSGAPYRPLCKR-LHHUKBANSA-N,standardized,0.0,False,2.0,strict_exact,exact_point_estimate,high_potency_<=100nM,True,True,IC50,biochemical_binding,False,0.2776040481987716,0.8521655818681024,0.27173912525177,CCOC(=O)N1[C@@H]2CC[C@H]1C[C@H](CN1CC[C@H](N3C(=O)Cc4ccccc43)C1)C2,True,low
STR-B86349156178B4813AFB,IC50,biochemical_binding,1,1,0,1,1,0,0,7.455931955649724,7.455931955649724,7.455931955649724,35.0,35.0,IC50,1,inhibitory_potency,1,biochemical_binding,1,PubChem,156531947,Menin,2026,=,CCN(C(=O)c1cc(F)ccc1Oc1nnc(OC)nc1N1CCC2(C1)CN([C@H](CCCN(C)CCOC)C(C)C)C2)C(C)C,CCN(C(C)C)C(=O)C1=C(C=CC(=C1)F)OC2=C(N=C(N=N2)OC)N3CCC4(C3)CN(C4)[C@H](CCCN(C)CCOC)C(C)C,CCN(C(=O)c1cc(F)ccc1Oc1nnc(OC)nc1N1CCC2(C1)CN([C@H](CCCN(C)CCOC)C(C)C)C2)C(C)C,CCN(C(=O)c1cc(F)ccc1Oc1nnc(OC)nc1N1CCC2(C1)CN([C@H](CCCN(C)CCOC)C(C)C)C2)C(C)C,XHFYIKGCOIKOLS-HHHXNRCGSA-N,XHFYIKGCOIKOLS-HHHXNRCGSA-N,standardized,0.0,False,2.0,strict_exact,exact_point_estimate,high_potency_<=100nM,True,True,IC50,biochemical_binding,False,0.6827175713015623,0.9014016809665335,0.2601625919342041,COCC(=O)O[C@]1(CCN(C)CCCc2nc3ccccc3[nH]2)CCc2cc(F)ccc2[C@@H]1C(C)C,False,medium
STR-D69A42D7CD9CD1E56E5E,IC50,biochemical_binding,1,2,1,2,1,0,0,7.443697499232712,7.443697499232712,7.443697499232712,36.0,36.0,IC50,1,inhibitory_potency,1,biochemical_binding,1,ChEMBL;PubChem,CHEMBL4581439,Menin,2019,=,O=S(=O)(c1ccc(N2CC(CN3CCC(C4(C5CCCC5)NCCc5ccccc54)CC3)C2)cc1)C1CCC1,O=S(=O)(c1ccc(N2CC(CN3CCC(C4(C5CCCC5)NCCc5ccccc54)CC3)C2)cc1)C1CCC1,O=S(=O)(c1ccc(N2CC(CN3CCC(C4(C5CCCC5)NCCc5ccccc54)CC3)C2)cc1)C1CCC1,O=S(=O)(c1ccc(N2CC(CN3CCC(C4(C5CCCC5)NCCc5ccccc54)CC3)C2)cc1)C1CCC1,IKIGKYBUAHEXDC-UHFFFAOYSA-N,IKIGKYBUAHEXDC-UHFFFAOYSA-N,standardized,0.0,False,2.0,strict_exact,exact_point_estimate,high_potency_<=100nM,True,True,IC50,biochemical_binding,False,0.9841013454415368,0.11774729308655876,0.24175824224948883,CC(=O)Nc1cccc(N2CCN(CC3CCN(S(=O)(=O)CC4CCCCC4)CC3)CC2)c1,False,high
STR-F4D7C79F147C9691D2EE,IC50,biochemical_binding,1,2,1,2,1,0,0,7.443697499232712,7.443697499232712,7.443697499232712,36.0,36.0,IC50,1,inhibitory_potency,1,biochemical_binding,1,ChEMBL;PubChem,CHEMBL4446177,Menin,2019,=,N#Cc1ccc(N2CC(CN3CCC(C4(C5CCCC5)NCCc5ccccc54)CC3)C2)cc1,N#Cc1ccc(N2CC(CN3CCC(C4(C5CCCC5)NCCc5ccccc54)CC3)C2)cc1,N#Cc1ccc(N2CC(CN3CCC(C4(C5CCCC5)NCCc5ccccc54)CC3)C2)cc1,N#Cc1ccc(N2CC(CN3CCC(C4(C5CCCC5)NCCc5ccccc54)CC3)C2)cc1,TUXUFVPCUVQKJJ-UHFFFAOYSA-N,TUXUFVPCUVQKJJ-UHFFFAOYSA-N,standardized,0.0,False,2.0,strict_exact,exact_point_estimate,high_potency_<=100nM,True,True,IC50,biochemical_binding,False,0.9764599499682903,0.1608801983744476,0.29113924503326416,N#Cc1ccc(CCN2CCC(Nc3nc4ccccc4[nH]3)CC2)cc1,True,high
STR-9ED5F7AB73D34199D6B6,IC50,biochemical_binding,1,2,1,2,1,0,0,7.431798275933005,7.431798275933005,7.431798275933005,37.0,37.0,IC50,1,inhibitory_potency,1,biochemical_binding,1,ChEMBL;PubChem,CHEMBL5926646,Menin,2021,=,CN1Cc2cccc(F)c2C(C2CCCC2)(C2CCN(CCCOc3ccc(C#N)cc3)CC2)C1,CN1Cc2cccc(F)c2C(C2CCCC2)(C2CCN(CCCOc3ccc(C#N)cc3)CC2)C1,CN1Cc2cccc(F)c2C(C2CCCC2)(C2CCN(CCCOc3ccc(C#N)cc3)CC2)C1,CN1Cc2cccc(F)c2C(C2CCCC2)(C2CCN(CCCOc3ccc(C#N)cc3)CC2)C1,ODUBSMHAIJIEOB-UHFFFAOYSA-N,ODUBSMHAIJIEOB-UHFFFAOYSA-N,standardized,0.0,False,2.0,strict_exact,exact_point_estimate,high_potency_<=100nM,True,True,IC50,biochemical_binding,False,0.9963446655061898,0.034856669927328256,0.32926830649375916,C[C@]12CCCC[C@H]1C[C@@H](N1CCC[C@@H](N)C1)[C@@H]2Oc1ccc(C#N)cc1,True,high
STR-C92E86A48527711BF43C,IC50,biochemical_binding,1,1,0,1,1,0,0,7.42021640338319,7.42021640338319,7.42021640338319,38.0,38.0,IC50,1,inhibitory_potency,1,biochemical_binding,1,ChEMBL,CHEMBL4204591,Menin,2018,=,Cc1c(CN2CCC(Nc3ncnc4sc(CC(F)(F)F)cc34)CC2)ccc2c1cc(C#N)n2CCC1CCN(S(N)(=O)=O)CC1,Cc1c(CN2CCC(Nc3ncnc4sc(CC(F)(F)F)cc34)CC2)ccc2c1cc(C#N)n2CCC1CCN(S(N)(=O)=O)CC1,Cc1c(CN2CCC(Nc3ncnc4sc(CC(F)(F)F)cc34)CC2)ccc2c1cc(C#N)n2CCC1CCN(S(N)(=O)=O)CC1,Cc1c(CN2CCC(Nc3ncnc4sc(CC(F)(F)F)cc34)CC2)ccc2c1cc(C#N)n2CCC1CCN(S(N)(=O)=O)CC1,XAZROPUXMGYZSY-UHFFFAOYSA-N,XAZROPUXMGYZSY-UHFFFAOYSA-N,standardized,0.0,False,2.0,strict_exact,exact_point_estimate,high_potency_<=100nM,True,True,IC50,biochemical_binding,False,0.928439677770691,0.37171967386047117,0.28999999165534973,FC(F)(F)c1ccc(C(F)(F)CN2CCC(Nc3ncnc4[nH]ncc34)CC2)cc1,True,high
STR-2BCFE9B3B04BB17781E9,IC50,biochemical_binding,1,1,0,1,1,0,0,7.4089353929735005,7.4089353929735005,7.4089353929735005,39.0,39.0,IC50,1,inhibitory_potency,1,biochemical_binding,1,ChEMBL,CHEMBL4204941,Menin,2018,=,CCCN1CCN(CCn2c(C#N)cc3c(C)c(CN4CCC(Nc5ncnc6sc(CC(F)(F)F)cc56)CC4)ccc32)CC1,CCCN1CCN(CCn2c(C#N)cc3c(C)c(CN4CCC(Nc5ncnc6sc(CC(F)(F)F)cc56)CC4)ccc32)CC1,CCCN1CCN(CCn2c(C#N)cc3c(C)c(CN4CCC(Nc5ncnc6sc(CC(F)(F)F)cc56)CC4)ccc32)CC1,CCCN1CCN(CCn2c(C#N)cc3c(C)c(CN4CCC(Nc5ncnc6sc(CC(F)(F)F)cc56)CC4)ccc32)CC1,KRWFJLSPGIGFEG-UHFFFAOYSA-N,KRWFJLSPGIGFEG-UHFFFAOYSA-N,standardized,0.0,False,2.0,strict_exact,exact_point_estimate,high_potency_<=100nM,True,True,IC50,biochemical_binding,False,0.9937227433250336,0.05494989678711535,0.3085106313228607,FC(F)(F)c1ccc(C(F)(F)CN2CCC(Nc3ncnc4[nH]ncc34)CC2)cc1,True,high
STR-624DE6171936672A9284,IC50,biochemical_binding,1,1,0,1,1,0,0,7.397940008672037,7.397940008672037,7.397940008672037,40.0,40.0,IC50,1,inhibitory_potency,1,biochemical_binding,1,ChEMBL,CHEMBL4453006,Menin,2019,=,CC(=O)O[C@H]1CCC[C@@H]1[C@](C#N)(c1ccccc1)C1CCN(CC2CN(c3ccc(C#N)cc3)C2)CC1,CC(=O)O[C@H]1CCC[C@@H]1[C@](C#N)(c1ccccc1)C1CCN(CC2CN(c3ccc(C#N)cc3)C2)CC1,CC(=O)O[C@H]1CCC[C@@H]1[C@](C#N)(c1ccccc1)C1CCN(CC2CN(c3ccc(C#N)cc3)C2)CC1,CC(=O)O[C@H]1CCC[C@@H]1[C@](C#N)(c1ccccc1)C1CCN(CC2CN(c3ccc(C#N)cc3)C2)CC1,VJIXVSWXFJDMJM-RWSKJCERSA-N,VJIXVSWXFJDMJM-RWSKJCERSA-N,standardized,0.0,False,2.0,strict_exact,exact_point_estimate,high_potency_<=100nM,True,True,IC50,biochemical_binding,False,0.36829445150038076,0.9493535196989337,0.2666666805744171,NC(=O)C(c1ccccc1)(c1ccccc1)[C@@H]1CCN(CCc2ccc3c(c2)CCO3)C1,True,medium
STR-9DAEE3412AFCC35E2A05,IC50,biochemical_binding,1,1,0,1,1,0,0,7.397940008672037,7.397940008672037,7.397940008672037,40.0,40.0,IC50,1,inhibitory_potency,1,biochemical_binding,1,ChEMBL,CHEMBL4210554,Menin,2018,=,Cc1c(CN2CCC(Nc3ncnc4sc(CC(F)(F)F)cc34)CC2)ccc2c1cc(C#N)n2CCC1CCN(S(C)(=O)=O)CC1,Cc1c(CN2CCC(Nc3ncnc4sc(CC(F)(F)F)cc34)CC2)ccc2c1cc(C#N)n2CCC1CCN(S(C)(=O)=O)CC1,Cc1c(CN2CCC(Nc3ncnc4sc(CC(F)(F)F)cc34)CC2)ccc2c1cc(C#N)n2CCC1CCN(S(C)(=O)=O)CC1,Cc1c(CN2CCC(Nc3ncnc4sc(CC(F)(F)F)cc34)CC2)ccc2c1cc(C#N)n2CCC1CCN(S(C)(=O)=O)CC1,RFEKAMWNTVLKJF-UHFFFAOYSA-N,RFEKAMWNTVLKJF-UHFFFAOYSA-N,standardized,0.0,False,2.0,strict_exact,exact_point_estimate,high_potency_<=100nM,True,True,IC50,biochemical_binding,False,0.9892819231058931,0.08551681239540285,0.2772277295589447,FC(F)(F)c1ccc(C(F)(F)CN2CCC(Nc3ncnc4[nH]ncc34)CC2)cc1,True,high
STR-3601397C7850DBE7E578,IC50,biochemical_binding,1,2,1,2,1,0,0,7.376750709602099,7.376750709602099,7.376750709602099,42.0,42.0,IC50,1,inhibitory_potency,1,biochemical_binding,1,ChEMBL;PubChem,CHEMBL5981944,Menin,2021,=,CNC(=O)O[C@@H]1CCC[C@H]1C(Cn1ccnc1)(c1ccccc1)C1CCN(CC2CN(c3ccc(S(=O)(=O)c4ccccc4)cc3)C2)CC1,CNC(=O)O[C@@H]1CCC[C@H]1C(Cn1ccnc1)(c1ccccc1)C1CCN(CC2CN(c3ccc(S(=O)(=O)c4ccccc4)cc3)C2)CC1,CNC(=O)O[C@@H]1CCC[C@H]1C(Cn1ccnc1)(c1ccccc1)C1CCN(CC2CN(c3ccc(S(=O)(=O)c4ccccc4)cc3)C2)CC1,CNC(=O)O[C@@H]1CCC[C@H]1C(Cn1ccnc1)(c1ccccc1)C1CCN(CC2CN(c3ccc(S(=O)(=O)c4ccccc4)cc3)C2)CC1,VAURVTQYMPFKRB-IVWYEHFPSA-N,VAURVTQYMPFKRB-IVWYEHFPSA-N,standardized,0.0,False,2.0,strict_exact,exact_point_estimate,high_potency_<=100nM,True,True,IC50,biochemical_binding,False,0.041522692923840906,0.24923064381390492,0.2450980395078659,CC(=O)Nc1cccc(N2CCN(CC3CCN(S(=O)(=O)CC4CCCCC4)CC3)CC2)c1,False,low
STR-49FE1FCFAE0956BB85D0,IC50,biochemical_binding,1,1,0,1,1,0,0,7.376750709602099,7.376750709602099,7.376750709602099,42.0,42.0,IC50,1,inhibitory_potency,1,biochemical_binding,1,ChEMBL,CHEMBL4213678,Menin,2018,=,Cc1c(CN2CCC(Nc3ncnc4sc(CC(F)(F)F)cc34)CC2)ccc2c1cc(C#N)n2CCN1CCN(C(=O)CCC2CCCC2)CC1,Cc1c(CN2CCC(Nc3ncnc4sc(CC(F)(F)F)cc34)CC2)ccc2c1cc(C#N)n2CCN1CCN(C(=O)CCC2CCCC2)CC1,Cc1c(CN2CCC(Nc3ncnc4sc(CC(F)(F)F)cc34)CC2)ccc2c1cc(C#N)n2CCN1CCN(C(=O)CCC2CCCC2)CC1,Cc1c(CN2CCC(Nc3ncnc4sc(CC(F)(F)F)cc34)CC2)ccc2c1cc(C#N)n2CCN1CCN(C(=O)CCC2CCCC2)CC1,OKRWRZHPSNRHIC-UHFFFAOYSA-N,OKRWRZHPSNRHIC-UHFFFAOYSA-N,standardized,0.0,False,2.0,strict_exact,exact_point_estimate,high_potency_<=100nM,True,True,IC50,biochemical_binding,False,0.9949452460951378,0.04583239422990829,0.27619048953056335,FC(F)(F)c1ccc(C(F)(F)CN2CCC(Nc3ncnc4[nH]ncc34)CC2)cc1,True,high
STR-A1F0E6930C1DAFA0E759,IC50,biochemical_binding,1,2,1,2,1,0,0,7.376750709602099,7.376750709602099,7.376750709602099,42.0,42.0,IC50,1,inhibitory_potency,1,biochemical_binding,1,ChEMBL;PubChem,CHEMBL5920903,Menin,2021,=,C=CC(=O)Nc1cccc(S(=O)(=O)c2ccc(N3CC(F)(CN4CCC([C@@](C#N)(c5cccc(F)c5)[C@H]5CCC[C@@H]5NC(=O)OC)CC4)C3)cc2)c1,C=CC(=O)Nc1cccc(S(=O)(=O)c2ccc(N3CC(F)(CN4CCC([C@@](C#N)(c5cccc(F)c5)[C@H]5CCC[C@@H]5NC(=O)OC)CC4)C3)cc2)c1,C=CC(=O)Nc1cccc(S(=O)(=O)c2ccc(N3CC(F)(CN4CCC([C@@](C#N)(c5cccc(F)c5)[C@H]5CCC[C@@H]5NC(=O)OC)CC4)C3)cc2)c1,C=CC(=O)Nc1cccc(S(=O)(=O)c2ccc(N3CC(F)(CN4CCC([C@@](C#N)(c5cccc(F)c5)[C@H]5CCC[C@@H]5NC(=O)OC)CC4)C3)cc2)c1,LQMSDXRSIFSIKF-FOHSLPDOSA-N,LQMSDXRSIFSIKF-FOHSLPDOSA-N,standardized,0.0,False,2.0,strict_exact,exact_point_estimate,high_potency_<=100nM,True,True,IC50,biochemical_binding,False,0.5575982853716249,0.9904062534514937,0.23728813230991364,CC(=O)Nc1cccc(N2CCN(CCCCN(C)S(=O)(=O)CC3CCCCC3)CC2)c1,False,medium
STR-F45BBAA26D4E2A02347B,IC50,biochemical_binding,1,2,1,2,1,0,0,7.376750709602099,7.376750709602099,7.376750709602099,42.0,42.0,IC50,1,inhibitory_potency,1,biochemical_binding,1,ChEMBL;PubChem,CHEMBL5889894,Menin,2021,=,O=S(=O)(CC1CCCC1)c1ccc(N2CC(CN3CCC(C4(C5CCCC5)NCCc5ccccc54)CC3)C2)cc1,O=S(=O)(CC1CCCC1)c1ccc(N2CC(CN3CCC(C4(C5CCCC5)NCCc5ccccc54)CC3)C2)cc1,O=S(=O)(CC1CCCC1)c1ccc(N2CC(CN3CCC(C4(C5CCCC5)NCCc5ccccc54)CC3)C2)cc1,O=S(=O)(CC1CCCC1)c1ccc(N2CC(CN3CCC(C4(C5CCCC5)NCCc5ccccc54)CC3)C2)cc1,JQVIBXCWSJAZGQ-UHFFFAOYSA-N,JQVIBXCWSJAZGQ-UHFFFAOYSA-N,standardized,0.0,False,2.0,strict_exact,exact_point_estimate,high_potency_<=100nM,True,True,IC50,biochemical_binding,False,0.9851507429327164,0.11144954846496335,0.30588236451148987,CC(=O)Nc1cccc(N2CCN(CC3CCN(S(=O)(=O)CC4CCCCC4)CC3)CC2)c1,True,high
STR-A5490A895830A71903B2,IC50,biochemical_binding,1,1,0,1,1,0,0,7.372634143407267,7.372634143407267,7.372634143407267,42.4,42.4,IC50,1,inhibitory_potency,1,biochemical_binding,1,ChEMBL,CHEMBL5084863,Menin,2021,=,COC(=O)N[C@H]1CCC[C@@H]1[C@](CN1CCC1)(c1cccc(F)c1)C1CCN(CC2(C(=O)OC)CN(c3ccc(S(=O)(=O)C4CC4)cc3)C2)CC1,COC(=O)N[C@H]1CCC[C@@H]1[C@](CN1CCC1)(c1cccc(F)c1)C1CCN(CC2(C(=O)OC)CN(c3ccc(S(=O)(=O)C4CC4)cc3)C2)CC1,COC(=O)N[C@H]1CCC[C@@H]1[C@](CN1CCC1)(c1cccc(F)c1)C1CCN(CC2(C(=O)OC)CN(c3ccc(S(=O)(=O)C4CC4)cc3)C2)CC1,COC(=O)N[C@H]1CCC[C@@H]1[C@](CN1CCC1)(c1cccc(F)c1)C1CCN(CC2(C(=O)OC)CN(c3ccc(S(=O)(=O)C4CC4)cc3)C2)CC1,FBSMQBOIOZDTSP-IKTYWIPASA-N,FBSMQBOIOZDTSP-IKTYWIPASA-N,standardized,0.0,False,2.0,strict_exact,exact_point_estimate,high_potency_<=100nM,True,True,IC50,biochemical_binding,False,0.6714259132617808,0.9134628858753135,0.2641509473323822,COC(=O)C1(CNC(=O)c2cc(Cl)cc(Cl)c2)CCN(Cc2cccc(C(F)(F)F)c2)CC1,True,medium
STR-4ED81823DA53AF1D70A0,IC50,biochemical_binding,1,1,0,1,1,0,0,7.356547323513812,7.356547323513812,7.356547323513812,44.0,44.0,IC50,1,inhibitory_potency,1,biochemical_binding,1,ChEMBL,CHEMBL4210798,Menin,2018,=,Cc1c(CN2CCC(Nc3ncnc4sc(CC(F)(F)F)cc34)CC2)ccc2c1cc(C#N)n2CCN1CCN(C(=O)C(F)F)CC1,Cc1c(CN2CCC(Nc3ncnc4sc(CC(F)(F)F)cc34)CC2)ccc2c1cc(C#N)n2CCN1CCN(C(=O)C(F)F)CC1,Cc1c(CN2CCC(Nc3ncnc4sc(CC(F)(F)F)cc34)CC2)ccc2c1cc(C#N)n2CCN1CCN(C(=O)C(F)F)CC1,Cc1c(CN2CCC(Nc3ncnc4sc(CC(F)(F)F)cc34)CC2)ccc2c1cc(C#N)n2CCN1CCN(C(=O)C(F)F)CC1,YZEOJOCEOBAYSM-UHFFFAOYSA-N,YZEOJOCEOBAYSM-UHFFFAOYSA-N,standardized,0.0,False,2.0,strict_exact,exact_point_estimate,high_potency_<=100nM,True,True,IC50,biochemical_binding,False,0.9927163439366428,0.06219185912015404,0.30000001192092896,FC(F)(F)c1ccc(C(F)(F)CN2CCC(Nc3ncnc4[nH]ncc34)CC2)cc1,True,high
STR-0449028356C19D0EDA3B,IC50,biochemical_binding,1,2,1,2,1,0,0,7.346787486224656,7.346787486224656,7.346787486224656,45.0,45.0,IC50,1,inhibitory_potency,1,biochemical_binding,1,ChEMBL;PubChem,CHEMBL5978882,Menin,2021,=,CC(=O)O[C@H]1CCC[C@@H]1C(C#N)(c1ccccc1F)C1CCN(CC2CN(c3ccc(S(=O)(=O)C4CC4)cc3)C2)CC1,CC(=O)O[C@H]1CCC[C@@H]1C(C#N)(c1ccccc1F)C1CCN(CC2CN(c3ccc(S(=O)(=O)C4CC4)cc3)C2)CC1,CC(=O)O[C@H]1CCC[C@@H]1C(C#N)(c1ccccc1F)C1CCN(CC2CN(c3ccc(S(=O)(=O)C4CC4)cc3)C2)CC1,CC(=O)O[C@H]1CCC[C@@H]1C(C#N)(c1ccccc1F)C1CCN(CC2CN(c3ccc(S(=O)(=O)C4CC4)cc3)C2)CC1,GKIFDNSCASLJLJ-HQVYOESTSA-N,GKIFDNSCASLJLJ-HQVYOESTSA-N,standardized,0.0,False,2.0,strict_exact,exact_point_estimate,high_potency_<=100nM,True,True,IC50,biochemical_binding,False,0.7357153174350127,0.8331434299826843,0.2525252401828766,CC(=O)Nc1cccc(N2CCN(CC3CCN(S(=O)(=O)CC4CCCCC4)CC3)CC2)c1,False,high
STR-460559F541337721ECE0,IC50,biochemical_binding,1,2,1,2,1,0,0,7.346787486224656,7.346787486224656,7.346787486224656,45.0,45.0,IC50,1,inhibitory_potency,1,biochemical_binding,1,ChEMBL;PubChem,CHEMBL5980008,Menin,2021,=,O=S(=O)(c1ccccc1)c1ccc(N2CC(CN3CCC(C(CN4CCCC4)(C4=CCCC4)c4ccccc4)CC3)C2)cc1,O=S(=O)(c1ccccc1)c1ccc(N2CC(CN3CCC(C(CN4CCCC4)(C4=CCCC4)c4ccccc4)CC3)C2)cc1,O=S(=O)(c1ccccc1)c1ccc(N2CC(CN3CCC(C(CN4CCCC4)(C4=CCCC4)c4ccccc4)CC3)C2)cc1,O=S(=O)(c1ccccc1)c1ccc(N2CC(CN3CCC(C(CN4CCCC4)(C4=CCCC4)c4ccccc4)CC3)C2)cc1,NNPAHPAQSIOENU-UHFFFAOYSA-N,NNPAHPAQSIOENU-UHFFFAOYSA-N,standardized,0.0,False,2.0,strict_exact,exact_point_estimate,high_potency_<=100nM,True,True,IC50,biochemical_binding,False,0.8891715263333958,0.5024098385649718,0.26249998807907104,CC(C)(O)c1ccc(C(O)CCCN2CCC(C(O)(c3ccccc3)c3ccccc3)CC2)cc1,True,high
STR-5C740F62A4861DEC230E,IC50,biochemical_binding,1,1,0,1,1,0,0,7.337242168318426,7.337242168318426,7.337242168318426,46.0,46.0,IC50,1,inhibitory_potency,1,biochemical_binding,1,ChEMBL,CHEMBL4206413,Menin,2018,=,CC1(C)CN=C(N2CCN(c3ncnc4sc(C(F)(F)F)cc34)CC2)S1,CC1(C)CN=C(N2CCN(c3ncnc4sc(C(F)(F)F)cc34)CC2)S1,CC1(C)CN=C(N2CCN(c3ncnc4sc(C(F)(F)F)cc34)CC2)S1,CC1(C)CN=C(N2CCN(c3ncnc4sc(C(F)(F)F)cc34)CC2)S1,NRLXWRDOBGHCQH-UHFFFAOYSA-N,NRLXWRDOBGHCQH-UHFFFAOYSA-N,standardized,0.0,False,2.0,strict_exact,exact_point_estimate,high_potency_<=100nM,True,True,IC50,biochemical_binding,False,0.9887968236064772,0.08866789432455432,0.24175824224948883,CCc1c(N)ncnc1N1CCC(c2nc(-c3ccc(F)c(C(F)(F)F)c3)cn2CCN(C)C)CC1,False,high
STR-ADF0DC68688651046789,IC50,biochemical_binding,1,2,1,2,1,0,0,7.337242168318426,7.337242168318426,7.337242168318426,46.0,46.0,IC50,1,inhibitory_potency,1,biochemical_binding,1,ChEMBL;PubChem,CHEMBL5909835,Menin,2021,=,CNC(=O)O[C@@H]1CCC[C@H]1C(Cn1ccnc1)(c1ccccc1)C1CCN(CC2CN(c3ccc(S(=O)(=O)c4cnn(C)c4)cc3)C2)CC1,CNC(=O)O[C@@H]1CCC[C@H]1C(Cn1ccnc1)(c1ccccc1)C1CCN(CC2CN(c3ccc(S(=O)(=O)c4cnn(C)c4)cc3)C2)CC1,CNC(=O)O[C@@H]1CCC[C@H]1C(Cn1ccnc1)(c1ccccc1)C1CCN(CC2CN(c3ccc(S(=O)(=O)c4cnn(C)c4)cc3)C2)CC1,CNC(=O)O[C@@H]1CCC[C@H]1C(Cn1ccnc1)(c1ccccc1)C1CCN(CC2CN(c3ccc(S(=O)(=O)c4cnn(C)c4)cc3)C2)CC1,HTBPNCRHOIYFLK-ANOPSCNCSA-N,HTBPNCRHOIYFLK-ANOPSCNCSA-N,standardized,0.0,False,2.0,strict_exact,exact_point_estimate,high_potency_<=100nM,True,True,IC50,biochemical_binding,False,0.005127994085266431,0.046389779659461616,0.23333333432674408,O=C(CC1CCN(Cc2ccn(-c3ccc(C(F)(F)F)cc3)c2)CC1)NC(c1ccc(F)cc1)c1cccnc1,False,low
STR-A8561A75D1EC79B3C31D,IC50,biochemical_binding,1,2,1,2,1,0,0,7.318758762624412,7.318758762624412,7.318758762624412,48.0,48.0,IC50,1,inhibitory_potency,1,biochemical_binding,1,ChEMBL;PubChem,CHEMBL5827385,Menin,2021,=,CNC(=O)O[C@H]1CCC[C@@H]1C(C#N)(c1ccccc1)C1CCN(CC2(C)CN(c3ccc(S(=O)(=O)c4cnn(C)c4)cc3)C2)CC1,CNC(=O)O[C@H]1CCC[C@@H]1C(C#N)(c1ccccc1)C1CCN(CC2(C)CN(c3ccc(S(=O)(=O)c4cnn(C)c4)cc3)C2)CC1,CNC(=O)O[C@H]1CCC[C@@H]1C(C#N)(c1ccccc1)C1CCN(CC2(C)CN(c3ccc(S(=O)(=O)c4cnn(C)c4)cc3)C2)CC1,CNC(=O)O[C@H]1CCC[C@@H]1C(C#N)(c1ccccc1)C1CCN(CC2(C)CN(c3ccc(S(=O)(=O)c4cnn(C)c4)cc3)C2)CC1,DDHCZSCWWXSEAD-SVYHFPLZSA-N,DDHCZSCWWXSEAD-SVYHFPLZSA-N,standardized,0.0,False,2.0,strict_exact,exact_point_estimate,high_potency_<=100nM,True,True,IC50,biochemical_binding,False,0.016639536996466663,0.12213197049079415,0.24752475321292877,CNC(=O)C(CCN1CCC(O)(c2ccc(Cl)cc2)CC1)(c1ccccc1)c1ccccc1,False,low
STR-C221EB3A1209DD6114DE,IC50,biochemical_binding,1,1,0,1,1,0,0,7.309803919971486,7.309803919971486,7.309803919971486,49.0,49.0,IC50,1,inhibitory_potency,1,biochemical_binding,1,PubChem,156498100,Menin,2026,=,CCN(C(=O)c1cc(F)ccc1Oc1nncnc1N1CCC2(C1)CN([C@H](CCCN[C@H](C)COC)C(C)C)C2)C(C)C,CCN(C(C)C)C(=O)C1=C(C=CC(=C1)F)OC2=C(N=CN=N2)N3CCC4(C3)CN(C4)[C@H](CCCN[C@H](C)COC)C(C)C,CCN(C(=O)c1cc(F)ccc1Oc1nncnc1N1CCC2(C1)CN([C@H](CCCN[C@H](C)COC)C(C)C)C2)C(C)C,CCN(C(=O)c1cc(F)ccc1Oc1nncnc1N1CCC2(C1)CN([C@H](CCCN[C@H](C)COC)C(C)C)C2)C(C)C,OSVSCTAXHOVWLE-SHQCIBLASA-N,OSVSCTAXHOVWLE-SHQCIBLASA-N,standardized,0.0,False,2.0,strict_exact,exact_point_estimate,high_potency_<=100nM,True,True,IC50,biochemical_binding,False,0.5503048273253677,0.9926859336311233,0.22131147980690002,O=C(NC1CC1)c1ccc(F)cc1OC[C@@H](O)CN1CCC2(CC1)Cc1cc(Cl)ccc1O2,False,medium
STR-E641EA51DCF158A5E554,IC50,biochemical_binding,1,2,1,2,1,0,0,7.309803919971486,7.309803919971486,7.309803919971486,49.0,49.0,IC50,1,inhibitory_potency,1,biochemical_binding,1,ChEMBL;PubChem,CHEMBL5890397,Menin,2021,=,O=S(=O)(c1ccc(N2CC(CN3CCC(C4(C5CCCC5)NCCc5ccccc54)CC3)C2)cc1)C1CCOCC1,O=S(=O)(c1ccc(N2CC(CN3CCC(C4(C5CCCC5)NCCc5ccccc54)CC3)C2)cc1)C1CCOCC1,O=S(=O)(c1ccc(N2CC(CN3CCC(C4(C5CCCC5)NCCc5ccccc54)CC3)C2)cc1)C1CCOCC1,O=S(=O)(c1ccc(N2CC(CN3CCC(C4(C5CCCC5)NCCc5ccccc54)CC3)C2)cc1)C1CCOCC1,PTRVKMPLOFXYHL-UHFFFAOYSA-N,PTRVKMPLOFXYHL-UHFFFAOYSA-N,standardized,0.0,False,2.0,strict_exact,exact_point_estimate,high_potency_<=100nM,True,True,IC50,biochemical_binding,False,0.9567120243712919,0.25716947572804777,0.23853211104869843,O=C(O)C[C@H](CN1CC[C@@H](CCc2ccc3c(n2)NCCC3)C1)c1cccc(C2CCOC2)c1,False,high
STR-E79EEF3E7440D2C5F50E,IC50,biochemical_binding,1,2,1,2,1,0,0,7.309803919971486,7.309803919971486,7.309803919971486,49.0,49.0,IC50,1,inhibitory_potency,1,biochemical_binding,1,ChEMBL;PubChem,CHEMBL5883185,Menin,2021,=,CNC(=O)O[C@@H]1CCC[C@H]1C(Cn1ccnc1C)(c1cccc(F)c1)C1CCN(CC2CN(c3ccc(S(=O)(=O)c4cnn(C)c4)cc3)C2)CC1,CNC(=O)O[C@@H]1CCC[C@H]1C(Cn1ccnc1C)(c1cccc(F)c1)C1CCN(CC2CN(c3ccc(S(=O)(=O)c4cnn(C)c4)cc3)C2)CC1,CNC(=O)O[C@@H]1CCC[C@H]1C(Cn1ccnc1C)(c1cccc(F)c1)C1CCN(CC2CN(c3ccc(S(=O)(=O)c4cnn(C)c4)cc3)C2)CC1,CNC(=O)O[C@@H]1CCC[C@H]1C(Cn1ccnc1C)(c1cccc(F)c1)C1CCN(CC2CN(c3ccc(S(=O)(=O)c4cnn(C)c4)cc3)C2)CC1,WJJHIHFEUAWTMY-QAFYHTLISA-N,WJJHIHFEUAWTMY-QAFYHTLISA-N,standardized,0.0,False,2.0,strict_exact,exact_point_estimate,high_potency_<=100nM,True,True,IC50,biochemical_binding,False,0.016624053075668683,0.12204083653083903,0.23999999463558197,Cn1cc(-c2cccc(C(=O)Nc3cc(N4CC[C@@H](C(C)(C)O)C4)ncc3C(F)(F)F)n2)cn1,False,low
STR-506A8FF202D4B27FF220,IC50,biochemical_binding,1,2,1,2,1,0,0,7.301029995663981,7.301029995663981,7.301029995663981,50.0,50.0,IC50,1,inhibitory_potency,1,biochemical_binding,1,ChEMBL;PubChem,CHEMBL5770956,Menin,2021,=,CNC(=O)O[C@H]1CCC[C@@H]1C(C#N)(c1ccccc1)C1CCN(C2CCN(c3ccc(S(=O)(=O)c4ccccc4)cc3)CC2)CC1,CNC(=O)O[C@H]1CCC[C@@H]1C(C#N)(c1ccccc1)C1CCN(C2CCN(c3ccc(S(=O)(=O)c4ccccc4)cc3)CC2)CC1,CNC(=O)O[C@H]1CCC[C@@H]1C(C#N)(c1ccccc1)C1CCN(C2CCN(c3ccc(S(=O)(=O)c4ccccc4)cc3)CC2)CC1,CNC(=O)O[C@H]1CCC[C@@H]1C(C#N)(c1ccccc1)C1CCN(C2CCN(c3ccc(S(=O)(=O)c4ccccc4)cc3)CC2)CC1,LQTOWKWWEGWBLV-FWBANIIHSA-N,LQTOWKWWEGWBLV-FWBANIIHSA-N,standardized,0.0,False,2.0,strict_exact,exact_point_estimate,high_potency_<=100nM,True,True,IC50,biochemical_binding,False,0.3184566146316648,0.9026951802468794,0.30000001192092896,O=C(NS(=O)(=O)c1ccccc1)N1CCC(N2CCC(Oc3ccc(Cl)c(Cl)c3)CC2)CC1,True,medium
STR-6D12E542BA59225B503F,IC50,biochemical_binding,1,1,0,1,1,0,0,7.301029995663981,7.301029995663981,7.301029995663981,50.0,50.0,IC50,1,inhibitory_potency,1,biochemical_binding,1,PubChem,156498076,Menin,2026,=,CCN(C(=O)c1cc(F)ccc1Oc1nncnc1N1CCC2(C1)CN([C@H](CCCNCCC(F)F)C(C)C)C2)C(C)C,CCN(C(C)C)C(=O)C1=C(C=CC(=C1)F)OC2=C(N=CN=N2)N3CCC4(C3)CN(C4)[C@H](CCCNCCC(F)F)C(C)C,CCN(C(=O)c1cc(F)ccc1Oc1nncnc1N1CCC2(C1)CN([C@H](CCCNCCC(F)F)C(C)C)C2)C(C)C,CCN(C(=O)c1cc(F)ccc1Oc1nncnc1N1CCC2(C1)CN([C@H](CCCNCCC(F)F)C(C)C)C2)C(C)C,GMXZADSHHYAFID-RUZDIDTESA-N,GMXZADSHHYAFID-RUZDIDTESA-N,standardized,0.0,False,2.0,strict_exact,exact_point_estimate,high_potency_<=100nM,True,True,IC50,biochemical_binding,False,0.7803249837836678,0.7595736480034095,0.22608695924282074,CC(Oc1ccc(S(C)(=O)=O)cc1C(=O)N1CCN(c2ncc(C(F)(F)F)cc2Cl)CC1)C(F)(F)F,False,high
STR-8C3A97B1A2D095352AF3,IC50,biochemical_binding,1,1,0,1,1,0,0,7.301029995663981,7.301029995663981,7.301029995663981,50.0,50.0,IC50,1,inhibitory_potency,1,biochemical_binding,1,PubChem,156498099,Menin,2026,=,CCN(C(=O)c1cc(F)ccc1Oc1nncnc1N1CCC2(C1)CN([C@H](CCCNCCC(F)(F)F)C(C)C)C2)C(C)C,CCN(C(C)C)C(=O)C1=C(C=CC(=C1)F)OC2=C(N=CN=N2)N3CCC4(C3)CN(C4)[C@H](CCCNCCC(F)(F)F)C(C)C,CCN(C(=O)c1cc(F)ccc1Oc1nncnc1N1CCC2(C1)CN([C@H](CCCNCCC(F)(F)F)C(C)C)C2)C(C)C,CCN(C(=O)c1cc(F)ccc1Oc1nncnc1N1CCC2(C1)CN([C@H](CCCNCCC(F)(F)F)C(C)C)C2)C(C)C,ZPRKSGXAOHIUOP-RUZDIDTESA-N,ZPRKSGXAOHIUOP-RUZDIDTESA-N,standardized,0.0,False,2.0,strict_exact,exact_point_estimate,high_potency_<=100nM,True,True,IC50,biochemical_binding,False,0.9483672741277785,0.29329258558205523,0.23999999463558197,C[C@@H]1Cc2c([nH]c3ccc(F)cc23)[C@@H](c2c(F)ccc(OCCNCCCF)c2F)N1CC(F)(F)CO,False,high
STR-BEA4E748379BECE8B5BF,IC50,biochemical_binding,1,1,0,1,1,0,0,7.292429823902063,7.292429823902063,7.292429823902063,51.0,51.0,IC50,1,inhibitory_potency,1,biochemical_binding,1,PubChem,156531470,Menin,2026,=,CCN(C(=O)c1cc(F)ccc1Oc1nnc(C)nc1N1CCC2(C1)CN([C@H](CCCN)C(C)C)C2)C(C)C,CCN(C(C)C)C(=O)C1=C(C=CC(=C1)F)OC2=C(N=C(N=N2)C)N3CCC4(C3)CN(C4)[C@H](CCCN)C(C)C,CCN(C(=O)c1cc(F)ccc1Oc1nnc(C)nc1N1CCC2(C1)CN([C@H](CCCN)C(C)C)C2)C(C)C,CCN(C(=O)c1cc(F)ccc1Oc1nnc(C)nc1N1CCC2(C1)CN([C@H](CCCN)C(C)C)C2)C(C)C,MFQGLPSAOPEVGN-XMMPIXPASA-N,MFQGLPSAOPEVGN-XMMPIXPASA-N,standardized,0.0,False,2.0,strict_exact,exact_point_estimate,high_potency_<=100nM,True,True,IC50,biochemical_binding,False,0.2990643360025695,0.880144141641916,0.2450980395078659,CN(C)C(=O)N1CC(c2cc(F)ccc2F)=C[C@@]1(CCCN)c1ccccc1,False,low
STR-CE767B2CC0FDE9DEDE13,IC50,biochemical_binding,1,1,0,1,1,0,0,7.292429823902063,7.292429823902063,7.292429823902063,51.0,51.0,IC50,1,inhibitory_potency,1,biochemical_binding,1,PubChem,156497987,Menin,2026,=,CCN(C(=O)c1cc(F)ccc1Oc1nncnc1N1CCC2(C1)CN([C@H](CCCN(C)[C@H](C)COC)C(C)C)C2)C(C)C,CCN(C(C)C)C(=O)C1=C(C=CC(=C1)F)OC2=C(N=CN=N2)N3CCC4(C3)CN(C4)[C@H](CCCN(C)[C@H](C)COC)C(C)C,CCN(C(=O)c1cc(F)ccc1Oc1nncnc1N1CCC2(C1)CN([C@H](CCCN(C)[C@H](C)COC)C(C)C)C2)C(C)C,CCN(C(=O)c1cc(F)ccc1Oc1nncnc1N1CCC2(C1)CN([C@H](CCCN(C)[C@H](C)COC)C(C)C)C2)C(C)C,PUOUJWXILKKQSQ-LEAFIULHSA-N,PUOUJWXILKKQSQ-LEAFIULHSA-N,standardized,0.0,False,2.0,strict_exact,exact_point_estimate,high_potency_<=100nM,True,True,IC50,biochemical_binding,False,0.7429916709356418,0.8221982604007751,0.2232142835855484,O=C(CCc1ccccc1)c1cc(F)ccc1OCC(O)CN1CCN(C(c2ccccc2)c2ccccc2)CC1,False,high
STR-5B1180372851AE5365FB,IC50,biochemical_binding,1,2,1,2,1,0,0,7.2839966563652,7.2839966563652,7.2839966563652,52.0,52.0,IC50,1,inhibitory_potency,1,biochemical_binding,1,ChEMBL;PubChem,CHEMBL5988917,Menin,2021,=,O=S(=O)(CC1CCCCC1)c1ccc(N2CC(CN3CCC(C4(C5CCCC5)NCCc5ccccc54)CC3)C2)cc1,O=S(=O)(CC1CCCCC1)c1ccc(N2CC(CN3CCC(C4(C5CCCC5)NCCc5ccccc54)CC3)C2)cc1,O=S(=O)(CC1CCCCC1)c1ccc(N2CC(CN3CCC(C4(C5CCCC5)NCCc5ccccc54)CC3)C2)cc1,O=S(=O)(CC1CCCCC1)c1ccc(N2CC(CN3CCC(C4(C5CCCC5)NCCc5ccccc54)CC3)C2)cc1,UIVSDCHXMIQDNN-UHFFFAOYSA-N,UIVSDCHXMIQDNN-UHFFFAOYSA-N,standardized,0.0,False,2.0,strict_exact,exact_point_estimate,high_potency_<=100nM,True,True,IC50,biochemical_binding,False,0.9903887757140821,0.07820464590127173,0.3176470696926117,CC(=O)Nc1cccc(N2CCN(CC3CCN(S(=O)(=O)CC4CCCCC4)CC3)CC2)c1,True,high
STR-F935C48B5CC4A6286518,IC50,biochemical_binding,1,1,0,1,1,0,0,7.275724130399211,7.275724130399211,7.275724130399211,53.0,53.0,IC50,1,inhibitory_potency,1,biochemical_binding,1,PubChem,156531609,Menin,2026,=,CCN(C(=O)c1cc(F)ccc1Oc1nncnc1N1CCC2(C1)CN([C@H](C[C@@H](O)CN(C)CCOC)C(C)C)C2)C(C)C,CCN(C(C)C)C(=O)C1=C(C=CC(=C1)F)OC2=C(N=CN=N2)N3CCC4(C3)CN(C4)[C@H](C[C@H](CN(C)CCOC)O)C(C)C,CCN(C(=O)c1cc(F)ccc1Oc1nncnc1N1CCC2(C1)CN([C@H](C[C@@H](O)CN(C)CCOC)C(C)C)C2)C(C)C,CCN(C(=O)c1cc(F)ccc1Oc1nncnc1N1CCC2(C1)CN([C@H](C[C@@H](O)CN(C)CCOC)C(C)C)C2)C(C)C,XOMQNBYRAKVRPP-XNMGPUDCSA-N,XOMQNBYRAKVRPP-XNMGPUDCSA-N,standardized,0.0,False,2.0,strict_exact,exact_point_estimate,high_potency_<=100nM,True,True,IC50,biochemical_binding,False,0.47355743709297227,0.9979815674164801,0.2321428507566452,O=C(CCc1ccccc1)c1cc(F)ccc1OCC(O)CN1CCN(C(c2ccccc2)c2ccccc2)CC1,False,medium
STR-62EAA7BC9A8608AAD9F0,IC50,biochemical_binding,1,1,0,1,1,0,0,7.267606240177031,7.267606240177031,7.267606240177031,54.0,54.0,IC50,1,inhibitory_potency,1,biochemical_binding,1,PubChem,156498126,Menin,2026,=,CCN(C(=O)c1cc(F)ccc1Oc1nncnc1N1CCC2(C1)CN([C@H](CCCN(C)C[C@@H](O)COC)C(C)C)C2)C(C)C,CCN(C(C)C)C(=O)C1=C(C=CC(=C1)F)OC2=C(N=CN=N2)N3CCC4(C3)CN(C4)[C@H](CCCN(C)C[C@H](COC)O)C(C)C,CCN(C(=O)c1cc(F)ccc1Oc1nncnc1N1CCC2(C1)CN([C@H](CCCN(C)C[C@@H](O)COC)C(C)C)C2)C(C)C,CCN(C(=O)c1cc(F)ccc1Oc1nncnc1N1CCC2(C1)CN([C@H](CCCN(C)C[C@@H](O)COC)C(C)C)C2)C(C)C,RXDYQQDYECDPEA-IXCJQBJRSA-N,RXDYQQDYECDPEA-IXCJQBJRSA-N,standardized,0.0,False,2.0,strict_exact,exact_point_estimate,high_potency_<=100nM,True,True,IC50,biochemical_binding,False,0.39861978462019254,0.9701374923311312,0.24193547666072845,O=C(c1ccc(F)cc1OC[C@@H](O)CN1CCC2(CC1)Cc1cc(Cl)ccc1O2)N1CC[C@H](O)C1,False,medium
STR-DA939D5F87D225304F92,IC50,biochemical_binding,1,2,1,2,1,0,0,7.267606240177031,7.267606240177031,7.267606240177031,54.0,54.0,IC50,1,inhibitory_potency,1,biochemical_binding,1,ChEMBL;PubChem,CHEMBL5947705,Menin,2021,=,CN1Cc2ccccc2C(C2CCCC2)(C2CCN(CCCOc3ccc(C#N)cc3)CC2)C1,CN1Cc2ccccc2C(C2CCCC2)(C2CCN(CCCOc3ccc(C#N)cc3)CC2)C1,CN1Cc2ccccc2C(C2CCCC2)(C2CCN(CCCOc3ccc(C#N)cc3)CC2)C1,CN1Cc2ccccc2C(C2CCCC2)(C2CCN(CCCOc3ccc(C#N)cc3)CC2)C1,QIEUKYJSAPZUKJ-UHFFFAOYSA-N,QIEUKYJSAPZUKJ-UHFFFAOYSA-N,standardized,0.0,False,2.0,strict_exact,exact_point_estimate,high_potency_<=100nM,True,True,IC50,biochemical_binding,False,0.9967905316407922,0.031208316257063943,0.3417721390724182,C[C@]12CCCC[C@H]1C[C@@H](N1CCC[C@@H](N)C1)[C@@H]2Oc1ccc(C#N)cc1,True,high
STR-8D154D34949338668AD9,IC50,biochemical_binding,1,2,1,2,1,0,0,7.259637310505756,7.259637310505756,7.259637310505756,55.0,55.0,IC50,1,inhibitory_potency,1,biochemical_binding,1,ChEMBL;PubChem,CHEMBL5739851,Menin,2021,=,O=S(=O)(CC1CCC1)c1ccc(N2CC(CN3CCC(C4(C5CCCC5)NCCc5ccccc54)CC3)C2)cc1,O=S(=O)(CC1CCC1)c1ccc(N2CC(CN3CCC(C4(C5CCCC5)NCCc5ccccc54)CC3)C2)cc1,O=S(=O)(CC1CCC1)c1ccc(N2CC(CN3CCC(C4(C5CCCC5)NCCc5ccccc54)CC3)C2)cc1,O=S(=O)(CC1CCC1)c1ccc(N2CC(CN3CCC(C4(C5CCCC5)NCCc5ccccc54)CC3)C2)cc1,HWCOYSQOYQMZSZ-UHFFFAOYSA-N,HWCOYSQOYQMZSZ-UHFFFAOYSA-N,standardized,0.0,False,2.0,strict_exact,exact_point_estimate,high_potency_<=100nM,True,True,IC50,biochemical_binding,False,0.9815181496834026,0.13282956266988444,0.302325576543808,CC(=O)Nc1cccc(N2CCN(CC3CCN(S(=O)(=O)CC4CCCCC4)CC3)CC2)c1,True,high
STR-9B86A4BF42F7EC6AC8E3,IC50,biochemical_binding,1,1,0,1,1,0,0,7.259637310505756,7.259637310505756,7.259637310505756,55.0,55.0,IC50,1,inhibitory_potency,1,biochemical_binding,1,ChEMBL,CHEMBL4218711,Menin,2018,=,CCS(=O)(=O)N1CCN(CCn2c(C#N)cc3c(C)c(CN4CCC(Nc5ncnc6sc(CC(F)(F)F)cc56)CC4)ccc32)CC1,CCS(=O)(=O)N1CCN(CCn2c(C#N)cc3c(C)c(CN4CCC(Nc5ncnc6sc(CC(F)(F)F)cc56)CC4)ccc32)CC1,CCS(=O)(=O)N1CCN(CCn2c(C#N)cc3c(C)c(CN4CCC(Nc5ncnc6sc(CC(F)(F)F)cc56)CC4)ccc32)CC1,CCS(=O)(=O)N1CCN(CCn2c(C#N)cc3c(C)c(CN4CCC(Nc5ncnc6sc(CC(F)(F)F)cc56)CC4)ccc32)CC1,WFSSSQNIEOXNLR-UHFFFAOYSA-N,WFSSSQNIEOXNLR-UHFFFAOYSA-N,standardized,0.0,False,2.0,strict_exact,exact_point_estimate,high_potency_<=100nM,True,True,IC50,biochemical_binding,False,0.9670433760235184,0.20900906491373458,0.2989690601825714,FC(F)(F)c1ccc(C(F)(F)CN2CCC(Nc3ncnc4[nH]ncc34)CC2)cc1,True,high
STR-C21882423633547B198F,IC50,biochemical_binding,1,1,0,1,1,0,0,7.251811972993799,7.251811972993799,7.251811972993799,56.0,56.0,IC50,1,inhibitory_potency,1,biochemical_binding,1,ChEMBL,CHEMBL3126198,Menin,2014,=,N#Cc1ccc(OCCCN2CCC([C@@](N)(c3ccccc3)C3CCCC3)CC2)cc1,N#Cc1ccc(OCCCN2CCC([C@@](N)(c3ccccc3)C3CCCC3)CC2)cc1,N#Cc1ccc(OCCCN2CCC([C@@](N)(c3ccccc3)C3CCCC3)CC2)cc1,N#Cc1ccc(OCCCN2CCC([C@@](N)(c3ccccc3)C3CCCC3)CC2)cc1,AUWUGRCKTQSGJY-HHHXNRCGSA-N,AUWUGRCKTQSGJY-HHHXNRCGSA-N,standardized,0.0,False,2.0,strict_exact,exact_point_estimate,high_potency_<=100nM,True,True,IC50,biochemical_binding,False,0.9956867350963958,0.04009862585091715,0.4035087823867798,c1ccc(-c2ccc(OCCCCCN3CCCCCC3)cc2)cc1,True,high
STR-8327CD7E287E5727BD93,IC50,biochemical_binding,1,1,0,1,1,0,0,7.2441251443275085,7.2441251443275085,7.2441251443275085,57.0,57.0,IC50,1,inhibitory_potency,1,biochemical_binding,1,PubChem,156498006,Menin,2026,=,CCN(C(=O)c1cc(F)ccc1Oc1nncnc1N1CCC2(C1)CN([C@H](CCCNCC(C)(C)OC)C(C)C)C2)C(C)C,CCN(C(C)C)C(=O)C1=C(C=CC(=C1)F)OC2=C(N=CN=N2)N3CCC4(C3)CN(C4)[C@H](CCCNCC(C)(C)OC)C(C)C,CCN(C(=O)c1cc(F)ccc1Oc1nncnc1N1CCC2(C1)CN([C@H](CCCNCC(C)(C)OC)C(C)C)C2)C(C)C,CCN(C(=O)c1cc(F)ccc1Oc1nncnc1N1CCC2(C1)CN([C@H](CCCNCC(C)(C)OC)C(C)C)C2)C(C)C,BGKLHJYVRIJUSH-HHHXNRCGSA-N,BGKLHJYVRIJUSH-HHHXNRCGSA-N,standardized,0.0,False,2.0,strict_exact,exact_point_estimate,high_potency_<=100nM,True,True,IC50,biochemical_binding,False,0.801128523461112,0.7196652980712683,0.22480620443820953,COc1ccc(OCCNCCCF)c(F)c1[C@@H]1c2[nH]c3ccc(F)cc3c2C[C@@H](C)N1CC(F)(F)CO,False,high
STR-CE20B85B4A250EC35961,IC50,biochemical_binding,1,1,0,1,1,0,0,7.2441251443275085,7.2441251443275085,7.2441251443275085,57.0,57.0,IC50,1,inhibitory_potency,1,biochemical_binding,1,ChEMBL,CHEMBL4207176,Menin,2018,=,Cc1c(CN2CCC(Nc3ncnc4sc(CC(F)(F)F)cc34)CC2)ccc2c1cc(C#N)n2CCN1CCN(C(=O)CC2CCCC2)CC1,Cc1c(CN2CCC(Nc3ncnc4sc(CC(F)(F)F)cc34)CC2)ccc2c1cc(C#N)n2CCN1CCN(C(=O)CC2CCCC2)CC1,Cc1c(CN2CCC(Nc3ncnc4sc(CC(F)(F)F)cc34)CC2)ccc2c1cc(C#N)n2CCN1CCN(C(=O)CC2CCCC2)CC1,Cc1c(CN2CCC(Nc3ncnc4sc(CC(F)(F)F)cc34)CC2)ccc2c1cc(C#N)n2CCN1CCN(C(=O)CC2CCCC2)CC1,ZYKLVZAGTIVWNB-UHFFFAOYSA-N,ZYKLVZAGTIVWNB-UHFFFAOYSA-N,standardized,0.0,False,2.0,strict_exact,exact_point_estimate,high_potency_<=100nM,True,True,IC50,biochemical_binding,False,0.9804331240325402,0.13900172321954213,0.2788461446762085,FC(F)(F)c1ccc(C(F)(F)CN2CCC(Nc3ncnc4[nH]ncc34)CC2)cc1,True,high
STR-648FC2156F27220D48EE,IC50,biochemical_binding,1,1,0,1,1,0,0,7.236572006437063,7.236572006437063,7.236572006437063,58.0,58.0,IC50,1,inhibitory_potency,1,biochemical_binding,1,PubChem,165147000,Menin,2026,=,[2H]C([2H])(COC)N(C)CCC[C@H](C(C)C)N1CC2(CCN(c3ncnnc3Oc3ccc(F)cc3C(=O)N(CC)C(C)C)C2)C1,[2H]C([2H])(COC)N(C)CCC[C@H](C(C)C)N1CC2(C1)CCN(C2)C3=C(N=NC=N3)OC4=C(C=C(C=C4)F)C(=O)N(CC)C(C)C,[2H]C([2H])(COC)N(C)CCC[C@H](C(C)C)N1CC2(CCN(c3ncnnc3Oc3ccc(F)cc3C(=O)N(CC)C(C)C)C2)C1,[2H]C([2H])(COC)N(C)CCC[C@H](C(C)C)N1CC2(CCN(c3ncnnc3Oc3ccc(F)cc3C(=O)N(CC)C(C)C)C2)C1,PDUGAXSIWNMIBQ-MGYXHPKISA-N,PDUGAXSIWNMIBQ-MGYXHPKISA-N,standardized,0.0,False,2.0,strict_exact,exact_point_estimate,high_potency_<=100nM,True,True,IC50,biochemical_binding,False,0.8058200612536336,0.7101341292657126,0.23622047901153564,COCC(=O)O[C@]1(CCN(C)CCCc2nc3ccccc3[nH]2)CCc2cc(F)ccc2[C@@H]1C(C)C,False,high
STR-B3713976D3715B01F866,IC50,biochemical_binding,1,1,0,1,1,0,0,7.236572006437063,7.236572006437063,7.236572006437063,58.0,58.0,IC50,1,inhibitory_potency,1,biochemical_binding,1,PubChem,156531597,Menin,2026,=,CCN(C)C[C@H](O)C[C@H](C(C)C)N1CC2(CCN(c3ncnnc3Oc3ccc(F)cc3C(=O)N(CC)C(C)C)C2)C1,CCN(C)C[C@@H](C[C@H](C(C)C)N1CC2(C1)CCN(C2)C3=C(N=NC=N3)OC4=C(C=C(C=C4)F)C(=O)N(CC)C(C)C)O,CCN(C)C[C@H](O)C[C@H](C(C)C)N1CC2(CCN(c3ncnnc3Oc3ccc(F)cc3C(=O)N(CC)C(C)C)C2)C1,CCN(C)C[C@H](O)C[C@H](C(C)C)N1CC2(CCN(c3ncnnc3Oc3ccc(F)cc3C(=O)N(CC)C(C)C)C2)C1,LBZIHFPAAWTXAW-AOYPEHQESA-N,LBZIHFPAAWTXAW-AOYPEHQESA-N,standardized,0.0,False,2.0,strict_exact,exact_point_estimate,high_potency_<=100nM,True,True,IC50,biochemical_binding,False,0.5255167524867803,0.9981204927454621,0.2429906576871872,O=C(CCc1ccccc1)c1cc(F)ccc1OCC(O)CN1CCN(C(c2ccccc2)c2ccccc2)CC1,False,medium
STR-52D01EFC583EB20C9B2A,IC50,biochemical_binding,1,2,1,2,1,0,0,7.229147988357855,7.229147988357855,7.229147988357855,59.0,59.0,IC50,1,inhibitory_potency,1,biochemical_binding,1,ChEMBL;PubChem,CHEMBL5937153,Menin,2021,=,N#Cc1ccc(OCCCN2CCC(C3(C4CCCC4)NCCc4sccc43)CC2)cc1,N#Cc1ccc(OCCCN2CCC(C3(C4CCCC4)NCCc4sccc43)CC2)cc1,N#Cc1ccc(OCCCN2CCC(C3(C4CCCC4)NCCc4sccc43)CC2)cc1,N#Cc1ccc(OCCCN2CCC(C3(C4CCCC4)NCCc4sccc43)CC2)cc1,PNLBQWAYAPRXDG-UHFFFAOYSA-N,PNLBQWAYAPRXDG-UHFFFAOYSA-N,standardized,0.0,False,2.0,strict_exact,exact_point_estimate,high_potency_<=100nM,True,True,IC50,biochemical_binding,False,0.9993844687454654,0.007452933189921927,0.3086419701576233,C[C@]12CCCC[C@H]1C[C@@H](N1CCC[C@@H](N)C1)[C@@H]2Oc1ccc(C#N)cc1,True,high
STR-0C136D4784FF4E1D4A7F,IC50,biochemical_binding,1,1,0,1,1,0,0,7.221848749616356,7.221848749616356,7.221848749616356,60.0,60.0,IC50,1,inhibitory_potency,1,biochemical_binding,1,PubChem,156497996,Menin,2026,=,CCN(C(=O)c1cc(F)ccc1Oc1nncnc1N1CCC2(C1)CN([C@H](CCCN(C)[C@H](CO)COC)C(C)C)C2)C(C)C,CCN(C(C)C)C(=O)C1=C(C=CC(=C1)F)OC2=C(N=CN=N2)N3CCC4(C3)CN(C4)[C@H](CCCN(C)[C@H](CO)COC)C(C)C,CCN(C(=O)c1cc(F)ccc1Oc1nncnc1N1CCC2(C1)CN([C@H](CCCN(C)[C@H](CO)COC)C(C)C)C2)C(C)C,CCN(C(=O)c1cc(F)ccc1Oc1nncnc1N1CCC2(C1)CN([C@H](CCCN(C)[C@H](CO)COC)C(C)C)C2)C(C)C,YOQWWUCULBZDSG-IXCJQBJRSA-N,YOQWWUCULBZDSG-IXCJQBJRSA-N,standardized,0.0,False,2.0,strict_exact,exact_point_estimate,high_potency_<=100nM,True,True,IC50,biochemical_binding,False,0.26565237479736287,0.8351566543482688,0.21929824352264404,O=C(CCc1ccccc1)c1cc(F)ccc1OCC(O)CN1CCN(C(c2ccccc2)c2ccccc2)CC1,False,low
STR-78D6D64DD53A6832B414,IC50,biochemical_binding,1,2,1,2,1,0,0,7.214670164989233,7.214670164989233,7.214670164989233,61.0,61.0,IC50,1,inhibitory_potency,1,biochemical_binding,1,ChEMBL;PubChem,CHEMBL5756211,Menin,2021,=,CN1Cc2ccccc2C(C2CCCC2)(C2CCN(CC3CN(c4ccc(S(C)(=O)=O)cc4)C3)CC2)C1,CN1Cc2ccccc2C(C2CCCC2)(C2CCN(CC3CN(c4ccc(S(C)(=O)=O)cc4)C3)CC2)C1,CN1Cc2ccccc2C(C2CCCC2)(C2CCN(CC3CN(c4ccc(S(C)(=O)=O)cc4)C3)CC2)C1,CN1Cc2ccccc2C(C2CCCC2)(C2CCN(CC3CN(c4ccc(S(C)(=O)=O)cc4)C3)CC2)C1,KIVOYWINAGCDCG-UHFFFAOYSA-N,KIVOYWINAGCDCG-UHFFFAOYSA-N,standardized,0.0,False,2.0,strict_exact,exact_point_estimate,high_potency_<=100nM,True,True,IC50,biochemical_binding,False,0.9328703276720847,0.35511968196977917,0.2666666805744171,CCOC(=O)N1CCC(CN2CCC3(CC2)CN(S(C)(=O)=O)c2ncccc23)CC1,True,high
STR-EC9D5328307E3ED96B61,IC50,biochemical_binding,1,2,1,2,1,0,0,7.214670164989233,7.214670164989233,7.214670164989233,61.0,61.0,IC50,1,inhibitory_potency,1,biochemical_binding,1,ChEMBL;PubChem,CHEMBL5774620,Menin,2021,=,N#Cc1ccc(OCCCN2CCC(C3(C4CCCC4)CNCc4ccccc43)CC2)cc1,N#Cc1ccc(OCCCN2CCC(C3(C4CCCC4)CNCc4ccccc43)CC2)cc1,N#Cc1ccc(OCCCN2CCC(C3(C4CCCC4)CNCc4ccccc43)CC2)cc1,N#Cc1ccc(OCCCN2CCC(C3(C4CCCC4)CNCc4ccccc43)CC2)cc1,LYRJXVTYMMUZBH-UHFFFAOYSA-N,LYRJXVTYMMUZBH-UHFFFAOYSA-N,standardized,0.0,False,2.0,strict_exact,exact_point_estimate,high_potency_<=100nM,True,True,IC50,biochemical_binding,False,0.9991346017012753,0.010052828982659811,0.3384615480899811,c1ccc(-c2ccc(OCCCCCN3CCCCCC3)cc2)cc1,True,high
STR-913F46730FAF3C502A72,IC50,biochemical_binding,1,2,1,2,1,0,0,7.207608310501746,7.207608310501746,7.207608310501746,62.0,62.0,IC50,1,inhibitory_potency,1,biochemical_binding,1,ChEMBL;PubChem,CHEMBL5861013,Menin,2021,=,CNC(=O)O[C@@H]1CCC[C@H]1[C@@](C#N)(c1ccccc1)C1CCN(CC2CN(c3ccc(S(=O)(=O)c4ccncc4)cc3)C2)CC1,CNC(=O)O[C@@H]1CCC[C@H]1[C@@](C#N)(c1ccccc1)C1CCN(CC2CN(c3ccc(S(=O)(=O)c4ccncc4)cc3)C2)CC1,CNC(=O)O[C@@H]1CCC[C@H]1[C@@](C#N)(c1ccccc1)C1CCN(CC2CN(c3ccc(S(=O)(=O)c4ccncc4)cc3)C2)CC1,CNC(=O)O[C@@H]1CCC[C@H]1[C@@](C#N)(c1ccccc1)C1CCN(CC2CN(c3ccc(S(=O)(=O)c4ccncc4)cc3)C2)CC1,GWDOGFQBFWTQSO-POYCELQWSA-N,GWDOGFQBFWTQSO-POYCELQWSA-N,standardized,0.0,False,2.0,strict_exact,exact_point_estimate,high_potency_<=100nM,True,True,IC50,biochemical_binding,False,0.027222625454477855,0.18026624909626343,0.2549019753932953,C[C@@H]1CN(CC2(c3ccncc3)CC2)CCN1S(=O)(=O)c1ccc(C(C)(O)C(F)(F)F)cc1,False,low
STR-BB5DA7F787A2FB885A08,IC50,biochemical_binding,1,1,0,1,1,0,0,7.207608310501746,7.207608310501746,7.207608310501746,62.0,62.0,IC50,1,inhibitory_potency,1,biochemical_binding,1,PubChem,156532045,Menin,2026,=,CCN(C(=O)c1cc(F)ccc1Oc1nncnc1N1CCC2(C1)CN([C@H](CCCN(C)C[C@@H](COC)OC)C(C)C)C2)C(C)C,CCN(C(C)C)C(=O)C1=C(C=CC(=C1)F)OC2=C(N=CN=N2)N3CCC4(C3)CN(C4)[C@H](CCCN(C)C[C@@H](COC)OC)C(C)C,CCN(C(=O)c1cc(F)ccc1Oc1nncnc1N1CCC2(C1)CN([C@H](CCCN(C)C[C@@H](COC)OC)C(C)C)C2)C(C)C,CCN(C(=O)c1cc(F)ccc1Oc1nncnc1N1CCC2(C1)CN([C@H](CCCN(C)C[C@@H](COC)OC)C(C)C)C2)C(C)C,MTSJANLOLAEYMN-LMSSTIIKSA-N,MTSJANLOLAEYMN-LMSSTIIKSA-N,standardized,0.0,False,2.0,strict_exact,exact_point_estimate,high_potency_<=100nM,True,True,IC50,biochemical_binding,False,0.597353008214309,0.9724779417178726,0.23255814611911774,COCC(=O)O[C@]1(CCN(C)CCCc2nc3ccccc3[nH]2)CCc2cc(F)ccc2[C@@H]1C(C)C,False,medium
STR-2C30E7D0A7F4E210317C,IC50,biochemical_binding,1,1,0,1,1,0,0,7.200659450546418,7.200659450546418,7.200659450546418,63.0,63.0,IC50,1,inhibitory_potency,1,biochemical_binding,1,PubChem,156498042,Menin,2026,=,CCN(C(=O)c1cc(F)ccc1Oc1nncnc1N1CCC2(C1)CN([C@H](CCCN(C)CCC(=O)N(C)C)C(C)C)C2)C(C)C,CCN(C(C)C)C(=O)C1=C(C=CC(=C1)F)OC2=C(N=CN=N2)N3CCC4(C3)CN(C4)[C@H](CCCN(C)CCC(=O)N(C)C)C(C)C,CCN(C(=O)c1cc(F)ccc1Oc1nncnc1N1CCC2(C1)CN([C@H](CCCN(C)CCC(=O)N(C)C)C(C)C)C2)C(C)C,CCN(C(=O)c1cc(F)ccc1Oc1nncnc1N1CCC2(C1)CN([C@H](CCCN(C)CCC(=O)N(C)C)C(C)C)C2)C(C)C,JXDWAAGHABFRSZ-MUUNZHRXSA-N,JXDWAAGHABFRSZ-MUUNZHRXSA-N,standardized,0.0,False,2.0,strict_exact,exact_point_estimate,high_potency_<=100nM,True,True,IC50,biochemical_binding,False,0.46619325852682864,0.9966997826592414,0.230158731341362,COCC(=O)O[C@]1(CCN(C)CCCc2nc3ccccc3[nH]2)CCc2cc(F)ccc2[C@@H]1C(C)C,False,medium
STR-9C7406FBB59A2F2C8D9C,IC50,biochemical_binding,1,2,1,2,1,0,0,7.200659450546418,7.200659450546418,7.200659450546418,63.0,63.0,IC50,1,inhibitory_potency,1,biochemical_binding,1,ChEMBL;PubChem,CHEMBL5889988,Menin,2021,=,CNC(=O)O[C@H]1CCC[C@@H]1C(CN1CCCC1)(c1ccccc1)C1CCN(CC2CN(c3ccc(S(=O)(=O)c4ccccc4)cc3)C2)CC1,CNC(=O)O[C@H]1CCC[C@@H]1C(CN1CCCC1)(c1ccccc1)C1CCN(CC2CN(c3ccc(S(=O)(=O)c4ccccc4)cc3)C2)CC1,CNC(=O)O[C@H]1CCC[C@@H]1C(CN1CCCC1)(c1ccccc1)C1CCN(CC2CN(c3ccc(S(=O)(=O)c4ccccc4)cc3)C2)CC1,CNC(=O)O[C@H]1CCC[C@@H]1C(CN1CCCC1)(c1ccccc1)C1CCN(CC2CN(c3ccc(S(=O)(=O)c4ccccc4)cc3)C2)CC1,XGFRLKILDHBJKF-CVSIUOJSSA-N,XGFRLKILDHBJKF-CVSIUOJSSA-N,standardized,0.0,False,2.0,strict_exact,exact_point_estimate,high_potency_<=100nM,True,True,IC50,biochemical_binding,False,0.2032978574365295,0.7284749771190447,0.2631579041481018,CC(=O)Nc1cccc(N2CCN(CC3CCN(S(=O)(=O)CC4CCCCC4)CC3)CC2)c1,True,low
STR-D778F7E0C069C7D2FAAC,IC50,biochemical_binding,1,1,0,1,1,0,0,7.200659450546418,7.200659450546418,7.200659450546418,63.0,63.0,IC50,1,inhibitory_potency,1,biochemical_binding,1,ChEMBL,CHEMBL4210221,Menin,2018,=,Cc1c(CN2CCC(Nc3ncnc4sc(CC(F)(F)F)cc34)CC2)ccc2c1cc(C#N)n2CCC1CCN(C=O)CC1,Cc1c(CN2CCC(Nc3ncnc4sc(CC(F)(F)F)cc34)CC2)ccc2c1cc(C#N)n2CCC1CCN(C=O)CC1,Cc1c(CN2CCC(Nc3ncnc4sc(CC(F)(F)F)cc34)CC2)ccc2c1cc(C#N)n2CCC1CCN(C=O)CC1,Cc1c(CN2CCC(Nc3ncnc4sc(CC(F)(F)F)cc34)CC2)ccc2c1cc(C#N)n2CCC1CCN(C=O)CC1,UEZIPHUTYUNILO-UHFFFAOYSA-N,UEZIPHUTYUNILO-UHFFFAOYSA-N,standardized,0.0,False,2.0,strict_exact,exact_point_estimate,high_potency_<=100nM,True,True,IC50,biochemical_binding,False,0.9928389793930661,0.061320794413980154,0.28282827138900757,FC(F)(F)c1ccc(C(F)(F)CN2CCC(Nc3ncnc4[nH]ncc34)CC2)cc1,True,high
STR-CF5201A5F0C9949F8EED,IC50,biochemical_binding,1,1,0,1,1,0,0,7.198596289982645,7.198596289982645,7.198596289982645,63.3,63.3,IC50,1,inhibitory_potency,1,biochemical_binding,1,ChEMBL,CHEMBL2314830,Menin,2013,=,CC(=O)N[C@@H](CCCNC(=N)N)C(=O)N[C@@H](Cc1c[nH]c2ccccc12)C(=O)N[C@H]1CCCCCCNC(=O)[C@@H]2CCCN2C(=O)[C@H](CCCNC(=N)N)NC(=O)[C@H](C)NC(=O)[C@@H]2CCCN2C(=O)[C@H](Cc2ccccc2)NC1=O,CC(=O)N[C@@H](CCCNC(=N)N)C(=O)N[C@@H](Cc1c[nH]c2ccccc12)C(=O)N[C@H]1CCCCCCNC(=O)[C@@H]2CCCN2C(=O)[C@H](CCCNC(=N)N)NC(=O)[C@H](C)NC(=O)[C@@H]2CCCN2C(=O)[C@H](Cc2ccccc2)NC1=O,CC(=O)N[C@@H](CCCNC(=N)N)C(=O)N[C@@H](Cc1c[nH]c2ccccc12)C(=O)N[C@H]1CCCCCCNC(=O)[C@@H]2CCCN2C(=O)[C@H](CCCNC(=N)N)NC(=O)[C@H](C)NC(=O)[C@@H]2CCCN2C(=O)[C@H](Cc2ccccc2)NC1=O,CC(=O)N[C@@H](CCCNC(=N)N)C(=O)N[C@@H](Cc1c[nH]c2ccccc12)C(=O)N[C@H]1CCCCCCNC(=O)[C@@H]2CCCN2C(=O)[C@H](CCCNC(=N)N)NC(=O)[C@H](C)NC(=O)[C@@H]2CCCN2C(=O)[C@H](Cc2ccccc2)NC1=O,BYWMMCREGHDVJU-MONHXIESSA-N,BYWMMCREGHDVJU-MONHXIESSA-N,standardized,0.0,False,2.0,strict_exact,exact_point_estimate,high_potency_<=100nM,True,True,IC50,biochemical_binding,False,3.49339209143405e-06,6.83643994537913e-05,0.261904776096344,COC(=O)C(Cc1c[nH]c2ccccc12)NS(=O)(=O)c1ccc(OC2CCCC2)cc1,True,low
STR-00A2ED8561E7DE80CF5F,IC50,biochemical_binding,1,1,0,1,1,0,0,7.187086643357144,7.187086643357144,7.187086643357144,65.0,65.0,IC50,1,inhibitory_potency,1,biochemical_binding,1,PubChem,156532023,Menin,2026,=,CCN(C(=O)c1cc(F)ccc1Oc1nncnc1N1CCC2(C1)CN([C@H](CCCN(C)C(C)C)C(C)C)C2)C(C)C,CCN(C(C)C)C(=O)C1=C(C=CC(=C1)F)OC2=C(N=CN=N2)N3CCC4(C3)CN(C4)[C@H](CCCN(C)C(C)C)C(C)C,CCN(C(=O)c1cc(F)ccc1Oc1nncnc1N1CCC2(C1)CN([C@H](CCCN(C)C(C)C)C(C)C)C2)C(C)C,CCN(C(=O)c1cc(F)ccc1Oc1nncnc1N1CCC2(C1)CN([C@H](CCCN(C)C(C)C)C(C)C)C2)C(C)C,LOLWSLIKQBDZNW-HHHXNRCGSA-N,LOLWSLIKQBDZNW-HHHXNRCGSA-N,standardized,0.0,False,2.0,strict_exact,exact_point_estimate,high_potency_<=100nM,True,True,IC50,biochemical_binding,False,0.8335029244460113,0.6496284938618065,0.22429905831813812,O=C(CCc1ccccc1)c1cc(F)ccc1OCC(O)CN1CCN(C(c2ccccc2)c2ccccc2)CC1,False,high
STR-4963BC6466091AE476AA,IC50,biochemical_binding,1,2,1,2,1,0,0,7.187086643357144,7.187086643357144,7.187086643357144,65.0,65.0,IC50,1,inhibitory_potency,1,biochemical_binding,1,ChEMBL;PubChem,CHEMBL5851370,Menin,2021,=,CN1COCN([C@H]2CCC[C@@H]2C(C#N)(c2ccccc2)C2CCN(CC3CN(c4ccc(S(=O)(=O)c5ccncc5)cc4)C3)CC2)C1=O,CN1COCN([C@H]2CCC[C@@H]2C(C#N)(c2ccccc2)C2CCN(CC3CN(c4ccc(S(=O)(=O)c5ccncc5)cc4)C3)CC2)C1=O,CN1COCN([C@H]2CCC[C@@H]2C(C#N)(c2ccccc2)C2CCN(CC3CN(c4ccc(S(=O)(=O)c5ccncc5)cc4)C3)CC2)C1=O,CN1COCN([C@H]2CCC[C@@H]2C(C#N)(c2ccccc2)C2CCN(CC3CN(c4ccc(S(=O)(=O)c5ccncc5)cc4)C3)CC2)C1=O,UREBWGOENTXZBD-FWBANIIHSA-N,UREBWGOENTXZBD-FWBANIIHSA-N,standardized,0.0,False,2.0,strict_exact,exact_point_estimate,high_potency_<=100nM,True,True,IC50,biochemical_binding,False,0.060652498450796594,0.33002966724521204,0.24761904776096344,Cn1c(SCCCN2CC3CCN(c4ccccc4)C3C2)nnc1C1CCOCC1,False,low
STR-FF8C3D50A964C03AC597,IC50,biochemical_binding,1,1,0,1,1,0,0,7.187086643357144,7.187086643357144,7.187086643357144,65.0,65.0,IC50,1,inhibitory_potency,1,biochemical_binding,1,ChEMBL,CHEMBL3613789,Menin,2015,=,CC1(C)CN=C(N2CCN(c3ncnc4sc(CC(F)F)cc34)CC2)S1,CC1(C)CN=C(N2CCN(c3ncnc4sc(CC(F)F)cc34)CC2)S1,CC1(C)CN=C(N2CCN(c3ncnc4sc(CC(F)F)cc34)CC2)S1,CC1(C)CN=C(N2CCN(c3ncnc4sc(CC(F)F)cc34)CC2)S1,CCXCUJOBJWILJV-UHFFFAOYSA-N,CCXCUJOBJWILJV-UHFFFAOYSA-N,standardized,0.0,False,2.0,strict_exact,exact_point_estimate,high_potency_<=100nM,True,True,IC50,biochemical_binding,False,0.9786584744010229,0.1489079886086385,0.20512820780277252,CN1CCCN(c2nccc3[nH]c(-c4cc(F)cc(F)c4)nc23)CC1,False,high
STR-A3B4307502A8FF889516,IC50,biochemical_binding,1,1,0,1,1,0,0,7.180456064458131,7.180456064458131,7.180456064458131,66.0,66.0,IC50,1,inhibitory_potency,1,biochemical_binding,1,PubChem,156498052,Menin,2026,=,CCN(C(=O)c1cc(F)ccc1Oc1nncnc1N1CCC2(C1)CN([C@H](CCC(C)N(C)CCOC)C(C)C)C2)C(C)C,CCN(C(C)C)C(=O)C1=C(C=CC(=C1)F)OC2=C(N=CN=N2)N3CCC4(C3)CN(C4)[C@H](CCC(C)N(C)CCOC)C(C)C,CCN(C(=O)c1cc(F)ccc1Oc1nncnc1N1CCC2(C1)CN([C@H](CCC(C)N(C)CCOC)C(C)C)C2)C(C)C,CCN(C(=O)c1cc(F)ccc1Oc1nncnc1N1CCC2(C1)CN([C@H](CCC(C)N(C)CCOC)C(C)C)C2)C(C)C,HLTONXJONDUJCT-MPSNESSQSA-N,HLTONXJONDUJCT-MPSNESSQSA-N,standardized,0.0,False,2.0,strict_exact,exact_point_estimate,high_potency_<=100nM,True,True,IC50,biochemical_binding,False,0.5372911840257866,0.9959837547890968,0.22413793206214905,CC(Oc1ccc(S(C)(=O)=O)cc1C(=O)N1CCN(c2ncc(C(F)(F)F)cc2Cl)CC1)C(F)(F)F,False,medium
STR-E082AD0DE1F3A12CC536,IC50,biochemical_binding,1,2,1,2,1,0,0,7.180456064458131,7.180456064458131,7.180456064458131,66.0,66.0,IC50,1,inhibitory_potency,1,biochemical_binding,1,ChEMBL;PubChem,CHEMBL6027587,Menin,2021,=,CC(=O)O[C@H]1CCC[C@@H]1C(C#N)(c1ccccc1F)C1CCN(CCCOc2ccc(C#N)cc2)CC1,CC(=O)O[C@H]1CCC[C@@H]1C(C#N)(c1ccccc1F)C1CCN(CCCOc2ccc(C#N)cc2)CC1,CC(=O)O[C@H]1CCC[C@@H]1C(C#N)(c1ccccc1F)C1CCN(CCCOc2ccc(C#N)cc2)CC1,CC(=O)O[C@H]1CCC[C@@H]1C(C#N)(c1ccccc1F)C1CCN(CCCOc2ccc(C#N)cc2)CC1,CJQQTVQISYHBBS-CVYBXRIJSA-N,CJQQTVQISYHBBS-CVYBXRIJSA-N,standardized,0.0,False,2.0,strict_exact,exact_point_estimate,high_potency_<=100nM,True,True,IC50,biochemical_binding,False,0.9878645486890731,0.09463872920723133,0.3263157904148102,O=C(c1ccc(F)cc1F)C1CCN(CCCOc2ccc(-c3nc4ccccc4o3)cc2)CC1,True,high
STR-0FC172F4903F344CAD3C,IC50,biochemical_binding,1,2,1,2,1,0,0,7.173925197299173,7.173925197299173,7.173925197299173,67.0,67.0,IC50,1,inhibitory_potency,1,biochemical_binding,1,ChEMBL;PubChem,CHEMBL4467100,Menin,2019,=,CC(C)S(=O)(=O)c1ccc(N2CC(CN3CCC(C4(C5CCCC5)NCCc5ccccc54)CC3)C2)cc1,CC(C)S(=O)(=O)c1ccc(N2CC(CN3CCC(C4(C5CCCC5)NCCc5ccccc54)CC3)C2)cc1,CC(C)S(=O)(=O)c1ccc(N2CC(CN3CCC(C4(C5CCCC5)NCCc5ccccc54)CC3)C2)cc1,CC(C)S(=O)(=O)c1ccc(N2CC(CN3CCC(C4(C5CCCC5)NCCc5ccccc54)CC3)C2)cc1,WQJJCYKNSAPEIG-UHFFFAOYSA-N,WQJJCYKNSAPEIG-UHFFFAOYSA-N,standardized,0.0,False,2.0,strict_exact,exact_point_estimate,high_potency_<=100nM,True,True,IC50,biochemical_binding,False,0.9269113551864502,0.3773455682562157,0.2527472674846649,CC(=O)Nc1cccc(N2CCN(CC3CCN(S(=O)(=O)CC4CCCCC4)CC3)CC2)c1,False,high
STR-B42C6A96CD90C7D4D5BD,IC50,biochemical_binding,1,1,0,1,1,0,0,7.173925197299173,7.173925197299173,7.173925197299173,67.0,67.0,IC50,1,inhibitory_potency,1,biochemical_binding,1,PubChem,156531430,Menin,2026,=,CCN(C(=O)c1cc(F)ccc1Oc1nncnc1N1CCC2(C1)CN([C@H](CCC(C)(C)N)C(C)C)C2)C(C)C,CCN(C(C)C)C(=O)C1=C(C=CC(=C1)F)OC2=C(N=CN=N2)N3CCC4(C3)CN(C4)[C@H](CCC(C)(C)N)C(C)C,CCN(C(=O)c1cc(F)ccc1Oc1nncnc1N1CCC2(C1)CN([C@H](CCC(C)(C)N)C(C)C)C2)C(C)C,CCN(C(=O)c1cc(F)ccc1Oc1nncnc1N1CCC2(C1)CN([C@H](CCC(C)(C)N)C(C)C)C2)C(C)C,SYOJWXRBJAMSKA-XMMPIXPASA-N,SYOJWXRBJAMSKA-XMMPIXPASA-N,standardized,0.0,False,2.0,strict_exact,exact_point_estimate,high_potency_<=100nM,True,True,IC50,biochemical_binding,False,0.3922073583117276,0.9662092704141387,0.2432432472705841,CC(Oc1ccc(S(C)(=O)=O)cc1C(=O)N1CCN(c2ncc(C(F)(F)F)cc2Cl)CC1)C(F)(F)F,False,medium
STR-CBD434F7064DC5235A11,IC50,biochemical_binding,1,1,0,1,1,0,0,7.173925197299173,7.173925197299173,7.173925197299173,67.0,67.0,IC50,1,inhibitory_potency,1,biochemical_binding,1,PubChem,178185575,Menin,2026,=,COCCCNCCC[C@H](C(C)C)N1CC2(CCN(C3=CN(Oc4ccc(F)cc4C(=O)N(C[13CH3])CC[13CH3])NC=N3)C2)C1,CC(C)[C@@H](CCCNCCCOC)N1CC2(C1)CCN(C2)C3=CN(NC=N3)OC4=C(C=C(C=C4)F)C(=O)N(C[13CH3])CC[13CH3],COCCCNCCC[C@H](C(C)C)N1CC2(CCN(C3=CN(Oc4ccc(F)cc4C(=O)N(C[13CH3])CC[13CH3])NC=N3)C2)C1,COCCCNCCC[C@H](C(C)C)N1CC2(CCN(C3=CN(Oc4ccc(F)cc4C(=O)N(C[13CH3])CC[13CH3])NC=N3)C2)C1,KYEUOICMTWUEDN-SNTPHQNISA-N,KYEUOICMTWUEDN-SNTPHQNISA-N,standardized,0.0,False,2.0,strict_exact,exact_point_estimate,high_potency_<=100nM,True,True,IC50,biochemical_binding,False,0.7511631276105444,0.8094294006895386,0.24193547666072845,C[C@@H]1Cc2c([nH]c3cc(F)ccc23)[C@@H](c2c(F)ccc(OCCNCCCF)c2F)N1CC(F)(F)CO,False,high
STR-1380FDB405A07D2654DB,IC50,biochemical_binding,1,2,1,2,1,0,0,7.167491087293763,7.167491087293763,7.167491087293763,68.0,68.0,IC50,1,inhibitory_potency,1,biochemical_binding,1,ChEMBL;PubChem,CHEMBL5983137,Menin,2021,=,CNC(=O)O[C@H]1CCC[C@@H]1C(C#N)(c1ccccc1)C1CCN(CC2(F)CN(c3ccc(S(=O)(=O)c4cnn(C)c4)cc3)C2)CC1,CNC(=O)O[C@H]1CCC[C@@H]1C(C#N)(c1ccccc1)C1CCN(CC2(F)CN(c3ccc(S(=O)(=O)c4cnn(C)c4)cc3)C2)CC1,CNC(=O)O[C@H]1CCC[C@@H]1C(C#N)(c1ccccc1)C1CCN(CC2(F)CN(c3ccc(S(=O)(=O)c4cnn(C)c4)cc3)C2)CC1,CNC(=O)O[C@H]1CCC[C@@H]1C(C#N)(c1ccccc1)C1CCN(CC2(F)CN(c3ccc(S(=O)(=O)c4cnn(C)c4)cc3)C2)CC1,RZWRMCFYZPLCHI-FVVNGJPMSA-N,RZWRMCFYZPLCHI-FVVNGJPMSA-N,standardized,0.0,False,2.0,strict_exact,exact_point_estimate,high_potency_<=100nM,True,True,IC50,biochemical_binding,False,0.0073950988826310595,0.0629808199983676,0.23529411852359772,CNC(=O)C(CCN1CCC(O)(c2ccc(Cl)cc2)CC1)(c1ccccc1)c1ccccc1,False,low
STR-AD791DBCBA03342A8D18,IC50,biochemical_binding,1,2,1,2,1,0,0,7.167491087293763,7.167491087293763,7.167491087293763,68.0,68.0,IC50,1,inhibitory_potency,1,biochemical_binding,1,ChEMBL;PubChem,CHEMBL5844945,Menin,2021,=,CNC(=O)O[C@@H]1CCC[C@H]1C(C#N)(c1ccccc1)C1CCN(CC2CN(c3ccc(S(=O)(=O)c4ccn(C)n4)cc3)C2)CC1,CNC(=O)O[C@@H]1CCC[C@H]1C(C#N)(c1ccccc1)C1CCN(CC2CN(c3ccc(S(=O)(=O)c4ccn(C)n4)cc3)C2)CC1,CNC(=O)O[C@@H]1CCC[C@H]1C(C#N)(c1ccccc1)C1CCN(CC2CN(c3ccc(S(=O)(=O)c4ccn(C)n4)cc3)C2)CC1,CNC(=O)O[C@@H]1CCC[C@H]1C(C#N)(c1ccccc1)C1CCN(CC2CN(c3ccc(S(=O)(=O)c4ccn(C)n4)cc3)C2)CC1,XGDPJMZKJSYGJF-INJIGVFBSA-N,XGDPJMZKJSYGJF-INJIGVFBSA-N,standardized,0.0,False,2.0,strict_exact,exact_point_estimate,high_potency_<=100nM,True,True,IC50,biochemical_binding,False,0.051640191859570465,0.29332393510040256,0.24210526049137115,CC(C)(O)c1ccc(C(O)CCCN2CCC(C(O)(c3ccccc3)c3ccccc3)CC2)cc1,False,low
STR-BA4B8BF78E2F3EDB8F63,IC50,biochemical_binding,1,1,0,1,1,0,0,7.167491087293763,7.167491087293763,7.167491087293763,68.0,68.0,IC50,1,inhibitory_potency,1,biochemical_binding,1,PubChem,156531610,Menin,2026,=,CCN(C(=O)c1cc(F)ccc1Oc1nncnc1N1CCC2(C1)CN([C@H](CCNCCC(N)=O)C(C)C)C2)C(C)C,CCN(C(C)C)C(=O)C1=C(C=CC(=C1)F)OC2=C(N=CN=N2)N3CCC4(C3)CN(C4)[C@H](CCNCCC(=O)N)C(C)C,CCN(C(=O)c1cc(F)ccc1Oc1nncnc1N1CCC2(C1)CN([C@H](CCNCCC(N)=O)C(C)C)C2)C(C)C,CCN(C(=O)c1cc(F)ccc1Oc1nncnc1N1CCC2(C1)CN([C@H](CCNCCC(N)=O)C(C)C)C2)C(C)C,GSVGFVABARFWQC-XMMPIXPASA-N,GSVGFVABARFWQC-XMMPIXPASA-N,standardized,0.0,False,2.0,strict_exact,exact_point_estimate,high_potency_<=100nM,True,True,IC50,biochemical_binding,False,0.23477918516704116,0.7862499110070185,0.23076923191547394,NC(=O)Nc1ccc(F)cc1OC[C@@H](O)CN1CCC2(CC1)Cc1cc(Cl)ccc1O2,False,low
STR-E3B8278C7728D509C360,IC50,biochemical_binding,1,1,0,1,1,0,0,7.154901959985743,7.154901959985743,7.154901959985743,70.0,70.0,IC50,1,inhibitory_potency,1,biochemical_binding,1,PubChem,156531773,Menin,2026,=,CC(C)[C@@H](CCCN(C)CCC(=O)N(C)C)N1CC2(CCN(c3ncnnc3Oc3ccc(F)cc3C(=O)N(C(C)C)C(C)C)C2)C1,CC(C)[C@@H](CCCN(C)CCC(=O)N(C)C)N1CC2(C1)CCN(C2)C3=C(N=NC=N3)OC4=C(C=C(C=C4)F)C(=O)N(C(C)C)C(C)C,CC(C)[C@@H](CCCN(C)CCC(=O)N(C)C)N1CC2(CCN(c3ncnnc3Oc3ccc(F)cc3C(=O)N(C(C)C)C(C)C)C2)C1,CC(C)[C@@H](CCCN(C)CCC(=O)N(C)C)N1CC2(CCN(c3ncnnc3Oc3ccc(F)cc3C(=O)N(C(C)C)C(C)C)C2)C1,QBAAZHFEOGJQPO-GDLZYMKVSA-N,QBAAZHFEOGJQPO-GDLZYMKVSA-N,standardized,0.0,False,2.0,strict_exact,exact_point_estimate,high_potency_<=100nM,True,True,IC50,biochemical_binding,False,0.6478370948924849,0.9359848937640256,0.24590164422988892,COCC(=O)O[C@]1(CCN(C)CCCc2nc3ccccc3[nH]2)CCc2cc(F)ccc2[C@@H]1C(C)C,False,medium
STR-36584B3033D9C455D195,IC50,biochemical_binding,1,2,1,2,1,0,0,7.1487416512809245,7.1487416512809245,7.1487416512809245,71.0,71.0,IC50,1,inhibitory_potency,1,biochemical_binding,1,ChEMBL;PubChem,CHEMBL4448045,Menin,2019,=,N#Cc1ccc(OCCCN2CCC(C3(C4CCCC4)NCCc4ccccc43)CC2)cc1,N#Cc1ccc(OCCCN2CCC(C3(C4CCCC4)NCCc4ccccc43)CC2)cc1,N#Cc1ccc(OCCCN2CCC(C3(C4CCCC4)NCCc4ccccc43)CC2)cc1,N#Cc1ccc(OCCCN2CCC(C3(C4CCCC4)NCCc4ccccc43)CC2)cc1,IUELPAAABCQQDW-UHFFFAOYSA-N,IUELPAAABCQQDW-UHFFFAOYSA-N,standardized,0.0,False,2.0,strict_exact,exact_point_estimate,high_potency_<=100nM,True,True,IC50,biochemical_binding,False,0.9990591425661542,0.010815864095054023,0.34375,c1ccc(-c2ccc(OCCCCCN3CCCCCC3)cc2)cc1,True,high
STR-851AFDDDDD073021FE40,IC50,biochemical_binding,1,1,0,1,1,0,0,7.1487416512809245,7.1487416512809245,7.1487416512809245,71.0,71.0,IC50,1,inhibitory_potency,1,biochemical_binding,1,PubChem,156498059,Menin,2026,=,CCN(C(=O)c1cc(F)ccc1Oc1nncnc1N1CCC2(C1)CN([C@H](CCCN(C)CCCOC)C(C)C)C2)C(C)C,CCN(C(C)C)C(=O)C1=C(C=CC(=C1)F)OC2=C(N=CN=N2)N3CCC4(C3)CN(C4)[C@H](CCCN(C)CCCOC)C(C)C,CCN(C(=O)c1cc(F)ccc1Oc1nncnc1N1CCC2(C1)CN([C@H](CCCN(C)CCCOC)C(C)C)C2)C(C)C,CCN(C(=O)c1cc(F)ccc1Oc1nncnc1N1CCC2(C1)CN([C@H](CCCN(C)CCCOC)C(C)C)C2)C(C)C,JILLYXBLGXBWJK-MUUNZHRXSA-N,JILLYXBLGXBWJK-MUUNZHRXSA-N,standardized,0.0,False,2.0,strict_exact,exact_point_estimate,high_potency_<=100nM,True,True,IC50,biochemical_binding,False,0.7367280107486777,0.8316438186403521,0.2520325183868408,COCC(=O)O[C@]1(CCN(C)CCCc2nc3ccccc3[nH]2)CCc2cc(F)ccc2[C@@H]1C(C)C,False,high
STR-9D7B1984B46AE21DD5AC,IC50,biochemical_binding,1,1,0,1,1,0,0,7.1487416512809245,7.1487416512809245,7.1487416512809245,71.0,71.0,IC50,1,inhibitory_potency,1,biochemical_binding,1,ChEMBL,CHEMBL4213149,Menin,2018,=,Cc1c(CN2CCC(Nc3ncnc4sc(CC(F)(F)F)cc34)CC2)ccc2c1cc(C#N)n2CCN1CCN(S(=O)(=O)C(F)(F)F)CC1,Cc1c(CN2CCC(Nc3ncnc4sc(CC(F)(F)F)cc34)CC2)ccc2c1cc(C#N)n2CCN1CCN(S(=O)(=O)C(F)(F)F)CC1,Cc1c(CN2CCC(Nc3ncnc4sc(CC(F)(F)F)cc34)CC2)ccc2c1cc(C#N)n2CCN1CCN(S(=O)(=O)C(F)(F)F)CC1,Cc1c(CN2CCC(Nc3ncnc4sc(CC(F)(F)F)cc34)CC2)ccc2c1cc(C#N)n2CCN1CCN(S(=O)(=O)C(F)(F)F)CC1,IZBZVYNURRQABH-UHFFFAOYSA-N,IZBZVYNURRQABH-UHFFFAOYSA-N,standardized,0.0,False,2.0,strict_exact,exact_point_estimate,high_potency_<=100nM,True,True,IC50,biochemical_binding,False,0.9562213637894936,0.2593566104156702,0.28999999165534973,FC(F)(F)c1ccc(C(F)(F)CN2CCC(Nc3ncnc4[nH]ncc34)CC2)cc1,True,high
STR-6B28BBE0B01A6E185ED9,IC50,biochemical_binding,1,2,1,2,1,0,0,7.136677139879544,7.136677139879544,7.136677139879544,73.0,73.0,IC50,1,inhibitory_potency,1,biochemical_binding,1,ChEMBL;PubChem,CHEMBL5969278,Menin,2021,=,CC(=O)O[C@H]1CCC[C@@H]1C(C#N)(c1ccccc1)C1CCN(CC2CN(c3ccc(S(C)(=O)=O)cc3)C2)CC1,CC(=O)O[C@H]1CCC[C@@H]1C(C#N)(c1ccccc1)C1CCN(CC2CN(c3ccc(S(C)(=O)=O)cc3)C2)CC1,CC(=O)O[C@H]1CCC[C@@H]1C(C#N)(c1ccccc1)C1CCN(CC2CN(c3ccc(S(C)(=O)=O)cc3)C2)CC1,CC(=O)O[C@H]1CCC[C@@H]1C(C#N)(c1ccccc1)C1CCN(CC2CN(c3ccc(S(C)(=O)=O)cc3)C2)CC1,SDSJQZYQLKUFBE-XPZBDPFPSA-N,SDSJQZYQLKUFBE-XPZBDPFPSA-N,standardized,0.0,False,2.0,strict_exact,exact_point_estimate,high_potency_<=100nM,True,True,IC50,biochemical_binding,False,0.3446923622824282,0.9292383503506481,0.27368420362472534,CC(Oc1ccc(S(C)(=O)=O)cc1C(=O)N1CCN(c2ccc(C#N)cc2)CC1)C(F)(F)F,True,medium
STR-AA73D88E6A8F8A2C3D26,IC50,biochemical_binding,1,2,1,2,1,0,0,7.136677139879544,7.136677139879544,7.136677139879544,73.0,73.0,IC50,1,inhibitory_potency,1,biochemical_binding,1,ChEMBL;PubChem,CHEMBL5752186,Menin,2021,=,N#Cc1ccc(N2CC(CN3CCC(C4(C5CCCC5)NCCc5ccccc54)CC3)C2)c(Cl)c1,N#Cc1ccc(N2CC(CN3CCC(C4(C5CCCC5)NCCc5ccccc54)CC3)C2)c(Cl)c1,N#Cc1ccc(N2CC(CN3CCC(C4(C5CCCC5)NCCc5ccccc54)CC3)C2)c(Cl)c1,N#Cc1ccc(N2CC(CN3CCC(C4(C5CCCC5)NCCc5ccccc54)CC3)C2)c(Cl)c1,MCMNAPNLRSJPOP-UHFFFAOYSA-N,MCMNAPNLRSJPOP-UHFFFAOYSA-N,standardized,0.0,False,2.0,strict_exact,exact_point_estimate,high_potency_<=100nM,True,True,IC50,biochemical_binding,False,0.9892484495713452,0.08573526030823342,0.2705882489681244,O[C@H]1C[C@H](CN2CCC(c3ccccc3Cl)CC2)CCc2cccnc21,True,high
STR-91DBBE357E18B4934420,IC50,biochemical_binding,1,1,0,1,1,0,0,7.130768280269024,7.130768280269024,7.130768280269024,74.0,74.0,IC50,1,inhibitory_potency,1,biochemical_binding,1,PubChem,156497978,Menin,2026,=,CCN(C(=O)c1cc(F)ccc1Oc1nncnc1N1CCC2(C1)CN([C@H](CCCNCC(OC)OC)C(C)C)C2)C(C)C,CCN(C(C)C)C(=O)C1=C(C=CC(=C1)F)OC2=C(N=CN=N2)N3CCC4(C3)CN(C4)[C@H](CCCNCC(OC)OC)C(C)C,CCN(C(=O)c1cc(F)ccc1Oc1nncnc1N1CCC2(C1)CN([C@H](CCCNCC(OC)OC)C(C)C)C2)C(C)C,CCN(C(=O)c1cc(F)ccc1Oc1nncnc1N1CCC2(C1)CN([C@H](CCCNCC(OC)OC)C(C)C)C2)C(C)C,AQZWMVOSOMUJET-AREMUKBSSA-N,AQZWMVOSOMUJET-AREMUKBSSA-N,standardized,0.0,False,2.0,strict_exact,exact_point_estimate,high_potency_<=100nM,True,True,IC50,biochemical_binding,False,0.6913269644904201,0.8916357630710533,0.21875,COc1ccc(OCCNCCCF)c(F)c1[C@@H]1c2[nH]c3ccc(F)cc3c2C[C@@H](C)N1CC(F)(F)CO,False,medium
STR-6F0B243CDCAB8EEB6068,IC50,biochemical_binding,1,2,1,2,1,0,0,7.1249387366083,7.1249387366083,7.1249387366083,75.0,75.0,IC50,1,inhibitory_potency,1,biochemical_binding,1,ChEMBL;PubChem,CHEMBL5799889,Menin,2021,=,N#CC(c1ccccc1)(C1CCN(CC2CN(c3ccc(S(=O)(=O)c4ccncc4)cc3)C2)CC1)[C@H]1CCC[C@@H]1OC(=O)N1CCC1,N#CC(c1ccccc1)(C1CCN(CC2CN(c3ccc(S(=O)(=O)c4ccncc4)cc3)C2)CC1)[C@H]1CCC[C@@H]1OC(=O)N1CCC1,N#CC(c1ccccc1)(C1CCN(CC2CN(c3ccc(S(=O)(=O)c4ccncc4)cc3)C2)CC1)[C@H]1CCC[C@@H]1OC(=O)N1CCC1,N#CC(c1ccccc1)(C1CCN(CC2CN(c3ccc(S(=O)(=O)c4ccncc4)cc3)C2)CC1)[C@H]1CCC[C@@H]1OC(=O)N1CCC1,NGZLPTJEQODDAQ-FWBANIIHSA-N,NGZLPTJEQODDAQ-FWBANIIHSA-N,standardized,0.0,False,2.0,strict_exact,exact_point_estimate,high_potency_<=100nM,True,True,IC50,biochemical_binding,False,0.09379423915261982,0.4490092676736007,0.2551020383834839,CCOC(=O)N1CCC(CN2CC[C@H](N3C(=O)Cc4ccccc43)C2)CC1,False,low
STR-A19437D5A9F1DA8A27A8,IC50,biochemical_binding,1,1,0,1,1,0,0,7.1249387366083,7.1249387366083,7.1249387366083,75.0,75.0,IC50,1,inhibitory_potency,1,biochemical_binding,1,ChEMBL,CHEMBL4218982,Menin,2018,=,Cc1c(CN2CCC(Nc3ncnc4sc(CC(F)(F)F)cc34)CC2)ccc2c1cc(C#N)n2CCN1CCN(C(=O)C(F)(F)F)CC1,Cc1c(CN2CCC(Nc3ncnc4sc(CC(F)(F)F)cc34)CC2)ccc2c1cc(C#N)n2CCN1CCN(C(=O)C(F)(F)F)CC1,Cc1c(CN2CCC(Nc3ncnc4sc(CC(F)(F)F)cc34)CC2)ccc2c1cc(C#N)n2CCN1CCN(C(=O)C(F)(F)F)CC1,Cc1c(CN2CCC(Nc3ncnc4sc(CC(F)(F)F)cc34)CC2)ccc2c1cc(C#N)n2CCN1CCN(C(=O)C(F)(F)F)CC1,WHYHGNIYAKPLLC-UHFFFAOYSA-N,WHYHGNIYAKPLLC-UHFFFAOYSA-N,standardized,0.0,False,2.0,strict_exact,exact_point_estimate,high_potency_<=100nM,True,True,IC50,biochemical_binding,False,0.9880602562570353,0.09339425362290966,0.2929292917251587,FC(F)(F)c1ccc(C(F)(F)CN2CCC(Nc3ncnc4[nH]ncc34)CC2)cc1,True,high
STR-AA28B6BCC5A0854E325E,IC50,biochemical_binding,1,2,1,2,1,0,0,7.1249387366083,7.1249387366083,7.1249387366083,75.0,75.0,IC50,1,inhibitory_potency,1,biochemical_binding,1,ChEMBL;PubChem,CHEMBL5876541,Menin,2021,=,CN(C)S(=O)(=O)c1ccc(N2CC(CN3CCC(C4(C5CCCC5)NCCc5ccccc54)CC3)C2)cc1,CN(C)S(=O)(=O)c1ccc(N2CC(CN3CCC(C4(C5CCCC5)NCCc5ccccc54)CC3)C2)cc1,CN(C)S(=O)(=O)c1ccc(N2CC(CN3CCC(C4(C5CCCC5)NCCc5ccccc54)CC3)C2)cc1,CN(C)S(=O)(=O)c1ccc(N2CC(CN3CCC(C4(C5CCCC5)NCCc5ccccc54)CC3)C2)cc1,NRFMGIDVCITVIL-UHFFFAOYSA-N,NRFMGIDVCITVIL-UHFFFAOYSA-N,standardized,0.0,False,2.0,strict_exact,exact_point_estimate,high_potency_<=100nM,True,True,IC50,biochemical_binding,False,0.9333496997620304,0.3532970191130054,0.2527472674846649,CC(=O)Nc1cccc(N2CCN(CC3CCN(S(=O)(=O)CC4CCCCC4)CC3)CC2)c1,False,high
STR-841FC2EFD5AAF36FB504,IC50,biochemical_binding,2,3,1,2,2,0,0,7.114721262574502,7.173925197299173,7.055517327849831,77.5,67.0,IC50,1,inhibitory_potency,1,biochemical_binding,1,ChEMBL;PubChem,CHEMBL4466955,Menin,2019;2021,=,N#Cc1ccc(N2CCC(CN3CCC(C4(C5CCCC5)NCCc5ccccc54)CC3)C2)cc1,N#Cc1ccc(N2CCC(CN3CCC(C4(C5CCCC5)NCCc5ccccc54)CC3)C2)cc1,N#Cc1ccc(N2CCC(CN3CCC(C4(C5CCCC5)NCCc5ccccc54)CC3)C2)cc1,N#Cc1ccc(N2CCC(CN3CCC(C4(C5CCCC5)NCCc5ccccc54)CC3)C2)cc1,PVXVJMFKKBQPAS-UHFFFAOYSA-N,PVXVJMFKKBQPAS-UHFFFAOYSA-N,standardized,0.1184078694493422,False,2.0,strict_exact,exact_point_estimate,high_potency_<=100nM,True,True,IC50,biochemical_binding,False,0.9706482967470443,0.19113018995910164,0.2839506268501282,N#Cc1ccc(CCN2CCC(Nc3nc4ccccc4[nH]3)CC2)cc1,True,high
STR-148B8C4077863A1C12AD,IC50,biochemical_binding,1,1,0,1,1,0,0,7.113509274827518,7.113509274827518,7.113509274827518,77.0,77.0,IC50,1,inhibitory_potency,1,biochemical_binding,1,PubChem,156531584,Menin,2026,=,CCN(C(=O)c1cc(F)ccc1Oc1nncnc1N1CCC2(C1)CN([C@H](C[C@H](O)CN(C)CCOC)C(C)C)C2)C(C)C,CCN(C(C)C)C(=O)C1=C(C=CC(=C1)F)OC2=C(N=CN=N2)N3CCC4(C3)CN(C4)[C@H](C[C@@H](CN(C)CCOC)O)C(C)C,CCN(C(=O)c1cc(F)ccc1Oc1nncnc1N1CCC2(C1)CN([C@H](C[C@H](O)CN(C)CCOC)C(C)C)C2)C(C)C,CCN(C(=O)c1cc(F)ccc1Oc1nncnc1N1CCC2(C1)CN([C@H](C[C@H](O)CN(C)CCOC)C(C)C)C2)C(C)C,XOMQNBYRAKVRPP-AHKZPQOWSA-N,XOMQNBYRAKVRPP-AHKZPQOWSA-N,standardized,0.0,False,2.0,strict_exact,exact_point_estimate,high_potency_<=100nM,True,True,IC50,biochemical_binding,False,0.47355743709297227,0.9979815674164801,0.2321428507566452,O=C(CCc1ccccc1)c1cc(F)ccc1OCC(O)CN1CCN(C(c2ccccc2)c2ccccc2)CC1,False,medium
STR-94E1D88307C1CEF006D5,IC50,biochemical_binding,1,1,0,1,1,0,0,7.1073489661227,7.1073489661227,7.1073489661227,78.1,78.1,IC50,1,inhibitory_potency,1,biochemical_binding,1,ChEMBL,CHEMBL2314829,Menin,2013,=,CC(=O)N[C@@H](CCCNC(=N)N)C(=O)N[C@@H](Cc1c[nH]c2ccccc12)C(=O)N[C@H]1CCCCCCCCCCNC(=O)[C@@H]2CCCN2C(=O)[C@H](CCCNC(=N)N)NC(=O)[C@H](C)NC(=O)[C@@H]2CCCN2C(=O)[C@H](Cc2ccccc2)NC1=O,CC(=O)N[C@@H](CCCNC(=N)N)C(=O)N[C@@H](Cc1c[nH]c2ccccc12)C(=O)N[C@H]1CCCCCCCCCCNC(=O)[C@@H]2CCCN2C(=O)[C@H](CCCNC(=N)N)NC(=O)[C@H](C)NC(=O)[C@@H]2CCCN2C(=O)[C@H](Cc2ccccc2)NC1=O,CC(=O)N[C@@H](CCCNC(=N)N)C(=O)N[C@@H](Cc1c[nH]c2ccccc12)C(=O)N[C@H]1CCCCCCCCCCNC(=O)[C@@H]2CCCN2C(=O)[C@H](CCCNC(=N)N)NC(=O)[C@H](C)NC(=O)[C@@H]2CCCN2C(=O)[C@H](Cc2ccccc2)NC1=O,CC(=O)N[C@@H](CCCNC(=N)N)C(=O)N[C@@H](Cc1c[nH]c2ccccc12)C(=O)N[C@H]1CCCCCCCCCCNC(=O)[C@@H]2CCCN2C(=O)[C@H](CCCNC(=N)N)NC(=O)[C@H](C)NC(=O)[C@@H]2CCCN2C(=O)[C@H](Cc2ccccc2)NC1=O,YNYJDHTUEKXVJY-HSADOSSNSA-N,YNYJDHTUEKXVJY-HSADOSSNSA-N,standardized,0.0,False,2.0,strict_exact,exact_point_estimate,high_potency_<=100nM,True,True,IC50,biochemical_binding,False,1.098216953154992e-05,0.00019676933812859607,0.261904776096344,COC(=O)C(Cc1c[nH]c2ccccc12)NS(=O)(=O)c1ccc(OC2CCCC2)cc1,True,low
STR-5151BA76FE38FE2C9C70,IC50,biochemical_binding,1,1,0,1,1,0,0,7.102372908709558,7.102372908709558,7.102372908709558,79.0,79.0,IC50,1,inhibitory_potency,1,biochemical_binding,1,PubChem,156498049,Menin,2026,=,CCN(C(=O)c1cc(F)ccc1Oc1nncnc1N1CCC2(C1)CN([C@H](CCCN(C)CC(C)C(=O)N(C)C)C(C)C)C2)C(C)C,CCN(C(C)C)C(=O)C1=C(C=CC(=C1)F)OC2=C(N=CN=N2)N3CCC4(C3)CN(C4)[C@H](CCCN(C)CC(C)C(=O)N(C)C)C(C)C,CCN(C(=O)c1cc(F)ccc1Oc1nncnc1N1CCC2(C1)CN([C@H](CCCN(C)CC(C)C(=O)N(C)C)C(C)C)C2)C(C)C,CCN(C(=O)c1cc(F)ccc1Oc1nncnc1N1CCC2(C1)CN([C@H](CCCN(C)CC(C)C(=O)N(C)C)C(C)C)C2)C(C)C,IFIHGWNVFQFWAX-BNGNXUGRSA-N,IFIHGWNVFQFWAX-BNGNXUGRSA-N,standardized,0.0,False,2.0,strict_exact,exact_point_estimate,high_potency_<=100nM,True,True,IC50,biochemical_binding,False,0.6508471812887199,0.9333091740934756,0.22123894095420837,O=C(CCc1ccccc1)c1cc(F)ccc1OCC(O)CN1CCN(C(c2ccccc2)c2ccccc2)CC1,False,medium
STR-918CDACAD6A3ADC5DD7E,IC50,biochemical_binding,1,1,0,1,1,0,0,7.102372908709558,7.102372908709558,7.102372908709558,79.0,79.0,IC50,1,inhibitory_potency,1,biochemical_binding,1,PubChem,168720921,Menin,2026,=,CCN(CC)C[C@H](O)C[C@H](C(C)C)N1CC2(CCN(c3ncnnc3Oc3ccc(F)cc3C(=O)N(CC)C(C)C)C2)C1,CCN(CC)C[C@@H](C[C@H](C(C)C)N1CC2(C1)CCN(C2)C3=C(N=NC=N3)OC4=C(C=C(C=C4)F)C(=O)N(CC)C(C)C)O,CCN(CC)C[C@H](O)C[C@H](C(C)C)N1CC2(CCN(c3ncnnc3Oc3ccc(F)cc3C(=O)N(CC)C(C)C)C2)C1,CCN(CC)C[C@H](O)C[C@H](C(C)C)N1CC2(CCN(c3ncnnc3Oc3ccc(F)cc3C(=O)N(CC)C(C)C)C2)C1,GGIYEWDSYGQHQG-XNMGPUDCSA-N,GGIYEWDSYGQHQG-XNMGPUDCSA-N,standardized,0.0,False,2.0,strict_exact,exact_point_estimate,high_potency_<=100nM,True,True,IC50,biochemical_binding,False,0.4333208541917879,0.9871329441983789,0.24528302252292633,O=C(CCc1ccccc1)c1cc(F)ccc1OCC(O)CN1CCN(C(c2ccccc2)c2ccccc2)CC1,False,medium
STR-4EBA07B20CCDE9D2E322,IC50,biochemical_binding,1,1,0,1,1,0,0,7.096910013008056,7.096910013008056,7.096910013008056,80.0,80.0,IC50,1,inhibitory_potency,1,biochemical_binding,1,PubChem,156531767,Menin,2026,=,CC(C)[C@@H](CCCN(C)C)N1CC2(CCN(c3ncnnc3Oc3ccc(F)cc3C(=O)N(C(C)C)C(C)C)C2)C1,CC(C)[C@@H](CCCN(C)C)N1CC2(C1)CCN(C2)C3=C(N=NC=N3)OC4=C(C=C(C=C4)F)C(=O)N(C(C)C)C(C)C,CC(C)[C@@H](CCCN(C)C)N1CC2(CCN(c3ncnnc3Oc3ccc(F)cc3C(=O)N(C(C)C)C(C)C)C2)C1,CC(C)[C@@H](CCCN(C)C)N1CC2(CCN(c3ncnnc3Oc3ccc(F)cc3C(=O)N(C(C)C)C(C)C)C2)C1,JMYCKYHWTOYVCO-AREMUKBSSA-N,JMYCKYHWTOYVCO-AREMUKBSSA-N,standardized,0.0,False,2.0,strict_exact,exact_point_estimate,high_potency_<=100nM,True,True,IC50,biochemical_binding,False,0.9085051259228791,0.4414399272084609,0.2347826063632965,O=C(c1ccc(F)cc1OC[C@@H](O)CN1CCC2(CC1)Cc1cc(Cl)ccc1O2)N1CC[C@H](O)C1,False,high
STR-0385B7365D2BE1443660,IC50,biochemical_binding,1,1,0,1,1,0,0,7.0915149811213505,7.0915149811213505,7.0915149811213505,81.0,81.0,IC50,1,inhibitory_potency,1,biochemical_binding,1,PubChem,156531605,Menin,2026,=,CC(C)[C@H](CCCN(C)CCC(=O)N(C)C)N1CC2(CCN(c3ncnnc3Oc3ccc(F)cc3C(=O)N(C(C)C)C(C)C)C2)C1,CC(C)[C@H](CCCN(C)CCC(=O)N(C)C)N1CC2(C1)CCN(C2)C3=C(N=NC=N3)OC4=C(C=C(C=C4)F)C(=O)N(C(C)C)C(C)C,CC(C)[C@H](CCCN(C)CCC(=O)N(C)C)N1CC2(CCN(c3ncnnc3Oc3ccc(F)cc3C(=O)N(C(C)C)C(C)C)C2)C1,CC(C)[C@H](CCCN(C)CCC(=O)N(C)C)N1CC2(CCN(c3ncnnc3Oc3ccc(F)cc3C(=O)N(C(C)C)C(C)C)C2)C1,QBAAZHFEOGJQPO-LJAQVGFWSA-N,QBAAZHFEOGJQPO-LJAQVGFWSA-N,standardized,0.0,False,2.0,strict_exact,exact_point_estimate,high_potency_<=100nM,True,True,IC50,biochemical_binding,False,0.6478370948924849,0.9359848937640256,0.24590164422988892,COCC(=O)O[C@]1(CCN(C)CCCc2nc3ccccc3[nH]2)CCc2cc(F)ccc2[C@@H]1C(C)C,False,medium
STR-7F50B57FFABE6350EAF5,IC50,biochemical_binding,1,1,0,1,1,0,0,7.0915149811213505,7.0915149811213505,7.0915149811213505,81.0,81.0,IC50,1,inhibitory_potency,1,biochemical_binding,1,ChEMBL,CHEMBL3126197,Menin,2014,=,N#Cc1ccc(OCCCN2CCC([C@](N)(c3ccccc3)C3CCCC3)CC2)cc1,N#Cc1ccc(OCCCN2CCC([C@](N)(c3ccccc3)C3CCCC3)CC2)cc1,N#Cc1ccc(OCCCN2CCC([C@](N)(c3ccccc3)C3CCCC3)CC2)cc1,N#Cc1ccc(OCCCN2CCC([C@](N)(c3ccccc3)C3CCCC3)CC2)cc1,AUWUGRCKTQSGJY-MHZLTWQESA-N,AUWUGRCKTQSGJY-MHZLTWQESA-N,standardized,0.0,False,2.0,strict_exact,exact_point_estimate,high_potency_<=100nM,True,True,IC50,biochemical_binding,False,0.9956867350963958,0.04009862585091715,0.4035087823867798,c1ccc(-c2ccc(OCCCCCN3CCCCCC3)cc2)cc1,True,high
STR-684B7A6ABD719561B71F,IC50,biochemical_binding,1,1,0,1,1,0,0,7.086186147616283,7.086186147616283,7.086186147616283,82.0,82.0,IC50,1,inhibitory_potency,1,biochemical_binding,1,ChEMBL,CHEMBL3613786,Menin,2015,=,FC(F)c1nnc(N2CCN(c3ncnc4sc(CC(F)(F)F)cc34)CC2)s1,FC(F)c1nnc(N2CCN(c3ncnc4sc(CC(F)(F)F)cc34)CC2)s1,FC(F)c1nnc(N2CCN(c3ncnc4sc(CC(F)(F)F)cc34)CC2)s1,FC(F)c1nnc(N2CCN(c3ncnc4sc(CC(F)(F)F)cc34)CC2)s1,BWDQNSFITDYIRC-UHFFFAOYSA-N,BWDQNSFITDYIRC-UHFFFAOYSA-N,standardized,0.0,False,2.0,strict_exact,exact_point_estimate,high_potency_<=100nM,True,True,IC50,biochemical_binding,False,0.9890123860899285,0.08727151912284214,0.20212766528129578,CON=C1CCC(CN2CCN(c3nc(=O)c4cc(C(F)(F)F)cc([N+](=O)[O-])c4s3)CC2)CC1,False,high
STR-640F627423409BE4C4E0,IC50,biochemical_binding,1,1,0,1,1,0,0,7.080921907623926,7.080921907623926,7.080921907623926,83.0,83.0,IC50,1,inhibitory_potency,1,biochemical_binding,1,PubChem,156532041,Menin,2026,=,COCCN(C)CCC[C@H](C(C)C)N1CC2(CCN(c3ccnnc3Oc3ccc(F)cc3C(=O)N(C(C)C)C(C)C)C2)C1,CC(C)[C@@H](CCCN(C)CCOC)N1CC2(C1)CCN(C2)C3=C(N=NC=C3)OC4=C(C=C(C=C4)F)C(=O)N(C(C)C)C(C)C,COCCN(C)CCC[C@H](C(C)C)N1CC2(CCN(c3ccnnc3Oc3ccc(F)cc3C(=O)N(C(C)C)C(C)C)C2)C1,COCCN(C)CCC[C@H](C(C)C)N1CC2(CCN(c3ccnnc3Oc3ccc(F)cc3C(=O)N(C(C)C)C(C)C)C2)C1,OTOKSKUUDODMQT-GDLZYMKVSA-N,OTOKSKUUDODMQT-GDLZYMKVSA-N,standardized,0.0,False,2.0,strict_exact,exact_point_estimate,high_potency_<=100nM,True,True,IC50,biochemical_binding,False,0.6932886164827592,0.8893407722105724,0.2711864411830902,COCC(=O)O[C@]1(CCN(C)CCCc2nc3ccccc3[nH]2)CCc2cc(F)ccc2[C@@H]1C(C)C,True,medium
STR-9C168192E4C52880D0E5,IC50,biochemical_binding,1,1,0,1,1,0,0,7.080921907623926,7.080921907623926,7.080921907623926,83.0,83.0,IC50,1,inhibitory_potency,1,biochemical_binding,1,ChEMBL,CHEMBL4210021,Menin,2018,=,CCC(=O)N1CCN(CCn2c(C#N)cc3c(C)c(CN4CCC(Nc5ncnc6sc(CC(F)(F)F)cc56)CC4)ccc32)CC1,CCC(=O)N1CCN(CCn2c(C#N)cc3c(C)c(CN4CCC(Nc5ncnc6sc(CC(F)(F)F)cc56)CC4)ccc32)CC1,CCC(=O)N1CCN(CCn2c(C#N)cc3c(C)c(CN4CCC(Nc5ncnc6sc(CC(F)(F)F)cc56)CC4)ccc32)CC1,CCC(=O)N1CCN(CCn2c(C#N)cc3c(C)c(CN4CCC(Nc5ncnc6sc(CC(F)(F)F)cc56)CC4)ccc32)CC1,CUUAMNOCGMUEBO-UHFFFAOYSA-N,CUUAMNOCGMUEBO-UHFFFAOYSA-N,standardized,0.0,False,2.0,strict_exact,exact_point_estimate,high_potency_<=100nM,True,True,IC50,biochemical_binding,False,0.9527465466035812,0.27461322457342024,0.28999999165534973,FC(F)(F)c1ccc(C(F)(F)CN2CCC(Nc3ncnc4[nH]ncc34)CC2)cc1,True,high
STR-63835D190E39EDBFC923,IC50,biochemical_binding,1,1,0,1,1,0,0,7.075720713938118,7.075720713938118,7.075720713938118,84.0,84.0,IC50,1,inhibitory_potency,1,biochemical_binding,1,PubChem,156498022,Menin,2026,=,COCCN(C)CCC[C@H](C(C)C)N1CC2(CCN(c3ncnnc3Oc3ccc(F)cc3C(=O)N(C)C(C)C)C2)C1,CC(C)[C@@H](CCCN(C)CCOC)N1CC2(C1)CCN(C2)C3=C(N=NC=N3)OC4=C(C=C(C=C4)F)C(=O)N(C)C(C)C,COCCN(C)CCC[C@H](C(C)C)N1CC2(CCN(c3ncnnc3Oc3ccc(F)cc3C(=O)N(C)C(C)C)C2)C1,COCCN(C)CCC[C@H](C(C)C)N1CC2(CCN(c3ncnnc3Oc3ccc(F)cc3C(=O)N(C)C(C)C)C2)C1,HGWHBTPIXCPKDC-AREMUKBSSA-N,HGWHBTPIXCPKDC-AREMUKBSSA-N,standardized,0.0,False,2.0,strict_exact,exact_point_estimate,high_potency_<=100nM,True,True,IC50,biochemical_binding,False,0.8225198535810085,0.6745334001923218,0.25833332538604736,COCC(=O)O[C@]1(CCN(C)CCCc2nc3ccccc3[nH]2)CCc2cc(F)ccc2[C@@H]1C(C)C,False,high
STR-75FB4472D88CB6D25B7C,IC50,biochemical_binding,1,1,0,1,1,0,0,7.0655015487564325,7.0655015487564325,7.0655015487564325,86.0,86.0,IC50,1,inhibitory_potency,1,biochemical_binding,1,PubChem,178185577,Menin,2026,=,CCN(C(=O)c1cc(F)ccc1OC1N=NC(Cl)=NC1N1CCC2(C1)CN([C@@H](CCCN)C(C)C)C2)C(C)C,CCN(C(C)C)C(=O)C1=C(C=CC(=C1)F)OC2C(N=C(N=N2)Cl)N3CCC4(C3)CN(C4)[C@@H](CCCN)C(C)C,CCN(C(=O)c1cc(F)ccc1OC1N=NC(Cl)=NC1N1CCC2(C1)CN([C@@H](CCCN)C(C)C)C2)C(C)C,CCN(C(=O)c1cc(F)ccc1OC1N=NC(Cl)=NC1N1CCC2(C1)CN([C@@H](CCCN)C(C)C)C2)C(C)C,CCNWGENWCZNTMO-BSSNWTCHSA-N,CCNWGENWCZNTMO-BSSNWTCHSA-N,standardized,0.0,False,2.0,strict_exact,exact_point_estimate,high_potency_<=100nM,True,True,IC50,biochemical_binding,False,0.660044205541404,0.9247763970259928,0.22764228284358978,COc1ccc2nccc([C@@H](O)CC[C@@H]3CCN(C4CC(c5cc(F)ccc5F)C4)C[C@@H]3C(=O)O)c2c1,False,medium
STR-34A22E8D07A7D066A07D,IC50,biochemical_binding,1,1,0,1,1,0,0,7.055517327849831,7.055517327849831,7.055517327849831,88.0,88.0,IC50,1,inhibitory_potency,1,biochemical_binding,1,PubChem,156531481,Menin,2026,=,CC(C)[C@@H](C[C@H](O)CN(C)C)N1CC2(CCN(c3ncnnc3Oc3ccc(F)cc3C(=O)N(C(C)C)C(C)C)C2)C1,CC(C)[C@@H](C[C@@H](CN(C)C)O)N1CC2(C1)CCN(C2)C3=C(N=NC=N3)OC4=C(C=C(C=C4)F)C(=O)N(C(C)C)C(C)C,CC(C)[C@@H](C[C@H](O)CN(C)C)N1CC2(CCN(c3ncnnc3Oc3ccc(F)cc3C(=O)N(C(C)C)C(C)C)C2)C1,CC(C)[C@@H](C[C@H](O)CN(C)C)N1CC2(CCN(c3ncnnc3Oc3ccc(F)cc3C(=O)N(C(C)C)C(C)C)C2)C1,HGNXEODCTLZEEQ-AZGAKELHSA-N,HGNXEODCTLZEEQ-AZGAKELHSA-N,standardized,0.0,False,2.0,strict_exact,exact_point_estimate,high_potency_<=100nM,True,True,IC50,biochemical_binding,False,0.8000415810337141,0.7218449250245467,0.25242719054222107,O=C(CCc1ccccc1)c1cc(F)ccc1OCC(O)CN1CCN(C(c2ccccc2)c2ccccc2)CC1,False,high
STR-633580C0DD9263988A9F,IC50,biochemical_binding,1,2,1,2,1,0,0,7.055517327849831,7.055517327849831,7.055517327849831,88.0,88.0,IC50,1,inhibitory_potency,1,biochemical_binding,1,ChEMBL;PubChem,CHEMBL5937919,Menin,2021,=,Cc1cc(S(=O)(=O)c2ccc(N3CC(CN4CCC(C5(C6=CCCC6)CN(C)Cc6ccccc65)CC4)C3)cc2)ccn1,Cc1cc(S(=O)(=O)c2ccc(N3CC(CN4CCC(C5(C6=CCCC6)CN(C)Cc6ccccc65)CC4)C3)cc2)ccn1,Cc1cc(S(=O)(=O)c2ccc(N3CC(CN4CCC(C5(C6=CCCC6)CN(C)Cc6ccccc65)CC4)C3)cc2)ccn1,Cc1cc(S(=O)(=O)c2ccc(N3CC(CN4CCC(C5(C6=CCCC6)CN(C)Cc6ccccc65)CC4)C3)cc2)ccn1,GUGYTNLYQIAPFD-UHFFFAOYSA-N,GUGYTNLYQIAPFD-UHFFFAOYSA-N,standardized,0.0,False,2.0,strict_exact,exact_point_estimate,high_potency_<=100nM,True,True,IC50,biochemical_binding,False,0.8111829790584525,0.6989901895936589,0.2571428716182709,CCOC(=O)N1CCC(CN2CCC3(CC2)CN(S(C)(=O)=O)c2ncccc23)CC1,False,high
STR-147345C311E96CDE5202,IC50,biochemical_binding,1,1,0,1,1,0,0,7.050609993355087,7.050609993355087,7.050609993355087,89.0,89.0,IC50,1,inhibitory_potency,1,biochemical_binding,1,PubChem,156497975,Menin,2026,=,CCN(C(=O)c1cc(F)ccc1Oc1nncnc1N1CCC2(C1)CN([C@H](CCCN[C@@H](CO)COC)C(C)C)C2)C(C)C,CCN(C(C)C)C(=O)C1=C(C=CC(=C1)F)OC2=C(N=CN=N2)N3CCC4(C3)CN(C4)[C@H](CCCN[C@@H](CO)COC)C(C)C,CCN(C(=O)c1cc(F)ccc1Oc1nncnc1N1CCC2(C1)CN([C@H](CCCN[C@@H](CO)COC)C(C)C)C2)C(C)C,CCN(C(=O)c1cc(F)ccc1Oc1nncnc1N1CCC2(C1)CN([C@H](CCCN[C@@H](CO)COC)C(C)C)C2)C(C)C,TXPRVPJXCPOZMK-AHKZPQOWSA-N,TXPRVPJXCPOZMK-AHKZPQOWSA-N,standardized,0.0,False,2.0,strict_exact,exact_point_estimate,high_potency_<=100nM,True,True,IC50,biochemical_binding,False,0.2459993315836712,0.8048754184442286,0.2230769246816635,COc1ccc(OCCNCCCF)c(F)c1[C@@H]1c2[nH]c3ccc(F)cc3c2C[C@@H](C)N1CC(F)(F)CO,False,low
STR-222AAD6024ECA7B1116F,IC50,biochemical_binding,1,2,1,2,1,0,0,7.050609993355087,7.050609993355087,7.050609993355087,89.0,89.0,IC50,1,inhibitory_potency,1,biochemical_binding,1,ChEMBL;PubChem,CHEMBL5751310,Menin,2021,=,COC(=O)N[C@H]1CCC[C@@H]1C(C#N)(c1ccccc1)C1CCN(CC2CN(c3ccc(C(F)(F)F)cc3)C2)CC1,COC(=O)N[C@H]1CCC[C@@H]1C(C#N)(c1ccccc1)C1CCN(CC2CN(c3ccc(C(F)(F)F)cc3)C2)CC1,COC(=O)N[C@H]1CCC[C@@H]1C(C#N)(c1ccccc1)C1CCN(CC2CN(c3ccc(C(F)(F)F)cc3)C2)CC1,COC(=O)N[C@H]1CCC[C@@H]1C(C#N)(c1ccccc1)C1CCN(CC2CN(c3ccc(C(F)(F)F)cc3)C2)CC1,KVQOIHJTFHWQKG-SRBHEWTHSA-N,KVQOIHJTFHWQKG-SRBHEWTHSA-N,standardized,0.0,False,2.0,strict_exact,exact_point_estimate,high_potency_<=100nM,True,True,IC50,biochemical_binding,False,0.8613221171925108,0.5807658055089477,0.31521740555763245,O=C(NC1CCN(Cc2ccn(-c3ccc(C(F)(F)F)cc3)c2)CC1)NC(c1ccccc1)c1ccccc1,True,high
STR-B437BC949901A5D8DC9A,IC50,biochemical_binding,1,1,0,1,1,0,0,7.050609993355087,7.050609993355087,7.050609993355087,89.0,89.0,IC50,1,inhibitory_potency,1,biochemical_binding,1,PubChem,156531749,Menin,2026,=,CCCN(C)CCC[C@H](C(C)C)N1CC2(CCN(c3ncnnc3Oc3ccc(F)cc3C(=O)N(CC)C(C)C)C2)C1,CCCN(C)CCC[C@H](C(C)C)N1CC2(C1)CCN(C2)C3=C(N=NC=N3)OC4=C(C=C(C=C4)F)C(=O)N(CC)C(C)C,CCCN(C)CCC[C@H](C(C)C)N1CC2(CCN(c3ncnnc3Oc3ccc(F)cc3C(=O)N(CC)C(C)C)C2)C1,CCCN(C)CCC[C@H](C(C)C)N1CC2(CCN(c3ncnnc3Oc3ccc(F)cc3C(=O)N(CC)C(C)C)C2)C1,AKEJRDWFJSZNFQ-HHHXNRCGSA-N,AKEJRDWFJSZNFQ-HHHXNRCGSA-N,standardized,0.0,False,2.0,strict_exact,exact_point_estimate,high_potency_<=100nM,True,True,IC50,biochemical_binding,False,0.8182433661178196,0.6839048628633599,0.23966942727565765,COCC(=O)O[C@]1(CCN(C)CCCc2nc3ccccc3[nH]2)CCc2cc(F)ccc2[C@@H]1C(C)C,False,high
STR-CAD50D46562C0D29D331,IC50,biochemical_binding,5,5,0,1,5,0,0,7.045757490560675,10.008773924307503,6.7447274948966935,90.0,0.098,IC50,1,inhibitory_potency,1,biochemical_binding,1,PubChem,156498110,Menin,2024;2026,=,CCN(C(=O)c1cc(F)ccc1Oc1nncnc1N1CCC2(C1)CN([C@H](CCCN(C)CCOC)C(C)C)C2)C(C)C,CCN(C(C)C)C(=O)C1=C(C=CC(=C1)F)OC2=C(N=CN=N2)N3CCC4(C3)CN(C4)[C@H](CCCN(C)CCOC)C(C)C,CCN(C(=O)c1cc(F)ccc1Oc1nncnc1N1CCC2(C1)CN([C@H](CCCN(C)CCOC)C(C)C)C2)C(C)C,CCN(C(=O)c1cc(F)ccc1Oc1nncnc1N1CCC2(C1)CN([C@H](CCCN(C)CCOC)C(C)C)C2)C(C)C,PDUGAXSIWNMIBQ-HHHXNRCGSA-N,PDUGAXSIWNMIBQ-HHHXNRCGSA-N,standardized,3.2640464294108114,True,2.0,strict_exact,exact_point_estimate,high_potency_<=100nM,True,True,IC50,biochemical_binding,False,0.7304529906261318,0.8408138719136753,0.2520325183868408,COCC(=O)O[C@]1(CCN(C)CCCc2nc3ccccc3[nH]2)CCc2cc(F)ccc2[C@@H]1C(C)C,False,high
STR-458F60594CF32D1C3B3A,IC50,biochemical_binding,1,1,0,1,1,0,0,7.045757490560675,7.045757490560675,7.045757490560675,90.0,90.0,IC50,1,inhibitory_potency,1,biochemical_binding,1,ChEMBL,CHEMBL3126194,Menin,2014,=,N#Cc1ccc(OCCCN2CCC([C@@](O)(c3cccc(F)c3)c3ccccn3)CC2)cc1,N#Cc1ccc(OCCCN2CCC([C@@](O)(c3cccc(F)c3)c3ccccn3)CC2)cc1,N#Cc1ccc(OCCCN2CCC([C@@](O)(c3cccc(F)c3)c3ccccn3)CC2)cc1,N#Cc1ccc(OCCCN2CCC([C@@](O)(c3cccc(F)c3)c3ccccn3)CC2)cc1,YLADDJNCJBCBJE-HHHXNRCGSA-N,YLADDJNCJBCBJE-HHHXNRCGSA-N,standardized,0.0,False,2.0,strict_exact,exact_point_estimate,high_potency_<=100nM,True,True,IC50,biochemical_binding,False,0.9918823999758247,0.06803810741303659,0.3595505654811859,O=C(c1ccc(F)cc1F)C1CCN(CCCOc2ccc(-c3nc4ccccc4o3)cc2)CC1,True,high
STR-46101F1AC5781BDFFC2C,IC50,biochemical_binding,1,2,1,2,1,0,0,7.040958607678906,7.040958607678906,7.040958607678906,91.0,91.0,IC50,1,inhibitory_potency,1,biochemical_binding,1,ChEMBL;PubChem,CHEMBL5993548,Menin,2021,=,N#Cc1ccc(OCCCN2CCC(C3(C4CCCC4)NCCc4c(F)cccc43)CC2)cc1,N#Cc1ccc(OCCCN2CCC(C3(C4CCCC4)NCCc4c(F)cccc43)CC2)cc1,N#Cc1ccc(OCCCN2CCC(C3(C4CCCC4)NCCc4c(F)cccc43)CC2)cc1,N#Cc1ccc(OCCCN2CCC(C3(C4CCCC4)NCCc4c(F)cccc43)CC2)cc1,JDMACYYZPLRYJB-UHFFFAOYSA-N,JDMACYYZPLRYJB-UHFFFAOYSA-N,standardized,0.0,False,2.0,strict_exact,exact_point_estimate,high_potency_<=100nM,True,True,IC50,biochemical_binding,False,0.9978431206409447,0.022211493733274038,0.3076923191547394,O=C(c1ccc(F)cc1F)C1CCN(CCCOc2ccc(-c3nc4ccccc4o3)cc2)CC1,True,high
STR-E2BF2500F662553F3983,IC50,biochemical_binding,1,1,0,1,1,0,0,7.036212172654444,7.036212172654444,7.036212172654444,92.0,92.0,IC50,1,inhibitory_potency,1,biochemical_binding,1,ChEMBL,CHEMBL3613784,Menin,2015,=,FC(F)(F)Cc1cc2c(N3CCN(c4nnc(C(F)(F)F)s4)CC3)ncnc2s1,FC(F)(F)Cc1cc2c(N3CCN(c4nnc(C(F)(F)F)s4)CC3)ncnc2s1,FC(F)(F)Cc1cc2c(N3CCN(c4nnc(C(F)(F)F)s4)CC3)ncnc2s1,FC(F)(F)Cc1cc2c(N3CCN(c4nnc(C(F)(F)F)s4)CC3)ncnc2s1,MNFNLHWFXSXVRM-UHFFFAOYSA-N,MNFNLHWFXSXVRM-UHFFFAOYSA-N,standardized,0.0,False,2.0,strict_exact,exact_point_estimate,high_potency_<=100nM,True,True,IC50,biochemical_binding,False,0.9500650194948613,0.28612069478798696,0.23333333432674408,CON=C1CCC(CN2CCN(c3nc(=O)c4cc(C(F)(F)F)cc([N+](=O)[O-])c4s3)CC2)CC1,False,high
STR-F0B0F7988A153B3EBBAB,IC50,biochemical_binding,1,1,0,1,1,0,0,7.031517051446065,7.031517051446065,7.031517051446065,93.0,93.0,IC50,1,inhibitory_potency,1,biochemical_binding,1,PubChem,156498034,Menin,2026,=,CCN(C(=O)c1cc(F)ccc1Oc1nncnc1N1CCC2(C1)CN([C@H](CCCN(C)CC(C)(C)O)C(C)C)C2)C(C)C,CCN(C(C)C)C(=O)C1=C(C=CC(=C1)F)OC2=C(N=CN=N2)N3CCC4(C3)CN(C4)[C@H](CCCN(C)CC(C)(C)O)C(C)C,CCN(C(=O)c1cc(F)ccc1Oc1nncnc1N1CCC2(C1)CN([C@H](CCCN(C)CC(C)(C)O)C(C)C)C2)C(C)C,CCN(C(=O)c1cc(F)ccc1Oc1nncnc1N1CCC2(C1)CN([C@H](CCCN(C)CC(C)(C)O)C(C)C)C2)C(C)C,NMMKTXHIWYMRNB-HHHXNRCGSA-N,NMMKTXHIWYMRNB-HHHXNRCGSA-N,standardized,0.0,False,2.0,strict_exact,exact_point_estimate,high_potency_<=100nM,True,True,IC50,biochemical_binding,False,0.6945664794117535,0.8878317276701635,0.2222222238779068,CC(Oc1ccc(S(C)(=O)=O)cc1C(=O)N1CCN(c2ncc(C(F)(F)F)cc2Cl)CC1)C(F)(F)F,False,medium
STR-9AA3FF70960D58F79546,IC50,biochemical_binding,2,2,0,1,2,0,0,7.029244283682798,7.337242168318426,6.721246399047171,118.0,46.0,IC50,1,inhibitory_potency,1,biochemical_binding,1,ChEMBL,CHEMBL3586090,Menin,2015;2018,=,CC1(C)CN=C(N2CCN(c3ncnc4sc(CC(F)(F)F)cc34)CC2)S1,CC1(C)CN=C(N2CCN(c3ncnc4sc(CC(F)(F)F)cc34)CC2)S1,CC1(C)CN=C(N2CCN(c3ncnc4sc(CC(F)(F)F)cc34)CC2)S1,CC1(C)CN=C(N2CCN(c3ncnc4sc(CC(F)(F)F)cc34)CC2)S1,SFDROHXKTATJBI-UHFFFAOYSA-N,SFDROHXKTATJBI-UHFFFAOYSA-N,standardized,0.6159957692712545,False,2.0,strict_exact,exact_point_estimate,moderate_100nM_to_1uM,False,True,IC50,biochemical_binding,False,0.9883971462755725,0.09124100463520769,0.2291666716337204,CN(C)CCn1cc(-c2ccc(F)c(C(F)(F)F)c2)nc1C1CCN(c2ncnc(N)c2C#N)CC1,False,high
STR-38C10D94ABD1F231B9D1,IC50,biochemical_binding,1,1,0,1,1,0,0,7.022276394711152,7.022276394711152,7.022276394711152,95.0,95.0,IC50,1,inhibitory_potency,1,biochemical_binding,1,PubChem,156531900,Menin,2026,=,CCN(C(=O)c1cc(F)ccc1Oc1nncnc1N1CCC2(C1)CN([C@H](CCCN(C)C)C(C)C)C2)C(C)C,CCN(C(C)C)C(=O)C1=C(C=CC(=C1)F)OC2=C(N=CN=N2)N3CCC4(C3)CN(C4)[C@H](CCCN(C)C)C(C)C,CCN(C(=O)c1cc(F)ccc1Oc1nncnc1N1CCC2(C1)CN([C@H](CCCN(C)C)C(C)C)C2)C(C)C,CCN(C(=O)c1cc(F)ccc1Oc1nncnc1N1CCC2(C1)CN([C@H](CCCN(C)C)C(C)C)C2)C(C)C,FNTDEOLCBADNAL-RUZDIDTESA-N,FNTDEOLCBADNAL-RUZDIDTESA-N,standardized,0.0,False,2.0,strict_exact,exact_point_estimate,high_potency_<=100nM,True,True,IC50,biochemical_binding,False,0.8248464029896714,0.6693593197423955,0.22772277891635895,COc1nccnc1[C@H](C)C1=C(CCN(C)C)Cc2cc(F)ccc21,False,high
STR-3B3C5B252A05FD26B962,IC50,biochemical_binding,1,1,0,1,1,0,0,7.017728766960431,7.017728766960431,7.017728766960431,96.0,96.0,IC50,1,inhibitory_potency,1,biochemical_binding,1,PubChem,156497983,Menin,2026,=,CCN(C(=O)c1cc(F)ccc1Oc1nncnc1N1CCC2(C1)CN([C@H](CCCN[C@H](CO)COC)C(C)C)C2)C(C)C,CCN(C(C)C)C(=O)C1=C(C=CC(=C1)F)OC2=C(N=CN=N2)N3CCC4(C3)CN(C4)[C@H](CCCN[C@H](CO)COC)C(C)C,CCN(C(=O)c1cc(F)ccc1Oc1nncnc1N1CCC2(C1)CN([C@H](CCCN[C@H](CO)COC)C(C)C)C2)C(C)C,CCN(C(=O)c1cc(F)ccc1Oc1nncnc1N1CCC2(C1)CN([C@H](CCCN[C@H](CO)COC)C(C)C)C2)C(C)C,TXPRVPJXCPOZMK-XNMGPUDCSA-N,TXPRVPJXCPOZMK-XNMGPUDCSA-N,standardized,0.0,False,2.0,strict_exact,exact_point_estimate,high_potency_<=100nM,True,True,IC50,biochemical_binding,False,0.2459993315836712,0.8048754184442286,0.2230769246816635,COc1ccc(OCCNCCCF)c(F)c1[C@@H]1c2[nH]c3ccc(F)cc3c2C[C@@H](C)N1CC(F)(F)CO,False,low
STR-00EAB22F635715DE8799,IC50,biochemical_binding,1,1,0,1,1,0,0,7.013228265733755,7.013228265733755,7.013228265733755,97.0,97.0,IC50,1,inhibitory_potency,1,biochemical_binding,1,PubChem,156531478,Menin,2026,=,CC(C)[C@@H](C[C@@H](O)CN(C)C)N1CC2(CCN(c3ncnnc3Oc3ccc(F)cc3C(=O)N(C(C)C)C(C)C)C2)C1,CC(C)[C@@H](C[C@H](CN(C)C)O)N1CC2(C1)CCN(C2)C3=C(N=NC=N3)OC4=C(C=C(C=C4)F)C(=O)N(C(C)C)C(C)C,CC(C)[C@@H](C[C@@H](O)CN(C)C)N1CC2(CCN(c3ncnnc3Oc3ccc(F)cc3C(=O)N(C(C)C)C(C)C)C2)C1,CC(C)[C@@H](C[C@@H](O)CN(C)C)N1CC2(CCN(c3ncnnc3Oc3ccc(F)cc3C(=O)N(C(C)C)C(C)C)C2)C1,HGNXEODCTLZEEQ-AOYPEHQESA-N,HGNXEODCTLZEEQ-AOYPEHQESA-N,standardized,0.0,False,2.0,strict_exact,exact_point_estimate,high_potency_<=100nM,True,True,IC50,biochemical_binding,False,0.8000415810337141,0.7218449250245467,0.25242719054222107,O=C(CCc1ccccc1)c1cc(F)ccc1OCC(O)CN1CCN(C(c2ccccc2)c2ccccc2)CC1,False,high
STR-C3D8B6AB5924C8373F29,IC50,biochemical_binding,1,2,1,2,1,0,0,7.00436480540245,7.00436480540245,7.00436480540245,99.0,99.0,IC50,1,inhibitory_potency,1,biochemical_binding,1,ChEMBL;PubChem,CHEMBL5999146,Menin,2021,=,Cc1cc(C#N)ccc1N1CC(CN2CCC(C3(C4CCCC4)NCCc4ccccc43)CC2)C1,Cc1cc(C#N)ccc1N1CC(CN2CCC(C3(C4CCCC4)NCCc4ccccc43)CC2)C1,Cc1cc(C#N)ccc1N1CC(CN2CCC(C3(C4CCCC4)NCCc4ccccc43)CC2)C1,Cc1cc(C#N)ccc1N1CC(CN2CCC(C3(C4CCCC4)NCCc4ccccc43)CC2)C1,PVVGUZMEKILDNC-UHFFFAOYSA-N,PVVGUZMEKILDNC-UHFFFAOYSA-N,standardized,0.0,False,2.0,strict_exact,exact_point_estimate,high_potency_<=100nM,True,True,IC50,biochemical_binding,False,0.9650395226196405,0.2186885733949409,0.2976190447807312,Cc1ccccc1N1CCN(C[C@@H]2CCc3cccnc3[C@@H](O)C2)CC1,True,high
STR-CEC3B82DF09531954FAB,IC50,biochemical_binding,1,1,0,1,1,0,0,7.00436480540245,7.00436480540245,7.00436480540245,99.0,99.0,IC50,1,inhibitory_potency,1,biochemical_binding,1,PubChem,156498115,Menin,2026,=,CCN(C(=O)c1cc(F)ccc1Oc1nncnc1N1CCC2(C1)CN(C(CCCNCC(C)(C)OC)C(C)C)C2)C(C)C,CCN(C(C)C)C(=O)C1=C(C=CC(=C1)F)OC2=C(N=CN=N2)N3CCC4(C3)CN(C4)C(CCCNCC(C)(C)OC)C(C)C,CCN(C(=O)c1cc(F)ccc1Oc1nncnc1N1CCC2(C1)CN(C(CCCNCC(C)(C)OC)C(C)C)C2)C(C)C,CCN(C(=O)c1cc(F)ccc1Oc1nncnc1N1CCC2(C1)CN(C(CCCNCC(C)(C)OC)C(C)C)C2)C(C)C,BGKLHJYVRIJUSH-UHFFFAOYSA-N,BGKLHJYVRIJUSH-UHFFFAOYSA-N,standardized,0.0,False,2.0,strict_exact,exact_point_estimate,high_potency_<=100nM,True,True,IC50,biochemical_binding,False,0.801128523461112,0.7196652980712683,0.22480620443820953,COc1ccc(OCCNCCCF)c(F)c1[C@@H]1c2[nH]c3ccc(F)cc3c2C[C@@H](C)N1CC(F)(F)CO,False,high
STR-1574B99AB38B91861720,IC50,biochemical_binding,1,1,0,1,1,0,0,7.0,7.0,7.0,100.0,100.0,IC50,1,inhibitory_potency,1,biochemical_binding,1,PubChem,156498045,Menin,2026,=,CCN(C(=O)c1cc(F)ccc1Oc1nncnc1N1CCC2(C1)CN([C@H](CCCNC(COC)COC)C(C)C)C2)C(C)C,CCN(C(C)C)C(=O)C1=C(C=CC(=C1)F)OC2=C(N=CN=N2)N3CCC4(C3)CN(C4)[C@H](CCCNC(COC)COC)C(C)C,CCN(C(=O)c1cc(F)ccc1Oc1nncnc1N1CCC2(C1)CN([C@H](CCCNC(COC)COC)C(C)C)C2)C(C)C,CCN(C(=O)c1cc(F)ccc1Oc1nncnc1N1CCC2(C1)CN([C@H](CCCNC(COC)COC)C(C)C)C2)C(C)C,RXKCRTJORNLJCG-MUUNZHRXSA-N,RXKCRTJORNLJCG-MUUNZHRXSA-N,standardized,0.0,False,2.0,strict_exact,exact_point_estimate,high_potency_<=100nM,True,True,IC50,biochemical_binding,False,0.5644094918999786,0.9879963925898902,0.22131147980690002,O=C(NC1CC1)c1ccc(F)cc1OC[C@@H](O)CN1CCC2(CC1)Cc1cc(Cl)ccc1O2,False,medium
STR-36D06C665413C80AFB22,IC50,biochemical_binding,1,1,0,1,1,0,0,7.0,7.0,7.0,100.0,100.0,IC50,1,inhibitory_potency,1,biochemical_binding,1,PubChem,156498011,Menin,2026,=,CCN(C(=O)c1cc(F)ccc1Oc1nncnc1N1CCC2(C1)CN([C@H](CCCN(C)CC(CO)OC)C(C)C)C2)C(C)C,CCN(C(C)C)C(=O)C1=C(C=CC(=C1)F)OC2=C(N=CN=N2)N3CCC4(C3)CN(C4)[C@H](CCCN(C)CC(CO)OC)C(C)C,CCN(C(=O)c1cc(F)ccc1Oc1nncnc1N1CCC2(C1)CN([C@H](CCCN(C)CC(CO)OC)C(C)C)C2)C(C)C,CCN(C(=O)c1cc(F)ccc1Oc1nncnc1N1CCC2(C1)CN([C@H](CCCN(C)CC(CO)OC)C(C)C)C2)C(C)C,VZCFMGHAUCHPEA-SVNIRARHSA-N,VZCFMGHAUCHPEA-SVNIRARHSA-N,standardized,0.0,False,2.0,strict_exact,exact_point_estimate,high_potency_<=100nM,True,True,IC50,biochemical_binding,False,0.3400934607620232,0.9249081124218177,0.22480620443820953,COCC(=O)O[C@]1(CCN(C)CCCc2nc3ccccc3[nH]2)CCc2cc(F)ccc2[C@@H]1C(C)C,False,medium
STR-38B1872E6995BD9A227F,IC50,biochemical_binding,1,1,0,1,1,0,0,7.0,7.0,7.0,100.0,100.0,IC50,1,inhibitory_potency,1,biochemical_binding,1,PubChem,156531824,Menin,2026,=,CCN(C(=O)c1cc(F)ccc1Oc1nncnc1N1CCC2(C1)CN([C@H](CCC(C)(C)N(C)C)C(C)C)C2)C(C)C,CCN(C(C)C)C(=O)C1=C(C=CC(=C1)F)OC2=C(N=CN=N2)N3CCC4(C3)CN(C4)[C@H](CCC(C)(C)N(C)C)C(C)C,CCN(C(=O)c1cc(F)ccc1Oc1nncnc1N1CCC2(C1)CN([C@H](CCC(C)(C)N(C)C)C(C)C)C2)C(C)C,CCN(C(=O)c1cc(F)ccc1Oc1nncnc1N1CCC2(C1)CN([C@H](CCC(C)(C)N(C)C)C(C)C)C2)C(C)C,BKJAOQMLDWABBS-AREMUKBSSA-N,BKJAOQMLDWABBS-AREMUKBSSA-N,standardized,0.0,False,2.0,strict_exact,exact_point_estimate,high_potency_<=100nM,True,True,IC50,biochemical_binding,False,0.6455778394063135,0.9379555332842024,0.2300885021686554,CC(Oc1ccc(S(C)(=O)=O)cc1C(=O)N1CCN(c2ncc(C(F)(F)F)cc2Cl)CC1)C(F)(F)F,False,medium
STR-6BB8114D41C4FAE5B067,IC50,biochemical_binding,1,1,0,1,1,0,0,7.0,7.0,7.0,100.0,100.0,IC50,1,inhibitory_potency,1,biochemical_binding,1,PubChem,156531429,Menin,2026,=,CCN(C(=O)c1cc(F)ccc1Oc1nncnc1N1CCC2(C1)CN(C(CCCN)C(C)C)C2)C(C)C,CCN(C(C)C)C(=O)C1=C(C=CC(=C1)F)OC2=C(N=CN=N2)N3CCC4(C3)CN(C4)C(CCCN)C(C)C,CCN(C(=O)c1cc(F)ccc1Oc1nncnc1N1CCC2(C1)CN(C(CCCN)C(C)C)C2)C(C)C,CCN(C(=O)c1cc(F)ccc1Oc1nncnc1N1CCC2(C1)CN(C(CCCN)C(C)C)C2)C(C)C,UDIGWQWOIBIODT-UHFFFAOYSA-N,UDIGWQWOIBIODT-UHFFFAOYSA-N,standardized,0.0,False,2.0,strict_exact,exact_point_estimate,high_potency_<=100nM,True,True,IC50,biochemical_binding,False,0.44953663615086215,0.9926396812797575,0.2450980395078659,CN(C)C(=O)N1CC(c2cc(F)ccc2F)=C[C@@]1(CCCN)c1ccccc1,False,medium
STR-D9830BB6778F6B1CAA5F,IC50,biochemical_binding,1,1,0,1,1,0,0,7.0,7.0,7.0,100.0,100.0,IC50,1,inhibitory_potency,1,biochemical_binding,1,PubChem,156497976,Menin,2026,=,CCN(C(=O)c1cc(F)ccc1Oc1nncnc1N1CCC2(C1)CN([C@H](CCCNCC(CO)OC)C(C)C)C2)C(C)C,CCN(C(C)C)C(=O)C1=C(C=CC(=C1)F)OC2=C(N=CN=N2)N3CCC4(C3)CN(C4)[C@H](CCCNCC(CO)OC)C(C)C,CCN(C(=O)c1cc(F)ccc1Oc1nncnc1N1CCC2(C1)CN([C@H](CCCNCC(CO)OC)C(C)C)C2)C(C)C,CCN(C(=O)c1cc(F)ccc1Oc1nncnc1N1CCC2(C1)CN([C@H](CCCNCC(CO)OC)C(C)C)C2)C(C)C,AQPXEJUKHJGZNQ-ZCJYOONXSA-N,AQPXEJUKHJGZNQ-ZCJYOONXSA-N,standardized,0.0,False,2.0,strict_exact,exact_point_estimate,high_potency_<=100nM,True,True,IC50,biochemical_binding,False,0.27135579235191215,0.8434033926151419,0.2230769246816635,COc1ccc(OCCNCCCF)c(F)c1[C@@H]1c2[nH]c3ccc(F)cc3c2C[C@@H](C)N1CC(F)(F)CO,False,low
STR-568E8A2EF6050316CA23,IC50,biochemical_binding,1,1,0,1,1,0,0,6.991399828238082,6.991399828238082,6.991399828238082,102.0,102.0,IC50,1,inhibitory_potency,1,biochemical_binding,1,ChEMBL,CHEMBL2314569,Menin,2013,=,N=C(N)NCCC[C@@H]1NC(=O)C2(CCC2)NC(=O)[C@@H]2CCCN2C(=O)[C@H](Cc2ccccc2)NC(=O)[C@@H](N)CCCCCCCCNC(=O)[C@@H]2CCCN2C1=O,N=C(N)NCCC[C@@H]1NC(=O)C2(CCC2)NC(=O)[C@@H]2CCCN2C(=O)[C@H](Cc2ccccc2)NC(=O)[C@@H](N)CCCCCCCCNC(=O)[C@@H]2CCCN2C1=O,N=C(N)NCCC[C@@H]1NC(=O)C2(CCC2)NC(=O)[C@@H]2CCCN2C(=O)[C@H](Cc2ccccc2)NC(=O)[C@@H](N)CCCCCCCCNC(=O)[C@@H]2CCCN2C1=O,N=C(N)NCCC[C@@H]1NC(=O)C2(CCC2)NC(=O)[C@@H]2CCCN2C(=O)[C@H](Cc2ccccc2)NC(=O)[C@@H](N)CCCCCCCCNC(=O)[C@@H]2CCCN2C1=O,YTDSLMKSSLBQNG-XDIGFQIYSA-N,YTDSLMKSSLBQNG-XDIGFQIYSA-N,standardized,0.0,False,2.0,strict_exact,exact_point_estimate,moderate_100nM_to_1uM,False,True,IC50,biochemical_binding,False,0.004009389883914816,0.0376970878646645,0.2164948433637619,O=C1NC[C@@H](c2ccccc2)C12CCN(C1CCCCC1c1ccccc1)CC2,False,low
STR-607EE12240E722EC08AE,IC50,biochemical_binding,1,1,0,1,1,0,0,6.991399828238082,6.991399828238082,6.991399828238082,102.0,102.0,IC50,1,inhibitory_potency,1,biochemical_binding,1,ChEMBL,CHEMBL4565646,Menin,2019,=,CC(=O)N[C@H]1CCC[C@@H]1[C@](C#N)(c1ccccc1)C1CCN(CC2CN(c3ccc(C#N)cc3)C2)CC1,CC(=O)N[C@H]1CCC[C@@H]1[C@](C#N)(c1ccccc1)C1CCN(CC2CN(c3ccc(C#N)cc3)C2)CC1,CC(=O)N[C@H]1CCC[C@@H]1[C@](C#N)(c1ccccc1)C1CCN(CC2CN(c3ccc(C#N)cc3)C2)CC1,CC(=O)N[C@H]1CCC[C@@H]1[C@](C#N)(c1ccccc1)C1CCN(CC2CN(c3ccc(C#N)cc3)C2)CC1,FFGIAMNWBZNVQQ-RWSKJCERSA-N,FFGIAMNWBZNVQQ-RWSKJCERSA-N,standardized,0.0,False,2.0,strict_exact,exact_point_estimate,moderate_100nM_to_1uM,False,True,IC50,biochemical_binding,False,0.4503894913765665,0.99288677219649,0.2747252881526947,CC(=O)Nc1cccc(N2CCN(CC3CCN(S(=O)(=O)CC4CCCCC4)CC3)CC2)c1,True,medium
STR-84E68E67151229290F47,IC50,biochemical_binding,1,1,0,1,1,0,0,6.991399828238082,6.991399828238082,6.991399828238082,102.0,102.0,IC50,1,inhibitory_potency,1,biochemical_binding,1,ChEMBL,CHEMBL2314817,Menin,2013,=,N=C(N)NCCC[C@@H]1NC(=O)C2(CCC2)NC(=O)[C@@H]2CCCN2C(=O)[C@H](Cc2ccccc2F)NC(=O)[C@@H](N)CCCCCCCCNC(=O)[C@@H]2CCCN2C1=O,N=C(N)NCCC[C@@H]1NC(=O)C2(CCC2)NC(=O)[C@@H]2CCCN2C(=O)[C@H](Cc2ccccc2F)NC(=O)[C@@H](N)CCCCCCCCNC(=O)[C@@H]2CCCN2C1=O,N=C(N)NCCC[C@@H]1NC(=O)C2(CCC2)NC(=O)[C@@H]2CCCN2C(=O)[C@H](Cc2ccccc2F)NC(=O)[C@@H](N)CCCCCCCCNC(=O)[C@@H]2CCCN2C1=O,N=C(N)NCCC[C@@H]1NC(=O)C2(CCC2)NC(=O)[C@@H]2CCCN2C(=O)[C@H](Cc2ccccc2F)NC(=O)[C@@H](N)CCCCCCCCNC(=O)[C@@H]2CCCN2C1=O,OQTOBSXIFPJPQQ-XDIGFQIYSA-N,OQTOBSXIFPJPQQ-XDIGFQIYSA-N,standardized,0.0,False,2.0,strict_exact,exact_point_estimate,moderate_100nM_to_1uM,False,True,IC50,biochemical_binding,False,0.0038342992203940955,0.036298340623686746,0.2075471729040146,CCN1CC2(CCN(CCc3ccccc3F)CC2)O[C@H](C)C1=O,False,low
STR-852CFBD6CFCE9E722768,IC50,biochemical_binding,1,2,1,2,1,0,0,6.991399828238082,6.991399828238082,6.991399828238082,102.0,102.0,IC50,1,inhibitory_potency,1,biochemical_binding,1,ChEMBL;PubChem,CHEMBL5819018,Menin,2021,=,CC(=O)N[C@H]1CCC[C@@H]1C(C#N)(c1ccccc1)C1CCN(CC2CN(c3ccc(C#N)cc3)C2)CC1,CC(=O)N[C@H]1CCC[C@@H]1C(C#N)(c1ccccc1)C1CCN(CC2CN(c3ccc(C#N)cc3)C2)CC1,CC(=O)N[C@H]1CCC[C@@H]1C(C#N)(c1ccccc1)C1CCN(CC2CN(c3ccc(C#N)cc3)C2)CC1,CC(=O)N[C@H]1CCC[C@@H]1C(C#N)(c1ccccc1)C1CCN(CC2CN(c3ccc(C#N)cc3)C2)CC1,FFGIAMNWBZNVQQ-XPZBDPFPSA-N,FFGIAMNWBZNVQQ-XPZBDPFPSA-N,standardized,0.0,False,2.0,strict_exact,exact_point_estimate,moderate_100nM_to_1uM,False,True,IC50,biochemical_binding,False,0.4503894913765665,0.99288677219649,0.2747252881526947,CC(=O)Nc1cccc(N2CCN(CC3CCN(S(=O)(=O)CC4CCCCC4)CC3)CC2)c1,True,medium
STR-9FED646BC83A53D2E9C9,IC50,biochemical_binding,1,2,1,2,1,0,0,6.982966660701219,6.982966660701219,6.982966660701219,104.0,104.0,IC50,1,inhibitory_potency,1,biochemical_binding,1,ChEMBL;PubChem,CHEMBL6010521,Menin,2021,=,O=S(=O)(c1ccc(N2CC(F)(CN3CCC(C4(C5CCCC5)NCCc5ccccc54)CC3)C2)cc1)C1CC1,O=S(=O)(c1ccc(N2CC(F)(CN3CCC(C4(C5CCCC5)NCCc5ccccc54)CC3)C2)cc1)C1CC1,O=S(=O)(c1ccc(N2CC(F)(CN3CCC(C4(C5CCCC5)NCCc5ccccc54)CC3)C2)cc1)C1CC1,O=S(=O)(c1ccc(N2CC(F)(CN3CCC(C4(C5CCCC5)NCCc5ccccc54)CC3)C2)cc1)C1CC1,JOMIIYTUUJFABP-UHFFFAOYSA-N,JOMIIYTUUJFABP-UHFFFAOYSA-N,standardized,0.0,False,2.0,strict_exact,exact_point_estimate,moderate_100nM_to_1uM,False,True,IC50,biochemical_binding,False,0.9636528984786613,0.2252854580793311,0.2409638613462448,FCC[C@@H]1Cc2ccccc2C2(CCC(N3CCN(C4CCCCC4)CC3)CC2)O1,False,high
STR-9C6F5F9AE1FD0341471B,IC50,biochemical_binding,2,3,1,2,2,0,0,6.979086618681228,7.113509274827518,6.844663962534938,110.0,77.0,IC50,1,inhibitory_potency,1,biochemical_binding,1,ChEMBL;PubChem,CHEMBL4592512,Menin,2019;2021,=,CS(=O)(=O)c1ccc(N2CC(CN3CCC(C4(C5CCCC5)NCCc5ccccc54)CC3)C2)cc1,CS(=O)(=O)c1ccc(N2CC(CN3CCC(C4(C5CCCC5)NCCc5ccccc54)CC3)C2)cc1,CS(=O)(=O)c1ccc(N2CC(CN3CCC(C4(C5CCCC5)NCCc5ccccc54)CC3)C2)cc1,CS(=O)(=O)c1ccc(N2CC(CN3CCC(C4(C5CCCC5)NCCc5ccccc54)CC3)C2)cc1,OSKQDPXBAVLYRS-UHFFFAOYSA-N,OSKQDPXBAVLYRS-UHFFFAOYSA-N,standardized,0.26884531229258,False,2.0,strict_exact,exact_point_estimate,moderate_100nM_to_1uM,False,True,IC50,biochemical_binding,False,0.949937186476116,0.2866637245180428,0.2666666805744171,CCOC(=O)N1CCC(CN2CCC3(CC2)CN(S(C)(=O)=O)c2ncccc23)CC1,True,high
STR-21023797F115C4D325D4,IC50,biochemical_binding,1,2,1,2,1,0,0,6.96657624451305,6.96657624451305,6.96657624451305,108.0,108.0,IC50,1,inhibitory_potency,1,biochemical_binding,1,ChEMBL;PubChem,CHEMBL5945524,Menin,2021,=,CNC(=O)N[C@@H]1CCC[C@H]1C(CN)(c1ccccc1)C1CCN(CC2CN(c3ccc(S(=O)(=O)c4ccccc4)cc3)C2)CC1,CNC(=O)N[C@@H]1CCC[C@H]1C(CN)(c1ccccc1)C1CCN(CC2CN(c3ccc(S(=O)(=O)c4ccccc4)cc3)C2)CC1,CNC(=O)N[C@@H]1CCC[C@H]1C(CN)(c1ccccc1)C1CCN(CC2CN(c3ccc(S(=O)(=O)c4ccccc4)cc3)C2)CC1,CNC(=O)N[C@@H]1CCC[C@H]1C(CN)(c1ccccc1)C1CCN(CC2CN(c3ccc(S(=O)(=O)c4ccccc4)cc3)C2)CC1,RXRPLAZNSINGDU-INSQSLAKSA-N,RXRPLAZNSINGDU-INSQSLAKSA-N,standardized,0.0,False,2.0,strict_exact,exact_point_estimate,moderate_100nM_to_1uM,False,True,IC50,biochemical_binding,False,0.20324392794540297,0.7283686990451572,0.2631579041481018,CC(=O)Nc1cccc(N2CCN(CC3CCN(S(=O)(=O)CC4CCCCC4)CC3)CC2)c1,True,low
STR-EF59F4B25BA340184A39,IC50,biochemical_binding,1,1,0,1,1,0,0,6.958607314841775,6.958607314841775,6.958607314841775,110.0,110.0,IC50,1,inhibitory_potency,1,biochemical_binding,1,PubChem,178185574,Menin,2026,=,CC(C)[C@@H](CCCN(C)C)N1CC2(CCN(C3N=CN=NC3Oc3ccc(F)cc3C(=O)N(C(C)C)C(C)C)C2)C1,CC(C)[C@@H](CCCN(C)C)N1CC2(C1)CCN(C2)C3C(N=NC=N3)OC4=C(C=C(C=C4)F)C(=O)N(C(C)C)C(C)C,CC(C)[C@@H](CCCN(C)C)N1CC2(CCN(C3N=CN=NC3Oc3ccc(F)cc3C(=O)N(C(C)C)C(C)C)C2)C1,CC(C)[C@@H](CCCN(C)C)N1CC2(CCN(C3N=CN=NC3Oc3ccc(F)cc3C(=O)N(C(C)C)C(C)C)C2)C1,ZGYSPPLDOMJGHI-CSJMBUEXSA-N,ZGYSPPLDOMJGHI-CSJMBUEXSA-N,standardized,0.0,False,2.0,strict_exact,exact_point_estimate,moderate_100nM_to_1uM,False,True,IC50,biochemical_binding,False,0.9524351222315385,0.27596126275868277,0.23728813230991364,COCC(=O)O[C@]1(CCN(C)CCCc2nc3ccccc3[nH]2)CCc2cc(F)ccc2[C@@H]1C(C)C,False,high
STR-F51B7D171A1ED736805D,IC50,biochemical_binding,1,1,0,1,1,0,0,6.958607314841775,6.958607314841775,6.958607314841775,110.0,110.0,IC50,1,inhibitory_potency,1,biochemical_binding,1,PubChem,156531628,Menin,2026,=,CCN(C)CCC[C@H](C(C)C)N1CC2(CCN(c3ncnnc3Oc3ccc(F)cc3C(=O)N(CC)C(C)C)C2)C1,CCN(C)CCC[C@H](C(C)C)N1CC2(C1)CCN(C2)C3=C(N=NC=N3)OC4=C(C=C(C=C4)F)C(=O)N(CC)C(C)C,CCN(C)CCC[C@H](C(C)C)N1CC2(CCN(c3ncnnc3Oc3ccc(F)cc3C(=O)N(CC)C(C)C)C2)C1,CCN(C)CCC[C@H](C(C)C)N1CC2(CCN(c3ncnnc3Oc3ccc(F)cc3C(=O)N(CC)C(C)C)C2)C1,JHZNQRHFDIODOT-AREMUKBSSA-N,JHZNQRHFDIODOT-AREMUKBSSA-N,standardized,0.0,False,2.0,strict_exact,exact_point_estimate,moderate_100nM_to_1uM,False,True,IC50,biochemical_binding,False,0.744631052981233,0.8196773294122164,0.23140496015548706,COCC(=O)O[C@]1(CCN(C)CCCc2nc3ccccc3[nH]2)CCc2cc(F)ccc2[C@@H]1C(C)C,False,high
STR-D2329F0EB178ECBDC6B6,IC50,biochemical_binding,1,2,1,2,1,0,0,6.954677021213342,6.954677021213342,6.954677021213342,111.0,111.0,IC50,1,inhibitory_potency,1,biochemical_binding,1,ChEMBL;PubChem,CHEMBL6027635,Menin,2021,=,N#CC(c1ccccc1)(C1CCN(CC2CN(c3ccc(S(=O)(=O)c4ccncc4)cc3)C2)CC1)[C@H]1CCC[C@@H]1OC(=O)C1CCC1,N#CC(c1ccccc1)(C1CCN(CC2CN(c3ccc(S(=O)(=O)c4ccncc4)cc3)C2)CC1)[C@H]1CCC[C@@H]1OC(=O)C1CCC1,N#CC(c1ccccc1)(C1CCN(CC2CN(c3ccc(S(=O)(=O)c4ccncc4)cc3)C2)CC1)[C@H]1CCC[C@@H]1OC(=O)C1CCC1,N#CC(c1ccccc1)(C1CCN(CC2CN(c3ccc(S(=O)(=O)c4ccncc4)cc3)C2)CC1)[C@H]1CCC[C@@H]1OC(=O)C1CCC1,UPXKEAPHHNBDHK-MROBMTMESA-N,UPXKEAPHHNBDHK-MROBMTMESA-N,standardized,0.0,False,2.0,strict_exact,exact_point_estimate,moderate_100nM_to_1uM,False,True,IC50,biochemical_binding,False,0.03464028104978377,0.21715366185373258,0.2450980395078659,C[C@@H]1CN(CC2(c3ccncc3)CC2)CCN1S(=O)(=O)c1ccc(C(C)(O)C(F)(F)F)cc1,False,low
STR-2427F8EACDBEB2183A48,IC50,biochemical_binding,2,2,0,1,2,0,0,6.95337673444808,7.173925197299173,6.732828271596986,126.0,67.0,IC50,1,inhibitory_potency,1,biochemical_binding,1,ChEMBL,CHEMBL3126196,Menin,2014;2019,=,N#Cc1ccc(OCCCN2CCC(C(N)(c3ccccc3)C3CCCC3)CC2)cc1,N#Cc1ccc(OCCCN2CCC(C(N)(c3ccccc3)C3CCCC3)CC2)cc1,N#Cc1ccc(OCCCN2CCC(C(N)(c3ccccc3)C3CCCC3)CC2)cc1,N#Cc1ccc(OCCCN2CCC(C(N)(c3ccccc3)C3CCCC3)CC2)cc1,AUWUGRCKTQSGJY-UHFFFAOYSA-N,AUWUGRCKTQSGJY-UHFFFAOYSA-N,standardized,0.4410969257021868,False,2.0,strict_exact,exact_point_estimate,moderate_100nM_to_1uM,False,True,IC50,biochemical_binding,False,0.9956867350963958,0.04009862585091715,0.4035087823867798,c1ccc(-c2ccc(OCCCCCN3CCCCCC3)cc2)cc1,True,high
STR-53AEACA9E792A76EA570,IC50,biochemical_binding,1,2,1,2,1,0,0,6.950781977329818,6.950781977329818,6.950781977329818,112.0,112.0,IC50,1,inhibitory_potency,1,biochemical_binding,1,ChEMBL;PubChem,CHEMBL5937223,Menin,2021,=,CNC(=O)O[C@H]1CCC[C@@H]1C(C#N)(c1ccccc1)C1CCN(CC2CN(c3ccc(C)cc3)C2)CC1,CNC(=O)O[C@H]1CCC[C@@H]1C(C#N)(c1ccccc1)C1CCN(CC2CN(c3ccc(C)cc3)C2)CC1,CNC(=O)O[C@H]1CCC[C@@H]1C(C#N)(c1ccccc1)C1CCN(CC2CN(c3ccc(C)cc3)C2)CC1,CNC(=O)O[C@H]1CCC[C@@H]1C(C#N)(c1ccccc1)C1CCN(CC2CN(c3ccc(C)cc3)C2)CC1,VIVQBGAVUNUMKT-MYABOAQRSA-N,VIVQBGAVUNUMKT-MYABOAQRSA-N,standardized,0.0,False,2.0,strict_exact,exact_point_estimate,moderate_100nM_to_1uM,False,True,IC50,biochemical_binding,False,0.3553726557801161,0.9387749807293384,0.2747252881526947,CCOC(=O)N1[C@@H]2CC[C@H]1C[C@H](CN1CC[C@H](N3C(=O)Cc4ccccc43)C1)C2,True,medium
STR-FEFFBCD58898FB83A7AC,IC50,biochemical_binding,1,1,0,1,1,0,0,6.950781977329818,6.950781977329818,6.950781977329818,112.0,112.0,IC50,1,inhibitory_potency,1,biochemical_binding,1,ChEMBL,CHEMBL2314572,Menin,2013,=,N=C(N)NCCC[C@@H]1NC(=O)C2(CCC2)NC(=O)[C@@H]2CCCN2C(=O)[C@H](Cc2ccccc2Cl)NC(=O)[C@@H](N)CCCCCCCCNC(=O)[C@@H]2CCCN2C1=O,N=C(N)NCCC[C@@H]1NC(=O)C2(CCC2)NC(=O)[C@@H]2CCCN2C(=O)[C@H](Cc2ccccc2Cl)NC(=O)[C@@H](N)CCCCCCCCNC(=O)[C@@H]2CCCN2C1=O,N=C(N)NCCC[C@@H]1NC(=O)C2(CCC2)NC(=O)[C@@H]2CCCN2C(=O)[C@H](Cc2ccccc2Cl)NC(=O)[C@@H](N)CCCCCCCCNC(=O)[C@@H]2CCCN2C1=O,N=C(N)NCCC[C@@H]1NC(=O)C2(CCC2)NC(=O)[C@@H]2CCCN2C(=O)[C@H](Cc2ccccc2Cl)NC(=O)[C@@H](N)CCCCCCCCNC(=O)[C@@H]2CCCN2C1=O,XSBPMQOYVMBOAJ-XDIGFQIYSA-N,XSBPMQOYVMBOAJ-XDIGFQIYSA-N,standardized,0.0,False,2.0,strict_exact,exact_point_estimate,moderate_100nM_to_1uM,False,True,IC50,biochemical_binding,False,0.005732228938056535,0.05093223124092494,0.20661157369613647,CC1N(S(=O)(=O)c2ccc(F)cc2)c2ccc(C(=O)NCc3ccccc3Cl)cc2C12CCNCC2,False,low
STR-EB3EDBE36DF9F6873496,IC50,biochemical_binding,1,1,0,1,1,0,0,6.943095148663527,6.943095148663527,6.943095148663527,114.0,114.0,IC50,1,inhibitory_potency,1,biochemical_binding,1,ChEMBL,CHEMBL3126199,Menin,2014,=,NS(=O)(=O)c1ccc(OCCCN2CCC(C(O)(c3ccccn3)C3CCCC3)CC2)cc1,NS(=O)(=O)c1ccc(OCCCN2CCC(C(O)(c3ccccn3)C3CCCC3)CC2)cc1,NS(=O)(=O)c1ccc(OCCCN2CCC(C(O)(c3ccccn3)C3CCCC3)CC2)cc1,NS(=O)(=O)c1ccc(OCCCN2CCC(C(O)(c3ccccn3)C3CCCC3)CC2)cc1,NQXVDDGKDJESCO-UHFFFAOYSA-N,NQXVDDGKDJESCO-UHFFFAOYSA-N,standardized,0.0,False,2.0,strict_exact,exact_point_estimate,moderate_100nM_to_1uM,False,True,IC50,biochemical_binding,False,0.9630863286278943,0.22795796293979784,0.34375,c1ccc(-c2ccc(OCCCCCN3CCCCCC3)cc2)cc1,True,high
STR-39A915FABCDA41B4B311,IC50,biochemical_binding,1,2,1,2,1,0,0,6.935542010773082,6.935542010773082,6.935542010773082,116.0,116.0,IC50,1,inhibitory_potency,1,biochemical_binding,1,ChEMBL;PubChem,CHEMBL5746652,Menin,2021,=,CCc1nccn1CC(c1ccccc1)(C1CCN(CC2CN(c3ccc(C#N)cc3)C2)CC1)[C@@H]1CCC[C@H]1OC(=O)NC,CCc1nccn1CC(c1ccccc1)(C1CCN(CC2CN(c3ccc(C#N)cc3)C2)CC1)[C@@H]1CCC[C@H]1OC(=O)NC,CCc1nccn1CC(c1ccccc1)(C1CCN(CC2CN(c3ccc(C#N)cc3)C2)CC1)[C@@H]1CCC[C@H]1OC(=O)NC,CCc1nccn1CC(c1ccccc1)(C1CCN(CC2CN(c3ccc(C#N)cc3)C2)CC1)[C@@H]1CCC[C@H]1OC(=O)NC,DSOWOWNLUVRUIU-CPKRCLNGSA-N,DSOWOWNLUVRUIU-CPKRCLNGSA-N,standardized,0.0,False,2.0,strict_exact,exact_point_estimate,moderate_100nM_to_1uM,False,True,IC50,biochemical_binding,False,0.46223605281505525,0.9958811787135855,0.2678571343421936,CCc1cc(COc2cc(C(=O)N3CCC[C@@H](N)C3)nn2-c2ccc(C#N)cc2)on1,True,medium
STR-3B0D0745EF6A1078CAD2,IC50,biochemical_binding,1,1,0,1,1,0,0,6.920818753952375,6.920818753952375,6.920818753952375,120.0,120.0,IC50,1,inhibitory_potency,1,biochemical_binding,1,PubChem,178185573,Menin,2026,=,CCN(C(=O)c1cc(F)ccc1OC1N=NC=NC1N1CCC2(C1)CN([C@H](CCCNCCC#N)C(C)C)C2)C(C)C,CCN(C(C)C)C(=O)C1=C(C=CC(=C1)F)OC2C(N=CN=N2)N3CCC4(C3)CN(C4)[C@H](CCCNCCC#N)C(C)C,CCN(C(=O)c1cc(F)ccc1OC1N=NC=NC1N1CCC2(C1)CN([C@H](CCCNCCC#N)C(C)C)C2)C(C)C,CCN(C(=O)c1cc(F)ccc1OC1N=NC=NC1N1CCC2(C1)CN([C@H](CCCNCCC#N)C(C)C)C2)C(C)C,MWHCVOYLLJQWHM-CSJMBUEXSA-N,MWHCVOYLLJQWHM-CSJMBUEXSA-N,standardized,0.0,False,2.0,strict_exact,exact_point_estimate,moderate_100nM_to_1uM,False,True,IC50,biochemical_binding,False,0.7353983701949663,0.8336112058451078,0.22413793206214905,COc1cc(CN2CCC(CNCCCCCC(c3ccc(F)cc3)c3ccc(F)cc3)C2)cc(OC)c1OC,False,high
STR-479A1AD4514C662AB87A,IC50,biochemical_binding,1,1,0,1,1,0,0,6.920818753952375,6.920818753952375,6.920818753952375,120.0,120.0,IC50,1,inhibitory_potency,1,biochemical_binding,1,PubChem,156531468,Menin,2026,=,CCN(C(=O)c1cc(F)ccc1Oc1nnc(NC)nc1N1CCC2(C1)CN([C@H](CCCN)C(C)C)C2)C(C)C,CCN(C(C)C)C(=O)C1=C(C=CC(=C1)F)OC2=C(N=C(N=N2)NC)N3CCC4(C3)CN(C4)[C@H](CCCN)C(C)C,CCN(C(=O)c1cc(F)ccc1Oc1nnc(NC)nc1N1CCC2(C1)CN([C@H](CCCN)C(C)C)C2)C(C)C,CCN(C(=O)c1cc(F)ccc1Oc1nnc(NC)nc1N1CCC2(C1)CN([C@H](CCCN)C(C)C)C2)C(C)C,DAJLQVCCABYRBF-HSZRJFAPSA-N,DAJLQVCCABYRBF-HSZRJFAPSA-N,standardized,0.0,False,2.0,strict_exact,exact_point_estimate,moderate_100nM_to_1uM,False,True,IC50,biochemical_binding,False,0.5786578312081817,0.9820735613578955,0.2380952388048172,CN(C)C(=O)N1CC(c2cc(F)ccc2F)=C[C@@]1(CCCN)c1ccccc1,False,medium
STR-52142363ACB32B4956F1,IC50,biochemical_binding,1,1,0,1,1,0,0,6.920818753952375,6.920818753952375,6.920818753952375,120.0,120.0,IC50,1,inhibitory_potency,1,biochemical_binding,1,PubChem,156531916,Menin,2026,=,CCN(C(=O)c1cc(F)ccc1Oc1nnc(OC)nc1N1CCC2(C1)CN([C@H](CCCN(C)C)C(C)C)C2)C(C)C,CCN(C(C)C)C(=O)C1=C(C=CC(=C1)F)OC2=C(N=C(N=N2)OC)N3CCC4(C3)CN(C4)[C@H](CCCN(C)C)C(C)C,CCN(C(=O)c1cc(F)ccc1Oc1nnc(OC)nc1N1CCC2(C1)CN([C@H](CCCN(C)C)C(C)C)C2)C(C)C,CCN(C(=O)c1cc(F)ccc1Oc1nnc(OC)nc1N1CCC2(C1)CN([C@H](CCCN(C)C)C(C)C)C2)C(C)C,OHWMEMHPARMTGX-RUZDIDTESA-N,OHWMEMHPARMTGX-RUZDIDTESA-N,standardized,0.0,False,2.0,strict_exact,exact_point_estimate,moderate_100nM_to_1uM,False,True,IC50,biochemical_binding,False,0.8176099535150998,0.6852777545840901,0.23529411852359772,COc1nccnc1[C@H](C)C1=C(CCN(C)C)Cc2cc(F)ccc21,False,high
STR-6C98F61E1E52A5856618,IC50,biochemical_binding,1,1,0,1,1,0,0,6.920818753952375,6.920818753952375,6.920818753952375,120.0,120.0,IC50,1,inhibitory_potency,1,biochemical_binding,1,PubChem,156531812,Menin,2026,=,CC(C)[C@@H](CCC(C)(C)N)N1CC2(CCN(c3ncnnc3Oc3ccc(F)cc3-c3cncnc3C3CC3)C2)C1,CC(C)[C@@H](CCC(C)(C)N)N1CC2(C1)CCN(C2)C3=C(N=NC=N3)OC4=C(C=C(C=C4)F)C5=CN=CN=C5C6CC6,CC(C)[C@@H](CCC(C)(C)N)N1CC2(CCN(c3ncnnc3Oc3ccc(F)cc3-c3cncnc3C3CC3)C2)C1,CC(C)[C@@H](CCC(C)(C)N)N1CC2(CCN(c3ncnnc3Oc3ccc(F)cc3-c3cncnc3C3CC3)C2)C1,QKIUANDYULVCFE-RUZDIDTESA-N,QKIUANDYULVCFE-RUZDIDTESA-N,standardized,0.0,False,2.0,strict_exact,exact_point_estimate,moderate_100nM_to_1uM,False,True,IC50,biochemical_binding,False,0.7711367567186068,0.7760244118544686,0.22314049303531647,Cc1nc2cnc(Oc3ccc(F)c4cccnc34)cc2c(=O)n1C[C@H]1CCCN(C(C)C)C1,False,high
STR-8B2AB072C4548D2116F2,IC50,biochemical_binding,1,1,0,1,1,0,0,6.920818753952375,6.920818753952375,6.920818753952375,120.0,120.0,IC50,1,inhibitory_potency,1,biochemical_binding,1,PubChem,156532036,Menin,2026,=,COCCN(C)CCC[C@H](C(C)C)N1CC2(CCN(c3ncnnc3Oc3ccc(F)cc3C(=O)N(C(C)C)C(C)C)C2)C1,CC(C)[C@@H](CCCN(C)CCOC)N1CC2(C1)CCN(C2)C3=C(N=NC=N3)OC4=C(C=C(C=C4)F)C(=O)N(C(C)C)C(C)C,COCCN(C)CCC[C@H](C(C)C)N1CC2(CCN(c3ncnnc3Oc3ccc(F)cc3C(=O)N(C(C)C)C(C)C)C2)C1,COCCN(C)CCC[C@H](C(C)C)N1CC2(CCN(c3ncnnc3Oc3ccc(F)cc3C(=O)N(C(C)C)C(C)C)C2)C1,MTNNOKFINBKFMT-MUUNZHRXSA-N,MTNNOKFINBKFMT-MUUNZHRXSA-N,standardized,0.0,False,2.0,strict_exact,exact_point_estimate,moderate_100nM_to_1uM,False,True,IC50,biochemical_binding,False,0.850947461679006,0.6074641939472208,0.2689075767993927,COCC(=O)O[C@]1(CCN(C)CCCc2nc3ccccc3[nH]2)CCc2cc(F)ccc2[C@@H]1C(C)C,True,high
STR-EFBDC82F897837532FAC,IC50,biochemical_binding,1,1,0,1,1,0,0,6.920818753952375,6.920818753952375,6.920818753952375,120.0,120.0,IC50,1,inhibitory_potency,1,biochemical_binding,1,PubChem,156531779,Menin,2026,=,CCN(C(=O)c1cc(F)ccc1Oc1nncnc1N1CCC2(C1)CN([C@H](CCCN(C)[C@@H](C)COC)C(C)C)C2)C(C)C,CCN(C(C)C)C(=O)C1=C(C=CC(=C1)F)OC2=C(N=CN=N2)N3CCC4(C3)CN(C4)[C@H](CCCN(C)[C@@H](C)COC)C(C)C,CCN(C(=O)c1cc(F)ccc1Oc1nncnc1N1CCC2(C1)CN([C@H](CCCN(C)[C@@H](C)COC)C(C)C)C2)C(C)C,CCN(C(=O)c1cc(F)ccc1Oc1nncnc1N1CCC2(C1)CN([C@H](CCCN(C)[C@@H](C)COC)C(C)C)C2)C(C)C,PUOUJWXILKKQSQ-LBNVMWSVSA-N,PUOUJWXILKKQSQ-LBNVMWSVSA-N,standardized,0.0,False,2.0,strict_exact,exact_point_estimate,moderate_100nM_to_1uM,False,True,IC50,biochemical_binding,False,0.7429916709356418,0.8221982604007751,0.2232142835855484,O=C(CCc1ccccc1)c1cc(F)ccc1OCC(O)CN1CCN(C(c2ccccc2)c2ccccc2)CC1,False,high
STR-62B57AB9305786A0B7AA,IC50,biochemical_binding,1,2,1,2,1,0,0,6.913640169325252,6.913640169325252,6.913640169325252,122.0,122.0,IC50,1,inhibitory_potency,1,biochemical_binding,1,ChEMBL;PubChem,CHEMBL5889077,Menin,2021,=,CC(C)(C)S(=O)(=O)c1ccc(N2CC(CN3CCC(C4(C5CCCC5)NCCc5ccccc54)CC3)C2)cc1,CC(C)(C)S(=O)(=O)c1ccc(N2CC(CN3CCC(C4(C5CCCC5)NCCc5ccccc54)CC3)C2)cc1,CC(C)(C)S(=O)(=O)c1ccc(N2CC(CN3CCC(C4(C5CCCC5)NCCc5ccccc54)CC3)C2)cc1,CC(C)(C)S(=O)(=O)c1ccc(N2CC(CN3CCC(C4(C5CCCC5)NCCc5ccccc54)CC3)C2)cc1,ZVZXLSCRDCXWND-UHFFFAOYSA-N,ZVZXLSCRDCXWND-UHFFFAOYSA-N,standardized,0.0,False,2.0,strict_exact,exact_point_estimate,moderate_100nM_to_1uM,False,True,IC50,biochemical_binding,False,0.9265661112297738,0.3786095206901133,0.2527472674846649,CC(=O)Nc1cccc(N2CCN(CC3CCN(S(=O)(=O)CC4CCCCC4)CC3)CC2)c1,False,high
STR-F27337C7FFCA9EF1AAB4,IC50,biochemical_binding,1,2,1,2,1,0,0,6.913640169325252,6.913640169325252,6.913640169325252,122.0,122.0,IC50,1,inhibitory_potency,1,biochemical_binding,1,ChEMBL;PubChem,CHEMBL5820592,Menin,2021,=,CC(=O)O[C@@H]1CCC[C@H]1C1(C2CCN(CC3CN(c4ccc(S(=O)(=O)C5CC5)cc4)C3)CC2)CN(C)Cc2ccccc21,CC(=O)O[C@@H]1CCC[C@H]1C1(C2CCN(CC3CN(c4ccc(S(=O)(=O)C5CC5)cc4)C3)CC2)CN(C)Cc2ccccc21,CC(=O)O[C@@H]1CCC[C@H]1C1(C2CCN(CC3CN(c4ccc(S(=O)(=O)C5CC5)cc4)C3)CC2)CN(C)Cc2ccccc21,CC(=O)O[C@@H]1CCC[C@H]1C1(C2CCN(CC3CN(c4ccc(S(=O)(=O)C5CC5)cc4)C3)CC2)CN(C)Cc2ccccc21,FQIXLSTYHBMVEG-ORITWGEGSA-N,FQIXLSTYHBMVEG-ORITWGEGSA-N,standardized,0.0,False,2.0,strict_exact,exact_point_estimate,moderate_100nM_to_1uM,False,True,IC50,biochemical_binding,False,0.693656210320481,0.888907812232252,0.25773194432258606,CCOC(=O)N1CCC(CN2CC[C@H](N3C(=O)Cc4ccccc43)C2)CC1,False,medium
STR-E7EA8D7931BFDDAB9B7B,IC50,biochemical_binding,1,1,0,1,1,0,0,6.910094888560602,6.910094888560602,6.910094888560602,123.0,123.0,IC50,1,inhibitory_potency,1,biochemical_binding,1,ChEMBL,CHEMBL4210580,Menin,2018,=,Cc1c(CN2CCC(Nc3ncnc4sc(CC(F)(F)F)cc34)CC2)ccc2c1cc(C#N)n2C[C@H]1CNC(=O)CO1,Cc1c(CN2CCC(Nc3ncnc4sc(CC(F)(F)F)cc34)CC2)ccc2c1cc(C#N)n2C[C@H]1CNC(=O)CO1,Cc1c(CN2CCC(Nc3ncnc4sc(CC(F)(F)F)cc34)CC2)ccc2c1cc(C#N)n2C[C@H]1CNC(=O)CO1,Cc1c(CN2CCC(Nc3ncnc4sc(CC(F)(F)F)cc34)CC2)ccc2c1cc(C#N)n2C[C@H]1CNC(=O)CO1,JTUOGOXWKQAKOR-OAQYLSRUSA-N,JTUOGOXWKQAKOR-OAQYLSRUSA-N,standardized,0.0,False,2.0,strict_exact,exact_point_estimate,moderate_100nM_to_1uM,False,True,IC50,biochemical_binding,False,0.6668929749707079,0.9180693594830116,0.30000001192092896,FC(F)(F)c1ccc(C(F)(F)CN2CCC(Nc3ncnc4[nH]ncc34)CC2)cc1,True,medium
STR-0B3BEA2BCB592D1DDA40,IC50,biochemical_binding,1,2,1,2,1,0,0,6.906578314837764,6.906578314837764,6.906578314837764,124.0,124.0,IC50,1,inhibitory_potency,1,biochemical_binding,1,ChEMBL;PubChem,CHEMBL5973247,Menin,2021,=,N#Cc1ccc(OCCCN2CCC(C(CN)(c3ccccc3)C3CCCC3)CC2)cc1,N#Cc1ccc(OCCCN2CCC(C(CN)(c3ccccc3)C3CCCC3)CC2)cc1,N#Cc1ccc(OCCCN2CCC(C(CN)(c3ccccc3)C3CCCC3)CC2)cc1,N#Cc1ccc(OCCCN2CCC(C(CN)(c3ccccc3)C3CCCC3)CC2)cc1,DPIKMEYTRBQEDK-UHFFFAOYSA-N,DPIKMEYTRBQEDK-UHFFFAOYSA-N,standardized,0.0,False,2.0,strict_exact,exact_point_estimate,moderate_100nM_to_1uM,False,True,IC50,biochemical_binding,False,0.9940780069809155,0.0523392628119915,0.38983049988746643,c1ccc(-c2ccc(OCCCCCN3CCCCCC3)cc2)cc1,True,high
STR-026263DECB2C2D5066E0,IC50,biochemical_binding,1,1,0,1,1,0,0,6.886056647693163,6.886056647693163,6.886056647693163,130.0,130.0,IC50,1,inhibitory_potency,1,biochemical_binding,1,PubChem,156531411,Menin,2026,=,CCN(C(=O)c1cc(F)ccc1Oc1nncnc1N1CCC2(C1)CN([C@H](CCCNCC(COC)OC)C(C)C)C2)C(C)C,CCN(C(C)C)C(=O)C1=C(C=CC(=C1)F)OC2=C(N=CN=N2)N3CCC4(C3)CN(C4)[C@H](CCCNCC(COC)OC)C(C)C,CCN(C(=O)c1cc(F)ccc1Oc1nncnc1N1CCC2(C1)CN([C@H](CCCNCC(COC)OC)C(C)C)C2)C(C)C,CCN(C(=O)c1cc(F)ccc1Oc1nncnc1N1CCC2(C1)CN([C@H](CCCNCC(COC)OC)C(C)C)C2)C(C)C,VOWVQSKXBYHGDQ-SVNIRARHSA-N,VOWVQSKXBYHGDQ-SVNIRARHSA-N,standardized,0.0,False,2.0,strict_exact,exact_point_estimate,moderate_100nM_to_1uM,False,True,IC50,biochemical_binding,False,0.5911944066098535,0.9758690411254749,0.23076923191547394,COc1ccc(OCCNCCCF)c(F)c1[C@@H]1c2[nH]c3ccc(F)cc3c2C[C@@H](C)N1CC(F)(F)CO,False,medium
STR-1D90C1470EBB9030FBBA,IC50,biochemical_binding,1,1,0,1,1,0,0,6.886056647693163,6.886056647693163,6.886056647693163,130.0,130.0,IC50,1,inhibitory_potency,1,biochemical_binding,1,PubChem,156497999,Menin,2026,=,CCN(C(=O)c1cc(F)ccc1Oc1nncnc1N1CCC2(C1)CN([C@H](CCCN(C)C(C)CC(=O)N(C)C)C(C)C)C2)C(C)C,CCN(C(C)C)C(=O)C1=C(C=CC(=C1)F)OC2=C(N=CN=N2)N3CCC4(C3)CN(C4)[C@H](CCCN(C)C(C)CC(=O)N(C)C)C(C)C,CCN(C(=O)c1cc(F)ccc1Oc1nncnc1N1CCC2(C1)CN([C@H](CCCN(C)C(C)CC(=O)N(C)C)C(C)C)C2)C(C)C,CCN(C(=O)c1cc(F)ccc1Oc1nncnc1N1CCC2(C1)CN([C@H](CCCN(C)C(C)CC(=O)N(C)C)C(C)C)C2)C(C)C,YTBQSXQHHWVUTN-BNGNXUGRSA-N,YTBQSXQHHWVUTN-BNGNXUGRSA-N,standardized,0.0,False,2.0,strict_exact,exact_point_estimate,moderate_100nM_to_1uM,False,True,IC50,biochemical_binding,False,0.49877372656462227,0.9999956611003031,0.21238937973976135,O=C(CCc1ccccc1)c1cc(F)ccc1OCC(O)CN1CCN(C(c2ccccc2)c2ccccc2)CC1,False,medium
STR-312EF6BDB711E79D339B,IC50,biochemical_binding,1,1,0,1,1,0,0,6.886056647693163,6.886056647693163,6.886056647693163,130.0,130.0,IC50,1,inhibitory_potency,1,biochemical_binding,1,PubChem,156531576,Menin,2026,=,CC(C)[C@@H](CCCN(C)[C@H](C)CC(N)=O)N1CC2(CCN(c3ncnnc3Oc3ccc(F)cc3C(=O)N(C(C)C)C(C)C)C2)C1,C[C@H](CC(=O)N)N(C)CCC[C@H](C(C)C)N1CC2(C1)CCN(C2)C3=C(N=NC=N3)OC4=C(C=C(C=C4)F)C(=O)N(C(C)C)C(C)C,CC(C)[C@@H](CCCN(C)[C@H](C)CC(N)=O)N1CC2(CCN(c3ncnnc3Oc3ccc(F)cc3C(=O)N(C(C)C)C(C)C)C2)C1,CC(C)[C@@H](CCCN(C)[C@H](C)CC(N)=O)N1CC2(CCN(c3ncnnc3Oc3ccc(F)cc3C(=O)N(C(C)C)C(C)C)C2)C1,OMPMVDNVMBQWBE-LEAFIULHSA-N,OMPMVDNVMBQWBE-LEAFIULHSA-N,standardized,0.0,False,2.0,strict_exact,exact_point_estimate,moderate_100nM_to_1uM,False,True,IC50,biochemical_binding,False,0.6623513611297231,0.9225508210059474,0.22580644488334656,COc1ccc2nccc([C@@H](O)CC[C@@H]3CCN(C4CC(c5cc(F)ccc5F)C4)C[C@@H]3C(=O)O)c2c1,False,medium
STR-7490FDF2026E2906146B,IC50,biochemical_binding,1,1,0,1,1,0,0,6.886056647693163,6.886056647693163,6.886056647693163,130.0,130.0,IC50,1,inhibitory_potency,1,biochemical_binding,1,PubChem,156531413,Menin,2026,=,CCN(C(=O)c1cc(F)ccc1Oc1nncnc1N1CCC2(C1)CN([C@H](CCCN(C)C[C@H](COC)OC)C(C)C)C2)C(C)C,CCN(C(C)C)C(=O)C1=C(C=CC(=C1)F)OC2=C(N=CN=N2)N3CCC4(C3)CN(C4)[C@H](CCCN(C)C[C@H](COC)OC)C(C)C,CCN(C(=O)c1cc(F)ccc1Oc1nncnc1N1CCC2(C1)CN([C@H](CCCN(C)C[C@H](COC)OC)C(C)C)C2)C(C)C,CCN(C(=O)c1cc(F)ccc1Oc1nncnc1N1CCC2(C1)CN([C@H](CCCN(C)C[C@H](COC)OC)C(C)C)C2)C(C)C,MTSJANLOLAEYMN-XRKRLSELSA-N,MTSJANLOLAEYMN-XRKRLSELSA-N,standardized,0.0,False,2.0,strict_exact,exact_point_estimate,moderate_100nM_to_1uM,False,True,IC50,biochemical_binding,False,0.597353008214309,0.9724779417178726,0.23255814611911774,COCC(=O)O[C@]1(CCN(C)CCCc2nc3ccccc3[nH]2)CCc2cc(F)ccc2[C@@H]1C(C)C,False,medium
STR-96E35423F541E47EB48A,IC50,biochemical_binding,1,1,0,1,1,0,0,6.886056647693163,6.886056647693163,6.886056647693163,130.0,130.0,IC50,1,inhibitory_potency,1,biochemical_binding,1,PubChem,156531777,Menin,2026,=,CC(C)[C@@H](CCCN(C)[C@@H](C)CC(N)=O)N1CC2(CCN(c3ncnnc3Oc3ccc(F)cc3C(=O)N(C(C)C)C(C)C)C2)C1,C[C@@H](CC(=O)N)N(C)CCC[C@H](C(C)C)N1CC2(C1)CCN(C2)C3=C(N=NC=N3)OC4=C(C=C(C=C4)F)C(=O)N(C(C)C)C(C)C,CC(C)[C@@H](CCCN(C)[C@@H](C)CC(N)=O)N1CC2(CCN(c3ncnnc3Oc3ccc(F)cc3C(=O)N(C(C)C)C(C)C)C2)C1,CC(C)[C@@H](CCCN(C)[C@@H](C)CC(N)=O)N1CC2(CCN(c3ncnnc3Oc3ccc(F)cc3C(=O)N(C(C)C)C(C)C)C2)C1,OMPMVDNVMBQWBE-LBNVMWSVSA-N,OMPMVDNVMBQWBE-LBNVMWSVSA-N,standardized,0.0,False,2.0,strict_exact,exact_point_estimate,moderate_100nM_to_1uM,False,True,IC50,biochemical_binding,False,0.6623513611297231,0.9225508210059474,0.22580644488334656,COc1ccc2nccc([C@@H](O)CC[C@@H]3CCN(C4CC(c5cc(F)ccc5F)C4)C[C@@H]3C(=O)O)c2c1,False,medium
STR-9DDC4364CC264A5D1AE9,IC50,biochemical_binding,1,1,0,1,1,0,0,6.886056647693163,6.886056647693163,6.886056647693163,130.0,130.0,IC50,1,inhibitory_potency,1,biochemical_binding,1,PubChem,156531583,Menin,2026,=,CCN(C(=O)c1cc(F)ccc1Oc1nncnc1N1CCC2(C1)CN([C@H](CCCN)C(C)C)C2)C(C)C,CCN(C(C)C)C(=O)C1=C(C=CC(=C1)F)OC2=C(N=CN=N2)N3CCC4(C3)CN(C4)[C@H](CCCN)C(C)C,CCN(C(=O)c1cc(F)ccc1Oc1nncnc1N1CCC2(C1)CN([C@H](CCCN)C(C)C)C2)C(C)C,CCN(C(=O)c1cc(F)ccc1Oc1nncnc1N1CCC2(C1)CN([C@H](CCCN)C(C)C)C2)C(C)C,UDIGWQWOIBIODT-HSZRJFAPSA-N,UDIGWQWOIBIODT-HSZRJFAPSA-N,standardized,0.0,False,2.0,strict_exact,exact_point_estimate,moderate_100nM_to_1uM,False,True,IC50,biochemical_binding,False,0.44953663615086215,0.9926396812797575,0.2450980395078659,CN(C)C(=O)N1CC(c2cc(F)ccc2F)=C[C@@]1(CCCN)c1ccccc1,False,medium
STR-CC5B3077D44A183298E0,IC50,biochemical_binding,1,1,0,1,1,0,0,6.886056647693163,6.886056647693163,6.886056647693163,130.0,130.0,IC50,1,inhibitory_potency,1,biochemical_binding,1,ChEMBL,CHEMBL4205318,Menin,2018,=,CC(=O)N1CCC(CCn2c(C#N)cc3c(C)c(CN4CCC(Nc5ncnc6sc(CC(F)(F)F)cc56)CC4)ccc32)CC1,CC(=O)N1CCC(CCn2c(C#N)cc3c(C)c(CN4CCC(Nc5ncnc6sc(CC(F)(F)F)cc56)CC4)ccc32)CC1,CC(=O)N1CCC(CCn2c(C#N)cc3c(C)c(CN4CCC(Nc5ncnc6sc(CC(F)(F)F)cc56)CC4)ccc32)CC1,CC(=O)N1CCC(CCn2c(C#N)cc3c(C)c(CN4CCC(Nc5ncnc6sc(CC(F)(F)F)cc56)CC4)ccc32)CC1,AYMLNOUOGVVBBG-UHFFFAOYSA-N,AYMLNOUOGVVBBG-UHFFFAOYSA-N,standardized,0.0,False,2.0,strict_exact,exact_point_estimate,moderate_100nM_to_1uM,False,True,IC50,biochemical_binding,False,0.9963136085363613,0.03510774576507181,0.2772277295589447,FC(F)(F)c1ccc(C(F)(F)CN2CCC(Nc3ncnc4[nH]ncc34)CC2)cc1,True,high
STR-DB5B02FE39EDDB48AD19,IC50,biochemical_binding,1,2,1,2,1,0,0,6.882728704344236,6.882728704344236,6.882728704344236,131.0,131.0,IC50,1,inhibitory_potency,1,biochemical_binding,1,ChEMBL;PubChem,CHEMBL5920040,Menin,2021,=,CC(=O)O[C@@H]1CCC[C@H]1C1(C2CCN(CCCOc3ccc(C#N)cc3)CC2)CN(C)Cc2ccc(F)cc21,CC(=O)O[C@@H]1CCC[C@H]1C1(C2CCN(CCCOc3ccc(C#N)cc3)CC2)CN(C)Cc2ccc(F)cc21,CC(=O)O[C@@H]1CCC[C@H]1C1(C2CCN(CCCOc3ccc(C#N)cc3)CC2)CN(C)Cc2ccc(F)cc21,CC(=O)O[C@@H]1CCC[C@H]1C1(C2CCN(CCCOc3ccc(C#N)cc3)CC2)CN(C)Cc2ccc(F)cc21,IMFGOOMHVAOEIE-KVZOJTFESA-N,IMFGOOMHVAOEIE-KVZOJTFESA-N,standardized,0.0,False,2.0,strict_exact,exact_point_estimate,moderate_100nM_to_1uM,False,True,IC50,biochemical_binding,False,0.9953036321704761,0.04308232231222378,0.3333333432674408,O=C(c1ccc(F)cc1F)C1CCN(CCCOc2ccc(-c3nc4ccccc4o3)cc2)CC1,True,high
STR-2C3FE5CA1858927467FA,IC50,biochemical_binding,1,2,1,2,1,0,0,6.863279432843593,6.863279432843593,6.863279432843593,137.0,137.0,IC50,1,inhibitory_potency,1,biochemical_binding,1,ChEMBL;PubChem,CHEMBL5818055,Menin,2021,=,O=S(=O)(c1ccc(N2CC(CN3CCC(C4(C5CCCC5)CN(CCF)Cc5ccccc54)CC3)C2)cc1)C1CC1,O=S(=O)(c1ccc(N2CC(CN3CCC(C4(C5CCCC5)CN(CCF)Cc5ccccc54)CC3)C2)cc1)C1CC1,O=S(=O)(c1ccc(N2CC(CN3CCC(C4(C5CCCC5)CN(CCF)Cc5ccccc54)CC3)C2)cc1)C1CC1,O=S(=O)(c1ccc(N2CC(CN3CCC(C4(C5CCCC5)CN(CCF)Cc5ccccc54)CC3)C2)cc1)C1CC1,NPHCYUZEJAACNA-UHFFFAOYSA-N,NPHCYUZEJAACNA-UHFFFAOYSA-N,standardized,0.0,False,2.0,strict_exact,exact_point_estimate,moderate_100nM_to_1uM,False,True,IC50,biochemical_binding,False,0.9749841281367584,0.16874481322426266,0.2650602459907532,FCC[C@@H]1Cc2ccccc2C2(CCC(N3CCN(C4CCCCC4)CC3)CC2)O1,True,high
STR-1E3BF4938C186E9DEDED,IC50,biochemical_binding,1,1,0,1,1,0,0,6.853871964321762,6.853871964321762,6.853871964321762,140.0,140.0,IC50,1,inhibitory_potency,1,biochemical_binding,1,PubChem,156531833,Menin,2026,=,CCN(C(=O)c1cc(F)ccc1Oc1nnccc1N1CCC2(C1)CN([C@H](CCCN(C)CCOC)C(C)C)C2)C(C)C,CCN(C(C)C)C(=O)C1=C(C=CC(=C1)F)OC2=C(C=CN=N2)N3CCC4(C3)CN(C4)[C@H](CCCN(C)CCOC)C(C)C,CCN(C(=O)c1cc(F)ccc1Oc1nnccc1N1CCC2(C1)CN([C@H](CCCN(C)CCOC)C(C)C)C2)C(C)C,CCN(C(=O)c1cc(F)ccc1Oc1nnccc1N1CCC2(C1)CN([C@H](CCCN(C)CCOC)C(C)C)C2)C(C)C,QEEXMEYJDQDSAZ-MUUNZHRXSA-N,QEEXMEYJDQDSAZ-MUUNZHRXSA-N,standardized,0.0,False,2.0,strict_exact,exact_point_estimate,moderate_100nM_to_1uM,False,True,IC50,biochemical_binding,False,0.5175396017253652,0.9991121632971144,0.2540983557701111,COCC(=O)O[C@]1(CCN(C)CCCc2nc3ccccc3[nH]2)CCc2cc(F)ccc2[C@@H]1C(C)C,False,medium
STR-E196FA84CA797A66645C,IC50,biochemical_binding,1,1,0,1,1,0,0,6.84163750790475,6.84163750790475,6.84163750790475,144.0,144.0,IC50,1,inhibitory_potency,1,biochemical_binding,1,ChEMBL,CHEMBL2314834,Menin,2013,=,CC(=O)N[C@@H](CCCNC(=N)N)C(=O)N[C@@H](Cc1c[nH]c2ccccc12)C(=O)N[C@H]1CCCCCCCCCNC(=O)[C@@H]2CCCN2C(=O)[C@H](CCCNC(=N)N)NC(=O)[C@H](C)NC(=O)[C@@H]2CCCN2C(=O)[C@H](Cc2ccccc2)NC1=O,CC(=O)N[C@@H](CCCNC(=N)N)C(=O)N[C@@H](Cc1c[nH]c2ccccc12)C(=O)N[C@H]1CCCCCCCCCNC(=O)[C@@H]2CCCN2C(=O)[C@H](CCCNC(=N)N)NC(=O)[C@H](C)NC(=O)[C@@H]2CCCN2C(=O)[C@H](Cc2ccccc2)NC1=O,CC(=O)N[C@@H](CCCNC(=N)N)C(=O)N[C@@H](Cc1c[nH]c2ccccc12)C(=O)N[C@H]1CCCCCCCCCNC(=O)[C@@H]2CCCN2C(=O)[C@H](CCCNC(=N)N)NC(=O)[C@H](C)NC(=O)[C@@H]2CCCN2C(=O)[C@H](Cc2ccccc2)NC1=O,CC(=O)N[C@@H](CCCNC(=N)N)C(=O)N[C@@H](Cc1c[nH]c2ccccc12)C(=O)N[C@H]1CCCCCCCCCNC(=O)[C@@H]2CCCN2C(=O)[C@H](CCCNC(=N)N)NC(=O)[C@H](C)NC(=O)[C@@H]2CCCN2C(=O)[C@H](Cc2ccccc2)NC1=O,OWRPRHAQCJSCIQ-VUSFATCJSA-N,OWRPRHAQCJSCIQ-VUSFATCJSA-N,standardized,0.0,False,2.0,strict_exact,exact_point_estimate,moderate_100nM_to_1uM,False,True,IC50,biochemical_binding,False,8.249802243389326e-06,0.00015121803465118494,0.261904776096344,COC(=O)C(Cc1c[nH]c2ccccc12)NS(=O)(=O)c1ccc(OC2CCCC2)cc1,True,low
STR-E91B6B648646B754AD1D,IC50,biochemical_binding,1,1,0,1,1,0,0,6.8297382846050425,6.8297382846050425,6.8297382846050425,148.0,148.0,IC50,1,inhibitory_potency,1,biochemical_binding,1,ChEMBL,CHEMBL3126200,Menin,2014,=,NS(=O)(=O)c1ccc(OCCCN2CCC(C(O)(c3cccc(F)c3)c3ccccn3)CC2)cc1,NS(=O)(=O)c1ccc(OCCCN2CCC(C(O)(c3cccc(F)c3)c3ccccn3)CC2)cc1,NS(=O)(=O)c1ccc(OCCCN2CCC(C(O)(c3cccc(F)c3)c3ccccn3)CC2)cc1,NS(=O)(=O)c1ccc(OCCCN2CCC(C(O)(c3cccc(F)c3)c3ccccn3)CC2)cc1,INGQKBOOCCZMBG-UHFFFAOYSA-N,INGQKBOOCCZMBG-UHFFFAOYSA-N,standardized,0.0,False,2.0,strict_exact,exact_point_estimate,moderate_100nM_to_1uM,False,True,IC50,biochemical_binding,False,0.8682568785569093,0.5621993960797659,0.36666667461395264,O=C(c1ccc(F)cc1F)C1CCN(CCCOc2ccc(-c3nc4ccccc4o3)cc2)CC1,True,high
STR-5368CF10D83D68530041,IC50,biochemical_binding,1,1,0,1,1,0,0,6.823908740944319,6.823908740944319,6.823908740944319,150.0,150.0,IC50,1,inhibitory_potency,1,biochemical_binding,1,PubChem,156531929,Menin,2026,=,CCN(C(=O)c1cc(F)ccc1Oc1nncnc1N1CCC2(C1)CN([C@H](CCC(C)(C)NC)C(C)C)C2)C(C)C,CCN(C(C)C)C(=O)C1=C(C=CC(=C1)F)OC2=C(N=CN=N2)N3CCC4(C3)CN(C4)[C@H](CCC(C)(C)NC)C(C)C,CCN(C(=O)c1cc(F)ccc1Oc1nncnc1N1CCC2(C1)CN([C@H](CCC(C)(C)NC)C(C)C)C2)C(C)C,CCN(C(=O)c1cc(F)ccc1Oc1nncnc1N1CCC2(C1)CN([C@H](CCC(C)(C)NC)C(C)C)C2)C(C)C,DWGJLXQABXXXMP-RUZDIDTESA-N,DWGJLXQABXXXMP-RUZDIDTESA-N,standardized,0.0,False,2.0,strict_exact,exact_point_estimate,moderate_100nM_to_1uM,False,True,IC50,biochemical_binding,False,0.6407010627171731,0.9420997154063611,0.2300885021686554,CC(Oc1ccc(S(C)(=O)=O)cc1C(=O)N1CCN(c2ncc(C(F)(F)F)cc2Cl)CC1)C(F)(F)F,False,medium
STR-91891F1DBB7E5E88635E,IC50,biochemical_binding,1,1,0,1,1,0,0,6.823908740944319,6.823908740944319,6.823908740944319,150.0,150.0,IC50,1,inhibitory_potency,1,biochemical_binding,1,PubChem,156531606,Menin,2026,=,CCN(C(=O)c1cc(F)ccc1Oc1nncnc1N1CCC2(C1)CN([C@H](CCNCCOC)C(C)C)C2)C(C)C,CCN(C(C)C)C(=O)C1=C(C=CC(=C1)F)OC2=C(N=CN=N2)N3CCC4(C3)CN(C4)[C@H](CCNCCOC)C(C)C,CCN(C(=O)c1cc(F)ccc1Oc1nncnc1N1CCC2(C1)CN([C@H](CCNCCOC)C(C)C)C2)C(C)C,CCN(C(=O)c1cc(F)ccc1Oc1nncnc1N1CCC2(C1)CN([C@H](CCNCCOC)C(C)C)C2)C(C)C,XJKKHINVPVXTCP-RUZDIDTESA-N,XJKKHINVPVXTCP-RUZDIDTESA-N,standardized,0.0,False,2.0,strict_exact,exact_point_estimate,moderate_100nM_to_1uM,False,True,IC50,biochemical_binding,False,0.42033048836797177,0.9816074680215883,0.23931623995304108,O=C(NC1CC1)c1ccc(F)cc1OC[C@@H](O)CN1CCC2(CC1)Cc1cc(Cl)ccc1O2,False,medium
STR-B5884EB8037FEC9CB771,IC50,biochemical_binding,1,1,0,1,1,0,0,6.823908740944319,6.823908740944319,6.823908740944319,150.0,150.0,IC50,1,inhibitory_potency,1,biochemical_binding,1,PubChem,156498067,Menin,2026,=,CCN(C(=O)c1cc(F)ccc1Oc1nncnc1N1CCC2(C1)CN([C@H](CCCN(C)C(CO)CO)C(C)C)C2)C(C)C,CCN(C(C)C)C(=O)C1=C(C=CC(=C1)F)OC2=C(N=CN=N2)N3CCC4(C3)CN(C4)[C@H](CCCN(C)C(CO)CO)C(C)C,CCN(C(=O)c1cc(F)ccc1Oc1nncnc1N1CCC2(C1)CN([C@H](CCCN(C)C(CO)CO)C(C)C)C2)C(C)C,CCN(C(=O)c1cc(F)ccc1Oc1nncnc1N1CCC2(C1)CN([C@H](CCCN(C)C(CO)CO)C(C)C)C2)C(C)C,OSGDJDNLSRBEKF-HHHXNRCGSA-N,OSGDJDNLSRBEKF-HHHXNRCGSA-N,standardized,0.0,False,2.0,strict_exact,exact_point_estimate,moderate_100nM_to_1uM,False,True,IC50,biochemical_binding,False,0.09422187107748205,0.45040704384357855,0.21621622145175934,O=C(CCc1ccccc1)c1cc(F)ccc1OCC(O)CN1CCN(C(c2ccccc2)c2ccccc2)CC1,False,low
STR-394215D949D57850FC96,IC50,biochemical_binding,1,1,0,1,1,0,0,6.798602875679549,6.798602875679549,6.798602875679549,159.0,159.0,IC50,1,inhibitory_potency,1,biochemical_binding,1,ChEMBL,CHEMBL2314573,Menin,2013,=,N=C(N)NCCC[C@@H]1NC(=O)C2(CCC2)NC(=O)[C@@H]2CCCN2C(=O)[C@H](Cc2cccc(Cl)c2)NC(=O)[C@@H](N)CCCCCCCCNC(=O)[C@@H]2CCCN2C1=O,N=C(N)NCCC[C@@H]1NC(=O)C2(CCC2)NC(=O)[C@@H]2CCCN2C(=O)[C@H](Cc2cccc(Cl)c2)NC(=O)[C@@H](N)CCCCCCCCNC(=O)[C@@H]2CCCN2C1=O,N=C(N)NCCC[C@@H]1NC(=O)C2(CCC2)NC(=O)[C@@H]2CCCN2C(=O)[C@H](Cc2cccc(Cl)c2)NC(=O)[C@@H](N)CCCCCCCCNC(=O)[C@@H]2CCCN2C1=O,N=C(N)NCCC[C@@H]1NC(=O)C2(CCC2)NC(=O)[C@@H]2CCCN2C(=O)[C@H](Cc2cccc(Cl)c2)NC(=O)[C@@H](N)CCCCCCCCNC(=O)[C@@H]2CCCN2C1=O,AIJSBVATDDCJPZ-XDIGFQIYSA-N,AIJSBVATDDCJPZ-XDIGFQIYSA-N,standardized,0.0,False,2.0,strict_exact,exact_point_estimate,moderate_100nM_to_1uM,False,True,IC50,biochemical_binding,False,0.004931559652280914,0.044891356818934434,0.2181818187236786,Cn1cnc(C(=O)N(Cc2cccc(Cl)c2)[C@H]2CC[C@@H](N)CC2)c1,False,low
STR-1E9D02C95D733A0CE623,IC50,biochemical_binding,1,2,1,2,1,0,0,6.795880017344075,6.795880017344075,6.795880017344075,160.0,160.0,IC50,1,inhibitory_potency,1,biochemical_binding,1,ChEMBL;PubChem,CHEMBL6064087,Menin,2021,=,CNC(=O)O[C@@H]1CCC[C@H]1C(C#N)(c1ccccc1)C1CCN(CC2CN(c3ccc(S(=O)(=O)c4nn(C)cc4Br)cc3)C2)CC1,CNC(=O)O[C@@H]1CCC[C@H]1C(C#N)(c1ccccc1)C1CCN(CC2CN(c3ccc(S(=O)(=O)c4nn(C)cc4Br)cc3)C2)CC1,CNC(=O)O[C@@H]1CCC[C@H]1C(C#N)(c1ccccc1)C1CCN(CC2CN(c3ccc(S(=O)(=O)c4nn(C)cc4Br)cc3)C2)CC1,CNC(=O)O[C@@H]1CCC[C@H]1C(C#N)(c1ccccc1)C1CCN(CC2CN(c3ccc(S(=O)(=O)c4nn(C)cc4Br)cc3)C2)CC1,RDMGTXHHFUCBPL-NJCOBLFYSA-N,RDMGTXHHFUCBPL-NJCOBLFYSA-N,standardized,0.0,False,2.0,strict_exact,exact_point_estimate,moderate_100nM_to_1uM,False,True,IC50,biochemical_binding,False,0.09954033768171235,0.46753680272338055,0.23364485800266266,NC(=O)C(c1ccccc1)(c1ccccc1)[C@@H]1CCN(CCc2ccc3c(c2)CCO3)C1,False,low
STR-89EE640F6F04A852B27F,IC50,biochemical_binding,1,1,0,1,1,0,0,6.795880017344075,6.795880017344075,6.795880017344075,160.0,160.0,IC50,1,inhibitory_potency,1,biochemical_binding,1,PubChem,156498035,Menin,2026,=,CCN(C(=O)c1cc(F)ccc1Oc1nncnc1N1CCC2(C1)CN([C@H](CCCN(C)[C@@H](CO)COC)C(C)C)C2)C(C)C,CCN(C(C)C)C(=O)C1=C(C=CC(=C1)F)OC2=C(N=CN=N2)N3CCC4(C3)CN(C4)[C@H](CCCN(C)[C@@H](CO)COC)C(C)C,CCN(C(=O)c1cc(F)ccc1Oc1nncnc1N1CCC2(C1)CN([C@H](CCCN(C)[C@@H](CO)COC)C(C)C)C2)C(C)C,CCN(C(=O)c1cc(F)ccc1Oc1nncnc1N1CCC2(C1)CN([C@H](CCCN(C)[C@@H](CO)COC)C(C)C)C2)C(C)C,YOQWWUCULBZDSG-XTEPFMGCSA-N,YOQWWUCULBZDSG-XTEPFMGCSA-N,standardized,0.0,False,2.0,strict_exact,exact_point_estimate,moderate_100nM_to_1uM,False,True,IC50,biochemical_binding,False,0.26565237479736287,0.8351566543482688,0.21929824352264404,O=C(CCc1ccccc1)c1cc(F)ccc1OCC(O)CN1CCN(C(c2ccccc2)c2ccccc2)CC1,False,low
STR-BDF33E354DAE4939F700,IC50,biochemical_binding,1,1,0,1,1,0,0,6.795880017344075,6.795880017344075,6.795880017344075,160.0,160.0,IC50,1,inhibitory_potency,1,biochemical_binding,1,PubChem,168720890,Menin,2026,=,CCN(C(=O)c1cc(F)ccc1Oc1nncnc1N1CCC2(C1)CN([C@H](C[C@H](O)CN(C)C(C)C)C(C)C)C2)C(C)C,CCN(C(C)C)C(=O)C1=C(C=CC(=C1)F)OC2=C(N=CN=N2)N3CCC4(C3)CN(C4)[C@H](C[C@@H](CN(C)C(C)C)O)C(C)C,CCN(C(=O)c1cc(F)ccc1Oc1nncnc1N1CCC2(C1)CN([C@H](C[C@H](O)CN(C)C(C)C)C(C)C)C2)C(C)C,CCN(C(=O)c1cc(F)ccc1Oc1nncnc1N1CCC2(C1)CN([C@H](C[C@H](O)CN(C)C(C)C)C(C)C)C2)C(C)C,BAJNALQCHSQUMV-AHKZPQOWSA-N,BAJNALQCHSQUMV-AHKZPQOWSA-N,standardized,0.0,False,2.0,strict_exact,exact_point_estimate,moderate_100nM_to_1uM,False,True,IC50,biochemical_binding,False,0.47743787661288334,0.9985306950065501,0.2429906576871872,O=C(CCc1ccccc1)c1cc(F)ccc1OCC(O)CN1CCN(C(c2ccccc2)c2ccccc2)CC1,False,medium
STR-DDE275F18E3815C1D552,IC50,biochemical_binding,1,1,0,1,1,0,0,6.795880017344075,6.795880017344075,6.795880017344075,160.0,160.0,IC50,1,inhibitory_potency,1,biochemical_binding,1,PubChem,156498069,Menin,2026,=,CCN(C(=O)c1cc(F)ccc1Oc1nncnc1N1CCC2(C1)CN([C@H](CCCN(C)CCO)C(C)C)C2)C(C)C,CCN(C(C)C)C(=O)C1=C(C=CC(=C1)F)OC2=C(N=CN=N2)N3CCC4(C3)CN(C4)[C@H](CCCN(C)CCO)C(C)C,CCN(C(=O)c1cc(F)ccc1Oc1nncnc1N1CCC2(C1)CN([C@H](CCCN(C)CCO)C(C)C)C2)C(C)C,CCN(C(=O)c1cc(F)ccc1Oc1nncnc1N1CCC2(C1)CN([C@H](CCCN(C)CCO)C(C)C)C2)C(C)C,SEAPSCCARRLRMA-AREMUKBSSA-N,SEAPSCCARRLRMA-AREMUKBSSA-N,standardized,0.0,False,2.0,strict_exact,exact_point_estimate,moderate_100nM_to_1uM,False,True,IC50,biochemical_binding,False,0.3944178652402605,0.9675914517078826,0.23577235639095306,COCC(=O)O[C@]1(CCN(C)CCCc2nc3ccccc3[nH]2)CCc2cc(F)ccc2[C@@H]1C(C)C,False,medium
STR-FA093486A959081BCFE5,IC50,biochemical_binding,1,1,0,1,1,0,0,6.795880017344075,6.795880017344075,6.795880017344075,160.0,160.0,IC50,1,inhibitory_potency,1,biochemical_binding,1,PubChem,156531895,Menin,2026,=,CCN(C(=O)c1cc(F)ccc1Oc1nncnc1N1CCC2(C1)CN([C@H](CCCN(CCOC)CCOC)C(C)C)C2)C(C)C,CCN(C(C)C)C(=O)C1=C(C=CC(=C1)F)OC2=C(N=CN=N2)N3CCC4(C3)CN(C4)[C@H](CCCN(CCOC)CCOC)C(C)C,CCN(C(=O)c1cc(F)ccc1Oc1nncnc1N1CCC2(C1)CN([C@H](CCCN(CCOC)CCOC)C(C)C)C2)C(C)C,CCN(C(=O)c1cc(F)ccc1Oc1nncnc1N1CCC2(C1)CN([C@H](CCCN(CCOC)CCOC)C(C)C)C2)C(C)C,FRTCAOFTVUINJX-GDLZYMKVSA-N,FRTCAOFTVUINJX-GDLZYMKVSA-N,standardized,0.0,False,2.0,strict_exact,exact_point_estimate,moderate_100nM_to_1uM,False,True,IC50,biochemical_binding,False,0.412400298530325,0.9777436735380298,0.22727273404598236,O=C(CCc1ccccc1)c1cc(F)ccc1OCC(O)CN1CCN(C(c2ccccc2)c2ccccc2)CC1,False,medium
STR-913D178EB83662F51B15,IC50,biochemical_binding,1,2,1,2,1,0,0,6.79317412396815,6.79317412396815,6.79317412396815,161.0,161.0,IC50,1,inhibitory_potency,1,biochemical_binding,1,ChEMBL;PubChem,CHEMBL6046392,Menin,2021,=,CC(=O)O[C@@H]1CCC[C@H]1C1(C2CCN(CC3CN(c4ccc(S(=O)(=O)C5CC5)cc4)C3)CC2)CN(C)Cc2ccc(F)cc21,CC(=O)O[C@@H]1CCC[C@H]1C1(C2CCN(CC3CN(c4ccc(S(=O)(=O)C5CC5)cc4)C3)CC2)CN(C)Cc2ccc(F)cc21,CC(=O)O[C@@H]1CCC[C@H]1C1(C2CCN(CC3CN(c4ccc(S(=O)(=O)C5CC5)cc4)C3)CC2)CN(C)Cc2ccc(F)cc21,CC(=O)O[C@@H]1CCC[C@H]1C1(C2CCN(CC3CN(c4ccc(S(=O)(=O)C5CC5)cc4)C3)CC2)CN(C)Cc2ccc(F)cc21,CMKBAOQEJWGPEB-FBKNANETSA-N,CMKBAOQEJWGPEB-FBKNANETSA-N,standardized,0.0,False,2.0,strict_exact,exact_point_estimate,moderate_100nM_to_1uM,False,True,IC50,biochemical_binding,False,0.9063933242543768,0.4483952113007239,0.24271844327449799,CC(=O)Nc1cccc(N2CCN(CC3CCN(S(=O)(=O)CC4CCCCC4)CC3)CC2)c1,False,high
STR-82F62D7E24DAAC315910,IC50,biochemical_binding,2,2,0,1,2,0,0,6.789198036565084,6.958607314841775,6.619788758288394,175.0,110.0,IC50,1,inhibitory_potency,1,biochemical_binding,1,PubChem,156531425,Menin,2026,=,CCN(C(=O)c1cc(F)ccc1Oc1nncnc1N1CCC2(C1)CN([C@H](CCCNC)C(C)C)C2)C(C)C,CCN(C(C)C)C(=O)C1=C(C=CC(=C1)F)OC2=C(N=CN=N2)N3CCC4(C3)CN(C4)[C@H](CCCNC)C(C)C,CCN(C(=O)c1cc(F)ccc1Oc1nncnc1N1CCC2(C1)CN([C@H](CCCNC)C(C)C)C2)C(C)C,CCN(C(=O)c1cc(F)ccc1Oc1nncnc1N1CCC2(C1)CN([C@H](CCCNC)C(C)C)C2)C(C)C,FNBOKVKCHUGFKA-XMMPIXPASA-N,FNBOKVKCHUGFKA-XMMPIXPASA-N,standardized,0.338818556553381,False,2.0,strict_exact,exact_point_estimate,moderate_100nM_to_1uM,False,True,IC50,biochemical_binding,False,0.5544030931042078,0.9914431903554493,0.2222222238779068,O=C(NC1CC1)c1ccc(F)cc1OC[C@@H](O)CN1CCC2(CC1)Cc1cc(Cl)ccc1O2,False,medium
STR-7A884766D31A90BA2425,IC50,biochemical_binding,1,2,1,2,1,0,0,6.779891911959945,6.779891911959945,6.779891911959945,166.0,166.0,IC50,1,inhibitory_potency,1,biochemical_binding,1,ChEMBL;PubChem,CHEMBL5763857,Menin,2021,=,Cc1nccn1CC(c1ccccc1)(C1CCCC1)C1CCN(CCCOc2ccc(C#N)cc2)CC1,Cc1nccn1CC(c1ccccc1)(C1CCCC1)C1CCN(CCCOc2ccc(C#N)cc2)CC1,Cc1nccn1CC(c1ccccc1)(C1CCCC1)C1CCN(CCCOc2ccc(C#N)cc2)CC1,Cc1nccn1CC(c1ccccc1)(C1CCCC1)C1CCN(CCCOc2ccc(C#N)cc2)CC1,PGHBHRQUHGJKEP-UHFFFAOYSA-N,PGHBHRQUHGJKEP-UHFFFAOYSA-N,standardized,0.0,False,2.0,strict_exact,exact_point_estimate,moderate_100nM_to_1uM,False,True,IC50,biochemical_binding,False,0.9739796865432637,0.17402329048061618,0.3333333432674408,c1ccc(-c2ccc(OCCCCCN3CCCCCC3)cc2)cc1,True,high
STR-A9AB52FCFA3880DA25B5,IC50,biochemical_binding,1,2,1,2,1,0,0,6.777283528852417,6.777283528852417,6.777283528852417,167.0,167.0,IC50,1,inhibitory_potency,1,biochemical_binding,1,ChEMBL;PubChem,CHEMBL5829622,Menin,2021,=,COC(=O)N[C@H]1CCC[C@@H]1C(C#N)(c1ccccc1)C1CCN(CC2(C)CN(c3ccc(S(=O)(=O)c4cnn(C)c4)cc3)C2)CC1,COC(=O)N[C@H]1CCC[C@@H]1C(C#N)(c1ccccc1)C1CCN(CC2(C)CN(c3ccc(S(=O)(=O)c4cnn(C)c4)cc3)C2)CC1,COC(=O)N[C@H]1CCC[C@@H]1C(C#N)(c1ccccc1)C1CCN(CC2(C)CN(c3ccc(S(=O)(=O)c4cnn(C)c4)cc3)C2)CC1,COC(=O)N[C@H]1CCC[C@@H]1C(C#N)(c1ccccc1)C1CCN(CC2(C)CN(c3ccc(S(=O)(=O)c4cnn(C)c4)cc3)C2)CC1,AEGAGTFLYPDDPK-SVYHFPLZSA-N,AEGAGTFLYPDDPK-SVYHFPLZSA-N,standardized,0.0,False,2.0,strict_exact,exact_point_estimate,moderate_100nM_to_1uM,False,True,IC50,biochemical_binding,False,0.12652643400662145,0.5478343717347904,0.22549019753932953,CNC(=O)C(CCN1CCC(O)(c2ccc(Cl)cc2)CC1)(c1ccccc1)c1ccccc1,False,low
STR-5470E2C155BCDC752B33,IC50,biochemical_binding,1,2,1,2,1,0,0,6.769551078621726,6.769551078621726,6.769551078621726,170.0,170.0,IC50,1,inhibitory_potency,1,biochemical_binding,1,ChEMBL;PubChem,CHEMBL5850439,Menin,2021,=,CCNC(=O)O[C@H]1CCC[C@@H]1C(C#N)(c1ccccc1)C1CCN(CC2CN(c3ccc(S(=O)(=O)c4ccncc4)cc3)C2)CC1,CCNC(=O)O[C@H]1CCC[C@@H]1C(C#N)(c1ccccc1)C1CCN(CC2CN(c3ccc(S(=O)(=O)c4ccncc4)cc3)C2)CC1,CCNC(=O)O[C@H]1CCC[C@@H]1C(C#N)(c1ccccc1)C1CCN(CC2CN(c3ccc(S(=O)(=O)c4ccncc4)cc3)C2)CC1,CCNC(=O)O[C@H]1CCC[C@@H]1C(C#N)(c1ccccc1)C1CCN(CC2CN(c3ccc(S(=O)(=O)c4ccncc4)cc3)C2)CC1,GGRLJDZHMGTFIW-AFLWYUAHSA-N,GGRLJDZHMGTFIW-AFLWYUAHSA-N,standardized,0.0,False,2.0,strict_exact,exact_point_estimate,moderate_100nM_to_1uM,False,True,IC50,biochemical_binding,False,0.012798108495221361,0.09881866360582095,0.25,C[C@@H]1CN(CC2(c3ccncc3)CC2)CCN1S(=O)(=O)c1ccc(C(C)(O)C(F)(F)F)cc1,False,low
STR-F2780D30E185047C1A28,IC50,biochemical_binding,1,1,0,1,1,0,0,6.769551078621726,6.769551078621726,6.769551078621726,170.0,170.0,IC50,1,inhibitory_potency,1,biochemical_binding,1,PubChem,156531462,Menin,2026,=,CCN(C)C[C@@H](O)C[C@H](C(C)C)N1CC2(CCN(c3ncnnc3Oc3ccc(F)cc3C(=O)N(CC)C(C)C)C2)C1,CCN(C)C[C@H](C[C@H](C(C)C)N1CC2(C1)CCN(C2)C3=C(N=NC=N3)OC4=C(C=C(C=C4)F)C(=O)N(CC)C(C)C)O,CCN(C)C[C@@H](O)C[C@H](C(C)C)N1CC2(CCN(c3ncnnc3Oc3ccc(F)cc3C(=O)N(CC)C(C)C)C2)C1,CCN(C)C[C@@H](O)C[C@H](C(C)C)N1CC2(CCN(c3ncnnc3Oc3ccc(F)cc3C(=O)N(CC)C(C)C)C2)C1,LBZIHFPAAWTXAW-AZGAKELHSA-N,LBZIHFPAAWTXAW-AZGAKELHSA-N,standardized,0.0,False,2.0,strict_exact,exact_point_estimate,moderate_100nM_to_1uM,False,True,IC50,biochemical_binding,False,0.5255167524867803,0.9981204927454621,0.2429906576871872,O=C(CCc1ccccc1)c1cc(F)ccc1OCC(O)CN1CCN(C(c2ccccc2)c2ccccc2)CC1,False,medium
STR-02403E375D780F15C68E,IC50,biochemical_binding,1,2,1,2,1,0,0,6.7594507517174005,6.7594507517174005,6.7594507517174005,174.0,174.0,IC50,1,inhibitory_potency,1,biochemical_binding,1,ChEMBL;PubChem,CHEMBL5864920,Menin,2021,=,COC(=O)N[C@H]1CCC[C@@H]1C(C#N)(c1ccccc1)C1CCN(CCC#Cc2ccc(S(=O)(=O)C(F)(F)F)cc2)CC1,COC(=O)N[C@H]1CCC[C@@H]1C(C#N)(c1ccccc1)C1CCN(CCC#Cc2ccc(S(=O)(=O)C(F)(F)F)cc2)CC1,COC(=O)N[C@H]1CCC[C@@H]1C(C#N)(c1ccccc1)C1CCN(CCC#Cc2ccc(S(=O)(=O)C(F)(F)F)cc2)CC1,COC(=O)N[C@H]1CCC[C@@H]1C(C#N)(c1ccccc1)C1CCN(CCC#Cc2ccc(S(=O)(=O)C(F)(F)F)cc2)CC1,HUCYVLJEZOBNPZ-SRBHEWTHSA-N,HUCYVLJEZOBNPZ-SRBHEWTHSA-N,standardized,0.0,False,2.0,strict_exact,exact_point_estimate,moderate_100nM_to_1uM,False,True,IC50,biochemical_binding,False,0.8351355321691839,0.6458209278871808,0.25961539149284363,CS(=O)(=O)c1ccc(Cn2c(NC3CCN(CCc4ccc(C#N)cc4)CC3)nc3ccccc32)cc1,False,high
STR-AEBCF9F47DC8FFE6B030,IC50,biochemical_binding,1,2,1,2,1,0,0,6.7495799976911055,6.7495799976911055,6.7495799976911055,178.0,178.0,IC50,1,inhibitory_potency,1,biochemical_binding,1,ChEMBL;PubChem,CHEMBL5959501,Menin,2021,=,CNC(=O)O[C@@H]1CCC[C@H]1C(C#N)(c1ccccc1)C1CCN(CCCOc2ccc(C#N)cc2)CC1,CNC(=O)O[C@@H]1CCC[C@H]1C(C#N)(c1ccccc1)C1CCN(CCCOc2ccc(C#N)cc2)CC1,CNC(=O)O[C@@H]1CCC[C@H]1C(C#N)(c1ccccc1)C1CCN(CCCOc2ccc(C#N)cc2)CC1,CNC(=O)O[C@@H]1CCC[C@H]1C(C#N)(c1ccccc1)C1CCN(CCCOc2ccc(C#N)cc2)CC1,CSKBZNRLMHBUOA-QWKOWPTQSA-N,CSKBZNRLMHBUOA-QWKOWPTQSA-N,standardized,0.0,False,2.0,strict_exact,exact_point_estimate,moderate_100nM_to_1uM,False,True,IC50,biochemical_binding,False,0.8601627964702849,0.5838123035300782,0.31506848335266113,c1ccc(-c2ccc(OCCCCCN3CCCCCC3)cc2)cc1,True,high
STR-28EBAE9BC55156C6772E,IC50,biochemical_binding,1,1,0,1,1,0,0,6.7447274948966935,6.7447274948966935,6.7447274948966935,180.0,180.0,IC50,1,inhibitory_potency,1,biochemical_binding,1,PubChem,156531618,Menin,2026,=,CCN(C(=O)c1cc(F)ccc1Oc1nncnc1N1CCC2(C1)CN([C@H](CCCN(C)C[C@@H](C)OC)C(C)C)C2)C(C)C,CCN(C(C)C)C(=O)C1=C(C=CC(=C1)F)OC2=C(N=CN=N2)N3CCC4(C3)CN(C4)[C@H](CCCN(C)C[C@@H](C)OC)C(C)C,CCN(C(=O)c1cc(F)ccc1Oc1nncnc1N1CCC2(C1)CN([C@H](CCCN(C)C[C@@H](C)OC)C(C)C)C2)C(C)C,CCN(C(=O)c1cc(F)ccc1Oc1nncnc1N1CCC2(C1)CN([C@H](CCCN(C)C[C@@H](C)OC)C(C)C)C2)C(C)C,SGLVKVDOHBWLEU-LEAFIULHSA-N,SGLVKVDOHBWLEU-LEAFIULHSA-N,standardized,0.0,False,2.0,strict_exact,exact_point_estimate,moderate_100nM_to_1uM,False,True,IC50,biochemical_binding,False,0.762247629104968,0.7912825291366227,0.230158731341362,COCC(=O)O[C@]1(CCN(C)CCCc2nc3ccccc3[nH]2)CCc2cc(F)ccc2[C@@H]1C(C)C,False,high
STR-3056BAB95CE288C931AB,IC50,biochemical_binding,1,1,0,1,1,0,0,6.7447274948966935,6.7447274948966935,6.7447274948966935,180.0,180.0,IC50,1,inhibitory_potency,1,biochemical_binding,1,PubChem,156531771,Menin,2026,=,CCN(C(=O)c1cc(F)ccc1Oc1nncnc1N1CCC2(C1)CN([C@H](CCCNC(=O)OC)C(C)C)C2)C(C)C,CCN(C(C)C)C(=O)C1=C(C=CC(=C1)F)OC2=C(N=CN=N2)N3CCC4(C3)CN(C4)[C@H](CCCNC(=O)OC)C(C)C,CCN(C(=O)c1cc(F)ccc1Oc1nncnc1N1CCC2(C1)CN([C@H](CCCNC(=O)OC)C(C)C)C2)C(C)C,CCN(C(=O)c1cc(F)ccc1Oc1nncnc1N1CCC2(C1)CN([C@H](CCCNC(=O)OC)C(C)C)C2)C(C)C,RLQXKPFVEAVNPX-XMMPIXPASA-N,RLQXKPFVEAVNPX-XMMPIXPASA-N,standardized,0.0,False,2.0,strict_exact,exact_point_estimate,moderate_100nM_to_1uM,False,True,IC50,biochemical_binding,False,0.6748732011191826,0.9098697724661884,0.22689075767993927,O=C(NC1CC1)c1ccc(F)cc1OC[C@@H](O)CN1CCC2(CC1)Cc1cc(Cl)ccc1O2,False,medium
STR-3A87DF5E12610CBFE604,IC50,biochemical_binding,1,1,0,1,1,0,0,6.7447274948966935,6.7447274948966935,6.7447274948966935,180.0,180.0,IC50,1,inhibitory_potency,1,biochemical_binding,1,PubChem,156498080,Menin,2026,=,CCN(C(=O)c1cc(F)ccc1Oc1nncnc1N1CCC2(C1)CN([C@H](CCCN(C)CC(C)(C)OC)C(C)C)C2)C(C)C,CCN(C(C)C)C(=O)C1=C(C=CC(=C1)F)OC2=C(N=CN=N2)N3CCC4(C3)CN(C4)[C@H](CCCN(C)CC(C)(C)OC)C(C)C,CCN(C(=O)c1cc(F)ccc1Oc1nncnc1N1CCC2(C1)CN([C@H](CCCN(C)CC(C)(C)OC)C(C)C)C2)C(C)C,CCN(C(=O)c1cc(F)ccc1Oc1nncnc1N1CCC2(C1)CN([C@H](CCCN(C)CC(C)(C)OC)C(C)C)C2)C(C)C,VIMHAVBVRNZKFH-MUUNZHRXSA-N,VIMHAVBVRNZKFH-MUUNZHRXSA-N,standardized,0.0,False,2.0,strict_exact,exact_point_estimate,moderate_100nM_to_1uM,False,True,IC50,biochemical_binding,False,0.8983146193315245,0.4743154700422275,0.2265625,COCC(=O)O[C@]1(CCN(C)CCCc2nc3ccccc3[nH]2)CCc2cc(F)ccc2[C@@H]1C(C)C,False,high
STR-ACDFA018CA06C93D8221,IC50,biochemical_binding,1,1,0,1,1,0,0,6.7447274948966935,6.7447274948966935,6.7447274948966935,180.0,180.0,IC50,1,inhibitory_potency,1,biochemical_binding,1,PubChem,156531615,Menin,2026,=,CCN(C(=O)c1cc(F)ccc1Oc1nncnc1N1CCC2(C1)CN([C@H](CCCN(C)C[C@H](C)OC)C(C)C)C2)C(C)C,CCN(C(C)C)C(=O)C1=C(C=CC(=C1)F)OC2=C(N=CN=N2)N3CCC4(C3)CN(C4)[C@H](CCCN(C)C[C@H](C)OC)C(C)C,CCN(C(=O)c1cc(F)ccc1Oc1nncnc1N1CCC2(C1)CN([C@H](CCCN(C)C[C@H](C)OC)C(C)C)C2)C(C)C,CCN(C(=O)c1cc(F)ccc1Oc1nncnc1N1CCC2(C1)CN([C@H](CCCN(C)C[C@H](C)OC)C(C)C)C2)C(C)C,SGLVKVDOHBWLEU-LBNVMWSVSA-N,SGLVKVDOHBWLEU-LBNVMWSVSA-N,standardized,0.0,False,2.0,strict_exact,exact_point_estimate,moderate_100nM_to_1uM,False,True,IC50,biochemical_binding,False,0.762247629104968,0.7912825291366227,0.230158731341362,COCC(=O)O[C@]1(CCN(C)CCCc2nc3ccccc3[nH]2)CCc2cc(F)ccc2[C@@H]1C(C)C,False,high
STR-AF457B5C4AE166B10ED6,IC50,biochemical_binding,1,2,1,2,1,0,0,6.7447274948966935,6.7447274948966935,6.7447274948966935,180.0,180.0,IC50,1,inhibitory_potency,1,biochemical_binding,1,ChEMBL;PubChem,CHEMBL5891447,Menin,2021,=,CC(=O)N[C@@H]1CCC[C@H]1C1(C2CCN(CC3CN(c4ccc(S(=O)(=O)c5ccncc5)cc4)C3)CC2)CN(C)Cc2ccccc21,CC(=O)N[C@@H]1CCC[C@H]1C1(C2CCN(CC3CN(c4ccc(S(=O)(=O)c5ccncc5)cc4)C3)CC2)CN(C)Cc2ccccc21,CC(=O)N[C@@H]1CCC[C@H]1C1(C2CCN(CC3CN(c4ccc(S(=O)(=O)c5ccncc5)cc4)C3)CC2)CN(C)Cc2ccccc21,CC(=O)N[C@@H]1CCC[C@H]1C1(C2CCN(CC3CN(c4ccc(S(=O)(=O)c5ccncc5)cc4)C3)CC2)CN(C)Cc2ccccc21,GQLDAZNFIWROOP-LDLINSGLSA-N,GQLDAZNFIWROOP-LDLINSGLSA-N,standardized,0.0,False,2.0,strict_exact,exact_point_estimate,moderate_100nM_to_1uM,False,True,IC50,biochemical_binding,False,0.28508372721437314,0.862285609576631,0.2647058963775635,CC(=O)Nc1cccc(N2CCN(CC3CCN(S(=O)(=O)CC4CCCCC4)CC3)CC2)c1,True,low
STR-62D85176F37CC4A95D7C,IC50,biochemical_binding,1,2,1,2,1,0,0,6.7423214251308154,6.7423214251308154,6.7423214251308154,181.0,181.0,IC50,1,inhibitory_potency,1,biochemical_binding,1,ChEMBL;PubChem,CHEMBL5879298,Menin,2021,=,CN1Cc2ccccc2C(C2CCCC2)(C2CCN(CCCOc3ccc(S(C)(=O)=O)cc3)CC2)C1,CN1Cc2ccccc2C(C2CCCC2)(C2CCN(CCCOc3ccc(S(C)(=O)=O)cc3)CC2)C1,CN1Cc2ccccc2C(C2CCCC2)(C2CCN(CCCOc3ccc(S(C)(=O)=O)cc3)CC2)C1,CN1Cc2ccccc2C(C2CCCC2)(C2CCN(CCCOc3ccc(S(C)(=O)=O)cc3)CC2)C1,NWBVOBFEZXDLDY-UHFFFAOYSA-N,NWBVOBFEZXDLDY-UHFFFAOYSA-N,standardized,0.0,False,2.0,strict_exact,exact_point_estimate,moderate_100nM_to_1uM,False,True,IC50,biochemical_binding,False,0.9970218210585258,0.029281152912574354,0.3283582031726837,c1ccc(-c2ccc(OCCCCCN3CCCCCC3)cc2)cc1,True,high
STR-9E9A5140F6DAB650B46B,IC50,biochemical_binding,1,2,1,2,1,0,0,6.730487055782083,6.730487055782083,6.730487055782083,186.0,186.0,IC50,1,inhibitory_potency,1,biochemical_binding,1,ChEMBL;PubChem,CHEMBL5815490,Menin,2021,=,COC(=O)N[C@H]1CCC[C@@H]1C(C#N)(c1ccccc1)C1CCN(CC2(F)CN(c3ccc(S(=O)(=O)c4cnn(C)c4)cc3)C2)CC1,COC(=O)N[C@H]1CCC[C@@H]1C(C#N)(c1ccccc1)C1CCN(CC2(F)CN(c3ccc(S(=O)(=O)c4cnn(C)c4)cc3)C2)CC1,COC(=O)N[C@H]1CCC[C@@H]1C(C#N)(c1ccccc1)C1CCN(CC2(F)CN(c3ccc(S(=O)(=O)c4cnn(C)c4)cc3)C2)CC1,COC(=O)N[C@H]1CCC[C@@H]1C(C#N)(c1ccccc1)C1CCN(CC2(F)CN(c3ccc(S(=O)(=O)c4cnn(C)c4)cc3)C2)CC1,GAJNRHXTNNWTCO-FVVNGJPMSA-N,GAJNRHXTNNWTCO-FVVNGJPMSA-N,standardized,0.0,False,2.0,strict_exact,exact_point_estimate,moderate_100nM_to_1uM,False,True,IC50,biochemical_binding,False,0.06526181651390728,0.3479875408813189,0.24074074625968933,COCC1(C(=O)NCCN2CCC(c3cccc(C(F)(F)F)n3)CC2)CC1,False,low
STR-3DC002932CE2E06E9BD6,IC50,biochemical_binding,1,1,0,1,1,0,0,6.721246399047171,6.721246399047171,6.721246399047171,190.0,190.0,IC50,1,inhibitory_potency,1,biochemical_binding,1,PubChem,156498037,Menin,2026,=,CCN(C(=O)c1cc(F)ccc1Oc1nncnc1N1CCC2(C1)CN([C@H](CCCN(C)CCCC(=O)N(C)C)C(C)C)C2)C(C)C,CCN(C(C)C)C(=O)C1=C(C=CC(=C1)F)OC2=C(N=CN=N2)N3CCC4(C3)CN(C4)[C@H](CCCN(C)CCCC(=O)N(C)C)C(C)C,CCN(C(=O)c1cc(F)ccc1Oc1nncnc1N1CCC2(C1)CN([C@H](CCCN(C)CCCC(=O)N(C)C)C(C)C)C2)C(C)C,CCN(C(=O)c1cc(F)ccc1Oc1nncnc1N1CCC2(C1)CN([C@H](CCCN(C)CCCC(=O)N(C)C)C(C)C)C2)C(C)C,AHZWIZROCLTCRQ-GDLZYMKVSA-N,AHZWIZROCLTCRQ-GDLZYMKVSA-N,standardized,0.0,False,2.0,strict_exact,exact_point_estimate,moderate_100nM_to_1uM,False,True,IC50,biochemical_binding,False,0.7283551749829406,0.8438149677834863,0.23999999463558197,COCC(=O)O[C@]1(CCN(C)CCCc2nc3ccccc3[nH]2)CCc2cc(F)ccc2[C@@H]1C(C)C,False,high
STR-0B6B013EF83E068B0788,IC50,biochemical_binding,1,1,0,1,1,0,0,6.7121982700697735,6.7121982700697735,6.7121982700697735,194.0,194.0,IC50,1,inhibitory_potency,1,biochemical_binding,1,ChEMBL,CHEMBL2314568,Menin,2013,=,N=C(N)NCCC[C@@H]1NC(=O)C2(CC2)NC(=O)[C@@H]2CCCN2C(=O)[C@H](Cc2ccccc2)NC(=O)[C@@H](N)CCCCCCCCNC(=O)[C@@H]2CCCN2C1=O,N=C(N)NCCC[C@@H]1NC(=O)C2(CC2)NC(=O)[C@@H]2CCCN2C(=O)[C@H](Cc2ccccc2)NC(=O)[C@@H](N)CCCCCCCCNC(=O)[C@@H]2CCCN2C1=O,N=C(N)NCCC[C@@H]1NC(=O)C2(CC2)NC(=O)[C@@H]2CCCN2C(=O)[C@H](Cc2ccccc2)NC(=O)[C@@H](N)CCCCCCCCNC(=O)[C@@H]2CCCN2C1=O,N=C(N)NCCC[C@@H]1NC(=O)C2(CC2)NC(=O)[C@@H]2CCCN2C(=O)[C@H](Cc2ccccc2)NC(=O)[C@@H](N)CCCCCCCCNC(=O)[C@@H]2CCCN2C1=O,LVVYZSPKMRDDBP-QKUYTOGTSA-N,LVVYZSPKMRDDBP-QKUYTOGTSA-N,standardized,0.0,False,2.0,strict_exact,exact_point_estimate,moderate_100nM_to_1uM,False,True,IC50,biochemical_binding,False,0.0044872851260956016,0.041459798519065116,0.21875,O=C1NC[C@@H](c2ccccc2)C12CCN(C1CCCCC1c1ccccc1)CC2,False,low
STR-C6579F1285FA63B28E81,IC50,biochemical_binding,1,1,0,1,1,0,0,6.709965388637482,6.709965388637482,6.709965388637482,195.0,195.0,IC50,1,inhibitory_potency,1,biochemical_binding,1,ChEMBL,CHEMBL3126201,Menin,2014,=,N#Cc1ccc(OCCCN2CCC([C@](O)(c3ccccn3)C3CCCC3)CC2)cc1,N#Cc1ccc(OCCCN2CCC([C@](O)(c3ccccn3)C3CCCC3)CC2)cc1,N#Cc1ccc(OCCCN2CCC([C@](O)(c3ccccn3)C3CCCC3)CC2)cc1,N#Cc1ccc(OCCCN2CCC([C@](O)(c3ccccn3)C3CCCC3)CC2)cc1,CXFJNJZPBYIKCK-SANMLTNESA-N,CXFJNJZPBYIKCK-SANMLTNESA-N,standardized,0.0,False,2.0,strict_exact,exact_point_estimate,moderate_100nM_to_1uM,False,True,IC50,biochemical_binding,False,0.9979249505637529,0.021484721035106836,0.35483869910240173,c1ccc(-c2ccc(OCCCCCN3CCCCCC3)cc2)cc1,True,high
STR-BFC54DF7D74405B04BF7,IC50,biochemical_binding,1,1,0,1,1,0,0,6.7055337738384075,6.7055337738384075,6.7055337738384075,197.0,197.0,IC50,1,inhibitory_potency,1,biochemical_binding,1,ChEMBL,CHEMBL3126188,Menin,2014,=,N#Cc1ccc(OCCCN2CCC(C(O)(c3cccc(F)c3)C3CCCC3)CC2)cc1,N#Cc1ccc(OCCCN2CCC(C(O)(c3cccc(F)c3)C3CCCC3)CC2)cc1,N#Cc1ccc(OCCCN2CCC(C(O)(c3cccc(F)c3)C3CCCC3)CC2)cc1,N#Cc1ccc(OCCCN2CCC(C(O)(c3cccc(F)c3)C3CCCC3)CC2)cc1,FTSMDZBUBLYVKI-UHFFFAOYSA-N,FTSMDZBUBLYVKI-UHFFFAOYSA-N,standardized,0.0,False,2.0,strict_exact,exact_point_estimate,moderate_100nM_to_1uM,False,True,IC50,biochemical_binding,False,0.997397430553067,0.026095088540080302,0.3529411852359772,O=C(c1ccc(F)cc1F)C1CCN(CCCOc2ccc(-c3nc4ccccc4o3)cc2)CC1,True,high
STR-74136B835F8782FF8CF4,IC50,biochemical_binding,1,1,0,1,1,0,0,6.698970004336019,6.698970004336019,6.698970004336019,200.0,200.0,IC50,1,inhibitory_potency,1,biochemical_binding,1,PubChem,168720866,Menin,2026,=,CCN(C(=O)c1cc(F)ccc1Oc1nnc(NC)nc1N1CCC2(C1)CN([C@H](CCCN(C)CCOC)C(C)C)C2)C(C)C,CCN(C(C)C)C(=O)C1=C(C=CC(=C1)F)OC2=C(N=C(N=N2)NC)N3CCC4(C3)CN(C4)[C@H](CCCN(C)CCOC)C(C)C,CCN(C(=O)c1cc(F)ccc1Oc1nnc(NC)nc1N1CCC2(C1)CN([C@H](CCCN(C)CCOC)C(C)C)C2)C(C)C,CCN(C(=O)c1cc(F)ccc1Oc1nnc(NC)nc1N1CCC2(C1)CN([C@H](CCCN(C)CCOC)C(C)C)C2)C(C)C,QUUIXILWOPFSKP-HHHXNRCGSA-N,QUUIXILWOPFSKP-HHHXNRCGSA-N,standardized,0.0,False,2.0,strict_exact,exact_point_estimate,moderate_100nM_to_1uM,False,True,IC50,biochemical_binding,False,0.8197768905252394,0.6805648828451579,0.25600001215934753,COCC(=O)O[C@]1(CCN(C)CCCc2nc3ccccc3[nH]2)CCc2cc(F)ccc2[C@@H]1C(C)C,False,high
STR-7AFC09FA5CCD1AD58837,IC50,biochemical_binding,1,1,0,1,1,0,0,6.698970004336019,6.698970004336019,6.698970004336019,200.0,200.0,IC50,1,inhibitory_potency,1,biochemical_binding,1,PubChem,156531613,Menin,2026,=,CCN(C(=O)c1cc(F)ccc1Oc1nncnc1N1CCC2(C1)CN([C@H](CCN(C)CCC(N)=O)C(C)C)C2)C(C)C,CCN(C(C)C)C(=O)C1=C(C=CC(=C1)F)OC2=C(N=CN=N2)N3CCC4(C3)CN(C4)[C@H](CCN(C)CCC(=O)N)C(C)C,CCN(C(=O)c1cc(F)ccc1Oc1nncnc1N1CCC2(C1)CN([C@H](CCN(C)CCC(N)=O)C(C)C)C2)C(C)C,CCN(C(=O)c1cc(F)ccc1Oc1nncnc1N1CCC2(C1)CN([C@H](CCN(C)CCC(N)=O)C(C)C)C2)C(C)C,PEVIOGHFNRAOOP-RUZDIDTESA-N,PEVIOGHFNRAOOP-RUZDIDTESA-N,standardized,0.0,False,2.0,strict_exact,exact_point_estimate,moderate_100nM_to_1uM,False,True,IC50,biochemical_binding,False,0.46817910660729967,0.9970763672549454,0.22727273404598236,O=C(CCc1ccccc1)c1cc(F)ccc1OCC(O)CN1CCN(C(c2ccccc2)c2ccccc2)CC1,False,medium
STR-DA810ABA63D56EF0FE8C,IC50,biochemical_binding,1,1,0,1,1,0,0,6.698970004336019,6.698970004336019,6.698970004336019,200.0,200.0,IC50,1,inhibitory_potency,1,biochemical_binding,1,PubChem,156531635,Menin,2026,=,CCN(C(=O)c1cc(F)ccc1Oc1nncnc1N1CCC2(C1)CN([C@H](CCCN(C)[C@@H](C)CC(=O)N(C)C)C(C)C)C2)C(C)C,CCN(C(C)C)C(=O)C1=C(C=CC(=C1)F)OC2=C(N=CN=N2)N3CCC4(C3)CN(C4)[C@H](CCCN(C)[C@@H](C)CC(=O)N(C)C)C(C)C,CCN(C(=O)c1cc(F)ccc1Oc1nncnc1N1CCC2(C1)CN([C@H](CCCN(C)[C@@H](C)CC(=O)N(C)C)C(C)C)C2)C(C)C,CCN(C(=O)c1cc(F)ccc1Oc1nncnc1N1CCC2(C1)CN([C@H](CCCN(C)[C@@H](C)CC(=O)N(C)C)C(C)C)C2)C(C)C,YTBQSXQHHWVUTN-LITSAYRRSA-N,YTBQSXQHHWVUTN-LITSAYRRSA-N,standardized,0.0,False,2.0,strict_exact,exact_point_estimate,moderate_100nM_to_1uM,False,True,IC50,biochemical_binding,False,0.49877372656462227,0.9999956611003031,0.21238937973976135,O=C(CCc1ccccc1)c1cc(F)ccc1OCC(O)CN1CCN(C(c2ccccc2)c2ccccc2)CC1,False,medium
STR-F60A396C51FDEB446C33,IC50,biochemical_binding,1,1,0,1,1,0,0,6.698970004336019,6.698970004336019,6.698970004336019,200.0,200.0,IC50,1,inhibitory_potency,1,biochemical_binding,1,PubChem,156532038,Menin,2026,=,COCCNCCC[C@H](C(C)C)N1CC2(CCN(c3ncnnc3Oc3ccc(F)cc3C(=O)N(C(C)C)C(C)C)C2)C1,CC(C)[C@@H](CCCNCCOC)N1CC2(C1)CCN(C2)C3=C(N=NC=N3)OC4=C(C=C(C=C4)F)C(=O)N(C(C)C)C(C)C,COCCNCCC[C@H](C(C)C)N1CC2(CCN(c3ncnnc3Oc3ccc(F)cc3C(=O)N(C(C)C)C(C)C)C2)C1,COCCNCCC[C@H](C(C)C)N1CC2(CCN(c3ncnnc3Oc3ccc(F)cc3C(=O)N(C(C)C)C(C)C)C2)C1,BEJJQUKWUUMXNO-HHHXNRCGSA-N,BEJJQUKWUUMXNO-HHHXNRCGSA-N,standardized,0.0,False,2.0,strict_exact,exact_point_estimate,moderate_100nM_to_1uM,False,True,IC50,biochemical_binding,False,0.7762738037064784,0.7669132963815062,0.25619834661483765,COc1ccc(OCCNCCCF)c(F)c1[C@@H]1c2[nH]c3ccc(F)cc3c2C[C@@H](C)N1CC(F)(F)CO,False,high
STR-93357EA1BA889F037426,IC50,biochemical_binding,1,1,0,1,1,0,0,6.6777807052660805,6.6777807052660805,6.6777807052660805,210.0,210.0,IC50,1,inhibitory_potency,1,biochemical_binding,1,PubChem,168720868,Menin,2026,=,CC(C)[C@@H](CCCN(C)C)N1CC2(CCN(c3ccnnc3Oc3ccc(F)cc3C(=O)N(C(C)C)C(C)C)C2)C1,CC(C)[C@@H](CCCN(C)C)N1CC2(C1)CCN(C2)C3=C(N=NC=C3)OC4=C(C=C(C=C4)F)C(=O)N(C(C)C)C(C)C,CC(C)[C@@H](CCCN(C)C)N1CC2(CCN(c3ccnnc3Oc3ccc(F)cc3C(=O)N(C(C)C)C(C)C)C2)C1,CC(C)[C@@H](CCCN(C)C)N1CC2(CCN(c3ccnnc3Oc3ccc(F)cc3C(=O)N(C(C)C)C(C)C)C2)C1,MMASTHCMDVBHKI-HHHXNRCGSA-N,MMASTHCMDVBHKI-HHHXNRCGSA-N,standardized,0.0,False,2.0,strict_exact,exact_point_estimate,moderate_100nM_to_1uM,False,True,IC50,biochemical_binding,False,0.7971472378974597,0.7275970582545306,0.23711340129375458,COc1nccnc1[C@H](C)C1=C(CCN(C)C)Cc2cc(F)ccc21,False,high
STR-B00EBDE672D151BF05E0,IC50,biochemical_binding,1,1,0,1,1,0,0,6.6777807052660805,6.6777807052660805,6.6777807052660805,210.0,210.0,IC50,1,inhibitory_potency,1,biochemical_binding,1,PubChem,168720852,Menin,2026,=,CCN(CC)C[C@H](O)C[C@@H](C(C)C)N1CC2(CCN(c3ncnnc3Oc3ccc(F)cc3C(=O)N(CC)C(C)C)C2)C1,CCN(CC)C[C@@H](C[C@@H](C(C)C)N1CC2(C1)CCN(C2)C3=C(N=NC=N3)OC4=C(C=C(C=C4)F)C(=O)N(CC)C(C)C)O,CCN(CC)C[C@H](O)C[C@@H](C(C)C)N1CC2(CCN(c3ncnnc3Oc3ccc(F)cc3C(=O)N(CC)C(C)C)C2)C1,CCN(CC)C[C@H](O)C[C@@H](C(C)C)N1CC2(CCN(c3ncnnc3Oc3ccc(F)cc3C(=O)N(CC)C(C)C)C2)C1,GGIYEWDSYGQHQG-VPUSJEBWSA-N,GGIYEWDSYGQHQG-VPUSJEBWSA-N,standardized,0.0,False,2.0,strict_exact,exact_point_estimate,moderate_100nM_to_1uM,False,True,IC50,biochemical_binding,False,0.4333208541917879,0.9871329441983789,0.24528302252292633,O=C(CCc1ccccc1)c1cc(F)ccc1OCC(O)CN1CCN(C(c2ccccc2)c2ccccc2)CC1,False,medium
STR-BDA869F5010D8C8F45A3,IC50,biochemical_binding,1,1,0,1,1,0,0,6.6777807052660805,6.6777807052660805,6.6777807052660805,210.0,210.0,IC50,1,inhibitory_potency,1,biochemical_binding,1,PubChem,156531802,Menin,2026,=,CC(C)[C@@H](CCCN(C)C[C@H](C)C(N)=O)N1CC2(CCN(c3ncnnc3Oc3ccc(F)cc3C(=O)N(C(C)C)C(C)C)C2)C1,C[C@@H](CN(C)CCC[C@H](C(C)C)N1CC2(C1)CCN(C2)C3=C(N=NC=N3)OC4=C(C=C(C=C4)F)C(=O)N(C(C)C)C(C)C)C(=O)N,CC(C)[C@@H](CCCN(C)C[C@H](C)C(N)=O)N1CC2(CCN(c3ncnnc3Oc3ccc(F)cc3C(=O)N(C(C)C)C(C)C)C2)C1,CC(C)[C@@H](CCCN(C)C[C@H](C)C(N)=O)N1CC2(CCN(c3ncnnc3Oc3ccc(F)cc3C(=O)N(C(C)C)C(C)C)C2)C1,FCWYUXWVVVDCKM-LBNVMWSVSA-N,FCWYUXWVVVDCKM-LBNVMWSVSA-N,standardized,0.0,False,2.0,strict_exact,exact_point_estimate,moderate_100nM_to_1uM,False,True,IC50,biochemical_binding,False,0.7859288798397672,0.7491928098526126,0.2338709682226181,COCC(=O)O[C@]1(CCN(C)CCCc2nc3ccccc3[nH]2)CCc2cc(F)ccc2[C@@H]1C(C)C,False,high
STR-FD5D4013B5F7BC070448,IC50,biochemical_binding,1,1,0,1,1,0,0,6.6777807052660805,6.6777807052660805,6.6777807052660805,210.0,210.0,IC50,1,inhibitory_potency,1,biochemical_binding,1,PubChem,156531853,Menin,2026,=,CCN(C(=O)c1cc(F)ccc1Oc1nncnc1N1CCC2(C1)CN([C@H](CCNCCCO)C(C)C)C2)C(C)C,CCN(C(C)C)C(=O)C1=C(C=CC(=C1)F)OC2=C(N=CN=N2)N3CCC4(C3)CN(C4)[C@H](CCNCCCO)C(C)C,CCN(C(=O)c1cc(F)ccc1Oc1nncnc1N1CCC2(C1)CN([C@H](CCNCCCO)C(C)C)C2)C(C)C,CCN(C(=O)c1cc(F)ccc1Oc1nncnc1N1CCC2(C1)CN([C@H](CCNCCCO)C(C)C)C2)C(C)C,ZFKOIWORYSEWCV-RUZDIDTESA-N,ZFKOIWORYSEWCV-RUZDIDTESA-N,standardized,0.0,False,2.0,strict_exact,exact_point_estimate,moderate_100nM_to_1uM,False,True,IC50,biochemical_binding,False,0.42786710209460127,0.984934352741579,0.23770491778850555,C[C@@H]1Cc2c([nH]c3ccc(F)cc23)[C@@H](c2c(F)ccc(OCCNCCCF)c2F)N1CC(F)(F)CO,False,medium
STR-5F462E9C39E6988CE487,IC50,biochemical_binding,1,2,1,2,1,0,0,6.673664139071249,6.673664139071249,6.673664139071249,212.0,212.0,IC50,1,inhibitory_potency,1,biochemical_binding,1,ChEMBL;PubChem,CHEMBL5847188,Menin,2021,=,COC(=O)N[C@H]1CCC[C@@H]1C(C#N)(c1ccccc1)C1CCN(CCC#Cc2ccc(C#N)cc2)CC1,COC(=O)N[C@H]1CCC[C@@H]1C(C#N)(c1ccccc1)C1CCN(CCC#Cc2ccc(C#N)cc2)CC1,COC(=O)N[C@H]1CCC[C@@H]1C(C#N)(c1ccccc1)C1CCN(CCC#Cc2ccc(C#N)cc2)CC1,COC(=O)N[C@H]1CCC[C@@H]1C(C#N)(c1ccccc1)C1CCN(CCC#Cc2ccc(C#N)cc2)CC1,PKBGEGYIMDNITD-MYABOAQRSA-N,PKBGEGYIMDNITD-MYABOAQRSA-N,standardized,0.0,False,2.0,strict_exact,exact_point_estimate,moderate_100nM_to_1uM,False,True,IC50,biochemical_binding,False,0.8561792242030283,0.5941582734916429,0.2978723347187042,N#Cc1ccc(CCN2CCC(Nc3nc4ccccc4n3Cc3ccc(C(=O)O)cc3)CC2)cc1,True,high
STR-171BAC86BCDD3AF9EF0F,IC50,biochemical_binding,1,1,0,1,1,0,0,6.657577319177793,6.657577319177793,6.657577319177793,220.0,220.0,IC50,1,inhibitory_potency,1,biochemical_binding,1,PubChem,156498066,Menin,2026,=,CCN(C(=O)c1cc(F)ccc1Oc1nncnc1N1CCC2(C1)CN([C@H](CCCN(C)CC(=O)N(C)C)C(C)C)C2)C(C)C,CCN(C(C)C)C(=O)C1=C(C=CC(=C1)F)OC2=C(N=CN=N2)N3CCC4(C3)CN(C4)[C@H](CCCN(C)CC(=O)N(C)C)C(C)C,CCN(C(=O)c1cc(F)ccc1Oc1nncnc1N1CCC2(C1)CN([C@H](CCCN(C)CC(=O)N(C)C)C(C)C)C2)C(C)C,CCN(C(=O)c1cc(F)ccc1Oc1nncnc1N1CCC2(C1)CN([C@H](CCCN(C)CC(=O)N(C)C)C(C)C)C2)C(C)C,UOUBVLMIBQOMRC-HHHXNRCGSA-N,UOUBVLMIBQOMRC-HHHXNRCGSA-N,standardized,0.0,False,2.0,strict_exact,exact_point_estimate,moderate_100nM_to_1uM,False,True,IC50,biochemical_binding,False,0.39958127047895026,0.970705126337859,0.2222222238779068,COCC(=O)O[C@]1(CCN(C)CCCc2nc3ccccc3[nH]2)CCc2cc(F)ccc2[C@@H]1C(C)C,False,medium
STR-96042A1C627CE2CBBC1F,IC50,biochemical_binding,1,1,0,1,1,0,0,6.657577319177793,6.657577319177793,6.657577319177793,220.0,220.0,IC50,1,inhibitory_potency,1,biochemical_binding,1,PubChem,156531821,Menin,2026,=,CCN(C(=O)c1cc(F)ccc1Oc1nncnc1N1CCC2(C1)CN([C@H](CCCN(C)C[C@H](C)C(=O)N(C)C)C(C)C)C2)C(C)C,CCN(C(C)C)C(=O)C1=C(C=CC(=C1)F)OC2=C(N=CN=N2)N3CCC4(C3)CN(C4)[C@H](CCCN(C)C[C@H](C)C(=O)N(C)C)C(C)C,CCN(C(=O)c1cc(F)ccc1Oc1nncnc1N1CCC2(C1)CN([C@H](CCCN(C)C[C@H](C)C(=O)N(C)C)C(C)C)C2)C(C)C,CCN(C(=O)c1cc(F)ccc1Oc1nncnc1N1CCC2(C1)CN([C@H](CCCN(C)C[C@H](C)C(=O)N(C)C)C(C)C)C2)C(C)C,IFIHGWNVFQFWAX-LITSAYRRSA-N,IFIHGWNVFQFWAX-LITSAYRRSA-N,standardized,0.0,False,2.0,strict_exact,exact_point_estimate,moderate_100nM_to_1uM,False,True,IC50,biochemical_binding,False,0.6508471812887199,0.9333091740934756,0.22123894095420837,O=C(CCc1ccccc1)c1cc(F)ccc1OCC(O)CN1CCN(C(c2ccccc2)c2ccccc2)CC1,False,medium
STR-55608317294F39D42FCE,IC50,biochemical_binding,1,2,1,2,1,0,0,6.655607726314889,6.655607726314889,6.655607726314889,221.0,221.0,IC50,1,inhibitory_potency,1,biochemical_binding,1,ChEMBL;PubChem,CHEMBL5848634,Menin,2021,=,CNC(=O)O[C@@H]1CCC[C@H]1C(Cn1cccc1)(c1ccccc1)C1CCN(CC2CN(c3ccc(S(=O)(=O)c4ccccc4)cc3)C2)CC1,CNC(=O)O[C@@H]1CCC[C@H]1C(Cn1cccc1)(c1ccccc1)C1CCN(CC2CN(c3ccc(S(=O)(=O)c4ccccc4)cc3)C2)CC1,CNC(=O)O[C@@H]1CCC[C@H]1C(Cn1cccc1)(c1ccccc1)C1CCN(CC2CN(c3ccc(S(=O)(=O)c4ccccc4)cc3)C2)CC1,CNC(=O)O[C@@H]1CCC[C@H]1C(Cn1cccc1)(c1ccccc1)C1CCN(CC2CN(c3ccc(S(=O)(=O)c4ccccc4)cc3)C2)CC1,RGGXIRGKGSGLAE-XTPKGQMJSA-N,RGGXIRGKGSGLAE-XTPKGQMJSA-N,standardized,0.0,False,2.0,strict_exact,exact_point_estimate,moderate_100nM_to_1uM,False,True,IC50,biochemical_binding,False,0.071202104085106,0.3703937395561758,0.25773194432258606,CC(=O)Nc1cccc(N2CCN(CC3CCN(S(=O)(=O)CC4CCCCC4)CC3)CC2)c1,False,low
STR-97EC0B8AC90C0B7FCB6A,IC50,biochemical_binding,1,1,0,1,1,0,0,6.647817481888637,6.647817481888637,6.647817481888637,225.0,225.0,IC50,1,inhibitory_potency,1,biochemical_binding,1,ChEMBL,CHEMBL3126193,Menin,2014,=,N#Cc1ccc(OCCCN2CCC(C(O)(c3cccc(F)c3)c3ccccn3)CC2)cc1,N#Cc1ccc(OCCCN2CCC(C(O)(c3cccc(F)c3)c3ccccn3)CC2)cc1,N#Cc1ccc(OCCCN2CCC(C(O)(c3cccc(F)c3)c3ccccn3)CC2)cc1,N#Cc1ccc(OCCCN2CCC(C(O)(c3cccc(F)c3)c3ccccn3)CC2)cc1,YLADDJNCJBCBJE-UHFFFAOYSA-N,YLADDJNCJBCBJE-UHFFFAOYSA-N,standardized,0.0,False,2.0,strict_exact,exact_point_estimate,moderate_100nM_to_1uM,False,True,IC50,biochemical_binding,False,0.9918823999758247,0.06803810741303659,0.3595505654811859,O=C(c1ccc(F)cc1F)C1CCN(CCCOc2ccc(-c3nc4ccccc4o3)cc2)CC1,True,high
STR-31D21D2CCB9374585486,IC50,biochemical_binding,1,1,0,1,1,0,0,6.645891560852599,6.645891560852599,6.645891560852599,226.0,226.0,IC50,1,inhibitory_potency,1,biochemical_binding,1,ChEMBL,CHEMBL3126190,Menin,2014,=,N#Cc1ccc(OCCCN2CCC(C(O)(c3cccc(Cl)c3)C3CCCC3)CC2)cc1,N#Cc1ccc(OCCCN2CCC(C(O)(c3cccc(Cl)c3)C3CCCC3)CC2)cc1,N#Cc1ccc(OCCCN2CCC(C(O)(c3cccc(Cl)c3)C3CCCC3)CC2)cc1,N#Cc1ccc(OCCCN2CCC(C(O)(c3cccc(Cl)c3)C3CCCC3)CC2)cc1,DRGVYVUPPVUATJ-UHFFFAOYSA-N,DRGVYVUPPVUATJ-UHFFFAOYSA-N,standardized,0.0,False,2.0,strict_exact,exact_point_estimate,moderate_100nM_to_1uM,False,True,IC50,biochemical_binding,False,0.9973955758246716,0.02611100502669097,0.32307693362236023,c1ccc(-c2ccc(OCCCCCN3CCCCCC3)cc2)cc1,True,high
STR-71AB200EF619F4685513,IC50,biochemical_binding,1,1,0,1,1,0,0,6.645891560852599,6.645891560852599,6.645891560852599,226.0,226.0,IC50,1,inhibitory_potency,1,biochemical_binding,1,ChEMBL,CHEMBL2315087,Menin,2013,=,CC1(C)NC(=O)[C@@H]2CCCN2C(=O)[C@H](Cc2ccccc2)NC(=O)[C@@H](N)CCCCCCCCNC(=O)[C@@H]2CCCN2C(=O)[C@H](CCCNC(=N)N)NC1=O,CC1(C)NC(=O)[C@@H]2CCCN2C(=O)[C@H](Cc2ccccc2)NC(=O)[C@@H](N)CCCCCCCCNC(=O)[C@@H]2CCCN2C(=O)[C@H](CCCNC(=N)N)NC1=O,CC1(C)NC(=O)[C@@H]2CCCN2C(=O)[C@H](Cc2ccccc2)NC(=O)[C@@H](N)CCCCCCCCNC(=O)[C@@H]2CCCN2C(=O)[C@H](CCCNC(=N)N)NC1=O,CC1(C)NC(=O)[C@@H]2CCCN2C(=O)[C@H](Cc2ccccc2)NC(=O)[C@@H](N)CCCCCCCCNC(=O)[C@@H]2CCCN2C(=O)[C@H](CCCNC(=N)N)NC1=O,VACZZMOZIGIKHH-QKUYTOGTSA-N,VACZZMOZIGIKHH-QKUYTOGTSA-N,standardized,0.0,False,2.0,strict_exact,exact_point_estimate,moderate_100nM_to_1uM,False,True,IC50,biochemical_binding,False,0.000831201389957823,0.009703951728749747,0.20618556439876556,O=C1NC[C@@H](c2ccccc2)C12CCN(C1CCCCC1c1ccccc1)CC2,False,low
STR-93F64171A6C361A48AC4,IC50,biochemical_binding,1,1,0,1,1,0,0,6.638272163982407,6.638272163982407,6.638272163982407,230.0,230.0,IC50,1,inhibitory_potency,1,biochemical_binding,1,PubChem,156497992,Menin,2026,=,CCN(C(=O)c1cc(F)ccc1Oc1nnc(Cl)nc1N1CCC2(C1)CN([C@H](CCCN(C)CCOC)C(C)C)C2)C(C)C,CCN(C(C)C)C(=O)C1=C(C=CC(=C1)F)OC2=C(N=C(N=N2)Cl)N3CCC4(C3)CN(C4)[C@H](CCCN(C)CCOC)C(C)C,CCN(C(=O)c1cc(F)ccc1Oc1nnc(Cl)nc1N1CCC2(C1)CN([C@H](CCCN(C)CCOC)C(C)C)C2)C(C)C,CCN(C(=O)c1cc(F)ccc1Oc1nnc(Cl)nc1N1CCC2(C1)CN([C@H](CCCN(C)CCOC)C(C)C)C2)C(C)C,VLVBGMDOGAJKCD-AREMUKBSSA-N,VLVBGMDOGAJKCD-AREMUKBSSA-N,standardized,0.0,False,2.0,strict_exact,exact_point_estimate,moderate_100nM_to_1uM,False,True,IC50,biochemical_binding,False,0.8213079544593334,0.6772073526521447,0.2601625919342041,COCC(=O)O[C@]1(CCN(C)CCCc2nc3ccccc3[nH]2)CCc2cc(F)ccc2[C@@H]1C(C)C,False,high
STR-AFF9BD01FBFBA6263A29,IC50,biochemical_binding,1,1,0,1,1,0,0,6.638272163982407,6.638272163982407,6.638272163982407,230.0,230.0,IC50,1,inhibitory_potency,1,biochemical_binding,1,PubChem,156498016,Menin,2026,=,CCN(C(=O)c1cc(F)ccc1Oc1nncnc1N1CCC2(C1)CN([C@H](CCCN(C)C(COC)COC)C(C)C)C2)C(C)C,CCN(C(C)C)C(=O)C1=C(C=CC(=C1)F)OC2=C(N=CN=N2)N3CCC4(C3)CN(C4)[C@H](CCCN(C)C(COC)COC)C(C)C,CCN(C(=O)c1cc(F)ccc1Oc1nncnc1N1CCC2(C1)CN([C@H](CCCN(C)C(COC)COC)C(C)C)C2)C(C)C,CCN(C(=O)c1cc(F)ccc1Oc1nncnc1N1CCC2(C1)CN([C@H](CCCN(C)C(COC)COC)C(C)C)C2)C(C)C,WUSMYQSBHCSVHL-GDLZYMKVSA-N,WUSMYQSBHCSVHL-GDLZYMKVSA-N,standardized,0.0,False,2.0,strict_exact,exact_point_estimate,moderate_100nM_to_1uM,False,True,IC50,biochemical_binding,False,0.6383629065968061,0.9440337141941612,0.22522522509098053,O=C(CCc1ccccc1)c1cc(F)ccc1OCC(O)CN1CCN(C(c2ccccc2)c2ccccc2)CC1,False,medium
STR-B8BBFC48D37A12C20E1C,IC50,biochemical_binding,1,1,0,1,1,0,0,6.634512015109101,6.634512015109101,6.634512015109101,232.0,232.0,IC50,1,inhibitory_potency,1,biochemical_binding,1,ChEMBL,CHEMBL2314824,Menin,2013,=,CC(=O)N[C@@H](CCCNC(=N)N)C(=O)N[C@@H](Cc1c[nH]c2ccccc12)C(=O)N[C@@H](CCCNC(=N)N)C(=O)N[C@@H](Cc1ccccc1)C(=O)N1CCC[C@H]1C(=O)N[C@@H](C)C(=O)N[C@@H](CCCNC(=N)N)C(=O)N1CCC[C@H]1C(N)=O,CC(=O)N[C@@H](CCCNC(=N)N)C(=O)N[C@@H](Cc1c[nH]c2ccccc12)C(=O)N[C@@H](CCCNC(=N)N)C(=O)N[C@@H](Cc1ccccc1)C(=O)N1CCC[C@H]1C(=O)N[C@@H](C)C(=O)N[C@@H](CCCNC(=N)N)C(=O)N1CCC[C@H]1C(N)=O,CC(=O)N[C@@H](CCCNC(=N)N)C(=O)N[C@@H](Cc1c[nH]c2ccccc12)C(=O)N[C@@H](CCCNC(=N)N)C(=O)N[C@@H](Cc1ccccc1)C(=O)N1CCC[C@H]1C(=O)N[C@@H](C)C(=O)N[C@@H](CCCNC(=N)N)C(=O)N1CCC[C@H]1C(N)=O,CC(=O)N[C@@H](CCCNC(=N)N)C(=O)N[C@@H](Cc1c[nH]c2ccccc12)C(=O)N[C@@H](CCCNC(=N)N)C(=O)N[C@@H](Cc1ccccc1)C(=O)N1CCC[C@H]1C(=O)N[C@@H](C)C(=O)N[C@@H](CCCNC(=N)N)C(=O)N1CCC[C@H]1C(N)=O,VFNHZYPRVNMVMJ-LRMMECSQSA-N,VFNHZYPRVNMVMJ-LRMMECSQSA-N,standardized,0.0,False,2.0,strict_exact,exact_point_estimate,moderate_100nM_to_1uM,False,True,IC50,biochemical_binding,False,6.296135415182915e-09,1.8060830441976776e-07,0.29906541109085083,COC(=O)C(Cc1c[nH]c2ccccc12)NS(=O)(=O)c1ccc(OC2CCCC2)cc1,True,low
STR-88BBF77299762B038C6D,IC50,biochemical_binding,1,2,1,2,1,0,0,6.625251653989896,6.625251653989896,6.625251653989896,237.0,237.0,IC50,1,inhibitory_potency,1,biochemical_binding,1,ChEMBL;PubChem,CHEMBL5747059,Menin,2021,=,CC(C)C(=O)O[C@H]1CCC[C@@H]1C(C#N)(c1ccccc1)C1CCN(CC2CN(c3ccc(S(=O)(=O)c4ccncc4)cc3)C2)CC1,CC(C)C(=O)O[C@H]1CCC[C@@H]1C(C#N)(c1ccccc1)C1CCN(CC2CN(c3ccc(S(=O)(=O)c4ccncc4)cc3)C2)CC1,CC(C)C(=O)O[C@H]1CCC[C@@H]1C(C#N)(c1ccccc1)C1CCN(CC2CN(c3ccc(S(=O)(=O)c4ccncc4)cc3)C2)CC1,CC(C)C(=O)O[C@H]1CCC[C@@H]1C(C#N)(c1ccccc1)C1CCN(CC2CN(c3ccc(S(=O)(=O)c4ccncc4)cc3)C2)CC1,ATMCISWSCCZRKA-FWBANIIHSA-N,ATMCISWSCCZRKA-FWBANIIHSA-N,standardized,0.0,False,2.0,strict_exact,exact_point_estimate,moderate_100nM_to_1uM,False,True,IC50,biochemical_binding,False,0.08045236898327937,0.4037711381465241,0.25999999046325684,CCOC(=O)N1[C@@H]2CC[C@H]1C[C@H](CN1CC[C@H](N3C(=O)Cc4ccccc43)C1)C2,False,low
STR-175E6B8A02C7A1A8161C,IC50,biochemical_binding,1,1,0,1,1,0,0,6.619788758288394,6.619788758288394,6.619788758288394,240.0,240.0,IC50,1,inhibitory_potency,1,biochemical_binding,1,PubChem,156532052,Menin,2026,=,CCN(C(=O)c1cc(F)ccc1Oc1nncnc1N1CCC2(C1)CN([C@H](CCCNC[C@@H](O)COC)C(C)C)C2)C(C)C,CCN(C(C)C)C(=O)C1=C(C=CC(=C1)F)OC2=C(N=CN=N2)N3CCC4(C3)CN(C4)[C@H](CCCNC[C@H](COC)O)C(C)C,CCN(C(=O)c1cc(F)ccc1Oc1nncnc1N1CCC2(C1)CN([C@H](CCCNC[C@@H](O)COC)C(C)C)C2)C(C)C,CCN(C(=O)c1cc(F)ccc1Oc1nncnc1N1CCC2(C1)CN([C@H](CCCNC[C@@H](O)COC)C(C)C)C2)C(C)C,PRVONHNKNRFPNB-XNMGPUDCSA-N,PRVONHNKNRFPNB-XNMGPUDCSA-N,standardized,0.0,False,2.0,strict_exact,exact_point_estimate,moderate_100nM_to_1uM,False,True,IC50,biochemical_binding,False,0.4807986361264701,0.9989359170428465,0.24761904776096344,CCCNCC(O)COc1ccccc1C(=O)CCc1ccccc1,False,medium
STR-F3CF2B91B4EE3E2B7CA5,IC50,biochemical_binding,1,2,1,2,1,0,0,6.617982957425132,6.617982957425132,6.617982957425132,241.0,241.0,IC50,1,inhibitory_potency,1,biochemical_binding,1,ChEMBL;PubChem,CHEMBL5899790,Menin,2021,=,N#Cc1ccc(NCCCN2CCC(C3(C4CCCC4)NCCc4ccccc43)CC2)cc1,N#Cc1ccc(NCCCN2CCC(C3(C4CCCC4)NCCc4ccccc43)CC2)cc1,N#Cc1ccc(NCCCN2CCC(C3(C4CCCC4)NCCc4ccccc43)CC2)cc1,N#Cc1ccc(NCCCN2CCC(C3(C4CCCC4)NCCc4ccccc43)CC2)cc1,UNWZNPGSPQZUAG-UHFFFAOYSA-N,UNWZNPGSPQZUAG-UHFFFAOYSA-N,standardized,0.0,False,2.0,strict_exact,exact_point_estimate,moderate_100nM_to_1uM,False,True,IC50,biochemical_binding,False,0.998868164467483,0.012709379197847698,0.33766233921051025,N#Cc1ccc(CCN2CCC(Nc3nc4ccccc4[nH]3)CC2)cc1,True,high
STR-82C71875AD45FB58A735,IC50,biochemical_binding,1,1,0,1,1,0,0,6.616184634019569,6.616184634019569,6.616184634019569,242.0,242.0,IC50,1,inhibitory_potency,1,biochemical_binding,1,ChEMBL,CHEMBL3126192,Menin,2014,=,N#Cc1ccc(OCCCN2CCC(C(O)(c3nccs3)C3CCCC3)CC2)cc1,N#Cc1ccc(OCCCN2CCC(C(O)(c3nccs3)C3CCCC3)CC2)cc1,N#Cc1ccc(OCCCN2CCC(C(O)(c3nccs3)C3CCCC3)CC2)cc1,N#Cc1ccc(OCCCN2CCC(C(O)(c3nccs3)C3CCCC3)CC2)cc1,INLKZOGWBUSMOY-UHFFFAOYSA-N,INLKZOGWBUSMOY-UHFFFAOYSA-N,standardized,0.0,False,2.0,strict_exact,exact_point_estimate,moderate_100nM_to_1uM,False,True,IC50,biochemical_binding,False,0.9994819610505767,0.006401393361176853,0.3125,c1ccc(-c2ccc(OCCCCCN3CCCCCC3)cc2)cc1,True,high
STR-C3AB20114EC3D149B3FF,IC50,biochemical_binding,1,2,1,2,1,0,0,6.607303046740334,6.607303046740334,6.607303046740334,247.0,247.0,IC50,1,inhibitory_potency,1,biochemical_binding,1,ChEMBL;PubChem,CHEMBL5894691,Menin,2021,=,CC(=O)N[C@@H]1CCC[C@H]1C1(C2CCN(CC3CN(c4ccc(S(=O)(=O)c5cnn(C)c5)cc4)C3)CC2)CNCc2ccccc21,CC(=O)N[C@@H]1CCC[C@H]1C1(C2CCN(CC3CN(c4ccc(S(=O)(=O)c5cnn(C)c5)cc4)C3)CC2)CNCc2ccccc21,CC(=O)N[C@@H]1CCC[C@H]1C1(C2CCN(CC3CN(c4ccc(S(=O)(=O)c5cnn(C)c5)cc4)C3)CC2)CNCc2ccccc21,CC(=O)N[C@@H]1CCC[C@H]1C1(C2CCN(CC3CN(c4ccc(S(=O)(=O)c5cnn(C)c5)cc4)C3)CC2)CNCc2ccccc21,KBCHFACNIBEZDD-ORITWGEGSA-N,KBCHFACNIBEZDD-ORITWGEGSA-N,standardized,0.0,False,2.0,strict_exact,exact_point_estimate,moderate_100nM_to_1uM,False,True,IC50,biochemical_binding,False,0.18487836106644212,0.6906335815310451,0.25471699237823486,CC(=O)Nc1cccc(N2CCN(CC3CCN(S(=O)(=O)CC4CCCCC4)CC3)CC2)c1,False,low
STR-61922625495B0746B9C8,IC50,biochemical_binding,1,1,0,1,1,0,0,6.6020599913279625,6.6020599913279625,6.6020599913279625,250.0,250.0,IC50,1,inhibitory_potency,1,biochemical_binding,1,PubChem,156498050,Menin,2026,=,CCN(C(=O)c1cc(F)ccc1Oc1nncnc1N1CCC2(C1)CN([C@H](CCCNCC(F)F)C(C)C)C2)C(C)C,CCN(C(C)C)C(=O)C1=C(C=CC(=C1)F)OC2=C(N=CN=N2)N3CCC4(C3)CN(C4)[C@H](CCCNCC(F)F)C(C)C,CCN(C(=O)c1cc(F)ccc1Oc1nncnc1N1CCC2(C1)CN([C@H](CCCNCC(F)F)C(C)C)C2)C(C)C,CCN(C(=O)c1cc(F)ccc1Oc1nncnc1N1CCC2(C1)CN([C@H](CCCNCC(F)F)C(C)C)C2)C(C)C,ZLRTWTQIOSLJMU-XMMPIXPASA-N,ZLRTWTQIOSLJMU-XMMPIXPASA-N,standardized,0.0,False,2.0,strict_exact,exact_point_estimate,moderate_100nM_to_1uM,False,True,IC50,biochemical_binding,False,0.8411566832851205,0.6315352061812342,0.22413793206214905,CC(Oc1ccc(S(C)(=O)=O)cc1C(=O)N1CCN(c2ncc(C(F)(F)F)cc2Cl)CC1)C(F)(F)F,False,high
STR-C5AB0DE6D3F029BD8FF5,IC50,biochemical_binding,1,1,0,1,1,0,0,6.6020599913279625,6.6020599913279625,6.6020599913279625,250.0,250.0,IC50,1,inhibitory_potency,1,biochemical_binding,1,ChEMBL,CHEMBL5565919,Menin,2024,=,Nc1ncnc2c1c(-c1ccc(F)cc1)cn2C1CCN(CC2CN(c3ccc(S(=O)(=O)C4CCCCC4)cc3)C2)CC1,Nc1ncnc2c1c(-c1ccc(F)cc1)cn2C1CCN(CC2CN(c3ccc(S(=O)(=O)C4CCCCC4)cc3)C2)CC1,Nc1ncnc2c1c(-c1ccc(F)cc1)cn2C1CCN(CC2CN(c3ccc(S(=O)(=O)C4CCCCC4)cc3)C2)CC1,Nc1ncnc2c1c(-c1ccc(F)cc1)cn2C1CCN(CC2CN(c3ccc(S(=O)(=O)C4CCCCC4)cc3)C2)CC1,ZLVOKDNPHNGLID-UHFFFAOYSA-N,ZLVOKDNPHNGLID-UHFFFAOYSA-N,standardized,0.0,False,2.0,strict_exact,exact_point_estimate,moderate_100nM_to_1uM,False,True,IC50,biochemical_binding,False,0.9840299825390894,0.11817179852191657,0.34408602118492126,COC(=O)N[C@H]1CC[C@@H](n2cc(-c3ccc(Cl)c(N)c3)c3c(N)ncnc32)CC1,True,high
STR-25ACFB2C189546A8CDF4,IC50,biochemical_binding,1,1,0,1,1,0,0,6.585026652029182,6.585026652029182,6.585026652029182,260.0,260.0,IC50,1,inhibitory_potency,1,biochemical_binding,1,PubChem,156531788,Menin,2026,=,CCN(C(=O)c1cc(F)ccc1Oc1nncnc1N1CCC2(C1)CN([C@H](C[C@H](C)CN(C)CCOC)C(C)C)C2)C(C)C,CCN(C(C)C)C(=O)C1=C(C=CC(=C1)F)OC2=C(N=CN=N2)N3CCC4(C3)CN(C4)[C@H](C[C@H](C)CN(C)CCOC)C(C)C,CCN(C(=O)c1cc(F)ccc1Oc1nncnc1N1CCC2(C1)CN([C@H](C[C@H](C)CN(C)CCOC)C(C)C)C2)C(C)C,CCN(C(=O)c1cc(F)ccc1Oc1nncnc1N1CCC2(C1)CN([C@H](C[C@H](C)CN(C)CCOC)C(C)C)C2)C(C)C,GORAKAHLMGAALX-LBNVMWSVSA-N,GORAKAHLMGAALX-LBNVMWSVSA-N,standardized,0.0,False,2.0,strict_exact,exact_point_estimate,moderate_100nM_to_1uM,False,True,IC50,biochemical_binding,False,0.6384705803777665,0.9439454033226,0.22429905831813812,COc1nccnc1[C@H](C)C1=C(CCN(C)C)Cc2cc(F)ccc21,False,medium
STR-2D3ADB707F7A33308C6C,IC50,biochemical_binding,1,1,0,1,1,0,0,6.585026652029182,6.585026652029182,6.585026652029182,260.0,260.0,IC50,1,inhibitory_potency,1,biochemical_binding,1,PubChem,156498078,Menin,2026,=,CCN(C(=O)c1cc(F)ccc1Oc1nncnc1N1CCC2(C1)CN([C@H](CCCN(C)CCNC(C)=O)C(C)C)C2)C(C)C,CCN(C(C)C)C(=O)C1=C(C=CC(=C1)F)OC2=C(N=CN=N2)N3CCC4(C3)CN(C4)[C@H](CCCN(C)CCNC(=O)C)C(C)C,CCN(C(=O)c1cc(F)ccc1Oc1nncnc1N1CCC2(C1)CN([C@H](CCCN(C)CCNC(C)=O)C(C)C)C2)C(C)C,CCN(C(=O)c1cc(F)ccc1Oc1nncnc1N1CCC2(C1)CN([C@H](CCCN(C)CCNC(C)=O)C(C)C)C2)C(C)C,FXQAPGIQNDVYCP-MUUNZHRXSA-N,FXQAPGIQNDVYCP-MUUNZHRXSA-N,standardized,0.0,False,2.0,strict_exact,exact_point_estimate,moderate_100nM_to_1uM,False,True,IC50,biochemical_binding,False,0.5184406377101659,0.9990185799979114,0.2265625,COCC(=O)O[C@]1(CCN(C)CCCc2nc3ccccc3[nH]2)CCc2cc(F)ccc2[C@@H]1C(C)C,False,medium
STR-662212F484FA5C48F6BE,IC50,biochemical_binding,1,1,0,1,1,0,0,6.585026652029182,6.585026652029182,6.585026652029182,260.0,260.0,IC50,1,inhibitory_potency,1,biochemical_binding,1,PubChem,156531810,Menin,2026,=,CCN(C(=O)c1cc(F)ccc1Oc1nncnc1N1CC2(CCN(C(CCCN(C)CCOC)C(C)C)C2)C1)C(C)C,CCN(C(C)C)C(=O)C1=C(C=CC(=C1)F)OC2=C(N=CN=N2)N3CC4(C3)CCN(C4)C(CCCN(C)CCOC)C(C)C,CCN(C(=O)c1cc(F)ccc1Oc1nncnc1N1CC2(CCN(C(CCCN(C)CCOC)C(C)C)C2)C1)C(C)C,CCN(C(=O)c1cc(F)ccc1Oc1nncnc1N1CC2(CCN(C(CCCN(C)CCOC)C(C)C)C2)C1)C(C)C,WZTPHJKJDDUNQC-UHFFFAOYSA-N,WZTPHJKJDDUNQC-UHFFFAOYSA-N,standardized,0.0,False,2.0,strict_exact,exact_point_estimate,moderate_100nM_to_1uM,False,True,IC50,biochemical_binding,False,0.6872897069681881,0.8962772931361827,0.2520325183868408,COCC(=O)O[C@]1(CCN(C)CCCc2nc3ccccc3[nH]2)CCc2cc(F)ccc2[C@@H]1C(C)C,False,medium
STR-74EC77156DDF050352F6,IC50,biochemical_binding,1,1,0,1,1,0,0,6.585026652029182,6.585026652029182,6.585026652029182,260.0,260.0,IC50,1,inhibitory_potency,1,biochemical_binding,1,PubChem,156498054,Menin,2026,=,CCN(C(=O)c1cc(F)ccc1Oc1nncnc1N1CCC2(C1)CN([C@H](CCCN(C)CC(OC)OC)C(C)C)C2)C(C)C,CCN(C(C)C)C(=O)C1=C(C=CC(=C1)F)OC2=C(N=CN=N2)N3CCC4(C3)CN(C4)[C@H](CCCN(C)CC(OC)OC)C(C)C,CCN(C(=O)c1cc(F)ccc1Oc1nncnc1N1CCC2(C1)CN([C@H](CCCN(C)CC(OC)OC)C(C)C)C2)C(C)C,CCN(C(=O)c1cc(F)ccc1Oc1nncnc1N1CCC2(C1)CN([C@H](CCCN(C)CC(OC)OC)C(C)C)C2)C(C)C,JFNVMLVGYULLHA-HHHXNRCGSA-N,JFNVMLVGYULLHA-HHHXNRCGSA-N,standardized,0.0,False,2.0,strict_exact,exact_point_estimate,moderate_100nM_to_1uM,False,True,IC50,biochemical_binding,False,0.6329877051201848,0.9483503989973379,0.230158731341362,COCC(=O)O[C@]1(CCN(C)CCCc2nc3ccccc3[nH]2)CCc2cc(F)ccc2[C@@H]1C(C)C,False,medium
STR-9D9A08BEFE284CB422FE,IC50,biochemical_binding,1,1,0,1,1,0,0,6.585026652029182,6.585026652029182,6.585026652029182,260.0,260.0,IC50,1,inhibitory_potency,1,biochemical_binding,1,PubChem,156497986,Menin,2026,=,CCN(C(=O)c1cc(F)ccc1Oc1nncnc1N1CCC2(C1)CN([C@H](CCCN(C)[C@@H](C)CC(=O)NC)C(C)C)C2)C(C)C,CCN(C(C)C)C(=O)C1=C(C=CC(=C1)F)OC2=C(N=CN=N2)N3CCC4(C3)CN(C4)[C@H](CCCN(C)[C@@H](C)CC(=O)NC)C(C)C,CCN(C(=O)c1cc(F)ccc1Oc1nncnc1N1CCC2(C1)CN([C@H](CCCN(C)[C@@H](C)CC(=O)NC)C(C)C)C2)C(C)C,CCN(C(=O)c1cc(F)ccc1Oc1nncnc1N1CCC2(C1)CN([C@H](CCCN(C)[C@@H](C)CC(=O)NC)C(C)C)C2)C(C)C,DEPPLXMJKNUFKQ-LBNVMWSVSA-N,DEPPLXMJKNUFKQ-LBNVMWSVSA-N,standardized,0.0,False,2.0,strict_exact,exact_point_estimate,moderate_100nM_to_1uM,False,True,IC50,biochemical_binding,False,0.5414732485122687,0.995031334831143,0.20769231021404266,COc1ccc2nccc([C@@H](O)CC[C@@H]3CCN(C4CC(c5cc(F)ccc5F)C4)C[C@@H]3C(=O)O)c2c1,False,medium
STR-A330C30988CE0ADC0A8D,IC50,biochemical_binding,1,1,0,1,1,0,0,6.585026652029182,6.585026652029182,6.585026652029182,260.0,260.0,IC50,1,inhibitory_potency,1,biochemical_binding,1,PubChem,156531784,Menin,2026,=,CCN(C(=O)c1cc(F)ccc1Oc1nncnc1N1CCC2(C1)CN([C@H](CCCNC(=O)OC(C)OC(=O)C(C)C)C(C)C)C2)C(C)C,CCN(C(C)C)C(=O)C1=C(C=CC(=C1)F)OC2=C(N=CN=N2)N3CCC4(C3)CN(C4)[C@H](CCCNC(=O)OC(C)OC(=O)C(C)C)C(C)C,CCN(C(=O)c1cc(F)ccc1Oc1nncnc1N1CCC2(C1)CN([C@H](CCCNC(=O)OC(C)OC(=O)C(C)C)C(C)C)C2)C(C)C,CCN(C(=O)c1cc(F)ccc1Oc1nncnc1N1CCC2(C1)CN([C@H](CCCNC(=O)OC(C)OC(=O)C(C)C)C(C)C)C2)C(C)C,XUEOMHZGCRQECA-MPSNESSQSA-N,XUEOMHZGCRQECA-MPSNESSQSA-N,standardized,0.0,False,2.0,strict_exact,exact_point_estimate,moderate_100nM_to_1uM,False,True,IC50,biochemical_binding,False,0.6363274728113572,0.9456894973458799,0.2142857164144516,O=C(NC1CC1)c1ccc(F)cc1OC[C@@H](O)CN1CCC2(CC1)Cc1cc(Cl)ccc1O2,False,medium
STR-CCECBC8279B18ADB4096,IC50,biochemical_binding,1,1,0,1,1,0,0,6.585026652029182,6.585026652029182,6.585026652029182,260.0,260.0,IC50,1,inhibitory_potency,1,biochemical_binding,1,ChEMBL,CHEMBL3613788,Menin,2015,=,CC1(C)CN=C(N2CCN(c3ncnc4sc(CCF)cc34)CC2)S1,CC1(C)CN=C(N2CCN(c3ncnc4sc(CCF)cc34)CC2)S1,CC1(C)CN=C(N2CCN(c3ncnc4sc(CCF)cc34)CC2)S1,CC1(C)CN=C(N2CCN(c3ncnc4sc(CCF)cc34)CC2)S1,UOPVCDBELHDBLY-UHFFFAOYSA-N,UOPVCDBELHDBLY-UHFFFAOYSA-N,standardized,0.0,False,2.0,strict_exact,exact_point_estimate,moderate_100nM_to_1uM,False,True,IC50,biochemical_binding,False,0.9840629553853717,0.11797571629137232,0.20779220759868622,CN1CCCN(c2nccc3[nH]c(-c4cc(F)cc(F)c4)nc23)CC1,False,high
STR-4C0B23EB03D4979A79B0,IC50,biochemical_binding,1,2,1,2,1,0,0,6.583359492661719,6.583359492661719,6.583359492661719,261.0,261.0,IC50,1,inhibitory_potency,1,biochemical_binding,1,ChEMBL;PubChem,CHEMBL6057473,Menin,2021,=,COC(=O)[C@H]1CCC[C@@H]1C(C#N)(c1ccccc1)C1CCN(CC2CN(c3ccc(S(=O)(=O)C4CC4)cc3)C2)CC1,COC(=O)[C@H]1CCC[C@@H]1C(C#N)(c1ccccc1)C1CCN(CC2CN(c3ccc(S(=O)(=O)C4CC4)cc3)C2)CC1,COC(=O)[C@H]1CCC[C@@H]1C(C#N)(c1ccccc1)C1CCN(CC2CN(c3ccc(S(=O)(=O)C4CC4)cc3)C2)CC1,COC(=O)[C@H]1CCC[C@@H]1C(C#N)(c1ccccc1)C1CCN(CC2CN(c3ccc(S(=O)(=O)C4CC4)cc3)C2)CC1,JMMWSUCDLGCMSN-KZNDPDLVSA-N,JMMWSUCDLGCMSN-KZNDPDLVSA-N,standardized,0.0,False,2.0,strict_exact,exact_point_estimate,moderate_100nM_to_1uM,False,True,IC50,biochemical_binding,False,0.4738217374023905,0.9980217336585973,0.2631579041481018,CC(=O)Nc1cccc(N2CCN(CC3CCN(S(=O)(=O)CC4CCCCC4)CC3)CC2)c1,True,medium
STR-5A6D9F61D6C13A688B6F,IC50,biochemical_binding,1,2,1,2,1,0,0,6.583359492661719,6.583359492661719,6.583359492661719,261.0,261.0,IC50,1,inhibitory_potency,1,biochemical_binding,1,ChEMBL;PubChem,CHEMBL6058770,Menin,2021,=,CN(C)C(=O)O[C@H]1CCC[C@@H]1C(C#N)(c1ccccc1)C1CCN(CC2CN(c3ccc(S(=O)(=O)c4ccncc4)cc3)C2)CC1,CN(C)C(=O)O[C@H]1CCC[C@@H]1C(C#N)(c1ccccc1)C1CCN(CC2CN(c3ccc(S(=O)(=O)c4ccncc4)cc3)C2)CC1,CN(C)C(=O)O[C@H]1CCC[C@@H]1C(C#N)(c1ccccc1)C1CCN(CC2CN(c3ccc(S(=O)(=O)c4ccncc4)cc3)C2)CC1,CN(C)C(=O)O[C@H]1CCC[C@@H]1C(C#N)(c1ccccc1)C1CCN(CC2CN(c3ccc(S(=O)(=O)c4ccncc4)cc3)C2)CC1,GFMXDMKGKNEFPS-AFLWYUAHSA-N,GFMXDMKGKNEFPS-AFLWYUAHSA-N,standardized,0.0,False,2.0,strict_exact,exact_point_estimate,moderate_100nM_to_1uM,False,True,IC50,biochemical_binding,False,0.0720985281247245,0.373706593559254,0.25242719054222107,C[C@@H]1CN(CC2(c3ccncc3)CC2)CCN1S(=O)(=O)c1ccc(C(C)(O)C(F)(F)F)cc1,False,low
STR-07CEA1A415CFED11C760,IC50,biochemical_binding,1,1,0,1,1,0,0,6.568636235841012,6.568636235841012,6.568636235841012,270.0,270.0,IC50,1,inhibitory_potency,1,biochemical_binding,1,ChEMBL,CHEMBL3126187,Menin,2014,=,N#Cc1ccc(OCCCN2CCC([C@@](O)(c3ccccc3)C3CCCC3)CC2)cc1,N#Cc1ccc(OCCCN2CCC([C@@](O)(c3ccccc3)C3CCCC3)CC2)cc1,N#Cc1ccc(OCCCN2CCC([C@@](O)(c3ccccc3)C3CCCC3)CC2)cc1,N#Cc1ccc(OCCCN2CCC([C@@](O)(c3ccccc3)C3CCCC3)CC2)cc1,QBITUTDDFZQXDO-HHHXNRCGSA-N,QBITUTDDFZQXDO-HHHXNRCGSA-N,standardized,0.0,False,2.0,strict_exact,exact_point_estimate,moderate_100nM_to_1uM,False,True,IC50,biochemical_binding,False,0.9949506979971374,0.04579084193335443,0.4035087823867798,c1ccc(-c2ccc(OCCCCCN3CCCCCC3)cc2)cc1,True,high
STR-B67790F64070E12D5EFA,IC50,biochemical_binding,1,1,0,1,1,0,0,6.568636235841012,6.568636235841012,6.568636235841012,270.0,270.0,IC50,1,inhibitory_potency,1,biochemical_binding,1,PubChem,156532049,Menin,2026,=,CCN(C(=O)c1cc(F)ccc1Oc1nncnc1N1CCC2(C1)CN([C@H](CCNCCCOC)C(C)C)C2)C(C)C,CCN(C(C)C)C(=O)C1=C(C=CC(=C1)F)OC2=C(N=CN=N2)N3CCC4(C3)CN(C4)[C@H](CCNCCCOC)C(C)C,CCN(C(=O)c1cc(F)ccc1Oc1nncnc1N1CCC2(C1)CN([C@H](CCNCCCOC)C(C)C)C2)C(C)C,CCN(C(=O)c1cc(F)ccc1Oc1nncnc1N1CCC2(C1)CN([C@H](CCNCCCOC)C(C)C)C2)C(C)C,TZBULYBNTSNJMA-AREMUKBSSA-N,TZBULYBNTSNJMA-AREMUKBSSA-N,standardized,0.0,False,2.0,strict_exact,exact_point_estimate,moderate_100nM_to_1uM,False,True,IC50,biochemical_binding,False,0.6586455859150376,0.9261088930477,0.24390244483947754,COc1ccc(OCCNCCCF)c(F)c1[C@@H]1c2[nH]c3ccc(F)cc3c2C[C@@H](C)N1CC(F)(F)CO,False,medium
STR-C5BD1A6A0620B892A540,IC50,biochemical_binding,1,1,0,1,1,0,0,6.568636235841012,6.568636235841012,6.568636235841012,270.0,270.0,IC50,1,inhibitory_potency,1,biochemical_binding,1,PubChem,156531907,Menin,2026,=,CCN(C(=O)c1cc(F)ccc1Oc1nncnc1N1CCC2(C1)CN([C@H](CCCCN)C(C)C)C2)C(C)C,CCN(C(C)C)C(=O)C1=C(C=CC(=C1)F)OC2=C(N=CN=N2)N3CCC4(C3)CN(C4)[C@H](CCCCN)C(C)C,CCN(C(=O)c1cc(F)ccc1Oc1nncnc1N1CCC2(C1)CN([C@H](CCCCN)C(C)C)C2)C(C)C,CCN(C(=O)c1cc(F)ccc1Oc1nncnc1N1CCC2(C1)CN([C@H](CCCCN)C(C)C)C2)C(C)C,ZXNPZTCLXAMYFY-XMMPIXPASA-N,ZXNPZTCLXAMYFY-XMMPIXPASA-N,standardized,0.0,False,2.0,strict_exact,exact_point_estimate,moderate_100nM_to_1uM,False,True,IC50,biochemical_binding,False,0.5904886631164977,0.9762431639666402,0.24271844327449799,CN(C)C(=O)N1CC(c2cc(F)ccc2F)=C[C@@]1(CCCN)c1ccccc1,False,medium
STR-F80C61F109C8A7A8A056,IC50,biochemical_binding,1,1,0,1,1,0,0,6.568636235841012,6.568636235841012,6.568636235841012,270.0,270.0,IC50,1,inhibitory_potency,1,biochemical_binding,1,PubChem,156531410,Menin,2026,=,CCN(C(=O)c1cc(F)ccc1Oc1nncnc1N1CCC2(C1)CN([C@H](CCN)C(C)C)C2)C(C)C,CCN(C(C)C)C(=O)C1=C(C=CC(=C1)F)OC2=C(N=CN=N2)N3CCC4(C3)CN(C4)[C@H](CCN)C(C)C,CCN(C(=O)c1cc(F)ccc1Oc1nncnc1N1CCC2(C1)CN([C@H](CCN)C(C)C)C2)C(C)C,CCN(C(=O)c1cc(F)ccc1Oc1nncnc1N1CCC2(C1)CN([C@H](CCN)C(C)C)C2)C(C)C,RQKGACYLPBOFDP-JOCHJYFZSA-N,RQKGACYLPBOFDP-JOCHJYFZSA-N,standardized,0.0,False,2.0,strict_exact,exact_point_estimate,moderate_100nM_to_1uM,False,True,IC50,biochemical_binding,False,0.2272624231464058,0.773208481558471,0.23076923191547394,O=C(CCc1ccccc1)c1cc(F)ccc1OCC(O)CN1CCN(C(c2ccccc2)c2ccccc2)CC1,False,low
STR-9EEB3BED6CC8A84F57AD,IC50,biochemical_binding,1,1,0,1,1,0,0,6.552841968657781,6.552841968657781,6.552841968657781,280.0,280.0,IC50,1,inhibitory_potency,1,biochemical_binding,1,PubChem,156531896,Menin,2026,=,CCN(C(=O)c1cc(F)ccc1Oc1nncnc1N1CCC2(C1)CN(C(CCN)C(C)C)C2)C(C)C,CCN(C(C)C)C(=O)C1=C(C=CC(=C1)F)OC2=C(N=CN=N2)N3CCC4(C3)CN(C4)C(CCN)C(C)C,CCN(C(=O)c1cc(F)ccc1Oc1nncnc1N1CCC2(C1)CN(C(CCN)C(C)C)C2)C(C)C,CCN(C(=O)c1cc(F)ccc1Oc1nncnc1N1CCC2(C1)CN(C(CCN)C(C)C)C2)C(C)C,RQKGACYLPBOFDP-UHFFFAOYSA-N,RQKGACYLPBOFDP-UHFFFAOYSA-N,standardized,0.0,False,2.0,strict_exact,exact_point_estimate,moderate_100nM_to_1uM,False,True,IC50,biochemical_binding,False,0.2272624231464058,0.773208481558471,0.23076923191547394,O=C(CCc1ccccc1)c1cc(F)ccc1OCC(O)CN1CCN(C(c2ccccc2)c2ccccc2)CC1,False,low
STR-B546DF2C9D9B81A938ED,IC50,biochemical_binding,1,1,0,1,1,0,0,6.552841968657781,6.552841968657781,6.552841968657781,280.0,280.0,IC50,1,inhibitory_potency,1,biochemical_binding,1,PubChem,156498029,Menin,2026,=,CCN(C(=O)c1cc(F)ccc1Oc1nncnc1N1CCC2(C1)CN([C@H](CCCN(C)[C@H](C)CC(=O)NC)C(C)C)C2)C(C)C,CCN(C(C)C)C(=O)C1=C(C=CC(=C1)F)OC2=C(N=CN=N2)N3CCC4(C3)CN(C4)[C@H](CCCN(C)[C@H](C)CC(=O)NC)C(C)C,CCN(C(=O)c1cc(F)ccc1Oc1nncnc1N1CCC2(C1)CN([C@H](CCCN(C)[C@H](C)CC(=O)NC)C(C)C)C2)C(C)C,CCN(C(=O)c1cc(F)ccc1Oc1nncnc1N1CCC2(C1)CN([C@H](CCCN(C)[C@H](C)CC(=O)NC)C(C)C)C2)C(C)C,DEPPLXMJKNUFKQ-LEAFIULHSA-N,DEPPLXMJKNUFKQ-LEAFIULHSA-N,standardized,0.0,False,2.0,strict_exact,exact_point_estimate,moderate_100nM_to_1uM,False,True,IC50,biochemical_binding,False,0.5414732485122687,0.995031334831143,0.20769231021404266,COc1ccc2nccc([C@@H](O)CC[C@@H]3CCN(C4CC(c5cc(F)ccc5F)C4)C[C@@H]3C(=O)O)c2c1,False,medium
STR-3FB33B6320D7624C2E9C,IC50,biochemical_binding,1,2,1,2,1,0,0,6.55129368009492,6.55129368009492,6.55129368009492,281.0,281.0,IC50,1,inhibitory_potency,1,biochemical_binding,1,ChEMBL;PubChem,CHEMBL5775279,Menin,2021,=,CNC(=O)O[C@@H]1CCC[C@H]1C(Cn1ccnc1)(c1ccccc1)C1CCN(CC2CN(c3ccc(C#N)cc3)C2)CC1,CNC(=O)O[C@@H]1CCC[C@H]1C(Cn1ccnc1)(c1ccccc1)C1CCN(CC2CN(c3ccc(C#N)cc3)C2)CC1,CNC(=O)O[C@@H]1CCC[C@H]1C(Cn1ccnc1)(c1ccccc1)C1CCN(CC2CN(c3ccc(C#N)cc3)C2)CC1,CNC(=O)O[C@@H]1CCC[C@H]1C(Cn1ccnc1)(c1ccccc1)C1CCN(CC2CN(c3ccc(C#N)cc3)C2)CC1,JXQJLZYVDRMZDL-OLPGJYTKSA-N,JXQJLZYVDRMZDL-OLPGJYTKSA-N,standardized,0.0,False,2.0,strict_exact,exact_point_estimate,moderate_100nM_to_1uM,False,True,IC50,biochemical_binding,False,0.08841876528907443,0.43116972264814546,0.25471699237823486,N#Cc1ccc(CCN2CCC(Nc3nc4ccccc4n3Cc3ccc(C(=O)O)cc3)CC2)cc1,False,low
STR-E897A6DD984B887A023C,IC50,biochemical_binding,1,1,0,1,1,0,0,6.537602002101044,6.537602002101044,6.537602002101044,290.0,290.0,IC50,1,inhibitory_potency,1,biochemical_binding,1,PubChem,156531831,Menin,2026,=,CCN(C(=O)c1cc(F)ccc1Oc1nncnc1N1CCC2(C1)CN([C@H](CCNCCO)C(C)C)C2)C(C)C,CCN(C(C)C)C(=O)C1=C(C=CC(=C1)F)OC2=C(N=CN=N2)N3CCC4(C3)CN(C4)[C@H](CCNCCO)C(C)C,CCN(C(=O)c1cc(F)ccc1Oc1nncnc1N1CCC2(C1)CN([C@H](CCNCCO)C(C)C)C2)C(C)C,CCN(C(=O)c1cc(F)ccc1Oc1nncnc1N1CCC2(C1)CN([C@H](CCNCCO)C(C)C)C2)C(C)C,KOPRWTCEFXHJEY-XMMPIXPASA-N,KOPRWTCEFXHJEY-XMMPIXPASA-N,standardized,0.0,False,2.0,strict_exact,exact_point_estimate,moderate_100nM_to_1uM,False,True,IC50,biochemical_binding,False,0.14119882664258254,0.587369840462125,0.23275862634181976,O=C(NC1CC1)c1ccc(F)cc1OC[C@@H](O)CN1CCC2(CC1)Cc1cc(Cl)ccc1O2,False,low
STR-09276AA2563E2F930001,IC50,biochemical_binding,1,2,1,2,1,0,0,6.53313237964589,6.53313237964589,6.53313237964589,293.0,293.0,IC50,1,inhibitory_potency,1,biochemical_binding,1,ChEMBL;PubChem,CHEMBL5800804,Menin,2021,=,CC(=O)O[C@H]1CCC[C@@H]1C(C#N)(c1cccc(F)c1)C1CCN(CC2CN(c3ccc(CC(F)(F)F)cc3)C2)CC1,CC(=O)O[C@H]1CCC[C@@H]1C(C#N)(c1cccc(F)c1)C1CCN(CC2CN(c3ccc(CC(F)(F)F)cc3)C2)CC1,CC(=O)O[C@H]1CCC[C@@H]1C(C#N)(c1cccc(F)c1)C1CCN(CC2CN(c3ccc(CC(F)(F)F)cc3)C2)CC1,CC(=O)O[C@H]1CCC[C@@H]1C(C#N)(c1cccc(F)c1)C1CCN(CC2CN(c3ccc(CC(F)(F)F)cc3)C2)CC1,KCKQSQHKDSVFJU-XPZBDPFPSA-N,KCKQSQHKDSVFJU-XPZBDPFPSA-N,standardized,0.0,False,2.0,strict_exact,exact_point_estimate,moderate_100nM_to_1uM,False,True,IC50,biochemical_binding,False,0.8731242536631251,0.5488072230092095,0.26530611515045166,CC(=O)Nc1cccc(N2CCN(CC3CCN(S(=O)(=O)CC4CCCCC4)CC3)CC2)c1,True,high
STR-FB8F85C9A962EBF8FA78,IC50,biochemical_binding,1,2,1,2,1,0,0,6.528708288941061,6.528708288941061,6.528708288941061,296.0,296.0,IC50,1,inhibitory_potency,1,biochemical_binding,1,ChEMBL;PubChem,CHEMBL5843695,Menin,2021,=,CNC(=O)N[C@@H]1CCC[C@H]1C1(C2CCN(CC3CN(c4ccc(S(=O)(=O)c5ccncc5)cc4)C3)CC2)CN(C)Cc2ccccc21,CNC(=O)N[C@@H]1CCC[C@H]1C1(C2CCN(CC3CN(c4ccc(S(=O)(=O)c5ccncc5)cc4)C3)CC2)CN(C)Cc2ccccc21,CNC(=O)N[C@@H]1CCC[C@H]1C1(C2CCN(CC3CN(c4ccc(S(=O)(=O)c5ccncc5)cc4)C3)CC2)CN(C)Cc2ccccc21,CNC(=O)N[C@@H]1CCC[C@H]1C1(C2CCN(CC3CN(c4ccc(S(=O)(=O)c5ccncc5)cc4)C3)CC2)CN(C)Cc2ccccc21,MYVKCHDXVPKEKS-ANOPSCNCSA-N,MYVKCHDXVPKEKS-ANOPSCNCSA-N,standardized,0.0,False,2.0,strict_exact,exact_point_estimate,moderate_100nM_to_1uM,False,True,IC50,biochemical_binding,False,0.1851449819990019,0.6912039272264122,0.25233644247055054,CCOC(=O)N1CCC(CN2CCC3(CC2)CN(S(C)(=O)=O)c2ncccc23)CC1,False,low
STR-5E430B1B17CD1D28B026,IC50,biochemical_binding,1,2,1,2,1,0,0,6.522878745280337,6.522878745280337,6.522878745280337,300.0,300.0,IC50,1,inhibitory_potency,1,biochemical_binding,1,ChEMBL;PubChem,CHEMBL6007163,Menin,2021,=,C=CC(=O)Nc1cccc(S(=O)(=O)c2ccc(N3CC(CN4CCC([C@](C#N)(c5cccc(F)c5)[C@H]5CCC[C@@H]5OC(=O)NC)CC4)C3)cc2)c1,C=CC(=O)Nc1cccc(S(=O)(=O)c2ccc(N3CC(CN4CCC([C@](C#N)(c5cccc(F)c5)[C@H]5CCC[C@@H]5OC(=O)NC)CC4)C3)cc2)c1,C=CC(=O)Nc1cccc(S(=O)(=O)c2ccc(N3CC(CN4CCC([C@](C#N)(c5cccc(F)c5)[C@H]5CCC[C@@H]5OC(=O)NC)CC4)C3)cc2)c1,C=CC(=O)Nc1cccc(S(=O)(=O)c2ccc(N3CC(CN4CCC([C@](C#N)(c5cccc(F)c5)[C@H]5CCC[C@@H]5OC(=O)NC)CC4)C3)cc2)c1,MJBBPCAFFYHQRO-VHYZKNOSSA-N,MJBBPCAFFYHQRO-VHYZKNOSSA-N,standardized,0.0,False,2.0,strict_exact,exact_point_estimate,moderate_100nM_to_1uM,False,True,IC50,biochemical_binding,False,0.1860779145921612,0.6931942764294825,0.2844036817550659,CC(=O)Nc1cccc(N2CCN(CC3CCN(S(=O)(=O)CC4CCCCC4)CC3)CC2)c1,True,low
STR-63C5105B1A94A77907F0,IC50,biochemical_binding,1,1,0,1,1,0,0,6.522878745280337,6.522878745280337,6.522878745280337,300.0,300.0,IC50,1,inhibitory_potency,1,biochemical_binding,1,PubChem,156498062,Menin,2026,=,CCN(C(=O)c1cc(F)ccc1Oc1nncnc1N1CCC2(C1)CN(C(CCCNCCS(C)(=O)=O)C(C)C)C2)C(C)C,CCN(C(C)C)C(=O)C1=C(C=CC(=C1)F)OC2=C(N=CN=N2)N3CCC4(C3)CN(C4)C(CCCNCCS(=O)(=O)C)C(C)C,CCN(C(=O)c1cc(F)ccc1Oc1nncnc1N1CCC2(C1)CN(C(CCCNCCS(C)(=O)=O)C(C)C)C2)C(C)C,CCN(C(=O)c1cc(F)ccc1Oc1nncnc1N1CCC2(C1)CN(C(CCCNCCS(C)(=O)=O)C(C)C)C2)C(C)C,KWZWSCVLRGMARH-UHFFFAOYSA-N,KWZWSCVLRGMARH-UHFFFAOYSA-N,standardized,0.0,False,2.0,strict_exact,exact_point_estimate,moderate_100nM_to_1uM,False,True,IC50,biochemical_binding,False,0.36856385476518305,0.9495629961945304,0.24799999594688416,CS(=O)(=O)CCNCc1ccc(-c2ccc3ncnc(Nc4ccc(OCc5cccc(F)c5)c(Cl)c4)c3c2)o1,False,medium
STR-6549D4F285AE9D37C874,IC50,biochemical_binding,1,1,0,1,1,0,0,6.522878745280337,6.522878745280337,6.522878745280337,300.0,300.0,IC50,1,inhibitory_potency,1,biochemical_binding,1,PubChem,156531577,Menin,2026,=,CCN(C(=O)c1cc(F)ccc1Oc1nncnc1N1CCC2(C1)CN([C@H](CCCN(C)C[C@H](C)C(=O)NC)C(C)C)C2)C(C)C,CCN(C(C)C)C(=O)C1=C(C=CC(=C1)F)OC2=C(N=CN=N2)N3CCC4(C3)CN(C4)[C@H](CCCN(C)C[C@H](C)C(=O)NC)C(C)C,CCN(C(=O)c1cc(F)ccc1Oc1nncnc1N1CCC2(C1)CN([C@H](CCCN(C)C[C@H](C)C(=O)NC)C(C)C)C2)C(C)C,CCN(C(=O)c1cc(F)ccc1Oc1nncnc1N1CCC2(C1)CN([C@H](CCCN(C)C[C@H](C)C(=O)NC)C(C)C)C2)C(C)C,WKBFQDUNEQECJK-LBNVMWSVSA-N,WKBFQDUNEQECJK-LBNVMWSVSA-N,standardized,0.0,False,2.0,strict_exact,exact_point_estimate,moderate_100nM_to_1uM,False,True,IC50,biochemical_binding,False,0.6771124776791398,0.9074939347920088,0.21666666865348816,Cn1nccc1-c1cc(NC(=O)c2ccc(F)cc2F)ccc1OCCN1CCOCC1,False,medium
STR-CB98D7BBE456411A25E7,IC50,biochemical_binding,1,2,1,2,1,0,0,6.522878745280337,6.522878745280337,6.522878745280337,300.0,300.0,IC50,1,inhibitory_potency,1,biochemical_binding,1,ChEMBL;PubChem,CHEMBL5829920,Menin,2021,=,N#Cc1ccc(OCCCN2CCC(C3(C4CCCCC4)NCCc4ccccc43)CC2)cc1,N#Cc1ccc(OCCCN2CCC(C3(C4CCCCC4)NCCc4ccccc43)CC2)cc1,N#Cc1ccc(OCCCN2CCC(C3(C4CCCCC4)NCCc4ccccc43)CC2)cc1,N#Cc1ccc(OCCCN2CCC(C3(C4CCCCC4)NCCc4ccccc43)CC2)cc1,XWEKBNOVWOUPTH-UHFFFAOYSA-N,XWEKBNOVWOUPTH-UHFFFAOYSA-N,standardized,0.0,False,2.0,strict_exact,exact_point_estimate,moderate_100nM_to_1uM,False,True,IC50,biochemical_binding,False,0.9993962259126186,0.00732737996117955,0.359375,c1ccc(-c2ccc(OCCCCCN3CCCCCC3)cc2)cc1,True,high
STR-DDBCB16E6E8600360172,IC50,biochemical_binding,1,1,0,1,1,0,0,6.522878745280337,6.522878745280337,6.522878745280337,300.0,300.0,IC50,1,inhibitory_potency,1,biochemical_binding,1,PubChem,156531808,Menin,2026,=,CC(C)[C@@H](CCCN(C)C[C@@H](C)C(N)=O)N1CC2(CCN(c3ncnnc3Oc3ccc(F)cc3C(=O)N(C(C)C)C(C)C)C2)C1,C[C@H](CN(C)CCC[C@H](C(C)C)N1CC2(C1)CCN(C2)C3=C(N=NC=N3)OC4=C(C=C(C=C4)F)C(=O)N(C(C)C)C(C)C)C(=O)N,CC(C)[C@@H](CCCN(C)C[C@@H](C)C(N)=O)N1CC2(CCN(c3ncnnc3Oc3ccc(F)cc3C(=O)N(C(C)C)C(C)C)C2)C1,CC(C)[C@@H](CCCN(C)C[C@@H](C)C(N)=O)N1CC2(CCN(c3ncnnc3Oc3ccc(F)cc3C(=O)N(C(C)C)C(C)C)C2)C1,FCWYUXWVVVDCKM-LEAFIULHSA-N,FCWYUXWVVVDCKM-LEAFIULHSA-N,standardized,0.0,False,2.0,strict_exact,exact_point_estimate,moderate_100nM_to_1uM,False,True,IC50,biochemical_binding,False,0.7859288798397672,0.7491928098526126,0.2338709682226181,COCC(=O)O[C@]1(CCN(C)CCCc2nc3ccccc3[nH]2)CCc2cc(F)ccc2[C@@H]1C(C)C,False,high
STR-ADD6623F7AD60FDD956E,IC50,biochemical_binding,1,1,0,1,1,0,0,6.51999305704285,6.51999305704285,6.51999305704285,302.0,302.0,IC50,1,inhibitory_potency,1,biochemical_binding,1,ChEMBL,CHEMBL3126191,Menin,2014,=,N#Cc1ccc(OCCCN2CCC(C(O)(c3ccccn3)C3CCCC3)CC2)cc1,N#Cc1ccc(OCCCN2CCC(C(O)(c3ccccn3)C3CCCC3)CC2)cc1,N#Cc1ccc(OCCCN2CCC(C(O)(c3ccccn3)C3CCCC3)CC2)cc1,N#Cc1ccc(OCCCN2CCC(C(O)(c3ccccn3)C3CCCC3)CC2)cc1,CXFJNJZPBYIKCK-UHFFFAOYSA-N,CXFJNJZPBYIKCK-UHFFFAOYSA-N,standardized,0.0,False,2.0,strict_exact,exact_point_estimate,moderate_100nM_to_1uM,False,True,IC50,biochemical_binding,False,0.9979249505637529,0.021484721035106836,0.35483869910240173,c1ccc(-c2ccc(OCCCCCN3CCCCCC3)cc2)cc1,True,high
STR-24E8A686F24A9B2B9CC8,IC50,biochemical_binding,1,2,1,2,1,0,0,6.517126416391246,6.517126416391246,6.517126416391246,304.0,304.0,IC50,1,inhibitory_potency,1,biochemical_binding,1,ChEMBL;PubChem,CHEMBL5905255,Menin,2021,=,O=S(=O)(c1ccc(N2CC(CN3CCC(C4(C5CCCC5)COCc5ccccc54)CC3)C2)cc1)C1CC1,O=S(=O)(c1ccc(N2CC(CN3CCC(C4(C5CCCC5)COCc5ccccc54)CC3)C2)cc1)C1CC1,O=S(=O)(c1ccc(N2CC(CN3CCC(C4(C5CCCC5)COCc5ccccc54)CC3)C2)cc1)C1CC1,O=S(=O)(c1ccc(N2CC(CN3CCC(C4(C5CCCC5)COCc5ccccc54)CC3)C2)cc1)C1CC1,RPDAEFHRMMXMJB-UHFFFAOYSA-N,RPDAEFHRMMXMJB-UHFFFAOYSA-N,standardized,0.0,False,2.0,strict_exact,exact_point_estimate,moderate_100nM_to_1uM,False,True,IC50,biochemical_binding,False,0.9850187385372752,0.11224756672604654,0.24719101190567017,CC(=O)Nc1cccc(N2CCN(CC3CCN(S(=O)(=O)CC4CCCCC4)CC3)CC2)c1,False,high
STR-B51853407B4A9AF321D2,IC50,biochemical_binding,1,1,0,1,1,0,0,6.508638306165727,6.508638306165727,6.508638306165727,310.0,310.0,IC50,1,inhibitory_potency,1,biochemical_binding,1,PubChem,156531834,Menin,2026,=,CCN(C(=O)c1cc(F)ccc1Oc1nncnc1N1CCC2(C1)CN([C@H](CCCO)C(C)C)C2)C(C)C,CCN(C(C)C)C(=O)C1=C(C=CC(=C1)F)OC2=C(N=CN=N2)N3CCC4(C3)CN(C4)[C@H](CCCO)C(C)C,CCN(C(=O)c1cc(F)ccc1Oc1nncnc1N1CCC2(C1)CN([C@H](CCCO)C(C)C)C2)C(C)C,CCN(C(=O)c1cc(F)ccc1Oc1nncnc1N1CCC2(C1)CN([C@H](CCCO)C(C)C)C2)C(C)C,FKYDKSHIPWIYBA-HSZRJFAPSA-N,FKYDKSHIPWIYBA-HSZRJFAPSA-N,standardized,0.0,False,2.0,strict_exact,exact_point_estimate,moderate_100nM_to_1uM,False,True,IC50,biochemical_binding,False,0.6014145988827743,0.9701170902761006,0.22857142984867096,O=C(CCc1ccccc1)c1cc(F)ccc1OCC(O)CN1CCN(C(c2ccccc2)c2ccccc2)CC1,False,medium
STR-01B5E6F5633C4AF7D768,IC50,biochemical_binding,1,1,0,1,1,0,0,6.481486060122112,6.481486060122112,6.481486060122112,330.0,330.0,IC50,1,inhibitory_potency,1,biochemical_binding,1,PubChem,156497982,Menin,2026,=,CCOCCN(C)CCC[C@H](C(C)C)N1CC2(CCN(c3ncnnc3Oc3ccc(F)cc3C(=O)N(CC)C(C)C)C2)C1,CCN(C(C)C)C(=O)C1=C(C=CC(=C1)F)OC2=C(N=CN=N2)N3CCC4(C3)CN(C4)[C@H](CCCN(C)CCOCC)C(C)C,CCOCCN(C)CCC[C@H](C(C)C)N1CC2(CCN(c3ncnnc3Oc3ccc(F)cc3C(=O)N(CC)C(C)C)C2)C1,CCOCCN(C)CCC[C@H](C(C)C)N1CC2(CCN(c3ncnnc3Oc3ccc(F)cc3C(=O)N(CC)C(C)C)C2)C1,HNKUHBBJPNCNIQ-MUUNZHRXSA-N,HNKUHBBJPNCNIQ-MUUNZHRXSA-N,standardized,0.0,False,2.0,strict_exact,exact_point_estimate,moderate_100nM_to_1uM,False,True,IC50,biochemical_binding,False,0.8329325555915019,0.6509521650542145,0.230158731341362,COCC(=O)O[C@]1(CCN(C)CCCc2nc3ccccc3[nH]2)CCc2cc(F)ccc2[C@@H]1C(C)C,False,high
STR-7B2CA21F382AEB3E3E3F,IC50,biochemical_binding,1,1,0,1,1,0,0,6.481486060122112,6.481486060122112,6.481486060122112,330.0,330.0,IC50,1,inhibitory_potency,1,biochemical_binding,1,PubChem,156531622,Menin,2026,=,CCN(C(=O)c1cc(F)ccc1Oc1nnc(Cl)nc1N1CCC2(C1)CN([C@H](CCCN(C)C)C(C)C)C2)C(C)C,CCN(C(C)C)C(=O)C1=C(C=CC(=C1)F)OC2=C(N=C(N=N2)Cl)N3CCC4(C3)CN(C4)[C@H](CCCN(C)C)C(C)C,CCN(C(=O)c1cc(F)ccc1Oc1nnc(Cl)nc1N1CCC2(C1)CN([C@H](CCCN(C)C)C(C)C)C2)C(C)C,CCN(C(=O)c1cc(F)ccc1Oc1nnc(Cl)nc1N1CCC2(C1)CN([C@H](CCCN(C)C)C(C)C)C2)C(C)C,YKPJNUXGWNBGGI-XMMPIXPASA-N,YKPJNUXGWNBGGI-XMMPIXPASA-N,standardized,0.0,False,2.0,strict_exact,exact_point_estimate,moderate_100nM_to_1uM,False,True,IC50,biochemical_binding,False,0.8887312128937906,0.5037311812549035,0.23423422873020172,CC(Oc1ccc(S(C)(=O)=O)cc1C(=O)N1CCN(c2ncc(C(F)(F)F)cc2Cl)CC1)C(F)(F)F,False,high
STR-5757A82E1BB3E6BCC920,IC50,biochemical_binding,1,2,1,2,1,0,0,6.480172006224281,6.480172006224281,6.480172006224281,331.0,331.0,IC50,1,inhibitory_potency,1,biochemical_binding,1,ChEMBL;PubChem,CHEMBL5871583,Menin,2021,=,N#CC(c1ccccc1)(C1CCN(CC2CN(c3ccc(S(=O)(=O)c4ccccc4)cc3)C2)CC1)[C@@H]1CCC[C@H]1OC(N)=O,N#CC(c1ccccc1)(C1CCN(CC2CN(c3ccc(S(=O)(=O)c4ccccc4)cc3)C2)CC1)[C@@H]1CCC[C@H]1OC(N)=O,N#CC(c1ccccc1)(C1CCN(CC2CN(c3ccc(S(=O)(=O)c4ccccc4)cc3)C2)CC1)[C@@H]1CCC[C@H]1OC(N)=O,N#CC(c1ccccc1)(C1CCN(CC2CN(c3ccc(S(=O)(=O)c4ccccc4)cc3)C2)CC1)[C@@H]1CCC[C@H]1OC(N)=O,XOTPULAWZVCKSJ-ZJACYBTKSA-N,XOTPULAWZVCKSJ-ZJACYBTKSA-N,standardized,0.0,False,2.0,strict_exact,exact_point_estimate,moderate_100nM_to_1uM,False,True,IC50,biochemical_binding,False,0.29428482894282915,0.8741921074983636,0.27173912525177,NC(=O)C(c1ccccc1)(c1ccccc1)[C@@H]1CCN(CCc2ccc3c(c2)CCO3)C1,True,low
STR-71C6205ED0F8C1804176,IC50,biochemical_binding,1,1,0,1,1,0,0,6.455931955649724,6.455931955649724,6.455931955649724,350.0,350.0,IC50,1,inhibitory_potency,1,biochemical_binding,1,PubChem,156531471,Menin,2026,=,CCN(C(=O)c1cc(F)ccc1Oc1nncnc1N1CCC2(C1)CN([C@H](CCCCN(C)C)C(C)C)C2)C(C)C,CCN(C(C)C)C(=O)C1=C(C=CC(=C1)F)OC2=C(N=CN=N2)N3CCC4(C3)CN(C4)[C@H](CCCCN(C)C)C(C)C,CCN(C(=O)c1cc(F)ccc1Oc1nncnc1N1CCC2(C1)CN([C@H](CCCCN(C)C)C(C)C)C2)C(C)C,CCN(C(=O)c1cc(F)ccc1Oc1nncnc1N1CCC2(C1)CN([C@H](CCCCN(C)C)C(C)C)C2)C(C)C,NLOFCWGPKOGXNK-AREMUKBSSA-N,NLOFCWGPKOGXNK-AREMUKBSSA-N,standardized,0.0,False,2.0,strict_exact,exact_point_estimate,moderate_100nM_to_1uM,False,True,IC50,biochemical_binding,False,0.8751828013443763,0.5430510344669174,0.22549019753932953,COc1nccnc1[C@H](C)C1=C(CCN(C)C)Cc2cc(F)ccc21,False,high
STR-7402DC1466D10A017571,IC50,biochemical_binding,1,1,0,1,1,0,0,6.455931955649724,6.455931955649724,6.455931955649724,350.0,350.0,IC50,1,inhibitory_potency,1,biochemical_binding,1,PubChem,156531603,Menin,2026,=,CCN(C(=O)c1cc(F)ccc1Oc1nncnc1N1CCC2(C1)CN([C@H](CCCN(C)CCN(C)C(C)=O)C(C)C)C2)C(C)C,CCN(C(C)C)C(=O)C1=C(C=CC(=C1)F)OC2=C(N=CN=N2)N3CCC4(C3)CN(C4)[C@H](CCCN(C)CCN(C)C(=O)C)C(C)C,CCN(C(=O)c1cc(F)ccc1Oc1nncnc1N1CCC2(C1)CN([C@H](CCCN(C)CCN(C)C(C)=O)C(C)C)C2)C(C)C,CCN(C(=O)c1cc(F)ccc1Oc1nncnc1N1CCC2(C1)CN([C@H](CCCN(C)CCN(C)C(C)=O)C(C)C)C2)C(C)C,VJTFGEDNPGXBPV-GDLZYMKVSA-N,VJTFGEDNPGXBPV-GDLZYMKVSA-N,standardized,0.0,False,2.0,strict_exact,exact_point_estimate,moderate_100nM_to_1uM,False,True,IC50,biochemical_binding,False,0.4807559265216664,0.998931176926511,0.230158731341362,COCC(=O)O[C@]1(CCN(C)CCCc2nc3ccccc3[nH]2)CCc2cc(F)ccc2[C@@H]1C(C)C,False,medium
STR-0E18A32C09E2471DF027,IC50,biochemical_binding,1,1,0,1,1,0,0,6.443697499232712,6.443697499232712,6.443697499232712,360.0,360.0,IC50,1,inhibitory_potency,1,biochemical_binding,1,PubChem,156531634,Menin,2026,=,CCN(C(=O)c1cc(F)ccc1Oc1nncnc1N1CCC2(C1)CN([C@H](CCCN(C)[C@H](C)CC(=O)N(C)C)C(C)C)C2)C(C)C,CCN(C(C)C)C(=O)C1=C(C=CC(=C1)F)OC2=C(N=CN=N2)N3CCC4(C3)CN(C4)[C@H](CCCN(C)[C@H](C)CC(=O)N(C)C)C(C)C,CCN(C(=O)c1cc(F)ccc1Oc1nncnc1N1CCC2(C1)CN([C@H](CCCN(C)[C@H](C)CC(=O)N(C)C)C(C)C)C2)C(C)C,CCN(C(=O)c1cc(F)ccc1Oc1nncnc1N1CCC2(C1)CN([C@H](CCCN(C)[C@H](C)CC(=O)N(C)C)C(C)C)C2)C(C)C,YTBQSXQHHWVUTN-GGXMVOPNSA-N,YTBQSXQHHWVUTN-GGXMVOPNSA-N,standardized,0.0,False,2.0,strict_exact,exact_point_estimate,moderate_100nM_to_1uM,False,True,IC50,biochemical_binding,False,0.49877372656462227,0.9999956611003031,0.21238937973976135,O=C(CCc1ccccc1)c1cc(F)ccc1OCC(O)CN1CCN(C(c2ccccc2)c2ccccc2)CC1,False,medium
STR-B2AFEC539C3D9634128E,IC50,biochemical_binding,1,1,0,1,1,0,0,6.443697499232712,6.443697499232712,6.443697499232712,360.0,360.0,IC50,1,inhibitory_potency,1,biochemical_binding,1,PubChem,168720899,Menin,2026,=,CCN(C(=O)c1cc(F)ccc1Oc1nncnc1N1CCC2(C1)CN([C@H](CCCNC[C@H](O)COC)C(C)C)C2)C(C)C,CCN(C(C)C)C(=O)C1=C(C=CC(=C1)F)OC2=C(N=CN=N2)N3CCC4(C3)CN(C4)[C@H](CCCNC[C@@H](COC)O)C(C)C,CCN(C(=O)c1cc(F)ccc1Oc1nncnc1N1CCC2(C1)CN([C@H](CCCNC[C@H](O)COC)C(C)C)C2)C(C)C,CCN(C(=O)c1cc(F)ccc1Oc1nncnc1N1CCC2(C1)CN([C@H](CCCNC[C@H](O)COC)C(C)C)C2)C(C)C,PRVONHNKNRFPNB-AHKZPQOWSA-N,PRVONHNKNRFPNB-AHKZPQOWSA-N,standardized,0.0,False,2.0,strict_exact,exact_point_estimate,moderate_100nM_to_1uM,False,True,IC50,biochemical_binding,False,0.4807986361264701,0.9989359170428465,0.24761904776096344,CCCNCC(O)COc1ccccc1C(=O)CCc1ccccc1,False,medium
STR-3456B22116DFBE0042D0,IC50,biochemical_binding,1,1,0,1,1,0,0,6.431798275933005,6.431798275933005,6.431798275933005,370.0,370.0,IC50,1,inhibitory_potency,1,biochemical_binding,1,PubChem,156531427,Menin,2026,=,CCN(C(=O)c1cc(F)ccc1Oc1nncnc1N1CCC2(C1)CN([C@H](CCNC(C)C)C(C)C)C2)C(C)C,CCN(C(C)C)C(=O)C1=C(C=CC(=C1)F)OC2=C(N=CN=N2)N3CCC4(C3)CN(C4)[C@H](CCNC(C)C)C(C)C,CCN(C(=O)c1cc(F)ccc1Oc1nncnc1N1CCC2(C1)CN([C@H](CCNC(C)C)C(C)C)C2)C(C)C,CCN(C(=O)c1cc(F)ccc1Oc1nncnc1N1CCC2(C1)CN([C@H](CCNC(C)C)C(C)C)C2)C(C)C,OQQDHSQHSWXMEW-RUZDIDTESA-N,OQQDHSQHSWXMEW-RUZDIDTESA-N,standardized,0.0,False,2.0,strict_exact,exact_point_estimate,moderate_100nM_to_1uM,False,True,IC50,biochemical_binding,False,0.4257809634391105,0.9840470400567352,0.2347826063632965,O=C(NC1CC1)c1ccc(F)cc1OC[C@@H](O)CN1CCC2(CC1)Cc1cc(Cl)ccc1O2,False,medium
STR-435B0469D981B3FB0F4C,IC50,biochemical_binding,1,1,0,1,1,0,0,6.431798275933005,6.431798275933005,6.431798275933005,370.0,370.0,IC50,1,inhibitory_potency,1,biochemical_binding,1,PubChem,156531791,Menin,2026,=,CNC(=O)CC[C@@H](C(C)C)N1CC2(CCN(c3ncnnc3Oc3ccc(F)cc3-c3cncnc3C3CC3)C2)C1,CC(C)[C@H](CCC(=O)NC)N1CC2(C1)CCN(C2)C3=C(N=NC=N3)OC4=C(C=C(C=C4)F)C5=CN=CN=C5C6CC6,CNC(=O)CC[C@@H](C(C)C)N1CC2(CCN(c3ncnnc3Oc3ccc(F)cc3-c3cncnc3C3CC3)C2)C1,CNC(=O)CC[C@@H](C(C)C)N1CC2(CCN(c3ncnnc3Oc3ccc(F)cc3-c3cncnc3C3CC3)C2)C1,WBULQNFTJPOIQV-DEOSSOPVSA-N,WBULQNFTJPOIQV-DEOSSOPVSA-N,standardized,0.0,False,2.0,strict_exact,exact_point_estimate,moderate_100nM_to_1uM,False,True,IC50,biochemical_binding,False,0.7882851813841499,0.744747792267489,0.22764228284358978,Cc1nc2cnc(Oc3ccc(F)c4cccnc34)cc2c(=O)n1C[C@H]1CCCN(C(C)C)C1,False,high
STR-9D9B1AE963E341CF559B,IC50,biochemical_binding,1,2,1,2,1,0,0,6.427128397799519,6.427128397799519,6.427128397799519,374.0,374.0,IC50,1,inhibitory_potency,1,biochemical_binding,1,ChEMBL;PubChem,CHEMBL5838994,Menin,2021,=,C=CC(=O)N1CC(S(=O)(=O)c2ccc(N3CC(CN4CCC([C@](C#N)(c5cccc(F)c5)[C@H]5CCC[C@@H]5OC(=O)NC)CC4)C3)cc2)C1,C=CC(=O)N1CC(S(=O)(=O)c2ccc(N3CC(CN4CCC([C@](C#N)(c5cccc(F)c5)[C@H]5CCC[C@@H]5OC(=O)NC)CC4)C3)cc2)C1,C=CC(=O)N1CC(S(=O)(=O)c2ccc(N3CC(CN4CCC([C@](C#N)(c5cccc(F)c5)[C@H]5CCC[C@@H]5OC(=O)NC)CC4)C3)cc2)C1,C=CC(=O)N1CC(S(=O)(=O)c2ccc(N3CC(CN4CCC([C@](C#N)(c5cccc(F)c5)[C@H]5CCC[C@@H]5OC(=O)NC)CC4)C3)cc2)C1,YCHRNEMAHYDBHW-VLSLJKOQSA-N,YCHRNEMAHYDBHW-VLSLJKOQSA-N,standardized,0.0,False,2.0,strict_exact,exact_point_estimate,moderate_100nM_to_1uM,False,True,IC50,biochemical_binding,False,0.3327169679757653,0.9176782351163886,0.2522522509098053,CC(Oc1ccc(S(C)(=O)=O)cc1C(=O)N1CCN(c2ccc(C#N)cc2)CC1)C(F)(F)F,False,medium
STR-9C303D8F957257731184,IC50,biochemical_binding,1,2,1,2,1,0,0,6.421360790031928,6.421360790031928,6.421360790031928,379.0,379.0,IC50,1,inhibitory_potency,1,biochemical_binding,1,ChEMBL;PubChem,CHEMBL5744985,Menin,2021,=,CN1CCc2ccccc2C1(C1CCCC1)C1CCN(CCCOc2ccc(C#N)cc2)CC1,CN1CCc2ccccc2C1(C1CCCC1)C1CCN(CCCOc2ccc(C#N)cc2)CC1,CN1CCc2ccccc2C1(C1CCCC1)C1CCN(CCCOc2ccc(C#N)cc2)CC1,CN1CCc2ccccc2C1(C1CCCC1)C1CCN(CCCOc2ccc(C#N)cc2)CC1,DSKQDBSSZSXWRY-UHFFFAOYSA-N,DSKQDBSSZSXWRY-UHFFFAOYSA-N,standardized,0.0,False,2.0,strict_exact,exact_point_estimate,moderate_100nM_to_1uM,False,True,IC50,biochemical_binding,False,0.9990367989965668,0.011040089982386331,0.3492063581943512,c1ccc(-c2ccc(OCCCCCN3CCCCCC3)cc2)cc1,True,high
STR-DD85A44F83053A371F0B,IC50,biochemical_binding,1,1,0,1,1,0,0,6.42021640338319,6.42021640338319,6.42021640338319,380.0,380.0,IC50,1,inhibitory_potency,1,biochemical_binding,1,ChEMBL,CHEMBL5527907,Menin,2024,=,N#Cc1ccc(N2CC(CN3CCC(n4cc(-c5ccc(F)cc5)c5c(N)ncnc54)CC3)C2)cc1,N#Cc1ccc(N2CC(CN3CCC(n4cc(-c5ccc(F)cc5)c5c(N)ncnc54)CC3)C2)cc1,N#Cc1ccc(N2CC(CN3CCC(n4cc(-c5ccc(F)cc5)c5c(N)ncnc54)CC3)C2)cc1,N#Cc1ccc(N2CC(CN3CCC(n4cc(-c5ccc(F)cc5)c5c(N)ncnc54)CC3)C2)cc1,ZDVWOCJIBVEFQH-UHFFFAOYSA-N,ZDVWOCJIBVEFQH-UHFFFAOYSA-N,standardized,0.0,False,2.0,strict_exact,exact_point_estimate,moderate_100nM_to_1uM,False,True,IC50,biochemical_binding,False,0.9547935267644388,0.26567435097527975,0.35227271914482117,COC(=O)N[C@H]1CC[C@@H](n2cc(-c3ccc(Cl)c(N)c3)c3c(N)ncnc32)CC1,True,high
STR-F66D41205C14840C5977,IC50,biochemical_binding,1,1,0,1,1,0,0,6.42021640338319,6.42021640338319,6.42021640338319,380.0,380.0,IC50,1,inhibitory_potency,1,biochemical_binding,1,PubChem,156531924,Menin,2026,=,CCN(C(=O)c1cc(F)ccc1Oc1nncnc1N1CCC2(C1)CN([C@H](CCN(C)CCCO)C(C)C)C2)C(C)C,CCN(C(C)C)C(=O)C1=C(C=CC(=C1)F)OC2=C(N=CN=N2)N3CCC4(C3)CN(C4)[C@H](CCN(C)CCCO)C(C)C,CCN(C(=O)c1cc(F)ccc1Oc1nncnc1N1CCC2(C1)CN([C@H](CCN(C)CCCO)C(C)C)C2)C(C)C,CCN(C(=O)c1cc(F)ccc1Oc1nncnc1N1CCC2(C1)CN([C@H](CCN(C)CCCO)C(C)C)C2)C(C)C,BNWYHHKIBMEWID-AREMUKBSSA-N,BNWYHHKIBMEWID-AREMUKBSSA-N,standardized,0.0,False,2.0,strict_exact,exact_point_estimate,moderate_100nM_to_1uM,False,True,IC50,biochemical_binding,False,0.515196766753921,0.9993335404212907,0.23577235639095306,COCC(=O)O[C@]1(CCN(C)CCCc2nc3ccccc3[nH]2)CCc2cc(F)ccc2[C@@H]1C(C)C,False,medium
STR-5292CC2045CB1C1E8EBD,IC50,biochemical_binding,1,1,0,1,1,0,0,6.4089353929735005,6.4089353929735005,6.4089353929735005,390.0,390.0,IC50,1,inhibitory_potency,1,biochemical_binding,1,ChEMBL,CHEMBL3126185,Menin,2014,=,N#Cc1ccc(OCCCN2CCC(C(O)(c3ccccc3)C3CCCC3)CC2)cc1,N#Cc1ccc(OCCCN2CCC(C(O)(c3ccccc3)C3CCCC3)CC2)cc1,N#Cc1ccc(OCCCN2CCC(C(O)(c3ccccc3)C3CCCC3)CC2)cc1,N#Cc1ccc(OCCCN2CCC(C(O)(c3ccccc3)C3CCCC3)CC2)cc1,QBITUTDDFZQXDO-UHFFFAOYSA-N,QBITUTDDFZQXDO-UHFFFAOYSA-N,standardized,0.0,False,2.0,strict_exact,exact_point_estimate,moderate_100nM_to_1uM,False,True,IC50,biochemical_binding,False,0.9949506979971374,0.04579084193335443,0.4035087823867798,c1ccc(-c2ccc(OCCCCCN3CCCCCC3)cc2)cc1,True,high
STR-4342C90FE7E456F909D0,IC50,biochemical_binding,1,2,1,2,1,0,0,6.402304814074488,6.402304814074488,6.402304814074488,396.0,396.0,IC50,1,inhibitory_potency,1,biochemical_binding,1,ChEMBL;PubChem,CHEMBL5946599,Menin,2021,=,CNC(=O)O[C@@H]1CCC[C@H]1C(C#N)(c1ccccc1)C1CCN(CC2CN(c3ccc(S(=O)(=O)c4ccncc4)cc3)C2)CC1,CNC(=O)O[C@@H]1CCC[C@H]1C(C#N)(c1ccccc1)C1CCN(CC2CN(c3ccc(S(=O)(=O)c4ccncc4)cc3)C2)CC1,CNC(=O)O[C@@H]1CCC[C@H]1C(C#N)(c1ccccc1)C1CCN(CC2CN(c3ccc(S(=O)(=O)c4ccncc4)cc3)C2)CC1,CNC(=O)O[C@@H]1CCC[C@H]1C(C#N)(c1ccccc1)C1CCN(CC2CN(c3ccc(S(=O)(=O)c4ccncc4)cc3)C2)CC1,GWDOGFQBFWTQSO-ZJACYBTKSA-N,GWDOGFQBFWTQSO-ZJACYBTKSA-N,standardized,0.0,False,2.0,strict_exact,exact_point_estimate,moderate_100nM_to_1uM,False,True,IC50,biochemical_binding,False,0.027222625454477855,0.18026624909626343,0.2549019753932953,C[C@@H]1CN(CC2(c3ccncc3)CC2)CCN1S(=O)(=O)c1ccc(C(C)(O)C(F)(F)F)cc1,False,low
STR-08F8459D1F8F16B6681D,IC50,biochemical_binding,1,1,0,1,1,0,0,6.3979400086720375,6.3979400086720375,6.3979400086720375,400.0,400.0,IC50,1,inhibitory_potency,1,biochemical_binding,1,PubChem,156498118,Menin,2026,=,CCN(C(=O)c1cc(F)ccc1Oc1nncnc1N1CCC2(C1)CN([C@H](CCCN(C)C[C@@H](C)C(=O)NC)C(C)C)C2)C(C)C,CCN(C(C)C)C(=O)C1=C(C=CC(=C1)F)OC2=C(N=CN=N2)N3CCC4(C3)CN(C4)[C@H](CCCN(C)C[C@@H](C)C(=O)NC)C(C)C,CCN(C(=O)c1cc(F)ccc1Oc1nncnc1N1CCC2(C1)CN([C@H](CCCN(C)C[C@@H](C)C(=O)NC)C(C)C)C2)C(C)C,CCN(C(=O)c1cc(F)ccc1Oc1nncnc1N1CCC2(C1)CN([C@H](CCCN(C)C[C@@H](C)C(=O)NC)C(C)C)C2)C(C)C,WKBFQDUNEQECJK-LEAFIULHSA-N,WKBFQDUNEQECJK-LEAFIULHSA-N,standardized,0.0,False,2.0,strict_exact,exact_point_estimate,moderate_100nM_to_1uM,False,True,IC50,biochemical_binding,False,0.6771124776791398,0.9074939347920088,0.21666666865348816,Cn1nccc1-c1cc(NC(=O)c2ccc(F)cc2F)ccc1OCCN1CCOCC1,False,medium
STR-4D89EA9F20765D09F97C,IC50,biochemical_binding,1,1,0,1,1,0,0,6.3979400086720375,6.3979400086720375,6.3979400086720375,400.0,400.0,IC50,1,inhibitory_potency,1,biochemical_binding,1,PubChem,156531454,Menin,2026,=,CCN(C(=O)c1cc(F)ccc1Oc1nncnc1N1CCC2(C1)CN([C@H](CCN(C)C)C(C)C)C2)C(C)C,CCN(C(C)C)C(=O)C1=C(C=CC(=C1)F)OC2=C(N=CN=N2)N3CCC4(C3)CN(C4)[C@H](CCN(C)C)C(C)C,CCN(C(=O)c1cc(F)ccc1Oc1nncnc1N1CCC2(C1)CN([C@H](CCN(C)C)C(C)C)C2)C(C)C,CCN(C(=O)c1cc(F)ccc1Oc1nncnc1N1CCC2(C1)CN([C@H](CCN(C)C)C(C)C)C2)C(C)C,ZIZYVXSVTLULAA-XMMPIXPASA-N,ZIZYVXSVTLULAA-XMMPIXPASA-N,standardized,0.0,False,2.0,strict_exact,exact_point_estimate,moderate_100nM_to_1uM,False,True,IC50,biochemical_binding,False,0.7047877873083317,0.8753593624895379,0.23232322931289673,COc1nccnc1[C@H](C)C1=C(CCN(C)C)Cc2cc(F)ccc21,False,high
STR-6C7C81D23F5013B2B272,IC50,biochemical_binding,1,1,0,1,1,0,0,6.3979400086720375,6.3979400086720375,6.3979400086720375,400.0,400.0,IC50,1,inhibitory_potency,1,biochemical_binding,1,PubChem,156497972,Menin,2026,=,CCN(C(=O)c1cc(F)ccc1Oc1nncnc1N1CCC2(C1)CN([C@H](CCCN(C)CCC#N)C(C)C)C2)C(C)C,CCN(C(C)C)C(=O)C1=C(C=CC(=C1)F)OC2=C(N=CN=N2)N3CCC4(C3)CN(C4)[C@H](CCCN(C)CCC#N)C(C)C,CCN(C(=O)c1cc(F)ccc1Oc1nncnc1N1CCC2(C1)CN([C@H](CCCN(C)CCC#N)C(C)C)C2)C(C)C,CCN(C(=O)c1cc(F)ccc1Oc1nncnc1N1CCC2(C1)CN([C@H](CCCN(C)CCC#N)C(C)C)C2)C(C)C,IOERSUVBNQGLPT-HHHXNRCGSA-N,IOERSUVBNQGLPT-HHHXNRCGSA-N,standardized,0.0,False,2.0,strict_exact,exact_point_estimate,moderate_100nM_to_1uM,False,True,IC50,biochemical_binding,False,0.6036154835759164,0.9687963437079055,0.230158731341362,COCC(=O)O[C@]1(CCN(C)CCCc2nc3ccccc3[nH]2)CCc2cc(F)ccc2[C@@H]1C(C)C,False,medium
STR-8AEA189C71B920BF19B8,IC50,biochemical_binding,1,1,0,1,1,0,0,6.3979400086720375,6.3979400086720375,6.3979400086720375,400.0,400.0,IC50,1,inhibitory_potency,1,biochemical_binding,1,PubChem,156531838,Menin,2026,=,CCN(C(=O)c1cc(F)ccc1Oc1nncnc1N1CCC2(C1)CN([C@H](CCCN(C)C(=O)OC(C)OC(=O)C(C)C)C(C)C)C2)C(C)C,CCN(C(C)C)C(=O)C1=C(C=CC(=C1)F)OC2=C(N=CN=N2)N3CCC4(C3)CN(C4)[C@H](CCCN(C)C(=O)OC(C)OC(=O)C(C)C)C(C)C,CCN(C(=O)c1cc(F)ccc1Oc1nncnc1N1CCC2(C1)CN([C@H](CCCN(C)C(=O)OC(C)OC(=O)C(C)C)C(C)C)C2)C(C)C,CCN(C(=O)c1cc(F)ccc1Oc1nncnc1N1CCC2(C1)CN([C@H](CCCN(C)C(=O)OC(C)OC(=O)C(C)C)C(C)C)C2)C(C)C,ZIGLFYYKLOQBMK-BNGNXUGRSA-N,ZIGLFYYKLOQBMK-BNGNXUGRSA-N,standardized,0.0,False,2.0,strict_exact,exact_point_estimate,moderate_100nM_to_1uM,False,True,IC50,biochemical_binding,False,0.7879656345142527,0.7453534022081914,0.20610687136650085,COc1ccc2nccc([C@@H](O)CC[C@@H]3CCN(C4CC(c5cc(F)ccc5F)C4)C[C@@H]3C(=O)O)c2c1,False,high
STR-FCECFA6DCFB5CA0DE116,IC50,biochemical_binding,1,2,1,2,1,0,0,6.3979400086720375,6.3979400086720375,6.3979400086720375,400.0,400.0,IC50,1,inhibitory_potency,1,biochemical_binding,1,ChEMBL;PubChem,CHEMBL5830084,Menin,2021,=,CS(=O)(=O)c1ccc(OCCCN2CCC(C3(C4CCCC4)NCCc4ccccc43)CC2)cc1,CS(=O)(=O)c1ccc(OCCCN2CCC(C3(C4CCCC4)NCCc4ccccc43)CC2)cc1,CS(=O)(=O)c1ccc(OCCCN2CCC(C3(C4CCCC4)NCCc4ccccc43)CC2)cc1,CS(=O)(=O)c1ccc(OCCCN2CCC(C3(C4CCCC4)NCCc4ccccc43)CC2)cc1,RLRFEGULPRPBPR-UHFFFAOYSA-N,RLRFEGULPRPBPR-UHFFFAOYSA-N,standardized,0.0,False,2.0,strict_exact,exact_point_estimate,moderate_100nM_to_1uM,False,True,IC50,biochemical_binding,False,0.9983399106263618,0.017723147765577003,0.3235294222831726,c1ccc(-c2ccc(OCCCCCN3CCCCCC3)cc2)cc1,True,high
STR-428061115D2191372CAC,IC50,biochemical_binding,1,1,0,1,1,0,0,6.3872161432802645,6.3872161432802645,6.3872161432802645,410.0,410.0,IC50,1,inhibitory_potency,1,biochemical_binding,1,PubChem,156531852,Menin,2026,=,CCN(C(=O)c1cc(F)ccc1Oc1nncnc1N1CCC2(C1)CN(C(CC(C)(O)CN(C)CCOC)C(C)C)C2)C(C)C,CCN(C(C)C)C(=O)C1=C(C=CC(=C1)F)OC2=C(N=CN=N2)N3CCC4(C3)CN(C4)C(CC(C)(CN(C)CCOC)O)C(C)C,CCN(C(=O)c1cc(F)ccc1Oc1nncnc1N1CCC2(C1)CN(C(CC(C)(O)CN(C)CCOC)C(C)C)C2)C(C)C,CCN(C(=O)c1cc(F)ccc1Oc1nncnc1N1CCC2(C1)CN(C(CC(C)(O)CN(C)CCOC)C(C)C)C2)C(C)C,LDPCEGFKQYPOHP-UHFFFAOYSA-N,LDPCEGFKQYPOHP-UHFFFAOYSA-N,standardized,0.0,False,2.0,strict_exact,exact_point_estimate,moderate_100nM_to_1uM,False,True,IC50,biochemical_binding,False,0.23603075652409589,0.7883770223285881,0.21666666865348816,CC(Oc1ccc(S(C)(=O)=O)cc1C(=O)N1CCN(c2ncc(C(F)(F)F)cc2Cl)CC1)C(F)(F)F,False,low
STR-4B7E6200574F432256B4,IC50,biochemical_binding,1,2,1,2,1,0,0,6.380906669373257,6.380906669373257,6.380906669373257,416.0,416.0,IC50,1,inhibitory_potency,1,biochemical_binding,1,ChEMBL;PubChem,CHEMBL5774274,Menin,2021,=,N#Cc1ccc(OCCCN2CCC(C3(C4CCCC4)C(=O)NCc4ccccc43)CC2)cc1,N#Cc1ccc(OCCCN2CCC(C3(C4CCCC4)C(=O)NCc4ccccc43)CC2)cc1,N#Cc1ccc(OCCCN2CCC(C3(C4CCCC4)C(=O)NCc4ccccc43)CC2)cc1,N#Cc1ccc(OCCCN2CCC(C3(C4CCCC4)C(=O)NCc4ccccc43)CC2)cc1,GVRMSSNTVCVYBD-UHFFFAOYSA-N,GVRMSSNTVCVYBD-UHFFFAOYSA-N,standardized,0.0,False,2.0,strict_exact,exact_point_estimate,moderate_100nM_to_1uM,False,True,IC50,biochemical_binding,False,0.9965101735931813,0.033512118070103576,0.3283582031726837,c1ccc(-c2ccc(OCCCCCN3CCCCCC3)cc2)cc1,True,high
STR-DA6DE006B635E7B8ABB6,IC50,biochemical_binding,1,1,0,1,1,0,0,6.374687549038326,6.374687549038326,6.374687549038326,422.0,422.0,IC50,1,inhibitory_potency,1,biochemical_binding,1,ChEMBL,CHEMBL2314818,Menin,2013,=,N=C(N)NCCC[C@@H]1NC(=O)C2(CCC2)NC(=O)[C@@H]2CCCN2C(=O)[C@H](Cc2ccc(F)cc2)NC(=O)[C@@H](N)CCCCCCCCNC(=O)[C@@H]2CCCN2C1=O,N=C(N)NCCC[C@@H]1NC(=O)C2(CCC2)NC(=O)[C@@H]2CCCN2C(=O)[C@H](Cc2ccc(F)cc2)NC(=O)[C@@H](N)CCCCCCCCNC(=O)[C@@H]2CCCN2C1=O,N=C(N)NCCC[C@@H]1NC(=O)C2(CCC2)NC(=O)[C@@H]2CCCN2C(=O)[C@H](Cc2ccc(F)cc2)NC(=O)[C@@H](N)CCCCCCCCNC(=O)[C@@H]2CCCN2C1=O,N=C(N)NCCC[C@@H]1NC(=O)C2(CCC2)NC(=O)[C@@H]2CCCN2C(=O)[C@H](Cc2ccc(F)cc2)NC(=O)[C@@H](N)CCCCCCCCNC(=O)[C@@H]2CCCN2C1=O,PZCALYDOLMJZDT-XDIGFQIYSA-N,PZCALYDOLMJZDT-XDIGFQIYSA-N,standardized,0.0,False,2.0,strict_exact,exact_point_estimate,moderate_100nM_to_1uM,False,True,IC50,biochemical_binding,False,0.01974194084355284,0.1399891539543411,0.21495327353477478,O=C1NCC(c2ccccc2)C12CCN(C1CCCCC1(O)c1ccc(F)cc1)CC2,False,low
STR-03825B6A51D0B0744A5D,IC50,biochemical_binding,1,1,0,1,1,0,0,6.366531544420413,6.366531544420413,6.366531544420413,430.0,430.0,IC50,1,inhibitory_potency,1,biochemical_binding,1,PubChem,164897291,Menin,2026,=,CCN(C(=O)c1cc(F)ccc1Oc1nncnc1N1CCC2(C1)CN([C@H](CCCNC(=O)NC)C(C)C)C2)C(C)C,CCN(C(C)C)C(=O)C1=C(C=CC(=C1)F)OC2=C(N=CN=N2)N3CCC4(C3)CN(C4)[C@H](CCCNC(=O)NC)C(C)C,CCN(C(=O)c1cc(F)ccc1Oc1nncnc1N1CCC2(C1)CN([C@H](CCCNC(=O)NC)C(C)C)C2)C(C)C,CCN(C(=O)c1cc(F)ccc1Oc1nncnc1N1CCC2(C1)CN([C@H](CCCNC(=O)NC)C(C)C)C2)C(C)C,ILUZWIYOFDJNNW-XMMPIXPASA-N,ILUZWIYOFDJNNW-XMMPIXPASA-N,standardized,0.0,False,2.0,strict_exact,exact_point_estimate,moderate_100nM_to_1uM,False,True,IC50,biochemical_binding,False,0.35326142631955826,0.9369471065762507,0.21487602591514587,O=C(NC1CC1)c1ccc(F)cc1OC[C@@H](O)CN1CCC2(CC1)Cc1cc(Cl)ccc1O2,False,medium
STR-079F3F9421D0EFF32E86,IC50,biochemical_binding,1,1,0,1,1,0,0,6.366531544420413,6.366531544420413,6.366531544420413,430.0,430.0,IC50,1,inhibitory_potency,1,biochemical_binding,1,PubChem,156531819,Menin,2026,=,CCN(C(=O)c1cc(F)ccc1Oc1nncnc1N1CCC2(C1)CN([C@H](CCCN(C)C[C@@H](C)C(=O)N(C)C)C(C)C)C2)C(C)C,CCN(C(C)C)C(=O)C1=C(C=CC(=C1)F)OC2=C(N=CN=N2)N3CCC4(C3)CN(C4)[C@H](CCCN(C)C[C@@H](C)C(=O)N(C)C)C(C)C,CCN(C(=O)c1cc(F)ccc1Oc1nncnc1N1CCC2(C1)CN([C@H](CCCN(C)C[C@@H](C)C(=O)N(C)C)C(C)C)C2)C(C)C,CCN(C(=O)c1cc(F)ccc1Oc1nncnc1N1CCC2(C1)CN([C@H](CCCN(C)C[C@@H](C)C(=O)N(C)C)C(C)C)C2)C(C)C,IFIHGWNVFQFWAX-GGXMVOPNSA-N,IFIHGWNVFQFWAX-GGXMVOPNSA-N,standardized,0.0,False,2.0,strict_exact,exact_point_estimate,moderate_100nM_to_1uM,False,True,IC50,biochemical_binding,False,0.6508471812887199,0.9333091740934756,0.22123894095420837,O=C(CCc1ccccc1)c1cc(F)ccc1OCC(O)CN1CCN(C(c2ccccc2)c2ccccc2)CC1,False,medium
STR-5A59AFF93EE296D36BC6,IC50,biochemical_binding,1,2,1,2,1,0,0,6.361510743045363,6.361510743045363,6.361510743045363,435.0,435.0,IC50,1,inhibitory_potency,1,biochemical_binding,1,ChEMBL;PubChem,CHEMBL5991299,Menin,2021,=,N#CC(c1ccccc1)(C1CCN(CC2CN(c3ccc(S(=O)(=O)c4ccncc4)cc3)C2)CC1)[C@@H]1CCC[C@H]1OC(=O)C1CCC1,N#CC(c1ccccc1)(C1CCN(CC2CN(c3ccc(S(=O)(=O)c4ccncc4)cc3)C2)CC1)[C@@H]1CCC[C@H]1OC(=O)C1CCC1,N#CC(c1ccccc1)(C1CCN(CC2CN(c3ccc(S(=O)(=O)c4ccncc4)cc3)C2)CC1)[C@@H]1CCC[C@H]1OC(=O)C1CCC1,N#CC(c1ccccc1)(C1CCN(CC2CN(c3ccc(S(=O)(=O)c4ccncc4)cc3)C2)CC1)[C@@H]1CCC[C@H]1OC(=O)C1CCC1,UPXKEAPHHNBDHK-QAFYHTLISA-N,UPXKEAPHHNBDHK-QAFYHTLISA-N,standardized,0.0,False,2.0,strict_exact,exact_point_estimate,moderate_100nM_to_1uM,False,True,IC50,biochemical_binding,False,0.03464028104978377,0.21715366185373258,0.2450980395078659,C[C@@H]1CN(CC2(c3ccncc3)CC2)CCN1S(=O)(=O)c1ccc(C(C)(O)C(F)(F)F)cc1,False,low
STR-B520AF3A72F2FF2BC507,IC50,biochemical_binding,1,1,0,1,1,0,0,6.360513510731414,6.360513510731414,6.360513510731414,436.0,436.0,IC50,1,inhibitory_potency,1,biochemical_binding,1,ChEMBL,CHEMBL3126189,Menin,2014,=,N#Cc1ccc(OCCCN2CCC(C(O)(c3cc(F)cc(F)c3)C3CCCC3)CC2)cc1,N#Cc1ccc(OCCCN2CCC(C(O)(c3cc(F)cc(F)c3)C3CCCC3)CC2)cc1,N#Cc1ccc(OCCCN2CCC(C(O)(c3cc(F)cc(F)c3)C3CCCC3)CC2)cc1,N#Cc1ccc(OCCCN2CCC(C(O)(c3cc(F)cc(F)c3)C3CCCC3)CC2)cc1,OAOHJPWUVQFOCX-UHFFFAOYSA-N,OAOHJPWUVQFOCX-UHFFFAOYSA-N,standardized,0.0,False,2.0,strict_exact,exact_point_estimate,moderate_100nM_to_1uM,False,True,IC50,biochemical_binding,False,0.9990846616027855,0.010558832754167006,0.33734938502311707,O=C(c1ccc(F)cc1F)C1CCN(CCCOc2ccc(-c3nc4ccccc4o3)cc2)CC1,True,high
STR-D31C7512712D5C2245CC,IC50,biochemical_binding,1,2,1,2,1,0,0,6.359518563029578,6.359518563029578,6.359518563029578,437.0,437.0,IC50,1,inhibitory_potency,1,biochemical_binding,1,ChEMBL;PubChem,CHEMBL6006742,Menin,2021,=,CS(=O)(=O)N[C@H]1CCC[C@@H]1C(C#N)(c1ccccc1)C1CCN(CC2CN(c3ccc(S(=O)(=O)c4ccncc4)cc3)C2)CC1,CS(=O)(=O)N[C@H]1CCC[C@@H]1C(C#N)(c1ccccc1)C1CCN(CC2CN(c3ccc(S(=O)(=O)c4ccncc4)cc3)C2)CC1,CS(=O)(=O)N[C@H]1CCC[C@@H]1C(C#N)(c1ccccc1)C1CCN(CC2CN(c3ccc(S(=O)(=O)c4ccncc4)cc3)C2)CC1,CS(=O)(=O)N[C@H]1CCC[C@@H]1C(C#N)(c1ccccc1)C1CCN(CC2CN(c3ccc(S(=O)(=O)c4ccncc4)cc3)C2)CC1,UDTODHMYBSKRKC-FFXLMVMDSA-N,UDTODHMYBSKRKC-FFXLMVMDSA-N,standardized,0.0,False,2.0,strict_exact,exact_point_estimate,moderate_100nM_to_1uM,False,True,IC50,biochemical_binding,False,0.030615539870405887,0.1974694292060989,0.2450980395078659,CS(=O)(=O)NC1CCN(c2ccc(-c3nc4ccncc4n3-c3ccc(Cl)cc3)cn2)CC1,False,low
STR-DCA3434F85B70F7DA7D4,IC50,biochemical_binding,1,2,1,2,1,0,0,6.357535479757878,6.357535479757878,6.357535479757878,439.0,439.0,IC50,1,inhibitory_potency,1,biochemical_binding,1,ChEMBL;PubChem,CHEMBL5847549,Menin,2021,=,N#Cc1ccc(OCCCN2CCC(C3(C4CCCC4)NCCc4cc(F)ccc43)CC2)cc1,N#Cc1ccc(OCCCN2CCC(C3(C4CCCC4)NCCc4cc(F)ccc43)CC2)cc1,N#Cc1ccc(OCCCN2CCC(C3(C4CCCC4)NCCc4cc(F)ccc43)CC2)cc1,N#Cc1ccc(OCCCN2CCC(C3(C4CCCC4)NCCc4cc(F)ccc43)CC2)cc1,CMHBGEQIKCAZMO-UHFFFAOYSA-N,CMHBGEQIKCAZMO-UHFFFAOYSA-N,standardized,0.0,False,2.0,strict_exact,exact_point_estimate,moderate_100nM_to_1uM,False,True,IC50,biochemical_binding,False,0.9994830005441103,0.006390046921889008,0.35227271914482117,CN1CCc2ccc(OCCCN3CCC(c4noc5cc(F)ccc45)CC3)cc2C1=O,True,high
STR-38F6752F49BCD366F11A,IC50,biochemical_binding,1,2,1,2,1,0,0,6.347753658996677,6.347753658996677,6.347753658996677,449.0,449.0,IC50,1,inhibitory_potency,1,biochemical_binding,1,ChEMBL;PubChem,CHEMBL5778287,Menin,2021,=,N#Cc1ccc(OCCCN2CCC(C(CO)(c3ccccc3)C3CCCC3)CC2)cc1,N#Cc1ccc(OCCCN2CCC(C(CO)(c3ccccc3)C3CCCC3)CC2)cc1,N#Cc1ccc(OCCCN2CCC(C(CO)(c3ccccc3)C3CCCC3)CC2)cc1,N#Cc1ccc(OCCCN2CCC(C(CO)(c3ccccc3)C3CCCC3)CC2)cc1,HEYVOFYYNVPUMS-UHFFFAOYSA-N,HEYVOFYYNVPUMS-UHFFFAOYSA-N,standardized,0.0,False,2.0,strict_exact,exact_point_estimate,moderate_100nM_to_1uM,False,True,IC50,biochemical_binding,False,0.9886101987203532,0.08987192493846065,0.38983049988746643,c1ccc(-c2ccc(OCCCCCN3CCCCCC3)cc2)cc1,True,high
STR-9F2105675ED616901558,IC50,biochemical_binding,1,1,0,1,1,0,0,6.346787486224656,6.346787486224656,6.346787486224656,450.0,450.0,IC50,1,inhibitory_potency,1,biochemical_binding,1,ChEMBL,CHEMBL5555656,Menin,2024,=,CCS(=O)(=O)c1ccc(N2CC(CN3CCC(n4cc(-c5ccc(F)cc5)c5c(N)ncnc54)CC3)C2)cc1,CCS(=O)(=O)c1ccc(N2CC(CN3CCC(n4cc(-c5ccc(F)cc5)c5c(N)ncnc54)CC3)C2)cc1,CCS(=O)(=O)c1ccc(N2CC(CN3CCC(n4cc(-c5ccc(F)cc5)c5c(N)ncnc54)CC3)C2)cc1,CCS(=O)(=O)c1ccc(N2CC(CN3CCC(n4cc(-c5ccc(F)cc5)c5c(N)ncnc54)CC3)C2)cc1,UOBAUSQATQTFAH-UHFFFAOYSA-N,UOBAUSQATQTFAH-UHFFFAOYSA-N,standardized,0.0,False,2.0,strict_exact,exact_point_estimate,moderate_100nM_to_1uM,False,True,IC50,biochemical_binding,False,0.8322936401045483,0.6524309096804128,0.37078651785850525,COC(=O)N[C@H]1CC[C@@H](n2cc(-c3ccc(Cl)c(N)c3)c3c(N)ncnc32)CC1,True,high
STR-4E0D965820718397652B,IC50,biochemical_binding,1,2,1,2,1,0,0,6.342944147142896,6.342944147142896,6.342944147142896,454.0,454.0,IC50,1,inhibitory_potency,1,biochemical_binding,1,ChEMBL;PubChem,CHEMBL5854653,Menin,2021,=,N#CC(c1ccccc1)(C1CCN(CC2CN(c3ccc(S(=O)(=O)c4ccncc4)cc3)C2)CC1)[C@@H]1CCC[C@H]1OC(N)=O,N#CC(c1ccccc1)(C1CCN(CC2CN(c3ccc(S(=O)(=O)c4ccncc4)cc3)C2)CC1)[C@@H]1CCC[C@H]1OC(N)=O,N#CC(c1ccccc1)(C1CCN(CC2CN(c3ccc(S(=O)(=O)c4ccncc4)cc3)C2)CC1)[C@@H]1CCC[C@H]1OC(N)=O,N#CC(c1ccccc1)(C1CCN(CC2CN(c3ccc(S(=O)(=O)c4ccncc4)cc3)C2)CC1)[C@@H]1CCC[C@H]1OC(N)=O,SDGOMCIESMUDGQ-OLPGJYTKSA-N,SDGOMCIESMUDGQ-OLPGJYTKSA-N,standardized,0.0,False,2.0,strict_exact,exact_point_estimate,moderate_100nM_to_1uM,False,True,IC50,biochemical_binding,False,0.07312889049493589,0.3774930398518338,0.25773194432258606,NC(=O)C(c1ccccc1)(c1ccccc1)[C@@H]1CCN(CCc2ccc3c(c2)CCO3)C1,False,low
STR-57B02C455F0090B0D259,IC50,biochemical_binding,1,1,0,1,1,0,0,6.327902142064282,6.327902142064282,6.327902142064282,470.0,470.0,IC50,1,inhibitory_potency,1,biochemical_binding,1,ChEMBL,CHEMBL5557085,Menin,2024,=,Nc1ncnc2c1c(-c1ccc(F)cc1)cn2C1CCN(CC2CN(c3ccc(S(=O)(=O)C4CC4)cc3)C2)CC1,Nc1ncnc2c1c(-c1ccc(F)cc1)cn2C1CCN(CC2CN(c3ccc(S(=O)(=O)C4CC4)cc3)C2)CC1,Nc1ncnc2c1c(-c1ccc(F)cc1)cn2C1CCN(CC2CN(c3ccc(S(=O)(=O)C4CC4)cc3)C2)CC1,Nc1ncnc2c1c(-c1ccc(F)cc1)cn2C1CCN(CC2CN(c3ccc(S(=O)(=O)C4CC4)cc3)C2)CC1,TWHTYNNCJTZICG-UHFFFAOYSA-N,TWHTYNNCJTZICG-UHFFFAOYSA-N,standardized,0.0,False,2.0,strict_exact,exact_point_estimate,moderate_100nM_to_1uM,False,True,IC50,biochemical_binding,False,0.9409163810014258,0.32379643706934536,0.3595505654811859,COC(=O)N[C@H]1CC[C@@H](n2cc(-c3ccc(Cl)c(N)c3)c3c(N)ncnc32)CC1,True,high
STR-EC66806C5F5D2CD819CB,IC50,biochemical_binding,1,2,1,2,1,0,0,6.325138859262188,6.325138859262188,6.325138859262188,473.0,473.0,IC50,1,inhibitory_potency,1,biochemical_binding,1,ChEMBL;PubChem,CHEMBL5968452,Menin,2021,=,N#Cc1ccc(OCCCN2CCC(C3(C4CCCC4)NCCc4ccc(F)cc43)CC2)cc1,N#Cc1ccc(OCCCN2CCC(C3(C4CCCC4)NCCc4ccc(F)cc43)CC2)cc1,N#Cc1ccc(OCCCN2CCC(C3(C4CCCC4)NCCc4ccc(F)cc43)CC2)cc1,N#Cc1ccc(OCCCN2CCC(C3(C4CCCC4)NCCc4ccc(F)cc43)CC2)cc1,UHLGBZUDHODLLD-UHFFFAOYSA-N,UHLGBZUDHODLLD-UHFFFAOYSA-N,standardized,0.0,False,2.0,strict_exact,exact_point_estimate,moderate_100nM_to_1uM,False,True,IC50,biochemical_binding,False,0.9997773116011718,0.003023044088230946,0.3563218414783478,CN1CCc2ccc(OCCCN3CCC(c4noc5cc(F)ccc45)CC3)cc2C1=O,True,high
STR-4F507812C726BEF9FE1F,IC50,biochemical_binding,1,1,0,1,1,0,0,6.309803919971486,6.309803919971486,6.309803919971486,490.0,490.0,IC50,1,inhibitory_potency,1,biochemical_binding,1,PubChem,168720871,Menin,2026,=,CCN(C(=O)c1cc(F)ccc1Oc1nncnc1N1CCC2(C1)CN([C@H](C[C@@H](O)CN(C)C(C)C)C(C)C)C2)C(C)C,CCN(C(C)C)C(=O)C1=C(C=CC(=C1)F)OC2=C(N=CN=N2)N3CCC4(C3)CN(C4)[C@H](C[C@H](CN(C)C(C)C)O)C(C)C,CCN(C(=O)c1cc(F)ccc1Oc1nncnc1N1CCC2(C1)CN([C@H](C[C@@H](O)CN(C)C(C)C)C(C)C)C2)C(C)C,CCN(C(=O)c1cc(F)ccc1Oc1nncnc1N1CCC2(C1)CN([C@H](C[C@@H](O)CN(C)C(C)C)C(C)C)C2)C(C)C,BAJNALQCHSQUMV-XNMGPUDCSA-N,BAJNALQCHSQUMV-XNMGPUDCSA-N,standardized,0.0,False,2.0,strict_exact,exact_point_estimate,moderate_100nM_to_1uM,False,True,IC50,biochemical_binding,False,0.47743787661288334,0.9985306950065501,0.2429906576871872,O=C(CCc1ccccc1)c1cc(F)ccc1OCC(O)CN1CCN(C(c2ccccc2)c2ccccc2)CC1,False,medium
STR-6D83836432314425AF74,IC50,biochemical_binding,1,1,0,1,1,0,0,6.309803919971486,6.309803919971486,6.309803919971486,490.0,490.0,IC50,1,inhibitory_potency,1,biochemical_binding,1,PubChem,156531761,Menin,2026,=,CCN(C(=O)c1cc(F)ccc1Oc1nncnc1N1CCC2(C1)CN([C@H](CCO)C(C)C)C2)C(C)C,CCN(C(C)C)C(=O)C1=C(C=CC(=C1)F)OC2=C(N=CN=N2)N3CCC4(C3)CN(C4)[C@H](CCO)C(C)C,CCN(C(=O)c1cc(F)ccc1Oc1nncnc1N1CCC2(C1)CN([C@H](CCO)C(C)C)C2)C(C)C,CCN(C(=O)c1cc(F)ccc1Oc1nncnc1N1CCC2(C1)CN([C@H](CCO)C(C)C)C2)C(C)C,TZVOKEYLSRSBPK-JOCHJYFZSA-N,TZVOKEYLSRSBPK-JOCHJYFZSA-N,standardized,0.0,False,2.0,strict_exact,exact_point_estimate,moderate_100nM_to_1uM,False,True,IC50,biochemical_binding,False,0.2581577077358802,0.823953583782425,0.23529411852359772,O=C(CCc1ccccc1)c1cc(F)ccc1OCC(O)CN1CCN(C(c2ccccc2)c2ccccc2)CC1,False,low
STR-080A59F9B1BCF4DFA65B,IC50,biochemical_binding,1,2,1,2,1,0,0,6.302770657240282,6.302770657240282,6.302770657240282,498.0,498.0,IC50,1,inhibitory_potency,1,biochemical_binding,1,ChEMBL;PubChem,CHEMBL5800298,Menin,2021,=,CNC(=O)O[C@@H]1CCC[C@H]1C(C#N)(c1ccccc1)C1CCN(CC2CN(c3ccc(S(=O)(=O)C4CC4)cc3)C2)CC1,CNC(=O)O[C@@H]1CCC[C@H]1C(C#N)(c1ccccc1)C1CCN(CC2CN(c3ccc(S(=O)(=O)C4CC4)cc3)C2)CC1,CNC(=O)O[C@@H]1CCC[C@H]1C(C#N)(c1ccccc1)C1CCN(CC2CN(c3ccc(S(=O)(=O)C4CC4)cc3)C2)CC1,CNC(=O)O[C@@H]1CCC[C@H]1C(C#N)(c1ccccc1)C1CCN(CC2CN(c3ccc(S(=O)(=O)C4CC4)cc3)C2)CC1,CREKPRIJPIEMSU-NNTSECMXSA-N,CREKPRIJPIEMSU-NNTSECMXSA-N,standardized,0.0,False,2.0,strict_exact,exact_point_estimate,moderate_100nM_to_1uM,False,True,IC50,biochemical_binding,False,0.20779046886820612,0.7372380197523085,0.25773194432258606,CC(=O)Nc1cccc(N2CCN(CC3CCN(S(=O)(=O)CC4CCCCC4)CC3)CC2)c1,False,low
STR-A21C415987FFBA939D6E,IC50,biochemical_binding,1,1,0,1,1,0,0,6.301029995663981,6.301029995663981,6.301029995663981,500.0,500.0,IC50,1,inhibitory_potency,1,biochemical_binding,1,PubChem,156531922,Menin,2026,=,CCN(C(=O)c1cc(F)ccc1Oc1nncnc1N1CCC2(C1)CN([C@H](CCN(C)CCOC)C(C)C)C2)C(C)C,CCN(C(C)C)C(=O)C1=C(C=CC(=C1)F)OC2=C(N=CN=N2)N3CCC4(C3)CN(C4)[C@H](CCN(C)CCOC)C(C)C,CCN(C(=O)c1cc(F)ccc1Oc1nncnc1N1CCC2(C1)CN([C@H](CCN(C)CCOC)C(C)C)C2)C(C)C,CCN(C(=O)c1cc(F)ccc1Oc1nncnc1N1CCC2(C1)CN([C@H](CCN(C)CCOC)C(C)C)C2)C(C)C,KULFKOSGOPOVKV-AREMUKBSSA-N,KULFKOSGOPOVKV-AREMUKBSSA-N,standardized,0.0,False,2.0,strict_exact,exact_point_estimate,moderate_100nM_to_1uM,False,True,IC50,biochemical_binding,False,0.6017265283122858,0.9699316763802035,0.23577235639095306,COCC(=O)O[C@]1(CCN(C)CCCc2nc3ccccc3[nH]2)CCc2cc(F)ccc2[C@@H]1C(C)C,False,medium
STR-7A2E8FB7325B12C5539B,IC50,biochemical_binding,1,2,1,2,1,0,0,6.2958494831602,6.2958494831602,6.2958494831602,506.0,506.0,IC50,1,inhibitory_potency,1,biochemical_binding,1,ChEMBL;PubChem,CHEMBL5994720,Menin,2021,=,CNC(=O)O[C@@H]1CCC[C@H]1C(C#N)(c1ccccc1)C1CCN(CC2CN(c3ccc(C(F)(F)F)cc3)C2)CC1,CNC(=O)O[C@@H]1CCC[C@H]1C(C#N)(c1ccccc1)C1CCN(CC2CN(c3ccc(C(F)(F)F)cc3)C2)CC1,CNC(=O)O[C@@H]1CCC[C@H]1C(C#N)(c1ccccc1)C1CCN(CC2CN(c3ccc(C(F)(F)F)cc3)C2)CC1,CNC(=O)O[C@@H]1CCC[C@H]1C(C#N)(c1ccccc1)C1CCN(CC2CN(c3ccc(C(F)(F)F)cc3)C2)CC1,QWSJUONIFZYYTB-QWKOWPTQSA-N,QWSJUONIFZYYTB-QWKOWPTQSA-N,standardized,0.0,False,2.0,strict_exact,exact_point_estimate,moderate_100nM_to_1uM,False,True,IC50,biochemical_binding,False,0.47497265742444206,0.9981919288882288,0.32258063554763794,Cn1cccc1CNC(=O)CC1CCN(Cc2ccn(-c3ccc(C(F)(F)F)cc3)c2)CC1,True,medium
STR-0A56438F09B3E75AAE8B,IC50,biochemical_binding,2,2,0,1,2,0,0,6.2941901470183845,6.366531544420413,6.221848749616356,515.0,430.0,IC50,1,inhibitory_potency,1,biochemical_binding,1,ChEMBL,CHEMBL3586089,Menin,2015;2024,=,CCCc1cc2c(N3CCN(C4=NCC(C)(C)S4)CC3)ncnc2s1,CCCc1cc2c(N3CCN(C4=NCC(C)(C)S4)CC3)ncnc2s1,CCCc1cc2c(N3CCN(C4=NCC(C)(C)S4)CC3)ncnc2s1,CCCc1cc2c(N3CCN(C4=NCC(C)(C)S4)CC3)ncnc2s1,SRQYLNYQAPCPIR-UHFFFAOYSA-N,SRQYLNYQAPCPIR-UHFFFAOYSA-N,standardized,0.1446827948040567,False,2.0,strict_exact,exact_point_estimate,moderate_100nM_to_1uM,False,True,IC50,biochemical_binding,False,0.9749546945423271,0.1689003283552406,0.2083333283662796,C=Cc1c(N)ncnc1N1CCC(c2nc(-c3ccc(F)c(C(F)(F)F)c3)cn2CCN(C)C)CC1,False,high
STR-5C1522C845914F088582,IC50,biochemical_binding,1,1,0,1,1,0,0,6.292429823902063,6.292429823902063,6.292429823902063,510.0,510.0,IC50,1,inhibitory_potency,1,biochemical_binding,1,PubChem,156531803,Menin,2026,=,CCN(C(=O)c1cc(F)ccc1Oc1nncnc1N1CCC2(C1)CN([C@H](C[C@@H](CN(C)C)OC)C(C)C)C2)C(C)C,CCN(C(C)C)C(=O)C1=C(C=CC(=C1)F)OC2=C(N=CN=N2)N3CCC4(C3)CN(C4)[C@H](C[C@@H](CN(C)C)OC)C(C)C,CCN(C(=O)c1cc(F)ccc1Oc1nncnc1N1CCC2(C1)CN([C@H](C[C@@H](CN(C)C)OC)C(C)C)C2)C(C)C,CCN(C(=O)c1cc(F)ccc1Oc1nncnc1N1CCC2(C1)CN([C@H](C[C@@H](CN(C)C)OC)C(C)C)C2)C(C)C,LPQSXRARPNKWLW-AZGAKELHSA-N,LPQSXRARPNKWLW-AZGAKELHSA-N,standardized,0.0,False,2.0,strict_exact,exact_point_estimate,moderate_100nM_to_1uM,False,True,IC50,biochemical_binding,False,0.7206315254792275,0.8545888851424379,0.23076923191547394,COc1nccnc1[C@H](C)C1=C(CCN(C)C)Cc2cc(F)ccc21,False,high
STR-C07EE6A6B313BC7131B8,IC50,biochemical_binding,1,1,0,1,1,0,0,6.292429823902063,6.292429823902063,6.292429823902063,510.0,510.0,IC50,1,inhibitory_potency,1,biochemical_binding,1,PubChem,156531587,Menin,2026,=,CC(C)C(CCCN(C)C)N1CC2(CCN(c3ccnnc3Oc3ccc(F)cc3C(=O)N(C(C)C)C(C)C)C2)C1,CC(C)C(CCCN(C)C)N1CC2(C1)CCN(C2)C3=C(N=NC=C3)OC4=C(C=C(C=C4)F)C(=O)N(C(C)C)C(C)C,CC(C)C(CCCN(C)C)N1CC2(CCN(c3ccnnc3Oc3ccc(F)cc3C(=O)N(C(C)C)C(C)C)C2)C1,CC(C)C(CCCN(C)C)N1CC2(CCN(c3ccnnc3Oc3ccc(F)cc3C(=O)N(C(C)C)C(C)C)C2)C1,MMASTHCMDVBHKI-UHFFFAOYSA-N,MMASTHCMDVBHKI-UHFFFAOYSA-N,standardized,0.0,False,2.0,strict_exact,exact_point_estimate,moderate_100nM_to_1uM,False,True,IC50,biochemical_binding,False,0.7971472378974597,0.7275970582545306,0.23711340129375458,COc1nccnc1[C@H](C)C1=C(CCN(C)C)Cc2cc(F)ccc21,False,high
STR-C7777FCF0556D85B0DAB,IC50,biochemical_binding,1,1,0,1,1,0,0,6.292429823902063,6.292429823902063,6.292429823902063,510.0,510.0,IC50,1,inhibitory_potency,1,biochemical_binding,1,PubChem,156531909,Menin,2026,=,CCN(C(=O)c1cc(F)ccc1Oc1nnccc1N1CCC2(C1)CN([C@H](CCCN(C)C)C(C)C)C2)C(C)C,CCN(C(C)C)C(=O)C1=C(C=CC(=C1)F)OC2=C(C=CN=N2)N3CCC4(C3)CN(C4)[C@H](CCCN(C)C)C(C)C,CCN(C(=O)c1cc(F)ccc1Oc1nnccc1N1CCC2(C1)CN([C@H](CCCN(C)C)C(C)C)C2)C(C)C,CCN(C(=O)c1cc(F)ccc1Oc1nnccc1N1CCC2(C1)CN([C@H](CCCN(C)C)C(C)C)C2)C(C)C,WYVZOEWNGVZXJJ-AREMUKBSSA-N,WYVZOEWNGVZXJJ-AREMUKBSSA-N,standardized,0.0,False,2.0,strict_exact,exact_point_estimate,moderate_100nM_to_1uM,False,True,IC50,biochemical_binding,False,0.6507531940655948,0.9333935898351102,0.23000000417232513,COc1nccnc1[C@H](C)C1=C(CCN(C)C)Cc2cc(F)ccc21,False,medium
STR-D669A219C022A29B5DB1,IC50,biochemical_binding,1,1,0,1,1,0,0,6.289036881004725,6.289036881004725,6.289036881004725,514.0,514.0,IC50,1,inhibitory_potency,1,biochemical_binding,1,ChEMBL,CHEMBL2314831,Menin,2013,=,CC(=O)N[C@@H](CCCNC(=N)N)C(=O)N[C@@H](Cc1c[nH]c2ccccc12)C(=O)N[C@H]1CCCCCNC(=O)[C@@H]2CCCN2C(=O)[C@H](CCCNC(=N)N)NC(=O)[C@H](C)NC(=O)[C@@H]2CCCN2C(=O)[C@H](Cc2ccccc2)NC1=O,CC(=O)N[C@@H](CCCNC(=N)N)C(=O)N[C@@H](Cc1c[nH]c2ccccc12)C(=O)N[C@H]1CCCCCNC(=O)[C@@H]2CCCN2C(=O)[C@H](CCCNC(=N)N)NC(=O)[C@H](C)NC(=O)[C@@H]2CCCN2C(=O)[C@H](Cc2ccccc2)NC1=O,CC(=O)N[C@@H](CCCNC(=N)N)C(=O)N[C@@H](Cc1c[nH]c2ccccc12)C(=O)N[C@H]1CCCCCNC(=O)[C@@H]2CCCN2C(=O)[C@H](CCCNC(=N)N)NC(=O)[C@H](C)NC(=O)[C@@H]2CCCN2C(=O)[C@H](Cc2ccccc2)NC1=O,CC(=O)N[C@@H](CCCNC(=N)N)C(=O)N[C@@H](Cc1c[nH]c2ccccc12)C(=O)N[C@H]1CCCCCNC(=O)[C@@H]2CCCN2C(=O)[C@H](CCCNC(=N)N)NC(=O)[C@H](C)NC(=O)[C@@H]2CCCN2C(=O)[C@H](Cc2ccccc2)NC1=O,AZVYVJGEEFXZOQ-NBBYSTNSSA-N,AZVYVJGEEFXZOQ-NBBYSTNSSA-N,standardized,0.0,False,2.0,strict_exact,exact_point_estimate,moderate_100nM_to_1uM,False,True,IC50,biochemical_binding,False,2.6222882598014267e-06,5.240232812764975e-05,0.261904776096344,COC(=O)C(Cc1c[nH]c2ccccc12)NS(=O)(=O)c1ccc(OC2CCCC2)cc1,True,low
STR-FDB4878ADB13F8D5ACDD,IC50,biochemical_binding,2,2,0,1,2,0,0,6.286907087377744,6.537602002101044,6.036212172654444,605.0,290.0,IC50,1,inhibitory_potency,1,biochemical_binding,1,PubChem,156531829,Menin,2026,=,CCN(C(=O)c1cc(F)ccc1Oc1nncnc1N1CCC2(C1)CN(C(C(C)C)C(C)CCN(C)CCOC)C2)C(C)C,CCN(C(C)C)C(=O)C1=C(C=CC(=C1)F)OC2=C(N=CN=N2)N3CCC4(C3)CN(C4)C(C(C)C)C(C)CCN(C)CCOC,CCN(C(=O)c1cc(F)ccc1Oc1nncnc1N1CCC2(C1)CN(C(C(C)C)C(C)CCN(C)CCOC)C2)C(C)C,CCN(C(=O)c1cc(F)ccc1Oc1nncnc1N1CCC2(C1)CN(C(C(C)C)C(C)CCN(C)CCOC)C2)C(C)C,OFPJUOHZMNGSQF-UHFFFAOYSA-N,OFPJUOHZMNGSQF-UHFFFAOYSA-N,standardized,0.5013898294465999,False,2.0,strict_exact,exact_point_estimate,moderate_100nM_to_1uM,False,True,IC50,biochemical_binding,False,0.7401661621926016,0.8264955279468292,0.230158731341362,COCC(=O)O[C@]1(CCN(C)CCCc2nc3ccccc3[nH]2)CCc2cc(F)ccc2[C@@H]1C(C)C,False,high
STR-094F554E2B0D3487D695,IC50,biochemical_binding,2,2,0,1,2,0,0,6.2839966563652006,7.187086643357144,5.380906669373257,2112.5,65.0,IC50,1,inhibitory_potency,1,biochemical_binding,1,PubChem,156498057,Menin,2026,=,CCN(C(=O)c1cc(F)ccc1Oc1nncnc1N1CCC2(C1)CN([C@H](CCCN(C)CC(C)OC)C(C)C)C2)C(C)C,CCN(C(C)C)C(=O)C1=C(C=CC(=C1)F)OC2=C(N=CN=N2)N3CCC4(C3)CN(C4)[C@H](CCCN(C)CC(C)OC)C(C)C,CCN(C(=O)c1cc(F)ccc1Oc1nncnc1N1CCC2(C1)CN([C@H](CCCN(C)CC(C)OC)C(C)C)C2)C(C)C,CCN(C(=O)c1cc(F)ccc1Oc1nncnc1N1CCC2(C1)CN([C@H](CCCN(C)CC(C)OC)C(C)C)C2)C(C)C,SGLVKVDOHBWLEU-MPSNESSQSA-N,SGLVKVDOHBWLEU-MPSNESSQSA-N,standardized,1.8061799739838875,False,2.0,strict_exact,exact_point_estimate,weak_1uM_to_10uM,False,False,IC50,biochemical_binding,False,0.762247629104968,0.7912825291366227,0.230158731341362,COCC(=O)O[C@]1(CCN(C)CCCc2nc3ccccc3[nH]2)CCc2cc(F)ccc2[C@@H]1C(C)C,False,high
STR-FE3645A659C52B524F3A,IC50,biochemical_binding,1,1,0,1,1,0,0,6.276544327964814,6.276544327964814,6.276544327964814,529.0,529.0,IC50,1,inhibitory_potency,1,biochemical_binding,1,ChEMBL,CHEMBL3124953,Menin,2014,=,N#Cc1ccc(OCCCN2CCC([C@](O)(c3ccccc3)C3CCCC3)CC2)cc1,N#Cc1ccc(OCCCN2CCC([C@](O)(c3ccccc3)C3CCCC3)CC2)cc1,N#Cc1ccc(OCCCN2CCC([C@](O)(c3ccccc3)C3CCCC3)CC2)cc1,N#Cc1ccc(OCCCN2CCC([C@](O)(c3ccccc3)C3CCCC3)CC2)cc1,QBITUTDDFZQXDO-MHZLTWQESA-N,QBITUTDDFZQXDO-MHZLTWQESA-N,standardized,0.0,False,2.0,strict_exact,exact_point_estimate,moderate_100nM_to_1uM,False,True,IC50,biochemical_binding,False,0.9949506979971374,0.04579084193335443,0.4035087823867798,c1ccc(-c2ccc(OCCCCCN3CCCCCC3)cc2)cc1,True,high
STR-1098388DEC1F7C6AA87D,IC50,biochemical_binding,1,1,0,1,1,0,0,6.275724130399211,6.275724130399211,6.275724130399211,530.0,530.0,IC50,1,inhibitory_potency,1,biochemical_binding,1,ChEMBL,CHEMBL5557705,Menin,2024,=,Nc1ncnc2c1c(-c1ccc(F)cc1)cn2C1CCN(CC2CN(c3ccc(S(=O)(=O)C4CCC4)cc3)C2)CC1,Nc1ncnc2c1c(-c1ccc(F)cc1)cn2C1CCN(CC2CN(c3ccc(S(=O)(=O)C4CCC4)cc3)C2)CC1,Nc1ncnc2c1c(-c1ccc(F)cc1)cn2C1CCN(CC2CN(c3ccc(S(=O)(=O)C4CCC4)cc3)C2)CC1,Nc1ncnc2c1c(-c1ccc(F)cc1)cn2C1CCN(CC2CN(c3ccc(S(=O)(=O)C4CCC4)cc3)C2)CC1,VGZVOSFYAKUYAO-UHFFFAOYSA-N,VGZVOSFYAKUYAO-UHFFFAOYSA-N,standardized,0.0,False,2.0,strict_exact,exact_point_estimate,moderate_100nM_to_1uM,False,True,IC50,biochemical_binding,False,0.96555405258713,0.21621993854099297,0.3478260934352875,COC(=O)N[C@H]1CC[C@@H](n2cc(-c3ccc(Cl)c(N)c3)c3c(N)ncnc32)CC1,True,high
STR-978644C1BF9EC9F346BF,IC50,biochemical_binding,1,2,1,2,1,0,0,6.268411234813261,6.268411234813261,6.268411234813261,539.0,539.0,IC50,1,inhibitory_potency,1,biochemical_binding,1,ChEMBL;PubChem,CHEMBL5979798,Menin,2021,=,CNC(=O)O[C@@H]1CCC[C@H]1C(Cn1ccnc1C)(c1cccc(F)c1)C1CCN(CC2CN(c3ccc(Cl)cc3)C2)CC1,CNC(=O)O[C@@H]1CCC[C@H]1C(Cn1ccnc1C)(c1cccc(F)c1)C1CCN(CC2CN(c3ccc(Cl)cc3)C2)CC1,CNC(=O)O[C@@H]1CCC[C@H]1C(Cn1ccnc1C)(c1cccc(F)c1)C1CCN(CC2CN(c3ccc(Cl)cc3)C2)CC1,CNC(=O)O[C@@H]1CCC[C@H]1C(Cn1ccnc1C)(c1cccc(F)c1)C1CCN(CC2CN(c3ccc(Cl)cc3)C2)CC1,VYTCGCANNASGQW-OLPGJYTKSA-N,VYTCGCANNASGQW-OLPGJYTKSA-N,standardized,0.0,False,2.0,strict_exact,exact_point_estimate,moderate_100nM_to_1uM,False,True,IC50,biochemical_binding,False,0.43241352952386486,0.9867793032774704,0.2752293646335602,O=C(COc1cccc(Cl)c1)NC1CCN(Cc2ccn(-c3ccc(C(F)(F)F)cc3)c2)CC1,True,medium
STR-12C3D4D6515C28A44080,IC50,biochemical_binding,1,1,0,1,1,0,0,6.267606240177031,6.267606240177031,6.267606240177031,540.0,540.0,IC50,1,inhibitory_potency,1,biochemical_binding,1,PubChem,156532051,Menin,2026,=,CCN(C(=O)c1cc(F)ccc1Oc1nncnc1N1CCC2(C1)CN([C@H](CCN(C)CCO)C(C)C)C2)C(C)C,CCN(C(C)C)C(=O)C1=C(C=CC(=C1)F)OC2=C(N=CN=N2)N3CCC4(C3)CN(C4)[C@H](CCN(C)CCO)C(C)C,CCN(C(=O)c1cc(F)ccc1Oc1nncnc1N1CCC2(C1)CN([C@H](CCN(C)CCO)C(C)C)C2)C(C)C,CCN(C(=O)c1cc(F)ccc1Oc1nncnc1N1CCC2(C1)CN([C@H](CCN(C)CCO)C(C)C)C2)C(C)C,GWPRNMSEPYWIOB-RUZDIDTESA-N,GWPRNMSEPYWIOB-RUZDIDTESA-N,standardized,0.0,False,2.0,strict_exact,exact_point_estimate,moderate_100nM_to_1uM,False,True,IC50,biochemical_binding,False,0.26629846139813407,0.8361028712863734,0.2321428507566452,CC(Oc1ccc(S(C)(=O)=O)cc1C(=O)N1CCN(c2ncc(C(F)(F)F)cc2Cl)CC1)C(F)(F)F,False,low
STR-B362D479FEC6A2A08BC5,IC50,biochemical_binding,1,1,0,1,1,0,0,6.259637310505756,6.259637310505756,6.259637310505756,550.0,550.0,IC50,1,inhibitory_potency,1,biochemical_binding,1,PubChem,168720908,Menin,2026,=,CC(C)[C@@H](CCC(N)=O)N1CC2(CCN(c3ncnnc3Oc3ccc(F)cc3-c3cncnc3C3CC3)C2)C1,CC(C)[C@@H](CCC(=O)N)N1CC2(C1)CCN(C2)C3=C(N=NC=N3)OC4=C(C=C(C=C4)F)C5=CN=CN=C5C6CC6,CC(C)[C@@H](CCC(N)=O)N1CC2(CCN(c3ncnnc3Oc3ccc(F)cc3-c3cncnc3C3CC3)C2)C1,CC(C)[C@@H](CCC(N)=O)N1CC2(CCN(c3ncnnc3Oc3ccc(F)cc3-c3cncnc3C3CC3)C2)C1,ONCIPTNPPSWVQS-HSZRJFAPSA-N,ONCIPTNPPSWVQS-HSZRJFAPSA-N,standardized,0.0,False,2.0,strict_exact,exact_point_estimate,moderate_100nM_to_1uM,False,True,IC50,biochemical_binding,False,0.7716669722891325,0.7750940588750537,0.2321428507566452,COc1ccccc1Oc1cccc(CN2CCC3(CC2)CCN(C(=O)c2ccncn2)CC3)c1,False,high
STR-2BD8E1D3643B1EDA4E91,IC50,biochemical_binding,1,2,1,2,1,0,0,6.255707016877324,6.255707016877324,6.255707016877324,555.0,555.0,IC50,1,inhibitory_potency,1,biochemical_binding,1,ChEMBL;PubChem,CHEMBL5815172,Menin,2021,=,CC(=O)N[C@@H]1CCC[C@H]1C(C#N)(c1ccccc1)C1CCN(CC2CN(c3ccc(S(=O)(=O)c4ccncc4)cc3)C2)CC1,CC(=O)N[C@@H]1CCC[C@H]1C(C#N)(c1ccccc1)C1CCN(CC2CN(c3ccc(S(=O)(=O)c4ccncc4)cc3)C2)CC1,CC(=O)N[C@@H]1CCC[C@H]1C(C#N)(c1ccccc1)C1CCN(CC2CN(c3ccc(S(=O)(=O)c4ccncc4)cc3)C2)CC1,CC(=O)N[C@@H]1CCC[C@H]1C(C#N)(c1ccccc1)C1CCN(CC2CN(c3ccc(S(=O)(=O)c4ccncc4)cc3)C2)CC1,QLAKMMMMNNGFLX-ORITWGEGSA-N,QLAKMMMMNNGFLX-ORITWGEGSA-N,standardized,0.0,False,2.0,strict_exact,exact_point_estimate,moderate_100nM_to_1uM,False,True,IC50,biochemical_binding,False,0.06319185029491485,0.3399871774664229,0.27835050225257874,CC(=O)Nc1cccc(N2CCN(CC3CCN(S(=O)(=O)CC4CCCCC4)CC3)CC2)c1,True,low
STR-FA1FDFBE4B94F7A252F5,IC50,biochemical_binding,1,2,1,2,1,0,0,6.249491605148654,6.249491605148654,6.249491605148654,563.0,563.0,IC50,1,inhibitory_potency,1,biochemical_binding,1,ChEMBL;PubChem,CHEMBL5760969,Menin,2021,=,N#CC(c1ccccc1)(C1CCN(CC2CN(c3ccc(S(=O)(=O)c4ccncc4)cc3)C2)CC1)[C@H]1CCC[C@@H]1CO,N#CC(c1ccccc1)(C1CCN(CC2CN(c3ccc(S(=O)(=O)c4ccncc4)cc3)C2)CC1)[C@H]1CCC[C@@H]1CO,N#CC(c1ccccc1)(C1CCN(CC2CN(c3ccc(S(=O)(=O)c4ccncc4)cc3)C2)CC1)[C@H]1CCC[C@@H]1CO,N#CC(c1ccccc1)(C1CCN(CC2CN(c3ccc(S(=O)(=O)c4ccncc4)cc3)C2)CC1)[C@H]1CCC[C@@H]1CO,BIOXWGVAXOLAGN-XYOWXNCWSA-N,BIOXWGVAXOLAGN-XYOWXNCWSA-N,standardized,0.0,False,2.0,strict_exact,exact_point_estimate,moderate_100nM_to_1uM,False,True,IC50,biochemical_binding,False,0.08893563133377576,0.43290707952110513,0.24742268025875092,C[C@@H]1CN(CC2(c3ccncc3)CC2)CCN1S(=O)(=O)c1ccc(C(C)(O)C(F)(F)F)cc1,False,low
STR-AE07246DCCF5CCC9E046,IC50,biochemical_binding,1,2,1,2,1,0,0,6.244887733604928,6.244887733604928,6.244887733604928,569.0,569.0,IC50,1,inhibitory_potency,1,biochemical_binding,1,ChEMBL;PubChem,CHEMBL5949550,Menin,2021,=,COC(=O)N[C@@H]1CCC[C@H]1C(C#N)(c1ccccc1)C1CCN(CC2CN(c3ccc(S(=O)(=O)c4ccncc4)cc3)C2)CC1,COC(=O)N[C@@H]1CCC[C@H]1C(C#N)(c1ccccc1)C1CCN(CC2CN(c3ccc(S(=O)(=O)c4ccncc4)cc3)C2)CC1,COC(=O)N[C@@H]1CCC[C@H]1C(C#N)(c1ccccc1)C1CCN(CC2CN(c3ccc(S(=O)(=O)c4ccncc4)cc3)C2)CC1,COC(=O)N[C@@H]1CCC[C@H]1C(C#N)(c1ccccc1)C1CCN(CC2CN(c3ccc(S(=O)(=O)c4ccncc4)cc3)C2)CC1,MIUPMJHGNQWPQS-ZJACYBTKSA-N,MIUPMJHGNQWPQS-ZJACYBTKSA-N,standardized,0.0,False,2.0,strict_exact,exact_point_estimate,moderate_100nM_to_1uM,False,True,IC50,biochemical_binding,False,0.16116315276085627,0.6370849380725712,0.24752475321292877,CC(=O)Nc1cccc(N2CCN(CC3CCN(S(=O)(=O)CC4CCCCC4)CC3)CC2)c1,False,low
STR-0762484A1F8E76578E66,IC50,biochemical_binding,1,1,0,1,1,0,0,6.236572006437063,6.236572006437063,6.236572006437063,580.0,580.0,IC50,1,inhibitory_potency,1,biochemical_binding,1,PubChem,156532050,Menin,2026,=,CCNCC[C@H](C(C)C)N1CC2(CCN(c3ncnnc3Oc3ccc(F)cc3C(=O)N(CC)C(C)C)C2)C1,CCNCC[C@H](C(C)C)N1CC2(C1)CCN(C2)C3=C(N=NC=N3)OC4=C(C=C(C=C4)F)C(=O)N(CC)C(C)C,CCNCC[C@H](C(C)C)N1CC2(CCN(c3ncnnc3Oc3ccc(F)cc3C(=O)N(CC)C(C)C)C2)C1,CCNCC[C@H](C(C)C)N1CC2(CCN(c3ncnnc3Oc3ccc(F)cc3C(=O)N(CC)C(C)C)C2)C1,IJULCTFIBJORAB-XMMPIXPASA-N,IJULCTFIBJORAB-XMMPIXPASA-N,standardized,0.0,False,2.0,strict_exact,exact_point_estimate,moderate_100nM_to_1uM,False,True,IC50,biochemical_binding,False,0.4490307215575924,0.9924911028974917,0.23893804848194122,O=C(NC1CC1)c1ccc(F)cc1OC[C@@H](O)CN1CCC2(CC1)Cc1cc(Cl)ccc1O2,False,medium
STR-FF5E62E2D34F3B37D670,IC50,biochemical_binding,1,2,1,2,1,0,0,6.231361898752386,6.231361898752386,6.231361898752386,587.0,587.0,IC50,1,inhibitory_potency,1,biochemical_binding,1,ChEMBL;PubChem,CHEMBL5797694,Menin,2021,=,CCN1Cc2ccccc2C(C2CCCC2)(C2CCN(CC3CN(c4ccc(S(=O)(=O)C5CC5)cc4C)C3)CC2)C1,CCN1Cc2ccccc2C(C2CCCC2)(C2CCN(CC3CN(c4ccc(S(=O)(=O)C5CC5)cc4C)C3)CC2)C1,CCN1Cc2ccccc2C(C2CCCC2)(C2CCN(CC3CN(c4ccc(S(=O)(=O)C5CC5)cc4C)C3)CC2)C1,CCN1Cc2ccccc2C(C2CCCC2)(C2CCN(CC3CN(c4ccc(S(=O)(=O)C5CC5)cc4C)C3)CC2)C1,XSRSPWSVWPDUHC-UHFFFAOYSA-N,XSRSPWSVWPDUHC-UHFFFAOYSA-N,standardized,0.0,False,2.0,strict_exact,exact_point_estimate,moderate_100nM_to_1uM,False,True,IC50,biochemical_binding,False,0.9168090524443567,0.41332408489647543,0.2666666805744171,Cc1ccccc1N1CCN(C[C@@H]2CCc3cccnc3[C@@H](O)C2)CC1,True,high
STR-D8D1585BDF74480ED2A1,IC50,biochemical_binding,1,1,0,1,1,0,0,6.229147988357855,6.229147988357855,6.229147988357855,590.0,590.0,IC50,1,inhibitory_potency,1,biochemical_binding,1,PubChem,168720903,Menin,2026,=,CCCN(C)C[C@H](O)C[C@H](C(C)C)N1CC2(CCN(c3ncnnc3Oc3ccc(F)cc3C(=O)N(CC)C(C)C)C2)C1,CCCN(C)C[C@@H](C[C@H](C(C)C)N1CC2(C1)CCN(C2)C3=C(N=NC=N3)OC4=C(C=C(C=C4)F)C(=O)N(CC)C(C)C)O,CCCN(C)C[C@H](O)C[C@H](C(C)C)N1CC2(CCN(c3ncnnc3Oc3ccc(F)cc3C(=O)N(CC)C(C)C)C2)C1,CCCN(C)C[C@H](O)C[C@H](C(C)C)N1CC2(CCN(c3ncnnc3Oc3ccc(F)cc3C(=O)N(CC)C(C)C)C2)C1,HHCHMJCRVXIDBH-XNMGPUDCSA-N,HHCHMJCRVXIDBH-XNMGPUDCSA-N,standardized,0.0,False,2.0,strict_exact,exact_point_estimate,moderate_100nM_to_1uM,False,True,IC50,biochemical_binding,False,0.5990960577101294,0.9714769114893033,0.24074074625968933,O=C(CCc1ccccc1)c1cc(F)ccc1OCC(O)CN1CCN(C(c2ccccc2)c2ccccc2)CC1,False,medium
STR-3EEB6D80F661CEA479BE,IC50,biochemical_binding,1,1,0,1,1,0,0,6.214670164989233,6.214670164989233,6.214670164989233,610.0,610.0,IC50,1,inhibitory_potency,1,biochemical_binding,1,PubChem,156497985,Menin,2026,=,CCN(C(=O)c1cc(F)ccc1Oc1nncnc1N1CCC2(C1)CN([C@H](CCCNCC(F)(F)F)C(C)C)C2)C(C)C,CCN(C(C)C)C(=O)C1=C(C=CC(=C1)F)OC2=C(N=CN=N2)N3CCC4(C3)CN(C4)[C@H](CCCNCC(F)(F)F)C(C)C,CCN(C(=O)c1cc(F)ccc1Oc1nncnc1N1CCC2(C1)CN([C@H](CCCNCC(F)(F)F)C(C)C)C2)C(C)C,CCN(C(=O)c1cc(F)ccc1Oc1nncnc1N1CCC2(C1)CN([C@H](CCCNCC(F)(F)F)C(C)C)C2)C(C)C,VTZXPEJRVKLHFQ-XMMPIXPASA-N,VTZXPEJRVKLHFQ-XMMPIXPASA-N,standardized,0.0,False,2.0,strict_exact,exact_point_estimate,moderate_100nM_to_1uM,False,True,IC50,biochemical_binding,False,0.9526241870926832,0.2751432421559434,0.23275862634181976,CC(Oc1ccc(S(C)(=O)=O)cc1C(=O)N1CCN(c2ncc(C(F)(F)F)cc2Cl)CC1)C(F)(F)F,False,high
STR-D4CCFA73123FE6C43206,IC50,biochemical_binding,1,1,0,1,1,0,0,6.214670164989233,6.214670164989233,6.214670164989233,610.0,610.0,IC50,1,inhibitory_potency,1,biochemical_binding,1,PubChem,156531908,Menin,2026,=,CCN(C(=O)c1cc(F)ccc1Oc1nncnc1N1CCC2(C1)CN([C@H](CCCNC(C)=O)C(C)C)C2)C(C)C,CCN(C(C)C)C(=O)C1=C(C=CC(=C1)F)OC2=C(N=CN=N2)N3CCC4(C3)CN(C4)[C@H](CCCNC(=O)C)C(C)C,CCN(C(=O)c1cc(F)ccc1Oc1nncnc1N1CCC2(C1)CN([C@H](CCCNC(C)=O)C(C)C)C2)C(C)C,CCN(C(=O)c1cc(F)ccc1Oc1nncnc1N1CCC2(C1)CN([C@H](CCCNC(C)=O)C(C)C)C2)C(C)C,MJKJCKNSGHMGKB-RUZDIDTESA-N,MJKJCKNSGHMGKB-RUZDIDTESA-N,standardized,0.0,False,2.0,strict_exact,exact_point_estimate,moderate_100nM_to_1uM,False,True,IC50,biochemical_binding,False,0.4933978723206297,0.9998742277028028,0.22499999403953552,CC(=O)NCCNC(=O)c1ccc(O)cc1OC[C@@H](O)CN1CCC2(CC1)Cc1cc(Cl)ccc1O2,False,medium
STR-4F74C84E1F856F025432,IC50,biochemical_binding,1,2,1,2,1,0,0,6.20551195334083,6.20551195334083,6.20551195334083,623.0,623.0,IC50,1,inhibitory_potency,1,biochemical_binding,1,ChEMBL;PubChem,CHEMBL5863701,Menin,2021,=,CCCC(=O)O[C@H]1CCC[C@@H]1C(C#N)(c1ccccc1)C1CCN(CC2CN(c3ccc(S(=O)(=O)c4ccncc4)cc3)C2)CC1,CCCC(=O)O[C@H]1CCC[C@@H]1C(C#N)(c1ccccc1)C1CCN(CC2CN(c3ccc(S(=O)(=O)c4ccncc4)cc3)C2)CC1,CCCC(=O)O[C@H]1CCC[C@@H]1C(C#N)(c1ccccc1)C1CCN(CC2CN(c3ccc(S(=O)(=O)c4ccncc4)cc3)C2)CC1,CCCC(=O)O[C@H]1CCC[C@@H]1C(C#N)(c1ccccc1)C1CCN(CC2CN(c3ccc(S(=O)(=O)c4ccncc4)cc3)C2)CC1,TWAYYWDSCYXSAC-FWBANIIHSA-N,TWAYYWDSCYXSAC-FWBANIIHSA-N,standardized,0.0,False,2.0,strict_exact,exact_point_estimate,moderate_100nM_to_1uM,False,True,IC50,biochemical_binding,False,0.038728955297271314,0.23643383538586682,0.2574257552623749,CCOC(=O)N1[C@@H]2CC[C@H]1C[C@H](CN1CC[C@H](N3C(=O)Cc4ccccc43)C1)C2,False,low
STR-87B669664B96EE395F24,IC50,biochemical_binding,1,1,0,1,1,0,0,6.187086643357144,6.187086643357144,6.187086643357144,650.0,650.0,IC50,1,inhibitory_potency,1,biochemical_binding,1,ChEMBL,CHEMBL3696180,Menin,2015,=,CC(C)c1cc2c(N3CCN(C4=NCC(C)(C)S4)CC3)ncnc2s1,CC(C)c1cc2c(N3CCN(C4=NCC(C)(C)S4)CC3)ncnc2s1,CC(C)c1cc2c(N3CCN(C4=NCC(C)(C)S4)CC3)ncnc2s1,CC(C)c1cc2c(N3CCN(C4=NCC(C)(C)S4)CC3)ncnc2s1,FUGQNAUKABUDQI-UHFFFAOYSA-N,FUGQNAUKABUDQI-UHFFFAOYSA-N,standardized,0.0,False,2.0,strict_exact,exact_point_estimate,moderate_100nM_to_1uM,False,True,IC50,biochemical_binding,False,0.9835202991200451,0.12119019981876483,0.20430107414722443,CC(C)c1c(N)ncnc1N1CCC(c2nc(-c3ccc(F)c(C(F)(F)F)c3)cn2CCN2CCC2)CC1,False,high
STR-6B0BEC7CA952AA3F373C,IC50,biochemical_binding,2,2,0,2,2,0,0,6.180830262794661,6.187086643357144,6.174573882232177,659.5,650.0,IC50,1,inhibitory_potency,1,biochemical_binding,1,ChEMBL;PubChem,132104734;CHEMBL4537683,Menin,2019;2023,=,N#Cc1ccc(N2CCC(N3CCC(C4(C5CCCC5)NCCc5ccccc54)CC3)CC2)cc1,N#Cc1ccc(N2CCC(N3CCC(C4(C5CCCC5)NCCc5ccccc54)CC3)CC2)cc1,N#Cc1ccc(N2CCC(N3CCC(C4(C5CCCC5)NCCc5ccccc54)CC3)CC2)cc1,N#Cc1ccc(N2CCC(N3CCC(C4(C5CCCC5)NCCc5ccccc54)CC3)CC2)cc1,CIOJAPDJRIHTLV-UHFFFAOYSA-N,CIOJAPDJRIHTLV-UHFFFAOYSA-N,standardized,0.0125127611249675,False,2.0,strict_exact,exact_point_estimate,moderate_100nM_to_1uM,False,True,IC50,biochemical_binding,False,0.9939134458997457,0.05355226743691587,0.30434781312942505,O[C@H]1Cc2ccccc2C2(CCC(N3CCN(C4CCCCC4)CC3)CC2)O1,True,high
STR-EA13E0E552A0CD3E6E3D,IC50,biochemical_binding,1,1,0,1,1,0,0,6.180456064458131,6.180456064458131,6.180456064458131,660.0,660.0,IC50,1,inhibitory_potency,1,biochemical_binding,1,PubChem,156531925,Menin,2026,=,CCN(C(=O)c1cc(F)ccc1Oc1nncnc1N1CCC2(C1)CN([C@H](CCN(C)CCCOC)C(C)C)C2)C(C)C,CCN(C(C)C)C(=O)C1=C(C=CC(=C1)F)OC2=C(N=CN=N2)N3CCC4(C3)CN(C4)[C@H](CCN(C)CCCOC)C(C)C,CCN(C(=O)c1cc(F)ccc1Oc1nncnc1N1CCC2(C1)CN([C@H](CCN(C)CCCOC)C(C)C)C2)C(C)C,CCN(C(=O)c1cc(F)ccc1Oc1nncnc1N1CCC2(C1)CN([C@H](CCN(C)CCCOC)C(C)C)C2)C(C)C,BTNDEECGZVREQL-HHHXNRCGSA-N,BTNDEECGZVREQL-HHHXNRCGSA-N,standardized,0.0,False,2.0,strict_exact,exact_point_estimate,moderate_100nM_to_1uM,False,True,IC50,biochemical_binding,False,0.7453445998296601,0.8185737213602573,0.2520325183868408,COCC(=O)O[C@]1(CCN(C)CCCc2nc3ccccc3[nH]2)CCc2cc(F)ccc2[C@@H]1C(C)C,False,high
STR-45F69269A2FAE7DAA4C0,IC50,biochemical_binding,1,1,0,1,1,0,0,6.1771783546968955,6.1771783546968955,6.1771783546968955,665.0,665.0,IC50,1,inhibitory_potency,1,biochemical_binding,1,ChEMBL,CHEMBL2315084,Menin,2013,=,C[C@@H]1NC(=O)[C@@H]2CCCN2C(=O)[C@H](Cc2ccccc2)NC(=O)[C@@H](N)CCCCCCCCNC(=O)[C@@H]2CCCN2C(=O)[C@H](CCCNC(=N)N)NC1=O,C[C@@H]1NC(=O)[C@@H]2CCCN2C(=O)[C@H](Cc2ccccc2)NC(=O)[C@@H](N)CCCCCCCCNC(=O)[C@@H]2CCCN2C(=O)[C@H](CCCNC(=N)N)NC1=O,C[C@@H]1NC(=O)[C@@H]2CCCN2C(=O)[C@H](Cc2ccccc2)NC(=O)[C@@H](N)CCCCCCCCNC(=O)[C@@H]2CCCN2C(=O)[C@H](CCCNC(=N)N)NC1=O,C[C@@H]1NC(=O)[C@@H]2CCCN2C(=O)[C@H](Cc2ccccc2)NC(=O)[C@@H](N)CCCCCCCCNC(=O)[C@@H]2CCCN2C(=O)[C@H](CCCNC(=N)N)NC1=O,BGSALHZPAQZAHJ-PUEDFKRLSA-N,BGSALHZPAQZAHJ-PUEDFKRLSA-N,standardized,0.0,False,2.0,strict_exact,exact_point_estimate,moderate_100nM_to_1uM,False,True,IC50,biochemical_binding,False,0.0010651726326622725,0.012054157567295623,0.20618556439876556,C[C@H]1OC2(CCN(CCc3ccccc3)CC2)CN(C2CC2)C1=O,False,low
STR-23383202A04EDA946CD9,IC50,biochemical_binding,1,1,0,1,1,0,0,6.17134010346468,6.17134010346468,6.17134010346468,674.0,674.0,IC50,1,inhibitory_potency,1,biochemical_binding,1,ChEMBL,CHEMBL3613790,Menin,2015,=,CC1(C)CN=C(N2CCN(c3ncnc4sc(C(F)(F)C(F)(F)F)cc34)CC2)S1,CC1(C)CN=C(N2CCN(c3ncnc4sc(C(F)(F)C(F)(F)F)cc34)CC2)S1,CC1(C)CN=C(N2CCN(c3ncnc4sc(C(F)(F)C(F)(F)F)cc34)CC2)S1,CC1(C)CN=C(N2CCN(c3ncnc4sc(C(F)(F)C(F)(F)F)cc34)CC2)S1,GFFCPACLFKCZTI-UHFFFAOYSA-N,GFFCPACLFKCZTI-UHFFFAOYSA-N,standardized,0.0,False,2.0,strict_exact,exact_point_estimate,moderate_100nM_to_1uM,False,True,IC50,biochemical_binding,False,0.9918601442552456,0.06819236136597535,0.22580644488334656,CN(C)CCn1cc(-c2ccc(F)c(C(F)(F)F)c2)nc1C1CCN(c2ncnc(N)c2C2CC2)CC1,False,high
STR-B8749C56BFCE6CE70125,IC50,biochemical_binding,1,2,1,2,1,0,0,6.154901959985743,6.154901959985743,6.154901959985743,700.0,700.0,IC50,1,inhibitory_potency,1,biochemical_binding,1,ChEMBL;PubChem,CHEMBL5831465,Menin,2021,=,N#Cc1ccc(OCCCN2CC=C(C3(C4CCCC4)NCCc4ccccc43)CC2)cc1,N#Cc1ccc(OCCCN2CC=C(C3(C4CCCC4)NCCc4ccccc43)CC2)cc1,N#Cc1ccc(OCCCN2CC=C(C3(C4CCCC4)NCCc4ccccc43)CC2)cc1,N#Cc1ccc(OCCCN2CC=C(C3(C4CCCC4)NCCc4ccccc43)CC2)cc1,FSIIEINNYSWZTA-UHFFFAOYSA-N,FSIIEINNYSWZTA-UHFFFAOYSA-N,standardized,0.0,False,2.0,strict_exact,exact_point_estimate,moderate_100nM_to_1uM,False,True,IC50,biochemical_binding,False,0.9995069851535511,0.006127395890943729,0.2957746386528015,c1ccc(-c2ccc(OCCCCCN3CCCCCC3)cc2)cc1,True,high
STR-F03E892587D35D6246F0,IC50,biochemical_binding,1,1,0,1,1,0,0,6.136677139879544,6.136677139879544,6.136677139879544,730.0,730.0,IC50,1,inhibitory_potency,1,biochemical_binding,1,ChEMBL,CHEMBL5518084,Menin,2024,=,CS(=O)(=O)c1ccc(N2CC(CN3CCC(n4cc(-c5ccc(F)cc5)c5c(N)ncnc54)CC3)C2)cc1,CS(=O)(=O)c1ccc(N2CC(CN3CCC(n4cc(-c5ccc(F)cc5)c5c(N)ncnc54)CC3)C2)cc1,CS(=O)(=O)c1ccc(N2CC(CN3CCC(n4cc(-c5ccc(F)cc5)c5c(N)ncnc54)CC3)C2)cc1,CS(=O)(=O)c1ccc(N2CC(CN3CCC(n4cc(-c5ccc(F)cc5)c5c(N)ncnc54)CC3)C2)cc1,QIWZRZHLLPGWLB-UHFFFAOYSA-N,QIWZRZHLLPGWLB-UHFFFAOYSA-N,standardized,0.0,False,2.0,strict_exact,exact_point_estimate,moderate_100nM_to_1uM,False,True,IC50,biochemical_binding,False,0.8962809596466139,0.4806750144567965,0.375,COC(=O)N[C@H]1CC[C@@H](n2cc(-c3ccc(Cl)c(N)c3)c3c(N)ncnc32)CC1,True,high
STR-025D3FCF7FCF0D4F8D78,IC50,biochemical_binding,1,2,1,2,1,0,0,6.110138278741811,6.110138278741811,6.110138278741811,776.0,776.0,IC50,1,inhibitory_potency,1,biochemical_binding,1,ChEMBL;PubChem,CHEMBL6034245,Menin,2021,=,CNC(=O)O[C@@H]1CCC[C@H]1C(C#N)(c1ccccc1)C1CCN(CC2CN(c3ccc(C(C)(C)C)cc3)C2)CC1,CNC(=O)O[C@@H]1CCC[C@H]1C(C#N)(c1ccccc1)C1CCN(CC2CN(c3ccc(C(C)(C)C)cc3)C2)CC1,CNC(=O)O[C@@H]1CCC[C@H]1C(C#N)(c1ccccc1)C1CCN(CC2CN(c3ccc(C(C)(C)C)cc3)C2)CC1,CNC(=O)O[C@@H]1CCC[C@H]1C(C#N)(c1ccccc1)C1CCN(CC2CN(c3ccc(C(C)(C)C)cc3)C2)CC1,JSUYFSVTAJSTRY-INJIGVFBSA-N,JSUYFSVTAJSTRY-INJIGVFBSA-N,standardized,0.0,False,2.0,strict_exact,exact_point_estimate,moderate_100nM_to_1uM,False,True,IC50,biochemical_binding,False,0.3469159693011025,0.931283555410166,0.3333333432674408,CC(C)(C)c1ccc(C(O)CCCN2CCC(C(O)(c3ccccc3)c3ccccc3)CC2)cc1,True,medium
STR-09F928DB426380AF84D4,IC50,biochemical_binding,1,1,0,1,1,0,0,6.108462542327436,6.108462542327436,6.108462542327436,779.0,779.0,IC50,1,inhibitory_potency,1,biochemical_binding,1,ChEMBL,CHEMBL3612085,Menin,2015,=,Cc1nnc(N2CCN(c3ncnc4sc(CC(F)(F)F)cc34)CC2)s1,Cc1nnc(N2CCN(c3ncnc4sc(CC(F)(F)F)cc34)CC2)s1,Cc1nnc(N2CCN(c3ncnc4sc(CC(F)(F)F)cc34)CC2)s1,Cc1nnc(N2CCN(c3ncnc4sc(CC(F)(F)F)cc34)CC2)s1,WDNNGANTDITWSR-UHFFFAOYSA-N,WDNNGANTDITWSR-UHFFFAOYSA-N,standardized,0.0,False,2.0,strict_exact,exact_point_estimate,moderate_100nM_to_1uM,False,True,IC50,biochemical_binding,False,0.7565915409364687,0.8006626304220406,0.21978022158145905,CON=C1CCC(CN2CCN(c3nc(=O)c4cc(C(F)(F)F)cc([N+](=O)[O-])c4s3)CC2)CC1,False,high
STR-E57E8CADFAE7EC8E946F,IC50,biochemical_binding,1,2,1,2,1,0,0,6.09799710864927,6.09799710864927,6.09799710864927,798.0,798.0,IC50,1,inhibitory_potency,1,biochemical_binding,1,ChEMBL;PubChem,CHEMBL6000049,Menin,2021,=,CNC(=O)O[C@H]1CCC[C@@H]1C(Cn1ccnc1)(c1ccccc1)C1CCN(C(=O)CCCc2ccc(C#N)cc2)CC1,CNC(=O)O[C@H]1CCC[C@@H]1C(Cn1ccnc1)(c1ccccc1)C1CCN(C(=O)CCCc2ccc(C#N)cc2)CC1,CNC(=O)O[C@H]1CCC[C@@H]1C(Cn1ccnc1)(c1ccccc1)C1CCN(C(=O)CCCc2ccc(C#N)cc2)CC1,CNC(=O)O[C@H]1CCC[C@@H]1C(Cn1ccnc1)(c1ccccc1)C1CCN(C(=O)CCCc2ccc(C#N)cc2)CC1,ZJMWNJPJHVUUOU-FVVNGJPMSA-N,ZJMWNJPJHVUUOU-FVVNGJPMSA-N,standardized,0.0,False,2.0,strict_exact,exact_point_estimate,moderate_100nM_to_1uM,False,True,IC50,biochemical_binding,False,0.1702176413492663,0.6582024079231055,0.27358490228652954,N#Cc1ccc(CCN2CCC(Nc3nc4ccccc4n3Cc3ccc(C(=O)O)cc3)CC2)cc1,True,low
STR-7B5EB163620F94C0875D,IC50,biochemical_binding,1,2,1,2,1,0,0,6.096910013008056,6.096910013008056,6.096910013008056,800.0,800.0,IC50,1,inhibitory_potency,1,biochemical_binding,1,ChEMBL;PubChem,CHEMBL6045737,Menin,2021,=,CCS(=O)(=O)c1ccc(N2CC(CN3CCC(C4(CC(C)(C)C)NCCc5ccccc54)CC3)C2)cc1,CCS(=O)(=O)c1ccc(N2CC(CN3CCC(C4(CC(C)(C)C)NCCc5ccccc54)CC3)C2)cc1,CCS(=O)(=O)c1ccc(N2CC(CN3CCC(C4(CC(C)(C)C)NCCc5ccccc54)CC3)C2)cc1,CCS(=O)(=O)c1ccc(N2CC(CN3CCC(C4(CC(C)(C)C)NCCc5ccccc54)CC3)C2)cc1,ZETOFVYAXMCZED-UHFFFAOYSA-N,ZETOFVYAXMCZED-UHFFFAOYSA-N,standardized,0.0,False,2.0,strict_exact,exact_point_estimate,moderate_100nM_to_1uM,False,True,IC50,biochemical_binding,False,0.7193394848194021,0.856349248471136,0.25531914830207825,CCOC(=O)N1CCC(CN2CCC3(CC2)CN(S(C)(=O)=O)c2ncccc23)CC1,False,high
STR-71838C80D2086E8D3D84,IC50,biochemical_binding,1,2,1,2,1,0,0,6.095825631715837,6.095825631715837,6.095825631715837,802.0,802.0,IC50,1,inhibitory_potency,1,biochemical_binding,1,ChEMBL;PubChem,CHEMBL5978236,Menin,2021,=,O=S(=O)(c1ccc(CCN2CCc3cc(C4(C5CCCC5)NCCc5ccccc54)ccc3C2)cc1)C1CC1,O=S(=O)(c1ccc(CCN2CCc3cc(C4(C5CCCC5)NCCc5ccccc54)ccc3C2)cc1)C1CC1,O=S(=O)(c1ccc(CCN2CCc3cc(C4(C5CCCC5)NCCc5ccccc54)ccc3C2)cc1)C1CC1,O=S(=O)(c1ccc(CCN2CCc3cc(C4(C5CCCC5)NCCc5ccccc54)ccc3C2)cc1)C1CC1,DCFAFOPDABDFMB-UHFFFAOYSA-N,DCFAFOPDABDFMB-UHFFFAOYSA-N,standardized,0.0,False,2.0,strict_exact,exact_point_estimate,moderate_100nM_to_1uM,False,True,IC50,biochemical_binding,False,0.9975793311283383,0.02452458554424035,0.2574257552623749,N#Cc1ccc2c(c1)CCN(CC[C@H]1CC[C@H](NC(=O)c3ccnc4ccccc34)CC1)C2,False,high
STR-33470FA3D63C6644B384,IC50,biochemical_binding,1,2,1,2,1,0,0,6.087777943467584,6.087777943467584,6.087777943467584,817.0,817.0,IC50,1,inhibitory_potency,1,biochemical_binding,1,ChEMBL;PubChem,CHEMBL5914143,Menin,2021,=,CC(=O)NCC(c1ccccc1)(C1CCCC1)C1CCN(CCCOc2ccc(C#N)cc2)CC1,CC(=O)NCC(c1ccccc1)(C1CCCC1)C1CCN(CCCOc2ccc(C#N)cc2)CC1,CC(=O)NCC(c1ccccc1)(C1CCCC1)C1CCN(CCCOc2ccc(C#N)cc2)CC1,CC(=O)NCC(c1ccccc1)(C1CCCC1)C1CCN(CCCOc2ccc(C#N)cc2)CC1,HARZFUBTMNYAFY-UHFFFAOYSA-N,HARZFUBTMNYAFY-UHFFFAOYSA-N,standardized,0.0,False,2.0,strict_exact,exact_point_estimate,moderate_100nM_to_1uM,False,True,IC50,biochemical_binding,False,0.9779354358568371,0.15288062973185942,0.34328359365463257,c1ccc(-c2ccc(OCCCCCN3CCCCCC3)cc2)cc1,True,high
STR-BAB280176B241974F757,IC50,biochemical_binding,1,2,1,2,1,0,0,6.086716098239581,6.086716098239581,6.086716098239581,819.0,819.0,IC50,1,inhibitory_potency,1,biochemical_binding,1,ChEMBL;PubChem,CHEMBL5831645,Menin,2021,=,COC(=O)N[C@@H]1CCC[C@H]1C(C#N)(c1ccccc1)C1CCN(CC2CN(c3ccc(S(=O)(=O)c4ccccc4)cc3)C2)CC1,COC(=O)N[C@@H]1CCC[C@H]1C(C#N)(c1ccccc1)C1CCN(CC2CN(c3ccc(S(=O)(=O)c4ccccc4)cc3)C2)CC1,COC(=O)N[C@@H]1CCC[C@H]1C(C#N)(c1ccccc1)C1CCN(CC2CN(c3ccc(S(=O)(=O)c4ccccc4)cc3)C2)CC1,COC(=O)N[C@@H]1CCC[C@H]1C(C#N)(c1ccccc1)C1CCN(CC2CN(c3ccc(S(=O)(=O)c4ccccc4)cc3)C2)CC1,NIKCFGNIXVGTAN-INSQSLAKSA-N,NIKCFGNIXVGTAN-INSQSLAKSA-N,standardized,0.0,False,2.0,strict_exact,exact_point_estimate,moderate_100nM_to_1uM,False,True,IC50,biochemical_binding,False,0.5038164827672542,0.9999579723251821,0.2604166567325592,CC(=O)Nc1cccc(N2CCN(CC3CCN(S(=O)(=O)CC4CCCCC4)CC3)CC2)c1,True,medium
STR-7F0EE35F1AAF9EE0E75E,IC50,biochemical_binding,1,2,1,2,1,0,0,6.0835460514500745,6.0835460514500745,6.0835460514500745,825.0,825.0,IC50,1,inhibitory_potency,1,biochemical_binding,1,ChEMBL;PubChem,CHEMBL6006273,Menin,2021,=,N#Cc1ccc(N2CC(CN3CCC(C4(C5CCCC5)NCCc5ccccc54)CC3)C2)cn1,N#Cc1ccc(N2CC(CN3CCC(C4(C5CCCC5)NCCc5ccccc54)CC3)C2)cn1,N#Cc1ccc(N2CC(CN3CCC(C4(C5CCCC5)NCCc5ccccc54)CC3)C2)cn1,N#Cc1ccc(N2CC(CN3CCC(C4(C5CCCC5)NCCc5ccccc54)CC3)C2)cn1,SEUJXWSEWVMDIE-UHFFFAOYSA-N,SEUJXWSEWVMDIE-UHFFFAOYSA-N,standardized,0.0,False,2.0,strict_exact,exact_point_estimate,moderate_100nM_to_1uM,False,True,IC50,biochemical_binding,False,0.7602087755718332,0.7946929205019335,0.25287356972694397,O[C@H]1C[C@H](CN2CCC(c3ccccc3Cl)CC2)CCc2cccnc21,False,high
STR-0B5E0ED39466F3487654,IC50,biochemical_binding,1,1,0,1,1,0,0,6.080921907623926,6.080921907623926,6.080921907623926,830.0,830.0,IC50,1,inhibitory_potency,1,biochemical_binding,1,ChEMBL,CHEMBL4216333,Menin,2018,=,NCC(CCN1CC=C(c2ccc(Cl)cc2)CC1)(c1ccccc1)C1CCCC1,NCC(CCN1CC=C(c2ccc(Cl)cc2)CC1)(c1ccccc1)C1CCCC1,NCC(CCN1CC=C(c2ccc(Cl)cc2)CC1)(c1ccccc1)C1CCCC1,NCC(CCN1CC=C(c2ccc(Cl)cc2)CC1)(c1ccccc1)C1CCCC1,ROBJDFLYWHJESD-UHFFFAOYSA-N,ROBJDFLYWHJESD-UHFFFAOYSA-N,standardized,0.0,False,2.0,strict_exact,exact_point_estimate,moderate_100nM_to_1uM,False,True,IC50,biochemical_binding,False,0.99643795043947,0.034100210017913225,0.3012048304080963,COC(=O)C(CCCN1CC=C(c2ccccc2OC)CC1)(c1ccc(Br)cc1)C(C)C,True,high
STR-A3C1FA82D6E93CA9057E,IC50,biochemical_binding,1,2,1,2,1,0,0,6.072116589669293,6.072116589669293,6.072116589669293,847.0,847.0,IC50,1,inhibitory_potency,1,biochemical_binding,1,ChEMBL;PubChem,CHEMBL5899357,Menin,2021,=,N#Cc1ccc2c(c1)CCN(C(=O)CN1CCC(C3(C4CCCC4)NCCc4ccccc43)CC1)C2,N#Cc1ccc2c(c1)CCN(C(=O)CN1CCC(C3(C4CCCC4)NCCc4ccccc43)CC1)C2,N#Cc1ccc2c(c1)CCN(C(=O)CN1CCC(C3(C4CCCC4)NCCc4ccccc43)CC1)C2,N#Cc1ccc2c(c1)CCN(C(=O)CN1CCC(C3(C4CCCC4)NCCc4ccccc43)CC1)C2,ZZZYFPVOQWDRRJ-UHFFFAOYSA-N,ZZZYFPVOQWDRRJ-UHFFFAOYSA-N,standardized,0.0,False,2.0,strict_exact,exact_point_estimate,moderate_100nM_to_1uM,False,True,IC50,biochemical_binding,False,0.9430766970447387,0.31510852314835675,0.3478260934352875,N#Cc1ccc2c(c1)CCN(CC[C@H]1CC[C@H](NC(=O)c3ccnc4ccccc34)CC1)C2,True,high
STR-3DF232D656AC9EFDA4D4,IC50,biochemical_binding,1,2,1,2,1,0,0,6.071092309756047,6.071092309756047,6.071092309756047,849.0,849.0,IC50,1,inhibitory_potency,1,biochemical_binding,1,ChEMBL;PubChem,CHEMBL5842314,Menin,2021,=,CNC(=O)O[C@@H]1CCC[C@H]1C(C#N)(c1ccccc1)C1CCN(CC2CN(c3ccc(S(=O)(=O)c4cnn(C)c4)cc3)C2)CC1,CNC(=O)O[C@@H]1CCC[C@H]1C(C#N)(c1ccccc1)C1CCN(CC2CN(c3ccc(S(=O)(=O)c4cnn(C)c4)cc3)C2)CC1,CNC(=O)O[C@@H]1CCC[C@H]1C(C#N)(c1ccccc1)C1CCN(CC2CN(c3ccc(S(=O)(=O)c4cnn(C)c4)cc3)C2)CC1,CNC(=O)O[C@@H]1CCC[C@H]1C(C#N)(c1ccccc1)C1CCN(CC2CN(c3ccc(S(=O)(=O)c4cnn(C)c4)cc3)C2)CC1,FTEVZAMYIRYPOL-OLPGJYTKSA-N,FTEVZAMYIRYPOL-OLPGJYTKSA-N,standardized,0.0,False,2.0,strict_exact,exact_point_estimate,moderate_100nM_to_1uM,False,True,IC50,biochemical_binding,False,0.015028117664847764,0.11253042037826994,0.24074074625968933,Cn1cccc1CNC(=O)CC1CCN(Cc2ccn(-c3ccc(C(F)(F)F)cc3)c2)CC1,False,low
STR-F1E7C121ED0AA1CBD4E4,IC50,biochemical_binding,1,2,1,2,1,0,0,6.069050968832477,6.069050968832477,6.069050968832477,853.0,853.0,IC50,1,inhibitory_potency,1,biochemical_binding,1,ChEMBL;PubChem,CHEMBL5999058,Menin,2021,=,N#CC(c1ccccc1)(C1CCN(CC2CN(c3ccc(S(=O)(=O)c4ccncc4)cc3)C2)CC1)[C@@H]1CCC[C@H]1OC(=O)C1CC1,N#CC(c1ccccc1)(C1CCN(CC2CN(c3ccc(S(=O)(=O)c4ccncc4)cc3)C2)CC1)[C@@H]1CCC[C@H]1OC(=O)C1CC1,N#CC(c1ccccc1)(C1CCN(CC2CN(c3ccc(S(=O)(=O)c4ccncc4)cc3)C2)CC1)[C@@H]1CCC[C@H]1OC(=O)C1CC1,N#CC(c1ccccc1)(C1CCN(CC2CN(c3ccc(S(=O)(=O)c4ccncc4)cc3)C2)CC1)[C@@H]1CCC[C@H]1OC(=O)C1CC1,QSXVPAMGQSDCKK-ANOPSCNCSA-N,QSXVPAMGQSDCKK-ANOPSCNCSA-N,standardized,0.0,False,2.0,strict_exact,exact_point_estimate,moderate_100nM_to_1uM,False,True,IC50,biochemical_binding,False,0.022154307643227296,0.15337125205227395,0.2450980395078659,C[C@@H]1CN(CC2(c3ccncc3)CC2)CCN1S(=O)(=O)c1ccc(C(C)(O)C(F)(F)F)cc1,False,low
STR-D6B8ADC97BD5868798A4,IC50,biochemical_binding,1,1,0,1,1,0,0,6.060480747381382,6.060480747381382,6.060480747381382,870.0,870.0,IC50,1,inhibitory_potency,1,biochemical_binding,1,PubChem,156531827,Menin,2026,=,CCN(C(=O)c1cc(F)ccc1Oc1nncnc1N1CCC2(C1)CN([C@H](CCC(C)(C)NC(C)=O)C(C)C)C2)C(C)C,CCN(C(C)C)C(=O)C1=C(C=CC(=C1)F)OC2=C(N=CN=N2)N3CCC4(C3)CN(C4)[C@H](CCC(C)(C)NC(=O)C)C(C)C,CCN(C(=O)c1cc(F)ccc1Oc1nncnc1N1CCC2(C1)CN([C@H](CCC(C)(C)NC(C)=O)C(C)C)C2)C(C)C,CCN(C(=O)c1cc(F)ccc1Oc1nncnc1N1CCC2(C1)CN([C@H](CCC(C)(C)NC(C)=O)C(C)C)C2)C(C)C,RJSZBKHEUVGMIS-AREMUKBSSA-N,RJSZBKHEUVGMIS-AREMUKBSSA-N,standardized,0.0,False,2.0,strict_exact,exact_point_estimate,moderate_100nM_to_1uM,False,True,IC50,biochemical_binding,False,0.3044816440493028,0.886700429149847,0.22608695924282074,CC(Oc1ccc(S(C)(=O)=O)cc1C(=O)N1CCN(c2ncc(C(F)(F)F)cc2Cl)CC1)C(F)(F)F,False,medium
STR-F2582153AFECCA17E433,IC50,biochemical_binding,1,1,0,1,1,0,0,6.055517327849831,6.055517327849831,6.055517327849831,880.0,880.0,IC50,1,inhibitory_potency,1,biochemical_binding,1,PubChem,156531943,Menin,2026,=,CCN(C(=O)c1cc(F)ccc1Oc1nncnc1N1CCC2(C1)CN([C@H](CCNCC(N)=O)C(C)C)C2)C(C)C,CCN(C(C)C)C(=O)C1=C(C=CC(=C1)F)OC2=C(N=CN=N2)N3CCC4(C3)CN(C4)[C@H](CCNCC(=O)N)C(C)C,CCN(C(=O)c1cc(F)ccc1Oc1nncnc1N1CCC2(C1)CN([C@H](CCNCC(N)=O)C(C)C)C2)C(C)C,CCN(C(=O)c1cc(F)ccc1Oc1nncnc1N1CCC2(C1)CN([C@H](CCNCC(N)=O)C(C)C)C2)C(C)C,AVBSOWWICXPCBV-HSZRJFAPSA-N,AVBSOWWICXPCBV-HSZRJFAPSA-N,standardized,0.0,False,2.0,strict_exact,exact_point_estimate,moderate_100nM_to_1uM,False,True,IC50,biochemical_binding,False,0.1989979812011764,0.7199195249609844,0.23275862634181976,NC(=O)Nc1ccc(F)cc1OC[C@@H](O)CN1CCC2(CC1)Cc1cc(Cl)ccc1O2,False,low
STR-30D1E5B8E9867EA8DE8A,IC50,biochemical_binding,1,2,1,2,1,0,0,6.055024091587953,6.055024091587953,6.055024091587953,881.0,881.0,IC50,1,inhibitory_potency,1,biochemical_binding,1,ChEMBL;PubChem,CHEMBL5985951,Menin,2021,=,CNC(=O)N[C@@H]1CCC[C@H]1C(C#N)(c1ccccc1)C1CCN(CC2CN(c3ccc(S(=O)(=O)c4ccncc4)cc3)C2)CC1,CNC(=O)N[C@@H]1CCC[C@H]1C(C#N)(c1ccccc1)C1CCN(CC2CN(c3ccc(S(=O)(=O)c4ccncc4)cc3)C2)CC1,CNC(=O)N[C@@H]1CCC[C@H]1C(C#N)(c1ccccc1)C1CCN(CC2CN(c3ccc(S(=O)(=O)c4ccncc4)cc3)C2)CC1,CNC(=O)N[C@@H]1CCC[C@H]1C(C#N)(c1ccccc1)C1CCN(CC2CN(c3ccc(S(=O)(=O)c4ccncc4)cc3)C2)CC1,DUTWQEQSHXCWOC-ZJACYBTKSA-N,DUTWQEQSHXCWOC-ZJACYBTKSA-N,standardized,0.0,False,2.0,strict_exact,exact_point_estimate,moderate_100nM_to_1uM,False,True,IC50,biochemical_binding,False,0.03701225354391276,0.22842163821250502,0.24752475321292877,CC(=O)Nc1cccc(N2CCN(CC3CCN(S(=O)(=O)CC4CCCCC4)CC3)CC2)c1,False,low
STR-C52DE5B6B6E8022BCAB7,IC50,biochemical_binding,1,2,1,2,1,0,0,6.047207556955907,6.047207556955907,6.047207556955907,897.0,897.0,IC50,1,inhibitory_potency,1,biochemical_binding,1,ChEMBL;PubChem,CHEMBL6000963,Menin,2021,=,N#CC(c1ccccc1)(C1CCN(CC2CN(c3ccc(S(=O)(=O)c4ccncc4)cc3)C2)CC1)[C@H]1CCC[C@@H]1CCO,N#CC(c1ccccc1)(C1CCN(CC2CN(c3ccc(S(=O)(=O)c4ccncc4)cc3)C2)CC1)[C@H]1CCC[C@@H]1CCO,N#CC(c1ccccc1)(C1CCN(CC2CN(c3ccc(S(=O)(=O)c4ccncc4)cc3)C2)CC1)[C@H]1CCC[C@@H]1CCO,N#CC(c1ccccc1)(C1CCN(CC2CN(c3ccc(S(=O)(=O)c4ccncc4)cc3)C2)CC1)[C@H]1CCC[C@@H]1CCO,RNQZRPANRSVYKS-MTUARQITSA-N,RNQZRPANRSVYKS-MTUARQITSA-N,standardized,0.0,False,2.0,strict_exact,exact_point_estimate,moderate_100nM_to_1uM,False,True,IC50,biochemical_binding,False,0.13536754883497004,0.5719770617998208,0.24242424964904785,C[C@@H]1CN(CC2(c3ccncc3)CC2)CCN1S(=O)(=O)c1ccc(C(C)(O)C(F)(F)F)cc1,False,low
STR-4699291DA7C1B49340A3,IC50,biochemical_binding,1,1,0,1,1,0,0,6.045757490560675,6.045757490560675,6.045757490560675,900.0,900.0,IC50,1,inhibitory_potency,1,biochemical_binding,1,PubChem,156531774,Menin,2026,=,CCN(C)C[C@@H](O)C[C@H](C(C)C)N1CC2(CCN(c3ncnnc3Oc3ccc(F)cc3C(=O)N(C(C)C)C(C)C)C2)C1,CCN(C)C[C@H](C[C@H](C(C)C)N1CC2(C1)CCN(C2)C3=C(N=NC=N3)OC4=C(C=C(C=C4)F)C(=O)N(C(C)C)C(C)C)O,CCN(C)C[C@@H](O)C[C@H](C(C)C)N1CC2(CCN(c3ncnnc3Oc3ccc(F)cc3C(=O)N(C(C)C)C(C)C)C2)C1,CCN(C)C[C@@H](O)C[C@H](C(C)C)N1CC2(CCN(c3ncnnc3Oc3ccc(F)cc3C(=O)N(C(C)C)C(C)C)C2)C1,HBSNMUDWKGGMQS-AHKZPQOWSA-N,HBSNMUDWKGGMQS-AHKZPQOWSA-N,standardized,0.0,False,2.0,strict_exact,exact_point_estimate,moderate_100nM_to_1uM,False,True,IC50,biochemical_binding,False,0.6860079699184519,0.8977279540659739,0.24528302252292633,O=C(CCc1ccccc1)c1cc(F)ccc1OCC(O)CN1CCN(C(c2ccccc2)c2ccccc2)CC1,False,medium
STR-60B002C5D9DEC34E0C3B,IC50,biochemical_binding,1,2,1,2,1,0,0,6.040958607678906,6.040958607678906,6.040958607678906,910.0,910.0,IC50,1,inhibitory_potency,1,biochemical_binding,1,ChEMBL;PubChem,CHEMBL6032910,Menin,2021,=,N#Cc1ccc(N2CC(CN3CCC(C4(C5CCCC5)CN(C5COC5)Cc5ccccc54)CC3)C2)cc1,N#Cc1ccc(N2CC(CN3CCC(C4(C5CCCC5)CN(C5COC5)Cc5ccccc54)CC3)C2)cc1,N#Cc1ccc(N2CC(CN3CCC(C4(C5CCCC5)CN(C5COC5)Cc5ccccc54)CC3)C2)cc1,N#Cc1ccc(N2CC(CN3CCC(C4(C5CCCC5)CN(C5COC5)Cc5ccccc54)CC3)C2)cc1,HECBUTCUDJPOKZ-UHFFFAOYSA-N,HECBUTCUDJPOKZ-UHFFFAOYSA-N,standardized,0.0,False,2.0,strict_exact,exact_point_estimate,moderate_100nM_to_1uM,False,True,IC50,biochemical_binding,False,0.9606797738920718,0.2391667232982079,0.25555557012557983,C[C@]12CCCC[C@H]1C[C@@H](N1CCC[C@@H](N)C1)[C@@H]2Oc1ccc(C#N)cc1,False,high
STR-10AE5FE75F08293C000F,IC50,biochemical_binding,1,1,0,1,1,0,0,6.013228265733755,6.013228265733755,6.013228265733755,970.0,970.0,IC50,1,inhibitory_potency,1,biochemical_binding,1,PubChem,156531373,Menin,2026,=,CCN(C(=O)c1cc(F)ccc1Oc1nncnc1N1CCC2(C1)CN([C@H](CN)C(C)C)C2)C(C)C,CCN(C(C)C)C(=O)C1=C(C=CC(=C1)F)OC2=C(N=CN=N2)N3CCC4(C3)CN(C4)[C@H](CN)C(C)C,CCN(C(=O)c1cc(F)ccc1Oc1nncnc1N1CCC2(C1)CN([C@H](CN)C(C)C)C2)C(C)C,CCN(C(=O)c1cc(F)ccc1Oc1nncnc1N1CCC2(C1)CN([C@H](CN)C(C)C)C2)C(C)C,DCWOLQRIQKZEQR-OAQYLSRUSA-N,DCWOLQRIQKZEQR-OAQYLSRUSA-N,standardized,0.0,False,2.0,strict_exact,exact_point_estimate,moderate_100nM_to_1uM,False,True,IC50,biochemical_binding,False,0.20886840200926166,0.7393141567233186,0.23529411852359772,O=C(CCc1ccccc1)c1cc(F)ccc1OCC(O)CN1CCN(C(c2ccccc2)c2ccccc2)CC1,False,low
STR-65405A355B35D329B436,IC50,biochemical_binding,1,2,1,2,1,0,0,6.0,6.0,6.0,1000.0,1000.0,IC50,1,inhibitory_potency,1,biochemical_binding,1,ChEMBL;PubChem,CHEMBL5838828,Menin,2021,=,CCC(=O)O[C@@H]1CCC[C@H]1C(C#N)(c1ccccc1)C1CCN(CC2CN(c3ccc(S(=O)(=O)c4ccncc4)cc3)C2)CC1,CCC(=O)O[C@@H]1CCC[C@H]1C(C#N)(c1ccccc1)C1CCN(CC2CN(c3ccc(S(=O)(=O)c4ccncc4)cc3)C2)CC1,CCC(=O)O[C@@H]1CCC[C@H]1C(C#N)(c1ccccc1)C1CCN(CC2CN(c3ccc(S(=O)(=O)c4ccncc4)cc3)C2)CC1,CCC(=O)O[C@@H]1CCC[C@H]1C(C#N)(c1ccccc1)C1CCN(CC2CN(c3ccc(S(=O)(=O)c4ccncc4)cc3)C2)CC1,NVRCFDBJZOGQJV-INSQSLAKSA-N,NVRCFDBJZOGQJV-INSQSLAKSA-N,standardized,0.0,False,2.0,strict_exact,exact_point_estimate,moderate_100nM_to_1uM,False,True,IC50,biochemical_binding,False,0.030661343814693518,0.19769769866676043,0.2549019753932953,C[C@@H]1CN(CC2(c3ccncc3)CC2)CCN1S(=O)(=O)c1ccc(C(C)(O)C(F)(F)F)cc1,False,low
STR-13DD6488A0AF0E3C9021,IC50,biochemical_binding,1,1,0,1,1,0,0,5.995678626217357,5.995678626217357,5.995678626217357,1010.0,1010.0,IC50,1,inhibitory_potency,1,biochemical_binding,1,PubChem,156531806,Menin,2026,=,CCN(C)C[C@@H](C[C@H](C(C)C)N1CC2(CCN(c3ncnnc3Oc3ccc(F)cc3C(=O)N(CC)C(C)C)C2)C1)OC,CCN(C)C[C@@H](C[C@H](C(C)C)N1CC2(C1)CCN(C2)C3=C(N=NC=N3)OC4=C(C=C(C=C4)F)C(=O)N(CC)C(C)C)OC,CCN(C)C[C@@H](C[C@H](C(C)C)N1CC2(CCN(c3ncnnc3Oc3ccc(F)cc3C(=O)N(CC)C(C)C)C2)C1)OC,CCN(C)C[C@@H](C[C@H](C(C)C)N1CC2(CCN(c3ncnnc3Oc3ccc(F)cc3C(=O)N(CC)C(C)C)C2)C1)OC,WZDYSMKHVNWSMO-XNMGPUDCSA-N,WZDYSMKHVNWSMO-XNMGPUDCSA-N,standardized,0.0,False,2.0,strict_exact,exact_point_estimate,weak_1uM_to_10uM,False,False,IC50,biochemical_binding,False,0.5478688047419317,0.9933782150748989,0.22857142984867096,COc1nccnc1[C@H](C)C1=C(CCN(C)C)Cc2cc(F)ccc21,False,medium
STR-19CC959BDEEEA861FDD9,IC50,biochemical_binding,1,1,0,1,1,0,0,5.991399828238082,5.991399828238082,5.991399828238082,1020.0,1020.0,IC50,1,inhibitory_potency,1,biochemical_binding,1,PubChem,168720904,Menin,2026,=,CCN(C(=O)c1cc(F)ccc1Oc1nncnc1N1CCC2(C1)CN([C@H](CCCN(C)C[C@H](O)COC)C(C)C)C2)C(C)C,CCN(C(C)C)C(=O)C1=C(C=CC(=C1)F)OC2=C(N=CN=N2)N3CCC4(C3)CN(C4)[C@H](CCCN(C)C[C@@H](COC)O)C(C)C,CCN(C(=O)c1cc(F)ccc1Oc1nncnc1N1CCC2(C1)CN([C@H](CCCN(C)C[C@H](O)COC)C(C)C)C2)C(C)C,CCN(C(=O)c1cc(F)ccc1Oc1nncnc1N1CCC2(C1)CN([C@H](CCCN(C)C[C@H](O)COC)C(C)C)C2)C(C)C,RXDYQQDYECDPEA-XTEPFMGCSA-N,RXDYQQDYECDPEA-XTEPFMGCSA-N,standardized,0.0,False,2.0,strict_exact,exact_point_estimate,weak_1uM_to_10uM,False,False,IC50,biochemical_binding,False,0.39861978462019254,0.9701374923311312,0.24193547666072845,O=C(c1ccc(F)cc1OC[C@@H](O)CN1CCC2(CC1)Cc1cc(Cl)ccc1O2)N1CC[C@H](O)C1,False,medium
STR-88804765D6850674CDE0,IC50,biochemical_binding,1,1,0,1,1,0,0,5.982966660701219,5.982966660701219,5.982966660701219,1040.0,1040.0,IC50,1,inhibitory_potency,1,biochemical_binding,1,ChEMBL,CHEMBL5560342,Menin,2024,=,Nc1ncnc2c1c(-c1ccc(F)cc1)cn2C1CCN(CC2CN(c3ccc(S(=O)(=O)C4CCCC4)cc3)C2)CC1,Nc1ncnc2c1c(-c1ccc(F)cc1)cn2C1CCN(CC2CN(c3ccc(S(=O)(=O)C4CCCC4)cc3)C2)CC1,Nc1ncnc2c1c(-c1ccc(F)cc1)cn2C1CCN(CC2CN(c3ccc(S(=O)(=O)C4CCCC4)cc3)C2)CC1,Nc1ncnc2c1c(-c1ccc(F)cc1)cn2C1CCN(CC2CN(c3ccc(S(=O)(=O)C4CCCC4)cc3)C2)CC1,HNRPGTDGOBOZDJ-UHFFFAOYSA-N,HNRPGTDGOBOZDJ-UHFFFAOYSA-N,standardized,0.0,False,2.0,strict_exact,exact_point_estimate,weak_1uM_to_10uM,False,False,IC50,biochemical_binding,False,0.9752921083574562,0.16711448654278122,0.3478260934352875,COC(=O)N[C@H]1CC[C@@H](n2cc(-c3ccc(Cl)c(N)c3)c3c(N)ncnc32)CC1,True,high
STR-15B6710D6EF043E829A9,IC50,biochemical_binding,1,1,0,1,1,0,0,5.97469413473523,5.97469413473523,5.97469413473523,1060.0,1060.0,IC50,1,inhibitory_potency,1,biochemical_binding,1,ChEMBL,CHEMBL2314826,Menin,2013,=,CC(=O)N[C@@H](Cc1c[nH]c2ccccc12)C(=O)N[C@@H](CCCNC(=N)N)C(=O)N[C@@H](Cc1ccccc1)C(=O)N1CCC[C@H]1C(=O)N[C@@H](C)C(=O)N[C@@H](CCCNC(=N)N)C(=O)N1CCC[C@H]1C(N)=O,CC(=O)N[C@@H](Cc1c[nH]c2ccccc12)C(=O)N[C@@H](CCCNC(=N)N)C(=O)N[C@@H](Cc1ccccc1)C(=O)N1CCC[C@H]1C(=O)N[C@@H](C)C(=O)N[C@@H](CCCNC(=N)N)C(=O)N1CCC[C@H]1C(N)=O,CC(=O)N[C@@H](Cc1c[nH]c2ccccc12)C(=O)N[C@@H](CCCNC(=N)N)C(=O)N[C@@H](Cc1ccccc1)C(=O)N1CCC[C@H]1C(=O)N[C@@H](C)C(=O)N[C@@H](CCCNC(=N)N)C(=O)N1CCC[C@H]1C(N)=O,CC(=O)N[C@@H](Cc1c[nH]c2ccccc12)C(=O)N[C@@H](CCCNC(=N)N)C(=O)N[C@@H](Cc1ccccc1)C(=O)N1CCC[C@H]1C(=O)N[C@@H](C)C(=O)N[C@@H](CCCNC(=N)N)C(=O)N1CCC[C@H]1C(N)=O,CMNOZRCPFNYYJM-XZUOCMGYSA-N,CMNOZRCPFNYYJM-XZUOCMGYSA-N,standardized,0.0,False,2.0,strict_exact,exact_point_estimate,weak_1uM_to_10uM,False,False,IC50,biochemical_binding,False,6.902849575767178e-07,1.5123452556461114e-05,0.29906541109085083,COC(=O)C(Cc1c[nH]c2ccccc12)NS(=O)(=O)c1ccc(OC2CCCC2)cc1,True,low
STR-B1B50BB9C2198BA2F3F2,IC50,biochemical_binding,1,2,1,2,1,0,0,5.97061622231479,5.97061622231479,5.97061622231479,1070.0,1070.0,IC50,1,inhibitory_potency,1,biochemical_binding,1,ChEMBL;PubChem,CHEMBL5878580,Menin,2021,=,C=CS(=O)(=O)N[C@H]1CCC[C@@H]1[C@](C#N)(c1cccc(F)c1)C1CCN(CC2CN(c3ccc(C#N)cc3)C2)CC1,C=CS(=O)(=O)N[C@H]1CCC[C@@H]1[C@](C#N)(c1cccc(F)c1)C1CCN(CC2CN(c3ccc(C#N)cc3)C2)CC1,C=CS(=O)(=O)N[C@H]1CCC[C@@H]1[C@](C#N)(c1cccc(F)c1)C1CCN(CC2CN(c3ccc(C#N)cc3)C2)CC1,C=CS(=O)(=O)N[C@H]1CCC[C@@H]1[C@](C#N)(c1cccc(F)c1)C1CCN(CC2CN(c3ccc(C#N)cc3)C2)CC1,KTUZYRXTVAHZEC-CHQNGUEUSA-N,KTUZYRXTVAHZEC-CHQNGUEUSA-N,standardized,0.0,False,2.0,strict_exact,exact_point_estimate,weak_1uM_to_10uM,False,False,IC50,biochemical_binding,False,0.6075444087750292,0.9663659578841313,0.23999999463558197,CC(=O)Nc1cccc(N2CCN(CC3CCN(S(=O)(=O)CC4CCCCC4)CC3)CC2)c1,False,medium
STR-334A6D2F1631C6ED2448,IC50,biochemical_binding,1,1,0,1,1,0,0,5.958607314841775,5.958607314841775,5.958607314841775,1100.0,1100.0,IC50,1,inhibitory_potency,1,biochemical_binding,1,ChEMBL,CHEMBL3696179,Menin,2015,=,CCc1cc2c(N3CCN(c4nnc(C(F)(F)F)s4)CC3)ncnc2s1,CCc1cc2c(N3CCN(c4nnc(C(F)(F)F)s4)CC3)ncnc2s1,CCc1cc2c(N3CCN(c4nnc(C(F)(F)F)s4)CC3)ncnc2s1,CCc1cc2c(N3CCN(c4nnc(C(F)(F)F)s4)CC3)ncnc2s1,KRHNUCOENKRGON-UHFFFAOYSA-N,KRHNUCOENKRGON-UHFFFAOYSA-N,standardized,0.0,False,2.0,strict_exact,exact_point_estimate,weak_1uM_to_10uM,False,False,IC50,biochemical_binding,False,0.9052226115531337,0.45221821751245783,0.25555557012557983,CCON=C1CCC(CN2CCN(c3nc(=O)c4cc(C(F)(F)F)cc([N+](=O)[O-])c4s3)CC2)CC1,False,high
STR-5324B66A4DD700AAE4E7,IC50,biochemical_binding,1,2,1,2,1,0,0,5.958607314841775,5.958607314841775,5.958607314841775,1100.0,1100.0,IC50,1,inhibitory_potency,1,biochemical_binding,1,ChEMBL;PubChem,CHEMBL5924283,Menin,2021,=,N#Cc1ccc(OCCCN2CCC(C3(C4CCCC4)CNC(=O)c4ccccc43)CC2)cc1,N#Cc1ccc(OCCCN2CCC(C3(C4CCCC4)CNC(=O)c4ccccc43)CC2)cc1,N#Cc1ccc(OCCCN2CCC(C3(C4CCCC4)CNC(=O)c4ccccc43)CC2)cc1,N#Cc1ccc(OCCCN2CCC(C3(C4CCCC4)CNC(=O)c4ccccc43)CC2)cc1,ZJQMJBUZUHDYAS-UHFFFAOYSA-N,ZJQMJBUZUHDYAS-UHFFFAOYSA-N,standardized,0.0,False,2.0,strict_exact,exact_point_estimate,weak_1uM_to_10uM,False,False,IC50,biochemical_binding,False,0.9866577317839582,0.10221351276975213,0.3283582031726837,c1ccc(-c2ccc(OCCCCCN3CCCCCC3)cc2)cc1,True,high
STR-7AD026FDCE816FE46C2A,IC50,biochemical_binding,1,2,1,2,1,0,0,5.958607314841775,5.958607314841775,5.958607314841775,1100.0,1100.0,IC50,1,inhibitory_potency,1,biochemical_binding,1,ChEMBL;PubChem,CHEMBL6041174,Menin,2021,=,N#Cc1cc2cc(CCN3CCC(C4(C5CCCC5)NCCc5ccccc54)CC3)ccc2[nH]1,N#Cc1cc2cc(CCN3CCC(C4(C5CCCC5)NCCc5ccccc54)CC3)ccc2[nH]1,N#Cc1cc2cc(CCN3CCC(C4(C5CCCC5)NCCc5ccccc54)CC3)ccc2[nH]1,N#Cc1cc2cc(CCN3CCC(C4(C5CCCC5)NCCc5ccccc54)CC3)ccc2[nH]1,QAOPABSHJGFSOC-UHFFFAOYSA-N,QAOPABSHJGFSOC-UHFFFAOYSA-N,standardized,0.0,False,2.0,strict_exact,exact_point_estimate,weak_1uM_to_10uM,False,False,IC50,biochemical_binding,False,0.9984061839310658,0.017109366659598804,0.38461539149284363,N#Cc1ccc(CCN2CCC(Nc3nc4ccccc4[nH]3)CC2)cc1,True,high
STR-D8497B8DD5B2F916727A,IC50,biochemical_binding,1,1,0,1,1,0,0,5.958607314841775,5.958607314841775,5.958607314841775,1100.0,1100.0,IC50,1,inhibitory_potency,1,biochemical_binding,1,ChEMBL,CHEMBL4453547,Menin,2019,=,CCCC(=O)O[C@H]1CCC[C@@H]1[C@](C#N)(c1ccccc1)C1CCN(CC2CN(c3ccc(C#N)cc3)C2)CC1,CCCC(=O)O[C@H]1CCC[C@@H]1[C@](C#N)(c1ccccc1)C1CCN(CC2CN(c3ccc(C#N)cc3)C2)CC1,CCCC(=O)O[C@H]1CCC[C@@H]1[C@](C#N)(c1ccccc1)C1CCN(CC2CN(c3ccc(C#N)cc3)C2)CC1,CCCC(=O)O[C@H]1CCC[C@@H]1[C@](C#N)(c1ccccc1)C1CCN(CC2CN(c3ccc(C#N)cc3)C2)CC1,HKUPZCLWBVDYRG-MZSJJGOWSA-N,HKUPZCLWBVDYRG-MZSJJGOWSA-N,standardized,0.0,False,2.0,strict_exact,exact_point_estimate,weak_1uM_to_10uM,False,False,IC50,biochemical_binding,False,0.3286108053655912,0.9135007387210551,0.2795698940753937,CCOC(=O)N1[C@@H]2CC[C@H]1C[C@H](CN1CC[C@H](N3C(=O)Cc4ccccc43)C1)C2,True,medium
STR-F56CDB449583E8311074,IC50,biochemical_binding,1,2,1,2,1,0,0,5.958607314841775,5.958607314841775,5.958607314841775,1100.0,1100.0,IC50,1,inhibitory_potency,1,biochemical_binding,1,ChEMBL;PubChem,CHEMBL5794038,Menin,2021,=,N#Cc1ccc(OCCCN2CCC(C3(C4CCC4)NCCc4ccccc43)CC2)cc1,N#Cc1ccc(OCCCN2CCC(C3(C4CCC4)NCCc4ccccc43)CC2)cc1,N#Cc1ccc(OCCCN2CCC(C3(C4CCC4)NCCc4ccccc43)CC2)cc1,N#Cc1ccc(OCCCN2CCC(C3(C4CCC4)NCCc4ccccc43)CC2)cc1,JIYGLKKQGBPTDD-UHFFFAOYSA-N,JIYGLKKQGBPTDD-UHFFFAOYSA-N,standardized,0.0,False,2.0,strict_exact,exact_point_estimate,weak_1uM_to_10uM,False,False,IC50,biochemical_binding,False,0.9986774837372775,0.014553285628743888,0.34375,c1ccc(-c2ccc(OCCCCCN3CCCCCC3)cc2)cc1,True,high
STR-547D0767F033066A0D80,IC50,biochemical_binding,2,2,0,2,2,0,0,5.952764435679177,5.958607314841775,5.94692155651658,1115.0,1100.0,IC50,1,inhibitory_potency,1,biochemical_binding,1,ChEMBL;PubChem,132104733;CHEMBL4448156,Menin,2019;2023,=,O=S(=O)(c1ccncc1)c1ccc(N2CC(CN3CCC(C4(C5CCCC5)CN(Cc5ccncc5)Cc5ccccc54)CC3)C2)cc1,O=S(=O)(c1ccncc1)c1ccc(N2CC(CN3CCC(C4(C5CCCC5)CN(Cc5ccncc5)Cc5ccccc54)CC3)C2)cc1,O=S(=O)(c1ccncc1)c1ccc(N2CC(CN3CCC(C4(C5CCCC5)CN(Cc5ccncc5)Cc5ccccc54)CC3)C2)cc1,O=S(=O)(c1ccncc1)c1ccc(N2CC(CN3CCC(C4(C5CCCC5)CN(Cc5ccncc5)Cc5ccccc54)CC3)C2)cc1,JWEDAQZBBWRXDT-UHFFFAOYSA-N,JWEDAQZBBWRXDT-UHFFFAOYSA-N,standardized,0.0116857583251945,False,2.0,strict_exact,exact_point_estimate,weak_1uM_to_10uM,False,False,IC50,biochemical_binding,False,0.7874844950389384,0.746263601869495,0.24742268025875092,CCOC(=O)N1CCC(CN2CCC3(CC2)CN(S(C)(=O)=O)c2ncccc23)CC1,False,high
STR-B9B055BBCE39C09309A4,IC50,biochemical_binding,1,2,1,2,1,0,0,5.947306058075032,5.947306058075032,5.947306058075032,1129.0,1129.0,IC50,1,inhibitory_potency,1,biochemical_binding,1,ChEMBL;PubChem,CHEMBL6065244,Menin,2021,=,CN(C)C(=O)N[C@@H]1CCC[C@H]1C(Cn1ccnc1)(c1ccccc1)C1CCN(CC2CN(c3ccc(S(=O)(=O)c4cnn(C)c4)cc3)C2)CC1,CN(C)C(=O)N[C@@H]1CCC[C@H]1C(Cn1ccnc1)(c1ccccc1)C1CCN(CC2CN(c3ccc(S(=O)(=O)c4cnn(C)c4)cc3)C2)CC1,CN(C)C(=O)N[C@@H]1CCC[C@H]1C(Cn1ccnc1)(c1ccccc1)C1CCN(CC2CN(c3ccc(S(=O)(=O)c4cnn(C)c4)cc3)C2)CC1,CN(C)C(=O)N[C@@H]1CCC[C@H]1C(Cn1ccnc1)(c1ccccc1)C1CCN(CC2CN(c3ccc(S(=O)(=O)c4cnn(C)c4)cc3)C2)CC1,PUYITSCFEXVUDJ-QAFYHTLISA-N,PUYITSCFEXVUDJ-QAFYHTLISA-N,standardized,0.0,False,2.0,strict_exact,exact_point_estimate,weak_1uM_to_10uM,False,False,IC50,biochemical_binding,False,0.058550773995094,0.3216649664984134,0.23423422873020172,CC(=O)Nc1cccc(N2CCN(CC3CCN(S(=O)(=O)CC4CCCCC4)CC3)CC2)c1,False,low
STR-9AC1D54F9BA0634D1A2E,IC50,biochemical_binding,1,1,0,1,1,0,0,5.943095148663527,5.943095148663527,5.943095148663527,1140.0,1140.0,IC50,1,inhibitory_potency,1,biochemical_binding,1,ChEMBL,CHEMBL5562800,Menin,2024,=,CC(C)(C)OC(=O)N1CC(S(=O)(=O)c2ccc(N3CC(CN4CCC(n5cc(-c6ccc(F)cc6)c6c(N)ncnc65)CC4)C3)cc2)C1,CC(C)(C)OC(=O)N1CC(S(=O)(=O)c2ccc(N3CC(CN4CCC(n5cc(-c6ccc(F)cc6)c6c(N)ncnc65)CC4)C3)cc2)C1,CC(C)(C)OC(=O)N1CC(S(=O)(=O)c2ccc(N3CC(CN4CCC(n5cc(-c6ccc(F)cc6)c6c(N)ncnc65)CC4)C3)cc2)C1,CC(C)(C)OC(=O)N1CC(S(=O)(=O)c2ccc(N3CC(CN4CCC(n5cc(-c6ccc(F)cc6)c6c(N)ncnc65)CC4)C3)cc2)C1,DSWMTMSAWLJZQF-UHFFFAOYSA-N,DSWMTMSAWLJZQF-UHFFFAOYSA-N,standardized,0.0,False,2.0,strict_exact,exact_point_estimate,weak_1uM_to_10uM,False,False,IC50,biochemical_binding,False,0.9087082395471925,0.4407669111025684,0.36000001430511475,COC(=O)N[C@H]1CC[C@@H](n2cc(-c3ccc(Cl)c(N)c3)c3c(N)ncnc32)CC1,True,high
STR-7D0031746A963BBE8268,IC50,biochemical_binding,1,1,0,1,1,0,0,5.939302159646388,5.939302159646388,5.939302159646388,1150.0,1150.0,IC50,1,inhibitory_potency,1,biochemical_binding,1,ChEMBL,CHEMBL2314575,Menin,2013,=,Cc1cccc(C[C@@H]2NC(=O)[C@@H](N)CCCCCCCCNC(=O)[C@@H]3CCCN3C(=O)[C@H](CCCNC(=N)N)NC(=O)C3(CCC3)NC(=O)[C@@H]3CCCN3C2=O)c1,Cc1cccc(C[C@@H]2NC(=O)[C@@H](N)CCCCCCCCNC(=O)[C@@H]3CCCN3C(=O)[C@H](CCCNC(=N)N)NC(=O)C3(CCC3)NC(=O)[C@@H]3CCCN3C2=O)c1,Cc1cccc(C[C@@H]2NC(=O)[C@@H](N)CCCCCCCCNC(=O)[C@@H]3CCCN3C(=O)[C@H](CCCNC(=N)N)NC(=O)C3(CCC3)NC(=O)[C@@H]3CCCN3C2=O)c1,Cc1cccc(C[C@@H]2NC(=O)[C@@H](N)CCCCCCCCNC(=O)[C@@H]3CCCN3C(=O)[C@H](CCCNC(=N)N)NC(=O)C3(CCC3)NC(=O)[C@@H]3CCCN3C2=O)c1,JAZKVVYYSNMTEY-ZTTXAYQISA-N,JAZKVVYYSNMTEY-ZTTXAYQISA-N,standardized,0.0,False,2.0,strict_exact,exact_point_estimate,weak_1uM_to_10uM,False,False,IC50,biochemical_binding,False,0.002708011713749527,0.026996954538895314,0.19548872113227844,Cc1cnn(C)c1-c1cccc([C@H](CC(=O)O)CN2CC[C@@H](CCc3ccc4c(n3)NCCC4)C2)c1,False,low
STR-A801C2BEEB406E6E0F33,IC50,biochemical_binding,1,1,0,1,1,0,0,5.935542010773082,5.935542010773082,5.935542010773082,1160.0,1160.0,IC50,1,inhibitory_potency,1,biochemical_binding,1,PubChem,156531906,Menin,2026,=,CC(C)[C@H](CCC(C)(C)N)N1CC2(CCN(c3ncnnc3Oc3ccc(F)cc3-c3cncnc3C3CC3)C2)C1,CC(C)[C@H](CCC(C)(C)N)N1CC2(C1)CCN(C2)C3=C(N=NC=N3)OC4=C(C=C(C=C4)F)C5=CN=CN=C5C6CC6,CC(C)[C@H](CCC(C)(C)N)N1CC2(CCN(c3ncnnc3Oc3ccc(F)cc3-c3cncnc3C3CC3)C2)C1,CC(C)[C@H](CCC(C)(C)N)N1CC2(CCN(c3ncnnc3Oc3ccc(F)cc3-c3cncnc3C3CC3)C2)C1,QKIUANDYULVCFE-VWLOTQADSA-N,QKIUANDYULVCFE-VWLOTQADSA-N,standardized,0.0,False,2.0,strict_exact,exact_point_estimate,weak_1uM_to_10uM,False,False,IC50,biochemical_binding,False,0.7711367567186068,0.7760244118544686,0.22314049303531647,Cc1nc2cnc(Oc3ccc(F)c4cccnc34)cc2c(=O)n1C[C@H]1CCCN(C(C)C)C1,False,high
STR-072FE59E687806FA7B3E,IC50,biochemical_binding,1,1,0,1,1,0,0,5.920818753952375,5.920818753952375,5.920818753952375,1200.0,1200.0,IC50,1,inhibitory_potency,1,biochemical_binding,1,ChEMBL,CHEMBL3613787,Menin,2015,=,CCc1cc2c(N3CCN(C4=NCC(C)(C)S4)CC3)ncnc2s1,CCc1cc2c(N3CCN(C4=NCC(C)(C)S4)CC3)ncnc2s1,CCc1cc2c(N3CCN(C4=NCC(C)(C)S4)CC3)ncnc2s1,CCc1cc2c(N3CCN(C4=NCC(C)(C)S4)CC3)ncnc2s1,PLPPLEOZEGMVKB-UHFFFAOYSA-N,PLPPLEOZEGMVKB-UHFFFAOYSA-N,standardized,0.0,False,2.0,strict_exact,exact_point_estimate,weak_1uM_to_10uM,False,False,IC50,biochemical_binding,False,0.9758371137308067,0.16421548124225532,0.21739129722118378,CCc1c(N)ncnc1N1CCC(c2nc(-c3ccc(F)c(C(F)(F)F)c3)cn2CCN(C)C)CC1,False,high
STR-27FF42BC0C71603EA440,IC50,biochemical_binding,1,2,1,2,1,0,0,5.920818753952375,5.920818753952375,5.920818753952375,1200.0,1200.0,IC50,1,inhibitory_potency,1,biochemical_binding,1,ChEMBL;PubChem,CHEMBL5851993,Menin,2021,=,N#Cc1ccc2[nH]c(CCN3CCC(C4(C5CCCC5)NCCc5ccccc54)CC3)cc2c1,N#Cc1ccc2[nH]c(CCN3CCC(C4(C5CCCC5)NCCc5ccccc54)CC3)cc2c1,N#Cc1ccc2[nH]c(CCN3CCC(C4(C5CCCC5)NCCc5ccccc54)CC3)cc2c1,N#Cc1ccc2[nH]c(CCN3CCC(C4(C5CCCC5)NCCc5ccccc54)CC3)cc2c1,VVVWPQHNVCZAIX-UHFFFAOYSA-N,VVVWPQHNVCZAIX-UHFFFAOYSA-N,standardized,0.0,False,2.0,strict_exact,exact_point_estimate,weak_1uM_to_10uM,False,False,IC50,biochemical_binding,False,0.9994215971163087,0.007055309422406933,0.3717948794364929,N#Cc1ccc(CCN2CCC(Nc3nc4ccccc4[nH]3)CC2)cc1,True,high
STR-30E7F50211EE28460DBB,IC50,biochemical_binding,1,2,1,2,1,0,0,5.920818753952375,5.920818753952375,5.920818753952375,1200.0,1200.0,IC50,1,inhibitory_potency,1,biochemical_binding,1,ChEMBL;PubChem,CHEMBL5982259,Menin,2021,=,CN(C)C(=O)N[C@@H]1CCC[C@H]1C(C#N)(c1ccccc1)C1CCN(CC2CN(c3ccc(S(=O)(=O)c4ccncc4)cc3)C2)CC1,CN(C)C(=O)N[C@@H]1CCC[C@H]1C(C#N)(c1ccccc1)C1CCN(CC2CN(c3ccc(S(=O)(=O)c4ccncc4)cc3)C2)CC1,CN(C)C(=O)N[C@@H]1CCC[C@H]1C(C#N)(c1ccccc1)C1CCN(CC2CN(c3ccc(S(=O)(=O)c4ccncc4)cc3)C2)CC1,CN(C)C(=O)N[C@@H]1CCC[C@H]1C(C#N)(c1ccccc1)C1CCN(CC2CN(c3ccc(S(=O)(=O)c4ccncc4)cc3)C2)CC1,UGIVOZOCAQIGKH-INSQSLAKSA-N,UGIVOZOCAQIGKH-INSQSLAKSA-N,standardized,0.0,False,2.0,strict_exact,exact_point_estimate,weak_1uM_to_10uM,False,False,IC50,biochemical_binding,False,0.201977123299993,0.7258647613140607,0.2574257552623749,CC(=O)Nc1cccc(N2CCN(CC3CCN(S(=O)(=O)CC4CCCCC4)CC3)CC2)c1,False,low
STR-988E78A954C724A4E918,IC50,biochemical_binding,1,2,1,2,1,0,0,5.920818753952375,5.920818753952375,5.920818753952375,1200.0,1200.0,IC50,1,inhibitory_potency,1,biochemical_binding,1,ChEMBL;PubChem,CHEMBL5943306,Menin,2021,=,CCC(CC)CC1(C2CCN(CCCOc3ccc(C#N)cc3)CC2)NCCc2ccccc21,CCC(CC)CC1(C2CCN(CCCOc3ccc(C#N)cc3)CC2)NCCc2ccccc21,CCC(CC)CC1(C2CCN(CCCOc3ccc(C#N)cc3)CC2)NCCc2ccccc21,CCC(CC)CC1(C2CCN(CCCOc3ccc(C#N)cc3)CC2)NCCc2ccccc21,KFNXXHFHTTWFHE-UHFFFAOYSA-N,KFNXXHFHTTWFHE-UHFFFAOYSA-N,standardized,0.0,False,2.0,strict_exact,exact_point_estimate,weak_1uM_to_10uM,False,False,IC50,biochemical_binding,False,0.9992903998762357,0.008446291628019005,0.30000001192092896,c1ccc(-c2ccc(OCCCCCN3CCCCCC3)cc2)cc1,True,high
STR-D3545E8919D6A24E9EFC,IC50,biochemical_binding,1,2,1,2,1,0,0,5.920818753952375,5.920818753952375,5.920818753952375,1200.0,1200.0,IC50,1,inhibitory_potency,1,biochemical_binding,1,ChEMBL;PubChem,CHEMBL5966519,Menin,2021,=,COC(=O)N[C@@H]1CCC[C@H]1C(C#N)(c1ccccc1)C1CCN(CC2CN(c3ccc(S(=O)(=O)c4cnn(C)c4)cc3)C2)CC1,COC(=O)N[C@@H]1CCC[C@H]1C(C#N)(c1ccccc1)C1CCN(CC2CN(c3ccc(S(=O)(=O)c4cnn(C)c4)cc3)C2)CC1,COC(=O)N[C@@H]1CCC[C@H]1C(C#N)(c1ccccc1)C1CCN(CC2CN(c3ccc(S(=O)(=O)c4cnn(C)c4)cc3)C2)CC1,COC(=O)N[C@@H]1CCC[C@H]1C(C#N)(c1ccccc1)C1CCN(CC2CN(c3ccc(S(=O)(=O)c4cnn(C)c4)cc3)C2)CC1,OZNSRDJOBNUWQA-OLPGJYTKSA-N,OZNSRDJOBNUWQA-OLPGJYTKSA-N,standardized,0.0,False,2.0,strict_exact,exact_point_estimate,weak_1uM_to_10uM,False,False,IC50,biochemical_binding,False,0.09481752193368996,0.4523488648714441,0.2395833283662796,CC(C)(O)c1ccc(C(O)CCCN2CCC(C(O)(c3ccccc3)c3ccccc3)CC2)cc1,False,low
STR-E2810CDE1AAE185A5F80,IC50,biochemical_binding,1,1,0,1,1,0,0,5.913640169325252,5.913640169325252,5.913640169325252,1220.0,1220.0,IC50,1,inhibitory_potency,1,biochemical_binding,1,ChEMBL,CHEMBL5559575,Menin,2024,=,Nc1ncnc2c1c(-c1ccc(F)cc1)cn2C1CCN(CC2CN(c3ccc(S(=O)(=O)c4ccncc4)cc3)C2)CC1,Nc1ncnc2c1c(-c1ccc(F)cc1)cn2C1CCN(CC2CN(c3ccc(S(=O)(=O)c4ccncc4)cc3)C2)CC1,Nc1ncnc2c1c(-c1ccc(F)cc1)cn2C1CCN(CC2CN(c3ccc(S(=O)(=O)c4ccncc4)cc3)C2)CC1,Nc1ncnc2c1c(-c1ccc(F)cc1)cn2C1CCN(CC2CN(c3ccc(S(=O)(=O)c4ccncc4)cc3)C2)CC1,ZKIBAYDJDZFTQT-UHFFFAOYSA-N,ZKIBAYDJDZFTQT-UHFFFAOYSA-N,standardized,0.0,False,2.0,strict_exact,exact_point_estimate,weak_1uM_to_10uM,False,False,IC50,biochemical_binding,False,0.6628366124564676,0.9220783611383723,0.3478260934352875,COC(=O)N[C@H]1CC[C@@H](n2cc(-c3ccc(Cl)c(N)c3)c3c(N)ncnc32)CC1,True,medium
STR-461FB7619E9127A87F14,IC50,biochemical_binding,1,2,1,2,1,0,0,5.886056647693163,5.886056647693163,5.886056647693163,1300.0,1300.0,IC50,1,inhibitory_potency,1,biochemical_binding,1,ChEMBL;PubChem,CHEMBL6065253,Menin,2021,=,c1ccc(OCCCN2CCC(C3(C4CCCC4)NCCc4ccccc43)CC2)cc1,c1ccc(OCCCN2CCC(C3(C4CCCC4)NCCc4ccccc43)CC2)cc1,c1ccc(OCCCN2CCC(C3(C4CCCC4)NCCc4ccccc43)CC2)cc1,c1ccc(OCCCN2CCC(C3(C4CCCC4)NCCc4ccccc43)CC2)cc1,ULJBBAVPBWDHKO-UHFFFAOYSA-N,ULJBBAVPBWDHKO-UHFFFAOYSA-N,standardized,0.0,False,2.0,strict_exact,exact_point_estimate,weak_1uM_to_10uM,False,False,IC50,biochemical_binding,False,0.9989732480432107,0.011673811135182737,0.37288135290145874,c1ccc(-c2ccc(OCCCCCN3CCCCCC3)cc2)cc1,True,high
STR-B91B625C26AF1911063A,IC50,biochemical_binding,1,2,1,2,1,0,0,5.886056647693163,5.886056647693163,5.886056647693163,1300.0,1300.0,IC50,1,inhibitory_potency,1,biochemical_binding,1,ChEMBL;PubChem,CHEMBL5753526,Menin,2021,=,N#Cc1ccc(OCCCN2CCC(C(C#N)(c3ccccc3)C3CCCC3)CC2)cc1,N#Cc1ccc(OCCCN2CCC(C(C#N)(c3ccccc3)C3CCCC3)CC2)cc1,N#Cc1ccc(OCCCN2CCC(C(C#N)(c3ccccc3)C3CCCC3)CC2)cc1,N#Cc1ccc(OCCCN2CCC(C(C#N)(c3ccccc3)C3CCCC3)CC2)cc1,RMQGHEMHHRDOSM-UHFFFAOYSA-N,RMQGHEMHHRDOSM-UHFFFAOYSA-N,standardized,0.0,False,2.0,strict_exact,exact_point_estimate,weak_1uM_to_10uM,False,False,IC50,biochemical_binding,False,0.9964771352503171,0.033781405473791985,0.4035087823867798,c1ccc(-c2ccc(OCCCCCN3CCCCCC3)cc2)cc1,True,high
STR-F5DA1E0A219F4E851CAA,IC50,biochemical_binding,1,1,0,1,1,0,0,5.886056647693163,5.886056647693163,5.886056647693163,1300.0,1300.0,IC50,1,inhibitory_potency,1,biochemical_binding,1,ChEMBL,CHEMBL3696191,Menin,2015,=,CCc1cc2c(NC3CCN(Cc4ccccc4)CC3)ncnc2s1,CCc1cc2c(NC3CCN(Cc4ccccc4)CC3)ncnc2s1,CCc1cc2c(NC3CCN(Cc4ccccc4)CC3)ncnc2s1,CCc1cc2c(NC3CCN(Cc4ccccc4)CC3)ncnc2s1,SYDLODZYNCJFKZ-UHFFFAOYSA-N,SYDLODZYNCJFKZ-UHFFFAOYSA-N,standardized,0.0,False,2.0,strict_exact,exact_point_estimate,weak_1uM_to_10uM,False,False,IC50,biochemical_binding,False,0.93469633491491,0.34814822920555655,0.35211268067359924,FC(F)(F)c1ccc(C(F)(F)CN2CCC(Nc3ncnc4[nH]ncc34)CC2)cc1,True,high
STR-8E158147825BE52377FD,IC50,biochemical_binding,1,1,0,1,1,0,0,5.866461091629782,5.866461091629782,5.866461091629782,1360.0,1360.0,IC50,1,inhibitory_potency,1,biochemical_binding,1,PubChem,168720911,Menin,2026,=,CCN(C(=O)c1cc(F)ccc1Oc1nncnc1N1CCC2(C1)CN([C@@H](C[C@@H](C)CN(C)CCOC)C(C)C)C2)C(C)C,CCN(C(C)C)C(=O)C1=C(C=CC(=C1)F)OC2=C(N=CN=N2)N3CCC4(C3)CN(C4)[C@@H](C[C@@H](C)CN(C)CCOC)C(C)C,CCN(C(=O)c1cc(F)ccc1Oc1nncnc1N1CCC2(C1)CN([C@@H](C[C@@H](C)CN(C)CCOC)C(C)C)C2)C(C)C,CCN(C(=O)c1cc(F)ccc1Oc1nncnc1N1CCC2(C1)CN([C@@H](C[C@@H](C)CN(C)CCOC)C(C)C)C2)C(C)C,GORAKAHLMGAALX-NAKRPHOHSA-N,GORAKAHLMGAALX-NAKRPHOHSA-N,standardized,0.0,False,2.0,strict_exact,exact_point_estimate,weak_1uM_to_10uM,False,False,IC50,biochemical_binding,False,0.6384705803777665,0.9439454033226,0.22429905831813812,COc1nccnc1[C@H](C)C1=C(CCN(C)C)Cc2cc(F)ccc21,False,medium
STR-14DBFF17DA73564FE5B6,IC50,biochemical_binding,1,1,0,1,1,0,0,5.853871964321762,5.853871964321762,5.853871964321762,1400.0,1400.0,IC50,1,inhibitory_potency,1,biochemical_binding,1,ChEMBL,CHEMBL3126195,Menin,2014,=,N#Cc1ccc(OCCCN2CCC([C@](O)(c3cccc(F)c3)c3ccccn3)CC2)cc1,N#Cc1ccc(OCCCN2CCC([C@](O)(c3cccc(F)c3)c3ccccn3)CC2)cc1,N#Cc1ccc(OCCCN2CCC([C@](O)(c3cccc(F)c3)c3ccccn3)CC2)cc1,N#Cc1ccc(OCCCN2CCC([C@](O)(c3cccc(F)c3)c3ccccn3)CC2)cc1,YLADDJNCJBCBJE-MHZLTWQESA-N,YLADDJNCJBCBJE-MHZLTWQESA-N,standardized,0.0,False,2.0,strict_exact,exact_point_estimate,weak_1uM_to_10uM,False,False,IC50,biochemical_binding,False,0.9918823999758247,0.06803810741303659,0.3595505654811859,O=C(c1ccc(F)cc1F)C1CCN(CCCOc2ccc(-c3nc4ccccc4o3)cc2)CC1,True,high
STR-288DA5D629242E618088,IC50,biochemical_binding,1,2,1,2,1,0,0,5.853871964321762,5.853871964321762,5.853871964321762,1400.0,1400.0,IC50,1,inhibitory_potency,1,biochemical_binding,1,ChEMBL;PubChem,CHEMBL5841585,Menin,2021,=,CNC(=O)O[C@@H]1CCC[C@H]1C(CN1CCCC1)(c1ccccc1)C1CCN(CC2CN(c3ccc(S(=O)(=O)c4ccccc4)cc3)C2)CC1,CNC(=O)O[C@@H]1CCC[C@H]1C(CN1CCCC1)(c1ccccc1)C1CCN(CC2CN(c3ccc(S(=O)(=O)c4ccccc4)cc3)C2)CC1,CNC(=O)O[C@@H]1CCC[C@H]1C(CN1CCCC1)(c1ccccc1)C1CCN(CC2CN(c3ccc(S(=O)(=O)c4ccccc4)cc3)C2)CC1,CNC(=O)O[C@@H]1CCC[C@H]1C(CN1CCCC1)(c1ccccc1)C1CCN(CC2CN(c3ccc(S(=O)(=O)c4ccccc4)cc3)C2)CC1,XGFRLKILDHBJKF-XTPKGQMJSA-N,XGFRLKILDHBJKF-XTPKGQMJSA-N,standardized,0.0,False,2.0,strict_exact,exact_point_estimate,weak_1uM_to_10uM,False,False,IC50,biochemical_binding,False,0.2032978574365295,0.7284749771190447,0.2631579041481018,CC(=O)Nc1cccc(N2CCN(CC3CCN(S(=O)(=O)CC4CCCCC4)CC3)CC2)c1,True,low
STR-F7D3FB282E651DA95110,IC50,biochemical_binding,1,2,1,2,1,0,0,5.853871964321762,5.853871964321762,5.853871964321762,1400.0,1400.0,IC50,1,inhibitory_potency,1,biochemical_binding,1,ChEMBL;PubChem,CHEMBL5787094,Menin,2021,=,CN1COCN([C@@H]2CCC[C@H]2C(C#N)(c2ccccc2)C2CCN(CC3CN(c4ccc(S(=O)(=O)c5ccncc5)cc4)C3)CC2)C1=O,CN1COCN([C@@H]2CCC[C@H]2C(C#N)(c2ccccc2)C2CCN(CC3CN(c4ccc(S(=O)(=O)c5ccncc5)cc4)C3)CC2)C1=O,CN1COCN([C@@H]2CCC[C@H]2C(C#N)(c2ccccc2)C2CCN(CC3CN(c4ccc(S(=O)(=O)c5ccncc5)cc4)C3)CC2)C1=O,CN1COCN([C@@H]2CCC[C@H]2C(C#N)(c2ccccc2)C2CCN(CC3CN(c4ccc(S(=O)(=O)c5ccncc5)cc4)C3)CC2)C1=O,UREBWGOENTXZBD-ANOPSCNCSA-N,UREBWGOENTXZBD-ANOPSCNCSA-N,standardized,0.0,False,2.0,strict_exact,exact_point_estimate,weak_1uM_to_10uM,False,False,IC50,biochemical_binding,False,0.060652498450796594,0.33002966724521204,0.24761904776096344,Cn1c(SCCCN2CC3CCN(c4ccccc4)C3C2)nnc1C1CCOCC1,False,low
STR-AFCAFF699394AD12BCC9,IC50,biochemical_binding,1,1,0,1,1,0,0,5.832682665251824,5.832682665251824,5.832682665251824,1470.0,1470.0,IC50,1,inhibitory_potency,1,biochemical_binding,1,ChEMBL,CHEMBL5558500,Menin,2024,=,N#Cc1ccc(N2CC(CN3CCC(n4ccc5c(N)ncnc54)CC3)C2)cc1,N#Cc1ccc(N2CC(CN3CCC(n4ccc5c(N)ncnc54)CC3)C2)cc1,N#Cc1ccc(N2CC(CN3CCC(n4ccc5c(N)ncnc54)CC3)C2)cc1,N#Cc1ccc(N2CC(CN3CCC(n4ccc5c(N)ncnc54)CC3)C2)cc1,UQNLFUSPEKYNDB-UHFFFAOYSA-N,UQNLFUSPEKYNDB-UHFFFAOYSA-N,standardized,0.0,False,2.0,strict_exact,exact_point_estimate,weak_1uM_to_10uM,False,False,IC50,biochemical_binding,False,0.8481368266839576,0.6144833231405273,0.25806450843811035,Cn1c(SCCCN2CC3CCN(c4ccc(C#N)cc4)C3C2)nnc1-c1cnccn1,False,high
STR-0C1D3CBEB06D4D0E10FA,IC50,biochemical_binding,1,1,0,1,1,0,0,5.815308569182401,5.815308569182401,5.815308569182401,1530.0,1530.0,IC50,1,inhibitory_potency,1,biochemical_binding,1,PubChem,156531805,Menin,2026,=,CCN(C(=O)c1cc(F)ccc1Oc1nncnc1N1CCC2(C1)CN([C@H](C[C@H](CN(C)C)OC)C(C)C)C2)C(C)C,CCN(C(C)C)C(=O)C1=C(C=CC(=C1)F)OC2=C(N=CN=N2)N3CCC4(C3)CN(C4)[C@H](C[C@H](CN(C)C)OC)C(C)C,CCN(C(=O)c1cc(F)ccc1Oc1nncnc1N1CCC2(C1)CN([C@H](C[C@H](CN(C)C)OC)C(C)C)C2)C(C)C,CCN(C(=O)c1cc(F)ccc1Oc1nncnc1N1CCC2(C1)CN([C@H](C[C@H](CN(C)C)OC)C(C)C)C2)C(C)C,LPQSXRARPNKWLW-AOYPEHQESA-N,LPQSXRARPNKWLW-AOYPEHQESA-N,standardized,0.0,False,2.0,strict_exact,exact_point_estimate,weak_1uM_to_10uM,False,False,IC50,biochemical_binding,False,0.7206315254792275,0.8545888851424379,0.23076923191547394,COc1nccnc1[C@H](C)C1=C(CCN(C)C)Cc2cc(F)ccc21,False,high
STR-38D78133670C2C6A5AEA,IC50,biochemical_binding,1,2,1,2,1,0,0,5.79317412396815,5.79317412396815,5.79317412396815,1610.0,1610.0,IC50,1,inhibitory_potency,1,biochemical_binding,1,ChEMBL;PubChem,CHEMBL5808983,Menin,2021,=,CC(=O)O[C@H]1CCC[C@@H]1C(C#N)(c1cccc(C(F)(F)F)c1)C1CCN(CC2CN(c3ccc(C#N)cc3)C2)CC1,CC(=O)O[C@H]1CCC[C@@H]1C(C#N)(c1cccc(C(F)(F)F)c1)C1CCN(CC2CN(c3ccc(C#N)cc3)C2)CC1,CC(=O)O[C@H]1CCC[C@@H]1C(C#N)(c1cccc(C(F)(F)F)c1)C1CCN(CC2CN(c3ccc(C#N)cc3)C2)CC1,CC(=O)O[C@H]1CCC[C@@H]1C(C#N)(c1cccc(C(F)(F)F)c1)C1CCN(CC2CN(c3ccc(C#N)cc3)C2)CC1,IQANJWWWYDKCSR-XPZBDPFPSA-N,IQANJWWWYDKCSR-XPZBDPFPSA-N,standardized,0.0,False,2.0,strict_exact,exact_point_estimate,weak_1uM_to_10uM,False,False,IC50,biochemical_binding,False,0.7485286289618301,0.8136018743346763,0.27835050225257874,CC(Oc1ccc(S(C)(=O)=O)cc1C(=O)N1CCN(c2ccc(C#N)cc2)CC1)C(F)(F)F,True,high
STR-F316B31F563C35F0560E,IC50,biochemical_binding,1,1,0,1,1,0,0,5.785156151952302,5.785156151952302,5.785156151952302,1640.0,1640.0,IC50,1,inhibitory_potency,1,biochemical_binding,1,PubChem,156531459,Menin,2026,=,CCCN(C)CCC[C@@H](C(C)C)N1CC2(CCN(c3ncnnc3Oc3ccc(F)cc3C(=O)N(CC)C(C)C)C2)C1,CCCN(C)CCC[C@@H](C(C)C)N1CC2(C1)CCN(C2)C3=C(N=NC=N3)OC4=C(C=C(C=C4)F)C(=O)N(CC)C(C)C,CCCN(C)CCC[C@@H](C(C)C)N1CC2(CCN(c3ncnnc3Oc3ccc(F)cc3C(=O)N(CC)C(C)C)C2)C1,CCCN(C)CCC[C@@H](C(C)C)N1CC2(CCN(c3ncnnc3Oc3ccc(F)cc3C(=O)N(CC)C(C)C)C2)C1,AKEJRDWFJSZNFQ-MHZLTWQESA-N,AKEJRDWFJSZNFQ-MHZLTWQESA-N,standardized,0.0,False,2.0,strict_exact,exact_point_estimate,weak_1uM_to_10uM,False,False,IC50,biochemical_binding,False,0.8182433661178196,0.6839048628633599,0.23966942727565765,COCC(=O)O[C@]1(CCN(C)CCCc2nc3ccccc3[nH]2)CCc2cc(F)ccc2[C@@H]1C(C)C,False,high
STR-C43E9CAC606D3F496EC2,IC50,biochemical_binding,1,1,0,1,1,0,0,5.781727146428553,5.781727146428553,5.781727146428553,1653.0,1653.0,IC50,1,inhibitory_potency,1,biochemical_binding,1,ChEMBL,CHEMBL3613785,Menin,2015,=,FCc1nnc(N2CCN(c3ncnc4sc(CC(F)(F)F)cc34)CC2)s1,FCc1nnc(N2CCN(c3ncnc4sc(CC(F)(F)F)cc34)CC2)s1,FCc1nnc(N2CCN(c3ncnc4sc(CC(F)(F)F)cc34)CC2)s1,FCc1nnc(N2CCN(c3ncnc4sc(CC(F)(F)F)cc34)CC2)s1,CUBGJWXDIQEMAV-UHFFFAOYSA-N,CUBGJWXDIQEMAV-UHFFFAOYSA-N,standardized,0.0,False,2.0,strict_exact,exact_point_estimate,weak_1uM_to_10uM,False,False,IC50,biochemical_binding,False,0.9283396126810731,0.3720895635064875,0.20430107414722443,CON=C1CCC(CN2CCN(c3nc(=O)c4cc(C(F)(F)F)cc([N+](=O)[O-])c4s3)CC2)CC1,False,high
STR-F56D36E1BD6B0DD11077,IC50,biochemical_binding,2,4,2,2,2,0,0,5.77642098432889,6.0,5.552841968657781,1900.0,1000.0,IC50,1,inhibitory_potency,1,biochemical_binding,1,ChEMBL;PubChem,CHEMBL5763872,Menin,2021,=,CC(=O)O[C@@H]1CCC[C@H]1C(C#N)(c1ccccc1)C1CCN(CC2CN(c3ccc(S(=O)(=O)c4ccncc4)cc3)C2)CC1,CC(=O)O[C@@H]1CCC[C@H]1C(C#N)(c1ccccc1)C1CCN(CC2CN(c3ccc(S(=O)(=O)c4ccncc4)cc3)C2)CC1,CC(=O)O[C@@H]1CCC[C@H]1C(C#N)(c1ccccc1)C1CCN(CC2CN(c3ccc(S(=O)(=O)c4ccncc4)cc3)C2)CC1,CC(=O)O[C@@H]1CCC[C@H]1C(C#N)(c1ccccc1)C1CCN(CC2CN(c3ccc(S(=O)(=O)c4ccncc4)cc3)C2)CC1,XVLUCSMHEWTUJD-ORITWGEGSA-N,XVLUCSMHEWTUJD-ORITWGEGSA-N,standardized,0.4471580313422194,False,2.0,strict_exact,exact_point_estimate,weak_1uM_to_10uM,False,False,IC50,biochemical_binding,False,0.04579311847619884,0.26825020668350813,0.25999999046325684,C[C@@H]1CN(CC2(c3ccncc3)CC2)CCN1S(=O)(=O)c1ccc(C(C)(O)C(F)(F)F)cc1,False,low
STR-1C195E0EFD40C42EDEE4,IC50,biochemical_binding,1,2,1,2,1,0,0,5.769551078621726,5.769551078621726,5.769551078621726,1700.0,1700.0,IC50,1,inhibitory_potency,1,biochemical_binding,1,ChEMBL;PubChem,CHEMBL5919834,Menin,2021,=,CC(=O)O[C@@H]1CCC[C@H]1C(C#N)(c1ccccc1)C1CCN(CC2CN(c3ccc(S(=O)(=O)C4CC4)cc3)C2)CC1,CC(=O)O[C@@H]1CCC[C@H]1C(C#N)(c1ccccc1)C1CCN(CC2CN(c3ccc(S(=O)(=O)C4CC4)cc3)C2)CC1,CC(=O)O[C@@H]1CCC[C@H]1C(C#N)(c1ccccc1)C1CCN(CC2CN(c3ccc(S(=O)(=O)C4CC4)cc3)C2)CC1,CC(=O)O[C@@H]1CCC[C@H]1C(C#N)(c1ccccc1)C1CCN(CC2CN(c3ccc(S(=O)(=O)C4CC4)cc3)C2)CC1,DUJVKXCQENCSHD-NWBPNMJXSA-N,DUJVKXCQENCSHD-NWBPNMJXSA-N,standardized,0.0,False,2.0,strict_exact,exact_point_estimate,weak_1uM_to_10uM,False,False,IC50,biochemical_binding,False,0.31025325571405693,0.8934655823113669,0.2631579041481018,CC(=O)Nc1cccc(N2CCN(CC3CCN(S(=O)(=O)CC4CCCCC4)CC3)CC2)c1,True,medium
STR-3B92CACCAFD90E1C78D4,IC50,biochemical_binding,1,1,0,1,1,0,0,5.769551078621726,5.769551078621726,5.769551078621726,1700.0,1700.0,IC50,1,inhibitory_potency,1,biochemical_binding,1,ChEMBL,CHEMBL3126186,Menin,2014,=,N#Cc1ccc(OCCCN2CCC(C(O)(c3ccccc3)C3CCCCC3)CC2)cc1,N#Cc1ccc(OCCCN2CCC(C(O)(c3ccccc3)C3CCCCC3)CC2)cc1,N#Cc1ccc(OCCCN2CCC(C(O)(c3ccccc3)C3CCCCC3)CC2)cc1,N#Cc1ccc(OCCCN2CCC(C(O)(c3ccccc3)C3CCCCC3)CC2)cc1,LBGOREZSMURYIQ-UHFFFAOYSA-N,LBGOREZSMURYIQ-UHFFFAOYSA-N,standardized,0.0,False,2.0,strict_exact,exact_point_estimate,weak_1uM_to_10uM,False,False,IC50,biochemical_binding,False,0.9967597918088046,0.03146259316424138,0.42105263471603394,c1ccc(-c2ccc(OCCCCCN3CCCCCC3)cc2)cc1,True,high
STR-FF0D357DDF873BD2A7D4,IC50,biochemical_binding,1,1,0,1,1,0,0,5.752026733638193,5.752026733638193,5.752026733638193,1770.0,1770.0,IC50,1,inhibitory_potency,1,biochemical_binding,1,PubChem,156531915,Menin,2026,=,CCN(C(=O)c1cc(F)ccc1Oc1nncnc1N1CCC2(C1)CN([C@H](CCN(C)CC(N)=O)C(C)C)C2)C(C)C,CCN(C(C)C)C(=O)C1=C(C=CC(=C1)F)OC2=C(N=CN=N2)N3CCC4(C3)CN(C4)[C@H](CCN(C)CC(=O)N)C(C)C,CCN(C(=O)c1cc(F)ccc1Oc1nncnc1N1CCC2(C1)CN([C@H](CCN(C)CC(N)=O)C(C)C)C2)C(C)C,CCN(C(=O)c1cc(F)ccc1Oc1nncnc1N1CCC2(C1)CN([C@H](CCN(C)CC(N)=O)C(C)C)C2)C(C)C,ZEYKFWJSLKXFKJ-XMMPIXPASA-N,ZEYKFWJSLKXFKJ-XMMPIXPASA-N,standardized,0.0,False,2.0,strict_exact,exact_point_estimate,weak_1uM_to_10uM,False,False,IC50,biochemical_binding,False,0.25907158777557676,0.8253421516485058,0.2222222238779068,NC(=O)Nc1ccc(F)cc1OC[C@@H](O)CN1CCC2(CC1)Cc1cc(Cl)ccc1O2,False,low
STR-0929C2100723D6B883C0,IC50,biochemical_binding,1,1,0,1,1,0,0,5.747146969020107,5.747146969020107,5.747146969020107,1790.0,1790.0,IC50,1,inhibitory_potency,1,biochemical_binding,1,PubChem,156498048,Menin,2026,=,CCN(C(=O)c1cc(F)ccc1Oc1nncnc1N1CCC2(C1)CN([C@H](CCCN(C)C(=O)OC)C(C)C)C2)C(C)C,CCN(C(C)C)C(=O)C1=C(C=CC(=C1)F)OC2=C(N=CN=N2)N3CCC4(C3)CN(C4)[C@H](CCCN(C)C(=O)OC)C(C)C,CCN(C(=O)c1cc(F)ccc1Oc1nncnc1N1CCC2(C1)CN([C@H](CCCN(C)C(=O)OC)C(C)C)C2)C(C)C,CCN(C(=O)c1cc(F)ccc1Oc1nncnc1N1CCC2(C1)CN([C@H](CCCN(C)C(=O)OC)C(C)C)C2)C(C)C,HXSGASRDQBMSKW-RUZDIDTESA-N,HXSGASRDQBMSKW-RUZDIDTESA-N,standardized,0.0,False,2.0,strict_exact,exact_point_estimate,weak_1uM_to_10uM,False,False,IC50,biochemical_binding,False,0.8405591153484577,0.6329702938355274,0.21621622145175934,O=C(CCc1ccccc1)c1cc(F)ccc1OCC(O)CN1CCN(C(c2ccccc2)c2ccccc2)CC1,False,high
STR-DB0E19CA615A608C5F2D,IC50,biochemical_binding,1,2,1,2,1,0,0,5.7447274948966935,5.7447274948966935,5.7447274948966935,1800.0,1800.0,IC50,1,inhibitory_potency,1,biochemical_binding,1,ChEMBL;PubChem,CHEMBL5892911,Menin,2021,=,CO[C@H]1CCC[C@@H]1C1(C2CCN(CCCOc3ccc(C#N)cc3)CC2)CN(C)Cc2ccccc21,CO[C@H]1CCC[C@@H]1C1(C2CCN(CCCOc3ccc(C#N)cc3)CC2)CN(C)Cc2ccccc21,CO[C@H]1CCC[C@@H]1C1(C2CCN(CCCOc3ccc(C#N)cc3)CC2)CN(C)Cc2ccccc21,CO[C@H]1CCC[C@@H]1C1(C2CCN(CCCOc3ccc(C#N)cc3)CC2)CN(C)Cc2ccccc21,MWEDWZMQICDMIU-XPZBDPFPSA-N,MWEDWZMQICDMIU-XPZBDPFPSA-N,standardized,0.0,False,2.0,strict_exact,exact_point_estimate,weak_1uM_to_10uM,False,False,IC50,biochemical_binding,False,0.9831006047296471,0.12365828326899299,0.30136987566947937,c1ccc(-c2ccc(OCCCCCN3CCCCCC3)cc2)cc1,True,high
STR-DB706C2977DCEE50E09E,IC50,biochemical_binding,1,2,1,2,1,0,0,5.7447274948966935,5.7447274948966935,5.7447274948966935,1800.0,1800.0,IC50,1,inhibitory_potency,1,biochemical_binding,1,ChEMBL;PubChem,CHEMBL5907913,Menin,2021,=,CN1Cc2cccc(Cl)c2C(C2CCCC2)(C2CCN(CCCOc3ccc(C#N)cc3)CC2)C1,CN1Cc2cccc(Cl)c2C(C2CCCC2)(C2CCN(CCCOc3ccc(C#N)cc3)CC2)C1,CN1Cc2cccc(Cl)c2C(C2CCCC2)(C2CCN(CCCOc3ccc(C#N)cc3)CC2)C1,CN1Cc2cccc(Cl)c2C(C2CCCC2)(C2CCN(CCCOc3ccc(C#N)cc3)CC2)C1,XQVQSALESQFXIK-UHFFFAOYSA-N,XQVQSALESQFXIK-UHFFFAOYSA-N,standardized,0.0,False,2.0,strict_exact,exact_point_estimate,weak_1uM_to_10uM,False,False,IC50,biochemical_binding,False,0.9968921106904239,0.030365010950832737,0.32926830649375916,C[C@]12CCCC[C@H]1C[C@@H](N1CCC[C@@H](N)C1)[C@@H]2Oc1ccc(C#N)cc1,True,high
STR-7B1655073C306BE222B5,IC50,biochemical_binding,1,1,0,1,1,0,0,5.739928612014925,5.739928612014925,5.739928612014925,1820.0,1820.0,IC50,1,inhibitory_potency,1,biochemical_binding,1,PubChem,156531480,Menin,2026,=,CC(C)[C@H](C[C@H](O)CN(C)C)N1CC2(CCN(c3ncnnc3Oc3ccc(F)cc3C(=O)N(C(C)C)C(C)C)C2)C1,CC(C)[C@H](C[C@@H](CN(C)C)O)N1CC2(C1)CCN(C2)C3=C(N=NC=N3)OC4=C(C=C(C=C4)F)C(=O)N(C(C)C)C(C)C,CC(C)[C@H](C[C@H](O)CN(C)C)N1CC2(CCN(c3ncnnc3Oc3ccc(F)cc3C(=O)N(C(C)C)C(C)C)C2)C1,CC(C)[C@H](C[C@H](O)CN(C)C)N1CC2(CCN(c3ncnnc3Oc3ccc(F)cc3C(=O)N(C(C)C)C(C)C)C2)C1,HGNXEODCTLZEEQ-AHWVRZQESA-N,HGNXEODCTLZEEQ-AHWVRZQESA-N,standardized,0.0,False,2.0,strict_exact,exact_point_estimate,weak_1uM_to_10uM,False,False,IC50,biochemical_binding,False,0.8000415810337141,0.7218449250245467,0.25242719054222107,O=C(CCc1ccccc1)c1cc(F)ccc1OCC(O)CN1CCN(C(c2ccccc2)c2ccccc2)CC1,False,high
STR-EB2E5453C9E3510F4FAC,IC50,biochemical_binding,1,1,0,1,1,0,0,5.732828271596986,5.732828271596986,5.732828271596986,1850.0,1850.0,IC50,1,inhibitory_potency,1,biochemical_binding,1,PubChem,156531482,Menin,2026,=,CCN(C(=O)c1cc(F)ccc1Oc1nncnc1N1CCC2(C1)CN([C@H](CCCN(C)CC(F)F)C(C)C)C2)C(C)C,CCN(C(C)C)C(=O)C1=C(C=CC(=C1)F)OC2=C(N=CN=N2)N3CCC4(C3)CN(C4)[C@H](CCCN(C)CC(F)F)C(C)C,CCN(C(=O)c1cc(F)ccc1Oc1nncnc1N1CCC2(C1)CN([C@H](CCCN(C)CC(F)F)C(C)C)C2)C(C)C,CCN(C(=O)c1cc(F)ccc1Oc1nncnc1N1CCC2(C1)CN([C@H](CCCN(C)CC(F)F)C(C)C)C2)C(C)C,FCTHGKTUZMKUPK-RUZDIDTESA-N,FCTHGKTUZMKUPK-RUZDIDTESA-N,standardized,0.0,False,2.0,strict_exact,exact_point_estimate,weak_1uM_to_10uM,False,False,IC50,biochemical_binding,False,0.8459938211011362,0.6197756234927096,0.22608695924282074,CC(Oc1ccc(S(C)(=O)=O)cc1C(=O)N1CCN(c2ncc(C(F)(F)F)cc2Cl)CC1)C(F)(F)F,False,high
STR-D5272C0C8993C36787C1,IC50,biochemical_binding,3,5,2,2,3,0,0,5.721246399047171,5.920818753952375,5.721246399047171,1900.0,1200.0,IC50,1,inhibitory_potency,1,biochemical_binding,1,ChEMBL;PubChem,CHEMBL1401388,Menin,2015,=,CC1(C)CN=C(N2CCN(c3ncnc4sc5c(c34)CCCC5)CC2)S1,CC1(C)CN=C(N2CCN(c3ncnc4sc5c(c34)CCCC5)CC2)S1,CC1(C)CN=C(N2CCN(c3ncnc4sc5c(c34)CCCC5)CC2)S1,CC1(C)CN=C(N2CCN(c3ncnc4sc5c(c34)CCCC5)CC2)S1,MNSXQGKLDTVOLP-UHFFFAOYSA-N,MNSXQGKLDTVOLP-UHFFFAOYSA-N,standardized,0.1995723549052037,False,2.0,strict_exact,exact_point_estimate,weak_1uM_to_10uM,False,False,IC50,biochemical_binding,False,0.932473456724632,0.3566246526752047,0.1818181872367859,CN1CCCN(c2nccc3[nH]c(-c4cc(F)cc(F)c4)nc23)CC1,False,high
STR-2A720D6641F50CDDC420,IC50,biochemical_binding,1,2,1,2,1,0,0,5.721246399047171,5.721246399047171,5.721246399047171,1900.0,1900.0,IC50,1,inhibitory_potency,1,biochemical_binding,1,ChEMBL;PubChem,CHEMBL5920967,Menin,2021,=,CS(=O)(=O)c1ccc(OCCCN2CCC(C3(C4CCCCC4)NCCc4ccccc43)CC2)cc1,CS(=O)(=O)c1ccc(OCCCN2CCC(C3(C4CCCCC4)NCCc4ccccc43)CC2)cc1,CS(=O)(=O)c1ccc(OCCCN2CCC(C3(C4CCCCC4)NCCc4ccccc43)CC2)cc1,CS(=O)(=O)c1ccc(OCCCN2CCC(C3(C4CCCCC4)NCCc4ccccc43)CC2)cc1,LFKNHMFBLFATHX-UHFFFAOYSA-N,LFKNHMFBLFATHX-UHFFFAOYSA-N,standardized,0.0,False,2.0,strict_exact,exact_point_estimate,weak_1uM_to_10uM,False,False,IC50,biochemical_binding,False,0.9989335852325685,0.012066420316389548,0.3382352888584137,c1ccc(-c2ccc(OCCCCCN3CCCCCC3)cc2)cc1,True,high
STR-3C59D20673A9FF87E080,IC50,biochemical_binding,1,1,0,1,1,0,0,5.721246399047171,5.721246399047171,5.721246399047171,1900.0,1900.0,IC50,1,inhibitory_potency,1,biochemical_binding,1,PubChem,132104749,Menin,2023,=,N#Cc1cc2ccc(C(=O)NC3CCC(C4(C5CCCC5)NCCc5ccccc54)CC3)cc2[nH]1,C1CCC(C1)C2(C3=CC=CC=C3CCN2)C4CCC(CC4)NC(=O)C5=CC6=C(C=C5)C=C(N6)C#N,N#Cc1cc2ccc(C(=O)NC3CCC(C4(C5CCCC5)NCCc5ccccc54)CC3)cc2[nH]1,N#Cc1cc2ccc(C(=O)NC3CCC(C4(C5CCCC5)NCCc5ccccc54)CC3)cc2[nH]1,PVOOIBFXNSELJT-UHFFFAOYSA-N,PVOOIBFXNSELJT-UHFFFAOYSA-N,standardized,0.0,False,2.0,strict_exact,exact_point_estimate,weak_1uM_to_10uM,False,False,IC50,biochemical_binding,False,0.8720377962448159,0.5518229172509803,0.2947368323802948,N#Cc1ccc2c(c1)CCN(CC[C@H]1CC[C@H](NC(=O)c3ccnc4ccccc34)CC1)C2,True,high
STR-3D134EE83844240DFBF0,IC50,biochemical_binding,1,2,1,2,1,0,0,5.721246399047171,5.721246399047171,5.721246399047171,1900.0,1900.0,IC50,1,inhibitory_potency,1,biochemical_binding,1,ChEMBL;PubChem,CHEMBL5742328,Menin,2021,=,CCC(CC)C1(C2CCN(CCCOc3ccc(C#N)cc3)CC2)NCCc2ccccc21,CCC(CC)C1(C2CCN(CCCOc3ccc(C#N)cc3)CC2)NCCc2ccccc21,CCC(CC)C1(C2CCN(CCCOc3ccc(C#N)cc3)CC2)NCCc2ccccc21,CCC(CC)C1(C2CCN(CCCOc3ccc(C#N)cc3)CC2)NCCc2ccccc21,WJYGJQQBNFTIME-UHFFFAOYSA-N,WJYGJQQBNFTIME-UHFFFAOYSA-N,standardized,0.0,False,2.0,strict_exact,exact_point_estimate,weak_1uM_to_10uM,False,False,IC50,biochemical_binding,False,0.9981108676541278,0.019815849659723696,0.3125,N#Cc1ccc(CCN2CCC(Nc3nc4ccccc4[nH]3)CC2)cc1,True,high
STR-9115E8E5409E0FED2178,IC50,biochemical_binding,1,1,0,1,1,0,0,5.721246399047171,5.721246399047171,5.721246399047171,1900.0,1900.0,IC50,1,inhibitory_potency,1,biochemical_binding,1,ChEMBL,CHEMBL5851648,Menin,2021,=,N#Cc1cc2ccc(C(=O)N[C@H]3CC[C@H](C4(C5CCCC5)NCCc5ccccc54)CC3)cc2[nH]1,N#Cc1cc2ccc(C(=O)N[C@H]3CC[C@H](C4(C5CCCC5)NCCc5ccccc54)CC3)cc2[nH]1,N#Cc1cc2ccc(C(=O)N[C@H]3CC[C@H](C4(C5CCCC5)NCCc5ccccc54)CC3)cc2[nH]1,N#Cc1cc2ccc(C(=O)N[C@H]3CC[C@H](C4(C5CCCC5)NCCc5ccccc54)CC3)cc2[nH]1,PVOOIBFXNSELJT-BIBMFLLGSA-N,PVOOIBFXNSELJT-BIBMFLLGSA-N,standardized,0.0,False,2.0,strict_exact,exact_point_estimate,weak_1uM_to_10uM,False,False,IC50,biochemical_binding,False,0.8720377962448159,0.5518229172509803,0.2947368323802948,N#Cc1ccc2c(c1)CCN(CC[C@H]1CC[C@H](NC(=O)c3ccnc4ccccc34)CC1)C2,True,high
STR-D863AF536402BD1BA1AF,IC50,biochemical_binding,1,1,0,1,1,0,0,5.701146923590294,5.701146923590294,5.701146923590294,1990.0,1990.0,IC50,1,inhibitory_potency,1,biochemical_binding,1,PubChem,168720859,Menin,2026,=,CCN(C)C[C@H](C[C@H](C(C)C)N1CC2(CCN(c3ncnnc3Oc3ccc(F)cc3C(=O)N(CC)C(C)C)C2)C1)OC,CCN(C)C[C@H](C[C@H](C(C)C)N1CC2(C1)CCN(C2)C3=C(N=NC=N3)OC4=C(C=C(C=C4)F)C(=O)N(CC)C(C)C)OC,CCN(C)C[C@H](C[C@H](C(C)C)N1CC2(CCN(c3ncnnc3Oc3ccc(F)cc3C(=O)N(CC)C(C)C)C2)C1)OC,CCN(C)C[C@H](C[C@H](C(C)C)N1CC2(CCN(c3ncnnc3Oc3ccc(F)cc3C(=O)N(CC)C(C)C)C2)C1)OC,WZDYSMKHVNWSMO-AHKZPQOWSA-N,WZDYSMKHVNWSMO-AHKZPQOWSA-N,standardized,0.0,False,2.0,strict_exact,exact_point_estimate,weak_1uM_to_10uM,False,False,IC50,biochemical_binding,False,0.5478688047419317,0.9933782150748989,0.22857142984867096,COc1nccnc1[C@H](C)C1=C(CCN(C)C)Cc2cc(F)ccc21,False,medium
STR-8D3A795E5B813D3BE51E,IC50,biochemical_binding,1,2,1,2,1,0,0,5.698970004336019,5.698970004336019,5.698970004336019,2000.0,2000.0,IC50,1,inhibitory_potency,1,biochemical_binding,1,ChEMBL;PubChem,CHEMBL5869356,Menin,2021,=,N#CC(c1ccccc1)(C1CCCC1)C1CCN(CC2CN(c3ccc(S(=O)(=O)c4ccncc4)cc3)C2)CC1,N#CC(c1ccccc1)(C1CCCC1)C1CCN(CC2CN(c3ccc(S(=O)(=O)c4ccncc4)cc3)C2)CC1,N#CC(c1ccccc1)(C1CCCC1)C1CCN(CC2CN(c3ccc(S(=O)(=O)c4ccncc4)cc3)C2)CC1,N#CC(c1ccccc1)(C1CCCC1)C1CCN(CC2CN(c3ccc(S(=O)(=O)c4ccncc4)cc3)C2)CC1,ZMJQWFFSTHXMEL-UHFFFAOYSA-N,ZMJQWFFSTHXMEL-UHFFFAOYSA-N,standardized,0.0,False,2.0,strict_exact,exact_point_estimate,weak_1uM_to_10uM,False,False,IC50,biochemical_binding,False,0.4619249377002517,0.9958129679333674,0.25,CC(C)(O)c1ccc(C(O)CCCN2CCC(C(O)(c3ccccc3)c3ccccc3)CC2)cc1,False,medium
STR-FD744C47D05214C5E9EE,IC50,biochemical_binding,1,2,1,2,1,0,0,5.698970004336019,5.698970004336019,5.698970004336019,2000.0,2000.0,IC50,1,inhibitory_potency,1,biochemical_binding,1,ChEMBL;PubChem,CHEMBL5890943,Menin,2021,=,N#CC(c1ccccc1)(C1CCN(CC2CN(c3ccc(S(=O)(=O)c4ccncc4)cc3)C2)CC1)[C@@H]1CCC[C@H]1OC(=O)N1CCC1,N#CC(c1ccccc1)(C1CCN(CC2CN(c3ccc(S(=O)(=O)c4ccncc4)cc3)C2)CC1)[C@@H]1CCC[C@H]1OC(=O)N1CCC1,N#CC(c1ccccc1)(C1CCN(CC2CN(c3ccc(S(=O)(=O)c4ccncc4)cc3)C2)CC1)[C@@H]1CCC[C@H]1OC(=O)N1CCC1,N#CC(c1ccccc1)(C1CCN(CC2CN(c3ccc(S(=O)(=O)c4ccncc4)cc3)C2)CC1)[C@@H]1CCC[C@H]1OC(=O)N1CCC1,NGZLPTJEQODDAQ-ANOPSCNCSA-N,NGZLPTJEQODDAQ-ANOPSCNCSA-N,standardized,0.0,False,2.0,strict_exact,exact_point_estimate,weak_1uM_to_10uM,False,False,IC50,biochemical_binding,False,0.09379423915261982,0.4490092676736007,0.2551020383834839,CCOC(=O)N1CCC(CN2CC[C@H](N3C(=O)Cc4ccccc43)C2)CC1,False,low
STR-E2D66C5668374E3992F5,IC50,biochemical_binding,1,1,0,1,1,0,0,5.6968039425795105,5.6968039425795105,5.6968039425795105,2010.0,2010.0,IC50,1,inhibitory_potency,1,biochemical_binding,1,ChEMBL,CHEMBL2314574,Menin,2013,=,N=C(N)NCCC[C@@H]1NC(=O)C2(CCC2)NC(=O)[C@@H]2CCCN2C(=O)[C@H](Cc2ccc(Cl)cc2)NC(=O)[C@@H](N)CCCCCCCCNC(=O)[C@@H]2CCCN2C1=O,N=C(N)NCCC[C@@H]1NC(=O)C2(CCC2)NC(=O)[C@@H]2CCCN2C(=O)[C@H](Cc2ccc(Cl)cc2)NC(=O)[C@@H](N)CCCCCCCCNC(=O)[C@@H]2CCCN2C1=O,N=C(N)NCCC[C@@H]1NC(=O)C2(CCC2)NC(=O)[C@@H]2CCCN2C(=O)[C@H](Cc2ccc(Cl)cc2)NC(=O)[C@@H](N)CCCCCCCCNC(=O)[C@@H]2CCCN2C1=O,N=C(N)NCCC[C@@H]1NC(=O)C2(CCC2)NC(=O)[C@@H]2CCCN2C(=O)[C@H](Cc2ccc(Cl)cc2)NC(=O)[C@@H](N)CCCCCCCCNC(=O)[C@@H]2CCCN2C1=O,XZEMBYGHCFKQPN-XDIGFQIYSA-N,XZEMBYGHCFKQPN-XDIGFQIYSA-N,standardized,0.0,False,2.0,strict_exact,exact_point_estimate,weak_1uM_to_10uM,False,False,IC50,biochemical_binding,False,0.046641295072465505,0.2719543456851259,0.19387754797935486,N=C(NCCCOc1ccc(F)cc1)Nc1ccc(Cl)cc1,False,low
STR-6E87454FEE741EE39D57,IC50,biochemical_binding,1,1,0,1,1,0,0,5.688246138944246,5.688246138944246,5.688246138944246,2050.0,2050.0,IC50,1,inhibitory_potency,1,biochemical_binding,1,PubChem,156532042,Menin,2026,=,COCCNCCC[C@@H](C(C)C)N1CC2(CCN(c3ncnnc3Oc3ccc(F)cc3C(=O)N(C(C)C)C(C)C)C2)C1,CC(C)[C@H](CCCNCCOC)N1CC2(C1)CCN(C2)C3=C(N=NC=N3)OC4=C(C=C(C=C4)F)C(=O)N(C(C)C)C(C)C,COCCNCCC[C@@H](C(C)C)N1CC2(CCN(c3ncnnc3Oc3ccc(F)cc3C(=O)N(C(C)C)C(C)C)C2)C1,COCCNCCC[C@@H](C(C)C)N1CC2(CCN(c3ncnnc3Oc3ccc(F)cc3C(=O)N(C(C)C)C(C)C)C2)C1,BEJJQUKWUUMXNO-MHZLTWQESA-N,BEJJQUKWUUMXNO-MHZLTWQESA-N,standardized,0.0,False,2.0,strict_exact,exact_point_estimate,weak_1uM_to_10uM,False,False,IC50,biochemical_binding,False,0.7762738037064784,0.7669132963815062,0.25619834661483765,COc1ccc(OCCNCCCF)c(F)c1[C@@H]1c2[nH]c3ccc(F)cc3c2C[C@@H](C)N1CC(F)(F)CO,False,high
STR-751E14E3FB418B1577CE,IC50,biochemical_binding,2,4,2,2,2,0,0,5.6807553715226815,5.823908740944319,5.537602002101044,2200.0,1500.0,IC50,1,inhibitory_potency,1,biochemical_binding,1,ChEMBL;PubChem,CHEMBL6022712,Menin,2021,=,CNC(=O)C[C@H]1CCC[C@@H]1C(C#N)(c1ccccc1)C1CCN(CC2CN(c3ccc(S(=O)(=O)c4ccncc4)cc3)C2)CC1,CNC(=O)C[C@H]1CCC[C@@H]1C(C#N)(c1ccccc1)C1CCN(CC2CN(c3ccc(S(=O)(=O)c4ccncc4)cc3)C2)CC1,CNC(=O)C[C@H]1CCC[C@@H]1C(C#N)(c1ccccc1)C1CCN(CC2CN(c3ccc(S(=O)(=O)c4ccncc4)cc3)C2)CC1,CNC(=O)C[C@H]1CCC[C@@H]1C(C#N)(c1ccccc1)C1CCN(CC2CN(c3ccc(S(=O)(=O)c4ccncc4)cc3)C2)CC1,MKUJDUKEABOIAI-HKTYWMCWSA-N,MKUJDUKEABOIAI-HKTYWMCWSA-N,standardized,0.2863067388432743,False,2.0,strict_exact,exact_point_estimate,weak_1uM_to_10uM,False,False,IC50,biochemical_binding,False,0.09412123698435128,0.4500783855077989,0.25925925374031067,O=C(CC1CCN(Cc2ccn(-c3ccc(C(F)(F)F)cc3)c2)CC1)NC(c1ccccc1)c1ccccn1,False,low
STR-1D682839606D037B2843,IC50,biochemical_binding,1,2,1,2,1,0,0,5.6777807052660805,5.6777807052660805,5.6777807052660805,2100.0,2100.0,IC50,1,inhibitory_potency,1,biochemical_binding,1,ChEMBL;PubChem,CHEMBL5923233,Menin,2021,=,CC(=O)N1CCCCC1C1(C2CCN(CCCOc3ccc(C#N)cc3)CC2)CN(C)Cc2ccccc21,CC(=O)N1CCCCC1C1(C2CCN(CCCOc3ccc(C#N)cc3)CC2)CN(C)Cc2ccccc21,CC(=O)N1CCCCC1C1(C2CCN(CCCOc3ccc(C#N)cc3)CC2)CN(C)Cc2ccccc21,CC(=O)N1CCCCC1C1(C2CCN(CCCOc3ccc(C#N)cc3)CC2)CN(C)Cc2ccccc21,RVIYDWZVGPVBJX-UHFFFAOYSA-N,RVIYDWZVGPVBJX-UHFFFAOYSA-N,standardized,0.0,False,2.0,strict_exact,exact_point_estimate,weak_1uM_to_10uM,False,False,IC50,biochemical_binding,False,0.9829200353029457,0.12471542386593899,0.30263158679008484,c1ccc(-c2ccc(OCCCCCN3CCCCCC3)cc2)cc1,True,high
STR-4719AA5EBF6B16DABB7E,IC50,biochemical_binding,1,2,1,2,1,0,0,5.6777807052660805,5.6777807052660805,5.6777807052660805,2100.0,2100.0,IC50,1,inhibitory_potency,1,biochemical_binding,1,ChEMBL;PubChem,CHEMBL5746088,Menin,2021,=,CNC(=O)O[C@@H]1CCC[C@H]1C(C#N)(c1ccccc1)C1CCN(CC2(C)CN(c3ccc(S(=O)(=O)c4cnn(C)c4)cc3)C2)CC1,CNC(=O)O[C@@H]1CCC[C@H]1C(C#N)(c1ccccc1)C1CCN(CC2(C)CN(c3ccc(S(=O)(=O)c4cnn(C)c4)cc3)C2)CC1,CNC(=O)O[C@@H]1CCC[C@H]1C(C#N)(c1ccccc1)C1CCN(CC2(C)CN(c3ccc(S(=O)(=O)c4cnn(C)c4)cc3)C2)CC1,CNC(=O)O[C@@H]1CCC[C@H]1C(C#N)(c1ccccc1)C1CCN(CC2(C)CN(c3ccc(S(=O)(=O)c4cnn(C)c4)cc3)C2)CC1,DDHCZSCWWXSEAD-CEVFFHDCSA-N,DDHCZSCWWXSEAD-CEVFFHDCSA-N,standardized,0.0,False,2.0,strict_exact,exact_point_estimate,weak_1uM_to_10uM,False,False,IC50,biochemical_binding,False,0.016639536996466663,0.12213197049079415,0.24752475321292877,CNC(=O)C(CCN1CCC(O)(c2ccc(Cl)cc2)CC1)(c1ccccc1)c1ccccc1,False,low
STR-73D39D8A425861DCE560,IC50,biochemical_binding,1,2,1,2,1,0,0,5.6777807052660805,5.6777807052660805,5.6777807052660805,2100.0,2100.0,IC50,1,inhibitory_potency,1,biochemical_binding,1,ChEMBL;PubChem,CHEMBL5780898,Menin,2021,=,CC(C)CC1(C2CCN(CCCOc3ccc(C#N)cc3)CC2)NCCc2ccccc21,CC(C)CC1(C2CCN(CCCOc3ccc(C#N)cc3)CC2)NCCc2ccccc21,CC(C)CC1(C2CCN(CCCOc3ccc(C#N)cc3)CC2)NCCc2ccccc21,CC(C)CC1(C2CCN(CCCOc3ccc(C#N)cc3)CC2)NCCc2ccccc21,FARWFORGAOGKRE-UHFFFAOYSA-N,FARWFORGAOGKRE-UHFFFAOYSA-N,standardized,0.0,False,2.0,strict_exact,exact_point_estimate,weak_1uM_to_10uM,False,False,IC50,biochemical_binding,False,0.9963111512766276,0.03512759493010497,0.30882352590560913,c1ccc(-c2ccc(OCCCCCN3CCCCCC3)cc2)cc1,True,high
STR-D7B6A133DED6C54A6E85,IC50,biochemical_binding,1,1,0,1,1,0,0,5.671620396561263,5.671620396561263,5.671620396561263,2130.0,2130.0,IC50,1,inhibitory_potency,1,biochemical_binding,1,PubChem,156531748,Menin,2026,=,CCN(C)CCC[C@@H](C(C)C)N1CC2(CCN(c3ncnnc3Oc3ccc(F)cc3C(=O)N(CC)C(C)C)C2)C1,CCN(C)CCC[C@@H](C(C)C)N1CC2(C1)CCN(C2)C3=C(N=NC=N3)OC4=C(C=C(C=C4)F)C(=O)N(CC)C(C)C,CCN(C)CCC[C@@H](C(C)C)N1CC2(CCN(c3ncnnc3Oc3ccc(F)cc3C(=O)N(CC)C(C)C)C2)C1,CCN(C)CCC[C@@H](C(C)C)N1CC2(CCN(c3ncnnc3Oc3ccc(F)cc3C(=O)N(CC)C(C)C)C2)C1,JHZNQRHFDIODOT-SANMLTNESA-N,JHZNQRHFDIODOT-SANMLTNESA-N,standardized,0.0,False,2.0,strict_exact,exact_point_estimate,weak_1uM_to_10uM,False,False,IC50,biochemical_binding,False,0.744631052981233,0.8196773294122164,0.23140496015548706,COCC(=O)O[C@]1(CCN(C)CCCc2nc3ccccc3[nH]2)CCc2cc(F)ccc2[C@@H]1C(C)C,False,high
STR-9EC06DEFB9DB4A9951A2,IC50,biochemical_binding,1,1,0,1,1,0,0,5.665546248849069,5.665546248849069,5.665546248849069,2160.0,2160.0,IC50,1,inhibitory_potency,1,biochemical_binding,1,ChEMBL,CHEMBL2315085,Menin,2013,=,CC(=O)N[C@H]1CCCCCCCCNC(=O)[C@@H]2CCCN2C(=O)[C@H](CCCNC(=N)N)NC(=O)[C@H](C)NC(=O)[C@@H]2CCCN2C(=O)[C@H](Cc2ccccc2)NC1=O,CC(=O)N[C@H]1CCCCCCCCNC(=O)[C@@H]2CCCN2C(=O)[C@H](CCCNC(=N)N)NC(=O)[C@H](C)NC(=O)[C@@H]2CCCN2C(=O)[C@H](Cc2ccccc2)NC1=O,CC(=O)N[C@H]1CCCCCCCCNC(=O)[C@@H]2CCCN2C(=O)[C@H](CCCNC(=N)N)NC(=O)[C@H](C)NC(=O)[C@@H]2CCCN2C(=O)[C@H](Cc2ccccc2)NC1=O,CC(=O)N[C@H]1CCCCCCCCNC(=O)[C@@H]2CCCN2C(=O)[C@H](CCCNC(=N)N)NC(=O)[C@H](C)NC(=O)[C@@H]2CCCN2C(=O)[C@H](Cc2ccccc2)NC1=O,AFNRRDIWKWELBR-NABDUWAGSA-N,AFNRRDIWKWELBR-NABDUWAGSA-N,standardized,0.0,False,2.0,strict_exact,exact_point_estimate,weak_1uM_to_10uM,False,False,IC50,biochemical_binding,False,0.0009606243182915427,0.011014270518952004,0.21698112785816193,CN1C(=O)[C@H](NC(=O)CCC2CCCCC2)N=C(c2ccccc2)c2ccccc21,False,low
STR-50194E6CF0AF9E3900D0,IC50,biochemical_binding,1,2,1,2,1,0,0,5.657577319177793,5.657577319177793,5.657577319177793,2200.0,2200.0,IC50,1,inhibitory_potency,1,biochemical_binding,1,ChEMBL;PubChem,CHEMBL5826660,Menin,2021,=,C=CC(=O)Nc1ccc(S(=O)(=O)c2ccc(N3CC(CN4CCC([C@](C#N)(c5cccc(F)c5)[C@H]5CCC[C@@H]5OC(=O)NC)CC4)C3)cc2)cc1,C=CC(=O)Nc1ccc(S(=O)(=O)c2ccc(N3CC(CN4CCC([C@](C#N)(c5cccc(F)c5)[C@H]5CCC[C@@H]5OC(=O)NC)CC4)C3)cc2)cc1,C=CC(=O)Nc1ccc(S(=O)(=O)c2ccc(N3CC(CN4CCC([C@](C#N)(c5cccc(F)c5)[C@H]5CCC[C@@H]5OC(=O)NC)CC4)C3)cc2)cc1,C=CC(=O)Nc1ccc(S(=O)(=O)c2ccc(N3CC(CN4CCC([C@](C#N)(c5cccc(F)c5)[C@H]5CCC[C@@H]5OC(=O)NC)CC4)C3)cc2)cc1,VDJTWLOLAUELBT-VHYZKNOSSA-N,VDJTWLOLAUELBT-VHYZKNOSSA-N,standardized,0.0,False,2.0,strict_exact,exact_point_estimate,weak_1uM_to_10uM,False,False,IC50,biochemical_binding,False,0.1079864698167038,0.4938125092226403,0.26851850748062134,CC(=O)Nc1cccc(N2CCN(CC3CCN(S(=O)(=O)CC4CCCCC4)CC3)CC2)c1,True,low
STR-6C0290A40DE07CB70C53,IC50,biochemical_binding,1,1,0,1,1,0,0,5.645891560852599,5.645891560852599,5.645891560852599,2260.0,2260.0,IC50,1,inhibitory_potency,1,biochemical_binding,1,PubChem,156531823,Menin,2026,=,CCN(C(=O)c1cc(F)ccc1Oc1nncnc1N1CCC2(C1)CN([C@@H](CCCN(C)C)C(C)C)C2)C(C)C,CCN(C(C)C)C(=O)C1=C(C=CC(=C1)F)OC2=C(N=CN=N2)N3CCC4(C3)CN(C4)[C@@H](CCCN(C)C)C(C)C,CCN(C(=O)c1cc(F)ccc1Oc1nncnc1N1CCC2(C1)CN([C@@H](CCCN(C)C)C(C)C)C2)C(C)C,CCN(C(=O)c1cc(F)ccc1Oc1nncnc1N1CCC2(C1)CN([C@@H](CCCN(C)C)C(C)C)C2)C(C)C,FNTDEOLCBADNAL-VWLOTQADSA-N,FNTDEOLCBADNAL-VWLOTQADSA-N,standardized,0.0,False,2.0,strict_exact,exact_point_estimate,weak_1uM_to_10uM,False,False,IC50,biochemical_binding,False,0.8248464029896714,0.6693593197423955,0.22772277891635895,COc1nccnc1[C@H](C)C1=C(CCN(C)C)Cc2cc(F)ccc21,False,high
STR-E575F8E3658FABFC44D1,IC50,biochemical_binding,1,1,0,1,1,0,0,5.642065152999546,5.642065152999546,5.642065152999546,2280.0,2280.0,IC50,1,inhibitory_potency,1,biochemical_binding,1,PubChem,156531811,Menin,2026,=,CCN(C(=O)c1cc(F)ccc1Oc1nncnc1N1CCC2(C1)CN([C@@H](CCC(C)(C)N)C(C)C)C2)C(C)C,CCN(C(C)C)C(=O)C1=C(C=CC(=C1)F)OC2=C(N=CN=N2)N3CCC4(C3)CN(C4)[C@@H](CCC(C)(C)N)C(C)C,CCN(C(=O)c1cc(F)ccc1Oc1nncnc1N1CCC2(C1)CN([C@@H](CCC(C)(C)N)C(C)C)C2)C(C)C,CCN(C(=O)c1cc(F)ccc1Oc1nncnc1N1CCC2(C1)CN([C@@H](CCC(C)(C)N)C(C)C)C2)C(C)C,SYOJWXRBJAMSKA-DEOSSOPVSA-N,SYOJWXRBJAMSKA-DEOSSOPVSA-N,standardized,0.0,False,2.0,strict_exact,exact_point_estimate,weak_1uM_to_10uM,False,False,IC50,biochemical_binding,False,0.3922073583117276,0.9662092704141387,0.2432432472705841,CC(Oc1ccc(S(C)(=O)=O)cc1C(=O)N1CCN(c2ncc(C(F)(F)F)cc2Cl)CC1)C(F)(F)F,False,medium
STR-37683BE8AACC5BF07C17,IC50,biochemical_binding,1,2,1,2,1,0,0,5.638272163982407,5.638272163982407,5.638272163982407,2300.0,2300.0,IC50,1,inhibitory_potency,1,biochemical_binding,1,ChEMBL;PubChem,CHEMBL5995764,Menin,2021,=,N#Cc1ccc(NCCCN2CCC(C3(C4CCCC4)NCCc4ccccc43)CC2)cn1,N#Cc1ccc(NCCCN2CCC(C3(C4CCCC4)NCCc4ccccc43)CC2)cn1,N#Cc1ccc(NCCCN2CCC(C3(C4CCCC4)NCCc4ccccc43)CC2)cn1,N#Cc1ccc(NCCCN2CCC(C3(C4CCCC4)NCCc4ccccc43)CC2)cn1,RXXVPJSVTBSTSN-UHFFFAOYSA-N,RXXVPJSVTBSTSN-UHFFFAOYSA-N,standardized,0.0,False,2.0,strict_exact,exact_point_estimate,weak_1uM_to_10uM,False,False,IC50,biochemical_binding,False,0.9922110479035284,0.06574979181708432,0.2823529541492462,N#Cc1ccc(CCN2CCC(Nc3nc4ccccc4[nH]3)CC2)cc1,True,high
STR-B4B9D6A6C03B5C8E19FC,IC50,biochemical_binding,1,2,1,2,1,0,0,5.638272163982407,5.638272163982407,5.638272163982407,2300.0,2300.0,IC50,1,inhibitory_potency,1,biochemical_binding,1,ChEMBL;PubChem,CHEMBL5943730,Menin,2021,=,N#Cc1ccc(OCCCN2CCC(C3(C4CCc5ccccc54)NCCc4ccccc43)CC2)cc1,N#Cc1ccc(OCCCN2CCC(C3(C4CCc5ccccc54)NCCc4ccccc43)CC2)cc1,N#Cc1ccc(OCCCN2CCC(C3(C4CCc5ccccc54)NCCc4ccccc43)CC2)cc1,N#Cc1ccc(OCCCN2CCC(C3(C4CCc5ccccc54)NCCc4ccccc43)CC2)cc1,DLKCNINNTMZJLD-UHFFFAOYSA-N,DLKCNINNTMZJLD-UHFFFAOYSA-N,standardized,0.0,False,2.0,strict_exact,exact_point_estimate,weak_1uM_to_10uM,False,False,IC50,biochemical_binding,False,0.9996974992629457,0.003972817966061653,0.30000001192092896,c1ccc(-c2ccc(OCCCCCN3CCCCCC3)cc2)cc1,True,high
STR-27A7903BB4E38754D8CE,IC50,biochemical_binding,2,2,0,1,2,0,0,5.6338031200885155,6.443697499232712,4.823908740944319,7680.0,360.0,IC50,1,inhibitory_potency,1,biochemical_binding,1,PubChem,156531839,Menin,2026,=,CCN(C(=O)c1cc(F)ccc1Oc1nncnc1N1CCC2(C1)CN([C@H](CCC(C)(C)NC(=O)OC(C)OC(=O)C(C)C)C(C)C)C2)C(C)C,CCN(C(C)C)C(=O)C1=C(C=CC(=C1)F)OC2=C(N=CN=N2)N3CCC4(C3)CN(C4)[C@H](CCC(C)(C)NC(=O)OC(C)OC(=O)C(C)C)C(C)C,CCN(C(=O)c1cc(F)ccc1Oc1nncnc1N1CCC2(C1)CN([C@H](CCC(C)(C)NC(=O)OC(C)OC(=O)C(C)C)C(C)C)C2)C(C)C,CCN(C(=O)c1cc(F)ccc1Oc1nncnc1N1CCC2(C1)CN([C@H](CCC(C)(C)NC(=O)OC(C)OC(=O)C(C)C)C(C)C)C2)C(C)C,VDDFYFCARPBVRN-BNGNXUGRSA-N,VDDFYFCARPBVRN-BNGNXUGRSA-N,standardized,1.6197887582883936,False,2.0,strict_exact,exact_point_estimate,weak_1uM_to_10uM,False,False,IC50,biochemical_binding,False,0.25984849373962626,0.8265176614073277,0.21138212084770203,CC(Oc1ccc(S(C)(=O)=O)cc1C(=O)N1CCN(c2ncc(C(F)(F)F)cc2Cl)CC1)C(F)(F)F,False,low
STR-69B6B26B9F45D1509A0C,IC50,biochemical_binding,1,2,1,2,1,0,0,5.619788758288394,5.619788758288394,5.619788758288394,2400.0,2400.0,IC50,1,inhibitory_potency,1,biochemical_binding,1,ChEMBL;PubChem,CHEMBL5969404,Menin,2021,=,COC(=O)N[C@H]1CCC[C@@H]1C(C#N)(c1ccccc1)C1CCN(CC2CN(c3ccccc3)C2)CC1,COC(=O)N[C@H]1CCC[C@@H]1C(C#N)(c1ccccc1)C1CCN(CC2CN(c3ccccc3)C2)CC1,COC(=O)N[C@H]1CCC[C@@H]1C(C#N)(c1ccccc1)C1CCN(CC2CN(c3ccccc3)C2)CC1,COC(=O)N[C@H]1CCC[C@@H]1C(C#N)(c1ccccc1)C1CCN(CC2CN(c3ccccc3)C2)CC1,MNGQIKMTYLJNRO-SRBHEWTHSA-N,MNGQIKMTYLJNRO-SRBHEWTHSA-N,standardized,0.0,False,2.0,strict_exact,exact_point_estimate,weak_1uM_to_10uM,False,False,IC50,biochemical_binding,False,0.7383234919862014,0.8292657227818601,0.2750000059604645,CC(C)(O)c1ccc(C(O)CCCN2CCC(C(O)(c3ccccc3)c3ccccc3)CC2)cc1,True,high
STR-840734C0880BD661CE77,IC50,biochemical_binding,1,1,0,1,1,0,0,5.619788758288394,5.619788758288394,5.619788758288394,2400.0,2400.0,IC50,1,inhibitory_potency,1,biochemical_binding,1,ChEMBL,CHEMBL3696181,Menin,2015,=,CC(C)c1cc2c(N3CCN(c4nnc(C(F)(F)F)s4)CC3)ncnc2s1,CC(C)c1cc2c(N3CCN(c4nnc(C(F)(F)F)s4)CC3)ncnc2s1,CC(C)c1cc2c(N3CCN(c4nnc(C(F)(F)F)s4)CC3)ncnc2s1,CC(C)c1cc2c(N3CCN(c4nnc(C(F)(F)F)s4)CC3)ncnc2s1,KBXPWJNRCSDHFW-UHFFFAOYSA-N,KBXPWJNRCSDHFW-UHFFFAOYSA-N,standardized,0.0,False,2.0,strict_exact,exact_point_estimate,weak_1uM_to_10uM,False,False,IC50,biochemical_binding,False,0.9344457616322416,0.3491095045324251,0.239130437374115,CC(C)c1c(N)ncnc1N1CCC(c2nc(-c3ccc(F)c(C(F)(F)F)c3)cn2CCN2CCC2)CC1,False,high
STR-9AB451B80BF4E04E2781,IC50,biochemical_binding,1,1,0,1,1,0,0,5.616184634019569,5.616184634019569,5.616184634019569,2420.0,2420.0,IC50,1,inhibitory_potency,1,biochemical_binding,1,PubChem,156531835,Menin,2026,=,CCN(C(=O)c1cc(F)ccc1Oc1nncnc1N1CCC2(C1)CN(C(CCNC(C)=O)C(C)C)C2)C(C)C,CCN(C(C)C)C(=O)C1=C(C=CC(=C1)F)OC2=C(N=CN=N2)N3CCC4(C3)CN(C4)C(CCNC(=O)C)C(C)C,CCN(C(=O)c1cc(F)ccc1Oc1nncnc1N1CCC2(C1)CN(C(CCNC(C)=O)C(C)C)C2)C(C)C,CCN(C(=O)c1cc(F)ccc1Oc1nncnc1N1CCC2(C1)CN(C(CCNC(C)=O)C(C)C)C2)C(C)C,JUBAVUUSHQTHTO-UHFFFAOYSA-N,JUBAVUUSHQTHTO-UHFFFAOYSA-N,standardized,0.0,False,2.0,strict_exact,exact_point_estimate,weak_1uM_to_10uM,False,False,IC50,biochemical_binding,False,0.342103506351403,0.9268174065545036,0.23931623995304108,CC(=O)NCCNC(=O)c1ccc(O)cc1OC[C@@H](O)CN1CCC2(CC1)Cc1cc(Cl)ccc1O2,False,medium
STR-FBA598C340B2023BE63F,IC50,biochemical_binding,1,1,0,1,1,0,0,5.614393726401688,5.614393726401688,5.614393726401688,2430.0,2430.0,IC50,1,inhibitory_potency,1,biochemical_binding,1,PubChem,156531450,Menin,2026,=,CC(C)[C@H](CCCN(C)C)N1CC2(CCN(c3ncnnc3Oc3ccc(F)cc3C(=O)N(C(C)C)C(C)C)C2)C1,CC(C)[C@H](CCCN(C)C)N1CC2(C1)CCN(C2)C3=C(N=NC=N3)OC4=C(C=C(C=C4)F)C(=O)N(C(C)C)C(C)C,CC(C)[C@H](CCCN(C)C)N1CC2(CCN(c3ncnnc3Oc3ccc(F)cc3C(=O)N(C(C)C)C(C)C)C2)C1,CC(C)[C@H](CCCN(C)C)N1CC2(CCN(c3ncnnc3Oc3ccc(F)cc3C(=O)N(C(C)C)C(C)C)C2)C1,JMYCKYHWTOYVCO-SANMLTNESA-N,JMYCKYHWTOYVCO-SANMLTNESA-N,standardized,0.0,False,2.0,strict_exact,exact_point_estimate,weak_1uM_to_10uM,False,False,IC50,biochemical_binding,False,0.9085051259228791,0.4414399272084609,0.2347826063632965,O=C(c1ccc(F)cc1OC[C@@H](O)CN1CCC2(CC1)Cc1cc(Cl)ccc1O2)N1CC[C@H](O)C1,False,high
STR-6CA56A9373037E1AABA1,IC50,biochemical_binding,1,2,1,2,1,0,0,5.6020599913279625,5.6020599913279625,5.6020599913279625,2500.0,2500.0,IC50,1,inhibitory_potency,1,biochemical_binding,1,ChEMBL;PubChem,CHEMBL5891588,Menin,2021,=,CC(=O)N[C@@H]1CCC[C@H]1C(C#N)(c1ccccc1)C1CCN(CC2CN(c3ccc(C#N)cc3)C2)CC1,CC(=O)N[C@@H]1CCC[C@H]1C(C#N)(c1ccccc1)C1CCN(CC2CN(c3ccc(C#N)cc3)C2)CC1,CC(=O)N[C@@H]1CCC[C@H]1C(C#N)(c1ccccc1)C1CCN(CC2CN(c3ccc(C#N)cc3)C2)CC1,CC(=O)N[C@@H]1CCC[C@H]1C(C#N)(c1ccccc1)C1CCN(CC2CN(c3ccc(C#N)cc3)C2)CC1,FFGIAMNWBZNVQQ-KCUXUGRMSA-N,FFGIAMNWBZNVQQ-KCUXUGRMSA-N,standardized,0.0,False,2.0,strict_exact,exact_point_estimate,weak_1uM_to_10uM,False,False,IC50,biochemical_binding,False,0.4503894913765665,0.99288677219649,0.2747252881526947,CC(=O)Nc1cccc(N2CCN(CC3CCN(S(=O)(=O)CC4CCCCC4)CC3)CC2)c1,True,medium
STR-2E19648BD2890AA2BB83,IC50,biochemical_binding,1,1,0,1,1,0,0,5.598599459218455,5.598599459218455,5.598599459218455,2520.0,2520.0,IC50,1,inhibitory_potency,1,biochemical_binding,1,ChEMBL,CHEMBL2314576,Menin,2013,=,N=C(N)NCCC[C@@H]1NC(=O)C2(CCC2)NC(=O)[C@@H]2CCCN2C(=O)[C@H](Cc2cccc(C(F)(F)F)c2)NC(=O)[C@@H](N)CCCCCCCCNC(=O)[C@@H]2CCCN2C1=O,N=C(N)NCCC[C@@H]1NC(=O)C2(CCC2)NC(=O)[C@@H]2CCCN2C(=O)[C@H](Cc2cccc(C(F)(F)F)c2)NC(=O)[C@@H](N)CCCCCCCCNC(=O)[C@@H]2CCCN2C1=O,N=C(N)NCCC[C@@H]1NC(=O)C2(CCC2)NC(=O)[C@@H]2CCCN2C(=O)[C@H](Cc2cccc(C(F)(F)F)c2)NC(=O)[C@@H](N)CCCCCCCCNC(=O)[C@@H]2CCCN2C1=O,N=C(N)NCCC[C@@H]1NC(=O)C2(CCC2)NC(=O)[C@@H]2CCCN2C(=O)[C@H](Cc2cccc(C(F)(F)F)c2)NC(=O)[C@@H](N)CCCCCCCCNC(=O)[C@@H]2CCCN2C1=O,NZEMZUWYAUUNJU-XDIGFQIYSA-N,NZEMZUWYAUUNJU-XDIGFQIYSA-N,standardized,0.0,False,2.0,strict_exact,exact_point_estimate,weak_1uM_to_10uM,False,False,IC50,biochemical_binding,False,0.005924283343037357,0.05235619025704002,0.2368421107530594,COC(=O)C1(CNC(=O)c2cc(OC)cc(OC)c2)CCN(Cc2cccc(C(F)(F)F)c2)CC1,False,low
STR-F91EC5999F2BF329A3B8,IC50,biochemical_binding,1,1,0,1,1,0,0,5.59176003468815,5.59176003468815,5.59176003468815,2560.0,2560.0,IC50,1,inhibitory_potency,1,biochemical_binding,1,PubChem,156531589,Menin,2026,=,CC(C)[C@H](CCCN(C)C)N1CC2(CCN(c3ccnnc3Oc3ccc(F)cc3C(=O)N(C(C)C)C(C)C)C2)C1,CC(C)[C@H](CCCN(C)C)N1CC2(C1)CCN(C2)C3=C(N=NC=C3)OC4=C(C=C(C=C4)F)C(=O)N(C(C)C)C(C)C,CC(C)[C@H](CCCN(C)C)N1CC2(CCN(c3ccnnc3Oc3ccc(F)cc3C(=O)N(C(C)C)C(C)C)C2)C1,CC(C)[C@H](CCCN(C)C)N1CC2(CCN(c3ccnnc3Oc3ccc(F)cc3C(=O)N(C(C)C)C(C)C)C2)C1,MMASTHCMDVBHKI-MHZLTWQESA-N,MMASTHCMDVBHKI-MHZLTWQESA-N,standardized,0.0,False,2.0,strict_exact,exact_point_estimate,weak_1uM_to_10uM,False,False,IC50,biochemical_binding,False,0.7971472378974597,0.7275970582545306,0.23711340129375458,COc1nccnc1[C@H](C)C1=C(CCN(C)C)Cc2cc(F)ccc21,False,high
STR-0EB8573BEAC1C0A492BB,IC50,biochemical_binding,1,2,1,2,1,0,0,5.585026652029182,5.585026652029182,5.585026652029182,2600.0,2600.0,IC50,1,inhibitory_potency,1,biochemical_binding,1,ChEMBL;PubChem,CHEMBL5932458,Menin,2021,=,CC(=O)O[C@@H]1CCC[C@H]1C(C#N)(c1ccccc1)C1CCN(CC2CN(c3ccc(S(C)(=O)=O)cc3)C2)CC1,CC(=O)O[C@@H]1CCC[C@H]1C(C#N)(c1ccccc1)C1CCN(CC2CN(c3ccc(S(C)(=O)=O)cc3)C2)CC1,CC(=O)O[C@@H]1CCC[C@H]1C(C#N)(c1ccccc1)C1CCN(CC2CN(c3ccc(S(C)(=O)=O)cc3)C2)CC1,CC(=O)O[C@@H]1CCC[C@H]1C(C#N)(c1ccccc1)C1CCN(CC2CN(c3ccc(S(C)(=O)=O)cc3)C2)CC1,SDSJQZYQLKUFBE-KCUXUGRMSA-N,SDSJQZYQLKUFBE-KCUXUGRMSA-N,standardized,0.0,False,2.0,strict_exact,exact_point_estimate,weak_1uM_to_10uM,False,False,IC50,biochemical_binding,False,0.3446923622824282,0.9292383503506481,0.27368420362472534,CC(Oc1ccc(S(C)(=O)=O)cc1C(=O)N1CCN(c2ccc(C#N)cc2)CC1)C(F)(F)F,True,medium
STR-79F48E1A5DF36F1BBEBF,IC50,biochemical_binding,1,1,0,1,1,0,0,5.585026652029182,5.585026652029182,5.585026652029182,2600.0,2600.0,IC50,1,inhibitory_potency,1,biochemical_binding,1,PubChem,156532044,Menin,2026,=,CCN(C(=O)c1cc(F)ccc1Oc1nncnc1N1CCC2(C1)CN([C@@H](CCC(C)(C)NC)C(C)C)C2)C(C)C,CCN(C(C)C)C(=O)C1=C(C=CC(=C1)F)OC2=C(N=CN=N2)N3CCC4(C3)CN(C4)[C@@H](CCC(C)(C)NC)C(C)C,CCN(C(=O)c1cc(F)ccc1Oc1nncnc1N1CCC2(C1)CN([C@@H](CCC(C)(C)NC)C(C)C)C2)C(C)C,CCN(C(=O)c1cc(F)ccc1Oc1nncnc1N1CCC2(C1)CN([C@@H](CCC(C)(C)NC)C(C)C)C2)C(C)C,DWGJLXQABXXXMP-VWLOTQADSA-N,DWGJLXQABXXXMP-VWLOTQADSA-N,standardized,0.0,False,2.0,strict_exact,exact_point_estimate,weak_1uM_to_10uM,False,False,IC50,biochemical_binding,False,0.6407010627171731,0.9420997154063611,0.2300885021686554,CC(Oc1ccc(S(C)(=O)=O)cc1C(=O)N1CCN(c2ncc(C(F)(F)F)cc2Cl)CC1)C(F)(F)F,False,medium
STR-9125B3088394B1E7CAA4,IC50,biochemical_binding,1,2,1,2,1,0,0,5.568636235841012,5.568636235841012,5.568636235841012,2700.0,2700.0,IC50,1,inhibitory_potency,1,biochemical_binding,1,ChEMBL;PubChem,CHEMBL5820302,Menin,2021,=,CS(=O)(=O)c1ccc(N2CC(CN3CCC(C4(C5CCCC5)C(=O)N(Cc5ccccc5)Cc5ccccc54)CC3)C2)cc1,CS(=O)(=O)c1ccc(N2CC(CN3CCC(C4(C5CCCC5)C(=O)N(Cc5ccccc5)Cc5ccccc54)CC3)C2)cc1,CS(=O)(=O)c1ccc(N2CC(CN3CCC(C4(C5CCCC5)C(=O)N(Cc5ccccc5)Cc5ccccc54)CC3)C2)cc1,CS(=O)(=O)c1ccc(N2CC(CN3CCC(C4(C5CCCC5)C(=O)N(Cc5ccccc5)Cc5ccccc54)CC3)C2)cc1,GELPSPAMNVFMSM-UHFFFAOYSA-N,GELPSPAMNVFMSM-UHFFFAOYSA-N,standardized,0.0,False,2.0,strict_exact,exact_point_estimate,weak_1uM_to_10uM,False,False,IC50,biochemical_binding,False,0.9612264596461119,0.23664037990636197,0.26530611515045166,CS(=O)(=O)c1ccc(Cn2c(NC3CCN(CCc4ccc(C#N)cc4)CC3)nc3ccccc32)cc1,True,high
STR-9D5FA8EC64504ACC3524,IC50,biochemical_binding,1,2,1,2,1,0,0,5.568636235841012,5.568636235841012,5.568636235841012,2700.0,2700.0,IC50,1,inhibitory_potency,1,biochemical_binding,1,ChEMBL;PubChem,CHEMBL5819596,Menin,2021,=,CO[C@@H]1CCC[C@H]1C1(C2CCN(CCCOc3ccc(C#N)cc3)CC2)CN(C)Cc2ccccc21,CO[C@@H]1CCC[C@H]1C1(C2CCN(CCCOc3ccc(C#N)cc3)CC2)CN(C)Cc2ccccc21,CO[C@@H]1CCC[C@H]1C1(C2CCN(CCCOc3ccc(C#N)cc3)CC2)CN(C)Cc2ccccc21,CO[C@@H]1CCC[C@H]1C1(C2CCN(CCCOc3ccc(C#N)cc3)CC2)CN(C)Cc2ccccc21,MWEDWZMQICDMIU-KCUXUGRMSA-N,MWEDWZMQICDMIU-KCUXUGRMSA-N,standardized,0.0,False,2.0,strict_exact,exact_point_estimate,weak_1uM_to_10uM,False,False,IC50,biochemical_binding,False,0.9831006047296471,0.12365828326899299,0.30136987566947937,c1ccc(-c2ccc(OCCCCCN3CCCCCC3)cc2)cc1,True,high
STR-BF401908AD838E3D878A,IC50,biochemical_binding,1,2,1,2,1,0,0,5.568636235841012,5.568636235841012,5.568636235841012,2700.0,2700.0,IC50,1,inhibitory_potency,1,biochemical_binding,1,ChEMBL;PubChem,CHEMBL5779827,Menin,2021,=,COC(=O)N[C@@H]1CCC[C@H]1C(C#N)(c1ccccc1)C1CCN(CC2CN(c3ccc(S(=O)(=O)c4ccc(C(=O)O)cc4)cc3)C2)CC1,COC(=O)N[C@@H]1CCC[C@H]1C(C#N)(c1ccccc1)C1CCN(CC2CN(c3ccc(S(=O)(=O)c4ccc(C(=O)O)cc4)cc3)C2)CC1,COC(=O)N[C@@H]1CCC[C@H]1C(C#N)(c1ccccc1)C1CCN(CC2CN(c3ccc(S(=O)(=O)c4ccc(C(=O)O)cc4)cc3)C2)CC1,COC(=O)N[C@@H]1CCC[C@H]1C(C#N)(c1ccccc1)C1CCN(CC2CN(c3ccc(S(=O)(=O)c4ccc(C(=O)O)cc4)cc3)C2)CC1,YYRTZOYRPFJVQM-CKTNNRQRSA-N,YYRTZOYRPFJVQM-CKTNNRQRSA-N,standardized,0.0,False,2.0,strict_exact,exact_point_estimate,weak_1uM_to_10uM,False,False,IC50,biochemical_binding,False,0.0482953511918777,0.27911112048934333,0.25,CC(=O)Nc1cccc(N2CCN(CC3CCN(S(=O)(=O)CC4CCCCC4)CC3)CC2)c1,False,low
STR-876F949BC6A8C1B80B12,IC50,biochemical_binding,1,1,0,1,1,0,0,5.560667306169737,5.560667306169737,5.560667306169737,2750.0,2750.0,IC50,1,inhibitory_potency,1,biochemical_binding,1,PubChem,156531894,Menin,2026,=,CCN(C(=O)c1cc(F)ccc1Oc1nncnc1N1CCC2(C1)CN([C@@H](CCCN(C)CCOC)C(C)C)C2)C(C)C,CCN(C(C)C)C(=O)C1=C(C=CC(=C1)F)OC2=C(N=CN=N2)N3CCC4(C3)CN(C4)[C@@H](CCCN(C)CCOC)C(C)C,CCN(C(=O)c1cc(F)ccc1Oc1nncnc1N1CCC2(C1)CN([C@@H](CCCN(C)CCOC)C(C)C)C2)C(C)C,CCN(C(=O)c1cc(F)ccc1Oc1nncnc1N1CCC2(C1)CN([C@@H](CCCN(C)CCOC)C(C)C)C2)C(C)C,PDUGAXSIWNMIBQ-MHZLTWQESA-N,PDUGAXSIWNMIBQ-MHZLTWQESA-N,standardized,0.0,False,2.0,strict_exact,exact_point_estimate,weak_1uM_to_10uM,False,False,IC50,biochemical_binding,False,0.7304529906261318,0.8408138719136753,0.2520325183868408,COCC(=O)O[C@]1(CCN(C)CCCc2nc3ccccc3[nH]2)CCc2cc(F)ccc2[C@@H]1C(C)C,False,high
STR-2AFD93E7E8064B3E49E2,IC50,biochemical_binding,1,2,1,2,1,0,0,5.552841968657781,5.552841968657781,5.552841968657781,2800.0,2800.0,IC50,1,inhibitory_potency,1,biochemical_binding,1,ChEMBL;PubChem,CHEMBL5934264,Menin,2021,=,C=CCC1(C2CCN(CCCOc3ccc(C#N)cc3)CC2)NCCc2ccccc21,C=CCC1(C2CCN(CCCOc3ccc(C#N)cc3)CC2)NCCc2ccccc21,C=CCC1(C2CCN(CCCOc3ccc(C#N)cc3)CC2)NCCc2ccccc21,C=CCC1(C2CCN(CCCOc3ccc(C#N)cc3)CC2)NCCc2ccccc21,SQFCVBDBQOSYCW-UHFFFAOYSA-N,SQFCVBDBQOSYCW-UHFFFAOYSA-N,standardized,0.0,False,2.0,strict_exact,exact_point_estimate,weak_1uM_to_10uM,False,False,IC50,biochemical_binding,False,0.9982109517020107,0.01890665470971405,0.30434781312942505,c1ccc(-c2ccc(OCCCCCN3CCCCCC3)cc2)cc1,True,high
STR-CC05FA7F39995CB495AE,IC50,biochemical_binding,1,2,1,2,1,0,0,5.552841968657781,5.552841968657781,5.552841968657781,2800.0,2800.0,IC50,1,inhibitory_potency,1,biochemical_binding,1,ChEMBL;PubChem,CHEMBL5961379,Menin,2021,=,CCCCC(=O)c1cc2cc(CCN3CCC(C4(C5CCCC5)NCCc5ccccc54)CC3)ccc2n1C,CCCCC(=O)c1cc2cc(CCN3CCC(C4(C5CCCC5)NCCc5ccccc54)CC3)ccc2n1C,CCCCC(=O)c1cc2cc(CCN3CCC(C4(C5CCCC5)NCCc5ccccc54)CC3)ccc2n1C,CCCCC(=O)c1cc2cc(CCN3CCC(C4(C5CCCC5)NCCc5ccccc54)CC3)ccc2n1C,FQXIHTFGGJAHCW-UHFFFAOYSA-N,FQXIHTFGGJAHCW-UHFFFAOYSA-N,standardized,0.0,False,2.0,strict_exact,exact_point_estimate,weak_1uM_to_10uM,False,False,IC50,biochemical_binding,False,0.9990571556827564,0.010835833971091243,0.29032257199287415,CN(C)Cc1ccc2c(c1)CCN(C(=O)c1cc3cc(Cl)ccc3n1C)C2,True,high
STR-6CAE53F54456642C32C0,IC50,biochemical_binding,1,1,0,1,1,0,0,5.546681659952963,5.546681659952963,5.546681659952963,2840.0,2840.0,IC50,1,inhibitory_potency,1,biochemical_binding,1,PubChem,156532005,Menin,2026,=,CCN(C(=O)c1cc(F)ccc1Oc1nncnc1N1CCC2(C1)CN([C@@H](CCC(C)(C)N(C)C)C(C)C)C2)C(C)C,CCN(C(C)C)C(=O)C1=C(C=CC(=C1)F)OC2=C(N=CN=N2)N3CCC4(C3)CN(C4)[C@@H](CCC(C)(C)N(C)C)C(C)C,CCN(C(=O)c1cc(F)ccc1Oc1nncnc1N1CCC2(C1)CN([C@@H](CCC(C)(C)N(C)C)C(C)C)C2)C(C)C,CCN(C(=O)c1cc(F)ccc1Oc1nncnc1N1CCC2(C1)CN([C@@H](CCC(C)(C)N(C)C)C(C)C)C2)C(C)C,BKJAOQMLDWABBS-SANMLTNESA-N,BKJAOQMLDWABBS-SANMLTNESA-N,standardized,0.0,False,2.0,strict_exact,exact_point_estimate,weak_1uM_to_10uM,False,False,IC50,biochemical_binding,False,0.6455778394063135,0.9379555332842024,0.2300885021686554,CC(Oc1ccc(S(C)(=O)=O)cc1C(=O)N1CCN(c2ncc(C(F)(F)F)cc2Cl)CC1)C(F)(F)F,False,medium
STR-135D463A1137C39C5816,IC50,biochemical_binding,1,1,0,1,1,0,0,5.522878745280337,5.522878745280337,5.522878745280337,3000.0,3000.0,IC50,1,inhibitory_potency,1,biochemical_binding,1,ChEMBL,CHEMBL4533602,Menin,2019,=,N#Cc1ccc(N2CC(CN3CCC(C(C#N)(c4ccccc4)C4CCCC4)CC3)C2)cc1,N#Cc1ccc(N2CC(CN3CCC(C(C#N)(c4ccccc4)C4CCCC4)CC3)C2)cc1,N#Cc1ccc(N2CC(CN3CCC(C(C#N)(c4ccccc4)C4CCCC4)CC3)C2)cc1,N#Cc1ccc(N2CC(CN3CCC(C(C#N)(c4ccccc4)C4CCCC4)CC3)C2)cc1,CYEDNGNZORFGTK-UHFFFAOYSA-N,CYEDNGNZORFGTK-UHFFFAOYSA-N,standardized,0.0,False,2.0,strict_exact,exact_point_estimate,weak_1uM_to_10uM,False,False,IC50,biochemical_binding,False,0.9171268841374371,0.4122227560287077,0.28169015049934387,CC(C)(O)c1ccc(C(O)CCCN2CCC(C(O)(c3ccccc3)c3ccccc3)CC2)cc1,True,high
STR-5472A1D1C6965F08A7DA,IC50,biochemical_binding,1,2,1,2,1,0,0,5.522878745280337,5.522878745280337,5.522878745280337,3000.0,3000.0,IC50,1,inhibitory_potency,1,biochemical_binding,1,ChEMBL;PubChem,CHEMBL5985714,Menin,2021,=,C=C(C)CC1(C2CCN(CCCOc3ccc(C#N)cc3)CC2)NCCc2ccccc21,C=C(C)CC1(C2CCN(CCCOc3ccc(C#N)cc3)CC2)NCCc2ccccc21,C=C(C)CC1(C2CCN(CCCOc3ccc(C#N)cc3)CC2)NCCc2ccccc21,C=C(C)CC1(C2CCN(CCCOc3ccc(C#N)cc3)CC2)NCCc2ccccc21,BJWRQZGJMPXJHK-UHFFFAOYSA-N,BJWRQZGJMPXJHK-UHFFFAOYSA-N,standardized,0.0,False,2.0,strict_exact,exact_point_estimate,weak_1uM_to_10uM,False,False,IC50,biochemical_binding,False,0.9977502342653689,0.0230310328439131,0.30000001192092896,c1ccc(-c2ccc(OCCCCCN3CCCCCC3)cc2)cc1,True,high
STR-8E3630FC0BF9AADB03BC,IC50,biochemical_binding,1,2,1,2,1,0,0,5.508638306165727,5.508638306165727,5.508638306165727,3100.0,3100.0,IC50,1,inhibitory_potency,1,biochemical_binding,1,ChEMBL;PubChem,CHEMBL6055006,Menin,2021,=,O=C(CN1CCC(C2(C3CCCC3)NCCc3ccccc32)CC1)N1CCCC1,O=C(CN1CCC(C2(C3CCCC3)NCCc3ccccc32)CC1)N1CCCC1,O=C(CN1CCC(C2(C3CCCC3)NCCc3ccccc32)CC1)N1CCCC1,O=C(CN1CCC(C2(C3CCCC3)NCCc3ccccc32)CC1)N1CCCC1,ULPLABDYXSMZQH-UHFFFAOYSA-N,ULPLABDYXSMZQH-UHFFFAOYSA-N,standardized,0.0,False,2.0,strict_exact,exact_point_estimate,weak_1uM_to_10uM,False,False,IC50,biochemical_binding,False,0.8982604549360964,0.47448569145162056,0.27272728085517883,CCOC(=O)C[C@H]1Cc2ccccc2C2(CCC(N3CCN(C4CCCCC4)CC3)CC2)O1,True,high
STR-E71EA49855240EBB6F7C,IC50,biochemical_binding,1,2,1,2,1,0,0,5.508638306165727,5.508638306165727,5.508638306165727,3100.0,3100.0,IC50,1,inhibitory_potency,1,biochemical_binding,1,ChEMBL;PubChem,CHEMBL5955526,Menin,2021,=,CNC(=O)O[C@@H]1CCC[C@H]1C(C#N)(c1ccccc1)C1CCN(CC2CN(c3ccc(C#N)cc3)C2)CC1,CNC(=O)O[C@@H]1CCC[C@H]1C(C#N)(c1ccccc1)C1CCN(CC2CN(c3ccc(C#N)cc3)C2)CC1,CNC(=O)O[C@@H]1CCC[C@H]1C(C#N)(c1ccccc1)C1CCN(CC2CN(c3ccc(C#N)cc3)C2)CC1,CNC(=O)O[C@@H]1CCC[C@H]1C(C#N)(c1ccccc1)C1CCN(CC2CN(c3ccc(C#N)cc3)C2)CC1,IFDKQQVTCZCWIE-FYZJSYNQSA-N,IFDKQQVTCZCWIE-FYZJSYNQSA-N,standardized,0.0,False,2.0,strict_exact,exact_point_estimate,weak_1uM_to_10uM,False,False,IC50,biochemical_binding,False,0.253714095192884,0.8171119297347857,0.26530611515045166,N#Cc1ccc(CCN2CCC(Nc3nc4ccccc4n3Cc3ccc(C(=O)O)cc3)CC2)cc1,True,low
STR-919E61E523A8F795DCEC,IC50,biochemical_binding,1,2,1,2,1,0,0,5.494850021680094,5.494850021680094,5.494850021680094,3200.0,3200.0,IC50,1,inhibitory_potency,1,biochemical_binding,1,ChEMBL;PubChem,CHEMBL5979427,Menin,2021,=,N#Cc1ccc(OCCCN2CCC(C3(C4CCCC4)COCc4ccccc43)CC2)cc1,N#Cc1ccc(OCCCN2CCC(C3(C4CCCC4)COCc4ccccc43)CC2)cc1,N#Cc1ccc(OCCCN2CCC(C3(C4CCCC4)COCc4ccccc43)CC2)cc1,N#Cc1ccc(OCCCN2CCC(C3(C4CCCC4)COCc4ccccc43)CC2)cc1,IYPQFUSXZIHDJV-UHFFFAOYSA-N,IYPQFUSXZIHDJV-UHFFFAOYSA-N,standardized,0.0,False,2.0,strict_exact,exact_point_estimate,weak_1uM_to_10uM,False,False,IC50,biochemical_binding,False,0.9995582109839779,0.005560679565252308,0.3384615480899811,c1ccc(-c2ccc(OCCCCCN3CCCCCC3)cc2)cc1,True,high
STR-AA65E7D5BF8C15D9F669,IC50,biochemical_binding,1,2,1,2,1,0,0,5.494850021680094,5.494850021680094,5.494850021680094,3200.0,3200.0,IC50,1,inhibitory_potency,1,biochemical_binding,1,ChEMBL;PubChem,CHEMBL6050075,Menin,2021,=,CNC(=O)[C@H]1CCC[C@@H]1C(C#N)(c1ccccc1)C1CCN(CC2CN(c3ccc(S(=O)(=O)C4CC4)cc3)C2)CC1,CNC(=O)[C@H]1CCC[C@@H]1C(C#N)(c1ccccc1)C1CCN(CC2CN(c3ccc(S(=O)(=O)C4CC4)cc3)C2)CC1,CNC(=O)[C@H]1CCC[C@@H]1C(C#N)(c1ccccc1)C1CCN(CC2CN(c3ccc(S(=O)(=O)C4CC4)cc3)C2)CC1,CNC(=O)[C@H]1CCC[C@@H]1C(C#N)(c1ccccc1)C1CCN(CC2CN(c3ccc(S(=O)(=O)C4CC4)cc3)C2)CC1,RSYFWDSPKNNWTP-KZNDPDLVSA-N,RSYFWDSPKNNWTP-KZNDPDLVSA-N,standardized,0.0,False,2.0,strict_exact,exact_point_estimate,weak_1uM_to_10uM,False,False,IC50,biochemical_binding,False,0.24773181323361204,0.8076633008614578,0.26744186878204346,CC(C)(O)c1ccc(C(O)CCCN2CCC(C(O)(c3ccccc3)c3ccccc3)CC2)cc1,True,low
STR-A540B6064EC41BB600F8,IC50,biochemical_binding,1,2,1,2,1,0,0,5.484126156288321,5.484126156288321,5.484126156288321,3280.0,3280.0,IC50,1,inhibitory_potency,1,biochemical_binding,1,ChEMBL;PubChem,CHEMBL5757788,Menin,2021,=,CC(=O)O[C@@H]1CCC[C@H]1C(C#N)(c1cccc(F)c1)C1CCN(CC2CN(c3ccc(C#N)cc3)C2)CC1,CC(=O)O[C@@H]1CCC[C@H]1C(C#N)(c1cccc(F)c1)C1CCN(CC2CN(c3ccc(C#N)cc3)C2)CC1,CC(=O)O[C@@H]1CCC[C@H]1C(C#N)(c1cccc(F)c1)C1CCN(CC2CN(c3ccc(C#N)cc3)C2)CC1,CC(=O)O[C@@H]1CCC[C@H]1C(C#N)(c1cccc(F)c1)C1CCN(CC2CN(c3ccc(C#N)cc3)C2)CC1,KXPSUXIZTPMMPF-KCUXUGRMSA-N,KXPSUXIZTPMMPF-KCUXUGRMSA-N,standardized,0.0,False,2.0,strict_exact,exact_point_estimate,weak_1uM_to_10uM,False,False,IC50,biochemical_binding,False,0.5677364968500018,0.9867203624924062,0.26530611515045166,CC(Oc1ccc(S(C)(=O)=O)cc1C(=O)N1CCN(c2ccc(C#N)cc2)CC1)C(F)(F)F,True,medium
STR-00A1D39E2CC2B5C8F906,IC50,biochemical_binding,1,2,1,2,1,0,0,5.481486060122112,5.481486060122112,5.481486060122112,3300.0,3300.0,IC50,1,inhibitory_potency,1,biochemical_binding,1,ChEMBL;PubChem,CHEMBL6017609,Menin,2021,=,CS(=O)(=O)C[C@@H]1CCC[C@H]1C(C#N)(c1ccccc1)C1CCN(CC2CN(c3ccc(S(=O)(=O)c4ccncc4)cc3)C2)CC1,CS(=O)(=O)C[C@@H]1CCC[C@H]1C(C#N)(c1ccccc1)C1CCN(CC2CN(c3ccc(S(=O)(=O)c4ccncc4)cc3)C2)CC1,CS(=O)(=O)C[C@@H]1CCC[C@H]1C(C#N)(c1ccccc1)C1CCN(CC2CN(c3ccc(S(=O)(=O)c4ccncc4)cc3)C2)CC1,CS(=O)(=O)C[C@@H]1CCC[C@H]1C(C#N)(c1ccccc1)C1CCN(CC2CN(c3ccc(S(=O)(=O)c4ccncc4)cc3)C2)CC1,IECWYAQPPKAUSB-MVBJGFHDSA-N,IECWYAQPPKAUSB-MVBJGFHDSA-N,standardized,0.0,False,2.0,strict_exact,exact_point_estimate,weak_1uM_to_10uM,False,False,IC50,biochemical_binding,False,0.14639715596065372,0.6007502571928571,0.24271844327449799,CS(=O)(=O)c1ccc(Cn2c(NC3CCN(CCc4ccc(C#N)cc4)CC3)nc3ccccc32)cc1,False,low
STR-E5059C295BEFCBEAC7A4,IC50,biochemical_binding,1,2,1,2,1,0,0,5.481486060122112,5.481486060122112,5.481486060122112,3300.0,3300.0,IC50,1,inhibitory_potency,1,biochemical_binding,1,ChEMBL;PubChem,CHEMBL5901057,Menin,2021,=,CC(=O)N[C@@H]1CCC[C@H]1C(C#N)(c1ccccc1)C1CCN(CC2CN(c3ccc(S(=O)(=O)C4CC4)cc3)C2)CC1,CC(=O)N[C@@H]1CCC[C@H]1C(C#N)(c1ccccc1)C1CCN(CC2CN(c3ccc(S(=O)(=O)C4CC4)cc3)C2)CC1,CC(=O)N[C@@H]1CCC[C@H]1C(C#N)(c1ccccc1)C1CCN(CC2CN(c3ccc(S(=O)(=O)C4CC4)cc3)C2)CC1,CC(=O)N[C@@H]1CCC[C@H]1C(C#N)(c1ccccc1)C1CCN(CC2CN(c3ccc(S(=O)(=O)C4CC4)cc3)C2)CC1,ZPCGSMFETVJELP-NWBPNMJXSA-N,ZPCGSMFETVJELP-NWBPNMJXSA-N,standardized,0.0,False,2.0,strict_exact,exact_point_estimate,weak_1uM_to_10uM,False,False,IC50,biochemical_binding,False,0.3873436080626959,0.9630638717616904,0.29032257199287415,CC(=O)Nc1cccc(N2CCN(CC3CCN(S(=O)(=O)CC4CCCCC4)CC3)CC2)c1,True,medium
STR-F002CB3DA8E3E8ADE73A,IC50,biochemical_binding,1,2,1,2,1,0,0,5.481486060122112,5.481486060122112,5.481486060122112,3300.0,3300.0,IC50,1,inhibitory_potency,1,biochemical_binding,1,ChEMBL;PubChem,CHEMBL5975770,Menin,2021,=,CCCC(C)C1(C2CCN(CCCOc3ccc(C#N)cc3)CC2)NCCc2ccccc21,CCCC(C)C1(C2CCN(CCCOc3ccc(C#N)cc3)CC2)NCCc2ccccc21,CCCC(C)C1(C2CCN(CCCOc3ccc(C#N)cc3)CC2)NCCc2ccccc21,CCCC(C)C1(C2CCN(CCCOc3ccc(C#N)cc3)CC2)NCCc2ccccc21,VFGJHHSALHZOED-UHFFFAOYSA-N,VFGJHHSALHZOED-UHFFFAOYSA-N,standardized,0.0,False,2.0,strict_exact,exact_point_estimate,weak_1uM_to_10uM,False,False,IC50,biochemical_binding,False,0.9986443115158405,0.014869835589042438,0.3012048304080963,N#Cc1ccc(CCN2CCC(Nc3nc4ccccc4[nH]3)CC2)cc1,True,high
STR-8F7CBFDB7C53A966A008,IC50,biochemical_binding,1,1,0,1,1,0,0,5.480172006224281,5.480172006224281,5.480172006224281,3310.0,3310.0,IC50,1,inhibitory_potency,1,biochemical_binding,1,PubChem,156531431,Menin,2026,=,CCN(C(=O)c1cc(F)ccc1Oc1nncnc1N1CCC2(C1)CN([C@@H](CCCN)C(C)C)C2)C(C)C,CCN(C(C)C)C(=O)C1=C(C=CC(=C1)F)OC2=C(N=CN=N2)N3CCC4(C3)CN(C4)[C@@H](CCCN)C(C)C,CCN(C(=O)c1cc(F)ccc1Oc1nncnc1N1CCC2(C1)CN([C@@H](CCCN)C(C)C)C2)C(C)C,CCN(C(=O)c1cc(F)ccc1Oc1nncnc1N1CCC2(C1)CN([C@@H](CCCN)C(C)C)C2)C(C)C,UDIGWQWOIBIODT-QHCPKHFHSA-N,UDIGWQWOIBIODT-QHCPKHFHSA-N,standardized,0.0,False,2.0,strict_exact,exact_point_estimate,weak_1uM_to_10uM,False,False,IC50,biochemical_binding,False,0.44953663615086215,0.9926396812797575,0.2450980395078659,CN(C)C(=O)N1CC(c2cc(F)ccc2F)=C[C@@]1(CCCN)c1ccccc1,False,medium
STR-ED2163A2DFC4C94EBA76,IC50,biochemical_binding,1,1,0,1,1,0,0,5.47755576649368,5.47755576649368,5.47755576649368,3330.0,3330.0,IC50,1,inhibitory_potency,1,biochemical_binding,1,ChEMBL,CHEMBL2314571,Menin,2013,=,N=C(N)NCCC[C@@H]1NC(=O)C2(CCC2)NC(=O)[C@@H]2CCCN2C(=O)[C@H](CC2CCCCC2)NC(=O)[C@@H](N)CCCCCCCCNC(=O)[C@@H]2CCCN2C1=O,N=C(N)NCCC[C@@H]1NC(=O)C2(CCC2)NC(=O)[C@@H]2CCCN2C(=O)[C@H](CC2CCCCC2)NC(=O)[C@@H](N)CCCCCCCCNC(=O)[C@@H]2CCCN2C1=O,N=C(N)NCCC[C@@H]1NC(=O)C2(CCC2)NC(=O)[C@@H]2CCCN2C(=O)[C@H](CC2CCCCC2)NC(=O)[C@@H](N)CCCCCCCCNC(=O)[C@@H]2CCCN2C1=O,N=C(N)NCCC[C@@H]1NC(=O)C2(CCC2)NC(=O)[C@@H]2CCCN2C(=O)[C@H](CC2CCCCC2)NC(=O)[C@@H](N)CCCCCCCCNC(=O)[C@@H]2CCCN2C1=O,OZTHMHANIFLDRK-XDIGFQIYSA-N,OZTHMHANIFLDRK-XDIGFQIYSA-N,standardized,0.0,False,2.0,strict_exact,exact_point_estimate,weak_1uM_to_10uM,False,False,IC50,biochemical_binding,False,0.006586618701865203,0.05719937965346193,0.16981132328510284,O=C1NCC(c2ccccc2)C12CCN(C1CCCCC1(O)c1ccc(F)cc1)CC2,False,low
STR-F6B3210B924167EFDCBB,IC50,biochemical_binding,1,2,1,2,1,0,0,5.468521082957745,5.468521082957745,5.468521082957745,3400.0,3400.0,IC50,1,inhibitory_potency,1,biochemical_binding,1,ChEMBL;PubChem,CHEMBL5947091,Menin,2021,=,CCNC(=O)O[C@@H]1CCC[C@H]1C(C#N)(c1ccccc1)C1CCN(CC2CN(c3ccc(S(=O)(=O)c4ccncc4)cc3)C2)CC1,CCNC(=O)O[C@@H]1CCC[C@H]1C(C#N)(c1ccccc1)C1CCN(CC2CN(c3ccc(S(=O)(=O)c4ccncc4)cc3)C2)CC1,CCNC(=O)O[C@@H]1CCC[C@H]1C(C#N)(c1ccccc1)C1CCN(CC2CN(c3ccc(S(=O)(=O)c4ccncc4)cc3)C2)CC1,CCNC(=O)O[C@@H]1CCC[C@H]1C(C#N)(c1ccccc1)C1CCN(CC2CN(c3ccc(S(=O)(=O)c4ccncc4)cc3)C2)CC1,GGRLJDZHMGTFIW-INSQSLAKSA-N,GGRLJDZHMGTFIW-INSQSLAKSA-N,standardized,0.0,False,2.0,strict_exact,exact_point_estimate,weak_1uM_to_10uM,False,False,IC50,biochemical_binding,False,0.012798108495221361,0.09881866360582095,0.25,C[C@@H]1CN(CC2(c3ccncc3)CC2)CCN1S(=O)(=O)c1ccc(C(C)(O)C(F)(F)F)cc1,False,low
STR-0855D8D007FB84375292,IC50,biochemical_binding,2,4,2,2,2,0,0,5.466650724788503,5.958607314841775,4.97469413473523,5850.0,1100.0,IC50,1,inhibitory_potency,1,biochemical_binding,1,ChEMBL;PubChem,CHEMBL6041723,Menin,2021,=,N#Cc1ccc(OC2CC(N3CCC(C4(C5CCCC5)NCCc5ccccc54)CC3)C2)cc1,N#Cc1ccc(OC2CC(N3CCC(C4(C5CCCC5)NCCc5ccccc54)CC3)C2)cc1,N#Cc1ccc(OC2CC(N3CCC(C4(C5CCCC5)NCCc5ccccc54)CC3)C2)cc1,N#Cc1ccc(OC2CC(N3CCC(C4(C5CCCC5)NCCc5ccccc54)CC3)C2)cc1,IAVUPSCPJIBRMN-UHFFFAOYSA-N,IAVUPSCPJIBRMN-UHFFFAOYSA-N,standardized,0.983913180106545,False,2.0,strict_exact,exact_point_estimate,weak_1uM_to_10uM,False,False,IC50,biochemical_binding,False,0.9954960111125469,0.04158993349997171,0.3589743673801422,C[C@]12CCCC[C@H]1C[C@@H](N1CCC[C@@H](N)C1)[C@@H]2Oc1ccc(C#N)cc1,True,high
STR-93B1E6E77462AC33263F,IC50,biochemical_binding,1,1,0,1,1,0,0,5.455931955649724,5.455931955649724,5.455931955649724,3500.0,3500.0,IC50,1,inhibitory_potency,1,biochemical_binding,1,ChEMBL,CHEMBL4462347,Menin,2019,=,CC(=O)O[C@@H]1CCC[C@H]1[C@](C#N)(c1ccccc1)C1CCN(CC2CN(c3ccc(C#N)cc3)C2)CC1,CC(=O)O[C@@H]1CCC[C@H]1[C@](C#N)(c1ccccc1)C1CCN(CC2CN(c3ccc(C#N)cc3)C2)CC1,CC(=O)O[C@@H]1CCC[C@H]1[C@](C#N)(c1ccccc1)C1CCN(CC2CN(c3ccc(C#N)cc3)C2)CC1,CC(=O)O[C@@H]1CCC[C@H]1[C@](C#N)(c1ccccc1)C1CCN(CC2CN(c3ccc(C#N)cc3)C2)CC1,VJIXVSWXFJDMJM-JFHPUIQFSA-N,VJIXVSWXFJDMJM-JFHPUIQFSA-N,standardized,0.0,False,2.0,strict_exact,exact_point_estimate,weak_1uM_to_10uM,False,False,IC50,biochemical_binding,False,0.36829445150038076,0.9493535196989337,0.2666666805744171,NC(=O)C(c1ccccc1)(c1ccccc1)[C@@H]1CCN(CCc2ccc3c(c2)CCO3)C1,True,medium
STR-4C43BCDB33EE423B9ECC,IC50,biochemical_binding,1,2,1,2,1,0,0,5.443697499232712,5.443697499232712,5.443697499232712,3600.0,3600.0,IC50,1,inhibitory_potency,1,biochemical_binding,1,ChEMBL;PubChem,CHEMBL6063617,Menin,2021,=,CO[C@@H]1CCC[C@@H]1C(C#N)(c1ccccc1)C1CCN(CCCOc2ccc(C#N)cc2)CC1,CO[C@@H]1CCC[C@@H]1C(C#N)(c1ccccc1)C1CCN(CCCOc2ccc(C#N)cc2)CC1,CO[C@@H]1CCC[C@@H]1C(C#N)(c1ccccc1)C1CCN(CCCOc2ccc(C#N)cc2)CC1,CO[C@@H]1CCC[C@@H]1C(C#N)(c1ccccc1)C1CCN(CCCOc2ccc(C#N)cc2)CC1,GTILRIPAVDNTIG-POZJPKTBSA-N,GTILRIPAVDNTIG-POZJPKTBSA-N,standardized,0.0,False,2.0,strict_exact,exact_point_estimate,weak_1uM_to_10uM,False,False,IC50,biochemical_binding,False,0.9747724869644119,0.16986190207020538,0.35384616255760193,c1ccc(-c2ccc(OCCCCCN3CCCCCC3)cc2)cc1,True,high
STR-CF723552A81BEA7EC32F,IC50,biochemical_binding,1,2,1,2,1,0,0,5.443697499232712,5.443697499232712,5.443697499232712,3600.0,3600.0,IC50,1,inhibitory_potency,1,biochemical_binding,1,ChEMBL;PubChem,CHEMBL5931266,Menin,2021,=,CNC(=O)O[C@@H]1CCC[C@H]1C(C#N)(c1ccccc1)C1CCN(CC2(F)CN(c3ccc(S(=O)(=O)c4cnn(C)c4)cc3)C2)CC1,CNC(=O)O[C@@H]1CCC[C@H]1C(C#N)(c1ccccc1)C1CCN(CC2(F)CN(c3ccc(S(=O)(=O)c4cnn(C)c4)cc3)C2)CC1,CNC(=O)O[C@@H]1CCC[C@H]1C(C#N)(c1ccccc1)C1CCN(CC2(F)CN(c3ccc(S(=O)(=O)c4cnn(C)c4)cc3)C2)CC1,CNC(=O)O[C@@H]1CCC[C@H]1C(C#N)(c1ccccc1)C1CCN(CC2(F)CN(c3ccc(S(=O)(=O)c4cnn(C)c4)cc3)C2)CC1,RZWRMCFYZPLCHI-INJIGVFBSA-N,RZWRMCFYZPLCHI-INJIGVFBSA-N,standardized,0.0,False,2.0,strict_exact,exact_point_estimate,weak_1uM_to_10uM,False,False,IC50,biochemical_binding,False,0.0073950988826310595,0.0629808199983676,0.23529411852359772,CNC(=O)C(CCN1CCC(O)(c2ccc(Cl)cc2)CC1)(c1ccccc1)c1ccccc1,False,low
STR-0B3A10F091CFA83F82BC,IC50,biochemical_binding,1,1,0,1,1,0,0,5.432973633840939,5.432973633840939,5.432973633840939,3690.0,3690.0,IC50,1,inhibitory_potency,1,biochemical_binding,1,PubChem,156531911,Menin,2026,=,CCN(C(=O)c1cc(F)ccc1Oc1nnccc1N1CCC2(C1)CN([C@@H](CCCN(C)C)C(C)C)C2)C(C)C,CCN(C(C)C)C(=O)C1=C(C=CC(=C1)F)OC2=C(C=CN=N2)N3CCC4(C3)CN(C4)[C@@H](CCCN(C)C)C(C)C,CCN(C(=O)c1cc(F)ccc1Oc1nnccc1N1CCC2(C1)CN([C@@H](CCCN(C)C)C(C)C)C2)C(C)C,CCN(C(=O)c1cc(F)ccc1Oc1nnccc1N1CCC2(C1)CN([C@@H](CCCN(C)C)C(C)C)C2)C(C)C,WYVZOEWNGVZXJJ-SANMLTNESA-N,WYVZOEWNGVZXJJ-SANMLTNESA-N,standardized,0.0,False,2.0,strict_exact,exact_point_estimate,weak_1uM_to_10uM,False,False,IC50,biochemical_binding,False,0.6507531940655948,0.9333935898351102,0.23000000417232513,COc1nccnc1[C@H](C)C1=C(CCN(C)C)Cc2cc(F)ccc21,False,medium
STR-FB98DD14CDC38EDCF612,IC50,biochemical_binding,1,1,0,1,1,0,0,5.421360790031928,5.421360790031928,5.421360790031928,3790.0,3790.0,IC50,1,inhibitory_potency,1,biochemical_binding,1,PubChem,156531844,Menin,2026,=,COCCN(C)CCC[C@@H](C(C)C)N1CC2(CCN(c3ccnnc3Oc3ccc(F)cc3C(=O)N(C(C)C)C(C)C)C2)C1,CC(C)[C@H](CCCN(C)CCOC)N1CC2(C1)CCN(C2)C3=C(N=NC=C3)OC4=C(C=C(C=C4)F)C(=O)N(C(C)C)C(C)C,COCCN(C)CCC[C@@H](C(C)C)N1CC2(CCN(c3ccnnc3Oc3ccc(F)cc3C(=O)N(C(C)C)C(C)C)C2)C1,COCCN(C)CCC[C@@H](C(C)C)N1CC2(CCN(c3ccnnc3Oc3ccc(F)cc3C(=O)N(C(C)C)C(C)C)C2)C1,OTOKSKUUDODMQT-LJAQVGFWSA-N,OTOKSKUUDODMQT-LJAQVGFWSA-N,standardized,0.0,False,2.0,strict_exact,exact_point_estimate,weak_1uM_to_10uM,False,False,IC50,biochemical_binding,False,0.6932886164827592,0.8893407722105724,0.2711864411830902,COCC(=O)O[C@]1(CCN(C)CCCc2nc3ccccc3[nH]2)CCc2cc(F)ccc2[C@@H]1C(C)C,True,medium
STR-0C77A21AB4DE90C1EA09,IC50,biochemical_binding,1,2,1,2,1,0,0,5.42021640338319,5.42021640338319,5.42021640338319,3800.0,3800.0,IC50,1,inhibitory_potency,1,biochemical_binding,1,ChEMBL;PubChem,CHEMBL5782644,Menin,2021,=,CS(=O)(=O)c1ccc(N2CC(CN3CCC(C(C#N)(c4ccccc4)[C@@H]4CCC[C@H]4O)CC3)C2)cc1,CS(=O)(=O)c1ccc(N2CC(CN3CCC(C(C#N)(c4ccccc4)[C@@H]4CCC[C@H]4O)CC3)C2)cc1,CS(=O)(=O)c1ccc(N2CC(CN3CCC(C(C#N)(c4ccccc4)[C@@H]4CCC[C@H]4O)CC3)C2)cc1,CS(=O)(=O)c1ccc(N2CC(CN3CCC(C(C#N)(c4ccccc4)[C@@H]4CCC[C@H]4O)CC3)C2)cc1,WBWKKVOKDMNJBT-KSSJMHQNSA-N,WBWKKVOKDMNJBT-KSSJMHQNSA-N,standardized,0.0,False,2.0,strict_exact,exact_point_estimate,weak_1uM_to_10uM,False,False,IC50,biochemical_binding,False,0.2805182611233751,0.8561560169603715,0.27659574151039124,CS(=O)(=O)c1ccc(Cn2c(NC3CCN(CCc4ccc(C#N)cc4)CC3)nc3ccccc32)cc1,True,low
STR-551B85BEC657362DBF0B,IC50,biochemical_binding,1,2,1,2,1,0,0,5.42021640338319,5.42021640338319,5.42021640338319,3800.0,3800.0,IC50,1,inhibitory_potency,1,biochemical_binding,1,ChEMBL;PubChem,CHEMBL1622912,Menin,2015,=,CCc1cc2c(N3CCN(c4nnc(CC)s4)CC3)ncnc2s1,CCc1cc2c(N3CCN(c4nnc(CC)s4)CC3)ncnc2s1,CCc1cc2c(N3CCN(c4nnc(CC)s4)CC3)ncnc2s1,CCc1cc2c(N3CCN(c4nnc(CC)s4)CC3)ncnc2s1,DHKNVMARWYPUJF-UHFFFAOYSA-N,DHKNVMARWYPUJF-UHFFFAOYSA-N,standardized,0.0,False,2.0,strict_exact,exact_point_estimate,weak_1uM_to_10uM,False,False,IC50,biochemical_binding,False,0.6558369963278142,0.9287468123299643,0.2073170691728592,CCc1cc(F)c2nc(N3CCC(NC4CCOCC4)CC3)c(-c3nc(C)no3)c(C)c2c1,False,medium
STR-86DE9B893F458A7FEC98,IC50,biochemical_binding,1,2,1,2,1,0,0,5.42021640338319,5.42021640338319,5.42021640338319,3800.0,3800.0,IC50,1,inhibitory_potency,1,biochemical_binding,1,ChEMBL;PubChem,CHEMBL5896173,Menin,2021,=,CNC(=O)N[C@@H]1CCC[C@H]1C(CNC(=O)c1cocn1)(c1ccccc1)C1CCN(CC2CN(c3ccc(C#N)cc3)C2)CC1,CNC(=O)N[C@@H]1CCC[C@H]1C(CNC(=O)c1cocn1)(c1ccccc1)C1CCN(CC2CN(c3ccc(C#N)cc3)C2)CC1,CNC(=O)N[C@@H]1CCC[C@H]1C(CNC(=O)c1cocn1)(c1ccccc1)C1CCN(CC2CN(c3ccc(C#N)cc3)C2)CC1,CNC(=O)N[C@@H]1CCC[C@H]1C(CNC(=O)c1cocn1)(c1ccccc1)C1CCN(CC2CN(c3ccc(C#N)cc3)C2)CC1,ZJNVALXKIUZRSB-UFKOFYMYSA-N,ZJNVALXKIUZRSB-UFKOFYMYSA-N,standardized,0.0,False,2.0,strict_exact,exact_point_estimate,weak_1uM_to_10uM,False,False,IC50,biochemical_binding,False,0.09893977726307429,0.4656257291650219,0.25641027092933655,CC(C)CNc1nc(N2CCN(CC3CCCOC3)CC2)ncc1C(=O)NCc1ccccc1,False,low
STR-D1C0AC976A090EAA245E,IC50,biochemical_binding,1,1,0,1,1,0,0,5.405607449624574,5.405607449624574,5.405607449624574,3930.0,3930.0,IC50,1,inhibitory_potency,1,biochemical_binding,1,PubChem,156531562,Menin,2026,=,CCN(C)C[C@@H](O)C[C@@H](C(C)C)N1CC2(CCN(c3ncnnc3Oc3ccc(F)cc3C(=O)N(CC)C(C)C)C2)C1,CCN(C)C[C@H](C[C@@H](C(C)C)N1CC2(C1)CCN(C2)C3=C(N=NC=N3)OC4=C(C=C(C=C4)F)C(=O)N(CC)C(C)C)O,CCN(C)C[C@@H](O)C[C@@H](C(C)C)N1CC2(CCN(c3ncnnc3Oc3ccc(F)cc3C(=O)N(CC)C(C)C)C2)C1,CCN(C)C[C@@H](O)C[C@@H](C(C)C)N1CC2(CCN(c3ncnnc3Oc3ccc(F)cc3C(=O)N(CC)C(C)C)C2)C1,LBZIHFPAAWTXAW-AHWVRZQESA-N,LBZIHFPAAWTXAW-AHWVRZQESA-N,standardized,0.0,False,2.0,strict_exact,exact_point_estimate,weak_1uM_to_10uM,False,False,IC50,biochemical_binding,False,0.5255167524867803,0.9981204927454621,0.2429906576871872,O=C(CCc1ccccc1)c1cc(F)ccc1OCC(O)CN1CCN(C(c2ccccc2)c2ccccc2)CC1,False,medium
STR-8535ECCB37B9DE83B0D3,IC50,biochemical_binding,1,1,0,1,1,0,0,5.400116927926312,5.400116927926312,5.400116927926312,3980.0,3980.0,IC50,1,inhibitory_potency,1,biochemical_binding,1,PubChem,156532017,Menin,2026,=,CCN(C(=O)c1cc(F)ccc1Oc1nncnc1N1CCC2(C1)CN([C@@H](CCCN(C)C(C)C)C(C)C)C2)C(C)C,CCN(C(C)C)C(=O)C1=C(C=CC(=C1)F)OC2=C(N=CN=N2)N3CCC4(C3)CN(C4)[C@@H](CCCN(C)C(C)C)C(C)C,CCN(C(=O)c1cc(F)ccc1Oc1nncnc1N1CCC2(C1)CN([C@@H](CCCN(C)C(C)C)C(C)C)C2)C(C)C,CCN(C(=O)c1cc(F)ccc1Oc1nncnc1N1CCC2(C1)CN([C@@H](CCCN(C)C(C)C)C(C)C)C2)C(C)C,LOLWSLIKQBDZNW-MHZLTWQESA-N,LOLWSLIKQBDZNW-MHZLTWQESA-N,standardized,0.0,False,2.0,strict_exact,exact_point_estimate,weak_1uM_to_10uM,False,False,IC50,biochemical_binding,False,0.8335029244460113,0.6496284938618065,0.22429905831813812,O=C(CCc1ccccc1)c1cc(F)ccc1OCC(O)CN1CCN(C(c2ccccc2)c2ccccc2)CC1,False,high
STR-4ACD6DB0066464DC0230,IC50,biochemical_binding,1,1,0,1,1,0,0,5.3979400086720375,5.3979400086720375,5.3979400086720375,4000.0,4000.0,IC50,1,inhibitory_potency,1,biochemical_binding,1,ChEMBL,CHEMBL3126184,Menin,2014,=,N#Cc1ccc(OCCCN2CCC(C(O)(c3ccccc3)C3CCC3)CC2)cc1,N#Cc1ccc(OCCCN2CCC(C(O)(c3ccccc3)C3CCC3)CC2)cc1,N#Cc1ccc(OCCCN2CCC(C(O)(c3ccccc3)C3CCC3)CC2)cc1,N#Cc1ccc(OCCCN2CCC(C(O)(c3ccccc3)C3CCC3)CC2)cc1,WNMLKDFEBXLYRH-UHFFFAOYSA-N,WNMLKDFEBXLYRH-UHFFFAOYSA-N,standardized,0.0,False,2.0,strict_exact,exact_point_estimate,weak_1uM_to_10uM,False,False,IC50,biochemical_binding,False,0.9929025079430318,0.060868362168819905,0.4035087823867798,c1ccc(-c2ccc(OCCCCCN3CCCCCC3)cc2)cc1,True,high
STR-B8D3AA93809B56B2198C,IC50,biochemical_binding,1,2,1,2,1,0,0,5.3872161432802645,5.3872161432802645,5.3872161432802645,4100.0,4100.0,IC50,1,inhibitory_potency,1,biochemical_binding,1,ChEMBL;PubChem,CHEMBL5856522,Menin,2021,=,N#Cc1ccc(N2CC(C(=O)N3CCC(C4(C5CCCC5)NCCc5ccccc54)CC3)C2)cc1,N#Cc1ccc(N2CC(C(=O)N3CCC(C4(C5CCCC5)NCCc5ccccc54)CC3)C2)cc1,N#Cc1ccc(N2CC(C(=O)N3CCC(C4(C5CCCC5)NCCc5ccccc54)CC3)C2)cc1,N#Cc1ccc(N2CC(C(=O)N3CCC(C4(C5CCCC5)NCCc5ccccc54)CC3)C2)cc1,XZDMAUPWRIJLHR-UHFFFAOYSA-N,XZDMAUPWRIJLHR-UHFFFAOYSA-N,standardized,0.0,False,2.0,strict_exact,exact_point_estimate,weak_1uM_to_10uM,False,False,IC50,biochemical_binding,False,0.8940418776403073,0.4876027457498162,0.2926829159259796,CC(c1ccc(C#N)cc1)N1C[C@H](N)[C@H](C(=O)N2CCC[C@H]2C#N)C1,True,high
STR-C44F56C9778A0067D259,IC50,biochemical_binding,1,1,0,1,1,0,0,5.3872161432802645,5.3872161432802645,5.3872161432802645,4100.0,4100.0,IC50,1,inhibitory_potency,1,biochemical_binding,1,ChEMBL,CHEMBL3126183,Menin,2014,=,CC(C)C(O)(c1ccccc1)C1CCN(CCCOc2ccc(C#N)cc2)CC1,CC(C)C(O)(c1ccccc1)C1CCN(CCCOc2ccc(C#N)cc2)CC1,CC(C)C(O)(c1ccccc1)C1CCN(CCCOc2ccc(C#N)cc2)CC1,CC(C)C(O)(c1ccccc1)C1CCN(CCCOc2ccc(C#N)cc2)CC1,GYIRGZHIMDCFEY-UHFFFAOYSA-N,GYIRGZHIMDCFEY-UHFFFAOYSA-N,standardized,0.0,False,2.0,strict_exact,exact_point_estimate,weak_1uM_to_10uM,False,False,IC50,biochemical_binding,False,0.9955180534238925,0.041418188176275954,0.4153846204280853,CC(C)(O)c1ccc(C(O)CCCN2CCC(C(O)(c3ccccc3)c3ccccc3)CC2)cc1,True,high
STR-1E3B65B659C49B92801F,IC50,biochemical_binding,1,1,0,1,1,0,0,5.377785977033705,5.377785977033705,5.377785977033705,4190.0,4190.0,IC50,1,inhibitory_potency,1,biochemical_binding,1,PubChem,156531586,Menin,2026,=,CCN(C(=O)c1cc(F)ccc1Oc1nncnc1N1CCC2(C1)CN([C@@H](C[C@H](O)CN(C)CCOC)C(C)C)C2)C(C)C,CCN(C(C)C)C(=O)C1=C(C=CC(=C1)F)OC2=C(N=CN=N2)N3CCC4(C3)CN(C4)[C@@H](C[C@@H](CN(C)CCOC)O)C(C)C,CCN(C(=O)c1cc(F)ccc1Oc1nncnc1N1CCC2(C1)CN([C@@H](C[C@H](O)CN(C)CCOC)C(C)C)C2)C(C)C,CCN(C(=O)c1cc(F)ccc1Oc1nncnc1N1CCC2(C1)CN([C@@H](C[C@H](O)CN(C)CCOC)C(C)C)C2)C(C)C,XOMQNBYRAKVRPP-BDYUSTAISA-N,XOMQNBYRAKVRPP-BDYUSTAISA-N,standardized,0.0,False,2.0,strict_exact,exact_point_estimate,weak_1uM_to_10uM,False,False,IC50,biochemical_binding,False,0.47355743709297227,0.9979815674164801,0.2321428507566452,O=C(CCc1ccccc1)c1cc(F)ccc1OCC(O)CN1CCN(C(c2ccccc2)c2ccccc2)CC1,False,medium
STR-73C772FB7948E1F95E72,IC50,biochemical_binding,1,1,0,1,1,0,0,5.377785977033705,5.377785977033705,5.377785977033705,4190.0,4190.0,IC50,1,inhibitory_potency,1,biochemical_binding,1,PubChem,156531428,Menin,2026,=,CCN(C(=O)c1cc(F)ccc1Oc1nncnc1N1CCC2(C1)CN([C@@H](CCCNC)C(C)C)C2)C(C)C,CCN(C(C)C)C(=O)C1=C(C=CC(=C1)F)OC2=C(N=CN=N2)N3CCC4(C3)CN(C4)[C@@H](CCCNC)C(C)C,CCN(C(=O)c1cc(F)ccc1Oc1nncnc1N1CCC2(C1)CN([C@@H](CCCNC)C(C)C)C2)C(C)C,CCN(C(=O)c1cc(F)ccc1Oc1nncnc1N1CCC2(C1)CN([C@@H](CCCNC)C(C)C)C2)C(C)C,FNBOKVKCHUGFKA-DEOSSOPVSA-N,FNBOKVKCHUGFKA-DEOSSOPVSA-N,standardized,0.0,False,2.0,strict_exact,exact_point_estimate,weak_1uM_to_10uM,False,False,IC50,biochemical_binding,False,0.5544030931042078,0.9914431903554493,0.2222222238779068,O=C(NC1CC1)c1ccc(F)cc1OC[C@@H](O)CN1CCC2(CC1)Cc1cc(Cl)ccc1O2,False,medium
STR-EE1ECC6B864815D20E60,IC50,biochemical_binding,1,2,1,2,1,0,0,5.376750709602099,5.376750709602099,5.376750709602099,4200.0,4200.0,IC50,1,inhibitory_potency,1,biochemical_binding,1,ChEMBL;PubChem,CHEMBL5904127,Menin,2021,=,N#Cc1ccc(OCCCN2CCC(C3(Cc4ccccc4)NCCc4ccccc43)CC2)cc1,N#Cc1ccc(OCCCN2CCC(C3(Cc4ccccc4)NCCc4ccccc43)CC2)cc1,N#Cc1ccc(OCCCN2CCC(C3(Cc4ccccc4)NCCc4ccccc43)CC2)cc1,N#Cc1ccc(OCCCN2CCC(C3(Cc4ccccc4)NCCc4ccccc43)CC2)cc1,CSASFCLWSKWKNO-UHFFFAOYSA-N,CSASFCLWSKWKNO-UHFFFAOYSA-N,standardized,0.0,False,2.0,strict_exact,exact_point_estimate,weak_1uM_to_10uM,False,False,IC50,biochemical_binding,False,0.9970844281188799,0.028755105375159712,0.3333333432674408,c1ccc(-c2ccc(OCCCCCN3CCCCCC3)cc2)cc1,True,high
STR-FA5427192F47CDDDDFD0,IC50,biochemical_binding,1,1,0,1,1,0,0,5.356547323513812,5.356547323513812,5.356547323513812,4400.0,4400.0,IC50,1,inhibitory_potency,1,biochemical_binding,1,ChEMBL,CHEMBL3696193,Menin,2015,=,CCc1cc2c(NCC3CCN(Cc4ccc(F)cc4)CC3)ncnc2s1,CCc1cc2c(NCC3CCN(Cc4ccc(F)cc4)CC3)ncnc2s1,CCc1cc2c(NCC3CCN(Cc4ccc(F)cc4)CC3)ncnc2s1,CCc1cc2c(NCC3CCN(Cc4ccc(F)cc4)CC3)ncnc2s1,VFDPHQYGOSRWQJ-UHFFFAOYSA-N,VFDPHQYGOSRWQJ-UHFFFAOYSA-N,standardized,0.0,False,2.0,strict_exact,exact_point_estimate,weak_1uM_to_10uM,False,False,IC50,biochemical_binding,False,0.993924737851236,0.053469241127534387,0.3333333432674408,Cc1ccc(CN2CCC(CNC(=O)c3cc(Cl)cc(Cl)c3)CC2)cc1,True,high
STR-B9EA30DEB7647D41BA70,IC50,biochemical_binding,1,2,1,2,1,0,0,5.346787486224656,5.346787486224656,5.346787486224656,4500.0,4500.0,IC50,1,inhibitory_potency,1,biochemical_binding,1,ChEMBL;PubChem,CHEMBL5892594,Menin,2021,=,COC[C@@H]1CCC[C@H]1C(C#N)(c1ccccc1)C1CCN(CC2CN(c3ccc(S(=O)(=O)C4CC4)cc3)C2)CC1,COC[C@@H]1CCC[C@H]1C(C#N)(c1ccccc1)C1CCN(CC2CN(c3ccc(S(=O)(=O)C4CC4)cc3)C2)CC1,COC[C@@H]1CCC[C@H]1C(C#N)(c1ccccc1)C1CCN(CC2CN(c3ccc(S(=O)(=O)C4CC4)cc3)C2)CC1,COC[C@@H]1CCC[C@H]1C(C#N)(c1ccccc1)C1CCN(CC2CN(c3ccc(S(=O)(=O)C4CC4)cc3)C2)CC1,JTTZBVRZQHYQAJ-NVXDQTTESA-N,JTTZBVRZQHYQAJ-NVXDQTTESA-N,standardized,0.0,False,2.0,strict_exact,exact_point_estimate,weak_1uM_to_10uM,False,False,IC50,biochemical_binding,False,0.465909537492812,0.9966441132416404,0.24418604373931885,CC(C)(O)c1ccc(C(O)CCCN2CCC(C(O)(c3ccccc3)c3ccccc3)CC2)cc1,False,medium
STR-4FD9E5C0590E883535A1,IC50,biochemical_binding,1,1,0,1,1,0,0,5.34008379993015,5.34008379993015,5.34008379993015,4570.0,4570.0,IC50,1,inhibitory_potency,1,biochemical_binding,1,PubChem,168720869,Menin,2026,=,CCN(CC)C[C@@H](O)C[C@H](C(C)C)N1CC2(CCN(c3ncnnc3Oc3ccc(F)cc3C(=O)N(CC)C(C)C)C2)C1,CCN(CC)C[C@H](C[C@H](C(C)C)N1CC2(C1)CCN(C2)C3=C(N=NC=N3)OC4=C(C=C(C=C4)F)C(=O)N(CC)C(C)C)O,CCN(CC)C[C@@H](O)C[C@H](C(C)C)N1CC2(CCN(c3ncnnc3Oc3ccc(F)cc3C(=O)N(CC)C(C)C)C2)C1,CCN(CC)C[C@@H](O)C[C@H](C(C)C)N1CC2(CCN(c3ncnnc3Oc3ccc(F)cc3C(=O)N(CC)C(C)C)C2)C1,GGIYEWDSYGQHQG-AHKZPQOWSA-N,GGIYEWDSYGQHQG-AHKZPQOWSA-N,standardized,0.0,False,2.0,strict_exact,exact_point_estimate,weak_1uM_to_10uM,False,False,IC50,biochemical_binding,False,0.4333208541917879,0.9871329441983789,0.24528302252292633,O=C(CCc1ccccc1)c1cc(F)ccc1OCC(O)CN1CCN(C(c2ccccc2)c2ccccc2)CC1,False,medium
STR-229990C98B9D4B27D490,IC50,biochemical_binding,1,2,1,2,1,0,0,5.337242168318426,5.337242168318426,5.337242168318426,4600.0,4600.0,IC50,1,inhibitory_potency,1,biochemical_binding,1,ChEMBL;PubChem,CHEMBL6062960,Menin,2021,=,CNC(=O)O[C@@H]1CCC[C@H]1C(C#N)(c1ccccc1)C1CCN(CC2CN(c3ccc([N+](=O)[O-])cc3)C2)CC1,CNC(=O)O[C@@H]1CCC[C@H]1C(C#N)(c1ccccc1)C1CCN(CC2CN(c3ccc([N+](=O)[O-])cc3)C2)CC1,CNC(=O)O[C@@H]1CCC[C@H]1C(C#N)(c1ccccc1)C1CCN(CC2CN(c3ccc([N+](=O)[O-])cc3)C2)CC1,CNC(=O)O[C@@H]1CCC[C@H]1C(C#N)(c1ccccc1)C1CCN(CC2CN(c3ccc([N+](=O)[O-])cc3)C2)CC1,QUXGGZVJCJQVBS-QWKOWPTQSA-N,QUXGGZVJCJQVBS-QWKOWPTQSA-N,standardized,0.0,False,2.0,strict_exact,exact_point_estimate,weak_1uM_to_10uM,False,False,IC50,biochemical_binding,False,0.0219310102090159,0.1521495007882484,0.27272728085517883,COC(=O)C1=C(C)NC(C)=C(C(=O)NC[C@H]2CCN(CCc3ccc(C(F)(F)F)cc3)C2)C1c1cccc([N+](=O)[O-])c1,True,low
STR-A2F21D97062872F508E0,IC50,biochemical_binding,1,1,0,1,1,0,0,5.337242168318426,5.337242168318426,5.337242168318426,4600.0,4600.0,IC50,1,inhibitory_potency,1,biochemical_binding,1,ChEMBL,CHEMBL3696183,Menin,2015,=,CC1(C)CN=C(N2CCN(c3ncnc4sc(Cc5ccccc5)cc34)CC2)S1,CC1(C)CN=C(N2CCN(c3ncnc4sc(Cc5ccccc5)cc34)CC2)S1,CC1(C)CN=C(N2CCN(c3ncnc4sc(Cc5ccccc5)cc34)CC2)S1,CC1(C)CN=C(N2CCN(c3ncnc4sc(Cc5ccccc5)cc34)CC2)S1,OJAKSSMAOUQJNL-UHFFFAOYSA-N,OJAKSSMAOUQJNL-UHFFFAOYSA-N,standardized,0.0,False,2.0,strict_exact,exact_point_estimate,weak_1uM_to_10uM,False,False,IC50,biochemical_binding,False,0.98554441292918,0.1090593948459458,0.23456789553165436,c1ccc(-c2cc(NC3=NC[C@@]4(CN5CCC4CC5)O3)ncn2)cc1,False,high
STR-F4223A1339E66808912C,IC50,biochemical_binding,1,2,1,2,1,0,0,5.337242168318426,5.337242168318426,5.337242168318426,4600.0,4600.0,IC50,1,inhibitory_potency,1,biochemical_binding,1,ChEMBL;PubChem,CHEMBL5813023,Menin,2021,=,N#CC(c1ccccc1)(C1CCN(CC2CN(c3ccc(S(=O)(=O)c4ccncc4)cc3)C2)CC1)[C@@H]1CCC[C@H]1CO,N#CC(c1ccccc1)(C1CCN(CC2CN(c3ccc(S(=O)(=O)c4ccncc4)cc3)C2)CC1)[C@@H]1CCC[C@H]1CO,N#CC(c1ccccc1)(C1CCN(CC2CN(c3ccc(S(=O)(=O)c4ccncc4)cc3)C2)CC1)[C@@H]1CCC[C@H]1CO,N#CC(c1ccccc1)(C1CCN(CC2CN(c3ccc(S(=O)(=O)c4ccncc4)cc3)C2)CC1)[C@@H]1CCC[C@H]1CO,BIOXWGVAXOLAGN-KMSQYKAGSA-N,BIOXWGVAXOLAGN-KMSQYKAGSA-N,standardized,0.0,False,2.0,strict_exact,exact_point_estimate,weak_1uM_to_10uM,False,False,IC50,biochemical_binding,False,0.08893563133377576,0.43290707952110513,0.24742268025875092,C[C@@H]1CN(CC2(c3ccncc3)CC2)CCN1S(=O)(=O)c1ccc(C(C)(O)C(F)(F)F)cc1,False,low
STR-44F56F5A5BFB18B77986,IC50,biochemical_binding,1,1,0,1,1,0,0,5.336299074610352,5.336299074610352,5.336299074610352,4610.0,4610.0,IC50,1,inhibitory_potency,1,biochemical_binding,1,ChEMBL,CHEMBL2314813,Menin,2013,=,CCc1cccc(C[C@@H]2NC(=O)[C@@H](N)CCCCCCCCNC(=O)[C@@H]3CCCN3C(=O)[C@H](CCCNC(=N)N)NC(=O)C3(CCC3)NC(=O)[C@@H]3CCCN3C2=O)c1,CCc1cccc(C[C@@H]2NC(=O)[C@@H](N)CCCCCCCCNC(=O)[C@@H]3CCCN3C(=O)[C@H](CCCNC(=N)N)NC(=O)C3(CCC3)NC(=O)[C@@H]3CCCN3C2=O)c1,CCc1cccc(C[C@@H]2NC(=O)[C@@H](N)CCCCCCCCNC(=O)[C@@H]3CCCN3C(=O)[C@H](CCCNC(=N)N)NC(=O)C3(CCC3)NC(=O)[C@@H]3CCCN3C2=O)c1,CCc1cccc(C[C@@H]2NC(=O)[C@@H](N)CCCCCCCCNC(=O)[C@@H]3CCCN3C(=O)[C@H](CCCNC(=N)N)NC(=O)C3(CCC3)NC(=O)[C@@H]3CCCN3C2=O)c1,RFDRHLXNRZDBHI-LJADHVKFSA-N,RFDRHLXNRZDBHI-LJADHVKFSA-N,standardized,0.0,False,2.0,strict_exact,exact_point_estimate,weak_1uM_to_10uM,False,False,IC50,biochemical_binding,False,0.008280399951054713,0.0691644358761477,0.1875,CCN1CC2(CCN(CCc3cccc(F)c3)CC2)O[C@H](C)C1=O,False,low
STR-1F9028E2DF2F03204766,IC50,biochemical_binding,1,2,1,2,1,0,0,5.327902142064282,5.327902142064282,5.327902142064282,4700.0,4700.0,IC50,1,inhibitory_potency,1,biochemical_binding,1,ChEMBL;PubChem,CHEMBL5884984,Menin,2021,=,CS(=O)(=O)N[C@@H]1CCC[C@H]1C(C#N)(c1ccccc1)C1CCN(CC2CN(c3ccc(S(=O)(=O)c4ccncc4)cc3)C2)CC1,CS(=O)(=O)N[C@@H]1CCC[C@H]1C(C#N)(c1ccccc1)C1CCN(CC2CN(c3ccc(S(=O)(=O)c4ccncc4)cc3)C2)CC1,CS(=O)(=O)N[C@@H]1CCC[C@H]1C(C#N)(c1ccccc1)C1CCN(CC2CN(c3ccc(S(=O)(=O)c4ccncc4)cc3)C2)CC1,CS(=O)(=O)N[C@@H]1CCC[C@H]1C(C#N)(c1ccccc1)C1CCN(CC2CN(c3ccc(S(=O)(=O)c4ccncc4)cc3)C2)CC1,UDTODHMYBSKRKC-DOTKWZJKSA-N,UDTODHMYBSKRKC-DOTKWZJKSA-N,standardized,0.0,False,2.0,strict_exact,exact_point_estimate,weak_1uM_to_10uM,False,False,IC50,biochemical_binding,False,0.030615539870405887,0.1974694292060989,0.2450980395078659,CS(=O)(=O)NC1CCN(c2ccc(-c3nc4ccncc4n3-c3ccc(Cl)cc3)cn2)CC1,False,low
STR-4866DF3FD3D34FBFE093,IC50,biochemical_binding,1,2,1,2,1,0,0,5.327902142064282,5.327902142064282,5.327902142064282,4700.0,4700.0,IC50,1,inhibitory_potency,1,biochemical_binding,1,ChEMBL;PubChem,CHEMBL5809098,Menin,2021,=,CS(=O)(=O)C[C@H]1CCC[C@@H]1C(C#N)(c1ccccc1)C1CCN(CC2CN(c3ccc(S(=O)(=O)c4ccncc4)cc3)C2)CC1,CS(=O)(=O)C[C@H]1CCC[C@@H]1C(C#N)(c1ccccc1)C1CCN(CC2CN(c3ccc(S(=O)(=O)c4ccncc4)cc3)C2)CC1,CS(=O)(=O)C[C@H]1CCC[C@@H]1C(C#N)(c1ccccc1)C1CCN(CC2CN(c3ccc(S(=O)(=O)c4ccncc4)cc3)C2)CC1,CS(=O)(=O)C[C@H]1CCC[C@@H]1C(C#N)(c1ccccc1)C1CCN(CC2CN(c3ccc(S(=O)(=O)c4ccncc4)cc3)C2)CC1,IECWYAQPPKAUSB-MTUARQITSA-N,IECWYAQPPKAUSB-MTUARQITSA-N,standardized,0.0,False,2.0,strict_exact,exact_point_estimate,weak_1uM_to_10uM,False,False,IC50,biochemical_binding,False,0.14639715596065372,0.6007502571928571,0.24271844327449799,CS(=O)(=O)c1ccc(Cn2c(NC3CCN(CCc4ccc(C#N)cc4)CC3)nc3ccccc32)cc1,False,low
STR-7EBB82C6BCAEFA5254DA,IC50,biochemical_binding,1,2,1,2,1,0,0,5.327902142064282,5.327902142064282,5.327902142064282,4700.0,4700.0,IC50,1,inhibitory_potency,1,biochemical_binding,1,ChEMBL;PubChem,CHEMBL6008166,Menin,2021,=,O=C(Cc1ccc(S(=O)(=O)C2CC2)cc1)N1CCc2cc(C3(C4CCCC4)NCCc4ccccc43)ccc2C1,O=C(Cc1ccc(S(=O)(=O)C2CC2)cc1)N1CCc2cc(C3(C4CCCC4)NCCc4ccccc43)ccc2C1,O=C(Cc1ccc(S(=O)(=O)C2CC2)cc1)N1CCc2cc(C3(C4CCCC4)NCCc4ccccc43)ccc2C1,O=C(Cc1ccc(S(=O)(=O)C2CC2)cc1)N1CCc2cc(C3(C4CCCC4)NCCc4ccccc43)ccc2C1,UEZPYQHVUYYQDT-UHFFFAOYSA-N,UEZPYQHVUYYQDT-UHFFFAOYSA-N,standardized,0.0,False,2.0,strict_exact,exact_point_estimate,weak_1uM_to_10uM,False,False,IC50,biochemical_binding,False,0.9312996644564562,0.36105473333927635,0.24468085169792175,CN(C)Cc1ccc2c(c1)CCN(C(=O)c1cc3cc(Cl)ccc3n1C)C2,False,high
STR-A5A20463BFF941861BA8,IC50,biochemical_binding,1,2,1,2,1,0,0,5.327902142064282,5.327902142064282,5.327902142064282,4700.0,4700.0,IC50,1,inhibitory_potency,1,biochemical_binding,1,ChEMBL;PubChem,CHEMBL5746305,Menin,2021,=,CC(C)CCC1(C2CCN(CCCOc3ccc(C#N)cc3)CC2)NCCc2ccccc21,CC(C)CCC1(C2CCN(CCCOc3ccc(C#N)cc3)CC2)NCCc2ccccc21,CC(C)CCC1(C2CCN(CCCOc3ccc(C#N)cc3)CC2)NCCc2ccccc21,CC(C)CCC1(C2CCN(CCCOc3ccc(C#N)cc3)CC2)NCCc2ccccc21,CQXUZAASFRKCJB-UHFFFAOYSA-N,CQXUZAASFRKCJB-UHFFFAOYSA-N,standardized,0.0,False,2.0,strict_exact,exact_point_estimate,weak_1uM_to_10uM,False,False,IC50,biochemical_binding,False,0.9989845523298583,0.011561512160110001,0.2989690601825714,CC(c1ccc(OCCCN2CCC(c3noc4cc(F)ccc34)CC2)cc1)c1nc2ccccc2o1,True,high
STR-FE6ABAC0F054BFEC1BAA,IC50,biochemical_binding,1,2,1,2,1,0,0,5.327902142064282,5.327902142064282,5.327902142064282,4700.0,4700.0,IC50,1,inhibitory_potency,1,biochemical_binding,1,ChEMBL;PubChem,CHEMBL5777979,Menin,2021,=,CNC(=O)O[C@@H]1CCC[C@H]1C(C#N)(c1ccccc1)C1CCN(CC2CN(c3ccc(C)cc3)C2)CC1,CNC(=O)O[C@@H]1CCC[C@H]1C(C#N)(c1ccccc1)C1CCN(CC2CN(c3ccc(C)cc3)C2)CC1,CNC(=O)O[C@@H]1CCC[C@H]1C(C#N)(c1ccccc1)C1CCN(CC2CN(c3ccc(C)cc3)C2)CC1,CNC(=O)O[C@@H]1CCC[C@H]1C(C#N)(c1ccccc1)C1CCN(CC2CN(c3ccc(C)cc3)C2)CC1,VIVQBGAVUNUMKT-FYZJSYNQSA-N,VIVQBGAVUNUMKT-FYZJSYNQSA-N,standardized,0.0,False,2.0,strict_exact,exact_point_estimate,weak_1uM_to_10uM,False,False,IC50,biochemical_binding,False,0.3553726557801161,0.9387749807293384,0.2747252881526947,CCOC(=O)N1[C@@H]2CC[C@H]1C[C@H](CN1CC[C@H](N3C(=O)Cc4ccccc43)C1)C2,True,medium
STR-B37B5C6A72819E700FA9,IC50,biochemical_binding,1,1,0,1,1,0,0,5.318758762624412,5.318758762624412,5.318758762624412,4800.0,4800.0,IC50,1,inhibitory_potency,1,biochemical_binding,1,ChEMBL,CHEMBL3696184,Menin,2015,=,CC1(C)CN=C(N2CCN(c3ncnc4sc(Br)cc34)CC2)S1,CC1(C)CN=C(N2CCN(c3ncnc4sc(Br)cc34)CC2)S1,CC1(C)CN=C(N2CCN(c3ncnc4sc(Br)cc34)CC2)S1,CC1(C)CN=C(N2CCN(c3ncnc4sc(Br)cc34)CC2)S1,MJMGSXKLOIRJBH-UHFFFAOYSA-N,MJMGSXKLOIRJBH-UHFFFAOYSA-N,standardized,0.0,False,2.0,strict_exact,exact_point_estimate,weak_1uM_to_10uM,False,False,IC50,biochemical_binding,False,0.9760904265479021,0.1628618910985828,0.21052631735801697,CN1CCN(C2CCN(c3nccc4[nH]c(-c5cc(F)cc(F)c5)cc34)CC2)CC1,False,high
STR-1DF62CB592FCCE0FC1BB,IC50,biochemical_binding,1,2,1,2,1,0,0,5.309803919971486,5.309803919971486,5.309803919971486,4900.0,4900.0,IC50,1,inhibitory_potency,1,biochemical_binding,1,ChEMBL;PubChem,CHEMBL5797119,Menin,2021,=,COC[C@H]1CCC[C@@H]1C(C#N)(c1ccccc1)C1CCN(CC2CN(c3ccc(S(=O)(=O)C4CC4)cc3)C2)CC1,COC[C@H]1CCC[C@@H]1C(C#N)(c1ccccc1)C1CCN(CC2CN(c3ccc(S(=O)(=O)C4CC4)cc3)C2)CC1,COC[C@H]1CCC[C@@H]1C(C#N)(c1ccccc1)C1CCN(CC2CN(c3ccc(S(=O)(=O)C4CC4)cc3)C2)CC1,COC[C@H]1CCC[C@@H]1C(C#N)(c1ccccc1)C1CCN(CC2CN(c3ccc(S(=O)(=O)C4CC4)cc3)C2)CC1,JTTZBVRZQHYQAJ-FTBGWDSVSA-N,JTTZBVRZQHYQAJ-FTBGWDSVSA-N,standardized,0.0,False,2.0,strict_exact,exact_point_estimate,weak_1uM_to_10uM,False,False,IC50,biochemical_binding,False,0.465909537492812,0.9966441132416404,0.24418604373931885,CC(C)(O)c1ccc(C(O)CCCN2CCC(C(O)(c3ccccc3)c3ccccc3)CC2)cc1,False,medium
STR-12F4BE5B3B9958528331,IC50,biochemical_binding,1,1,0,1,1,0,0,5.302770657240282,5.302770657240282,5.302770657240282,4980.0,4980.0,IC50,1,inhibitory_potency,1,biochemical_binding,1,PubChem,156532027,Menin,2026,=,COCCN(C)CCC[C@@H](C(C)C)N1CC2(CCN(c3ncnnc3Oc3ccc(F)cc3C(=O)N(C(C)C)C(C)C)C2)C1,CC(C)[C@H](CCCN(C)CCOC)N1CC2(C1)CCN(C2)C3=C(N=NC=N3)OC4=C(C=C(C=C4)F)C(=O)N(C(C)C)C(C)C,COCCN(C)CCC[C@@H](C(C)C)N1CC2(CCN(c3ncnnc3Oc3ccc(F)cc3C(=O)N(C(C)C)C(C)C)C2)C1,COCCN(C)CCC[C@@H](C(C)C)N1CC2(CCN(c3ncnnc3Oc3ccc(F)cc3C(=O)N(C(C)C)C(C)C)C2)C1,MTNNOKFINBKFMT-NDEPHWFRSA-N,MTNNOKFINBKFMT-NDEPHWFRSA-N,standardized,0.0,False,2.0,strict_exact,exact_point_estimate,weak_1uM_to_10uM,False,False,IC50,biochemical_binding,False,0.850947461679006,0.6074641939472208,0.2689075767993927,COCC(=O)O[C@]1(CCN(C)CCCc2nc3ccccc3[nH]2)CCc2cc(F)ccc2[C@@H]1C(C)C,True,high
STR-094C702ADD088489F553,IC50,biochemical_binding,1,1,0,1,1,0,0,5.301029995663981,5.301029995663981,5.301029995663981,5000.0,5000.0,IC50,1,inhibitory_potency,1,biochemical_binding,1,ChEMBL,CHEMBL4576593,Menin,2019,=,N#Cc1ccc(OCCCCN2CCC(C3(C4CCCC4)NCCc4ccccc43)CC2)cc1,N#Cc1ccc(OCCCCN2CCC(C3(C4CCCC4)NCCc4ccccc43)CC2)cc1,N#Cc1ccc(OCCCCN2CCC(C3(C4CCCC4)NCCc4ccccc43)CC2)cc1,N#Cc1ccc(OCCCCN2CCC(C3(C4CCCC4)NCCc4ccccc43)CC2)cc1,ZUHLVCWHTWLFOX-UHFFFAOYSA-N,ZUHLVCWHTWLFOX-UHFFFAOYSA-N,standardized,0.0,False,2.0,strict_exact,exact_point_estimate,weak_1uM_to_10uM,False,False,IC50,biochemical_binding,False,0.9989978518623708,0.011429159183423833,0.380952388048172,c1ccc(-c2ccc(OCCCCCN3CCCCCC3)cc2)cc1,True,high
STR-18A0CA3C76D3D31427DE,IC50,biochemical_binding,1,2,1,2,1,0,0,5.292429823902063,5.292429823902063,5.292429823902063,5100.0,5100.0,IC50,1,inhibitory_potency,1,biochemical_binding,1,ChEMBL;PubChem,CHEMBL5979980,Menin,2021,=,COC(=O)[C@@H]1CCC[C@H]1C(C#N)(c1ccccc1)C1CCN(CC2CN(c3ccc(S(=O)(=O)C4CC4)cc3)C2)CC1,COC(=O)[C@@H]1CCC[C@H]1C(C#N)(c1ccccc1)C1CCN(CC2CN(c3ccc(S(=O)(=O)C4CC4)cc3)C2)CC1,COC(=O)[C@@H]1CCC[C@H]1C(C#N)(c1ccccc1)C1CCN(CC2CN(c3ccc(S(=O)(=O)C4CC4)cc3)C2)CC1,COC(=O)[C@@H]1CCC[C@H]1C(C#N)(c1ccccc1)C1CCN(CC2CN(c3ccc(S(=O)(=O)C4CC4)cc3)C2)CC1,JMMWSUCDLGCMSN-NNTSECMXSA-N,JMMWSUCDLGCMSN-NNTSECMXSA-N,standardized,0.0,False,2.0,strict_exact,exact_point_estimate,weak_1uM_to_10uM,False,False,IC50,biochemical_binding,False,0.4738217374023905,0.9980217336585973,0.2631579041481018,CC(=O)Nc1cccc(N2CCN(CC3CCN(S(=O)(=O)CC4CCCCC4)CC3)CC2)c1,True,medium
STR-6F61DD7B53632CC333BC,IC50,biochemical_binding,1,2,1,2,1,0,0,5.292429823902063,5.292429823902063,5.292429823902063,5100.0,5100.0,IC50,1,inhibitory_potency,1,biochemical_binding,1,ChEMBL;PubChem,CHEMBL6034858,Menin,2021,=,COC(=O)N[C@@H]1CCC[C@H]1C(C#N)(c1ccccc1)C1CCN(CC2CN(c3ccc(S(=O)(=O)C4CC4)cc3)C2)CC1,COC(=O)N[C@@H]1CCC[C@H]1C(C#N)(c1ccccc1)C1CCN(CC2CN(c3ccc(S(=O)(=O)C4CC4)cc3)C2)CC1,COC(=O)N[C@@H]1CCC[C@H]1C(C#N)(c1ccccc1)C1CCN(CC2CN(c3ccc(S(=O)(=O)C4CC4)cc3)C2)CC1,COC(=O)N[C@@H]1CCC[C@H]1C(C#N)(c1ccccc1)C1CCN(CC2CN(c3ccc(S(=O)(=O)C4CC4)cc3)C2)CC1,ZDFHPRMYCCSWNO-NNTSECMXSA-N,ZDFHPRMYCCSWNO-NNTSECMXSA-N,standardized,0.0,False,2.0,strict_exact,exact_point_estimate,weak_1uM_to_10uM,False,False,IC50,biochemical_binding,False,0.6429548128995672,0.9402031048039137,0.25773194432258606,CC(=O)Nc1cccc(N2CCN(CC3CCN(S(=O)(=O)CC4CCCCC4)CC3)CC2)c1,False,medium
STR-FF095523952A15300267,IC50,biochemical_binding,2,3,1,2,2,0,0,5.289198036565084,5.3979400086720375,5.180456064458131,5300.0,4000.0,IC50,1,inhibitory_potency,1,biochemical_binding,1,ChEMBL;PubChem,CHEMBL4528850,Menin,2019;2021,=,N#Cc1ccc(N2CCCC(CN3CCC(C4(C5CCCC5)NCCc5ccccc54)CC3)C2)cc1,N#Cc1ccc(N2CCCC(CN3CCC(C4(C5CCCC5)NCCc5ccccc54)CC3)C2)cc1,N#Cc1ccc(N2CCCC(CN3CCC(C4(C5CCCC5)NCCc5ccccc54)CC3)C2)cc1,N#Cc1ccc(N2CCCC(CN3CCC(C4(C5CCCC5)NCCc5ccccc54)CC3)C2)cc1,DRMSIRORFBINAW-UHFFFAOYSA-N,DRMSIRORFBINAW-UHFFFAOYSA-N,standardized,0.2174839442139067,False,2.0,strict_exact,exact_point_estimate,weak_1uM_to_10uM,False,False,IC50,biochemical_binding,False,0.9839128268287712,0.11886769169007641,0.2804878056049347,N#Cc1ccc(CCN2CCC(Nc3nc4ccccc4[nH]3)CC2)cc1,True,high
STR-BFADD52B1F3CC9E98A32,IC50,biochemical_binding,1,2,1,2,1,0,0,5.2839966563652006,5.2839966563652006,5.2839966563652006,5200.0,5200.0,IC50,1,inhibitory_potency,1,biochemical_binding,1,ChEMBL;PubChem,CHEMBL6022720,Menin,2021,=,CNC(=O)C[C@@H]1CCC[C@H]1C(C#N)(c1ccccc1)C1CCN(CC2CN(c3ccc(S(=O)(=O)c4ccncc4)cc3)C2)CC1,CNC(=O)C[C@@H]1CCC[C@H]1C(C#N)(c1ccccc1)C1CCN(CC2CN(c3ccc(S(=O)(=O)c4ccncc4)cc3)C2)CC1,CNC(=O)C[C@@H]1CCC[C@H]1C(C#N)(c1ccccc1)C1CCN(CC2CN(c3ccc(S(=O)(=O)c4ccncc4)cc3)C2)CC1,CNC(=O)C[C@@H]1CCC[C@H]1C(C#N)(c1ccccc1)C1CCN(CC2CN(c3ccc(S(=O)(=O)c4ccncc4)cc3)C2)CC1,MKUJDUKEABOIAI-LZMDZFMZSA-N,MKUJDUKEABOIAI-LZMDZFMZSA-N,standardized,0.0,False,2.0,strict_exact,exact_point_estimate,weak_1uM_to_10uM,False,False,IC50,biochemical_binding,False,0.09412123698435128,0.4500783855077989,0.25925925374031067,O=C(CC1CCN(Cc2ccn(-c3ccc(C(F)(F)F)cc3)c2)CC1)NC(c1ccccc1)c1ccccn1,False,low
STR-13602A865FEABB9329F4,IC50,biochemical_binding,1,1,0,1,1,0,0,5.267606240177031,5.267606240177031,5.267606240177031,5400.0,5400.0,IC50,1,inhibitory_potency,1,biochemical_binding,1,ChEMBL,CHEMBL4457683,Menin,2019,=,CCO[C@H]1CCC[C@@H]1[C@](C#N)(c1ccccc1)C1CCN(CC2CN(c3ccc(C#N)cc3)C2)CC1,CCO[C@H]1CCC[C@@H]1[C@](C#N)(c1ccccc1)C1CCN(CC2CN(c3ccc(C#N)cc3)C2)CC1,CCO[C@H]1CCC[C@@H]1[C@](C#N)(c1ccccc1)C1CCN(CC2CN(c3ccc(C#N)cc3)C2)CC1,CCO[C@H]1CCC[C@@H]1[C@](C#N)(c1ccccc1)C1CCN(CC2CN(c3ccc(C#N)cc3)C2)CC1,MAXNDLMVLPNMAO-RWSKJCERSA-N,MAXNDLMVLPNMAO-RWSKJCERSA-N,standardized,0.0,False,2.0,strict_exact,exact_point_estimate,weak_1uM_to_10uM,False,False,IC50,biochemical_binding,False,0.7019748266908705,0.8788634729305786,0.25925925374031067,CC(C)(O)c1ccc(C(O)CCCN2CCC(C(O)(c3ccccc3)c3ccccc3)CC2)cc1,False,high
STR-19696E299ED51B516AAC,IC50,biochemical_binding,1,1,0,1,1,0,0,5.266000713461613,5.266000713461613,5.266000713461613,5420.0,5420.0,IC50,1,inhibitory_potency,1,biochemical_binding,1,PubChem,156531479,Menin,2026,=,CC(C)[C@H](C[C@@H](O)CN(C)C)N1CC2(CCN(c3ncnnc3Oc3ccc(F)cc3C(=O)N(C(C)C)C(C)C)C2)C1,CC(C)[C@H](C[C@H](CN(C)C)O)N1CC2(C1)CCN(C2)C3=C(N=NC=N3)OC4=C(C=C(C=C4)F)C(=O)N(C(C)C)C(C)C,CC(C)[C@H](C[C@@H](O)CN(C)C)N1CC2(CCN(c3ncnnc3Oc3ccc(F)cc3C(=O)N(C(C)C)C(C)C)C2)C1,CC(C)[C@H](C[C@@H](O)CN(C)C)N1CC2(CCN(c3ncnnc3Oc3ccc(F)cc3C(=O)N(C(C)C)C(C)C)C2)C1,HGNXEODCTLZEEQ-RSXGOPAZSA-N,HGNXEODCTLZEEQ-RSXGOPAZSA-N,standardized,0.0,False,2.0,strict_exact,exact_point_estimate,weak_1uM_to_10uM,False,False,IC50,biochemical_binding,False,0.8000415810337141,0.7218449250245467,0.25242719054222107,O=C(CCc1ccccc1)c1cc(F)ccc1OCC(O)CN1CCN(C(c2ccccc2)c2ccccc2)CC1,False,high
STR-25FD7B5E9510CCADC7E9,IC50,biochemical_binding,1,1,0,1,1,0,0,5.260427655549908,5.260427655549908,5.260427655549908,5490.0,5490.0,IC50,1,inhibitory_potency,1,biochemical_binding,1,PubChem,168720906,Menin,2026,=,CCN(CC)C[C@@H](O)C[C@@H](C(C)C)N1CC2(CCN(c3ncnnc3Oc3ccc(F)cc3C(=O)N(CC)C(C)C)C2)C1,CCN(CC)C[C@H](C[C@@H](C(C)C)N1CC2(C1)CCN(C2)C3=C(N=NC=N3)OC4=C(C=C(C=C4)F)C(=O)N(CC)C(C)C)O,CCN(CC)C[C@@H](O)C[C@@H](C(C)C)N1CC2(CCN(c3ncnnc3Oc3ccc(F)cc3C(=O)N(CC)C(C)C)C2)C1,CCN(CC)C[C@@H](O)C[C@@H](C(C)C)N1CC2(CCN(c3ncnnc3Oc3ccc(F)cc3C(=O)N(CC)C(C)C)C2)C1,GGIYEWDSYGQHQG-BDYUSTAISA-N,GGIYEWDSYGQHQG-BDYUSTAISA-N,standardized,0.0,False,2.0,strict_exact,exact_point_estimate,weak_1uM_to_10uM,False,False,IC50,biochemical_binding,False,0.4333208541917879,0.9871329441983789,0.24528302252292633,O=C(CCc1ccccc1)c1cc(F)ccc1OCC(O)CN1CCN(C(c2ccccc2)c2ccccc2)CC1,False,medium
STR-86534CE59FD1A258EC1F,IC50,biochemical_binding,1,1,0,1,1,0,0,5.254144804826272,5.254144804826272,5.254144804826272,5570.0,5570.0,IC50,1,inhibitory_potency,1,biochemical_binding,1,PubChem,156531409,Menin,2026,=,CCN(C(=O)c1cc(F)ccc1Oc1nncnc1N1CCC2(C1)CN([C@@H](CCCCN)C(C)C)C2)C(C)C,CCN(C(C)C)C(=O)C1=C(C=CC(=C1)F)OC2=C(N=CN=N2)N3CCC4(C3)CN(C4)[C@@H](CCCCN)C(C)C,CCN(C(=O)c1cc(F)ccc1Oc1nncnc1N1CCC2(C1)CN([C@@H](CCCCN)C(C)C)C2)C(C)C,CCN(C(=O)c1cc(F)ccc1Oc1nncnc1N1CCC2(C1)CN([C@@H](CCCCN)C(C)C)C2)C(C)C,ZXNPZTCLXAMYFY-DEOSSOPVSA-N,ZXNPZTCLXAMYFY-DEOSSOPVSA-N,standardized,0.0,False,2.0,strict_exact,exact_point_estimate,weak_1uM_to_10uM,False,False,IC50,biochemical_binding,False,0.5904886631164977,0.9762431639666402,0.24271844327449799,CN(C)C(=O)N1CC(c2cc(F)ccc2F)=C[C@@]1(CCCN)c1ccccc1,False,medium
STR-44D7373FA75606A9FAF6,IC50,biochemical_binding,1,2,1,2,1,0,0,5.251811972993799,5.251811972993799,5.251811972993799,5600.0,5600.0,IC50,1,inhibitory_potency,1,biochemical_binding,1,ChEMBL;PubChem,CHEMBL5887503,Menin,2021,=,CCNC(=O)[C@H]1CCC[C@@H]1C(C#N)(c1ccccc1)C1CCN(CC2CN(c3ccc(S(=O)(=O)C4CC4)cc3)C2)CC1,CCNC(=O)[C@H]1CCC[C@@H]1C(C#N)(c1ccccc1)C1CCN(CC2CN(c3ccc(S(=O)(=O)C4CC4)cc3)C2)CC1,CCNC(=O)[C@H]1CCC[C@@H]1C(C#N)(c1ccccc1)C1CCN(CC2CN(c3ccc(S(=O)(=O)C4CC4)cc3)C2)CC1,CCNC(=O)[C@H]1CCC[C@@H]1C(C#N)(c1ccccc1)C1CCN(CC2CN(c3ccc(S(=O)(=O)C4CC4)cc3)C2)CC1,HMDROGLOSGHQIS-QKZQDKRESA-N,HMDROGLOSGHQIS-QKZQDKRESA-N,standardized,0.0,False,2.0,strict_exact,exact_point_estimate,weak_1uM_to_10uM,False,False,IC50,biochemical_binding,False,0.29437265670777263,0.8743029081800243,0.25773194432258606,CC(=O)Nc1cccc(N2CCN(CC3CCN(S(=O)(=O)CC4CCCCC4)CC3)CC2)c1,False,low
STR-C7284B226A7FB3CA10F9,IC50,biochemical_binding,1,2,1,2,1,0,0,5.251811972993799,5.251811972993799,5.251811972993799,5600.0,5600.0,IC50,1,inhibitory_potency,1,biochemical_binding,1,ChEMBL;PubChem,CHEMBL5924885,Menin,2021,=,CN1Cc2ccccc2C(c2ccccn2)(C2CCN(CCCOc3ccc(C#N)cc3)CC2)C1,CN1Cc2ccccc2C(c2ccccn2)(C2CCN(CCCOc3ccc(C#N)cc3)CC2)C1,CN1Cc2ccccc2C(c2ccccn2)(C2CCN(CCCOc3ccc(C#N)cc3)CC2)C1,CN1Cc2ccccc2C(c2ccccn2)(C2CCN(CCCOc3ccc(C#N)cc3)CC2)C1,MEWOHWGJAPNQTP-UHFFFAOYSA-N,MEWOHWGJAPNQTP-UHFFFAOYSA-N,standardized,0.0,False,2.0,strict_exact,exact_point_estimate,weak_1uM_to_10uM,False,False,IC50,biochemical_binding,False,0.9938218670825653,0.054224500355870064,0.3048780560493469,N#Cc1ccc(CCN2CCC(Nc3nc4ccccc4[nH]3)CC2)cc1,True,high
STR-977651FE1C7684004EBE,IC50,biochemical_binding,2,3,1,2,2,0,0,5.251258731316314,5.619788758288394,4.882728704344236,7750.0,2400.0,IC50,1,inhibitory_potency,1,biochemical_binding,1,ChEMBL;PubChem,132104380;CHEMBL5756541,Menin,2021;2023,=,O=S(=O)(c1ccc(OC2CC(N3CCC(C4(C5CCCC5)NCCc5ccccc54)CC3)C2)cc1)C1CC1,O=S(=O)(c1ccc(OC2CC(N3CCC(C4(C5CCCC5)NCCc5ccccc54)CC3)C2)cc1)C1CC1,O=S(=O)(c1ccc(OC2CC(N3CCC(C4(C5CCCC5)NCCc5ccccc54)CC3)C2)cc1)C1CC1,O=S(=O)(c1ccc(OC2CC(N3CCC(C4(C5CCCC5)NCCc5ccccc54)CC3)C2)cc1)C1CC1,DAIHYYRKXDJZEY-UHFFFAOYSA-N,DAIHYYRKXDJZEY-UHFFFAOYSA-N,standardized,0.7370600539441581,False,2.0,strict_exact,exact_point_estimate,weak_1uM_to_10uM,False,False,IC50,biochemical_binding,False,0.9937747231283101,0.054569789647195756,0.2874999940395355,O=C1NN=C(c2ccc(OC3CCN(C4CCC4)CC3)cc2)[C@@H]2C[C@H]12,True,high
STR-4942B912C9C5FBB61901,IC50,biochemical_binding,1,2,1,2,1,0,0,5.2441251443275085,5.2441251443275085,5.2441251443275085,5700.0,5700.0,IC50,1,inhibitory_potency,1,biochemical_binding,1,ChEMBL;PubChem,CHEMBL5936175,Menin,2021,=,CC(=O)O[C@@H]1CCC[C@H]1C(C#N)(c1ccccc1F)C1CCN(CC2CN(c3ccc(S(=O)(=O)C4CC4)cc3)C2)CC1,CC(=O)O[C@@H]1CCC[C@H]1C(C#N)(c1ccccc1F)C1CCN(CC2CN(c3ccc(S(=O)(=O)C4CC4)cc3)C2)CC1,CC(=O)O[C@@H]1CCC[C@H]1C(C#N)(c1ccccc1F)C1CCN(CC2CN(c3ccc(S(=O)(=O)C4CC4)cc3)C2)CC1,CC(=O)O[C@@H]1CCC[C@H]1C(C#N)(c1ccccc1F)C1CCN(CC2CN(c3ccc(S(=O)(=O)C4CC4)cc3)C2)CC1,GKIFDNSCASLJLJ-RDGBXCDUSA-N,GKIFDNSCASLJLJ-RDGBXCDUSA-N,standardized,0.0,False,2.0,strict_exact,exact_point_estimate,weak_1uM_to_10uM,False,False,IC50,biochemical_binding,False,0.7357153174350127,0.8331434299826843,0.2525252401828766,CC(=O)Nc1cccc(N2CCN(CC3CCN(S(=O)(=O)CC4CCCCC4)CC3)CC2)c1,False,high
STR-890705A7B622D31C3086,IC50,biochemical_binding,1,2,1,2,1,0,0,5.2441251443275085,5.2441251443275085,5.2441251443275085,5700.0,5700.0,IC50,1,inhibitory_potency,1,biochemical_binding,1,ChEMBL;PubChem,CHEMBL5995129,Menin,2021,=,CC1CN(CCCOc2ccc(C#N)cc2)CCC1C(C#N)(c1ccccc1)C1CCCC1,CC1CN(CCCOc2ccc(C#N)cc2)CCC1C(C#N)(c1ccccc1)C1CCCC1,CC1CN(CCCOc2ccc(C#N)cc2)CCC1C(C#N)(c1ccccc1)C1CCCC1,CC1CN(CCCOc2ccc(C#N)cc2)CCC1C(C#N)(c1ccccc1)C1CCCC1,GNNNJADVMQLRDC-UHFFFAOYSA-N,GNNNJADVMQLRDC-UHFFFAOYSA-N,standardized,0.0,False,2.0,strict_exact,exact_point_estimate,weak_1uM_to_10uM,False,False,IC50,biochemical_binding,False,0.9949902145647336,0.045489406154766536,0.3384615480899811,c1ccc(-c2ccc(OCCCCCN3CCCCCC3)cc2)cc1,True,high
STR-0C41A5E0103FBE24922F,IC50,biochemical_binding,1,1,0,1,1,0,0,5.229147988357855,5.229147988357855,5.229147988357855,5900.0,5900.0,IC50,1,inhibitory_potency,1,biochemical_binding,1,PubChem,156531825,Menin,2026,=,CCN(C(=O)c1cc(F)ccc1Oc1nnccc1N1CCC2(C1)CN([C@@H](CCCN(C)CCOC)C(C)C)C2)C(C)C,CCN(C(C)C)C(=O)C1=C(C=CC(=C1)F)OC2=C(C=CN=N2)N3CCC4(C3)CN(C4)[C@@H](CCCN(C)CCOC)C(C)C,CCN(C(=O)c1cc(F)ccc1Oc1nnccc1N1CCC2(C1)CN([C@@H](CCCN(C)CCOC)C(C)C)C2)C(C)C,CCN(C(=O)c1cc(F)ccc1Oc1nnccc1N1CCC2(C1)CN([C@@H](CCCN(C)CCOC)C(C)C)C2)C(C)C,QEEXMEYJDQDSAZ-NDEPHWFRSA-N,QEEXMEYJDQDSAZ-NDEPHWFRSA-N,standardized,0.0,False,2.0,strict_exact,exact_point_estimate,weak_1uM_to_10uM,False,False,IC50,biochemical_binding,False,0.5175396017253652,0.9991121632971144,0.2540983557701111,COCC(=O)O[C@]1(CCN(C)CCCc2nc3ccccc3[nH]2)CCc2cc(F)ccc2[C@@H]1C(C)C,False,medium
STR-5F5B8DC8F81109D4AC69,IC50,biochemical_binding,1,2,1,2,1,0,0,5.221848749616356,5.221848749616356,5.221848749616356,6000.0,6000.0,IC50,1,inhibitory_potency,1,biochemical_binding,1,ChEMBL;PubChem,CHEMBL5984789,Menin,2021,=,CN1CCc2ccccc2C1(C1CCCC1)C1CN(CCCCCOc2ccc(C#N)cc2)C1,CN1CCc2ccccc2C1(C1CCCC1)C1CN(CCCCCOc2ccc(C#N)cc2)C1,CN1CCc2ccccc2C1(C1CCCC1)C1CN(CCCCCOc2ccc(C#N)cc2)C1,CN1CCc2ccccc2C1(C1CCCC1)C1CN(CCCCCOc2ccc(C#N)cc2)C1,YTSXGRGCPZWROW-UHFFFAOYSA-N,YTSXGRGCPZWROW-UHFFFAOYSA-N,standardized,0.0,False,2.0,strict_exact,exact_point_estimate,weak_1uM_to_10uM,False,False,IC50,biochemical_binding,False,0.998393123842852,0.017230630802018178,0.375,c1ccc(-c2ccc(OCCCCCN3CCCCCC3)cc2)cc1,True,high
STR-24BA8A5718C0F3749245,IC50,biochemical_binding,1,2,1,2,1,0,0,5.207608310501746,5.207608310501746,5.207608310501746,6200.0,6200.0,IC50,1,inhibitory_potency,1,biochemical_binding,1,ChEMBL;PubChem,CHEMBL5894544,Menin,2021,=,CNC(=O)O[C@@H]1CCC[C@H]1C(C#N)(c1ccccc1)C1CCN(C2CCN(c3ccc(S(=O)(=O)c4ccccc4)cc3)CC2)CC1,CNC(=O)O[C@@H]1CCC[C@H]1C(C#N)(c1ccccc1)C1CCN(C2CCN(c3ccc(S(=O)(=O)c4ccccc4)cc3)CC2)CC1,CNC(=O)O[C@@H]1CCC[C@H]1C(C#N)(c1ccccc1)C1CCN(C2CCN(c3ccc(S(=O)(=O)c4ccccc4)cc3)CC2)CC1,CNC(=O)O[C@@H]1CCC[C@H]1C(C#N)(c1ccccc1)C1CCN(C2CCN(c3ccc(S(=O)(=O)c4ccccc4)cc3)CC2)CC1,LQTOWKWWEGWBLV-ANOPSCNCSA-N,LQTOWKWWEGWBLV-ANOPSCNCSA-N,standardized,0.0,False,2.0,strict_exact,exact_point_estimate,weak_1uM_to_10uM,False,False,IC50,biochemical_binding,False,0.3184566146316648,0.9026951802468794,0.30000001192092896,O=C(NS(=O)(=O)c1ccccc1)N1CCC(N2CCC(Oc3ccc(Cl)c(Cl)c3)CC2)CC1,True,medium
STR-B86FFEAD38CDA23B5632,IC50,biochemical_binding,1,2,1,2,1,0,0,5.207608310501746,5.207608310501746,5.207608310501746,6200.0,6200.0,IC50,1,inhibitory_potency,1,biochemical_binding,1,ChEMBL;PubChem,CHEMBL6029206,Menin,2021,=,O=C(CN1CCC(C2(C3CCCC3)NCCc3ccccc32)CC1)N1Cc2ccccc2C1,O=C(CN1CCC(C2(C3CCCC3)NCCc3ccccc32)CC1)N1Cc2ccccc2C1,O=C(CN1CCC(C2(C3CCCC3)NCCc3ccccc32)CC1)N1Cc2ccccc2C1,O=C(CN1CCC(C2(C3CCCC3)NCCc3ccccc32)CC1)N1Cc2ccccc2C1,ZVJCATKGWRWAFU-UHFFFAOYSA-N,ZVJCATKGWRWAFU-UHFFFAOYSA-N,standardized,0.0,False,2.0,strict_exact,exact_point_estimate,weak_1uM_to_10uM,False,False,IC50,biochemical_binding,False,0.9301545511529676,0.365346631454162,0.26923078298568726,CCOC(=O)C[C@H]1Cc2ccccc2C2(CCC(N3CCN(C4CCCCC4)CC3)CC2)O1,True,high
STR-3CD476A8641FC18ED0B6,IC50,biochemical_binding,1,1,0,1,1,0,0,5.200659450546418,5.200659450546418,5.200659450546418,6300.0,6300.0,IC50,1,inhibitory_potency,1,biochemical_binding,1,ChEMBL,CHEMBL3696188,Menin,2015,=,CCc1cc2c(N3CCCN(C4=NCC(C)(C)S4)CC3)ncnc2s1,CCc1cc2c(N3CCCN(C4=NCC(C)(C)S4)CC3)ncnc2s1,CCc1cc2c(N3CCCN(C4=NCC(C)(C)S4)CC3)ncnc2s1,CCc1cc2c(N3CCCN(C4=NCC(C)(C)S4)CC3)ncnc2s1,TXLAORUTHAAZMG-UHFFFAOYSA-N,TXLAORUTHAAZMG-UHFFFAOYSA-N,standardized,0.0,False,2.0,strict_exact,exact_point_estimate,weak_1uM_to_10uM,False,False,IC50,biochemical_binding,False,0.984206241900719,0.11712245875877113,0.23999999463558197,CN1CCCN(c2nccc3[nH]c(-c4cc(F)cc(F)c4)nc23)CC1,False,high
STR-290979066F752EEEF93B,IC50,biochemical_binding,1,1,0,1,1,0,0,5.199282921717614,5.199282921717614,5.199282921717614,6320.0,6320.0,IC50,1,inhibitory_potency,1,biochemical_binding,1,ChEMBL,CHEMBL2314570,Menin,2013,=,N=C(N)NCCC[C@@H]1NC(=O)C2(CCCC2)NC(=O)[C@@H]2CCCN2C(=O)[C@H](Cc2ccccc2)NC(=O)[C@@H](N)CCCCCCCCNC(=O)[C@@H]2CCCN2C1=O,N=C(N)NCCC[C@@H]1NC(=O)C2(CCCC2)NC(=O)[C@@H]2CCCN2C(=O)[C@H](Cc2ccccc2)NC(=O)[C@@H](N)CCCCCCCCNC(=O)[C@@H]2CCCN2C1=O,N=C(N)NCCC[C@@H]1NC(=O)C2(CCCC2)NC(=O)[C@@H]2CCCN2C(=O)[C@H](Cc2ccccc2)NC(=O)[C@@H](N)CCCCCCCCNC(=O)[C@@H]2CCCN2C1=O,N=C(N)NCCC[C@@H]1NC(=O)C2(CCCC2)NC(=O)[C@@H]2CCCN2C(=O)[C@H](Cc2ccccc2)NC(=O)[C@@H](N)CCCCCCCCNC(=O)[C@@H]2CCCN2C1=O,SBLVHEUBRCDYMQ-ZTTXAYQISA-N,SBLVHEUBRCDYMQ-ZTTXAYQISA-N,standardized,0.0,False,2.0,strict_exact,exact_point_estimate,weak_1uM_to_10uM,False,False,IC50,biochemical_binding,False,0.006181018441067187,0.05424564932122779,0.21698112785816193,O=C1NCC(c2ccccc2)C12CCN(C1CCCCC1(O)c1ccc(F)cc1)CC2,False,low
STR-C555A82898E9FBE8534F,IC50,biochemical_binding,1,1,0,1,1,0,0,5.1904402853647325,5.1904402853647325,5.1904402853647325,6450.0,6450.0,IC50,1,inhibitory_potency,1,biochemical_binding,1,ChEMBL,CHEMBL2315086,Menin,2013,=,C[C@@H]1NC(=O)[C@@H]2CCCN2C(=O)[C@H](Cc2ccccc2)NC(=O)CCCCCCCCCNC(=O)[C@@H]2CCCN2C(=O)[C@H](CCCNC(=N)N)NC1=O,C[C@@H]1NC(=O)[C@@H]2CCCN2C(=O)[C@H](Cc2ccccc2)NC(=O)CCCCCCCCCNC(=O)[C@@H]2CCCN2C(=O)[C@H](CCCNC(=N)N)NC1=O,C[C@@H]1NC(=O)[C@@H]2CCCN2C(=O)[C@H](Cc2ccccc2)NC(=O)CCCCCCCCCNC(=O)[C@@H]2CCCN2C(=O)[C@H](CCCNC(=N)N)NC1=O,C[C@@H]1NC(=O)[C@@H]2CCCN2C(=O)[C@H](Cc2ccccc2)NC(=O)CCCCCCCCCNC(=O)[C@@H]2CCCN2C(=O)[C@H](CCCNC(=N)N)NC1=O,GZFHDQJCXSMNJI-PZBSVLGOSA-N,GZFHDQJCXSMNJI-PZBSVLGOSA-N,standardized,0.0,False,2.0,strict_exact,exact_point_estimate,weak_1uM_to_10uM,False,False,IC50,biochemical_binding,False,0.006542033027450159,0.05687650630998249,0.2083333283662796,C[C@H]1OC2(CCN(CCc3ccccc3)CC2)CN(C2CC2)C1=O,False,low
STR-1820741093C58A025EB7,IC50,biochemical_binding,1,2,1,2,1,0,0,5.187086643357144,5.187086643357144,5.187086643357144,6500.0,6500.0,IC50,1,inhibitory_potency,1,biochemical_binding,1,ChEMBL;PubChem,CHEMBL5824353,Menin,2021,=,CCCC(=O)N1CCCCC1C1(C2CCN(CCCOc3ccc(C#N)cc3)CC2)CN(C)Cc2ccccc21,CCCC(=O)N1CCCCC1C1(C2CCN(CCCOc3ccc(C#N)cc3)CC2)CN(C)Cc2ccccc21,CCCC(=O)N1CCCCC1C1(C2CCN(CCCOc3ccc(C#N)cc3)CC2)CN(C)Cc2ccccc21,CCCC(=O)N1CCCCC1C1(C2CCN(CCCOc3ccc(C#N)cc3)CC2)CN(C)Cc2ccccc21,YFVZLQYUXFSVFL-UHFFFAOYSA-N,YFVZLQYUXFSVFL-UHFFFAOYSA-N,standardized,0.0,False,2.0,strict_exact,exact_point_estimate,weak_1uM_to_10uM,False,False,IC50,biochemical_binding,False,0.9804130539352001,0.13911504259118343,0.2874999940395355,c1ccc(-c2ccc(OCCCCCN3CCCCCC3)cc2)cc1,True,high
STR-338D75E25E61086DDEB0,IC50,biochemical_binding,1,2,1,2,1,0,0,5.187086643357144,5.187086643357144,5.187086643357144,6500.0,6500.0,IC50,1,inhibitory_potency,1,biochemical_binding,1,ChEMBL;PubChem,CHEMBL5817490,Menin,2021,=,CS(=O)(=O)c1ccc(N2CC(CN3CCC(C(C#N)(c4ccccc4)[C@H]4CCC[C@@H]4O)CC3)C2)cc1,CS(=O)(=O)c1ccc(N2CC(CN3CCC(C(C#N)(c4ccccc4)[C@H]4CCC[C@@H]4O)CC3)C2)cc1,CS(=O)(=O)c1ccc(N2CC(CN3CCC(C(C#N)(c4ccccc4)[C@H]4CCC[C@@H]4O)CC3)C2)cc1,CS(=O)(=O)c1ccc(N2CC(CN3CCC(C(C#N)(c4ccccc4)[C@H]4CCC[C@@H]4O)CC3)C2)cc1,WBWKKVOKDMNJBT-ASYYUYISSA-N,WBWKKVOKDMNJBT-ASYYUYISSA-N,standardized,0.0,False,2.0,strict_exact,exact_point_estimate,weak_1uM_to_10uM,False,False,IC50,biochemical_binding,False,0.2805182611233751,0.8561560169603715,0.27659574151039124,CS(=O)(=O)c1ccc(Cn2c(NC3CCN(CCc4ccc(C#N)cc4)CC3)nc3ccccc32)cc1,True,low
STR-EABF9B602E7C57DDC695,IC50,biochemical_binding,1,2,1,2,1,0,0,5.187086643357144,5.187086643357144,5.187086643357144,6500.0,6500.0,IC50,1,inhibitory_potency,1,biochemical_binding,1,ChEMBL;PubChem,CHEMBL5766980,Menin,2021,=,CC(=O)O[C@@H]1CCC[C@H]1C(C#N)(c1ccccc1)C1CCN(CC2CN(c3ccc(C(=O)O)cc3)C2)CC1,CC(=O)O[C@@H]1CCC[C@H]1C(C#N)(c1ccccc1)C1CCN(CC2CN(c3ccc(C(=O)O)cc3)C2)CC1,CC(=O)O[C@@H]1CCC[C@H]1C(C#N)(c1ccccc1)C1CCN(CC2CN(c3ccc(C(=O)O)cc3)C2)CC1,CC(=O)O[C@@H]1CCC[C@H]1C(C#N)(c1ccccc1)C1CCN(CC2CN(c3ccc(C(=O)O)cc3)C2)CC1,QKNJSAPOLRJCFI-FYZJSYNQSA-N,QKNJSAPOLRJCFI-FYZJSYNQSA-N,standardized,0.0,False,2.0,strict_exact,exact_point_estimate,weak_1uM_to_10uM,False,False,IC50,biochemical_binding,False,0.031352467660945044,0.20112971930246912,0.2666666805744171,NC(=O)C(c1ccccc1)(c1ccccc1)[C@@H]1CCN(CCc2ccc3c(c2)CCO3)C1,True,low
STR-282D943879193C965050,IC50,biochemical_binding,2,4,2,2,2,0,0,5.182258126592544,5.221848749616356,5.142667503568731,6600.0,6000.0,IC50,1,inhibitory_potency,1,biochemical_binding,1,ChEMBL;PubChem,CHEMBL5882863,Menin,2021,=,CCS(=O)(=O)c1ccc(N2CC(C(=O)N3CCC(C4(C5CCCC5)NCCc5c(F)cccc54)CC3)C2)cc1,CCS(=O)(=O)c1ccc(N2CC(C(=O)N3CCC(C4(C5CCCC5)NCCc5c(F)cccc54)CC3)C2)cc1,CCS(=O)(=O)c1ccc(N2CC(C(=O)N3CCC(C4(C5CCCC5)NCCc5c(F)cccc54)CC3)C2)cc1,CCS(=O)(=O)c1ccc(N2CC(C(=O)N3CCC(C4(C5CCCC5)NCCc5c(F)cccc54)CC3)C2)cc1,OZJSLDFYCWPMNW-UHFFFAOYSA-N,OZJSLDFYCWPMNW-UHFFFAOYSA-N,standardized,0.0791812460476251,False,2.0,strict_exact,exact_point_estimate,weak_1uM_to_10uM,False,False,IC50,biochemical_binding,False,0.5009077766924097,0.9999976222684038,0.2291666716337204,CC(=O)Nc1cccc(N2CCN(CC3CCN(S(=O)(=O)CC4CCCCC4)CC3)CC2)c1,False,medium
STR-08A590BAA6ADDB004EDA,IC50,biochemical_binding,1,2,1,2,1,0,0,5.161150909262744,5.161150909262744,5.161150909262744,6900.0,6900.0,IC50,1,inhibitory_potency,1,biochemical_binding,1,ChEMBL;PubChem,CHEMBL5923382,Menin,2021,=,CC(=O)OC[C@@H]1CCC[C@H]1C(C#N)(c1ccccc1)C1CCN(CC2CN(c3ccc(S(=O)(=O)C4CC4)cc3)C2)CC1,CC(=O)OC[C@@H]1CCC[C@H]1C(C#N)(c1ccccc1)C1CCN(CC2CN(c3ccc(S(=O)(=O)C4CC4)cc3)C2)CC1,CC(=O)OC[C@@H]1CCC[C@H]1C(C#N)(c1ccccc1)C1CCN(CC2CN(c3ccc(S(=O)(=O)C4CC4)cc3)C2)CC1,CC(=O)OC[C@@H]1CCC[C@H]1C(C#N)(c1ccccc1)C1CCN(CC2CN(c3ccc(S(=O)(=O)C4CC4)cc3)C2)CC1,MPKSENOWQPDREO-KMSQYKAGSA-N,MPKSENOWQPDREO-KMSQYKAGSA-N,standardized,0.0,False,2.0,strict_exact,exact_point_estimate,weak_1uM_to_10uM,False,False,IC50,biochemical_binding,False,0.5785071039171052,0.982142484769021,0.25773194432258606,CC(=O)Nc1cccc(N2CCN(CC3CCN(S(=O)(=O)CC4CCCCC4)CC3)CC2)c1,False,medium
STR-CE19B64802D772BDF0B1,IC50,biochemical_binding,1,1,0,1,1,0,0,5.154901959985743,5.154901959985743,5.154901959985743,7000.0,7000.0,IC50,1,inhibitory_potency,1,biochemical_binding,1,ChEMBL,CHEMBL3696186,Menin,2015,=,CCc1cc2c(N3CCCN(CC(=O)N4CCCC4)CC3)ncnc2s1,CCc1cc2c(N3CCCN(CC(=O)N4CCCC4)CC3)ncnc2s1,CCc1cc2c(N3CCCN(CC(=O)N4CCCC4)CC3)ncnc2s1,CCc1cc2c(N3CCCN(CC(=O)N4CCCC4)CC3)ncnc2s1,DNMFXCFQKVVALR-UHFFFAOYSA-N,DNMFXCFQKVVALR-UHFFFAOYSA-N,standardized,0.0,False,2.0,strict_exact,exact_point_estimate,weak_1uM_to_10uM,False,False,IC50,biochemical_binding,False,0.878872076538831,0.532594379444384,0.2921348214149475,CCc1ccn2ccnc2c1N1CCCN(CC2CCN(C(=O)[C@H]3C[C@@H]4CC[C@H]3O4)CC2)CC1,True,high
STR-EE2BA933FEE514B0F89F,IC50,biochemical_binding,1,2,1,2,1,0,0,5.1487416512809245,5.1487416512809245,5.1487416512809245,7100.0,7100.0,IC50,1,inhibitory_potency,1,biochemical_binding,1,ChEMBL;PubChem,CHEMBL5904150,Menin,2021,=,N#Cc1ccc(OCCCN2CCC(C3(CC4CCCCC4)NCCc4ccccc43)CC2)cc1,N#Cc1ccc(OCCCN2CCC(C3(CC4CCCCC4)NCCc4ccccc43)CC2)cc1,N#Cc1ccc(OCCCN2CCC(C3(CC4CCCCC4)NCCc4ccccc43)CC2)cc1,N#Cc1ccc(OCCCN2CCC(C3(CC4CCCCC4)NCCc4ccccc43)CC2)cc1,VBJFBQFVVBZOBJ-UHFFFAOYSA-N,VBJFBQFVVBZOBJ-UHFFFAOYSA-N,standardized,0.0,False,2.0,strict_exact,exact_point_estimate,weak_1uM_to_10uM,False,False,IC50,biochemical_binding,False,0.9997802481933462,0.0029873882171837485,0.3382352888584137,c1ccc(-c2ccc(OCCCCCN3CCCCCC3)cc2)cc1,True,high
STR-9E9C8374C40CC4C64C60,IC50,biochemical_binding,1,1,0,1,1,0,0,5.131355561605174,5.131355561605174,5.131355561605174,7390.0,7390.0,IC50,1,inhibitory_potency,1,biochemical_binding,1,ChEMBL,CHEMBL2311572,Menin,2013,=,CCCCC[C@H](NC(=O)[C@H](Cc1c[nH]c2ccccc12)NC(=O)[C@H](CCCNC(=N)N)NC(C)=O)C(=O)N[C@@H](Cc1ccccc1)C(=O)N1CCC[C@H]1C(=O)N[C@@H](C)C(=O)N[C@@H](CCCNC(=N)N)C(=O)N1CCC[C@H]1C(=O)NCC,CCCCC[C@H](NC(=O)[C@H](Cc1c[nH]c2ccccc12)NC(=O)[C@H](CCCNC(=N)N)NC(C)=O)C(=O)N[C@@H](Cc1ccccc1)C(=O)N1CCC[C@H]1C(=O)N[C@@H](C)C(=O)N[C@@H](CCCNC(=N)N)C(=O)N1CCC[C@H]1C(=O)NCC,CCCCC[C@H](NC(=O)[C@H](Cc1c[nH]c2ccccc12)NC(=O)[C@H](CCCNC(=N)N)NC(C)=O)C(=O)N[C@@H](Cc1ccccc1)C(=O)N1CCC[C@H]1C(=O)N[C@@H](C)C(=O)N[C@@H](CCCNC(=N)N)C(=O)N1CCC[C@H]1C(=O)NCC,CCCCC[C@H](NC(=O)[C@H](Cc1c[nH]c2ccccc12)NC(=O)[C@H](CCCNC(=N)N)NC(C)=O)C(=O)N[C@@H](Cc1ccccc1)C(=O)N1CCC[C@H]1C(=O)N[C@@H](C)C(=O)N[C@@H](CCCNC(=N)N)C(=O)N1CCC[C@H]1C(=O)NCC,GYWBMNXCPLEQOU-GYLBKRORSA-N,GYWBMNXCPLEQOU-GYLBKRORSA-N,standardized,0.0,False,2.0,strict_exact,exact_point_estimate,weak_1uM_to_10uM,False,False,IC50,biochemical_binding,False,1.1191245126024092e-06,2.373874857005349e-05,0.28318583965301514,COC(=O)C(Cc1c[nH]c2ccccc12)NS(=O)(=O)c1ccc(OC2CCCC2)cc1,True,low
STR-A81FD784C5400DE7DDA0,IC50,biochemical_binding,1,1,0,1,1,0,0,5.131355561605174,5.131355561605174,5.131355561605174,7390.0,7390.0,IC50,1,inhibitory_potency,1,biochemical_binding,1,PubChem,168720907,Menin,2026,=,CCN(C(=O)c1cc(F)ccc1Oc1nncnc1N1CCC2(C1)CN([C@@H](C[C@H](C)CN(C)CCOC)C(C)C)C2)C(C)C,CCN(C(C)C)C(=O)C1=C(C=CC(=C1)F)OC2=C(N=CN=N2)N3CCC4(C3)CN(C4)[C@@H](C[C@H](C)CN(C)CCOC)C(C)C,CCN(C(=O)c1cc(F)ccc1Oc1nncnc1N1CCC2(C1)CN([C@@H](C[C@H](C)CN(C)CCOC)C(C)C)C2)C(C)C,CCN(C(=O)c1cc(F)ccc1Oc1nncnc1N1CCC2(C1)CN([C@@H](C[C@H](C)CN(C)CCOC)C(C)C)C2)C(C)C,GORAKAHLMGAALX-LSYYVWMOSA-N,GORAKAHLMGAALX-LSYYVWMOSA-N,standardized,0.0,False,2.0,strict_exact,exact_point_estimate,weak_1uM_to_10uM,False,False,IC50,biochemical_binding,False,0.6384705803777665,0.9439454033226,0.22429905831813812,COc1nccnc1[C@H](C)C1=C(CCN(C)C)Cc2cc(F)ccc21,False,medium
STR-A4B78F32EC254E4C66A8,IC50,biochemical_binding,1,2,1,2,1,0,0,5.130768280269024,5.130768280269024,5.130768280269024,7400.0,7400.0,IC50,1,inhibitory_potency,1,biochemical_binding,1,ChEMBL;PubChem,CHEMBL3696204,Menin,2015,=,CC(=O)N1c2ccccc2NC2=C(C(=O)CC(c3ccc(Cl)c(Cl)c3)C2)C1c1cccnc1,CC(=O)N1c2ccccc2NC2=C(C(=O)CC(c3ccc(Cl)c(Cl)c3)C2)C1c1cccnc1,CC(=O)N1c2ccccc2NC2=C(C(=O)CC(c3ccc(Cl)c(Cl)c3)C2)C1c1cccnc1,CC(=O)N1c2ccccc2NC2=C(C(=O)CC(c3ccc(Cl)c(Cl)c3)C2)C1c1cccnc1,RGUVBVAYJBKQDS-UHFFFAOYSA-N,RGUVBVAYJBKQDS-UHFFFAOYSA-N,standardized,0.0,False,2.0,strict_exact,exact_point_estimate,weak_1uM_to_10uM,False,False,IC50,biochemical_binding,False,0.9505847516312907,0.2839077625750648,0.2800000011920929,OCCN1CC=CC[C@H](c2ccc(Cl)c(Cl)c2)C1,True,high
STR-D2049436E0A3A1A3ABCB,IC50,biochemical_binding,1,1,0,1,1,0,0,5.1095789811990855,5.1095789811990855,5.1095789811990855,7770.0,7770.0,IC50,1,inhibitory_potency,1,biochemical_binding,1,PubChem,156531619,Menin,2026,=,CCN(C(=O)c1cc(F)ccc1Oc1nncnc1N1CCC2(C1)CN([C@@H](C[C@@H](O)CN(C)CCOC)C(C)C)C2)C(C)C,CCN(C(C)C)C(=O)C1=C(C=CC(=C1)F)OC2=C(N=CN=N2)N3CCC4(C3)CN(C4)[C@@H](C[C@H](CN(C)CCOC)O)C(C)C,CCN(C(=O)c1cc(F)ccc1Oc1nncnc1N1CCC2(C1)CN([C@@H](C[C@@H](O)CN(C)CCOC)C(C)C)C2)C(C)C,CCN(C(=O)c1cc(F)ccc1Oc1nncnc1N1CCC2(C1)CN([C@@H](C[C@@H](O)CN(C)CCOC)C(C)C)C2)C(C)C,XOMQNBYRAKVRPP-VPUSJEBWSA-N,XOMQNBYRAKVRPP-VPUSJEBWSA-N,standardized,0.0,False,2.0,strict_exact,exact_point_estimate,weak_1uM_to_10uM,False,False,IC50,biochemical_binding,False,0.47355743709297227,0.9979815674164801,0.2321428507566452,O=C(CCc1ccccc1)c1cc(F)ccc1OCC(O)CN1CCN(C(c2ccccc2)c2ccccc2)CC1,False,medium
STR-3A4916332CE912BE72A0,IC50,biochemical_binding,1,2,1,2,1,0,0,5.086186147616283,5.086186147616283,5.086186147616283,8200.0,8200.0,IC50,1,inhibitory_potency,1,biochemical_binding,1,ChEMBL;PubChem,CHEMBL5789436,Menin,2021,=,O=C(CN1CCC(C2(C3CCCC3)NCCc3ccccc32)CC1)N1CCc2ccccc2C1,O=C(CN1CCC(C2(C3CCCC3)NCCc3ccccc32)CC1)N1CCc2ccccc2C1,O=C(CN1CCC(C2(C3CCCC3)NCCc3ccccc32)CC1)N1CCc2ccccc2C1,O=C(CN1CCC(C2(C3CCCC3)NCCc3ccccc32)CC1)N1CCc2ccccc2C1,BXKSVVXOBYULEL-UHFFFAOYSA-N,BXKSVVXOBYULEL-UHFFFAOYSA-N,standardized,0.0,False,2.0,strict_exact,exact_point_estimate,weak_1uM_to_10uM,False,False,IC50,biochemical_binding,False,0.9054044439073786,0.45162595544078665,0.25925925374031067,CCOC(=O)C[C@H]1Cc2ccccc2C2(CCC(N3CCN(C4CCCCC4)CC3)CC2)O1,False,high
STR-E963AE7E2CFE53ED5D83,IC50,biochemical_binding,1,1,0,1,1,0,0,5.080398976215889,5.080398976215889,5.080398976215889,8310.0,8310.0,IC50,1,inhibitory_potency,1,biochemical_binding,1,PubChem,156531460,Menin,2026,=,CCN(C(=O)c1cc(F)ccc1Oc1nncnc1N1CCC2(C1)CN([C@@H](CCN(C)C)C(C)C)C2)C(C)C,CCN(C(C)C)C(=O)C1=C(C=CC(=C1)F)OC2=C(N=CN=N2)N3CCC4(C3)CN(C4)[C@@H](CCN(C)C)C(C)C,CCN(C(=O)c1cc(F)ccc1Oc1nncnc1N1CCC2(C1)CN([C@@H](CCN(C)C)C(C)C)C2)C(C)C,CCN(C(=O)c1cc(F)ccc1Oc1nncnc1N1CCC2(C1)CN([C@@H](CCN(C)C)C(C)C)C2)C(C)C,ZIZYVXSVTLULAA-DEOSSOPVSA-N,ZIZYVXSVTLULAA-DEOSSOPVSA-N,standardized,0.0,False,2.0,strict_exact,exact_point_estimate,weak_1uM_to_10uM,False,False,IC50,biochemical_binding,False,0.7047877873083317,0.8753593624895379,0.23232322931289673,COc1nccnc1[C@H](C)C1=C(CCN(C)C)Cc2cc(F)ccc21,False,high
STR-6C29AB696561B060F66D,IC50,biochemical_binding,1,1,0,1,1,0,0,5.060480747381382,5.060480747381382,5.060480747381382,8700.0,8700.0,IC50,1,inhibitory_potency,1,biochemical_binding,1,ChEMBL,CHEMBL1492096,Menin,2015,=,Cc1sc2ncnc(NC3CCN(Cc4ccccc4)CC3)c2c1C,Cc1sc2ncnc(NC3CCN(Cc4ccccc4)CC3)c2c1C,Cc1sc2ncnc(NC3CCN(Cc4ccccc4)CC3)c2c1C,Cc1sc2ncnc(NC3CCN(Cc4ccccc4)CC3)c2c1C,CGRZMNFYFYJXES-UHFFFAOYSA-N,CGRZMNFYFYJXES-UHFFFAOYSA-N,standardized,0.0,False,2.0,strict_exact,exact_point_estimate,weak_1uM_to_10uM,False,False,IC50,biochemical_binding,False,0.6039062181228274,0.9686196917101595,0.3239436745643616,FC(F)(F)c1ccc(C(F)(F)CN2CCC(Nc3ncnc4[nH]ncc34)CC2)cc1,True,medium
STR-20D5B5F6CCFE315C6A44,IC50,biochemical_binding,1,2,1,2,1,0,0,5.055517327849831,5.055517327849831,5.055517327849831,8800.0,8800.0,IC50,1,inhibitory_potency,1,biochemical_binding,1,ChEMBL;PubChem,CHEMBL5931813,Menin,2021,=,N#CC(Cc1ccncc1)(c1ccccc1)C1CCN(CC2CN(c3ccc(S(=O)(=O)c4ccncc4)cc3)C2)CC1,N#CC(Cc1ccncc1)(c1ccccc1)C1CCN(CC2CN(c3ccc(S(=O)(=O)c4ccncc4)cc3)C2)CC1,N#CC(Cc1ccncc1)(c1ccccc1)C1CCN(CC2CN(c3ccc(S(=O)(=O)c4ccncc4)cc3)C2)CC1,N#CC(Cc1ccncc1)(c1ccccc1)C1CCN(CC2CN(c3ccc(S(=O)(=O)c4ccncc4)cc3)C2)CC1,OEWYVMUDTHNZDI-UHFFFAOYSA-N,OEWYVMUDTHNZDI-UHFFFAOYSA-N,standardized,0.0,False,2.0,strict_exact,exact_point_estimate,weak_1uM_to_10uM,False,False,IC50,biochemical_binding,False,0.23200749933622766,0.781494444225925,0.2631579041481018,CS(=O)(=O)c1ccc(Cn2c(NC3CCN(CCc4ccc(C#N)cc4)CC3)nc3ccccc32)cc1,True,low
STR-8131638FF64AE92C8993,IC50,biochemical_binding,1,2,1,2,1,0,0,5.055517327849831,5.055517327849831,5.055517327849831,8800.0,8800.0,IC50,1,inhibitory_potency,1,biochemical_binding,1,ChEMBL;PubChem,CHEMBL6057170,Menin,2021,=,CO[C@@H]1CCC[C@H]1C(C#N)(c1ccccc1)C1CCN(CCCOc2ccc(C#N)cc2)CC1,CO[C@@H]1CCC[C@H]1C(C#N)(c1ccccc1)C1CCN(CCCOc2ccc(C#N)cc2)CC1,CO[C@@H]1CCC[C@H]1C(C#N)(c1ccccc1)C1CCN(CCCOc2ccc(C#N)cc2)CC1,CO[C@@H]1CCC[C@H]1C(C#N)(c1ccccc1)C1CCN(CCCOc2ccc(C#N)cc2)CC1,GTILRIPAVDNTIG-KSSJMHQNSA-N,GTILRIPAVDNTIG-KSSJMHQNSA-N,standardized,0.0,False,2.0,strict_exact,exact_point_estimate,weak_1uM_to_10uM,False,False,IC50,biochemical_binding,False,0.9747724869644119,0.16986190207020538,0.35384616255760193,c1ccc(-c2ccc(OCCCCCN3CCCCCC3)cc2)cc1,True,high
STR-3187B729C5A86F22C447,IC50,biochemical_binding,1,2,1,2,1,0,0,5.045757490560675,5.045757490560675,5.045757490560675,9000.0,9000.0,IC50,1,inhibitory_potency,1,biochemical_binding,1,ChEMBL;PubChem,CHEMBL5821503,Menin,2021,=,CCO[C@@H]1CCC[C@H]1C(C#N)(c1ccccc1)C1CCN(CC2CN(c3ccc(S(=O)(=O)c4ccncc4)cc3)C2)CC1,CCO[C@@H]1CCC[C@H]1C(C#N)(c1ccccc1)C1CCN(CC2CN(c3ccc(S(=O)(=O)c4ccncc4)cc3)C2)CC1,CCO[C@@H]1CCC[C@H]1C(C#N)(c1ccccc1)C1CCN(CC2CN(c3ccc(S(=O)(=O)c4ccncc4)cc3)C2)CC1,CCO[C@@H]1CCC[C@H]1C(C#N)(c1ccccc1)C1CCN(CC2CN(c3ccc(S(=O)(=O)c4ccncc4)cc3)C2)CC1,HLMRIZYZBIFRAV-ORITWGEGSA-N,HLMRIZYZBIFRAV-ORITWGEGSA-N,standardized,0.0,False,2.0,strict_exact,exact_point_estimate,weak_1uM_to_10uM,False,False,IC50,biochemical_binding,False,0.15449193559295438,0.6209681424709337,0.2525252401828766,C[C@@H]1CN(CC2(c3ccncc3)CC2)CCN1S(=O)(=O)c1ccc(C(C)(O)C(F)(F)F)cc1,False,low
STR-15A2DC000277D973D434,IC50,biochemical_binding,1,2,1,2,1,0,0,5.031517051446064,5.031517051446064,5.031517051446064,9300.0,9300.0,IC50,1,inhibitory_potency,1,biochemical_binding,1,ChEMBL;PubChem,CHEMBL6045176,Menin,2021,=,CC(=O)OC[C@H]1CCC[C@@H]1C(C#N)(c1ccccc1)C1CCN(CC2CN(c3ccc(S(=O)(=O)C4CC4)cc3)C2)CC1,CC(=O)OC[C@H]1CCC[C@@H]1C(C#N)(c1ccccc1)C1CCN(CC2CN(c3ccc(S(=O)(=O)C4CC4)cc3)C2)CC1,CC(=O)OC[C@H]1CCC[C@@H]1C(C#N)(c1ccccc1)C1CCN(CC2CN(c3ccc(S(=O)(=O)C4CC4)cc3)C2)CC1,CC(=O)OC[C@H]1CCC[C@@H]1C(C#N)(c1ccccc1)C1CCN(CC2CN(c3ccc(S(=O)(=O)C4CC4)cc3)C2)CC1,MPKSENOWQPDREO-XYOWXNCWSA-N,MPKSENOWQPDREO-XYOWXNCWSA-N,standardized,0.0,False,2.0,strict_exact,exact_point_estimate,weak_1uM_to_10uM,False,False,IC50,biochemical_binding,False,0.5785071039171052,0.982142484769021,0.25773194432258606,CC(=O)Nc1cccc(N2CCN(CC3CCN(S(=O)(=O)CC4CCCCC4)CC3)CC2)c1,False,medium
STR-CDBF5137E00EE2651EDD,IC50,biochemical_binding,1,1,0,1,1,0,0,5.0245681914907365,5.0245681914907365,5.0245681914907365,9450.0,9450.0,IC50,1,inhibitory_potency,1,biochemical_binding,1,PubChem,156531463,Menin,2026,=,CCN(C(=O)c1cc(F)ccc1Oc1nncnc1N1CCC2(C1)CN([C@@H](CCCCN(C)C)C(C)C)C2)C(C)C,CCN(C(C)C)C(=O)C1=C(C=CC(=C1)F)OC2=C(N=CN=N2)N3CCC4(C3)CN(C4)[C@@H](CCCCN(C)C)C(C)C,CCN(C(=O)c1cc(F)ccc1Oc1nncnc1N1CCC2(C1)CN([C@@H](CCCCN(C)C)C(C)C)C2)C(C)C,CCN(C(=O)c1cc(F)ccc1Oc1nncnc1N1CCC2(C1)CN([C@@H](CCCCN(C)C)C(C)C)C2)C(C)C,NLOFCWGPKOGXNK-SANMLTNESA-N,NLOFCWGPKOGXNK-SANMLTNESA-N,standardized,0.0,False,2.0,strict_exact,exact_point_estimate,weak_1uM_to_10uM,False,False,IC50,biochemical_binding,False,0.8751828013443763,0.5430510344669174,0.22549019753932953,COc1nccnc1[C@H](C)C1=C(CCN(C)C)Cc2cc(F)ccc21,False,high
STR-DB7599D364AC5B610473,IC50,biochemical_binding,1,1,0,1,1,0,0,5.021363051615525,5.021363051615525,5.021363051615525,9520.0,9520.0,IC50,1,inhibitory_potency,1,biochemical_binding,1,PubChem,168720901,Menin,2026,=,CCCN(C)C[C@@H](O)C[C@@H](C(C)C)N1CC2(CCN(c3ncnnc3Oc3ccc(F)cc3C(=O)N(CC)C(C)C)C2)C1,CCCN(C)C[C@H](C[C@@H](C(C)C)N1CC2(C1)CCN(C2)C3=C(N=NC=N3)OC4=C(C=C(C=C4)F)C(=O)N(CC)C(C)C)O,CCCN(C)C[C@@H](O)C[C@@H](C(C)C)N1CC2(CCN(c3ncnnc3Oc3ccc(F)cc3C(=O)N(CC)C(C)C)C2)C1,CCCN(C)C[C@@H](O)C[C@@H](C(C)C)N1CC2(CCN(c3ncnnc3Oc3ccc(F)cc3C(=O)N(CC)C(C)C)C2)C1,HHCHMJCRVXIDBH-BDYUSTAISA-N,HHCHMJCRVXIDBH-BDYUSTAISA-N,standardized,0.0,False,2.0,strict_exact,exact_point_estimate,weak_1uM_to_10uM,False,False,IC50,biochemical_binding,False,0.5990960577101294,0.9714769114893033,0.24074074625968933,O=C(CCc1ccccc1)c1cc(F)ccc1OCC(O)CN1CCN(C(c2ccccc2)c2ccccc2)CC1,False,medium
STR-E64E90F663FA85F37778,IC50,biochemical_binding,2,4,2,2,2,0,0,5.020479303839453,5.154901959985743,4.886056647693163,10000.0,7000.0,IC50,1,inhibitory_potency,1,biochemical_binding,1,ChEMBL;PubChem,CHEMBL3696195,Menin,2015,=,CC(=O)N1c2ccccc2NC2=C(C(=O)CC(c3ccc(C(C)(C)C)cc3)C2)C1c1cccnc1,CC(=O)N1c2ccccc2NC2=C(C(=O)CC(c3ccc(C(C)(C)C)cc3)C2)C1c1cccnc1,CC(=O)N1c2ccccc2NC2=C(C(=O)CC(c3ccc(C(C)(C)C)cc3)C2)C1c1cccnc1,CC(=O)N1c2ccccc2NC2=C(C(=O)CC(c3ccc(C(C)(C)C)cc3)C2)C1c1cccnc1,UPQBSBFYOVKHQX-UHFFFAOYSA-N,UPQBSBFYOVKHQX-UHFFFAOYSA-N,standardized,0.26884531229258,False,2.0,strict_exact,exact_point_estimate,weak_1uM_to_10uM,False,False,IC50,biochemical_binding,False,0.9545621900487379,0.26669147550345407,0.239130437374115,COc1ccc(NC(=O)N2CCNC[C@@H]2COc2cccnc2)cc1,False,high
STR-E697EE7C173FF5B3D541,IC50,biochemical_binding,1,1,0,1,1,0,0,5.019088062223156,5.019088062223156,5.019088062223156,9570.0,9570.0,IC50,1,inhibitory_potency,1,biochemical_binding,1,ChEMBL,CHEMBL2314827,Menin,2013,=,CC(=O)N[C@@H](CCCNC(=N)N)C(=O)N[C@@H](Cc1ccccc1)C(=O)N1CCC[C@H]1C(=O)N[C@@H](C)C(=O)N[C@@H](CCCNC(=N)N)C(=O)N1CCC[C@H]1C(N)=O,CC(=O)N[C@@H](CCCNC(=N)N)C(=O)N[C@@H](Cc1ccccc1)C(=O)N1CCC[C@H]1C(=O)N[C@@H](C)C(=O)N[C@@H](CCCNC(=N)N)C(=O)N1CCC[C@H]1C(N)=O,CC(=O)N[C@@H](CCCNC(=N)N)C(=O)N[C@@H](Cc1ccccc1)C(=O)N1CCC[C@H]1C(=O)N[C@@H](C)C(=O)N[C@@H](CCCNC(=N)N)C(=O)N1CCC[C@H]1C(N)=O,CC(=O)N[C@@H](CCCNC(=N)N)C(=O)N[C@@H](Cc1ccccc1)C(=O)N1CCC[C@H]1C(=O)N[C@@H](C)C(=O)N[C@@H](CCCNC(=N)N)C(=O)N1CCC[C@H]1C(N)=O,ICUUCVBWMRADGQ-NICUNNCGSA-N,ICUUCVBWMRADGQ-NICUNNCGSA-N,standardized,0.0,False,2.0,strict_exact,exact_point_estimate,weak_1uM_to_10uM,False,False,IC50,biochemical_binding,False,4.0262685413935367e-07,9.13429398411748e-06,0.24242424964904785,CC(C)Cc1cc(CNC(=O)C2C3CN(Cc4ccccc4)CC32)nn1-c1ccccc1,False,low
STR-119E78597F506F0B6C75,IC50,biochemical_binding,1,2,1,2,1,0,0,5.017728766960431,5.017728766960431,5.017728766960431,9600.0,9600.0,IC50,1,inhibitory_potency,1,biochemical_binding,1,ChEMBL;PubChem,CHEMBL5758134,Menin,2021,=,COC(=O)N1Cc2ccccc2C(C2CCN(CCCOc3ccc(C#N)cc3)CC2)([C@H]2CCC[C@@H]2OC)C1,COC(=O)N1Cc2ccccc2C(C2CCN(CCCOc3ccc(C#N)cc3)CC2)([C@H]2CCC[C@@H]2OC)C1,COC(=O)N1Cc2ccccc2C(C2CCN(CCCOc3ccc(C#N)cc3)CC2)([C@H]2CCC[C@@H]2OC)C1,COC(=O)N1Cc2ccccc2C(C2CCN(CCCOc3ccc(C#N)cc3)CC2)([C@H]2CCC[C@@H]2OC)C1,RZZLNBBDQPQGHP-XNVRKLAPSA-N,RZZLNBBDQPQGHP-XNVRKLAPSA-N,standardized,0.0,False,2.0,strict_exact,exact_point_estimate,weak_1uM_to_10uM,False,False,IC50,biochemical_binding,False,0.9748011223915451,0.16971091216118211,0.30392158031463623,COc1cc(N)c(Cl)cc1C(=O)N[C@H]1CCN(CCCOc2ccc(F)cc2)C[C@H]1OC,True,high
STR-6C4B7845EEA627B51A73,IC50,biochemical_binding,1,2,1,2,1,0,0,5.013228265733755,5.013228265733755,5.013228265733755,9700.0,9700.0,IC50,1,inhibitory_potency,1,biochemical_binding,1,ChEMBL;PubChem,CHEMBL5990853,Menin,2021,=,CO[C@@H]1CCC[C@H]1C(C#N)(c1ccccc1)C1CCN(CC2CN(c3ccc(S(C)(=O)=O)cc3)C2)CC1,CO[C@@H]1CCC[C@H]1C(C#N)(c1ccccc1)C1CCN(CC2CN(c3ccc(S(C)(=O)=O)cc3)C2)CC1,CO[C@@H]1CCC[C@H]1C(C#N)(c1ccccc1)C1CCN(CC2CN(c3ccc(S(C)(=O)=O)cc3)C2)CC1,CO[C@@H]1CCC[C@H]1C(C#N)(c1ccccc1)C1CCN(CC2CN(c3ccc(S(C)(=O)=O)cc3)C2)CC1,OYJIUPJJIAQOGS-HPSQJEMFSA-N,OYJIUPJJIAQOGS-HPSQJEMFSA-N,standardized,0.0,False,2.0,strict_exact,exact_point_estimate,weak_1uM_to_10uM,False,False,IC50,biochemical_binding,False,0.5936295362248839,0.974555312448981,0.2708333432674408,CS(=O)(=O)c1ccc(Cn2c(NC3CCN(CCc4ccc(C#N)cc4)CC3)nc3ccccc32)cc1,True,medium
STR-63AC2E75E76C1C641161,IC50,biochemical_binding,1,2,1,2,1,0,0,5.004364805402449,5.004364805402449,5.004364805402449,9900.0,9900.0,IC50,1,inhibitory_potency,1,biochemical_binding,1,ChEMBL;PubChem,CHEMBL5867086,Menin,2021,=,COCCCN1CCC(C2(C3CCCC3)NCCc3ccccc32)CC1,COCCCN1CCC(C2(C3CCCC3)NCCc3ccccc32)CC1,COCCCN1CCC(C2(C3CCCC3)NCCc3ccccc32)CC1,COCCCN1CCC(C2(C3CCCC3)NCCc3ccccc32)CC1,ICZDEUGFZPKCOC-UHFFFAOYSA-N,ICZDEUGFZPKCOC-UHFFFAOYSA-N,standardized,0.0,False,2.0,strict_exact,exact_point_estimate,weak_1uM_to_10uM,False,False,IC50,biochemical_binding,False,0.989043706596025,0.08706812001082843,0.3246753215789795,COCCCN1CCC(c2nnc(-c3nn(C(C)C)c4ccccc34)o2)CC1,True,high
STR-A89E4C2F5AB885E0AD8C,IC50,biochemical_binding,1,1,0,1,1,0,0,5.0,5.0,5.0,10000.0,10000.0,IC50,1,inhibitory_potency,1,biochemical_binding,1,ChEMBL,CHEMBL568126,Menin,2015,=,CCc1cc2c(N3CCN(C(=O)c4ccccc4)CC3)ncnc2s1,CCc1cc2c(N3CCN(C(=O)c4ccccc4)CC3)ncnc2s1,CCc1cc2c(N3CCN(C(=O)c4ccccc4)CC3)ncnc2s1,CCc1cc2c(N3CCN(C(=O)c4ccccc4)CC3)ncnc2s1,YSZRMVPNQGZBKY-UHFFFAOYSA-N,YSZRMVPNQGZBKY-UHFFFAOYSA-N,standardized,0.0,False,2.0,strict_exact,exact_point_estimate,weak_1uM_to_10uM,False,False,IC50,biochemical_binding,False,0.8596202642651463,0.5852324420108626,0.29113924503326416,COc1ccc(NC(=O)N2CCN(c3nc(N)nc4sc(-c5ccccc5)nc34)CC2)cc1,True,high
STR-42FABA990848887F9FDB,IC50,biochemical_binding,1,2,1,2,1,0,0,4.991399828238082,4.991399828238082,4.991399828238082,10200.0,10200.0,IC50,1,inhibitory_potency,1,biochemical_binding,1,ChEMBL;PubChem,CHEMBL5922501,Menin,2021,=,CCC1CCCC1C(C#N)(c1ccccc1)C1CCN(CC2CN(c3ccc(S(=O)(=O)c4ccncc4)cc3)C2)CC1,CCC1CCCC1C(C#N)(c1ccccc1)C1CCN(CC2CN(c3ccc(S(=O)(=O)c4ccncc4)cc3)C2)CC1,CCC1CCCC1C(C#N)(c1ccccc1)C1CCN(CC2CN(c3ccc(S(=O)(=O)c4ccncc4)cc3)C2)CC1,CCC1CCCC1C(C#N)(c1ccccc1)C1CCN(CC2CN(c3ccc(S(=O)(=O)c4ccncc4)cc3)C2)CC1,FQYOFSVALFAMPA-UHFFFAOYSA-N,FQYOFSVALFAMPA-UHFFFAOYSA-N,standardized,0.0,False,2.0,strict_exact,exact_point_estimate,low_or_inactive_>10uM,False,False,IC50,biochemical_binding,False,0.32459368378062153,0.9093071403192647,0.24742268025875092,C[C@@H]1CN(CC2(c3ccncc3)CC2)CCN1S(=O)(=O)c1ccc(C(C)(O)C(F)(F)F)cc1,False,medium
STR-E15050249B2D732BD2E2,IC50,biochemical_binding,1,2,1,2,1,0,0,4.987162775294828,4.987162775294828,4.987162775294828,10300.0,10300.0,IC50,1,inhibitory_potency,1,biochemical_binding,1,ChEMBL;PubChem,CHEMBL5932259,Menin,2021,=,CSC[C@H]1CCC[C@@H]1C(C#N)(c1ccccc1)C1CCN(CC2CN(c3ccc(S(=O)(=O)c4ccncc4)cc3)C2)CC1,CSC[C@H]1CCC[C@@H]1C(C#N)(c1ccccc1)C1CCN(CC2CN(c3ccc(S(=O)(=O)c4ccncc4)cc3)C2)CC1,CSC[C@H]1CCC[C@@H]1C(C#N)(c1ccccc1)C1CCN(CC2CN(c3ccc(S(=O)(=O)c4ccncc4)cc3)C2)CC1,CSC[C@H]1CCC[C@@H]1C(C#N)(c1ccccc1)C1CCN(CC2CN(c3ccc(S(=O)(=O)c4ccncc4)cc3)C2)CC1,WYRSUBFHMKGIDZ-MTUARQITSA-N,WYRSUBFHMKGIDZ-MTUARQITSA-N,standardized,0.0,False,2.0,strict_exact,exact_point_estimate,low_or_inactive_>10uM,False,False,IC50,biochemical_binding,False,0.4228291250871878,0.9827476287990973,0.2525252401828766,C[C@@H]1CN(CC2(c3ccncc3)CC2)CCN1S(=O)(=O)c1ccc(C(C)(O)C(F)(F)F)cc1,False,medium
STR-D5C69694B8C40CD738C2,IC50,biochemical_binding,1,1,0,1,1,0,0,4.985479461242076,4.985479461242076,4.985479461242076,10340.0,10340.0,IC50,1,inhibitory_potency,1,biochemical_binding,1,PubChem,156531775,Menin,2026,=,CCN(C)C[C@@H](O)C[C@@H](C(C)C)N1CC2(CCN(c3ncnnc3Oc3ccc(F)cc3C(=O)N(C(C)C)C(C)C)C2)C1,CCN(C)C[C@H](C[C@@H](C(C)C)N1CC2(C1)CCN(C2)C3=C(N=NC=N3)OC4=C(C=C(C=C4)F)C(=O)N(C(C)C)C(C)C)O,CCN(C)C[C@@H](O)C[C@@H](C(C)C)N1CC2(CCN(c3ncnnc3Oc3ccc(F)cc3C(=O)N(C(C)C)C(C)C)C2)C1,CCN(C)C[C@@H](O)C[C@@H](C(C)C)N1CC2(CCN(c3ncnnc3Oc3ccc(F)cc3C(=O)N(C(C)C)C(C)C)C2)C1,HBSNMUDWKGGMQS-BDYUSTAISA-N,HBSNMUDWKGGMQS-BDYUSTAISA-N,standardized,0.0,False,2.0,strict_exact,exact_point_estimate,low_or_inactive_>10uM,False,False,IC50,biochemical_binding,False,0.6860079699184519,0.8977279540659739,0.24528302252292633,O=C(CCc1ccccc1)c1cc(F)ccc1OCC(O)CN1CCN(C(c2ccccc2)c2ccccc2)CC1,False,medium
STR-9E30945B1B85AD5CB97B,IC50,biochemical_binding,1,2,1,2,1,0,0,4.982966660701219,4.982966660701219,4.982966660701219,10400.0,10400.0,IC50,1,inhibitory_potency,1,biochemical_binding,1,ChEMBL;PubChem,CHEMBL6064433,Menin,2021,=,COC(=O)N1Cc2ccccc2C(C2CCN(CCCOc3ccc(C#N)cc3)CC2)([C@@H]2CCC[C@H]2OC)C1,COC(=O)N1Cc2ccccc2C(C2CCN(CCCOc3ccc(C#N)cc3)CC2)([C@@H]2CCC[C@H]2OC)C1,COC(=O)N1Cc2ccccc2C(C2CCN(CCCOc3ccc(C#N)cc3)CC2)([C@@H]2CCC[C@H]2OC)C1,COC(=O)N1Cc2ccccc2C(C2CCN(CCCOc3ccc(C#N)cc3)CC2)([C@@H]2CCC[C@H]2OC)C1,RZZLNBBDQPQGHP-VOKSZNSDSA-N,RZZLNBBDQPQGHP-VOKSZNSDSA-N,standardized,0.0,False,2.0,strict_exact,exact_point_estimate,low_or_inactive_>10uM,False,False,IC50,biochemical_binding,False,0.9748011223915451,0.16971091216118211,0.30392158031463623,COc1cc(N)c(Cl)cc1C(=O)N[C@H]1CCN(CCCOc2ccc(F)cc2)C[C@H]1OC,True,high
STR-72C550895A5820A4CDC3,IC50,biochemical_binding,1,1,0,1,1,0,0,4.982549270489464,4.982549270489464,4.982549270489464,10410.0,10410.0,IC50,1,inhibitory_potency,1,biochemical_binding,1,PubChem,156497991,Menin,2026,=,CCN(C(=O)c1cc(F)ccc1Oc1nncnc1N1CCC2(C1)CN([C@H](CCCN(C)CC(F)(F)F)C(C)C)C2)C(C)C,CCN(C(C)C)C(=O)C1=C(C=CC(=C1)F)OC2=C(N=CN=N2)N3CCC4(C3)CN(C4)[C@H](CCCN(C)CC(F)(F)F)C(C)C,CCN(C(=O)c1cc(F)ccc1Oc1nncnc1N1CCC2(C1)CN([C@H](CCCN(C)CC(F)(F)F)C(C)C)C2)C(C)C,CCN(C(=O)c1cc(F)ccc1Oc1nncnc1N1CCC2(C1)CN([C@H](CCCN(C)CC(F)(F)F)C(C)C)C2)C(C)C,RFTMBRQBOSRJJB-RUZDIDTESA-N,RFTMBRQBOSRJJB-RUZDIDTESA-N,standardized,0.0,False,2.0,strict_exact,exact_point_estimate,low_or_inactive_>10uM,False,False,IC50,biochemical_binding,False,0.9234985595936728,0.38973020345844667,0.2347826063632965,CC(Oc1ccc(S(C)(=O)=O)cc1C(=O)N1CCN(c2ncc(C(F)(F)F)cc2Cl)CC1)C(F)(F)F,False,high
STR-FD2C6D69C0E7C03090A5,IC50,biochemical_binding,1,1,0,1,1,0,0,4.9779842601822795,4.9779842601822795,4.9779842601822795,10520.0,10520.0,IC50,1,inhibitory_potency,1,biochemical_binding,1,PubChem,156531372,Menin,2026,=,CCN(C(=O)c1cc(F)ccc1Oc1nncnc1N1CCC2(C1)CN([C@@H](CN)C(C)C)C2)C(C)C,CCN(C(C)C)C(=O)C1=C(C=CC(=C1)F)OC2=C(N=CN=N2)N3CCC4(C3)CN(C4)[C@@H](CN)C(C)C,CCN(C(=O)c1cc(F)ccc1Oc1nncnc1N1CCC2(C1)CN([C@@H](CN)C(C)C)C2)C(C)C,CCN(C(=O)c1cc(F)ccc1Oc1nncnc1N1CCC2(C1)CN([C@@H](CN)C(C)C)C2)C(C)C,DCWOLQRIQKZEQR-NRFANRHFSA-N,DCWOLQRIQKZEQR-NRFANRHFSA-N,standardized,0.0,False,2.0,strict_exact,exact_point_estimate,low_or_inactive_>10uM,False,False,IC50,biochemical_binding,False,0.20886840200926166,0.7393141567233186,0.23529411852359772,O=C(CCc1ccccc1)c1cc(F)ccc1OCC(O)CN1CCN(C(c2ccccc2)c2ccccc2)CC1,False,low
STR-7A6579C0FCDE81940F28,IC50,biochemical_binding,1,2,1,2,1,0,0,4.97061622231479,4.97061622231479,4.97061622231479,10700.0,10700.0,IC50,1,inhibitory_potency,1,biochemical_binding,1,ChEMBL;PubChem,CHEMBL5768927,Menin,2021,=,N#Cc1ccc(OCCCN2CCC(C3(C4CCCS4(=O)=O)NCCc4ccccc43)CC2)cc1,N#Cc1ccc(OCCCN2CCC(C3(C4CCCS4(=O)=O)NCCc4ccccc43)CC2)cc1,N#Cc1ccc(OCCCN2CCC(C3(C4CCCS4(=O)=O)NCCc4ccccc43)CC2)cc1,N#Cc1ccc(OCCCN2CCC(C3(C4CCCS4(=O)=O)NCCc4ccccc43)CC2)cc1,PDRUWCKNCJTHCJ-UHFFFAOYSA-N,PDRUWCKNCJTHCJ-UHFFFAOYSA-N,standardized,0.0,False,2.0,strict_exact,exact_point_estimate,low_or_inactive_>10uM,False,False,IC50,biochemical_binding,False,0.9962108069519949,0.03593614568370494,0.30136987566947937,c1ccc(-c2ccc(OCCCCCN3CCCCCC3)cc2)cc1,True,high
STR-EFC43EF5227E2B3C49F1,IC50,biochemical_binding,1,1,0,1,1,0,0,4.97061622231479,4.97061622231479,4.97061622231479,10700.0,10700.0,IC50,1,inhibitory_potency,1,biochemical_binding,1,ChEMBL,CHEMBL2315088,Menin,2013,=,CC[C@@H]1NC(=O)[C@@H]2CCCN2C(=O)[C@H](Cc2ccccc2)NC(=O)[C@@H](N)CCCCCCCCNC(=O)[C@@H]2CCCN2C(=O)[C@H](CCCNC(=N)N)NC1=O,CC[C@@H]1NC(=O)[C@@H]2CCCN2C(=O)[C@H](Cc2ccccc2)NC(=O)[C@@H](N)CCCCCCCCNC(=O)[C@@H]2CCCN2C(=O)[C@H](CCCNC(=N)N)NC1=O,CC[C@@H]1NC(=O)[C@@H]2CCCN2C(=O)[C@H](Cc2ccccc2)NC(=O)[C@@H](N)CCCCCCCCNC(=O)[C@@H]2CCCN2C(=O)[C@H](CCCNC(=N)N)NC1=O,CC[C@@H]1NC(=O)[C@@H]2CCCN2C(=O)[C@H](Cc2ccccc2)NC(=O)[C@@H](N)CCCCCCCCNC(=O)[C@@H]2CCCN2C(=O)[C@H](CCCNC(=N)N)NC1=O,FPWOHGZVKSVJIA-JNRWAQIZSA-N,FPWOHGZVKSVJIA-JNRWAQIZSA-N,standardized,0.0,False,2.0,strict_exact,exact_point_estimate,low_or_inactive_>10uM,False,False,IC50,biochemical_binding,False,0.003754303360192297,0.035655454506577214,0.20388349890708923,CN1C(=O)[C@H](NC(=O)CCC2CCCCC2)N=C(c2ccccc2)c2ccccc21,False,low
STR-E8B47F80D16782785E9D,IC50,biochemical_binding,1,1,0,1,1,0,0,4.966576244513051,4.966576244513051,4.966576244513051,10800.0,10800.0,IC50,1,inhibitory_potency,1,biochemical_binding,1,ChEMBL,CHEMBL3126202,Menin,2014,=,N#Cc1ccc(OCCCN2CCC(C(O)(c3ccccc3)c3ccccc3)CC2)cc1,N#Cc1ccc(OCCCN2CCC(C(O)(c3ccccc3)c3ccccc3)CC2)cc1,N#Cc1ccc(OCCCN2CCC(C(O)(c3ccccc3)c3ccccc3)CC2)cc1,N#Cc1ccc(OCCCN2CCC(C(O)(c3ccccc3)c3ccccc3)CC2)cc1,PFDYBDSSCPZQSF-UHFFFAOYSA-N,PFDYBDSSCPZQSF-UHFFFAOYSA-N,standardized,0.0,False,2.0,strict_exact,exact_point_estimate,low_or_inactive_>10uM,False,False,IC50,biochemical_binding,False,0.994366484144816,0.05019672400263607,0.5,CC(C)(O)c1ccc(C(O)CCCN2CCC(C(O)(c3ccccc3)c3ccccc3)CC2)cc1,True,high
STR-387792503A9801B32A63,IC50,biochemical_binding,1,1,0,1,1,0,0,4.958607314841775,4.958607314841775,4.958607314841775,11000.0,11000.0,IC50,1,inhibitory_potency,1,biochemical_binding,1,ChEMBL,CHEMBL2314832,Menin,2013,=,CC(=O)N[C@@H](CCCNC(=N)N)C(=O)N[C@@H](Cc1c[nH]c2ccccc12)C(=O)N[C@H]1CCCCNC(=O)[C@@H]2CCCN2C(=O)[C@H](CCCNC(=N)N)NC(=O)[C@H](C)NC(=O)[C@@H]2CCCN2C(=O)[C@H](Cc2ccccc2)NC1=O,CC(=O)N[C@@H](CCCNC(=N)N)C(=O)N[C@@H](Cc1c[nH]c2ccccc12)C(=O)N[C@H]1CCCCNC(=O)[C@@H]2CCCN2C(=O)[C@H](CCCNC(=N)N)NC(=O)[C@H](C)NC(=O)[C@@H]2CCCN2C(=O)[C@H](Cc2ccccc2)NC1=O,CC(=O)N[C@@H](CCCNC(=N)N)C(=O)N[C@@H](Cc1c[nH]c2ccccc12)C(=O)N[C@H]1CCCCNC(=O)[C@@H]2CCCN2C(=O)[C@H](CCCNC(=N)N)NC(=O)[C@H](C)NC(=O)[C@@H]2CCCN2C(=O)[C@H](Cc2ccccc2)NC1=O,CC(=O)N[C@@H](CCCNC(=N)N)C(=O)N[C@@H](Cc1c[nH]c2ccccc12)C(=O)N[C@H]1CCCCNC(=O)[C@@H]2CCCN2C(=O)[C@H](CCCNC(=N)N)NC(=O)[C@H](C)NC(=O)[C@@H]2CCCN2C(=O)[C@H](Cc2ccccc2)NC1=O,JLUPVHTXBFVAOI-QMZHBYBTSA-N,JLUPVHTXBFVAOI-QMZHBYBTSA-N,standardized,0.0,False,2.0,strict_exact,exact_point_estimate,low_or_inactive_>10uM,False,False,IC50,biochemical_binding,False,1.6891952144482556e-06,3.482770248290013e-05,0.2639999985694885,COC(=O)C(Cc1c[nH]c2ccccc12)NS(=O)(=O)c1ccc(OC2CCCC2)cc1,True,low
STR-26DE89331A7438286FB0,IC50,biochemical_binding,1,2,1,2,1,0,0,4.954677021213342,4.954677021213342,4.954677021213342,11100.0,11100.0,IC50,1,inhibitory_potency,1,biochemical_binding,1,ChEMBL;PubChem,CHEMBL5993236,Menin,2021,=,N#Cc1ccc(OCCCN2CCC(C(C#N)(c3ccccc3)C3CCCCC3)CC2)cc1,N#Cc1ccc(OCCCN2CCC(C(C#N)(c3ccccc3)C3CCCCC3)CC2)cc1,N#Cc1ccc(OCCCN2CCC(C(C#N)(c3ccccc3)C3CCCCC3)CC2)cc1,N#Cc1ccc(OCCCN2CCC(C(C#N)(c3ccccc3)C3CCCCC3)CC2)cc1,MZZPAIMXRCSHHY-UHFFFAOYSA-N,MZZPAIMXRCSHHY-UHFFFAOYSA-N,standardized,0.0,False,2.0,strict_exact,exact_point_estimate,low_or_inactive_>10uM,False,False,IC50,biochemical_binding,False,0.9977406385011708,0.02311537654858033,0.42105263471603394,c1ccc(-c2ccc(OCCCCCN3CCCCCC3)cc2)cc1,True,high
STR-A6D8AB953E61D44AA038,IC50,biochemical_binding,1,2,1,2,1,0,0,4.950781977329818,4.950781977329818,4.950781977329818,11200.0,11200.0,IC50,1,inhibitory_potency,1,biochemical_binding,1,ChEMBL;PubChem,CHEMBL5944307,Menin,2021,=,CCC(C)CC1(C2CCN(CCCOc3ccc(C#N)cc3)CC2)NCCc2ccccc21,CCC(C)CC1(C2CCN(CCCOc3ccc(C#N)cc3)CC2)NCCc2ccccc21,CCC(C)CC1(C2CCN(CCCOc3ccc(C#N)cc3)CC2)NCCc2ccccc21,CCC(C)CC1(C2CCN(CCCOc3ccc(C#N)cc3)CC2)NCCc2ccccc21,MOSGXILIIOAOMM-UHFFFAOYSA-N,MOSGXILIIOAOMM-UHFFFAOYSA-N,standardized,0.0,False,2.0,strict_exact,exact_point_estimate,low_or_inactive_>10uM,False,False,IC50,biochemical_binding,False,0.9985226345696745,0.016021121553432636,0.2989690601825714,CC(c1ccc(OCCCN2CCC(c3noc4cc(F)ccc34)CC2)cc1)c1nc2ccccc2o1,True,high
STR-EE1FD4C7BA9FA060836F,IC50,biochemical_binding,1,1,0,1,1,0,0,4.950781977329818,4.950781977329818,4.950781977329818,11200.0,11200.0,IC50,1,inhibitory_potency,1,biochemical_binding,1,ChEMBL,CHEMBL3126182,Menin,2014,=,N#Cc1ccc(OCCCN2CCC(C(O)(c3ccccc3)C3CC3)CC2)cc1,N#Cc1ccc(OCCCN2CCC(C(O)(c3ccccc3)C3CC3)CC2)cc1,N#Cc1ccc(OCCCN2CCC(C(O)(c3ccccc3)C3CC3)CC2)cc1,N#Cc1ccc(OCCCN2CCC(C(O)(c3ccccc3)C3CC3)CC2)cc1,SZRJACHFBPNVHW-UHFFFAOYSA-N,SZRJACHFBPNVHW-UHFFFAOYSA-N,standardized,0.0,False,2.0,strict_exact,exact_point_estimate,low_or_inactive_>10uM,False,False,IC50,biochemical_binding,False,0.9927510221832883,0.06194585025104524,0.3968254029750824,CC(C)(O)c1ccc(C(O)CCCN2CCC(C(O)(c3ccccc3)c3ccccc3)CC2)cc1,True,high
STR-40FF751350DD414E6552,IC50,biochemical_binding,1,2,1,2,1,0,0,4.943095148663527,4.943095148663527,4.943095148663527,11400.0,11400.0,IC50,1,inhibitory_potency,1,biochemical_binding,1,ChEMBL;PubChem,CHEMBL5869006,Menin,2021,=,CC(=O)O[C@@H]1CCC[C@H]1C(C#N)(c1ccccc1F)C1CCN(CCCOc2ccc(C#N)cc2)CC1,CC(=O)O[C@@H]1CCC[C@H]1C(C#N)(c1ccccc1F)C1CCN(CCCOc2ccc(C#N)cc2)CC1,CC(=O)O[C@@H]1CCC[C@H]1C(C#N)(c1ccccc1F)C1CCN(CCCOc2ccc(C#N)cc2)CC1,CC(=O)O[C@@H]1CCC[C@H]1C(C#N)(c1ccccc1F)C1CCN(CCCOc2ccc(C#N)cc2)CC1,CJQQTVQISYHBBS-MODKJIOJSA-N,CJQQTVQISYHBBS-MODKJIOJSA-N,standardized,0.0,False,2.0,strict_exact,exact_point_estimate,low_or_inactive_>10uM,False,False,IC50,biochemical_binding,False,0.9878645486890731,0.09463872920723133,0.3263157904148102,O=C(c1ccc(F)cc1F)C1CCN(CCCOc2ccc(-c3nc4ccccc4o3)cc2)CC1,True,high
STR-8162199E4581352B8C4E,IC50,biochemical_binding,1,1,0,1,1,0,0,4.935542010773082,4.935542010773082,4.935542010773082,11600.0,11600.0,IC50,1,inhibitory_potency,1,biochemical_binding,1,ChEMBL,CHEMBL6007799,Menin,2021,=,N#Cc1cc2cc(C(=O)N[C@H]3CC[C@H](C4(C5CCCC5)NCCc5ccccc54)CC3)ccc2[nH]1,N#Cc1cc2cc(C(=O)N[C@H]3CC[C@H](C4(C5CCCC5)NCCc5ccccc54)CC3)ccc2[nH]1,N#Cc1cc2cc(C(=O)N[C@H]3CC[C@H](C4(C5CCCC5)NCCc5ccccc54)CC3)ccc2[nH]1,N#Cc1cc2cc(C(=O)N[C@H]3CC[C@H](C4(C5CCCC5)NCCc5ccccc54)CC3)ccc2[nH]1,BWVRLXPZVNPZJD-BIBMFLLGSA-N,BWVRLXPZVNPZJD-BIBMFLLGSA-N,standardized,0.0,False,2.0,strict_exact,exact_point_estimate,low_or_inactive_>10uM,False,False,IC50,biochemical_binding,False,0.9067245262542488,0.4473094408029801,0.2916666567325592,N#Cc1ccc2c(c1)CCN(CC[C@H]1CC[C@H](NC(=O)c3ccnc4ccccc34)CC1)C2,True,high
STR-94A936446793C2B8E49C,IC50,biochemical_binding,1,2,1,2,1,0,0,4.935542010773082,4.935542010773082,4.935542010773082,11600.0,11600.0,IC50,1,inhibitory_potency,1,biochemical_binding,1,ChEMBL;PubChem,CHEMBL6056651,Menin,2021,=,C[C@H](NC(=O)O[C@H]1CCC[C@@H]1[C@](C#N)(c1ccccc1)C1CCN(CC2CN(c3ccc(S(=O)(=O)c4ccncc4)cc3)C2)CC1)c1ccccc1,C[C@H](NC(=O)O[C@H]1CCC[C@@H]1[C@](C#N)(c1ccccc1)C1CCN(CC2CN(c3ccc(S(=O)(=O)c4ccncc4)cc3)C2)CC1)c1ccccc1,C[C@H](NC(=O)O[C@H]1CCC[C@@H]1[C@](C#N)(c1ccccc1)C1CCN(CC2CN(c3ccc(S(=O)(=O)c4ccncc4)cc3)C2)CC1)c1ccccc1,C[C@H](NC(=O)O[C@H]1CCC[C@@H]1[C@](C#N)(c1ccccc1)C1CCN(CC2CN(c3ccc(S(=O)(=O)c4ccncc4)cc3)C2)CC1)c1ccccc1,RFCAYIYVVBOQSO-FBVIJFKLSA-N,RFCAYIYVVBOQSO-FBVIJFKLSA-N,standardized,0.0,False,2.0,strict_exact,exact_point_estimate,low_or_inactive_>10uM,False,False,IC50,biochemical_binding,False,0.18774041279097284,0.696720574322193,0.28947368264198303,C[C@H](NC(=O)c1c(CN2CCC(N3CCCCC3)CC2)c(-c2cccc(C(F)(F)F)c2)nc2ccccc12)c1ccccc1,True,low
STR-9CEE978B571562B060A4,IC50,biochemical_binding,1,2,1,2,1,0,0,4.935542010773082,4.935542010773082,4.935542010773082,11600.0,11600.0,IC50,1,inhibitory_potency,1,biochemical_binding,1,ChEMBL;PubChem,CHEMBL5842609,Menin,2021,=,CC(=O)O[C@@H]1CCC[C@H]1C(C#N)(c1cccc(F)c1)C1CCN(CC2CN(c3ccc(CC(F)(F)F)cc3)C2)CC1,CC(=O)O[C@@H]1CCC[C@H]1C(C#N)(c1cccc(F)c1)C1CCN(CC2CN(c3ccc(CC(F)(F)F)cc3)C2)CC1,CC(=O)O[C@@H]1CCC[C@H]1C(C#N)(c1cccc(F)c1)C1CCN(CC2CN(c3ccc(CC(F)(F)F)cc3)C2)CC1,CC(=O)O[C@@H]1CCC[C@H]1C(C#N)(c1cccc(F)c1)C1CCN(CC2CN(c3ccc(CC(F)(F)F)cc3)C2)CC1,KCKQSQHKDSVFJU-KCUXUGRMSA-N,KCKQSQHKDSVFJU-KCUXUGRMSA-N,standardized,0.0,False,2.0,strict_exact,exact_point_estimate,low_or_inactive_>10uM,False,False,IC50,biochemical_binding,False,0.8731242536631251,0.5488072230092095,0.26530611515045166,CC(=O)Nc1cccc(N2CCN(CC3CCN(S(=O)(=O)CC4CCCCC4)CC3)CC2)c1,True,high
STR-E1A559FB704F9D78FD76,IC50,biochemical_binding,1,1,0,1,1,0,0,4.935542010773082,4.935542010773082,4.935542010773082,11600.0,11600.0,IC50,1,inhibitory_potency,1,biochemical_binding,1,PubChem,132104748,Menin,2023,=,N#Cc1cc2cc(C(=O)NC3CCC(C4(C5CCCC5)NCCc5ccccc54)CC3)ccc2[nH]1,C1CCC(C1)C2(C3=CC=CC=C3CCN2)C4CCC(CC4)NC(=O)C5=CC6=C(C=C5)NC(=C6)C#N,N#Cc1cc2cc(C(=O)NC3CCC(C4(C5CCCC5)NCCc5ccccc54)CC3)ccc2[nH]1,N#Cc1cc2cc(C(=O)NC3CCC(C4(C5CCCC5)NCCc5ccccc54)CC3)ccc2[nH]1,BWVRLXPZVNPZJD-UHFFFAOYSA-N,BWVRLXPZVNPZJD-UHFFFAOYSA-N,standardized,0.0,False,2.0,strict_exact,exact_point_estimate,low_or_inactive_>10uM,False,False,IC50,biochemical_binding,False,0.9067245262542488,0.4473094408029801,0.2916666567325592,N#Cc1ccc2c(c1)CCN(CC[C@H]1CC[C@H](NC(=O)c3ccnc4ccccc34)CC1)C2,True,high
STR-0BCBBE5537E8A8D227ED,IC50,biochemical_binding,1,1,0,1,1,0,0,4.920818753952375,4.920818753952375,4.920818753952375,12000.0,12000.0,IC50,1,inhibitory_potency,1,biochemical_binding,1,ChEMBL,CHEMBL3696189,Menin,2015,=,c1ccc(CN2CCC(Nc3ncnc4sc5c(c34)CCC5)CC2)cc1,c1ccc(CN2CCC(Nc3ncnc4sc5c(c34)CCC5)CC2)cc1,c1ccc(CN2CCC(Nc3ncnc4sc5c(c34)CCC5)CC2)cc1,c1ccc(CN2CCC(Nc3ncnc4sc5c(c34)CCC5)CC2)cc1,FQZXDFIVXYTGKE-UHFFFAOYSA-N,FQZXDFIVXYTGKE-UHFFFAOYSA-N,standardized,0.0,False,2.0,strict_exact,exact_point_estimate,low_or_inactive_>10uM,False,False,IC50,biochemical_binding,False,0.8139530141978455,0.6931284249783894,0.31081080436706543,FC(F)(F)c1ccc(C(F)(F)CN2CCC(Nc3ncnc4[nH]ncc34)CC2)cc1,True,high
STR-96DCE721D71CD4CE180C,IC50,biochemical_binding,1,1,0,1,1,0,0,4.920818753952375,4.920818753952375,4.920818753952375,12000.0,12000.0,IC50,1,inhibitory_potency,1,biochemical_binding,1,ChEMBL,CHEMBL1342135,Menin,2015,=,CCc1cc2c(N3CCN(C(=O)c4ccco4)CC3)ncnc2s1,CCc1cc2c(N3CCN(C(=O)c4ccco4)CC3)ncnc2s1,CCc1cc2c(N3CCN(C(=O)c4ccco4)CC3)ncnc2s1,CCc1cc2c(N3CCN(C(=O)c4ccco4)CC3)ncnc2s1,GWNIGANSXBNWNV-UHFFFAOYSA-N,GWNIGANSXBNWNV-UHFFFAOYSA-N,standardized,0.0,False,2.0,strict_exact,exact_point_estimate,low_or_inactive_>10uM,False,False,IC50,biochemical_binding,False,0.8863045652276377,0.5109628537508119,0.3333333432674408,O=C(N[C@H]1CC[C@H](CCN2CCN(c3nsc4ccccc34)CC2)CC1)c1ccco1,True,high
STR-FC23C7EE60D140564837,IC50,biochemical_binding,1,2,1,2,1,0,0,4.920818753952375,4.920818753952375,4.920818753952375,12000.0,12000.0,IC50,1,inhibitory_potency,1,biochemical_binding,1,ChEMBL;PubChem,CHEMBL3696197,Menin,2015,=,CC1(C)CC(=O)C2=C(C1)Nc1ccccc1NC2c1ccc2c(c1)OCO2,CC1(C)CC(=O)C2=C(C1)Nc1ccccc1NC2c1ccc2c(c1)OCO2,CC1(C)CC(=O)C2=C(C1)Nc1ccccc1NC2c1ccc2c(c1)OCO2,CC1(C)CC(=O)C2=C(C1)Nc1ccccc1NC2c1ccc2c(c1)OCO2,ZQKBFEWLMICUNK-UHFFFAOYSA-N,ZQKBFEWLMICUNK-UHFFFAOYSA-N,standardized,0.0,False,2.0,strict_exact,exact_point_estimate,low_or_inactive_>10uM,False,False,IC50,biochemical_binding,False,0.9729454354508184,0.17939841305792487,0.31168830394744873,CN1CC(=O)N2[C@H](c3ccc4c(c3)OCO4)c3[nH]c4ccccc4c3C[C@@H]2C1=O,True,high
STR-CD94BD50EF1121AE4E8B,IC50,biochemical_binding,1,1,0,1,1,0,0,4.92009553233328,4.92009553233328,4.92009553233328,12020.0,12020.0,IC50,1,inhibitory_potency,1,biochemical_binding,1,PubChem,156531794,Menin,2026,=,CCN(C)C[C@H](O)C[C@@H](C(C)C)N1CC2(CCN(c3ncnnc3Oc3ccc(F)cc3C(=O)N(CC)C(C)C)C2)C1,CCN(C)C[C@@H](C[C@@H](C(C)C)N1CC2(C1)CCN(C2)C3=C(N=NC=N3)OC4=C(C=C(C=C4)F)C(=O)N(CC)C(C)C)O,CCN(C)C[C@H](O)C[C@@H](C(C)C)N1CC2(CCN(c3ncnnc3Oc3ccc(F)cc3C(=O)N(CC)C(C)C)C2)C1,CCN(C)C[C@H](O)C[C@@H](C(C)C)N1CC2(CCN(c3ncnnc3Oc3ccc(F)cc3C(=O)N(CC)C(C)C)C2)C1,LBZIHFPAAWTXAW-RSXGOPAZSA-N,LBZIHFPAAWTXAW-RSXGOPAZSA-N,standardized,0.0,False,2.0,strict_exact,exact_point_estimate,low_or_inactive_>10uM,False,False,IC50,biochemical_binding,False,0.5255167524867803,0.9981204927454621,0.2429906576871872,O=C(CCc1ccccc1)c1cc(F)ccc1OCC(O)CN1CCN(C(c2ccccc2)c2ccccc2)CC1,False,medium
STR-DADA1B47F9BA05C17134,IC50,biochemical_binding,1,1,0,1,1,0,0,4.909741947068683,4.909741947068683,4.909741947068683,12310.0,12310.0,IC50,1,inhibitory_potency,1,biochemical_binding,1,PubChem,156531602,Menin,2026,=,CCN(C(=O)c1cc(F)ccc1Oc1nncnc1N1CCC2(C1)CN([C@H](C[C@@H](C)CN(C)CCOC)C(C)C)C2)C(C)C,CCN(C(C)C)C(=O)C1=C(C=CC(=C1)F)OC2=C(N=CN=N2)N3CCC4(C3)CN(C4)[C@H](C[C@@H](C)CN(C)CCOC)C(C)C,CCN(C(=O)c1cc(F)ccc1Oc1nncnc1N1CCC2(C1)CN([C@H](C[C@@H](C)CN(C)CCOC)C(C)C)C2)C(C)C,CCN(C(=O)c1cc(F)ccc1Oc1nncnc1N1CCC2(C1)CN([C@H](C[C@@H](C)CN(C)CCOC)C(C)C)C2)C(C)C,GORAKAHLMGAALX-LEAFIULHSA-N,GORAKAHLMGAALX-LEAFIULHSA-N,standardized,0.0,False,2.0,strict_exact,exact_point_estimate,low_or_inactive_>10uM,False,False,IC50,biochemical_binding,False,0.6384705803777665,0.9439454033226,0.22429905831813812,COc1nccnc1[C@H](C)C1=C(CCN(C)C)Cc2cc(F)ccc21,False,medium
STR-8C455D8899B5E9DDDDFA,IC50,biochemical_binding,1,1,0,1,1,0,0,4.892790030352131,4.892790030352131,4.892790030352131,12800.0,12800.0,IC50,1,inhibitory_potency,1,biochemical_binding,1,ChEMBL,CHEMBL1438422,Menin,2014,=,N#Cc1ccc(OCC(O)CN2CCC(C(O)(c3ccccc3)c3ccccc3)CC2)cc1,N#Cc1ccc(OCC(O)CN2CCC(C(O)(c3ccccc3)c3ccccc3)CC2)cc1,N#Cc1ccc(OCC(O)CN2CCC(C(O)(c3ccccc3)c3ccccc3)CC2)cc1,N#Cc1ccc(OCC(O)CN2CCC(C(O)(c3ccccc3)c3ccccc3)CC2)cc1,FUXZYKBZWQNXAX-UHFFFAOYSA-N,FUXZYKBZWQNXAX-UHFFFAOYSA-N,standardized,0.0,False,2.0,strict_exact,exact_point_estimate,low_or_inactive_>10uM,False,False,IC50,biochemical_binding,False,0.8263154077523417,0.6660645540538802,0.4285714328289032,CC(C)(O)c1ccc(C(O)CCCN2CCC(C(O)(c3ccccc3)c3ccccc3)CC2)cc1,True,high
STR-562B91EA5B528B52D63B,IC50,biochemical_binding,1,1,0,1,1,0,0,4.882728704344236,4.882728704344236,4.882728704344236,13100.0,13100.0,IC50,1,inhibitory_potency,1,biochemical_binding,1,ChEMBL,CHEMBL5887740,Menin,2021,=,O=S(=O)(c1ccc(O[C@H]2C[C@@H](N3CCC(C4(C5CCCC5)NCCc5ccccc54)CC3)C2)cc1)C1CC1,O=S(=O)(c1ccc(O[C@H]2C[C@@H](N3CCC(C4(C5CCCC5)NCCc5ccccc54)CC3)C2)cc1)C1CC1,O=S(=O)(c1ccc(O[C@H]2C[C@@H](N3CCC(C4(C5CCCC5)NCCc5ccccc54)CC3)C2)cc1)C1CC1,O=S(=O)(c1ccc(O[C@H]2C[C@@H](N3CCC(C4(C5CCCC5)NCCc5ccccc54)CC3)C2)cc1)C1CC1,DAIHYYRKXDJZEY-SQWJPGQQSA-N,DAIHYYRKXDJZEY-SQWJPGQQSA-N,standardized,0.0,False,2.0,strict_exact,exact_point_estimate,low_or_inactive_>10uM,False,False,IC50,biochemical_binding,False,0.9937747231283101,0.054569789647195756,0.2874999940395355,O=C1NN=C(c2ccc(OC3CCN(C4CCC4)CC3)cc2)[C@@H]2C[C@H]12,True,high
STR-A33A7D4A9E6E6442812C,IC50,biochemical_binding,1,2,1,2,1,0,0,4.882728704344236,4.882728704344236,4.882728704344236,13100.0,13100.0,IC50,1,inhibitory_potency,1,biochemical_binding,1,ChEMBL;PubChem,CHEMBL5792312,Menin,2021,=,C[C@@H]1CC(C(C#N)(c2ccccc2)C2CCCC2)C[C@H](C)N1CCCOc1ccc(C#N)cc1,C[C@@H]1CC(C(C#N)(c2ccccc2)C2CCCC2)C[C@H](C)N1CCCOc1ccc(C#N)cc1,C[C@@H]1CC(C(C#N)(c2ccccc2)C2CCCC2)C[C@H](C)N1CCCOc1ccc(C#N)cc1,C[C@@H]1CC(C(C#N)(c2ccccc2)C2CCCC2)C[C@H](C)N1CCCOc1ccc(C#N)cc1,NNKPISYPZRNNPJ-CXZOACHMSA-N,NNKPISYPZRNNPJ-CXZOACHMSA-N,standardized,0.0,False,2.0,strict_exact,exact_point_estimate,low_or_inactive_>10uM,False,False,IC50,biochemical_binding,False,0.983785531266764,0.11962239671729759,0.296875,c1ccc(-c2ccc(OCCCCCN3CCCCCC3)cc2)cc1,True,high
STR-F3E4FB7B2DAC6DD0B0EA,IC50,biochemical_binding,1,2,1,2,1,0,0,4.860120913598763,4.860120913598763,4.860120913598763,13800.0,13800.0,IC50,1,inhibitory_potency,1,biochemical_binding,1,ChEMBL;PubChem,CHEMBL5914883,Menin,2021,=,CC(=O)O[C@@H]1CCC[C@H]1C(C#N)(c1cccc(F)c1)C1CCN(CC2CN(c3ccc(S(=O)(=O)c4ccccc4)cc3)C2)CC1,CC(=O)O[C@@H]1CCC[C@H]1C(C#N)(c1cccc(F)c1)C1CCN(CC2CN(c3ccc(S(=O)(=O)c4ccccc4)cc3)C2)CC1,CC(=O)O[C@@H]1CCC[C@H]1C(C#N)(c1cccc(F)c1)C1CCN(CC2CN(c3ccc(S(=O)(=O)c4ccccc4)cc3)C2)CC1,CC(=O)O[C@@H]1CCC[C@H]1C(C#N)(c1cccc(F)c1)C1CCN(CC2CN(c3ccc(S(=O)(=O)c4ccccc4)cc3)C2)CC1,ZSXCXYOKSWOXBU-CLDIWPSMSA-N,ZSXCXYOKSWOXBU-CLDIWPSMSA-N,standardized,0.0,False,2.0,strict_exact,exact_point_estimate,low_or_inactive_>10uM,False,False,IC50,biochemical_binding,False,0.277944497474834,0.8526349037595388,0.27000001072883606,CC(=O)Nc1cccc(N2CCN(CC3CCN(S(=O)(=O)CC4CCCCC4)CC3)CC2)c1,True,low
STR-CB25E0AA22D6E282838A,IC50,biochemical_binding,1,1,0,1,1,0,0,4.8474059220725305,4.8474059220725305,4.8474059220725305,14210.0,14210.0,IC50,1,inhibitory_potency,1,biochemical_binding,1,PubChem,156531491,Menin,2026,=,CCN(C)C[C@H](C[C@@H](C(C)C)N1CC2(CCN(c3ncnnc3Oc3ccc(F)cc3C(=O)N(CC)C(C)C)C2)C1)OC,CCN(C)C[C@H](C[C@@H](C(C)C)N1CC2(C1)CCN(C2)C3=C(N=NC=N3)OC4=C(C=C(C=C4)F)C(=O)N(CC)C(C)C)OC,CCN(C)C[C@H](C[C@@H](C(C)C)N1CC2(CCN(c3ncnnc3Oc3ccc(F)cc3C(=O)N(CC)C(C)C)C2)C1)OC,CCN(C)C[C@H](C[C@@H](C(C)C)N1CC2(CCN(c3ncnnc3Oc3ccc(F)cc3C(=O)N(CC)C(C)C)C2)C1)OC,WZDYSMKHVNWSMO-BDYUSTAISA-N,WZDYSMKHVNWSMO-BDYUSTAISA-N,standardized,0.0,False,2.0,strict_exact,exact_point_estimate,low_or_inactive_>10uM,False,False,IC50,biochemical_binding,False,0.5478688047419317,0.9933782150748989,0.22857142984867096,COc1nccnc1[C@H](C)C1=C(CCN(C)C)Cc2cc(F)ccc21,False,medium
STR-54ED728D29C775C2EEED,IC50,biochemical_binding,1,2,1,2,1,0,0,4.841637507904751,4.841637507904751,4.841637507904751,14400.0,14400.0,IC50,1,inhibitory_potency,1,biochemical_binding,1,ChEMBL;PubChem,CHEMBL5851276,Menin,2021,=,CS(=O)(=O)CO[C@H]1CCC[C@@H]1C(C#N)(c1ccccc1)C1CCN(CC2CN(c3ccc(S(=O)(=O)c4ccncc4)cc3)C2)CC1,CS(=O)(=O)CO[C@H]1CCC[C@@H]1C(C#N)(c1ccccc1)C1CCN(CC2CN(c3ccc(S(=O)(=O)c4ccncc4)cc3)C2)CC1,CS(=O)(=O)CO[C@H]1CCC[C@@H]1C(C#N)(c1ccccc1)C1CCN(CC2CN(c3ccc(S(=O)(=O)c4ccncc4)cc3)C2)CC1,CS(=O)(=O)CO[C@H]1CCC[C@@H]1C(C#N)(c1ccccc1)C1CCN(CC2CN(c3ccc(S(=O)(=O)c4ccncc4)cc3)C2)CC1,RCDWXAWZKNCQGU-IEKJTBOOSA-N,RCDWXAWZKNCQGU-IEKJTBOOSA-N,standardized,0.0,False,2.0,strict_exact,exact_point_estimate,low_or_inactive_>10uM,False,False,IC50,biochemical_binding,False,0.04650643955440168,0.2713669785540803,0.24752475321292877,C[C@@H]1CN(CC2(c3ccncc3)CC2)CCN1S(=O)(=O)c1ccc(C(C)(O)C(F)(F)F)cc1,False,low
STR-64416BC7F3D621D83B3A,IC50,biochemical_binding,1,2,1,2,1,0,0,4.82102305270683,4.82102305270683,4.82102305270683,15100.0,15100.0,IC50,1,inhibitory_potency,1,biochemical_binding,1,ChEMBL;PubChem,CHEMBL5873208,Menin,2021,=,CC(=O)O[C@H]1CCC[C@@H]1C(C#N)(c1ccccc1)C1CCN(CC2CN(c3ccc(C(=O)O)cc3)C2)CC1,CC(=O)O[C@H]1CCC[C@@H]1C(C#N)(c1ccccc1)C1CCN(CC2CN(c3ccc(C(=O)O)cc3)C2)CC1,CC(=O)O[C@H]1CCC[C@@H]1C(C#N)(c1ccccc1)C1CCN(CC2CN(c3ccc(C(=O)O)cc3)C2)CC1,CC(=O)O[C@H]1CCC[C@@H]1C(C#N)(c1ccccc1)C1CCN(CC2CN(c3ccc(C(=O)O)cc3)C2)CC1,QKNJSAPOLRJCFI-MYABOAQRSA-N,QKNJSAPOLRJCFI-MYABOAQRSA-N,standardized,0.0,False,2.0,strict_exact,exact_point_estimate,low_or_inactive_>10uM,False,False,IC50,biochemical_binding,False,0.031352467660945044,0.20112971930246912,0.2666666805744171,NC(=O)C(c1ccccc1)(c1ccccc1)[C@@H]1CCN(CCc2ccc3c(c2)CCO3)C1,True,low
STR-6F1C926A5BCCC888A7D5,IC50,biochemical_binding,1,1,0,1,1,0,0,4.815308569182402,4.815308569182402,4.815308569182402,15300.0,15300.0,IC50,1,inhibitory_potency,1,biochemical_binding,1,ChEMBL,CHEMBL4515980,Menin,2019,=,CO[C@H]1CCC[C@@H]1[C@](C#N)(c1ccccc1)C1CCN(CC2CN(c3ccc(C#N)cc3)C2)CC1,CO[C@H]1CCC[C@@H]1[C@](C#N)(c1ccccc1)C1CCN(CC2CN(c3ccc(C#N)cc3)C2)CC1,CO[C@H]1CCC[C@@H]1[C@](C#N)(c1ccccc1)C1CCN(CC2CN(c3ccc(C#N)cc3)C2)CC1,CO[C@H]1CCC[C@@H]1[C@](C#N)(c1ccccc1)C1CCN(CC2CN(c3ccc(C#N)cc3)C2)CC1,XWVPFMAEIFLCFQ-OIFRRMEBSA-N,XWVPFMAEIFLCFQ-OIFRRMEBSA-N,standardized,0.0,False,2.0,strict_exact,exact_point_estimate,low_or_inactive_>10uM,False,False,IC50,biochemical_binding,False,0.6313565858512893,0.9496247721195186,0.26582279801368713,CC(C)(O)c1ccc(C(O)CCCN2CCC(C(O)(c3ccccc3)c3ccccc3)CC2)cc1,True,medium
STR-DFE431635A25C35796E2,IC50,biochemical_binding,1,1,0,1,1,0,0,4.815308569182402,4.815308569182402,4.815308569182402,15300.0,15300.0,IC50,1,inhibitory_potency,1,biochemical_binding,1,ChEMBL,CHEMBL3126181,Menin,2014,=,CCCCC(O)(c1ccccc1)C1CCN(CCCOc2ccc(C#N)cc2)CC1,CCCCC(O)(c1ccccc1)C1CCN(CCCOc2ccc(C#N)cc2)CC1,CCCCC(O)(c1ccccc1)C1CCN(CCCOc2ccc(C#N)cc2)CC1,CCCCC(O)(c1ccccc1)C1CCN(CCCOc2ccc(C#N)cc2)CC1,JJAPANZDGHTBJO-UHFFFAOYSA-N,JJAPANZDGHTBJO-UHFFFAOYSA-N,standardized,0.0,False,2.0,strict_exact,exact_point_estimate,low_or_inactive_>10uM,False,False,IC50,biochemical_binding,False,0.9814329104063653,0.13331776631629802,0.38235294818878174,CC(C)(O)c1ccc(C(O)CCCN2CCC(C(O)(c3ccccc3)c3ccccc3)CC2)cc1,True,high
STR-B53DCF54F31F57F891A0,IC50,biochemical_binding,1,1,0,1,1,0,0,4.812197361281581,4.812197361281581,4.812197361281581,15410.0,15410.0,IC50,1,inhibitory_potency,1,biochemical_binding,1,PubChem,156531489,Menin,2026,=,CCN(C(=O)c1cc(F)ccc1Oc1nncnc1N1CCC2(C1)CN([C@@H](C[C@@H](CN(C)C)OC)C(C)C)C2)C(C)C,CCN(C(C)C)C(=O)C1=C(C=CC(=C1)F)OC2=C(N=CN=N2)N3CCC4(C3)CN(C4)[C@@H](C[C@@H](CN(C)C)OC)C(C)C,CCN(C(=O)c1cc(F)ccc1Oc1nncnc1N1CCC2(C1)CN([C@@H](C[C@@H](CN(C)C)OC)C(C)C)C2)C(C)C,CCN(C(=O)c1cc(F)ccc1Oc1nncnc1N1CCC2(C1)CN([C@@H](C[C@@H](CN(C)C)OC)C(C)C)C2)C(C)C,LPQSXRARPNKWLW-AHWVRZQESA-N,LPQSXRARPNKWLW-AHWVRZQESA-N,standardized,0.0,False,2.0,strict_exact,exact_point_estimate,low_or_inactive_>10uM,False,False,IC50,biochemical_binding,False,0.7206315254792275,0.8545888851424379,0.23076923191547394,COc1nccnc1[C@H](C)C1=C(CCN(C)C)Cc2cc(F)ccc21,False,high
STR-F5F5118AE185B42AD9FA,IC50,biochemical_binding,1,1,0,1,1,0,0,4.795880017344075,4.795880017344075,4.795880017344075,16000.0,16000.0,IC50,1,inhibitory_potency,1,biochemical_binding,1,ChEMBL,CHEMBL3696182,Menin,2015,=,CCc1cc2c(N3CCN(CC(=O)N4CCN(C)CC4)CC3)ncnc2s1,CCc1cc2c(N3CCN(CC(=O)N4CCN(C)CC4)CC3)ncnc2s1,CCc1cc2c(N3CCN(CC(=O)N4CCN(C)CC4)CC3)ncnc2s1,CCc1cc2c(N3CCN(CC(=O)N4CCN(C)CC4)CC3)ncnc2s1,CYCVICMTFWYLRA-UHFFFAOYSA-N,CYCVICMTFWYLRA-UHFFFAOYSA-N,standardized,0.0,False,2.0,strict_exact,exact_point_estimate,low_or_inactive_>10uM,False,False,IC50,biochemical_binding,False,0.7872266181568862,0.7467506209813269,0.2804878056049347,CN1CCN(C(=O)C2CCN(c3nccc4[nH]c(-c5ccc(F)c(F)c5)cc34)CC2)CC1,True,high
STR-A50D555FBD2E6BE12E86,IC50,biochemical_binding,1,2,1,2,1,0,0,4.769551078621726,4.769551078621726,4.769551078621726,17000.0,17000.0,IC50,1,inhibitory_potency,1,biochemical_binding,1,ChEMBL;PubChem,CHEMBL5742182,Menin,2021,=,CSC[C@@H]1CCC[C@H]1C(C#N)(c1ccccc1)C1CCN(CC2CN(c3ccc(S(=O)(=O)c4ccncc4)cc3)C2)CC1,CSC[C@@H]1CCC[C@H]1C(C#N)(c1ccccc1)C1CCN(CC2CN(c3ccc(S(=O)(=O)c4ccncc4)cc3)C2)CC1,CSC[C@@H]1CCC[C@H]1C(C#N)(c1ccccc1)C1CCN(CC2CN(c3ccc(S(=O)(=O)c4ccncc4)cc3)C2)CC1,CSC[C@@H]1CCC[C@H]1C(C#N)(c1ccccc1)C1CCN(CC2CN(c3ccc(S(=O)(=O)c4ccncc4)cc3)C2)CC1,WYRSUBFHMKGIDZ-MVBJGFHDSA-N,WYRSUBFHMKGIDZ-MVBJGFHDSA-N,standardized,0.0,False,2.0,strict_exact,exact_point_estimate,low_or_inactive_>10uM,False,False,IC50,biochemical_binding,False,0.4228291250871878,0.9827476287990973,0.2525252401828766,C[C@@H]1CN(CC2(c3ccncc3)CC2)CCN1S(=O)(=O)c1ccc(C(C)(O)C(F)(F)F)cc1,False,medium
STR-FC134713F6D36D29BA09,IC50,biochemical_binding,1,2,1,2,1,0,0,4.7423214251308154,4.7423214251308154,4.7423214251308154,18100.0,18100.0,IC50,1,inhibitory_potency,1,biochemical_binding,1,ChEMBL;PubChem,CHEMBL5995050,Menin,2021,=,CO[C@H]1CCC[C@@H]1C(C#N)(c1ccccc1)C1CCN(CC2CN(c3ccc(S(C)(=O)=O)cc3)C2)CC1,CO[C@H]1CCC[C@@H]1C(C#N)(c1ccccc1)C1CCN(CC2CN(c3ccc(S(C)(=O)=O)cc3)C2)CC1,CO[C@H]1CCC[C@@H]1C(C#N)(c1ccccc1)C1CCN(CC2CN(c3ccc(S(C)(=O)=O)cc3)C2)CC1,CO[C@H]1CCC[C@@H]1C(C#N)(c1ccccc1)C1CCN(CC2CN(c3ccc(S(C)(=O)=O)cc3)C2)CC1,OYJIUPJJIAQOGS-ZTURCVLQSA-N,OYJIUPJJIAQOGS-ZTURCVLQSA-N,standardized,0.0,False,2.0,strict_exact,exact_point_estimate,low_or_inactive_>10uM,False,False,IC50,biochemical_binding,False,0.5936295362248839,0.974555312448981,0.2708333432674408,CS(=O)(=O)c1ccc(Cn2c(NC3CCN(CCc4ccc(C#N)cc4)CC3)nc3ccccc32)cc1,True,medium
STR-D8A1A162FE6EB57E5B09,IC50,biochemical_binding,1,2,1,2,1,0,0,4.739928612014925,4.739928612014925,4.739928612014925,18200.0,18200.0,IC50,1,inhibitory_potency,1,biochemical_binding,1,ChEMBL;PubChem,CHEMBL5869690,Menin,2021,=,FCC1(CF)CC(N2CCC(C3(C4CCCC4)NCCc4ccccc43)CC2)C1,FCC1(CF)CC(N2CCC(C3(C4CCCC4)NCCc4ccccc43)CC2)C1,FCC1(CF)CC(N2CCC(C3(C4CCCC4)NCCc4ccccc43)CC2)C1,FCC1(CF)CC(N2CCC(C3(C4CCCC4)NCCc4ccccc43)CC2)C1,DGQFPBXZFAECGK-UHFFFAOYSA-N,DGQFPBXZFAECGK-UHFFFAOYSA-N,standardized,0.0,False,2.0,strict_exact,exact_point_estimate,low_or_inactive_>10uM,False,False,IC50,biochemical_binding,False,0.9845602091854364,0.11500641311459746,0.34328359365463257,FCC[C@@H]1Cc2ccccc2C2(CCC(N3CCN(C4CCCCC4)CC3)CC2)O1,True,high
STR-BB65ACE90322DCB1AF4C,IC50,biochemical_binding,1,1,0,1,1,0,0,4.735182176990463,4.735182176990463,4.735182176990463,18400.0,18400.0,IC50,1,inhibitory_potency,1,biochemical_binding,1,PubChem,168720915,Menin,2026,=,CCN(C(=O)c1cc(F)ccc1Oc1nncnc1N1CCC2(C1)CN([C@@H](C[C@H](O)CN(C)C(C)C)C(C)C)C2)C(C)C,CCN(C(C)C)C(=O)C1=C(C=CC(=C1)F)OC2=C(N=CN=N2)N3CCC4(C3)CN(C4)[C@@H](C[C@@H](CN(C)C(C)C)O)C(C)C,CCN(C(=O)c1cc(F)ccc1Oc1nncnc1N1CCC2(C1)CN([C@@H](C[C@H](O)CN(C)C(C)C)C(C)C)C2)C(C)C,CCN(C(=O)c1cc(F)ccc1Oc1nncnc1N1CCC2(C1)CN([C@@H](C[C@H](O)CN(C)C(C)C)C(C)C)C2)C(C)C,BAJNALQCHSQUMV-BDYUSTAISA-N,BAJNALQCHSQUMV-BDYUSTAISA-N,standardized,0.0,False,2.0,strict_exact,exact_point_estimate,low_or_inactive_>10uM,False,False,IC50,biochemical_binding,False,0.47743787661288334,0.9985306950065501,0.2429906576871872,O=C(CCc1ccccc1)c1cc(F)ccc1OCC(O)CN1CCN(C(c2ccccc2)c2ccccc2)CC1,False,medium
STR-97B7AB1532A54CF194EB,IC50,biochemical_binding,1,1,0,1,1,0,0,4.732593581247096,4.732593581247096,4.732593581247096,18510.0,18510.0,IC50,1,inhibitory_potency,1,biochemical_binding,1,PubChem,168720878,Menin,2026,=,CCN(C(=O)c1cc(F)ccc1Oc1nncnc1N1CCC2(C1)CN([C@@H](C[C@@H](O)CN(C)C(C)C)C(C)C)C2)C(C)C,CCN(C(C)C)C(=O)C1=C(C=CC(=C1)F)OC2=C(N=CN=N2)N3CCC4(C3)CN(C4)[C@@H](C[C@H](CN(C)C(C)C)O)C(C)C,CCN(C(=O)c1cc(F)ccc1Oc1nncnc1N1CCC2(C1)CN([C@@H](C[C@@H](O)CN(C)C(C)C)C(C)C)C2)C(C)C,CCN(C(=O)c1cc(F)ccc1Oc1nncnc1N1CCC2(C1)CN([C@@H](C[C@@H](O)CN(C)C(C)C)C(C)C)C2)C(C)C,BAJNALQCHSQUMV-VPUSJEBWSA-N,BAJNALQCHSQUMV-VPUSJEBWSA-N,standardized,0.0,False,2.0,strict_exact,exact_point_estimate,low_or_inactive_>10uM,False,False,IC50,biochemical_binding,False,0.47743787661288334,0.9985306950065501,0.2429906576871872,O=C(CCc1ccccc1)c1cc(F)ccc1OCC(O)CN1CCN(C(c2ccccc2)c2ccccc2)CC1,False,medium
STR-604BE22F0CAC884F2D40,IC50,biochemical_binding,1,2,1,2,1,0,0,4.721246399047171,4.721246399047171,4.721246399047171,19000.0,19000.0,IC50,1,inhibitory_potency,1,biochemical_binding,1,ChEMBL;PubChem,CHEMBL5908865,Menin,2021,=,COCC(C1CC1)C(C#N)(c1ccccc1)C1CCN(CCCOc2ccc(C#N)cc2)CC1,COCC(C1CC1)C(C#N)(c1ccccc1)C1CCN(CCCOc2ccc(C#N)cc2)CC1,COCC(C1CC1)C(C#N)(c1ccccc1)C1CCN(CCCOc2ccc(C#N)cc2)CC1,COCC(C1CC1)C(C#N)(c1ccccc1)C1CCN(CCCOc2ccc(C#N)cc2)CC1,BQDHPUZTBYZGMX-UHFFFAOYSA-N,BQDHPUZTBYZGMX-UHFFFAOYSA-N,standardized,0.0,False,2.0,strict_exact,exact_point_estimate,low_or_inactive_>10uM,False,False,IC50,biochemical_binding,False,0.9734229742456166,0.17692400901460958,0.34246575832366943,CC(C)(O)c1ccc(C(O)CCCN2CCC(C(O)(c3ccccc3)c3ccccc3)CC2)cc1,True,high
STR-74AB0C5D40C92C89D385,IC50,biochemical_binding,1,1,0,1,1,0,0,4.718966632752273,4.718966632752273,4.718966632752273,19100.0,19100.0,IC50,1,inhibitory_potency,1,biochemical_binding,1,ChEMBL,CHEMBL4474336,Menin,2019,=,CO[C@@H]1CCC[C@H]1[C@](C#N)(c1ccccc1)C1CCN(CC2CN(c3ccc(C#N)cc3)C2)CC1,CO[C@@H]1CCC[C@H]1[C@](C#N)(c1ccccc1)C1CCN(CC2CN(c3ccc(C#N)cc3)C2)CC1,CO[C@@H]1CCC[C@H]1[C@](C#N)(c1ccccc1)C1CCN(CC2CN(c3ccc(C#N)cc3)C2)CC1,CO[C@@H]1CCC[C@H]1[C@](C#N)(c1ccccc1)C1CCN(CC2CN(c3ccc(C#N)cc3)C2)CC1,XWVPFMAEIFLCFQ-IDZRBWSNSA-N,XWVPFMAEIFLCFQ-IDZRBWSNSA-N,standardized,0.0,False,2.0,strict_exact,exact_point_estimate,low_or_inactive_>10uM,False,False,IC50,biochemical_binding,False,0.6313565858512893,0.9496247721195186,0.26582279801368713,CC(C)(O)c1ccc(C(O)CCCN2CCC(C(O)(c3ccccc3)c3ccccc3)CC2)cc1,True,medium
STR-8BAA965F9B38F093E239,IC50,biochemical_binding,1,2,1,2,1,0,0,4.716698771296451,4.716698771296451,4.716698771296451,19200.0,19200.0,IC50,1,inhibitory_potency,1,biochemical_binding,1,ChEMBL;PubChem,CHEMBL5882575,Menin,2021,=,CN([C@@H]1CCC[C@H]1C(C#N)(c1ccccc1)C1CCN(CC2CN(c3ccc(S(=O)(=O)C4CC4)cc3)C2)CC1)S(C)(=O)=O,CN([C@@H]1CCC[C@H]1C(C#N)(c1ccccc1)C1CCN(CC2CN(c3ccc(S(=O)(=O)C4CC4)cc3)C2)CC1)S(C)(=O)=O,CN([C@@H]1CCC[C@H]1C(C#N)(c1ccccc1)C1CCN(CC2CN(c3ccc(S(=O)(=O)C4CC4)cc3)C2)CC1)S(C)(=O)=O,CN([C@@H]1CCC[C@H]1C(C#N)(c1ccccc1)C1CCN(CC2CN(c3ccc(S(=O)(=O)C4CC4)cc3)C2)CC1)S(C)(=O)=O,DBVLDGQLWGJCAW-NWBPNMJXSA-N,DBVLDGQLWGJCAW-NWBPNMJXSA-N,standardized,0.0,False,2.0,strict_exact,exact_point_estimate,low_or_inactive_>10uM,False,False,IC50,biochemical_binding,False,0.34288026653761833,0.9275482905936661,0.2551020383834839,CC(=O)Nc1cccc(N2CCN(CCCCN(C)S(=O)(=O)CC3CCCCC3)CC2)c1,False,medium
STR-220071760E88DA3EF61F,IC50,biochemical_binding,1,1,0,1,1,0,0,4.698970004336019,4.698970004336019,4.698970004336019,20000.0,20000.0,IC50,1,inhibitory_potency,1,biochemical_binding,1,ChEMBL,CHEMBL3696185,Menin,2015,=,COc1ccc(CN2CCCN(c3ncnc4sc(C)c(C)c34)CC2)cc1,COc1ccc(CN2CCCN(c3ncnc4sc(C)c(C)c34)CC2)cc1,COc1ccc(CN2CCCN(c3ncnc4sc(C)c(C)c34)CC2)cc1,COc1ccc(CN2CCCN(c3ncnc4sc(C)c(C)c34)CC2)cc1,XZKJXUGWCBNBMM-UHFFFAOYSA-N,XZKJXUGWCBNBMM-UHFFFAOYSA-N,standardized,0.0,False,2.0,strict_exact,exact_point_estimate,low_or_inactive_>10uM,False,False,IC50,biochemical_binding,False,0.969582151421516,0.19648303901928818,0.3571428656578064,Cc1ccnc2nc(Oc3ccc(CN4CCCCC4)cc3)sc12,True,high
STR-D0AFB81D834FFDF24514,IC50,biochemical_binding,1,1,0,1,1,0,0,4.698970004336019,4.698970004336019,4.698970004336019,20000.0,20000.0,IC50,1,inhibitory_potency,1,biochemical_binding,1,ChEMBL,CHEMBL3696178,Menin,2015,=,CCc1cc2c(N3CCN(CC(=O)N4CCOCC4)CC3)ncnc2s1,CCc1cc2c(N3CCN(CC(=O)N4CCOCC4)CC3)ncnc2s1,CCc1cc2c(N3CCN(CC(=O)N4CCOCC4)CC3)ncnc2s1,CCc1cc2c(N3CCN(CC(=O)N4CCOCC4)CC3)ncnc2s1,LTVSNYBEXOGXQA-UHFFFAOYSA-N,LTVSNYBEXOGXQA-UHFFFAOYSA-N,standardized,0.0,False,2.0,strict_exact,exact_point_estimate,low_or_inactive_>10uM,False,False,IC50,biochemical_binding,False,0.6353621113508116,0.9464657652098404,0.2738095223903656,COc1cc(NC(=O)c2nnn(Cc3ccc(CN4CCOCC4)cc3)c2N)ncn1,True,medium
STR-F99BCE07672BA00ADF22,IC50,biochemical_binding,1,1,0,1,1,0,0,4.698970004336019,4.698970004336019,4.698970004336019,20000.0,20000.0,IC50,1,inhibitory_potency,1,biochemical_binding,1,ChEMBL,CHEMBL3696190,Menin,2015,=,CC1CCc2c(sc3ncnc(NC4CCN(Cc5ccccc5)CC4)c23)C1,CC1CCc2c(sc3ncnc(NC4CCN(Cc5ccccc5)CC4)c23)C1,CC1CCc2c(sc3ncnc(NC4CCN(Cc5ccccc5)CC4)c23)C1,CC1CCc2c(sc3ncnc(NC4CCN(Cc5ccccc5)CC4)c23)C1,SNMBMZLFDKOUQN-UHFFFAOYSA-N,SNMBMZLFDKOUQN-UHFFFAOYSA-N,standardized,0.0,False,2.0,strict_exact,exact_point_estimate,low_or_inactive_>10uM,False,False,IC50,biochemical_binding,False,0.6689717067662292,0.9159735269555291,0.29870128631591797,FC(F)(F)c1ccc(C(F)(F)CN2CCC(Nc3ncnc4[nH]ncc34)CC2)cc1,True,medium
STR-3285E2BFD8068CB3A1DB,IC50,biochemical_binding,1,2,1,2,1,0,0,4.694648630553377,4.694648630553377,4.694648630553377,20200.0,20200.0,IC50,1,inhibitory_potency,1,biochemical_binding,1,ChEMBL;PubChem,CHEMBL5827109,Menin,2021,=,N#Cc1ccc(OCCN2CCC(CC3(C4CCCC4)NCCc4ccccc43)CC2)cc1,N#Cc1ccc(OCCN2CCC(CC3(C4CCCC4)NCCc4ccccc43)CC2)cc1,N#Cc1ccc(OCCN2CCC(CC3(C4CCCC4)NCCc4ccccc43)CC2)cc1,N#Cc1ccc(OCCN2CCC(CC3(C4CCCC4)NCCc4ccccc43)CC2)cc1,IDYIMOZIFOUJEX-UHFFFAOYSA-N,IDYIMOZIFOUJEX-UHFFFAOYSA-N,standardized,0.0,False,2.0,strict_exact,exact_point_estimate,low_or_inactive_>10uM,False,False,IC50,biochemical_binding,False,0.9990545059120924,0.010862457024168572,0.3164556920528412,N#Cc1ccc(CCN2CCC(Nc3nc4ccccc4[nH]3)CC2)cc1,True,high
STR-CE7B584631A9BA01C68A,IC50,biochemical_binding,1,2,1,2,1,0,0,4.688246138944246,4.688246138944246,4.688246138944246,20500.0,20500.0,IC50,1,inhibitory_potency,1,biochemical_binding,1,ChEMBL;PubChem,CHEMBL5942488,Menin,2021,=,CCO[C@@H]1CCC[C@H]1C(C#N)(c1ccccc1)C1CCN(CC2CN(c3ccc(S(C)(=O)=O)cc3)C2)CC1,CCO[C@@H]1CCC[C@H]1C(C#N)(c1ccccc1)C1CCN(CC2CN(c3ccc(S(C)(=O)=O)cc3)C2)CC1,CCO[C@@H]1CCC[C@H]1C(C#N)(c1ccccc1)C1CCN(CC2CN(c3ccc(S(C)(=O)=O)cc3)C2)CC1,CCO[C@@H]1CCC[C@H]1C(C#N)(c1ccccc1)C1CCN(CC2CN(c3ccc(S(C)(=O)=O)cc3)C2)CC1,WGHQZWRDDSTDTI-KCUXUGRMSA-N,WGHQZWRDDSTDTI-KCUXUGRMSA-N,standardized,0.0,False,2.0,strict_exact,exact_point_estimate,low_or_inactive_>10uM,False,False,IC50,biochemical_binding,False,0.6675118489122335,0.917448332056551,0.26530611515045166,CS(=O)(=O)c1ccc(Cn2c(NC3CCN(CCc4ccc(C#N)cc4)CC3)nc3ccccc32)cc1,True,medium
STR-E1374AA2ED612B5F391C,IC50,biochemical_binding,1,2,1,2,1,0,0,4.679853713888946,4.679853713888946,4.679853713888946,20900.0,20900.0,IC50,1,inhibitory_potency,1,biochemical_binding,1,ChEMBL;PubChem,CHEMBL5807536,Menin,2021,=,CNC(=O)N[C@@H]1CCC[C@H]1C(C#N)(c1ccccc1)C1CCN(CCCOc2ccc(C#N)cc2)CC1,CNC(=O)N[C@@H]1CCC[C@H]1C(C#N)(c1ccccc1)C1CCN(CCCOc2ccc(C#N)cc2)CC1,CNC(=O)N[C@@H]1CCC[C@H]1C(C#N)(c1ccccc1)C1CCN(CCCOc2ccc(C#N)cc2)CC1,CNC(=O)N[C@@H]1CCC[C@H]1C(C#N)(c1ccccc1)C1CCN(CCCOc2ccc(C#N)cc2)CC1,JDLAISSJTKWCQI-QWKOWPTQSA-N,JDLAISSJTKWCQI-QWKOWPTQSA-N,standardized,0.0,False,2.0,strict_exact,exact_point_estimate,low_or_inactive_>10uM,False,False,IC50,biochemical_binding,False,0.9227400295343043,0.392450162869758,0.31506848335266113,c1ccc(-c2ccc(OCCCCCN3CCCCCC3)cc2)cc1,True,high
STR-1ED81EB6526D0C332327,IC50,biochemical_binding,1,1,0,1,1,0,0,4.673664139071248,4.673664139071248,4.673664139071248,21200.0,21200.0,IC50,1,inhibitory_potency,1,biochemical_binding,1,ChEMBL,CHEMBL4570651,Menin,2019,=,N#Cc1ccc(OCCN2CCC(C3(C4CCCC4)NCCc4ccccc43)CC2)cc1,N#Cc1ccc(OCCN2CCC(C3(C4CCCC4)NCCc4ccccc43)CC2)cc1,N#Cc1ccc(OCCN2CCC(C3(C4CCCC4)NCCc4ccccc43)CC2)cc1,N#Cc1ccc(OCCN2CCC(C3(C4CCCC4)NCCc4ccccc43)CC2)cc1,RKPDJLDXPIJEBD-UHFFFAOYSA-N,RKPDJLDXPIJEBD-UHFFFAOYSA-N,standardized,0.0,False,2.0,strict_exact,exact_point_estimate,low_or_inactive_>10uM,False,False,IC50,biochemical_binding,False,0.9976597317012252,0.023824202575015108,0.3333333432674408,N#Cc1ccc(CCN2CCC(Nc3nc4ccccc4[nH]3)CC2)cc1,True,high
STR-826ACF8B9EB407EBF5F3,IC50,biochemical_binding,1,2,1,2,1,0,0,4.661543506395395,4.661543506395395,4.661543506395395,21800.0,21800.0,IC50,1,inhibitory_potency,1,biochemical_binding,1,ChEMBL;PubChem,CHEMBL5856058,Menin,2021,=,N#Cc1cc2ccc(C(=O)N3CCC(CC4(C5CCCC5)NCCc5ccccc54)CC3)cc2[nH]1,N#Cc1cc2ccc(C(=O)N3CCC(CC4(C5CCCC5)NCCc5ccccc54)CC3)cc2[nH]1,N#Cc1cc2ccc(C(=O)N3CCC(CC4(C5CCCC5)NCCc5ccccc54)CC3)cc2[nH]1,N#Cc1cc2ccc(C(=O)N3CCC(CC4(C5CCCC5)NCCc5ccccc54)CC3)cc2[nH]1,QZZNWDYTOGMNCI-UHFFFAOYSA-N,QZZNWDYTOGMNCI-UHFFFAOYSA-N,standardized,0.0,False,2.0,strict_exact,exact_point_estimate,low_or_inactive_>10uM,False,False,IC50,biochemical_binding,False,0.9178849514904287,0.40958819910036537,0.2631579041481018,N#Cc1cccc(Oc2ccc(C(=O)N3CCCN(C4CCC4)CC3)cn2)c1,True,high
STR-8271C886AE561654AC45,IC50,biochemical_binding,1,2,1,2,1,0,0,4.634512015109101,4.634512015109101,4.634512015109101,23200.0,23200.0,IC50,1,inhibitory_potency,1,biochemical_binding,1,ChEMBL;PubChem,CHEMBL6029447,Menin,2021,=,CS(=O)(=O)CO[C@@H]1CCC[C@H]1C(C#N)(c1ccccc1)C1CCN(CC2CN(c3ccc(S(=O)(=O)c4ccncc4)cc3)C2)CC1,CS(=O)(=O)CO[C@@H]1CCC[C@H]1C(C#N)(c1ccccc1)C1CCN(CC2CN(c3ccc(S(=O)(=O)c4ccncc4)cc3)C2)CC1,CS(=O)(=O)CO[C@@H]1CCC[C@H]1C(C#N)(c1ccccc1)C1CCN(CC2CN(c3ccc(S(=O)(=O)c4ccncc4)cc3)C2)CC1,CS(=O)(=O)CO[C@@H]1CCC[C@H]1C(C#N)(c1ccccc1)C1CCN(CC2CN(c3ccc(S(=O)(=O)c4ccncc4)cc3)C2)CC1,RCDWXAWZKNCQGU-ORITWGEGSA-N,RCDWXAWZKNCQGU-ORITWGEGSA-N,standardized,0.0,False,2.0,strict_exact,exact_point_estimate,low_or_inactive_>10uM,False,False,IC50,biochemical_binding,False,0.04650643955440168,0.2713669785540803,0.24752475321292877,C[C@@H]1CN(CC2(c3ccncc3)CC2)CCN1S(=O)(=O)c1ccc(C(C)(O)C(F)(F)F)cc1,False,low
STR-84B9176A329FC508D11B,IC50,biochemical_binding,1,2,1,2,1,0,0,4.632644078973981,4.632644078973981,4.632644078973981,23300.0,23300.0,IC50,1,inhibitory_potency,1,biochemical_binding,1,ChEMBL;PubChem,CHEMBL5914644,Menin,2021,=,CC(=O)N1CCC[C@@H]1C(C#N)(c1ccccc1)C1CCN(CCCOc2ccc(C#N)cc2)CC1,CC(=O)N1CCC[C@@H]1C(C#N)(c1ccccc1)C1CCN(CCCOc2ccc(C#N)cc2)CC1,CC(=O)N1CCC[C@@H]1C(C#N)(c1ccccc1)C1CCN(CCCOc2ccc(C#N)cc2)CC1,CC(=O)N1CCC[C@@H]1C(C#N)(c1ccccc1)C1CCN(CCCOc2ccc(C#N)cc2)CC1,LLWPWJSOOSUKCR-FICMROCWSA-N,LLWPWJSOOSUKCR-FICMROCWSA-N,standardized,0.0,False,2.0,strict_exact,exact_point_estimate,low_or_inactive_>10uM,False,False,IC50,biochemical_binding,False,0.9609483835741262,0.23792686054781387,0.3333333432674408,c1ccc(-c2ccc(OCCCCCN3CCCCCC3)cc2)cc1,True,high
STR-78E8321E984DFAA6EEF2,IC50,biochemical_binding,1,2,1,2,1,0,0,4.6252516539898965,4.6252516539898965,4.6252516539898965,23700.0,23700.0,IC50,1,inhibitory_potency,1,biochemical_binding,1,ChEMBL;PubChem,CHEMBL5809630,Menin,2021,=,CS(=O)(=O)c1ccc(N2CC(CN3CCC(C(C#N)(c4ccccc4)[C@H]4CCC[C@H]4S(C)(=O)=O)CC3)C2)cc1,CS(=O)(=O)c1ccc(N2CC(CN3CCC(C(C#N)(c4ccccc4)[C@H]4CCC[C@H]4S(C)(=O)=O)CC3)C2)cc1,CS(=O)(=O)c1ccc(N2CC(CN3CCC(C(C#N)(c4ccccc4)[C@H]4CCC[C@H]4S(C)(=O)=O)CC3)C2)cc1,CS(=O)(=O)c1ccc(N2CC(CN3CCC(C(C#N)(c4ccccc4)[C@H]4CCC[C@H]4S(C)(=O)=O)CC3)C2)cc1,RVLBJNTYMYPPPU-UOCPRXARSA-N,RVLBJNTYMYPPPU-UOCPRXARSA-N,standardized,0.0,False,2.0,strict_exact,exact_point_estimate,low_or_inactive_>10uM,False,False,IC50,biochemical_binding,False,0.29725872566330713,0.87791412854697,0.27659574151039124,CS(=O)(=O)c1ccc(Cn2c(NC3CCN(CCc4ccc(C#N)cc4)CC3)nc3ccccc32)cc1,True,low
STR-40E0E7043CC563C31D2B,IC50,biochemical_binding,1,2,1,2,1,0,0,4.609064892896621,4.609064892896621,4.609064892896621,24600.0,24600.0,IC50,1,inhibitory_potency,1,biochemical_binding,1,ChEMBL;PubChem,CHEMBL6017029,Menin,2021,=,CO[C@H]1CCC[C@@H]1C(C#N)(c1ccccc1)C1CCN(CCCOc2ccc(C#N)cc2)CC1,CO[C@H]1CCC[C@@H]1C(C#N)(c1ccccc1)C1CCN(CCCOc2ccc(C#N)cc2)CC1,CO[C@H]1CCC[C@@H]1C(C#N)(c1ccccc1)C1CCN(CCCOc2ccc(C#N)cc2)CC1,CO[C@H]1CCC[C@@H]1C(C#N)(c1ccccc1)C1CCN(CCCOc2ccc(C#N)cc2)CC1,GTILRIPAVDNTIG-ASYYUYISSA-N,GTILRIPAVDNTIG-ASYYUYISSA-N,standardized,0.0,False,2.0,strict_exact,exact_point_estimate,low_or_inactive_>10uM,False,False,IC50,biochemical_binding,False,0.9747724869644119,0.16986190207020538,0.35384616255760193,c1ccc(-c2ccc(OCCCCCN3CCCCCC3)cc2)cc1,True,high
STR-79AE077C5280C92A481E,IC50,biochemical_binding,1,2,1,2,1,0,0,4.58838029403677,4.58838029403677,4.58838029403677,25800.0,25800.0,IC50,1,inhibitory_potency,1,biochemical_binding,1,ChEMBL;PubChem,CHEMBL5942260,Menin,2021,=,COCC[C@@H]1CCC[C@H]1C(C#N)(c1ccccc1)C1CCN(CC2CN(c3ccc(S(=O)(=O)c4ccnc(C)c4)cc3)C2)CC1,COCC[C@@H]1CCC[C@H]1C(C#N)(c1ccccc1)C1CCN(CC2CN(c3ccc(S(=O)(=O)c4ccnc(C)c4)cc3)C2)CC1,COCC[C@@H]1CCC[C@H]1C(C#N)(c1ccccc1)C1CCN(CC2CN(c3ccc(S(=O)(=O)c4ccnc(C)c4)cc3)C2)CC1,COCC[C@@H]1CCC[C@H]1C(C#N)(c1ccccc1)C1CCN(CC2CN(c3ccc(S(=O)(=O)c4ccnc(C)c4)cc3)C2)CC1,NIXPDHYMMWJNBK-VSLLNASRSA-N,NIXPDHYMMWJNBK-VSLLNASRSA-N,standardized,0.0,False,2.0,strict_exact,exact_point_estimate,low_or_inactive_>10uM,False,False,IC50,biochemical_binding,False,0.1289741348441789,0.5546180187210014,0.25242719054222107,Cc1cnc(N2CCC([C@H]3C[C@H]3CCOc3nc(C)cc(C#N)n3)CC2)nc1,False,low
STR-5B2781FAFA3F33CB6B32,IC50,biochemical_binding,1,1,0,1,1,0,0,4.568636235841013,4.568636235841013,4.568636235841013,27000.0,27000.0,IC50,1,inhibitory_potency,1,biochemical_binding,1,ChEMBL,CHEMBL3696194,Menin,2015,=,CCc1cc2c(NCCN(CC)Cc3ccccc3)ncnc2s1,CCc1cc2c(NCCN(CC)Cc3ccccc3)ncnc2s1,CCc1cc2c(NCCN(CC)Cc3ccccc3)ncnc2s1,CCc1cc2c(NCCN(CC)Cc3ccccc3)ncnc2s1,QSYPZBWUQBHLFI-UHFFFAOYSA-N,QSYPZBWUQBHLFI-UHFFFAOYSA-N,standardized,0.0,False,2.0,strict_exact,exact_point_estimate,low_or_inactive_>10uM,False,False,IC50,biochemical_binding,False,0.962559054539417,0.23043340299616888,0.23376622796058655,CN(Cc1ccc(C(F)(F)F)cc1)c1cc(C(=O)Nc2ccccc2)ncn1,False,high
STR-28D764E3D7E6595F8FAA,IC50,biochemical_binding,1,1,0,1,1,0,0,4.564155634015559,4.564155634015559,4.564155634015559,27280.0,27280.0,IC50,1,inhibitory_potency,1,biochemical_binding,1,PubChem,156531487,Menin,2026,=,CCN(C(=O)c1cc(F)ccc1Oc1nncnc1N1CCC2(C1)CN([C@@H](C[C@H](CN(C)C)OC)C(C)C)C2)C(C)C,CCN(C(C)C)C(=O)C1=C(C=CC(=C1)F)OC2=C(N=CN=N2)N3CCC4(C3)CN(C4)[C@@H](C[C@H](CN(C)C)OC)C(C)C,CCN(C(=O)c1cc(F)ccc1Oc1nncnc1N1CCC2(C1)CN([C@@H](C[C@H](CN(C)C)OC)C(C)C)C2)C(C)C,CCN(C(=O)c1cc(F)ccc1Oc1nncnc1N1CCC2(C1)CN([C@@H](C[C@H](CN(C)C)OC)C(C)C)C2)C(C)C,LPQSXRARPNKWLW-RSXGOPAZSA-N,LPQSXRARPNKWLW-RSXGOPAZSA-N,standardized,0.0,False,2.0,strict_exact,exact_point_estimate,low_or_inactive_>10uM,False,False,IC50,biochemical_binding,False,0.7206315254792275,0.8545888851424379,0.23076923191547394,COc1nccnc1[C@H](C)C1=C(CCN(C)C)Cc2cc(F)ccc21,False,high
STR-6B610F98DBC51ED4955E,IC50,biochemical_binding,1,2,1,2,1,0,0,4.552841968657781,4.552841968657781,4.552841968657781,28000.0,28000.0,IC50,1,inhibitory_potency,1,biochemical_binding,1,ChEMBL;PubChem,CHEMBL5955983,Menin,2021,=,CCCC(=O)O[C@@H]1CCC[C@H]1C(C#N)(c1ccccc1)C1CCN(CC2CN(c3ccc(S(=O)(=O)c4ccncc4)cc3)C2)CC1,CCCC(=O)O[C@@H]1CCC[C@H]1C(C#N)(c1ccccc1)C1CCN(CC2CN(c3ccc(S(=O)(=O)c4ccncc4)cc3)C2)CC1,CCCC(=O)O[C@@H]1CCC[C@H]1C(C#N)(c1ccccc1)C1CCN(CC2CN(c3ccc(S(=O)(=O)c4ccncc4)cc3)C2)CC1,CCCC(=O)O[C@@H]1CCC[C@H]1C(C#N)(c1ccccc1)C1CCN(CC2CN(c3ccc(S(=O)(=O)c4ccncc4)cc3)C2)CC1,TWAYYWDSCYXSAC-ANOPSCNCSA-N,TWAYYWDSCYXSAC-ANOPSCNCSA-N,standardized,0.0,False,2.0,strict_exact,exact_point_estimate,low_or_inactive_>10uM,False,False,IC50,biochemical_binding,False,0.038728955297271314,0.23643383538586682,0.2574257552623749,CCOC(=O)N1[C@@H]2CC[C@H]1C[C@H](CN1CC[C@H](N3C(=O)Cc4ccccc43)C1)C2,False,low
STR-BA42992F4D166FFC44F9,IC50,biochemical_binding,2,4,2,2,2,0,0,4.545221985379412,4.552841968657781,4.5376020021010435,28500.0,28000.0,IC50,1,inhibitory_potency,1,biochemical_binding,1,ChEMBL;PubChem,CHEMBL3696196,Menin,2015,=,CC(=O)N1c2ccccc2NC2=C(C(=O)CC(c3ccc(C(C)(C)C)cc3)C2)C1c1ccncc1,CC(=O)N1c2ccccc2NC2=C(C(=O)CC(c3ccc(C(C)(C)C)cc3)C2)C1c1ccncc1,CC(=O)N1c2ccccc2NC2=C(C(=O)CC(c3ccc(C(C)(C)C)cc3)C2)C1c1ccncc1,CC(=O)N1c2ccccc2NC2=C(C(=O)CC(c3ccc(C(C)(C)C)cc3)C2)C1c1ccncc1,MLASCQDFELZPIC-UHFFFAOYSA-N,MLASCQDFELZPIC-UHFFFAOYSA-N,standardized,0.015239966556737,False,2.0,strict_exact,exact_point_estimate,low_or_inactive_>10uM,False,False,IC50,biochemical_binding,False,0.9881303101435004,0.09294765680103798,0.2235294133424759,CC(=O)N1CCC(c2[nH]nc(-c3ccc(F)cc3)c2-c2ccncc2)CC1,False,high
STR-478CD9F8B251C1F54424,IC50,biochemical_binding,1,2,1,2,1,0,0,4.531652669587842,4.531652669587842,4.531652669587842,29400.0,29400.0,IC50,1,inhibitory_potency,1,biochemical_binding,1,ChEMBL;PubChem,CHEMBL6048151,Menin,2021,=,COCC[C@H]1CCC[C@@H]1C(C#N)(c1ccccc1)C1CCN(CC2CN(c3ccc(S(=O)(=O)c4ccnc(C)c4)cc3)C2)CC1,COCC[C@H]1CCC[C@@H]1C(C#N)(c1ccccc1)C1CCN(CC2CN(c3ccc(S(=O)(=O)c4ccnc(C)c4)cc3)C2)CC1,COCC[C@H]1CCC[C@@H]1C(C#N)(c1ccccc1)C1CCN(CC2CN(c3ccc(S(=O)(=O)c4ccnc(C)c4)cc3)C2)CC1,COCC[C@H]1CCC[C@@H]1C(C#N)(c1ccccc1)C1CCN(CC2CN(c3ccc(S(=O)(=O)c4ccnc(C)c4)cc3)C2)CC1,NIXPDHYMMWJNBK-MSVMABCMSA-N,NIXPDHYMMWJNBK-MSVMABCMSA-N,standardized,0.0,False,2.0,strict_exact,exact_point_estimate,low_or_inactive_>10uM,False,False,IC50,biochemical_binding,False,0.1289741348441789,0.5546180187210014,0.25242719054222107,Cc1cnc(N2CCC([C@H]3C[C@H]3CCOc3nc(C)cc(C#N)n3)CC2)nc1,False,low
STR-71A064EE3032A8ED24DA,IC50,biochemical_binding,1,2,1,2,1,0,0,4.530177984021837,4.530177984021837,4.530177984021837,29500.0,29500.0,IC50,1,inhibitory_potency,1,biochemical_binding,1,ChEMBL;PubChem,CHEMBL3454209,Menin,2015,=,c1csc(N2CCN(c3ncnc4sccc34)CC2)n1,c1csc(N2CCN(c3ncnc4sccc34)CC2)n1,c1csc(N2CCN(c3ncnc4sccc34)CC2)n1,c1csc(N2CCN(c3ncnc4sccc34)CC2)n1,VOCCCDKWVRJPCB-UHFFFAOYSA-N,VOCCCDKWVRJPCB-UHFFFAOYSA-N,standardized,0.0,False,2.0,strict_exact,exact_point_estimate,low_or_inactive_>10uM,False,False,IC50,biochemical_binding,False,0.9122390805296745,0.4289515669085002,0.22058823704719543,CN1CCN(C2CCN(c3nccc4[nH]c(-c5cc(F)cc(F)c5)cc34)CC2)CC1,False,high
STR-E7F31BDBEA50095CCF5A,IC50,biochemical_binding,1,1,0,1,1,0,0,4.522878745280337,4.522878745280337,4.522878745280337,30000.0,30000.0,IC50,1,inhibitory_potency,1,biochemical_binding,1,ChEMBL,CHEMBL3696177,Menin,2015,=,CCc1cc2c(N3CCN(Cc4ccc(Cl)cc4)CC3)ncnc2s1,CCc1cc2c(N3CCN(Cc4ccc(Cl)cc4)CC3)ncnc2s1,CCc1cc2c(N3CCN(Cc4ccc(Cl)cc4)CC3)ncnc2s1,CCc1cc2c(N3CCN(Cc4ccc(Cl)cc4)CC3)ncnc2s1,WLMKLKVMNYSQDC-UHFFFAOYSA-N,WLMKLKVMNYSQDC-UHFFFAOYSA-N,standardized,0.0,False,2.0,strict_exact,exact_point_estimate,low_or_inactive_>10uM,False,False,IC50,biochemical_binding,False,0.9965658624931086,0.033057184398831686,0.3037974536418915,COc1cc(NC(=O)c2nnn(Cc3ccc(CN4CCOCC4)cc3)c2N)ncn1,True,high
STR-F90A7CDFC3BE1549AAD5,IC50,biochemical_binding,1,2,1,2,1,0,0,4.51427857351842,4.51427857351842,4.51427857351842,30600.0,30600.0,IC50,1,inhibitory_potency,1,biochemical_binding,1,ChEMBL;PubChem,CHEMBL5910988,Menin,2021,=,CC(=O)N1CCCC(C(C#N)(c2ccccc2)C2CCN(CCCOc3ccc(C#N)cc3)CC2)C1,CC(=O)N1CCCC(C(C#N)(c2ccccc2)C2CCN(CCCOc3ccc(C#N)cc3)CC2)C1,CC(=O)N1CCCC(C(C#N)(c2ccccc2)C2CCN(CCCOc3ccc(C#N)cc3)CC2)C1,CC(=O)N1CCCC(C(C#N)(c2ccccc2)C2CCN(CCCOc3ccc(C#N)cc3)CC2)C1,HORRMVIEIMHGFR-UHFFFAOYSA-N,HORRMVIEIMHGFR-UHFFFAOYSA-N,standardized,0.0,False,2.0,strict_exact,exact_point_estimate,low_or_inactive_>10uM,False,False,IC50,biochemical_binding,False,0.989659627506671,0.08304123829035874,0.33766233921051025,CC(C)(O)c1ccc(C(O)CCCN2CCC(C(O)(c3ccccc3)c3ccccc3)CC2)cc1,True,high
STR-83AFBD5BD9110FDF3CA3,IC50,biochemical_binding,2,4,2,2,2,0,0,4.511321135227349,4.774690718274137,4.247951552180561,36650.0,16800.0,IC50,1,inhibitory_potency,1,biochemical_binding,1,ChEMBL;PubChem,CHEMBL5872824,Menin,2021,=,CC(C)C(=O)N1CCCCC1C1(C2CCN(CCCOc3ccc(C#N)cc3)CC2)CN(C)Cc2ccccc21,CC(C)C(=O)N1CCCCC1C1(C2CCN(CCCOc3ccc(C#N)cc3)CC2)CN(C)Cc2ccccc21,CC(C)C(=O)N1CCCCC1C1(C2CCN(CCCOc3ccc(C#N)cc3)CC2)CN(C)Cc2ccccc21,CC(C)C(=O)N1CCCCC1C1(C2CCN(CCCOc3ccc(C#N)cc3)CC2)CN(C)Cc2ccccc21,GAFFMYUSUFAJFA-UHFFFAOYSA-N,GAFFMYUSUFAJFA-UHFFFAOYSA-N,standardized,0.5267391660935754,False,2.0,strict_exact,exact_point_estimate,low_or_inactive_>10uM,False,False,IC50,biochemical_binding,False,0.9958417158900758,0.03887782430605225,0.29487180709838867,c1ccc(-c2ccc(OCCCCCN3CCCCCC3)cc2)cc1,True,high
STR-3BF33E326381C0E9FE99,IC50,biochemical_binding,1,1,0,1,1,0,0,4.494850021680094,4.494850021680094,4.494850021680094,32000.0,32000.0,IC50,1,inhibitory_potency,1,biochemical_binding,1,ChEMBL,CHEMBL3696187,Menin,2015,=,CC(C)c1cc2c(N3CCCN(C4=NCC(C)(C)S4)CC3)ncnc2s1,CC(C)c1cc2c(N3CCCN(C4=NCC(C)(C)S4)CC3)ncnc2s1,CC(C)c1cc2c(N3CCCN(C4=NCC(C)(C)S4)CC3)ncnc2s1,CC(C)c1cc2c(N3CCCN(C4=NCC(C)(C)S4)CC3)ncnc2s1,DSTGDQDRPBCLJD-UHFFFAOYSA-N,DSTGDQDRPBCLJD-UHFFFAOYSA-N,standardized,0.0,False,2.0,strict_exact,exact_point_estimate,low_or_inactive_>10uM,False,False,IC50,biochemical_binding,False,0.989240501187291,0.08578710902694002,0.2266666740179062,CN1CCCN(c2nccc3[nH]c(-c4cc(F)cc(F)c4)nc23)CC1,False,high
STR-F8573739FC4928FB0125,IC50,biochemical_binding,1,2,1,2,1,0,0,4.486782399932061,4.486782399932061,4.486782399932061,32600.0,32600.0,IC50,1,inhibitory_potency,1,biochemical_binding,1,ChEMBL;PubChem,CHEMBL5809984,Menin,2021,=,N#Cc1cc2cc(CN3CCC(C4(C5CCCC5)NCCc5ccccc54)CC3)ccc2[nH]1,N#Cc1cc2cc(CN3CCC(C4(C5CCCC5)NCCc5ccccc54)CC3)ccc2[nH]1,N#Cc1cc2cc(CN3CCC(C4(C5CCCC5)NCCc5ccccc54)CC3)ccc2[nH]1,N#Cc1cc2cc(CN3CCC(C4(C5CCCC5)NCCc5ccccc54)CC3)ccc2[nH]1,ALQGTLDOKFELOC-UHFFFAOYSA-N,ALQGTLDOKFELOC-UHFFFAOYSA-N,standardized,0.0,False,2.0,strict_exact,exact_point_estimate,low_or_inactive_>10uM,False,False,IC50,biochemical_binding,False,0.9914467553067923,0.07104171069884554,0.3086419701576233,N#Cc1ccc(CCN2CCC(Nc3nc4ccccc4[nH]3)CC2)cc1,True,high
STR-731E86363BD706E32221,IC50,biochemical_binding,1,2,1,2,1,0,0,4.485452247339714,4.485452247339714,4.485452247339714,32700.0,32700.0,IC50,1,inhibitory_potency,1,biochemical_binding,1,ChEMBL;PubChem,CHEMBL5979519,Menin,2021,=,N#Cc1ccc(OCCCN2CCC(CC3(C4CCCC4)NCCc4ccccc43)CC2)cc1,N#Cc1ccc(OCCCN2CCC(CC3(C4CCCC4)NCCc4ccccc43)CC2)cc1,N#Cc1ccc(OCCCN2CCC(CC3(C4CCCC4)NCCc4ccccc43)CC2)cc1,N#Cc1ccc(OCCCN2CCC(CC3(C4CCCC4)NCCc4ccccc43)CC2)cc1,QRMVTMWLPWXUQK-UHFFFAOYSA-N,QRMVTMWLPWXUQK-UHFFFAOYSA-N,standardized,0.0,False,2.0,strict_exact,exact_point_estimate,low_or_inactive_>10uM,False,False,IC50,biochemical_binding,False,0.9996199308901095,0.0048663560247114036,0.3235294222831726,c1ccc(-c2ccc(OCCCCCN3CCCCCC3)cc2)cc1,True,high
STR-3635F302F926924A4F69,IC50,biochemical_binding,1,2,1,2,1,0,0,4.458420756053419,4.458420756053419,4.458420756053419,34800.0,34800.0,IC50,1,inhibitory_potency,1,biochemical_binding,1,ChEMBL;PubChem,CHEMBL5895597,Menin,2021,=,CCC(CC)C(=O)N1CCCCC1C1(C2CCN(CCCOc3ccc(C#N)cc3)CC2)CN(C)Cc2ccccc21,CCC(CC)C(=O)N1CCCCC1C1(C2CCN(CCCOc3ccc(C#N)cc3)CC2)CN(C)Cc2ccccc21,CCC(CC)C(=O)N1CCCCC1C1(C2CCN(CCCOc3ccc(C#N)cc3)CC2)CN(C)Cc2ccccc21,CCC(CC)C(=O)N1CCCCC1C1(C2CCN(CCCOc3ccc(C#N)cc3)CC2)CN(C)Cc2ccccc21,GUFULQJTQYFMKW-UHFFFAOYSA-N,GUFULQJTQYFMKW-UHFFFAOYSA-N,standardized,0.0,False,2.0,strict_exact,exact_point_estimate,low_or_inactive_>10uM,False,False,IC50,biochemical_binding,False,0.9989848680041329,0.01155837359162748,0.2839506268501282,c1ccc(-c2ccc(OCCCCCN3CCCCCC3)cc2)cc1,True,high
STR-AE2AA292EDD25C175AFA,IC50,biochemical_binding,1,2,1,2,1,0,0,4.455931955649724,4.455931955649724,4.455931955649724,35000.0,35000.0,IC50,1,inhibitory_potency,1,biochemical_binding,1,ChEMBL;PubChem,CHEMBL3696198,Menin,2015,=,COc1cc(C2Nc3ccccc3NC3=C2C(=O)CC(C)(C)C3)cc(OC)c1OC,COc1cc(C2Nc3ccccc3NC3=C2C(=O)CC(C)(C)C3)cc(OC)c1OC,COc1cc(C2Nc3ccccc3NC3=C2C(=O)CC(C)(C)C3)cc(OC)c1OC,COc1cc(C2Nc3ccccc3NC3=C2C(=O)CC(C)(C)C3)cc(OC)c1OC,UYUKOVCFMXOZOV-UHFFFAOYSA-N,UYUKOVCFMXOZOV-UHFFFAOYSA-N,standardized,0.0,False,2.0,strict_exact,exact_point_estimate,low_or_inactive_>10uM,False,False,IC50,biochemical_binding,False,0.9762644260836695,0.16192981988465505,0.2361111044883728,COc1cc(-c2cncc(-c3ccc(C4CCN(C)CC4)cc3)c2C)cc(OC)c1OC,False,high
STR-4C19F00ABA775539C82E,IC50,biochemical_binding,1,2,1,2,1,0,0,4.448550002027125,4.448550002027125,4.448550002027125,35600.0,35600.0,IC50,1,inhibitory_potency,1,biochemical_binding,1,ChEMBL;PubChem,CHEMBL6040302,Menin,2021,=,N#Cc1ccc(OCCCN2CCC(C3(c4ccccc4)NCCc4ccccc43)CC2)cc1,N#Cc1ccc(OCCCN2CCC(C3(c4ccccc4)NCCc4ccccc43)CC2)cc1,N#Cc1ccc(OCCCN2CCC(C3(c4ccccc4)NCCc4ccccc43)CC2)cc1,N#Cc1ccc(OCCCN2CCC(C3(c4ccccc4)NCCc4ccccc43)CC2)cc1,HICYDELPJILLDL-UHFFFAOYSA-N,HICYDELPJILLDL-UHFFFAOYSA-N,standardized,0.0,False,2.0,strict_exact,exact_point_estimate,low_or_inactive_>10uM,False,False,IC50,biochemical_binding,False,0.9902639246551889,0.07903836505514533,0.3384615480899811,c1ccc(-c2ccc(OCCCCCN3CCCCCC3)cc2)cc1,True,high
STR-D67FE3A87A1AC07DC7FF,IC50,biochemical_binding,1,1,0,1,1,0,0,4.443697499232713,4.443697499232713,4.443697499232713,36000.0,36000.0,IC50,1,inhibitory_potency,1,biochemical_binding,1,ChEMBL,CHEMBL2314814,Menin,2013,=,CC(C)Cc1cccc(C[C@@H]2NC(=O)[C@@H](N)CCCCCCCCNC(=O)[C@@H]3CCCN3C(=O)[C@H](CCCNC(=N)N)NC(=O)C3(CCC3)NC(=O)[C@@H]3CCCN3C2=O)c1,CC(C)Cc1cccc(C[C@@H]2NC(=O)[C@@H](N)CCCCCCCCNC(=O)[C@@H]3CCCN3C(=O)[C@H](CCCNC(=N)N)NC(=O)C3(CCC3)NC(=O)[C@@H]3CCCN3C2=O)c1,CC(C)Cc1cccc(C[C@@H]2NC(=O)[C@@H](N)CCCCCCCCNC(=O)[C@@H]3CCCN3C(=O)[C@H](CCCNC(=N)N)NC(=O)C3(CCC3)NC(=O)[C@@H]3CCCN3C2=O)c1,CC(C)Cc1cccc(C[C@@H]2NC(=O)[C@@H](N)CCCCCCCCNC(=O)[C@@H]3CCCN3C(=O)[C@H](CCCNC(=N)N)NC(=O)C3(CCC3)NC(=O)[C@@H]3CCCN3C2=O)c1,PINHORIOZLJPKK-XYPUQJIVSA-N,PINHORIOZLJPKK-XYPUQJIVSA-N,standardized,0.0,False,2.0,strict_exact,exact_point_estimate,low_or_inactive_>10uM,False,False,IC50,biochemical_binding,False,0.037548449931824386,0.23093674285281862,0.19672131538391113,CC(C)Cc1cc(C(=O)NCC2(C#N)CCN(CCc3ccccc3)CC2)nn1-c1ccccc1,False,low
STR-47846D608185053052FC,IC50,biochemical_binding,1,2,1,2,1,0,0,4.441291429466834,4.441291429466834,4.441291429466834,36200.0,36200.0,IC50,1,inhibitory_potency,1,biochemical_binding,1,ChEMBL;PubChem,CHEMBL5829926,Menin,2021,=,N#Cc1ccc(OCCCCN2CC(C3(C4CCCC4)NCCc4ccccc43)C2)cc1,N#Cc1ccc(OCCCCN2CC(C3(C4CCCC4)NCCc4ccccc43)C2)cc1,N#Cc1ccc(OCCCCN2CC(C3(C4CCCC4)NCCc4ccccc43)C2)cc1,N#Cc1ccc(OCCCCN2CC(C3(C4CCCC4)NCCc4ccccc43)C2)cc1,CBHRAOXPKUWGTQ-UHFFFAOYSA-N,CBHRAOXPKUWGTQ-UHFFFAOYSA-N,standardized,0.0,False,2.0,strict_exact,exact_point_estimate,low_or_inactive_>10uM,False,False,IC50,biochemical_binding,False,0.997631800298007,0.024067963689776442,0.3384615480899811,c1ccc(-c2ccc(OCCCCCN3CCCCCC3)cc2)cc1,True,high
STR-80B7C819E96F09B4FE2E,IC50,biochemical_binding,1,2,1,2,1,0,0,4.424812155072339,4.424812155072339,4.424812155072339,37600.0,37600.0,IC50,1,inhibitory_potency,1,biochemical_binding,1,ChEMBL;PubChem,CHEMBL5967030,Menin,2021,=,CN([C@H]1CCC[C@@H]1C(C#N)(c1ccccc1)C1CCN(CC2CN(c3ccc(S(=O)(=O)C4CC4)cc3)C2)CC1)S(C)(=O)=O,CN([C@H]1CCC[C@@H]1C(C#N)(c1ccccc1)C1CCN(CC2CN(c3ccc(S(=O)(=O)C4CC4)cc3)C2)CC1)S(C)(=O)=O,CN([C@H]1CCC[C@@H]1C(C#N)(c1ccccc1)C1CCN(CC2CN(c3ccc(S(=O)(=O)C4CC4)cc3)C2)CC1)S(C)(=O)=O,CN([C@H]1CCC[C@@H]1C(C#N)(c1ccccc1)C1CCN(CC2CN(c3ccc(S(=O)(=O)C4CC4)cc3)C2)CC1)S(C)(=O)=O,DBVLDGQLWGJCAW-KOPQTXDBSA-N,DBVLDGQLWGJCAW-KOPQTXDBSA-N,standardized,0.0,False,2.0,strict_exact,exact_point_estimate,low_or_inactive_>10uM,False,False,IC50,biochemical_binding,False,0.34288026653761833,0.9275482905936661,0.2551020383834839,CC(=O)Nc1cccc(N2CCN(CCCCN(C)S(=O)(=O)CC3CCCCC3)CC2)c1,False,medium
STR-6BBFA0A16AEB8910C337,IC50,biochemical_binding,1,1,0,1,1,0,0,4.404503778174426,4.404503778174426,4.404503778174426,39400.0,39400.0,IC50,1,inhibitory_potency,1,biochemical_binding,1,ChEMBL,CHEMBL2314815,Menin,2013,=,N=C(N)NCCC[C@@H]1NC(=O)C2(CCC2)NC(=O)[C@@H]2CCCN2C(=O)[C@H](Cc2cccc(-c3ccccc3)c2)NC(=O)[C@@H](N)CCCCCCCCNC(=O)[C@@H]2CCCN2C1=O,N=C(N)NCCC[C@@H]1NC(=O)C2(CCC2)NC(=O)[C@@H]2CCCN2C(=O)[C@H](Cc2cccc(-c3ccccc3)c2)NC(=O)[C@@H](N)CCCCCCCCNC(=O)[C@@H]2CCCN2C1=O,N=C(N)NCCC[C@@H]1NC(=O)C2(CCC2)NC(=O)[C@@H]2CCCN2C(=O)[C@H](Cc2cccc(-c3ccccc3)c2)NC(=O)[C@@H](N)CCCCCCCCNC(=O)[C@@H]2CCCN2C1=O,N=C(N)NCCC[C@@H]1NC(=O)C2(CCC2)NC(=O)[C@@H]2CCCN2C(=O)[C@H](Cc2cccc(-c3ccccc3)c2)NC(=O)[C@@H](N)CCCCCCCCNC(=O)[C@@H]2CCCN2C1=O,OWRVVYJQBVAHMZ-LQWITFIISA-N,OWRVVYJQBVAHMZ-LQWITFIISA-N,standardized,0.0,False,2.0,strict_exact,exact_point_estimate,low_or_inactive_>10uM,False,False,IC50,biochemical_binding,False,0.007840727212916381,0.06611160937479603,0.20388349890708923,NC(=O)c1cccc(C[C@H]2C[C@H]3CC[C@@H](C2)N3Cc2ccccc2)c1,False,low
STR-751B5DB988139837BDDA,IC50,biochemical_binding,1,1,0,1,1,0,0,4.3979400086720375,4.3979400086720375,4.3979400086720375,40000.0,40000.0,IC50,1,inhibitory_potency,1,biochemical_binding,1,ChEMBL,CHEMBL3696192,Menin,2015,=,CCc1cc2c(NCC3CCN(Cc4cccc(C)c4)CC3)ncnc2s1,CCc1cc2c(NCC3CCN(Cc4cccc(C)c4)CC3)ncnc2s1,CCc1cc2c(NCC3CCN(Cc4cccc(C)c4)CC3)ncnc2s1,CCc1cc2c(NCC3CCN(Cc4cccc(C)c4)CC3)ncnc2s1,DXGOGPHKPIGZBO-UHFFFAOYSA-N,DXGOGPHKPIGZBO-UHFFFAOYSA-N,standardized,0.0,False,2.0,strict_exact,exact_point_estimate,low_or_inactive_>10uM,False,False,IC50,biochemical_binding,False,0.981032280793923,0.13560468894834685,0.3243243098258972,Cc1ccc(CN2CCC(CNC(=O)c3cc(Cl)cc(Cl)c3)CC2)cc1,True,high
STR-B9852EE345EDCE391831,IC50,biochemical_binding,1,2,1,2,1,0,0,4.3979400086720375,4.3979400086720375,4.3979400086720375,40000.0,40000.0,IC50,1,inhibitory_potency,1,biochemical_binding,1,ChEMBL;PubChem,CHEMBL5782128,Menin,2021,=,N#Cc1ccc(OCCCN2CCC(C(C#N)(CC(=O)N3CCCC3)c3ccccc3)CC2)cc1,N#Cc1ccc(OCCCN2CCC(C(C#N)(CC(=O)N3CCCC3)c3ccccc3)CC2)cc1,N#Cc1ccc(OCCCN2CCC(C(C#N)(CC(=O)N3CCCC3)c3ccccc3)CC2)cc1,N#Cc1ccc(OCCCN2CCC(C(C#N)(CC(=O)N3CCCC3)c3ccccc3)CC2)cc1,FXKPDAWRPKYDGE-UHFFFAOYSA-N,FXKPDAWRPKYDGE-UHFFFAOYSA-N,standardized,0.0,False,2.0,strict_exact,exact_point_estimate,low_or_inactive_>10uM,False,False,IC50,biochemical_binding,False,0.9726472370984842,0.18093719770896283,0.375,c1ccc(-c2ccc(OCCCCCN3CCCCCC3)cc2)cc1,True,high
STR-104DDD12D2A71EF11558,IC50,biochemical_binding,1,1,0,1,1,0,0,4.392009141452825,4.392009141452825,4.392009141452825,40550.0,40550.0,IC50,1,inhibitory_potency,1,biochemical_binding,1,PubChem,156531620,Menin,2026,=,CCN(C)C[C@@H](C[C@@H](C(C)C)N1CC2(CCN(c3ncnnc3Oc3ccc(F)cc3C(=O)N(CC)C(C)C)C2)C1)OC,CCN(C)C[C@@H](C[C@@H](C(C)C)N1CC2(C1)CCN(C2)C3=C(N=NC=N3)OC4=C(C=C(C=C4)F)C(=O)N(CC)C(C)C)OC,CCN(C)C[C@@H](C[C@@H](C(C)C)N1CC2(CCN(c3ncnnc3Oc3ccc(F)cc3C(=O)N(CC)C(C)C)C2)C1)OC,CCN(C)C[C@@H](C[C@@H](C(C)C)N1CC2(CCN(c3ncnnc3Oc3ccc(F)cc3C(=O)N(CC)C(C)C)C2)C1)OC,WZDYSMKHVNWSMO-VPUSJEBWSA-N,WZDYSMKHVNWSMO-VPUSJEBWSA-N,standardized,0.0,False,2.0,strict_exact,exact_point_estimate,low_or_inactive_>10uM,False,False,IC50,biochemical_binding,False,0.5478688047419317,0.9933782150748989,0.22857142984867096,COc1nccnc1[C@H](C)C1=C(CCN(C)C)Cc2cc(F)ccc21,False,medium
STR-F420EA9EFCC6CB3F01A3,IC50,biochemical_binding,1,2,1,2,1,0,0,4.380906669373258,4.380906669373258,4.380906669373258,41600.0,41600.0,IC50,1,inhibitory_potency,1,biochemical_binding,1,ChEMBL;PubChem,CHEMBL6056409,Menin,2021,=,N#Cc1cc2cc(CN3CCC(CC4(C5CCCC5)NCCc5ccccc54)CC3)ccc2[nH]1,N#Cc1cc2cc(CN3CCC(CC4(C5CCCC5)NCCc5ccccc54)CC3)ccc2[nH]1,N#Cc1cc2cc(CN3CCC(CC4(C5CCCC5)NCCc5ccccc54)CC3)ccc2[nH]1,N#Cc1cc2cc(CN3CCC(CC4(C5CCCC5)NCCc5ccccc54)CC3)ccc2[nH]1,LFRRNUKOUMOBAU-UHFFFAOYSA-N,LFRRNUKOUMOBAU-UHFFFAOYSA-N,standardized,0.0,False,2.0,strict_exact,exact_point_estimate,low_or_inactive_>10uM,False,False,IC50,biochemical_binding,False,0.9965343547281829,0.03331473682848578,0.29411765933036804,N#Cc1ccc(CCN2CCC(Nc3nc4ccccc4[nH]3)CC2)cc1,True,high
STR-E00A2A65334250E6910B,IC50,biochemical_binding,1,2,1,2,1,0,0,4.375717904164332,4.375717904164332,4.375717904164332,42100.0,42100.0,IC50,1,inhibitory_potency,1,biochemical_binding,1,ChEMBL;PubChem,CHEMBL6015442,Menin,2021,=,N#Cc1ccc(OCCCN2CCC(C3NCCc4ccccc43)CC2)cc1,N#Cc1ccc(OCCCN2CCC(C3NCCc4ccccc43)CC2)cc1,N#Cc1ccc(OCCCN2CCC(C3NCCc4ccccc43)CC2)cc1,N#Cc1ccc(OCCCN2CCC(C3NCCc4ccccc43)CC2)cc1,YLPZBMHABGMGGG-UHFFFAOYSA-N,YLPZBMHABGMGGG-UHFFFAOYSA-N,standardized,0.0,False,2.0,strict_exact,exact_point_estimate,low_or_inactive_>10uM,False,False,IC50,biochemical_binding,False,0.9969745965586768,0.029676688244838257,0.3442623019218445,c1ccc(-c2ccc(OCCCCCN3CCCCCC3)cc2)cc1,True,high
STR-241F2E6DC7BEF8AE2212,IC50,biochemical_binding,1,1,0,1,1,0,0,4.350081281264581,4.350081281264581,4.350081281264581,44660.0,44660.0,IC50,1,inhibitory_potency,1,biochemical_binding,1,PubChem,156531557,Menin,2026,=,CCN(C(=O)c1cc(F)ccc1Oc1nncnc1N1CCC2(C1)CN([C@@H](CCCNC(=O)NC)C(C)C)C2)C(C)C,CCN(C(C)C)C(=O)C1=C(C=CC(=C1)F)OC2=C(N=CN=N2)N3CCC4(C3)CN(C4)[C@@H](CCCNC(=O)NC)C(C)C,CCN(C(=O)c1cc(F)ccc1Oc1nncnc1N1CCC2(C1)CN([C@@H](CCCNC(=O)NC)C(C)C)C2)C(C)C,CCN(C(=O)c1cc(F)ccc1Oc1nncnc1N1CCC2(C1)CN([C@@H](CCCNC(=O)NC)C(C)C)C2)C(C)C,ILUZWIYOFDJNNW-DEOSSOPVSA-N,ILUZWIYOFDJNNW-DEOSSOPVSA-N,standardized,0.0,False,2.0,strict_exact,exact_point_estimate,low_or_inactive_>10uM,False,False,IC50,biochemical_binding,False,0.35326142631955826,0.9369471065762507,0.21487602591514587,O=C(NC1CC1)c1ccc(F)cc1OC[C@@H](O)CN1CCC2(CC1)Cc1cc(Cl)ccc1O2,False,medium
STR-695C2B9D19FE30A6368D,IC50,biochemical_binding,1,2,1,2,1,0,0,4.335358024443875,4.335358024443875,4.335358024443875,46200.0,46200.0,IC50,1,inhibitory_potency,1,biochemical_binding,1,ChEMBL;PubChem,CHEMBL5815678,Menin,2021,=,c1cnc(N2CC(CN3CCC(C4(C5CCCC5)NCCc5ccccc54)CC3)C2)nc1,c1cnc(N2CC(CN3CCC(C4(C5CCCC5)NCCc5ccccc54)CC3)C2)nc1,c1cnc(N2CC(CN3CCC(C4(C5CCCC5)NCCc5ccccc54)CC3)C2)nc1,c1cnc(N2CC(CN3CCC(C4(C5CCCC5)NCCc5ccccc54)CC3)C2)nc1,FOVMGWGQKWFMKH-UHFFFAOYSA-N,FOVMGWGQKWFMKH-UHFFFAOYSA-N,standardized,0.0,False,2.0,strict_exact,exact_point_estimate,low_or_inactive_>10uM,False,False,IC50,biochemical_binding,False,0.9532844818573635,0.272277374573916,0.31578946113586426,O[C@H]1C[C@H](CN2CCC(c3ccccc3Cl)CC2)CCc2cccnc21,True,high
STR-8D22035F518E37FF47A2,IC50,biochemical_binding,1,1,0,1,1,0,0,4.3314277308154425,4.3314277308154425,4.3314277308154425,46620.0,46620.0,IC50,1,inhibitory_potency,1,biochemical_binding,1,PubChem,156531790,Menin,2026,=,CC(C)[C@H](CCC(N)=O)N1CC2(CCN(c3ncnnc3Oc3ccc(F)cc3-c3cncnc3C3CC3)C2)C1,CC(C)[C@H](CCC(=O)N)N1CC2(C1)CCN(C2)C3=C(N=NC=N3)OC4=C(C=C(C=C4)F)C5=CN=CN=C5C6CC6,CC(C)[C@H](CCC(N)=O)N1CC2(CCN(c3ncnnc3Oc3ccc(F)cc3-c3cncnc3C3CC3)C2)C1,CC(C)[C@H](CCC(N)=O)N1CC2(CCN(c3ncnnc3Oc3ccc(F)cc3-c3cncnc3C3CC3)C2)C1,ONCIPTNPPSWVQS-QHCPKHFHSA-N,ONCIPTNPPSWVQS-QHCPKHFHSA-N,standardized,0.0,False,2.0,strict_exact,exact_point_estimate,low_or_inactive_>10uM,False,False,IC50,biochemical_binding,False,0.7716669722891325,0.7750940588750537,0.2321428507566452,COc1ccccc1Oc1cccc(CN2CCC3(CC2)CCN(C(=O)c2ccncn2)CC3)c1,False,high
STR-EBE5F8EBBB91D5D79ECA,IC50,biochemical_binding,2,4,2,2,2,0,0,4.3277056287106435,4.481486060122113,4.173925197299174,50000.0,33000.0,IC50,1,inhibitory_potency,1,biochemical_binding,1,ChEMBL;PubChem,CHEMBL3696206,Menin,2015,=,COc1ccc(-c2csc(CC(N)=O)n2)cc1,COc1ccc(-c2csc(CC(N)=O)n2)cc1,COc1ccc(-c2csc(CC(N)=O)n2)cc1,COc1ccc(-c2csc(CC(N)=O)n2)cc1,AQWKNAJFSBSHCZ-UHFFFAOYSA-N,AQWKNAJFSBSHCZ-UHFFFAOYSA-N,standardized,0.3075608628229389,False,2.0,strict_exact,exact_point_estimate,low_or_inactive_>10uM,False,False,IC50,biochemical_binding,False,0.25792126279276645,0.8235933006555125,0.2678571343421936,COc1ccc(-c2cc(=O)c3cc(C)ccc3o2)cc1,True,low
STR-8DB0AD5CDFB534F0A1FD,IC50,biochemical_binding,1,2,1,2,1,0,0,4.3223930472795065,4.3223930472795065,4.3223930472795065,47600.0,47600.0,IC50,1,inhibitory_potency,1,biochemical_binding,1,ChEMBL;PubChem,CHEMBL5872391,Menin,2021,=,CN1Cc2ccccc2C(c2ccccn2)(C2CCN(CC3CN(c4ccc(S(C)(=O)=O)cc4)C3)CC2)C1,CN1Cc2ccccc2C(c2ccccn2)(C2CCN(CC3CN(c4ccc(S(C)(=O)=O)cc4)C3)CC2)C1,CN1Cc2ccccc2C(c2ccccn2)(C2CCN(CC3CN(c4ccc(S(C)(=O)=O)cc4)C3)CC2)C1,CN1Cc2ccccc2C(c2ccccn2)(C2CCN(CC3CN(c4ccc(S(C)(=O)=O)cc4)C3)CC2)C1,STLIFKRPMRSMNI-UHFFFAOYSA-N,STLIFKRPMRSMNI-UHFFFAOYSA-N,standardized,0.0,False,2.0,strict_exact,exact_point_estimate,low_or_inactive_>10uM,False,False,IC50,biochemical_binding,False,0.9227549122030071,0.39239690848705633,0.30434781312942505,CCOC(=O)N1CCC(CN2CCC3(CC2)CN(S(C)(=O)=O)c2ncccc23)CC1,True,high
STR-A6771150771281B862C7,IC50,biochemical_binding,1,2,1,2,1,0,0,4.309803919971486,4.309803919971486,4.309803919971486,49000.0,49000.0,IC50,1,inhibitory_potency,1,biochemical_binding,1,ChEMBL;PubChem,CHEMBL3696172,Menin,2015,=,Cc1csc(N2CCN(c3nc(C)nc4sc5c(c34)CCCC5)CC2)n1,Cc1csc(N2CCN(c3nc(C)nc4sc5c(c34)CCCC5)CC2)n1,Cc1csc(N2CCN(c3nc(C)nc4sc5c(c34)CCCC5)CC2)n1,Cc1csc(N2CCN(c3nc(C)nc4sc5c(c34)CCCC5)CC2)n1,RIBLLRWDYPFXIS-UHFFFAOYSA-N,RIBLLRWDYPFXIS-UHFFFAOYSA-N,standardized,0.0,False,2.0,strict_exact,exact_point_estimate,low_or_inactive_>10uM,False,False,IC50,biochemical_binding,False,0.489183679531115,0.9996624038347104,0.1931818127632141,CCn1nc2c(c1Nc1nc(-c3ccc(-n4cnc(C)c4)c(OC)n3)cs1)CCCC2,False,medium
STR-16763AE4A1795B0B0B2B,IC50,biochemical_binding,1,2,1,2,1,0,0,4.30189945437661,4.30189945437661,4.30189945437661,49900.0,49900.0,IC50,1,inhibitory_potency,1,biochemical_binding,1,ChEMBL;PubChem,CHEMBL5936379,Menin,2021,=,CS(=O)(=O)c1ccc(N2CC(CN3CCC(C(C#N)(c4ccccc4)C4CCC(=O)C4)CC3)C2)cc1,CS(=O)(=O)c1ccc(N2CC(CN3CCC(C(C#N)(c4ccccc4)C4CCC(=O)C4)CC3)C2)cc1,CS(=O)(=O)c1ccc(N2CC(CN3CCC(C(C#N)(c4ccccc4)C4CCC(=O)C4)CC3)C2)cc1,CS(=O)(=O)c1ccc(N2CC(CN3CCC(C(C#N)(c4ccccc4)C4CCC(=O)C4)CC3)C2)cc1,JOSOAAMQCMEZSY-UHFFFAOYSA-N,JOSOAAMQCMEZSY-UHFFFAOYSA-N,standardized,0.0,False,2.0,strict_exact,exact_point_estimate,low_or_inactive_>10uM,False,False,IC50,biochemical_binding,False,0.6139766481301345,0.9621852688545721,0.27659574151039124,CS(=O)(=O)c1ccc(Cn2c(NC3CCN(CCc4ccc(C#N)cc4)CC3)nc3ccccc32)cc1,True,medium
STR-625E175938C0BA620C7A,IC50,biochemical_binding,1,2,1,2,1,0,0,4.301029995663981,4.301029995663981,4.301029995663981,50000.0,50000.0,IC50,1,inhibitory_potency,1,biochemical_binding,1,ChEMBL;PubChem,CHEMBL3696175,Menin,2015,=,c1ccc(-c2cc3c(N4CCN(c5nccs5)CC4)ncnc3s2)cc1,c1ccc(-c2cc3c(N4CCN(c5nccs5)CC4)ncnc3s2)cc1,c1ccc(-c2cc3c(N4CCN(c5nccs5)CC4)ncnc3s2)cc1,c1ccc(-c2cc3c(N4CCN(c5nccs5)CC4)ncnc3s2)cc1,WZPNVYWWPILWJK-UHFFFAOYSA-N,WZPNVYWWPILWJK-UHFFFAOYSA-N,standardized,0.0,False,2.0,strict_exact,exact_point_estimate,low_or_inactive_>10uM,False,False,IC50,biochemical_binding,False,0.9339523833405738,0.3509979363644281,0.25641027092933655,CN1CCN(c2ncc(C(=O)Nc3cc(-c4cccs4)ccc3N)s2)CC1,False,high
STR-B0F5A7555DF936BC6486,IC50,biochemical_binding,1,2,1,2,1,0,0,4.301029995663981,4.301029995663981,4.301029995663981,50000.0,50000.0,IC50,1,inhibitory_potency,1,biochemical_binding,1,ChEMBL;PubChem,CHEMBL1778131,Menin,2015,=,Nc1cccc(-c2cccnc2)c1,Nc1cccc(-c2cccnc2)c1,Nc1cccc(-c2cccnc2)c1,Nc1cccc(-c2cccnc2)c1,YTJQJGKMRLQBJP-UHFFFAOYSA-N,YTJQJGKMRLQBJP-UHFFFAOYSA-N,standardized,0.0,False,2.0,strict_exact,exact_point_estimate,low_or_inactive_>10uM,False,False,IC50,biochemical_binding,False,0.20448042982529002,0.7307989521369953,0.3272727131843567,NC(=O)c1cnc2ccc(-c3cccnc3)cc2c1SC1CCCC1,True,low
STR-466A031256A2621A45EE,IC50,biochemical_binding,2,4,2,2,2,0,0,4.268426931636825,4.455931955649724,4.080921907623926,59000.0,35000.0,IC50,1,inhibitory_potency,1,biochemical_binding,1,ChEMBL;PubChem,CHEMBL3696166,Menin,2015,=,c1cn(CCCNc2ncnc3sc4c(c23)CCCCC4)cn1,c1cn(CCCNc2ncnc3sc4c(c23)CCCCC4)cn1,c1cn(CCCNc2ncnc3sc4c(c23)CCCCC4)cn1,c1cn(CCCNc2ncnc3sc4c(c23)CCCCC4)cn1,DTVVYXHKICYNDP-UHFFFAOYSA-N,DTVVYXHKICYNDP-UHFFFAOYSA-N,standardized,0.375010048025798,False,2.0,strict_exact,exact_point_estimate,low_or_inactive_>10uM,False,False,IC50,biochemical_binding,False,0.8390567826883502,0.6365612624714043,0.1875,Clc1ccc(-n2c(-c3ccc(Cn4ccnc4)cc3)nc3ccncc32)cc1,False,high
STR-CE06DD9044CE32F8232C,IC50,biochemical_binding,1,2,1,2,1,0,0,4.247951552180561,4.247951552180561,4.247951552180561,56500.0,56500.0,IC50,1,inhibitory_potency,1,biochemical_binding,1,ChEMBL;PubChem,CHEMBL5759104,Menin,2021,=,N#Cc1ccc(OCCCN2CCC(C3(C4CCCC4)NCCc4ccccc43)C2)cc1,N#Cc1ccc(OCCCN2CCC(C3(C4CCCC4)NCCc4ccccc43)C2)cc1,N#Cc1ccc(OCCCN2CCC(C3(C4CCCC4)NCCc4ccccc43)C2)cc1,N#Cc1ccc(OCCCN2CCC(C3(C4CCCC4)NCCc4ccccc43)C2)cc1,WCVLMVIOJBWRMR-UHFFFAOYSA-N,WCVLMVIOJBWRMR-UHFFFAOYSA-N,standardized,0.0,False,2.0,strict_exact,exact_point_estimate,low_or_inactive_>10uM,False,False,IC50,biochemical_binding,False,0.9977863036293793,0.022713463248339852,0.31707316637039185,C[C@]12CCCC[C@H]1C[C@@H](N1CCC[C@@H](N)C1)[C@@H]2Oc1ccc(C#N)cc1,True,high
STR-9B511E320085B2646A64,IC50,biochemical_binding,1,2,1,2,1,0,0,4.2403321553103694,4.2403321553103694,4.2403321553103694,57500.0,57500.0,IC50,1,inhibitory_potency,1,biochemical_binding,1,ChEMBL;PubChem,CHEMBL5826603,Menin,2021,=,O=C(c1ccn(-c2ccc(S(=O)(=O)C3CC3)cc2)c1)N1CCC(C2(C3CCCC3)NCCc3ccccc32)CC1,O=C(c1ccn(-c2ccc(S(=O)(=O)C3CC3)cc2)c1)N1CCC(C2(C3CCCC3)NCCc3ccccc32)CC1,O=C(c1ccn(-c2ccc(S(=O)(=O)C3CC3)cc2)c1)N1CCC(C2(C3CCCC3)NCCc3ccccc32)CC1,O=C(c1ccn(-c2ccc(S(=O)(=O)C3CC3)cc2)c1)N1CCC(C2(C3CCCC3)NCCc3ccccc32)CC1,GXOXEPKAVRWLLH-UHFFFAOYSA-N,GXOXEPKAVRWLLH-UHFFFAOYSA-N,standardized,0.0,False,2.0,strict_exact,exact_point_estimate,low_or_inactive_>10uM,False,False,IC50,biochemical_binding,False,0.8707578922296749,0.5553559931458069,0.23655913770198822,NC(=O)c1ccn(-c2cccc(OC(=O)NCCN3CCN(c4ccccc4)CC3)c2)c1,False,high
STR-F744772A71C37D955328,IC50,biochemical_binding,1,2,1,2,1,0,0,4.2335871528876,4.2335871528876,4.2335871528876,58400.0,58400.0,IC50,1,inhibitory_potency,1,biochemical_binding,1,ChEMBL;PubChem,CHEMBL6062470,Menin,2021,=,N#CC(c1ccccc1)(C1CCCC1)C1CCN(CCCOc2ccc(S(=O)(=O)c3ccccc3)cc2)CC1,N#CC(c1ccccc1)(C1CCCC1)C1CCN(CCCOc2ccc(S(=O)(=O)c3ccccc3)cc2)CC1,N#CC(c1ccccc1)(C1CCCC1)C1CCN(CCCOc2ccc(S(=O)(=O)c3ccccc3)cc2)CC1,N#CC(c1ccccc1)(C1CCCC1)C1CCN(CCCOc2ccc(S(=O)(=O)c3ccccc3)cc2)CC1,WQFLDTHHSJAQAE-UHFFFAOYSA-N,WQFLDTHHSJAQAE-UHFFFAOYSA-N,standardized,0.0,False,2.0,strict_exact,exact_point_estimate,low_or_inactive_>10uM,False,False,IC50,biochemical_binding,False,0.9930761603613345,0.05962742118062095,0.39344263076782227,c1ccc(-c2ccc(OCCCCCN3CCCCCC3)cc2)cc1,True,high
STR-077D7D9C480B1958E4A3,IC50,biochemical_binding,1,1,0,1,1,0,0,4.224025668870631,4.224025668870631,4.224025668870631,59700.0,59700.0,IC50,1,inhibitory_potency,1,biochemical_binding,1,PubChem,156531793,Menin,2026,=,CNC(=O)CC[C@H](C(C)C)N1CC2(CCN(c3ncnnc3Oc3ccc(F)cc3-c3cncnc3C3CC3)C2)C1,CC(C)[C@@H](CCC(=O)NC)N1CC2(C1)CCN(C2)C3=C(N=NC=N3)OC4=C(C=C(C=C4)F)C5=CN=CN=C5C6CC6,CNC(=O)CC[C@H](C(C)C)N1CC2(CCN(c3ncnnc3Oc3ccc(F)cc3-c3cncnc3C3CC3)C2)C1,CNC(=O)CC[C@H](C(C)C)N1CC2(CCN(c3ncnnc3Oc3ccc(F)cc3-c3cncnc3C3CC3)C2)C1,WBULQNFTJPOIQV-XMMPIXPASA-N,WBULQNFTJPOIQV-XMMPIXPASA-N,standardized,0.0,False,2.0,strict_exact,exact_point_estimate,low_or_inactive_>10uM,False,False,IC50,biochemical_binding,False,0.7882851813841499,0.744747792267489,0.22764228284358978,Cc1nc2cnc(Oc3ccc(F)c4cccnc34)cc2c(=O)n1C[C@H]1CCCN(C(C)C)C1,False,high
STR-949A51086BAD4A70A662,IC50,biochemical_binding,2,4,2,2,2,0,0,4.223665891943903,4.376750709602099,4.070581074285707,63500.0,42000.0,IC50,1,inhibitory_potency,1,biochemical_binding,1,ChEMBL;PubChem,CHEMBL3696165,Menin,2015,=,CCc1cc2c(N3CCN(Cc4ccccc4)CC3)ncnc2s1,CCc1cc2c(N3CCN(Cc4ccccc4)CC3)ncnc2s1,CCc1cc2c(N3CCN(Cc4ccccc4)CC3)ncnc2s1,CCc1cc2c(N3CCN(Cc4ccccc4)CC3)ncnc2s1,OSVPUNIFECUWFC-UHFFFAOYSA-N,OSVPUNIFECUWFC-UHFFFAOYSA-N,standardized,0.3061696353163921,False,2.0,strict_exact,exact_point_estimate,low_or_inactive_>10uM,False,False,IC50,biochemical_binding,False,0.9694044435664106,0.19736980740241833,0.30434781312942505,CCC(=O)N(CC1(N2CCN(Cc3ccccc3)CC2)COC1)c1ccccc1,True,high
STR-784BC5DAE6A780CB93EC,IC50,biochemical_binding,1,2,1,2,1,0,0,4.221848749616356,4.221848749616356,4.221848749616356,60000.0,60000.0,IC50,1,inhibitory_potency,1,biochemical_binding,1,ChEMBL;PubChem,CHEMBL3696167,Menin,2015,=,CCc1cc2c(N3CCN(c4ccccn4)CC3)ncnc2s1,CCc1cc2c(N3CCN(c4ccccn4)CC3)ncnc2s1,CCc1cc2c(N3CCN(c4ccccn4)CC3)ncnc2s1,CCc1cc2c(N3CCN(c4ccccn4)CC3)ncnc2s1,KGADSAGDWSKRGE-UHFFFAOYSA-N,KGADSAGDWSKRGE-UHFFFAOYSA-N,standardized,0.0,False,2.0,strict_exact,exact_point_estimate,low_or_inactive_>10uM,False,False,IC50,biochemical_binding,False,0.9317602925277246,0.3593199801392686,0.2266666740179062,Cc1ccccc1N1CCN(C[C@@H]2CCc3cccnc3[C@@H](O)C2)CC1,False,high
STR-3F04DD1A59C14A2DDA4B,IC50,biochemical_binding,1,2,1,2,1,0,0,4.200659450546418,4.200659450546418,4.200659450546418,63000.0,63000.0,IC50,1,inhibitory_potency,1,biochemical_binding,1,ChEMBL;PubChem,CHEMBL3696199,Menin,2015,=,O=C1CC(c2ccc3c(c2)OCO3)CC2=C1C(c1cccnc1)Nc1ccccc1N2,O=C1CC(c2ccc3c(c2)OCO3)CC2=C1C(c1cccnc1)Nc1ccccc1N2,O=C1CC(c2ccc3c(c2)OCO3)CC2=C1C(c1cccnc1)Nc1ccccc1N2,O=C1CC(c2ccc3c(c2)OCO3)CC2=C1C(c1cccnc1)Nc1ccccc1N2,FYFUQHWHGLQJHZ-UHFFFAOYSA-N,FYFUQHWHGLQJHZ-UHFFFAOYSA-N,standardized,0.0,False,2.0,strict_exact,exact_point_estimate,low_or_inactive_>10uM,False,False,IC50,biochemical_binding,False,0.9477165047482441,0.2960190094951918,0.2823529541492462,CN1CC(=O)N2[C@H](c3ccc4c(c3)OCO4)c3[nH]c4ccccc4c3C[C@@H]2C1=O,True,high
STR-E504CB05601073D27DA6,IC50,biochemical_binding,1,1,0,1,1,0,0,4.161150909262744,4.161150909262744,4.161150909262744,69000.0,69000.0,IC50,1,inhibitory_potency,1,biochemical_binding,1,ChEMBL,CHEMBL841,Menin,2018,=,CN(C)C(=O)C(CCN1CCC(O)(c2ccc(Cl)cc2)CC1)(c1ccccc1)c1ccccc1,CN(C)C(=O)C(CCN1CCC(O)(c2ccc(Cl)cc2)CC1)(c1ccccc1)c1ccccc1,CN(C)C(=O)C(CCN1CCC(O)(c2ccc(Cl)cc2)CC1)(c1ccccc1)c1ccccc1,CN(C)C(=O)C(CCN1CCC(O)(c2ccc(Cl)cc2)CC1)(c1ccccc1)c1ccccc1,RDOIQAHITMMDAJ-UHFFFAOYSA-N,RDOIQAHITMMDAJ-UHFFFAOYSA-N,standardized,0.0,False,2.0,strict_exact,exact_point_estimate,low_or_inactive_>10uM,False,False,IC50,biochemical_binding,True,0.9758139013396135,0.16433932087534983,1.0,CN(C)C(=O)C(CCN1CCC(O)(c2ccc(Cl)cc2)CC1)(c1ccccc1)c1ccccc1,True,high
STR-3BD3AAFB21D6F0AE245A,IC50,biochemical_binding,1,1,0,1,1,0,0,4.152489034796752,4.152489034796752,4.152489034796752,70390.0,70390.0,IC50,1,inhibitory_potency,1,biochemical_binding,1,PubChem,156531836,Menin,2026,=,CCN(C(=O)c1cc(F)ccc1Oc1nncnc1N1CCC2(C1)CN([C@@H](CCCO)C(C)C)C2)C(C)C,CCN(C(C)C)C(=O)C1=C(C=CC(=C1)F)OC2=C(N=CN=N2)N3CCC4(C3)CN(C4)[C@@H](CCCO)C(C)C,CCN(C(=O)c1cc(F)ccc1Oc1nncnc1N1CCC2(C1)CN([C@@H](CCCO)C(C)C)C2)C(C)C,CCN(C(=O)c1cc(F)ccc1Oc1nncnc1N1CCC2(C1)CN([C@@H](CCCO)C(C)C)C2)C(C)C,FKYDKSHIPWIYBA-QHCPKHFHSA-N,FKYDKSHIPWIYBA-QHCPKHFHSA-N,standardized,0.0,False,2.0,strict_exact,exact_point_estimate,low_or_inactive_>10uM,False,False,IC50,biochemical_binding,False,0.6014145988827743,0.9701170902761006,0.22857142984867096,O=C(CCc1ccccc1)c1cc(F)ccc1OCC(O)CN1CCN(C(c2ccccc2)c2ccccc2)CC1,False,medium
STR-4B176E4EC0D4BE59BE40,IC50,biochemical_binding,1,2,1,2,1,0,0,4.1487416512809245,4.1487416512809245,4.1487416512809245,71000.0,71000.0,IC50,1,inhibitory_potency,1,biochemical_binding,1,ChEMBL;PubChem,CHEMBL3696173,Menin,2015,=,Cc1c(-c2ccccc2)sc2ncnc(N3CCN(c4nccs4)CC3)c12,Cc1c(-c2ccccc2)sc2ncnc(N3CCN(c4nccs4)CC3)c12,Cc1c(-c2ccccc2)sc2ncnc(N3CCN(c4nccs4)CC3)c12,Cc1c(-c2ccccc2)sc2ncnc(N3CCN(c4nccs4)CC3)c12,RPKQZNFDISSLSN-UHFFFAOYSA-N,RPKQZNFDISSLSN-UHFFFAOYSA-N,standardized,0.0,False,2.0,strict_exact,exact_point_estimate,low_or_inactive_>10uM,False,False,IC50,biochemical_binding,False,0.6427562749387535,0.940371462388297,0.25925925374031067,COc1ccc(NC(=O)N2CCN(c3nc(N)nc4sc(-c5ccccc5)nc34)CC2)cc1,False,medium
STR-4710DC80E0B9C6B4C724,IC50,biochemical_binding,1,2,1,2,1,0,0,4.142667503568732,4.142667503568732,4.142667503568732,72000.0,72000.0,IC50,1,inhibitory_potency,1,biochemical_binding,1,ChEMBL;PubChem,CHEMBL3696203,Menin,2015,=,COc1ccc(C2CC(=O)C3=C(C2)Nc2ccccc2N(C(C)=O)C3c2cccnc2)cc1,COc1ccc(C2CC(=O)C3=C(C2)Nc2ccccc2N(C(C)=O)C3c2cccnc2)cc1,COc1ccc(C2CC(=O)C3=C(C2)Nc2ccccc2N(C(C)=O)C3c2cccnc2)cc1,COc1ccc(C2CC(=O)C3=C(C2)Nc2ccccc2N(C(C)=O)C3c2cccnc2)cc1,VQEAGRYMZHFYAX-UHFFFAOYSA-N,VQEAGRYMZHFYAX-UHFFFAOYSA-N,standardized,0.0,False,2.0,strict_exact,exact_point_estimate,low_or_inactive_>10uM,False,False,IC50,biochemical_binding,False,0.9151509597615073,0.4190387589234724,0.34117648005485535,COc1ccc(NC(=O)N2CCNC[C@@H]2COc2cccnc2)cc1,True,high
STR-54F1327250956FC1E73B,IC50,biochemical_binding,1,2,1,2,1,0,0,4.123205023799299,4.123205023799299,4.123205023799299,75300.0,75300.0,IC50,1,inhibitory_potency,1,biochemical_binding,1,ChEMBL;PubChem,CHEMBL5854424,Menin,2021,=,CS(=O)(=O)CCC(C#N)(c1ccccc1)C1CCN(CCCOc2ccc(C#N)cc2)CC1,CS(=O)(=O)CCC(C#N)(c1ccccc1)C1CCN(CCCOc2ccc(C#N)cc2)CC1,CS(=O)(=O)CCC(C#N)(c1ccccc1)C1CCN(CCCOc2ccc(C#N)cc2)CC1,CS(=O)(=O)CCC(C#N)(c1ccccc1)C1CCN(CCCOc2ccc(C#N)cc2)CC1,CVDVJOMFEXSJCM-UHFFFAOYSA-N,CVDVJOMFEXSJCM-UHFFFAOYSA-N,standardized,0.0,False,2.0,strict_exact,exact_point_estimate,low_or_inactive_>10uM,False,False,IC50,biochemical_binding,False,0.957936696749653,0.2516736695741733,0.3333333432674408,CS(=O)(=O)c1ccc(Cn2c(NC3CCN(CCc4ccc(C#N)cc4)CC3)nc3ccccc32)cc1,True,high
STR-682700030C1645FC8057,IC50,biochemical_binding,1,1,0,1,1,0,0,4.113509274827518,4.113509274827518,4.113509274827518,77000.0,77000.0,IC50,1,inhibitory_potency,1,biochemical_binding,1,ChEMBL,CHEMBL1348295,Menin,2014,=,N#Cc1ccc(OCC(O)CN2CCN(C(c3ccccc3)c3ccccc3)CC2)cc1,N#Cc1ccc(OCC(O)CN2CCN(C(c3ccccc3)c3ccccc3)CC2)cc1,N#Cc1ccc(OCC(O)CN2CCN(C(c3ccccc3)c3ccccc3)CC2)cc1,N#Cc1ccc(OCC(O)CN2CCN(C(c3ccccc3)c3ccccc3)CC2)cc1,PLIYSHLLWGTRBD-UHFFFAOYSA-N,PLIYSHLLWGTRBD-UHFFFAOYSA-N,standardized,0.0,False,2.0,strict_exact,exact_point_estimate,low_or_inactive_>10uM,False,False,IC50,biochemical_binding,False,0.8135356765608194,0.6940162238586702,0.5166666507720947,O=C(CCc1ccccc1)c1ccccc1OCC(O)CN1CCN(C(c2ccccc2)c2ccccc2)CC1,True,high
STR-9F7531856423F982C41A,IC50,biochemical_binding,1,2,1,2,1,0,0,4.096910013008056,4.096910013008056,4.096910013008056,80000.0,80000.0,IC50,1,inhibitory_potency,1,biochemical_binding,1,ChEMBL;PubChem,CHEMBL3696213,Menin,2015,=,COc1ccc(-c2csc(CC(N)=O)n2)cc1Br,COc1ccc(-c2csc(CC(N)=O)n2)cc1Br,COc1ccc(-c2csc(CC(N)=O)n2)cc1Br,COc1ccc(-c2csc(CC(N)=O)n2)cc1Br,PRRYDJJPKDVUGE-UHFFFAOYSA-N,PRRYDJJPKDVUGE-UHFFFAOYSA-N,standardized,0.0,False,2.0,strict_exact,exact_point_estimate,low_or_inactive_>10uM,False,False,IC50,biochemical_binding,False,0.8986164177374062,0.473366164995627,0.2567567527294159,CCCc1nc(Nc2cc(NCCN)nnc2C(N)=O)ccc1OC,False,high
STR-C958B9047F1B12915566,IC50,biochemical_binding,1,2,1,2,1,0,0,4.075204004202088,4.075204004202088,4.075204004202088,84100.0,84100.0,IC50,1,inhibitory_potency,1,biochemical_binding,1,ChEMBL;PubChem,CHEMBL5935780,Menin,2021,=,c1ccc(CN2CCC(CC3(C4CCCC4)NCCc4ccccc43)CC2)cc1,c1ccc(CN2CCC(CC3(C4CCCC4)NCCc4ccccc43)CC2)cc1,c1ccc(CN2CCC(CC3(C4CCCC4)NCCc4ccccc43)CC2)cc1,c1ccc(CN2CCC(CC3(C4CCCC4)NCCc4ccccc43)CC2)cc1,HIMXFNDSQFIMLO-UHFFFAOYSA-N,HIMXFNDSQFIMLO-UHFFFAOYSA-N,standardized,0.0,False,2.0,strict_exact,exact_point_estimate,low_or_inactive_>10uM,False,False,IC50,biochemical_binding,False,0.9933956436502442,0.05732770725443654,0.2705882489681244,CCC(=O)N(CC1(C2CCN(Cc3ccccc3)CC2)CCOCC1)c1cccc(C(F)(F)F)n1,True,high
STR-13418EBC6BF2EEA6DE7C,IC50,biochemical_binding,1,1,0,1,1,0,0,4.069050968832477,4.069050968832477,4.069050968832477,85300.0,85300.0,IC50,1,inhibitory_potency,1,biochemical_binding,1,ChEMBL,CHEMBL2314825,Menin,2013,=,CC(=O)N[C@@H](CCCNC(=N)N)C(=O)N[C@@H](Cc1c[nH]c2ccccc12)C(=O)N[C@@H](CCCNC(=N)N)C(=O)N[C@@H](Cc1ccccc1)C(=O)N1CCC[C@H]1C(=O)N[C@@H](C)C(=O)N[C@@H](CCCNC(=N)N)C(N)=O,CC(=O)N[C@@H](CCCNC(=N)N)C(=O)N[C@@H](Cc1c[nH]c2ccccc12)C(=O)N[C@@H](CCCNC(=N)N)C(=O)N[C@@H](Cc1ccccc1)C(=O)N1CCC[C@H]1C(=O)N[C@@H](C)C(=O)N[C@@H](CCCNC(=N)N)C(N)=O,CC(=O)N[C@@H](CCCNC(=N)N)C(=O)N[C@@H](Cc1c[nH]c2ccccc12)C(=O)N[C@@H](CCCNC(=N)N)C(=O)N[C@@H](Cc1ccccc1)C(=O)N1CCC[C@H]1C(=O)N[C@@H](C)C(=O)N[C@@H](CCCNC(=N)N)C(N)=O,CC(=O)N[C@@H](CCCNC(=N)N)C(=O)N[C@@H](Cc1c[nH]c2ccccc12)C(=O)N[C@@H](CCCNC(=N)N)C(=O)N[C@@H](Cc1ccccc1)C(=O)N1CCC[C@H]1C(=O)N[C@@H](C)C(=O)N[C@@H](CCCNC(=N)N)C(N)=O,IXIMYCBJBCLDEU-XZUOCMGYSA-N,IXIMYCBJBCLDEU-XZUOCMGYSA-N,standardized,0.0,False,2.0,strict_exact,exact_point_estimate,low_or_inactive_>10uM,False,False,IC50,biochemical_binding,False,1.0098572279410036e-08,2.8280009956248923e-07,0.30188679695129395,COC(=O)C(Cc1c[nH]c2ccccc12)NS(=O)(=O)c1ccc(OC2CCCC2)cc1,True,low
STR-2CFC8301293C2B82E4A6,IC50,biochemical_binding,1,1,0,1,1,0,0,4.064492734175287,4.064492734175287,4.064492734175287,86200.0,86200.0,IC50,1,inhibitory_potency,1,biochemical_binding,1,PubChem,156531832,Menin,2026,=,CCN(C(=O)c1cc(F)ccc1Oc1nncnc1N1CCC2(C1)CN([C@@H](CCCNC(C)=O)C(C)C)C2)C(C)C,CCN(C(C)C)C(=O)C1=C(C=CC(=C1)F)OC2=C(N=CN=N2)N3CCC4(C3)CN(C4)[C@@H](CCCNC(=O)C)C(C)C,CCN(C(=O)c1cc(F)ccc1Oc1nncnc1N1CCC2(C1)CN([C@@H](CCCNC(C)=O)C(C)C)C2)C(C)C,CCN(C(=O)c1cc(F)ccc1Oc1nncnc1N1CCC2(C1)CN([C@@H](CCCNC(C)=O)C(C)C)C2)C(C)C,MJKJCKNSGHMGKB-VWLOTQADSA-N,MJKJCKNSGHMGKB-VWLOTQADSA-N,standardized,0.0,False,2.0,strict_exact,exact_point_estimate,low_or_inactive_>10uM,False,False,IC50,biochemical_binding,False,0.4933978723206297,0.9998742277028028,0.22499999403953552,CC(=O)NCCNC(=O)c1ccc(O)cc1OC[C@@H](O)CN1CCC2(CC1)Cc1cc(Cl)ccc1O2,False,medium
STR-72BF5FE38870FA3B6280,IC50,biochemical_binding,1,1,0,1,1,0,0,4.051391450123564,4.051391450123564,4.051391450123564,88840.0,88840.0,IC50,1,inhibitory_potency,1,biochemical_binding,1,PubChem,156531778,Menin,2026,=,CCN(C(=O)c1cc(F)ccc1Oc1nncnc1N1CCC2(C1)CN([C@@H](CCO)C(C)C)C2)C(C)C,CCN(C(C)C)C(=O)C1=C(C=CC(=C1)F)OC2=C(N=CN=N2)N3CCC4(C3)CN(C4)[C@@H](CCO)C(C)C,CCN(C(=O)c1cc(F)ccc1Oc1nncnc1N1CCC2(C1)CN([C@@H](CCO)C(C)C)C2)C(C)C,CCN(C(=O)c1cc(F)ccc1Oc1nncnc1N1CCC2(C1)CN([C@@H](CCO)C(C)C)C2)C(C)C,TZVOKEYLSRSBPK-QFIPXVFZSA-N,TZVOKEYLSRSBPK-QFIPXVFZSA-N,standardized,0.0,False,2.0,strict_exact,exact_point_estimate,low_or_inactive_>10uM,False,False,IC50,biochemical_binding,False,0.2581577077358802,0.823953583782425,0.23529411852359772,O=C(CCc1ccccc1)c1cc(F)ccc1OCC(O)CN1CCN(C(c2ccccc2)c2ccccc2)CC1,False,low
STR-6A535B2D5967814ADC06,IC50,biochemical_binding,1,2,1,2,1,0,0,4.0,4.0,4.0,100000.0,100000.0,IC50,1,inhibitory_potency,1,biochemical_binding,1,ChEMBL;PubChem,CHEMBL3696200,Menin,2015,=,COc1ccc(C2CC(=O)C3=C(C2)Nc2ccccc2NC3c2cccnc2)cc1OC,COc1ccc(C2CC(=O)C3=C(C2)Nc2ccccc2NC3c2cccnc2)cc1OC,COc1ccc(C2CC(=O)C3=C(C2)Nc2ccccc2NC3c2cccnc2)cc1OC,COc1ccc(C2CC(=O)C3=C(C2)Nc2ccccc2NC3c2cccnc2)cc1OC,BMGCNEXJQXCUPY-UHFFFAOYSA-N,BMGCNEXJQXCUPY-UHFFFAOYSA-N,standardized,0.0,False,2.0,strict_exact,exact_point_estimate,low_or_inactive_>10uM,False,False,IC50,biochemical_binding,False,0.9581256725480694,0.2508208814767711,0.25,COc1cc(C2CCNCC2)ccc1Nc1ncc(Cl)c(-c2cnc3ccccn23)n1,False,high
STR-90F148C381A6FE28921A,IC50,biochemical_binding,1,2,1,2,1,0,0,4.0,4.0,4.0,100000.0,100000.0,IC50,1,inhibitory_potency,1,biochemical_binding,1,ChEMBL;PubChem,CHEMBL3696202,Menin,2015,=,CC(=O)N1c2ccccc2NC2=C(C(=O)CC(c3ccc(C)cc3)C2)C1c1cccnc1,CC(=O)N1c2ccccc2NC2=C(C(=O)CC(c3ccc(C)cc3)C2)C1c1cccnc1,CC(=O)N1c2ccccc2NC2=C(C(=O)CC(c3ccc(C)cc3)C2)C1c1cccnc1,CC(=O)N1c2ccccc2NC2=C(C(=O)CC(c3ccc(C)cc3)C2)C1c1cccnc1,ONYKRRVUHYDZCK-UHFFFAOYSA-N,ONYKRRVUHYDZCK-UHFFFAOYSA-N,standardized,0.0,False,2.0,strict_exact,exact_point_estimate,low_or_inactive_>10uM,False,False,IC50,biochemical_binding,False,0.9582520549519427,0.2502498413603536,0.24719101190567017,COc1ccc(NC(=O)N2CCNC[C@@H]2COc2cccnc2)cc1,False,high
STR-D4B27E39EABBED1674BA,IC50,biochemical_binding,1,1,0,1,1,0,0,3.9706162223147903,3.9706162223147903,3.9706162223147903,107000.0,107000.0,IC50,1,inhibitory_potency,1,biochemical_binding,1,PubChem,9421974,Menin,2023,=,O=C(Cc1nc(-c2ccc(F)cc2)cs1)N1CCOCC1,C1COCCN1C(=O)CC2=NC(=CS2)C3=CC=C(C=C3)F,O=C(Cc1nc(-c2ccc(F)cc2)cs1)N1CCOCC1,O=C(Cc1nc(-c2ccc(F)cc2)cs1)N1CCOCC1,ZKWUQGZSNAAKQO-UHFFFAOYSA-N,ZKWUQGZSNAAKQO-UHFFFAOYSA-N,standardized,0.0,False,2.0,strict_exact,exact_point_estimate,low_or_inactive_>10uM,False,False,IC50,biochemical_binding,False,0.40960071772662815,0.976290333754148,0.3333333432674408,CCc1nc2ccc(C3CCN(CC(=O)N4CC(O)C4)CC3)cn2c1N(C)c1nc(-c2ccc(F)cc2)cs1,True,medium
STR-DFFE7919620276588DCE,IC50,biochemical_binding,1,1,0,1,1,0,0,3.9531148091622903,3.9531148091622903,3.9531148091622903,111400.0,111400.0,IC50,1,inhibitory_potency,1,biochemical_binding,1,PubChem,138618448,Menin,2023,=,CC(=O)N1CCC[C@H]1C(C#N)(c1ccccc1)C1CCN(CCCOc2ccc(C#N)cc2)CC1,CC(=O)N1CCC[C@H]1C(C#N)(C2CCN(CC2)CCCOC3=CC=C(C=C3)C#N)C4=CC=CC=C4,CC(=O)N1CCC[C@H]1C(C#N)(c1ccccc1)C1CCN(CCCOc2ccc(C#N)cc2)CC1,CC(=O)N1CCC[C@H]1C(C#N)(c1ccccc1)C1CCN(CCCOc2ccc(C#N)cc2)CC1,LLWPWJSOOSUKCR-XLTVJXRZSA-N,LLWPWJSOOSUKCR-XLTVJXRZSA-N,standardized,0.0,False,2.0,strict_exact,exact_point_estimate,low_or_inactive_>10uM,False,False,IC50,biochemical_binding,False,0.9609483835741262,0.23792686054781387,0.3333333432674408,c1ccc(-c2ccc(OCCCCCN3CCCCCC3)cc2)cc1,True,high
STR-C948DFA16530F4445B5E,IC50,biochemical_binding,1,1,0,1,1,0,0,3.939302159646388,3.939302159646388,3.939302159646388,115000.0,115000.0,IC50,1,inhibitory_potency,1,biochemical_binding,1,PubChem,2894865,Menin,2023,=,COc1ccc(C2CC(=O)C3=C(C2)Nc2ccccc2NC3c2ccccc2C)cc1OC,CC1=CC=CC=C1C2C3=C(CC(CC3=O)C4=CC(=C(C=C4)OC)OC)NC5=CC=CC=C5N2,COc1ccc(C2CC(=O)C3=C(C2)Nc2ccccc2NC3c2ccccc2C)cc1OC,COc1ccc(C2CC(=O)C3=C(C2)Nc2ccccc2NC3c2ccccc2C)cc1OC,BXJTUGWLCUHXTK-UHFFFAOYSA-N,BXJTUGWLCUHXTK-UHFFFAOYSA-N,standardized,0.0,False,2.0,strict_exact,exact_point_estimate,low_or_inactive_>10uM,False,False,IC50,biochemical_binding,False,0.99029265270425,0.07884673516611777,0.23255814611911774,COc1ccccc1N1CCN(CCCCOc2ccc3c(C)cc(=O)oc3c2)CC1,False,high
STR-0298F7259BA97653A4EC,IC50,biochemical_binding,1,1,0,1,1,0,0,3.9229956732066498,3.9229956732066498,3.9229956732066498,119400.0,119400.0,IC50,1,inhibitory_potency,1,biochemical_binding,1,PubChem,132104438,Menin,2023,=,CO[C@H]1CCC[C@@H]1C1(C2CCN(CCCOc3ccc(C(=O)O)cc3)CC2)CNCc2ccccc21,CO[C@H]1CCC[C@@H]1C2(CNCC3=CC=CC=C32)C4CCN(CC4)CCCOC5=CC=C(C=C5)C(=O)O,CO[C@H]1CCC[C@@H]1C1(C2CCN(CCCOc3ccc(C(=O)O)cc3)CC2)CNCc2ccccc21,CO[C@H]1CCC[C@@H]1C1(C2CCN(CCCOc3ccc(C(=O)O)cc3)CC2)CNCc2ccccc21,YBJXBORFFTXBGD-SRBHEWTHSA-N,YBJXBORFFTXBGD-SRBHEWTHSA-N,standardized,0.0,False,2.0,strict_exact,exact_point_estimate,low_or_inactive_>10uM,False,False,IC50,biochemical_binding,False,0.7172581344838586,0.8591599481755013,0.30927833914756775,O=C(c1ccc(F)cc1F)C1CCN(CCCOc2ccc(-c3nc4ccccc4o3)cc2)CC1,True,high
STR-6D0825CC395144966D8D,IC50,biochemical_binding,1,1,0,1,1,0,0,3.913640169325251,3.913640169325251,3.913640169325251,122000.0,122000.0,IC50,1,inhibitory_potency,1,biochemical_binding,1,PubChem,17473072,Menin,2023,=,Cc1ccccc1NC(=O)Cc1nc(-c2ccc(F)cc2)cs1,CC1=CC=CC=C1NC(=O)CC2=NC(=CS2)C3=CC=C(C=C3)F,Cc1ccccc1NC(=O)Cc1nc(-c2ccc(F)cc2)cs1,Cc1ccccc1NC(=O)Cc1nc(-c2ccc(F)cc2)cs1,UKEVYWZXESQHLG-UHFFFAOYSA-N,UKEVYWZXESQHLG-UHFFFAOYSA-N,standardized,0.0,False,2.0,strict_exact,exact_point_estimate,low_or_inactive_>10uM,False,False,IC50,biochemical_binding,False,0.14348544163980684,0.5932945846801374,0.2666666805744171,CCc1nc2ccc(C3CCN(CC(=O)N4CC(O)C4)CC3)cn2c1N(C)c1nc(-c2ccc(F)cc2)cs1,True,low
STR-8C145BCDAF9049DB2CD5,IC50,biochemical_binding,1,1,0,1,1,0,0,3.903089986991944,3.903089986991944,3.903089986991944,125000.0,125000.0,IC50,1,inhibitory_potency,1,biochemical_binding,1,PubChem,24574432,Menin,2023,=,Fc1ccc(-c2csc3ncnc(N4CCN(c5nccs5)CC4)c23)cc1,C1CN(CCN1C2=C3C(=CSC3=NC=N2)C4=CC=C(C=C4)F)C5=NC=CS5,Fc1ccc(-c2csc3ncnc(N4CCN(c5nccs5)CC4)c23)cc1,Fc1ccc(-c2csc3ncnc(N4CCN(c5nccs5)CC4)c23)cc1,PWWCETJFNDFBPM-UHFFFAOYSA-N,PWWCETJFNDFBPM-UHFFFAOYSA-N,standardized,0.0,False,2.0,strict_exact,exact_point_estimate,low_or_inactive_>10uM,False,False,IC50,biochemical_binding,False,0.9693808382457801,0.1974874830107729,0.2530120611190796,Fc1ccc(-c2nc(N3CCOCC3)sc2-c2ccnc(Nc3ccc(N4CCNCC4)cc3)n2)cc1,False,high
STR-BB6E6551F03D8DF53FBE,IC50,biochemical_binding,1,1,0,1,1,0,0,3.8632794328435938,3.8632794328435938,3.8632794328435938,137000.0,137000.0,IC50,1,inhibitory_potency,1,biochemical_binding,1,PubChem,16372163,Menin,2023,=,NC(=O)Cc1nc(-c2cccc(Cl)c2)cs1,C1=CC(=CC(=C1)Cl)C2=CSC(=N2)CC(=O)N,NC(=O)Cc1nc(-c2cccc(Cl)c2)cs1,NC(=O)Cc1nc(-c2cccc(Cl)c2)cs1,CVMYBEQTEZYBPG-UHFFFAOYSA-N,CVMYBEQTEZYBPG-UHFFFAOYSA-N,standardized,0.0,False,2.0,strict_exact,exact_point_estimate,low_or_inactive_>10uM,False,False,IC50,biochemical_binding,False,0.7671189831012952,0.7829998534820195,0.2545454502105713,CC(NC(C)(C)C)C(=O)c1cccc(Cl)c1,False,high
STR-DE57A0D88EA762894E60,IC50,biochemical_binding,1,1,0,1,1,0,0,3.8535618647142256,3.8535618647142256,3.8535618647142256,140100.0,140100.0,IC50,1,inhibitory_potency,1,biochemical_binding,1,PubChem,138618456,Menin,2023,=,CO[C@H]1CCC[C@H]1C(C#N)(c1ccccc1)C1CCN(CCCOc2ccc(C#N)cc2)CC1,CO[C@H]1CCC[C@H]1C(C#N)(C2CCN(CC2)CCCOC3=CC=C(C=C3)C#N)C4=CC=CC=C4,CO[C@H]1CCC[C@H]1C(C#N)(c1ccccc1)C1CCN(CCCOc2ccc(C#N)cc2)CC1,CO[C@H]1CCC[C@H]1C(C#N)(c1ccccc1)C1CCN(CCCOc2ccc(C#N)cc2)CC1,GTILRIPAVDNTIG-PEIRWHMSSA-N,GTILRIPAVDNTIG-PEIRWHMSSA-N,standardized,0.0,False,2.0,strict_exact,exact_point_estimate,low_or_inactive_>10uM,False,False,IC50,biochemical_binding,False,0.9747724869644119,0.16986190207020538,0.35384616255760193,c1ccc(-c2ccc(OCCCCCN3CCCCCC3)cc2)cc1,True,high
STR-8FD0357B1C250F490F7A,IC50,biochemical_binding,1,1,0,1,1,0,0,3.846490010699162,3.846490010699162,3.846490010699162,142400.0,142400.0,IC50,1,inhibitory_potency,1,biochemical_binding,1,PubChem,132104375,Menin,2023,=,CN1CCC(C2(C3CCCC3)NCCc3ccccc32)CC1,CN1CCC(CC1)C2(C3=CC=CC=C3CCN2)C4CCCC4,CN1CCC(C2(C3CCCC3)NCCc3ccccc32)CC1,CN1CCC(C2(C3CCCC3)NCCc3ccccc32)CC1,ZWNXTDOELFAFON-UHFFFAOYSA-N,ZWNXTDOELFAFON-UHFFFAOYSA-N,standardized,0.0,False,2.0,strict_exact,exact_point_estimate,low_or_inactive_>10uM,False,False,IC50,biochemical_binding,False,0.9293997802791704,0.3681595717536966,0.2931034564971924,O[C@H]1Cc2ccccc2C2(CCC(N3CCN(C4CCCCC4)CC3)CC2)O1,True,high
STR-A723964BC2F481BF1509,IC50,biochemical_binding,1,1,0,1,1,0,0,3.783570169123749,3.783570169123749,3.783570169123749,164600.0,164600.0,IC50,1,inhibitory_potency,1,biochemical_binding,1,PubChem,132104394,Menin,2023,=,CC(C)C(=O)O[C@@H]1CCC[C@H]1C(C#N)(c1ccccc1)C1CCN(CC2CN(c3ccc(S(=O)(=O)c4ccncc4)cc3)C2)CC1,CC(C)C(=O)O[C@@H]1CCC[C@H]1C(C#N)(C2CCN(CC2)CC3CN(C3)C4=CC=C(C=C4)S(=O)(=O)C5=CC=NC=C5)C6=CC=CC=C6,CC(C)C(=O)O[C@@H]1CCC[C@H]1C(C#N)(c1ccccc1)C1CCN(CC2CN(c3ccc(S(=O)(=O)c4ccncc4)cc3)C2)CC1,CC(C)C(=O)O[C@@H]1CCC[C@H]1C(C#N)(c1ccccc1)C1CCN(CC2CN(c3ccc(S(=O)(=O)c4ccncc4)cc3)C2)CC1,ATMCISWSCCZRKA-ANOPSCNCSA-N,ATMCISWSCCZRKA-ANOPSCNCSA-N,standardized,0.0,False,2.0,strict_exact,exact_point_estimate,low_or_inactive_>10uM,False,False,IC50,biochemical_binding,False,0.08045236898327937,0.4037711381465241,0.25999999046325684,CCOC(=O)N1[C@@H]2CC[C@H]1C[C@H](CN1CC[C@H](N3C(=O)Cc4ccccc43)C1)C2,False,low
STR-5DB466958DBD29E03FB2,IC50,biochemical_binding,1,1,0,1,1,0,0,3.7644715530924513,3.7644715530924513,3.7644715530924513,172000.0,172000.0,IC50,1,inhibitory_potency,1,biochemical_binding,1,PubChem,132104160,Menin,2023,=,CN1CCC(C2(C3C=CCCN3)CN(C)Cc3ccccc32)CC1,CN1CCC(CC1)C2(CN(CC3=CC=CC=C32)C)C4C=CCCN4,CN1CCC(C2(C3C=CCCN3)CN(C)Cc3ccccc32)CC1,CN1CCC(C2(C3C=CCCN3)CN(C)Cc3ccccc32)CC1,PIWZTQSKBWYPHL-UHFFFAOYSA-N,PIWZTQSKBWYPHL-UHFFFAOYSA-N,standardized,0.0,False,2.0,strict_exact,exact_point_estimate,low_or_inactive_>10uM,False,False,IC50,biochemical_binding,False,0.471872128690686,0.9977159396928376,0.2238806039094925,O[C@H]1Cc2ccccc2C2(CCC(N3CCN(C4CCCCC4)CC3)CC2)O1,False,medium
STR-345899C1E6A28DAE7335,IC50,biochemical_binding,1,1,0,1,1,0,0,3.743522793758323,3.743522793758323,3.743522793758323,180500.0,180500.0,IC50,1,inhibitory_potency,1,biochemical_binding,1,PubChem,132104801,Menin,2023,=,N#Cc1ccc(OCCCN2CCC(C(C#N)(Cc3ccncc3)c3ccccc3)CC2)cc1,C1CN(CCC1C(CC2=CC=NC=C2)(C#N)C3=CC=CC=C3)CCCOC4=CC=C(C=C4)C#N,N#Cc1ccc(OCCCN2CCC(C(C#N)(Cc3ccncc3)c3ccccc3)CC2)cc1,N#Cc1ccc(OCCCN2CCC(C(C#N)(Cc3ccncc3)c3ccccc3)CC2)cc1,DARBMERHBCMXFD-UHFFFAOYSA-N,DARBMERHBCMXFD-UHFFFAOYSA-N,standardized,0.0,False,2.0,strict_exact,exact_point_estimate,low_or_inactive_>10uM,False,False,IC50,biochemical_binding,False,0.9858300891890592,0.10731511810384466,0.3384615480899811,c1ccc(-c2ccc(OCCCCCN3CCCCCC3)cc2)cc1,True,high
STR-1A86078F0EC509427701,IC50,biochemical_binding,1,1,0,1,1,0,0,3.721246399047171,3.721246399047171,3.721246399047171,190000.0,190000.0,IC50,1,inhibitory_potency,1,biochemical_binding,1,PubChem,132090393,Menin,2023,=,c1ccc(CN2CCC(C3(C4CCCC4)NCCc4ccccc43)CC2)cc1,C1CCC(C1)C2(C3=CC=CC=C3CCN2)C4CCN(CC4)CC5=CC=CC=C5,c1ccc(CN2CCC(C3(C4CCCC4)NCCc4ccccc43)CC2)cc1,c1ccc(CN2CCC(C3(C4CCCC4)NCCc4ccccc43)CC2)cc1,KPDOPSNYKNQJKW-UHFFFAOYSA-N,KPDOPSNYKNQJKW-UHFFFAOYSA-N,standardized,0.0,False,2.0,strict_exact,exact_point_estimate,low_or_inactive_>10uM,False,False,IC50,biochemical_binding,False,0.9837769705291691,0.11967309856847122,0.2839506268501282,CCC(=O)N(CC1(C2CCN(Cc3ccccc3)CC2)CCOCC1)c1cccc(C(F)(F)F)n1,True,high
STR-7D5339DF90BF6BBC7650,IC50,biochemical_binding,2,2,0,1,2,0,0,3.668621084159213,3.6989700043360183,3.638272163982407,215000.0,200000.0,IC50,1,inhibitory_potency,1,biochemical_binding,1,PubChem,737186,Menin,2023,=,NC(=O)Cc1nc(-c2ccc(F)cc2)cs1,C1=CC(=CC=C1C2=CSC(=N2)CC(=O)N)F,NC(=O)Cc1nc(-c2ccc(F)cc2)cs1,NC(=O)Cc1nc(-c2ccc(F)cc2)cs1,GXDBXDJTVFKURZ-UHFFFAOYSA-N,GXDBXDJTVFKURZ-UHFFFAOYSA-N,standardized,0.0606978403536118,False,2.0,strict_exact,exact_point_estimate,low_or_inactive_>10uM,False,False,IC50,biochemical_binding,False,0.42829671031983685,0.9851138953488066,0.3037974536418915,CCc1nc2ccc(C3CCN(CC(=O)N4CC(O)C4)CC3)cn2c1N(C)c1nc(-c2ccc(F)cc2)cs1,True,medium
STR-E8E0B83CF4A1DDD8AEEB,IC50,biochemical_binding,1,1,0,1,1,0,0,3.638272163982407,3.638272163982407,3.638272163982407,230000.0,230000.0,IC50,1,inhibitory_potency,1,biochemical_binding,1,PubChem,3138788,Menin,2023,=,O=C1CC(c2ccc3c(c2)OCO3)CC2=C1C(c1ccncc1)Nc1ccccc1N2,C1C(CC(=O)C2=C1NC3=CC=CC=C3NC2C4=CC=NC=C4)C5=CC6=C(C=C5)OCO6,O=C1CC(c2ccc3c(c2)OCO3)CC2=C1C(c1ccncc1)Nc1ccccc1N2,O=C1CC(c2ccc3c(c2)OCO3)CC2=C1C(c1ccncc1)Nc1ccccc1N2,MJWAXLKABQMJOB-UHFFFAOYSA-N,MJWAXLKABQMJOB-UHFFFAOYSA-N,standardized,0.0,False,2.0,strict_exact,exact_point_estimate,low_or_inactive_>10uM,False,False,IC50,biochemical_binding,False,0.9865505758760714,0.10287815988865116,0.2926829159259796,CN1CC(=O)N2[C@H](c3ccc4c(c3)OCO4)c3[nH]c4ccccc4c3C[C@@H]2C1=O,True,high
STR-4B497AB49DA0E85C14C0,IC50,biochemical_binding,2,2,0,1,2,0,0,3.612741517135725,3.769551078621726,3.4559319556497243,260000.0,170000.0,IC50,1,inhibitory_potency,1,biochemical_binding,1,PubChem,762810,Menin,2023,=,CCc1cc2c(N3CCN(C)CC3)ncnc2s1,CCC1=CC2=C(N=CN=C2S1)N3CCN(CC3)C,CCc1cc2c(N3CCN(C)CC3)ncnc2s1,CCc1cc2c(N3CCN(C)CC3)ncnc2s1,ZAYUCMVNISSUTM-UHFFFAOYSA-N,ZAYUCMVNISSUTM-UHFFFAOYSA-N,standardized,0.3136191229720015,False,2.0,strict_exact,exact_point_estimate,low_or_inactive_>10uM,False,False,IC50,biochemical_binding,False,0.9160313470900369,0.4160108921813702,0.2857142984867096,CN1CCCN(c2nccc3[nH]c(-c4cc(F)cc(F)c4)nc23)CC1,True,high
STR-73FF471D050BDA8F68BB,IC50,biochemical_binding,1,1,0,1,1,0,0,3.6020599913279625,3.6020599913279625,3.6020599913279625,250000.0,250000.0,IC50,1,inhibitory_potency,1,biochemical_binding,1,PubChem,830961,Menin,2023,=,CCc1cc2c(N3CCN(c4ncccn4)CC3)ncnc2s1,CCC1=CC2=C(N=CN=C2S1)N3CCN(CC3)C4=NC=CC=N4,CCc1cc2c(N3CCN(c4ncccn4)CC3)ncnc2s1,CCc1cc2c(N3CCN(c4ncccn4)CC3)ncnc2s1,HSOAGWHNYSIYIJ-UHFFFAOYSA-N,HSOAGWHNYSIYIJ-UHFFFAOYSA-N,standardized,0.0,False,2.0,strict_exact,exact_point_estimate,low_or_inactive_>10uM,False,False,IC50,biochemical_binding,False,0.8021699527069442,0.7175669027680558,0.21739129722118378,c1ccc(-n2c(-c3cnc(N4CCOCC4)nc3)cc3ccncc32)cc1,False,high
STR-FFDAE7251C4FD9100A8F,IC50,biochemical_binding,1,1,0,1,1,0,0,3.6020599913279625,3.6020599913279625,3.6020599913279625,250000.0,250000.0,IC50,1,inhibitory_potency,1,biochemical_binding,1,PubChem,42957414,Menin,2023,=,Cc1csc(N2CCN(c3nc(CN4CCOCC4)nc4sc5c(c34)CCC(C)C5)CC2)n1,CC1CCC2=C(C1)SC3=NC(=NC(=C23)N4CCN(CC4)C5=NC(=CS5)C)CN6CCOCC6,Cc1csc(N2CCN(c3nc(CN4CCOCC4)nc4sc5c(c34)CCC(C)C5)CC2)n1,Cc1csc(N2CCN(c3nc(CN4CCOCC4)nc4sc5c(c34)CCC(C)C5)CC2)n1,SVFXTPMOKNXMBF-UHFFFAOYSA-N,SVFXTPMOKNXMBF-UHFFFAOYSA-N,standardized,0.0,False,2.0,strict_exact,exact_point_estimate,low_or_inactive_>10uM,False,False,IC50,biochemical_binding,False,0.30307472891238707,0.8850170132866817,0.23000000417232513,CS(=O)(=O)N1CCN(Cc2cc3nc(-c4cccc5[nH]ncc45)nc(N4CCOCC4)c3s2)CC1,False,medium
STR-1A6476E5CBA3E8CA3747,IC50,biochemical_binding,1,1,0,1,1,0,0,3.531800413927387,3.531800413927387,3.531800413927387,293900.0,293900.0,IC50,1,inhibitory_potency,1,biochemical_binding,1,PubChem,138618552,Menin,2023,=,CC(COc1ccc(C#N)cc1)CN1CCC(C(C#N)(c2ccccc2)C2CCCC2)CC1,CC(CN1CCC(CC1)C(C#N)(C2CCCC2)C3=CC=CC=C3)COC4=CC=C(C=C4)C#N,CC(COc1ccc(C#N)cc1)CN1CCC(C(C#N)(c2ccccc2)C2CCCC2)CC1,CC(COc1ccc(C#N)cc1)CN1CCC(C(C#N)(c2ccccc2)C2CCCC2)CC1,DPLSHLRQENQXPM-UHFFFAOYSA-N,DPLSHLRQENQXPM-UHFFFAOYSA-N,standardized,0.0,False,2.0,strict_exact,exact_point_estimate,low_or_inactive_>10uM,False,False,IC50,biochemical_binding,False,0.9590532049592755,0.24661649532950572,0.3037974536418915,C[C@H](COc1ccc(C2=NNC(=O)C3CC23)cc1)CN1CCC[C@H]1C,True,high
STR-146E181369D6F6CAEBB4,IC50,biochemical_binding,1,1,0,1,1,0,0,3.5247647773958715,3.5247647773958715,3.5247647773958715,298700.0,298700.0,IC50,1,inhibitory_potency,1,biochemical_binding,1,PubChem,132104587,Menin,2023,=,c1ccc2c(c1)CCNC2(CC1CCNCC1)C1CCCC1,C1CCC(C1)C2(C3=CC=CC=C3CCN2)CC4CCNCC4,c1ccc2c(c1)CCNC2(CC1CCNCC1)C1CCCC1,c1ccc2c(c1)CCNC2(CC1CCNCC1)C1CCCC1,GVKRXKPXJFHFQP-UHFFFAOYSA-N,GVKRXKPXJFHFQP-UHFFFAOYSA-N,standardized,0.0,False,2.0,strict_exact,exact_point_estimate,low_or_inactive_>10uM,False,False,IC50,biochemical_binding,False,0.9708797774867692,0.1899604463888472,0.26229506731033325,O[C@H]1Cc2ccccc2C2(CCC(N3CCN(C4CCCCC4)CC3)CC2)O1,True,high
STR-5255CAA0D8BB98E85D76,IC50,biochemical_binding,1,1,0,1,1,0,0,3.42021640338319,3.42021640338319,3.42021640338319,380000.0,380000.0,IC50,1,inhibitory_potency,1,biochemical_binding,1,PubChem,2774349,Menin,2023,=,Cc1nn(-c2ccccc2)nc1C(N)=O,CC1=NN(N=C1C(=O)N)C2=CC=CC=C2,Cc1nn(-c2ccccc2)nc1C(N)=O,Cc1nn(-c2ccccc2)nc1C(N)=O,IHPOVUXVIZRYAC-UHFFFAOYSA-N,IHPOVUXVIZRYAC-UHFFFAOYSA-N,standardized,0.0,False,2.0,strict_exact,exact_point_estimate,low_or_inactive_>10uM,False,False,IC50,biochemical_binding,False,0.059628870770150444,0.3259699097387969,0.2711864411830902,Cc1c(O[C@H]2C[C@H]3CC[C@@H](C2)N3Cc2ccccc2)cccc1C(N)=O,True,low
STR-D41A5C57D5FA03036814,IC50,biochemical_binding,1,1,0,1,1,0,0,3.314079207805465,3.314079207805465,3.314079207805465,485200.0,485200.0,IC50,1,inhibitory_potency,1,biochemical_binding,1,PubChem,132104440,Menin,2023,=,CO[C@@H]1CCC[C@H]1C1(C2CCN(CCCOc3ccc(C(=O)O)cc3)CC2)CNCc2ccccc21,CO[C@@H]1CCC[C@H]1C2(CNCC3=CC=CC=C32)C4CCN(CC4)CCCOC5=CC=C(C=C5)C(=O)O,CO[C@@H]1CCC[C@H]1C1(C2CCN(CCCOc3ccc(C(=O)O)cc3)CC2)CNCc2ccccc21,CO[C@@H]1CCC[C@H]1C1(C2CCN(CCCOc3ccc(C(=O)O)cc3)CC2)CNCc2ccccc21,YBJXBORFFTXBGD-QWKOWPTQSA-N,YBJXBORFFTXBGD-QWKOWPTQSA-N,standardized,0.0,False,2.0,strict_exact,exact_point_estimate,low_or_inactive_>10uM,False,False,IC50,biochemical_binding,False,0.7172581344838586,0.8591599481755013,0.30927833914756775,O=C(c1ccc(F)cc1F)C1CCN(CCCOc2ccc(-c3nc4ccccc4o3)cc2)CC1,True,high
STR-DE59B5A419C718336B67,IC50,biochemical_binding,1,1,0,1,1,0,0,3.3010299956639813,3.3010299956639813,3.3010299956639813,500000.0,500000.0,IC50,1,inhibitory_potency,1,biochemical_binding,1,PubChem,2142791,Menin,2023,=,CN1CCN(c2ncnc3oc(-c4ccccc4)c(-c4ccccc4)c23)CC1,CN1CCN(CC1)C2=C3C(=C(OC3=NC=N2)C4=CC=CC=C4)C5=CC=CC=C5,CN1CCN(c2ncnc3oc(-c4ccccc4)c(-c4ccccc4)c23)CC1,CN1CCN(c2ncnc3oc(-c4ccccc4)c(-c4ccccc4)c23)CC1,OLPKXXCSCHAUBL-UHFFFAOYSA-N,OLPKXXCSCHAUBL-UHFFFAOYSA-N,standardized,0.0,False,2.0,strict_exact,exact_point_estimate,low_or_inactive_>10uM,False,False,IC50,biochemical_binding,False,0.9208965819351255,0.3990121226219798,0.27272728085517883,CN1CCCN(c2nccc3[nH]c(-c4cc(F)cc(F)c4)nc23)CC1,True,high
STR-F13F9B9A1C2D18490852,IC50,biochemical_binding,1,1,0,1,1,0,0,3.2924298239020633,3.2924298239020633,3.2924298239020633,510000.0,510000.0,IC50,1,inhibitory_potency,1,biochemical_binding,1,PubChem,2795556,Menin,2023,=,OCc1ccc(-c2ccncc2)cc1,C1=CC(=CC=C1CO)C2=CC=NC=C2,OCc1ccc(-c2ccncc2)cc1,OCc1ccc(-c2ccncc2)cc1,JTQRRRUVWBLIFL-UHFFFAOYSA-N,JTQRRRUVWBLIFL-UHFFFAOYSA-N,standardized,0.0,False,2.0,strict_exact,exact_point_estimate,low_or_inactive_>10uM,False,False,IC50,biochemical_binding,False,0.5368542443402875,0.9960774048763407,0.25925925374031067,CCC(CC)CNc1c(C(N)=O)cnc2ccc(-c3ccncc3)cc12,False,medium
STR-4E85A23F835ECEAE6207,IC50,biochemical_binding,1,1,0,1,1,0,0,3.267606240177032,3.267606240177032,3.267606240177032,540000.0,540000.0,IC50,1,inhibitory_potency,1,biochemical_binding,1,PubChem,4304615,Menin,2023,=,c1nc(N2CCNCC2)c2c3c(sc2n1)CCCC3,C1CCC2=C(C1)C3=C(N=CN=C3S2)N4CCNCC4,c1nc(N2CCNCC2)c2c3c(sc2n1)CCCC3,c1nc(N2CCNCC2)c2c3c(sc2n1)CCCC3,BSHUTAUVQRSTAN-UHFFFAOYSA-N,BSHUTAUVQRSTAN-UHFFFAOYSA-N,standardized,0.0,False,2.0,strict_exact,exact_point_estimate,low_or_inactive_>10uM,False,False,IC50,biochemical_binding,False,0.8232572993243651,0.6728991903215655,0.2539682686328888,Fc1ccc(-c2nc3c(N4CCNCC4)nccc3[nH]2)cc1F,False,high
STR-787A0E4100519807DE55,IC50,biochemical_binding,1,1,0,1,1,0,0,3.2400301424456925,3.2400301424456925,3.2400301424456925,575400.0,575400.0,IC50,1,inhibitory_potency,1,biochemical_binding,1,PubChem,132104289,Menin,2023,=,N#Cc1ccc(N2CC(CN3CCC(C4(C5CCCC5)NCCc5ccccc54)CC3)C2)nc1,C1CCC(C1)C2(C3=CC=CC=C3CCN2)C4CCN(CC4)CC5CN(C5)C6=NC=C(C=C6)C#N,N#Cc1ccc(N2CC(CN3CCC(C4(C5CCCC5)NCCc5ccccc54)CC3)C2)nc1,N#Cc1ccc(N2CC(CN3CCC(C4(C5CCCC5)NCCc5ccccc54)CC3)C2)nc1,YQLGLXRCPMUEIU-UHFFFAOYSA-N,YQLGLXRCPMUEIU-UHFFFAOYSA-N,standardized,0.0,False,2.0,strict_exact,exact_point_estimate,low_or_inactive_>10uM,False,False,IC50,biochemical_binding,False,0.9876768303709367,0.09582807030080578,0.2947368323802948,Cc1c([C@@H](O)CN2CCC3(CC2)CCN(c2ccc(C#N)cn2)C3)ccc2c1COC2=O,True,high
STR-D9F5F3A7160FCDC4FC6B,IC50,biochemical_binding,1,1,0,1,1,0,0,3.214812579970638,3.214812579970638,3.214812579970638,609800.0,609800.0,IC50,1,inhibitory_potency,1,biochemical_binding,1,PubChem,132104377,Menin,2023,=,c1ccc2c(c1)CCNC2(C1CCCC1)C1CCNCC1,C1CCC(C1)C2(C3=CC=CC=C3CCN2)C4CCNCC4,c1ccc2c(c1)CCNC2(C1CCCC1)C1CCNCC1,c1ccc2c(c1)CCNC2(C1CCCC1)C1CCNCC1,HPOVPIFHCOFHIW-UHFFFAOYSA-N,HPOVPIFHCOFHIW-UHFFFAOYSA-N,standardized,0.0,False,2.0,strict_exact,exact_point_estimate,low_or_inactive_>10uM,False,False,IC50,biochemical_binding,False,0.917994741620267,0.40920572915752507,0.2857142984867096,O[C@H]1Cc2ccccc2C2(CCC(N3CCN(C4CCCCC4)CC3)CC2)O1,True,high
STR-380D6B8618081351E103,IC50,biochemical_binding,1,1,0,1,1,0,0,3.0809219076239263,3.0809219076239263,3.0809219076239263,830000.0,830000.0,IC50,1,inhibitory_potency,1,biochemical_binding,1,PubChem,16369768,Menin,2023,=,CCCC(=O)Nc1ccc(-c2nc(CC(N)=O)sc2C)cc1,CCCC(=O)NC1=CC=C(C=C1)C2=C(SC(=N2)CC(=O)N)C,CCCC(=O)Nc1ccc(-c2nc(CC(N)=O)sc2C)cc1,CCCC(=O)Nc1ccc(-c2nc(CC(N)=O)sc2C)cc1,GCQBRBAAQQEUFP-UHFFFAOYSA-N,GCQBRBAAQQEUFP-UHFFFAOYSA-N,standardized,0.0,False,2.0,strict_exact,exact_point_estimate,low_or_inactive_>10uM,False,False,IC50,biochemical_binding,False,0.31688303865160267,0.9009596154679103,0.25,CC[N+]1(C)Cc2sc(NC(=O)Nc3ccc(Cl)cc3)c(C(N)=O)c2C1,False,medium
STR-A03DAF6611859C5C8983,IC50,biochemical_binding,1,1,0,1,1,0,0,3.034737135044418,3.034737135044418,3.034737135044418,923130.0,923130.0,IC50,1,inhibitory_potency,1,biochemical_binding,1,PubChem,132104476,Menin,2023,=,CC(=O)O[C@@H]1CCC[C@H]1C(C#N)(c1cccc(C(F)(F)F)c1)C1CCN(CC2CN(c3ccc(C#N)cc3)C2)CC1,CC(=O)O[C@@H]1CCC[C@H]1C(C#N)(C2CCN(CC2)CC3CN(C3)C4=CC=C(C=C4)C#N)C5=CC(=CC=C5)C(F)(F)F,CC(=O)O[C@@H]1CCC[C@H]1C(C#N)(c1cccc(C(F)(F)F)c1)C1CCN(CC2CN(c3ccc(C#N)cc3)C2)CC1,CC(=O)O[C@@H]1CCC[C@H]1C(C#N)(c1cccc(C(F)(F)F)c1)C1CCN(CC2CN(c3ccc(C#N)cc3)C2)CC1,IQANJWWWYDKCSR-KCUXUGRMSA-N,IQANJWWWYDKCSR-KCUXUGRMSA-N,standardized,0.0,False,2.0,strict_exact,exact_point_estimate,low_or_inactive_>10uM,False,False,IC50,biochemical_binding,False,0.7485286289618301,0.8136018743346763,0.27835050225257874,CC(Oc1ccc(S(C)(=O)=O)cc1C(=O)N1CCN(c2ccc(C#N)cc2)CC1)C(F)(F)F,True,high
STR-3E739B082DA4CF7390FB,IC50,biochemical_binding,1,1,0,1,1,0,0,2.9746941347352296,2.9746941347352296,2.9746941347352296,1060000.0,1060000.0,IC50,1,inhibitory_potency,1,biochemical_binding,1,PubChem,9232868,Menin,2023,=,O=C(Cc1nc(-c2ccc(Cl)cc2)cs1)NCc1ccccc1,C1=CC=C(C=C1)CNC(=O)CC2=NC(=CS2)C3=CC=C(C=C3)Cl,O=C(Cc1nc(-c2ccc(Cl)cc2)cs1)NCc1ccccc1,O=C(Cc1nc(-c2ccc(Cl)cc2)cs1)NCc1ccccc1,RAZJKKWDVSCABG-UHFFFAOYSA-N,RAZJKKWDVSCABG-UHFFFAOYSA-N,standardized,0.0,False,2.0,strict_exact,exact_point_estimate,low_or_inactive_>10uM,False,False,IC50,biochemical_binding,False,0.4445501201953492,0.9911100472069239,0.30909091234207153,O=C(Cc1ccccc1)NCCN(c1ccccc1)c1ccccc1,True,medium
STR-161DEB8746E0069E7832,IC50,biochemical_binding,1,1,0,1,1,0,0,2.920818753952375,2.920818753952375,2.920818753952375,1200000.0,1200000.0,IC50,1,inhibitory_potency,1,biochemical_binding,1,PubChem,16369762,Menin,2023,=,Cc1cc(C)c(-c2csc(CC(N)=O)n2)cc1C,CC1=CC(=C(C=C1C)C2=CSC(=N2)CC(=O)N)C,Cc1cc(C)c(-c2csc(CC(N)=O)n2)cc1C,Cc1cc(C)c(-c2csc(CC(N)=O)n2)cc1C,GSIBSMJFTKMTCI-UHFFFAOYSA-N,GSIBSMJFTKMTCI-UHFFFAOYSA-N,standardized,0.0,False,2.0,strict_exact,exact_point_estimate,low_or_inactive_>10uM,False,False,IC50,biochemical_binding,False,0.4797772580972959,0.9988196709933335,0.20588235557079315,CCC(CC)CNc1c(C(N)=O)cnc2ccc(-c3ccncc3)cc12,False,medium
STR-1208A8B445C263EA876B,IC50,biochemical_binding,1,1,0,1,1,0,0,2.850165303284215,2.850165303284215,2.850165303284215,1412000.0,1412000.0,IC50,1,inhibitory_potency,1,biochemical_binding,1,PubChem,132104159,Menin,2023,=,CN1CCC(C2(C3CCCCN3)CN(C)Cc3ccccc32)CC1,CN1CCC(CC1)C2(CN(CC3=CC=CC=C32)C)C4CCCCN4,CN1CCC(C2(C3CCCCN3)CN(C)Cc3ccccc32)CC1,CN1CCC(C2(C3CCCCN3)CN(C)Cc3ccccc32)CC1,UOBRZYAQUQWRDR-UHFFFAOYSA-N,UOBRZYAQUQWRDR-UHFFFAOYSA-N,standardized,0.0,False,2.0,strict_exact,exact_point_estimate,low_or_inactive_>10uM,False,False,IC50,biochemical_binding,False,0.7693968113947104,0.7790613157141163,0.2698412835597992,O[C@H]1Cc2ccccc2C2(CCC(N3CCN(C4CCCCC4)CC3)CC2)O1,True,high
STR-17FFA0BF8D560B02685C,IC50,biochemical_binding,1,1,0,1,1,0,0,2.721246399047171,2.721246399047171,2.721246399047171,1900000.0,1900000.0,IC50,1,inhibitory_potency,1,biochemical_binding,1,PubChem,51001637,Menin,2023,=,COC(=O)Cc1nc(C2CCCCC2)cs1,COC(=O)CC1=NC(=CS1)C2CCCCC2,COC(=O)Cc1nc(C2CCCCC2)cs1,COC(=O)Cc1nc(C2CCCCC2)cs1,ATWLLBLEYULTQR-UHFFFAOYSA-N,ATWLLBLEYULTQR-UHFFFAOYSA-N,standardized,0.0,False,2.0,strict_exact,exact_point_estimate,low_or_inactive_>10uM,False,False,IC50,biochemical_binding,False,0.6659152715210669,0.9190453971771444,0.2647058963775635,COCC(C)(C)C(=O)NCCN1CCC(c2cccc(C)n2)CC1,True,medium
STR-FB00B532B01AA27CD41B,IC50,biochemical_binding,1,1,0,1,1,0,0,2.6989700043360187,2.6989700043360187,2.6989700043360187,2000000.0,2000000.0,IC50,1,inhibitory_potency,1,biochemical_binding,1,PubChem,712446,Menin,2023,=,NC(=O)Cc1nc(-c2ccccc2)cs1,C1=CC=C(C=C1)C2=CSC(=N2)CC(=O)N,NC(=O)Cc1nc(-c2ccccc2)cs1,NC(=O)Cc1nc(-c2ccccc2)cs1,MITSOTISLAVGFW-UHFFFAOYSA-N,MITSOTISLAVGFW-UHFFFAOYSA-N,standardized,0.0,False,2.0,strict_exact,exact_point_estimate,low_or_inactive_>10uM,False,False,IC50,biochemical_binding,False,0.30306969803241096,0.8850109694511543,0.2542372941970825,c1ccc(-c2nnc(CN3CCN(Cc4nc5ccccc5s4)CC3)o2)cc1,False,medium
STR-B22B1045ECF10A2BE02D,IC50,biochemical_binding,1,1,0,1,1,0,0,2.588211995456131,2.588211995456131,2.588211995456131,2581000.0,2581000.0,IC50,1,inhibitory_potency,1,biochemical_binding,1,PubChem,132104740,Menin,2023,=,N#Cc1ccc(-c2ccc(N3CCC(C4(C5CCCC5)NCCc5ccccc54)CC3)cc2)cc1,C1CCC(C1)C2(C3=CC=CC=C3CCN2)C4CCN(CC4)C5=CC=C(C=C5)C6=CC=C(C=C6)C#N,N#Cc1ccc(-c2ccc(N3CCC(C4(C5CCCC5)NCCc5ccccc54)CC3)cc2)cc1,N#Cc1ccc(-c2ccc(N3CCC(C4(C5CCCC5)NCCc5ccccc54)CC3)cc2)cc1,NGQPDDSBHYTAQC-UHFFFAOYSA-N,NGQPDDSBHYTAQC-UHFFFAOYSA-N,standardized,0.0,False,2.0,strict_exact,exact_point_estimate,low_or_inactive_>10uM,False,False,IC50,biochemical_binding,False,0.9881815051903404,0.09262090440135792,0.2702702581882477,N#Cc1ccc(-c2ccc(C[C@@H](C#N)NC(=O)[C@@H]3CCCCN3)cc2)cc1,True,high
STR-BBDEE229539FC0F65C83,IC50,biochemical_binding,1,1,0,1,1,0,0,2.5238932831598087,2.5238932831598087,2.5238932831598087,2993000.0,2993000.0,IC50,1,inhibitory_potency,1,biochemical_binding,1,PubChem,132104157,Menin,2023,=,c1ccc(CN2CCC(C3(c4ccccn4)CNCc4ccccc43)CC2)cc1,C1CN(CCC1C2(CNCC3=CC=CC=C32)C4=CC=CC=N4)CC5=CC=CC=C5,c1ccc(CN2CCC(C3(c4ccccn4)CNCc4ccccc43)CC2)cc1,c1ccc(CN2CCC(C3(c4ccccn4)CNCc4ccccc43)CC2)cc1,RMBUVTDRTQCMER-UHFFFAOYSA-N,RMBUVTDRTQCMER-UHFFFAOYSA-N,standardized,0.0,False,2.0,strict_exact,exact_point_estimate,low_or_inactive_>10uM,False,False,IC50,biochemical_binding,False,0.9454295296368231,0.3055035141550135,0.2857142984867096,CCC(=O)N(CC1(C2CCN(Cc3ccccc3)CC2)CCOCC1)c1cccc(C(F)(F)F)n1,True,high
