structure_id,endpoint,assay_family,n_measurements,n_source_rows,n_cross_source_mirror_rows_collapsed,n_sources,n_exact_measurements,n_censored_measurements,n_approximate_measurements,p_activity_median,p_activity_best,p_activity_min,value_nm_median,value_nm_best,endpoints,n_endpoints,endpoint_families,n_endpoint_families,assay_families,n_assay_families,sources,compound_ids,target_names,document_years,relations,smiles,original_smiles,canonical_smiles,standardized_smiles,inchi_key,standard_inchi_key,structure_standardization_status,activity_range_log10,is_activity_heterogeneous,heterogeneity_log_spread_threshold,censoring_policy,aggregation_value_semantics,potency_class,active_100nM,active_1uM,scored_menin_endpoint,scored_menin_assay_family,has_observed_primary_herg_record,predicted_herg_blocker_probability,predicted_herg_probability_entropy_bits,herg_max_training_tanimoto,herg_nearest_training_smiles,herg_inside_applicability_domain,predicted_herg_risk
STR-34DA364C524542BAF54B,IC50,biochemical_binding,1,1,0,1,1,0,0,9.0,9.0,9.0,1.0,1.0,IC50,1,inhibitory_potency,1,biochemical_binding,1,ChEMBL,CHEMBL4530300,Menin,2020,=,COC(=O)N[C@H]1CCC[C@@H]1[C@](CN1CCC1)(c1cccc(F)c1)C1CCN(CC2CN(c3ccc(S(=O)(=O)C4CN(C(=O)/C=C/CN5CC(F)(F)C5)C4)cc3)C2)CC1,COC(=O)N[C@H]1CCC[C@@H]1[C@](CN1CCC1)(c1cccc(F)c1)C1CCN(CC2CN(c3ccc(S(=O)(=O)C4CN(C(=O)/C=C/CN5CC(F)(F)C5)C4)cc3)C2)CC1,COC(=O)N[C@H]1CCC[C@@H]1[C@](CN1CCC1)(c1cccc(F)c1)C1CCN(CC2CN(c3ccc(S(=O)(=O)C4CN(C(=O)/C=C/CN5CC(F)(F)C5)C4)cc3)C2)CC1,COC(=O)N[C@H]1CCC[C@@H]1[C@](CN1CCC1)(c1cccc(F)c1)C1CCN(CC2CN(c3ccc(S(=O)(=O)C4CN(C(=O)/C=C/CN5CC(F)(F)C5)C4)cc3)C2)CC1,LAHJBSUOBULURD-HHKHNSFJSA-N,LAHJBSUOBULURD-HHKHNSFJSA-N,standardized,0.0,False,2.0,strict_exact,exact_point_estimate,high_potency_<=100nM,True,True,IC50,biochemical_binding,False,0.9005774967142686,0.46716229471624904,0.2454545497894287,O=C(CN1CCC(S(=O)(=O)c2ccccc2)CC1)c1ccc(F)cc1F,True,high
STR-34FE1D5BDCFE7B2EB7FE,IC50,biochemical_binding,1,1,0,1,1,0,0,9.0,9.0,9.0,1.0,1.0,IC50,1,inhibitory_potency,1,biochemical_binding,1,ChEMBL,CHEMBL4211366,Menin,2018,=,O=c1cccc2n1[C@@H]1C[C@H](C2)CN(CC(O)CCCc2ccccc2)C1,O=c1cccc2n1[C@@H]1C[C@H](C2)CN(CC(O)CCCc2ccccc2)C1,O=c1cccc2n1[C@@H]1C[C@H](C2)CN(CC(O)CCCc2ccccc2)C1,O=c1cccc2n1[C@@H]1C[C@H](C2)CN(CC(O)CCCc2ccccc2)C1,MCMLLYNXDSNKTO-PALXJHBUSA-N,MCMLLYNXDSNKTO-PALXJHBUSA-N,standardized,0.0,False,2.0,strict_exact,exact_point_estimate,high_potency_<=100nM,True,True,IC50,biochemical_binding,False,0.9192792046082636,0.40471387929534963,0.3283582031726837,Oc1cccc(N2[C@@H]3CC[C@H]2CN(CCCc2ccccc2)C3)c1,True,high
STR-BB3373616F96D1625E90,IC50,biochemical_binding,1,2,1,2,1,0,0,9.0,9.0,9.0,1.0,1.0,IC50,1,inhibitory_potency,1,biochemical_binding,1,ChEMBL;PubChem,CHEMBL6053681,Menin,2021,=,CCc1nccn1C[C@@](c1cccc(F)c1)(C1CCN(CC2(F)CN(c3ccc(S(=O)(=O)C4CN(C(=O)/C=C/CN(C)C)C4)cc3)C2)CC1)[C@H]1CCC[C@@H]1NC(=O)OC,CCc1nccn1C[C@@](c1cccc(F)c1)(C1CCN(CC2(F)CN(c3ccc(S(=O)(=O)C4CN(C(=O)/C=C/CN(C)C)C4)cc3)C2)CC1)[C@H]1CCC[C@@H]1NC(=O)OC,CCc1nccn1C[C@@](c1cccc(F)c1)(C1CCN(CC2(F)CN(c3ccc(S(=O)(=O)C4CN(C(=O)/C=C/CN(C)C)C4)cc3)C2)CC1)[C@H]1CCC[C@@H]1NC(=O)OC,CCc1nccn1C[C@@](c1cccc(F)c1)(C1CCN(CC2(F)CN(c3ccc(S(=O)(=O)C4CN(C(=O)/C=C/CN(C)C)C4)cc3)C2)CC1)[C@H]1CCC[C@@H]1NC(=O)OC,BCTIJYSCGDNKEE-OKOZNKHASA-N,BCTIJYSCGDNKEE-OKOZNKHASA-N,standardized,0.0,False,2.0,strict_exact,exact_point_estimate,high_potency_<=100nM,True,True,IC50,biochemical_binding,False,0.9031591880835176,0.4589004501075985,0.29411765933036804,CN(C)C/C=C/C(=O)N1CCN(c2cnc3cc(C(F)(F)F)cc(NCc4cccc([N+](=O)[O-])c4)c3c2)CC1,True,high
STR-4A902F7AC5A334C3F331,IC50,biochemical_binding,1,1,0,1,1,0,0,8.769551078621726,8.769551078621726,8.769551078621726,1.7,1.7,IC50,1,inhibitory_potency,1,biochemical_binding,1,ChEMBL,CHEMBL5076146,Menin,2021,=,COC(=O)N[C@H]1CCC[C@@H]1[C@](CN(C)C)(c1cccc(F)c1)C1CCN(CC2CN(c3ccc(S(=O)(=O)C4CC4)cc3)C2)CC1,COC(=O)N[C@H]1CCC[C@@H]1[C@](CN(C)C)(c1cccc(F)c1)C1CCN(CC2CN(c3ccc(S(=O)(=O)C4CC4)cc3)C2)CC1,COC(=O)N[C@H]1CCC[C@@H]1[C@](CN(C)C)(c1cccc(F)c1)C1CCN(CC2CN(c3ccc(S(=O)(=O)C4CC4)cc3)C2)CC1,COC(=O)N[C@H]1CCC[C@@H]1[C@](CN(C)C)(c1cccc(F)c1)C1CCN(CC2CN(c3ccc(S(=O)(=O)C4CC4)cc3)C2)CC1,REIRIUGWHFIUEL-BVPJJHLOSA-N,REIRIUGWHFIUEL-BVPJJHLOSA-N,standardized,0.0,False,2.0,strict_exact,exact_point_estimate,high_potency_<=100nM,True,True,IC50,biochemical_binding,False,0.9169910678717598,0.4126936115881636,0.3076923191547394,O=C(CN1CCC(S(=O)(=O)c2ccccc2)CC1)c1ccc(F)cc1F,True,high
STR-BD5E8CD3F04E20EF2036,IC50,biochemical_binding,2,3,1,2,2,0,0,8.734260541478871,8.769551078621726,8.698970004336019,1.85,1.7,IC50,1,inhibitory_potency,1,biochemical_binding,1,ChEMBL;PubChem,CHEMBL4457657,Menin,2020;2021,=,CCc1nccn1C[C@@](c1cccc(F)c1)(C1CCN(CC2CN(c3ccc(S(=O)(=O)C4CN(C(=O)/C=C/CN(C)C)C4)cc3)C2)CC1)[C@H]1CCC[C@@H]1NC(=O)OC,CCc1nccn1C[C@@](c1cccc(F)c1)(C1CCN(CC2CN(c3ccc(S(=O)(=O)C4CN(C(=O)/C=C/CN(C)C)C4)cc3)C2)CC1)[C@H]1CCC[C@@H]1NC(=O)OC,CCc1nccn1C[C@@](c1cccc(F)c1)(C1CCN(CC2CN(c3ccc(S(=O)(=O)C4CN(C(=O)/C=C/CN(C)C)C4)cc3)C2)CC1)[C@H]1CCC[C@@H]1NC(=O)OC,CCc1nccn1C[C@@](c1cccc(F)c1)(C1CCN(CC2CN(c3ccc(S(=O)(=O)C4CN(C(=O)/C=C/CN(C)C)C4)cc3)C2)CC1)[C@H]1CCC[C@@H]1NC(=O)OC,VTXKKSADZLUBMC-RXLAIJPWSA-N,VTXKKSADZLUBMC-RXLAIJPWSA-N,standardized,0.0705810742857071,False,2.0,strict_exact,exact_point_estimate,high_potency_<=100nM,True,True,IC50,biochemical_binding,False,0.8992045756538519,0.471511969942305,0.31060606241226196,CN(C)C/C=C/C(=O)N1CCN(c2cnc3cc(C(F)(F)F)cc(NCc4cccc([N+](=O)[O-])c4)c3c2)CC1,True,high
STR-0AF48A7398AE4A10DB6D,IC50,biochemical_binding,1,2,1,2,1,0,0,8.698970004336019,8.698970004336019,8.698970004336019,2.0,2.0,IC50,1,inhibitory_potency,1,biochemical_binding,1,ChEMBL;PubChem,CHEMBL5864844,Menin,2021,=,COC(=O)N[C@H]1CCC[C@@H]1[C@](C#N)(c1cccc(F)c1)C1CCN(CC2CN(c3ccc(S(=O)(=O)c4cccc(NC(=O)/C=C/CN(C)C)c4)cc3)C2)CC1,COC(=O)N[C@H]1CCC[C@@H]1[C@](C#N)(c1cccc(F)c1)C1CCN(CC2CN(c3ccc(S(=O)(=O)c4cccc(NC(=O)/C=C/CN(C)C)c4)cc3)C2)CC1,COC(=O)N[C@H]1CCC[C@@H]1[C@](C#N)(c1cccc(F)c1)C1CCN(CC2CN(c3ccc(S(=O)(=O)c4cccc(NC(=O)/C=C/CN(C)C)c4)cc3)C2)CC1,COC(=O)N[C@H]1CCC[C@@H]1[C@](C#N)(c1cccc(F)c1)C1CCN(CC2CN(c3ccc(S(=O)(=O)c4cccc(NC(=O)/C=C/CN(C)C)c4)cc3)C2)CC1,OWQDQPAHRNQUBK-DIHFWZERSA-N,OWQDQPAHRNQUBK-DIHFWZERSA-N,standardized,0.0,False,2.0,strict_exact,exact_point_estimate,high_potency_<=100nM,True,True,IC50,biochemical_binding,False,0.8832311121617311,0.5200012570133299,0.26724138855934143,CC(=O)Nc1cccc(N2CCN(CC3CCN(S(=O)(=O)CC4CCCCC4)CC3)CC2)c1,True,high
STR-1336D74CEEF07820B1AB,IC50,biochemical_binding,1,2,1,2,1,0,0,8.698970004336019,8.698970004336019,8.698970004336019,2.0,2.0,IC50,1,inhibitory_potency,1,biochemical_binding,1,ChEMBL;PubChem,CHEMBL5817522,Menin,2021,=,CCc1nccn1C[C@@](c1cccc(F)c1)(C1CCN(CC2CN(c3ccc(S(=O)(=O)C4CN(C(=O)/C=C/CN5CCCCC5)C4)cc3)C2)CC1)[C@H]1CCC[C@@H]1NC(=O)OC,CCc1nccn1C[C@@](c1cccc(F)c1)(C1CCN(CC2CN(c3ccc(S(=O)(=O)C4CN(C(=O)/C=C/CN5CCCCC5)C4)cc3)C2)CC1)[C@H]1CCC[C@@H]1NC(=O)OC,CCc1nccn1C[C@@](c1cccc(F)c1)(C1CCN(CC2CN(c3ccc(S(=O)(=O)C4CN(C(=O)/C=C/CN5CCCCC5)C4)cc3)C2)CC1)[C@H]1CCC[C@@H]1NC(=O)OC,CCc1nccn1C[C@@](c1cccc(F)c1)(C1CCN(CC2CN(c3ccc(S(=O)(=O)C4CN(C(=O)/C=C/CN5CCCCC5)C4)cc3)C2)CC1)[C@H]1CCC[C@@H]1NC(=O)OC,TYMDSYUCUHFHCP-IJGIHWNJSA-N,TYMDSYUCUHFHCP-IJGIHWNJSA-N,standardized,0.0,False,2.0,strict_exact,exact_point_estimate,high_potency_<=100nM,True,True,IC50,biochemical_binding,False,0.9007101868344325,0.4667403035756534,0.24817518889904022,O=C(N[C@H]1CCN(CC2CCC2)C[C@@H]1C(=O)NC1(c2ncccn2)CC1)c1cc(-c2ccc(F)cc2F)on1,True,high
STR-22ABADFB64D91C6FE7F1,IC50,biochemical_binding,1,1,0,1,1,0,0,8.698970004336019,8.698970004336019,8.698970004336019,2.0,2.0,IC50,1,inhibitory_potency,1,biochemical_binding,1,ChEMBL,CHEMBL4450979,Menin,2020,=,COC(=O)N[C@H]1CCC[C@@H]1[C@](CN1CCC1)(c1cccc(F)c1)C1CCN(CC2CN(c3ccc(S(=O)(=O)C4CN(C(=O)/C=C/CN5CCC(F)(F)CC5)C4)cc3)C2)CC1,COC(=O)N[C@H]1CCC[C@@H]1[C@](CN1CCC1)(c1cccc(F)c1)C1CCN(CC2CN(c3ccc(S(=O)(=O)C4CN(C(=O)/C=C/CN5CCC(F)(F)CC5)C4)cc3)C2)CC1,COC(=O)N[C@H]1CCC[C@@H]1[C@](CN1CCC1)(c1cccc(F)c1)C1CCN(CC2CN(c3ccc(S(=O)(=O)C4CN(C(=O)/C=C/CN5CCC(F)(F)CC5)C4)cc3)C2)CC1,COC(=O)N[C@H]1CCC[C@@H]1[C@](CN1CCC1)(c1cccc(F)c1)C1CCN(CC2CN(c3ccc(S(=O)(=O)C4CN(C(=O)/C=C/CN5CCC(F)(F)CC5)C4)cc3)C2)CC1,LOWYBCWMGXXERT-XUTGVCKDSA-N,LOWYBCWMGXXERT-XUTGVCKDSA-N,standardized,0.0,False,2.0,strict_exact,exact_point_estimate,high_potency_<=100nM,True,True,IC50,biochemical_binding,False,0.9081668619545109,0.44255917489735397,0.24812030792236328,CCn1nc(Cc2ccc(C(C)(C)C)cc2)cc1C1CCN(C[C@H]2CN([C@@H](C(=O)O)C(C)(C)C)C[C@@H]2c2cccc(F)c2)CC1,True,high
STR-33EC56FC5D9EE8140CC4,IC50,biochemical_binding,1,2,1,2,1,0,0,8.698970004336019,8.698970004336019,8.698970004336019,2.0,2.0,IC50,1,inhibitory_potency,1,biochemical_binding,1,ChEMBL;PubChem,CHEMBL5794245,Menin,2021,=,C=CC(=O)Nc1ccc(S(=O)(=O)c2ccc(N3CC(CN4CCC([C@@](C#N)(c5cccc(F)c5)[C@H]5CCC[C@@H]5OC(=O)NC)CC4)C3)cc2)cc1,C=CC(=O)Nc1ccc(S(=O)(=O)c2ccc(N3CC(CN4CCC([C@@](C#N)(c5cccc(F)c5)[C@H]5CCC[C@@H]5OC(=O)NC)CC4)C3)cc2)cc1,C=CC(=O)Nc1ccc(S(=O)(=O)c2ccc(N3CC(CN4CCC([C@@](C#N)(c5cccc(F)c5)[C@H]5CCC[C@@H]5OC(=O)NC)CC4)C3)cc2)cc1,C=CC(=O)Nc1ccc(S(=O)(=O)c2ccc(N3CC(CN4CCC([C@@](C#N)(c5cccc(F)c5)[C@H]5CCC[C@@H]5OC(=O)NC)CC4)C3)cc2)cc1,VDJTWLOLAUELBT-YFTHYISFSA-N,VDJTWLOLAUELBT-YFTHYISFSA-N,standardized,0.0,False,2.0,strict_exact,exact_point_estimate,high_potency_<=100nM,True,True,IC50,biochemical_binding,False,0.8825236470312745,0.5220629487113442,0.26851850748062134,CC(=O)Nc1cccc(N2CCN(CC3CCN(S(=O)(=O)CC4CCCCC4)CC3)CC2)c1,True,high
STR-37892E2865C156499B87,IC50,biochemical_binding,1,1,0,1,1,0,0,8.698970004336019,8.698970004336019,8.698970004336019,2.0,2.0,IC50,1,inhibitory_potency,1,biochemical_binding,1,ChEMBL,CHEMBL4528467,Menin,2020,=,COC(=O)N[C@H]1CCC[C@@H]1[C@](CN1CCCC1)(c1cccc(F)c1)C1CCN(CC2CN(c3ccc(S(=O)(=O)C4CN(C(=O)/C=C/CN(C)C)C4)cc3)C2)CC1,COC(=O)N[C@H]1CCC[C@@H]1[C@](CN1CCCC1)(c1cccc(F)c1)C1CCN(CC2CN(c3ccc(S(=O)(=O)C4CN(C(=O)/C=C/CN(C)C)C4)cc3)C2)CC1,COC(=O)N[C@H]1CCC[C@@H]1[C@](CN1CCCC1)(c1cccc(F)c1)C1CCN(CC2CN(c3ccc(S(=O)(=O)C4CN(C(=O)/C=C/CN(C)C)C4)cc3)C2)CC1,COC(=O)N[C@H]1CCC[C@@H]1[C@](CN1CCCC1)(c1cccc(F)c1)C1CCN(CC2CN(c3ccc(S(=O)(=O)C4CN(C(=O)/C=C/CN(C)C)C4)cc3)C2)CC1,OVNRZDIJJMMESW-ICECFENASA-N,OVNRZDIJJMMESW-ICECFENASA-N,standardized,0.0,False,2.0,strict_exact,exact_point_estimate,high_potency_<=100nM,True,True,IC50,biochemical_binding,False,0.8905444160376168,0.49827164806375623,0.30158731341362,CN(C)C/C=C/C(=O)N1CCN(c2cnc3cc(C(F)(F)F)cc(NCc4cccc([N+](=O)[O-])c4)c3c2)CC1,True,high
STR-5809FBCCA5EEA2161D90,IC50,biochemical_binding,1,2,1,2,1,0,0,8.698970004336019,8.698970004336019,8.698970004336019,2.0,2.0,IC50,1,inhibitory_potency,1,biochemical_binding,1,ChEMBL;PubChem,CHEMBL5983807,Menin,2021,=,C=CC(=O)Nc1cccc(S(=O)(=O)c2ccc(N3CC(F)(CN4CCC([C@@](Cn5ccnc5CC)(c5cccc(F)c5)[C@H]5CCC[C@@H]5NC(=O)OC)CC4)C3)cc2)c1,C=CC(=O)Nc1cccc(S(=O)(=O)c2ccc(N3CC(F)(CN4CCC([C@@](Cn5ccnc5CC)(c5cccc(F)c5)[C@H]5CCC[C@@H]5NC(=O)OC)CC4)C3)cc2)c1,C=CC(=O)Nc1cccc(S(=O)(=O)c2ccc(N3CC(F)(CN4CCC([C@@](Cn5ccnc5CC)(c5cccc(F)c5)[C@H]5CCC[C@@H]5NC(=O)OC)CC4)C3)cc2)c1,C=CC(=O)Nc1cccc(S(=O)(=O)c2ccc(N3CC(F)(CN4CCC([C@@](Cn5ccnc5CC)(c5cccc(F)c5)[C@H]5CCC[C@@H]5NC(=O)OC)CC4)C3)cc2)c1,HKERAIYWULHZDL-RUSQAUJYSA-N,HKERAIYWULHZDL-RUSQAUJYSA-N,standardized,0.0,False,2.0,strict_exact,exact_point_estimate,high_potency_<=100nM,True,True,IC50,biochemical_binding,False,0.8976825892981052,0.47629886029461405,0.2538461685180664,C=CC(=O)Nc1cccc(Oc2nc(Nc3ccc(N4CCN(C)CC4)cc3)nc3[nH]ccc23)c1,True,high
STR-72BC2AEC0C9B5FB0C4A6,IC50,biochemical_binding,1,1,0,1,1,0,0,8.698970004336019,8.698970004336019,8.698970004336019,2.0,2.0,IC50,1,inhibitory_potency,1,biochemical_binding,1,ChEMBL,CHEMBL4553102,Menin,2020,=,C=CC(=O)N1CC(S(=O)(=O)c2ccc(N3CC(CN4CCC([C@@](CN5CCC5)(c5cccc(F)c5)[C@H]5CCC[C@@H]5NC(=O)OC)CC4)C3)cc2)C1,C=CC(=O)N1CC(S(=O)(=O)c2ccc(N3CC(CN4CCC([C@@](CN5CCC5)(c5cccc(F)c5)[C@H]5CCC[C@@H]5NC(=O)OC)CC4)C3)cc2)C1,C=CC(=O)N1CC(S(=O)(=O)c2ccc(N3CC(CN4CCC([C@@](CN5CCC5)(c5cccc(F)c5)[C@H]5CCC[C@@H]5NC(=O)OC)CC4)C3)cc2)C1,C=CC(=O)N1CC(S(=O)(=O)c2ccc(N3CC(CN4CCC([C@@](CN5CCC5)(c5cccc(F)c5)[C@H]5CCC[C@@H]5NC(=O)OC)CC4)C3)cc2)C1,NWSQYPVQEHIJSZ-YFTHYISFSA-N,NWSQYPVQEHIJSZ-YFTHYISFSA-N,standardized,0.0,False,2.0,strict_exact,exact_point_estimate,high_potency_<=100nM,True,True,IC50,biochemical_binding,False,0.9135637022765872,0.4244614287077943,0.2673267424106598,O=C(CN1CCC(S(=O)(=O)c2ccccc2)CC1)c1ccc(F)cc1F,True,high
STR-73526DEBB89B97E16E0E,IC50,biochemical_binding,1,1,0,1,1,0,0,8.698970004336019,8.698970004336019,8.698970004336019,2.0,2.0,IC50,1,inhibitory_potency,1,biochemical_binding,1,ChEMBL,CHEMBL4456003,Menin,2020,=,COC(=O)N[C@H]1CCC[C@@H]1[C@](CN1CCC1)(c1cccc(F)c1)C1CCN(CC2CN(c3ccc(S(=O)(=O)C4CN(C(=O)/C=C/CN5CCCC5)C4)cc3)C2)CC1,COC(=O)N[C@H]1CCC[C@@H]1[C@](CN1CCC1)(c1cccc(F)c1)C1CCN(CC2CN(c3ccc(S(=O)(=O)C4CN(C(=O)/C=C/CN5CCCC5)C4)cc3)C2)CC1,COC(=O)N[C@H]1CCC[C@@H]1[C@](CN1CCC1)(c1cccc(F)c1)C1CCN(CC2CN(c3ccc(S(=O)(=O)C4CN(C(=O)/C=C/CN5CCCC5)C4)cc3)C2)CC1,COC(=O)N[C@H]1CCC[C@@H]1[C@](CN1CCC1)(c1cccc(F)c1)C1CCN(CC2CN(c3ccc(S(=O)(=O)C4CN(C(=O)/C=C/CN5CCCC5)C4)cc3)C2)CC1,FYTWPDGQAHYEIH-YGZSATHDSA-N,FYTWPDGQAHYEIH-YGZSATHDSA-N,standardized,0.0,False,2.0,strict_exact,exact_point_estimate,high_potency_<=100nM,True,True,IC50,biochemical_binding,False,0.8981582830065605,0.4748066591583305,0.2571428716182709,O=C(CN1CCC(S(=O)(=O)c2ccccc2)CC1)c1ccc(F)cc1F,True,high
STR-7A321275AB46AC4BC765,IC50,biochemical_binding,1,2,1,2,1,0,0,8.698970004336019,8.698970004336019,8.698970004336019,2.0,2.0,IC50,1,inhibitory_potency,1,biochemical_binding,1,ChEMBL;PubChem,CHEMBL5766765,Menin,2021,=,C=CC(=O)N1CC(S(=O)(=O)c2ccc(N3CC(F)(CN4CCC([C@@](Cn5ccnc5CC)(c5cccc(F)c5)[C@H]5CCC[C@@H]5NC(=O)OC)CC4)C3)cc2)C1,C=CC(=O)N1CC(S(=O)(=O)c2ccc(N3CC(F)(CN4CCC([C@@](Cn5ccnc5CC)(c5cccc(F)c5)[C@H]5CCC[C@@H]5NC(=O)OC)CC4)C3)cc2)C1,C=CC(=O)N1CC(S(=O)(=O)c2ccc(N3CC(F)(CN4CCC([C@@](Cn5ccnc5CC)(c5cccc(F)c5)[C@H]5CCC[C@@H]5NC(=O)OC)CC4)C3)cc2)C1,C=CC(=O)N1CC(S(=O)(=O)c2ccc(N3CC(F)(CN4CCC([C@@](Cn5ccnc5CC)(c5cccc(F)c5)[C@H]5CCC[C@@H]5NC(=O)OC)CC4)C3)cc2)C1,ZBOGYQTVZTVLMN-XRBIJUOGSA-N,ZBOGYQTVZTVLMN-XRBIJUOGSA-N,standardized,0.0,False,2.0,strict_exact,exact_point_estimate,high_potency_<=100nM,True,True,IC50,biochemical_binding,False,0.917610928455616,0.4105417923878283,0.23880596458911896,CCN(C(=O)Cc1ccc(S(C)(=O)=O)cc1)C1CCN(CCC(c2ccccc2)N2CCN(c3cccc(F)c3)CC2)CC1,False,high
STR-C0C912780560E33EFE90,IC50,biochemical_binding,1,1,0,1,1,0,0,8.698970004336019,8.698970004336019,8.698970004336019,2.0,2.0,IC50,1,inhibitory_potency,1,biochemical_binding,1,ChEMBL,CHEMBL4571451,Menin,2020,=,COC(=O)N[C@H]1CCC[C@@H]1[C@](CN1CCCCC1)(c1cccc(F)c1)C1CCN(CC2CN(c3ccc(S(=O)(=O)C4CN(C(=O)/C=C/CN(C)C)C4)cc3)C2)CC1,COC(=O)N[C@H]1CCC[C@@H]1[C@](CN1CCCCC1)(c1cccc(F)c1)C1CCN(CC2CN(c3ccc(S(=O)(=O)C4CN(C(=O)/C=C/CN(C)C)C4)cc3)C2)CC1,COC(=O)N[C@H]1CCC[C@@H]1[C@](CN1CCCCC1)(c1cccc(F)c1)C1CCN(CC2CN(c3ccc(S(=O)(=O)C4CN(C(=O)/C=C/CN(C)C)C4)cc3)C2)CC1,COC(=O)N[C@H]1CCC[C@@H]1[C@](CN1CCCCC1)(c1cccc(F)c1)C1CCN(CC2CN(c3ccc(S(=O)(=O)C4CN(C(=O)/C=C/CN(C)C)C4)cc3)C2)CC1,LDZSXMDCTIKQIQ-KQAQRFHNSA-N,LDZSXMDCTIKQIQ-KQAQRFHNSA-N,standardized,0.0,False,2.0,strict_exact,exact_point_estimate,high_potency_<=100nM,True,True,IC50,biochemical_binding,False,0.8906578181291284,0.4979285861569174,0.29921260476112366,CN(C)C/C=C/C(=O)N1CCN(c2cnc3cc(C(F)(F)F)cc(NCc4cccc([N+](=O)[O-])c4)c3c2)CC1,True,high
STR-C6C7319A2332D2316F26,IC50,biochemical_binding,1,1,0,1,1,0,0,8.698970004336019,8.698970004336019,8.698970004336019,2.0,2.0,IC50,1,inhibitory_potency,1,biochemical_binding,1,ChEMBL,CHEMBL4456868,Menin,2020,=,COC(=O)N[C@H]1CCC[C@@H]1[C@](CN1CCC1)(c1cccc(F)c1)C1CCN(CC2CN(c3ccc(S(=O)(=O)C4CN(C(=O)/C=C/CN5CC(F)C5)C4)cc3)C2)CC1,COC(=O)N[C@H]1CCC[C@@H]1[C@](CN1CCC1)(c1cccc(F)c1)C1CCN(CC2CN(c3ccc(S(=O)(=O)C4CN(C(=O)/C=C/CN5CC(F)C5)C4)cc3)C2)CC1,COC(=O)N[C@H]1CCC[C@@H]1[C@](CN1CCC1)(c1cccc(F)c1)C1CCN(CC2CN(c3ccc(S(=O)(=O)C4CN(C(=O)/C=C/CN5CC(F)C5)C4)cc3)C2)CC1,COC(=O)N[C@H]1CCC[C@@H]1[C@](CN1CCC1)(c1cccc(F)c1)C1CCN(CC2CN(c3ccc(S(=O)(=O)C4CN(C(=O)/C=C/CN5CC(F)C5)C4)cc3)C2)CC1,HMBDDYNLCGJMBR-JPWMAOOBSA-N,HMBDDYNLCGJMBR-JPWMAOOBSA-N,standardized,0.0,False,2.0,strict_exact,exact_point_estimate,high_potency_<=100nM,True,True,IC50,biochemical_binding,False,0.8875491265222545,0.5072645579285278,0.25,O=C(CN1CCC(S(=O)(=O)c2ccccc2)CC1)c1ccc(F)cc1F,True,high
STR-D4B228AA42C515EFF74F,IC50,biochemical_binding,1,2,1,2,1,0,0,8.698970004336019,8.698970004336019,8.698970004336019,2.0,2.0,IC50,1,inhibitory_potency,1,biochemical_binding,1,ChEMBL;PubChem,CHEMBL5884894,Menin,2021,=,C=CC(=O)Nc1cccc(S(=O)(=O)c2ccc(N3CC(CN4CCC([C@@](C#N)(c5cccc(F)c5)[C@H]5CCC[C@@H]5NC(=O)OC)CC4)C3)cc2)c1,C=CC(=O)Nc1cccc(S(=O)(=O)c2ccc(N3CC(CN4CCC([C@@](C#N)(c5cccc(F)c5)[C@H]5CCC[C@@H]5NC(=O)OC)CC4)C3)cc2)c1,C=CC(=O)Nc1cccc(S(=O)(=O)c2ccc(N3CC(CN4CCC([C@@](C#N)(c5cccc(F)c5)[C@H]5CCC[C@@H]5NC(=O)OC)CC4)C3)cc2)c1,C=CC(=O)Nc1cccc(S(=O)(=O)c2ccc(N3CC(CN4CCC([C@@](C#N)(c5cccc(F)c5)[C@H]5CCC[C@@H]5NC(=O)OC)CC4)C3)cc2)c1,NEYHMGVJGXSGLB-YFTHYISFSA-N,NEYHMGVJGXSGLB-YFTHYISFSA-N,standardized,0.0,False,2.0,strict_exact,exact_point_estimate,high_potency_<=100nM,True,True,IC50,biochemical_binding,False,0.8942514687134481,0.4869575311321157,0.2844036817550659,CC(=O)Nc1cccc(N2CCN(CC3CCN(S(=O)(=O)CC4CCCCC4)CC3)CC2)c1,True,high
STR-E4F36A98E00A8B27E8BD,IC50,biochemical_binding,1,2,1,2,1,0,0,8.698970004336019,8.698970004336019,8.698970004336019,2.0,2.0,IC50,1,inhibitory_potency,1,biochemical_binding,1,ChEMBL;PubChem,CHEMBL4454017,Menin,2020,=,COC(=O)N[C@H]1CCC[C@@H]1[C@](Cn1ccnn1)(c1cccc(F)c1)C1CCN(CC2CN(c3ccc(S(=O)(=O)C4CN(C(=O)/C=C/CN(C)C)C4)cc3)C2)CC1,COC(=O)N[C@H]1CCC[C@@H]1[C@](Cn1ccnn1)(c1cccc(F)c1)C1CCN(CC2CN(c3ccc(S(=O)(=O)C4CN(C(=O)/C=C/CN(C)C)C4)cc3)C2)CC1,COC(=O)N[C@H]1CCC[C@@H]1[C@](Cn1ccnn1)(c1cccc(F)c1)C1CCN(CC2CN(c3ccc(S(=O)(=O)C4CN(C(=O)/C=C/CN(C)C)C4)cc3)C2)CC1,COC(=O)N[C@H]1CCC[C@@H]1[C@](Cn1ccnn1)(c1cccc(F)c1)C1CCN(CC2CN(c3ccc(S(=O)(=O)C4CN(C(=O)/C=C/CN(C)C)C4)cc3)C2)CC1,UDCCIJLZCSLTOS-ANCAAGCLSA-N,UDCCIJLZCSLTOS-ANCAAGCLSA-N,standardized,0.0,False,2.0,strict_exact,exact_point_estimate,high_potency_<=100nM,True,True,IC50,biochemical_binding,False,0.8980362735253546,0.47518972979114327,0.29323309659957886,CN(C)C/C=C/C(=O)N1CCN(c2cnc3cc(C(F)(F)F)cc(NCc4cccc([N+](=O)[O-])c4)c3c2)CC1,True,high
STR-F10D2D8306F0D924B76B,IC50,biochemical_binding,1,2,1,2,1,0,0,8.698970004336019,8.698970004336019,8.698970004336019,2.0,2.0,IC50,1,inhibitory_potency,1,biochemical_binding,1,ChEMBL;PubChem,CHEMBL5886290,Menin,2021,=,C=CC(=O)N1CC(S(=O)(=O)c2ccc(N3CC(CN4CCC([C@@](Cn5ccnc5CC)(c5cccc(F)c5)[C@H]5CCC[C@@H]5NC(=O)OC)CC4)C3)cc2)C1,C=CC(=O)N1CC(S(=O)(=O)c2ccc(N3CC(CN4CCC([C@@](Cn5ccnc5CC)(c5cccc(F)c5)[C@H]5CCC[C@@H]5NC(=O)OC)CC4)C3)cc2)C1,C=CC(=O)N1CC(S(=O)(=O)c2ccc(N3CC(CN4CCC([C@@](Cn5ccnc5CC)(c5cccc(F)c5)[C@H]5CCC[C@@H]5NC(=O)OC)CC4)C3)cc2)C1,C=CC(=O)N1CC(S(=O)(=O)c2ccc(N3CC(CN4CCC([C@@](Cn5ccnc5CC)(c5cccc(F)c5)[C@H]5CCC[C@@H]5NC(=O)OC)CC4)C3)cc2)C1,LXSIPWFLROWVOQ-VJZJJTPSSA-N,LXSIPWFLROWVOQ-VJZJJTPSSA-N,standardized,0.0,False,2.0,strict_exact,exact_point_estimate,high_potency_<=100nM,True,True,IC50,biochemical_binding,False,0.9125400630842506,0.42793410256045583,0.24812030792236328,O=C(N[C@H]1CCN(CC2CCC2)C[C@@H]1C(=O)NC1(c2ncccn2)CC1)c1cc(-c2ccc(F)cc2F)on1,True,high
STR-F32727EFAF81D38C7334,IC50,biochemical_binding,1,1,0,1,1,0,0,8.698970004336019,8.698970004336019,8.698970004336019,2.0,2.0,IC50,1,inhibitory_potency,1,biochemical_binding,1,ChEMBL,CHEMBL4588924,Menin,2020,=,COC(=O)N[C@H]1CCC[C@@H]1[C@](CN1CCC1)(c1cccc(F)c1)C1CCN(CC2CN(c3ccc(S(=O)(=O)C4CN(C(=O)/C=C/CN5CCC5)C4)cc3)C2)CC1,COC(=O)N[C@H]1CCC[C@@H]1[C@](CN1CCC1)(c1cccc(F)c1)C1CCN(CC2CN(c3ccc(S(=O)(=O)C4CN(C(=O)/C=C/CN5CCC5)C4)cc3)C2)CC1,COC(=O)N[C@H]1CCC[C@@H]1[C@](CN1CCC1)(c1cccc(F)c1)C1CCN(CC2CN(c3ccc(S(=O)(=O)C4CN(C(=O)/C=C/CN5CCC5)C4)cc3)C2)CC1,COC(=O)N[C@H]1CCC[C@@H]1[C@](CN1CCC1)(c1cccc(F)c1)C1CCN(CC2CN(c3ccc(S(=O)(=O)C4CN(C(=O)/C=C/CN5CCC5)C4)cc3)C2)CC1,LKWDPBUNZKEQDA-WNGYSACNSA-N,LKWDPBUNZKEQDA-WNGYSACNSA-N,standardized,0.0,False,2.0,strict_exact,exact_point_estimate,high_potency_<=100nM,True,True,IC50,biochemical_binding,False,0.8938157504742901,0.4882981155975038,0.25961539149284363,O=C(CN1CCC(S(=O)(=O)c2ccccc2)CC1)c1ccc(F)cc1F,True,high
STR-4B2666E7A6862E420991,IC50,biochemical_binding,1,1,0,1,1,0,0,8.602059991327963,8.602059991327963,8.602059991327963,2.5,2.5,IC50,1,inhibitory_potency,1,biochemical_binding,1,ChEMBL,CHEMBL5085940,Menin,2021,=,COC(=O)N[C@H]1CCC[C@@H]1[C@](CN1CCC1)(c1cccc(F)c1)C1CCN(CC2(OC)CN(c3ccc(S(=O)(=O)C4CC4)cc3)C2)CC1,COC(=O)N[C@H]1CCC[C@@H]1[C@](CN1CCC1)(c1cccc(F)c1)C1CCN(CC2(OC)CN(c3ccc(S(=O)(=O)C4CC4)cc3)C2)CC1,COC(=O)N[C@H]1CCC[C@@H]1[C@](CN1CCC1)(c1cccc(F)c1)C1CCN(CC2(OC)CN(c3ccc(S(=O)(=O)C4CC4)cc3)C2)CC1,COC(=O)N[C@H]1CCC[C@@H]1[C@](CN1CCC1)(c1cccc(F)c1)C1CCN(CC2(OC)CN(c3ccc(S(=O)(=O)C4CC4)cc3)C2)CC1,HWMVEUVCYTZXSW-YSJNHPSYSA-N,HWMVEUVCYTZXSW-YSJNHPSYSA-N,standardized,0.0,False,2.0,strict_exact,exact_point_estimate,high_potency_<=100nM,True,True,IC50,biochemical_binding,False,0.9136603273077338,0.42413264473224743,0.301075279712677,O=C(CN1CCC(S(=O)(=O)c2ccccc2)CC1)c1ccc(F)cc1F,True,high
STR-CC119FD289E2F37C242E,IC50,biochemical_binding,1,1,0,1,1,0,0,8.585026652029182,8.585026652029182,8.585026652029182,2.6,2.6,IC50,1,inhibitory_potency,1,biochemical_binding,1,ChEMBL,CHEMBL4438797,Menin,2020,=,COC(=O)N[C@H]1CCC[C@@H]1[C@](CN1CCC1)(c1cccc(F)c1)C1CCN(CC2CN(c3ccc(S(=O)(=O)C4CN(C(=O)/C=C/CN5CCCCC5)C4)cc3)C2)CC1,COC(=O)N[C@H]1CCC[C@@H]1[C@](CN1CCC1)(c1cccc(F)c1)C1CCN(CC2CN(c3ccc(S(=O)(=O)C4CN(C(=O)/C=C/CN5CCCCC5)C4)cc3)C2)CC1,COC(=O)N[C@H]1CCC[C@@H]1[C@](CN1CCC1)(c1cccc(F)c1)C1CCN(CC2CN(c3ccc(S(=O)(=O)C4CN(C(=O)/C=C/CN5CCCCC5)C4)cc3)C2)CC1,COC(=O)N[C@H]1CCC[C@@H]1[C@](CN1CCC1)(c1cccc(F)c1)C1CCN(CC2CN(c3ccc(S(=O)(=O)C4CN(C(=O)/C=C/CN5CCCCC5)C4)cc3)C2)CC1,BTSUNSRQYLVGIS-ADTYUTHVSA-N,BTSUNSRQYLVGIS-ADTYUTHVSA-N,standardized,0.0,False,2.0,strict_exact,exact_point_estimate,high_potency_<=100nM,True,True,IC50,biochemical_binding,False,0.8953619903960144,0.48352764016177774,0.25471699237823486,O=C(CN1CCC(S(=O)(=O)c2ccccc2)CC1)c1ccc(F)cc1F,True,high
STR-A814A4A72CF8681234C9,IC50,biochemical_binding,1,1,0,1,1,0,0,8.568636235841012,8.568636235841012,8.568636235841012,2.7,2.7,IC50,1,inhibitory_potency,1,biochemical_binding,1,ChEMBL,CHEMBL5081367,Menin,2021,=,COC(=O)N[C@H]1CCC[C@@H]1[C@](CN1CCC1)(c1cccc(F)c1)C1CCN(CC2(OC)CN(c3ccc(S(=O)(=O)C4CN(C(=O)/C=C/CN(C)C)C4)cc3)C2)CC1,COC(=O)N[C@H]1CCC[C@@H]1[C@](CN1CCC1)(c1cccc(F)c1)C1CCN(CC2(OC)CN(c3ccc(S(=O)(=O)C4CN(C(=O)/C=C/CN(C)C)C4)cc3)C2)CC1,COC(=O)N[C@H]1CCC[C@@H]1[C@](CN1CCC1)(c1cccc(F)c1)C1CCN(CC2(OC)CN(c3ccc(S(=O)(=O)C4CN(C(=O)/C=C/CN(C)C)C4)cc3)C2)CC1,COC(=O)N[C@H]1CCC[C@@H]1[C@](CN1CCC1)(c1cccc(F)c1)C1CCN(CC2(OC)CN(c3ccc(S(=O)(=O)C4CN(C(=O)/C=C/CN(C)C)C4)cc3)C2)CC1,FZCLCVXNMVHYFD-BSGLOOBLSA-N,FZCLCVXNMVHYFD-BSGLOOBLSA-N,standardized,0.0,False,2.0,strict_exact,exact_point_estimate,high_potency_<=100nM,True,True,IC50,biochemical_binding,False,0.8843376806308031,0.5167624461526413,0.28244274854660034,CN(C)C/C=C/C(=O)N1CCN(c2cnc3cc(C(F)(F)F)cc(NCc4cccc([N+](=O)[O-])c4)c3c2)CC1,True,high
STR-C16923E52D20199D1E6F,IC50,biochemical_binding,1,1,0,1,1,0,0,8.568636235841012,8.568636235841012,8.568636235841012,2.7,2.7,IC50,1,inhibitory_potency,1,biochemical_binding,1,ChEMBL,CHEMBL5094183,Menin,2021,=,C=CC(=O)N1C[C@@H]2C[C@H]1CN2S(=O)(=O)c1ccc(N2CC(CN3CCC([C@@](CN4CCC4)(c4cccc(F)c4)[C@H]4CCC[C@@H]4NC(=O)OC)CC3)(OC)C2)cc1,C=CC(=O)N1C[C@@H]2C[C@H]1CN2S(=O)(=O)c1ccc(N2CC(CN3CCC([C@@](CN4CCC4)(c4cccc(F)c4)[C@H]4CCC[C@@H]4NC(=O)OC)CC3)(OC)C2)cc1,C=CC(=O)N1C[C@@H]2C[C@H]1CN2S(=O)(=O)c1ccc(N2CC(CN3CCC([C@@](CN4CCC4)(c4cccc(F)c4)[C@H]4CCC[C@@H]4NC(=O)OC)CC3)(OC)C2)cc1,C=CC(=O)N1C[C@@H]2C[C@H]1CN2S(=O)(=O)c1ccc(N2CC(CN3CCC([C@@](CN4CCC4)(c4cccc(F)c4)[C@H]4CCC[C@@H]4NC(=O)OC)CC3)(OC)C2)cc1,HFHVSSGMYSWPIR-SZDLQPMWSA-N,HFHVSSGMYSWPIR-SZDLQPMWSA-N,standardized,0.0,False,2.0,strict_exact,exact_point_estimate,high_potency_<=100nM,True,True,IC50,biochemical_binding,False,0.8698421764228494,0.5578708579751069,0.2542372941970825,C[C@@H]1CN(CC2(C(N)=O)CCC2)CCN1S(=O)(=O)c1ccc(C(C)(O)C(F)(F)F)cc1,True,high
STR-93E40DC911AC439ED16C,IC50,biochemical_binding,1,1,0,1,1,0,0,8.55284196865778,8.55284196865778,8.55284196865778,2.8,2.8,IC50,1,inhibitory_potency,1,biochemical_binding,1,ChEMBL,CHEMBL5071412,Menin,2021,=,COC(=O)N[C@H]1CCC[C@@H]1[C@](CN1CCCC1)(c1cccc(F)c1)C1CCN(CC2CN(c3ccc(S(=O)(=O)C4CC4)cc3)C2)CC1,COC(=O)N[C@H]1CCC[C@@H]1[C@](CN1CCCC1)(c1cccc(F)c1)C1CCN(CC2CN(c3ccc(S(=O)(=O)C4CC4)cc3)C2)CC1,COC(=O)N[C@H]1CCC[C@@H]1[C@](CN1CCCC1)(c1cccc(F)c1)C1CCN(CC2CN(c3ccc(S(=O)(=O)C4CC4)cc3)C2)CC1,COC(=O)N[C@H]1CCC[C@@H]1[C@](CN1CCCC1)(c1cccc(F)c1)C1CCN(CC2CN(c3ccc(S(=O)(=O)C4CC4)cc3)C2)CC1,LZJNITGWXZKPLE-IWQNTTPNSA-N,LZJNITGWXZKPLE-IWQNTTPNSA-N,standardized,0.0,False,2.0,strict_exact,exact_point_estimate,high_potency_<=100nM,True,True,IC50,biochemical_binding,False,0.9223959413687045,0.3936801591193851,0.31111112236976624,O=C(CN1CCC(S(=O)(=O)c2ccccc2)CC1)c1ccc(F)cc1F,True,high
STR-EF3629BE766B7858BC20,IC50,biochemical_binding,1,1,0,1,1,0,0,8.55284196865778,8.55284196865778,8.55284196865778,2.8,2.8,IC50,1,inhibitory_potency,1,biochemical_binding,1,ChEMBL,CHEMBL5079678,Menin,2021,=,C=CC(=O)N1CC(S(=O)(=O)c2ccc(N3CC(CN4CCC([C@@](CN5CCC5)(c5cccc(F)c5)[C@H]5CCC[C@@H]5NC(=O)OC)CC4)(OC)C3)cc2)C1,C=CC(=O)N1CC(S(=O)(=O)c2ccc(N3CC(CN4CCC([C@@](CN5CCC5)(c5cccc(F)c5)[C@H]5CCC[C@@H]5NC(=O)OC)CC4)(OC)C3)cc2)C1,C=CC(=O)N1CC(S(=O)(=O)c2ccc(N3CC(CN4CCC([C@@](CN5CCC5)(c5cccc(F)c5)[C@H]5CCC[C@@H]5NC(=O)OC)CC4)(OC)C3)cc2)C1,C=CC(=O)N1CC(S(=O)(=O)c2ccc(N3CC(CN4CCC([C@@](CN5CCC5)(c5cccc(F)c5)[C@H]5CCC[C@@H]5NC(=O)OC)CC4)(OC)C3)cc2)C1,MSVDVSSBJLJMCV-VXMGAWDISA-N,MSVDVSSBJLJMCV-VXMGAWDISA-N,standardized,0.0,False,2.0,strict_exact,exact_point_estimate,high_potency_<=100nM,True,True,IC50,biochemical_binding,False,0.9066167211827804,0.4476630603531162,0.2571428716182709,O=C(CN1CCC(S(=O)(=O)c2ccccc2)CC1)c1ccc(F)cc1F,True,high
STR-AC15064651DFC45CB1E4,IC50,biochemical_binding,1,1,0,1,1,0,0,8.537602002101044,8.537602002101044,8.537602002101044,2.9,2.9,IC50,1,inhibitory_potency,1,biochemical_binding,1,ChEMBL,CHEMBL5090509,Menin,2021,=,COC(=O)N[C@H]1CCC[C@@H]1[C@](CN1CCC1)(c1cccc(F)c1)C1CCN(CC2(C)CN(c3ccc(S(=O)(=O)C4CC4)cc3)C2)CC1,COC(=O)N[C@H]1CCC[C@@H]1[C@](CN1CCC1)(c1cccc(F)c1)C1CCN(CC2(C)CN(c3ccc(S(=O)(=O)C4CC4)cc3)C2)CC1,COC(=O)N[C@H]1CCC[C@@H]1[C@](CN1CCC1)(c1cccc(F)c1)C1CCN(CC2(C)CN(c3ccc(S(=O)(=O)C4CC4)cc3)C2)CC1,COC(=O)N[C@H]1CCC[C@@H]1[C@](CN1CCC1)(c1cccc(F)c1)C1CCN(CC2(C)CN(c3ccc(S(=O)(=O)C4CC4)cc3)C2)CC1,LIAWNGIPPNVPIC-YSJNHPSYSA-N,LIAWNGIPPNVPIC-YSJNHPSYSA-N,standardized,0.0,False,2.0,strict_exact,exact_point_estimate,high_potency_<=100nM,True,True,IC50,biochemical_binding,False,0.8818610182478557,0.5239876611276095,0.30434781312942505,O=C(CN1CCC(S(=O)(=O)c2ccccc2)CC1)c1ccc(F)cc1F,True,high
STR-7E1F0EE1EE4F776E8704,IC50,biochemical_binding,4,4,0,1,4,0,0,8.527758663924915,10.045757490560677,6.958607314841775,40.055,0.09,IC50,1,inhibitory_potency,1,biochemical_binding,1,PubChem,156498056,Menin,2024;2026,=,CCN(C(=O)c1cc(F)ccc1Oc1nncnc1N1CCC2(C1)CN([C@H](CCCNCCOC)C(C)C)C2)C(C)C,CCN(C(C)C)C(=O)C1=C(C=CC(=C1)F)OC2=C(N=CN=N2)N3CCC4(C3)CN(C4)[C@H](CCCNCCOC)C(C)C,CCN(C(=O)c1cc(F)ccc1Oc1nncnc1N1CCC2(C1)CN([C@H](CCCNCCOC)C(C)C)C2)C(C)C,CCN(C(=O)c1cc(F)ccc1Oc1nncnc1N1CCC2(C1)CN([C@H](CCCNCCOC)C(C)C)C2)C(C)C,PFCVKXYYUQIAHS-AREMUKBSSA-N,PFCVKXYYUQIAHS-AREMUKBSSA-N,standardized,3.0871501757189,True,2.0,strict_exact,exact_point_estimate,high_potency_<=100nM,True,True,IC50,biochemical_binding,False,0.7159119030108514,0.8609615061034883,0.59375,CCN(C(=O)c1cc(F)ccc1Oc1nncnc1N1CC2(CCN(CC3(SC)CC3)CC2)C1)C(C)C,True,high
STR-1626E26FA9CDEFB597A0,IC50,biochemical_binding,1,1,0,1,1,0,0,8.522878745280337,8.522878745280337,8.522878745280337,3.0,3.0,IC50,1,inhibitory_potency,1,biochemical_binding,1,ChEMBL,CHEMBL5079839,Menin,2021,=,C=CC(=O)N1CCC[C@H](S(=O)(=O)c2ccc(N3CC(CN4CCC([C@@](CN5CCC5)(c5cccc(F)c5)[C@H]5CCC[C@@H]5NC(=O)OC)CC4)(OC)C3)cc2)C1,C=CC(=O)N1CCC[C@H](S(=O)(=O)c2ccc(N3CC(CN4CCC([C@@](CN5CCC5)(c5cccc(F)c5)[C@H]5CCC[C@@H]5NC(=O)OC)CC4)(OC)C3)cc2)C1,C=CC(=O)N1CCC[C@H](S(=O)(=O)c2ccc(N3CC(CN4CCC([C@@](CN5CCC5)(c5cccc(F)c5)[C@H]5CCC[C@@H]5NC(=O)OC)CC4)(OC)C3)cc2)C1,C=CC(=O)N1CCC[C@H](S(=O)(=O)c2ccc(N3CC(CN4CCC([C@@](CN5CCC5)(c5cccc(F)c5)[C@H]5CCC[C@@H]5NC(=O)OC)CC4)(OC)C3)cc2)C1,XOGANROEWWVGCF-VEZYWKGHSA-N,XOGANROEWWVGCF-VEZYWKGHSA-N,standardized,0.0,False,2.0,strict_exact,exact_point_estimate,high_potency_<=100nM,True,True,IC50,biochemical_binding,False,0.9034163748112468,0.4580714302844757,0.2537313401699066,C=CC(=O)N1CCC[C@@H](n2nc(-c3cccc(C(=O)NCc4ccc(C(C)(C)C)cc4)c3)c3c(N)ncnc32)C1,True,high
STR-32FEF1FCB73DC9ADA20D,IC50,biochemical_binding,1,2,1,2,1,0,0,8.522878745280337,8.522878745280337,8.522878745280337,3.0,3.0,IC50,1,inhibitory_potency,1,biochemical_binding,1,ChEMBL;PubChem,CHEMBL5974610,Menin,2021,=,CC(=O)O[C@H]1CCC[C@@H]1C1(C2CCN(CC3CN(c4ccc(S(=O)(=O)C5CC5)cc4)C3)CC2)CN(C)Cc2ccc(F)cc21,CC(=O)O[C@H]1CCC[C@@H]1C1(C2CCN(CC3CN(c4ccc(S(=O)(=O)C5CC5)cc4)C3)CC2)CN(C)Cc2ccc(F)cc21,CC(=O)O[C@H]1CCC[C@@H]1C1(C2CCN(CC3CN(c4ccc(S(=O)(=O)C5CC5)cc4)C3)CC2)CN(C)Cc2ccc(F)cc21,CC(=O)O[C@H]1CCC[C@@H]1C1(C2CCN(CC3CN(c4ccc(S(=O)(=O)C5CC5)cc4)C3)CC2)CN(C)Cc2ccc(F)cc21,CMKBAOQEJWGPEB-LPHAKTNPSA-N,CMKBAOQEJWGPEB-LPHAKTNPSA-N,standardized,0.0,False,2.0,strict_exact,exact_point_estimate,high_potency_<=100nM,True,True,IC50,biochemical_binding,False,0.8895278515258435,0.5013384599663134,0.32608696818351746,NC(=O)c1ccc(S(=O)(=O)C2CCN(CCc3ccc(F)cc3F)CC2)cc1,True,high
STR-4ED5D5CE4BFD95B4D0C2,IC50,biochemical_binding,1,2,1,2,1,0,0,8.522878745280337,8.522878745280337,8.522878745280337,3.0,3.0,IC50,1,inhibitory_potency,1,biochemical_binding,1,ChEMBL;PubChem,CHEMBL5763217,Menin,2021,=,C=CC(=O)Nc1cccc(S(=O)(=O)c2ccc(N3CC(CN4CCC([C@@](C#N)(c5cccc(F)c5)[C@H]5CCC[C@@H]5OC(=O)NC)CC4)C3)cc2)c1,C=CC(=O)Nc1cccc(S(=O)(=O)c2ccc(N3CC(CN4CCC([C@@](C#N)(c5cccc(F)c5)[C@H]5CCC[C@@H]5OC(=O)NC)CC4)C3)cc2)c1,C=CC(=O)Nc1cccc(S(=O)(=O)c2ccc(N3CC(CN4CCC([C@@](C#N)(c5cccc(F)c5)[C@H]5CCC[C@@H]5OC(=O)NC)CC4)C3)cc2)c1,C=CC(=O)Nc1cccc(S(=O)(=O)c2ccc(N3CC(CN4CCC([C@@](C#N)(c5cccc(F)c5)[C@H]5CCC[C@@H]5OC(=O)NC)CC4)C3)cc2)c1,MJBBPCAFFYHQRO-YFTHYISFSA-N,MJBBPCAFFYHQRO-YFTHYISFSA-N,standardized,0.0,False,2.0,strict_exact,exact_point_estimate,high_potency_<=100nM,True,True,IC50,biochemical_binding,False,0.8803405802794169,0.5283810847890105,0.2844036817550659,CC(=O)Nc1cccc(N2CCN(CC3CCN(S(=O)(=O)CC4CCCCC4)CC3)CC2)c1,True,high
STR-593538869CBBD1EB1B7D,IC50,biochemical_binding,1,2,1,2,1,0,0,8.522878745280337,8.522878745280337,8.522878745280337,3.0,3.0,IC50,1,inhibitory_potency,1,biochemical_binding,1,ChEMBL;PubChem,CHEMBL6047118,Menin,2021,=,CC(=O)O[C@H]1CCC[C@@H]1C1(C2CCN(CC3CN(c4ccc(S(=O)(=O)c5ccncc5)cc4)C3)CC2)CN(C)Cc2ccccc21,CC(=O)O[C@H]1CCC[C@@H]1C1(C2CCN(CC3CN(c4ccc(S(=O)(=O)c5ccncc5)cc4)C3)CC2)CN(C)Cc2ccccc21,CC(=O)O[C@H]1CCC[C@@H]1C1(C2CCN(CC3CN(c4ccc(S(=O)(=O)c5ccncc5)cc4)C3)CC2)CN(C)Cc2ccccc21,CC(=O)O[C@H]1CCC[C@@H]1C1(C2CCN(CC3CN(c4ccc(S(=O)(=O)c5ccncc5)cc4)C3)CC2)CN(C)Cc2ccccc21,PZUFBLHEYURQFK-JTTVYFNNSA-N,PZUFBLHEYURQFK-JTTVYFNNSA-N,standardized,0.0,False,2.0,strict_exact,exact_point_estimate,high_potency_<=100nM,True,True,IC50,biochemical_binding,False,0.8861447618564172,0.5114361089963058,0.26923078298568726,CCOC(=O)N1CCC(CN2CCC3(CC2)CN(S(C)(=O)=O)c2ncccc23)CC1,True,high
STR-6F8F59E84BD75C74A25C,IC50,biochemical_binding,1,2,1,2,1,0,0,8.522878745280337,8.522878745280337,8.522878745280337,3.0,3.0,IC50,1,inhibitory_potency,1,biochemical_binding,1,ChEMBL;PubChem,CHEMBL5411956,Menin,2021,=,C=CC(=O)N1CC(S(=O)(=O)c2ccc(N3CC(CN4CCC([C@@](C#N)(c5cccc(F)c5)[C@H]5CCC[C@@H]5NC(=O)OC)CC4)C3)cc2)C1,C=CC(=O)N1CC(S(=O)(=O)c2ccc(N3CC(CN4CCC([C@@](C#N)(c5cccc(F)c5)[C@H]5CCC[C@@H]5NC(=O)OC)CC4)C3)cc2)C1,C=CC(=O)N1CC(S(=O)(=O)c2ccc(N3CC(CN4CCC([C@@](C#N)(c5cccc(F)c5)[C@H]5CCC[C@@H]5NC(=O)OC)CC4)C3)cc2)C1,C=CC(=O)N1CC(S(=O)(=O)c2ccc(N3CC(CN4CCC([C@@](C#N)(c5cccc(F)c5)[C@H]5CCC[C@@H]5NC(=O)OC)CC4)C3)cc2)C1,KHWUVCFCPVRNJZ-UEMWQVMZSA-N,KHWUVCFCPVRNJZ-UEMWQVMZSA-N,standardized,0.0,False,2.0,strict_exact,exact_point_estimate,high_potency_<=100nM,True,True,IC50,biochemical_binding,False,0.8925989462059585,0.4920266355957303,0.27450981736183167,N#Cc1ccc(S(=O)(=O)C2CCN(CCc3ccc(F)cc3F)CC2)cc1,True,high
STR-768449AFD0A1BD14A41D,IC50,biochemical_binding,1,2,1,2,1,0,0,8.522878745280337,8.522878745280337,8.522878745280337,3.0,3.0,IC50,1,inhibitory_potency,1,biochemical_binding,1,ChEMBL;PubChem,CHEMBL5905647,Menin,2021,=,CNC(=O)O[C@H]1CCC[C@@H]1C(Cn1ccnc1C)(c1ccccc1)C1CCN(CC2CN(c3ccc(C#N)cc3)C2)CC1,CNC(=O)O[C@H]1CCC[C@@H]1C(Cn1ccnc1C)(c1ccccc1)C1CCN(CC2CN(c3ccc(C#N)cc3)C2)CC1,CNC(=O)O[C@H]1CCC[C@@H]1C(Cn1ccnc1C)(c1ccccc1)C1CCN(CC2CN(c3ccc(C#N)cc3)C2)CC1,CNC(=O)O[C@H]1CCC[C@@H]1C(Cn1ccnc1C)(c1ccccc1)C1CCN(CC2CN(c3ccc(C#N)cc3)C2)CC1,UZMIDAORHBZWKU-HEVKVOQNSA-N,UZMIDAORHBZWKU-HEVKVOQNSA-N,standardized,0.0,False,2.0,strict_exact,exact_point_estimate,high_potency_<=100nM,True,True,IC50,biochemical_binding,False,0.9030454307535772,0.4592667891314375,0.28703704476356506,N#Cc1ccc(N2CCN(Cc3cc(C(=O)N[C@H]4CCCC[C@@H]4O)c(=O)n4ccccc34)CC2)cc1,True,high
STR-78872E7698A00B065699,IC50,biochemical_binding,1,2,1,2,1,0,0,8.522878745280337,8.522878745280337,8.522878745280337,3.0,3.0,IC50,1,inhibitory_potency,1,biochemical_binding,1,ChEMBL;PubChem,CHEMBL5906828,Menin,2021,=,COC(=O)N[C@H]1CCC[C@@H]1[C@](C#N)(c1cccc(F)c1)C1CCN(CC2CN(c3ccc(S(=O)(=O)C4CN(C(=O)/C=C/CN5CCCC5)C4)cc3)C2)CC1,COC(=O)N[C@H]1CCC[C@@H]1[C@](C#N)(c1cccc(F)c1)C1CCN(CC2CN(c3ccc(S(=O)(=O)C4CN(C(=O)/C=C/CN5CCCC5)C4)cc3)C2)CC1,COC(=O)N[C@H]1CCC[C@@H]1[C@](C#N)(c1cccc(F)c1)C1CCN(CC2CN(c3ccc(S(=O)(=O)C4CN(C(=O)/C=C/CN5CCCC5)C4)cc3)C2)CC1,COC(=O)N[C@H]1CCC[C@@H]1[C@](C#N)(c1cccc(F)c1)C1CCN(CC2CN(c3ccc(S(=O)(=O)C4CN(C(=O)/C=C/CN5CCCC5)C4)cc3)C2)CC1,LGHUWQLZQWRKLY-ANCAAGCLSA-N,LGHUWQLZQWRKLY-ANCAAGCLSA-N,standardized,0.0,False,2.0,strict_exact,exact_point_estimate,high_potency_<=100nM,True,True,IC50,biochemical_binding,False,0.8836459944073378,0.5187889545575682,0.26356589794158936,CCn1nc(Cc2ccc(C#N)cc2)cc1C1CCN(C[C@H]2CN([C@@H](C(=O)O)C(C)(C)C)C[C@@H]2c2cccc(F)c2)CC1,True,high
STR-971462EFAE13318C0E1F,IC50,biochemical_binding,1,2,1,2,1,0,0,8.522878745280337,8.522878745280337,8.522878745280337,3.0,3.0,IC50,1,inhibitory_potency,1,biochemical_binding,1,ChEMBL;PubChem,CHEMBL5816906,Menin,2021,=,CN1Cc2ccccc2C(C2CCN(CC3CN(c4ccc(S(=O)(=O)c5ccncc5)cc4)C3)CC2)([C@H]2CCC[C@@H]2OC(N)=O)C1,CN1Cc2ccccc2C(C2CCN(CC3CN(c4ccc(S(=O)(=O)c5ccncc5)cc4)C3)CC2)([C@H]2CCC[C@@H]2OC(N)=O)C1,CN1Cc2ccccc2C(C2CCN(CC3CN(c4ccc(S(=O)(=O)c5ccncc5)cc4)C3)CC2)([C@H]2CCC[C@@H]2OC(N)=O)C1,CN1Cc2ccccc2C(C2CCN(CC3CN(c4ccc(S(=O)(=O)c5ccncc5)cc4)C3)CC2)([C@H]2CCC[C@@H]2OC(N)=O)C1,ONOOCFLWRHTSIH-AFLWYUAHSA-N,ONOOCFLWRHTSIH-AFLWYUAHSA-N,standardized,0.0,False,2.0,strict_exact,exact_point_estimate,high_potency_<=100nM,True,True,IC50,biochemical_binding,False,0.8656695759947609,0.5691958966852929,0.26923078298568726,CCOC(=O)N1CCC(CN2CCC3(CC2)CN(C(N)=O)c2ncccc23)CC1,True,high
STR-9BCADA557E72EE3CB9BA,IC50,biochemical_binding,1,2,1,2,1,0,0,8.522878745280337,8.522878745280337,8.522878745280337,3.0,3.0,IC50,1,inhibitory_potency,1,biochemical_binding,1,ChEMBL;PubChem,CHEMBL6014762,Menin,2021,=,C=CC(=O)Nc1cccc(S(=O)(=O)c2ccc(N3CC(CN4CCC([C@@](Cn5ccnc5CC)(c5cccc(F)c5)[C@H]5CCC[C@@H]5NC(=O)OC)CC4)C3)cc2)c1,C=CC(=O)Nc1cccc(S(=O)(=O)c2ccc(N3CC(CN4CCC([C@@](Cn5ccnc5CC)(c5cccc(F)c5)[C@H]5CCC[C@@H]5NC(=O)OC)CC4)C3)cc2)c1,C=CC(=O)Nc1cccc(S(=O)(=O)c2ccc(N3CC(CN4CCC([C@@](Cn5ccnc5CC)(c5cccc(F)c5)[C@H]5CCC[C@@H]5NC(=O)OC)CC4)C3)cc2)c1,C=CC(=O)Nc1cccc(S(=O)(=O)c2ccc(N3CC(CN4CCC([C@@](Cn5ccnc5CC)(c5cccc(F)c5)[C@H]5CCC[C@@H]5NC(=O)OC)CC4)C3)cc2)c1,HKRHUAVZSCOVRR-WZOPGVFVSA-N,HKRHUAVZSCOVRR-WZOPGVFVSA-N,standardized,0.0,False,2.0,strict_exact,exact_point_estimate,high_potency_<=100nM,True,True,IC50,biochemical_binding,False,0.9095771580923754,0.43787963567820937,0.2689075767993927,CC(=O)Nc1cccc(N2CCN(CC3CCN(S(=O)(=O)CC4CCCCC4)CC3)CC2)c1,True,high
STR-C24FEE7237633011F0F2,IC50,biochemical_binding,1,1,0,1,1,0,0,8.522878745280337,8.522878745280337,8.522878745280337,3.0,3.0,IC50,1,inhibitory_potency,1,biochemical_binding,1,ChEMBL,CHEMBL4466396,Menin,2020,=,COC(=O)N[C@H]1CCC[C@@H]1[C@](CN1CCC1)(c1cccc(F)c1)C1CCN(CC2CN(c3ccc(S(=O)(=O)C4CN(C(=O)/C=C/CN(C)C)C4)cc3)C2)CC1,COC(=O)N[C@H]1CCC[C@@H]1[C@](CN1CCC1)(c1cccc(F)c1)C1CCN(CC2CN(c3ccc(S(=O)(=O)C4CN(C(=O)/C=C/CN(C)C)C4)cc3)C2)CC1,COC(=O)N[C@H]1CCC[C@@H]1[C@](CN1CCC1)(c1cccc(F)c1)C1CCN(CC2CN(c3ccc(S(=O)(=O)C4CN(C(=O)/C=C/CN(C)C)C4)cc3)C2)CC1,COC(=O)N[C@H]1CCC[C@@H]1[C@](CN1CCC1)(c1cccc(F)c1)C1CCN(CC2CN(c3ccc(S(=O)(=O)C4CN(C(=O)/C=C/CN(C)C)C4)cc3)C2)CC1,XQMOONXKQNTLOT-FDEXAWBASA-N,XQMOONXKQNTLOT-FDEXAWBASA-N,standardized,0.0,False,2.0,strict_exact,exact_point_estimate,high_potency_<=100nM,True,True,IC50,biochemical_binding,False,0.8842774898694334,0.5169390611350192,0.30158731341362,CN(C)C/C=C/C(=O)N1CCN(c2cnc3cc(C(F)(F)F)cc(NCc4cccc([N+](=O)[O-])c4)c3c2)CC1,True,high
STR-D517B4FC121862D9BE6F,IC50,biochemical_binding,1,2,1,2,1,0,0,8.522878745280337,8.522878745280337,8.522878745280337,3.0,3.0,IC50,1,inhibitory_potency,1,biochemical_binding,1,ChEMBL;PubChem,CHEMBL5931080,Menin,2021,=,CCc1nccn1CC(c1ccccc1)(C1CCN(CC2CN(c3ccc(C#N)cc3)C2)CC1)[C@H]1CCC[C@@H]1OC(=O)NC,CCc1nccn1CC(c1ccccc1)(C1CCN(CC2CN(c3ccc(C#N)cc3)C2)CC1)[C@H]1CCC[C@@H]1OC(=O)NC,CCc1nccn1CC(c1ccccc1)(C1CCN(CC2CN(c3ccc(C#N)cc3)C2)CC1)[C@H]1CCC[C@@H]1OC(=O)NC,CCc1nccn1CC(c1ccccc1)(C1CCN(CC2CN(c3ccc(C#N)cc3)C2)CC1)[C@H]1CCC[C@@H]1OC(=O)NC,DSOWOWNLUVRUIU-JTXQMZLCSA-N,DSOWOWNLUVRUIU-JTXQMZLCSA-N,standardized,0.0,False,2.0,strict_exact,exact_point_estimate,high_potency_<=100nM,True,True,IC50,biochemical_binding,False,0.9323516677534397,0.35708576296643835,0.29357796907424927,N#Cc1ccc(N2CCN(Cc3cc(C(=O)N[C@H]4CCCC[C@@H]4O)c(=O)n4ccccc34)CC2)cc1,True,high
STR-FBAAC5A0D7488D667D40,IC50,biochemical_binding,1,2,1,2,1,0,0,8.522878745280337,8.522878745280337,8.522878745280337,3.0,3.0,IC50,1,inhibitory_potency,1,biochemical_binding,1,ChEMBL;PubChem,CHEMBL5964939,Menin,2021,=,CNC(=O)O[C@H]1CCC[C@@H]1C(Cn1ccnc1C)(c1cccc(F)c1)C1CCN(CC2CN(c3ccc(S(=O)(=O)c4cnn(C)c4)cc3)C2)CC1,CNC(=O)O[C@H]1CCC[C@@H]1C(Cn1ccnc1C)(c1cccc(F)c1)C1CCN(CC2CN(c3ccc(S(=O)(=O)c4cnn(C)c4)cc3)C2)CC1,CNC(=O)O[C@H]1CCC[C@@H]1C(Cn1ccnc1C)(c1cccc(F)c1)C1CCN(CC2CN(c3ccc(S(=O)(=O)c4cnn(C)c4)cc3)C2)CC1,CNC(=O)O[C@H]1CCC[C@@H]1C(Cn1ccnc1C)(c1cccc(F)c1)C1CCN(CC2CN(c3ccc(S(=O)(=O)c4cnn(C)c4)cc3)C2)CC1,WJJHIHFEUAWTMY-MROBMTMESA-N,WJJHIHFEUAWTMY-MROBMTMESA-N,standardized,0.0,False,2.0,strict_exact,exact_point_estimate,high_potency_<=100nM,True,True,IC50,biochemical_binding,False,0.8294454067101318,0.6589718823150442,0.2661290466785431,O=C(O)[C@@H](CC1CCC1)N1C[C@H](CN2CCC(c3cnc4ccccn34)CC2)[C@@H](c2cccc(F)c2)C1,True,high
STR-DA4F708C5ED8977F505E,IC50,biochemical_binding,2,3,1,2,2,0,0,8.502182402701225,8.522878745280337,8.481486060122112,3.15,3.0,IC50,1,inhibitory_potency,1,biochemical_binding,1,ChEMBL;PubChem,CHEMBL4435830,Menin,2019;2020,=,COC(=O)N[C@H]1CCC[C@@H]1[C@](C#N)(c1cccc(F)c1)C1CCN(CC2CN(c3ccc(S(=O)(=O)C4CN(C(=O)/C=C/CN(C)C)C4)cc3)C2)CC1,COC(=O)N[C@H]1CCC[C@@H]1[C@](C#N)(c1cccc(F)c1)C1CCN(CC2CN(c3ccc(S(=O)(=O)C4CN(C(=O)/C=C/CN(C)C)C4)cc3)C2)CC1,COC(=O)N[C@H]1CCC[C@@H]1[C@](C#N)(c1cccc(F)c1)C1CCN(CC2CN(c3ccc(S(=O)(=O)C4CN(C(=O)/C=C/CN(C)C)C4)cc3)C2)CC1,COC(=O)N[C@H]1CCC[C@@H]1[C@](C#N)(c1cccc(F)c1)C1CCN(CC2CN(c3ccc(S(=O)(=O)C4CN(C(=O)/C=C/CN(C)C)C4)cc3)C2)CC1,PJMFCNODKBGQNV-HDDNKGPMSA-N,PJMFCNODKBGQNV-HDDNKGPMSA-N,standardized,0.0413926851582253,False,2.0,strict_exact,exact_point_estimate,high_potency_<=100nM,True,True,IC50,biochemical_binding,False,0.88302900597228,0.5205909467253517,0.30158731341362,CN(C)C/C=C/C(=O)N1CCN(c2cnc3cc(C(F)(F)F)cc(NCc4cccc([N+](=O)[O-])c4)c3c2)CC1,True,high
STR-6F92DD97001CC1334310,IC50,biochemical_binding,1,1,0,1,1,0,0,8.494850021680094,8.494850021680094,8.494850021680094,3.2,3.2,IC50,1,inhibitory_potency,1,biochemical_binding,1,ChEMBL,CHEMBL5088651,Menin,2021,=,COC(=O)N[C@H]1CCC[C@@H]1[C@](CN1CCC1)(c1cccc(F)c1)C1CCN(CC2(F)CN(c3ccc(S(=O)(=O)C4CC4)cc3)C2)CC1,COC(=O)N[C@H]1CCC[C@@H]1[C@](CN1CCC1)(c1cccc(F)c1)C1CCN(CC2(F)CN(c3ccc(S(=O)(=O)C4CC4)cc3)C2)CC1,COC(=O)N[C@H]1CCC[C@@H]1[C@](CN1CCC1)(c1cccc(F)c1)C1CCN(CC2(F)CN(c3ccc(S(=O)(=O)C4CC4)cc3)C2)CC1,COC(=O)N[C@H]1CCC[C@@H]1[C@](CN1CCC1)(c1cccc(F)c1)C1CCN(CC2(F)CN(c3ccc(S(=O)(=O)C4CC4)cc3)C2)CC1,ZACMOMXFCHIQQJ-UEMWQVMZSA-N,ZACMOMXFCHIQQJ-UEMWQVMZSA-N,standardized,0.0,False,2.0,strict_exact,exact_point_estimate,high_potency_<=100nM,True,True,IC50,biochemical_binding,False,0.908334398630746,0.44200507741219586,0.30434781312942505,O=C(CN1CCC(S(=O)(=O)c2ccccc2)CC1)c1ccc(F)cc1F,True,high
STR-B5CAC4750A8CE18735B2,IC50,biochemical_binding,1,1,0,1,1,0,0,8.468521082957745,8.468521082957745,8.468521082957745,3.4,3.4,IC50,1,inhibitory_potency,1,biochemical_binding,1,ChEMBL,CHEMBL5088354,Menin,2021,=,COC(=O)N[C@H]1CCC[C@@H]1[C@](CN1CCOCC1)(c1cccc(F)c1)C1CCN(CC2CN(c3ccc(S(=O)(=O)C4CC4)cc3)C2)CC1,COC(=O)N[C@H]1CCC[C@@H]1[C@](CN1CCOCC1)(c1cccc(F)c1)C1CCN(CC2CN(c3ccc(S(=O)(=O)C4CC4)cc3)C2)CC1,COC(=O)N[C@H]1CCC[C@@H]1[C@](CN1CCOCC1)(c1cccc(F)c1)C1CCN(CC2CN(c3ccc(S(=O)(=O)C4CC4)cc3)C2)CC1,COC(=O)N[C@H]1CCC[C@@H]1[C@](CN1CCOCC1)(c1cccc(F)c1)C1CCN(CC2CN(c3ccc(S(=O)(=O)C4CC4)cc3)C2)CC1,RJIRZAWQTCVECM-IWQNTTPNSA-N,RJIRZAWQTCVECM-IWQNTTPNSA-N,standardized,0.0,False,2.0,strict_exact,exact_point_estimate,high_potency_<=100nM,True,True,IC50,biochemical_binding,False,0.8827901269414837,0.5212871937511054,0.301075279712677,O=C(CN1CCC(S(=O)(=O)c2ccccc2)CC1)c1ccc(F)cc1F,True,high
STR-29F00BB941CE28B9FDF5,IC50,biochemical_binding,1,1,0,1,1,0,0,8.455931955649724,8.455931955649724,8.455931955649724,3.5,3.5,IC50,1,inhibitory_potency,1,biochemical_binding,1,ChEMBL,CHEMBL5082413,Menin,2021,=,COC(=O)N[C@H]1CCC[C@@H]1[C@](CN1CCC(C)(O)CC1)(c1cccc(F)c1)C1CCN(CC2CN(c3ccc(S(=O)(=O)C4CC4)cc3)C2)CC1,COC(=O)N[C@H]1CCC[C@@H]1[C@](CN1CCC(C)(O)CC1)(c1cccc(F)c1)C1CCN(CC2CN(c3ccc(S(=O)(=O)C4CC4)cc3)C2)CC1,COC(=O)N[C@H]1CCC[C@@H]1[C@](CN1CCC(C)(O)CC1)(c1cccc(F)c1)C1CCN(CC2CN(c3ccc(S(=O)(=O)C4CC4)cc3)C2)CC1,COC(=O)N[C@H]1CCC[C@@H]1[C@](CN1CCC(C)(O)CC1)(c1cccc(F)c1)C1CCN(CC2CN(c3ccc(S(=O)(=O)C4CC4)cc3)C2)CC1,BJSVHMWOSWSLPB-YFTHYISFSA-N,BJSVHMWOSWSLPB-YFTHYISFSA-N,standardized,0.0,False,2.0,strict_exact,exact_point_estimate,high_potency_<=100nM,True,True,IC50,biochemical_binding,False,0.9204705178149448,0.4005191178385266,0.2916666567325592,O=C(CN1CCC(S(=O)(=O)c2ccccc2)CC1)c1ccc(F)cc1F,True,high
STR-49EE11A98D32940D40F8,IC50,biochemical_binding,1,1,0,1,1,0,0,8.455931955649724,8.455931955649724,8.455931955649724,3.5,3.5,IC50,1,inhibitory_potency,1,biochemical_binding,1,ChEMBL,CHEMBL5075855,Menin,2021,=,COC(=O)N[C@H]1CCC[C@@H]1[C@](CN1CCC1)(c1cccc(F)c1)C1CCN(CC2CN(c3ccc(S(=O)(=O)C4CC4)cc3)C2)CC1,COC(=O)N[C@H]1CCC[C@@H]1[C@](CN1CCC1)(c1cccc(F)c1)C1CCN(CC2CN(c3ccc(S(=O)(=O)C4CC4)cc3)C2)CC1,COC(=O)N[C@H]1CCC[C@@H]1[C@](CN1CCC1)(c1cccc(F)c1)C1CCN(CC2CN(c3ccc(S(=O)(=O)C4CC4)cc3)C2)CC1,COC(=O)N[C@H]1CCC[C@@H]1[C@](CN1CCC1)(c1cccc(F)c1)C1CCN(CC2CN(c3ccc(S(=O)(=O)C4CC4)cc3)C2)CC1,XLEQKAXPJNXRIT-IUKTVIPNSA-N,XLEQKAXPJNXRIT-IUKTVIPNSA-N,standardized,0.0,False,2.0,strict_exact,exact_point_estimate,high_potency_<=100nM,True,True,IC50,biochemical_binding,False,0.9216824883534729,0.3962229146436903,0.31111112236976624,O=C(CN1CCC(S(=O)(=O)c2ccccc2)CC1)c1ccc(F)cc1F,True,high
STR-3F32DD5F6BE1258722C6,IC50,biochemical_binding,1,1,0,1,1,0,0,8.443697499232712,8.443697499232712,8.443697499232712,3.6,3.6,IC50,1,inhibitory_potency,1,biochemical_binding,1,ChEMBL,CHEMBL5086858,Menin,2021,=,COC(=O)N[C@H]1CCC[C@@H]1[C@](CN1CCC1)(c1cccc(F)c1)C1CCN(CC2(O)CN(c3ccc(S(=O)(=O)C4CC4)cc3)C2)CC1,COC(=O)N[C@H]1CCC[C@@H]1[C@](CN1CCC1)(c1cccc(F)c1)C1CCN(CC2(O)CN(c3ccc(S(=O)(=O)C4CC4)cc3)C2)CC1,COC(=O)N[C@H]1CCC[C@@H]1[C@](CN1CCC1)(c1cccc(F)c1)C1CCN(CC2(O)CN(c3ccc(S(=O)(=O)C4CC4)cc3)C2)CC1,COC(=O)N[C@H]1CCC[C@@H]1[C@](CN1CCC1)(c1cccc(F)c1)C1CCN(CC2(O)CN(c3ccc(S(=O)(=O)C4CC4)cc3)C2)CC1,UPFLIQJKFWRSND-UEMWQVMZSA-N,UPFLIQJKFWRSND-UEMWQVMZSA-N,standardized,0.0,False,2.0,strict_exact,exact_point_estimate,high_potency_<=100nM,True,True,IC50,biochemical_binding,False,0.8958666770242385,0.4819626294458255,0.30434781312942505,O=C(CN1CCC(S(=O)(=O)c2ccccc2)CC1)c1ccc(F)cc1F,True,high
STR-BAFF2FF7D3D8F1D2F783,IC50,biochemical_binding,1,1,0,1,1,0,0,8.443697499232712,8.443697499232712,8.443697499232712,3.6,3.6,IC50,1,inhibitory_potency,1,biochemical_binding,1,ChEMBL,CHEMBL4216801,Menin,2018,=,Cc1c(CN2CCC(Nc3ncnc4sc(CC(F)(F)F)cc34)CC2)ccc2c1cc(C#N)n2C[C@@H]1CNC(=O)CO1,Cc1c(CN2CCC(Nc3ncnc4sc(CC(F)(F)F)cc34)CC2)ccc2c1cc(C#N)n2C[C@@H]1CNC(=O)CO1,Cc1c(CN2CCC(Nc3ncnc4sc(CC(F)(F)F)cc34)CC2)ccc2c1cc(C#N)n2C[C@@H]1CNC(=O)CO1,Cc1c(CN2CCC(Nc3ncnc4sc(CC(F)(F)F)cc34)CC2)ccc2c1cc(C#N)n2C[C@@H]1CNC(=O)CO1,JTUOGOXWKQAKOR-NRFANRHFSA-N,JTUOGOXWKQAKOR-NRFANRHFSA-N,standardized,0.0,False,2.0,strict_exact,exact_point_estimate,high_potency_<=100nM,True,True,IC50,biochemical_binding,False,0.9286168898474212,0.3710640774480403,0.315315306186676,O=c1nc(NC2CCN(Cc3ccc4c(c3)OCO4)CC2)c2cc(Cl)ccc2n1CC(F)(F)F,True,high
STR-D294CA925BADF351BAE7,IC50,biochemical_binding,1,1,0,1,1,0,0,8.431798275933005,8.431798275933005,8.431798275933005,3.7,3.7,IC50,1,inhibitory_potency,1,biochemical_binding,1,ChEMBL,CHEMBL5083305,Menin,2021,=,C=CC(=O)N1CCC[C@@H](S(=O)(=O)c2ccc(N3CC(CN4CCC([C@@](CN5CCC5)(c5cccc(F)c5)[C@H]5CCC[C@@H]5NC(=O)OC)CC4)(OC)C3)cc2)C1,C=CC(=O)N1CCC[C@@H](S(=O)(=O)c2ccc(N3CC(CN4CCC([C@@](CN5CCC5)(c5cccc(F)c5)[C@H]5CCC[C@@H]5NC(=O)OC)CC4)(OC)C3)cc2)C1,C=CC(=O)N1CCC[C@@H](S(=O)(=O)c2ccc(N3CC(CN4CCC([C@@](CN5CCC5)(c5cccc(F)c5)[C@H]5CCC[C@@H]5NC(=O)OC)CC4)(OC)C3)cc2)C1,C=CC(=O)N1CCC[C@@H](S(=O)(=O)c2ccc(N3CC(CN4CCC([C@@](CN5CCC5)(c5cccc(F)c5)[C@H]5CCC[C@@H]5NC(=O)OC)CC4)(OC)C3)cc2)C1,XOGANROEWWVGCF-DODHXRRRSA-N,XOGANROEWWVGCF-DODHXRRRSA-N,standardized,0.0,False,2.0,strict_exact,exact_point_estimate,high_potency_<=100nM,True,True,IC50,biochemical_binding,False,0.9034163748112468,0.4580714302844757,0.2537313401699066,C=CC(=O)N1CCC[C@@H](n2nc(-c3cccc(C(=O)NCc4ccc(C(C)(C)C)cc4)c3)c3c(N)ncnc32)C1,True,high
STR-83B9ECDFE7009BAA93EB,IC50,biochemical_binding,1,1,0,1,1,0,0,8.42021640338319,8.42021640338319,8.42021640338319,3.8,3.8,IC50,1,inhibitory_potency,1,biochemical_binding,1,ChEMBL,CHEMBL5081374,Menin,2021,=,C=CC(=O)N1CCC(S(=O)(=O)c2ccc(N3CC(CN4CCC([C@@](CN5CCC5)(c5cccc(F)c5)[C@H]5CCC[C@@H]5NC(=O)OC)CC4)(OC)C3)cc2)CC1,C=CC(=O)N1CCC(S(=O)(=O)c2ccc(N3CC(CN4CCC([C@@](CN5CCC5)(c5cccc(F)c5)[C@H]5CCC[C@@H]5NC(=O)OC)CC4)(OC)C3)cc2)CC1,C=CC(=O)N1CCC(S(=O)(=O)c2ccc(N3CC(CN4CCC([C@@](CN5CCC5)(c5cccc(F)c5)[C@H]5CCC[C@@H]5NC(=O)OC)CC4)(OC)C3)cc2)CC1,C=CC(=O)N1CCC(S(=O)(=O)c2ccc(N3CC(CN4CCC([C@@](CN5CCC5)(c5cccc(F)c5)[C@H]5CCC[C@@H]5NC(=O)OC)CC4)(OC)C3)cc2)CC1,QEXFSQAGUYEXCV-MDHXRGRUSA-N,QEXFSQAGUYEXCV-MDHXRGRUSA-N,standardized,0.0,False,2.0,strict_exact,exact_point_estimate,high_potency_<=100nM,True,True,IC50,biochemical_binding,False,0.9231431336760839,0.39100615656702853,0.28155338764190674,O=C(CN1CCC(S(=O)(=O)c2ccccc2)CC1)c1ccc(F)cc1F,True,high
STR-070A2DB3A5A9041ED5EA,IC50,biochemical_binding,1,2,1,2,1,0,0,8.397940008672037,8.397940008672037,8.397940008672037,4.0,4.0,IC50,1,inhibitory_potency,1,biochemical_binding,1,ChEMBL;PubChem,CHEMBL5975630,Menin,2021,=,CCN1Cc2ccccc2C(C2CCN(CC3CN(c4ccc(S(=O)(=O)C5CC5)cc4)C3)CC2)([C@H]2CCC[C@@H]2NC(=O)NC)C1,CCN1Cc2ccccc2C(C2CCN(CC3CN(c4ccc(S(=O)(=O)C5CC5)cc4)C3)CC2)([C@H]2CCC[C@@H]2NC(=O)NC)C1,CCN1Cc2ccccc2C(C2CCN(CC3CN(c4ccc(S(=O)(=O)C5CC5)cc4)C3)CC2)([C@H]2CCC[C@@H]2NC(=O)NC)C1,CCN1Cc2ccccc2C(C2CCN(CC3CN(c4ccc(S(=O)(=O)C5CC5)cc4)C3)CC2)([C@H]2CCC[C@@H]2NC(=O)NC)C1,MYYYSVGFHODGCR-AFLWYUAHSA-N,MYYYSVGFHODGCR-AFLWYUAHSA-N,standardized,0.0,False,2.0,strict_exact,exact_point_estimate,high_potency_<=100nM,True,True,IC50,biochemical_binding,False,0.9036360899213949,0.4573623309261825,0.26923078298568726,CCOC(=O)N1CCC(CN2CCC3(CC2)CN(C(=O)NC)c2ncccc23)CC1,True,high
STR-0B18427EF6CEB8CC075B,IC50,biochemical_binding,1,2,1,2,1,0,0,8.397940008672037,8.397940008672037,8.397940008672037,4.0,4.0,IC50,1,inhibitory_potency,1,biochemical_binding,1,ChEMBL;PubChem,CHEMBL5763525,Menin,2021,=,C#CC(=O)N[C@H]1CCC[C@@H]1[C@](C#N)(c1cccc(F)c1)C1CCN(CC2CN(c3ccc(C#N)cc3)C2)CC1,C#CC(=O)N[C@H]1CCC[C@@H]1[C@](C#N)(c1cccc(F)c1)C1CCN(CC2CN(c3ccc(C#N)cc3)C2)CC1,C#CC(=O)N[C@H]1CCC[C@@H]1[C@](C#N)(c1cccc(F)c1)C1CCN(CC2CN(c3ccc(C#N)cc3)C2)CC1,C#CC(=O)N[C@H]1CCC[C@@H]1[C@](C#N)(c1cccc(F)c1)C1CCN(CC2CN(c3ccc(C#N)cc3)C2)CC1,NHEREKBYONAPFU-GCRSFRQPSA-N,NHEREKBYONAPFU-GCRSFRQPSA-N,standardized,0.0,False,2.0,strict_exact,exact_point_estimate,high_potency_<=100nM,True,True,IC50,biochemical_binding,False,0.913532498164759,0.42456756984138605,0.3333333432674408,CCn1nc(Cc2ccc(C#N)cc2)cc1C1CCN(C[C@H]2CN([C@@H](C(=O)O)C(C)(C)C)C[C@@H]2c2cccc(F)c2)CC1,True,high
STR-1F39727F90F76C636B4B,IC50,biochemical_binding,1,1,0,1,1,0,0,8.397940008672037,8.397940008672037,8.397940008672037,4.0,4.0,IC50,1,inhibitory_potency,1,biochemical_binding,1,ChEMBL,CHEMBL5087485,Menin,2021,=,COC(=O)N[C@H]1CCC[C@@H]1[C@](CN)(c1cccc(F)c1)C1CCN(CC2CN(c3ccc(S(=O)(=O)C4CC4)cc3)C2)CC1,COC(=O)N[C@H]1CCC[C@@H]1[C@](CN)(c1cccc(F)c1)C1CCN(CC2CN(c3ccc(S(=O)(=O)C4CC4)cc3)C2)CC1,COC(=O)N[C@H]1CCC[C@@H]1[C@](CN)(c1cccc(F)c1)C1CCN(CC2CN(c3ccc(S(=O)(=O)C4CC4)cc3)C2)CC1,COC(=O)N[C@H]1CCC[C@@H]1[C@](CN)(c1cccc(F)c1)C1CCN(CC2CN(c3ccc(S(=O)(=O)C4CC4)cc3)C2)CC1,KUFACZGHKUZTGV-PHDGFQFKSA-N,KUFACZGHKUZTGV-PHDGFQFKSA-N,standardized,0.0,False,2.0,strict_exact,exact_point_estimate,high_potency_<=100nM,True,True,IC50,biochemical_binding,False,0.9040709224092065,0.45595661140535426,0.3191489279270172,NC(=O)c1cccc(S(=O)(=O)C2CCN(CCc3ccc(F)cc3F)CC2)c1,True,high
STR-3815BA4AEEA1DB9CE8BA,IC50,biochemical_binding,1,1,0,1,1,0,0,8.397940008672037,8.397940008672037,8.397940008672037,4.0,4.0,IC50,1,inhibitory_potency,1,biochemical_binding,1,ChEMBL,CHEMBL4527504,Menin,2020,=,COC(=O)N[C@H]1CCC[C@@H]1[C@](CN1CCC1)(c1cccc(F)c1)C1CCN(CC2CN(c3ccc(S(=O)(=O)C4CN(C(=O)/C=C/CN5CCC(F)CC5)C4)cc3)C2)CC1,COC(=O)N[C@H]1CCC[C@@H]1[C@](CN1CCC1)(c1cccc(F)c1)C1CCN(CC2CN(c3ccc(S(=O)(=O)C4CN(C(=O)/C=C/CN5CCC(F)CC5)C4)cc3)C2)CC1,COC(=O)N[C@H]1CCC[C@@H]1[C@](CN1CCC1)(c1cccc(F)c1)C1CCN(CC2CN(c3ccc(S(=O)(=O)C4CN(C(=O)/C=C/CN5CCC(F)CC5)C4)cc3)C2)CC1,COC(=O)N[C@H]1CCC[C@@H]1[C@](CN1CCC1)(c1cccc(F)c1)C1CCN(CC2CN(c3ccc(S(=O)(=O)C4CN(C(=O)/C=C/CN5CCC(F)CC5)C4)cc3)C2)CC1,SHFFOJKRNFQNPE-JWXKIEKXSA-N,SHFFOJKRNFQNPE-JWXKIEKXSA-N,standardized,0.0,False,2.0,strict_exact,exact_point_estimate,high_potency_<=100nM,True,True,IC50,biochemical_binding,False,0.8874290195142656,0.5076224364927044,0.25233644247055054,O=C(CN1CCC(S(=O)(=O)c2ccccc2)CC1)c1ccc(F)cc1F,True,high
STR-3A6736117BA7E1895B14,IC50,biochemical_binding,1,2,1,2,1,0,0,8.397940008672037,8.397940008672037,8.397940008672037,4.0,4.0,IC50,1,inhibitory_potency,1,biochemical_binding,1,ChEMBL;PubChem,CHEMBL5770979,Menin,2021,=,C/C=C/C(=O)Nc1cccc(S(=O)(=O)c2ccc(N3CC(CN4CCC([C@@](C#N)(c5cccc(F)c5)[C@H]5CCC[C@@H]5NC(=O)OC)CC4)C3)cc2)c1,C/C=C/C(=O)Nc1cccc(S(=O)(=O)c2ccc(N3CC(CN4CCC([C@@](C#N)(c5cccc(F)c5)[C@H]5CCC[C@@H]5NC(=O)OC)CC4)C3)cc2)c1,C/C=C/C(=O)Nc1cccc(S(=O)(=O)c2ccc(N3CC(CN4CCC([C@@](C#N)(c5cccc(F)c5)[C@H]5CCC[C@@H]5NC(=O)OC)CC4)C3)cc2)c1,C/C=C/C(=O)Nc1cccc(S(=O)(=O)c2ccc(N3CC(CN4CCC([C@@](C#N)(c5cccc(F)c5)[C@H]5CCC[C@@H]5NC(=O)OC)CC4)C3)cc2)c1,GDEMTHGWWWXCRV-KFSRZAEUSA-N,GDEMTHGWWWXCRV-KFSRZAEUSA-N,standardized,0.0,False,2.0,strict_exact,exact_point_estimate,high_potency_<=100nM,True,True,IC50,biochemical_binding,False,0.8877128239566898,0.5067764587122094,0.27927929162979126,CC(=O)Nc1cccc(N2CCN(CC3CCN(S(=O)(=O)CC4CCCCC4)CC3)CC2)c1,True,high
STR-469219CCEE1D20BDAA81,IC50,biochemical_binding,1,2,1,2,1,0,0,8.397940008672037,8.397940008672037,8.397940008672037,4.0,4.0,IC50,1,inhibitory_potency,1,biochemical_binding,1,ChEMBL;PubChem,CHEMBL5829566,Menin,2021,=,CNC(=O)O[C@H]1CCC[C@@H]1C(C#N)(c1ccccc1)C1CCN(CC2CN(c3ccc(S(=O)(=O)c4nn(C)cc4Br)cc3)C2)CC1,CNC(=O)O[C@H]1CCC[C@@H]1C(C#N)(c1ccccc1)C1CCN(CC2CN(c3ccc(S(=O)(=O)c4nn(C)cc4Br)cc3)C2)CC1,CNC(=O)O[C@H]1CCC[C@@H]1C(C#N)(c1ccccc1)C1CCN(CC2CN(c3ccc(S(=O)(=O)c4nn(C)cc4Br)cc3)C2)CC1,CNC(=O)O[C@H]1CCC[C@@H]1C(C#N)(c1ccccc1)C1CCN(CC2CN(c3ccc(S(=O)(=O)c4nn(C)cc4Br)cc3)C2)CC1,RDMGTXHHFUCBPL-OAIMCMEGSA-N,RDMGTXHHFUCBPL-OAIMCMEGSA-N,standardized,0.0,False,2.0,strict_exact,exact_point_estimate,high_potency_<=100nM,True,True,IC50,biochemical_binding,False,0.8695534395387686,0.5586616081471565,0.24347825348377228,CN1CCN(C(=O)NC2CCN(Cc3ccn(-c4ccc(C(F)(F)F)cc4)c3)CC2)C(c2ccccc2)C1,True,high
STR-4DD88D5839EF83BB667C,IC50,biochemical_binding,1,1,0,1,1,0,0,8.397940008672037,8.397940008672037,8.397940008672037,4.0,4.0,IC50,1,inhibitory_potency,1,biochemical_binding,1,ChEMBL,CHEMBL4164572,Menin,2018,=,NS(=O)(=O)Cc1ccc(CN2CCC3(CCN(c4ncnc5sc(CC(F)(F)F)cc45)C3)C2)cc1,NS(=O)(=O)Cc1ccc(CN2CCC3(CCN(c4ncnc5sc(CC(F)(F)F)cc45)C3)C2)cc1,NS(=O)(=O)Cc1ccc(CN2CCC3(CCN(c4ncnc5sc(CC(F)(F)F)cc45)C3)C2)cc1,NS(=O)(=O)Cc1ccc(CN2CCC3(CCN(c4ncnc5sc(CC(F)(F)F)cc45)C3)C2)cc1,MTGHKVNRTSXZHZ-UHFFFAOYSA-N,MTGHKVNRTSXZHZ-UHFFFAOYSA-N,standardized,0.0,False,2.0,strict_exact,exact_point_estimate,high_potency_<=100nM,True,True,IC50,biochemical_binding,False,0.9418853254953531,0.319914967543282,0.28735631704330444,NC1(C(=O)NCc2ccc(Cl)cc2)CCN(c2ncnc3[nH]ccc23)CC1,True,high
STR-882FF6702A9046F460CB,IC50,biochemical_binding,1,2,1,2,1,0,0,8.397940008672037,8.397940008672037,8.397940008672037,4.0,4.0,IC50,1,inhibitory_potency,1,biochemical_binding,1,ChEMBL;PubChem,CHEMBL6004475,Menin,2021,=,COC(=O)N[C@H]1CCC[C@@H]1[C@](C#N)(c1cccc(F)c1)C1CCN(CC2CN(c3ccc(S(=O)(=O)C4CN(C(=O)/C=C/CN5CCCCC5)C4)cc3)C2)CC1,COC(=O)N[C@H]1CCC[C@@H]1[C@](C#N)(c1cccc(F)c1)C1CCN(CC2CN(c3ccc(S(=O)(=O)C4CN(C(=O)/C=C/CN5CCCCC5)C4)cc3)C2)CC1,COC(=O)N[C@H]1CCC[C@@H]1[C@](C#N)(c1cccc(F)c1)C1CCN(CC2CN(c3ccc(S(=O)(=O)C4CN(C(=O)/C=C/CN5CCCCC5)C4)cc3)C2)CC1,COC(=O)N[C@H]1CCC[C@@H]1[C@](C#N)(c1cccc(F)c1)C1CCN(CC2CN(c3ccc(S(=O)(=O)C4CN(C(=O)/C=C/CN5CCCCC5)C4)cc3)C2)CC1,UHUPMOFVAZPLBD-ZAOLGUQISA-N,UHUPMOFVAZPLBD-ZAOLGUQISA-N,standardized,0.0,False,2.0,strict_exact,exact_point_estimate,high_potency_<=100nM,True,True,IC50,biochemical_binding,False,0.8805042486072814,0.5279096792514762,0.26153847575187683,CCn1nc(Cc2ccc(C#N)cc2)cc1C1CCN(C[C@H]2CN([C@@H](C(=O)O)C(C)(C)C)C[C@@H]2c2cccc(F)c2)CC1,True,high
STR-971CC9D9CF453AE51D7B,IC50,biochemical_binding,1,2,1,2,1,0,0,8.397940008672037,8.397940008672037,8.397940008672037,4.0,4.0,IC50,1,inhibitory_potency,1,biochemical_binding,1,ChEMBL;PubChem,CHEMBL5822575,Menin,2021,=,CNC(=O)N[C@H]1CCC[C@@H]1C(CN)(c1ccccc1)C1CCN(CC2CN(c3ccc(S(=O)(=O)c4ccccc4)cc3)C2)CC1,CNC(=O)N[C@H]1CCC[C@@H]1C(CN)(c1ccccc1)C1CCN(CC2CN(c3ccc(S(=O)(=O)c4ccccc4)cc3)C2)CC1,CNC(=O)N[C@H]1CCC[C@@H]1C(CN)(c1ccccc1)C1CCN(CC2CN(c3ccc(S(=O)(=O)c4ccccc4)cc3)C2)CC1,CNC(=O)N[C@H]1CCC[C@@H]1C(CN)(c1ccccc1)C1CCN(CC2CN(c3ccc(S(=O)(=O)c4ccccc4)cc3)C2)CC1,RXRPLAZNSINGDU-AFLWYUAHSA-N,RXRPLAZNSINGDU-AFLWYUAHSA-N,standardized,0.0,False,2.0,strict_exact,exact_point_estimate,high_potency_<=100nM,True,True,IC50,biochemical_binding,False,0.9094580047726308,0.43827634381533903,0.2631579041481018,CC(=O)Nc1cccc(N2CCN(CC3CCN(S(=O)(=O)CC4CCCCC4)CC3)CC2)c1,True,high
STR-9767BDB895288D4DE128,IC50,biochemical_binding,1,2,1,2,1,0,0,8.397940008672037,8.397940008672037,8.397940008672037,4.0,4.0,IC50,1,inhibitory_potency,1,biochemical_binding,1,ChEMBL;PubChem,CHEMBL5831219,Menin,2021,=,C=CC(=O)Nc1ccc(S(=O)(=O)c2ccc(N3CC(CN4CCC([C@@](C#N)(c5cccc(F)c5)[C@H]5CCC[C@@H]5NC(=O)OC)CC4)C3)cc2)cc1,C=CC(=O)Nc1ccc(S(=O)(=O)c2ccc(N3CC(CN4CCC([C@@](C#N)(c5cccc(F)c5)[C@H]5CCC[C@@H]5NC(=O)OC)CC4)C3)cc2)cc1,C=CC(=O)Nc1ccc(S(=O)(=O)c2ccc(N3CC(CN4CCC([C@@](C#N)(c5cccc(F)c5)[C@H]5CCC[C@@H]5NC(=O)OC)CC4)C3)cc2)cc1,C=CC(=O)Nc1ccc(S(=O)(=O)c2ccc(N3CC(CN4CCC([C@@](C#N)(c5cccc(F)c5)[C@H]5CCC[C@@H]5NC(=O)OC)CC4)C3)cc2)cc1,MUMCURKWJCKCPX-YFTHYISFSA-N,MUMCURKWJCKCPX-YFTHYISFSA-N,standardized,0.0,False,2.0,strict_exact,exact_point_estimate,high_potency_<=100nM,True,True,IC50,biochemical_binding,False,0.9026544762114982,0.46052417736957296,0.26851850748062134,CC(=O)Nc1cccc(N2CCN(CC3CCN(S(=O)(=O)CC4CCCCC4)CC3)CC2)c1,True,high
STR-9E4FCF8CA68285C7D759,IC50,biochemical_binding,1,2,1,2,1,0,0,8.397940008672037,8.397940008672037,8.397940008672037,4.0,4.0,IC50,1,inhibitory_potency,1,biochemical_binding,1,ChEMBL;PubChem,CHEMBL5938942,Menin,2021,=,CC(=O)N[C@H]1CCC[C@@H]1C1(C2CCN(CC3CN(c4ccc(S(=O)(=O)c5cnn(C)c5)cc4)C3)CC2)CNCc2ccccc21,CC(=O)N[C@H]1CCC[C@@H]1C1(C2CCN(CC3CN(c4ccc(S(=O)(=O)c5cnn(C)c5)cc4)C3)CC2)CNCc2ccccc21,CC(=O)N[C@H]1CCC[C@@H]1C1(C2CCN(CC3CN(c4ccc(S(=O)(=O)c5cnn(C)c5)cc4)C3)CC2)CNCc2ccccc21,CC(=O)N[C@H]1CCC[C@@H]1C1(C2CCN(CC3CN(c4ccc(S(=O)(=O)c5cnn(C)c5)cc4)C3)CC2)CNCc2ccccc21,KBCHFACNIBEZDD-IEKJTBOOSA-N,KBCHFACNIBEZDD-IEKJTBOOSA-N,standardized,0.0,False,2.0,strict_exact,exact_point_estimate,high_potency_<=100nM,True,True,IC50,biochemical_binding,False,0.8426591899727656,0.6279098036210623,0.25471699237823486,CC(=O)Nc1cccc(N2CCN(CC3CCN(S(=O)(=O)CC4CCCCC4)CC3)CC2)c1,True,high
STR-BF1214B82FC052E63D5D,IC50,biochemical_binding,1,2,1,2,1,0,0,8.397940008672037,8.397940008672037,8.397940008672037,4.0,4.0,IC50,1,inhibitory_potency,1,biochemical_binding,1,ChEMBL;PubChem,CHEMBL5743156,Menin,2021,=,CNC(=O)O[C@H]1CCC[C@@H]1C(Cn1ccnc1)(c1ccccc1)C1CCN(CC2CN(c3ccc(C(F)(F)F)cc3)C2)CC1,CNC(=O)O[C@H]1CCC[C@@H]1C(Cn1ccnc1)(c1ccccc1)C1CCN(CC2CN(c3ccc(C(F)(F)F)cc3)C2)CC1,CNC(=O)O[C@H]1CCC[C@@H]1C(Cn1ccnc1)(c1ccccc1)C1CCN(CC2CN(c3ccc(C(F)(F)F)cc3)C2)CC1,CNC(=O)O[C@H]1CCC[C@@H]1C(Cn1ccnc1)(c1ccccc1)C1CCN(CC2CN(c3ccc(C(F)(F)F)cc3)C2)CC1,ITASWUJEXVDNRB-KZNDPDLVSA-N,ITASWUJEXVDNRB-KZNDPDLVSA-N,standardized,0.0,False,2.0,strict_exact,exact_point_estimate,high_potency_<=100nM,True,True,IC50,biochemical_binding,False,0.9171642226261713,0.41209324749201115,0.3186813294887543,O=C(Nc1ccc(C(F)(F)F)cc1)N1CCN(C[C@@H]2CCCN(C3CC3)C2)CC1,True,high
STR-CAC36670E13A5F8A68CE,IC50,biochemical_binding,1,2,1,2,1,0,0,8.397940008672037,8.397940008672037,8.397940008672037,4.0,4.0,IC50,1,inhibitory_potency,1,biochemical_binding,1,ChEMBL;PubChem,CHEMBL5798441,Menin,2021,=,CNC(=O)O[C@H]1CCC[C@@H]1C1(C2CCN(CC3CN(c4ccc(S(=O)(=O)c5ccncc5)cc4)C3)CC2)CN(C)Cc2ccccc21,CNC(=O)O[C@H]1CCC[C@@H]1C1(C2CCN(CC3CN(c4ccc(S(=O)(=O)c5ccncc5)cc4)C3)CC2)CN(C)Cc2ccccc21,CNC(=O)O[C@H]1CCC[C@@H]1C1(C2CCN(CC3CN(c4ccc(S(=O)(=O)c5ccncc5)cc4)C3)CC2)CN(C)Cc2ccccc21,CNC(=O)O[C@H]1CCC[C@@H]1C1(C2CCN(CC3CN(c4ccc(S(=O)(=O)c5ccncc5)cc4)C3)CC2)CN(C)Cc2ccccc21,RQQWEQZHCLJHSS-FWBANIIHSA-N,RQQWEQZHCLJHSS-FWBANIIHSA-N,standardized,0.0,False,2.0,strict_exact,exact_point_estimate,high_potency_<=100nM,True,True,IC50,biochemical_binding,False,0.8817846943175018,0.5242089652533377,0.2857142984867096,CCOC(=O)N1CCC(CN2CCC3(CC2)CN(C(=O)NC)c2ncccc23)CC1,True,high
STR-D5BB346CA235EBEB0149,IC50,biochemical_binding,1,2,1,2,1,0,0,8.397940008672037,8.397940008672037,8.397940008672037,4.0,4.0,IC50,1,inhibitory_potency,1,biochemical_binding,1,ChEMBL;PubChem,CHEMBL5985246,Menin,2021,=,CNC(=O)O[C@H]1CCC[C@@H]1C(Cn1ccnc1)(c1ccccc1)C1CCN(CC2CN(c3ccc(S(=O)(=O)C4COC4)cc3)C2)CC1,CNC(=O)O[C@H]1CCC[C@@H]1C(Cn1ccnc1)(c1ccccc1)C1CCN(CC2CN(c3ccc(S(=O)(=O)C4COC4)cc3)C2)CC1,CNC(=O)O[C@H]1CCC[C@@H]1C(Cn1ccnc1)(c1ccccc1)C1CCN(CC2CN(c3ccc(S(=O)(=O)C4COC4)cc3)C2)CC1,CNC(=O)O[C@H]1CCC[C@@H]1C(Cn1ccnc1)(c1ccccc1)C1CCN(CC2CN(c3ccc(S(=O)(=O)C4COC4)cc3)C2)CC1,CLNQWDRXPWLYQP-AFLWYUAHSA-N,CLNQWDRXPWLYQP-AFLWYUAHSA-N,standardized,0.0,False,2.0,strict_exact,exact_point_estimate,high_potency_<=100nM,True,True,IC50,biochemical_binding,False,0.8934819891884691,0.4893230542193349,0.2526315748691559,O=C(CN1CCC(S(=O)(=O)c2ccccc2)CC1)c1ccc(F)cc1,True,high
STR-DF974D42229069135D77,IC50,biochemical_binding,1,2,1,2,1,0,0,8.397940008672037,8.397940008672037,8.397940008672037,4.0,4.0,IC50,1,inhibitory_potency,1,biochemical_binding,1,ChEMBL;PubChem,CHEMBL5796888,Menin,2021,=,COC(=O)N[C@H]1CCC[C@@H]1[C@](C#N)(c1cccc(F)c1)C1CCN(CC2CN(c3ccc(S(=O)(=O)C4CN(C(=O)/C=C/CN5CCOCC5)C4)cc3)C2)CC1,COC(=O)N[C@H]1CCC[C@@H]1[C@](C#N)(c1cccc(F)c1)C1CCN(CC2CN(c3ccc(S(=O)(=O)C4CN(C(=O)/C=C/CN5CCOCC5)C4)cc3)C2)CC1,COC(=O)N[C@H]1CCC[C@@H]1[C@](C#N)(c1cccc(F)c1)C1CCN(CC2CN(c3ccc(S(=O)(=O)C4CN(C(=O)/C=C/CN5CCOCC5)C4)cc3)C2)CC1,COC(=O)N[C@H]1CCC[C@@H]1[C@](C#N)(c1cccc(F)c1)C1CCN(CC2CN(c3ccc(S(=O)(=O)C4CN(C(=O)/C=C/CN5CCOCC5)C4)cc3)C2)CC1,GTMXROGUPBVOPW-GPNHBTBYSA-N,GTMXROGUPBVOPW-GPNHBTBYSA-N,standardized,0.0,False,2.0,strict_exact,exact_point_estimate,high_potency_<=100nM,True,True,IC50,biochemical_binding,False,0.8519543781576093,0.604927785053812,0.25757575035095215,CCn1nc(Cc2ccc(C#N)cc2)cc1C1CCN(C[C@H]2CN([C@@H](C(=O)O)C(C)(C)C)C[C@@H]2c2cccc(F)c2)CC1,True,high
STR-8053B83BB63EAAF32F61,IC50,biochemical_binding,1,1,0,1,1,0,0,8.387216143280265,8.387216143280265,8.387216143280265,4.1,4.1,IC50,1,inhibitory_potency,1,biochemical_binding,1,ChEMBL,CHEMBL6017372,Menin,2020,=,CC(C)N(C(=O)c1cc(F)ccc1Oc1cncnc1N1CC2(CN(C(=O)[C@H]3N[C@H]4CC[C@@H]3C[C@H]4CC3CC3)C2)C1)C(C)C,CC(C)N(C(=O)c1cc(F)ccc1Oc1cncnc1N1CC2(CN(C(=O)[C@H]3N[C@H]4CC[C@@H]3C[C@H]4CC3CC3)C2)C1)C(C)C,CC(C)N(C(=O)c1cc(F)ccc1Oc1cncnc1N1CC2(CN(C(=O)[C@H]3N[C@H]4CC[C@@H]3C[C@H]4CC3CC3)C2)C1)C(C)C,CC(C)N(C(=O)c1cc(F)ccc1Oc1cncnc1N1CC2(CN(C(=O)[C@H]3N[C@H]4CC[C@@H]3C[C@H]4CC3CC3)C2)C1)C(C)C,DJHPKVNSQIOFKC-MNRJJZRPSA-N,DJHPKVNSQIOFKC-MNRJJZRPSA-N,standardized,0.0,False,2.0,strict_exact,exact_point_estimate,high_potency_<=100nM,True,True,IC50,biochemical_binding,False,0.8642515489845741,0.5729951597642302,0.5151515007019043,CCN(C(=O)c1cc(F)ccc1Oc1cncnc1N1CC2(CCN(CC3CCCCC3)CC2)C1)C(C)C,True,high
STR-BB7B1C3CD2EFE9AFE2C0,IC50,biochemical_binding,1,1,0,1,1,0,0,8.3767507096021,8.3767507096021,8.3767507096021,4.2,4.2,IC50,1,inhibitory_potency,1,biochemical_binding,1,ChEMBL,CHEMBL5081163,Menin,2021,=,CCC(=O)N1C[C@@H]2C[C@H]1CN2S(=O)(=O)c1ccc(N2CC(CN3CCC([C@@](CN4CCC4)(c4cccc(F)c4)[C@H]4CCC[C@@H]4NC(=O)OC)CC3)(OC)C2)cc1,CCC(=O)N1C[C@@H]2C[C@H]1CN2S(=O)(=O)c1ccc(N2CC(CN3CCC([C@@](CN4CCC4)(c4cccc(F)c4)[C@H]4CCC[C@@H]4NC(=O)OC)CC3)(OC)C2)cc1,CCC(=O)N1C[C@@H]2C[C@H]1CN2S(=O)(=O)c1ccc(N2CC(CN3CCC([C@@](CN4CCC4)(c4cccc(F)c4)[C@H]4CCC[C@@H]4NC(=O)OC)CC3)(OC)C2)cc1,CCC(=O)N1C[C@@H]2C[C@H]1CN2S(=O)(=O)c1ccc(N2CC(CN3CCC([C@@](CN4CCC4)(c4cccc(F)c4)[C@H]4CCC[C@@H]4NC(=O)OC)CC3)(OC)C2)cc1,STSQDMRLPJISBS-SZDLQPMWSA-N,STSQDMRLPJISBS-SZDLQPMWSA-N,standardized,0.0,False,2.0,strict_exact,exact_point_estimate,high_potency_<=100nM,True,True,IC50,biochemical_binding,False,0.8658758571769938,0.5686411425301734,0.25641027092933655,C[C@@H]1CN(CC2(C(N)=O)CCC2)CCN1S(=O)(=O)c1ccc(C(C)(O)C(F)(F)F)cc1,True,high
STR-704625FB7455957A2AA3,IC50,biochemical_binding,1,1,0,1,1,0,0,8.337242168318426,8.337242168318426,8.337242168318426,4.6,4.6,IC50,1,inhibitory_potency,1,biochemical_binding,1,ChEMBL,CHEMBL5085064,Menin,2021,=,C=CC(=O)N1C[C@H]2C[C@@H]1CN2S(=O)(=O)c1ccc(N2CC(CN3CCC([C@@](CN4CCC4)(c4cccc(F)c4)[C@H]4CCC[C@@H]4NC(=O)OC)CC3)(OC)C2)cc1,C=CC(=O)N1C[C@H]2C[C@@H]1CN2S(=O)(=O)c1ccc(N2CC(CN3CCC([C@@](CN4CCC4)(c4cccc(F)c4)[C@H]4CCC[C@@H]4NC(=O)OC)CC3)(OC)C2)cc1,C=CC(=O)N1C[C@H]2C[C@@H]1CN2S(=O)(=O)c1ccc(N2CC(CN3CCC([C@@](CN4CCC4)(c4cccc(F)c4)[C@H]4CCC[C@@H]4NC(=O)OC)CC3)(OC)C2)cc1,C=CC(=O)N1C[C@H]2C[C@@H]1CN2S(=O)(=O)c1ccc(N2CC(CN3CCC([C@@](CN4CCC4)(c4cccc(F)c4)[C@H]4CCC[C@@H]4NC(=O)OC)CC3)(OC)C2)cc1,HFHVSSGMYSWPIR-IXPKHDRGSA-N,HFHVSSGMYSWPIR-IXPKHDRGSA-N,standardized,0.0,False,2.0,strict_exact,exact_point_estimate,high_potency_<=100nM,True,True,IC50,biochemical_binding,False,0.8698421764228494,0.5578708579751069,0.2542372941970825,C[C@@H]1CN(CC2(C(N)=O)CCC2)CCN1S(=O)(=O)c1ccc(C(C)(O)C(F)(F)F)cc1,True,high
STR-19873DB44217FEBF78AF,IC50,biochemical_binding,1,2,1,2,1,0,0,8.301029995663981,8.301029995663981,8.301029995663981,5.0,5.0,IC50,1,inhibitory_potency,1,biochemical_binding,1,ChEMBL;PubChem,CHEMBL5928416,Menin,2021,=,N#C[C@@](c1cccc(F)c1)(C1CCN(CC2CN(c3ccc(S(=O)(=O)C4CC4)cc3)C2)CC1)[C@H]1CCC[C@@H]1NC(=O)CCl,N#C[C@@](c1cccc(F)c1)(C1CCN(CC2CN(c3ccc(S(=O)(=O)C4CC4)cc3)C2)CC1)[C@H]1CCC[C@@H]1NC(=O)CCl,N#C[C@@](c1cccc(F)c1)(C1CCN(CC2CN(c3ccc(S(=O)(=O)C4CC4)cc3)C2)CC1)[C@H]1CCC[C@@H]1NC(=O)CCl,N#C[C@@](c1cccc(F)c1)(C1CCN(CC2CN(c3ccc(S(=O)(=O)C4CC4)cc3)C2)CC1)[C@H]1CCC[C@@H]1NC(=O)CCl,DXTZINIBCSTADU-PHDGFQFKSA-N,DXTZINIBCSTADU-PHDGFQFKSA-N,standardized,0.0,False,2.0,strict_exact,exact_point_estimate,high_potency_<=100nM,True,True,IC50,biochemical_binding,False,0.9192826726404866,0.40470170815121653,0.31521740555763245,N#Cc1ccc(S(=O)(=O)C2CCN(CCc3ccc(F)cc3F)CC2)cc1,True,high
STR-2159345A857E58155448,IC50,biochemical_binding,1,2,1,2,1,0,0,8.301029995663981,8.301029995663981,8.301029995663981,5.0,5.0,IC50,1,inhibitory_potency,1,biochemical_binding,1,ChEMBL;PubChem,CHEMBL5960556,Menin,2021,=,CC(=O)N[C@H]1CCC[C@@H]1C1(C2CCN(CC3CN(c4ccc(S(=O)(=O)c5ccncc5)cc4)C3)CC2)CN(C)Cc2ccccc21,CC(=O)N[C@H]1CCC[C@@H]1C1(C2CCN(CC3CN(c4ccc(S(=O)(=O)c5ccncc5)cc4)C3)CC2)CN(C)Cc2ccccc21,CC(=O)N[C@H]1CCC[C@@H]1C1(C2CCN(CC3CN(c4ccc(S(=O)(=O)c5ccncc5)cc4)C3)CC2)CN(C)Cc2ccccc21,CC(=O)N[C@H]1CCC[C@@H]1C1(C2CCN(CC3CN(c4ccc(S(=O)(=O)c5ccncc5)cc4)C3)CC2)CN(C)Cc2ccccc21,GQLDAZNFIWROOP-JTTVYFNNSA-N,GQLDAZNFIWROOP-JTTVYFNNSA-N,standardized,0.0,False,2.0,strict_exact,exact_point_estimate,high_potency_<=100nM,True,True,IC50,biochemical_binding,False,0.8873637954351101,0.5078166950554088,0.2647058963775635,CC(=O)Nc1cccc(N2CCN(CC3CCN(S(=O)(=O)CC4CCCCC4)CC3)CC2)c1,True,high
STR-404CEFB796E101ECF803,IC50,biochemical_binding,1,1,0,1,1,0,0,8.301029995663981,8.301029995663981,8.301029995663981,5.0,5.0,IC50,1,inhibitory_potency,1,biochemical_binding,1,ChEMBL,CHEMBL4454560,Menin,2020,=,COC(=O)N[C@H]1CCC[C@@H]1[C@](CN(C)C)(c1cccc(F)c1)C1CCN(CC2CN(c3ccc(S(=O)(=O)C4CN(C(=O)/C=C/CN(C)C)C4)cc3)C2)CC1,COC(=O)N[C@H]1CCC[C@@H]1[C@](CN(C)C)(c1cccc(F)c1)C1CCN(CC2CN(c3ccc(S(=O)(=O)C4CN(C(=O)/C=C/CN(C)C)C4)cc3)C2)CC1,COC(=O)N[C@H]1CCC[C@@H]1[C@](CN(C)C)(c1cccc(F)c1)C1CCN(CC2CN(c3ccc(S(=O)(=O)C4CN(C(=O)/C=C/CN(C)C)C4)cc3)C2)CC1,COC(=O)N[C@H]1CCC[C@@H]1[C@](CN(C)C)(c1cccc(F)c1)C1CCN(CC2CN(c3ccc(S(=O)(=O)C4CN(C(=O)/C=C/CN(C)C)C4)cc3)C2)CC1,HYSJABPGNTVFHP-CEDHWSPUSA-N,HYSJABPGNTVFHP-CEDHWSPUSA-N,standardized,0.0,False,2.0,strict_exact,exact_point_estimate,high_potency_<=100nM,True,True,IC50,biochemical_binding,False,0.880759662412989,0.5271732898858434,0.30645161867141724,CN(C)C/C=C/C(=O)N1CCN(c2cnc3cc(C(F)(F)F)cc(NCc4cccc([N+](=O)[O-])c4)c3c2)CC1,True,high
STR-654C0D84C180E9D74576,IC50,biochemical_binding,1,2,1,2,1,0,0,8.301029995663981,8.301029995663981,8.301029995663981,5.0,5.0,IC50,1,inhibitory_potency,1,biochemical_binding,1,ChEMBL;PubChem,CHEMBL6020537,Menin,2021,=,CNC(=O)O[C@H]1CCC[C@@H]1C(Cn1ccnc1)(c1cccc(F)c1)C1CCN(CC2CN(c3ccc(C#N)cc3)C2)CC1,CNC(=O)O[C@H]1CCC[C@@H]1C(Cn1ccnc1)(c1cccc(F)c1)C1CCN(CC2CN(c3ccc(C#N)cc3)C2)CC1,CNC(=O)O[C@H]1CCC[C@@H]1C(Cn1ccnc1)(c1cccc(F)c1)C1CCN(CC2CN(c3ccc(C#N)cc3)C2)CC1,CNC(=O)O[C@H]1CCC[C@@H]1C(Cn1ccnc1)(c1cccc(F)c1)C1CCN(CC2CN(c3ccc(C#N)cc3)C2)CC1,UDTLYHREMCOXLK-QKZQDKRESA-N,UDTLYHREMCOXLK-QKZQDKRESA-N,standardized,0.0,False,2.0,strict_exact,exact_point_estimate,high_potency_<=100nM,True,True,IC50,biochemical_binding,False,0.9190704004338646,0.40544625213099605,0.34210526943206787,CCn1nc(Cc2ccc(C#N)cc2)cc1C1CCN(C[C@H]2CN([C@@H](C(=O)O)C(C)(C)C)C[C@@H]2c2cccc(F)c2)CC1,True,high
STR-74748864A5B42BEF5513,IC50,biochemical_binding,1,1,0,1,1,0,0,8.301029995663981,8.301029995663981,8.301029995663981,5.0,5.0,IC50,1,inhibitory_potency,1,biochemical_binding,1,ChEMBL,CHEMBL4449381,Menin,2019,=,CNC(=O)O[C@H]1CCC[C@@H]1[C@]1(C2CCN(CC3CN(c4ccc(S(=O)(=O)c5ccncc5)cc4)C3)CC2)CN(C)Cc2ccccc21,CNC(=O)O[C@H]1CCC[C@@H]1[C@]1(C2CCN(CC3CN(c4ccc(S(=O)(=O)c5ccncc5)cc4)C3)CC2)CN(C)Cc2ccccc21,CNC(=O)O[C@H]1CCC[C@@H]1[C@]1(C2CCN(CC3CN(c4ccc(S(=O)(=O)c5ccncc5)cc4)C3)CC2)CN(C)Cc2ccccc21,CNC(=O)O[C@H]1CCC[C@@H]1[C@]1(C2CCN(CC3CN(c4ccc(S(=O)(=O)c5ccncc5)cc4)C3)CC2)CN(C)Cc2ccccc21,RQQWEQZHCLJHSS-IWQNTTPNSA-N,RQQWEQZHCLJHSS-IWQNTTPNSA-N,standardized,0.0,False,2.0,strict_exact,exact_point_estimate,high_potency_<=100nM,True,True,IC50,biochemical_binding,False,0.8817846943175018,0.5242089652533377,0.2857142984867096,CCOC(=O)N1CCC(CN2CCC3(CC2)CN(C(=O)NC)c2ncccc23)CC1,True,high
STR-771E4A4135C686845F23,IC50,biochemical_binding,1,2,1,2,1,0,0,8.301029995663981,8.301029995663981,8.301029995663981,5.0,5.0,IC50,1,inhibitory_potency,1,biochemical_binding,1,ChEMBL;PubChem,CHEMBL5749051,Menin,2021,=,COC(=O)N[C@H]1CCC[C@@H]1[C@](C#N)(c1cccc(F)c1)C1CCN(CC2CN(c3ccc(S(=O)(=O)c4cccc(NC(=O)/C=C/CN5CCOCC5)c4)cc3)C2)CC1,COC(=O)N[C@H]1CCC[C@@H]1[C@](C#N)(c1cccc(F)c1)C1CCN(CC2CN(c3ccc(S(=O)(=O)c4cccc(NC(=O)/C=C/CN5CCOCC5)c4)cc3)C2)CC1,COC(=O)N[C@H]1CCC[C@@H]1[C@](C#N)(c1cccc(F)c1)C1CCN(CC2CN(c3ccc(S(=O)(=O)c4cccc(NC(=O)/C=C/CN5CCOCC5)c4)cc3)C2)CC1,COC(=O)N[C@H]1CCC[C@@H]1[C@](C#N)(c1cccc(F)c1)C1CCN(CC2CN(c3ccc(S(=O)(=O)c4cccc(NC(=O)/C=C/CN5CCOCC5)c4)cc3)C2)CC1,UAEWAWGUQILUTK-DVXYBWKSSA-N,UAEWAWGUQILUTK-DVXYBWKSSA-N,standardized,0.0,False,2.0,strict_exact,exact_point_estimate,high_potency_<=100nM,True,True,IC50,biochemical_binding,False,0.8612082207713914,0.5810658232026168,0.26271185278892517,CC(=O)Nc1cccc(N2CCN(CC3CCN(S(=O)(=O)CC4CCCCC4)CC3)CC2)c1,True,high
STR-843DDF86851FBE55E4F0,IC50,biochemical_binding,1,2,1,2,1,0,0,8.301029995663981,8.301029995663981,8.301029995663981,5.0,5.0,IC50,1,inhibitory_potency,1,biochemical_binding,1,ChEMBL;PubChem,CHEMBL5958578,Menin,2021,=,C/C=C/C(=O)N1CC(S(=O)(=O)c2ccc(N3CC(CN4CCC([C@@](C#N)(c5cccc(F)c5)[C@H]5CCC[C@@H]5NC(=O)OC)CC4)C3)cc2)C1,C/C=C/C(=O)N1CC(S(=O)(=O)c2ccc(N3CC(CN4CCC([C@@](C#N)(c5cccc(F)c5)[C@H]5CCC[C@@H]5NC(=O)OC)CC4)C3)cc2)C1,C/C=C/C(=O)N1CC(S(=O)(=O)c2ccc(N3CC(CN4CCC([C@@](C#N)(c5cccc(F)c5)[C@H]5CCC[C@@H]5NC(=O)OC)CC4)C3)cc2)C1,C/C=C/C(=O)N1CC(S(=O)(=O)c2ccc(N3CC(CN4CCC([C@@](C#N)(c5cccc(F)c5)[C@H]5CCC[C@@H]5NC(=O)OC)CC4)C3)cc2)C1,WGTBOCZNYZWUPL-YXPXXTLLSA-N,WGTBOCZNYZWUPL-YXPXXTLLSA-N,standardized,0.0,False,2.0,strict_exact,exact_point_estimate,high_potency_<=100nM,True,True,IC50,biochemical_binding,False,0.8948099517055265,0.4852349966258651,0.26923078298568726,N#Cc1ccc(S(=O)(=O)C2CCN(CCc3ccc(F)cc3F)CC2)cc1,True,high
STR-8A794CDE3E0D8F1C731C,IC50,biochemical_binding,1,2,1,2,1,0,0,8.301029995663981,8.301029995663981,8.301029995663981,5.0,5.0,IC50,1,inhibitory_potency,1,biochemical_binding,1,ChEMBL;PubChem,CHEMBL5933901,Menin,2021,=,C=CC(=O)N1CC(S(=O)(=O)c2ccc(N3CC(CN4CCC([C@@](C#N)(c5cccc(F)c5)[C@H]5CCC[C@@H]5OC(=O)NC)CC4)C3)cc2)C1,C=CC(=O)N1CC(S(=O)(=O)c2ccc(N3CC(CN4CCC([C@@](C#N)(c5cccc(F)c5)[C@H]5CCC[C@@H]5OC(=O)NC)CC4)C3)cc2)C1,C=CC(=O)N1CC(S(=O)(=O)c2ccc(N3CC(CN4CCC([C@@](C#N)(c5cccc(F)c5)[C@H]5CCC[C@@H]5OC(=O)NC)CC4)C3)cc2)C1,C=CC(=O)N1CC(S(=O)(=O)c2ccc(N3CC(CN4CCC([C@@](C#N)(c5cccc(F)c5)[C@H]5CCC[C@@H]5OC(=O)NC)CC4)C3)cc2)C1,YCHRNEMAHYDBHW-UEMWQVMZSA-N,YCHRNEMAHYDBHW-UEMWQVMZSA-N,standardized,0.0,False,2.0,strict_exact,exact_point_estimate,high_potency_<=100nM,True,True,IC50,biochemical_binding,False,0.8723284999162936,0.551017507217211,0.27450981736183167,N#Cc1ccc(S(=O)(=O)C2CCN(CCc3ccc(F)cc3F)CC2)cc1,True,high
STR-EDA0DBA402DA3F7EB4D8,IC50,biochemical_binding,1,2,1,2,1,0,0,8.301029995663981,8.301029995663981,8.301029995663981,5.0,5.0,IC50,1,inhibitory_potency,1,biochemical_binding,1,ChEMBL;PubChem,CHEMBL5948342,Menin,2021,=,CNC(=O)O[C@H]1CCC[C@@H]1C(Cn1ccnc1)(c1ccccc1)C1CCN(CC2CN(c3ccc(Cl)cc3)C2)CC1,CNC(=O)O[C@H]1CCC[C@@H]1C(Cn1ccnc1)(c1ccccc1)C1CCN(CC2CN(c3ccc(Cl)cc3)C2)CC1,CNC(=O)O[C@H]1CCC[C@@H]1C(Cn1ccnc1)(c1ccccc1)C1CCN(CC2CN(c3ccc(Cl)cc3)C2)CC1,CNC(=O)O[C@H]1CCC[C@@H]1C(Cn1ccnc1)(c1ccccc1)C1CCN(CC2CN(c3ccc(Cl)cc3)C2)CC1,SALXHNZPHZHXHR-KZNDPDLVSA-N,SALXHNZPHZHXHR-KZNDPDLVSA-N,standardized,0.0,False,2.0,strict_exact,exact_point_estimate,high_potency_<=100nM,True,True,IC50,biochemical_binding,False,0.9360494374763241,0.3429315366300194,0.30188679695129395,CC(=O)N1CCN(c2ccc(OCC3COC(Cn4ccnc4)(c4ccc(Cl)cc4Cl)O3)cc2)CC1,True,high
STR-CD3ABA81D633A3E66F13,IC50,biochemical_binding,1,1,0,1,1,0,0,8.275724130399212,8.275724130399212,8.275724130399212,5.3,5.3,IC50,1,inhibitory_potency,1,biochemical_binding,1,ChEMBL,CHEMBL6067935,Menin,2020,=,CC(C)N(C(=O)c1cc(F)ccc1Oc1cncnc1N1CC2(CCN(C(=O)[C@H]3N[C@H]4CC[C@@H]3C[C@@H]4CC3CC3)CC2)C1)C(C)C,CC(C)N(C(=O)c1cc(F)ccc1Oc1cncnc1N1CC2(CCN(C(=O)[C@H]3N[C@H]4CC[C@@H]3C[C@@H]4CC3CC3)CC2)C1)C(C)C,CC(C)N(C(=O)c1cc(F)ccc1Oc1cncnc1N1CC2(CCN(C(=O)[C@H]3N[C@H]4CC[C@@H]3C[C@@H]4CC3CC3)CC2)C1)C(C)C,CC(C)N(C(=O)c1cc(F)ccc1Oc1cncnc1N1CC2(CCN(C(=O)[C@H]3N[C@H]4CC[C@@H]3C[C@@H]4CC3CC3)CC2)C1)C(C)C,SKALBDQRURDSRO-XUOJJIKWSA-N,SKALBDQRURDSRO-XUOJJIKWSA-N,standardized,0.0,False,2.0,strict_exact,exact_point_estimate,high_potency_<=100nM,True,True,IC50,biochemical_binding,False,0.8618443067199136,0.5793882841360853,0.5612244606018066,CCN(C(=O)c1cc(F)ccc1Oc1cncnc1N1CC2(CCN(CC3CCCCC3)CC2)C1)C(C)C,True,high
STR-073AD85CF5EE1E9C87AB,IC50,biochemical_binding,1,2,1,2,1,0,0,8.221848749616356,8.221848749616356,8.221848749616356,6.0,6.0,IC50,1,inhibitory_potency,1,biochemical_binding,1,ChEMBL;PubChem,CHEMBL4585198,Menin,2019,=,CCN1Cc2ccccc2C(C2CCCC2)(C2CCN(CC3CN(c4ccc(S(=O)(=O)c5ccncc5)cc4)C3)CC2)C1,CCN1Cc2ccccc2C(C2CCCC2)(C2CCN(CC3CN(c4ccc(S(=O)(=O)c5ccncc5)cc4)C3)CC2)C1,CCN1Cc2ccccc2C(C2CCCC2)(C2CCN(CC3CN(c4ccc(S(=O)(=O)c5ccncc5)cc4)C3)CC2)C1,CCN1Cc2ccccc2C(C2CCCC2)(C2CCN(CC3CN(c4ccc(S(=O)(=O)c5ccncc5)cc4)C3)CC2)C1,MIDBFVUJIVFIOM-UHFFFAOYSA-N,MIDBFVUJIVFIOM-UHFFFAOYSA-N,standardized,0.0,False,2.0,strict_exact,exact_point_estimate,high_potency_<=100nM,True,True,IC50,biochemical_binding,False,0.9294121704354326,0.3681134965918126,0.27659574151039124,CCOC(=O)N1CCC(CN2CCC3(CC2)CN(S(C)(=O)=O)c2ncccc23)CC1,True,high
STR-09E54D8A9B952AC86D2A,IC50,biochemical_binding,1,2,1,2,1,0,0,8.221848749616356,8.221848749616356,8.221848749616356,6.0,6.0,IC50,1,inhibitory_potency,1,biochemical_binding,1,ChEMBL;PubChem,CHEMBL5783513,Menin,2021,=,CNC(=O)O[C@H]1CCC[C@@H]1C(C#N)(c1ccccc1)C1CCN(CC2CN(c3ccc(S(=O)(=O)c4ccncc4)cc3)C2)CC1,CNC(=O)O[C@H]1CCC[C@@H]1C(C#N)(c1ccccc1)C1CCN(CC2CN(c3ccc(S(=O)(=O)c4ccncc4)cc3)C2)CC1,CNC(=O)O[C@H]1CCC[C@@H]1C(C#N)(c1ccccc1)C1CCN(CC2CN(c3ccc(S(=O)(=O)c4ccncc4)cc3)C2)CC1,CNC(=O)O[C@H]1CCC[C@@H]1C(C#N)(c1ccccc1)C1CCN(CC2CN(c3ccc(S(=O)(=O)c4ccncc4)cc3)C2)CC1,GWDOGFQBFWTQSO-HEVKVOQNSA-N,GWDOGFQBFWTQSO-HEVKVOQNSA-N,standardized,0.0,False,2.0,strict_exact,exact_point_estimate,high_potency_<=100nM,True,True,IC50,biochemical_binding,False,0.9072128848612783,0.44570505267741034,0.2604166567325592,O=C(O)c1ccc(N2CCC(CN3CCC(Oc4ccc(Cl)c(Cl)c4)CC3)CC2)cc1,True,high
STR-377B42435916FCE77AA8,IC50,biochemical_binding,1,2,1,2,1,0,0,8.221848749616356,8.221848749616356,8.221848749616356,6.0,6.0,IC50,1,inhibitory_potency,1,biochemical_binding,1,ChEMBL;PubChem,CHEMBL5767175,Menin,2021,=,CNC(=O)O[C@H]1CCC[C@@H]1[C@](C#N)(c1ccccc1)C1CCN(CC2CN(c3ccc(S(=O)(=O)c4ccncc4)cc3)C2)CC1,CNC(=O)O[C@H]1CCC[C@@H]1[C@](C#N)(c1ccccc1)C1CCN(CC2CN(c3ccc(S(=O)(=O)c4ccncc4)cc3)C2)CC1,CNC(=O)O[C@H]1CCC[C@@H]1[C@](C#N)(c1ccccc1)C1CCN(CC2CN(c3ccc(S(=O)(=O)c4ccncc4)cc3)C2)CC1,CNC(=O)O[C@H]1CCC[C@@H]1[C@](C#N)(c1ccccc1)C1CCN(CC2CN(c3ccc(S(=O)(=O)c4ccncc4)cc3)C2)CC1,GWDOGFQBFWTQSO-RKAQNKOCSA-N,GWDOGFQBFWTQSO-RKAQNKOCSA-N,standardized,0.0,False,2.0,strict_exact,exact_point_estimate,high_potency_<=100nM,True,True,IC50,biochemical_binding,False,0.9072128848612783,0.44570505267741034,0.2604166567325592,O=C(O)c1ccc(N2CCC(CN3CCC(Oc4ccc(Cl)c(Cl)c4)CC3)CC2)cc1,True,high
STR-39162221D259757C11ED,IC50,biochemical_binding,1,2,1,2,1,0,0,8.221848749616356,8.221848749616356,8.221848749616356,6.0,6.0,IC50,1,inhibitory_potency,1,biochemical_binding,1,ChEMBL;PubChem,CHEMBL6034357,Menin,2021,=,CN(C)C(=O)N[C@H]1CCC[C@@H]1C(Cn1ccnc1)(c1ccccc1)C1CCN(CC2CN(c3ccc(S(=O)(=O)c4cnn(C)c4)cc3)C2)CC1,CN(C)C(=O)N[C@H]1CCC[C@@H]1C(Cn1ccnc1)(c1ccccc1)C1CCN(CC2CN(c3ccc(S(=O)(=O)c4cnn(C)c4)cc3)C2)CC1,CN(C)C(=O)N[C@H]1CCC[C@@H]1C(Cn1ccnc1)(c1ccccc1)C1CCN(CC2CN(c3ccc(S(=O)(=O)c4cnn(C)c4)cc3)C2)CC1,CN(C)C(=O)N[C@H]1CCC[C@@H]1C(Cn1ccnc1)(c1ccccc1)C1CCN(CC2CN(c3ccc(S(=O)(=O)c4cnn(C)c4)cc3)C2)CC1,PUYITSCFEXVUDJ-MROBMTMESA-N,PUYITSCFEXVUDJ-MROBMTMESA-N,standardized,0.0,False,2.0,strict_exact,exact_point_estimate,high_potency_<=100nM,True,True,IC50,biochemical_binding,False,0.8892751213804689,0.5020985466693545,0.25641027092933655,COc1cc(N)c(Cl)cc1C(=O)N[C@H]1CCN(CCCn2ccnc2)C[C@H]1OC,True,high
STR-3A41597854480F3DF1D0,IC50,biochemical_binding,1,2,1,2,1,0,0,8.221848749616356,8.221848749616356,8.221848749616356,6.0,6.0,IC50,1,inhibitory_potency,1,biochemical_binding,1,ChEMBL;PubChem,CHEMBL5980299,Menin,2021,=,COC(=O)N[C@H]1CCC[C@@H]1[C@](C#N)(c1cccc(F)c1)C1C[C@@H](C)N(CC2CN(c3ccc(S(=O)(=O)C4CN(C(=O)/C=C/CN(C)C)C4)cc3)C2)[C@@H](C)C1,COC(=O)N[C@H]1CCC[C@@H]1[C@](C#N)(c1cccc(F)c1)C1C[C@@H](C)N(CC2CN(c3ccc(S(=O)(=O)C4CN(C(=O)/C=C/CN(C)C)C4)cc3)C2)[C@@H](C)C1,COC(=O)N[C@H]1CCC[C@@H]1[C@](C#N)(c1cccc(F)c1)C1C[C@@H](C)N(CC2CN(c3ccc(S(=O)(=O)C4CN(C(=O)/C=C/CN(C)C)C4)cc3)C2)[C@@H](C)C1,COC(=O)N[C@H]1CCC[C@@H]1[C@](C#N)(c1cccc(F)c1)C1C[C@@H](C)N(CC2CN(c3ccc(S(=O)(=O)C4CN(C(=O)/C=C/CN(C)C)C4)cc3)C2)[C@@H](C)C1,LDROCNQPOAZJPF-YDSZOHQPSA-N,LDROCNQPOAZJPF-YDSZOHQPSA-N,standardized,0.0,False,2.0,strict_exact,exact_point_estimate,high_potency_<=100nM,True,True,IC50,biochemical_binding,False,0.8811941627966571,0.5259185120645775,0.26923078298568726,CN(C)C/C=C/C(=O)N1CCN(c2cnc3cc(C(F)(F)F)cc(NCc4cccc([N+](=O)[O-])c4)c3c2)CC1,True,high
STR-6FE1A42FCCA9C735ED36,IC50,biochemical_binding,1,2,1,2,1,0,0,8.221848749616356,8.221848749616356,8.221848749616356,6.0,6.0,IC50,1,inhibitory_potency,1,biochemical_binding,1,ChEMBL;PubChem,CHEMBL5790028,Menin,2021,=,CCN1Cc2ccccc2C(C2CCCC2)(C2CCN(CC3CN(c4ccc(S(=O)(=O)c5ccnc(C)c5)cc4)C3)CC2)C1,CCN1Cc2ccccc2C(C2CCCC2)(C2CCN(CC3CN(c4ccc(S(=O)(=O)c5ccnc(C)c5)cc4)C3)CC2)C1,CCN1Cc2ccccc2C(C2CCCC2)(C2CCN(CC3CN(c4ccc(S(=O)(=O)c5ccnc(C)c5)cc4)C3)CC2)C1,CCN1Cc2ccccc2C(C2CCCC2)(C2CCN(CC3CN(c4ccc(S(=O)(=O)c5ccnc(C)c5)cc4)C3)CC2)C1,GSRBFWVFYXUZEN-UHFFFAOYSA-N,GSRBFWVFYXUZEN-UHFFFAOYSA-N,standardized,0.0,False,2.0,strict_exact,exact_point_estimate,high_potency_<=100nM,True,True,IC50,biochemical_binding,False,0.9173861577179939,0.41132291898363116,0.2857142984867096,CCOC(=O)N1CCC(CN2CCC3(CC2)CN(S(C)(=O)=O)c2ncccc23)CC1,True,high
STR-C9E0EFAEE2C6ACA45C7C,IC50,biochemical_binding,1,2,1,2,1,0,0,8.221848749616356,8.221848749616356,8.221848749616356,6.0,6.0,IC50,1,inhibitory_potency,1,biochemical_binding,1,ChEMBL;PubChem,CHEMBL5893927,Menin,2021,=,CNC(=O)O[C@H]1CCC[C@@H]1C(Cn1ccnc1C)(c1cccc(F)c1)C1CCN(CC2CN(c3ccc(Cl)cc3)C2)CC1,CNC(=O)O[C@H]1CCC[C@@H]1C(Cn1ccnc1C)(c1cccc(F)c1)C1CCN(CC2CN(c3ccc(Cl)cc3)C2)CC1,CNC(=O)O[C@H]1CCC[C@@H]1C(Cn1ccnc1C)(c1cccc(F)c1)C1CCN(CC2CN(c3ccc(Cl)cc3)C2)CC1,CNC(=O)O[C@H]1CCC[C@@H]1C(Cn1ccnc1C)(c1cccc(F)c1)C1CCN(CC2CN(c3ccc(Cl)cc3)C2)CC1,VYTCGCANNASGQW-QKZQDKRESA-N,VYTCGCANNASGQW-QKZQDKRESA-N,standardized,0.0,False,2.0,strict_exact,exact_point_estimate,high_potency_<=100nM,True,True,IC50,biochemical_binding,False,0.9207198897821824,0.3996375207390418,0.28070175647735596,O=C(O)[C@@H](CC1CCC1)N1C[C@H](CN2CCC(c3cnc4ccccn34)CC2)[C@@H](c2cccc(F)c2)C1,True,high
STR-801FAB4C61D8E9427A35,IC50,biochemical_binding,1,1,0,1,1,0,0,8.207608310501746,8.207608310501746,8.207608310501746,6.2,6.2,IC50,1,inhibitory_potency,1,biochemical_binding,1,ChEMBL,CHEMBL5808345,Menin,2020,=,C=C1C[C@H]2CC[C@@H]1N[C@@H]2C(=O)N1CC2(C1)CN(c1ncncc1Oc1ccc(F)cc1C(=O)N(C(C)C)C(C)C)C2,C=C1C[C@H]2CC[C@@H]1N[C@@H]2C(=O)N1CC2(C1)CN(c1ncncc1Oc1ccc(F)cc1C(=O)N(C(C)C)C(C)C)C2,C=C1C[C@H]2CC[C@@H]1N[C@@H]2C(=O)N1CC2(C1)CN(c1ncncc1Oc1ccc(F)cc1C(=O)N(C(C)C)C(C)C)C2,C=C1C[C@H]2CC[C@@H]1N[C@@H]2C(=O)N1CC2(C1)CN(c1ncncc1Oc1ccc(F)cc1C(=O)N(C(C)C)C(C)C)C2,ULYNNDWGUHSVCE-QURRFSBHSA-N,ULYNNDWGUHSVCE-QURRFSBHSA-N,standardized,0.0,False,2.0,strict_exact,exact_point_estimate,high_potency_<=100nM,True,True,IC50,biochemical_binding,False,0.8667756538782648,0.5662151189919197,0.5051546096801758,CCN(C(=O)c1cc(F)ccc1Oc1cncnc1N1CC2(CCN(CC3CCCCC3)CC2)C1)C(C)C,True,high
STR-1B889CE46B71B0168CDC,IC50,biochemical_binding,1,1,0,1,1,0,0,8.161150909262744,8.161150909262744,8.161150909262744,6.9,6.9,IC50,1,inhibitory_potency,1,biochemical_binding,1,ChEMBL,CHEMBL5076001,Menin,2021,=,COC(=O)N[C@H]1CCC[C@@H]1[C@](C#N)(c1cccc(F)c1)C1CCN(CC2CN(c3ccc(S(=O)(=O)C4CC4)cc3)C2)CC1,COC(=O)N[C@H]1CCC[C@@H]1[C@](C#N)(c1cccc(F)c1)C1CCN(CC2CN(c3ccc(S(=O)(=O)C4CC4)cc3)C2)CC1,COC(=O)N[C@H]1CCC[C@@H]1[C@](C#N)(c1cccc(F)c1)C1CCN(CC2CN(c3ccc(S(=O)(=O)C4CC4)cc3)C2)CC1,COC(=O)N[C@H]1CCC[C@@H]1[C@](C#N)(c1cccc(F)c1)C1CCN(CC2CN(c3ccc(S(=O)(=O)C4CC4)cc3)C2)CC1,SEOLXQHWWAZPIW-PHDGFQFKSA-N,SEOLXQHWWAZPIW-PHDGFQFKSA-N,standardized,0.0,False,2.0,strict_exact,exact_point_estimate,high_potency_<=100nM,True,True,IC50,biochemical_binding,False,0.9016542858053751,0.4637295889651587,0.31521740555763245,N#Cc1ccc(S(=O)(=O)C2CCN(CCc3ccc(F)cc3F)CC2)cc1,True,high
STR-10E9D8E15102F968C01B,IC50,biochemical_binding,1,2,1,2,1,0,0,8.154901959985743,8.154901959985743,8.154901959985743,7.0,7.0,IC50,1,inhibitory_potency,1,biochemical_binding,1,ChEMBL;PubChem,CHEMBL5819310,Menin,2021,=,COC(=O)N[C@H]1CCC[C@@H]1[C@](C#N)(c1cccc(F)c1)C1CCN(CCCOc2ccc(S(=O)(=O)C3CN(C(=O)/C=C/CN(C)C)C3)cc2)CC1,COC(=O)N[C@H]1CCC[C@@H]1[C@](C#N)(c1cccc(F)c1)C1CCN(CCCOc2ccc(S(=O)(=O)C3CN(C(=O)/C=C/CN(C)C)C3)cc2)CC1,COC(=O)N[C@H]1CCC[C@@H]1[C@](C#N)(c1cccc(F)c1)C1CCN(CCCOc2ccc(S(=O)(=O)C3CN(C(=O)/C=C/CN(C)C)C3)cc2)CC1,COC(=O)N[C@H]1CCC[C@@H]1[C@](C#N)(c1cccc(F)c1)C1CCN(CCCOc2ccc(S(=O)(=O)C3CN(C(=O)/C=C/CN(C)C)C3)cc2)CC1,BSNVIXWVMHSRLA-NPAATNGNSA-N,BSNVIXWVMHSRLA-NPAATNGNSA-N,standardized,0.0,False,2.0,strict_exact,exact_point_estimate,high_potency_<=100nM,True,True,IC50,biochemical_binding,False,0.8645221843339672,0.5722719732653058,0.3076923191547394,CCOC(=O)C1CCN(CCCOc2ccc(S(N)(=O)=O)cc2)CC1,True,high
STR-1764644935E711FBFE13,IC50,biochemical_binding,1,2,1,2,1,0,0,8.154901959985743,8.154901959985743,8.154901959985743,7.0,7.0,IC50,1,inhibitory_potency,1,biochemical_binding,1,ChEMBL;PubChem,CHEMBL5777937,Menin,2021,=,CNC(=O)O[C@H]1CCC[C@@H]1C(C#N)(c1ccccc1)C1CCN(CC2CN(c3ccc(S(=O)(=O)c4ccn(C)n4)cc3)C2)CC1,CNC(=O)O[C@H]1CCC[C@@H]1C(C#N)(c1ccccc1)C1CCN(CC2CN(c3ccc(S(=O)(=O)c4ccn(C)n4)cc3)C2)CC1,CNC(=O)O[C@H]1CCC[C@@H]1C(C#N)(c1ccccc1)C1CCN(CC2CN(c3ccc(S(=O)(=O)c4ccn(C)n4)cc3)C2)CC1,CNC(=O)O[C@H]1CCC[C@@H]1C(C#N)(c1ccccc1)C1CCN(CC2CN(c3ccc(S(=O)(=O)c4ccn(C)n4)cc3)C2)CC1,XGDPJMZKJSYGJF-FVVNGJPMSA-N,XGDPJMZKJSYGJF-FVVNGJPMSA-N,standardized,0.0,False,2.0,strict_exact,exact_point_estimate,high_potency_<=100nM,True,True,IC50,biochemical_binding,False,0.8689052574858317,0.5604328949403595,0.2525252401828766,O=C(O)c1ccc(N2CCC(CN3CCC(Oc4ccc(Cl)c(Cl)c4)CC3)CC2)cc1,True,high
STR-1E41EA89AAF9C5AE998F,IC50,biochemical_binding,1,2,1,2,1,0,0,8.154901959985743,8.154901959985743,8.154901959985743,7.0,7.0,IC50,1,inhibitory_potency,1,biochemical_binding,1,ChEMBL;PubChem,CHEMBL4551865,Menin,2019,=,CC(C)N1Cc2ccccc2C(C2CCCC2)(C2CCN(CC3CN(c4ccc(S(=O)(=O)c5ccncc5)cc4)C3)CC2)C1,CC(C)N1Cc2ccccc2C(C2CCCC2)(C2CCN(CC3CN(c4ccc(S(=O)(=O)c5ccncc5)cc4)C3)CC2)C1,CC(C)N1Cc2ccccc2C(C2CCCC2)(C2CCN(CC3CN(c4ccc(S(=O)(=O)c5ccncc5)cc4)C3)CC2)C1,CC(C)N1Cc2ccccc2C(C2CCCC2)(C2CCN(CC3CN(c4ccc(S(=O)(=O)c5ccncc5)cc4)C3)CC2)C1,JHWOZNHPOMQEEW-UHFFFAOYSA-N,JHWOZNHPOMQEEW-UHFFFAOYSA-N,standardized,0.0,False,2.0,strict_exact,exact_point_estimate,high_potency_<=100nM,True,True,IC50,biochemical_binding,False,0.8928965195387487,0.49111688104851503,0.25773194432258606,CCOC(=O)N1CCC(CN2CCC3(CC2)CN(S(C)(=O)=O)c2ncccc23)CC1,True,high
STR-3253D8DC94A1BCB38E8F,IC50,biochemical_binding,1,2,1,2,1,0,0,8.154901959985743,8.154901959985743,8.154901959985743,7.0,7.0,IC50,1,inhibitory_potency,1,biochemical_binding,1,ChEMBL;PubChem,CHEMBL5843849,Menin,2021,=,CCN1Cc2ccccc2C(C2CCCC2)(C2CCN(CC3CN(c4ccc(S(=O)(=O)c5ccncc5C)cc4)C3)CC2)C1,CCN1Cc2ccccc2C(C2CCCC2)(C2CCN(CC3CN(c4ccc(S(=O)(=O)c5ccncc5C)cc4)C3)CC2)C1,CCN1Cc2ccccc2C(C2CCCC2)(C2CCN(CC3CN(c4ccc(S(=O)(=O)c5ccncc5C)cc4)C3)CC2)C1,CCN1Cc2ccccc2C(C2CCCC2)(C2CCN(CC3CN(c4ccc(S(=O)(=O)c5ccncc5C)cc4)C3)CC2)C1,VZUPZBJZIAXDBC-UHFFFAOYSA-N,VZUPZBJZIAXDBC-UHFFFAOYSA-N,standardized,0.0,False,2.0,strict_exact,exact_point_estimate,high_potency_<=100nM,True,True,IC50,biochemical_binding,False,0.9266651820698742,0.378247077277964,0.27272728085517883,CCOC(=O)N1CCC(CN2CCC3(CC2)CN(S(C)(=O)=O)c2ncccc23)CC1,True,high
STR-40B1021373C595DF25D7,IC50,biochemical_binding,1,2,1,2,1,0,0,8.154901959985743,8.154901959985743,8.154901959985743,7.0,7.0,IC50,1,inhibitory_potency,1,biochemical_binding,1,ChEMBL;PubChem,CHEMBL5899857,Menin,2021,=,COC(=O)N[C@H]1CCC[C@@H]1[C@](C#N)(c1ccccc1)C1CCN(CC2CN(c3ccc(S(=O)(=O)C(F)(F)F)cc3)C2)CC1,COC(=O)N[C@H]1CCC[C@@H]1[C@](C#N)(c1ccccc1)C1CCN(CC2CN(c3ccc(S(=O)(=O)C(F)(F)F)cc3)C2)CC1,COC(=O)N[C@H]1CCC[C@@H]1[C@](C#N)(c1ccccc1)C1CCN(CC2CN(c3ccc(S(=O)(=O)C(F)(F)F)cc3)C2)CC1,COC(=O)N[C@H]1CCC[C@@H]1[C@](C#N)(c1ccccc1)C1CCN(CC2CN(c3ccc(S(=O)(=O)C(F)(F)F)cc3)C2)CC1,DCFDPTPAVDCHET-TWLDFKIOSA-N,DCFDPTPAVDCHET-TWLDFKIOSA-N,standardized,0.0,False,2.0,strict_exact,exact_point_estimate,high_potency_<=100nM,True,True,IC50,biochemical_binding,False,0.8915791042646346,0.49513445234610426,0.2666666805744171,CN1CCN(C(=O)NC2CCN(Cc3ccn(-c4ccc(C(F)(F)F)cc4)c3)CC2)C(c2ccccc2)C1,True,high
STR-571CCDCD3D693D6D5618,IC50,biochemical_binding,1,2,1,2,1,0,0,8.154901959985743,8.154901959985743,8.154901959985743,7.0,7.0,IC50,1,inhibitory_potency,1,biochemical_binding,1,ChEMBL;PubChem,CHEMBL5971499,Menin,2021,=,C=CC(=O)N[C@H]1CCC[C@@H]1[C@](C#N)(c1cccc(F)c1)C1CCN(CC2CN(c3ccc(C#N)cc3)C2)CC1,C=CC(=O)N[C@H]1CCC[C@@H]1[C@](C#N)(c1cccc(F)c1)C1CCN(CC2CN(c3ccc(C#N)cc3)C2)CC1,C=CC(=O)N[C@H]1CCC[C@@H]1[C@](C#N)(c1cccc(F)c1)C1CCN(CC2CN(c3ccc(C#N)cc3)C2)CC1,C=CC(=O)N[C@H]1CCC[C@@H]1[C@](C#N)(c1cccc(F)c1)C1CCN(CC2CN(c3ccc(C#N)cc3)C2)CC1,YUVPNKZAKHSGAC-GCRSFRQPSA-N,YUVPNKZAKHSGAC-GCRSFRQPSA-N,standardized,0.0,False,2.0,strict_exact,exact_point_estimate,high_potency_<=100nM,True,True,IC50,biochemical_binding,False,0.9204948432134079,0.4004331750003768,0.3333333432674408,CCn1nc(Cc2ccc(C#N)cc2)cc1C1CCN(C[C@H]2CN([C@@H](C(=O)O)C(C)(C)C)C[C@@H]2c2cccc(F)c2)CC1,True,high
STR-636585A8759358E2930D,IC50,biochemical_binding,1,2,1,2,1,0,0,8.154901959985743,8.154901959985743,8.154901959985743,7.0,7.0,IC50,1,inhibitory_potency,1,biochemical_binding,1,ChEMBL;PubChem,CHEMBL5935610,Menin,2021,=,COC(=O)N[C@H]1CCC[C@@H]1C(C#N)(c1ccccc1)C1CCN(CC2CN(c3ccc(S(=O)(=O)c4ccc(C(N)=O)cc4)cc3)C2)CC1,COC(=O)N[C@H]1CCC[C@@H]1C(C#N)(c1ccccc1)C1CCN(CC2CN(c3ccc(S(=O)(=O)c4ccc(C(N)=O)cc4)cc3)C2)CC1,COC(=O)N[C@H]1CCC[C@@H]1C(C#N)(c1ccccc1)C1CCN(CC2CN(c3ccc(S(=O)(=O)c4ccc(C(N)=O)cc4)cc3)C2)CC1,COC(=O)N[C@H]1CCC[C@@H]1C(C#N)(c1ccccc1)C1CCN(CC2CN(c3ccc(S(=O)(=O)c4ccc(C(N)=O)cc4)cc3)C2)CC1,WPABUMSVZRUGQW-JWTXWEFBSA-N,WPABUMSVZRUGQW-JWTXWEFBSA-N,standardized,0.0,False,2.0,strict_exact,exact_point_estimate,high_potency_<=100nM,True,True,IC50,biochemical_binding,False,0.9016162409475512,0.4638511929174176,0.28421053290367126,O=C(O)c1ccc(N2CCC(CN3CCC(Oc4ccc(Cl)c(Cl)c4)CC3)CC2)cc1,True,high
STR-70C7272DAD1CFA014D53,IC50,biochemical_binding,1,1,0,1,1,0,0,8.154901959985743,8.154901959985743,8.154901959985743,7.0,7.0,IC50,1,inhibitory_potency,1,biochemical_binding,1,ChEMBL,CHEMBL5956903,Menin,2020,=,CC(C)N(C(=O)c1cc(F)ccc1Oc1cncnc1N1CC2(CN(C(=O)C3NC4CCC3CC4)C2)C1)C(C)C,CC(C)N(C(=O)c1cc(F)ccc1Oc1cncnc1N1CC2(CN(C(=O)C3NC4CCC3CC4)C2)C1)C(C)C,CC(C)N(C(=O)c1cc(F)ccc1Oc1cncnc1N1CC2(CN(C(=O)C3NC4CCC3CC4)C2)C1)C(C)C,CC(C)N(C(=O)c1cc(F)ccc1Oc1cncnc1N1CC2(CN(C(=O)C3NC4CCC3CC4)C2)C1)C(C)C,PLYBGYMZTMVRST-UHFFFAOYSA-N,PLYBGYMZTMVRST-UHFFFAOYSA-N,standardized,0.0,False,2.0,strict_exact,exact_point_estimate,high_potency_<=100nM,True,True,IC50,biochemical_binding,False,0.8517567261892769,0.6054265804231664,0.5384615659713745,CCN(C(=O)c1cc(F)ccc1Oc1cncnc1N1CC2(CCN(CC3CCCCC3)CC2)C1)C(C)C,True,high
STR-7C604423619052A15AC8,IC50,biochemical_binding,1,2,1,2,1,0,0,8.154901959985743,8.154901959985743,8.154901959985743,7.0,7.0,IC50,1,inhibitory_potency,1,biochemical_binding,1,ChEMBL;PubChem,CHEMBL5769793,Menin,2021,=,CC(=O)O[C@H]1CCC[C@@H]1C(C#N)(c1ccccc1)C1CCN(CC2CN(c3ccc(S(=O)(=O)c4ccncc4)cc3)C2)CC1,CC(=O)O[C@H]1CCC[C@@H]1C(C#N)(c1ccccc1)C1CCN(CC2CN(c3ccc(S(=O)(=O)c4ccncc4)cc3)C2)CC1,CC(=O)O[C@H]1CCC[C@@H]1C(C#N)(c1ccccc1)C1CCN(CC2CN(c3ccc(S(=O)(=O)c4ccncc4)cc3)C2)CC1,CC(=O)O[C@H]1CCC[C@@H]1C(C#N)(c1ccccc1)C1CCN(CC2CN(c3ccc(S(=O)(=O)c4ccncc4)cc3)C2)CC1,XVLUCSMHEWTUJD-IEKJTBOOSA-N,XVLUCSMHEWTUJD-IEKJTBOOSA-N,standardized,0.0,False,2.0,strict_exact,exact_point_estimate,high_potency_<=100nM,True,True,IC50,biochemical_binding,False,0.8987031222938896,0.47309316979891924,0.26595744490623474,O=C(O)c1ccc(N2CCC(CN3CCC(Oc4ccc(Cl)c(Cl)c4)CC3)CC2)cc1,True,high
STR-A70185AE5063299B6804,IC50,biochemical_binding,1,2,1,2,1,0,0,8.154901959985743,8.154901959985743,8.154901959985743,7.0,7.0,IC50,1,inhibitory_potency,1,biochemical_binding,1,ChEMBL;PubChem,CHEMBL4592636,Menin,2019,=,O=S(=O)(c1ccncc1)c1ccc(N2CC(CN3CCC(C4(C5CCCC5)CN(CC5CC5)Cc5ccccc54)CC3)C2)cc1,O=S(=O)(c1ccncc1)c1ccc(N2CC(CN3CCC(C4(C5CCCC5)CN(CC5CC5)Cc5ccccc54)CC3)C2)cc1,O=S(=O)(c1ccncc1)c1ccc(N2CC(CN3CCC(C4(C5CCCC5)CN(CC5CC5)Cc5ccccc54)CC3)C2)cc1,O=S(=O)(c1ccncc1)c1ccc(N2CC(CN3CCC(C4(C5CCCC5)CN(CC5CC5)Cc5ccccc54)CC3)C2)cc1,RSSRSCZYQVYTTR-UHFFFAOYSA-N,RSSRSCZYQVYTTR-UHFFFAOYSA-N,standardized,0.0,False,2.0,strict_exact,exact_point_estimate,high_potency_<=100nM,True,True,IC50,biochemical_binding,False,0.9316395709039388,0.35977508939138125,0.2688172161579132,CCOC(=O)N1CCC(CN2CCC3(CC2)CN(S(C)(=O)=O)c2ncccc23)CC1,True,high
STR-BD3C32C55755152AB6D1,IC50,biochemical_binding,1,2,1,2,1,0,0,8.154901959985743,8.154901959985743,8.154901959985743,7.0,7.0,IC50,1,inhibitory_potency,1,biochemical_binding,1,ChEMBL;PubChem,CHEMBL5859938,Menin,2021,=,CCN1Cc2ccccc2C(C2CCN(CC3CN(c4ccc(S(=O)(=O)c5cnn(C)c5)cc4)C3)CC2)([C@H]2CCC[C@@H]2NC(=O)NC)C1,CCN1Cc2ccccc2C(C2CCN(CC3CN(c4ccc(S(=O)(=O)c5cnn(C)c5)cc4)C3)CC2)([C@H]2CCC[C@@H]2NC(=O)NC)C1,CCN1Cc2ccccc2C(C2CCN(CC3CN(c4ccc(S(=O)(=O)c5cnn(C)c5)cc4)C3)CC2)([C@H]2CCC[C@@H]2NC(=O)NC)C1,CCN1Cc2ccccc2C(C2CCN(CC3CN(c4ccc(S(=O)(=O)c5cnn(C)c5)cc4)C3)CC2)([C@H]2CCC[C@@H]2NC(=O)NC)C1,NKNUEJRAVCXOJB-FWBANIIHSA-N,NKNUEJRAVCXOJB-FWBANIIHSA-N,standardized,0.0,False,2.0,strict_exact,exact_point_estimate,high_potency_<=100nM,True,True,IC50,biochemical_binding,False,0.8207346065871479,0.6784673603648763,0.2612612545490265,CCOC(=O)N1CCC(CN2CCC3(CC2)CN(C(=O)NC)c2ncccc23)CC1,True,high
STR-BEF59984678C49DF2998,IC50,biochemical_binding,1,2,1,2,1,0,0,8.154901959985743,8.154901959985743,8.154901959985743,7.0,7.0,IC50,1,inhibitory_potency,1,biochemical_binding,1,ChEMBL;PubChem,CHEMBL5783978,Menin,2021,=,COC(=O)N[C@H]1CCC[C@@H]1C(Cn1ccnc1)(c1ccccc1)C1CCN(CC2CN(c3ccc(S(=O)(=O)c4cnn(C)c4)cc3)C2)CC1,COC(=O)N[C@H]1CCC[C@@H]1C(Cn1ccnc1)(c1ccccc1)C1CCN(CC2CN(c3ccc(S(=O)(=O)c4cnn(C)c4)cc3)C2)CC1,COC(=O)N[C@H]1CCC[C@@H]1C(Cn1ccnc1)(c1ccccc1)C1CCN(CC2CN(c3ccc(S(=O)(=O)c4cnn(C)c4)cc3)C2)CC1,COC(=O)N[C@H]1CCC[C@@H]1C(Cn1ccnc1)(c1ccccc1)C1CCN(CC2CN(c3ccc(S(=O)(=O)c4cnn(C)c4)cc3)C2)CC1,HGCHYIZENKRNPI-FWBANIIHSA-N,HGCHYIZENKRNPI-FWBANIIHSA-N,standardized,0.0,False,2.0,strict_exact,exact_point_estimate,high_potency_<=100nM,True,True,IC50,biochemical_binding,False,0.871279872031271,0.553917654272344,0.28070175647735596,COc1cc(N)c(Cl)cc1C(=O)N[C@H]1CCN(CCCn2ccnc2)C[C@H]1OC,True,high
STR-B5D946FAC7CA35C5B953,IC50,biochemical_binding,1,1,0,1,1,0,0,8.148741651280925,8.148741651280925,8.148741651280925,7.1,7.1,IC50,1,inhibitory_potency,1,biochemical_binding,1,ChEMBL,CHEMBL6067936,Menin,2020,=,CC(C)N(C(=O)c1cc(F)ccc1Oc1cncnc1N1CC2(CCN(C(=O)[C@H]3N[C@H]4CC[C@@H]3C[C@H]4CC3CC3)CC2)C1)C(C)C,CC(C)N(C(=O)c1cc(F)ccc1Oc1cncnc1N1CC2(CCN(C(=O)[C@H]3N[C@H]4CC[C@@H]3C[C@H]4CC3CC3)CC2)C1)C(C)C,CC(C)N(C(=O)c1cc(F)ccc1Oc1cncnc1N1CC2(CCN(C(=O)[C@H]3N[C@H]4CC[C@@H]3C[C@H]4CC3CC3)CC2)C1)C(C)C,CC(C)N(C(=O)c1cc(F)ccc1Oc1cncnc1N1CC2(CCN(C(=O)[C@H]3N[C@H]4CC[C@@H]3C[C@H]4CC3CC3)CC2)C1)C(C)C,SKALBDQRURDSRO-RSKUZXBTSA-N,SKALBDQRURDSRO-RSKUZXBTSA-N,standardized,0.0,False,2.0,strict_exact,exact_point_estimate,high_potency_<=100nM,True,True,IC50,biochemical_binding,False,0.8618443067199136,0.5793882841360853,0.5612244606018066,CCN(C(=O)c1cc(F)ccc1Oc1cncnc1N1CC2(CCN(CC3CCCCC3)CC2)C1)C(C)C,True,high
STR-FB32B5E0FE59CE4699E6,IC50,biochemical_binding,1,1,0,1,1,0,0,8.1249387366083,8.1249387366083,8.1249387366083,7.5,7.5,IC50,1,inhibitory_potency,1,biochemical_binding,1,ChEMBL,CHEMBL4218724,Menin,2018,=,Cc1c(CN2CCC(Nc3ncnc4sc(CC(F)(F)F)cc34)CC2)ccc2c1cc(C#N)n2CC1CNC(=O)CO1,Cc1c(CN2CCC(Nc3ncnc4sc(CC(F)(F)F)cc34)CC2)ccc2c1cc(C#N)n2CC1CNC(=O)CO1,Cc1c(CN2CCC(Nc3ncnc4sc(CC(F)(F)F)cc34)CC2)ccc2c1cc(C#N)n2CC1CNC(=O)CO1,Cc1c(CN2CCC(Nc3ncnc4sc(CC(F)(F)F)cc34)CC2)ccc2c1cc(C#N)n2CC1CNC(=O)CO1,JTUOGOXWKQAKOR-UHFFFAOYSA-N,JTUOGOXWKQAKOR-UHFFFAOYSA-N,standardized,0.0,False,2.0,strict_exact,exact_point_estimate,high_potency_<=100nM,True,True,IC50,biochemical_binding,False,0.9286168898474212,0.3710640774480403,0.315315306186676,O=c1nc(NC2CCN(Cc3ccc4c(c3)OCO4)CC2)c2cc(Cl)ccc2n1CC(F)(F)F,True,high
STR-DC00BFEB0D64455B5FD8,IC50,biochemical_binding,1,1,0,1,1,0,0,8.102372908709558,8.102372908709558,8.102372908709558,7.9,7.9,IC50,1,inhibitory_potency,1,biochemical_binding,1,ChEMBL,CHEMBL5803279,Menin,2020,=,C=C1C[C@H]2CC[C@@H]1N[C@@H]2C(=O)N1CCC2(CC1)CN(c1ncncc1Oc1ccc(F)cc1C(=O)N(C(C)C)C(C)C)C2,C=C1C[C@H]2CC[C@@H]1N[C@@H]2C(=O)N1CCC2(CC1)CN(c1ncncc1Oc1ccc(F)cc1C(=O)N(C(C)C)C(C)C)C2,C=C1C[C@H]2CC[C@@H]1N[C@@H]2C(=O)N1CCC2(CC1)CN(c1ncncc1Oc1ccc(F)cc1C(=O)N(C(C)C)C(C)C)C2,C=C1C[C@H]2CC[C@@H]1N[C@@H]2C(=O)N1CCC2(CC1)CN(c1ncncc1Oc1ccc(F)cc1C(=O)N(C(C)C)C(C)C)C2,IOZUAULLLIHQBP-IXLXJOPFSA-N,IOZUAULLLIHQBP-IXLXJOPFSA-N,standardized,0.0,False,2.0,strict_exact,exact_point_estimate,high_potency_<=100nM,True,True,IC50,biochemical_binding,False,0.8576554601352899,0.5903461695922223,0.5520833134651184,CCN(C(=O)c1cc(F)ccc1Oc1cncnc1N1CC2(CCN(CC3CCCCC3)CC2)C1)C(C)C,True,high
STR-142DC3F04BDF2ABC0F0A,IC50,biochemical_binding,1,2,1,2,1,0,0,8.096910013008056,8.096910013008056,8.096910013008056,8.0,8.0,IC50,1,inhibitory_potency,1,biochemical_binding,1,ChEMBL;PubChem,CHEMBL6029944,Menin,2021,=,CNC(=O)O[C@H]1CCC[C@@H]1C(Cn1ccnc1)(c1ccccc1)C1CCN(CC2CN(c3ccc(S(=O)(=O)c4cnn(C)c4)cc3)C2)CC1,CNC(=O)O[C@H]1CCC[C@@H]1C(Cn1ccnc1)(c1ccccc1)C1CCN(CC2CN(c3ccc(S(=O)(=O)c4cnn(C)c4)cc3)C2)CC1,CNC(=O)O[C@H]1CCC[C@@H]1C(Cn1ccnc1)(c1ccccc1)C1CCN(CC2CN(c3ccc(S(=O)(=O)c4cnn(C)c4)cc3)C2)CC1,CNC(=O)O[C@H]1CCC[C@@H]1C(Cn1ccnc1)(c1ccccc1)C1CCN(CC2CN(c3ccc(S(=O)(=O)c4cnn(C)c4)cc3)C2)CC1,HTBPNCRHOIYFLK-FWBANIIHSA-N,HTBPNCRHOIYFLK-FWBANIIHSA-N,standardized,0.0,False,2.0,strict_exact,exact_point_estimate,high_potency_<=100nM,True,True,IC50,biochemical_binding,False,0.8307313117540711,0.6560291098189746,0.260869562625885,COc1cc(N)c(Cl)cc1C(=O)N[C@H]1CCN(CCCn2ccnc2)C[C@H]1OC,True,high
STR-5A6612853CA9F9DCEA91,IC50,biochemical_binding,1,2,1,2,1,0,0,8.096910013008056,8.096910013008056,8.096910013008056,8.0,8.0,IC50,1,inhibitory_potency,1,biochemical_binding,1,ChEMBL;PubChem,CHEMBL4449199,Menin,2019,=,O=S(=O)(c1ccncc1)c1ccc(N2CC(CN3CCC(C4(C5CCCC5)CNCc5ccccc54)CC3)C2)cc1,O=S(=O)(c1ccncc1)c1ccc(N2CC(CN3CCC(C4(C5CCCC5)CNCc5ccccc54)CC3)C2)cc1,O=S(=O)(c1ccncc1)c1ccc(N2CC(CN3CCC(C4(C5CCCC5)CNCc5ccccc54)CC3)C2)cc1,O=S(=O)(c1ccncc1)c1ccc(N2CC(CN3CCC(C4(C5CCCC5)CNCc5ccccc54)CC3)C2)cc1,KJANBCLSZKUJAW-UHFFFAOYSA-N,KJANBCLSZKUJAW-UHFFFAOYSA-N,standardized,0.0,False,2.0,strict_exact,exact_point_estimate,high_potency_<=100nM,True,True,IC50,biochemical_binding,False,0.9497279456156974,0.2875515023563613,0.25531914830207825,CCOC(=O)N1CCC(CN2CCC3(CC2)CN(S(C)(=O)=O)c2ncccc23)CC1,True,high
STR-7574D071910577A50816,IC50,biochemical_binding,1,2,1,2,1,0,0,8.096910013008056,8.096910013008056,8.096910013008056,8.0,8.0,IC50,1,inhibitory_potency,1,biochemical_binding,1,ChEMBL;PubChem,CHEMBL5769865,Menin,2021,=,CCN1Cc2ccccc2C(C2CCCC2)(C2CCN(CC3CN(c4ccc(S(=O)(=O)c5ccnc6cnccc56)cc4)C3)CC2)C1,CCN1Cc2ccccc2C(C2CCCC2)(C2CCN(CC3CN(c4ccc(S(=O)(=O)c5ccnc6cnccc56)cc4)C3)CC2)C1,CCN1Cc2ccccc2C(C2CCCC2)(C2CCN(CC3CN(c4ccc(S(=O)(=O)c5ccnc6cnccc56)cc4)C3)CC2)C1,CCN1Cc2ccccc2C(C2CCCC2)(C2CCN(CC3CN(c4ccc(S(=O)(=O)c5ccnc6cnccc56)cc4)C3)CC2)C1,IHHXCQOQDYSMNR-UHFFFAOYSA-N,IHHXCQOQDYSMNR-UHFFFAOYSA-N,standardized,0.0,False,2.0,strict_exact,exact_point_estimate,high_potency_<=100nM,True,True,IC50,biochemical_binding,False,0.9087796139560098,0.440530242029881,0.25961539149284363,CCOC(=O)N1CCC(CN2CCC3(CC2)CN(S(C)(=O)=O)c2ncccc23)CC1,True,high
STR-9CCCDEEF5E324E6E33B4,IC50,biochemical_binding,1,2,1,2,1,0,0,8.096910013008056,8.096910013008056,8.096910013008056,8.0,8.0,IC50,1,inhibitory_potency,1,biochemical_binding,1,ChEMBL;PubChem,CHEMBL5936667,Menin,2021,=,CCN1Cc2ccccc2C(C2CCCC2)(C2CCN(CC3CN(c4ccc(S(=O)(=O)c5ccc(C(=O)O)cc5)cc4)C3)CC2)C1,CCN1Cc2ccccc2C(C2CCCC2)(C2CCN(CC3CN(c4ccc(S(=O)(=O)c5ccc(C(=O)O)cc5)cc4)C3)CC2)C1,CCN1Cc2ccccc2C(C2CCCC2)(C2CCN(CC3CN(c4ccc(S(=O)(=O)c5ccc(C(=O)O)cc5)cc4)C3)CC2)C1,CCN1Cc2ccccc2C(C2CCCC2)(C2CCN(CC3CN(c4ccc(S(=O)(=O)c5ccc(C(=O)O)cc5)cc4)C3)CC2)C1,ABQWFYYDUYCATL-UHFFFAOYSA-N,ABQWFYYDUYCATL-UHFFFAOYSA-N,standardized,0.0,False,2.0,strict_exact,exact_point_estimate,high_potency_<=100nM,True,True,IC50,biochemical_binding,False,0.8460247344864346,0.6196996436452338,0.3255814015865326,O=C(O)c1ccc(N2CCC(CN3CCC(Oc4ccc(Cl)c(Cl)c4)CC3)CC2)cc1,True,high
STR-AD35C124559ACD44BE3E,IC50,biochemical_binding,1,2,1,2,1,0,0,8.096910013008056,8.096910013008056,8.096910013008056,8.0,8.0,IC50,1,inhibitory_potency,1,biochemical_binding,1,ChEMBL;PubChem,CHEMBL5962223,Menin,2021,=,COC(=O)N[C@H]1CCC[C@@H]1C(C#N)(c1ccccc1)C1CCN(CC2CN(c3ccc(S(=O)(=O)C(F)(F)F)cc3)C2)CC1,COC(=O)N[C@H]1CCC[C@@H]1C(C#N)(c1ccccc1)C1CCN(CC2CN(c3ccc(S(=O)(=O)C(F)(F)F)cc3)C2)CC1,COC(=O)N[C@H]1CCC[C@@H]1C(C#N)(c1ccccc1)C1CCN(CC2CN(c3ccc(S(=O)(=O)C(F)(F)F)cc3)C2)CC1,COC(=O)N[C@H]1CCC[C@@H]1C(C#N)(c1ccccc1)C1CCN(CC2CN(c3ccc(S(=O)(=O)C(F)(F)F)cc3)C2)CC1,DCFDPTPAVDCHET-SRBHEWTHSA-N,DCFDPTPAVDCHET-SRBHEWTHSA-N,standardized,0.0,False,2.0,strict_exact,exact_point_estimate,high_potency_<=100nM,True,True,IC50,biochemical_binding,False,0.8915791042646346,0.49513445234610426,0.2666666805744171,CN1CCN(C(=O)NC2CCN(Cc3ccn(-c4ccc(C(F)(F)F)cc4)c3)CC2)C(c2ccccc2)C1,True,high
STR-B2BA33058BFAB9451C2F,IC50,biochemical_binding,1,2,1,2,1,0,0,8.096910013008056,8.096910013008056,8.096910013008056,8.0,8.0,IC50,1,inhibitory_potency,1,biochemical_binding,1,ChEMBL;PubChem,CHEMBL5836021,Menin,2021,=,CCN1Cc2ccccc2C(C2CCCC2)(C2CCN(CC3CN(c4ccc(S(=O)(=O)C5CCCC5)cc4)C3)CC2)C1,CCN1Cc2ccccc2C(C2CCCC2)(C2CCN(CC3CN(c4ccc(S(=O)(=O)C5CCCC5)cc4)C3)CC2)C1,CCN1Cc2ccccc2C(C2CCCC2)(C2CCN(CC3CN(c4ccc(S(=O)(=O)C5CCCC5)cc4)C3)CC2)C1,CCN1Cc2ccccc2C(C2CCCC2)(C2CCN(CC3CN(c4ccc(S(=O)(=O)C5CCCC5)cc4)C3)CC2)C1,PHPBPQONSFYJDH-UHFFFAOYSA-N,PHPBPQONSFYJDH-UHFFFAOYSA-N,standardized,0.0,False,2.0,strict_exact,exact_point_estimate,high_potency_<=100nM,True,True,IC50,biochemical_binding,False,0.9343675976168216,0.34940906263911164,0.30985915660858154,O=S(=O)(c1ccccc1)C1CCN(CCc2ccccc2)CC1,True,high
STR-CB65BC34DC11FA6EB615,IC50,biochemical_binding,1,2,1,2,1,0,0,8.096910013008056,8.096910013008056,8.096910013008056,8.0,8.0,IC50,1,inhibitory_potency,1,biochemical_binding,1,ChEMBL;PubChem,CHEMBL5848603,Menin,2021,=,CNC(=O)N[C@H]1CCC[C@@H]1C1(C2CCN(CC3CN(c4ccc(S(=O)(=O)c5ccncc5)cc4)C3)CC2)CN(C)Cc2ccccc21,CNC(=O)N[C@H]1CCC[C@@H]1C1(C2CCN(CC3CN(c4ccc(S(=O)(=O)c5ccncc5)cc4)C3)CC2)CN(C)Cc2ccccc21,CNC(=O)N[C@H]1CCC[C@@H]1C1(C2CCN(CC3CN(c4ccc(S(=O)(=O)c5ccncc5)cc4)C3)CC2)CN(C)Cc2ccccc21,CNC(=O)N[C@H]1CCC[C@@H]1C1(C2CCN(CC3CN(c4ccc(S(=O)(=O)c5ccncc5)cc4)C3)CC2)CN(C)Cc2ccccc21,MYVKCHDXVPKEKS-FWBANIIHSA-N,MYVKCHDXVPKEKS-FWBANIIHSA-N,standardized,0.0,False,2.0,strict_exact,exact_point_estimate,high_potency_<=100nM,True,True,IC50,biochemical_binding,False,0.8756552889992784,0.5417219781555471,0.27358490228652954,CCOC(=O)N1CCC(CN2CCC3(CC2)CN(C(=O)NC)c2ncccc23)CC1,True,high
STR-D3A497B4DE3B2E0622F3,IC50,biochemical_binding,1,2,1,2,1,0,0,8.096910013008056,8.096910013008056,8.096910013008056,8.0,8.0,IC50,1,inhibitory_potency,1,biochemical_binding,1,ChEMBL;PubChem,CHEMBL5820786,Menin,2021,=,CCc1cnccc1S(=O)(=O)c1ccc(N2CC(CN3CCC(C4(C5CCCC5)CN(CC)Cc5ccccc54)CC3)C2)cc1,CCc1cnccc1S(=O)(=O)c1ccc(N2CC(CN3CCC(C4(C5CCCC5)CN(CC)Cc5ccccc54)CC3)C2)cc1,CCc1cnccc1S(=O)(=O)c1ccc(N2CC(CN3CCC(C4(C5CCCC5)CN(CC)Cc5ccccc54)CC3)C2)cc1,CCc1cnccc1S(=O)(=O)c1ccc(N2CC(CN3CCC(C4(C5CCCC5)CN(CC)Cc5ccccc54)CC3)C2)cc1,RDYSNHBFNDOPNP-UHFFFAOYSA-N,RDYSNHBFNDOPNP-UHFFFAOYSA-N,standardized,0.0,False,2.0,strict_exact,exact_point_estimate,high_potency_<=100nM,True,True,IC50,biochemical_binding,False,0.9157729073421959,0.4169012307557489,0.25999999046325684,CCOC(=O)N1CCC(CN2CCC3(CC2)CN(S(C)(=O)=O)c2ncccc23)CC1,True,high
STR-FDBEEEA8F638FBC3B433,IC50,biochemical_binding,1,2,1,2,1,0,0,8.096910013008056,8.096910013008056,8.096910013008056,8.0,8.0,IC50,1,inhibitory_potency,1,biochemical_binding,1,ChEMBL;PubChem,CHEMBL5893826,Menin,2021,=,CCN1Cc2ccccc2C(C2CCCC2)(C2CCN(CC3CN(c4ccc(S(=O)(=O)C5CC5)cc4)C3)CC2)C1,CCN1Cc2ccccc2C(C2CCCC2)(C2CCN(CC3CN(c4ccc(S(=O)(=O)C5CC5)cc4)C3)CC2)C1,CCN1Cc2ccccc2C(C2CCCC2)(C2CCN(CC3CN(c4ccc(S(=O)(=O)C5CC5)cc4)C3)CC2)C1,CCN1Cc2ccccc2C(C2CCCC2)(C2CCN(CC3CN(c4ccc(S(=O)(=O)C5CC5)cc4)C3)CC2)C1,VYPWBZGDSHZMHY-UHFFFAOYSA-N,VYPWBZGDSHZMHY-UHFFFAOYSA-N,standardized,0.0,False,2.0,strict_exact,exact_point_estimate,high_potency_<=100nM,True,True,IC50,biochemical_binding,False,0.9328361960264624,0.35524925460337115,0.3142857253551483,O=S(=O)(c1ccccc1)C1CCN(CCc2ccccc2)CC1,True,high
STR-0F9EB3D0BA8F609CF473,IC50,biochemical_binding,1,2,1,2,1,0,0,8.045757490560675,8.045757490560675,8.045757490560675,9.0,9.0,IC50,1,inhibitory_potency,1,biochemical_binding,1,ChEMBL;PubChem,CHEMBL5775978,Menin,2021,=,CNC(=O)O[C@H]1CCC[C@@H]1C(C#N)(c1ccccc1)C1CCN(CC2CN(c3ccc(S(=O)(=O)c4cnn(C)c4)cc3)C2)CC1,CNC(=O)O[C@H]1CCC[C@@H]1C(C#N)(c1ccccc1)C1CCN(CC2CN(c3ccc(S(=O)(=O)c4cnn(C)c4)cc3)C2)CC1,CNC(=O)O[C@H]1CCC[C@@H]1C(C#N)(c1ccccc1)C1CCN(CC2CN(c3ccc(S(=O)(=O)c4cnn(C)c4)cc3)C2)CC1,CNC(=O)O[C@H]1CCC[C@@H]1C(C#N)(c1ccccc1)C1CCN(CC2CN(c3ccc(S(=O)(=O)c4cnn(C)c4)cc3)C2)CC1,FTEVZAMYIRYPOL-QKZQDKRESA-N,FTEVZAMYIRYPOL-QKZQDKRESA-N,standardized,0.0,False,2.0,strict_exact,exact_point_estimate,high_potency_<=100nM,True,True,IC50,biochemical_binding,False,0.7973729419010994,0.7271511979604749,0.2522522509098053,CN1CCN(C(=O)NC2CCN(Cc3ccn(-c4ccc(C(F)(F)F)cc4)c3)CC2)C(c2ccccc2)C1,True,high
STR-40A2759B420CC95C7ED1,IC50,biochemical_binding,1,2,1,2,1,0,0,8.045757490560675,8.045757490560675,8.045757490560675,9.0,9.0,IC50,1,inhibitory_potency,1,biochemical_binding,1,ChEMBL;PubChem,CHEMBL6052096,Menin,2021,=,CNC(=O)O[C@H]1CCC[C@@H]1C(Cn1ccnc1)(c1ccccc1)C1CCN(CC2CN(c3ccc(C#N)cc3)C2)CC1,CNC(=O)O[C@H]1CCC[C@@H]1C(Cn1ccnc1)(c1ccccc1)C1CCN(CC2CN(c3ccc(C#N)cc3)C2)CC1,CNC(=O)O[C@H]1CCC[C@@H]1C(Cn1ccnc1)(c1ccccc1)C1CCN(CC2CN(c3ccc(C#N)cc3)C2)CC1,CNC(=O)O[C@H]1CCC[C@@H]1C(Cn1ccnc1)(c1ccccc1)C1CCN(CC2CN(c3ccc(C#N)cc3)C2)CC1,JXQJLZYVDRMZDL-QKZQDKRESA-N,JXQJLZYVDRMZDL-QKZQDKRESA-N,standardized,0.0,False,2.0,strict_exact,exact_point_estimate,high_potency_<=100nM,True,True,IC50,biochemical_binding,False,0.9229689787542661,0.3916304216566953,0.28947368264198303,CCn1nc(Cc2ccc(C#N)cc2)cc1C1CCN(C[C@H]2CN([C@@H](C(=O)O)C(C)(C)C)C[C@@H]2c2cccc(F)c2)CC1,True,high
STR-4F1EEBE285BDFD4F35AF,IC50,biochemical_binding,1,2,1,2,1,0,0,8.045757490560675,8.045757490560675,8.045757490560675,9.0,9.0,IC50,1,inhibitory_potency,1,biochemical_binding,1,ChEMBL;PubChem,CHEMBL4522767,Menin,2019,=,O=S(=O)(c1ccncc1)c1ccc(N2CC(CN3CCC(C4(C5CCCC5)CN(C5CCC5)Cc5ccccc54)CC3)C2)cc1,O=S(=O)(c1ccncc1)c1ccc(N2CC(CN3CCC(C4(C5CCCC5)CN(C5CCC5)Cc5ccccc54)CC3)C2)cc1,O=S(=O)(c1ccncc1)c1ccc(N2CC(CN3CCC(C4(C5CCCC5)CN(C5CCC5)Cc5ccccc54)CC3)C2)cc1,O=S(=O)(c1ccncc1)c1ccc(N2CC(CN3CCC(C4(C5CCCC5)CN(C5CCC5)Cc5ccccc54)CC3)C2)cc1,AZMLEISFRDLXOA-UHFFFAOYSA-N,AZMLEISFRDLXOA-UHFFFAOYSA-N,standardized,0.0,False,2.0,strict_exact,exact_point_estimate,high_potency_<=100nM,True,True,IC50,biochemical_binding,False,0.9348406470238964,0.34759393094235513,0.24742268025875092,CCOC(=O)N1CCC(CN2CCC3(CC2)CN(S(C)(=O)=O)c2ncccc23)CC1,True,high
STR-5B65D30F2628A312D8CA,IC50,biochemical_binding,1,2,1,2,1,0,0,8.045757490560675,8.045757490560675,8.045757490560675,9.0,9.0,IC50,1,inhibitory_potency,1,biochemical_binding,1,ChEMBL;PubChem,CHEMBL5740449,Menin,2021,=,CNC(=O)N[C@H]1CCC[C@@H]1C(C#N)(c1ccccc1)C1CCN(CC2CN(c3ccc(S(=O)(=O)c4ccncc4)cc3)C2)CC1,CNC(=O)N[C@H]1CCC[C@@H]1C(C#N)(c1ccccc1)C1CCN(CC2CN(c3ccc(S(=O)(=O)c4ccncc4)cc3)C2)CC1,CNC(=O)N[C@H]1CCC[C@@H]1C(C#N)(c1ccccc1)C1CCN(CC2CN(c3ccc(S(=O)(=O)c4ccncc4)cc3)C2)CC1,CNC(=O)N[C@H]1CCC[C@@H]1C(C#N)(c1ccccc1)C1CCN(CC2CN(c3ccc(S(=O)(=O)c4ccncc4)cc3)C2)CC1,DUTWQEQSHXCWOC-HEVKVOQNSA-N,DUTWQEQSHXCWOC-HEVKVOQNSA-N,standardized,0.0,False,2.0,strict_exact,exact_point_estimate,high_potency_<=100nM,True,True,IC50,biochemical_binding,False,0.8905727316476021,0.4981860060410681,0.2678571343421936,O=C(NC1CCN(Cc2ccn(-c3ccc(C(F)(F)F)cc3)c2)CC1)NC(Cc1cnccn1)c1ccccc1,True,high
STR-5F49DD17C62232E08D24,IC50,biochemical_binding,1,2,1,2,1,0,0,8.045757490560675,8.045757490560675,8.045757490560675,9.0,9.0,IC50,1,inhibitory_potency,1,biochemical_binding,1,ChEMBL;PubChem,CHEMBL5754145,Menin,2021,=,CNC(=O)N[C@H]1CCC[C@@H]1C1(C2CCN(CC3CN(c4ccc(S(=O)(=O)C5CC5)cc4)C3)CC2)CNCc2ccccc21,CNC(=O)N[C@H]1CCC[C@@H]1C1(C2CCN(CC3CN(c4ccc(S(=O)(=O)C5CC5)cc4)C3)CC2)CNCc2ccccc21,CNC(=O)N[C@H]1CCC[C@@H]1C1(C2CCN(CC3CN(c4ccc(S(=O)(=O)C5CC5)cc4)C3)CC2)CNCc2ccccc21,CNC(=O)N[C@H]1CCC[C@@H]1C1(C2CCN(CC3CN(c4ccc(S(=O)(=O)C5CC5)cc4)C3)CC2)CNCc2ccccc21,NOCSCOKYPXZLSK-QKZQDKRESA-N,NOCSCOKYPXZLSK-QKZQDKRESA-N,standardized,0.0,False,2.0,strict_exact,exact_point_estimate,high_potency_<=100nM,True,True,IC50,biochemical_binding,False,0.9144612786300121,0.4214006741732819,0.27173912525177,O=C(CN1CCC(S(=O)(=O)c2ccccc2)CC1)c1ccc(F)cc1F,True,high
STR-6B969286E24A749E8280,IC50,biochemical_binding,1,2,1,2,1,0,0,8.045757490560675,8.045757490560675,8.045757490560675,9.0,9.0,IC50,1,inhibitory_potency,1,biochemical_binding,1,ChEMBL;PubChem,CHEMBL5765474,Menin,2021,=,CNC(=O)O[C@H]1CCC[C@@H]1C(C#N)(c1ccccc1)C1CCN(CC2CN(c3ccc(S(=O)(=O)c4ccccc4)cc3)C2)CC1,CNC(=O)O[C@H]1CCC[C@@H]1C(C#N)(c1ccccc1)C1CCN(CC2CN(c3ccc(S(=O)(=O)c4ccccc4)cc3)C2)CC1,CNC(=O)O[C@H]1CCC[C@@H]1C(C#N)(c1ccccc1)C1CCN(CC2CN(c3ccc(S(=O)(=O)c4ccccc4)cc3)C2)CC1,CNC(=O)O[C@H]1CCC[C@@H]1C(C#N)(c1ccccc1)C1CCN(CC2CN(c3ccc(S(=O)(=O)c4ccccc4)cc3)C2)CC1,SYIYVBLHZJXKHJ-AFLWYUAHSA-N,SYIYVBLHZJXKHJ-AFLWYUAHSA-N,standardized,0.0,False,2.0,strict_exact,exact_point_estimate,high_potency_<=100nM,True,True,IC50,biochemical_binding,False,0.9012336409987101,0.46507280153112,0.2747252881526947,O=C(O)c1ccc(N2CCC(CN3CCC(Oc4ccc(Cl)c(Cl)c4)CC3)CC2)cc1,True,high
STR-7B4D282245C89175BEA3,IC50,biochemical_binding,1,2,1,2,1,0,0,8.045757490560675,8.045757490560675,8.045757490560675,9.0,9.0,IC50,1,inhibitory_potency,1,biochemical_binding,1,ChEMBL;PubChem,CHEMBL6021917,Menin,2021,=,COC(=O)N[C@H]1CCC[C@@H]1[C@](C#N)(c1cccc(F)c1)C1CCN(CC2(F)CN(c3ccc(S(=O)(=O)C4CN(C(=O)/C=C/CN(C)C)C4)cc3)C2)CC1,COC(=O)N[C@H]1CCC[C@@H]1[C@](C#N)(c1cccc(F)c1)C1CCN(CC2(F)CN(c3ccc(S(=O)(=O)C4CN(C(=O)/C=C/CN(C)C)C4)cc3)C2)CC1,COC(=O)N[C@H]1CCC[C@@H]1[C@](C#N)(c1cccc(F)c1)C1CCN(CC2(F)CN(c3ccc(S(=O)(=O)C4CN(C(=O)/C=C/CN(C)C)C4)cc3)C2)CC1,COC(=O)N[C@H]1CCC[C@@H]1[C@](C#N)(c1cccc(F)c1)C1CCN(CC2(F)CN(c3ccc(S(=O)(=O)C4CN(C(=O)/C=C/CN(C)C)C4)cc3)C2)CC1,KTVCNVWXDXJTEQ-XJZCMZJCSA-N,KTVCNVWXDXJTEQ-XJZCMZJCSA-N,standardized,0.0,False,2.0,strict_exact,exact_point_estimate,high_potency_<=100nM,True,True,IC50,biochemical_binding,False,0.8926588335017519,0.49184365267918484,0.2846153974533081,CN(C)C/C=C/C(=O)N1CCN(c2cnc3cc(C(F)(F)F)cc(NCc4cccc([N+](=O)[O-])c4)c3c2)CC1,True,high
STR-990708AC2AD0842F3BCB,IC50,biochemical_binding,1,2,1,2,1,0,0,8.045757490560675,8.045757490560675,8.045757490560675,9.0,9.0,IC50,1,inhibitory_potency,1,biochemical_binding,1,ChEMBL;PubChem,CHEMBL5865073,Menin,2021,=,N#CC(c1ccccc1)(C1CCN(CC2CN(c3ccc(S(=O)(=O)c4ccncc4)cc3)C2)CC1)[C@H]1CCC[C@@H]1OC(N)=O,N#CC(c1ccccc1)(C1CCN(CC2CN(c3ccc(S(=O)(=O)c4ccncc4)cc3)C2)CC1)[C@H]1CCC[C@@H]1OC(N)=O,N#CC(c1ccccc1)(C1CCN(CC2CN(c3ccc(S(=O)(=O)c4ccncc4)cc3)C2)CC1)[C@H]1CCC[C@@H]1OC(N)=O,N#CC(c1ccccc1)(C1CCN(CC2CN(c3ccc(S(=O)(=O)c4ccncc4)cc3)C2)CC1)[C@H]1CCC[C@@H]1OC(N)=O,SDGOMCIESMUDGQ-QKZQDKRESA-N,SDGOMCIESMUDGQ-QKZQDKRESA-N,standardized,0.0,False,2.0,strict_exact,exact_point_estimate,high_potency_<=100nM,True,True,IC50,biochemical_binding,False,0.8822619397979139,0.5228238480550527,0.26595744490623474,O=C(O)c1ccc(N2CCC(CN3CCC(Oc4ccc(Cl)c(Cl)c4)CC3)CC2)cc1,True,high
STR-A5251367717CBF43E094,IC50,biochemical_binding,1,2,1,2,1,0,0,8.045757490560675,8.045757490560675,8.045757490560675,9.0,9.0,IC50,1,inhibitory_potency,1,biochemical_binding,1,ChEMBL;PubChem,CHEMBL5768069,Menin,2021,=,CCN1Cc2ccccc2C(C2CCCC2)(C2CCN(CC3CN(c4ccc(S(=O)(=O)CC)cc4)C3)CC2)C1,CCN1Cc2ccccc2C(C2CCCC2)(C2CCN(CC3CN(c4ccc(S(=O)(=O)CC)cc4)C3)CC2)C1,CCN1Cc2ccccc2C(C2CCCC2)(C2CCN(CC3CN(c4ccc(S(=O)(=O)CC)cc4)C3)CC2)C1,CCN1Cc2ccccc2C(C2CCCC2)(C2CCN(CC3CN(c4ccc(S(=O)(=O)CC)cc4)C3)CC2)C1,FUHYHQPCTARYTH-UHFFFAOYSA-N,FUHYHQPCTARYTH-UHFFFAOYSA-N,standardized,0.0,False,2.0,strict_exact,exact_point_estimate,high_potency_<=100nM,True,True,IC50,biochemical_binding,False,0.9330203513054025,0.3545498346997834,0.28915661573410034,CC[C@]1(c2cccc(NS(C)(=O)=O)c2)[C@@H]2CN(CC3Cc4ccccc4C3)C[C@@H]21,True,high
STR-B2FBC3258126732F3345,IC50,biochemical_binding,1,2,1,2,1,0,0,8.045757490560675,8.045757490560675,8.045757490560675,9.0,9.0,IC50,1,inhibitory_potency,1,biochemical_binding,1,ChEMBL;PubChem,CHEMBL5835328,Menin,2021,=,CCN1Cc2ccccc2C(C2CCCC2)(C2CCN(CC3CN(c4ccc(S(=O)(=O)c5ccccc5)cc4)C3)CC2)C1,CCN1Cc2ccccc2C(C2CCCC2)(C2CCN(CC3CN(c4ccc(S(=O)(=O)c5ccccc5)cc4)C3)CC2)C1,CCN1Cc2ccccc2C(C2CCCC2)(C2CCN(CC3CN(c4ccc(S(=O)(=O)c5ccccc5)cc4)C3)CC2)C1,CCN1Cc2ccccc2C(C2CCCC2)(C2CCN(CC3CN(c4ccc(S(=O)(=O)c5ccccc5)cc4)C3)CC2)C1,PUWZIYVCMHMQLE-UHFFFAOYSA-N,PUWZIYVCMHMQLE-UHFFFAOYSA-N,standardized,0.0,False,2.0,strict_exact,exact_point_estimate,high_potency_<=100nM,True,True,IC50,biochemical_binding,False,0.931359036199353,0.36083140498636884,0.2705882489681244,CC[C@]1(c2cccc(NS(C)(=O)=O)c2)[C@@H]2CN(CC3Cc4ccccc4C3)C[C@@H]21,True,high
STR-B714BC7381C3BA11A1BD,IC50,biochemical_binding,1,2,1,2,1,0,0,8.045757490560675,8.045757490560675,8.045757490560675,9.0,9.0,IC50,1,inhibitory_potency,1,biochemical_binding,1,ChEMBL;PubChem,CHEMBL5794080,Menin,2021,=,CC(=O)O[C@H]1CCC[C@@H]1C1(C2CCN(CC3CN(c4ccc(S(=O)(=O)C5CC5)cc4)C3)CC2)CN(C)Cc2ccccc21,CC(=O)O[C@H]1CCC[C@@H]1C1(C2CCN(CC3CN(c4ccc(S(=O)(=O)C5CC5)cc4)C3)CC2)CN(C)Cc2ccccc21,CC(=O)O[C@H]1CCC[C@@H]1C1(C2CCN(CC3CN(c4ccc(S(=O)(=O)C5CC5)cc4)C3)CC2)CN(C)Cc2ccccc21,CC(=O)O[C@H]1CCC[C@@H]1C1(C2CCN(CC3CN(c4ccc(S(=O)(=O)C5CC5)cc4)C3)CC2)CN(C)Cc2ccccc21,FQIXLSTYHBMVEG-IEKJTBOOSA-N,FQIXLSTYHBMVEG-IEKJTBOOSA-N,standardized,0.0,False,2.0,strict_exact,exact_point_estimate,high_potency_<=100nM,True,True,IC50,biochemical_binding,False,0.8963623545407408,0.4804217215207426,0.2839506268501282,O=S(=O)(c1ccccc1)C1CCN(CCc2ccccc2)CC1,True,high
STR-D32B5F55634E895AF4B1,IC50,biochemical_binding,1,2,1,2,1,0,0,8.045757490560675,8.045757490560675,8.045757490560675,9.0,9.0,IC50,1,inhibitory_potency,1,biochemical_binding,1,ChEMBL;PubChem,CHEMBL6062360,Menin,2021,=,CCN1Cc2ccccc2C(C2CCCC2)(C2CCN(CC3CN(c4ccc(S(=O)(=O)c5cccnc5)cc4)C3)CC2)C1,CCN1Cc2ccccc2C(C2CCCC2)(C2CCN(CC3CN(c4ccc(S(=O)(=O)c5cccnc5)cc4)C3)CC2)C1,CCN1Cc2ccccc2C(C2CCCC2)(C2CCN(CC3CN(c4ccc(S(=O)(=O)c5cccnc5)cc4)C3)CC2)C1,CCN1Cc2ccccc2C(C2CCCC2)(C2CCN(CC3CN(c4ccc(S(=O)(=O)c5cccnc5)cc4)C3)CC2)C1,VYYKGYODRYDZKL-UHFFFAOYSA-N,VYYKGYODRYDZKL-UHFFFAOYSA-N,standardized,0.0,False,2.0,strict_exact,exact_point_estimate,high_potency_<=100nM,True,True,IC50,biochemical_binding,False,0.8971916345650194,0.47783520661614387,0.28125,CCOC(=O)N1CCC(CN2CCC3(CC2)CN(S(C)(=O)=O)c2ncccc23)CC1,True,high
STR-D456C0F5B6DBFC7C04B5,IC50,biochemical_binding,1,2,1,2,1,0,0,8.045757490560675,8.045757490560675,8.045757490560675,9.0,9.0,IC50,1,inhibitory_potency,1,biochemical_binding,1,ChEMBL;PubChem,CHEMBL6035946,Menin,2021,=,N#Cc1ccc(N2CC(CN3CCC([C@@](C#N)(c4cccc(F)c4)[C@H]4CCC[C@@H]4NC(=O)CCl)CC3)C2)cc1,N#Cc1ccc(N2CC(CN3CCC([C@@](C#N)(c4cccc(F)c4)[C@H]4CCC[C@@H]4NC(=O)CCl)CC3)C2)cc1,N#Cc1ccc(N2CC(CN3CCC([C@@](C#N)(c4cccc(F)c4)[C@H]4CCC[C@@H]4NC(=O)CCl)CC3)C2)cc1,N#Cc1ccc(N2CC(CN3CCC([C@@](C#N)(c4cccc(F)c4)[C@H]4CCC[C@@H]4NC(=O)CCl)CC3)C2)cc1,DVNFEYRAKDFYTF-QMOZSOIISA-N,DVNFEYRAKDFYTF-QMOZSOIISA-N,standardized,0.0,False,2.0,strict_exact,exact_point_estimate,high_potency_<=100nM,True,True,IC50,biochemical_binding,False,0.9242806120753174,0.3869135937616799,0.3333333432674408,CCn1nc(Cc2ccc(C#N)cc2)cc1C1CCN(C[C@H]2CN([C@@H](C(=O)O)C(C)(C)C)C[C@@H]2c2cccc(F)c2)CC1,True,high
STR-F48E770257629D6757F9,IC50,biochemical_binding,1,2,1,2,1,0,0,8.045757490560675,8.045757490560675,8.045757490560675,9.0,9.0,IC50,1,inhibitory_potency,1,biochemical_binding,1,ChEMBL;PubChem,CHEMBL5970007,Menin,2021,=,CCN1Cc2ccccc2C(C2CCN(CC3CN(c4ccc(S(=O)(=O)c5ccccc5)cc4)C3)CC2)([C@H]2CCC[C@@H]2NC(=O)NC)C1,CCN1Cc2ccccc2C(C2CCN(CC3CN(c4ccc(S(=O)(=O)c5ccccc5)cc4)C3)CC2)([C@H]2CCC[C@@H]2NC(=O)NC)C1,CCN1Cc2ccccc2C(C2CCN(CC3CN(c4ccc(S(=O)(=O)c5ccccc5)cc4)C3)CC2)([C@H]2CCC[C@@H]2NC(=O)NC)C1,CCN1Cc2ccccc2C(C2CCN(CC3CN(c4ccc(S(=O)(=O)c5ccccc5)cc4)C3)CC2)([C@H]2CCC[C@@H]2NC(=O)NC)C1,POMQACPUPZPVMO-KFAUHABRSA-N,POMQACPUPZPVMO-KFAUHABRSA-N,standardized,0.0,False,2.0,strict_exact,exact_point_estimate,high_potency_<=100nM,True,True,IC50,biochemical_binding,False,0.8990949605760243,0.47185795317633195,0.26923078298568726,CCOC(=O)N1CCC(CN2CCC3(CC2)CN(C(=O)NC)c2ncccc23)CC1,True,high
STR-03A6B3C8922F75633A24,IC50,biochemical_binding,1,1,0,1,1,0,0,8.0,8.0,8.0,10.0,10.0,IC50,1,inhibitory_potency,1,biochemical_binding,1,ChEMBL,CHEMBL4163173,Menin,2018,=,O=S(=O)(Cc1ccc(CN2CCC3(CCN(c4ncnc5sc(CC(F)(F)F)cc45)C3)C2)cc1)NCCO,O=S(=O)(Cc1ccc(CN2CCC3(CCN(c4ncnc5sc(CC(F)(F)F)cc45)C3)C2)cc1)NCCO,O=S(=O)(Cc1ccc(CN2CCC3(CCN(c4ncnc5sc(CC(F)(F)F)cc45)C3)C2)cc1)NCCO,O=S(=O)(Cc1ccc(CN2CCC3(CCN(c4ncnc5sc(CC(F)(F)F)cc45)C3)C2)cc1)NCCO,RXWBLXQOOXDHDE-UHFFFAOYSA-N,RXWBLXQOOXDHDE-UHFFFAOYSA-N,standardized,0.0,False,2.0,strict_exact,exact_point_estimate,high_potency_<=100nM,True,True,IC50,biochemical_binding,False,0.9315825541057542,0.35998992258226575,0.28260868787765503,NC1(C(=O)NCc2ccc(Cl)cc2)CCN(c2ncnc3[nH]ccc23)CC1,True,high
STR-04F547F3C923840AF4FD,IC50,biochemical_binding,1,1,0,1,1,0,0,8.0,8.0,8.0,10.0,10.0,IC50,1,inhibitory_potency,1,biochemical_binding,1,ChEMBL,CHEMBL4174529,Menin,2018,=,NS(=O)(=O)Cc1ccc(CN2CCC3(CCN(c4ncnc5cc(CC(F)(F)F)sc45)C3)C2)cc1,NS(=O)(=O)Cc1ccc(CN2CCC3(CCN(c4ncnc5cc(CC(F)(F)F)sc45)C3)C2)cc1,NS(=O)(=O)Cc1ccc(CN2CCC3(CCN(c4ncnc5cc(CC(F)(F)F)sc45)C3)C2)cc1,NS(=O)(=O)Cc1ccc(CN2CCC3(CCN(c4ncnc5cc(CC(F)(F)F)sc45)C3)C2)cc1,LFGVHEXEPTUSSN-UHFFFAOYSA-N,LFGVHEXEPTUSSN-UHFFFAOYSA-N,standardized,0.0,False,2.0,strict_exact,exact_point_estimate,high_potency_<=100nM,True,True,IC50,biochemical_binding,False,0.9320846942663605,0.35809537615375203,0.2673267424106598,Nc1ccc(-c2cccs2)cc1NC(=O)c1ccc(N2CCC3(CCN(CC(F)(F)F)C3)CC2)nc1,True,high
STR-1223C39CACA1FF24271A,IC50,biochemical_binding,1,1,0,1,1,0,0,8.0,8.0,8.0,10.0,10.0,IC50,1,inhibitory_potency,1,biochemical_binding,1,ChEMBL,CHEMBL4166615,Menin,2018,=,C=CC(=O)Nc1ccc(CN2CCC3(CCN(c4ncnc5sc(CC(F)(F)F)cc45)C3)C2)cc1,C=CC(=O)Nc1ccc(CN2CCC3(CCN(c4ncnc5sc(CC(F)(F)F)cc45)C3)C2)cc1,C=CC(=O)Nc1ccc(CN2CCC3(CCN(c4ncnc5sc(CC(F)(F)F)cc45)C3)C2)cc1,C=CC(=O)Nc1ccc(CN2CCC3(CCN(c4ncnc5sc(CC(F)(F)F)cc45)C3)C2)cc1,QZSCXKFSFZZQCB-UHFFFAOYSA-N,QZSCXKFSFZZQCB-UHFFFAOYSA-N,standardized,0.0,False,2.0,strict_exact,exact_point_estimate,high_potency_<=100nM,True,True,IC50,biochemical_binding,False,0.9361056498303375,0.34271386927871816,0.2967033088207245,NC1(C(=O)NCc2ccc(Cl)cc2)CCN(c2ncnc3[nH]ccc23)CC1,True,high
STR-1A02A52BF860C4D25F9A,IC50,biochemical_binding,1,2,1,2,1,0,0,8.0,8.0,8.0,10.0,10.0,IC50,1,inhibitory_potency,1,biochemical_binding,1,ChEMBL;PubChem,CHEMBL5830698,Menin,2021,=,CCN1Cc2ccccc2C(C2CCCC2)(C2CCN(CC3CN(c4ccc(S(=O)(=O)c5ccn(C)c5)cc4)C3)CC2)C1,CCN1Cc2ccccc2C(C2CCCC2)(C2CCN(CC3CN(c4ccc(S(=O)(=O)c5ccn(C)c5)cc4)C3)CC2)C1,CCN1Cc2ccccc2C(C2CCCC2)(C2CCN(CC3CN(c4ccc(S(=O)(=O)c5ccn(C)c5)cc4)C3)CC2)C1,CCN1Cc2ccccc2C(C2CCCC2)(C2CCN(CC3CN(c4ccc(S(=O)(=O)c5ccn(C)c5)cc4)C3)CC2)C1,JRLPIWSCAVQKLX-UHFFFAOYSA-N,JRLPIWSCAVQKLX-UHFFFAOYSA-N,standardized,0.0,False,2.0,strict_exact,exact_point_estimate,high_potency_<=100nM,True,True,IC50,biochemical_binding,False,0.9220940265871127,0.39475743431985144,0.2637362778186798,CC[C@]1(c2cccc(NS(C)(=O)=O)c2)[C@@H]2CN(CC3Cc4ccccc4C3)C[C@@H]21,True,high
STR-43E0D8D9D40EE11F8225,IC50,biochemical_binding,1,1,0,1,1,0,0,8.0,8.0,8.0,10.0,10.0,IC50,1,inhibitory_potency,1,biochemical_binding,1,ChEMBL,CHEMBL4174165,Menin,2018,=,FC(F)Cc1cc2c(N3CCC4(CCN(Cc5ccc(N6CCOCC6)cc5)C4)C3)ncnc2s1,FC(F)Cc1cc2c(N3CCC4(CCN(Cc5ccc(N6CCOCC6)cc5)C4)C3)ncnc2s1,FC(F)Cc1cc2c(N3CCC4(CCN(Cc5ccc(N6CCOCC6)cc5)C4)C3)ncnc2s1,FC(F)Cc1cc2c(N3CCC4(CCN(Cc5ccc(N6CCOCC6)cc5)C4)C3)ncnc2s1,GNAOEQPYQYRVEA-UHFFFAOYSA-N,GNAOEQPYQYRVEA-UHFFFAOYSA-N,standardized,0.0,False,2.0,strict_exact,exact_point_estimate,high_potency_<=100nM,True,True,IC50,biochemical_binding,False,0.9356692662390479,0.3444016523383347,0.3125,CC1(CN2CCC3(CC2)CN(c2ncnnc2Oc2ccc(F)cc2C(=O)N2CCOCC2)C3)CC1,True,high
STR-4F7AB474CDF6E554BFA4,IC50,biochemical_binding,1,2,1,2,1,0,0,8.0,8.0,8.0,10.0,10.0,IC50,1,inhibitory_potency,1,biochemical_binding,1,ChEMBL;PubChem,CHEMBL5813719,Menin,2021,=,CNC(=O)N[C@H]1CCC[C@@H]1C1(C2CCN(CC3CN(c4ccc(S(=O)(=O)C5CC5)cc4)C3)CC2)CN(C)Cc2ccccc21,CNC(=O)N[C@H]1CCC[C@@H]1C1(C2CCN(CC3CN(c4ccc(S(=O)(=O)C5CC5)cc4)C3)CC2)CN(C)Cc2ccccc21,CNC(=O)N[C@H]1CCC[C@@H]1C1(C2CCN(CC3CN(c4ccc(S(=O)(=O)C5CC5)cc4)C3)CC2)CN(C)Cc2ccccc21,CNC(=O)N[C@H]1CCC[C@@H]1C1(C2CCN(CC3CN(c4ccc(S(=O)(=O)C5CC5)cc4)C3)CC2)CN(C)Cc2ccccc21,OEEYLUDEHNGGMN-HEVKVOQNSA-N,OEEYLUDEHNGGMN-HEVKVOQNSA-N,standardized,0.0,False,2.0,strict_exact,exact_point_estimate,high_potency_<=100nM,True,True,IC50,biochemical_binding,False,0.8758464487785219,0.5411834265977254,0.27710843086242676,O=S(=O)(c1ccccc1)C1CCN(CCc2ccccc2)CC1,True,high
STR-6BDEB3BA85482F5765AF,IC50,biochemical_binding,1,1,0,1,1,0,0,8.0,8.0,8.0,10.0,10.0,IC50,1,inhibitory_potency,1,biochemical_binding,1,ChEMBL,CHEMBL4211318,Menin,2018,=,Cc1c(CN2CCC(Nc3ncnc4sc(CC(F)(F)F)cc34)CC2)ccc2c1cc(C#N)n2CCN1CCN(C(=O)CF)CC1,Cc1c(CN2CCC(Nc3ncnc4sc(CC(F)(F)F)cc34)CC2)ccc2c1cc(C#N)n2CCN1CCN(C(=O)CF)CC1,Cc1c(CN2CCC(Nc3ncnc4sc(CC(F)(F)F)cc34)CC2)ccc2c1cc(C#N)n2CCN1CCN(C(=O)CF)CC1,Cc1c(CN2CCC(Nc3ncnc4sc(CC(F)(F)F)cc34)CC2)ccc2c1cc(C#N)n2CCN1CCN(C(=O)CF)CC1,LEXHBKLOMBAPDX-UHFFFAOYSA-N,LEXHBKLOMBAPDX-UHFFFAOYSA-N,standardized,0.0,False,2.0,strict_exact,exact_point_estimate,high_potency_<=100nM,True,True,IC50,biochemical_binding,False,0.9176747500148729,0.4103198231248858,0.30909091234207153,O=c1nc(NC2CCN(Cc3ccc4c(c3)OCO4)CC2)c2cc(Cl)ccc2n1CC(F)(F)F,True,high
STR-79D75B6A88F0457FA1C2,IC50,biochemical_binding,1,2,1,2,1,0,0,8.0,8.0,8.0,10.0,10.0,IC50,1,inhibitory_potency,1,biochemical_binding,1,ChEMBL;PubChem,CHEMBL5800169,Menin,2021,=,CCC(=O)O[C@H]1CCC[C@@H]1C(C#N)(c1ccccc1)C1CCN(CC2CN(c3ccc(S(=O)(=O)c4ccncc4)cc3)C2)CC1,CCC(=O)O[C@H]1CCC[C@@H]1C(C#N)(c1ccccc1)C1CCN(CC2CN(c3ccc(S(=O)(=O)c4ccncc4)cc3)C2)CC1,CCC(=O)O[C@H]1CCC[C@@H]1C(C#N)(c1ccccc1)C1CCN(CC2CN(c3ccc(S(=O)(=O)c4ccncc4)cc3)C2)CC1,CCC(=O)O[C@H]1CCC[C@@H]1C(C#N)(c1ccccc1)C1CCN(CC2CN(c3ccc(S(=O)(=O)c4ccncc4)cc3)C2)CC1,NVRCFDBJZOGQJV-AFLWYUAHSA-N,NVRCFDBJZOGQJV-AFLWYUAHSA-N,standardized,0.0,False,2.0,strict_exact,exact_point_estimate,high_potency_<=100nM,True,True,IC50,biochemical_binding,False,0.8922306331643761,0.4931508136819956,0.2604166567325592,O=C(O)c1ccc(N2CCC(CN3CCC(Oc4ccc(Cl)c(Cl)c4)CC3)CC2)cc1,True,high
STR-C24E330B171F75FD816E,IC50,biochemical_binding,1,2,1,2,1,0,0,8.0,8.0,8.0,10.0,10.0,IC50,1,inhibitory_potency,1,biochemical_binding,1,ChEMBL;PubChem,CHEMBL5773599,Menin,2021,=,CC(=O)N[C@H]1CCC[C@@H]1C(C#N)(c1ccccc1)C1CCN(CC2CN(c3ccc(S(=O)(=O)c4ccncc4)cc3)C2)CC1,CC(=O)N[C@H]1CCC[C@@H]1C(C#N)(c1ccccc1)C1CCN(CC2CN(c3ccc(S(=O)(=O)c4ccncc4)cc3)C2)CC1,CC(=O)N[C@H]1CCC[C@@H]1C(C#N)(c1ccccc1)C1CCN(CC2CN(c3ccc(S(=O)(=O)c4ccncc4)cc3)C2)CC1,CC(=O)N[C@H]1CCC[C@@H]1C(C#N)(c1ccccc1)C1CCN(CC2CN(c3ccc(S(=O)(=O)c4ccncc4)cc3)C2)CC1,QLAKMMMMNNGFLX-IEKJTBOOSA-N,QLAKMMMMNNGFLX-IEKJTBOOSA-N,standardized,0.0,False,2.0,strict_exact,exact_point_estimate,high_potency_<=100nM,True,True,IC50,biochemical_binding,False,0.903151930379439,0.45892382886608285,0.27835050225257874,CC(=O)Nc1cccc(N2CCN(CC3CCN(S(=O)(=O)CC4CCCCC4)CC3)CC2)c1,True,high
STR-D32C4FE03E32CED2B7FB,IC50,biochemical_binding,1,2,1,2,1,0,0,8.0,8.0,8.0,10.0,10.0,IC50,1,inhibitory_potency,1,biochemical_binding,1,ChEMBL;PubChem,CHEMBL6031385,Menin,2021,=,C=CC(=O)N1CCCC(S(=O)(=O)c2ccc(N3CC(CN4CCC([C@@](C#N)(c5cccc(F)c5)[C@H]5CCC[C@@H]5NC(=O)OC)CC4)C3)cc2)C1,C=CC(=O)N1CCCC(S(=O)(=O)c2ccc(N3CC(CN4CCC([C@@](C#N)(c5cccc(F)c5)[C@H]5CCC[C@@H]5NC(=O)OC)CC4)C3)cc2)C1,C=CC(=O)N1CCCC(S(=O)(=O)c2ccc(N3CC(CN4CCC([C@@](C#N)(c5cccc(F)c5)[C@H]5CCC[C@@H]5NC(=O)OC)CC4)C3)cc2)C1,C=CC(=O)N1CCCC(S(=O)(=O)c2ccc(N3CC(CN4CCC([C@@](C#N)(c5cccc(F)c5)[C@H]5CCC[C@@H]5NC(=O)OC)CC4)C3)cc2)C1,HCJMWDNZIGSUHG-VSISXHPKSA-N,HCJMWDNZIGSUHG-VSISXHPKSA-N,standardized,0.0,False,2.0,strict_exact,exact_point_estimate,high_potency_<=100nM,True,True,IC50,biochemical_binding,False,0.8905435297642503,0.49827432845171904,0.2666666805744171,N#Cc1ccc(S(=O)(=O)C2CCN(CCc3ccc(F)cc3F)CC2)cc1,True,high
STR-DA9775B70707A0852196,IC50,biochemical_binding,1,1,0,1,1,0,0,8.0,8.0,8.0,10.0,10.0,IC50,1,inhibitory_potency,1,biochemical_binding,1,ChEMBL,CHEMBL4163807,Menin,2018,=,CN(CCO)c1ccc(CN2CCC3(CCN(c4ncnc5sc(CC(F)(F)F)cc45)C3)C2)cc1,CN(CCO)c1ccc(CN2CCC3(CCN(c4ncnc5sc(CC(F)(F)F)cc45)C3)C2)cc1,CN(CCO)c1ccc(CN2CCC3(CCN(c4ncnc5sc(CC(F)(F)F)cc45)C3)C2)cc1,CN(CCO)c1ccc(CN2CCC3(CCN(c4ncnc5sc(CC(F)(F)F)cc45)C3)C2)cc1,ZMANLUSBOAYIAF-UHFFFAOYSA-N,ZMANLUSBOAYIAF-UHFFFAOYSA-N,standardized,0.0,False,2.0,strict_exact,exact_point_estimate,high_potency_<=100nM,True,True,IC50,biochemical_binding,False,0.9582792068710536,0.25012708433596775,0.30434781312942505,CN(c1ccc(CN2CCC3(CC2)OCc2cc(F)ncc23)cc1)c1ccc(F)c(F)c1,True,high
STR-E06BC321EF0DF7985DE6,IC50,biochemical_binding,1,1,0,1,1,0,0,8.0,8.0,8.0,10.0,10.0,IC50,1,inhibitory_potency,1,biochemical_binding,1,ChEMBL,CHEMBL4171091,Menin,2018,=,CC(c1ccc(CN2CCC3(CCN(c4ncnc5sc(CC(F)(F)F)cc45)C3)C2)cc1)S(N)(=O)=O,CC(c1ccc(CN2CCC3(CCN(c4ncnc5sc(CC(F)(F)F)cc45)C3)C2)cc1)S(N)(=O)=O,CC(c1ccc(CN2CCC3(CCN(c4ncnc5sc(CC(F)(F)F)cc45)C3)C2)cc1)S(N)(=O)=O,CC(c1ccc(CN2CCC3(CCN(c4ncnc5sc(CC(F)(F)F)cc45)C3)C2)cc1)S(N)(=O)=O,ZRWSGICVFGOTIE-UHFFFAOYSA-N,ZRWSGICVFGOTIE-UHFFFAOYSA-N,standardized,0.0,False,2.0,strict_exact,exact_point_estimate,high_potency_<=100nM,True,True,IC50,biochemical_binding,False,0.9358208928468204,0.34381573118295905,0.3186813294887543,C[C@@H](NC(=O)C1(N)CCN(c2ncnc3[nH]ccc23)CC1)c1ccc(Cl)cc1,True,high
STR-18936FD320AF3538594A,IC50,biochemical_binding,1,2,1,2,1,0,0,7.958607314841775,7.958607314841775,7.958607314841775,11.0,11.0,IC50,1,inhibitory_potency,1,biochemical_binding,1,ChEMBL;PubChem,CHEMBL5786968,Menin,2021,=,C=CC(=O)N1CCC(S(=O)(=O)c2ccc(N3CC(CN4CCC([C@@](C#N)(c5cccc(F)c5)[C@H]5CCC[C@@H]5NC(=O)OC)CC4)C3)cc2)C1,C=CC(=O)N1CCC(S(=O)(=O)c2ccc(N3CC(CN4CCC([C@@](C#N)(c5cccc(F)c5)[C@H]5CCC[C@@H]5NC(=O)OC)CC4)C3)cc2)C1,C=CC(=O)N1CCC(S(=O)(=O)c2ccc(N3CC(CN4CCC([C@@](C#N)(c5cccc(F)c5)[C@H]5CCC[C@@H]5NC(=O)OC)CC4)C3)cc2)C1,C=CC(=O)N1CCC(S(=O)(=O)c2ccc(N3CC(CN4CCC([C@@](C#N)(c5cccc(F)c5)[C@H]5CCC[C@@H]5NC(=O)OC)CC4)C3)cc2)C1,SZPVXYFJAKCTNY-KVDTUNPMSA-N,SZPVXYFJAKCTNY-KVDTUNPMSA-N,standardized,0.0,False,2.0,strict_exact,exact_point_estimate,high_potency_<=100nM,True,True,IC50,biochemical_binding,False,0.8911708778336856,0.49637410416991234,0.28155338764190674,N#Cc1ccc(S(=O)(=O)C2CCN(CCc3ccc(F)cc3F)CC2)cc1,True,high
STR-357FF7F1EF112B333FD8,IC50,biochemical_binding,1,2,1,2,1,0,0,7.958607314841775,7.958607314841775,7.958607314841775,11.0,11.0,IC50,1,inhibitory_potency,1,biochemical_binding,1,ChEMBL;PubChem,CHEMBL5862439,Menin,2021,=,CCN1Cc2ccccc2C(C2CCCC2)(C2CCN(CC3CN(c4ccc(S(=O)(=O)c5cnn(C)c5)cc4)C3)CC2)C1,CCN1Cc2ccccc2C(C2CCCC2)(C2CCN(CC3CN(c4ccc(S(=O)(=O)c5cnn(C)c5)cc4)C3)CC2)C1,CCN1Cc2ccccc2C(C2CCCC2)(C2CCN(CC3CN(c4ccc(S(=O)(=O)c5cnn(C)c5)cc4)C3)CC2)C1,CCN1Cc2ccccc2C(C2CCCC2)(C2CCN(CC3CN(c4ccc(S(=O)(=O)c5cnn(C)c5)cc4)C3)CC2)C1,QUWYOPUEUIGYQY-UHFFFAOYSA-N,QUWYOPUEUIGYQY-UHFFFAOYSA-N,standardized,0.0,False,2.0,strict_exact,exact_point_estimate,high_potency_<=100nM,True,True,IC50,biochemical_binding,False,0.8889343740435682,0.5031218641992999,0.2525252401828766,CCOC(=O)N1CCC(CN2CCC3(CC2)CN(S(C)(=O)=O)c2ncccc23)CC1,True,high
STR-489F6A3FCA46D9527C55,IC50,biochemical_binding,1,2,1,2,1,0,0,7.958607314841775,7.958607314841775,7.958607314841775,11.0,11.0,IC50,1,inhibitory_potency,1,biochemical_binding,1,ChEMBL;PubChem,CHEMBL5890210,Menin,2021,=,CCN1Cc2ccccc2C(C2CCN(CC3CN(c4ccc(S(=O)(=O)c5ccn(C)c5)cc4)C3)CC2)([C@H]2CCC[C@@H]2NC(=O)NC)C1,CCN1Cc2ccccc2C(C2CCN(CC3CN(c4ccc(S(=O)(=O)c5ccn(C)c5)cc4)C3)CC2)([C@H]2CCC[C@@H]2NC(=O)NC)C1,CCN1Cc2ccccc2C(C2CCN(CC3CN(c4ccc(S(=O)(=O)c5ccn(C)c5)cc4)C3)CC2)([C@H]2CCC[C@@H]2NC(=O)NC)C1,CCN1Cc2ccccc2C(C2CCN(CC3CN(c4ccc(S(=O)(=O)c5ccn(C)c5)cc4)C3)CC2)([C@H]2CCC[C@@H]2NC(=O)NC)C1,OSMIXLAWYCYESD-MROBMTMESA-N,OSMIXLAWYCYESD-MROBMTMESA-N,standardized,0.0,False,2.0,strict_exact,exact_point_estimate,high_potency_<=100nM,True,True,IC50,biochemical_binding,False,0.8938644269428908,0.48814849495413526,0.2522522509098053,CCOC(=O)N1CCC(CN2CCC3(CC2)CN(C(=O)NC)c2ncccc23)CC1,True,high
STR-84B6FE8D37C3E3C10CC6,IC50,biochemical_binding,1,2,1,2,1,0,0,7.958607314841775,7.958607314841775,7.958607314841775,11.0,11.0,IC50,1,inhibitory_potency,1,biochemical_binding,1,ChEMBL;PubChem,CHEMBL5949746,Menin,2021,=,CNC(=O)N[C@H]1CCC[C@@H]1C1(C2CCN(CC3CN(c4ccc(S(=O)(=O)c5cnn(C)c5)cc4)C3)CC2)CN(C)Cc2ccccc21,CNC(=O)N[C@H]1CCC[C@@H]1C1(C2CCN(CC3CN(c4ccc(S(=O)(=O)c5cnn(C)c5)cc4)C3)CC2)CN(C)Cc2ccccc21,CNC(=O)N[C@H]1CCC[C@@H]1C1(C2CCN(CC3CN(c4ccc(S(=O)(=O)c5cnn(C)c5)cc4)C3)CC2)CN(C)Cc2ccccc21,CNC(=O)N[C@H]1CCC[C@@H]1C1(C2CCN(CC3CN(c4ccc(S(=O)(=O)c5cnn(C)c5)cc4)C3)CC2)CN(C)Cc2ccccc21,PXHPZKVBSDPTPS-AFLWYUAHSA-N,PXHPZKVBSDPTPS-AFLWYUAHSA-N,standardized,0.0,False,2.0,strict_exact,exact_point_estimate,high_potency_<=100nM,True,True,IC50,biochemical_binding,False,0.7952088285367367,0.7314075574066087,0.2545454502105713,CCOC(=O)N1CCC(CN2CCC3(CC2)CN(C(=O)NC)c2ncccc23)CC1,True,high
STR-A62EFE6B816DF994EE32,IC50,biochemical_binding,1,2,1,2,1,0,0,7.958607314841775,7.958607314841775,7.958607314841775,11.0,11.0,IC50,1,inhibitory_potency,1,biochemical_binding,1,ChEMBL;PubChem,CHEMBL5938342,Menin,2021,=,COC(=O)N[C@H]1CCC[C@@H]1C(C#N)(c1ccccc1)C1CCN(CC2CN(c3ccc(S(=O)(=O)c4ccncc4)cc3)C2)CC1,COC(=O)N[C@H]1CCC[C@@H]1C(C#N)(c1ccccc1)C1CCN(CC2CN(c3ccc(S(=O)(=O)c4ccncc4)cc3)C2)CC1,COC(=O)N[C@H]1CCC[C@@H]1C(C#N)(c1ccccc1)C1CCN(CC2CN(c3ccc(S(=O)(=O)c4ccncc4)cc3)C2)CC1,COC(=O)N[C@H]1CCC[C@@H]1C(C#N)(c1ccccc1)C1CCN(CC2CN(c3ccc(S(=O)(=O)c4ccncc4)cc3)C2)CC1,MIUPMJHGNQWPQS-HEVKVOQNSA-N,MIUPMJHGNQWPQS-HEVKVOQNSA-N,standardized,0.0,False,2.0,strict_exact,exact_point_estimate,high_potency_<=100nM,True,True,IC50,biochemical_binding,False,0.9064838711918971,0.4480985592544365,0.2604166567325592,O=C(O)c1ccc(N2CCC(CN3CCC(Oc4ccc(Cl)c(Cl)c4)CC3)CC2)cc1,True,high
STR-AA4D58E6580A56C280AF,IC50,biochemical_binding,1,1,0,1,1,0,0,7.958607314841775,7.958607314841775,7.958607314841775,11.0,11.0,IC50,1,inhibitory_potency,1,biochemical_binding,1,ChEMBL,CHEMBL4516680,Menin,2019,=,CN1Cc2ccccc2C(C2CCCC2)(C2CCN(CC3CN(c4ccc(S(=O)(=O)c5ccncc5)cc4)C3)CC2)C1,CN1Cc2ccccc2C(C2CCCC2)(C2CCN(CC3CN(c4ccc(S(=O)(=O)c5ccncc5)cc4)C3)CC2)C1,CN1Cc2ccccc2C(C2CCCC2)(C2CCN(CC3CN(c4ccc(S(=O)(=O)c5ccncc5)cc4)C3)CC2)C1,CN1Cc2ccccc2C(C2CCCC2)(C2CCN(CC3CN(c4ccc(S(=O)(=O)c5ccncc5)cc4)C3)CC2)C1,HIKNZTWSCQIGRD-UHFFFAOYSA-N,HIKNZTWSCQIGRD-UHFFFAOYSA-N,standardized,0.0,False,2.0,strict_exact,exact_point_estimate,high_potency_<=100nM,True,True,IC50,biochemical_binding,False,0.9256151614945857,0.3820779522079093,0.26595744490623474,CCOC(=O)N1CCC(CN2CCC3(CC2)CN(S(C)(=O)=O)c2ncccc23)CC1,True,high
STR-B56EF6AC340F28C175E6,IC50,biochemical_binding,1,1,0,1,1,0,0,7.958607314841775,7.958607314841775,7.958607314841775,11.0,11.0,IC50,1,inhibitory_potency,1,biochemical_binding,1,ChEMBL,CHEMBL4458829,Menin,2019,=,CNC(=O)O[C@H]1CCC[C@@H]1[C@](C#N)(c1ccccc1)C1CCN(CC2CN(c3ccc(C#N)cc3)C2)CC1,CNC(=O)O[C@H]1CCC[C@@H]1[C@](C#N)(c1ccccc1)C1CCN(CC2CN(c3ccc(C#N)cc3)C2)CC1,CNC(=O)O[C@H]1CCC[C@@H]1[C@](C#N)(c1ccccc1)C1CCN(CC2CN(c3ccc(C#N)cc3)C2)CC1,CNC(=O)O[C@H]1CCC[C@@H]1[C@](C#N)(c1ccccc1)C1CCN(CC2CN(c3ccc(C#N)cc3)C2)CC1,IFDKQQVTCZCWIE-GSBZAIBZSA-N,IFDKQQVTCZCWIE-GSBZAIBZSA-N,standardized,0.0,False,2.0,strict_exact,exact_point_estimate,high_potency_<=100nM,True,True,IC50,biochemical_binding,False,0.9098885625199384,0.4368416715097781,0.3068181872367859,N#Cc1ccc(N2CCN(Cc3cc(C(=O)O)c(=O)n4ccccc34)CC2)cc1,True,high
STR-C4A801F174E1E034721C,IC50,biochemical_binding,1,2,1,2,1,0,0,7.958607314841775,7.958607314841775,7.958607314841775,11.0,11.0,IC50,1,inhibitory_potency,1,biochemical_binding,1,ChEMBL;PubChem,CHEMBL5912352,Menin,2021,=,CCN1Cc2ccccc2C(C2CCN(CC3CN(c4ccc(S(=O)(=O)c5cnn(C)c5)cc4)C3)CC2)([C@H]2CCC[C@@H]2NC(C)=O)C1,CCN1Cc2ccccc2C(C2CCN(CC3CN(c4ccc(S(=O)(=O)c5cnn(C)c5)cc4)C3)CC2)([C@H]2CCC[C@@H]2NC(C)=O)C1,CCN1Cc2ccccc2C(C2CCN(CC3CN(c4ccc(S(=O)(=O)c5cnn(C)c5)cc4)C3)CC2)([C@H]2CCC[C@@H]2NC(C)=O)C1,CCN1Cc2ccccc2C(C2CCN(CC3CN(c4ccc(S(=O)(=O)c5cnn(C)c5)cc4)C3)CC2)([C@H]2CCC[C@@H]2NC(C)=O)C1,XOBABEJTJVLOIK-JTTVYFNNSA-N,XOBABEJTJVLOIK-JTTVYFNNSA-N,standardized,0.0,False,2.0,strict_exact,exact_point_estimate,high_potency_<=100nM,True,True,IC50,biochemical_binding,False,0.8474631914742297,0.6161524273949385,0.25233644247055054,CC(=O)Nc1cccc(N2CCN(CC3CCN(S(=O)(=O)CC4CCCCC4)CC3)CC2)c1,True,high
STR-EE40493687FAFB4EE02B,IC50,biochemical_binding,1,2,1,2,1,0,0,7.958607314841775,7.958607314841775,7.958607314841775,11.0,11.0,IC50,1,inhibitory_potency,1,biochemical_binding,1,ChEMBL;PubChem,CHEMBL4444304,Menin,2019,=,O=S(=O)(c1ccncc1)c1ccc(N2CC(CN3CCC(C4(C5CCCC5)CN(CCN5CCOCC5)Cc5ccccc54)CC3)C2)cc1,O=S(=O)(c1ccncc1)c1ccc(N2CC(CN3CCC(C4(C5CCCC5)CN(CCN5CCOCC5)Cc5ccccc54)CC3)C2)cc1,O=S(=O)(c1ccncc1)c1ccc(N2CC(CN3CCC(C4(C5CCCC5)CN(CCN5CCOCC5)Cc5ccccc54)CC3)C2)cc1,O=S(=O)(c1ccncc1)c1ccc(N2CC(CN3CCC(C4(C5CCCC5)CN(CCN5CCOCC5)Cc5ccccc54)CC3)C2)cc1,BFYBPKVANYUFNH-UHFFFAOYSA-N,BFYBPKVANYUFNH-UHFFFAOYSA-N,standardized,0.0,False,2.0,strict_exact,exact_point_estimate,high_potency_<=100nM,True,True,IC50,biochemical_binding,False,0.907902815830353,0.44343147471675026,0.25806450843811035,CC(C)n1nc(C(=O)NCC2CCN(CCN3CCOCC3)CC2)c2ccccc21,True,high
STR-2FF2DB436296505D61BF,IC50,biochemical_binding,1,1,0,1,1,0,0,7.943095148663527,7.943095148663527,7.943095148663527,11.4,11.4,IC50,1,inhibitory_potency,1,biochemical_binding,1,ChEMBL,CHEMBL2314823,Menin,2013,=,CC(=O)N[C@@H](CCCNC(=N)N)C(=O)N[C@@H](Cc1c[nH]c2ccccc12)C(=O)N[C@@H](CCCNC(=N)N)C(=O)N[C@@H](Cc1ccccc1)C(=O)N1CCC[C@H]1C(=O)N[C@@H](C)C(=O)N[C@@H](CCCNC(=N)N)C(=O)N1CCC[C@H]1C(=O)NCC(=O)N[C@H](C(=O)NCC(=O)N[C@@H](CCCNC(=N)N)C(=O)N[C@@H](CCCNC(=N)N)C(N)=O)[C@@H](C)O,CC(=O)N[C@@H](CCCNC(=N)N)C(=O)N[C@@H](Cc1c[nH]c2ccccc12)C(=O)N[C@@H](CCCNC(=N)N)C(=O)N[C@@H](Cc1ccccc1)C(=O)N1CCC[C@H]1C(=O)N[C@@H](C)C(=O)N[C@@H](CCCNC(=N)N)C(=O)N1CCC[C@H]1C(=O)NCC(=O)N[C@H](C(=O)NCC(=O)N[C@@H](CCCNC(=N)N)C(=O)N[C@@H](CCCNC(=N)N)C(N)=O)[C@@H](C)O,CC(=O)N[C@@H](CCCNC(=N)N)C(=O)N[C@@H](Cc1c[nH]c2ccccc12)C(=O)N[C@@H](CCCNC(=N)N)C(=O)N[C@@H](Cc1ccccc1)C(=O)N1CCC[C@H]1C(=O)N[C@@H](C)C(=O)N[C@@H](CCCNC(=N)N)C(=O)N1CCC[C@H]1C(=O)NCC(=O)N[C@H](C(=O)NCC(=O)N[C@@H](CCCNC(=N)N)C(=O)N[C@@H](CCCNC(=N)N)C(N)=O)[C@@H](C)O,CC(=O)N[C@@H](CCCNC(=N)N)C(=O)N[C@@H](Cc1c[nH]c2ccccc12)C(=O)N[C@@H](CCCNC(=N)N)C(=O)N[C@@H](Cc1ccccc1)C(=O)N1CCC[C@H]1C(=O)N[C@@H](C)C(=O)N[C@@H](CCCNC(=N)N)C(=O)N1CCC[C@H]1C(=O)NCC(=O)N[C@H](C(=O)NCC(=O)N[C@@H](CCCNC(=N)N)C(=O)N[C@@H](CCCNC(=N)N)C(N)=O)[C@@H](C)O,HDZDPXBIYCSDDH-VTTCKZLXSA-N,HDZDPXBIYCSDDH-VTTCKZLXSA-N,standardized,0.0,False,2.0,strict_exact,exact_point_estimate,high_potency_<=100nM,True,True,IC50,biochemical_binding,False,0.8978255602036023,0.47585074986488374,0.5,CCC(C)C(NC(=O)C(Cc1ccccc1)NC(=O)C(CC(C)C)NC(=O)C(CCCNC(=N)N)NC(=O)C(NC(=O)C(C)NC(=O)C(CCC(=O)O)NC(=O)C(CCC(=O)O)NC(=O)C(CCC(=O)O)NC(=O)C(CCSC)NC(=O)C(CCC(N)=O)NC(=O)C(CCCCN)NC(=O)C(CO)NC(=O)C(CC(C)C)NC(=O)C(CC(=O)O)NC(=O)C(CO)NC(=O)C(NC(=O)C(Cc1ccccc1)NC(=O)C(NC(=O)CNC(=O)C(CCC(=O)O)NC(=O)CNC(=O)C(N)Cc1c[nH]cn1)C(C)O)C(C)O)C(C)C)C(=O)NC(CCC(=O)O)C(=O)NC(Cc1c[nH]c2ccccc12)C(=O)NC(CC(C)C)C(=O)NC(CCCCN)C(=O)NC(CC(N)=O)C(=O)NCC(=O)NCC(=O)N1CCCC1C(=O)NC(CO)C(=O)NC(CO)C(=O)NCC(=O)NC(C)C(=O)N1CCCC1C(=O)N1CCCC1C(=O)N1CCCC1C(=O)NC(CO)C(N)=O,True,high
STR-0EB9DFE3F3CFA3016388,IC50,biochemical_binding,1,2,1,2,1,0,0,7.920818753952375,7.920818753952375,7.920818753952375,12.0,12.0,IC50,1,inhibitory_potency,1,biochemical_binding,1,ChEMBL;PubChem,CHEMBL5960140,Menin,2021,=,COC(=O)N[C@H]1CCC[C@@H]1C(C#N)(c1ccccc1)C1CCN(CC2CN(c3ccc(S(=O)(=O)C4CC5CCC4C5)cc3)C2)CC1,COC(=O)N[C@H]1CCC[C@@H]1C(C#N)(c1ccccc1)C1CCN(CC2CN(c3ccc(S(=O)(=O)C4CC5CCC4C5)cc3)C2)CC1,COC(=O)N[C@H]1CCC[C@@H]1C(C#N)(c1ccccc1)C1CCN(CC2CN(c3ccc(S(=O)(=O)C4CC5CCC4C5)cc3)C2)CC1,COC(=O)N[C@H]1CCC[C@@H]1C(C#N)(c1ccccc1)C1CCN(CC2CN(c3ccc(S(=O)(=O)C4CC5CCC4C5)cc3)C2)CC1,MBAJWYCVAINBNA-YYEHFRLESA-N,MBAJWYCVAINBNA-YYEHFRLESA-N,standardized,0.0,False,2.0,strict_exact,exact_point_estimate,high_potency_<=100nM,True,True,IC50,biochemical_binding,False,0.8885085492677489,0.5043982981599212,0.2549019753932953,O=C(O)Cc1ccc(N2CCC(CN3CCC(Oc4ccc(Cl)c(Cl)c4)CC3)CC2)cc1,True,high
STR-298210A977B1E814E254,IC50,biochemical_binding,1,2,1,2,1,0,0,7.920818753952375,7.920818753952375,7.920818753952375,12.0,12.0,IC50,1,inhibitory_potency,1,biochemical_binding,1,ChEMBL;PubChem,CHEMBL5852741,Menin,2021,=,CNC(=O)O[C@H]1CCC[C@@H]1C(Cn1ccnc1)(c1ccccc1)C1CCN(CC2CN(c3ccc(S(=O)(=O)c4ccccc4)cc3)C2)CC1,CNC(=O)O[C@H]1CCC[C@@H]1C(Cn1ccnc1)(c1ccccc1)C1CCN(CC2CN(c3ccc(S(=O)(=O)c4ccccc4)cc3)C2)CC1,CNC(=O)O[C@H]1CCC[C@@H]1C(Cn1ccnc1)(c1ccccc1)C1CCN(CC2CN(c3ccc(S(=O)(=O)c4ccccc4)cc3)C2)CC1,CNC(=O)O[C@H]1CCC[C@@H]1C(Cn1ccnc1)(c1ccccc1)C1CCN(CC2CN(c3ccc(S(=O)(=O)c4ccccc4)cc3)C2)CC1,VAURVTQYMPFKRB-KFAUHABRSA-N,VAURVTQYMPFKRB-KFAUHABRSA-N,standardized,0.0,False,2.0,strict_exact,exact_point_estimate,high_potency_<=100nM,True,True,IC50,biochemical_binding,False,0.9119595468499051,0.4298950616159964,0.2568807303905487,COc1cc(N)c(Cl)cc1C(=O)N[C@H]1CCN(CCCn2ccnc2)C[C@H]1OC,True,high
STR-2D6C1263F87FC6A92E1C,IC50,biochemical_binding,1,2,1,2,1,0,0,7.920818753952375,7.920818753952375,7.920818753952375,12.0,12.0,IC50,1,inhibitory_potency,1,biochemical_binding,1,ChEMBL;PubChem,CHEMBL5751959,Menin,2021,=,CCN1Cc2ccccc2C(C2CCCC2)(C2CCN(CC3CN(c4ccc(S(=O)(=O)c5cnn(CC)c5)cc4)C3)CC2)C1,CCN1Cc2ccccc2C(C2CCCC2)(C2CCN(CC3CN(c4ccc(S(=O)(=O)c5cnn(CC)c5)cc4)C3)CC2)C1,CCN1Cc2ccccc2C(C2CCCC2)(C2CCN(CC3CN(c4ccc(S(=O)(=O)c5cnn(CC)c5)cc4)C3)CC2)C1,CCN1Cc2ccccc2C(C2CCCC2)(C2CCN(CC3CN(c4ccc(S(=O)(=O)c5cnn(CC)c5)cc4)C3)CC2)C1,FAYCWGYKSDHCPU-UHFFFAOYSA-N,FAYCWGYKSDHCPU-UHFFFAOYSA-N,standardized,0.0,False,2.0,strict_exact,exact_point_estimate,high_potency_<=100nM,True,True,IC50,biochemical_binding,False,0.9100632727859665,0.43625858548442265,0.25,CCOC(=O)N1CCC(CN2CCC3(CC2)CN(S(C)(=O)=O)c2ncccc23)CC1,True,high
STR-5DF8CCEDDDC1429A6B58,IC50,biochemical_binding,1,2,1,2,1,0,0,7.920818753952375,7.920818753952375,7.920818753952375,12.0,12.0,IC50,1,inhibitory_potency,1,biochemical_binding,1,ChEMBL;PubChem,CHEMBL5984748,Menin,2021,=,CN1Cc2ccccc2C(C2CCCC2)(C2CCN(CC3CN(c4ccc(S(=O)(=O)C5CC5)cc4)C3)CC2)C1,CN1Cc2ccccc2C(C2CCCC2)(C2CCN(CC3CN(c4ccc(S(=O)(=O)C5CC5)cc4)C3)CC2)C1,CN1Cc2ccccc2C(C2CCCC2)(C2CCN(CC3CN(c4ccc(S(=O)(=O)C5CC5)cc4)C3)CC2)C1,CN1Cc2ccccc2C(C2CCCC2)(C2CCN(CC3CN(c4ccc(S(=O)(=O)C5CC5)cc4)C3)CC2)C1,NGOHOQCEHVWUCG-UHFFFAOYSA-N,NGOHOQCEHVWUCG-UHFFFAOYSA-N,standardized,0.0,False,2.0,strict_exact,exact_point_estimate,high_potency_<=100nM,True,True,IC50,biochemical_binding,False,0.9285238367485588,0.3714084126842674,0.3382352888584137,O=S(=O)(c1ccccc1)C1CCN(CCc2ccccc2)CC1,True,high
STR-87D12F3BEF86165DEC76,IC50,biochemical_binding,1,2,1,2,1,0,0,7.920818753952375,7.920818753952375,7.920818753952375,12.0,12.0,IC50,1,inhibitory_potency,1,biochemical_binding,1,ChEMBL;PubChem,CHEMBL5800854,Menin,2021,=,CNC(=O)N[C@H]1CCC[C@@H]1C1(C2CCN(CC3CN(c4ccc(S(=O)(=O)C5CC5)cc4)C3)CC2)CN(C(C)C)Cc2ccccc21,CNC(=O)N[C@H]1CCC[C@@H]1C1(C2CCN(CC3CN(c4ccc(S(=O)(=O)C5CC5)cc4)C3)CC2)CN(C(C)C)Cc2ccccc21,CNC(=O)N[C@H]1CCC[C@@H]1C1(C2CCN(CC3CN(c4ccc(S(=O)(=O)C5CC5)cc4)C3)CC2)CN(C(C)C)Cc2ccccc21,CNC(=O)N[C@H]1CCC[C@@H]1C1(C2CCN(CC3CN(c4ccc(S(=O)(=O)C5CC5)cc4)C3)CC2)CN(C(C)C)Cc2ccccc21,FIGZHMNOKIRLCF-FWBANIIHSA-N,FIGZHMNOKIRLCF-FWBANIIHSA-N,standardized,0.0,False,2.0,strict_exact,exact_point_estimate,high_potency_<=100nM,True,True,IC50,biochemical_binding,False,0.897565881421027,0.47666441708120083,0.2631579041481018,O=C(CN1CCC(S(=O)(=O)c2ccccc2)CC1)c1ccc(F)cc1F,True,high
STR-94607F80C78D17F7F58B,IC50,biochemical_binding,1,2,1,2,1,0,0,7.920818753952375,7.920818753952375,7.920818753952375,12.0,12.0,IC50,1,inhibitory_potency,1,biochemical_binding,1,ChEMBL;PubChem,CHEMBL5978180,Menin,2021,=,CNC(=O)O[C@H]1CCC[C@@H]1C(Cn1cccc1)(c1ccccc1)C1CCN(CC2CN(c3ccc(S(=O)(=O)c4ccccc4)cc3)C2)CC1,CNC(=O)O[C@H]1CCC[C@@H]1C(Cn1cccc1)(c1ccccc1)C1CCN(CC2CN(c3ccc(S(=O)(=O)c4ccccc4)cc3)C2)CC1,CNC(=O)O[C@H]1CCC[C@@H]1C(Cn1cccc1)(c1ccccc1)C1CCN(CC2CN(c3ccc(S(=O)(=O)c4ccccc4)cc3)C2)CC1,CNC(=O)O[C@H]1CCC[C@@H]1C(Cn1cccc1)(c1ccccc1)C1CCN(CC2CN(c3ccc(S(=O)(=O)c4ccccc4)cc3)C2)CC1,RGGXIRGKGSGLAE-CVSIUOJSSA-N,RGGXIRGKGSGLAE-CVSIUOJSSA-N,standardized,0.0,False,2.0,strict_exact,exact_point_estimate,high_potency_<=100nM,True,True,IC50,biochemical_binding,False,0.9073588968445262,0.4452245715460482,0.25806450843811035,O=C(O)c1ccc(N2CCC(CN3CCC(Oc4ccc(Cl)c(Cl)c4)CC3)CC2)cc1,True,high
STR-FB20DDC3426AF551283B,IC50,biochemical_binding,1,2,1,2,1,0,0,7.920818753952375,7.920818753952375,7.920818753952375,12.0,12.0,IC50,1,inhibitory_potency,1,biochemical_binding,1,ChEMBL;PubChem,CHEMBL5753605,Menin,2021,=,CN(C)C(=O)N[C@H]1CCC[C@@H]1C(C#N)(c1ccccc1)C1CCN(CC2CN(c3ccc(S(=O)(=O)c4ccncc4)cc3)C2)CC1,CN(C)C(=O)N[C@H]1CCC[C@@H]1C(C#N)(c1ccccc1)C1CCN(CC2CN(c3ccc(S(=O)(=O)c4ccncc4)cc3)C2)CC1,CN(C)C(=O)N[C@H]1CCC[C@@H]1C(C#N)(c1ccccc1)C1CCN(CC2CN(c3ccc(S(=O)(=O)c4ccncc4)cc3)C2)CC1,CN(C)C(=O)N[C@H]1CCC[C@@H]1C(C#N)(c1ccccc1)C1CCN(CC2CN(c3ccc(S(=O)(=O)c4ccncc4)cc3)C2)CC1,UGIVOZOCAQIGKH-AFLWYUAHSA-N,UGIVOZOCAQIGKH-AFLWYUAHSA-N,standardized,0.0,False,2.0,strict_exact,exact_point_estimate,high_potency_<=100nM,True,True,IC50,biochemical_binding,False,0.9152420878094679,0.4187260178212242,0.26530611515045166,O=C(NCc1ccccc1)N(c1ccc(Br)cc1)C1CCN(Cc2ccncc2)CC1,True,high
STR-35F6D1EC02194FC314E7,IC50,biochemical_binding,1,2,1,2,1,0,0,7.886056647693163,7.886056647693163,7.886056647693163,13.0,13.0,IC50,1,inhibitory_potency,1,biochemical_binding,1,ChEMBL;PubChem,CHEMBL6022195,Menin,2021,=,CNC(=O)O[C@H]1CCC[C@@H]1C(C#N)(c1ccccc1)C1CCN(CC2CN(c3ccc([N+](=O)[O-])cc3)C2)CC1,CNC(=O)O[C@H]1CCC[C@@H]1C(C#N)(c1ccccc1)C1CCN(CC2CN(c3ccc([N+](=O)[O-])cc3)C2)CC1,CNC(=O)O[C@H]1CCC[C@@H]1C(C#N)(c1ccccc1)C1CCN(CC2CN(c3ccc([N+](=O)[O-])cc3)C2)CC1,CNC(=O)O[C@H]1CCC[C@@H]1C(C#N)(c1ccccc1)C1CCN(CC2CN(c3ccc([N+](=O)[O-])cc3)C2)CC1,QUXGGZVJCJQVBS-SRBHEWTHSA-N,QUXGGZVJCJQVBS-SRBHEWTHSA-N,standardized,0.0,False,2.0,strict_exact,exact_point_estimate,high_potency_<=100nM,True,True,IC50,biochemical_binding,False,0.8872215913612969,0.5082400122857039,0.2747252881526947,O=C(O)c1ccc(N2CCC(CN3CCC(Oc4ccc(Cl)c(Cl)c4)CC3)CC2)cc1,True,high
STR-6ADE38C213CBA2CBB7F0,IC50,biochemical_binding,1,1,0,1,1,0,0,7.886056647693163,7.886056647693163,7.886056647693163,13.0,13.0,IC50,1,inhibitory_potency,1,biochemical_binding,1,ChEMBL,CHEMBL4207749,Menin,2018,=,Cc1c(CN2CCC(Nc3ncnc4sc(CC(F)(F)F)cc34)CC2)ccc2c1cc(C#N)n2CCN1CCN(S(C)(=O)=O)CC1,Cc1c(CN2CCC(Nc3ncnc4sc(CC(F)(F)F)cc34)CC2)ccc2c1cc(C#N)n2CCN1CCN(S(C)(=O)=O)CC1,Cc1c(CN2CCC(Nc3ncnc4sc(CC(F)(F)F)cc34)CC2)ccc2c1cc(C#N)n2CCN1CCN(S(C)(=O)=O)CC1,Cc1c(CN2CCC(Nc3ncnc4sc(CC(F)(F)F)cc34)CC2)ccc2c1cc(C#N)n2CCN1CCN(S(C)(=O)=O)CC1,GFNBNCRQFXZWQL-UHFFFAOYSA-N,GFNBNCRQFXZWQL-UHFFFAOYSA-N,standardized,0.0,False,2.0,strict_exact,exact_point_estimate,high_potency_<=100nM,True,True,IC50,biochemical_binding,False,0.8989621232138845,0.47227697793931345,0.30909091234207153,O=c1nc(NC2CCN(Cc3ccc4c(c3)OCO4)CC2)c2cc(Cl)ccc2n1CC(F)(F)F,True,high
STR-85CC09FA46180DEFBF79,IC50,biochemical_binding,1,2,1,2,1,0,0,7.886056647693163,7.886056647693163,7.886056647693163,13.0,13.0,IC50,1,inhibitory_potency,1,biochemical_binding,1,ChEMBL;PubChem,CHEMBL5993949,Menin,2021,=,CC(=O)O[C@H]1CCC[C@@H]1C(C#N)(c1cccc(F)c1)C1CCN(CC2CN(c3ccc(S(=O)(=O)c4ccccc4)cc3)C2)CC1,CC(=O)O[C@H]1CCC[C@@H]1C(C#N)(c1cccc(F)c1)C1CCN(CC2CN(c3ccc(S(=O)(=O)c4ccccc4)cc3)C2)CC1,CC(=O)O[C@H]1CCC[C@@H]1C(C#N)(c1cccc(F)c1)C1CCN(CC2CN(c3ccc(S(=O)(=O)c4ccccc4)cc3)C2)CC1,CC(=O)O[C@H]1CCC[C@@H]1C(C#N)(c1cccc(F)c1)C1CCN(CC2CN(c3ccc(S(=O)(=O)c4ccccc4)cc3)C2)CC1,ZSXCXYOKSWOXBU-VNIGXCIGSA-N,ZSXCXYOKSWOXBU-VNIGXCIGSA-N,standardized,0.0,False,2.0,strict_exact,exact_point_estimate,high_potency_<=100nM,True,True,IC50,biochemical_binding,False,0.9075596851269944,0.4445632405718082,0.290909081697464,CCN(C(=O)Cc1ccc(S(C)(=O)=O)cc1)C1CCN(CCC(c2ccccc2)N2CCN(c3cccc(F)c3)CC2)CC1,True,high
STR-990002F6D026479B6DCF,IC50,biochemical_binding,1,1,0,1,1,0,0,7.886056647693163,7.886056647693163,7.886056647693163,13.0,13.0,IC50,1,inhibitory_potency,1,biochemical_binding,1,ChEMBL,CHEMBL4204254,Menin,2018,=,Cc1c(CN2CCC(Nc3ncnc4sc(CC(F)(F)F)cc34)CC2)ccc2c1cc(C#N)n2CCN1CCN(C=O)CC1,Cc1c(CN2CCC(Nc3ncnc4sc(CC(F)(F)F)cc34)CC2)ccc2c1cc(C#N)n2CCN1CCN(C=O)CC1,Cc1c(CN2CCC(Nc3ncnc4sc(CC(F)(F)F)cc34)CC2)ccc2c1cc(C#N)n2CCN1CCN(C=O)CC1,Cc1c(CN2CCC(Nc3ncnc4sc(CC(F)(F)F)cc34)CC2)ccc2c1cc(C#N)n2CCN1CCN(C=O)CC1,QIXLMPUFBHHRPK-UHFFFAOYSA-N,QIXLMPUFBHHRPK-UHFFFAOYSA-N,standardized,0.0,False,2.0,strict_exact,exact_point_estimate,high_potency_<=100nM,True,True,IC50,biochemical_binding,False,0.9288057156017262,0.370364764033316,0.31481480598449707,O=c1nc(NC2CCN(Cc3ccc4c(c3)OCO4)CC2)c2cc(Cl)ccc2n1CC(F)(F)F,True,high
STR-B41E25A7E7B38A28FF65,IC50,biochemical_binding,1,2,1,2,1,0,0,7.886056647693163,7.886056647693163,7.886056647693163,13.0,13.0,IC50,1,inhibitory_potency,1,biochemical_binding,1,ChEMBL;PubChem,CHEMBL5805666,Menin,2021,=,CC(=O)N[C@H]1CCC[C@@H]1C(Cn1ccnc1)(c1ccccc1)C1CCN(CC2CN(c3ccc(S(=O)(=O)c4ccccc4)cc3)C2)CC1,CC(=O)N[C@H]1CCC[C@@H]1C(Cn1ccnc1)(c1ccccc1)C1CCN(CC2CN(c3ccc(S(=O)(=O)c4ccccc4)cc3)C2)CC1,CC(=O)N[C@H]1CCC[C@@H]1C(Cn1ccnc1)(c1ccccc1)C1CCN(CC2CN(c3ccc(S(=O)(=O)c4ccccc4)cc3)C2)CC1,CC(=O)N[C@H]1CCC[C@@H]1C(Cn1ccnc1)(c1ccccc1)C1CCN(CC2CN(c3ccc(S(=O)(=O)c4ccccc4)cc3)C2)CC1,CHJSQAHWDJNCHV-QZMHTSLDSA-N,CHJSQAHWDJNCHV-QZMHTSLDSA-N,standardized,0.0,False,2.0,strict_exact,exact_point_estimate,high_potency_<=100nM,True,True,IC50,biochemical_binding,False,0.9352786463180411,0.3459085648558696,0.27272728085517883,CC(=O)Nc1cccc(N2CCN(CC3CCN(S(=O)(=O)CC4CCCCC4)CC3)CC2)c1,True,high
STR-CFD47A4A9C12D7F7E3C6,IC50,biochemical_binding,1,1,0,1,1,0,0,7.886056647693163,7.886056647693163,7.886056647693163,13.0,13.0,IC50,1,inhibitory_potency,1,biochemical_binding,1,ChEMBL,CHEMBL4207527,Menin,2018,=,Cc1c(CN2CCC(Nc3ncnc4sc(CC(F)(F)F)cc34)CC2)ccc2c1cc(C#N)n2CCN1CCN(C)CC1,Cc1c(CN2CCC(Nc3ncnc4sc(CC(F)(F)F)cc34)CC2)ccc2c1cc(C#N)n2CCN1CCN(C)CC1,Cc1c(CN2CCC(Nc3ncnc4sc(CC(F)(F)F)cc34)CC2)ccc2c1cc(C#N)n2CCN1CCN(C)CC1,Cc1c(CN2CCC(Nc3ncnc4sc(CC(F)(F)F)cc34)CC2)ccc2c1cc(C#N)n2CCN1CCN(C)CC1,OSDOKPSDDMWTPM-UHFFFAOYSA-N,OSDOKPSDDMWTPM-UHFFFAOYSA-N,standardized,0.0,False,2.0,strict_exact,exact_point_estimate,high_potency_<=100nM,True,True,IC50,biochemical_binding,False,0.9478958008700282,0.2952690781703561,0.3142857253551483,O=c1nc(NC2CCN(Cc3ccc4c(c3)OCO4)CC2)c2cc(Cl)ccc2n1CC(F)(F)F,True,high
STR-5D9D18A659624B9D4D9E,IC50,biochemical_binding,2,3,1,2,2,0,0,7.860623199523586,8.0,7.721246399047171,14.5,10.0,IC50,1,inhibitory_potency,1,biochemical_binding,1,ChEMBL;PubChem,CHEMBL4578509,Menin,2019;2021,=,O=S(=O)(c1ccc(N2CC(CN3CCC(C4(C5CCCC5)NCCc5ccccc54)CC3)C2)cc1)C1CCCCC1,O=S(=O)(c1ccc(N2CC(CN3CCC(C4(C5CCCC5)NCCc5ccccc54)CC3)C2)cc1)C1CCCCC1,O=S(=O)(c1ccc(N2CC(CN3CCC(C4(C5CCCC5)NCCc5ccccc54)CC3)C2)cc1)C1CCCCC1,O=S(=O)(c1ccc(N2CC(CN3CCC(C4(C5CCCC5)NCCc5ccccc54)CC3)C2)cc1)C1CCCCC1,DHTUDUJUVDDGLA-UHFFFAOYSA-N,DHTUDUJUVDDGLA-UHFFFAOYSA-N,standardized,0.2787536009528288,False,2.0,strict_exact,exact_point_estimate,high_potency_<=100nM,True,True,IC50,biochemical_binding,False,0.9584517821074308,0.24934622878019047,0.3142857253551483,O=S(=O)(c1ccccc1)C1CCN(CCc2ccccc2)CC1,True,high
STR-09808CFD40E7489BA72B,IC50,biochemical_binding,1,2,1,2,1,0,0,7.853871964321762,7.853871964321762,7.853871964321762,14.0,14.0,IC50,1,inhibitory_potency,1,biochemical_binding,1,ChEMBL;PubChem,CHEMBL5948781,Menin,2021,=,N#CC(c1ccccc1)(C1CCN(CC2CN(c3ccc(S(=O)(=O)c4ccccc4)cc3)C2)CC1)[C@H]1CCC[C@@H]1OC(N)=O,N#CC(c1ccccc1)(C1CCN(CC2CN(c3ccc(S(=O)(=O)c4ccccc4)cc3)C2)CC1)[C@H]1CCC[C@@H]1OC(N)=O,N#CC(c1ccccc1)(C1CCN(CC2CN(c3ccc(S(=O)(=O)c4ccccc4)cc3)C2)CC1)[C@H]1CCC[C@@H]1OC(N)=O,N#CC(c1ccccc1)(C1CCN(CC2CN(c3ccc(S(=O)(=O)c4ccccc4)cc3)C2)CC1)[C@H]1CCC[C@@H]1OC(N)=O,XOTPULAWZVCKSJ-HEVKVOQNSA-N,XOTPULAWZVCKSJ-HEVKVOQNSA-N,standardized,0.0,False,2.0,strict_exact,exact_point_estimate,high_potency_<=100nM,True,True,IC50,biochemical_binding,False,0.8900387045967734,0.4997992023800878,0.2808988690376282,O=C(O)c1ccc(N2CCC(CN3CCC(Oc4ccc(Cl)c(Cl)c4)CC3)CC2)cc1,True,high
STR-0C1A3C79DDA24756CB7A,IC50,biochemical_binding,1,2,1,2,1,0,0,7.853871964321762,7.853871964321762,7.853871964321762,14.0,14.0,IC50,1,inhibitory_potency,1,biochemical_binding,1,ChEMBL;PubChem,CHEMBL6012114,Menin,2021,=,COC(=O)N[C@H]1CCC[C@@H]1C(C#N)(c1ccccc1)C1CCN(CC2CN(c3ccc(S(=O)(=O)c4ccccc4)cc3)C2)CC1,COC(=O)N[C@H]1CCC[C@@H]1C(C#N)(c1ccccc1)C1CCN(CC2CN(c3ccc(S(=O)(=O)c4ccccc4)cc3)C2)CC1,COC(=O)N[C@H]1CCC[C@@H]1C(C#N)(c1ccccc1)C1CCN(CC2CN(c3ccc(S(=O)(=O)c4ccccc4)cc3)C2)CC1,COC(=O)N[C@H]1CCC[C@@H]1C(C#N)(c1ccccc1)C1CCN(CC2CN(c3ccc(S(=O)(=O)c4ccccc4)cc3)C2)CC1,NIKCFGNIXVGTAN-AFLWYUAHSA-N,NIKCFGNIXVGTAN-AFLWYUAHSA-N,standardized,0.0,False,2.0,strict_exact,exact_point_estimate,high_potency_<=100nM,True,True,IC50,biochemical_binding,False,0.9044836435111125,0.4546194639293254,0.2747252881526947,O=C(O)c1ccc(N2CCC(CN3CCC(Oc4ccc(Cl)c(Cl)c4)CC3)CC2)cc1,True,high
STR-3941BFA7C86C7BEE8530,IC50,biochemical_binding,1,2,1,2,1,0,0,7.853871964321762,7.853871964321762,7.853871964321762,14.0,14.0,IC50,1,inhibitory_potency,1,biochemical_binding,1,ChEMBL;PubChem,CHEMBL6054581,Menin,2021,=,CNC(=O)O[C@H]1CCC[C@@H]1C(C#N)(c1ccccc1)C1CCN(CC2CN(c3ccc(S(=O)(=O)C4CC4)cc3)C2)CC1,CNC(=O)O[C@H]1CCC[C@@H]1C(C#N)(c1ccccc1)C1CCN(CC2CN(c3ccc(S(=O)(=O)C4CC4)cc3)C2)CC1,CNC(=O)O[C@H]1CCC[C@@H]1C(C#N)(c1ccccc1)C1CCN(CC2CN(c3ccc(S(=O)(=O)C4CC4)cc3)C2)CC1,CNC(=O)O[C@H]1CCC[C@@H]1C(C#N)(c1ccccc1)C1CCN(CC2CN(c3ccc(S(=O)(=O)C4CC4)cc3)C2)CC1,CREKPRIJPIEMSU-KZNDPDLVSA-N,CREKPRIJPIEMSU-KZNDPDLVSA-N,standardized,0.0,False,2.0,strict_exact,exact_point_estimate,high_potency_<=100nM,True,True,IC50,biochemical_binding,False,0.896017914769223,0.481492881658377,0.3012048304080963,O=C(CN1CCC(S(=O)(=O)c2ccccc2)CC1)c1ccc(F)cc1,True,high
STR-F4FB2C42DC3E185E6101,IC50,biochemical_binding,1,1,0,1,1,0,0,7.853871964321762,7.853871964321762,7.853871964321762,14.0,14.0,IC50,1,inhibitory_potency,1,biochemical_binding,1,ChEMBL,CHEMBL4209476,Menin,2018,=,Cc1c(CN2CCC(Nc3ncnc4sc(CC(F)(F)F)cc34)CC2)ccc2c1cc(C#N)n2CCC1CCNCC1,Cc1c(CN2CCC(Nc3ncnc4sc(CC(F)(F)F)cc34)CC2)ccc2c1cc(C#N)n2CCC1CCNCC1,Cc1c(CN2CCC(Nc3ncnc4sc(CC(F)(F)F)cc34)CC2)ccc2c1cc(C#N)n2CCC1CCNCC1,Cc1c(CN2CCC(Nc3ncnc4sc(CC(F)(F)F)cc34)CC2)ccc2c1cc(C#N)n2CCC1CCNCC1,IHEGJOXPFIOCCT-UHFFFAOYSA-N,IHEGJOXPFIOCCT-UHFFFAOYSA-N,standardized,0.0,False,2.0,strict_exact,exact_point_estimate,high_potency_<=100nM,True,True,IC50,biochemical_binding,False,0.9312392993105605,0.361281716912566,0.3055555522441864,O=c1nc(NC2CCN(Cc3ccc4c(c3)OCO4)CC2)c2cc(Cl)ccc2n1CC(F)(F)F,True,high
STR-CA5FBB5B185EEEDFCC44,IC50,biochemical_binding,2,4,2,2,2,0,0,7.832773124424534,8.096910013008056,7.568636235841012,17.5,8.0,IC50,1,inhibitory_potency,1,biochemical_binding,1,ChEMBL;PubChem,CHEMBL5788808,Menin,2021,=,CNC(=O)O[C@H]1CCC[C@@H]1C(Cn1ccnc1)(c1ccccc1)C1CCN(CC2CN(c3ccc(S(=O)(=O)c4ccc(OC=O)cc4)cc3)C2)CC1,CNC(=O)O[C@H]1CCC[C@@H]1C(Cn1ccnc1)(c1ccccc1)C1CCN(CC2CN(c3ccc(S(=O)(=O)c4ccc(OC=O)cc4)cc3)C2)CC1,CNC(=O)O[C@H]1CCC[C@@H]1C(Cn1ccnc1)(c1ccccc1)C1CCN(CC2CN(c3ccc(S(=O)(=O)c4ccc(OC=O)cc4)cc3)C2)CC1,CNC(=O)O[C@H]1CCC[C@@H]1C(Cn1ccnc1)(c1ccccc1)C1CCN(CC2CN(c3ccc(S(=O)(=O)c4ccc(OC=O)cc4)cc3)C2)CC1,SHTSYVJEBIPJBE-CVSIUOJSSA-N,SHTSYVJEBIPJBE-CVSIUOJSSA-N,standardized,0.528273777167044,False,2.0,strict_exact,exact_point_estimate,high_potency_<=100nM,True,True,IC50,biochemical_binding,False,0.9028122678718394,0.46001699027250553,0.25,O=C(O)c1ccc(N2CCC(CN3CCC(Oc4ccc(Cl)c(Cl)c4)CC3)CC2)cc1,True,high
STR-329A1DF49F92EC5C8A64,IC50,biochemical_binding,1,1,0,1,1,0,0,7.832682665251824,7.832682665251824,7.832682665251824,14.7,14.7,IC50,1,inhibitory_potency,1,biochemical_binding,1,ChEMBL,CHEMBL3780822,Menin,2018,=,Cc1c(CN2CCC(Nc3ncnc4sc(CC(F)(F)F)cc34)CC2)ccc2c1cc(C#N)n2Cc1cn[nH]c1,Cc1c(CN2CCC(Nc3ncnc4sc(CC(F)(F)F)cc34)CC2)ccc2c1cc(C#N)n2Cc1cn[nH]c1,Cc1c(CN2CCC(Nc3ncnc4sc(CC(F)(F)F)cc34)CC2)ccc2c1cc(C#N)n2Cc1cn[nH]c1,Cc1c(CN2CCC(Nc3ncnc4sc(CC(F)(F)F)cc34)CC2)ccc2c1cc(C#N)n2Cc1cn[nH]c1,DETOMBLLEOZTMZ-UHFFFAOYSA-N,DETOMBLLEOZTMZ-UHFFFAOYSA-N,standardized,0.0,False,2.0,strict_exact,exact_point_estimate,high_potency_<=100nM,True,True,IC50,biochemical_binding,False,0.9398879051634259,0.3278897331574626,0.3297872245311737,FC(F)(F)c1ccc(C(F)(F)CN2CCC(Nc3ncnc4[nH]ncc34)CC2)cc1,True,high
STR-213F84F38B4A2B9413E0,IC50,biochemical_binding,2,3,1,2,2,0,0,7.8278038631574445,7.886056647693163,7.769551078621726,15.0,13.0,IC50,1,inhibitory_potency,1,biochemical_binding,1,ChEMBL;PubChem,CHEMBL4459554,Menin,2019;2021,=,O=S(=O)(c1ccc(N2CC(CN3CCC(C4(C5CCCC5)NCCc5ccccc54)CC3)C2)cc1)C1CCCC1,O=S(=O)(c1ccc(N2CC(CN3CCC(C4(C5CCCC5)NCCc5ccccc54)CC3)C2)cc1)C1CCCC1,O=S(=O)(c1ccc(N2CC(CN3CCC(C4(C5CCCC5)NCCc5ccccc54)CC3)C2)cc1)C1CCCC1,O=S(=O)(c1ccc(N2CC(CN3CCC(C4(C5CCCC5)NCCc5ccccc54)CC3)C2)cc1)C1CCCC1,YPKFPYBBBHEOQJ-UHFFFAOYSA-N,YPKFPYBBBHEOQJ-UHFFFAOYSA-N,standardized,0.1165055690714371,False,2.0,strict_exact,exact_point_estimate,high_potency_<=100nM,True,True,IC50,biochemical_binding,False,0.959683155434381,0.2437430284430015,0.3188405930995941,O=S(=O)(c1ccccc1)C1CCN(CCc2ccccc2)CC1,True,high
STR-21E735B2891431212E1A,IC50,biochemical_binding,1,2,1,2,1,0,0,7.823908740944319,7.823908740944319,7.823908740944319,15.0,15.0,IC50,1,inhibitory_potency,1,biochemical_binding,1,ChEMBL;PubChem,CHEMBL5914463,Menin,2021,=,CNS(=O)(=O)c1ccc(N2CC(CN3CCC(C4(C5CCCC5)NCCc5c(F)cccc54)CC3)C2)cc1,CNS(=O)(=O)c1ccc(N2CC(CN3CCC(C4(C5CCCC5)NCCc5c(F)cccc54)CC3)C2)cc1,CNS(=O)(=O)c1ccc(N2CC(CN3CCC(C4(C5CCCC5)NCCc5c(F)cccc54)CC3)C2)cc1,CNS(=O)(=O)c1ccc(N2CC(CN3CCC(C4(C5CCCC5)NCCc5c(F)cccc54)CC3)C2)cc1,PQORXHKMGAJELL-UHFFFAOYSA-N,PQORXHKMGAJELL-UHFFFAOYSA-N,standardized,0.0,False,2.0,strict_exact,exact_point_estimate,high_potency_<=100nM,True,True,IC50,biochemical_binding,False,0.9066426256646302,0.44757810719160457,0.2688172161579132,CC(=O)Nc1cccc(N2CCN(CC3CCN(S(=O)(=O)CC4CCCCC4)CC3)CC2)c1,True,high
STR-3F81C43E4EB08BB5803F,IC50,biochemical_binding,1,2,1,2,1,0,0,7.823908740944319,7.823908740944319,7.823908740944319,15.0,15.0,IC50,1,inhibitory_potency,1,biochemical_binding,1,ChEMBL;PubChem,CHEMBL5746682,Menin,2021,=,COC(=O)N[C@H]1CCC[C@@H]1C(C#N)(c1ccccc1)C1CCN(CC2CN(c3ccc(S(=O)(=O)c4ccc(F)cc4)cc3)C2)CC1,COC(=O)N[C@H]1CCC[C@@H]1C(C#N)(c1ccccc1)C1CCN(CC2CN(c3ccc(S(=O)(=O)c4ccc(F)cc4)cc3)C2)CC1,COC(=O)N[C@H]1CCC[C@@H]1C(C#N)(c1ccccc1)C1CCN(CC2CN(c3ccc(S(=O)(=O)c4ccc(F)cc4)cc3)C2)CC1,COC(=O)N[C@H]1CCC[C@@H]1C(C#N)(c1ccccc1)C1CCN(CC2CN(c3ccc(S(=O)(=O)c4ccc(F)cc4)cc3)C2)CC1,XOGCRWWVODZDSD-AFLWYUAHSA-N,XOGCRWWVODZDSD-AFLWYUAHSA-N,standardized,0.0,False,2.0,strict_exact,exact_point_estimate,high_potency_<=100nM,True,True,IC50,biochemical_binding,False,0.9170696778608596,0.41242112465381814,0.2906976640224457,O=C(CN1CCC(S(=O)(=O)c2ccccc2)CC1)c1ccc(F)cc1,True,high
STR-64726CEBE1C119AD1032,IC50,biochemical_binding,1,2,1,2,1,0,0,7.823908740944319,7.823908740944319,7.823908740944319,15.0,15.0,IC50,1,inhibitory_potency,1,biochemical_binding,1,ChEMBL;PubChem,CHEMBL6042537,Menin,2021,=,COC(=O)N[C@H]1CCC[C@@H]1C(C#N)(c1ccccc1)C1CCN(CC2CN(c3ccc(S(=O)(=O)c4cnn(C)c4)cc3)C2)CC1,COC(=O)N[C@H]1CCC[C@@H]1C(C#N)(c1ccccc1)C1CCN(CC2CN(c3ccc(S(=O)(=O)c4cnn(C)c4)cc3)C2)CC1,COC(=O)N[C@H]1CCC[C@@H]1C(C#N)(c1ccccc1)C1CCN(CC2CN(c3ccc(S(=O)(=O)c4cnn(C)c4)cc3)C2)CC1,COC(=O)N[C@H]1CCC[C@@H]1C(C#N)(c1ccccc1)C1CCN(CC2CN(c3ccc(S(=O)(=O)c4cnn(C)c4)cc3)C2)CC1,OZNSRDJOBNUWQA-QKZQDKRESA-N,OZNSRDJOBNUWQA-QKZQDKRESA-N,standardized,0.0,False,2.0,strict_exact,exact_point_estimate,high_potency_<=100nM,True,True,IC50,biochemical_binding,False,0.8167129217237266,0.6872153900049006,0.2522522509098053,CN1CCN(C(=O)NC2CCN(Cc3ccn(-c4ccc(C(F)(F)F)cc4)c3)CC2)C(c2ccccc2)C1,True,high
STR-90EE5A397527C889888A,IC50,biochemical_binding,1,1,0,1,1,0,0,7.823908740944319,7.823908740944319,7.823908740944319,15.0,15.0,IC50,1,inhibitory_potency,1,biochemical_binding,1,ChEMBL,CHEMBL4203695,Menin,2018,=,Cc1c(CN2CCC(Nc3ncnc4sc(CC(F)(F)F)cc34)CC2)ccc2c1cc(C#N)n2CCN1CCNCC1,Cc1c(CN2CCC(Nc3ncnc4sc(CC(F)(F)F)cc34)CC2)ccc2c1cc(C#N)n2CCN1CCNCC1,Cc1c(CN2CCC(Nc3ncnc4sc(CC(F)(F)F)cc34)CC2)ccc2c1cc(C#N)n2CCN1CCNCC1,Cc1c(CN2CCC(Nc3ncnc4sc(CC(F)(F)F)cc34)CC2)ccc2c1cc(C#N)n2CCN1CCNCC1,MRTDAGRWCGGOBC-UHFFFAOYSA-N,MRTDAGRWCGGOBC-UHFFFAOYSA-N,standardized,0.0,False,2.0,strict_exact,exact_point_estimate,high_potency_<=100nM,True,True,IC50,biochemical_binding,False,0.9341178996206321,0.35036505049988464,0.30841121077537537,O=c1nc(NC2CCN(Cc3ccc4c(c3)OCO4)CC2)c2cc(Cl)ccc2n1CC(F)(F)F,True,high
STR-AF889682F3260AB0C490,IC50,biochemical_binding,1,2,1,2,1,0,0,7.823908740944319,7.823908740944319,7.823908740944319,15.0,15.0,IC50,1,inhibitory_potency,1,biochemical_binding,1,ChEMBL;PubChem,CHEMBL5837749,Menin,2021,=,CCN1Cc2ccccc2C(C2CCCC2)(C2CCN(CC3CN(c4ccc(S(=O)(=O)C(F)(F)F)cc4)C3)CC2)C1,CCN1Cc2ccccc2C(C2CCCC2)(C2CCN(CC3CN(c4ccc(S(=O)(=O)C(F)(F)F)cc4)C3)CC2)C1,CCN1Cc2ccccc2C(C2CCCC2)(C2CCN(CC3CN(c4ccc(S(=O)(=O)C(F)(F)F)cc4)C3)CC2)C1,CCN1Cc2ccccc2C(C2CCCC2)(C2CCN(CC3CN(c4ccc(S(=O)(=O)C(F)(F)F)cc4)C3)CC2)C1,SFOWJWXXSKLQPR-UHFFFAOYSA-N,SFOWJWXXSKLQPR-UHFFFAOYSA-N,standardized,0.0,False,2.0,strict_exact,exact_point_estimate,high_potency_<=100nM,True,True,IC50,biochemical_binding,False,0.9309356133173428,0.36242238559460954,0.2808988690376282,CCN1C(=O)N(c2ccc(C(F)(F)F)cc2)C(=O)C12CCN(CC1CCOCC1)CC2,True,high
STR-FF3501C24AF8F8557BD2,IC50,biochemical_binding,1,2,1,2,1,0,0,7.823908740944319,7.823908740944319,7.823908740944319,15.0,15.0,IC50,1,inhibitory_potency,1,biochemical_binding,1,ChEMBL;PubChem,CHEMBL5913912,Menin,2021,=,COC(=O)N[C@H]1CCC[C@@H]1C(C#N)(c1ccccc1)C1CCN(CC2CN(c3ccc(S(=O)(=O)c4ccc(C(=O)O)cc4)cc3)C2)CC1,COC(=O)N[C@H]1CCC[C@@H]1C(C#N)(c1ccccc1)C1CCN(CC2CN(c3ccc(S(=O)(=O)c4ccc(C(=O)O)cc4)cc3)C2)CC1,COC(=O)N[C@H]1CCC[C@@H]1C(C#N)(c1ccccc1)C1CCN(CC2CN(c3ccc(S(=O)(=O)c4ccc(C(=O)O)cc4)cc3)C2)CC1,COC(=O)N[C@H]1CCC[C@@H]1C(C#N)(c1ccccc1)C1CCN(CC2CN(c3ccc(S(=O)(=O)c4ccc(C(=O)O)cc4)cc3)C2)CC1,YYRTZOYRPFJVQM-JWTXWEFBSA-N,YYRTZOYRPFJVQM-JWTXWEFBSA-N,standardized,0.0,False,2.0,strict_exact,exact_point_estimate,high_potency_<=100nM,True,True,IC50,biochemical_binding,False,0.8461505171993936,0.6193903819531937,0.3333333432674408,O=C(O)c1ccc(N2CCC(CN3CCC(Oc4ccc(Cl)c(Cl)c4)CC3)CC2)cc1,True,high
STR-718AB1E455060CA519A1,IC50,biochemical_binding,2,3,1,2,2,0,0,7.809894379144197,7.920818753952375,7.698970004336019,16.0,12.0,IC50,1,inhibitory_potency,1,biochemical_binding,1,ChEMBL;PubChem,CHEMBL4436641,Menin,2019;2021,=,O=S(=O)(c1ccccc1)c1ccc(N2CC(CN3CCC(C4(C5CCCC5)NCCc5ccccc54)CC3)C2)cc1,O=S(=O)(c1ccccc1)c1ccc(N2CC(CN3CCC(C4(C5CCCC5)NCCc5ccccc54)CC3)C2)cc1,O=S(=O)(c1ccccc1)c1ccc(N2CC(CN3CCC(C4(C5CCCC5)NCCc5ccccc54)CC3)C2)cc1,O=S(=O)(c1ccccc1)c1ccc(N2CC(CN3CCC(C4(C5CCCC5)NCCc5ccccc54)CC3)C2)cc1,ISZGYKMIFCDSET-UHFFFAOYSA-N,ISZGYKMIFCDSET-UHFFFAOYSA-N,standardized,0.2218487496163561,False,2.0,strict_exact,exact_point_estimate,high_potency_<=100nM,True,True,IC50,biochemical_binding,False,0.9553655241611694,0.2631517363403388,0.2777777910232544,O=S(=O)(CC1CC1)NC1CN(c2ccc3c(c2)[C@@H](Cc2ccccc2)[C@@H](N2CCC2)CC3)C1,True,high
STR-972288F8D4D50B5E44FE,IC50,biochemical_binding,2,3,1,2,2,0,0,7.796729909783022,7.823908740944319,7.769551078621726,16.0,15.0,IC50,1,inhibitory_potency,1,biochemical_binding,1,ChEMBL;PubChem,CHEMBL4476073,Menin,2019;2021,=,O=S(=O)(c1ccncc1)c1ccc(N2CC(CN3CCC(C4(C5CCCC5)NCCc5ccccc54)CC3)C2)cc1,O=S(=O)(c1ccncc1)c1ccc(N2CC(CN3CCC(C4(C5CCCC5)NCCc5ccccc54)CC3)C2)cc1,O=S(=O)(c1ccncc1)c1ccc(N2CC(CN3CCC(C4(C5CCCC5)NCCc5ccccc54)CC3)C2)cc1,O=S(=O)(c1ccncc1)c1ccc(N2CC(CN3CCC(C4(C5CCCC5)NCCc5ccccc54)CC3)C2)cc1,NIMLAJOQSRTWMK-UHFFFAOYSA-N,NIMLAJOQSRTWMK-UHFFFAOYSA-N,standardized,0.0543576623225927,False,2.0,strict_exact,exact_point_estimate,high_potency_<=100nM,True,True,IC50,biochemical_binding,False,0.9565163952673916,0.25804249876133256,0.25581395626068115,Oc1cccc2c1CNC(CN1CCC3(CCc4ccccc43)CC1)C2,True,high
STR-07E4D9678C4B52D2093A,IC50,biochemical_binding,1,2,1,2,1,0,0,7.795880017344075,7.795880017344075,7.795880017344075,16.0,16.0,IC50,1,inhibitory_potency,1,biochemical_binding,1,ChEMBL;PubChem,CHEMBL5891635,Menin,2021,=,COC(=O)N[C@H]1CCC[C@@H]1C(C#N)(c1ccccc1)C1CCN(CC2CN(c3ccc(S(=O)(=O)C4CC4)cc3Cl)C2)CC1,COC(=O)N[C@H]1CCC[C@@H]1C(C#N)(c1ccccc1)C1CCN(CC2CN(c3ccc(S(=O)(=O)C4CC4)cc3Cl)C2)CC1,COC(=O)N[C@H]1CCC[C@@H]1C(C#N)(c1ccccc1)C1CCN(CC2CN(c3ccc(S(=O)(=O)C4CC4)cc3Cl)C2)CC1,COC(=O)N[C@H]1CCC[C@@H]1C(C#N)(c1ccccc1)C1CCN(CC2CN(c3ccc(S(=O)(=O)C4CC4)cc3Cl)C2)CC1,LXYYNMMNGAQDRJ-WIIQMBFNSA-N,LXYYNMMNGAQDRJ-WIIQMBFNSA-N,standardized,0.0,False,2.0,strict_exact,exact_point_estimate,high_potency_<=100nM,True,True,IC50,biochemical_binding,False,0.9176870087073207,0.41027717889637816,0.3020833432674408,O=C(O)c1ccccc1N1CCC(CN2CCC(Oc3ccc(Cl)c(Cl)c3)CC2)CC1,True,high
STR-73C51163FC18BDBC72DE,IC50,biochemical_binding,1,2,1,2,1,0,0,7.795880017344075,7.795880017344075,7.795880017344075,16.0,16.0,IC50,1,inhibitory_potency,1,biochemical_binding,1,ChEMBL;PubChem,CHEMBL5790769,Menin,2021,=,CCN1Cc2ccccc2C(C2CCCC2)(C2CCN(CC3CN(c4ccc(S(=O)(=O)c5ccnc(C(F)(F)F)c5)cc4)C3)CC2)C1,CCN1Cc2ccccc2C(C2CCCC2)(C2CCN(CC3CN(c4ccc(S(=O)(=O)c5ccnc(C(F)(F)F)c5)cc4)C3)CC2)C1,CCN1Cc2ccccc2C(C2CCCC2)(C2CCN(CC3CN(c4ccc(S(=O)(=O)c5ccnc(C(F)(F)F)c5)cc4)C3)CC2)C1,CCN1Cc2ccccc2C(C2CCCC2)(C2CCN(CC3CN(c4ccc(S(=O)(=O)c5ccnc(C(F)(F)F)c5)cc4)C3)CC2)C1,RKRWOWLAPWCTTQ-UHFFFAOYSA-N,RKRWOWLAPWCTTQ-UHFFFAOYSA-N,standardized,0.0,False,2.0,strict_exact,exact_point_estimate,high_potency_<=100nM,True,True,IC50,biochemical_binding,False,0.9228430461409021,0.3920814485100836,0.26530611515045166,CCN1C(=O)N(c2ccc(C(F)(F)F)cc2)C(=O)C12CCN(CC1CCOCC1)CC2,True,high
STR-8A96AEE3549DB26F33DD,IC50,biochemical_binding,1,2,1,2,1,0,0,7.795880017344075,7.795880017344075,7.795880017344075,16.0,16.0,IC50,1,inhibitory_potency,1,biochemical_binding,1,ChEMBL;PubChem,CHEMBL5918038,Menin,2021,=,CC(=O)O[C@H]1CCC[C@@H]1C(C#N)(c1cccc(F)c1)C1CCN(CC2CN(c3ccc(C#N)cc3)C2)CC1,CC(=O)O[C@H]1CCC[C@@H]1C(C#N)(c1cccc(F)c1)C1CCN(CC2CN(c3ccc(C#N)cc3)C2)CC1,CC(=O)O[C@H]1CCC[C@@H]1C(C#N)(c1cccc(F)c1)C1CCN(CC2CN(c3ccc(C#N)cc3)C2)CC1,CC(=O)O[C@H]1CCC[C@@H]1C(C#N)(c1cccc(F)c1)C1CCN(CC2CN(c3ccc(C#N)cc3)C2)CC1,KXPSUXIZTPMMPF-XPZBDPFPSA-N,KXPSUXIZTPMMPF-XPZBDPFPSA-N,standardized,0.0,False,2.0,strict_exact,exact_point_estimate,high_potency_<=100nM,True,True,IC50,biochemical_binding,False,0.9002543250104922,0.4681888835707448,0.3396226465702057,CCn1nc(Cc2ccc(C#N)cc2)cc1C1CCN(C[C@H]2CN([C@@H](C(=O)O)C(C)(C)C)C[C@@H]2c2cccc(F)c2)CC1,True,high
STR-E0F070490CE8D61ABB41,IC50,biochemical_binding,1,2,1,2,1,0,0,7.795880017344075,7.795880017344075,7.795880017344075,16.0,16.0,IC50,1,inhibitory_potency,1,biochemical_binding,1,ChEMBL;PubChem,CHEMBL5864891,Menin,2021,=,CCc1cc(S(=O)(=O)c2ccc(N3CC(CN4CCC(C5(C6CCCC6)CN(CC)Cc6ccccc65)CC4)C3)cc2)ccn1,CCc1cc(S(=O)(=O)c2ccc(N3CC(CN4CCC(C5(C6CCCC6)CN(CC)Cc6ccccc65)CC4)C3)cc2)ccn1,CCc1cc(S(=O)(=O)c2ccc(N3CC(CN4CCC(C5(C6CCCC6)CN(CC)Cc6ccccc65)CC4)C3)cc2)ccn1,CCc1cc(S(=O)(=O)c2ccc(N3CC(CN4CCC(C5(C6CCCC6)CN(CC)Cc6ccccc65)CC4)C3)cc2)ccn1,LKAVMIMTRUVZSB-UHFFFAOYSA-N,LKAVMIMTRUVZSB-UHFFFAOYSA-N,standardized,0.0,False,2.0,strict_exact,exact_point_estimate,high_potency_<=100nM,True,True,IC50,biochemical_binding,False,0.9209194100684096,0.3989312778544706,0.27000001072883606,CCOC(=O)N1CCC(CN2CCC3(CC2)CN(S(C)(=O)=O)c2ncccc23)CC1,True,high
STR-2E8A075F614E722CE8DF,IC50,biochemical_binding,1,2,1,2,1,0,0,7.769551078621726,7.769551078621726,7.769551078621726,17.0,17.0,IC50,1,inhibitory_potency,1,biochemical_binding,1,ChEMBL;PubChem,CHEMBL5942437,Menin,2021,=,CC(=O)O[C@@H]1CCC[C@H]1C(C#N)(c1ccccc1)C1CCN(CC2CN(c3ccc(S(=O)(=O)c4ccnc(C)c4)cc3)C2)CC1,CC(=O)O[C@@H]1CCC[C@H]1C(C#N)(c1ccccc1)C1CCN(CC2CN(c3ccc(S(=O)(=O)c4ccnc(C)c4)cc3)C2)CC1,CC(=O)O[C@@H]1CCC[C@H]1C(C#N)(c1ccccc1)C1CCN(CC2CN(c3ccc(S(=O)(=O)c4ccnc(C)c4)cc3)C2)CC1,CC(=O)O[C@@H]1CCC[C@H]1C(C#N)(c1ccccc1)C1CCN(CC2CN(c3ccc(S(=O)(=O)c4ccnc(C)c4)cc3)C2)CC1,OIMINFWBWXHPIT-CLDIWPSMSA-N,OIMINFWBWXHPIT-CLDIWPSMSA-N,standardized,0.0,False,2.0,strict_exact,exact_point_estimate,high_potency_<=100nM,True,True,IC50,biochemical_binding,False,0.8877071782399857,0.506793299089155,0.27000001072883606,O=C(O)COc1ccc(N2CCC(CN3CCC(Oc4ccc(Cl)c(Cl)c4)CC3)CC2)cc1,True,high
STR-94C191645BE5B0A1978A,IC50,biochemical_binding,1,2,1,2,1,0,0,7.744727494896693,7.744727494896693,7.744727494896693,18.0,18.0,IC50,1,inhibitory_potency,1,biochemical_binding,1,ChEMBL;PubChem,CHEMBL6045605,Menin,2021,=,N#CC(c1ccccc1)(C1CCN(CC2CN(c3ccc(S(=O)(=O)c4ccncc4)cc3)C2)CC1)[C@H]1CCC[C@@H]1OC(=O)C1CC1,N#CC(c1ccccc1)(C1CCN(CC2CN(c3ccc(S(=O)(=O)c4ccncc4)cc3)C2)CC1)[C@H]1CCC[C@@H]1OC(=O)C1CC1,N#CC(c1ccccc1)(C1CCN(CC2CN(c3ccc(S(=O)(=O)c4ccncc4)cc3)C2)CC1)[C@H]1CCC[C@@H]1OC(=O)C1CC1,N#CC(c1ccccc1)(C1CCN(CC2CN(c3ccc(S(=O)(=O)c4ccncc4)cc3)C2)CC1)[C@H]1CCC[C@@H]1OC(=O)C1CC1,QSXVPAMGQSDCKK-FWBANIIHSA-N,QSXVPAMGQSDCKK-FWBANIIHSA-N,standardized,0.0,False,2.0,strict_exact,exact_point_estimate,high_potency_<=100nM,True,True,IC50,biochemical_binding,False,0.8902238615732633,0.49924035462524374,0.2631579041481018,O=C(O)c1ccc(N2CCC(CN3CCC(Oc4ccc(Cl)c(Cl)c4)CC3)CC2)cc1,True,high
STR-9AEB913932F7D1386949,IC50,biochemical_binding,1,1,0,1,1,0,0,7.744727494896693,7.744727494896693,7.744727494896693,18.0,18.0,IC50,1,inhibitory_potency,1,biochemical_binding,1,ChEMBL,CHEMBL4203028,Menin,2018,=,CC(=O)N1CCN(CCn2c(C#N)cc3c(C)c(CN4CCC(Nc5ncnc6sc(CC(F)(F)F)cc56)CC4)ccc32)CC1,CC(=O)N1CCN(CCn2c(C#N)cc3c(C)c(CN4CCC(Nc5ncnc6sc(CC(F)(F)F)cc56)CC4)ccc32)CC1,CC(=O)N1CCN(CCn2c(C#N)cc3c(C)c(CN4CCC(Nc5ncnc6sc(CC(F)(F)F)cc56)CC4)ccc32)CC1,CC(=O)N1CCN(CCn2c(C#N)cc3c(C)c(CN4CCC(Nc5ncnc6sc(CC(F)(F)F)cc56)CC4)ccc32)CC1,DRZKTLWCGNUXSJ-UHFFFAOYSA-N,DRZKTLWCGNUXSJ-UHFFFAOYSA-N,standardized,0.0,False,2.0,strict_exact,exact_point_estimate,high_potency_<=100nM,True,True,IC50,biochemical_binding,False,0.9204230141598572,0.4006869169860655,0.31192660331726074,O=c1nc(NC2CCN(Cc3ccc4c(c3)OCO4)CC2)c2cc(Cl)ccc2n1CC(F)(F)F,True,high
STR-E971954B90C3DF1122E8,IC50,biochemical_binding,1,2,1,2,1,0,0,7.744727494896693,7.744727494896693,7.744727494896693,18.0,18.0,IC50,1,inhibitory_potency,1,biochemical_binding,1,ChEMBL;PubChem,CHEMBL5983923,Menin,2021,=,CC(=O)O[C@H]1CCC[C@@H]1C(C#N)(c1ccccc1)C1CCN(CC2CN(c3ccc(S(=O)(=O)C4CC4)cc3)C2)CC1,CC(=O)O[C@H]1CCC[C@@H]1C(C#N)(c1ccccc1)C1CCN(CC2CN(c3ccc(S(=O)(=O)C4CC4)cc3)C2)CC1,CC(=O)O[C@H]1CCC[C@@H]1C(C#N)(c1ccccc1)C1CCN(CC2CN(c3ccc(S(=O)(=O)C4CC4)cc3)C2)CC1,CC(=O)O[C@H]1CCC[C@@H]1C(C#N)(c1ccccc1)C1CCN(CC2CN(c3ccc(S(=O)(=O)C4CC4)cc3)C2)CC1,DUJVKXCQENCSHD-KOPQTXDBSA-N,DUJVKXCQENCSHD-KOPQTXDBSA-N,standardized,0.0,False,2.0,strict_exact,exact_point_estimate,high_potency_<=100nM,True,True,IC50,biochemical_binding,False,0.9028464751366738,0.4599069844582657,0.3086419701576233,O=C(CN1CCC(S(=O)(=O)c2ccccc2)CC1)c1ccc(F)cc1,True,high
STR-904EC5EDA40AA8AB23C1,IC50,biochemical_binding,1,1,0,1,1,0,0,7.732828271596986,7.732828271596986,7.732828271596986,18.5,18.5,IC50,1,inhibitory_potency,1,biochemical_binding,1,ChEMBL,CHEMBL2314819,Menin,2013,=,N=C(N)NCCC[C@@H]1NC(=O)C2(CCC2)NC(=O)[C@@H]2CCCN2C(=O)[C@H](Cc2cc(F)cc(F)c2)NC(=O)[C@@H](N)CCCCCCCCNC(=O)[C@@H]2CCCN2C1=O,N=C(N)NCCC[C@@H]1NC(=O)C2(CCC2)NC(=O)[C@@H]2CCCN2C(=O)[C@H](Cc2cc(F)cc(F)c2)NC(=O)[C@@H](N)CCCCCCCCNC(=O)[C@@H]2CCCN2C1=O,N=C(N)NCCC[C@@H]1NC(=O)C2(CCC2)NC(=O)[C@@H]2CCCN2C(=O)[C@H](Cc2cc(F)cc(F)c2)NC(=O)[C@@H](N)CCCCCCCCNC(=O)[C@@H]2CCCN2C1=O,N=C(N)NCCC[C@@H]1NC(=O)C2(CCC2)NC(=O)[C@@H]2CCCN2C(=O)[C@H](Cc2cc(F)cc(F)c2)NC(=O)[C@@H](N)CCCCCCCCNC(=O)[C@@H]2CCCN2C1=O,ZOOBCIOVQOQBKG-XDIGFQIYSA-N,ZOOBCIOVQOQBKG-XDIGFQIYSA-N,standardized,0.0,False,2.0,strict_exact,exact_point_estimate,high_potency_<=100nM,True,True,IC50,biochemical_binding,False,0.7639288166632965,0.7884455206295466,0.23589743673801422,CC(C)C[C@@H]1NC(=O)CNC(=O)[C@H](CCC(=O)O)NC(=O)[C@@H]2CSSC[C@H](NC(=O)[C@@H](N)Cc3ccc(O)cc3)C(=O)N[C@@H](CCC(N)=O)C(=O)N[C@@H](CCCCN)C(=O)N[C@@H](Cc3ccccc3)C(=O)N[C@@H](CC(C)C)C(=O)N[C@@H](C)C(=O)N3CCC[C@H]3C(=O)N[C@H]3CSSC[C@H](NC(=O)[C@H](C(C)C)NC1=O)C(=O)N[C@@H](CCCNC(=N)N)C(=O)N[C@@H](CC(C)C)C(=O)N[C@@H](Cc1c[nH]c4ccccc14)C(=O)N[C@H](C(=O)N[C@@H](CCCCN)C(=O)N[C@@H](CCCCN)C(=O)N[C@@H](CCCCN)C(=O)N[C@@H](CC(C)C)C(=O)N[C@@H](Cc1c[nH]c4ccccc14)C(N)=O)CSSC[C@H](NC(=O)[C@H](CCCCN)NC(=O)[C@H](CCCNC(=N)N)NC(=O)[C@H](CCC(=O)O)NC(=O)[C@H](CO)NC(=O)[C@H](CC(=O)O)NC3=O)C(=O)N2,False,high
STR-DAA31E2085C9B01F8A70,IC50,biochemical_binding,1,2,1,2,1,0,0,7.721246399047171,7.721246399047171,7.721246399047171,19.0,19.0,IC50,1,inhibitory_potency,1,biochemical_binding,1,ChEMBL;PubChem,CHEMBL5939584,Menin,2021,=,CN1Cc2cccc(F)c2C(C2CCCC2)(C2CCN(CC3CN(c4ccc(C#N)cc4)C3)CC2)C1,CN1Cc2cccc(F)c2C(C2CCCC2)(C2CCN(CC3CN(c4ccc(C#N)cc4)C3)CC2)C1,CN1Cc2cccc(F)c2C(C2CCCC2)(C2CCN(CC3CN(c4ccc(C#N)cc4)C3)CC2)C1,CN1Cc2cccc(F)c2C(C2CCCC2)(C2CCN(CC3CN(c4ccc(C#N)cc4)C3)CC2)C1,FZALIIIMFVLAJA-UHFFFAOYSA-N,FZALIIIMFVLAJA-UHFFFAOYSA-N,standardized,0.0,False,2.0,strict_exact,exact_point_estimate,high_potency_<=100nM,True,True,IC50,biochemical_binding,False,0.944173374293663,0.31065040966935487,0.31168830394744873,N#Cc1ccc(N2CCC3(CCN(CCc4ccccc4)C3)C2)cc1,True,high
STR-06E53FF33324D9B1A44A,IC50,biochemical_binding,1,2,1,2,1,0,0,7.698970004336019,7.698970004336019,7.698970004336019,20.0,20.0,IC50,1,inhibitory_potency,1,biochemical_binding,1,ChEMBL;PubChem,CHEMBL5917864,Menin,2021,=,CNC(=O)O[C@H]1CCC[C@@H]1C(C#N)(c1ccccc1)C1CCN(CCCOc2ccc(C#N)cc2)CC1,CNC(=O)O[C@H]1CCC[C@@H]1C(C#N)(c1ccccc1)C1CCN(CCCOc2ccc(C#N)cc2)CC1,CNC(=O)O[C@H]1CCC[C@@H]1C(C#N)(c1ccccc1)C1CCN(CCCOc2ccc(C#N)cc2)CC1,CNC(=O)O[C@H]1CCC[C@@H]1C(C#N)(c1ccccc1)C1CCN(CCCOc2ccc(C#N)cc2)CC1,CSKBZNRLMHBUOA-SRBHEWTHSA-N,CSKBZNRLMHBUOA-SRBHEWTHSA-N,standardized,0.0,False,2.0,strict_exact,exact_point_estimate,high_potency_<=100nM,True,True,IC50,biochemical_binding,False,0.9245727188592189,0.3858583257030657,0.4444444477558136,OC(c1ccccc1)(c1ccccc1)C1CCN(CCCOc2ccc(-c3ccccc3)cc2)CC1,True,high
STR-514E377E1ED7B27533EB,IC50,biochemical_binding,1,1,0,1,1,0,0,7.698970004336019,7.698970004336019,7.698970004336019,20.0,20.0,IC50,1,inhibitory_potency,1,biochemical_binding,1,ChEMBL,CHEMBL4172458,Menin,2018,=,CC(C)(C#N)c1ccc(CN2CCC3(CCN(c4ncnc5sc(CC(F)(F)F)cc45)C3)C2)cc1,CC(C)(C#N)c1ccc(CN2CCC3(CCN(c4ncnc5sc(CC(F)(F)F)cc45)C3)C2)cc1,CC(C)(C#N)c1ccc(CN2CCC3(CCN(c4ncnc5sc(CC(F)(F)F)cc45)C3)C2)cc1,CC(C)(C#N)c1ccc(CN2CCC3(CCN(c4ncnc5sc(CC(F)(F)F)cc45)C3)C2)cc1,MKNCQBLFOVIHEN-UHFFFAOYSA-N,MKNCQBLFOVIHEN-UHFFFAOYSA-N,standardized,0.0,False,2.0,strict_exact,exact_point_estimate,high_potency_<=100nM,True,True,IC50,biochemical_binding,False,0.9605294302846895,0.23985948327496578,0.3076923191547394,CC(O)(c1ccc(CN2CCC3(CC2)OCc2cc(F)ncc23)cc1)c1ccc(F)c(F)c1,True,high
STR-76F421993337A53D2B7F,IC50,biochemical_binding,1,1,0,1,1,0,0,7.698970004336019,7.698970004336019,7.698970004336019,20.0,20.0,IC50,1,inhibitory_potency,1,biochemical_binding,1,ChEMBL,CHEMBL4172162,Menin,2018,=,N#CCc1ccc(CN2CCC3(CCN(c4ncnc5sc(CC(F)(F)F)cc45)C3)C2)cc1,N#CCc1ccc(CN2CCC3(CCN(c4ncnc5sc(CC(F)(F)F)cc45)C3)C2)cc1,N#CCc1ccc(CN2CCC3(CCN(c4ncnc5sc(CC(F)(F)F)cc45)C3)C2)cc1,N#CCc1ccc(CN2CCC3(CCN(c4ncnc5sc(CC(F)(F)F)cc45)C3)C2)cc1,MZDOVPQVPVQMBY-UHFFFAOYSA-N,MZDOVPQVPVQMBY-UHFFFAOYSA-N,standardized,0.0,False,2.0,strict_exact,exact_point_estimate,high_potency_<=100nM,True,True,IC50,biochemical_binding,False,0.9578323034086038,0.252144215134619,0.29113924503326416,N#Cc1ccc(N2CCC3(CCN(CCc4ccccc4)C3)C2)cc1,True,high
STR-5F1ACBF53225066503F2,IC50,biochemical_binding,1,2,1,2,1,0,0,7.67778070526608,7.67778070526608,7.67778070526608,21.0,21.0,IC50,1,inhibitory_potency,1,biochemical_binding,1,ChEMBL;PubChem,CHEMBL5849531,Menin,2021,=,Cn1cccc1S(=O)(=O)c1ccc(N2CC(CN3CCC(C4(C5CCCC5)NCCc5ccccc54)CC3)C2)cc1,Cn1cccc1S(=O)(=O)c1ccc(N2CC(CN3CCC(C4(C5CCCC5)NCCc5ccccc54)CC3)C2)cc1,Cn1cccc1S(=O)(=O)c1ccc(N2CC(CN3CCC(C4(C5CCCC5)NCCc5ccccc54)CC3)C2)cc1,Cn1cccc1S(=O)(=O)c1ccc(N2CC(CN3CCC(C4(C5CCCC5)NCCc5ccccc54)CC3)C2)cc1,ITNIKBQIJXRPMK-UHFFFAOYSA-N,ITNIKBQIJXRPMK-UHFFFAOYSA-N,standardized,0.0,False,2.0,strict_exact,exact_point_estimate,high_potency_<=100nM,True,True,IC50,biochemical_binding,False,0.9457542641453627,0.3041658267304717,0.25773194432258606,O=S(=O)(CC1CC1)NC1CN(c2ccc3c(c2)[C@@H](Cc2ccccc2)[C@@H](N2CCC2)CC3)C1,True,high
STR-6C6AF265A6F8A1F38DBC,IC50,biochemical_binding,1,2,1,2,1,0,0,7.67778070526608,7.67778070526608,7.67778070526608,21.0,21.0,IC50,1,inhibitory_potency,1,biochemical_binding,1,ChEMBL;PubChem,CHEMBL6000399,Menin,2021,=,CCN1Cc2ccccc2C(C2CCCC2)(C2CCN(CC3(C)CN(c4ccc(S(=O)(=O)c5ccncc5)cc4)C3)CC2)C1,CCN1Cc2ccccc2C(C2CCCC2)(C2CCN(CC3(C)CN(c4ccc(S(=O)(=O)c5ccncc5)cc4)C3)CC2)C1,CCN1Cc2ccccc2C(C2CCCC2)(C2CCN(CC3(C)CN(c4ccc(S(=O)(=O)c5ccncc5)cc4)C3)CC2)C1,CCN1Cc2ccccc2C(C2CCCC2)(C2CCN(CC3(C)CN(c4ccc(S(=O)(=O)c5ccncc5)cc4)C3)CC2)C1,ZJXQCBZIYDTIDN-UHFFFAOYSA-N,ZJXQCBZIYDTIDN-UHFFFAOYSA-N,standardized,0.0,False,2.0,strict_exact,exact_point_estimate,high_potency_<=100nM,True,True,IC50,biochemical_binding,False,0.8954284422140022,0.4833218006181573,0.26595744490623474,CCOC(=O)N1CCC(C)(CN2CCC3(CC2)CN(S(C)(=O)=O)c2ncccc23)CC1,True,high
STR-954544D85CBDB0FFCB9B,IC50,biochemical_binding,1,1,0,1,1,0,0,7.67778070526608,7.67778070526608,7.67778070526608,21.0,21.0,IC50,1,inhibitory_potency,1,biochemical_binding,1,ChEMBL,CHEMBL4204241,Menin,2018,=,Cc1c(CN2CCC(Nc3ncnc4sc(CC(F)(F)F)cc34)CC2)ccc2c1cc(C#N)n2CCN1CCN(C(C)C(N)=O)CC1,Cc1c(CN2CCC(Nc3ncnc4sc(CC(F)(F)F)cc34)CC2)ccc2c1cc(C#N)n2CCN1CCN(C(C)C(N)=O)CC1,Cc1c(CN2CCC(Nc3ncnc4sc(CC(F)(F)F)cc34)CC2)ccc2c1cc(C#N)n2CCN1CCN(C(C)C(N)=O)CC1,Cc1c(CN2CCC(Nc3ncnc4sc(CC(F)(F)F)cc34)CC2)ccc2c1cc(C#N)n2CCN1CCN(C(C)C(N)=O)CC1,RLGHLNGUWWFIOV-UHFFFAOYSA-N,RLGHLNGUWWFIOV-UHFFFAOYSA-N,standardized,0.0,False,2.0,strict_exact,exact_point_estimate,high_potency_<=100nM,True,True,IC50,biochemical_binding,False,0.9008395735366521,0.4663285447070088,0.3008849620819092,O=c1nc(NC2CCN(Cc3ccc4c(c3)OCO4)CC2)c2cc(Cl)ccc2n1CC(F)(F)F,True,high
STR-452401AF18DD4279C7FE,IC50,biochemical_binding,1,2,1,2,1,0,0,7.657577319177793,7.657577319177793,7.657577319177793,22.0,22.0,IC50,1,inhibitory_potency,1,biochemical_binding,1,ChEMBL;PubChem,CHEMBL6043235,Menin,2021,=,O=S(=O)(c1ccccc1)c1ccc(N2CC(CN3CCC(C(CN4CCCC4)(c4ccccc4)[C@H]4C=CCC4)CC3)C2)cc1,O=S(=O)(c1ccccc1)c1ccc(N2CC(CN3CCC(C(CN4CCCC4)(c4ccccc4)[C@H]4C=CCC4)CC3)C2)cc1,O=S(=O)(c1ccccc1)c1ccc(N2CC(CN3CCC(C(CN4CCCC4)(c4ccccc4)[C@H]4C=CCC4)CC3)C2)cc1,O=S(=O)(c1ccccc1)c1ccc(N2CC(CN3CCC(C(CN4CCCC4)(c4ccccc4)[C@H]4C=CCC4)CC3)C2)cc1,DESSZEFVQVASSD-VGPLUOEVSA-N,DESSZEFVQVASSD-VGPLUOEVSA-N,standardized,0.0,False,2.0,strict_exact,exact_point_estimate,high_potency_<=100nM,True,True,IC50,biochemical_binding,False,0.9398910061458953,0.3278774321768057,0.2638888955116272,O=S(=O)(c1ccccc1)C1CCN(CCc2ccccc2)CC1,True,high
STR-9625696A93C79A8B7AB2,IC50,biochemical_binding,1,1,0,1,1,0,0,7.657577319177793,7.657577319177793,7.657577319177793,22.0,22.0,IC50,1,inhibitory_potency,1,biochemical_binding,1,ChEMBL,CHEMBL4218853,Menin,2018,=,Cc1c(CN2CCC(Nc3ncnc4sc(CC(F)(F)F)cc34)CC2)ccc2c1cc(C#N)n2CCN1CCOCC1,Cc1c(CN2CCC(Nc3ncnc4sc(CC(F)(F)F)cc34)CC2)ccc2c1cc(C#N)n2CCN1CCOCC1,Cc1c(CN2CCC(Nc3ncnc4sc(CC(F)(F)F)cc34)CC2)ccc2c1cc(C#N)n2CCN1CCOCC1,Cc1c(CN2CCC(Nc3ncnc4sc(CC(F)(F)F)cc34)CC2)ccc2c1cc(C#N)n2CCN1CCOCC1,XATXQHDSZYADKX-UHFFFAOYSA-N,XATXQHDSZYADKX-UHFFFAOYSA-N,standardized,0.0,False,2.0,strict_exact,exact_point_estimate,high_potency_<=100nM,True,True,IC50,biochemical_binding,False,0.9399259881990638,0.3277386483171492,0.3142857253551483,O=c1nc(NC2CCN(Cc3ccc4c(c3)OCO4)CC2)c2cc(Cl)ccc2n1CC(F)(F)F,True,high
STR-918E0A178CBF8E4B9AE9,IC50,biochemical_binding,1,2,1,2,1,0,0,7.638272163982407,7.638272163982407,7.638272163982407,23.0,23.0,IC50,1,inhibitory_potency,1,biochemical_binding,1,ChEMBL;PubChem,CHEMBL6005434,Menin,2021,=,CCN1Cc2ccccc2C(C2CCCC2)(C2CCN(CC3CN(c4ccc(S(=O)(=O)C5CC5)cc4Cl)C3)CC2)C1,CCN1Cc2ccccc2C(C2CCCC2)(C2CCN(CC3CN(c4ccc(S(=O)(=O)C5CC5)cc4Cl)C3)CC2)C1,CCN1Cc2ccccc2C(C2CCCC2)(C2CCN(CC3CN(c4ccc(S(=O)(=O)C5CC5)cc4Cl)C3)CC2)C1,CCN1Cc2ccccc2C(C2CCCC2)(C2CCN(CC3CN(c4ccc(S(=O)(=O)C5CC5)cc4Cl)C3)CC2)C1,HOCVROCSDJMNCS-UHFFFAOYSA-N,HOCVROCSDJMNCS-UHFFFAOYSA-N,standardized,0.0,False,2.0,strict_exact,exact_point_estimate,high_potency_<=100nM,True,True,IC50,biochemical_binding,False,0.9324201796976572,0.35682640882604555,0.29629629850387573,CCN1C[C@@H]2CCCC[C@]2(c2ccc(Cl)c(Cl)c2)C1,True,high
STR-A59B36009FADA199468E,IC50,biochemical_binding,1,2,1,2,1,0,0,7.638272163982407,7.638272163982407,7.638272163982407,23.0,23.0,IC50,1,inhibitory_potency,1,biochemical_binding,1,ChEMBL;PubChem,CHEMBL5862776,Menin,2021,=,CCN1Cc2ccccc2C(C2CCCC2)(C2CCN(CC3CN(c4ccc(C#N)cc4)C3)CC2)C1,CCN1Cc2ccccc2C(C2CCCC2)(C2CCN(CC3CN(c4ccc(C#N)cc4)C3)CC2)C1,CCN1Cc2ccccc2C(C2CCCC2)(C2CCN(CC3CN(c4ccc(C#N)cc4)C3)CC2)C1,CCN1Cc2ccccc2C(C2CCCC2)(C2CCN(CC3CN(c4ccc(C#N)cc4)C3)CC2)C1,GPOBPWZSBAZTIQ-UHFFFAOYSA-N,GPOBPWZSBAZTIQ-UHFFFAOYSA-N,standardized,0.0,False,2.0,strict_exact,exact_point_estimate,high_potency_<=100nM,True,True,IC50,biochemical_binding,False,0.9487159914832035,0.2918264954304746,0.3243243098258972,N#Cc1ccc(N2CCC3(CCN(CCc4ccccc4)C3)C2)cc1,True,high
STR-B55D3FD73A77678E9E44,IC50,biochemical_binding,2,4,2,2,2,0,0,7.623975776090281,8.301029995663981,6.94692155651658,59.0,5.0,IC50,1,inhibitory_potency,1,biochemical_binding,1,ChEMBL;PubChem,CHEMBL6013737,Menin,2021,=,CC(=O)O[C@H]1CCC[C@@H]1C1(C2CCN(CC3CN(c4ccc(S(=O)(=O)c5ccnc(C)c5)cc4)C3)CC2)CN(C)Cc2ccccc21,CC(=O)O[C@H]1CCC[C@@H]1C1(C2CCN(CC3CN(c4ccc(S(=O)(=O)c5ccnc(C)c5)cc4)C3)CC2)CN(C)Cc2ccccc21,CC(=O)O[C@H]1CCC[C@@H]1C1(C2CCN(CC3CN(c4ccc(S(=O)(=O)c5ccnc(C)c5)cc4)C3)CC2)CN(C)Cc2ccccc21,CC(=O)O[C@H]1CCC[C@@H]1C1(C2CCN(CC3CN(c4ccc(S(=O)(=O)c5ccnc(C)c5)cc4)C3)CC2)CN(C)Cc2ccccc21,QFIDNEUSWHCDJJ-CYQHNISFSA-N,QFIDNEUSWHCDJJ-CYQHNISFSA-N,standardized,1.3541084391474012,False,2.0,strict_exact,exact_point_estimate,high_potency_<=100nM,True,True,IC50,biochemical_binding,False,0.8797866635104861,0.5299737837041864,0.2777777910232544,CCOC(=O)N1CCC(CN2CCC3(CC2)CN(S(C)(=O)=O)c2ncccc23)CC1,True,high
STR-D8C56496AF4C9916F0F3,IC50,biochemical_binding,1,2,1,2,1,0,0,7.619788758288394,7.619788758288394,7.619788758288394,24.0,24.0,IC50,1,inhibitory_potency,1,biochemical_binding,1,ChEMBL;PubChem,CHEMBL5916540,Menin,2021,=,C=CC(=O)N1CC(S(=O)(=O)c2ccc(N3CC(F)(CN4CCC([C@@](C#N)(c5cccc(F)c5)[C@H]5CCC[C@@H]5NC(=O)OC)CC4)C3)cc2)C1,C=CC(=O)N1CC(S(=O)(=O)c2ccc(N3CC(F)(CN4CCC([C@@](C#N)(c5cccc(F)c5)[C@H]5CCC[C@@H]5NC(=O)OC)CC4)C3)cc2)C1,C=CC(=O)N1CC(S(=O)(=O)c2ccc(N3CC(F)(CN4CCC([C@@](C#N)(c5cccc(F)c5)[C@H]5CCC[C@@H]5NC(=O)OC)CC4)C3)cc2)C1,C=CC(=O)N1CC(S(=O)(=O)c2ccc(N3CC(F)(CN4CCC([C@@](C#N)(c5cccc(F)c5)[C@H]5CCC[C@@H]5NC(=O)OC)CC4)C3)cc2)C1,FTPKERXLZSTAPB-QOVAEWSBSA-N,FTPKERXLZSTAPB-QOVAEWSBSA-N,standardized,0.0,False,2.0,strict_exact,exact_point_estimate,high_potency_<=100nM,True,True,IC50,biochemical_binding,False,0.8984921132128735,0.47375733859524594,0.2666666805744171,N#Cc1ccc(S(=O)(=O)C2CCN(CCc3ccc(F)cc3F)CC2)cc1,True,high
STR-1E16751A99CB4CD1A2D3,IC50,biochemical_binding,1,2,1,2,1,0,0,7.602059991327963,7.602059991327963,7.602059991327963,25.0,25.0,IC50,1,inhibitory_potency,1,biochemical_binding,1,ChEMBL;PubChem,CHEMBL4532417,Menin,2019,=,O=S(=O)(c1ccncc1)c1ccc(N2CC(CN3CCC(C4(C5CCCC5)CN(CC5COC5)Cc5ccccc54)CC3)C2)cc1,O=S(=O)(c1ccncc1)c1ccc(N2CC(CN3CCC(C4(C5CCCC5)CN(CC5COC5)Cc5ccccc54)CC3)C2)cc1,O=S(=O)(c1ccncc1)c1ccc(N2CC(CN3CCC(C4(C5CCCC5)CN(CC5COC5)Cc5ccccc54)CC3)C2)cc1,O=S(=O)(c1ccncc1)c1ccc(N2CC(CN3CCC(C4(C5CCCC5)CN(CC5COC5)Cc5ccccc54)CC3)C2)cc1,AUGOJKCHJPNYFD-UHFFFAOYSA-N,AUGOJKCHJPNYFD-UHFFFAOYSA-N,standardized,0.0,False,2.0,strict_exact,exact_point_estimate,high_potency_<=100nM,True,True,IC50,biochemical_binding,False,0.9067875344896098,0.4471026709532385,0.2448979616165161,CCOC(=O)N1CCC(CN2CCC3(CC2)CN(S(C)(=O)=O)c2ncccc23)CC1,True,high
STR-291A8BDD78332CB7AA65,IC50,biochemical_binding,1,1,0,1,1,0,0,7.602059991327963,7.602059991327963,7.602059991327963,25.0,25.0,IC50,1,inhibitory_potency,1,biochemical_binding,1,ChEMBL,CHEMBL2314833,Menin,2013,=,CC(=O)N[C@@H](CCCNC(=N)N)C(=O)N[C@@H](Cc1c[nH]c2ccccc12)C(=O)N[C@H]1CCCCCCCCNC(=O)[C@@H]2CCCN2C(=O)[C@H](CCCNC(=N)N)NC(=O)[C@H](C)NC(=O)[C@@H]2CCCN2C(=O)[C@H](Cc2ccccc2)NC1=O,CC(=O)N[C@@H](CCCNC(=N)N)C(=O)N[C@@H](Cc1c[nH]c2ccccc12)C(=O)N[C@H]1CCCCCCCCNC(=O)[C@@H]2CCCN2C(=O)[C@H](CCCNC(=N)N)NC(=O)[C@H](C)NC(=O)[C@@H]2CCCN2C(=O)[C@H](Cc2ccccc2)NC1=O,CC(=O)N[C@@H](CCCNC(=N)N)C(=O)N[C@@H](Cc1c[nH]c2ccccc12)C(=O)N[C@H]1CCCCCCCCNC(=O)[C@@H]2CCCN2C(=O)[C@H](CCCNC(=N)N)NC(=O)[C@H](C)NC(=O)[C@@H]2CCCN2C(=O)[C@H](Cc2ccccc2)NC1=O,CC(=O)N[C@@H](CCCNC(=N)N)C(=O)N[C@@H](Cc1c[nH]c2ccccc12)C(=O)N[C@H]1CCCCCCCCNC(=O)[C@@H]2CCCN2C(=O)[C@H](CCCNC(=N)N)NC(=O)[C@H](C)NC(=O)[C@@H]2CCCN2C(=O)[C@H](Cc2ccccc2)NC1=O,FOAWDRCVIVPXMZ-YCBHXASOSA-N,FOAWDRCVIVPXMZ-YCBHXASOSA-N,standardized,0.0,False,2.0,strict_exact,exact_point_estimate,high_potency_<=100nM,True,True,IC50,biochemical_binding,False,0.8445570251062202,0.6232953773206366,0.4590163826942444,CC(C)C[C@@H]1NC(=O)CNC(=O)[C@H](CCC(=O)O)NC(=O)[C@@H]2CSSC[C@H](NC(=O)[C@@H](N)Cc3ccc(O)cc3)C(=O)N[C@@H](CCC(N)=O)C(=O)N[C@@H](CCCCN)C(=O)N[C@@H](Cc3ccccc3)C(=O)N[C@@H](CC(C)C)C(=O)N[C@@H](C)C(=O)N3CCC[C@H]3C(=O)N[C@H]3CSSC[C@H](NC(=O)[C@H](C(C)C)NC1=O)C(=O)N[C@@H](CCCNC(=N)N)C(=O)N[C@@H](CC(C)C)C(=O)N[C@@H](Cc1c[nH]c4ccccc14)C(=O)N[C@H](C(=O)N[C@@H](CCCCN)C(=O)N[C@@H](CCCCN)C(=O)N[C@@H](CCCCN)C(=O)N[C@@H](CC(C)C)C(=O)N[C@@H](Cc1c[nH]c4ccccc14)C(N)=O)CSSC[C@H](NC(=O)[C@H](CCCCN)NC(=O)[C@H](CCCNC(=N)N)NC(=O)[C@H](CCC(=O)O)NC(=O)[C@H](CO)NC(=O)[C@H](CC(=O)O)NC3=O)C(=O)N2,True,high
STR-33ECA7BC02C166AF1729,IC50,biochemical_binding,1,2,1,2,1,0,0,7.602059991327963,7.602059991327963,7.602059991327963,25.0,25.0,IC50,1,inhibitory_potency,1,biochemical_binding,1,ChEMBL;PubChem,CHEMBL4470192,Menin,2019,=,O=S(=O)(c1ccc(N2CC(CN3CCC(C4(C5CCCC5)NCCc5ccccc54)CC3)C2)cc1)C1CC1,O=S(=O)(c1ccc(N2CC(CN3CCC(C4(C5CCCC5)NCCc5ccccc54)CC3)C2)cc1)C1CC1,O=S(=O)(c1ccc(N2CC(CN3CCC(C4(C5CCCC5)NCCc5ccccc54)CC3)C2)cc1)C1CC1,O=S(=O)(c1ccc(N2CC(CN3CCC(C4(C5CCCC5)NCCc5ccccc54)CC3)C2)cc1)C1CC1,MFGCAUCKIOPOOH-UHFFFAOYSA-N,MFGCAUCKIOPOOH-UHFFFAOYSA-N,standardized,0.0,False,2.0,strict_exact,exact_point_estimate,high_potency_<=100nM,True,True,IC50,biochemical_binding,False,0.9585999822827319,0.24867480270561906,0.3235294222831726,O=S(=O)(c1ccccc1)C1CCN(CCc2ccccc2)CC1,True,high
STR-55DFB8550CA6D0317DA0,IC50,biochemical_binding,1,1,0,1,1,0,0,7.600326278518962,7.600326278518962,7.600326278518962,25.1,25.1,IC50,1,inhibitory_potency,1,biochemical_binding,1,ChEMBL,CHEMBL2314816,Menin,2013,=,N=C(N)NCCC[C@@H]1NC(=O)C2(CCC2)NC(=O)[C@@H]2CCCN2C(=O)[C@H](Cc2cccc(F)c2)NC(=O)[C@@H](N)CCCCCCCCNC(=O)[C@@H]2CCCN2C1=O,N=C(N)NCCC[C@@H]1NC(=O)C2(CCC2)NC(=O)[C@@H]2CCCN2C(=O)[C@H](Cc2cccc(F)c2)NC(=O)[C@@H](N)CCCCCCCCNC(=O)[C@@H]2CCCN2C1=O,N=C(N)NCCC[C@@H]1NC(=O)C2(CCC2)NC(=O)[C@@H]2CCCN2C(=O)[C@H](Cc2cccc(F)c2)NC(=O)[C@@H](N)CCCCCCCCNC(=O)[C@@H]2CCCN2C1=O,N=C(N)NCCC[C@@H]1NC(=O)C2(CCC2)NC(=O)[C@@H]2CCCN2C(=O)[C@H](Cc2cccc(F)c2)NC(=O)[C@@H](N)CCCCCCCCNC(=O)[C@@H]2CCCN2C1=O,TVAINPANFRVZHB-XDIGFQIYSA-N,TVAINPANFRVZHB-XDIGFQIYSA-N,standardized,0.0,False,2.0,strict_exact,exact_point_estimate,high_potency_<=100nM,True,True,IC50,biochemical_binding,False,0.8256552231693136,0.6675479280119465,0.2589285671710968,CN1C(=O)C=C[C@]2(C)[C@H]3CC[C@]4(C)[C@@H](O)[C@H](Cc5cccc(F)c5)C[C@H]4[C@@H]3CC[C@@H]12,True,high
STR-31013D2308E98B54F331,IC50,biochemical_binding,1,1,0,1,1,0,0,7.585026652029182,7.585026652029182,7.585026652029182,26.0,26.0,IC50,1,inhibitory_potency,1,biochemical_binding,1,ChEMBL,CHEMBL4205576,Menin,2018,=,Cc1c(CN2CCC(Nc3ncnc4sc(CC(F)(F)F)cc34)CC2)ccc2c1cc(C#N)n2CCN1CCN(S(N)(=O)=O)CC1,Cc1c(CN2CCC(Nc3ncnc4sc(CC(F)(F)F)cc34)CC2)ccc2c1cc(C#N)n2CCN1CCN(S(N)(=O)=O)CC1,Cc1c(CN2CCC(Nc3ncnc4sc(CC(F)(F)F)cc34)CC2)ccc2c1cc(C#N)n2CCN1CCN(S(N)(=O)=O)CC1,Cc1c(CN2CCC(Nc3ncnc4sc(CC(F)(F)F)cc34)CC2)ccc2c1cc(C#N)n2CCN1CCN(S(N)(=O)=O)CC1,GTWQEKIRVHCBSB-UHFFFAOYSA-N,GTWQEKIRVHCBSB-UHFFFAOYSA-N,standardized,0.0,False,2.0,strict_exact,exact_point_estimate,high_potency_<=100nM,True,True,IC50,biochemical_binding,False,0.8991697246564734,0.47162199251570025,0.30909091234207153,O=c1nc(NC2CCN(Cc3ccc4c(c3)OCO4)CC2)c2cc(Cl)ccc2n1CC(F)(F)F,True,high
STR-DE2EA720A2F505856D97,IC50,biochemical_binding,1,2,1,2,1,0,0,7.585026652029182,7.585026652029182,7.585026652029182,26.0,26.0,IC50,1,inhibitory_potency,1,biochemical_binding,1,ChEMBL;PubChem,CHEMBL5790885,Menin,2021,=,N#Cc1ccc(N2CC(CN3CCC(C4(C5CCCC5)CNCc5ccccc54)CC3)C2)cc1,N#Cc1ccc(N2CC(CN3CCC(C4(C5CCCC5)CNCc5ccccc54)CC3)C2)cc1,N#Cc1ccc(N2CC(CN3CCC(C4(C5CCCC5)CNCc5ccccc54)CC3)C2)cc1,N#Cc1ccc(N2CC(CN3CCC(C4(C5CCCC5)CNCc5ccccc54)CC3)C2)cc1,BMLFKOWHMDVPHW-UHFFFAOYSA-N,BMLFKOWHMDVPHW-UHFFFAOYSA-N,standardized,0.0,False,2.0,strict_exact,exact_point_estimate,high_potency_<=100nM,True,True,IC50,biochemical_binding,False,0.9578239745977737,0.252181739877446,0.31081080436706543,N#Cc1ccc(N2CCC3(CCN(CCc4ccccc4)C3)C2)cc1,True,high
STR-DC0F93BC28332B505B19,IC50,biochemical_binding,2,4,2,2,2,0,0,7.578695380194719,7.619788758288394,7.537602002101044,26.5,24.0,IC50,1,inhibitory_potency,1,biochemical_binding,1,ChEMBL;PubChem,CHEMBL6044980,Menin,2021,=,CCN1Cc2ccccc2C(C2CCCC2)(C2CCN(CC3CN(c4ccc(S(=O)(=O)C5CC5)cc4)C3)C(C)C2)C1,CCN1Cc2ccccc2C(C2CCCC2)(C2CCN(CC3CN(c4ccc(S(=O)(=O)C5CC5)cc4)C3)C(C)C2)C1,CCN1Cc2ccccc2C(C2CCCC2)(C2CCN(CC3CN(c4ccc(S(=O)(=O)C5CC5)cc4)C3)C(C)C2)C1,CCN1Cc2ccccc2C(C2CCCC2)(C2CCN(CC3CN(c4ccc(S(=O)(=O)C5CC5)cc4)C3)C(C)C2)C1,GCMHZWLYRACFCO-UHFFFAOYSA-N,GCMHZWLYRACFCO-UHFFFAOYSA-N,standardized,0.0821867561873492,False,2.0,strict_exact,exact_point_estimate,high_potency_<=100nM,True,True,IC50,biochemical_binding,False,0.921365585571302,0.39734909207248686,0.26923078298568726,O=S(=O)(c1ccccc1)C1CCN(CCc2ccccc2)CC1,True,high
STR-F334A782B734CE96FF39,IC50,biochemical_binding,1,2,1,2,1,0,0,7.568636235841012,7.568636235841012,7.568636235841012,27.0,27.0,IC50,1,inhibitory_potency,1,biochemical_binding,1,ChEMBL;PubChem,CHEMBL5911255,Menin,2021,=,CN1Cc2ccccc2C(C2CCCC2)(C2CCN(CC3CN(c4ccc(C#N)cc4)C3)CC2)C1,CN1Cc2ccccc2C(C2CCCC2)(C2CCN(CC3CN(c4ccc(C#N)cc4)C3)CC2)C1,CN1Cc2ccccc2C(C2CCCC2)(C2CCN(CC3CN(c4ccc(C#N)cc4)C3)CC2)C1,CN1Cc2ccccc2C(C2CCCC2)(C2CCN(CC3CN(c4ccc(C#N)cc4)C3)CC2)C1,VPNOFDLLTBEZPF-UHFFFAOYSA-N,VPNOFDLLTBEZPF-UHFFFAOYSA-N,standardized,0.0,False,2.0,strict_exact,exact_point_estimate,high_potency_<=100nM,True,True,IC50,biochemical_binding,False,0.9485695906114348,0.2924424370912112,0.34246575832366943,N#Cc1ccc(N2CCC3(CCN(CCc4ccccc4)C3)C2)cc1,True,high
STR-02EB512B892EF622930F,IC50,biochemical_binding,1,2,1,2,1,0,0,7.552841968657781,7.552841968657781,7.552841968657781,28.0,28.0,IC50,1,inhibitory_potency,1,biochemical_binding,1,ChEMBL;PubChem,CHEMBL5949961,Menin,2021,=,CCN1Cc2ccccc2C(C2CCCC2)(C2CCN(CC3(F)CN(c4ccc(S(=O)(=O)C5CC5)cc4)C3)CC2)C1,CCN1Cc2ccccc2C(C2CCCC2)(C2CCN(CC3(F)CN(c4ccc(S(=O)(=O)C5CC5)cc4)C3)CC2)C1,CCN1Cc2ccccc2C(C2CCCC2)(C2CCN(CC3(F)CN(c4ccc(S(=O)(=O)C5CC5)cc4)C3)CC2)C1,CCN1Cc2ccccc2C(C2CCCC2)(C2CCN(CC3(F)CN(c4ccc(S(=O)(=O)C5CC5)cc4)C3)CC2)C1,JGBNWFJPAJQWHY-UHFFFAOYSA-N,JGBNWFJPAJQWHY-UHFFFAOYSA-N,standardized,0.0,False,2.0,strict_exact,exact_point_estimate,high_potency_<=100nM,True,True,IC50,biochemical_binding,False,0.8980356192630145,0.47519178333256773,0.30985915660858154,O=S(=O)(c1ccccc1)C1CCN(CCc2ccccc2)CC1,True,high
STR-1CBACEED34B9A4B3A117,IC50,biochemical_binding,1,2,1,2,1,0,0,7.552841968657781,7.552841968657781,7.552841968657781,28.0,28.0,IC50,1,inhibitory_potency,1,biochemical_binding,1,ChEMBL;PubChem,CHEMBL6039278,Menin,2021,=,CCN1Cc2ccccc2C(C2CCCC2)(C2CCN(CC3CN(c4ccc(S(=O)(=O)CC5CC5)cc4)C3)CC2)C1,CCN1Cc2ccccc2C(C2CCCC2)(C2CCN(CC3CN(c4ccc(S(=O)(=O)CC5CC5)cc4)C3)CC2)C1,CCN1Cc2ccccc2C(C2CCCC2)(C2CCN(CC3CN(c4ccc(S(=O)(=O)CC5CC5)cc4)C3)CC2)C1,CCN1Cc2ccccc2C(C2CCCC2)(C2CCN(CC3CN(c4ccc(S(=O)(=O)CC5CC5)cc4)C3)CC2)C1,LIBRUYCXGNFAFG-UHFFFAOYSA-N,LIBRUYCXGNFAFG-UHFFFAOYSA-N,standardized,0.0,False,2.0,strict_exact,exact_point_estimate,high_potency_<=100nM,True,True,IC50,biochemical_binding,False,0.9333863792964755,0.3531573375830361,0.2954545319080353,CC(=O)Nc1cccc(N2CCN(CC3CCN(S(=O)(=O)CC4CCCCC4)CC3)CC2)c1,True,high
STR-818BBE16B70D045AF1C8,IC50,biochemical_binding,1,1,0,1,1,0,0,7.552841968657781,7.552841968657781,7.552841968657781,28.0,28.0,IC50,1,inhibitory_potency,1,biochemical_binding,1,ChEMBL,CHEMBL4208216,Menin,2018,=,Cc1c(CN2CCC(Nc3ncnc4sc(CC(F)(F)F)cc34)CC2)ccc2c1cc(C#N)n2CCC1CNC(=O)CO1,Cc1c(CN2CCC(Nc3ncnc4sc(CC(F)(F)F)cc34)CC2)ccc2c1cc(C#N)n2CCC1CNC(=O)CO1,Cc1c(CN2CCC(Nc3ncnc4sc(CC(F)(F)F)cc34)CC2)ccc2c1cc(C#N)n2CCC1CNC(=O)CO1,Cc1c(CN2CCC(Nc3ncnc4sc(CC(F)(F)F)cc34)CC2)ccc2c1cc(C#N)n2CCC1CNC(=O)CO1,UDGCLXDIPBUBOQ-UHFFFAOYSA-N,UDGCLXDIPBUBOQ-UHFFFAOYSA-N,standardized,0.0,False,2.0,strict_exact,exact_point_estimate,high_potency_<=100nM,True,True,IC50,biochemical_binding,False,0.9243627267754456,0.3866171233250637,0.3097345232963562,O=c1nc(NC2CCN(Cc3ccc4c(c3)OCO4)CC2)c2cc(Cl)ccc2n1CC(F)(F)F,True,high
STR-8DC5EC4D0143F4C7CD6A,IC50,biochemical_binding,1,2,1,2,1,0,0,7.552841968657781,7.552841968657781,7.552841968657781,28.0,28.0,IC50,1,inhibitory_potency,1,biochemical_binding,1,ChEMBL;PubChem,CHEMBL5941222,Menin,2021,=,CNC(=O)O[C@H]1CCC[C@@H]1C(C#N)(c1ccccc1)C1CCN(CC2CN(c3ccc(C(C)(C)C)cc3)C2)CC1,CNC(=O)O[C@H]1CCC[C@@H]1C(C#N)(c1ccccc1)C1CCN(CC2CN(c3ccc(C(C)(C)C)cc3)C2)CC1,CNC(=O)O[C@H]1CCC[C@@H]1C(C#N)(c1ccccc1)C1CCN(CC2CN(c3ccc(C(C)(C)C)cc3)C2)CC1,CNC(=O)O[C@H]1CCC[C@@H]1C(C#N)(c1ccccc1)C1CCN(CC2CN(c3ccc(C(C)(C)C)cc3)C2)CC1,JSUYFSVTAJSTRY-FVVNGJPMSA-N,JSUYFSVTAJSTRY-FVVNGJPMSA-N,standardized,0.0,False,2.0,strict_exact,exact_point_estimate,high_potency_<=100nM,True,True,IC50,biochemical_binding,False,0.8910486105829675,0.49674490752544787,0.3333333432674408,CC(C)(C)c1ccc(C(O)CCCN2CCC(C(O)(c3ccccc3)c3ccccc3)CC2)cc1,True,high
STR-21AE2CAF6E5125C8BCF4,IC50,biochemical_binding,1,2,1,2,1,0,0,7.537602002101044,7.537602002101044,7.537602002101044,29.0,29.0,IC50,1,inhibitory_potency,1,biochemical_binding,1,ChEMBL;PubChem,CHEMBL5849670,Menin,2021,=,COC(=O)N[C@H]1CCC[C@@H]1C(C#N)(c1ccccc1)C1CCN(CC2CN(c3ccc(C#N)cc3)C2)CC1,COC(=O)N[C@H]1CCC[C@@H]1C(C#N)(c1ccccc1)C1CCN(CC2CN(c3ccc(C#N)cc3)C2)CC1,COC(=O)N[C@H]1CCC[C@@H]1C(C#N)(c1ccccc1)C1CCN(CC2CN(c3ccc(C#N)cc3)C2)CC1,COC(=O)N[C@H]1CCC[C@@H]1C(C#N)(c1ccccc1)C1CCN(CC2CN(c3ccc(C#N)cc3)C2)CC1,KBTYQWIXHSZION-MYABOAQRSA-N,KBTYQWIXHSZION-MYABOAQRSA-N,standardized,0.0,False,2.0,strict_exact,exact_point_estimate,high_potency_<=100nM,True,True,IC50,biochemical_binding,False,0.9260301554992836,0.3805666738227071,0.3333333432674408,N#Cc1ccc(N2CCN(Cc3cc(C(=O)N[C@H]4CCCC[C@@H]4O)c(=O)n4ccccc34)CC2)cc1,True,high
STR-2849978768635A47ED8E,IC50,biochemical_binding,1,2,1,2,1,0,0,7.537602002101044,7.537602002101044,7.537602002101044,29.0,29.0,IC50,1,inhibitory_potency,1,biochemical_binding,1,ChEMBL;PubChem,CHEMBL5824015,Menin,2021,=,Cc1nccn1CC(c1ccccc1)(C1CCCC1)C1CCN(CC2CN(c3ccc(S(=O)(=O)C4CC4)cc3)C2)CC1,Cc1nccn1CC(c1ccccc1)(C1CCCC1)C1CCN(CC2CN(c3ccc(S(=O)(=O)C4CC4)cc3)C2)CC1,Cc1nccn1CC(c1ccccc1)(C1CCCC1)C1CCN(CC2CN(c3ccc(S(=O)(=O)C4CC4)cc3)C2)CC1,Cc1nccn1CC(c1ccccc1)(C1CCCC1)C1CCN(CC2CN(c3ccc(S(=O)(=O)C4CC4)cc3)C2)CC1,WFFUNHHLDBLVAY-UHFFFAOYSA-N,WFFUNHHLDBLVAY-UHFFFAOYSA-N,standardized,0.0,False,2.0,strict_exact,exact_point_estimate,high_potency_<=100nM,True,True,IC50,biochemical_binding,False,0.9367786704807248,0.34010183938741123,0.31506848335266113,O=S(=O)(c1ccccc1)C1CCN(CCc2ccccc2)CC1,True,high
STR-AB1714536DDACDAFACEC,IC50,biochemical_binding,1,2,1,2,1,0,0,7.537602002101044,7.537602002101044,7.537602002101044,29.0,29.0,IC50,1,inhibitory_potency,1,biochemical_binding,1,ChEMBL;PubChem,CHEMBL5835118,Menin,2021,=,CC(=O)N[C@H]1CCC[C@@H]1C(C#N)(c1ccccc1)C1CCN(CC2CN(c3ccc(S(=O)(=O)C4CC4)cc3)C2)CC1,CC(=O)N[C@H]1CCC[C@@H]1C(C#N)(c1ccccc1)C1CCN(CC2CN(c3ccc(S(=O)(=O)C4CC4)cc3)C2)CC1,CC(=O)N[C@H]1CCC[C@@H]1C(C#N)(c1ccccc1)C1CCN(CC2CN(c3ccc(S(=O)(=O)C4CC4)cc3)C2)CC1,CC(=O)N[C@H]1CCC[C@@H]1C(C#N)(c1ccccc1)C1CCN(CC2CN(c3ccc(S(=O)(=O)C4CC4)cc3)C2)CC1,ZPCGSMFETVJELP-KOPQTXDBSA-N,ZPCGSMFETVJELP-KOPQTXDBSA-N,standardized,0.0,False,2.0,strict_exact,exact_point_estimate,high_potency_<=100nM,True,True,IC50,biochemical_binding,False,0.8962536899662977,0.480759852032965,0.3086419701576233,O=C(CN1CCC(S(=O)(=O)c2ccccc2)CC1)c1ccc(F)cc1,True,high
STR-E6C9DB27889E0D91BF2B,IC50,biochemical_binding,1,1,0,1,1,0,0,7.537602002101044,7.537602002101044,7.537602002101044,29.0,29.0,IC50,1,inhibitory_potency,1,biochemical_binding,1,ChEMBL,CHEMBL4568235,Menin,2019,=,COC(=O)N[C@H]1CCC[C@@H]1[C@](C#N)(c1ccccc1)C1CCN(CC2CN(c3ccc(C#N)cc3)C2)CC1,COC(=O)N[C@H]1CCC[C@@H]1[C@](C#N)(c1ccccc1)C1CCN(CC2CN(c3ccc(C#N)cc3)C2)CC1,COC(=O)N[C@H]1CCC[C@@H]1[C@](C#N)(c1ccccc1)C1CCN(CC2CN(c3ccc(C#N)cc3)C2)CC1,COC(=O)N[C@H]1CCC[C@@H]1[C@](C#N)(c1ccccc1)C1CCN(CC2CN(c3ccc(C#N)cc3)C2)CC1,KBTYQWIXHSZION-GSBZAIBZSA-N,KBTYQWIXHSZION-GSBZAIBZSA-N,standardized,0.0,False,2.0,strict_exact,exact_point_estimate,high_potency_<=100nM,True,True,IC50,biochemical_binding,False,0.9260301554992836,0.3805666738227071,0.3333333432674408,N#Cc1ccc(N2CCN(Cc3cc(C(=O)N[C@H]4CCCC[C@@H]4O)c(=O)n4ccccc34)CC2)cc1,True,high
STR-56E19E91840D3A01B6A3,IC50,biochemical_binding,1,2,1,2,1,0,0,7.522878745280337,7.522878745280337,7.522878745280337,30.0,30.0,IC50,1,inhibitory_potency,1,biochemical_binding,1,ChEMBL;PubChem,CHEMBL5849676,Menin,2021,=,CCS(=O)(=O)c1ccc(N2CC(CN3CCC(C4(C5CCCC5)CN(C)Cc5ccccc54)CC3)C2)cc1,CCS(=O)(=O)c1ccc(N2CC(CN3CCC(C4(C5CCCC5)CN(C)Cc5ccccc54)CC3)C2)cc1,CCS(=O)(=O)c1ccc(N2CC(CN3CCC(C4(C5CCCC5)CN(C)Cc5ccccc54)CC3)C2)cc1,CCS(=O)(=O)c1ccc(N2CC(CN3CCC(C4(C5CCCC5)CN(C)Cc5ccccc54)CC3)C2)cc1,FXERVTCFHVZAAP-UHFFFAOYSA-N,FXERVTCFHVZAAP-UHFFFAOYSA-N,standardized,0.0,False,2.0,strict_exact,exact_point_estimate,high_potency_<=100nM,True,True,IC50,biochemical_binding,False,0.9269318912579523,0.3772703049739008,0.28915661573410034,CC[C@]1(c2cccc(NS(C)(=O)=O)c2)[C@@H]2CN(CC3Cc4ccccc4C3)C[C@@H]21,True,high
STR-85AF727985BBEB438A71,IC50,biochemical_binding,1,2,1,2,1,0,0,7.522878745280337,7.522878745280337,7.522878745280337,30.0,30.0,IC50,1,inhibitory_potency,1,biochemical_binding,1,ChEMBL;PubChem,CHEMBL5897790,Menin,2021,=,CNC(=O)O[C@H]1CCC[C@@H]1C(C#N)(c1ccccc1)C1CCN(CC2CN(c3ccc(C(F)(F)F)cc3)C2)CC1,CNC(=O)O[C@H]1CCC[C@@H]1C(C#N)(c1ccccc1)C1CCN(CC2CN(c3ccc(C(F)(F)F)cc3)C2)CC1,CNC(=O)O[C@H]1CCC[C@@H]1C(C#N)(c1ccccc1)C1CCN(CC2CN(c3ccc(C(F)(F)F)cc3)C2)CC1,CNC(=O)O[C@H]1CCC[C@@H]1C(C#N)(c1ccccc1)C1CCN(CC2CN(c3ccc(C(F)(F)F)cc3)C2)CC1,QWSJUONIFZYYTB-SRBHEWTHSA-N,QWSJUONIFZYYTB-SRBHEWTHSA-N,standardized,0.0,False,2.0,strict_exact,exact_point_estimate,high_potency_<=100nM,True,True,IC50,biochemical_binding,False,0.9012687966291001,0.4649606517491609,0.3333333432674408,CN1CCN(C(=O)NC2CCN(Cc3ccn(-c4ccc(C(F)(F)F)cc4)c3)CC2)C(c2ccccc2)C1,True,high
STR-86D1B692A1E09C06CB18,IC50,biochemical_binding,1,2,1,2,1,0,0,7.508638306165727,7.508638306165727,7.508638306165727,31.0,31.0,IC50,1,inhibitory_potency,1,biochemical_binding,1,ChEMBL;PubChem,CHEMBL5891216,Menin,2021,=,CC(=O)O[C@H]1CCC[C@@H]1C1(C2CCN(CCCOc3ccc(C#N)cc3)CC2)CN(C)Cc2ccc(F)cc21,CC(=O)O[C@H]1CCC[C@@H]1C1(C2CCN(CCCOc3ccc(C#N)cc3)CC2)CN(C)Cc2ccc(F)cc21,CC(=O)O[C@H]1CCC[C@@H]1C1(C2CCN(CCCOc3ccc(C#N)cc3)CC2)CN(C)Cc2ccc(F)cc21,CC(=O)O[C@H]1CCC[C@@H]1C1(C2CCN(CCCOc3ccc(C#N)cc3)CC2)CN(C)Cc2ccc(F)cc21,IMFGOOMHVAOEIE-AQBAIUPUSA-N,IMFGOOMHVAOEIE-AQBAIUPUSA-N,standardized,0.0,False,2.0,strict_exact,exact_point_estimate,high_potency_<=100nM,True,True,IC50,biochemical_binding,False,0.8987289709184878,0.47301176059635547,0.3586956560611725,O=C(c1ccc(F)cc1F)N1CCN(c2ccc(OCCCN3CCCCCC3)cc2)C(=O)C1,True,high
STR-A1381CEB41898F753D78,IC50,biochemical_binding,1,2,1,2,1,0,0,7.508638306165727,7.508638306165727,7.508638306165727,31.0,31.0,IC50,1,inhibitory_potency,1,biochemical_binding,1,ChEMBL;PubChem,CHEMBL6050552,Menin,2021,=,COC(=O)N[C@H]1CCC[C@@H]1C(C#N)(c1ccccc1)C1CCN(CC2CN(c3ccc(S(=O)(=O)C4CC4)cc3)C2)CC1,COC(=O)N[C@H]1CCC[C@@H]1C(C#N)(c1ccccc1)C1CCN(CC2CN(c3ccc(S(=O)(=O)C4CC4)cc3)C2)CC1,COC(=O)N[C@H]1CCC[C@@H]1C(C#N)(c1ccccc1)C1CCN(CC2CN(c3ccc(S(=O)(=O)C4CC4)cc3)C2)CC1,COC(=O)N[C@H]1CCC[C@@H]1C(C#N)(c1ccccc1)C1CCN(CC2CN(c3ccc(S(=O)(=O)C4CC4)cc3)C2)CC1,ZDFHPRMYCCSWNO-KZNDPDLVSA-N,ZDFHPRMYCCSWNO-KZNDPDLVSA-N,standardized,0.0,False,2.0,strict_exact,exact_point_estimate,high_potency_<=100nM,True,True,IC50,biochemical_binding,False,0.9086733315264923,0.44088262969349645,0.3012048304080963,O=C(CN1CCC(S(=O)(=O)c2ccccc2)CC1)c1ccc(F)cc1,True,high
STR-C388369FA2BBC8775FB4,IC50,biochemical_binding,2,3,1,2,2,0,0,7.495699914119041,7.522878745280337,7.468521082957745,32.0,30.0,IC50,1,inhibitory_potency,1,biochemical_binding,1,ChEMBL;PubChem,CHEMBL4460234,Menin,2019;2021,=,CCS(=O)(=O)c1ccc(N2CC(CN3CCC(C4(C5CCCC5)NCCc5ccccc54)CC3)C2)cc1,CCS(=O)(=O)c1ccc(N2CC(CN3CCC(C4(C5CCCC5)NCCc5ccccc54)CC3)C2)cc1,CCS(=O)(=O)c1ccc(N2CC(CN3CCC(C4(C5CCCC5)NCCc5ccccc54)CC3)C2)cc1,CCS(=O)(=O)c1ccc(N2CC(CN3CCC(C4(C5CCCC5)NCCc5ccccc54)CC3)C2)cc1,YKADJJCDDOYNKA-UHFFFAOYSA-N,YKADJJCDDOYNKA-UHFFFAOYSA-N,standardized,0.0543576623225927,False,2.0,strict_exact,exact_point_estimate,high_potency_<=100nM,True,True,IC50,biochemical_binding,False,0.956780593429036,0.25686316119290553,0.28915661573410034,CC[C@]1(c2cccc(NS(C)(=O)=O)c2)[C@@H]2CN(CC3Cc4ccccc4C3)C[C@@H]21,True,high
STR-062343CE45A5FA8286D4,IC50,biochemical_binding,1,1,0,1,1,0,0,7.494850021680094,7.494850021680094,7.494850021680094,32.0,32.0,IC50,1,inhibitory_potency,1,biochemical_binding,1,ChEMBL,CHEMBL3780895,Menin,2018,=,Cc1c(CN2CCC(Nc3ncnc4sc(CC(F)(F)F)cc34)CC2)ccc2[nH]c(C#N)cc12,Cc1c(CN2CCC(Nc3ncnc4sc(CC(F)(F)F)cc34)CC2)ccc2[nH]c(C#N)cc12,Cc1c(CN2CCC(Nc3ncnc4sc(CC(F)(F)F)cc34)CC2)ccc2[nH]c(C#N)cc12,Cc1c(CN2CCC(Nc3ncnc4sc(CC(F)(F)F)cc34)CC2)ccc2[nH]c(C#N)cc12,DZACSLYTXLZAAF-UHFFFAOYSA-N,DZACSLYTXLZAAF-UHFFFAOYSA-N,standardized,0.0,False,2.0,strict_exact,exact_point_estimate,high_potency_<=100nM,True,True,IC50,biochemical_binding,False,0.9224337311090104,0.3935451906800866,0.34117648005485535,FC(F)(F)c1ccc(C(F)(F)CN2CCC(Nc3ncnc4[nH]ncc34)CC2)cc1,True,high
STR-1855E3C88BD9E03511B5,IC50,biochemical_binding,1,1,0,1,1,0,0,7.494850021680094,7.494850021680094,7.494850021680094,32.0,32.0,IC50,1,inhibitory_potency,1,biochemical_binding,1,ChEMBL,CHEMBL4209696,Menin,2018,=,CNS(=O)(=O)N1CCN(CCn2c(C#N)cc3c(C)c(CN4CCC(Nc5ncnc6sc(CC(F)(F)F)cc56)CC4)ccc32)CC1,CNS(=O)(=O)N1CCN(CCn2c(C#N)cc3c(C)c(CN4CCC(Nc5ncnc6sc(CC(F)(F)F)cc56)CC4)ccc32)CC1,CNS(=O)(=O)N1CCN(CCn2c(C#N)cc3c(C)c(CN4CCC(Nc5ncnc6sc(CC(F)(F)F)cc56)CC4)ccc32)CC1,CNS(=O)(=O)N1CCN(CCn2c(C#N)cc3c(C)c(CN4CCC(Nc5ncnc6sc(CC(F)(F)F)cc56)CC4)ccc32)CC1,VFROXLJZEGBDON-UHFFFAOYSA-N,VFROXLJZEGBDON-UHFFFAOYSA-N,standardized,0.0,False,2.0,strict_exact,exact_point_estimate,high_potency_<=100nM,True,True,IC50,biochemical_binding,False,0.9079887464140515,0.4431477275939617,0.3035714328289032,O=c1nc(NC2CCN(Cc3ccc4c(c3)OCO4)CC2)c2cc(Cl)ccc2n1CC(F)(F)F,True,high
STR-90DF1DEF11EC083FD360,IC50,biochemical_binding,1,2,1,2,1,0,0,7.494850021680094,7.494850021680094,7.494850021680094,32.0,32.0,IC50,1,inhibitory_potency,1,biochemical_binding,1,ChEMBL;PubChem,CHEMBL5757381,Menin,2021,=,CNC(=O)N[C@H]1CCC[C@@H]1C(CNC(=O)c1cocn1)(c1ccccc1)C1CCN(CC2CN(c3ccc(C#N)cc3)C2)CC1,CNC(=O)N[C@H]1CCC[C@@H]1C(CNC(=O)c1cocn1)(c1ccccc1)C1CCN(CC2CN(c3ccc(C#N)cc3)C2)CC1,CNC(=O)N[C@H]1CCC[C@@H]1C(CNC(=O)c1cocn1)(c1ccccc1)C1CCN(CC2CN(c3ccc(C#N)cc3)C2)CC1,CNC(=O)N[C@H]1CCC[C@@H]1C(CNC(=O)c1cocn1)(c1ccccc1)C1CCN(CC2CN(c3ccc(C#N)cc3)C2)CC1,ZJNVALXKIUZRSB-LAFOQLOWSA-N,ZJNVALXKIUZRSB-LAFOQLOWSA-N,standardized,0.0,False,2.0,strict_exact,exact_point_estimate,high_potency_<=100nM,True,True,IC50,biochemical_binding,False,0.9155511779494754,0.4176641044000581,0.30909091234207153,N#Cc1ccc(N2CCN(Cc3cc(C(=O)N[C@H]4CCCC[C@@H]4O)c(=O)n4ccccc34)CC2)cc1,True,high
STR-9C8A9525F1FABB5C1327,IC50,biochemical_binding,1,2,1,2,1,0,0,7.494850021680094,7.494850021680094,7.494850021680094,32.0,32.0,IC50,1,inhibitory_potency,1,biochemical_binding,1,ChEMBL;PubChem,CHEMBL5932156,Menin,2021,=,Cn1cc(S(=O)(=O)c2ccc(N3CC(CN4CCC(C(CN5CCCC5)(C5=CCCC5)c5ccccc5)CC4)C3)cc2)cn1,Cn1cc(S(=O)(=O)c2ccc(N3CC(CN4CCC(C(CN5CCCC5)(C5=CCCC5)c5ccccc5)CC4)C3)cc2)cn1,Cn1cc(S(=O)(=O)c2ccc(N3CC(CN4CCC(C(CN5CCCC5)(C5=CCCC5)c5ccccc5)CC4)C3)cc2)cn1,Cn1cc(S(=O)(=O)c2ccc(N3CC(CN4CCC(C(CN5CCCC5)(C5=CCCC5)c5ccccc5)CC4)C3)cc2)cn1,JIJULXCZAVWQSE-UHFFFAOYSA-N,JIJULXCZAVWQSE-UHFFFAOYSA-N,standardized,0.0,False,2.0,strict_exact,exact_point_estimate,high_potency_<=100nM,True,True,IC50,biochemical_binding,False,0.9001220399788367,0.4686086165929519,0.2613636255264282,CC(C)(O)c1ccc(C(O)CCCN2CCC(C(O)(c3ccccc3)c3ccccc3)CC2)cc1,True,high
STR-3ACD95779D752A7D6CB7,IC50,biochemical_binding,1,1,0,1,1,0,0,7.481486060122112,7.481486060122112,7.481486060122112,33.0,33.0,IC50,1,inhibitory_potency,1,biochemical_binding,1,PubChem,178185576,Menin,2026,=,CCN(C(=O)c1cc(F)ccc1OC1N=NC(Cl)=NC1N1CCC2(C1)CN([C@H](CCCN)C(C)C)C2)C(C)C,CCN(C(C)C)C(=O)C1=C(C=CC(=C1)F)OC2C(N=C(N=N2)Cl)N3CCC4(C3)CN(C4)[C@H](CCCN)C(C)C,CCN(C(=O)c1cc(F)ccc1OC1N=NC(Cl)=NC1N1CCC2(C1)CN([C@H](CCCN)C(C)C)C2)C(C)C,CCN(C(=O)c1cc(F)ccc1OC1N=NC(Cl)=NC1N1CCC2(C1)CN([C@H](CCCN)C(C)C)C2)C(C)C,CCNWGENWCZNTMO-PBGLPUTKSA-N,CCNWGENWCZNTMO-PBGLPUTKSA-N,standardized,0.0,False,2.0,strict_exact,exact_point_estimate,high_potency_<=100nM,True,True,IC50,biochemical_binding,False,0.8311455084957499,0.6550776199755174,0.4112149477005005,CCN(C(=O)c1cc(F)ccc1Oc1cncnc1N1CC2(CCN(CC3CCCCC3)CC2)C1)C(C)C,True,high
STR-829AE7B5DD995022C5B7,IC50,biochemical_binding,1,1,0,1,1,0,0,7.481486060122112,7.481486060122112,7.481486060122112,33.0,33.0,IC50,1,inhibitory_potency,1,biochemical_binding,1,ChEMBL,CHEMBL4217916,Menin,2018,=,Cc1c(CN2CCC(Nc3ncnc4sc(CC(F)(F)F)cc34)CC2)ccc2c1cc(C#N)n2Cc1cc[nH]n1,Cc1c(CN2CCC(Nc3ncnc4sc(CC(F)(F)F)cc34)CC2)ccc2c1cc(C#N)n2Cc1cc[nH]n1,Cc1c(CN2CCC(Nc3ncnc4sc(CC(F)(F)F)cc34)CC2)ccc2c1cc(C#N)n2Cc1cc[nH]n1,Cc1c(CN2CCC(Nc3ncnc4sc(CC(F)(F)F)cc34)CC2)ccc2c1cc(C#N)n2Cc1cc[nH]n1,BSMIWEIIPZVSNS-UHFFFAOYSA-N,BSMIWEIIPZVSNS-UHFFFAOYSA-N,standardized,0.0,False,2.0,strict_exact,exact_point_estimate,high_potency_<=100nM,True,True,IC50,biochemical_binding,False,0.942739175615398,0.31647405279750346,0.3125,Fc1ccc(C(F)(F)CN2CCC(Nc3ncnc4[nH]ccc34)CC2)cc1,True,high
STR-C7F0E76CC5EC752D86FB,IC50,biochemical_binding,1,1,0,1,1,0,0,7.481486060122112,7.481486060122112,7.481486060122112,33.0,33.0,IC50,1,inhibitory_potency,1,biochemical_binding,1,ChEMBL,CHEMBL4452253,Menin,2019,=,CCC(=O)O[C@H]1CCC[C@@H]1[C@](C#N)(c1ccccc1)C1CCN(CC2CN(c3ccc(C#N)cc3)C2)CC1,CCC(=O)O[C@H]1CCC[C@@H]1[C@](C#N)(c1ccccc1)C1CCN(CC2CN(c3ccc(C#N)cc3)C2)CC1,CCC(=O)O[C@H]1CCC[C@@H]1[C@](C#N)(c1ccccc1)C1CCN(CC2CN(c3ccc(C#N)cc3)C2)CC1,CCC(=O)O[C@H]1CCC[C@@H]1[C@](C#N)(c1ccccc1)C1CCN(CC2CN(c3ccc(C#N)cc3)C2)CC1,PHQSGAPYRPLCKR-LHHUKBANSA-N,PHQSGAPYRPLCKR-LHHUKBANSA-N,standardized,0.0,False,2.0,strict_exact,exact_point_estimate,high_potency_<=100nM,True,True,IC50,biochemical_binding,False,0.9099264560747619,0.4367152494728777,0.2929292917251587,N#Cc1ccc(N2CCN(Cc3cc(C(=O)N[C@H]4CCCC[C@@H]4O)c(=O)n4ccccc34)CC2)cc1,True,high
STR-B86349156178B4813AFB,IC50,biochemical_binding,1,1,0,1,1,0,0,7.455931955649724,7.455931955649724,7.455931955649724,35.0,35.0,IC50,1,inhibitory_potency,1,biochemical_binding,1,PubChem,156531947,Menin,2026,=,CCN(C(=O)c1cc(F)ccc1Oc1nnc(OC)nc1N1CCC2(C1)CN([C@H](CCCN(C)CCOC)C(C)C)C2)C(C)C,CCN(C(C)C)C(=O)C1=C(C=CC(=C1)F)OC2=C(N=C(N=N2)OC)N3CCC4(C3)CN(C4)[C@H](CCCN(C)CCOC)C(C)C,CCN(C(=O)c1cc(F)ccc1Oc1nnc(OC)nc1N1CCC2(C1)CN([C@H](CCCN(C)CCOC)C(C)C)C2)C(C)C,CCN(C(=O)c1cc(F)ccc1Oc1nnc(OC)nc1N1CCC2(C1)CN([C@H](CCCN(C)CCOC)C(C)C)C2)C(C)C,XHFYIKGCOIKOLS-HHHXNRCGSA-N,XHFYIKGCOIKOLS-HHHXNRCGSA-N,standardized,0.0,False,2.0,strict_exact,exact_point_estimate,high_potency_<=100nM,True,True,IC50,biochemical_binding,False,0.8321260678919706,0.6528180499930823,0.4711538553237915,CCN(C(=O)c1cc(F)ccc1Oc1nncnc1N1CC2(CCN(CC3(SC)CC3)CC2)C1)C(C)C,True,high
STR-D69A42D7CD9CD1E56E5E,IC50,biochemical_binding,1,2,1,2,1,0,0,7.443697499232712,7.443697499232712,7.443697499232712,36.0,36.0,IC50,1,inhibitory_potency,1,biochemical_binding,1,ChEMBL;PubChem,CHEMBL4581439,Menin,2019,=,O=S(=O)(c1ccc(N2CC(CN3CCC(C4(C5CCCC5)NCCc5ccccc54)CC3)C2)cc1)C1CCC1,O=S(=O)(c1ccc(N2CC(CN3CCC(C4(C5CCCC5)NCCc5ccccc54)CC3)C2)cc1)C1CCC1,O=S(=O)(c1ccc(N2CC(CN3CCC(C4(C5CCCC5)NCCc5ccccc54)CC3)C2)cc1)C1CCC1,O=S(=O)(c1ccc(N2CC(CN3CCC(C4(C5CCCC5)NCCc5ccccc54)CC3)C2)cc1)C1CCC1,IKIGKYBUAHEXDC-UHFFFAOYSA-N,IKIGKYBUAHEXDC-UHFFFAOYSA-N,standardized,0.0,False,2.0,strict_exact,exact_point_estimate,high_potency_<=100nM,True,True,IC50,biochemical_binding,False,0.9579602503404677,0.25156744952169113,0.3142857253551483,O=S(=O)(c1ccccc1)C1CCN(CCc2ccccc2)CC1,True,high
STR-F4D7C79F147C9691D2EE,IC50,biochemical_binding,1,2,1,2,1,0,0,7.443697499232712,7.443697499232712,7.443697499232712,36.0,36.0,IC50,1,inhibitory_potency,1,biochemical_binding,1,ChEMBL;PubChem,CHEMBL4446177,Menin,2019,=,N#Cc1ccc(N2CC(CN3CCC(C4(C5CCCC5)NCCc5ccccc54)CC3)C2)cc1,N#Cc1ccc(N2CC(CN3CCC(C4(C5CCCC5)NCCc5ccccc54)CC3)C2)cc1,N#Cc1ccc(N2CC(CN3CCC(C4(C5CCCC5)NCCc5ccccc54)CC3)C2)cc1,N#Cc1ccc(N2CC(CN3CCC(C4(C5CCCC5)NCCc5ccccc54)CC3)C2)cc1,TUXUFVPCUVQKJJ-UHFFFAOYSA-N,TUXUFVPCUVQKJJ-UHFFFAOYSA-N,standardized,0.0,False,2.0,strict_exact,exact_point_estimate,high_potency_<=100nM,True,True,IC50,biochemical_binding,False,0.9669818828116483,0.20930875511031138,0.31506848335266113,N#Cc1ccc(N2CCC3(CCN(CCc4ccccc4)C3)C2)cc1,True,high
STR-9ED5F7AB73D34199D6B6,IC50,biochemical_binding,1,2,1,2,1,0,0,7.431798275933005,7.431798275933005,7.431798275933005,37.0,37.0,IC50,1,inhibitory_potency,1,biochemical_binding,1,ChEMBL;PubChem,CHEMBL5926646,Menin,2021,=,CN1Cc2cccc(F)c2C(C2CCCC2)(C2CCN(CCCOc3ccc(C#N)cc3)CC2)C1,CN1Cc2cccc(F)c2C(C2CCCC2)(C2CCN(CCCOc3ccc(C#N)cc3)CC2)C1,CN1Cc2cccc(F)c2C(C2CCCC2)(C2CCN(CCCOc3ccc(C#N)cc3)CC2)C1,CN1Cc2cccc(F)c2C(C2CCCC2)(C2CCN(CCCOc3ccc(C#N)cc3)CC2)C1,ODUBSMHAIJIEOB-UHFFFAOYSA-N,ODUBSMHAIJIEOB-UHFFFAOYSA-N,standardized,0.0,False,2.0,strict_exact,exact_point_estimate,high_potency_<=100nM,True,True,IC50,biochemical_binding,False,0.9497021925621257,0.2876606771921301,0.3636363744735718,c1cc(C2CCCCC2)ccc1OCCCN1CCCCC1,True,high
STR-C92E86A48527711BF43C,IC50,biochemical_binding,1,1,0,1,1,0,0,7.42021640338319,7.42021640338319,7.42021640338319,38.0,38.0,IC50,1,inhibitory_potency,1,biochemical_binding,1,ChEMBL,CHEMBL4204591,Menin,2018,=,Cc1c(CN2CCC(Nc3ncnc4sc(CC(F)(F)F)cc34)CC2)ccc2c1cc(C#N)n2CCC1CCN(S(N)(=O)=O)CC1,Cc1c(CN2CCC(Nc3ncnc4sc(CC(F)(F)F)cc34)CC2)ccc2c1cc(C#N)n2CCC1CCN(S(N)(=O)=O)CC1,Cc1c(CN2CCC(Nc3ncnc4sc(CC(F)(F)F)cc34)CC2)ccc2c1cc(C#N)n2CCC1CCN(S(N)(=O)=O)CC1,Cc1c(CN2CCC(Nc3ncnc4sc(CC(F)(F)F)cc34)CC2)ccc2c1cc(C#N)n2CCC1CCN(S(N)(=O)=O)CC1,XAZROPUXMGYZSY-UHFFFAOYSA-N,XAZROPUXMGYZSY-UHFFFAOYSA-N,standardized,0.0,False,2.0,strict_exact,exact_point_estimate,high_potency_<=100nM,True,True,IC50,biochemical_binding,False,0.9197871019247112,0.4029289058878288,0.30630630254745483,O=c1nc(NC2CCN(Cc3ccc4c(c3)OCO4)CC2)c2cc(Cl)ccc2n1CC(F)(F)F,True,high
STR-2BCFE9B3B04BB17781E9,IC50,biochemical_binding,1,1,0,1,1,0,0,7.4089353929735005,7.4089353929735005,7.4089353929735005,39.0,39.0,IC50,1,inhibitory_potency,1,biochemical_binding,1,ChEMBL,CHEMBL4204941,Menin,2018,=,CCCN1CCN(CCn2c(C#N)cc3c(C)c(CN4CCC(Nc5ncnc6sc(CC(F)(F)F)cc56)CC4)ccc32)CC1,CCCN1CCN(CCn2c(C#N)cc3c(C)c(CN4CCC(Nc5ncnc6sc(CC(F)(F)F)cc56)CC4)ccc32)CC1,CCCN1CCN(CCn2c(C#N)cc3c(C)c(CN4CCC(Nc5ncnc6sc(CC(F)(F)F)cc56)CC4)ccc32)CC1,CCCN1CCN(CCn2c(C#N)cc3c(C)c(CN4CCC(Nc5ncnc6sc(CC(F)(F)F)cc56)CC4)ccc32)CC1,KRWFJLSPGIGFEG-UHFFFAOYSA-N,KRWFJLSPGIGFEG-UHFFFAOYSA-N,standardized,0.0,False,2.0,strict_exact,exact_point_estimate,high_potency_<=100nM,True,True,IC50,biochemical_binding,False,0.9463245491362344,0.3018094497216101,0.3113207519054413,O=c1nc(NC2CCN(Cc3ccc4c(c3)OCO4)CC2)c2cc(Cl)ccc2n1CC(F)(F)F,True,high
STR-624DE6171936672A9284,IC50,biochemical_binding,1,1,0,1,1,0,0,7.397940008672037,7.397940008672037,7.397940008672037,40.0,40.0,IC50,1,inhibitory_potency,1,biochemical_binding,1,ChEMBL,CHEMBL4453006,Menin,2019,=,CC(=O)O[C@H]1CCC[C@@H]1[C@](C#N)(c1ccccc1)C1CCN(CC2CN(c3ccc(C#N)cc3)C2)CC1,CC(=O)O[C@H]1CCC[C@@H]1[C@](C#N)(c1ccccc1)C1CCN(CC2CN(c3ccc(C#N)cc3)C2)CC1,CC(=O)O[C@H]1CCC[C@@H]1[C@](C#N)(c1ccccc1)C1CCN(CC2CN(c3ccc(C#N)cc3)C2)CC1,CC(=O)O[C@H]1CCC[C@@H]1[C@](C#N)(c1ccccc1)C1CCN(CC2CN(c3ccc(C#N)cc3)C2)CC1,VJIXVSWXFJDMJM-RWSKJCERSA-N,VJIXVSWXFJDMJM-RWSKJCERSA-N,standardized,0.0,False,2.0,strict_exact,exact_point_estimate,high_potency_<=100nM,True,True,IC50,biochemical_binding,False,0.9177155902529763,0.41017774132386936,0.29885056614875793,O=C(O)COc1ccc(N2CCC(CN3CCC(Oc4ccc(Cl)c(Cl)c4)CC3)CC2)cc1,True,high
STR-9DAEE3412AFCC35E2A05,IC50,biochemical_binding,1,1,0,1,1,0,0,7.397940008672037,7.397940008672037,7.397940008672037,40.0,40.0,IC50,1,inhibitory_potency,1,biochemical_binding,1,ChEMBL,CHEMBL4210554,Menin,2018,=,Cc1c(CN2CCC(Nc3ncnc4sc(CC(F)(F)F)cc34)CC2)ccc2c1cc(C#N)n2CCC1CCN(S(C)(=O)=O)CC1,Cc1c(CN2CCC(Nc3ncnc4sc(CC(F)(F)F)cc34)CC2)ccc2c1cc(C#N)n2CCC1CCN(S(C)(=O)=O)CC1,Cc1c(CN2CCC(Nc3ncnc4sc(CC(F)(F)F)cc34)CC2)ccc2c1cc(C#N)n2CCC1CCN(S(C)(=O)=O)CC1,Cc1c(CN2CCC(Nc3ncnc4sc(CC(F)(F)F)cc34)CC2)ccc2c1cc(C#N)n2CCC1CCN(S(C)(=O)=O)CC1,RFEKAMWNTVLKJF-UHFFFAOYSA-N,RFEKAMWNTVLKJF-UHFFFAOYSA-N,standardized,0.0,False,2.0,strict_exact,exact_point_estimate,high_potency_<=100nM,True,True,IC50,biochemical_binding,False,0.921358603924209,0.3973738802111614,0.30630630254745483,O=c1nc(NC2CCN(Cc3ccc4c(c3)OCO4)CC2)c2cc(Cl)ccc2n1CC(F)(F)F,True,high
STR-3601397C7850DBE7E578,IC50,biochemical_binding,1,2,1,2,1,0,0,7.376750709602099,7.376750709602099,7.376750709602099,42.0,42.0,IC50,1,inhibitory_potency,1,biochemical_binding,1,ChEMBL;PubChem,CHEMBL5981944,Menin,2021,=,CNC(=O)O[C@@H]1CCC[C@H]1C(Cn1ccnc1)(c1ccccc1)C1CCN(CC2CN(c3ccc(S(=O)(=O)c4ccccc4)cc3)C2)CC1,CNC(=O)O[C@@H]1CCC[C@H]1C(Cn1ccnc1)(c1ccccc1)C1CCN(CC2CN(c3ccc(S(=O)(=O)c4ccccc4)cc3)C2)CC1,CNC(=O)O[C@@H]1CCC[C@H]1C(Cn1ccnc1)(c1ccccc1)C1CCN(CC2CN(c3ccc(S(=O)(=O)c4ccccc4)cc3)C2)CC1,CNC(=O)O[C@@H]1CCC[C@H]1C(Cn1ccnc1)(c1ccccc1)C1CCN(CC2CN(c3ccc(S(=O)(=O)c4ccccc4)cc3)C2)CC1,VAURVTQYMPFKRB-IVWYEHFPSA-N,VAURVTQYMPFKRB-IVWYEHFPSA-N,standardized,0.0,False,2.0,strict_exact,exact_point_estimate,high_potency_<=100nM,True,True,IC50,biochemical_binding,False,0.9119595468499051,0.4298950616159964,0.2568807303905487,COc1cc(N)c(Cl)cc1C(=O)N[C@H]1CCN(CCCn2ccnc2)C[C@H]1OC,True,high
STR-49FE1FCFAE0956BB85D0,IC50,biochemical_binding,1,1,0,1,1,0,0,7.376750709602099,7.376750709602099,7.376750709602099,42.0,42.0,IC50,1,inhibitory_potency,1,biochemical_binding,1,ChEMBL,CHEMBL4213678,Menin,2018,=,Cc1c(CN2CCC(Nc3ncnc4sc(CC(F)(F)F)cc34)CC2)ccc2c1cc(C#N)n2CCN1CCN(C(=O)CCC2CCCC2)CC1,Cc1c(CN2CCC(Nc3ncnc4sc(CC(F)(F)F)cc34)CC2)ccc2c1cc(C#N)n2CCN1CCN(C(=O)CCC2CCCC2)CC1,Cc1c(CN2CCC(Nc3ncnc4sc(CC(F)(F)F)cc34)CC2)ccc2c1cc(C#N)n2CCN1CCN(C(=O)CCC2CCCC2)CC1,Cc1c(CN2CCC(Nc3ncnc4sc(CC(F)(F)F)cc34)CC2)ccc2c1cc(C#N)n2CCN1CCN(C(=O)CCC2CCCC2)CC1,OKRWRZHPSNRHIC-UHFFFAOYSA-N,OKRWRZHPSNRHIC-UHFFFAOYSA-N,standardized,0.0,False,2.0,strict_exact,exact_point_estimate,high_potency_<=100nM,True,True,IC50,biochemical_binding,False,0.9277018919734373,0.37444180196700555,0.2931034564971924,O=c1nc(NC2CCN(Cc3ccc4c(c3)OCO4)CC2)c2cc(Cl)ccc2n1CC(F)(F)F,True,high
STR-A1F0E6930C1DAFA0E759,IC50,biochemical_binding,1,2,1,2,1,0,0,7.376750709602099,7.376750709602099,7.376750709602099,42.0,42.0,IC50,1,inhibitory_potency,1,biochemical_binding,1,ChEMBL;PubChem,CHEMBL5920903,Menin,2021,=,C=CC(=O)Nc1cccc(S(=O)(=O)c2ccc(N3CC(F)(CN4CCC([C@@](C#N)(c5cccc(F)c5)[C@H]5CCC[C@@H]5NC(=O)OC)CC4)C3)cc2)c1,C=CC(=O)Nc1cccc(S(=O)(=O)c2ccc(N3CC(F)(CN4CCC([C@@](C#N)(c5cccc(F)c5)[C@H]5CCC[C@@H]5NC(=O)OC)CC4)C3)cc2)c1,C=CC(=O)Nc1cccc(S(=O)(=O)c2ccc(N3CC(F)(CN4CCC([C@@](C#N)(c5cccc(F)c5)[C@H]5CCC[C@@H]5NC(=O)OC)CC4)C3)cc2)c1,C=CC(=O)Nc1cccc(S(=O)(=O)c2ccc(N3CC(F)(CN4CCC([C@@](C#N)(c5cccc(F)c5)[C@H]5CCC[C@@H]5NC(=O)OC)CC4)C3)cc2)c1,LQMSDXRSIFSIKF-FOHSLPDOSA-N,LQMSDXRSIFSIKF-FOHSLPDOSA-N,standardized,0.0,False,2.0,strict_exact,exact_point_estimate,high_potency_<=100nM,True,True,IC50,biochemical_binding,False,0.8795410858212137,0.5306785628911203,0.25619834661483765,C=CC(=O)Nc1cccc(Oc2nc(Nc3ccc(N4CCN(C)CC4)cc3)nc3[nH]ccc23)c1,True,high
STR-F45BBAA26D4E2A02347B,IC50,biochemical_binding,1,2,1,2,1,0,0,7.376750709602099,7.376750709602099,7.376750709602099,42.0,42.0,IC50,1,inhibitory_potency,1,biochemical_binding,1,ChEMBL;PubChem,CHEMBL5889894,Menin,2021,=,O=S(=O)(CC1CCCC1)c1ccc(N2CC(CN3CCC(C4(C5CCCC5)NCCc5ccccc54)CC3)C2)cc1,O=S(=O)(CC1CCCC1)c1ccc(N2CC(CN3CCC(C4(C5CCCC5)NCCc5ccccc54)CC3)C2)cc1,O=S(=O)(CC1CCCC1)c1ccc(N2CC(CN3CCC(C4(C5CCCC5)NCCc5ccccc54)CC3)C2)cc1,O=S(=O)(CC1CCCC1)c1ccc(N2CC(CN3CCC(C4(C5CCCC5)NCCc5ccccc54)CC3)C2)cc1,JQVIBXCWSJAZGQ-UHFFFAOYSA-N,JQVIBXCWSJAZGQ-UHFFFAOYSA-N,standardized,0.0,False,2.0,strict_exact,exact_point_estimate,high_potency_<=100nM,True,True,IC50,biochemical_binding,False,0.9564347722429845,0.2584063604505288,0.30588236451148987,CC(=O)Nc1cccc(N2CCN(CC3CCN(S(=O)(=O)CC4CCCCC4)CC3)CC2)c1,True,high
STR-A5490A895830A71903B2,IC50,biochemical_binding,1,1,0,1,1,0,0,7.372634143407267,7.372634143407267,7.372634143407267,42.4,42.4,IC50,1,inhibitory_potency,1,biochemical_binding,1,ChEMBL,CHEMBL5084863,Menin,2021,=,COC(=O)N[C@H]1CCC[C@@H]1[C@](CN1CCC1)(c1cccc(F)c1)C1CCN(CC2(C(=O)OC)CN(c3ccc(S(=O)(=O)C4CC4)cc3)C2)CC1,COC(=O)N[C@H]1CCC[C@@H]1[C@](CN1CCC1)(c1cccc(F)c1)C1CCN(CC2(C(=O)OC)CN(c3ccc(S(=O)(=O)C4CC4)cc3)C2)CC1,COC(=O)N[C@H]1CCC[C@@H]1[C@](CN1CCC1)(c1cccc(F)c1)C1CCN(CC2(C(=O)OC)CN(c3ccc(S(=O)(=O)C4CC4)cc3)C2)CC1,COC(=O)N[C@H]1CCC[C@@H]1[C@](CN1CCC1)(c1cccc(F)c1)C1CCN(CC2(C(=O)OC)CN(c3ccc(S(=O)(=O)C4CC4)cc3)C2)CC1,FBSMQBOIOZDTSP-IKTYWIPASA-N,FBSMQBOIOZDTSP-IKTYWIPASA-N,standardized,0.0,False,2.0,strict_exact,exact_point_estimate,high_potency_<=100nM,True,True,IC50,biochemical_binding,False,0.9004176304807741,0.4676703366202333,0.2978723347187042,O=C(CN1CCC(S(=O)(=O)c2ccccc2)CC1)c1ccc(F)cc1F,True,high
STR-4ED81823DA53AF1D70A0,IC50,biochemical_binding,1,1,0,1,1,0,0,7.356547323513812,7.356547323513812,7.356547323513812,44.0,44.0,IC50,1,inhibitory_potency,1,biochemical_binding,1,ChEMBL,CHEMBL4210798,Menin,2018,=,Cc1c(CN2CCC(Nc3ncnc4sc(CC(F)(F)F)cc34)CC2)ccc2c1cc(C#N)n2CCN1CCN(C(=O)C(F)F)CC1,Cc1c(CN2CCC(Nc3ncnc4sc(CC(F)(F)F)cc34)CC2)ccc2c1cc(C#N)n2CCN1CCN(C(=O)C(F)F)CC1,Cc1c(CN2CCC(Nc3ncnc4sc(CC(F)(F)F)cc34)CC2)ccc2c1cc(C#N)n2CCN1CCN(C(=O)C(F)F)CC1,Cc1c(CN2CCC(Nc3ncnc4sc(CC(F)(F)F)cc34)CC2)ccc2c1cc(C#N)n2CCN1CCN(C(=O)C(F)F)CC1,YZEOJOCEOBAYSM-UHFFFAOYSA-N,YZEOJOCEOBAYSM-UHFFFAOYSA-N,standardized,0.0,False,2.0,strict_exact,exact_point_estimate,high_potency_<=100nM,True,True,IC50,biochemical_binding,False,0.923134196187222,0.39103820834537895,0.3035714328289032,O=c1nc(NC2CCN(Cc3ccc4c(c3)OCO4)CC2)c2cc(Cl)ccc2n1CC(F)(F)F,True,high
STR-0449028356C19D0EDA3B,IC50,biochemical_binding,1,2,1,2,1,0,0,7.346787486224656,7.346787486224656,7.346787486224656,45.0,45.0,IC50,1,inhibitory_potency,1,biochemical_binding,1,ChEMBL;PubChem,CHEMBL5978882,Menin,2021,=,CC(=O)O[C@H]1CCC[C@@H]1C(C#N)(c1ccccc1F)C1CCN(CC2CN(c3ccc(S(=O)(=O)C4CC4)cc3)C2)CC1,CC(=O)O[C@H]1CCC[C@@H]1C(C#N)(c1ccccc1F)C1CCN(CC2CN(c3ccc(S(=O)(=O)C4CC4)cc3)C2)CC1,CC(=O)O[C@H]1CCC[C@@H]1C(C#N)(c1ccccc1F)C1CCN(CC2CN(c3ccc(S(=O)(=O)C4CC4)cc3)C2)CC1,CC(=O)O[C@H]1CCC[C@@H]1C(C#N)(c1ccccc1F)C1CCN(CC2CN(c3ccc(S(=O)(=O)C4CC4)cc3)C2)CC1,GKIFDNSCASLJLJ-HQVYOESTSA-N,GKIFDNSCASLJLJ-HQVYOESTSA-N,standardized,0.0,False,2.0,strict_exact,exact_point_estimate,high_potency_<=100nM,True,True,IC50,biochemical_binding,False,0.8943247065624966,0.48673191448775943,0.3103448152542114,O=C(CN1CCC(S(=O)(=O)c2ccccc2)CC1)c1ccc(F)cc1F,True,high
STR-460559F541337721ECE0,IC50,biochemical_binding,1,2,1,2,1,0,0,7.346787486224656,7.346787486224656,7.346787486224656,45.0,45.0,IC50,1,inhibitory_potency,1,biochemical_binding,1,ChEMBL;PubChem,CHEMBL5980008,Menin,2021,=,O=S(=O)(c1ccccc1)c1ccc(N2CC(CN3CCC(C(CN4CCCC4)(C4=CCCC4)c4ccccc4)CC3)C2)cc1,O=S(=O)(c1ccccc1)c1ccc(N2CC(CN3CCC(C(CN4CCCC4)(C4=CCCC4)c4ccccc4)CC3)C2)cc1,O=S(=O)(c1ccccc1)c1ccc(N2CC(CN3CCC(C(CN4CCCC4)(C4=CCCC4)c4ccccc4)CC3)C2)cc1,O=S(=O)(c1ccccc1)c1ccc(N2CC(CN3CCC(C(CN4CCCC4)(C4=CCCC4)c4ccccc4)CC3)C2)cc1,NNPAHPAQSIOENU-UHFFFAOYSA-N,NNPAHPAQSIOENU-UHFFFAOYSA-N,standardized,0.0,False,2.0,strict_exact,exact_point_estimate,high_potency_<=100nM,True,True,IC50,biochemical_binding,False,0.9461542122068868,0.3025142330993589,0.28169015049934387,O=S(=O)(c1ccccc1)C1CCN(CCc2ccccc2)CC1,True,high
STR-5C740F62A4861DEC230E,IC50,biochemical_binding,1,1,0,1,1,0,0,7.337242168318426,7.337242168318426,7.337242168318426,46.0,46.0,IC50,1,inhibitory_potency,1,biochemical_binding,1,ChEMBL,CHEMBL4206413,Menin,2018,=,CC1(C)CN=C(N2CCN(c3ncnc4sc(C(F)(F)F)cc34)CC2)S1,CC1(C)CN=C(N2CCN(c3ncnc4sc(C(F)(F)F)cc34)CC2)S1,CC1(C)CN=C(N2CCN(c3ncnc4sc(C(F)(F)F)cc34)CC2)S1,CC1(C)CN=C(N2CCN(c3ncnc4sc(C(F)(F)F)cc34)CC2)S1,NRLXWRDOBGHCQH-UHFFFAOYSA-N,NRLXWRDOBGHCQH-UHFFFAOYSA-N,standardized,0.0,False,2.0,strict_exact,exact_point_estimate,high_potency_<=100nM,True,True,IC50,biochemical_binding,False,0.921675678166471,0.3962471370824543,0.24175824224948883,CCc1c(N)ncnc1N1CCC(c2nc(-c3ccc(F)c(C(F)(F)F)c3)cn2CCN(C)C)CC1,True,high
STR-ADF0DC68688651046789,IC50,biochemical_binding,1,2,1,2,1,0,0,7.337242168318426,7.337242168318426,7.337242168318426,46.0,46.0,IC50,1,inhibitory_potency,1,biochemical_binding,1,ChEMBL;PubChem,CHEMBL5909835,Menin,2021,=,CNC(=O)O[C@@H]1CCC[C@H]1C(Cn1ccnc1)(c1ccccc1)C1CCN(CC2CN(c3ccc(S(=O)(=O)c4cnn(C)c4)cc3)C2)CC1,CNC(=O)O[C@@H]1CCC[C@H]1C(Cn1ccnc1)(c1ccccc1)C1CCN(CC2CN(c3ccc(S(=O)(=O)c4cnn(C)c4)cc3)C2)CC1,CNC(=O)O[C@@H]1CCC[C@H]1C(Cn1ccnc1)(c1ccccc1)C1CCN(CC2CN(c3ccc(S(=O)(=O)c4cnn(C)c4)cc3)C2)CC1,CNC(=O)O[C@@H]1CCC[C@H]1C(Cn1ccnc1)(c1ccccc1)C1CCN(CC2CN(c3ccc(S(=O)(=O)c4cnn(C)c4)cc3)C2)CC1,HTBPNCRHOIYFLK-ANOPSCNCSA-N,HTBPNCRHOIYFLK-ANOPSCNCSA-N,standardized,0.0,False,2.0,strict_exact,exact_point_estimate,high_potency_<=100nM,True,True,IC50,biochemical_binding,False,0.8307313117540711,0.6560291098189746,0.260869562625885,COc1cc(N)c(Cl)cc1C(=O)N[C@H]1CCN(CCCn2ccnc2)C[C@H]1OC,True,high
STR-A8561A75D1EC79B3C31D,IC50,biochemical_binding,1,2,1,2,1,0,0,7.318758762624412,7.318758762624412,7.318758762624412,48.0,48.0,IC50,1,inhibitory_potency,1,biochemical_binding,1,ChEMBL;PubChem,CHEMBL5827385,Menin,2021,=,CNC(=O)O[C@H]1CCC[C@@H]1C(C#N)(c1ccccc1)C1CCN(CC2(C)CN(c3ccc(S(=O)(=O)c4cnn(C)c4)cc3)C2)CC1,CNC(=O)O[C@H]1CCC[C@@H]1C(C#N)(c1ccccc1)C1CCN(CC2(C)CN(c3ccc(S(=O)(=O)c4cnn(C)c4)cc3)C2)CC1,CNC(=O)O[C@H]1CCC[C@@H]1C(C#N)(c1ccccc1)C1CCN(CC2(C)CN(c3ccc(S(=O)(=O)c4cnn(C)c4)cc3)C2)CC1,CNC(=O)O[C@H]1CCC[C@@H]1C(C#N)(c1ccccc1)C1CCN(CC2(C)CN(c3ccc(S(=O)(=O)c4cnn(C)c4)cc3)C2)CC1,DDHCZSCWWXSEAD-SVYHFPLZSA-N,DDHCZSCWWXSEAD-SVYHFPLZSA-N,standardized,0.0,False,2.0,strict_exact,exact_point_estimate,high_potency_<=100nM,True,True,IC50,biochemical_binding,False,0.8016264149172165,0.7186633149074889,0.2347826063632965,O=C(NC1CCN(Cc2ccn(-c3ccc(C(F)(F)F)cc3)c2)CC1)N1CCn2cccc2C1c1ccccc1,False,high
STR-C221EB3A1209DD6114DE,IC50,biochemical_binding,1,1,0,1,1,0,0,7.309803919971486,7.309803919971486,7.309803919971486,49.0,49.0,IC50,1,inhibitory_potency,1,biochemical_binding,1,PubChem,156498100,Menin,2026,=,CCN(C(=O)c1cc(F)ccc1Oc1nncnc1N1CCC2(C1)CN([C@H](CCCN[C@H](C)COC)C(C)C)C2)C(C)C,CCN(C(C)C)C(=O)C1=C(C=CC(=C1)F)OC2=C(N=CN=N2)N3CCC4(C3)CN(C4)[C@H](CCCN[C@H](C)COC)C(C)C,CCN(C(=O)c1cc(F)ccc1Oc1nncnc1N1CCC2(C1)CN([C@H](CCCN[C@H](C)COC)C(C)C)C2)C(C)C,CCN(C(=O)c1cc(F)ccc1Oc1nncnc1N1CCC2(C1)CN([C@H](CCCN[C@H](C)COC)C(C)C)C2)C(C)C,OSVSCTAXHOVWLE-SHQCIBLASA-N,OSVSCTAXHOVWLE-SHQCIBLASA-N,standardized,0.0,False,2.0,strict_exact,exact_point_estimate,high_potency_<=100nM,True,True,IC50,biochemical_binding,False,0.6662570500752613,0.918704906114077,0.5876288414001465,CCN(C(=O)c1cc(F)ccc1Oc1nncnc1N1CC2(CCN(CC3(SC)CC3)CC2)C1)C(C)C,True,medium
STR-E641EA51DCF158A5E554,IC50,biochemical_binding,1,2,1,2,1,0,0,7.309803919971486,7.309803919971486,7.309803919971486,49.0,49.0,IC50,1,inhibitory_potency,1,biochemical_binding,1,ChEMBL;PubChem,CHEMBL5890397,Menin,2021,=,O=S(=O)(c1ccc(N2CC(CN3CCC(C4(C5CCCC5)NCCc5ccccc54)CC3)C2)cc1)C1CCOCC1,O=S(=O)(c1ccc(N2CC(CN3CCC(C4(C5CCCC5)NCCc5ccccc54)CC3)C2)cc1)C1CCOCC1,O=S(=O)(c1ccc(N2CC(CN3CCC(C4(C5CCCC5)NCCc5ccccc54)CC3)C2)cc1)C1CCOCC1,O=S(=O)(c1ccc(N2CC(CN3CCC(C4(C5CCCC5)NCCc5ccccc54)CC3)C2)cc1)C1CCOCC1,PTRVKMPLOFXYHL-UHFFFAOYSA-N,PTRVKMPLOFXYHL-UHFFFAOYSA-N,standardized,0.0,False,2.0,strict_exact,exact_point_estimate,high_potency_<=100nM,True,True,IC50,biochemical_binding,False,0.9533125227876453,0.27215535762517484,0.30136987566947937,O=S(=O)(c1ccccc1)C1CCN(CCc2ccccc2)CC1,True,high
STR-E79EEF3E7440D2C5F50E,IC50,biochemical_binding,1,2,1,2,1,0,0,7.309803919971486,7.309803919971486,7.309803919971486,49.0,49.0,IC50,1,inhibitory_potency,1,biochemical_binding,1,ChEMBL;PubChem,CHEMBL5883185,Menin,2021,=,CNC(=O)O[C@@H]1CCC[C@H]1C(Cn1ccnc1C)(c1cccc(F)c1)C1CCN(CC2CN(c3ccc(S(=O)(=O)c4cnn(C)c4)cc3)C2)CC1,CNC(=O)O[C@@H]1CCC[C@H]1C(Cn1ccnc1C)(c1cccc(F)c1)C1CCN(CC2CN(c3ccc(S(=O)(=O)c4cnn(C)c4)cc3)C2)CC1,CNC(=O)O[C@@H]1CCC[C@H]1C(Cn1ccnc1C)(c1cccc(F)c1)C1CCN(CC2CN(c3ccc(S(=O)(=O)c4cnn(C)c4)cc3)C2)CC1,CNC(=O)O[C@@H]1CCC[C@H]1C(Cn1ccnc1C)(c1cccc(F)c1)C1CCN(CC2CN(c3ccc(S(=O)(=O)c4cnn(C)c4)cc3)C2)CC1,WJJHIHFEUAWTMY-QAFYHTLISA-N,WJJHIHFEUAWTMY-QAFYHTLISA-N,standardized,0.0,False,2.0,strict_exact,exact_point_estimate,high_potency_<=100nM,True,True,IC50,biochemical_binding,False,0.8294454067101318,0.6589718823150442,0.2661290466785431,O=C(O)[C@@H](CC1CCC1)N1C[C@H](CN2CCC(c3cnc4ccccn34)CC2)[C@@H](c2cccc(F)c2)C1,True,high
STR-506A8FF202D4B27FF220,IC50,biochemical_binding,1,2,1,2,1,0,0,7.301029995663981,7.301029995663981,7.301029995663981,50.0,50.0,IC50,1,inhibitory_potency,1,biochemical_binding,1,ChEMBL;PubChem,CHEMBL5770956,Menin,2021,=,CNC(=O)O[C@H]1CCC[C@@H]1C(C#N)(c1ccccc1)C1CCN(C2CCN(c3ccc(S(=O)(=O)c4ccccc4)cc3)CC2)CC1,CNC(=O)O[C@H]1CCC[C@@H]1C(C#N)(c1ccccc1)C1CCN(C2CCN(c3ccc(S(=O)(=O)c4ccccc4)cc3)CC2)CC1,CNC(=O)O[C@H]1CCC[C@@H]1C(C#N)(c1ccccc1)C1CCN(C2CCN(c3ccc(S(=O)(=O)c4ccccc4)cc3)CC2)CC1,CNC(=O)O[C@H]1CCC[C@@H]1C(C#N)(c1ccccc1)C1CCN(C2CCN(c3ccc(S(=O)(=O)c4ccccc4)cc3)CC2)CC1,LQTOWKWWEGWBLV-FWBANIIHSA-N,LQTOWKWWEGWBLV-FWBANIIHSA-N,standardized,0.0,False,2.0,strict_exact,exact_point_estimate,high_potency_<=100nM,True,True,IC50,biochemical_binding,False,0.8905962399124757,0.4981148950639208,0.30000001192092896,O=C(NS(=O)(=O)c1ccccc1)N1CCC(N2CCC(Oc3ccc(Cl)c(Cl)c3)CC2)CC1,True,high
STR-6D12E542BA59225B503F,IC50,biochemical_binding,1,1,0,1,1,0,0,7.301029995663981,7.301029995663981,7.301029995663981,50.0,50.0,IC50,1,inhibitory_potency,1,biochemical_binding,1,PubChem,156498076,Menin,2026,=,CCN(C(=O)c1cc(F)ccc1Oc1nncnc1N1CCC2(C1)CN([C@H](CCCNCCC(F)F)C(C)C)C2)C(C)C,CCN(C(C)C)C(=O)C1=C(C=CC(=C1)F)OC2=C(N=CN=N2)N3CCC4(C3)CN(C4)[C@H](CCCNCCC(F)F)C(C)C,CCN(C(=O)c1cc(F)ccc1Oc1nncnc1N1CCC2(C1)CN([C@H](CCCNCCC(F)F)C(C)C)C2)C(C)C,CCN(C(=O)c1cc(F)ccc1Oc1nncnc1N1CCC2(C1)CN([C@H](CCCNCCC(F)F)C(C)C)C2)C(C)C,GMXZADSHHYAFID-RUZDIDTESA-N,GMXZADSHHYAFID-RUZDIDTESA-N,standardized,0.0,False,2.0,strict_exact,exact_point_estimate,high_potency_<=100nM,True,True,IC50,biochemical_binding,False,0.6808260307860788,0.9034809169820589,0.6063829660415649,CCN(C(=O)c1cc(F)ccc1Oc1nncnc1N1CC2(CCN(CC3(SC)CC3)CC2)C1)C(C)C,True,medium
STR-8C3A97B1A2D095352AF3,IC50,biochemical_binding,1,1,0,1,1,0,0,7.301029995663981,7.301029995663981,7.301029995663981,50.0,50.0,IC50,1,inhibitory_potency,1,biochemical_binding,1,PubChem,156498099,Menin,2026,=,CCN(C(=O)c1cc(F)ccc1Oc1nncnc1N1CCC2(C1)CN([C@H](CCCNCCC(F)(F)F)C(C)C)C2)C(C)C,CCN(C(C)C)C(=O)C1=C(C=CC(=C1)F)OC2=C(N=CN=N2)N3CCC4(C3)CN(C4)[C@H](CCCNCCC(F)(F)F)C(C)C,CCN(C(=O)c1cc(F)ccc1Oc1nncnc1N1CCC2(C1)CN([C@H](CCCNCCC(F)(F)F)C(C)C)C2)C(C)C,CCN(C(=O)c1cc(F)ccc1Oc1nncnc1N1CCC2(C1)CN([C@H](CCCNCCC(F)(F)F)C(C)C)C2)C(C)C,ZPRKSGXAOHIUOP-RUZDIDTESA-N,ZPRKSGXAOHIUOP-RUZDIDTESA-N,standardized,0.0,False,2.0,strict_exact,exact_point_estimate,high_potency_<=100nM,True,True,IC50,biochemical_binding,False,0.7459349662224339,0.8176577052773022,0.6041666865348816,CCN(C(=O)c1cc(F)ccc1Oc1nncnc1N1CC2(CCN(CC3(SC)CC3)CC2)C1)C(C)C,True,high
STR-BEA4E748379BECE8B5BF,IC50,biochemical_binding,1,1,0,1,1,0,0,7.292429823902063,7.292429823902063,7.292429823902063,51.0,51.0,IC50,1,inhibitory_potency,1,biochemical_binding,1,PubChem,156531470,Menin,2026,=,CCN(C(=O)c1cc(F)ccc1Oc1nnc(C)nc1N1CCC2(C1)CN([C@H](CCCN)C(C)C)C2)C(C)C,CCN(C(C)C)C(=O)C1=C(C=CC(=C1)F)OC2=C(N=C(N=N2)C)N3CCC4(C3)CN(C4)[C@H](CCCN)C(C)C,CCN(C(=O)c1cc(F)ccc1Oc1nnc(C)nc1N1CCC2(C1)CN([C@H](CCCN)C(C)C)C2)C(C)C,CCN(C(=O)c1cc(F)ccc1Oc1nnc(C)nc1N1CCC2(C1)CN([C@H](CCCN)C(C)C)C2)C(C)C,MFQGLPSAOPEVGN-XMMPIXPASA-N,MFQGLPSAOPEVGN-XMMPIXPASA-N,standardized,0.0,False,2.0,strict_exact,exact_point_estimate,high_potency_<=100nM,True,True,IC50,biochemical_binding,False,0.7428260710707122,0.8224517781356545,0.5051546096801758,CCN(C(=O)c1cc(F)ccc1Oc1nncnc1N1CC2(CCN(CC3(SC)CC3)CC2)C1)C(C)C,True,high
STR-CE767B2CC0FDE9DEDE13,IC50,biochemical_binding,1,1,0,1,1,0,0,7.292429823902063,7.292429823902063,7.292429823902063,51.0,51.0,IC50,1,inhibitory_potency,1,biochemical_binding,1,PubChem,156497987,Menin,2026,=,CCN(C(=O)c1cc(F)ccc1Oc1nncnc1N1CCC2(C1)CN([C@H](CCCN(C)[C@H](C)COC)C(C)C)C2)C(C)C,CCN(C(C)C)C(=O)C1=C(C=CC(=C1)F)OC2=C(N=CN=N2)N3CCC4(C3)CN(C4)[C@H](CCCN(C)[C@H](C)COC)C(C)C,CCN(C(=O)c1cc(F)ccc1Oc1nncnc1N1CCC2(C1)CN([C@H](CCCN(C)[C@H](C)COC)C(C)C)C2)C(C)C,CCN(C(=O)c1cc(F)ccc1Oc1nncnc1N1CCC2(C1)CN([C@H](CCCN(C)[C@H](C)COC)C(C)C)C2)C(C)C,PUOUJWXILKKQSQ-LEAFIULHSA-N,PUOUJWXILKKQSQ-LEAFIULHSA-N,standardized,0.0,False,2.0,strict_exact,exact_point_estimate,high_potency_<=100nM,True,True,IC50,biochemical_binding,False,0.6551403453262631,0.9293933181118674,0.59375,CCN(C(=O)c1cc(F)ccc1Oc1nncnc1N1CC2(CCN(CC3(SC)CC3)CC2)C1)C(C)C,True,medium
STR-5B1180372851AE5365FB,IC50,biochemical_binding,1,2,1,2,1,0,0,7.2839966563652,7.2839966563652,7.2839966563652,52.0,52.0,IC50,1,inhibitory_potency,1,biochemical_binding,1,ChEMBL;PubChem,CHEMBL5988917,Menin,2021,=,O=S(=O)(CC1CCCCC1)c1ccc(N2CC(CN3CCC(C4(C5CCCC5)NCCc5ccccc54)CC3)C2)cc1,O=S(=O)(CC1CCCCC1)c1ccc(N2CC(CN3CCC(C4(C5CCCC5)NCCc5ccccc54)CC3)C2)cc1,O=S(=O)(CC1CCCCC1)c1ccc(N2CC(CN3CCC(C4(C5CCCC5)NCCc5ccccc54)CC3)C2)cc1,O=S(=O)(CC1CCCCC1)c1ccc(N2CC(CN3CCC(C4(C5CCCC5)NCCc5ccccc54)CC3)C2)cc1,UIVSDCHXMIQDNN-UHFFFAOYSA-N,UIVSDCHXMIQDNN-UHFFFAOYSA-N,standardized,0.0,False,2.0,strict_exact,exact_point_estimate,high_potency_<=100nM,True,True,IC50,biochemical_binding,False,0.9551088264008035,0.2642851822136047,0.3176470696926117,CC(=O)Nc1cccc(N2CCN(CC3CCN(S(=O)(=O)CC4CCCCC4)CC3)CC2)c1,True,high
STR-F935C48B5CC4A6286518,IC50,biochemical_binding,1,1,0,1,1,0,0,7.275724130399211,7.275724130399211,7.275724130399211,53.0,53.0,IC50,1,inhibitory_potency,1,biochemical_binding,1,PubChem,156531609,Menin,2026,=,CCN(C(=O)c1cc(F)ccc1Oc1nncnc1N1CCC2(C1)CN([C@H](C[C@@H](O)CN(C)CCOC)C(C)C)C2)C(C)C,CCN(C(C)C)C(=O)C1=C(C=CC(=C1)F)OC2=C(N=CN=N2)N3CCC4(C3)CN(C4)[C@H](C[C@H](CN(C)CCOC)O)C(C)C,CCN(C(=O)c1cc(F)ccc1Oc1nncnc1N1CCC2(C1)CN([C@H](C[C@@H](O)CN(C)CCOC)C(C)C)C2)C(C)C,CCN(C(=O)c1cc(F)ccc1Oc1nncnc1N1CCC2(C1)CN([C@H](C[C@@H](O)CN(C)CCOC)C(C)C)C2)C(C)C,XOMQNBYRAKVRPP-XNMGPUDCSA-N,XOMQNBYRAKVRPP-XNMGPUDCSA-N,standardized,0.0,False,2.0,strict_exact,exact_point_estimate,high_potency_<=100nM,True,True,IC50,biochemical_binding,False,0.6387331028582091,0.9437297863689258,0.5876288414001465,CCN(C(=O)c1cc(F)ccc1Oc1nncnc1N1CC2(CCN(CC3(SC)CC3)CC2)C1)C(C)C,True,medium
STR-62EAA7BC9A8608AAD9F0,IC50,biochemical_binding,1,1,0,1,1,0,0,7.267606240177031,7.267606240177031,7.267606240177031,54.0,54.0,IC50,1,inhibitory_potency,1,biochemical_binding,1,PubChem,156498126,Menin,2026,=,CCN(C(=O)c1cc(F)ccc1Oc1nncnc1N1CCC2(C1)CN([C@H](CCCN(C)C[C@@H](O)COC)C(C)C)C2)C(C)C,CCN(C(C)C)C(=O)C1=C(C=CC(=C1)F)OC2=C(N=CN=N2)N3CCC4(C3)CN(C4)[C@H](CCCN(C)C[C@H](COC)O)C(C)C,CCN(C(=O)c1cc(F)ccc1Oc1nncnc1N1CCC2(C1)CN([C@H](CCCN(C)C[C@@H](O)COC)C(C)C)C2)C(C)C,CCN(C(=O)c1cc(F)ccc1Oc1nncnc1N1CCC2(C1)CN([C@H](CCCN(C)C[C@@H](O)COC)C(C)C)C2)C(C)C,RXDYQQDYECDPEA-IXCJQBJRSA-N,RXDYQQDYECDPEA-IXCJQBJRSA-N,standardized,0.0,False,2.0,strict_exact,exact_point_estimate,high_potency_<=100nM,True,True,IC50,biochemical_binding,False,0.6434232446999227,0.9398048989435024,0.581632673740387,CCN(C(=O)c1cc(F)ccc1Oc1nncnc1N1CC2(CCN(CC3(SC)CC3)CC2)C1)C(C)C,True,medium
STR-DA939D5F87D225304F92,IC50,biochemical_binding,1,2,1,2,1,0,0,7.267606240177031,7.267606240177031,7.267606240177031,54.0,54.0,IC50,1,inhibitory_potency,1,biochemical_binding,1,ChEMBL;PubChem,CHEMBL5947705,Menin,2021,=,CN1Cc2ccccc2C(C2CCCC2)(C2CCN(CCCOc3ccc(C#N)cc3)CC2)C1,CN1Cc2ccccc2C(C2CCCC2)(C2CCN(CCCOc3ccc(C#N)cc3)CC2)C1,CN1Cc2ccccc2C(C2CCCC2)(C2CCN(CCCOc3ccc(C#N)cc3)CC2)C1,CN1Cc2ccccc2C(C2CCCC2)(C2CCN(CCCOc3ccc(C#N)cc3)CC2)C1,QIEUKYJSAPZUKJ-UHFFFAOYSA-N,QIEUKYJSAPZUKJ-UHFFFAOYSA-N,standardized,0.0,False,2.0,strict_exact,exact_point_estimate,high_potency_<=100nM,True,True,IC50,biochemical_binding,False,0.9497546372423802,0.28743832748128695,0.380952388048172,c1cc(C2CCCCC2)ccc1OCCCN1CCCCC1,True,high
STR-8D154D34949338668AD9,IC50,biochemical_binding,1,2,1,2,1,0,0,7.259637310505756,7.259637310505756,7.259637310505756,55.0,55.0,IC50,1,inhibitory_potency,1,biochemical_binding,1,ChEMBL;PubChem,CHEMBL5739851,Menin,2021,=,O=S(=O)(CC1CCC1)c1ccc(N2CC(CN3CCC(C4(C5CCCC5)NCCc5ccccc54)CC3)C2)cc1,O=S(=O)(CC1CCC1)c1ccc(N2CC(CN3CCC(C4(C5CCCC5)NCCc5ccccc54)CC3)C2)cc1,O=S(=O)(CC1CCC1)c1ccc(N2CC(CN3CCC(C4(C5CCCC5)NCCc5ccccc54)CC3)C2)cc1,O=S(=O)(CC1CCC1)c1ccc(N2CC(CN3CCC(C4(C5CCCC5)NCCc5ccccc54)CC3)C2)cc1,HWCOYSQOYQMZSZ-UHFFFAOYSA-N,HWCOYSQOYQMZSZ-UHFFFAOYSA-N,standardized,0.0,False,2.0,strict_exact,exact_point_estimate,high_potency_<=100nM,True,True,IC50,biochemical_binding,False,0.9545796203280768,0.26661490142934474,0.302325576543808,CC(=O)Nc1cccc(N2CCN(CC3CCN(S(=O)(=O)CC4CCCCC4)CC3)CC2)c1,True,high
STR-9B86A4BF42F7EC6AC8E3,IC50,biochemical_binding,1,1,0,1,1,0,0,7.259637310505756,7.259637310505756,7.259637310505756,55.0,55.0,IC50,1,inhibitory_potency,1,biochemical_binding,1,ChEMBL,CHEMBL4218711,Menin,2018,=,CCS(=O)(=O)N1CCN(CCn2c(C#N)cc3c(C)c(CN4CCC(Nc5ncnc6sc(CC(F)(F)F)cc56)CC4)ccc32)CC1,CCS(=O)(=O)N1CCN(CCn2c(C#N)cc3c(C)c(CN4CCC(Nc5ncnc6sc(CC(F)(F)F)cc56)CC4)ccc32)CC1,CCS(=O)(=O)N1CCN(CCn2c(C#N)cc3c(C)c(CN4CCC(Nc5ncnc6sc(CC(F)(F)F)cc56)CC4)ccc32)CC1,CCS(=O)(=O)N1CCN(CCn2c(C#N)cc3c(C)c(CN4CCC(Nc5ncnc6sc(CC(F)(F)F)cc56)CC4)ccc32)CC1,WFSSSQNIEOXNLR-UHFFFAOYSA-N,WFSSSQNIEOXNLR-UHFFFAOYSA-N,standardized,0.0,False,2.0,strict_exact,exact_point_estimate,high_potency_<=100nM,True,True,IC50,biochemical_binding,False,0.9157762995569438,0.4168895524956257,0.31481480598449707,O=c1nc(NC2CCN(Cc3ccc4c(c3)OCO4)CC2)c2cc(Cl)ccc2n1CC(F)(F)F,True,high
STR-C21882423633547B198F,IC50,biochemical_binding,1,1,0,1,1,0,0,7.251811972993799,7.251811972993799,7.251811972993799,56.0,56.0,IC50,1,inhibitory_potency,1,biochemical_binding,1,ChEMBL,CHEMBL3126198,Menin,2014,=,N#Cc1ccc(OCCCN2CCC([C@@](N)(c3ccccc3)C3CCCC3)CC2)cc1,N#Cc1ccc(OCCCN2CCC([C@@](N)(c3ccccc3)C3CCCC3)CC2)cc1,N#Cc1ccc(OCCCN2CCC([C@@](N)(c3ccccc3)C3CCCC3)CC2)cc1,N#Cc1ccc(OCCCN2CCC([C@@](N)(c3ccccc3)C3CCCC3)CC2)cc1,AUWUGRCKTQSGJY-HHHXNRCGSA-N,AUWUGRCKTQSGJY-HHHXNRCGSA-N,standardized,0.0,False,2.0,strict_exact,exact_point_estimate,high_potency_<=100nM,True,True,IC50,biochemical_binding,False,0.9530024959442376,0.2735029908569332,0.5438596606254578,OC(c1ccccc1)(c1ccccc1)C1CCN(CCCOc2ccc(-c3ccccc3)cc2)CC1,True,high
STR-8327CD7E287E5727BD93,IC50,biochemical_binding,1,1,0,1,1,0,0,7.2441251443275085,7.2441251443275085,7.2441251443275085,57.0,57.0,IC50,1,inhibitory_potency,1,biochemical_binding,1,PubChem,156498006,Menin,2026,=,CCN(C(=O)c1cc(F)ccc1Oc1nncnc1N1CCC2(C1)CN([C@H](CCCNCC(C)(C)OC)C(C)C)C2)C(C)C,CCN(C(C)C)C(=O)C1=C(C=CC(=C1)F)OC2=C(N=CN=N2)N3CCC4(C3)CN(C4)[C@H](CCCNCC(C)(C)OC)C(C)C,CCN(C(=O)c1cc(F)ccc1Oc1nncnc1N1CCC2(C1)CN([C@H](CCCNCC(C)(C)OC)C(C)C)C2)C(C)C,CCN(C(=O)c1cc(F)ccc1Oc1nncnc1N1CCC2(C1)CN([C@H](CCCNCC(C)(C)OC)C(C)C)C2)C(C)C,BGKLHJYVRIJUSH-HHHXNRCGSA-N,BGKLHJYVRIJUSH-HHHXNRCGSA-N,standardized,0.0,False,2.0,strict_exact,exact_point_estimate,high_potency_<=100nM,True,True,IC50,biochemical_binding,False,0.7070853570717918,0.8724565801617163,0.5757575631141663,CCN(C(=O)c1cc(F)ccc1Oc1nncnc1N1CC2(CCN(CC3(SC)CC3)CC2)C1)C(C)C,True,high
STR-CE20B85B4A250EC35961,IC50,biochemical_binding,1,1,0,1,1,0,0,7.2441251443275085,7.2441251443275085,7.2441251443275085,57.0,57.0,IC50,1,inhibitory_potency,1,biochemical_binding,1,ChEMBL,CHEMBL4207176,Menin,2018,=,Cc1c(CN2CCC(Nc3ncnc4sc(CC(F)(F)F)cc34)CC2)ccc2c1cc(C#N)n2CCN1CCN(C(=O)CC2CCCC2)CC1,Cc1c(CN2CCC(Nc3ncnc4sc(CC(F)(F)F)cc34)CC2)ccc2c1cc(C#N)n2CCN1CCN(C(=O)CC2CCCC2)CC1,Cc1c(CN2CCC(Nc3ncnc4sc(CC(F)(F)F)cc34)CC2)ccc2c1cc(C#N)n2CCN1CCN(C(=O)CC2CCCC2)CC1,Cc1c(CN2CCC(Nc3ncnc4sc(CC(F)(F)F)cc34)CC2)ccc2c1cc(C#N)n2CCN1CCN(C(=O)CC2CCCC2)CC1,ZYKLVZAGTIVWNB-UHFFFAOYSA-N,ZYKLVZAGTIVWNB-UHFFFAOYSA-N,standardized,0.0,False,2.0,strict_exact,exact_point_estimate,high_potency_<=100nM,True,True,IC50,biochemical_binding,False,0.9251766947994111,0.38367079057529,0.2956521809101105,O=c1nc(NC2CCN(Cc3ccc4c(c3)OCO4)CC2)c2cc(Cl)ccc2n1CC(F)(F)F,True,high
STR-648FC2156F27220D48EE,IC50,biochemical_binding,1,1,0,1,1,0,0,7.236572006437063,7.236572006437063,7.236572006437063,58.0,58.0,IC50,1,inhibitory_potency,1,biochemical_binding,1,PubChem,165147000,Menin,2026,=,[2H]C([2H])(COC)N(C)CCC[C@H](C(C)C)N1CC2(CCN(c3ncnnc3Oc3ccc(F)cc3C(=O)N(CC)C(C)C)C2)C1,[2H]C([2H])(COC)N(C)CCC[C@H](C(C)C)N1CC2(C1)CCN(C2)C3=C(N=NC=N3)OC4=C(C=C(C=C4)F)C(=O)N(CC)C(C)C,[2H]C([2H])(COC)N(C)CCC[C@H](C(C)C)N1CC2(CCN(c3ncnnc3Oc3ccc(F)cc3C(=O)N(CC)C(C)C)C2)C1,[2H]C([2H])(COC)N(C)CCC[C@H](C(C)C)N1CC2(CCN(c3ncnnc3Oc3ccc(F)cc3C(=O)N(CC)C(C)C)C2)C1,PDUGAXSIWNMIBQ-MGYXHPKISA-N,PDUGAXSIWNMIBQ-MGYXHPKISA-N,standardized,0.0,False,2.0,strict_exact,exact_point_estimate,high_potency_<=100nM,True,True,IC50,biochemical_binding,False,0.7533256522893141,0.8059644137798179,0.581632673740387,CCN(C(=O)c1cc(F)ccc1Oc1nncnc1N1CC2(CCN(CC3(SC)CC3)CC2)C1)C(C)C,True,high
STR-B3713976D3715B01F866,IC50,biochemical_binding,1,1,0,1,1,0,0,7.236572006437063,7.236572006437063,7.236572006437063,58.0,58.0,IC50,1,inhibitory_potency,1,biochemical_binding,1,PubChem,156531597,Menin,2026,=,CCN(C)C[C@H](O)C[C@H](C(C)C)N1CC2(CCN(c3ncnnc3Oc3ccc(F)cc3C(=O)N(CC)C(C)C)C2)C1,CCN(C)C[C@@H](C[C@H](C(C)C)N1CC2(C1)CCN(C2)C3=C(N=NC=N3)OC4=C(C=C(C=C4)F)C(=O)N(CC)C(C)C)O,CCN(C)C[C@H](O)C[C@H](C(C)C)N1CC2(CCN(c3ncnnc3Oc3ccc(F)cc3C(=O)N(CC)C(C)C)C2)C1,CCN(C)C[C@H](O)C[C@H](C(C)C)N1CC2(CCN(c3ncnnc3Oc3ccc(F)cc3C(=O)N(CC)C(C)C)C2)C1,LBZIHFPAAWTXAW-AOYPEHQESA-N,LBZIHFPAAWTXAW-AOYPEHQESA-N,standardized,0.0,False,2.0,strict_exact,exact_point_estimate,high_potency_<=100nM,True,True,IC50,biochemical_binding,False,0.6148013242135627,0.9616310813623439,0.6195651888847351,CCN(C(=O)c1cc(F)ccc1Oc1nncnc1N1CC2(CCN(CC3(SC)CC3)CC2)C1)C(C)C,True,medium
STR-52D01EFC583EB20C9B2A,IC50,biochemical_binding,1,2,1,2,1,0,0,7.229147988357855,7.229147988357855,7.229147988357855,59.0,59.0,IC50,1,inhibitory_potency,1,biochemical_binding,1,ChEMBL;PubChem,CHEMBL5937153,Menin,2021,=,N#Cc1ccc(OCCCN2CCC(C3(C4CCCC4)NCCc4sccc43)CC2)cc1,N#Cc1ccc(OCCCN2CCC(C3(C4CCCC4)NCCc4sccc43)CC2)cc1,N#Cc1ccc(OCCCN2CCC(C3(C4CCCC4)NCCc4sccc43)CC2)cc1,N#Cc1ccc(OCCCN2CCC(C3(C4CCCC4)NCCc4sccc43)CC2)cc1,PNLBQWAYAPRXDG-UHFFFAOYSA-N,PNLBQWAYAPRXDG-UHFFFAOYSA-N,standardized,0.0,False,2.0,strict_exact,exact_point_estimate,high_potency_<=100nM,True,True,IC50,biochemical_binding,False,0.9610112962003848,0.2376360648807403,0.380952388048172,c1cc(C2CCCCC2)ccc1OCCCN1CCCCC1,True,high
STR-0C136D4784FF4E1D4A7F,IC50,biochemical_binding,1,1,0,1,1,0,0,7.221848749616356,7.221848749616356,7.221848749616356,60.0,60.0,IC50,1,inhibitory_potency,1,biochemical_binding,1,PubChem,156497996,Menin,2026,=,CCN(C(=O)c1cc(F)ccc1Oc1nncnc1N1CCC2(C1)CN([C@H](CCCN(C)[C@H](CO)COC)C(C)C)C2)C(C)C,CCN(C(C)C)C(=O)C1=C(C=CC(=C1)F)OC2=C(N=CN=N2)N3CCC4(C3)CN(C4)[C@H](CCCN(C)[C@H](CO)COC)C(C)C,CCN(C(=O)c1cc(F)ccc1Oc1nncnc1N1CCC2(C1)CN([C@H](CCCN(C)[C@H](CO)COC)C(C)C)C2)C(C)C,CCN(C(=O)c1cc(F)ccc1Oc1nncnc1N1CCC2(C1)CN([C@H](CCCN(C)[C@H](CO)COC)C(C)C)C2)C(C)C,YOQWWUCULBZDSG-IXCJQBJRSA-N,YOQWWUCULBZDSG-IXCJQBJRSA-N,standardized,0.0,False,2.0,strict_exact,exact_point_estimate,high_potency_<=100nM,True,True,IC50,biochemical_binding,False,0.6679304192513553,0.9170268939915873,0.581632673740387,CCN(C(=O)c1cc(F)ccc1Oc1nncnc1N1CC2(CCN(CC3(SC)CC3)CC2)C1)C(C)C,True,medium
STR-78D6D64DD53A6832B414,IC50,biochemical_binding,1,2,1,2,1,0,0,7.214670164989233,7.214670164989233,7.214670164989233,61.0,61.0,IC50,1,inhibitory_potency,1,biochemical_binding,1,ChEMBL;PubChem,CHEMBL5756211,Menin,2021,=,CN1Cc2ccccc2C(C2CCCC2)(C2CCN(CC3CN(c4ccc(S(C)(=O)=O)cc4)C3)CC2)C1,CN1Cc2ccccc2C(C2CCCC2)(C2CCN(CC3CN(c4ccc(S(C)(=O)=O)cc4)C3)CC2)C1,CN1Cc2ccccc2C(C2CCCC2)(C2CCN(CC3CN(c4ccc(S(C)(=O)=O)cc4)C3)CC2)C1,CN1Cc2ccccc2C(C2CCCC2)(C2CCN(CC3CN(c4ccc(S(C)(=O)=O)cc4)C3)CC2)C1,KIVOYWINAGCDCG-UHFFFAOYSA-N,KIVOYWINAGCDCG-UHFFFAOYSA-N,standardized,0.0,False,2.0,strict_exact,exact_point_estimate,high_potency_<=100nM,True,True,IC50,biochemical_binding,False,0.9273772050653466,0.37563604726613015,0.2777777910232544,CS(=O)(=O)c1ccc(CCN2CCN(CCc3ccc([N+](=O)[O-])cc3)CC2)cc1,True,high
STR-EC9D5328307E3ED96B61,IC50,biochemical_binding,1,2,1,2,1,0,0,7.214670164989233,7.214670164989233,7.214670164989233,61.0,61.0,IC50,1,inhibitory_potency,1,biochemical_binding,1,ChEMBL;PubChem,CHEMBL5774620,Menin,2021,=,N#Cc1ccc(OCCCN2CCC(C3(C4CCCC4)CNCc4ccccc43)CC2)cc1,N#Cc1ccc(OCCCN2CCC(C3(C4CCCC4)CNCc4ccccc43)CC2)cc1,N#Cc1ccc(OCCCN2CCC(C3(C4CCCC4)CNCc4ccccc43)CC2)cc1,N#Cc1ccc(OCCCN2CCC(C3(C4CCCC4)CNCc4ccccc43)CC2)cc1,LYRJXVTYMMUZBH-UHFFFAOYSA-N,LYRJXVTYMMUZBH-UHFFFAOYSA-N,standardized,0.0,False,2.0,strict_exact,exact_point_estimate,high_potency_<=100nM,True,True,IC50,biochemical_binding,False,0.9658286753391694,0.21489765131558564,0.380952388048172,c1cc(C2CCCCC2)ccc1OCCCN1CCCCC1,True,high
STR-913F46730FAF3C502A72,IC50,biochemical_binding,1,2,1,2,1,0,0,7.207608310501746,7.207608310501746,7.207608310501746,62.0,62.0,IC50,1,inhibitory_potency,1,biochemical_binding,1,ChEMBL;PubChem,CHEMBL5861013,Menin,2021,=,CNC(=O)O[C@@H]1CCC[C@H]1[C@@](C#N)(c1ccccc1)C1CCN(CC2CN(c3ccc(S(=O)(=O)c4ccncc4)cc3)C2)CC1,CNC(=O)O[C@@H]1CCC[C@H]1[C@@](C#N)(c1ccccc1)C1CCN(CC2CN(c3ccc(S(=O)(=O)c4ccncc4)cc3)C2)CC1,CNC(=O)O[C@@H]1CCC[C@H]1[C@@](C#N)(c1ccccc1)C1CCN(CC2CN(c3ccc(S(=O)(=O)c4ccncc4)cc3)C2)CC1,CNC(=O)O[C@@H]1CCC[C@H]1[C@@](C#N)(c1ccccc1)C1CCN(CC2CN(c3ccc(S(=O)(=O)c4ccncc4)cc3)C2)CC1,GWDOGFQBFWTQSO-POYCELQWSA-N,GWDOGFQBFWTQSO-POYCELQWSA-N,standardized,0.0,False,2.0,strict_exact,exact_point_estimate,high_potency_<=100nM,True,True,IC50,biochemical_binding,False,0.9072128848612783,0.44570505267741034,0.2604166567325592,O=C(O)c1ccc(N2CCC(CN3CCC(Oc4ccc(Cl)c(Cl)c4)CC3)CC2)cc1,True,high
STR-BB5DA7F787A2FB885A08,IC50,biochemical_binding,1,1,0,1,1,0,0,7.207608310501746,7.207608310501746,7.207608310501746,62.0,62.0,IC50,1,inhibitory_potency,1,biochemical_binding,1,PubChem,156532045,Menin,2026,=,CCN(C(=O)c1cc(F)ccc1Oc1nncnc1N1CCC2(C1)CN([C@H](CCCN(C)C[C@@H](COC)OC)C(C)C)C2)C(C)C,CCN(C(C)C)C(=O)C1=C(C=CC(=C1)F)OC2=C(N=CN=N2)N3CCC4(C3)CN(C4)[C@H](CCCN(C)C[C@@H](COC)OC)C(C)C,CCN(C(=O)c1cc(F)ccc1Oc1nncnc1N1CCC2(C1)CN([C@H](CCCN(C)C[C@@H](COC)OC)C(C)C)C2)C(C)C,CCN(C(=O)c1cc(F)ccc1Oc1nncnc1N1CCC2(C1)CN([C@H](CCCN(C)C[C@@H](COC)OC)C(C)C)C2)C(C)C,MTSJANLOLAEYMN-LMSSTIIKSA-N,MTSJANLOLAEYMN-LMSSTIIKSA-N,standardized,0.0,False,2.0,strict_exact,exact_point_estimate,high_potency_<=100nM,True,True,IC50,biochemical_binding,False,0.6523728047161239,0.9319310688262603,0.5699999928474426,CCN(C(=O)c1cc(F)ccc1Oc1nncnc1N1CC2(CCN(CC3(SC)CC3)CC2)C1)C(C)C,True,medium
STR-2C30E7D0A7F4E210317C,IC50,biochemical_binding,1,1,0,1,1,0,0,7.200659450546418,7.200659450546418,7.200659450546418,63.0,63.0,IC50,1,inhibitory_potency,1,biochemical_binding,1,PubChem,156498042,Menin,2026,=,CCN(C(=O)c1cc(F)ccc1Oc1nncnc1N1CCC2(C1)CN([C@H](CCCN(C)CCC(=O)N(C)C)C(C)C)C2)C(C)C,CCN(C(C)C)C(=O)C1=C(C=CC(=C1)F)OC2=C(N=CN=N2)N3CCC4(C3)CN(C4)[C@H](CCCN(C)CCC(=O)N(C)C)C(C)C,CCN(C(=O)c1cc(F)ccc1Oc1nncnc1N1CCC2(C1)CN([C@H](CCCN(C)CCC(=O)N(C)C)C(C)C)C2)C(C)C,CCN(C(=O)c1cc(F)ccc1Oc1nncnc1N1CCC2(C1)CN([C@H](CCCN(C)CCC(=O)N(C)C)C(C)C)C2)C(C)C,JXDWAAGHABFRSZ-MUUNZHRXSA-N,JXDWAAGHABFRSZ-MUUNZHRXSA-N,standardized,0.0,False,2.0,strict_exact,exact_point_estimate,high_potency_<=100nM,True,True,IC50,biochemical_binding,False,0.6852131227243773,0.8986220274263548,0.59375,CCN(C(=O)c1cc(F)ccc1Oc1nncnc1N1CC2(CCN(CC3(SC)CC3)CC2)C1)C(C)C,True,medium
STR-9C7406FBB59A2F2C8D9C,IC50,biochemical_binding,1,2,1,2,1,0,0,7.200659450546418,7.200659450546418,7.200659450546418,63.0,63.0,IC50,1,inhibitory_potency,1,biochemical_binding,1,ChEMBL;PubChem,CHEMBL5889988,Menin,2021,=,CNC(=O)O[C@H]1CCC[C@@H]1C(CN1CCCC1)(c1ccccc1)C1CCN(CC2CN(c3ccc(S(=O)(=O)c4ccccc4)cc3)C2)CC1,CNC(=O)O[C@H]1CCC[C@@H]1C(CN1CCCC1)(c1ccccc1)C1CCN(CC2CN(c3ccc(S(=O)(=O)c4ccccc4)cc3)C2)CC1,CNC(=O)O[C@H]1CCC[C@@H]1C(CN1CCCC1)(c1ccccc1)C1CCN(CC2CN(c3ccc(S(=O)(=O)c4ccccc4)cc3)C2)CC1,CNC(=O)O[C@H]1CCC[C@@H]1C(CN1CCCC1)(c1ccccc1)C1CCN(CC2CN(c3ccc(S(=O)(=O)c4ccccc4)cc3)C2)CC1,XGFRLKILDHBJKF-CVSIUOJSSA-N,XGFRLKILDHBJKF-CVSIUOJSSA-N,standardized,0.0,False,2.0,strict_exact,exact_point_estimate,high_potency_<=100nM,True,True,IC50,biochemical_binding,False,0.9036822503226382,0.45721325316399253,0.2637362778186798,O=C(O)c1ccc(N2CCC(CN3CCC(Oc4ccc(Cl)c(Cl)c4)CC3)CC2)cc1,True,high
STR-D778F7E0C069C7D2FAAC,IC50,biochemical_binding,1,1,0,1,1,0,0,7.200659450546418,7.200659450546418,7.200659450546418,63.0,63.0,IC50,1,inhibitory_potency,1,biochemical_binding,1,ChEMBL,CHEMBL4210221,Menin,2018,=,Cc1c(CN2CCC(Nc3ncnc4sc(CC(F)(F)F)cc34)CC2)ccc2c1cc(C#N)n2CCC1CCN(C=O)CC1,Cc1c(CN2CCC(Nc3ncnc4sc(CC(F)(F)F)cc34)CC2)ccc2c1cc(C#N)n2CCC1CCN(C=O)CC1,Cc1c(CN2CCC(Nc3ncnc4sc(CC(F)(F)F)cc34)CC2)ccc2c1cc(C#N)n2CCC1CCN(C=O)CC1,Cc1c(CN2CCC(Nc3ncnc4sc(CC(F)(F)F)cc34)CC2)ccc2c1cc(C#N)n2CCC1CCN(C=O)CC1,UEZIPHUTYUNILO-UHFFFAOYSA-N,UEZIPHUTYUNILO-UHFFFAOYSA-N,standardized,0.0,False,2.0,strict_exact,exact_point_estimate,high_potency_<=100nM,True,True,IC50,biochemical_binding,False,0.943501357386629,0.31338609934275125,0.31192660331726074,O=c1nc(NC2CCN(Cc3ccc4c(c3)OCO4)CC2)c2cc(Cl)ccc2n1CC(F)(F)F,True,high
STR-CF5201A5F0C9949F8EED,IC50,biochemical_binding,1,1,0,1,1,0,0,7.198596289982645,7.198596289982645,7.198596289982645,63.3,63.3,IC50,1,inhibitory_potency,1,biochemical_binding,1,ChEMBL,CHEMBL2314830,Menin,2013,=,CC(=O)N[C@@H](CCCNC(=N)N)C(=O)N[C@@H](Cc1c[nH]c2ccccc12)C(=O)N[C@H]1CCCCCCNC(=O)[C@@H]2CCCN2C(=O)[C@H](CCCNC(=N)N)NC(=O)[C@H](C)NC(=O)[C@@H]2CCCN2C(=O)[C@H](Cc2ccccc2)NC1=O,CC(=O)N[C@@H](CCCNC(=N)N)C(=O)N[C@@H](Cc1c[nH]c2ccccc12)C(=O)N[C@H]1CCCCCCNC(=O)[C@@H]2CCCN2C(=O)[C@H](CCCNC(=N)N)NC(=O)[C@H](C)NC(=O)[C@@H]2CCCN2C(=O)[C@H](Cc2ccccc2)NC1=O,CC(=O)N[C@@H](CCCNC(=N)N)C(=O)N[C@@H](Cc1c[nH]c2ccccc12)C(=O)N[C@H]1CCCCCCNC(=O)[C@@H]2CCCN2C(=O)[C@H](CCCNC(=N)N)NC(=O)[C@H](C)NC(=O)[C@@H]2CCCN2C(=O)[C@H](Cc2ccccc2)NC1=O,CC(=O)N[C@@H](CCCNC(=N)N)C(=O)N[C@@H](Cc1c[nH]c2ccccc12)C(=O)N[C@H]1CCCCCCNC(=O)[C@@H]2CCCN2C(=O)[C@H](CCCNC(=N)N)NC(=O)[C@H](C)NC(=O)[C@@H]2CCCN2C(=O)[C@H](Cc2ccccc2)NC1=O,BYWMMCREGHDVJU-MONHXIESSA-N,BYWMMCREGHDVJU-MONHXIESSA-N,standardized,0.0,False,2.0,strict_exact,exact_point_estimate,high_potency_<=100nM,True,True,IC50,biochemical_binding,False,0.8445570251062202,0.6232953773206366,0.4590163826942444,CC(C)C[C@@H]1NC(=O)CNC(=O)[C@H](CCC(=O)O)NC(=O)[C@@H]2CSSC[C@H](NC(=O)[C@@H](N)Cc3ccc(O)cc3)C(=O)N[C@@H](CCC(N)=O)C(=O)N[C@@H](CCCCN)C(=O)N[C@@H](Cc3ccccc3)C(=O)N[C@@H](CC(C)C)C(=O)N[C@@H](C)C(=O)N3CCC[C@H]3C(=O)N[C@H]3CSSC[C@H](NC(=O)[C@H](C(C)C)NC1=O)C(=O)N[C@@H](CCCNC(=N)N)C(=O)N[C@@H](CC(C)C)C(=O)N[C@@H](Cc1c[nH]c4ccccc14)C(=O)N[C@H](C(=O)N[C@@H](CCCCN)C(=O)N[C@@H](CCCCN)C(=O)N[C@@H](CCCCN)C(=O)N[C@@H](CC(C)C)C(=O)N[C@@H](Cc1c[nH]c4ccccc14)C(N)=O)CSSC[C@H](NC(=O)[C@H](CCCCN)NC(=O)[C@H](CCCNC(=N)N)NC(=O)[C@H](CCC(=O)O)NC(=O)[C@H](CO)NC(=O)[C@H](CC(=O)O)NC3=O)C(=O)N2,True,high
STR-00A2ED8561E7DE80CF5F,IC50,biochemical_binding,1,1,0,1,1,0,0,7.187086643357144,7.187086643357144,7.187086643357144,65.0,65.0,IC50,1,inhibitory_potency,1,biochemical_binding,1,PubChem,156532023,Menin,2026,=,CCN(C(=O)c1cc(F)ccc1Oc1nncnc1N1CCC2(C1)CN([C@H](CCCN(C)C(C)C)C(C)C)C2)C(C)C,CCN(C(C)C)C(=O)C1=C(C=CC(=C1)F)OC2=C(N=CN=N2)N3CCC4(C3)CN(C4)[C@H](CCCN(C)C(C)C)C(C)C,CCN(C(=O)c1cc(F)ccc1Oc1nncnc1N1CCC2(C1)CN([C@H](CCCN(C)C(C)C)C(C)C)C2)C(C)C,CCN(C(=O)c1cc(F)ccc1Oc1nncnc1N1CCC2(C1)CN([C@H](CCCN(C)C(C)C)C(C)C)C2)C(C)C,LOLWSLIKQBDZNW-HHHXNRCGSA-N,LOLWSLIKQBDZNW-HHHXNRCGSA-N,standardized,0.0,False,2.0,strict_exact,exact_point_estimate,high_potency_<=100nM,True,True,IC50,biochemical_binding,False,0.6575907567380883,0.9271055476890864,0.6333333253860474,CCN(C(=O)c1cc(F)ccc1Oc1nncnc1N1CC2(CCN(CC3(SC)CC3)CC2)C1)C(C)C,True,medium
STR-4963BC6466091AE476AA,IC50,biochemical_binding,1,2,1,2,1,0,0,7.187086643357144,7.187086643357144,7.187086643357144,65.0,65.0,IC50,1,inhibitory_potency,1,biochemical_binding,1,ChEMBL;PubChem,CHEMBL5851370,Menin,2021,=,CN1COCN([C@H]2CCC[C@@H]2C(C#N)(c2ccccc2)C2CCN(CC3CN(c4ccc(S(=O)(=O)c5ccncc5)cc4)C3)CC2)C1=O,CN1COCN([C@H]2CCC[C@@H]2C(C#N)(c2ccccc2)C2CCN(CC3CN(c4ccc(S(=O)(=O)c5ccncc5)cc4)C3)CC2)C1=O,CN1COCN([C@H]2CCC[C@@H]2C(C#N)(c2ccccc2)C2CCN(CC3CN(c4ccc(S(=O)(=O)c5ccncc5)cc4)C3)CC2)C1=O,CN1COCN([C@H]2CCC[C@@H]2C(C#N)(c2ccccc2)C2CCN(CC3CN(c4ccc(S(=O)(=O)c5ccncc5)cc4)C3)CC2)C1=O,UREBWGOENTXZBD-FWBANIIHSA-N,UREBWGOENTXZBD-FWBANIIHSA-N,standardized,0.0,False,2.0,strict_exact,exact_point_estimate,high_potency_<=100nM,True,True,IC50,biochemical_binding,False,0.90971635804102,0.43741586901624663,0.2574257552623749,CCN1C(=O)N(c2ccc(C(F)(F)F)cc2)C(=O)C12CCN(CC1CCOCC1)CC2,True,high
STR-FF8C3D50A964C03AC597,IC50,biochemical_binding,1,1,0,1,1,0,0,7.187086643357144,7.187086643357144,7.187086643357144,65.0,65.0,IC50,1,inhibitory_potency,1,biochemical_binding,1,ChEMBL,CHEMBL3613789,Menin,2015,=,CC1(C)CN=C(N2CCN(c3ncnc4sc(CC(F)F)cc34)CC2)S1,CC1(C)CN=C(N2CCN(c3ncnc4sc(CC(F)F)cc34)CC2)S1,CC1(C)CN=C(N2CCN(c3ncnc4sc(CC(F)F)cc34)CC2)S1,CC1(C)CN=C(N2CCN(c3ncnc4sc(CC(F)F)cc34)CC2)S1,CCXCUJOBJWILJV-UHFFFAOYSA-N,CCXCUJOBJWILJV-UHFFFAOYSA-N,standardized,0.0,False,2.0,strict_exact,exact_point_estimate,high_potency_<=100nM,True,True,IC50,biochemical_binding,False,0.876150987737086,0.5403244519045216,0.22093023359775543,CCC(NC(=O)C1(N)CCN(c2ncnc3[nH]ccc23)CC1)c1ccc(Cl)cc1,False,high
STR-A3B4307502A8FF889516,IC50,biochemical_binding,1,1,0,1,1,0,0,7.180456064458131,7.180456064458131,7.180456064458131,66.0,66.0,IC50,1,inhibitory_potency,1,biochemical_binding,1,PubChem,156498052,Menin,2026,=,CCN(C(=O)c1cc(F)ccc1Oc1nncnc1N1CCC2(C1)CN([C@H](CCC(C)N(C)CCOC)C(C)C)C2)C(C)C,CCN(C(C)C)C(=O)C1=C(C=CC(=C1)F)OC2=C(N=CN=N2)N3CCC4(C3)CN(C4)[C@H](CCC(C)N(C)CCOC)C(C)C,CCN(C(=O)c1cc(F)ccc1Oc1nncnc1N1CCC2(C1)CN([C@H](CCC(C)N(C)CCOC)C(C)C)C2)C(C)C,CCN(C(=O)c1cc(F)ccc1Oc1nncnc1N1CCC2(C1)CN([C@H](CCC(C)N(C)CCOC)C(C)C)C2)C(C)C,HLTONXJONDUJCT-MPSNESSQSA-N,HLTONXJONDUJCT-MPSNESSQSA-N,standardized,0.0,False,2.0,strict_exact,exact_point_estimate,high_potency_<=100nM,True,True,IC50,biochemical_binding,False,0.6253958368823235,0.9541418024510275,0.6000000238418579,CCN(C(=O)c1cc(F)ccc1Oc1nncnc1N1CC2(CCN(CC3(SC)CC3)CC2)C1)C(C)C,True,medium
STR-E082AD0DE1F3A12CC536,IC50,biochemical_binding,1,2,1,2,1,0,0,7.180456064458131,7.180456064458131,7.180456064458131,66.0,66.0,IC50,1,inhibitory_potency,1,biochemical_binding,1,ChEMBL;PubChem,CHEMBL6027587,Menin,2021,=,CC(=O)O[C@H]1CCC[C@@H]1C(C#N)(c1ccccc1F)C1CCN(CCCOc2ccc(C#N)cc2)CC1,CC(=O)O[C@H]1CCC[C@@H]1C(C#N)(c1ccccc1F)C1CCN(CCCOc2ccc(C#N)cc2)CC1,CC(=O)O[C@H]1CCC[C@@H]1C(C#N)(c1ccccc1F)C1CCN(CCCOc2ccc(C#N)cc2)CC1,CC(=O)O[C@H]1CCC[C@@H]1C(C#N)(c1ccccc1F)C1CCN(CCCOc2ccc(C#N)cc2)CC1,CJQQTVQISYHBBS-CVYBXRIJSA-N,CJQQTVQISYHBBS-CVYBXRIJSA-N,standardized,0.0,False,2.0,strict_exact,exact_point_estimate,high_potency_<=100nM,True,True,IC50,biochemical_binding,False,0.9245453719771382,0.38595719413367785,0.3815789520740509,OC(c1ccccc1)(c1ccccc1)C1CCN(CCCOc2ccc(-c3ccccc3)cc2)CC1,True,high
STR-0FC172F4903F344CAD3C,IC50,biochemical_binding,1,2,1,2,1,0,0,7.173925197299173,7.173925197299173,7.173925197299173,67.0,67.0,IC50,1,inhibitory_potency,1,biochemical_binding,1,ChEMBL;PubChem,CHEMBL4467100,Menin,2019,=,CC(C)S(=O)(=O)c1ccc(N2CC(CN3CCC(C4(C5CCCC5)NCCc5ccccc54)CC3)C2)cc1,CC(C)S(=O)(=O)c1ccc(N2CC(CN3CCC(C4(C5CCCC5)NCCc5ccccc54)CC3)C2)cc1,CC(C)S(=O)(=O)c1ccc(N2CC(CN3CCC(C4(C5CCCC5)NCCc5ccccc54)CC3)C2)cc1,CC(C)S(=O)(=O)c1ccc(N2CC(CN3CCC(C4(C5CCCC5)NCCc5ccccc54)CC3)C2)cc1,WQJJCYKNSAPEIG-UHFFFAOYSA-N,WQJJCYKNSAPEIG-UHFFFAOYSA-N,standardized,0.0,False,2.0,strict_exact,exact_point_estimate,high_potency_<=100nM,True,True,IC50,biochemical_binding,False,0.9407378763899225,0.3245088351216197,0.261904776096344,CC(=O)N1Cc2ccccc2CC1CN1CCC2(CCc3ccccc32)CC1,True,high
STR-B42C6A96CD90C7D4D5BD,IC50,biochemical_binding,1,1,0,1,1,0,0,7.173925197299173,7.173925197299173,7.173925197299173,67.0,67.0,IC50,1,inhibitory_potency,1,biochemical_binding,1,PubChem,156531430,Menin,2026,=,CCN(C(=O)c1cc(F)ccc1Oc1nncnc1N1CCC2(C1)CN([C@H](CCC(C)(C)N)C(C)C)C2)C(C)C,CCN(C(C)C)C(=O)C1=C(C=CC(=C1)F)OC2=C(N=CN=N2)N3CCC4(C3)CN(C4)[C@H](CCC(C)(C)N)C(C)C,CCN(C(=O)c1cc(F)ccc1Oc1nncnc1N1CCC2(C1)CN([C@H](CCC(C)(C)N)C(C)C)C2)C(C)C,CCN(C(=O)c1cc(F)ccc1Oc1nncnc1N1CCC2(C1)CN([C@H](CCC(C)(C)N)C(C)C)C2)C(C)C,SYOJWXRBJAMSKA-XMMPIXPASA-N,SYOJWXRBJAMSKA-XMMPIXPASA-N,standardized,0.0,False,2.0,strict_exact,exact_point_estimate,high_potency_<=100nM,True,True,IC50,biochemical_binding,False,0.6434722557751594,0.9397631557453141,0.6263736486434937,CCN(C(=O)c1cc(F)ccc1Oc1nncnc1N1CC2(CCN(CC3(SC)CC3)CC2)C1)C(C)C,True,medium
STR-CBD434F7064DC5235A11,IC50,biochemical_binding,1,1,0,1,1,0,0,7.173925197299173,7.173925197299173,7.173925197299173,67.0,67.0,IC50,1,inhibitory_potency,1,biochemical_binding,1,PubChem,178185575,Menin,2026,=,COCCCNCCC[C@H](C(C)C)N1CC2(CCN(C3=CN(Oc4ccc(F)cc4C(=O)N(C[13CH3])CC[13CH3])NC=N3)C2)C1,CC(C)[C@@H](CCCNCCCOC)N1CC2(C1)CCN(C2)C3=CN(NC=N3)OC4=C(C=C(C=C4)F)C(=O)N(C[13CH3])CC[13CH3],COCCCNCCC[C@H](C(C)C)N1CC2(CCN(C3=CN(Oc4ccc(F)cc4C(=O)N(C[13CH3])CC[13CH3])NC=N3)C2)C1,COCCCNCCC[C@H](C(C)C)N1CC2(CCN(C3=CN(Oc4ccc(F)cc4C(=O)N(C[13CH3])CC[13CH3])NC=N3)C2)C1,KYEUOICMTWUEDN-SNTPHQNISA-N,KYEUOICMTWUEDN-SNTPHQNISA-N,standardized,0.0,False,2.0,strict_exact,exact_point_estimate,high_potency_<=100nM,True,True,IC50,biochemical_binding,False,0.8825610601624678,0.521954094275042,0.3513513505458832,CCN(C(=O)c1cc(F)ccc1Oc1cncnc1N1CC2(CCN(CC(C)(C)C)CC2)C1)C(C)C,True,high
STR-1380FDB405A07D2654DB,IC50,biochemical_binding,1,2,1,2,1,0,0,7.167491087293763,7.167491087293763,7.167491087293763,68.0,68.0,IC50,1,inhibitory_potency,1,biochemical_binding,1,ChEMBL;PubChem,CHEMBL5983137,Menin,2021,=,CNC(=O)O[C@H]1CCC[C@@H]1C(C#N)(c1ccccc1)C1CCN(CC2(F)CN(c3ccc(S(=O)(=O)c4cnn(C)c4)cc3)C2)CC1,CNC(=O)O[C@H]1CCC[C@@H]1C(C#N)(c1ccccc1)C1CCN(CC2(F)CN(c3ccc(S(=O)(=O)c4cnn(C)c4)cc3)C2)CC1,CNC(=O)O[C@H]1CCC[C@@H]1C(C#N)(c1ccccc1)C1CCN(CC2(F)CN(c3ccc(S(=O)(=O)c4cnn(C)c4)cc3)C2)CC1,CNC(=O)O[C@H]1CCC[C@@H]1C(C#N)(c1ccccc1)C1CCN(CC2(F)CN(c3ccc(S(=O)(=O)c4cnn(C)c4)cc3)C2)CC1,RZWRMCFYZPLCHI-FVVNGJPMSA-N,RZWRMCFYZPLCHI-FVVNGJPMSA-N,standardized,0.0,False,2.0,strict_exact,exact_point_estimate,high_potency_<=100nM,True,True,IC50,biochemical_binding,False,0.7916473352254952,0.7383220968534929,0.24561403691768646,O=C(NC1CCN(Cc2ccn(-c3ccc(C(F)(F)F)cc3)c2)CC1)N1CCn2cccc2C1c1ccccc1,True,high
STR-AD791DBCBA03342A8D18,IC50,biochemical_binding,1,2,1,2,1,0,0,7.167491087293763,7.167491087293763,7.167491087293763,68.0,68.0,IC50,1,inhibitory_potency,1,biochemical_binding,1,ChEMBL;PubChem,CHEMBL5844945,Menin,2021,=,CNC(=O)O[C@@H]1CCC[C@H]1C(C#N)(c1ccccc1)C1CCN(CC2CN(c3ccc(S(=O)(=O)c4ccn(C)n4)cc3)C2)CC1,CNC(=O)O[C@@H]1CCC[C@H]1C(C#N)(c1ccccc1)C1CCN(CC2CN(c3ccc(S(=O)(=O)c4ccn(C)n4)cc3)C2)CC1,CNC(=O)O[C@@H]1CCC[C@H]1C(C#N)(c1ccccc1)C1CCN(CC2CN(c3ccc(S(=O)(=O)c4ccn(C)n4)cc3)C2)CC1,CNC(=O)O[C@@H]1CCC[C@H]1C(C#N)(c1ccccc1)C1CCN(CC2CN(c3ccc(S(=O)(=O)c4ccn(C)n4)cc3)C2)CC1,XGDPJMZKJSYGJF-INJIGVFBSA-N,XGDPJMZKJSYGJF-INJIGVFBSA-N,standardized,0.0,False,2.0,strict_exact,exact_point_estimate,high_potency_<=100nM,True,True,IC50,biochemical_binding,False,0.8689052574858317,0.5604328949403595,0.2525252401828766,O=C(O)c1ccc(N2CCC(CN3CCC(Oc4ccc(Cl)c(Cl)c4)CC3)CC2)cc1,True,high
STR-BA4B8BF78E2F3EDB8F63,IC50,biochemical_binding,1,1,0,1,1,0,0,7.167491087293763,7.167491087293763,7.167491087293763,68.0,68.0,IC50,1,inhibitory_potency,1,biochemical_binding,1,PubChem,156531610,Menin,2026,=,CCN(C(=O)c1cc(F)ccc1Oc1nncnc1N1CCC2(C1)CN([C@H](CCNCCC(N)=O)C(C)C)C2)C(C)C,CCN(C(C)C)C(=O)C1=C(C=CC(=C1)F)OC2=C(N=CN=N2)N3CCC4(C3)CN(C4)[C@H](CCNCCC(=O)N)C(C)C,CCN(C(=O)c1cc(F)ccc1Oc1nncnc1N1CCC2(C1)CN([C@H](CCNCCC(N)=O)C(C)C)C2)C(C)C,CCN(C(=O)c1cc(F)ccc1Oc1nncnc1N1CCC2(C1)CN([C@H](CCNCCC(N)=O)C(C)C)C2)C(C)C,GSVGFVABARFWQC-XMMPIXPASA-N,GSVGFVABARFWQC-XMMPIXPASA-N,standardized,0.0,False,2.0,strict_exact,exact_point_estimate,high_potency_<=100nM,True,True,IC50,biochemical_binding,False,0.6423956853339413,0.9406766043115428,0.6063829660415649,CCN(C(=O)c1cc(F)ccc1Oc1nncnc1N1CC2(CCN(CC3(SC)CC3)CC2)C1)C(C)C,True,medium
STR-E3B8278C7728D509C360,IC50,biochemical_binding,1,1,0,1,1,0,0,7.154901959985743,7.154901959985743,7.154901959985743,70.0,70.0,IC50,1,inhibitory_potency,1,biochemical_binding,1,PubChem,156531773,Menin,2026,=,CC(C)[C@@H](CCCN(C)CCC(=O)N(C)C)N1CC2(CCN(c3ncnnc3Oc3ccc(F)cc3C(=O)N(C(C)C)C(C)C)C2)C1,CC(C)[C@@H](CCCN(C)CCC(=O)N(C)C)N1CC2(C1)CCN(C2)C3=C(N=NC=N3)OC4=C(C=C(C=C4)F)C(=O)N(C(C)C)C(C)C,CC(C)[C@@H](CCCN(C)CCC(=O)N(C)C)N1CC2(CCN(c3ncnnc3Oc3ccc(F)cc3C(=O)N(C(C)C)C(C)C)C2)C1,CC(C)[C@@H](CCCN(C)CCC(=O)N(C)C)N1CC2(CCN(c3ncnnc3Oc3ccc(F)cc3C(=O)N(C(C)C)C(C)C)C2)C1,QBAAZHFEOGJQPO-GDLZYMKVSA-N,QBAAZHFEOGJQPO-GDLZYMKVSA-N,standardized,0.0,False,2.0,strict_exact,exact_point_estimate,high_potency_<=100nM,True,True,IC50,biochemical_binding,False,0.7064744912610172,0.8732319383259095,0.5,CCN(C(=O)c1cc(F)ccc1Oc1nncnc1N1CC2(CCN(CC3(SC)CC3)CC2)C1)C(C)C,True,high
STR-36584B3033D9C455D195,IC50,biochemical_binding,1,2,1,2,1,0,0,7.1487416512809245,7.1487416512809245,7.1487416512809245,71.0,71.0,IC50,1,inhibitory_potency,1,biochemical_binding,1,ChEMBL;PubChem,CHEMBL4448045,Menin,2019,=,N#Cc1ccc(OCCCN2CCC(C3(C4CCCC4)NCCc4ccccc43)CC2)cc1,N#Cc1ccc(OCCCN2CCC(C3(C4CCCC4)NCCc4ccccc43)CC2)cc1,N#Cc1ccc(OCCCN2CCC(C3(C4CCCC4)NCCc4ccccc43)CC2)cc1,N#Cc1ccc(OCCCN2CCC(C3(C4CCCC4)NCCc4ccccc43)CC2)cc1,IUELPAAABCQQDW-UHFFFAOYSA-N,IUELPAAABCQQDW-UHFFFAOYSA-N,standardized,0.0,False,2.0,strict_exact,exact_point_estimate,high_potency_<=100nM,True,True,IC50,biochemical_binding,False,0.9710093738788641,0.18930436326576103,0.3870967626571655,c1cc(C2CCCCC2)ccc1OCCCN1CCCCC1,True,high
STR-851AFDDDDD073021FE40,IC50,biochemical_binding,1,1,0,1,1,0,0,7.1487416512809245,7.1487416512809245,7.1487416512809245,71.0,71.0,IC50,1,inhibitory_potency,1,biochemical_binding,1,PubChem,156498059,Menin,2026,=,CCN(C(=O)c1cc(F)ccc1Oc1nncnc1N1CCC2(C1)CN([C@H](CCCN(C)CCCOC)C(C)C)C2)C(C)C,CCN(C(C)C)C(=O)C1=C(C=CC(=C1)F)OC2=C(N=CN=N2)N3CCC4(C3)CN(C4)[C@H](CCCN(C)CCCOC)C(C)C,CCN(C(=O)c1cc(F)ccc1Oc1nncnc1N1CCC2(C1)CN([C@H](CCCN(C)CCCOC)C(C)C)C2)C(C)C,CCN(C(=O)c1cc(F)ccc1Oc1nncnc1N1CCC2(C1)CN([C@H](CCCN(C)CCCOC)C(C)C)C2)C(C)C,JILLYXBLGXBWJK-MUUNZHRXSA-N,JILLYXBLGXBWJK-MUUNZHRXSA-N,standardized,0.0,False,2.0,strict_exact,exact_point_estimate,high_potency_<=100nM,True,True,IC50,biochemical_binding,False,0.719677457677719,0.8558899249213264,0.6000000238418579,CCN(C(=O)c1cc(F)ccc1Oc1nncnc1N1CC2(CCN(CC3(SC)CC3)CC2)C1)C(C)C,True,high
STR-9D7B1984B46AE21DD5AC,IC50,biochemical_binding,1,1,0,1,1,0,0,7.1487416512809245,7.1487416512809245,7.1487416512809245,71.0,71.0,IC50,1,inhibitory_potency,1,biochemical_binding,1,ChEMBL,CHEMBL4213149,Menin,2018,=,Cc1c(CN2CCC(Nc3ncnc4sc(CC(F)(F)F)cc34)CC2)ccc2c1cc(C#N)n2CCN1CCN(S(=O)(=O)C(F)(F)F)CC1,Cc1c(CN2CCC(Nc3ncnc4sc(CC(F)(F)F)cc34)CC2)ccc2c1cc(C#N)n2CCN1CCN(S(=O)(=O)C(F)(F)F)CC1,Cc1c(CN2CCC(Nc3ncnc4sc(CC(F)(F)F)cc34)CC2)ccc2c1cc(C#N)n2CCN1CCN(S(=O)(=O)C(F)(F)F)CC1,Cc1c(CN2CCC(Nc3ncnc4sc(CC(F)(F)F)cc34)CC2)ccc2c1cc(C#N)n2CCN1CCN(S(=O)(=O)C(F)(F)F)CC1,IZBZVYNURRQABH-UHFFFAOYSA-N,IZBZVYNURRQABH-UHFFFAOYSA-N,standardized,0.0,False,2.0,strict_exact,exact_point_estimate,high_potency_<=100nM,True,True,IC50,biochemical_binding,False,0.9159108872831638,0.41642603823707436,0.3181818127632141,O=c1nc(NC2CCN(Cc3ccc4c(c3)OCO4)CC2)c2cc(Cl)ccc2n1CC(F)(F)F,True,high
STR-6B28BBE0B01A6E185ED9,IC50,biochemical_binding,1,2,1,2,1,0,0,7.136677139879544,7.136677139879544,7.136677139879544,73.0,73.0,IC50,1,inhibitory_potency,1,biochemical_binding,1,ChEMBL;PubChem,CHEMBL5969278,Menin,2021,=,CC(=O)O[C@H]1CCC[C@@H]1C(C#N)(c1ccccc1)C1CCN(CC2CN(c3ccc(S(C)(=O)=O)cc3)C2)CC1,CC(=O)O[C@H]1CCC[C@@H]1C(C#N)(c1ccccc1)C1CCN(CC2CN(c3ccc(S(C)(=O)=O)cc3)C2)CC1,CC(=O)O[C@H]1CCC[C@@H]1C(C#N)(c1ccccc1)C1CCN(CC2CN(c3ccc(S(C)(=O)=O)cc3)C2)CC1,CC(=O)O[C@H]1CCC[C@@H]1C(C#N)(c1ccccc1)C1CCN(CC2CN(c3ccc(S(C)(=O)=O)cc3)C2)CC1,SDSJQZYQLKUFBE-XPZBDPFPSA-N,SDSJQZYQLKUFBE-XPZBDPFPSA-N,standardized,0.0,False,2.0,strict_exact,exact_point_estimate,high_potency_<=100nM,True,True,IC50,biochemical_binding,False,0.908498454667329,0.44146202023159586,0.29885056614875793,CN(C(=O)Cc1ccc(S(C)(=O)=O)cc1)C1CCN(Cc2ccc(C(F)(F)F)cc2)CC1,True,high
STR-AA73D88E6A8F8A2C3D26,IC50,biochemical_binding,1,2,1,2,1,0,0,7.136677139879544,7.136677139879544,7.136677139879544,73.0,73.0,IC50,1,inhibitory_potency,1,biochemical_binding,1,ChEMBL;PubChem,CHEMBL5752186,Menin,2021,=,N#Cc1ccc(N2CC(CN3CCC(C4(C5CCCC5)NCCc5ccccc54)CC3)C2)c(Cl)c1,N#Cc1ccc(N2CC(CN3CCC(C4(C5CCCC5)NCCc5ccccc54)CC3)C2)c(Cl)c1,N#Cc1ccc(N2CC(CN3CCC(C4(C5CCCC5)NCCc5ccccc54)CC3)C2)c(Cl)c1,N#Cc1ccc(N2CC(CN3CCC(C4(C5CCCC5)NCCc5ccccc54)CC3)C2)c(Cl)c1,MCMNAPNLRSJPOP-UHFFFAOYSA-N,MCMNAPNLRSJPOP-UHFFFAOYSA-N,standardized,0.0,False,2.0,strict_exact,exact_point_estimate,high_potency_<=100nM,True,True,IC50,biochemical_binding,False,0.9614622581449804,0.23554714622540573,0.28421053290367126,CC1(C)c2cc(C3CCN(CC4CCOCC4)CC3)ccc2C(=O)c2c1[nH]c1cc(C#N)ccc21,True,high
STR-91DBBE357E18B4934420,IC50,biochemical_binding,1,1,0,1,1,0,0,7.130768280269024,7.130768280269024,7.130768280269024,74.0,74.0,IC50,1,inhibitory_potency,1,biochemical_binding,1,PubChem,156497978,Menin,2026,=,CCN(C(=O)c1cc(F)ccc1Oc1nncnc1N1CCC2(C1)CN([C@H](CCCNCC(OC)OC)C(C)C)C2)C(C)C,CCN(C(C)C)C(=O)C1=C(C=CC(=C1)F)OC2=C(N=CN=N2)N3CCC4(C3)CN(C4)[C@H](CCCNCC(OC)OC)C(C)C,CCN(C(=O)c1cc(F)ccc1Oc1nncnc1N1CCC2(C1)CN([C@H](CCCNCC(OC)OC)C(C)C)C2)C(C)C,CCN(C(=O)c1cc(F)ccc1Oc1nncnc1N1CCC2(C1)CN([C@H](CCCNCC(OC)OC)C(C)C)C2)C(C)C,AQZWMVOSOMUJET-AREMUKBSSA-N,AQZWMVOSOMUJET-AREMUKBSSA-N,standardized,0.0,False,2.0,strict_exact,exact_point_estimate,high_potency_<=100nM,True,True,IC50,biochemical_binding,False,0.6977686962934294,0.8840013502494265,0.5876288414001465,CCN(C(=O)c1cc(F)ccc1Oc1nncnc1N1CC2(CCN(CC3(SC)CC3)CC2)C1)C(C)C,True,medium
STR-6F0B243CDCAB8EEB6068,IC50,biochemical_binding,1,2,1,2,1,0,0,7.1249387366083,7.1249387366083,7.1249387366083,75.0,75.0,IC50,1,inhibitory_potency,1,biochemical_binding,1,ChEMBL;PubChem,CHEMBL5799889,Menin,2021,=,N#CC(c1ccccc1)(C1CCN(CC2CN(c3ccc(S(=O)(=O)c4ccncc4)cc3)C2)CC1)[C@H]1CCC[C@@H]1OC(=O)N1CCC1,N#CC(c1ccccc1)(C1CCN(CC2CN(c3ccc(S(=O)(=O)c4ccncc4)cc3)C2)CC1)[C@H]1CCC[C@@H]1OC(=O)N1CCC1,N#CC(c1ccccc1)(C1CCN(CC2CN(c3ccc(S(=O)(=O)c4ccncc4)cc3)C2)CC1)[C@H]1CCC[C@@H]1OC(=O)N1CCC1,N#CC(c1ccccc1)(C1CCN(CC2CN(c3ccc(S(=O)(=O)c4ccncc4)cc3)C2)CC1)[C@H]1CCC[C@@H]1OC(=O)N1CCC1,NGZLPTJEQODDAQ-FWBANIIHSA-N,NGZLPTJEQODDAQ-FWBANIIHSA-N,standardized,0.0,False,2.0,strict_exact,exact_point_estimate,high_potency_<=100nM,True,True,IC50,biochemical_binding,False,0.9043377261418639,0.45509253634382646,0.2604166567325592,O=C(O)c1ccc(N2CCC(CN3CCC(Oc4ccc(Cl)c(Cl)c4)CC3)CC2)cc1,True,high
STR-A19437D5A9F1DA8A27A8,IC50,biochemical_binding,1,1,0,1,1,0,0,7.1249387366083,7.1249387366083,7.1249387366083,75.0,75.0,IC50,1,inhibitory_potency,1,biochemical_binding,1,ChEMBL,CHEMBL4218982,Menin,2018,=,Cc1c(CN2CCC(Nc3ncnc4sc(CC(F)(F)F)cc34)CC2)ccc2c1cc(C#N)n2CCN1CCN(C(=O)C(F)(F)F)CC1,Cc1c(CN2CCC(Nc3ncnc4sc(CC(F)(F)F)cc34)CC2)ccc2c1cc(C#N)n2CCN1CCN(C(=O)C(F)(F)F)CC1,Cc1c(CN2CCC(Nc3ncnc4sc(CC(F)(F)F)cc34)CC2)ccc2c1cc(C#N)n2CCN1CCN(C(=O)C(F)(F)F)CC1,Cc1c(CN2CCC(Nc3ncnc4sc(CC(F)(F)F)cc34)CC2)ccc2c1cc(C#N)n2CCN1CCN(C(=O)C(F)(F)F)CC1,WHYHGNIYAKPLLC-UHFFFAOYSA-N,WHYHGNIYAKPLLC-UHFFFAOYSA-N,standardized,0.0,False,2.0,strict_exact,exact_point_estimate,high_potency_<=100nM,True,True,IC50,biochemical_binding,False,0.9221334888571684,0.3946167314248331,0.30909091234207153,O=c1nc(NC2CCN(Cc3ccc4c(c3)OCO4)CC2)c2cc(Cl)ccc2n1CC(F)(F)F,True,high
STR-AA28B6BCC5A0854E325E,IC50,biochemical_binding,1,2,1,2,1,0,0,7.1249387366083,7.1249387366083,7.1249387366083,75.0,75.0,IC50,1,inhibitory_potency,1,biochemical_binding,1,ChEMBL;PubChem,CHEMBL5876541,Menin,2021,=,CN(C)S(=O)(=O)c1ccc(N2CC(CN3CCC(C4(C5CCCC5)NCCc5ccccc54)CC3)C2)cc1,CN(C)S(=O)(=O)c1ccc(N2CC(CN3CCC(C4(C5CCCC5)NCCc5ccccc54)CC3)C2)cc1,CN(C)S(=O)(=O)c1ccc(N2CC(CN3CCC(C4(C5CCCC5)NCCc5ccccc54)CC3)C2)cc1,CN(C)S(=O)(=O)c1ccc(N2CC(CN3CCC(C4(C5CCCC5)NCCc5ccccc54)CC3)C2)cc1,NRFMGIDVCITVIL-UHFFFAOYSA-N,NRFMGIDVCITVIL-UHFFFAOYSA-N,standardized,0.0,False,2.0,strict_exact,exact_point_estimate,high_potency_<=100nM,True,True,IC50,biochemical_binding,False,0.9345249127812381,0.34880601667663413,0.27710843086242676,CC(=O)N1Cc2ccccc2CC1CN1CCC2(CCc3ccccc32)CC1,True,high
STR-841FC2EFD5AAF36FB504,IC50,biochemical_binding,2,3,1,2,2,0,0,7.114721262574502,7.173925197299173,7.055517327849831,77.5,67.0,IC50,1,inhibitory_potency,1,biochemical_binding,1,ChEMBL;PubChem,CHEMBL4466955,Menin,2019;2021,=,N#Cc1ccc(N2CCC(CN3CCC(C4(C5CCCC5)NCCc5ccccc54)CC3)C2)cc1,N#Cc1ccc(N2CCC(CN3CCC(C4(C5CCCC5)NCCc5ccccc54)CC3)C2)cc1,N#Cc1ccc(N2CCC(CN3CCC(C4(C5CCCC5)NCCc5ccccc54)CC3)C2)cc1,N#Cc1ccc(N2CCC(CN3CCC(C4(C5CCCC5)NCCc5ccccc54)CC3)C2)cc1,PVXVJMFKKBQPAS-UHFFFAOYSA-N,PVXVJMFKKBQPAS-UHFFFAOYSA-N,standardized,0.1184078694493422,False,2.0,strict_exact,exact_point_estimate,high_potency_<=100nM,True,True,IC50,biochemical_binding,False,0.9570592328663429,0.2556167212710458,0.30666667222976685,N#Cc1ccc(N2CCC3(CCN(CCc4ccccc4)C3)C2)cc1,True,high
STR-148B8C4077863A1C12AD,IC50,biochemical_binding,1,1,0,1,1,0,0,7.113509274827518,7.113509274827518,7.113509274827518,77.0,77.0,IC50,1,inhibitory_potency,1,biochemical_binding,1,PubChem,156531584,Menin,2026,=,CCN(C(=O)c1cc(F)ccc1Oc1nncnc1N1CCC2(C1)CN([C@H](C[C@H](O)CN(C)CCOC)C(C)C)C2)C(C)C,CCN(C(C)C)C(=O)C1=C(C=CC(=C1)F)OC2=C(N=CN=N2)N3CCC4(C3)CN(C4)[C@H](C[C@@H](CN(C)CCOC)O)C(C)C,CCN(C(=O)c1cc(F)ccc1Oc1nncnc1N1CCC2(C1)CN([C@H](C[C@H](O)CN(C)CCOC)C(C)C)C2)C(C)C,CCN(C(=O)c1cc(F)ccc1Oc1nncnc1N1CCC2(C1)CN([C@H](C[C@H](O)CN(C)CCOC)C(C)C)C2)C(C)C,XOMQNBYRAKVRPP-AHKZPQOWSA-N,XOMQNBYRAKVRPP-AHKZPQOWSA-N,standardized,0.0,False,2.0,strict_exact,exact_point_estimate,high_potency_<=100nM,True,True,IC50,biochemical_binding,False,0.6387331028582091,0.9437297863689258,0.5876288414001465,CCN(C(=O)c1cc(F)ccc1Oc1nncnc1N1CC2(CCN(CC3(SC)CC3)CC2)C1)C(C)C,True,medium
STR-94E1D88307C1CEF006D5,IC50,biochemical_binding,1,1,0,1,1,0,0,7.1073489661227,7.1073489661227,7.1073489661227,78.1,78.1,IC50,1,inhibitory_potency,1,biochemical_binding,1,ChEMBL,CHEMBL2314829,Menin,2013,=,CC(=O)N[C@@H](CCCNC(=N)N)C(=O)N[C@@H](Cc1c[nH]c2ccccc12)C(=O)N[C@H]1CCCCCCCCCCNC(=O)[C@@H]2CCCN2C(=O)[C@H](CCCNC(=N)N)NC(=O)[C@H](C)NC(=O)[C@@H]2CCCN2C(=O)[C@H](Cc2ccccc2)NC1=O,CC(=O)N[C@@H](CCCNC(=N)N)C(=O)N[C@@H](Cc1c[nH]c2ccccc12)C(=O)N[C@H]1CCCCCCCCCCNC(=O)[C@@H]2CCCN2C(=O)[C@H](CCCNC(=N)N)NC(=O)[C@H](C)NC(=O)[C@@H]2CCCN2C(=O)[C@H](Cc2ccccc2)NC1=O,CC(=O)N[C@@H](CCCNC(=N)N)C(=O)N[C@@H](Cc1c[nH]c2ccccc12)C(=O)N[C@H]1CCCCCCCCCCNC(=O)[C@@H]2CCCN2C(=O)[C@H](CCCNC(=N)N)NC(=O)[C@H](C)NC(=O)[C@@H]2CCCN2C(=O)[C@H](Cc2ccccc2)NC1=O,CC(=O)N[C@@H](CCCNC(=N)N)C(=O)N[C@@H](Cc1c[nH]c2ccccc12)C(=O)N[C@H]1CCCCCCCCCCNC(=O)[C@@H]2CCCN2C(=O)[C@H](CCCNC(=N)N)NC(=O)[C@H](C)NC(=O)[C@@H]2CCCN2C(=O)[C@H](Cc2ccccc2)NC1=O,YNYJDHTUEKXVJY-HSADOSSNSA-N,YNYJDHTUEKXVJY-HSADOSSNSA-N,standardized,0.0,False,2.0,strict_exact,exact_point_estimate,high_potency_<=100nM,True,True,IC50,biochemical_binding,False,0.840893610374585,0.6321674625976699,0.4590163826942444,CC(C)C[C@@H]1NC(=O)CNC(=O)[C@H](CCC(=O)O)NC(=O)[C@@H]2CSSC[C@H](NC(=O)[C@@H](N)Cc3ccc(O)cc3)C(=O)N[C@@H](CCC(N)=O)C(=O)N[C@@H](CCCCN)C(=O)N[C@@H](Cc3ccccc3)C(=O)N[C@@H](CC(C)C)C(=O)N[C@@H](C)C(=O)N3CCC[C@H]3C(=O)N[C@H]3CSSC[C@H](NC(=O)[C@H](C(C)C)NC1=O)C(=O)N[C@@H](CCCNC(=N)N)C(=O)N[C@@H](CC(C)C)C(=O)N[C@@H](Cc1c[nH]c4ccccc14)C(=O)N[C@H](C(=O)N[C@@H](CCCCN)C(=O)N[C@@H](CCCCN)C(=O)N[C@@H](CCCCN)C(=O)N[C@@H](CC(C)C)C(=O)N[C@@H](Cc1c[nH]c4ccccc14)C(N)=O)CSSC[C@H](NC(=O)[C@H](CCCCN)NC(=O)[C@H](CCCNC(=N)N)NC(=O)[C@H](CCC(=O)O)NC(=O)[C@H](CO)NC(=O)[C@H](CC(=O)O)NC3=O)C(=O)N2,True,high
STR-5151BA76FE38FE2C9C70,IC50,biochemical_binding,1,1,0,1,1,0,0,7.102372908709558,7.102372908709558,7.102372908709558,79.0,79.0,IC50,1,inhibitory_potency,1,biochemical_binding,1,PubChem,156498049,Menin,2026,=,CCN(C(=O)c1cc(F)ccc1Oc1nncnc1N1CCC2(C1)CN([C@H](CCCN(C)CC(C)C(=O)N(C)C)C(C)C)C2)C(C)C,CCN(C(C)C)C(=O)C1=C(C=CC(=C1)F)OC2=C(N=CN=N2)N3CCC4(C3)CN(C4)[C@H](CCCN(C)CC(C)C(=O)N(C)C)C(C)C,CCN(C(=O)c1cc(F)ccc1Oc1nncnc1N1CCC2(C1)CN([C@H](CCCN(C)CC(C)C(=O)N(C)C)C(C)C)C2)C(C)C,CCN(C(=O)c1cc(F)ccc1Oc1nncnc1N1CCC2(C1)CN([C@H](CCCN(C)CC(C)C(=O)N(C)C)C(C)C)C2)C(C)C,IFIHGWNVFQFWAX-BNGNXUGRSA-N,IFIHGWNVFQFWAX-BNGNXUGRSA-N,standardized,0.0,False,2.0,strict_exact,exact_point_estimate,high_potency_<=100nM,True,True,IC50,biochemical_binding,False,0.6806103189643828,0.9037165233054003,0.5876288414001465,CCN(C(=O)c1cc(F)ccc1Oc1nncnc1N1CC2(CCN(CC3(SC)CC3)CC2)C1)C(C)C,True,medium
STR-918CDACAD6A3ADC5DD7E,IC50,biochemical_binding,1,1,0,1,1,0,0,7.102372908709558,7.102372908709558,7.102372908709558,79.0,79.0,IC50,1,inhibitory_potency,1,biochemical_binding,1,PubChem,168720921,Menin,2026,=,CCN(CC)C[C@H](O)C[C@H](C(C)C)N1CC2(CCN(c3ncnnc3Oc3ccc(F)cc3C(=O)N(CC)C(C)C)C2)C1,CCN(CC)C[C@@H](C[C@H](C(C)C)N1CC2(C1)CCN(C2)C3=C(N=NC=N3)OC4=C(C=C(C=C4)F)C(=O)N(CC)C(C)C)O,CCN(CC)C[C@H](O)C[C@H](C(C)C)N1CC2(CCN(c3ncnnc3Oc3ccc(F)cc3C(=O)N(CC)C(C)C)C2)C1,CCN(CC)C[C@H](O)C[C@H](C(C)C)N1CC2(CCN(c3ncnnc3Oc3ccc(F)cc3C(=O)N(CC)C(C)C)C2)C1,GGIYEWDSYGQHQG-XNMGPUDCSA-N,GGIYEWDSYGQHQG-XNMGPUDCSA-N,standardized,0.0,False,2.0,strict_exact,exact_point_estimate,high_potency_<=100nM,True,True,IC50,biochemical_binding,False,0.5821884579496684,0.9804206208380558,0.6263736486434937,CCN(C(=O)c1cc(F)ccc1Oc1nncnc1N1CC2(CCN(CC3(SC)CC3)CC2)C1)C(C)C,True,medium
STR-4EBA07B20CCDE9D2E322,IC50,biochemical_binding,1,1,0,1,1,0,0,7.096910013008056,7.096910013008056,7.096910013008056,80.0,80.0,IC50,1,inhibitory_potency,1,biochemical_binding,1,PubChem,156531767,Menin,2026,=,CC(C)[C@@H](CCCN(C)C)N1CC2(CCN(c3ncnnc3Oc3ccc(F)cc3C(=O)N(C(C)C)C(C)C)C2)C1,CC(C)[C@@H](CCCN(C)C)N1CC2(C1)CCN(C2)C3=C(N=NC=N3)OC4=C(C=C(C=C4)F)C(=O)N(C(C)C)C(C)C,CC(C)[C@@H](CCCN(C)C)N1CC2(CCN(c3ncnnc3Oc3ccc(F)cc3C(=O)N(C(C)C)C(C)C)C2)C1,CC(C)[C@@H](CCCN(C)C)N1CC2(CCN(c3ncnnc3Oc3ccc(F)cc3C(=O)N(C(C)C)C(C)C)C2)C1,JMYCKYHWTOYVCO-AREMUKBSSA-N,JMYCKYHWTOYVCO-AREMUKBSSA-N,standardized,0.0,False,2.0,strict_exact,exact_point_estimate,high_potency_<=100nM,True,True,IC50,biochemical_binding,False,0.6597124265836413,0.9250936271669239,0.5376344323158264,CCN(C(=O)c1cc(F)ccc1Oc1nncnc1N1CC2(CCN(CC3(SC)CC3)CC2)C1)C(C)C,True,medium
STR-0385B7365D2BE1443660,IC50,biochemical_binding,1,1,0,1,1,0,0,7.0915149811213505,7.0915149811213505,7.0915149811213505,81.0,81.0,IC50,1,inhibitory_potency,1,biochemical_binding,1,PubChem,156531605,Menin,2026,=,CC(C)[C@H](CCCN(C)CCC(=O)N(C)C)N1CC2(CCN(c3ncnnc3Oc3ccc(F)cc3C(=O)N(C(C)C)C(C)C)C2)C1,CC(C)[C@H](CCCN(C)CCC(=O)N(C)C)N1CC2(C1)CCN(C2)C3=C(N=NC=N3)OC4=C(C=C(C=C4)F)C(=O)N(C(C)C)C(C)C,CC(C)[C@H](CCCN(C)CCC(=O)N(C)C)N1CC2(CCN(c3ncnnc3Oc3ccc(F)cc3C(=O)N(C(C)C)C(C)C)C2)C1,CC(C)[C@H](CCCN(C)CCC(=O)N(C)C)N1CC2(CCN(c3ncnnc3Oc3ccc(F)cc3C(=O)N(C(C)C)C(C)C)C2)C1,QBAAZHFEOGJQPO-LJAQVGFWSA-N,QBAAZHFEOGJQPO-LJAQVGFWSA-N,standardized,0.0,False,2.0,strict_exact,exact_point_estimate,high_potency_<=100nM,True,True,IC50,biochemical_binding,False,0.7064744912610172,0.8732319383259095,0.5,CCN(C(=O)c1cc(F)ccc1Oc1nncnc1N1CC2(CCN(CC3(SC)CC3)CC2)C1)C(C)C,True,high
STR-7F50B57FFABE6350EAF5,IC50,biochemical_binding,1,1,0,1,1,0,0,7.0915149811213505,7.0915149811213505,7.0915149811213505,81.0,81.0,IC50,1,inhibitory_potency,1,biochemical_binding,1,ChEMBL,CHEMBL3126197,Menin,2014,=,N#Cc1ccc(OCCCN2CCC([C@](N)(c3ccccc3)C3CCCC3)CC2)cc1,N#Cc1ccc(OCCCN2CCC([C@](N)(c3ccccc3)C3CCCC3)CC2)cc1,N#Cc1ccc(OCCCN2CCC([C@](N)(c3ccccc3)C3CCCC3)CC2)cc1,N#Cc1ccc(OCCCN2CCC([C@](N)(c3ccccc3)C3CCCC3)CC2)cc1,AUWUGRCKTQSGJY-MHZLTWQESA-N,AUWUGRCKTQSGJY-MHZLTWQESA-N,standardized,0.0,False,2.0,strict_exact,exact_point_estimate,high_potency_<=100nM,True,True,IC50,biochemical_binding,False,0.9530024959442376,0.2735029908569332,0.5438596606254578,OC(c1ccccc1)(c1ccccc1)C1CCN(CCCOc2ccc(-c3ccccc3)cc2)CC1,True,high
STR-684B7A6ABD719561B71F,IC50,biochemical_binding,1,1,0,1,1,0,0,7.086186147616283,7.086186147616283,7.086186147616283,82.0,82.0,IC50,1,inhibitory_potency,1,biochemical_binding,1,ChEMBL,CHEMBL3613786,Menin,2015,=,FC(F)c1nnc(N2CCN(c3ncnc4sc(CC(F)(F)F)cc34)CC2)s1,FC(F)c1nnc(N2CCN(c3ncnc4sc(CC(F)(F)F)cc34)CC2)s1,FC(F)c1nnc(N2CCN(c3ncnc4sc(CC(F)(F)F)cc34)CC2)s1,FC(F)c1nnc(N2CCN(c3ncnc4sc(CC(F)(F)F)cc34)CC2)s1,BWDQNSFITDYIRC-UHFFFAOYSA-N,BWDQNSFITDYIRC-UHFFFAOYSA-N,standardized,0.0,False,2.0,strict_exact,exact_point_estimate,high_potency_<=100nM,True,True,IC50,biochemical_binding,False,0.9256217595785732,0.3820539523297856,0.20212766528129578,CON=C1CCC(CN2CCN(c3nc(=O)c4cc(C(F)(F)F)cc([N+](=O)[O-])c4s3)CC2)CC1,False,high
STR-640F627423409BE4C4E0,IC50,biochemical_binding,1,1,0,1,1,0,0,7.080921907623926,7.080921907623926,7.080921907623926,83.0,83.0,IC50,1,inhibitory_potency,1,biochemical_binding,1,PubChem,156532041,Menin,2026,=,COCCN(C)CCC[C@H](C(C)C)N1CC2(CCN(c3ccnnc3Oc3ccc(F)cc3C(=O)N(C(C)C)C(C)C)C2)C1,CC(C)[C@@H](CCCN(C)CCOC)N1CC2(C1)CCN(C2)C3=C(N=NC=C3)OC4=C(C=C(C=C4)F)C(=O)N(C(C)C)C(C)C,COCCN(C)CCC[C@H](C(C)C)N1CC2(CCN(c3ccnnc3Oc3ccc(F)cc3C(=O)N(C(C)C)C(C)C)C2)C1,COCCN(C)CCC[C@H](C(C)C)N1CC2(CCN(c3ccnnc3Oc3ccc(F)cc3C(=O)N(C(C)C)C(C)C)C2)C1,OTOKSKUUDODMQT-GDLZYMKVSA-N,OTOKSKUUDODMQT-GDLZYMKVSA-N,standardized,0.0,False,2.0,strict_exact,exact_point_estimate,high_potency_<=100nM,True,True,IC50,biochemical_binding,False,0.7932156594443092,0.7352909936843686,0.3962264060974121,CCN(C(=O)c1cc(F)ccc1Oc1nncnc1N1CC2(CCN(CC3(SC)CC3)CC2)C1)C(C)C,True,high
STR-9C168192E4C52880D0E5,IC50,biochemical_binding,1,1,0,1,1,0,0,7.080921907623926,7.080921907623926,7.080921907623926,83.0,83.0,IC50,1,inhibitory_potency,1,biochemical_binding,1,ChEMBL,CHEMBL4210021,Menin,2018,=,CCC(=O)N1CCN(CCn2c(C#N)cc3c(C)c(CN4CCC(Nc5ncnc6sc(CC(F)(F)F)cc56)CC4)ccc32)CC1,CCC(=O)N1CCN(CCn2c(C#N)cc3c(C)c(CN4CCC(Nc5ncnc6sc(CC(F)(F)F)cc56)CC4)ccc32)CC1,CCC(=O)N1CCN(CCn2c(C#N)cc3c(C)c(CN4CCC(Nc5ncnc6sc(CC(F)(F)F)cc56)CC4)ccc32)CC1,CCC(=O)N1CCN(CCn2c(C#N)cc3c(C)c(CN4CCC(Nc5ncnc6sc(CC(F)(F)F)cc56)CC4)ccc32)CC1,CUUAMNOCGMUEBO-UHFFFAOYSA-N,CUUAMNOCGMUEBO-UHFFFAOYSA-N,standardized,0.0,False,2.0,strict_exact,exact_point_estimate,high_potency_<=100nM,True,True,IC50,biochemical_binding,False,0.9146947034051676,0.4206022617901024,0.30630630254745483,O=c1nc(NC2CCN(Cc3ccc4c(c3)OCO4)CC2)c2cc(Cl)ccc2n1CC(F)(F)F,True,high
STR-63835D190E39EDBFC923,IC50,biochemical_binding,1,1,0,1,1,0,0,7.075720713938118,7.075720713938118,7.075720713938118,84.0,84.0,IC50,1,inhibitory_potency,1,biochemical_binding,1,PubChem,156498022,Menin,2026,=,COCCN(C)CCC[C@H](C(C)C)N1CC2(CCN(c3ncnnc3Oc3ccc(F)cc3C(=O)N(C)C(C)C)C2)C1,CC(C)[C@@H](CCCN(C)CCOC)N1CC2(C1)CCN(C2)C3=C(N=NC=N3)OC4=C(C=C(C=C4)F)C(=O)N(C)C(C)C,COCCN(C)CCC[C@H](C(C)C)N1CC2(CCN(c3ncnnc3Oc3ccc(F)cc3C(=O)N(C)C(C)C)C2)C1,COCCN(C)CCC[C@H](C(C)C)N1CC2(CCN(c3ncnnc3Oc3ccc(F)cc3C(=O)N(C)C(C)C)C2)C1,HGWHBTPIXCPKDC-AREMUKBSSA-N,HGWHBTPIXCPKDC-AREMUKBSSA-N,standardized,0.0,False,2.0,strict_exact,exact_point_estimate,high_potency_<=100nM,True,True,IC50,biochemical_binding,False,0.7208134394585508,0.8543400733098312,0.5050504803657532,CCN(C(=O)c1cc(F)ccc1Oc1nncnc1N1CC2(CCN(CC3(SC)CC3)CC2)C1)C(C)C,True,high
STR-75FB4472D88CB6D25B7C,IC50,biochemical_binding,1,1,0,1,1,0,0,7.0655015487564325,7.0655015487564325,7.0655015487564325,86.0,86.0,IC50,1,inhibitory_potency,1,biochemical_binding,1,PubChem,178185577,Menin,2026,=,CCN(C(=O)c1cc(F)ccc1OC1N=NC(Cl)=NC1N1CCC2(C1)CN([C@@H](CCCN)C(C)C)C2)C(C)C,CCN(C(C)C)C(=O)C1=C(C=CC(=C1)F)OC2C(N=C(N=N2)Cl)N3CCC4(C3)CN(C4)[C@@H](CCCN)C(C)C,CCN(C(=O)c1cc(F)ccc1OC1N=NC(Cl)=NC1N1CCC2(C1)CN([C@@H](CCCN)C(C)C)C2)C(C)C,CCN(C(=O)c1cc(F)ccc1OC1N=NC(Cl)=NC1N1CCC2(C1)CN([C@@H](CCCN)C(C)C)C2)C(C)C,CCNWGENWCZNTMO-BSSNWTCHSA-N,CCNWGENWCZNTMO-BSSNWTCHSA-N,standardized,0.0,False,2.0,strict_exact,exact_point_estimate,high_potency_<=100nM,True,True,IC50,biochemical_binding,False,0.8311455084957499,0.6550776199755174,0.4112149477005005,CCN(C(=O)c1cc(F)ccc1Oc1cncnc1N1CC2(CCN(CC3CCCCC3)CC2)C1)C(C)C,True,high
STR-34A22E8D07A7D066A07D,IC50,biochemical_binding,1,1,0,1,1,0,0,7.055517327849831,7.055517327849831,7.055517327849831,88.0,88.0,IC50,1,inhibitory_potency,1,biochemical_binding,1,PubChem,156531481,Menin,2026,=,CC(C)[C@@H](C[C@H](O)CN(C)C)N1CC2(CCN(c3ncnnc3Oc3ccc(F)cc3C(=O)N(C(C)C)C(C)C)C2)C1,CC(C)[C@@H](C[C@@H](CN(C)C)O)N1CC2(C1)CCN(C2)C3=C(N=NC=N3)OC4=C(C=C(C=C4)F)C(=O)N(C(C)C)C(C)C,CC(C)[C@@H](C[C@H](O)CN(C)C)N1CC2(CCN(c3ncnnc3Oc3ccc(F)cc3C(=O)N(C(C)C)C(C)C)C2)C1,CC(C)[C@@H](C[C@H](O)CN(C)C)N1CC2(CCN(c3ncnnc3Oc3ccc(F)cc3C(=O)N(C(C)C)C(C)C)C2)C1,HGNXEODCTLZEEQ-AZGAKELHSA-N,HGNXEODCTLZEEQ-AZGAKELHSA-N,standardized,0.0,False,2.0,strict_exact,exact_point_estimate,high_potency_<=100nM,True,True,IC50,biochemical_binding,False,0.6648037024138007,0.9201475428520767,0.5263158082962036,CCN(C(=O)c1cc(F)ccc1Oc1nncnc1N1CC2(CCN(CC3(SC)CC3)CC2)C1)C(C)C,True,medium
STR-633580C0DD9263988A9F,IC50,biochemical_binding,1,2,1,2,1,0,0,7.055517327849831,7.055517327849831,7.055517327849831,88.0,88.0,IC50,1,inhibitory_potency,1,biochemical_binding,1,ChEMBL;PubChem,CHEMBL5937919,Menin,2021,=,Cc1cc(S(=O)(=O)c2ccc(N3CC(CN4CCC(C5(C6=CCCC6)CN(C)Cc6ccccc65)CC4)C3)cc2)ccn1,Cc1cc(S(=O)(=O)c2ccc(N3CC(CN4CCC(C5(C6=CCCC6)CN(C)Cc6ccccc65)CC4)C3)cc2)ccn1,Cc1cc(S(=O)(=O)c2ccc(N3CC(CN4CCC(C5(C6=CCCC6)CN(C)Cc6ccccc65)CC4)C3)cc2)ccn1,Cc1cc(S(=O)(=O)c2ccc(N3CC(CN4CCC(C5(C6=CCCC6)CN(C)Cc6ccccc65)CC4)C3)cc2)ccn1,GUGYTNLYQIAPFD-UHFFFAOYSA-N,GUGYTNLYQIAPFD-UHFFFAOYSA-N,standardized,0.0,False,2.0,strict_exact,exact_point_estimate,high_potency_<=100nM,True,True,IC50,biochemical_binding,False,0.9061449450503533,0.44920824184348124,0.2571428716182709,CCOC(=O)N1CCC(CN2CCC3(CC2)CN(S(C)(=O)=O)c2ncccc23)CC1,True,high
STR-147345C311E96CDE5202,IC50,biochemical_binding,1,1,0,1,1,0,0,7.050609993355087,7.050609993355087,7.050609993355087,89.0,89.0,IC50,1,inhibitory_potency,1,biochemical_binding,1,PubChem,156497975,Menin,2026,=,CCN(C(=O)c1cc(F)ccc1Oc1nncnc1N1CCC2(C1)CN([C@H](CCCN[C@@H](CO)COC)C(C)C)C2)C(C)C,CCN(C(C)C)C(=O)C1=C(C=CC(=C1)F)OC2=C(N=CN=N2)N3CCC4(C3)CN(C4)[C@H](CCCN[C@@H](CO)COC)C(C)C,CCN(C(=O)c1cc(F)ccc1Oc1nncnc1N1CCC2(C1)CN([C@H](CCCN[C@@H](CO)COC)C(C)C)C2)C(C)C,CCN(C(=O)c1cc(F)ccc1Oc1nncnc1N1CCC2(C1)CN([C@H](CCCN[C@@H](CO)COC)C(C)C)C2)C(C)C,TXPRVPJXCPOZMK-AHKZPQOWSA-N,TXPRVPJXCPOZMK-AHKZPQOWSA-N,standardized,0.0,False,2.0,strict_exact,exact_point_estimate,high_potency_<=100nM,True,True,IC50,biochemical_binding,False,0.6839172612090754,0.9000706021617206,0.5699999928474426,CCN(C(=O)c1cc(F)ccc1Oc1nncnc1N1CC2(CCN(CC3(SC)CC3)CC2)C1)C(C)C,True,medium
STR-222AAD6024ECA7B1116F,IC50,biochemical_binding,1,2,1,2,1,0,0,7.050609993355087,7.050609993355087,7.050609993355087,89.0,89.0,IC50,1,inhibitory_potency,1,biochemical_binding,1,ChEMBL;PubChem,CHEMBL5751310,Menin,2021,=,COC(=O)N[C@H]1CCC[C@@H]1C(C#N)(c1ccccc1)C1CCN(CC2CN(c3ccc(C(F)(F)F)cc3)C2)CC1,COC(=O)N[C@H]1CCC[C@@H]1C(C#N)(c1ccccc1)C1CCN(CC2CN(c3ccc(C(F)(F)F)cc3)C2)CC1,COC(=O)N[C@H]1CCC[C@@H]1C(C#N)(c1ccccc1)C1CCN(CC2CN(c3ccc(C(F)(F)F)cc3)C2)CC1,COC(=O)N[C@H]1CCC[C@@H]1C(C#N)(c1ccccc1)C1CCN(CC2CN(c3ccc(C(F)(F)F)cc3)C2)CC1,KVQOIHJTFHWQKG-SRBHEWTHSA-N,KVQOIHJTFHWQKG-SRBHEWTHSA-N,standardized,0.0,False,2.0,strict_exact,exact_point_estimate,high_potency_<=100nM,True,True,IC50,biochemical_binding,False,0.9224762474071313,0.3933933066186883,0.3333333432674408,CN1CCN(C(=O)NC2CCN(Cc3ccn(-c4ccc(C(F)(F)F)cc4)c3)CC2)C(c2ccccc2)C1,True,high
STR-B437BC949901A5D8DC9A,IC50,biochemical_binding,1,1,0,1,1,0,0,7.050609993355087,7.050609993355087,7.050609993355087,89.0,89.0,IC50,1,inhibitory_potency,1,biochemical_binding,1,PubChem,156531749,Menin,2026,=,CCCN(C)CCC[C@H](C(C)C)N1CC2(CCN(c3ncnnc3Oc3ccc(F)cc3C(=O)N(CC)C(C)C)C2)C1,CCCN(C)CCC[C@H](C(C)C)N1CC2(C1)CCN(C2)C3=C(N=NC=N3)OC4=C(C=C(C=C4)F)C(=O)N(CC)C(C)C,CCCN(C)CCC[C@H](C(C)C)N1CC2(CCN(c3ncnnc3Oc3ccc(F)cc3C(=O)N(CC)C(C)C)C2)C1,CCCN(C)CCC[C@H](C(C)C)N1CC2(CCN(c3ncnnc3Oc3ccc(F)cc3C(=O)N(CC)C(C)C)C2)C1,AKEJRDWFJSZNFQ-HHHXNRCGSA-N,AKEJRDWFJSZNFQ-HHHXNRCGSA-N,standardized,0.0,False,2.0,strict_exact,exact_point_estimate,high_potency_<=100nM,True,True,IC50,biochemical_binding,False,0.6865591562882396,0.8971054751408548,0.6263736486434937,CCN(C(=O)c1cc(F)ccc1Oc1nncnc1N1CC2(CCN(CC3(SC)CC3)CC2)C1)C(C)C,True,medium
STR-CAD50D46562C0D29D331,IC50,biochemical_binding,5,5,0,1,5,0,0,7.045757490560675,10.008773924307503,6.7447274948966935,90.0,0.098,IC50,1,inhibitory_potency,1,biochemical_binding,1,PubChem,156498110,Menin,2024;2026,=,CCN(C(=O)c1cc(F)ccc1Oc1nncnc1N1CCC2(C1)CN([C@H](CCCN(C)CCOC)C(C)C)C2)C(C)C,CCN(C(C)C)C(=O)C1=C(C=CC(=C1)F)OC2=C(N=CN=N2)N3CCC4(C3)CN(C4)[C@H](CCCN(C)CCOC)C(C)C,CCN(C(=O)c1cc(F)ccc1Oc1nncnc1N1CCC2(C1)CN([C@H](CCCN(C)CCOC)C(C)C)C2)C(C)C,CCN(C(=O)c1cc(F)ccc1Oc1nncnc1N1CCC2(C1)CN([C@H](CCCN(C)CCOC)C(C)C)C2)C(C)C,PDUGAXSIWNMIBQ-HHHXNRCGSA-N,PDUGAXSIWNMIBQ-HHHXNRCGSA-N,standardized,3.2640464294108114,True,2.0,strict_exact,exact_point_estimate,high_potency_<=100nM,True,True,IC50,biochemical_binding,False,0.6987209062566999,0.8828488383616742,0.6000000238418579,CCN(C(=O)c1cc(F)ccc1Oc1nncnc1N1CC2(CCN(CC3(SC)CC3)CC2)C1)C(C)C,True,medium
STR-458F60594CF32D1C3B3A,IC50,biochemical_binding,1,1,0,1,1,0,0,7.045757490560675,7.045757490560675,7.045757490560675,90.0,90.0,IC50,1,inhibitory_potency,1,biochemical_binding,1,ChEMBL,CHEMBL3126194,Menin,2014,=,N#Cc1ccc(OCCCN2CCC([C@@](O)(c3cccc(F)c3)c3ccccn3)CC2)cc1,N#Cc1ccc(OCCCN2CCC([C@@](O)(c3cccc(F)c3)c3ccccn3)CC2)cc1,N#Cc1ccc(OCCCN2CCC([C@@](O)(c3cccc(F)c3)c3ccccn3)CC2)cc1,N#Cc1ccc(OCCCN2CCC([C@@](O)(c3cccc(F)c3)c3ccccn3)CC2)cc1,YLADDJNCJBCBJE-HHHXNRCGSA-N,YLADDJNCJBCBJE-HHHXNRCGSA-N,standardized,0.0,False,2.0,strict_exact,exact_point_estimate,high_potency_<=100nM,True,True,IC50,biochemical_binding,False,0.9565101404576671,0.2580703898196613,0.5151515007019043,OC(c1ccccc1)(c1ccccc1)C1CCN(CCCOc2ccc(-c3ccccc3)cc2)CC1,True,high
STR-46101F1AC5781BDFFC2C,IC50,biochemical_binding,1,2,1,2,1,0,0,7.040958607678906,7.040958607678906,7.040958607678906,91.0,91.0,IC50,1,inhibitory_potency,1,biochemical_binding,1,ChEMBL;PubChem,CHEMBL5993548,Menin,2021,=,N#Cc1ccc(OCCCN2CCC(C3(C4CCCC4)NCCc4c(F)cccc43)CC2)cc1,N#Cc1ccc(OCCCN2CCC(C3(C4CCCC4)NCCc4c(F)cccc43)CC2)cc1,N#Cc1ccc(OCCCN2CCC(C3(C4CCCC4)NCCc4c(F)cccc43)CC2)cc1,N#Cc1ccc(OCCCN2CCC(C3(C4CCCC4)NCCc4c(F)cccc43)CC2)cc1,JDMACYYZPLRYJB-UHFFFAOYSA-N,JDMACYYZPLRYJB-UHFFFAOYSA-N,standardized,0.0,False,2.0,strict_exact,exact_point_estimate,high_potency_<=100nM,True,True,IC50,biochemical_binding,False,0.9590213252267432,0.24676152270326152,0.3636363744735718,c1cc(C2CCCCC2)ccc1OCCCN1CCCCC1,True,high
STR-E2BF2500F662553F3983,IC50,biochemical_binding,1,1,0,1,1,0,0,7.036212172654444,7.036212172654444,7.036212172654444,92.0,92.0,IC50,1,inhibitory_potency,1,biochemical_binding,1,ChEMBL,CHEMBL3613784,Menin,2015,=,FC(F)(F)Cc1cc2c(N3CCN(c4nnc(C(F)(F)F)s4)CC3)ncnc2s1,FC(F)(F)Cc1cc2c(N3CCN(c4nnc(C(F)(F)F)s4)CC3)ncnc2s1,FC(F)(F)Cc1cc2c(N3CCN(c4nnc(C(F)(F)F)s4)CC3)ncnc2s1,FC(F)(F)Cc1cc2c(N3CCN(c4nnc(C(F)(F)F)s4)CC3)ncnc2s1,MNFNLHWFXSXVRM-UHFFFAOYSA-N,MNFNLHWFXSXVRM-UHFFFAOYSA-N,standardized,0.0,False,2.0,strict_exact,exact_point_estimate,high_potency_<=100nM,True,True,IC50,biochemical_binding,False,0.9255370290387375,0.38236208195247545,0.23333333432674408,CON=C1CCC(CN2CCN(c3nc(=O)c4cc(C(F)(F)F)cc([N+](=O)[O-])c4s3)CC2)CC1,False,high
STR-F0B0F7988A153B3EBBAB,IC50,biochemical_binding,1,1,0,1,1,0,0,7.031517051446065,7.031517051446065,7.031517051446065,93.0,93.0,IC50,1,inhibitory_potency,1,biochemical_binding,1,PubChem,156498034,Menin,2026,=,CCN(C(=O)c1cc(F)ccc1Oc1nncnc1N1CCC2(C1)CN([C@H](CCCN(C)CC(C)(C)O)C(C)C)C2)C(C)C,CCN(C(C)C)C(=O)C1=C(C=CC(=C1)F)OC2=C(N=CN=N2)N3CCC4(C3)CN(C4)[C@H](CCCN(C)CC(C)(C)O)C(C)C,CCN(C(=O)c1cc(F)ccc1Oc1nncnc1N1CCC2(C1)CN([C@H](CCCN(C)CC(C)(C)O)C(C)C)C2)C(C)C,CCN(C(=O)c1cc(F)ccc1Oc1nncnc1N1CCC2(C1)CN([C@H](CCCN(C)CC(C)(C)O)C(C)C)C2)C(C)C,NMMKTXHIWYMRNB-HHHXNRCGSA-N,NMMKTXHIWYMRNB-HHHXNRCGSA-N,standardized,0.0,False,2.0,strict_exact,exact_point_estimate,high_potency_<=100nM,True,True,IC50,biochemical_binding,False,0.6781262022395748,0.906407515725572,0.6105263233184814,CCN(C(=O)c1cc(F)ccc1Oc1nncnc1N1CC2(CCN(CC3(SC)CC3)CC2)C1)C(C)C,True,medium
STR-9AA3FF70960D58F79546,IC50,biochemical_binding,2,2,0,1,2,0,0,7.029244283682798,7.337242168318426,6.721246399047171,118.0,46.0,IC50,1,inhibitory_potency,1,biochemical_binding,1,ChEMBL,CHEMBL3586090,Menin,2015;2018,=,CC1(C)CN=C(N2CCN(c3ncnc4sc(CC(F)(F)F)cc34)CC2)S1,CC1(C)CN=C(N2CCN(c3ncnc4sc(CC(F)(F)F)cc34)CC2)S1,CC1(C)CN=C(N2CCN(c3ncnc4sc(CC(F)(F)F)cc34)CC2)S1,CC1(C)CN=C(N2CCN(c3ncnc4sc(CC(F)(F)F)cc34)CC2)S1,SFDROHXKTATJBI-UHFFFAOYSA-N,SFDROHXKTATJBI-UHFFFAOYSA-N,standardized,0.6159957692712545,False,2.0,strict_exact,exact_point_estimate,moderate_100nM_to_1uM,False,True,IC50,biochemical_binding,False,0.9380056232340774,0.33531149663865434,0.2409638613462448,C[C@]1(COc2ccc(N3CCC(Oc4ccc(OC(F)(F)F)cc4)CC3)cc2)CN=C(N)O1,True,high
STR-38C10D94ABD1F231B9D1,IC50,biochemical_binding,1,1,0,1,1,0,0,7.022276394711152,7.022276394711152,7.022276394711152,95.0,95.0,IC50,1,inhibitory_potency,1,biochemical_binding,1,PubChem,156531900,Menin,2026,=,CCN(C(=O)c1cc(F)ccc1Oc1nncnc1N1CCC2(C1)CN([C@H](CCCN(C)C)C(C)C)C2)C(C)C,CCN(C(C)C)C(=O)C1=C(C=CC(=C1)F)OC2=C(N=CN=N2)N3CCC4(C3)CN(C4)[C@H](CCCN(C)C)C(C)C,CCN(C(=O)c1cc(F)ccc1Oc1nncnc1N1CCC2(C1)CN([C@H](CCCN(C)C)C(C)C)C2)C(C)C,CCN(C(=O)c1cc(F)ccc1Oc1nncnc1N1CCC2(C1)CN([C@H](CCCN(C)C)C(C)C)C2)C(C)C,FNTDEOLCBADNAL-RUZDIDTESA-N,FNTDEOLCBADNAL-RUZDIDTESA-N,standardized,0.0,False,2.0,strict_exact,exact_point_estimate,high_potency_<=100nM,True,True,IC50,biochemical_binding,False,0.6496580003316492,0.93437311927141,0.6404494643211365,CCN(C(=O)c1cc(F)ccc1Oc1nncnc1N1CC2(CCN(CC3(SC)CC3)CC2)C1)C(C)C,True,medium
STR-3B3C5B252A05FD26B962,IC50,biochemical_binding,1,1,0,1,1,0,0,7.017728766960431,7.017728766960431,7.017728766960431,96.0,96.0,IC50,1,inhibitory_potency,1,biochemical_binding,1,PubChem,156497983,Menin,2026,=,CCN(C(=O)c1cc(F)ccc1Oc1nncnc1N1CCC2(C1)CN([C@H](CCCN[C@H](CO)COC)C(C)C)C2)C(C)C,CCN(C(C)C)C(=O)C1=C(C=CC(=C1)F)OC2=C(N=CN=N2)N3CCC4(C3)CN(C4)[C@H](CCCN[C@H](CO)COC)C(C)C,CCN(C(=O)c1cc(F)ccc1Oc1nncnc1N1CCC2(C1)CN([C@H](CCCN[C@H](CO)COC)C(C)C)C2)C(C)C,CCN(C(=O)c1cc(F)ccc1Oc1nncnc1N1CCC2(C1)CN([C@H](CCCN[C@H](CO)COC)C(C)C)C2)C(C)C,TXPRVPJXCPOZMK-XNMGPUDCSA-N,TXPRVPJXCPOZMK-XNMGPUDCSA-N,standardized,0.0,False,2.0,strict_exact,exact_point_estimate,high_potency_<=100nM,True,True,IC50,biochemical_binding,False,0.6839172612090754,0.9000706021617206,0.5699999928474426,CCN(C(=O)c1cc(F)ccc1Oc1nncnc1N1CC2(CCN(CC3(SC)CC3)CC2)C1)C(C)C,True,medium
STR-00EAB22F635715DE8799,IC50,biochemical_binding,1,1,0,1,1,0,0,7.013228265733755,7.013228265733755,7.013228265733755,97.0,97.0,IC50,1,inhibitory_potency,1,biochemical_binding,1,PubChem,156531478,Menin,2026,=,CC(C)[C@@H](C[C@@H](O)CN(C)C)N1CC2(CCN(c3ncnnc3Oc3ccc(F)cc3C(=O)N(C(C)C)C(C)C)C2)C1,CC(C)[C@@H](C[C@H](CN(C)C)O)N1CC2(C1)CCN(C2)C3=C(N=NC=N3)OC4=C(C=C(C=C4)F)C(=O)N(C(C)C)C(C)C,CC(C)[C@@H](C[C@@H](O)CN(C)C)N1CC2(CCN(c3ncnnc3Oc3ccc(F)cc3C(=O)N(C(C)C)C(C)C)C2)C1,CC(C)[C@@H](C[C@@H](O)CN(C)C)N1CC2(CCN(c3ncnnc3Oc3ccc(F)cc3C(=O)N(C(C)C)C(C)C)C2)C1,HGNXEODCTLZEEQ-AOYPEHQESA-N,HGNXEODCTLZEEQ-AOYPEHQESA-N,standardized,0.0,False,2.0,strict_exact,exact_point_estimate,high_potency_<=100nM,True,True,IC50,biochemical_binding,False,0.6648037024138007,0.9201475428520767,0.5263158082962036,CCN(C(=O)c1cc(F)ccc1Oc1nncnc1N1CC2(CCN(CC3(SC)CC3)CC2)C1)C(C)C,True,medium
STR-C3D8B6AB5924C8373F29,IC50,biochemical_binding,1,2,1,2,1,0,0,7.00436480540245,7.00436480540245,7.00436480540245,99.0,99.0,IC50,1,inhibitory_potency,1,biochemical_binding,1,ChEMBL;PubChem,CHEMBL5999146,Menin,2021,=,Cc1cc(C#N)ccc1N1CC(CN2CCC(C3(C4CCCC4)NCCc4ccccc43)CC2)C1,Cc1cc(C#N)ccc1N1CC(CN2CCC(C3(C4CCCC4)NCCc4ccccc43)CC2)C1,Cc1cc(C#N)ccc1N1CC(CN2CCC(C3(C4CCCC4)NCCc4ccccc43)CC2)C1,Cc1cc(C#N)ccc1N1CC(CN2CCC(C3(C4CCCC4)NCCc4ccccc43)CC2)C1,PVVGUZMEKILDNC-UHFFFAOYSA-N,PVVGUZMEKILDNC-UHFFFAOYSA-N,standardized,0.0,False,2.0,strict_exact,exact_point_estimate,high_potency_<=100nM,True,True,IC50,biochemical_binding,False,0.9643414288631097,0.2220198490872221,0.2976190447807312,Cc1ccccc1N1CCN(C[C@@H]2CCc3cccnc3[C@@H](O)C2)CC1,True,high
STR-CEC3B82DF09531954FAB,IC50,biochemical_binding,1,1,0,1,1,0,0,7.00436480540245,7.00436480540245,7.00436480540245,99.0,99.0,IC50,1,inhibitory_potency,1,biochemical_binding,1,PubChem,156498115,Menin,2026,=,CCN(C(=O)c1cc(F)ccc1Oc1nncnc1N1CCC2(C1)CN(C(CCCNCC(C)(C)OC)C(C)C)C2)C(C)C,CCN(C(C)C)C(=O)C1=C(C=CC(=C1)F)OC2=C(N=CN=N2)N3CCC4(C3)CN(C4)C(CCCNCC(C)(C)OC)C(C)C,CCN(C(=O)c1cc(F)ccc1Oc1nncnc1N1CCC2(C1)CN(C(CCCNCC(C)(C)OC)C(C)C)C2)C(C)C,CCN(C(=O)c1cc(F)ccc1Oc1nncnc1N1CCC2(C1)CN(C(CCCNCC(C)(C)OC)C(C)C)C2)C(C)C,BGKLHJYVRIJUSH-UHFFFAOYSA-N,BGKLHJYVRIJUSH-UHFFFAOYSA-N,standardized,0.0,False,2.0,strict_exact,exact_point_estimate,high_potency_<=100nM,True,True,IC50,biochemical_binding,False,0.7070853570717918,0.8724565801617163,0.5757575631141663,CCN(C(=O)c1cc(F)ccc1Oc1nncnc1N1CC2(CCN(CC3(SC)CC3)CC2)C1)C(C)C,True,high
STR-1574B99AB38B91861720,IC50,biochemical_binding,1,1,0,1,1,0,0,7.0,7.0,7.0,100.0,100.0,IC50,1,inhibitory_potency,1,biochemical_binding,1,PubChem,156498045,Menin,2026,=,CCN(C(=O)c1cc(F)ccc1Oc1nncnc1N1CCC2(C1)CN([C@H](CCCNC(COC)COC)C(C)C)C2)C(C)C,CCN(C(C)C)C(=O)C1=C(C=CC(=C1)F)OC2=C(N=CN=N2)N3CCC4(C3)CN(C4)[C@H](CCCNC(COC)COC)C(C)C,CCN(C(=O)c1cc(F)ccc1Oc1nncnc1N1CCC2(C1)CN([C@H](CCCNC(COC)COC)C(C)C)C2)C(C)C,CCN(C(=O)c1cc(F)ccc1Oc1nncnc1N1CCC2(C1)CN([C@H](CCCNC(COC)COC)C(C)C)C2)C(C)C,RXKCRTJORNLJCG-MUUNZHRXSA-N,RXKCRTJORNLJCG-MUUNZHRXSA-N,standardized,0.0,False,2.0,strict_exact,exact_point_estimate,high_potency_<=100nM,True,True,IC50,biochemical_binding,False,0.6629143832357555,0.9220024991306166,0.5876288414001465,CCN(C(=O)c1cc(F)ccc1Oc1nncnc1N1CC2(CCN(CC3(SC)CC3)CC2)C1)C(C)C,True,medium
STR-36D06C665413C80AFB22,IC50,biochemical_binding,1,1,0,1,1,0,0,7.0,7.0,7.0,100.0,100.0,IC50,1,inhibitory_potency,1,biochemical_binding,1,PubChem,156498011,Menin,2026,=,CCN(C(=O)c1cc(F)ccc1Oc1nncnc1N1CCC2(C1)CN([C@H](CCCN(C)CC(CO)OC)C(C)C)C2)C(C)C,CCN(C(C)C)C(=O)C1=C(C=CC(=C1)F)OC2=C(N=CN=N2)N3CCC4(C3)CN(C4)[C@H](CCCN(C)CC(CO)OC)C(C)C,CCN(C(=O)c1cc(F)ccc1Oc1nncnc1N1CCC2(C1)CN([C@H](CCCN(C)CC(CO)OC)C(C)C)C2)C(C)C,CCN(C(=O)c1cc(F)ccc1Oc1nncnc1N1CCC2(C1)CN([C@H](CCCN(C)CC(CO)OC)C(C)C)C2)C(C)C,VZCFMGHAUCHPEA-SVNIRARHSA-N,VZCFMGHAUCHPEA-SVNIRARHSA-N,standardized,0.0,False,2.0,strict_exact,exact_point_estimate,high_potency_<=100nM,True,True,IC50,biochemical_binding,False,0.6433379725636345,0.9398774900305158,0.5757575631141663,CCN(C(=O)c1cc(F)ccc1Oc1nncnc1N1CC2(CCN(CC3(SC)CC3)CC2)C1)C(C)C,True,medium
STR-38B1872E6995BD9A227F,IC50,biochemical_binding,1,1,0,1,1,0,0,7.0,7.0,7.0,100.0,100.0,IC50,1,inhibitory_potency,1,biochemical_binding,1,PubChem,156531824,Menin,2026,=,CCN(C(=O)c1cc(F)ccc1Oc1nncnc1N1CCC2(C1)CN([C@H](CCC(C)(C)N(C)C)C(C)C)C2)C(C)C,CCN(C(C)C)C(=O)C1=C(C=CC(=C1)F)OC2=C(N=CN=N2)N3CCC4(C3)CN(C4)[C@H](CCC(C)(C)N(C)C)C(C)C,CCN(C(=O)c1cc(F)ccc1Oc1nncnc1N1CCC2(C1)CN([C@H](CCC(C)(C)N(C)C)C(C)C)C2)C(C)C,CCN(C(=O)c1cc(F)ccc1Oc1nncnc1N1CCC2(C1)CN([C@H](CCC(C)(C)N(C)C)C(C)C)C2)C(C)C,BKJAOQMLDWABBS-AREMUKBSSA-N,BKJAOQMLDWABBS-AREMUKBSSA-N,standardized,0.0,False,2.0,strict_exact,exact_point_estimate,high_potency_<=100nM,True,True,IC50,biochemical_binding,False,0.6743274509135242,0.9104438036329159,0.6195651888847351,CCN(C(=O)c1cc(F)ccc1Oc1nncnc1N1CC2(CCN(CC3(SC)CC3)CC2)C1)C(C)C,True,medium
STR-6BB8114D41C4FAE5B067,IC50,biochemical_binding,1,1,0,1,1,0,0,7.0,7.0,7.0,100.0,100.0,IC50,1,inhibitory_potency,1,biochemical_binding,1,PubChem,156531429,Menin,2026,=,CCN(C(=O)c1cc(F)ccc1Oc1nncnc1N1CCC2(C1)CN(C(CCCN)C(C)C)C2)C(C)C,CCN(C(C)C)C(=O)C1=C(C=CC(=C1)F)OC2=C(N=CN=N2)N3CCC4(C3)CN(C4)C(CCCN)C(C)C,CCN(C(=O)c1cc(F)ccc1Oc1nncnc1N1CCC2(C1)CN(C(CCCN)C(C)C)C2)C(C)C,CCN(C(=O)c1cc(F)ccc1Oc1nncnc1N1CCC2(C1)CN(C(CCCN)C(C)C)C2)C(C)C,UDIGWQWOIBIODT-UHFFFAOYSA-N,UDIGWQWOIBIODT-UHFFFAOYSA-N,standardized,0.0,False,2.0,strict_exact,exact_point_estimate,high_potency_<=100nM,True,True,IC50,biochemical_binding,False,0.5871792070154809,0.9779579308949883,0.6404494643211365,CCN(C(=O)c1cc(F)ccc1Oc1nncnc1N1CC2(CCN(CC3(SC)CC3)CC2)C1)C(C)C,True,medium
STR-D9830BB6778F6B1CAA5F,IC50,biochemical_binding,1,1,0,1,1,0,0,7.0,7.0,7.0,100.0,100.0,IC50,1,inhibitory_potency,1,biochemical_binding,1,PubChem,156497976,Menin,2026,=,CCN(C(=O)c1cc(F)ccc1Oc1nncnc1N1CCC2(C1)CN([C@H](CCCNCC(CO)OC)C(C)C)C2)C(C)C,CCN(C(C)C)C(=O)C1=C(C=CC(=C1)F)OC2=C(N=CN=N2)N3CCC4(C3)CN(C4)[C@H](CCCNCC(CO)OC)C(C)C,CCN(C(=O)c1cc(F)ccc1Oc1nncnc1N1CCC2(C1)CN([C@H](CCCNCC(CO)OC)C(C)C)C2)C(C)C,CCN(C(=O)c1cc(F)ccc1Oc1nncnc1N1CCC2(C1)CN([C@H](CCCNCC(CO)OC)C(C)C)C2)C(C)C,AQPXEJUKHJGZNQ-ZCJYOONXSA-N,AQPXEJUKHJGZNQ-ZCJYOONXSA-N,standardized,0.0,False,2.0,strict_exact,exact_point_estimate,high_potency_<=100nM,True,True,IC50,biochemical_binding,False,0.7143767261939815,0.8630002280885504,0.5699999928474426,CCN(C(=O)c1cc(F)ccc1Oc1nncnc1N1CC2(CCN(CC3(SC)CC3)CC2)C1)C(C)C,True,high
STR-568E8A2EF6050316CA23,IC50,biochemical_binding,1,1,0,1,1,0,0,6.991399828238082,6.991399828238082,6.991399828238082,102.0,102.0,IC50,1,inhibitory_potency,1,biochemical_binding,1,ChEMBL,CHEMBL2314569,Menin,2013,=,N=C(N)NCCC[C@@H]1NC(=O)C2(CCC2)NC(=O)[C@@H]2CCCN2C(=O)[C@H](Cc2ccccc2)NC(=O)[C@@H](N)CCCCCCCCNC(=O)[C@@H]2CCCN2C1=O,N=C(N)NCCC[C@@H]1NC(=O)C2(CCC2)NC(=O)[C@@H]2CCCN2C(=O)[C@H](Cc2ccccc2)NC(=O)[C@@H](N)CCCCCCCCNC(=O)[C@@H]2CCCN2C1=O,N=C(N)NCCC[C@@H]1NC(=O)C2(CCC2)NC(=O)[C@@H]2CCCN2C(=O)[C@H](Cc2ccccc2)NC(=O)[C@@H](N)CCCCCCCCNC(=O)[C@@H]2CCCN2C1=O,N=C(N)NCCC[C@@H]1NC(=O)C2(CCC2)NC(=O)[C@@H]2CCCN2C(=O)[C@H](Cc2ccccc2)NC(=O)[C@@H](N)CCCCCCCCNC(=O)[C@@H]2CCCN2C1=O,YTDSLMKSSLBQNG-XDIGFQIYSA-N,YTDSLMKSSLBQNG-XDIGFQIYSA-N,standardized,0.0,False,2.0,strict_exact,exact_point_estimate,moderate_100nM_to_1uM,False,True,IC50,biochemical_binding,False,0.8116674284757462,0.6979702677600601,0.2698412835597992,CC(C)C[C@@H]1NC(=O)CNC(=O)[C@H](CCC(=O)O)NC(=O)[C@@H]2CSSC[C@H](NC(=O)[C@@H](N)Cc3ccc(O)cc3)C(=O)N[C@@H](CCC(N)=O)C(=O)N[C@@H](CCCCN)C(=O)N[C@@H](Cc3ccccc3)C(=O)N[C@@H](CC(C)C)C(=O)N[C@@H](C)C(=O)N3CCC[C@H]3C(=O)N[C@H]3CSSC[C@H](NC(=O)[C@H](C(C)C)NC1=O)C(=O)N[C@@H](CCCNC(=N)N)C(=O)N[C@@H](CC(C)C)C(=O)N[C@@H](Cc1c[nH]c4ccccc14)C(=O)N[C@H](C(=O)N[C@@H](CCCCN)C(=O)N[C@@H](CCCCN)C(=O)N[C@@H](CCCCN)C(=O)N[C@@H](CC(C)C)C(=O)N[C@@H](Cc1c[nH]c4ccccc14)C(N)=O)CSSC[C@H](NC(=O)[C@H](CCCCN)NC(=O)[C@H](CCCNC(=N)N)NC(=O)[C@H](CCC(=O)O)NC(=O)[C@H](CO)NC(=O)[C@H](CC(=O)O)NC3=O)C(=O)N2,True,high
STR-607EE12240E722EC08AE,IC50,biochemical_binding,1,1,0,1,1,0,0,6.991399828238082,6.991399828238082,6.991399828238082,102.0,102.0,IC50,1,inhibitory_potency,1,biochemical_binding,1,ChEMBL,CHEMBL4565646,Menin,2019,=,CC(=O)N[C@H]1CCC[C@@H]1[C@](C#N)(c1ccccc1)C1CCN(CC2CN(c3ccc(C#N)cc3)C2)CC1,CC(=O)N[C@H]1CCC[C@@H]1[C@](C#N)(c1ccccc1)C1CCN(CC2CN(c3ccc(C#N)cc3)C2)CC1,CC(=O)N[C@H]1CCC[C@@H]1[C@](C#N)(c1ccccc1)C1CCN(CC2CN(c3ccc(C#N)cc3)C2)CC1,CC(=O)N[C@H]1CCC[C@@H]1[C@](C#N)(c1ccccc1)C1CCN(CC2CN(c3ccc(C#N)cc3)C2)CC1,FFGIAMNWBZNVQQ-RWSKJCERSA-N,FFGIAMNWBZNVQQ-RWSKJCERSA-N,standardized,0.0,False,2.0,strict_exact,exact_point_estimate,moderate_100nM_to_1uM,False,True,IC50,biochemical_binding,False,0.9207540116900418,0.3995167950854637,0.3404255211353302,N#Cc1ccc(N2CCN(Cc3cc(C(=O)N[C@H]4CCCC[C@@H]4O)c(=O)n4ccccc34)CC2)cc1,True,high
STR-84E68E67151229290F47,IC50,biochemical_binding,1,1,0,1,1,0,0,6.991399828238082,6.991399828238082,6.991399828238082,102.0,102.0,IC50,1,inhibitory_potency,1,biochemical_binding,1,ChEMBL,CHEMBL2314817,Menin,2013,=,N=C(N)NCCC[C@@H]1NC(=O)C2(CCC2)NC(=O)[C@@H]2CCCN2C(=O)[C@H](Cc2ccccc2F)NC(=O)[C@@H](N)CCCCCCCCNC(=O)[C@@H]2CCCN2C1=O,N=C(N)NCCC[C@@H]1NC(=O)C2(CCC2)NC(=O)[C@@H]2CCCN2C(=O)[C@H](Cc2ccccc2F)NC(=O)[C@@H](N)CCCCCCCCNC(=O)[C@@H]2CCCN2C1=O,N=C(N)NCCC[C@@H]1NC(=O)C2(CCC2)NC(=O)[C@@H]2CCCN2C(=O)[C@H](Cc2ccccc2F)NC(=O)[C@@H](N)CCCCCCCCNC(=O)[C@@H]2CCCN2C1=O,N=C(N)NCCC[C@@H]1NC(=O)C2(CCC2)NC(=O)[C@@H]2CCCN2C(=O)[C@H](Cc2ccccc2F)NC(=O)[C@@H](N)CCCCCCCCNC(=O)[C@@H]2CCCN2C1=O,OQTOBSXIFPJPQQ-XDIGFQIYSA-N,OQTOBSXIFPJPQQ-XDIGFQIYSA-N,standardized,0.0,False,2.0,strict_exact,exact_point_estimate,moderate_100nM_to_1uM,False,True,IC50,biochemical_binding,False,0.8219828518175218,0.6757200352310491,0.2525773048400879,CC(C)C[C@@H]1NC(=O)CNC(=O)[C@H](CCC(=O)O)NC(=O)[C@@H]2CSSC[C@H](NC(=O)[C@@H](N)Cc3ccc(O)cc3)C(=O)N[C@@H](CCC(N)=O)C(=O)N[C@@H](CCCCN)C(=O)N[C@@H](Cc3ccccc3)C(=O)N[C@@H](CC(C)C)C(=O)N[C@@H](C)C(=O)N3CCC[C@H]3C(=O)N[C@H]3CSSC[C@H](NC(=O)[C@H](C(C)C)NC1=O)C(=O)N[C@@H](CCCNC(=N)N)C(=O)N[C@@H](CC(C)C)C(=O)N[C@@H](Cc1c[nH]c4ccccc14)C(=O)N[C@H](C(=O)N[C@@H](CCCCN)C(=O)N[C@@H](CCCCN)C(=O)N[C@@H](CCCCN)C(=O)N[C@@H](CC(C)C)C(=O)N[C@@H](Cc1c[nH]c4ccccc14)C(N)=O)CSSC[C@H](NC(=O)[C@H](CCCCN)NC(=O)[C@H](CCCNC(=N)N)NC(=O)[C@H](CCC(=O)O)NC(=O)[C@H](CO)NC(=O)[C@H](CC(=O)O)NC3=O)C(=O)N2,True,high
STR-852CFBD6CFCE9E722768,IC50,biochemical_binding,1,2,1,2,1,0,0,6.991399828238082,6.991399828238082,6.991399828238082,102.0,102.0,IC50,1,inhibitory_potency,1,biochemical_binding,1,ChEMBL;PubChem,CHEMBL5819018,Menin,2021,=,CC(=O)N[C@H]1CCC[C@@H]1C(C#N)(c1ccccc1)C1CCN(CC2CN(c3ccc(C#N)cc3)C2)CC1,CC(=O)N[C@H]1CCC[C@@H]1C(C#N)(c1ccccc1)C1CCN(CC2CN(c3ccc(C#N)cc3)C2)CC1,CC(=O)N[C@H]1CCC[C@@H]1C(C#N)(c1ccccc1)C1CCN(CC2CN(c3ccc(C#N)cc3)C2)CC1,CC(=O)N[C@H]1CCC[C@@H]1C(C#N)(c1ccccc1)C1CCN(CC2CN(c3ccc(C#N)cc3)C2)CC1,FFGIAMNWBZNVQQ-XPZBDPFPSA-N,FFGIAMNWBZNVQQ-XPZBDPFPSA-N,standardized,0.0,False,2.0,strict_exact,exact_point_estimate,moderate_100nM_to_1uM,False,True,IC50,biochemical_binding,False,0.9207540116900418,0.3995167950854637,0.3404255211353302,N#Cc1ccc(N2CCN(Cc3cc(C(=O)N[C@H]4CCCC[C@@H]4O)c(=O)n4ccccc34)CC2)cc1,True,high
STR-9FED646BC83A53D2E9C9,IC50,biochemical_binding,1,2,1,2,1,0,0,6.982966660701219,6.982966660701219,6.982966660701219,104.0,104.0,IC50,1,inhibitory_potency,1,biochemical_binding,1,ChEMBL;PubChem,CHEMBL6010521,Menin,2021,=,O=S(=O)(c1ccc(N2CC(F)(CN3CCC(C4(C5CCCC5)NCCc5ccccc54)CC3)C2)cc1)C1CC1,O=S(=O)(c1ccc(N2CC(F)(CN3CCC(C4(C5CCCC5)NCCc5ccccc54)CC3)C2)cc1)C1CC1,O=S(=O)(c1ccc(N2CC(F)(CN3CCC(C4(C5CCCC5)NCCc5ccccc54)CC3)C2)cc1)C1CC1,O=S(=O)(c1ccc(N2CC(F)(CN3CCC(C4(C5CCCC5)NCCc5ccccc54)CC3)C2)cc1)C1CC1,JOMIIYTUUJFABP-UHFFFAOYSA-N,JOMIIYTUUJFABP-UHFFFAOYSA-N,standardized,0.0,False,2.0,strict_exact,exact_point_estimate,moderate_100nM_to_1uM,False,True,IC50,biochemical_binding,False,0.9460475525236037,0.3029551280404227,0.3142857253551483,O=S(=O)(c1ccccc1)C1CCN(CCc2ccccc2)CC1,True,high
STR-9C6F5F9AE1FD0341471B,IC50,biochemical_binding,2,3,1,2,2,0,0,6.979086618681228,7.113509274827518,6.844663962534938,110.0,77.0,IC50,1,inhibitory_potency,1,biochemical_binding,1,ChEMBL;PubChem,CHEMBL4592512,Menin,2019;2021,=,CS(=O)(=O)c1ccc(N2CC(CN3CCC(C4(C5CCCC5)NCCc5ccccc54)CC3)C2)cc1,CS(=O)(=O)c1ccc(N2CC(CN3CCC(C4(C5CCCC5)NCCc5ccccc54)CC3)C2)cc1,CS(=O)(=O)c1ccc(N2CC(CN3CCC(C4(C5CCCC5)NCCc5ccccc54)CC3)C2)cc1,CS(=O)(=O)c1ccc(N2CC(CN3CCC(C4(C5CCCC5)NCCc5ccccc54)CC3)C2)cc1,OSKQDPXBAVLYRS-UHFFFAOYSA-N,OSKQDPXBAVLYRS-UHFFFAOYSA-N,standardized,0.26884531229258,False,2.0,strict_exact,exact_point_estimate,moderate_100nM_to_1uM,False,True,IC50,biochemical_binding,False,0.9581515545090209,0.25070398450253695,0.27710843086242676,CC[C@]1(c2cccc(NS(C)(=O)=O)c2)[C@@H]2CN(CC3Cc4ccccc4C3)C[C@@H]21,True,high
STR-21023797F115C4D325D4,IC50,biochemical_binding,1,2,1,2,1,0,0,6.96657624451305,6.96657624451305,6.96657624451305,108.0,108.0,IC50,1,inhibitory_potency,1,biochemical_binding,1,ChEMBL;PubChem,CHEMBL5945524,Menin,2021,=,CNC(=O)N[C@@H]1CCC[C@H]1C(CN)(c1ccccc1)C1CCN(CC2CN(c3ccc(S(=O)(=O)c4ccccc4)cc3)C2)CC1,CNC(=O)N[C@@H]1CCC[C@H]1C(CN)(c1ccccc1)C1CCN(CC2CN(c3ccc(S(=O)(=O)c4ccccc4)cc3)C2)CC1,CNC(=O)N[C@@H]1CCC[C@H]1C(CN)(c1ccccc1)C1CCN(CC2CN(c3ccc(S(=O)(=O)c4ccccc4)cc3)C2)CC1,CNC(=O)N[C@@H]1CCC[C@H]1C(CN)(c1ccccc1)C1CCN(CC2CN(c3ccc(S(=O)(=O)c4ccccc4)cc3)C2)CC1,RXRPLAZNSINGDU-INSQSLAKSA-N,RXRPLAZNSINGDU-INSQSLAKSA-N,standardized,0.0,False,2.0,strict_exact,exact_point_estimate,moderate_100nM_to_1uM,False,True,IC50,biochemical_binding,False,0.9094580047726308,0.43827634381533903,0.2631579041481018,CC(=O)Nc1cccc(N2CCN(CC3CCN(S(=O)(=O)CC4CCCCC4)CC3)CC2)c1,True,high
STR-EF59F4B25BA340184A39,IC50,biochemical_binding,1,1,0,1,1,0,0,6.958607314841775,6.958607314841775,6.958607314841775,110.0,110.0,IC50,1,inhibitory_potency,1,biochemical_binding,1,PubChem,178185574,Menin,2026,=,CC(C)[C@@H](CCCN(C)C)N1CC2(CCN(C3N=CN=NC3Oc3ccc(F)cc3C(=O)N(C(C)C)C(C)C)C2)C1,CC(C)[C@@H](CCCN(C)C)N1CC2(C1)CCN(C2)C3C(N=NC=N3)OC4=C(C=C(C=C4)F)C(=O)N(C(C)C)C(C)C,CC(C)[C@@H](CCCN(C)C)N1CC2(CCN(C3N=CN=NC3Oc3ccc(F)cc3C(=O)N(C(C)C)C(C)C)C2)C1,CC(C)[C@@H](CCCN(C)C)N1CC2(CCN(C3N=CN=NC3Oc3ccc(F)cc3C(=O)N(C(C)C)C(C)C)C2)C1,ZGYSPPLDOMJGHI-CSJMBUEXSA-N,ZGYSPPLDOMJGHI-CSJMBUEXSA-N,standardized,0.0,False,2.0,strict_exact,exact_point_estimate,moderate_100nM_to_1uM,False,True,IC50,biochemical_binding,False,0.8201012834373563,0.6798554252040924,0.3302752375602722,CCN(C(=O)c1cc(F)ccc1Oc1cncnc1N1CC2(CCN(CC3CCCCC3)CC2)C1)C(C)C,True,high
STR-F51B7D171A1ED736805D,IC50,biochemical_binding,1,1,0,1,1,0,0,6.958607314841775,6.958607314841775,6.958607314841775,110.0,110.0,IC50,1,inhibitory_potency,1,biochemical_binding,1,PubChem,156531628,Menin,2026,=,CCN(C)CCC[C@H](C(C)C)N1CC2(CCN(c3ncnnc3Oc3ccc(F)cc3C(=O)N(CC)C(C)C)C2)C1,CCN(C)CCC[C@H](C(C)C)N1CC2(C1)CCN(C2)C3=C(N=NC=N3)OC4=C(C=C(C=C4)F)C(=O)N(CC)C(C)C,CCN(C)CCC[C@H](C(C)C)N1CC2(CCN(c3ncnnc3Oc3ccc(F)cc3C(=O)N(CC)C(C)C)C2)C1,CCN(C)CCC[C@H](C(C)C)N1CC2(CCN(c3ncnnc3Oc3ccc(F)cc3C(=O)N(CC)C(C)C)C2)C1,JHZNQRHFDIODOT-AREMUKBSSA-N,JHZNQRHFDIODOT-AREMUKBSSA-N,standardized,0.0,False,2.0,strict_exact,exact_point_estimate,moderate_100nM_to_1uM,False,True,IC50,biochemical_binding,False,0.6835430602470036,0.9004868150967746,0.6333333253860474,CCN(C(=O)c1cc(F)ccc1Oc1nncnc1N1CC2(CCN(CC3(SC)CC3)CC2)C1)C(C)C,True,medium
STR-D2329F0EB178ECBDC6B6,IC50,biochemical_binding,1,2,1,2,1,0,0,6.954677021213342,6.954677021213342,6.954677021213342,111.0,111.0,IC50,1,inhibitory_potency,1,biochemical_binding,1,ChEMBL;PubChem,CHEMBL6027635,Menin,2021,=,N#CC(c1ccccc1)(C1CCN(CC2CN(c3ccc(S(=O)(=O)c4ccncc4)cc3)C2)CC1)[C@H]1CCC[C@@H]1OC(=O)C1CCC1,N#CC(c1ccccc1)(C1CCN(CC2CN(c3ccc(S(=O)(=O)c4ccncc4)cc3)C2)CC1)[C@H]1CCC[C@@H]1OC(=O)C1CCC1,N#CC(c1ccccc1)(C1CCN(CC2CN(c3ccc(S(=O)(=O)c4ccncc4)cc3)C2)CC1)[C@H]1CCC[C@@H]1OC(=O)C1CCC1,N#CC(c1ccccc1)(C1CCN(CC2CN(c3ccc(S(=O)(=O)c4ccncc4)cc3)C2)CC1)[C@H]1CCC[C@@H]1OC(=O)C1CCC1,UPXKEAPHHNBDHK-MROBMTMESA-N,UPXKEAPHHNBDHK-MROBMTMESA-N,standardized,0.0,False,2.0,strict_exact,exact_point_estimate,moderate_100nM_to_1uM,False,True,IC50,biochemical_binding,False,0.9028133618754581,0.4600134724066174,0.2631579041481018,O=C(O)c1ccc(N2CCC(CN3CCC(Oc4ccc(Cl)c(Cl)c4)CC3)CC2)cc1,True,high
STR-2427F8EACDBEB2183A48,IC50,biochemical_binding,2,2,0,1,2,0,0,6.95337673444808,7.173925197299173,6.732828271596986,126.0,67.0,IC50,1,inhibitory_potency,1,biochemical_binding,1,ChEMBL,CHEMBL3126196,Menin,2014;2019,=,N#Cc1ccc(OCCCN2CCC(C(N)(c3ccccc3)C3CCCC3)CC2)cc1,N#Cc1ccc(OCCCN2CCC(C(N)(c3ccccc3)C3CCCC3)CC2)cc1,N#Cc1ccc(OCCCN2CCC(C(N)(c3ccccc3)C3CCCC3)CC2)cc1,N#Cc1ccc(OCCCN2CCC(C(N)(c3ccccc3)C3CCCC3)CC2)cc1,AUWUGRCKTQSGJY-UHFFFAOYSA-N,AUWUGRCKTQSGJY-UHFFFAOYSA-N,standardized,0.4410969257021868,False,2.0,strict_exact,exact_point_estimate,moderate_100nM_to_1uM,False,True,IC50,biochemical_binding,False,0.9530024959442376,0.2735029908569332,0.5438596606254578,OC(c1ccccc1)(c1ccccc1)C1CCN(CCCOc2ccc(-c3ccccc3)cc2)CC1,True,high
STR-53AEACA9E792A76EA570,IC50,biochemical_binding,1,2,1,2,1,0,0,6.950781977329818,6.950781977329818,6.950781977329818,112.0,112.0,IC50,1,inhibitory_potency,1,biochemical_binding,1,ChEMBL;PubChem,CHEMBL5937223,Menin,2021,=,CNC(=O)O[C@H]1CCC[C@@H]1C(C#N)(c1ccccc1)C1CCN(CC2CN(c3ccc(C)cc3)C2)CC1,CNC(=O)O[C@H]1CCC[C@@H]1C(C#N)(c1ccccc1)C1CCN(CC2CN(c3ccc(C)cc3)C2)CC1,CNC(=O)O[C@H]1CCC[C@@H]1C(C#N)(c1ccccc1)C1CCN(CC2CN(c3ccc(C)cc3)C2)CC1,CNC(=O)O[C@H]1CCC[C@@H]1C(C#N)(c1ccccc1)C1CCN(CC2CN(c3ccc(C)cc3)C2)CC1,VIVQBGAVUNUMKT-MYABOAQRSA-N,VIVQBGAVUNUMKT-MYABOAQRSA-N,standardized,0.0,False,2.0,strict_exact,exact_point_estimate,moderate_100nM_to_1uM,False,True,IC50,biochemical_binding,False,0.892773010312212,0.4914946409736447,0.3164556920528412,Cc1ccc(CCCCN2CCC(C(O)(c3ccccc3)c3ccccc3)CC2)cc1,True,high
STR-FEFFBCD58898FB83A7AC,IC50,biochemical_binding,1,1,0,1,1,0,0,6.950781977329818,6.950781977329818,6.950781977329818,112.0,112.0,IC50,1,inhibitory_potency,1,biochemical_binding,1,ChEMBL,CHEMBL2314572,Menin,2013,=,N=C(N)NCCC[C@@H]1NC(=O)C2(CCC2)NC(=O)[C@@H]2CCCN2C(=O)[C@H](Cc2ccccc2Cl)NC(=O)[C@@H](N)CCCCCCCCNC(=O)[C@@H]2CCCN2C1=O,N=C(N)NCCC[C@@H]1NC(=O)C2(CCC2)NC(=O)[C@@H]2CCCN2C(=O)[C@H](Cc2ccccc2Cl)NC(=O)[C@@H](N)CCCCCCCCNC(=O)[C@@H]2CCCN2C1=O,N=C(N)NCCC[C@@H]1NC(=O)C2(CCC2)NC(=O)[C@@H]2CCCN2C(=O)[C@H](Cc2ccccc2Cl)NC(=O)[C@@H](N)CCCCCCCCNC(=O)[C@@H]2CCCN2C1=O,N=C(N)NCCC[C@@H]1NC(=O)C2(CCC2)NC(=O)[C@@H]2CCCN2C(=O)[C@H](Cc2ccccc2Cl)NC(=O)[C@@H](N)CCCCCCCCNC(=O)[C@@H]2CCCN2C1=O,XSBPMQOYVMBOAJ-XDIGFQIYSA-N,XSBPMQOYVMBOAJ-XDIGFQIYSA-N,standardized,0.0,False,2.0,strict_exact,exact_point_estimate,moderate_100nM_to_1uM,False,True,IC50,biochemical_binding,False,0.8508308919527544,0.6077570854441889,0.2448979616165161,CC(C)C[C@@H]1NC(=O)CNC(=O)[C@H](CCC(=O)O)NC(=O)[C@@H]2CSSC[C@H](NC(=O)[C@@H](N)Cc3ccc(O)cc3)C(=O)N[C@@H](CCC(N)=O)C(=O)N[C@@H](CCCCN)C(=O)N[C@@H](Cc3ccccc3)C(=O)N[C@@H](CC(C)C)C(=O)N[C@@H](C)C(=O)N3CCC[C@H]3C(=O)N[C@H]3CSSC[C@H](NC(=O)[C@H](C(C)C)NC1=O)C(=O)N[C@@H](CCCNC(=N)N)C(=O)N[C@@H](CC(C)C)C(=O)N[C@@H](Cc1c[nH]c4ccccc14)C(=O)N[C@H](C(=O)N[C@@H](CCCCN)C(=O)N[C@@H](CCCCN)C(=O)N[C@@H](CCCCN)C(=O)N[C@@H](CC(C)C)C(=O)N[C@@H](Cc1c[nH]c4ccccc14)C(N)=O)CSSC[C@H](NC(=O)[C@H](CCCCN)NC(=O)[C@H](CCCNC(=N)N)NC(=O)[C@H](CCC(=O)O)NC(=O)[C@H](CO)NC(=O)[C@H](CC(=O)O)NC3=O)C(=O)N2,True,high
STR-EB3EDBE36DF9F6873496,IC50,biochemical_binding,1,1,0,1,1,0,0,6.943095148663527,6.943095148663527,6.943095148663527,114.0,114.0,IC50,1,inhibitory_potency,1,biochemical_binding,1,ChEMBL,CHEMBL3126199,Menin,2014,=,NS(=O)(=O)c1ccc(OCCCN2CCC(C(O)(c3ccccn3)C3CCCC3)CC2)cc1,NS(=O)(=O)c1ccc(OCCCN2CCC(C(O)(c3ccccn3)C3CCCC3)CC2)cc1,NS(=O)(=O)c1ccc(OCCCN2CCC(C(O)(c3ccccn3)C3CCCC3)CC2)cc1,NS(=O)(=O)c1ccc(OCCCN2CCC(C(O)(c3ccccn3)C3CCCC3)CC2)cc1,NQXVDDGKDJESCO-UHFFFAOYSA-N,NQXVDDGKDJESCO-UHFFFAOYSA-N,standardized,0.0,False,2.0,strict_exact,exact_point_estimate,moderate_100nM_to_1uM,False,True,IC50,biochemical_binding,False,0.6587186432112285,0.9260396006596621,0.5535714030265808,NS(=O)(=O)c1ccc(OCCCN2CCCCC2)cc1,True,medium
STR-39A915FABCDA41B4B311,IC50,biochemical_binding,1,2,1,2,1,0,0,6.935542010773082,6.935542010773082,6.935542010773082,116.0,116.0,IC50,1,inhibitory_potency,1,biochemical_binding,1,ChEMBL;PubChem,CHEMBL5746652,Menin,2021,=,CCc1nccn1CC(c1ccccc1)(C1CCN(CC2CN(c3ccc(C#N)cc3)C2)CC1)[C@@H]1CCC[C@H]1OC(=O)NC,CCc1nccn1CC(c1ccccc1)(C1CCN(CC2CN(c3ccc(C#N)cc3)C2)CC1)[C@@H]1CCC[C@H]1OC(=O)NC,CCc1nccn1CC(c1ccccc1)(C1CCN(CC2CN(c3ccc(C#N)cc3)C2)CC1)[C@@H]1CCC[C@H]1OC(=O)NC,CCc1nccn1CC(c1ccccc1)(C1CCN(CC2CN(c3ccc(C#N)cc3)C2)CC1)[C@@H]1CCC[C@H]1OC(=O)NC,DSOWOWNLUVRUIU-CPKRCLNGSA-N,DSOWOWNLUVRUIU-CPKRCLNGSA-N,standardized,0.0,False,2.0,strict_exact,exact_point_estimate,moderate_100nM_to_1uM,False,True,IC50,biochemical_binding,False,0.9323516677534397,0.35708576296643835,0.29357796907424927,N#Cc1ccc(N2CCN(Cc3cc(C(=O)N[C@H]4CCCC[C@@H]4O)c(=O)n4ccccc34)CC2)cc1,True,high
STR-3B0D0745EF6A1078CAD2,IC50,biochemical_binding,1,1,0,1,1,0,0,6.920818753952375,6.920818753952375,6.920818753952375,120.0,120.0,IC50,1,inhibitory_potency,1,biochemical_binding,1,PubChem,178185573,Menin,2026,=,CCN(C(=O)c1cc(F)ccc1OC1N=NC=NC1N1CCC2(C1)CN([C@H](CCCNCCC#N)C(C)C)C2)C(C)C,CCN(C(C)C)C(=O)C1=C(C=CC(=C1)F)OC2C(N=CN=N2)N3CCC4(C3)CN(C4)[C@H](CCCNCCC#N)C(C)C,CCN(C(=O)c1cc(F)ccc1OC1N=NC=NC1N1CCC2(C1)CN([C@H](CCCNCCC#N)C(C)C)C2)C(C)C,CCN(C(=O)c1cc(F)ccc1OC1N=NC=NC1N1CCC2(C1)CN([C@H](CCCNCCC#N)C(C)C)C2)C(C)C,MWHCVOYLLJQWHM-CSJMBUEXSA-N,MWHCVOYLLJQWHM-CSJMBUEXSA-N,standardized,0.0,False,2.0,strict_exact,exact_point_estimate,moderate_100nM_to_1uM,False,True,IC50,biochemical_binding,False,0.7923321941655982,0.7370011218405117,0.373913049697876,CCN(C(=O)c1cc(F)ccc1Oc1cncnc1N1CC2(CCN(CC3CCCCC3)CC2)C1)C(C)C,True,high
STR-479A1AD4514C662AB87A,IC50,biochemical_binding,1,1,0,1,1,0,0,6.920818753952375,6.920818753952375,6.920818753952375,120.0,120.0,IC50,1,inhibitory_potency,1,biochemical_binding,1,PubChem,156531468,Menin,2026,=,CCN(C(=O)c1cc(F)ccc1Oc1nnc(NC)nc1N1CCC2(C1)CN([C@H](CCCN)C(C)C)C2)C(C)C,CCN(C(C)C)C(=O)C1=C(C=CC(=C1)F)OC2=C(N=C(N=N2)NC)N3CCC4(C3)CN(C4)[C@H](CCCN)C(C)C,CCN(C(=O)c1cc(F)ccc1Oc1nnc(NC)nc1N1CCC2(C1)CN([C@H](CCCN)C(C)C)C2)C(C)C,CCN(C(=O)c1cc(F)ccc1Oc1nnc(NC)nc1N1CCC2(C1)CN([C@H](CCCN)C(C)C)C2)C(C)C,DAJLQVCCABYRBF-HSZRJFAPSA-N,DAJLQVCCABYRBF-HSZRJFAPSA-N,standardized,0.0,False,2.0,strict_exact,exact_point_estimate,moderate_100nM_to_1uM,False,True,IC50,biochemical_binding,False,0.8134382917546128,0.6942231512791033,0.49000000953674316,CCN(C(=O)c1cc(F)ccc1Oc1nncnc1N1CC2(CCN(CC3(SC)CC3)CC2)C1)C(C)C,True,high
STR-52142363ACB32B4956F1,IC50,biochemical_binding,1,1,0,1,1,0,0,6.920818753952375,6.920818753952375,6.920818753952375,120.0,120.0,IC50,1,inhibitory_potency,1,biochemical_binding,1,PubChem,156531916,Menin,2026,=,CCN(C(=O)c1cc(F)ccc1Oc1nnc(OC)nc1N1CCC2(C1)CN([C@H](CCCN(C)C)C(C)C)C2)C(C)C,CCN(C(C)C)C(=O)C1=C(C=CC(=C1)F)OC2=C(N=C(N=N2)OC)N3CCC4(C3)CN(C4)[C@H](CCCN(C)C)C(C)C,CCN(C(=O)c1cc(F)ccc1Oc1nnc(OC)nc1N1CCC2(C1)CN([C@H](CCCN(C)C)C(C)C)C2)C(C)C,CCN(C(=O)c1cc(F)ccc1Oc1nnc(OC)nc1N1CCC2(C1)CN([C@H](CCCN(C)C)C(C)C)C2)C(C)C,OHWMEMHPARMTGX-RUZDIDTESA-N,OHWMEMHPARMTGX-RUZDIDTESA-N,standardized,0.0,False,2.0,strict_exact,exact_point_estimate,moderate_100nM_to_1uM,False,True,IC50,biochemical_binding,False,0.8063730227661857,0.7089974535284412,0.49494948983192444,CCN(C(=O)c1cc(F)ccc1Oc1nncnc1N1CC2(CCN(CC3(SC)CC3)CC2)C1)C(C)C,True,high
STR-6C98F61E1E52A5856618,IC50,biochemical_binding,1,1,0,1,1,0,0,6.920818753952375,6.920818753952375,6.920818753952375,120.0,120.0,IC50,1,inhibitory_potency,1,biochemical_binding,1,PubChem,156531812,Menin,2026,=,CC(C)[C@@H](CCC(C)(C)N)N1CC2(CCN(c3ncnnc3Oc3ccc(F)cc3-c3cncnc3C3CC3)C2)C1,CC(C)[C@@H](CCC(C)(C)N)N1CC2(C1)CCN(C2)C3=C(N=NC=N3)OC4=C(C=C(C=C4)F)C5=CN=CN=C5C6CC6,CC(C)[C@@H](CCC(C)(C)N)N1CC2(CCN(c3ncnnc3Oc3ccc(F)cc3-c3cncnc3C3CC3)C2)C1,CC(C)[C@@H](CCC(C)(C)N)N1CC2(CCN(c3ncnnc3Oc3ccc(F)cc3-c3cncnc3C3CC3)C2)C1,QKIUANDYULVCFE-RUZDIDTESA-N,QKIUANDYULVCFE-RUZDIDTESA-N,standardized,0.0,False,2.0,strict_exact,exact_point_estimate,moderate_100nM_to_1uM,False,True,IC50,biochemical_binding,False,0.8358841746976036,0.6440656180363734,0.38317757844924927,CC1(CN2CCC3(CC2)CN(c2ncnnc2Oc2ccc(F)cc2C(=O)N2C4CCC2COC4)C3)CC1,True,high
STR-8B2AB072C4548D2116F2,IC50,biochemical_binding,1,1,0,1,1,0,0,6.920818753952375,6.920818753952375,6.920818753952375,120.0,120.0,IC50,1,inhibitory_potency,1,biochemical_binding,1,PubChem,156532036,Menin,2026,=,COCCN(C)CCC[C@H](C(C)C)N1CC2(CCN(c3ncnnc3Oc3ccc(F)cc3C(=O)N(C(C)C)C(C)C)C2)C1,CC(C)[C@@H](CCCN(C)CCOC)N1CC2(C1)CCN(C2)C3=C(N=NC=N3)OC4=C(C=C(C=C4)F)C(=O)N(C(C)C)C(C)C,COCCN(C)CCC[C@H](C(C)C)N1CC2(CCN(c3ncnnc3Oc3ccc(F)cc3C(=O)N(C(C)C)C(C)C)C2)C1,COCCN(C)CCC[C@H](C(C)C)N1CC2(CCN(c3ncnnc3Oc3ccc(F)cc3C(=O)N(C(C)C)C(C)C)C2)C1,MTNNOKFINBKFMT-MUUNZHRXSA-N,MTNNOKFINBKFMT-MUUNZHRXSA-N,standardized,0.0,False,2.0,strict_exact,exact_point_estimate,moderate_100nM_to_1uM,False,True,IC50,biochemical_binding,False,0.7118727521332867,0.8662897857802065,0.5050504803657532,CCN(C(=O)c1cc(F)ccc1Oc1nncnc1N1CC2(CCN(CC3(SC)CC3)CC2)C1)C(C)C,True,high
STR-EFBDC82F897837532FAC,IC50,biochemical_binding,1,1,0,1,1,0,0,6.920818753952375,6.920818753952375,6.920818753952375,120.0,120.0,IC50,1,inhibitory_potency,1,biochemical_binding,1,PubChem,156531779,Menin,2026,=,CCN(C(=O)c1cc(F)ccc1Oc1nncnc1N1CCC2(C1)CN([C@H](CCCN(C)[C@@H](C)COC)C(C)C)C2)C(C)C,CCN(C(C)C)C(=O)C1=C(C=CC(=C1)F)OC2=C(N=CN=N2)N3CCC4(C3)CN(C4)[C@H](CCCN(C)[C@@H](C)COC)C(C)C,CCN(C(=O)c1cc(F)ccc1Oc1nncnc1N1CCC2(C1)CN([C@H](CCCN(C)[C@@H](C)COC)C(C)C)C2)C(C)C,CCN(C(=O)c1cc(F)ccc1Oc1nncnc1N1CCC2(C1)CN([C@H](CCCN(C)[C@@H](C)COC)C(C)C)C2)C(C)C,PUOUJWXILKKQSQ-LBNVMWSVSA-N,PUOUJWXILKKQSQ-LBNVMWSVSA-N,standardized,0.0,False,2.0,strict_exact,exact_point_estimate,moderate_100nM_to_1uM,False,True,IC50,biochemical_binding,False,0.6551403453262631,0.9293933181118674,0.59375,CCN(C(=O)c1cc(F)ccc1Oc1nncnc1N1CC2(CCN(CC3(SC)CC3)CC2)C1)C(C)C,True,medium
STR-62B57AB9305786A0B7AA,IC50,biochemical_binding,1,2,1,2,1,0,0,6.913640169325252,6.913640169325252,6.913640169325252,122.0,122.0,IC50,1,inhibitory_potency,1,biochemical_binding,1,ChEMBL;PubChem,CHEMBL5889077,Menin,2021,=,CC(C)(C)S(=O)(=O)c1ccc(N2CC(CN3CCC(C4(C5CCCC5)NCCc5ccccc54)CC3)C2)cc1,CC(C)(C)S(=O)(=O)c1ccc(N2CC(CN3CCC(C4(C5CCCC5)NCCc5ccccc54)CC3)C2)cc1,CC(C)(C)S(=O)(=O)c1ccc(N2CC(CN3CCC(C4(C5CCCC5)NCCc5ccccc54)CC3)C2)cc1,CC(C)(C)S(=O)(=O)c1ccc(N2CC(CN3CCC(C4(C5CCCC5)NCCc5ccccc54)CC3)C2)cc1,ZVZXLSCRDCXWND-UHFFFAOYSA-N,ZVZXLSCRDCXWND-UHFFFAOYSA-N,standardized,0.0,False,2.0,strict_exact,exact_point_estimate,moderate_100nM_to_1uM,False,True,IC50,biochemical_binding,False,0.9526439556735026,0.27505764418943945,0.261904776096344,CC(=O)N1Cc2ccccc2CC1CN1CCC2(CCc3ccccc32)CC1,True,high
STR-F27337C7FFCA9EF1AAB4,IC50,biochemical_binding,1,2,1,2,1,0,0,6.913640169325252,6.913640169325252,6.913640169325252,122.0,122.0,IC50,1,inhibitory_potency,1,biochemical_binding,1,ChEMBL;PubChem,CHEMBL5820592,Menin,2021,=,CC(=O)O[C@@H]1CCC[C@H]1C1(C2CCN(CC3CN(c4ccc(S(=O)(=O)C5CC5)cc4)C3)CC2)CN(C)Cc2ccccc21,CC(=O)O[C@@H]1CCC[C@H]1C1(C2CCN(CC3CN(c4ccc(S(=O)(=O)C5CC5)cc4)C3)CC2)CN(C)Cc2ccccc21,CC(=O)O[C@@H]1CCC[C@H]1C1(C2CCN(CC3CN(c4ccc(S(=O)(=O)C5CC5)cc4)C3)CC2)CN(C)Cc2ccccc21,CC(=O)O[C@@H]1CCC[C@H]1C1(C2CCN(CC3CN(c4ccc(S(=O)(=O)C5CC5)cc4)C3)CC2)CN(C)Cc2ccccc21,FQIXLSTYHBMVEG-ORITWGEGSA-N,FQIXLSTYHBMVEG-ORITWGEGSA-N,standardized,0.0,False,2.0,strict_exact,exact_point_estimate,moderate_100nM_to_1uM,False,True,IC50,biochemical_binding,False,0.8963623545407408,0.4804217215207426,0.2839506268501282,O=S(=O)(c1ccccc1)C1CCN(CCc2ccccc2)CC1,True,high
STR-E7EA8D7931BFDDAB9B7B,IC50,biochemical_binding,1,1,0,1,1,0,0,6.910094888560602,6.910094888560602,6.910094888560602,123.0,123.0,IC50,1,inhibitory_potency,1,biochemical_binding,1,ChEMBL,CHEMBL4210580,Menin,2018,=,Cc1c(CN2CCC(Nc3ncnc4sc(CC(F)(F)F)cc34)CC2)ccc2c1cc(C#N)n2C[C@H]1CNC(=O)CO1,Cc1c(CN2CCC(Nc3ncnc4sc(CC(F)(F)F)cc34)CC2)ccc2c1cc(C#N)n2C[C@H]1CNC(=O)CO1,Cc1c(CN2CCC(Nc3ncnc4sc(CC(F)(F)F)cc34)CC2)ccc2c1cc(C#N)n2C[C@H]1CNC(=O)CO1,Cc1c(CN2CCC(Nc3ncnc4sc(CC(F)(F)F)cc34)CC2)ccc2c1cc(C#N)n2C[C@H]1CNC(=O)CO1,JTUOGOXWKQAKOR-OAQYLSRUSA-N,JTUOGOXWKQAKOR-OAQYLSRUSA-N,standardized,0.0,False,2.0,strict_exact,exact_point_estimate,moderate_100nM_to_1uM,False,True,IC50,biochemical_binding,False,0.9286168898474212,0.3710640774480403,0.315315306186676,O=c1nc(NC2CCN(Cc3ccc4c(c3)OCO4)CC2)c2cc(Cl)ccc2n1CC(F)(F)F,True,high
STR-0B3BEA2BCB592D1DDA40,IC50,biochemical_binding,1,2,1,2,1,0,0,6.906578314837764,6.906578314837764,6.906578314837764,124.0,124.0,IC50,1,inhibitory_potency,1,biochemical_binding,1,ChEMBL;PubChem,CHEMBL5973247,Menin,2021,=,N#Cc1ccc(OCCCN2CCC(C(CN)(c3ccccc3)C3CCCC3)CC2)cc1,N#Cc1ccc(OCCCN2CCC(C(CN)(c3ccccc3)C3CCCC3)CC2)cc1,N#Cc1ccc(OCCCN2CCC(C(CN)(c3ccccc3)C3CCCC3)CC2)cc1,N#Cc1ccc(OCCCN2CCC(C(CN)(c3ccccc3)C3CCCC3)CC2)cc1,DPIKMEYTRBQEDK-UHFFFAOYSA-N,DPIKMEYTRBQEDK-UHFFFAOYSA-N,standardized,0.0,False,2.0,strict_exact,exact_point_estimate,moderate_100nM_to_1uM,False,True,IC50,biochemical_binding,False,0.9503578533657545,0.2848748728083863,0.5254237055778503,OC(c1ccccc1)(c1ccccc1)C1CCN(CCCOc2ccc(-c3ccccc3)cc2)CC1,True,high
STR-026263DECB2C2D5066E0,IC50,biochemical_binding,1,1,0,1,1,0,0,6.886056647693163,6.886056647693163,6.886056647693163,130.0,130.0,IC50,1,inhibitory_potency,1,biochemical_binding,1,PubChem,156531411,Menin,2026,=,CCN(C(=O)c1cc(F)ccc1Oc1nncnc1N1CCC2(C1)CN([C@H](CCCNCC(COC)OC)C(C)C)C2)C(C)C,CCN(C(C)C)C(=O)C1=C(C=CC(=C1)F)OC2=C(N=CN=N2)N3CCC4(C3)CN(C4)[C@H](CCCNCC(COC)OC)C(C)C,CCN(C(=O)c1cc(F)ccc1Oc1nncnc1N1CCC2(C1)CN([C@H](CCCNCC(COC)OC)C(C)C)C2)C(C)C,CCN(C(=O)c1cc(F)ccc1Oc1nncnc1N1CCC2(C1)CN([C@H](CCCNCC(COC)OC)C(C)C)C2)C(C)C,VOWVQSKXBYHGDQ-SVNIRARHSA-N,VOWVQSKXBYHGDQ-SVNIRARHSA-N,standardized,0.0,False,2.0,strict_exact,exact_point_estimate,moderate_100nM_to_1uM,False,True,IC50,biochemical_binding,False,0.6984399023461443,0.8831895985983943,0.5643564462661743,CCN(C(=O)c1cc(F)ccc1Oc1nncnc1N1CC2(CCN(CC3(SC)CC3)CC2)C1)C(C)C,True,medium
STR-1D90C1470EBB9030FBBA,IC50,biochemical_binding,1,1,0,1,1,0,0,6.886056647693163,6.886056647693163,6.886056647693163,130.0,130.0,IC50,1,inhibitory_potency,1,biochemical_binding,1,PubChem,156497999,Menin,2026,=,CCN(C(=O)c1cc(F)ccc1Oc1nncnc1N1CCC2(C1)CN([C@H](CCCN(C)C(C)CC(=O)N(C)C)C(C)C)C2)C(C)C,CCN(C(C)C)C(=O)C1=C(C=CC(=C1)F)OC2=C(N=CN=N2)N3CCC4(C3)CN(C4)[C@H](CCCN(C)C(C)CC(=O)N(C)C)C(C)C,CCN(C(=O)c1cc(F)ccc1Oc1nncnc1N1CCC2(C1)CN([C@H](CCCN(C)C(C)CC(=O)N(C)C)C(C)C)C2)C(C)C,CCN(C(=O)c1cc(F)ccc1Oc1nncnc1N1CCC2(C1)CN([C@H](CCCN(C)C(C)CC(=O)N(C)C)C(C)C)C2)C(C)C,YTBQSXQHHWVUTN-BNGNXUGRSA-N,YTBQSXQHHWVUTN-BNGNXUGRSA-N,standardized,0.0,False,2.0,strict_exact,exact_point_estimate,moderate_100nM_to_1uM,False,True,IC50,biochemical_binding,False,0.6346846413244588,0.9470070676737945,0.59375,CCN(C(=O)c1cc(F)ccc1Oc1nncnc1N1CC2(CCN(CC3(SC)CC3)CC2)C1)C(C)C,True,medium
STR-312EF6BDB711E79D339B,IC50,biochemical_binding,1,1,0,1,1,0,0,6.886056647693163,6.886056647693163,6.886056647693163,130.0,130.0,IC50,1,inhibitory_potency,1,biochemical_binding,1,PubChem,156531576,Menin,2026,=,CC(C)[C@@H](CCCN(C)[C@H](C)CC(N)=O)N1CC2(CCN(c3ncnnc3Oc3ccc(F)cc3C(=O)N(C(C)C)C(C)C)C2)C1,C[C@H](CC(=O)N)N(C)CCC[C@H](C(C)C)N1CC2(C1)CCN(C2)C3=C(N=NC=N3)OC4=C(C=C(C=C4)F)C(=O)N(C(C)C)C(C)C,CC(C)[C@@H](CCCN(C)[C@H](C)CC(N)=O)N1CC2(CCN(c3ncnnc3Oc3ccc(F)cc3C(=O)N(C(C)C)C(C)C)C2)C1,CC(C)[C@@H](CCCN(C)[C@H](C)CC(N)=O)N1CC2(CCN(c3ncnnc3Oc3ccc(F)cc3C(=O)N(C(C)C)C(C)C)C2)C1,OMPMVDNVMBQWBE-LEAFIULHSA-N,OMPMVDNVMBQWBE-LEAFIULHSA-N,standardized,0.0,False,2.0,strict_exact,exact_point_estimate,moderate_100nM_to_1uM,False,True,IC50,biochemical_binding,False,0.6778134184616939,0.9067434533638805,0.49504950642585754,CCN(C(=O)c1cc(F)ccc1Oc1nncnc1N1CC2(CCN(CC3(SC)CC3)CC2)C1)C(C)C,True,medium
STR-7490FDF2026E2906146B,IC50,biochemical_binding,1,1,0,1,1,0,0,6.886056647693163,6.886056647693163,6.886056647693163,130.0,130.0,IC50,1,inhibitory_potency,1,biochemical_binding,1,PubChem,156531413,Menin,2026,=,CCN(C(=O)c1cc(F)ccc1Oc1nncnc1N1CCC2(C1)CN([C@H](CCCN(C)C[C@H](COC)OC)C(C)C)C2)C(C)C,CCN(C(C)C)C(=O)C1=C(C=CC(=C1)F)OC2=C(N=CN=N2)N3CCC4(C3)CN(C4)[C@H](CCCN(C)C[C@H](COC)OC)C(C)C,CCN(C(=O)c1cc(F)ccc1Oc1nncnc1N1CCC2(C1)CN([C@H](CCCN(C)C[C@H](COC)OC)C(C)C)C2)C(C)C,CCN(C(=O)c1cc(F)ccc1Oc1nncnc1N1CCC2(C1)CN([C@H](CCCN(C)C[C@H](COC)OC)C(C)C)C2)C(C)C,MTSJANLOLAEYMN-XRKRLSELSA-N,MTSJANLOLAEYMN-XRKRLSELSA-N,standardized,0.0,False,2.0,strict_exact,exact_point_estimate,moderate_100nM_to_1uM,False,True,IC50,biochemical_binding,False,0.6523728047161239,0.9319310688262603,0.5699999928474426,CCN(C(=O)c1cc(F)ccc1Oc1nncnc1N1CC2(CCN(CC3(SC)CC3)CC2)C1)C(C)C,True,medium
STR-96E35423F541E47EB48A,IC50,biochemical_binding,1,1,0,1,1,0,0,6.886056647693163,6.886056647693163,6.886056647693163,130.0,130.0,IC50,1,inhibitory_potency,1,biochemical_binding,1,PubChem,156531777,Menin,2026,=,CC(C)[C@@H](CCCN(C)[C@@H](C)CC(N)=O)N1CC2(CCN(c3ncnnc3Oc3ccc(F)cc3C(=O)N(C(C)C)C(C)C)C2)C1,C[C@@H](CC(=O)N)N(C)CCC[C@H](C(C)C)N1CC2(C1)CCN(C2)C3=C(N=NC=N3)OC4=C(C=C(C=C4)F)C(=O)N(C(C)C)C(C)C,CC(C)[C@@H](CCCN(C)[C@@H](C)CC(N)=O)N1CC2(CCN(c3ncnnc3Oc3ccc(F)cc3C(=O)N(C(C)C)C(C)C)C2)C1,CC(C)[C@@H](CCCN(C)[C@@H](C)CC(N)=O)N1CC2(CCN(c3ncnnc3Oc3ccc(F)cc3C(=O)N(C(C)C)C(C)C)C2)C1,OMPMVDNVMBQWBE-LBNVMWSVSA-N,OMPMVDNVMBQWBE-LBNVMWSVSA-N,standardized,0.0,False,2.0,strict_exact,exact_point_estimate,moderate_100nM_to_1uM,False,True,IC50,biochemical_binding,False,0.6778134184616939,0.9067434533638805,0.49504950642585754,CCN(C(=O)c1cc(F)ccc1Oc1nncnc1N1CC2(CCN(CC3(SC)CC3)CC2)C1)C(C)C,True,medium
STR-9DDC4364CC264A5D1AE9,IC50,biochemical_binding,1,1,0,1,1,0,0,6.886056647693163,6.886056647693163,6.886056647693163,130.0,130.0,IC50,1,inhibitory_potency,1,biochemical_binding,1,PubChem,156531583,Menin,2026,=,CCN(C(=O)c1cc(F)ccc1Oc1nncnc1N1CCC2(C1)CN([C@H](CCCN)C(C)C)C2)C(C)C,CCN(C(C)C)C(=O)C1=C(C=CC(=C1)F)OC2=C(N=CN=N2)N3CCC4(C3)CN(C4)[C@H](CCCN)C(C)C,CCN(C(=O)c1cc(F)ccc1Oc1nncnc1N1CCC2(C1)CN([C@H](CCCN)C(C)C)C2)C(C)C,CCN(C(=O)c1cc(F)ccc1Oc1nncnc1N1CCC2(C1)CN([C@H](CCCN)C(C)C)C2)C(C)C,UDIGWQWOIBIODT-HSZRJFAPSA-N,UDIGWQWOIBIODT-HSZRJFAPSA-N,standardized,0.0,False,2.0,strict_exact,exact_point_estimate,moderate_100nM_to_1uM,False,True,IC50,biochemical_binding,False,0.5871792070154809,0.9779579308949883,0.6404494643211365,CCN(C(=O)c1cc(F)ccc1Oc1nncnc1N1CC2(CCN(CC3(SC)CC3)CC2)C1)C(C)C,True,medium
STR-CC5B3077D44A183298E0,IC50,biochemical_binding,1,1,0,1,1,0,0,6.886056647693163,6.886056647693163,6.886056647693163,130.0,130.0,IC50,1,inhibitory_potency,1,biochemical_binding,1,ChEMBL,CHEMBL4205318,Menin,2018,=,CC(=O)N1CCC(CCn2c(C#N)cc3c(C)c(CN4CCC(Nc5ncnc6sc(CC(F)(F)F)cc56)CC4)ccc32)CC1,CC(=O)N1CCC(CCn2c(C#N)cc3c(C)c(CN4CCC(Nc5ncnc6sc(CC(F)(F)F)cc56)CC4)ccc32)CC1,CC(=O)N1CCC(CCn2c(C#N)cc3c(C)c(CN4CCC(Nc5ncnc6sc(CC(F)(F)F)cc56)CC4)ccc32)CC1,CC(=O)N1CCC(CCn2c(C#N)cc3c(C)c(CN4CCC(Nc5ncnc6sc(CC(F)(F)F)cc56)CC4)ccc32)CC1,AYMLNOUOGVVBBG-UHFFFAOYSA-N,AYMLNOUOGVVBBG-UHFFFAOYSA-N,standardized,0.0,False,2.0,strict_exact,exact_point_estimate,moderate_100nM_to_1uM,False,True,IC50,biochemical_binding,False,0.936249348583371,0.3421570875735915,0.30630630254745483,O=c1nc(NC2CCN(Cc3ccc4c(c3)OCO4)CC2)c2cc(Cl)ccc2n1CC(F)(F)F,True,high
STR-DB5B02FE39EDDB48AD19,IC50,biochemical_binding,1,2,1,2,1,0,0,6.882728704344236,6.882728704344236,6.882728704344236,131.0,131.0,IC50,1,inhibitory_potency,1,biochemical_binding,1,ChEMBL;PubChem,CHEMBL5920040,Menin,2021,=,CC(=O)O[C@@H]1CCC[C@H]1C1(C2CCN(CCCOc3ccc(C#N)cc3)CC2)CN(C)Cc2ccc(F)cc21,CC(=O)O[C@@H]1CCC[C@H]1C1(C2CCN(CCCOc3ccc(C#N)cc3)CC2)CN(C)Cc2ccc(F)cc21,CC(=O)O[C@@H]1CCC[C@H]1C1(C2CCN(CCCOc3ccc(C#N)cc3)CC2)CN(C)Cc2ccc(F)cc21,CC(=O)O[C@@H]1CCC[C@H]1C1(C2CCN(CCCOc3ccc(C#N)cc3)CC2)CN(C)Cc2ccc(F)cc21,IMFGOOMHVAOEIE-KVZOJTFESA-N,IMFGOOMHVAOEIE-KVZOJTFESA-N,standardized,0.0,False,2.0,strict_exact,exact_point_estimate,moderate_100nM_to_1uM,False,True,IC50,biochemical_binding,False,0.8987289709184878,0.47301176059635547,0.3586956560611725,O=C(c1ccc(F)cc1F)N1CCN(c2ccc(OCCCN3CCCCCC3)cc2)C(=O)C1,True,high
STR-2C3FE5CA1858927467FA,IC50,biochemical_binding,1,2,1,2,1,0,0,6.863279432843593,6.863279432843593,6.863279432843593,137.0,137.0,IC50,1,inhibitory_potency,1,biochemical_binding,1,ChEMBL;PubChem,CHEMBL5818055,Menin,2021,=,O=S(=O)(c1ccc(N2CC(CN3CCC(C4(C5CCCC5)CN(CCF)Cc5ccccc54)CC3)C2)cc1)C1CC1,O=S(=O)(c1ccc(N2CC(CN3CCC(C4(C5CCCC5)CN(CCF)Cc5ccccc54)CC3)C2)cc1)C1CC1,O=S(=O)(c1ccc(N2CC(CN3CCC(C4(C5CCCC5)CN(CCF)Cc5ccccc54)CC3)C2)cc1)C1CC1,O=S(=O)(c1ccc(N2CC(CN3CCC(C4(C5CCCC5)CN(CCF)Cc5ccccc54)CC3)C2)cc1)C1CC1,NPHCYUZEJAACNA-UHFFFAOYSA-N,NPHCYUZEJAACNA-UHFFFAOYSA-N,standardized,0.0,False,2.0,strict_exact,exact_point_estimate,moderate_100nM_to_1uM,False,True,IC50,biochemical_binding,False,0.9395647603465285,0.3291702405897364,0.3239436745643616,O=S(=O)(c1ccccc1)C1CCN(CCc2ccccc2)CC1,True,high
STR-1E3BF4938C186E9DEDED,IC50,biochemical_binding,1,1,0,1,1,0,0,6.853871964321762,6.853871964321762,6.853871964321762,140.0,140.0,IC50,1,inhibitory_potency,1,biochemical_binding,1,PubChem,156531833,Menin,2026,=,CCN(C(=O)c1cc(F)ccc1Oc1nnccc1N1CCC2(C1)CN([C@H](CCCN(C)CCOC)C(C)C)C2)C(C)C,CCN(C(C)C)C(=O)C1=C(C=CC(=C1)F)OC2=C(C=CN=N2)N3CCC4(C3)CN(C4)[C@H](CCCN(C)CCOC)C(C)C,CCN(C(=O)c1cc(F)ccc1Oc1nnccc1N1CCC2(C1)CN([C@H](CCCN(C)CCOC)C(C)C)C2)C(C)C,CCN(C(=O)c1cc(F)ccc1Oc1nnccc1N1CCC2(C1)CN([C@H](CCCN(C)CCOC)C(C)C)C2)C(C)C,QEEXMEYJDQDSAZ-MUUNZHRXSA-N,QEEXMEYJDQDSAZ-MUUNZHRXSA-N,standardized,0.0,False,2.0,strict_exact,exact_point_estimate,moderate_100nM_to_1uM,False,True,IC50,biochemical_binding,False,0.8003778308495351,0.7211717892790419,0.4803921580314636,CCN(C(=O)c1cc(F)ccc1Oc1nncnc1N1CC2(CCN(CC3(SC)CC3)CC2)C1)C(C)C,True,high
STR-E196FA84CA797A66645C,IC50,biochemical_binding,1,1,0,1,1,0,0,6.84163750790475,6.84163750790475,6.84163750790475,144.0,144.0,IC50,1,inhibitory_potency,1,biochemical_binding,1,ChEMBL,CHEMBL2314834,Menin,2013,=,CC(=O)N[C@@H](CCCNC(=N)N)C(=O)N[C@@H](Cc1c[nH]c2ccccc12)C(=O)N[C@H]1CCCCCCCCCNC(=O)[C@@H]2CCCN2C(=O)[C@H](CCCNC(=N)N)NC(=O)[C@H](C)NC(=O)[C@@H]2CCCN2C(=O)[C@H](Cc2ccccc2)NC1=O,CC(=O)N[C@@H](CCCNC(=N)N)C(=O)N[C@@H](Cc1c[nH]c2ccccc12)C(=O)N[C@H]1CCCCCCCCCNC(=O)[C@@H]2CCCN2C(=O)[C@H](CCCNC(=N)N)NC(=O)[C@H](C)NC(=O)[C@@H]2CCCN2C(=O)[C@H](Cc2ccccc2)NC1=O,CC(=O)N[C@@H](CCCNC(=N)N)C(=O)N[C@@H](Cc1c[nH]c2ccccc12)C(=O)N[C@H]1CCCCCCCCCNC(=O)[C@@H]2CCCN2C(=O)[C@H](CCCNC(=N)N)NC(=O)[C@H](C)NC(=O)[C@@H]2CCCN2C(=O)[C@H](Cc2ccccc2)NC1=O,CC(=O)N[C@@H](CCCNC(=N)N)C(=O)N[C@@H](Cc1c[nH]c2ccccc12)C(=O)N[C@H]1CCCCCCCCCNC(=O)[C@@H]2CCCN2C(=O)[C@H](CCCNC(=N)N)NC(=O)[C@H](C)NC(=O)[C@@H]2CCCN2C(=O)[C@H](Cc2ccccc2)NC1=O,OWRPRHAQCJSCIQ-VUSFATCJSA-N,OWRPRHAQCJSCIQ-VUSFATCJSA-N,standardized,0.0,False,2.0,strict_exact,exact_point_estimate,moderate_100nM_to_1uM,False,True,IC50,biochemical_binding,False,0.8445570251062202,0.6232953773206366,0.4590163826942444,CC(C)C[C@@H]1NC(=O)CNC(=O)[C@H](CCC(=O)O)NC(=O)[C@@H]2CSSC[C@H](NC(=O)[C@@H](N)Cc3ccc(O)cc3)C(=O)N[C@@H](CCC(N)=O)C(=O)N[C@@H](CCCCN)C(=O)N[C@@H](Cc3ccccc3)C(=O)N[C@@H](CC(C)C)C(=O)N[C@@H](C)C(=O)N3CCC[C@H]3C(=O)N[C@H]3CSSC[C@H](NC(=O)[C@H](C(C)C)NC1=O)C(=O)N[C@@H](CCCNC(=N)N)C(=O)N[C@@H](CC(C)C)C(=O)N[C@@H](Cc1c[nH]c4ccccc14)C(=O)N[C@H](C(=O)N[C@@H](CCCCN)C(=O)N[C@@H](CCCCN)C(=O)N[C@@H](CCCCN)C(=O)N[C@@H](CC(C)C)C(=O)N[C@@H](Cc1c[nH]c4ccccc14)C(N)=O)CSSC[C@H](NC(=O)[C@H](CCCCN)NC(=O)[C@H](CCCNC(=N)N)NC(=O)[C@H](CCC(=O)O)NC(=O)[C@H](CO)NC(=O)[C@H](CC(=O)O)NC3=O)C(=O)N2,True,high
STR-E91B6B648646B754AD1D,IC50,biochemical_binding,1,1,0,1,1,0,0,6.8297382846050425,6.8297382846050425,6.8297382846050425,148.0,148.0,IC50,1,inhibitory_potency,1,biochemical_binding,1,ChEMBL,CHEMBL3126200,Menin,2014,=,NS(=O)(=O)c1ccc(OCCCN2CCC(C(O)(c3cccc(F)c3)c3ccccn3)CC2)cc1,NS(=O)(=O)c1ccc(OCCCN2CCC(C(O)(c3cccc(F)c3)c3ccccn3)CC2)cc1,NS(=O)(=O)c1ccc(OCCCN2CCC(C(O)(c3cccc(F)c3)c3ccccn3)CC2)cc1,NS(=O)(=O)c1ccc(OCCCN2CCC(C(O)(c3cccc(F)c3)c3ccccn3)CC2)cc1,INGQKBOOCCZMBG-UHFFFAOYSA-N,INGQKBOOCCZMBG-UHFFFAOYSA-N,standardized,0.0,False,2.0,strict_exact,exact_point_estimate,moderate_100nM_to_1uM,False,True,IC50,biochemical_binding,False,0.8319799046336345,0.6531554926210456,0.5,OC(c1ccccc1)(c1ccccc1)C1CCN(CCCOc2ccc(-c3ccccc3)cc2)CC1,True,high
STR-5368CF10D83D68530041,IC50,biochemical_binding,1,1,0,1,1,0,0,6.823908740944319,6.823908740944319,6.823908740944319,150.0,150.0,IC50,1,inhibitory_potency,1,biochemical_binding,1,PubChem,156531929,Menin,2026,=,CCN(C(=O)c1cc(F)ccc1Oc1nncnc1N1CCC2(C1)CN([C@H](CCC(C)(C)NC)C(C)C)C2)C(C)C,CCN(C(C)C)C(=O)C1=C(C=CC(=C1)F)OC2=C(N=CN=N2)N3CCC4(C3)CN(C4)[C@H](CCC(C)(C)NC)C(C)C,CCN(C(=O)c1cc(F)ccc1Oc1nncnc1N1CCC2(C1)CN([C@H](CCC(C)(C)NC)C(C)C)C2)C(C)C,CCN(C(=O)c1cc(F)ccc1Oc1nncnc1N1CCC2(C1)CN([C@H](CCC(C)(C)NC)C(C)C)C2)C(C)C,DWGJLXQABXXXMP-RUZDIDTESA-N,DWGJLXQABXXXMP-RUZDIDTESA-N,standardized,0.0,False,2.0,strict_exact,exact_point_estimate,moderate_100nM_to_1uM,False,True,IC50,biochemical_binding,False,0.6253607587587099,0.9541677355210845,0.6195651888847351,CCN(C(=O)c1cc(F)ccc1Oc1nncnc1N1CC2(CCN(CC3(SC)CC3)CC2)C1)C(C)C,True,medium
STR-91891F1DBB7E5E88635E,IC50,biochemical_binding,1,1,0,1,1,0,0,6.823908740944319,6.823908740944319,6.823908740944319,150.0,150.0,IC50,1,inhibitory_potency,1,biochemical_binding,1,PubChem,156531606,Menin,2026,=,CCN(C(=O)c1cc(F)ccc1Oc1nncnc1N1CCC2(C1)CN([C@H](CCNCCOC)C(C)C)C2)C(C)C,CCN(C(C)C)C(=O)C1=C(C=CC(=C1)F)OC2=C(N=CN=N2)N3CCC4(C3)CN(C4)[C@H](CCNCCOC)C(C)C,CCN(C(=O)c1cc(F)ccc1Oc1nncnc1N1CCC2(C1)CN([C@H](CCNCCOC)C(C)C)C2)C(C)C,CCN(C(=O)c1cc(F)ccc1Oc1nncnc1N1CCC2(C1)CN([C@H](CCNCCOC)C(C)C)C2)C(C)C,XJKKHINVPVXTCP-RUZDIDTESA-N,XJKKHINVPVXTCP-RUZDIDTESA-N,standardized,0.0,False,2.0,strict_exact,exact_point_estimate,moderate_100nM_to_1uM,False,True,IC50,biochemical_binding,False,0.6420032282759586,0.9410077854466736,0.6129032373428345,CCN(C(=O)c1cc(F)ccc1Oc1nncnc1N1CC2(CCN(CC3(SC)CC3)CC2)C1)C(C)C,True,medium
STR-B5884EB8037FEC9CB771,IC50,biochemical_binding,1,1,0,1,1,0,0,6.823908740944319,6.823908740944319,6.823908740944319,150.0,150.0,IC50,1,inhibitory_potency,1,biochemical_binding,1,PubChem,156498067,Menin,2026,=,CCN(C(=O)c1cc(F)ccc1Oc1nncnc1N1CCC2(C1)CN([C@H](CCCN(C)C(CO)CO)C(C)C)C2)C(C)C,CCN(C(C)C)C(=O)C1=C(C=CC(=C1)F)OC2=C(N=CN=N2)N3CCC4(C3)CN(C4)[C@H](CCCN(C)C(CO)CO)C(C)C,CCN(C(=O)c1cc(F)ccc1Oc1nncnc1N1CCC2(C1)CN([C@H](CCCN(C)C(CO)CO)C(C)C)C2)C(C)C,CCN(C(=O)c1cc(F)ccc1Oc1nncnc1N1CCC2(C1)CN([C@H](CCCN(C)C(CO)CO)C(C)C)C2)C(C)C,OSGDJDNLSRBEKF-HHHXNRCGSA-N,OSGDJDNLSRBEKF-HHHXNRCGSA-N,standardized,0.0,False,2.0,strict_exact,exact_point_estimate,moderate_100nM_to_1uM,False,True,IC50,biochemical_binding,False,0.6428927476534816,0.9402557619304661,0.6063829660415649,CCN(C(=O)c1cc(F)ccc1Oc1nncnc1N1CC2(CCN(CC3(SC)CC3)CC2)C1)C(C)C,True,medium
STR-394215D949D57850FC96,IC50,biochemical_binding,1,1,0,1,1,0,0,6.798602875679549,6.798602875679549,6.798602875679549,159.0,159.0,IC50,1,inhibitory_potency,1,biochemical_binding,1,ChEMBL,CHEMBL2314573,Menin,2013,=,N=C(N)NCCC[C@@H]1NC(=O)C2(CCC2)NC(=O)[C@@H]2CCCN2C(=O)[C@H](Cc2cccc(Cl)c2)NC(=O)[C@@H](N)CCCCCCCCNC(=O)[C@@H]2CCCN2C1=O,N=C(N)NCCC[C@@H]1NC(=O)C2(CCC2)NC(=O)[C@@H]2CCCN2C(=O)[C@H](Cc2cccc(Cl)c2)NC(=O)[C@@H](N)CCCCCCCCNC(=O)[C@@H]2CCCN2C1=O,N=C(N)NCCC[C@@H]1NC(=O)C2(CCC2)NC(=O)[C@@H]2CCCN2C(=O)[C@H](Cc2cccc(Cl)c2)NC(=O)[C@@H](N)CCCCCCCCNC(=O)[C@@H]2CCCN2C1=O,N=C(N)NCCC[C@@H]1NC(=O)C2(CCC2)NC(=O)[C@@H]2CCCN2C(=O)[C@H](Cc2cccc(Cl)c2)NC(=O)[C@@H](N)CCCCCCCCNC(=O)[C@@H]2CCCN2C1=O,AIJSBVATDDCJPZ-XDIGFQIYSA-N,AIJSBVATDDCJPZ-XDIGFQIYSA-N,standardized,0.0,False,2.0,strict_exact,exact_point_estimate,moderate_100nM_to_1uM,False,True,IC50,biochemical_binding,False,0.890715805245455,0.49775309100344456,0.24242424964904785,CC(C)C[C@@H]1NC(=O)CNC(=O)[C@H](CCC(=O)O)NC(=O)[C@@H]2CSSC[C@H](NC(=O)[C@@H](N)Cc3ccc(O)cc3)C(=O)N[C@@H](CCC(N)=O)C(=O)N[C@@H](CCCCN)C(=O)N[C@@H](Cc3ccccc3)C(=O)N[C@@H](CC(C)C)C(=O)N[C@@H](C)C(=O)N3CCC[C@H]3C(=O)N[C@H]3CSSC[C@H](NC(=O)[C@H](C(C)C)NC1=O)C(=O)N[C@@H](CCCNC(=N)N)C(=O)N[C@@H](CC(C)C)C(=O)N[C@@H](Cc1c[nH]c4ccccc14)C(=O)N[C@H](C(=O)N[C@@H](CCCCN)C(=O)N[C@@H](CCCCN)C(=O)N[C@@H](CCCCN)C(=O)N[C@@H](CC(C)C)C(=O)N[C@@H](Cc1c[nH]c4ccccc14)C(N)=O)CSSC[C@H](NC(=O)[C@H](CCCCN)NC(=O)[C@H](CCCNC(=N)N)NC(=O)[C@H](CCC(=O)O)NC(=O)[C@H](CO)NC(=O)[C@H](CC(=O)O)NC3=O)C(=O)N2,True,high
STR-1E9D02C95D733A0CE623,IC50,biochemical_binding,1,2,1,2,1,0,0,6.795880017344075,6.795880017344075,6.795880017344075,160.0,160.0,IC50,1,inhibitory_potency,1,biochemical_binding,1,ChEMBL;PubChem,CHEMBL6064087,Menin,2021,=,CNC(=O)O[C@@H]1CCC[C@H]1C(C#N)(c1ccccc1)C1CCN(CC2CN(c3ccc(S(=O)(=O)c4nn(C)cc4Br)cc3)C2)CC1,CNC(=O)O[C@@H]1CCC[C@H]1C(C#N)(c1ccccc1)C1CCN(CC2CN(c3ccc(S(=O)(=O)c4nn(C)cc4Br)cc3)C2)CC1,CNC(=O)O[C@@H]1CCC[C@H]1C(C#N)(c1ccccc1)C1CCN(CC2CN(c3ccc(S(=O)(=O)c4nn(C)cc4Br)cc3)C2)CC1,CNC(=O)O[C@@H]1CCC[C@H]1C(C#N)(c1ccccc1)C1CCN(CC2CN(c3ccc(S(=O)(=O)c4nn(C)cc4Br)cc3)C2)CC1,RDMGTXHHFUCBPL-NJCOBLFYSA-N,RDMGTXHHFUCBPL-NJCOBLFYSA-N,standardized,0.0,False,2.0,strict_exact,exact_point_estimate,moderate_100nM_to_1uM,False,True,IC50,biochemical_binding,False,0.8695534395387686,0.5586616081471565,0.24347825348377228,CN1CCN(C(=O)NC2CCN(Cc3ccn(-c4ccc(C(F)(F)F)cc4)c3)CC2)C(c2ccccc2)C1,True,high
STR-89EE640F6F04A852B27F,IC50,biochemical_binding,1,1,0,1,1,0,0,6.795880017344075,6.795880017344075,6.795880017344075,160.0,160.0,IC50,1,inhibitory_potency,1,biochemical_binding,1,PubChem,156498035,Menin,2026,=,CCN(C(=O)c1cc(F)ccc1Oc1nncnc1N1CCC2(C1)CN([C@H](CCCN(C)[C@@H](CO)COC)C(C)C)C2)C(C)C,CCN(C(C)C)C(=O)C1=C(C=CC(=C1)F)OC2=C(N=CN=N2)N3CCC4(C3)CN(C4)[C@H](CCCN(C)[C@@H](CO)COC)C(C)C,CCN(C(=O)c1cc(F)ccc1Oc1nncnc1N1CCC2(C1)CN([C@H](CCCN(C)[C@@H](CO)COC)C(C)C)C2)C(C)C,CCN(C(=O)c1cc(F)ccc1Oc1nncnc1N1CCC2(C1)CN([C@H](CCCN(C)[C@@H](CO)COC)C(C)C)C2)C(C)C,YOQWWUCULBZDSG-XTEPFMGCSA-N,YOQWWUCULBZDSG-XTEPFMGCSA-N,standardized,0.0,False,2.0,strict_exact,exact_point_estimate,moderate_100nM_to_1uM,False,True,IC50,biochemical_binding,False,0.6679304192513553,0.9170268939915873,0.581632673740387,CCN(C(=O)c1cc(F)ccc1Oc1nncnc1N1CC2(CCN(CC3(SC)CC3)CC2)C1)C(C)C,True,medium
STR-BDF33E354DAE4939F700,IC50,biochemical_binding,1,1,0,1,1,0,0,6.795880017344075,6.795880017344075,6.795880017344075,160.0,160.0,IC50,1,inhibitory_potency,1,biochemical_binding,1,PubChem,168720890,Menin,2026,=,CCN(C(=O)c1cc(F)ccc1Oc1nncnc1N1CCC2(C1)CN([C@H](C[C@H](O)CN(C)C(C)C)C(C)C)C2)C(C)C,CCN(C(C)C)C(=O)C1=C(C=CC(=C1)F)OC2=C(N=CN=N2)N3CCC4(C3)CN(C4)[C@H](C[C@@H](CN(C)C(C)C)O)C(C)C,CCN(C(=O)c1cc(F)ccc1Oc1nncnc1N1CCC2(C1)CN([C@H](C[C@H](O)CN(C)C(C)C)C(C)C)C2)C(C)C,CCN(C(=O)c1cc(F)ccc1Oc1nncnc1N1CCC2(C1)CN([C@H](C[C@H](O)CN(C)C(C)C)C(C)C)C2)C(C)C,BAJNALQCHSQUMV-AHKZPQOWSA-N,BAJNALQCHSQUMV-AHKZPQOWSA-N,standardized,0.0,False,2.0,strict_exact,exact_point_estimate,moderate_100nM_to_1uM,False,True,IC50,biochemical_binding,False,0.5873288187178419,0.9778818188615639,0.6195651888847351,CCN(C(=O)c1cc(F)ccc1Oc1nncnc1N1CC2(CCN(CC3(SC)CC3)CC2)C1)C(C)C,True,medium
STR-DDE275F18E3815C1D552,IC50,biochemical_binding,1,1,0,1,1,0,0,6.795880017344075,6.795880017344075,6.795880017344075,160.0,160.0,IC50,1,inhibitory_potency,1,biochemical_binding,1,PubChem,156498069,Menin,2026,=,CCN(C(=O)c1cc(F)ccc1Oc1nncnc1N1CCC2(C1)CN([C@H](CCCN(C)CCO)C(C)C)C2)C(C)C,CCN(C(C)C)C(=O)C1=C(C=CC(=C1)F)OC2=C(N=CN=N2)N3CCC4(C3)CN(C4)[C@H](CCCN(C)CCO)C(C)C,CCN(C(=O)c1cc(F)ccc1Oc1nncnc1N1CCC2(C1)CN([C@H](CCCN(C)CCO)C(C)C)C2)C(C)C,CCN(C(=O)c1cc(F)ccc1Oc1nncnc1N1CCC2(C1)CN([C@H](CCCN(C)CCO)C(C)C)C2)C(C)C,SEAPSCCARRLRMA-AREMUKBSSA-N,SEAPSCCARRLRMA-AREMUKBSSA-N,standardized,0.0,False,2.0,strict_exact,exact_point_estimate,moderate_100nM_to_1uM,False,True,IC50,biochemical_binding,False,0.644787675964036,0.9386371535329192,0.6129032373428345,CCN(C(=O)c1cc(F)ccc1Oc1nncnc1N1CC2(CCN(CC3(SC)CC3)CC2)C1)C(C)C,True,medium
STR-FA093486A959081BCFE5,IC50,biochemical_binding,1,1,0,1,1,0,0,6.795880017344075,6.795880017344075,6.795880017344075,160.0,160.0,IC50,1,inhibitory_potency,1,biochemical_binding,1,PubChem,156531895,Menin,2026,=,CCN(C(=O)c1cc(F)ccc1Oc1nncnc1N1CCC2(C1)CN([C@H](CCCN(CCOC)CCOC)C(C)C)C2)C(C)C,CCN(C(C)C)C(=O)C1=C(C=CC(=C1)F)OC2=C(N=CN=N2)N3CCC4(C3)CN(C4)[C@H](CCCN(CCOC)CCOC)C(C)C,CCN(C(=O)c1cc(F)ccc1Oc1nncnc1N1CCC2(C1)CN([C@H](CCCN(CCOC)CCOC)C(C)C)C2)C(C)C,CCN(C(=O)c1cc(F)ccc1Oc1nncnc1N1CCC2(C1)CN([C@H](CCCN(CCOC)CCOC)C(C)C)C2)C(C)C,FRTCAOFTVUINJX-GDLZYMKVSA-N,FRTCAOFTVUINJX-GDLZYMKVSA-N,standardized,0.0,False,2.0,strict_exact,exact_point_estimate,moderate_100nM_to_1uM,False,True,IC50,biochemical_binding,False,0.6390185252250717,0.9434948722004379,0.6063829660415649,CCN(C(=O)c1cc(F)ccc1Oc1nncnc1N1CC2(CCN(CC3(SC)CC3)CC2)C1)C(C)C,True,medium
STR-913D178EB83662F51B15,IC50,biochemical_binding,1,2,1,2,1,0,0,6.79317412396815,6.79317412396815,6.79317412396815,161.0,161.0,IC50,1,inhibitory_potency,1,biochemical_binding,1,ChEMBL;PubChem,CHEMBL6046392,Menin,2021,=,CC(=O)O[C@@H]1CCC[C@H]1C1(C2CCN(CC3CN(c4ccc(S(=O)(=O)C5CC5)cc4)C3)CC2)CN(C)Cc2ccc(F)cc21,CC(=O)O[C@@H]1CCC[C@H]1C1(C2CCN(CC3CN(c4ccc(S(=O)(=O)C5CC5)cc4)C3)CC2)CN(C)Cc2ccc(F)cc21,CC(=O)O[C@@H]1CCC[C@H]1C1(C2CCN(CC3CN(c4ccc(S(=O)(=O)C5CC5)cc4)C3)CC2)CN(C)Cc2ccc(F)cc21,CC(=O)O[C@@H]1CCC[C@H]1C1(C2CCN(CC3CN(c4ccc(S(=O)(=O)C5CC5)cc4)C3)CC2)CN(C)Cc2ccc(F)cc21,CMKBAOQEJWGPEB-FBKNANETSA-N,CMKBAOQEJWGPEB-FBKNANETSA-N,standardized,0.0,False,2.0,strict_exact,exact_point_estimate,moderate_100nM_to_1uM,False,True,IC50,biochemical_binding,False,0.8895278515258435,0.5013384599663134,0.32608696818351746,NC(=O)c1ccc(S(=O)(=O)C2CCN(CCc3ccc(F)cc3F)CC2)cc1,True,high
STR-82F62D7E24DAAC315910,IC50,biochemical_binding,2,2,0,1,2,0,0,6.789198036565084,6.958607314841775,6.619788758288394,175.0,110.0,IC50,1,inhibitory_potency,1,biochemical_binding,1,PubChem,156531425,Menin,2026,=,CCN(C(=O)c1cc(F)ccc1Oc1nncnc1N1CCC2(C1)CN([C@H](CCCNC)C(C)C)C2)C(C)C,CCN(C(C)C)C(=O)C1=C(C=CC(=C1)F)OC2=C(N=CN=N2)N3CCC4(C3)CN(C4)[C@H](CCCNC)C(C)C,CCN(C(=O)c1cc(F)ccc1Oc1nncnc1N1CCC2(C1)CN([C@H](CCCNC)C(C)C)C2)C(C)C,CCN(C(=O)c1cc(F)ccc1Oc1nncnc1N1CCC2(C1)CN([C@H](CCCNC)C(C)C)C2)C(C)C,FNBOKVKCHUGFKA-XMMPIXPASA-N,FNBOKVKCHUGFKA-XMMPIXPASA-N,standardized,0.338818556553381,False,2.0,strict_exact,exact_point_estimate,moderate_100nM_to_1uM,False,True,IC50,biochemical_binding,False,0.6050248666340403,0.967935238795973,0.6263736486434937,CCN(C(=O)c1cc(F)ccc1Oc1nncnc1N1CC2(CCN(CC3(SC)CC3)CC2)C1)C(C)C,True,medium
STR-7A884766D31A90BA2425,IC50,biochemical_binding,1,2,1,2,1,0,0,6.779891911959945,6.779891911959945,6.779891911959945,166.0,166.0,IC50,1,inhibitory_potency,1,biochemical_binding,1,ChEMBL;PubChem,CHEMBL5763857,Menin,2021,=,Cc1nccn1CC(c1ccccc1)(C1CCCC1)C1CCN(CCCOc2ccc(C#N)cc2)CC1,Cc1nccn1CC(c1ccccc1)(C1CCCC1)C1CCN(CCCOc2ccc(C#N)cc2)CC1,Cc1nccn1CC(c1ccccc1)(C1CCCC1)C1CCN(CCCOc2ccc(C#N)cc2)CC1,Cc1nccn1CC(c1ccccc1)(C1CCCC1)C1CCN(CCCOc2ccc(C#N)cc2)CC1,PGHBHRQUHGJKEP-UHFFFAOYSA-N,PGHBHRQUHGJKEP-UHFFFAOYSA-N,standardized,0.0,False,2.0,strict_exact,exact_point_estimate,moderate_100nM_to_1uM,False,True,IC50,biochemical_binding,False,0.9662469101347533,0.21287754103166082,0.4492753744125366,OC(c1ccccc1)(c1ccccc1)C1CCN(CCCOc2ccc(-c3ccccc3)cc2)CC1,True,high
STR-A9AB52FCFA3880DA25B5,IC50,biochemical_binding,1,2,1,2,1,0,0,6.777283528852417,6.777283528852417,6.777283528852417,167.0,167.0,IC50,1,inhibitory_potency,1,biochemical_binding,1,ChEMBL;PubChem,CHEMBL5829622,Menin,2021,=,COC(=O)N[C@H]1CCC[C@@H]1C(C#N)(c1ccccc1)C1CCN(CC2(C)CN(c3ccc(S(=O)(=O)c4cnn(C)c4)cc3)C2)CC1,COC(=O)N[C@H]1CCC[C@@H]1C(C#N)(c1ccccc1)C1CCN(CC2(C)CN(c3ccc(S(=O)(=O)c4cnn(C)c4)cc3)C2)CC1,COC(=O)N[C@H]1CCC[C@@H]1C(C#N)(c1ccccc1)C1CCN(CC2(C)CN(c3ccc(S(=O)(=O)c4cnn(C)c4)cc3)C2)CC1,COC(=O)N[C@H]1CCC[C@@H]1C(C#N)(c1ccccc1)C1CCN(CC2(C)CN(c3ccc(S(=O)(=O)c4cnn(C)c4)cc3)C2)CC1,AEGAGTFLYPDDPK-SVYHFPLZSA-N,AEGAGTFLYPDDPK-SVYHFPLZSA-N,standardized,0.0,False,2.0,strict_exact,exact_point_estimate,moderate_100nM_to_1uM,False,True,IC50,biochemical_binding,False,0.8050800272318611,0.711650943905399,0.24561403691768646,N#Cc1ccc(N2CCN(Cc3cc(C(=O)N[C@H]4CCCC[C@@H]4O)c(=O)n4ccccc34)CC2)cc1,True,high
STR-5470E2C155BCDC752B33,IC50,biochemical_binding,1,2,1,2,1,0,0,6.769551078621726,6.769551078621726,6.769551078621726,170.0,170.0,IC50,1,inhibitory_potency,1,biochemical_binding,1,ChEMBL;PubChem,CHEMBL5850439,Menin,2021,=,CCNC(=O)O[C@H]1CCC[C@@H]1C(C#N)(c1ccccc1)C1CCN(CC2CN(c3ccc(S(=O)(=O)c4ccncc4)cc3)C2)CC1,CCNC(=O)O[C@H]1CCC[C@@H]1C(C#N)(c1ccccc1)C1CCN(CC2CN(c3ccc(S(=O)(=O)c4ccncc4)cc3)C2)CC1,CCNC(=O)O[C@H]1CCC[C@@H]1C(C#N)(c1ccccc1)C1CCN(CC2CN(c3ccc(S(=O)(=O)c4ccncc4)cc3)C2)CC1,CCNC(=O)O[C@H]1CCC[C@@H]1C(C#N)(c1ccccc1)C1CCN(CC2CN(c3ccc(S(=O)(=O)c4ccncc4)cc3)C2)CC1,GGRLJDZHMGTFIW-AFLWYUAHSA-N,GGRLJDZHMGTFIW-AFLWYUAHSA-N,standardized,0.0,False,2.0,strict_exact,exact_point_estimate,moderate_100nM_to_1uM,False,True,IC50,biochemical_binding,False,0.820319809839213,0.6793769210044147,0.2551020383834839,O=C(O)c1ccc(N2CCC(CN3CCC(Oc4ccc(Cl)c(Cl)c4)CC3)CC2)cc1,True,high
STR-F2780D30E185047C1A28,IC50,biochemical_binding,1,1,0,1,1,0,0,6.769551078621726,6.769551078621726,6.769551078621726,170.0,170.0,IC50,1,inhibitory_potency,1,biochemical_binding,1,PubChem,156531462,Menin,2026,=,CCN(C)C[C@@H](O)C[C@H](C(C)C)N1CC2(CCN(c3ncnnc3Oc3ccc(F)cc3C(=O)N(CC)C(C)C)C2)C1,CCN(C)C[C@H](C[C@H](C(C)C)N1CC2(C1)CCN(C2)C3=C(N=NC=N3)OC4=C(C=C(C=C4)F)C(=O)N(CC)C(C)C)O,CCN(C)C[C@@H](O)C[C@H](C(C)C)N1CC2(CCN(c3ncnnc3Oc3ccc(F)cc3C(=O)N(CC)C(C)C)C2)C1,CCN(C)C[C@@H](O)C[C@H](C(C)C)N1CC2(CCN(c3ncnnc3Oc3ccc(F)cc3C(=O)N(CC)C(C)C)C2)C1,LBZIHFPAAWTXAW-AZGAKELHSA-N,LBZIHFPAAWTXAW-AZGAKELHSA-N,standardized,0.0,False,2.0,strict_exact,exact_point_estimate,moderate_100nM_to_1uM,False,True,IC50,biochemical_binding,False,0.6148013242135627,0.9616310813623439,0.6195651888847351,CCN(C(=O)c1cc(F)ccc1Oc1nncnc1N1CC2(CCN(CC3(SC)CC3)CC2)C1)C(C)C,True,medium
STR-02403E375D780F15C68E,IC50,biochemical_binding,1,2,1,2,1,0,0,6.7594507517174005,6.7594507517174005,6.7594507517174005,174.0,174.0,IC50,1,inhibitory_potency,1,biochemical_binding,1,ChEMBL;PubChem,CHEMBL5864920,Menin,2021,=,COC(=O)N[C@H]1CCC[C@@H]1C(C#N)(c1ccccc1)C1CCN(CCC#Cc2ccc(S(=O)(=O)C(F)(F)F)cc2)CC1,COC(=O)N[C@H]1CCC[C@@H]1C(C#N)(c1ccccc1)C1CCN(CCC#Cc2ccc(S(=O)(=O)C(F)(F)F)cc2)CC1,COC(=O)N[C@H]1CCC[C@@H]1C(C#N)(c1ccccc1)C1CCN(CCC#Cc2ccc(S(=O)(=O)C(F)(F)F)cc2)CC1,COC(=O)N[C@H]1CCC[C@@H]1C(C#N)(c1ccccc1)C1CCN(CCC#Cc2ccc(S(=O)(=O)C(F)(F)F)cc2)CC1,HUCYVLJEZOBNPZ-SRBHEWTHSA-N,HUCYVLJEZOBNPZ-SRBHEWTHSA-N,standardized,0.0,False,2.0,strict_exact,exact_point_estimate,moderate_100nM_to_1uM,False,True,IC50,biochemical_binding,False,0.9131947747569737,0.42571520317535977,0.27586206793785095,OC(c1ccccc1)(c1ccccc1)C1CCN(CCCOc2ccc(-c3ccccc3)cc2)CC1,True,high
STR-AEBCF9F47DC8FFE6B030,IC50,biochemical_binding,1,2,1,2,1,0,0,6.7495799976911055,6.7495799976911055,6.7495799976911055,178.0,178.0,IC50,1,inhibitory_potency,1,biochemical_binding,1,ChEMBL;PubChem,CHEMBL5959501,Menin,2021,=,CNC(=O)O[C@@H]1CCC[C@H]1C(C#N)(c1ccccc1)C1CCN(CCCOc2ccc(C#N)cc2)CC1,CNC(=O)O[C@@H]1CCC[C@H]1C(C#N)(c1ccccc1)C1CCN(CCCOc2ccc(C#N)cc2)CC1,CNC(=O)O[C@@H]1CCC[C@H]1C(C#N)(c1ccccc1)C1CCN(CCCOc2ccc(C#N)cc2)CC1,CNC(=O)O[C@@H]1CCC[C@H]1C(C#N)(c1ccccc1)C1CCN(CCCOc2ccc(C#N)cc2)CC1,CSKBZNRLMHBUOA-QWKOWPTQSA-N,CSKBZNRLMHBUOA-QWKOWPTQSA-N,standardized,0.0,False,2.0,strict_exact,exact_point_estimate,moderate_100nM_to_1uM,False,True,IC50,biochemical_binding,False,0.9245727188592189,0.3858583257030657,0.4444444477558136,OC(c1ccccc1)(c1ccccc1)C1CCN(CCCOc2ccc(-c3ccccc3)cc2)CC1,True,high
STR-28EBAE9BC55156C6772E,IC50,biochemical_binding,1,1,0,1,1,0,0,6.7447274948966935,6.7447274948966935,6.7447274948966935,180.0,180.0,IC50,1,inhibitory_potency,1,biochemical_binding,1,PubChem,156531618,Menin,2026,=,CCN(C(=O)c1cc(F)ccc1Oc1nncnc1N1CCC2(C1)CN([C@H](CCCN(C)C[C@@H](C)OC)C(C)C)C2)C(C)C,CCN(C(C)C)C(=O)C1=C(C=CC(=C1)F)OC2=C(N=CN=N2)N3CCC4(C3)CN(C4)[C@H](CCCN(C)C[C@@H](C)OC)C(C)C,CCN(C(=O)c1cc(F)ccc1Oc1nncnc1N1CCC2(C1)CN([C@H](CCCN(C)C[C@@H](C)OC)C(C)C)C2)C(C)C,CCN(C(=O)c1cc(F)ccc1Oc1nncnc1N1CCC2(C1)CN([C@H](CCCN(C)C[C@@H](C)OC)C(C)C)C2)C(C)C,SGLVKVDOHBWLEU-LEAFIULHSA-N,SGLVKVDOHBWLEU-LEAFIULHSA-N,standardized,0.0,False,2.0,strict_exact,exact_point_estimate,moderate_100nM_to_1uM,False,True,IC50,biochemical_binding,False,0.641210585543198,0.9416737218928477,0.59375,CCN(C(=O)c1cc(F)ccc1Oc1nncnc1N1CC2(CCN(CC3(SC)CC3)CC2)C1)C(C)C,True,medium
STR-3056BAB95CE288C931AB,IC50,biochemical_binding,1,1,0,1,1,0,0,6.7447274948966935,6.7447274948966935,6.7447274948966935,180.0,180.0,IC50,1,inhibitory_potency,1,biochemical_binding,1,PubChem,156531771,Menin,2026,=,CCN(C(=O)c1cc(F)ccc1Oc1nncnc1N1CCC2(C1)CN([C@H](CCCNC(=O)OC)C(C)C)C2)C(C)C,CCN(C(C)C)C(=O)C1=C(C=CC(=C1)F)OC2=C(N=CN=N2)N3CCC4(C3)CN(C4)[C@H](CCCNC(=O)OC)C(C)C,CCN(C(=O)c1cc(F)ccc1Oc1nncnc1N1CCC2(C1)CN([C@H](CCCNC(=O)OC)C(C)C)C2)C(C)C,CCN(C(=O)c1cc(F)ccc1Oc1nncnc1N1CCC2(C1)CN([C@H](CCCNC(=O)OC)C(C)C)C2)C(C)C,RLQXKPFVEAVNPX-XMMPIXPASA-N,RLQXKPFVEAVNPX-XMMPIXPASA-N,standardized,0.0,False,2.0,strict_exact,exact_point_estimate,moderate_100nM_to_1uM,False,True,IC50,biochemical_binding,False,0.6599172129423064,0.9248979044671986,0.6236559152603149,CCN(C(=O)c1cc(F)ccc1Oc1nncnc1N1CC2(CCN(CC3(SC)CC3)CC2)C1)C(C)C,True,medium
STR-3A87DF5E12610CBFE604,IC50,biochemical_binding,1,1,0,1,1,0,0,6.7447274948966935,6.7447274948966935,6.7447274948966935,180.0,180.0,IC50,1,inhibitory_potency,1,biochemical_binding,1,PubChem,156498080,Menin,2026,=,CCN(C(=O)c1cc(F)ccc1Oc1nncnc1N1CCC2(C1)CN([C@H](CCCN(C)CC(C)(C)OC)C(C)C)C2)C(C)C,CCN(C(C)C)C(=O)C1=C(C=CC(=C1)F)OC2=C(N=CN=N2)N3CCC4(C3)CN(C4)[C@H](CCCN(C)CC(C)(C)OC)C(C)C,CCN(C(=O)c1cc(F)ccc1Oc1nncnc1N1CCC2(C1)CN([C@H](CCCN(C)CC(C)(C)OC)C(C)C)C2)C(C)C,CCN(C(=O)c1cc(F)ccc1Oc1nncnc1N1CCC2(C1)CN([C@H](CCCN(C)CC(C)(C)OC)C(C)C)C2)C(C)C,VIMHAVBVRNZKFH-MUUNZHRXSA-N,VIMHAVBVRNZKFH-MUUNZHRXSA-N,standardized,0.0,False,2.0,strict_exact,exact_point_estimate,moderate_100nM_to_1uM,False,True,IC50,biochemical_binding,False,0.7222856123171619,0.8523177802177537,0.5979381203651428,CCN(C(=O)c1cc(F)ccc1Oc1nncnc1N1CC2(CCN(CC3(SC)CC3)CC2)C1)C(C)C,True,high
STR-ACDFA018CA06C93D8221,IC50,biochemical_binding,1,1,0,1,1,0,0,6.7447274948966935,6.7447274948966935,6.7447274948966935,180.0,180.0,IC50,1,inhibitory_potency,1,biochemical_binding,1,PubChem,156531615,Menin,2026,=,CCN(C(=O)c1cc(F)ccc1Oc1nncnc1N1CCC2(C1)CN([C@H](CCCN(C)C[C@H](C)OC)C(C)C)C2)C(C)C,CCN(C(C)C)C(=O)C1=C(C=CC(=C1)F)OC2=C(N=CN=N2)N3CCC4(C3)CN(C4)[C@H](CCCN(C)C[C@H](C)OC)C(C)C,CCN(C(=O)c1cc(F)ccc1Oc1nncnc1N1CCC2(C1)CN([C@H](CCCN(C)C[C@H](C)OC)C(C)C)C2)C(C)C,CCN(C(=O)c1cc(F)ccc1Oc1nncnc1N1CCC2(C1)CN([C@H](CCCN(C)C[C@H](C)OC)C(C)C)C2)C(C)C,SGLVKVDOHBWLEU-LBNVMWSVSA-N,SGLVKVDOHBWLEU-LBNVMWSVSA-N,standardized,0.0,False,2.0,strict_exact,exact_point_estimate,moderate_100nM_to_1uM,False,True,IC50,biochemical_binding,False,0.641210585543198,0.9416737218928477,0.59375,CCN(C(=O)c1cc(F)ccc1Oc1nncnc1N1CC2(CCN(CC3(SC)CC3)CC2)C1)C(C)C,True,medium
STR-AF457B5C4AE166B10ED6,IC50,biochemical_binding,1,2,1,2,1,0,0,6.7447274948966935,6.7447274948966935,6.7447274948966935,180.0,180.0,IC50,1,inhibitory_potency,1,biochemical_binding,1,ChEMBL;PubChem,CHEMBL5891447,Menin,2021,=,CC(=O)N[C@@H]1CCC[C@H]1C1(C2CCN(CC3CN(c4ccc(S(=O)(=O)c5ccncc5)cc4)C3)CC2)CN(C)Cc2ccccc21,CC(=O)N[C@@H]1CCC[C@H]1C1(C2CCN(CC3CN(c4ccc(S(=O)(=O)c5ccncc5)cc4)C3)CC2)CN(C)Cc2ccccc21,CC(=O)N[C@@H]1CCC[C@H]1C1(C2CCN(CC3CN(c4ccc(S(=O)(=O)c5ccncc5)cc4)C3)CC2)CN(C)Cc2ccccc21,CC(=O)N[C@@H]1CCC[C@H]1C1(C2CCN(CC3CN(c4ccc(S(=O)(=O)c5ccncc5)cc4)C3)CC2)CN(C)Cc2ccccc21,GQLDAZNFIWROOP-LDLINSGLSA-N,GQLDAZNFIWROOP-LDLINSGLSA-N,standardized,0.0,False,2.0,strict_exact,exact_point_estimate,moderate_100nM_to_1uM,False,True,IC50,biochemical_binding,False,0.8873637954351101,0.5078166950554088,0.2647058963775635,CC(=O)Nc1cccc(N2CCN(CC3CCN(S(=O)(=O)CC4CCCCC4)CC3)CC2)c1,True,high
STR-62D85176F37CC4A95D7C,IC50,biochemical_binding,1,2,1,2,1,0,0,6.7423214251308154,6.7423214251308154,6.7423214251308154,181.0,181.0,IC50,1,inhibitory_potency,1,biochemical_binding,1,ChEMBL;PubChem,CHEMBL5879298,Menin,2021,=,CN1Cc2ccccc2C(C2CCCC2)(C2CCN(CCCOc3ccc(S(C)(=O)=O)cc3)CC2)C1,CN1Cc2ccccc2C(C2CCCC2)(C2CCN(CCCOc3ccc(S(C)(=O)=O)cc3)CC2)C1,CN1Cc2ccccc2C(C2CCCC2)(C2CCN(CCCOc3ccc(S(C)(=O)=O)cc3)CC2)C1,CN1Cc2ccccc2C(C2CCCC2)(C2CCN(CCCOc3ccc(S(C)(=O)=O)cc3)CC2)C1,NWBVOBFEZXDLDY-UHFFFAOYSA-N,NWBVOBFEZXDLDY-UHFFFAOYSA-N,standardized,0.0,False,2.0,strict_exact,exact_point_estimate,moderate_100nM_to_1uM,False,True,IC50,biochemical_binding,False,0.8909881563773485,0.49692816661614503,0.40625,NS(=O)(=O)c1ccc(OCCCN2CCCCC2)cc1,True,high
STR-9E9A5140F6DAB650B46B,IC50,biochemical_binding,1,2,1,2,1,0,0,6.730487055782083,6.730487055782083,6.730487055782083,186.0,186.0,IC50,1,inhibitory_potency,1,biochemical_binding,1,ChEMBL;PubChem,CHEMBL5815490,Menin,2021,=,COC(=O)N[C@H]1CCC[C@@H]1C(C#N)(c1ccccc1)C1CCN(CC2(F)CN(c3ccc(S(=O)(=O)c4cnn(C)c4)cc3)C2)CC1,COC(=O)N[C@H]1CCC[C@@H]1C(C#N)(c1ccccc1)C1CCN(CC2(F)CN(c3ccc(S(=O)(=O)c4cnn(C)c4)cc3)C2)CC1,COC(=O)N[C@H]1CCC[C@@H]1C(C#N)(c1ccccc1)C1CCN(CC2(F)CN(c3ccc(S(=O)(=O)c4cnn(C)c4)cc3)C2)CC1,COC(=O)N[C@H]1CCC[C@@H]1C(C#N)(c1ccccc1)C1CCN(CC2(F)CN(c3ccc(S(=O)(=O)c4cnn(C)c4)cc3)C2)CC1,GAJNRHXTNNWTCO-FVVNGJPMSA-N,GAJNRHXTNNWTCO-FVVNGJPMSA-N,standardized,0.0,False,2.0,strict_exact,exact_point_estimate,moderate_100nM_to_1uM,False,True,IC50,biochemical_binding,False,0.8039755304942571,0.7139054210454207,0.24347825348377228,N#Cc1ccc(N2CCN(Cc3cc(C(=O)N[C@H]4CCCC[C@@H]4O)c(=O)n4ccccc34)CC2)cc1,True,high
STR-3DC002932CE2E06E9BD6,IC50,biochemical_binding,1,1,0,1,1,0,0,6.721246399047171,6.721246399047171,6.721246399047171,190.0,190.0,IC50,1,inhibitory_potency,1,biochemical_binding,1,PubChem,156498037,Menin,2026,=,CCN(C(=O)c1cc(F)ccc1Oc1nncnc1N1CCC2(C1)CN([C@H](CCCN(C)CCCC(=O)N(C)C)C(C)C)C2)C(C)C,CCN(C(C)C)C(=O)C1=C(C=CC(=C1)F)OC2=C(N=CN=N2)N3CCC4(C3)CN(C4)[C@H](CCCN(C)CCCC(=O)N(C)C)C(C)C,CCN(C(=O)c1cc(F)ccc1Oc1nncnc1N1CCC2(C1)CN([C@H](CCCN(C)CCCC(=O)N(C)C)C(C)C)C2)C(C)C,CCN(C(=O)c1cc(F)ccc1Oc1nncnc1N1CCC2(C1)CN([C@H](CCCN(C)CCCC(=O)N(C)C)C(C)C)C2)C(C)C,AHZWIZROCLTCRQ-GDLZYMKVSA-N,AHZWIZROCLTCRQ-GDLZYMKVSA-N,standardized,0.0,False,2.0,strict_exact,exact_point_estimate,moderate_100nM_to_1uM,False,True,IC50,biochemical_binding,False,0.690217467087683,0.8929222704917177,0.59375,CCN(C(=O)c1cc(F)ccc1Oc1nncnc1N1CC2(CCN(CC3(SC)CC3)CC2)C1)C(C)C,True,medium
STR-0B6B013EF83E068B0788,IC50,biochemical_binding,1,1,0,1,1,0,0,6.7121982700697735,6.7121982700697735,6.7121982700697735,194.0,194.0,IC50,1,inhibitory_potency,1,biochemical_binding,1,ChEMBL,CHEMBL2314568,Menin,2013,=,N=C(N)NCCC[C@@H]1NC(=O)C2(CC2)NC(=O)[C@@H]2CCCN2C(=O)[C@H](Cc2ccccc2)NC(=O)[C@@H](N)CCCCCCCCNC(=O)[C@@H]2CCCN2C1=O,N=C(N)NCCC[C@@H]1NC(=O)C2(CC2)NC(=O)[C@@H]2CCCN2C(=O)[C@H](Cc2ccccc2)NC(=O)[C@@H](N)CCCCCCCCNC(=O)[C@@H]2CCCN2C1=O,N=C(N)NCCC[C@@H]1NC(=O)C2(CC2)NC(=O)[C@@H]2CCCN2C(=O)[C@H](Cc2ccccc2)NC(=O)[C@@H](N)CCCCCCCCNC(=O)[C@@H]2CCCN2C1=O,N=C(N)NCCC[C@@H]1NC(=O)C2(CC2)NC(=O)[C@@H]2CCCN2C(=O)[C@H](Cc2ccccc2)NC(=O)[C@@H](N)CCCCCCCCNC(=O)[C@@H]2CCCN2C1=O,LVVYZSPKMRDDBP-QKUYTOGTSA-N,LVVYZSPKMRDDBP-QKUYTOGTSA-N,standardized,0.0,False,2.0,strict_exact,exact_point_estimate,moderate_100nM_to_1uM,False,True,IC50,biochemical_binding,False,0.8110969016099563,0.6991711788958975,0.271276593208313,CC(C)C[C@@H]1NC(=O)CNC(=O)[C@H](CCC(=O)O)NC(=O)[C@@H]2CSSC[C@H](NC(=O)[C@@H](N)Cc3ccc(O)cc3)C(=O)N[C@@H](CCC(N)=O)C(=O)N[C@@H](CCCCN)C(=O)N[C@@H](Cc3ccccc3)C(=O)N[C@@H](CC(C)C)C(=O)N[C@@H](C)C(=O)N3CCC[C@H]3C(=O)N[C@H]3CSSC[C@H](NC(=O)[C@H](C(C)C)NC1=O)C(=O)N[C@@H](CCCNC(=N)N)C(=O)N[C@@H](CC(C)C)C(=O)N[C@@H](Cc1c[nH]c4ccccc14)C(=O)N[C@H](C(=O)N[C@@H](CCCCN)C(=O)N[C@@H](CCCCN)C(=O)N[C@@H](CCCCN)C(=O)N[C@@H](CC(C)C)C(=O)N[C@@H](Cc1c[nH]c4ccccc14)C(N)=O)CSSC[C@H](NC(=O)[C@H](CCCCN)NC(=O)[C@H](CCCNC(=N)N)NC(=O)[C@H](CCC(=O)O)NC(=O)[C@H](CO)NC(=O)[C@H](CC(=O)O)NC3=O)C(=O)N2,True,high
STR-C6579F1285FA63B28E81,IC50,biochemical_binding,1,1,0,1,1,0,0,6.709965388637482,6.709965388637482,6.709965388637482,195.0,195.0,IC50,1,inhibitory_potency,1,biochemical_binding,1,ChEMBL,CHEMBL3126201,Menin,2014,=,N#Cc1ccc(OCCCN2CCC([C@](O)(c3ccccn3)C3CCCC3)CC2)cc1,N#Cc1ccc(OCCCN2CCC([C@](O)(c3ccccn3)C3CCCC3)CC2)cc1,N#Cc1ccc(OCCCN2CCC([C@](O)(c3ccccn3)C3CCCC3)CC2)cc1,N#Cc1ccc(OCCCN2CCC([C@](O)(c3ccccn3)C3CCCC3)CC2)cc1,CXFJNJZPBYIKCK-SANMLTNESA-N,CXFJNJZPBYIKCK-SANMLTNESA-N,standardized,0.0,False,2.0,strict_exact,exact_point_estimate,moderate_100nM_to_1uM,False,True,IC50,biochemical_binding,False,0.9527461490037857,0.2746149476096788,0.4838709533214569,OC(c1ccccc1)(c1ccccc1)C1CCN(CCCOc2ccc(-c3ccccc3)cc2)CC1,True,high
STR-BFC54DF7D74405B04BF7,IC50,biochemical_binding,1,1,0,1,1,0,0,6.7055337738384075,6.7055337738384075,6.7055337738384075,197.0,197.0,IC50,1,inhibitory_potency,1,biochemical_binding,1,ChEMBL,CHEMBL3126188,Menin,2014,=,N#Cc1ccc(OCCCN2CCC(C(O)(c3cccc(F)c3)C3CCCC3)CC2)cc1,N#Cc1ccc(OCCCN2CCC(C(O)(c3cccc(F)c3)C3CCCC3)CC2)cc1,N#Cc1ccc(OCCCN2CCC(C(O)(c3cccc(F)c3)C3CCCC3)CC2)cc1,N#Cc1ccc(OCCCN2CCC(C(O)(c3cccc(F)c3)C3CCCC3)CC2)cc1,FTSMDZBUBLYVKI-UHFFFAOYSA-N,FTSMDZBUBLYVKI-UHFFFAOYSA-N,standardized,0.0,False,2.0,strict_exact,exact_point_estimate,moderate_100nM_to_1uM,False,True,IC50,biochemical_binding,False,0.956182364241466,0.2595300949868147,0.4920634925365448,OC(c1ccccc1)(c1ccccc1)C1CCN(CCCOc2ccc(-c3ccccc3)cc2)CC1,True,high
STR-74136B835F8782FF8CF4,IC50,biochemical_binding,1,1,0,1,1,0,0,6.698970004336019,6.698970004336019,6.698970004336019,200.0,200.0,IC50,1,inhibitory_potency,1,biochemical_binding,1,PubChem,168720866,Menin,2026,=,CCN(C(=O)c1cc(F)ccc1Oc1nnc(NC)nc1N1CCC2(C1)CN([C@H](CCCN(C)CCOC)C(C)C)C2)C(C)C,CCN(C(C)C)C(=O)C1=C(C=CC(=C1)F)OC2=C(N=C(N=N2)NC)N3CCC4(C3)CN(C4)[C@H](CCCN(C)CCOC)C(C)C,CCN(C(=O)c1cc(F)ccc1Oc1nnc(NC)nc1N1CCC2(C1)CN([C@H](CCCN(C)CCOC)C(C)C)C2)C(C)C,CCN(C(=O)c1cc(F)ccc1Oc1nnc(NC)nc1N1CCC2(C1)CN([C@H](CCCN(C)CCOC)C(C)C)C2)C(C)C,QUUIXILWOPFSKP-HHHXNRCGSA-N,QUUIXILWOPFSKP-HHHXNRCGSA-N,standardized,0.0,False,2.0,strict_exact,exact_point_estimate,moderate_100nM_to_1uM,False,True,IC50,biochemical_binding,False,0.8456486459339753,0.6206232870569561,0.46226415038108826,CCN(C(=O)c1cc(F)ccc1Oc1nncnc1N1CC2(CCN(CC3(SC)CC3)CC2)C1)C(C)C,True,high
STR-7AFC09FA5CCD1AD58837,IC50,biochemical_binding,1,1,0,1,1,0,0,6.698970004336019,6.698970004336019,6.698970004336019,200.0,200.0,IC50,1,inhibitory_potency,1,biochemical_binding,1,PubChem,156531613,Menin,2026,=,CCN(C(=O)c1cc(F)ccc1Oc1nncnc1N1CCC2(C1)CN([C@H](CCN(C)CCC(N)=O)C(C)C)C2)C(C)C,CCN(C(C)C)C(=O)C1=C(C=CC(=C1)F)OC2=C(N=CN=N2)N3CCC4(C3)CN(C4)[C@H](CCN(C)CCC(=O)N)C(C)C,CCN(C(=O)c1cc(F)ccc1Oc1nncnc1N1CCC2(C1)CN([C@H](CCN(C)CCC(N)=O)C(C)C)C2)C(C)C,CCN(C(=O)c1cc(F)ccc1Oc1nncnc1N1CCC2(C1)CN([C@H](CCN(C)CCC(N)=O)C(C)C)C2)C(C)C,PEVIOGHFNRAOOP-RUZDIDTESA-N,PEVIOGHFNRAOOP-RUZDIDTESA-N,standardized,0.0,False,2.0,strict_exact,exact_point_estimate,moderate_100nM_to_1uM,False,True,IC50,biochemical_binding,False,0.6469765035345281,0.9367393467669329,0.6063829660415649,CCN(C(=O)c1cc(F)ccc1Oc1nncnc1N1CC2(CCN(CC3(SC)CC3)CC2)C1)C(C)C,True,medium
STR-DA810ABA63D56EF0FE8C,IC50,biochemical_binding,1,1,0,1,1,0,0,6.698970004336019,6.698970004336019,6.698970004336019,200.0,200.0,IC50,1,inhibitory_potency,1,biochemical_binding,1,PubChem,156531635,Menin,2026,=,CCN(C(=O)c1cc(F)ccc1Oc1nncnc1N1CCC2(C1)CN([C@H](CCCN(C)[C@@H](C)CC(=O)N(C)C)C(C)C)C2)C(C)C,CCN(C(C)C)C(=O)C1=C(C=CC(=C1)F)OC2=C(N=CN=N2)N3CCC4(C3)CN(C4)[C@H](CCCN(C)[C@@H](C)CC(=O)N(C)C)C(C)C,CCN(C(=O)c1cc(F)ccc1Oc1nncnc1N1CCC2(C1)CN([C@H](CCCN(C)[C@@H](C)CC(=O)N(C)C)C(C)C)C2)C(C)C,CCN(C(=O)c1cc(F)ccc1Oc1nncnc1N1CCC2(C1)CN([C@H](CCCN(C)[C@@H](C)CC(=O)N(C)C)C(C)C)C2)C(C)C,YTBQSXQHHWVUTN-LITSAYRRSA-N,YTBQSXQHHWVUTN-LITSAYRRSA-N,standardized,0.0,False,2.0,strict_exact,exact_point_estimate,moderate_100nM_to_1uM,False,True,IC50,biochemical_binding,False,0.6346846413244588,0.9470070676737945,0.59375,CCN(C(=O)c1cc(F)ccc1Oc1nncnc1N1CC2(CCN(CC3(SC)CC3)CC2)C1)C(C)C,True,medium
STR-F60A396C51FDEB446C33,IC50,biochemical_binding,1,1,0,1,1,0,0,6.698970004336019,6.698970004336019,6.698970004336019,200.0,200.0,IC50,1,inhibitory_potency,1,biochemical_binding,1,PubChem,156532038,Menin,2026,=,COCCNCCC[C@H](C(C)C)N1CC2(CCN(c3ncnnc3Oc3ccc(F)cc3C(=O)N(C(C)C)C(C)C)C2)C1,CC(C)[C@@H](CCCNCCOC)N1CC2(C1)CCN(C2)C3=C(N=NC=N3)OC4=C(C=C(C=C4)F)C(=O)N(C(C)C)C(C)C,COCCNCCC[C@H](C(C)C)N1CC2(CCN(c3ncnnc3Oc3ccc(F)cc3C(=O)N(C(C)C)C(C)C)C2)C1,COCCNCCC[C@H](C(C)C)N1CC2(CCN(c3ncnnc3Oc3ccc(F)cc3C(=O)N(C(C)C)C(C)C)C2)C1,BEJJQUKWUUMXNO-HHHXNRCGSA-N,BEJJQUKWUUMXNO-HHHXNRCGSA-N,standardized,0.0,False,2.0,strict_exact,exact_point_estimate,moderate_100nM_to_1uM,False,True,IC50,biochemical_binding,False,0.7342955390778022,0.8352330506805496,0.5,CCN(C(=O)c1cc(F)ccc1Oc1nncnc1N1CC2(CCN(CC3(SC)CC3)CC2)C1)C(C)C,True,high
STR-93357EA1BA889F037426,IC50,biochemical_binding,1,1,0,1,1,0,0,6.6777807052660805,6.6777807052660805,6.6777807052660805,210.0,210.0,IC50,1,inhibitory_potency,1,biochemical_binding,1,PubChem,168720868,Menin,2026,=,CC(C)[C@@H](CCCN(C)C)N1CC2(CCN(c3ccnnc3Oc3ccc(F)cc3C(=O)N(C(C)C)C(C)C)C2)C1,CC(C)[C@@H](CCCN(C)C)N1CC2(C1)CCN(C2)C3=C(N=NC=C3)OC4=C(C=C(C=C4)F)C(=O)N(C(C)C)C(C)C,CC(C)[C@@H](CCCN(C)C)N1CC2(CCN(c3ccnnc3Oc3ccc(F)cc3C(=O)N(C(C)C)C(C)C)C2)C1,CC(C)[C@@H](CCCN(C)C)N1CC2(CCN(c3ccnnc3Oc3ccc(F)cc3C(=O)N(C(C)C)C(C)C)C2)C1,MMASTHCMDVBHKI-HHHXNRCGSA-N,MMASTHCMDVBHKI-HHHXNRCGSA-N,standardized,0.0,False,2.0,strict_exact,exact_point_estimate,moderate_100nM_to_1uM,False,True,IC50,biochemical_binding,False,0.7465144891805764,0.8167559333949623,0.41999998688697815,CCN(C(=O)c1cc(F)ccc1Oc1nncnc1N1CC2(CCN(CC3(SC)CC3)CC2)C1)C(C)C,True,high
STR-B00EBDE672D151BF05E0,IC50,biochemical_binding,1,1,0,1,1,0,0,6.6777807052660805,6.6777807052660805,6.6777807052660805,210.0,210.0,IC50,1,inhibitory_potency,1,biochemical_binding,1,PubChem,168720852,Menin,2026,=,CCN(CC)C[C@H](O)C[C@@H](C(C)C)N1CC2(CCN(c3ncnnc3Oc3ccc(F)cc3C(=O)N(CC)C(C)C)C2)C1,CCN(CC)C[C@@H](C[C@@H](C(C)C)N1CC2(C1)CCN(C2)C3=C(N=NC=N3)OC4=C(C=C(C=C4)F)C(=O)N(CC)C(C)C)O,CCN(CC)C[C@H](O)C[C@@H](C(C)C)N1CC2(CCN(c3ncnnc3Oc3ccc(F)cc3C(=O)N(CC)C(C)C)C2)C1,CCN(CC)C[C@H](O)C[C@@H](C(C)C)N1CC2(CCN(c3ncnnc3Oc3ccc(F)cc3C(=O)N(CC)C(C)C)C2)C1,GGIYEWDSYGQHQG-VPUSJEBWSA-N,GGIYEWDSYGQHQG-VPUSJEBWSA-N,standardized,0.0,False,2.0,strict_exact,exact_point_estimate,moderate_100nM_to_1uM,False,True,IC50,biochemical_binding,False,0.5821884579496684,0.9804206208380558,0.6263736486434937,CCN(C(=O)c1cc(F)ccc1Oc1nncnc1N1CC2(CCN(CC3(SC)CC3)CC2)C1)C(C)C,True,medium
STR-BDA869F5010D8C8F45A3,IC50,biochemical_binding,1,1,0,1,1,0,0,6.6777807052660805,6.6777807052660805,6.6777807052660805,210.0,210.0,IC50,1,inhibitory_potency,1,biochemical_binding,1,PubChem,156531802,Menin,2026,=,CC(C)[C@@H](CCCN(C)C[C@H](C)C(N)=O)N1CC2(CCN(c3ncnnc3Oc3ccc(F)cc3C(=O)N(C(C)C)C(C)C)C2)C1,C[C@@H](CN(C)CCC[C@H](C(C)C)N1CC2(C1)CCN(C2)C3=C(N=NC=N3)OC4=C(C=C(C=C4)F)C(=O)N(C(C)C)C(C)C)C(=O)N,CC(C)[C@@H](CCCN(C)C[C@H](C)C(N)=O)N1CC2(CCN(c3ncnnc3Oc3ccc(F)cc3C(=O)N(C(C)C)C(C)C)C2)C1,CC(C)[C@@H](CCCN(C)C[C@H](C)C(N)=O)N1CC2(CCN(c3ncnnc3Oc3ccc(F)cc3C(=O)N(C(C)C)C(C)C)C2)C1,FCWYUXWVVVDCKM-LBNVMWSVSA-N,FCWYUXWVVVDCKM-LBNVMWSVSA-N,standardized,0.0,False,2.0,strict_exact,exact_point_estimate,moderate_100nM_to_1uM,False,True,IC50,biochemical_binding,False,0.654387260727468,0.930088709682824,0.49504950642585754,CCN(C(=O)c1cc(F)ccc1Oc1nncnc1N1CC2(CCN(CC3(SC)CC3)CC2)C1)C(C)C,True,medium
STR-FD5D4013B5F7BC070448,IC50,biochemical_binding,1,1,0,1,1,0,0,6.6777807052660805,6.6777807052660805,6.6777807052660805,210.0,210.0,IC50,1,inhibitory_potency,1,biochemical_binding,1,PubChem,156531853,Menin,2026,=,CCN(C(=O)c1cc(F)ccc1Oc1nncnc1N1CCC2(C1)CN([C@H](CCNCCCO)C(C)C)C2)C(C)C,CCN(C(C)C)C(=O)C1=C(C=CC(=C1)F)OC2=C(N=CN=N2)N3CCC4(C3)CN(C4)[C@H](CCNCCCO)C(C)C,CCN(C(=O)c1cc(F)ccc1Oc1nncnc1N1CCC2(C1)CN([C@H](CCNCCCO)C(C)C)C2)C(C)C,CCN(C(=O)c1cc(F)ccc1Oc1nncnc1N1CCC2(C1)CN([C@H](CCNCCCO)C(C)C)C2)C(C)C,ZFKOIWORYSEWCV-RUZDIDTESA-N,ZFKOIWORYSEWCV-RUZDIDTESA-N,standardized,0.0,False,2.0,strict_exact,exact_point_estimate,moderate_100nM_to_1uM,False,True,IC50,biochemical_binding,False,0.6808566552641845,0.903447443053522,0.6129032373428345,CCN(C(=O)c1cc(F)ccc1Oc1nncnc1N1CC2(CCN(CC3(SC)CC3)CC2)C1)C(C)C,True,medium
STR-5F462E9C39E6988CE487,IC50,biochemical_binding,1,2,1,2,1,0,0,6.673664139071249,6.673664139071249,6.673664139071249,212.0,212.0,IC50,1,inhibitory_potency,1,biochemical_binding,1,ChEMBL;PubChem,CHEMBL5847188,Menin,2021,=,COC(=O)N[C@H]1CCC[C@@H]1C(C#N)(c1ccccc1)C1CCN(CCC#Cc2ccc(C#N)cc2)CC1,COC(=O)N[C@H]1CCC[C@@H]1C(C#N)(c1ccccc1)C1CCN(CCC#Cc2ccc(C#N)cc2)CC1,COC(=O)N[C@H]1CCC[C@@H]1C(C#N)(c1ccccc1)C1CCN(CCC#Cc2ccc(C#N)cc2)CC1,COC(=O)N[C@H]1CCC[C@@H]1C(C#N)(c1ccccc1)C1CCN(CCC#Cc2ccc(C#N)cc2)CC1,PKBGEGYIMDNITD-MYABOAQRSA-N,PKBGEGYIMDNITD-MYABOAQRSA-N,standardized,0.0,False,2.0,strict_exact,exact_point_estimate,moderate_100nM_to_1uM,False,True,IC50,biochemical_binding,False,0.9332646112221278,0.35362092975623977,0.3037974536418915,OC(c1ccccc1)(c1ccccc1)C1CCN(CCCOc2ccc(-c3ccccc3)cc2)CC1,True,high
STR-171BAC86BCDD3AF9EF0F,IC50,biochemical_binding,1,1,0,1,1,0,0,6.657577319177793,6.657577319177793,6.657577319177793,220.0,220.0,IC50,1,inhibitory_potency,1,biochemical_binding,1,PubChem,156498066,Menin,2026,=,CCN(C(=O)c1cc(F)ccc1Oc1nncnc1N1CCC2(C1)CN([C@H](CCCN(C)CC(=O)N(C)C)C(C)C)C2)C(C)C,CCN(C(C)C)C(=O)C1=C(C=CC(=C1)F)OC2=C(N=CN=N2)N3CCC4(C3)CN(C4)[C@H](CCCN(C)CC(=O)N(C)C)C(C)C,CCN(C(=O)c1cc(F)ccc1Oc1nncnc1N1CCC2(C1)CN([C@H](CCCN(C)CC(=O)N(C)C)C(C)C)C2)C(C)C,CCN(C(=O)c1cc(F)ccc1Oc1nncnc1N1CCC2(C1)CN([C@H](CCCN(C)CC(=O)N(C)C)C(C)C)C2)C(C)C,UOUBVLMIBQOMRC-HHHXNRCGSA-N,UOUBVLMIBQOMRC-HHHXNRCGSA-N,standardized,0.0,False,2.0,strict_exact,exact_point_estimate,moderate_100nM_to_1uM,False,True,IC50,biochemical_binding,False,0.6617834623620549,0.9231018206754027,0.6000000238418579,CCN(C(=O)c1cc(F)ccc1Oc1nncnc1N1CC2(CCN(CC3(SC)CC3)CC2)C1)C(C)C,True,medium
STR-96042A1C627CE2CBBC1F,IC50,biochemical_binding,1,1,0,1,1,0,0,6.657577319177793,6.657577319177793,6.657577319177793,220.0,220.0,IC50,1,inhibitory_potency,1,biochemical_binding,1,PubChem,156531821,Menin,2026,=,CCN(C(=O)c1cc(F)ccc1Oc1nncnc1N1CCC2(C1)CN([C@H](CCCN(C)C[C@H](C)C(=O)N(C)C)C(C)C)C2)C(C)C,CCN(C(C)C)C(=O)C1=C(C=CC(=C1)F)OC2=C(N=CN=N2)N3CCC4(C3)CN(C4)[C@H](CCCN(C)C[C@H](C)C(=O)N(C)C)C(C)C,CCN(C(=O)c1cc(F)ccc1Oc1nncnc1N1CCC2(C1)CN([C@H](CCCN(C)C[C@H](C)C(=O)N(C)C)C(C)C)C2)C(C)C,CCN(C(=O)c1cc(F)ccc1Oc1nncnc1N1CCC2(C1)CN([C@H](CCCN(C)C[C@H](C)C(=O)N(C)C)C(C)C)C2)C(C)C,IFIHGWNVFQFWAX-LITSAYRRSA-N,IFIHGWNVFQFWAX-LITSAYRRSA-N,standardized,0.0,False,2.0,strict_exact,exact_point_estimate,moderate_100nM_to_1uM,False,True,IC50,biochemical_binding,False,0.6806103189643828,0.9037165233054003,0.5876288414001465,CCN(C(=O)c1cc(F)ccc1Oc1nncnc1N1CC2(CCN(CC3(SC)CC3)CC2)C1)C(C)C,True,medium
STR-55608317294F39D42FCE,IC50,biochemical_binding,1,2,1,2,1,0,0,6.655607726314889,6.655607726314889,6.655607726314889,221.0,221.0,IC50,1,inhibitory_potency,1,biochemical_binding,1,ChEMBL;PubChem,CHEMBL5848634,Menin,2021,=,CNC(=O)O[C@@H]1CCC[C@H]1C(Cn1cccc1)(c1ccccc1)C1CCN(CC2CN(c3ccc(S(=O)(=O)c4ccccc4)cc3)C2)CC1,CNC(=O)O[C@@H]1CCC[C@H]1C(Cn1cccc1)(c1ccccc1)C1CCN(CC2CN(c3ccc(S(=O)(=O)c4ccccc4)cc3)C2)CC1,CNC(=O)O[C@@H]1CCC[C@H]1C(Cn1cccc1)(c1ccccc1)C1CCN(CC2CN(c3ccc(S(=O)(=O)c4ccccc4)cc3)C2)CC1,CNC(=O)O[C@@H]1CCC[C@H]1C(Cn1cccc1)(c1ccccc1)C1CCN(CC2CN(c3ccc(S(=O)(=O)c4ccccc4)cc3)C2)CC1,RGGXIRGKGSGLAE-XTPKGQMJSA-N,RGGXIRGKGSGLAE-XTPKGQMJSA-N,standardized,0.0,False,2.0,strict_exact,exact_point_estimate,moderate_100nM_to_1uM,False,True,IC50,biochemical_binding,False,0.9073588968445262,0.4452245715460482,0.25806450843811035,O=C(O)c1ccc(N2CCC(CN3CCC(Oc4ccc(Cl)c(Cl)c4)CC3)CC2)cc1,True,high
STR-97EC0B8AC90C0B7FCB6A,IC50,biochemical_binding,1,1,0,1,1,0,0,6.647817481888637,6.647817481888637,6.647817481888637,225.0,225.0,IC50,1,inhibitory_potency,1,biochemical_binding,1,ChEMBL,CHEMBL3126193,Menin,2014,=,N#Cc1ccc(OCCCN2CCC(C(O)(c3cccc(F)c3)c3ccccn3)CC2)cc1,N#Cc1ccc(OCCCN2CCC(C(O)(c3cccc(F)c3)c3ccccn3)CC2)cc1,N#Cc1ccc(OCCCN2CCC(C(O)(c3cccc(F)c3)c3ccccn3)CC2)cc1,N#Cc1ccc(OCCCN2CCC(C(O)(c3cccc(F)c3)c3ccccn3)CC2)cc1,YLADDJNCJBCBJE-UHFFFAOYSA-N,YLADDJNCJBCBJE-UHFFFAOYSA-N,standardized,0.0,False,2.0,strict_exact,exact_point_estimate,moderate_100nM_to_1uM,False,True,IC50,biochemical_binding,False,0.9565101404576671,0.2580703898196613,0.5151515007019043,OC(c1ccccc1)(c1ccccc1)C1CCN(CCCOc2ccc(-c3ccccc3)cc2)CC1,True,high
STR-31D21D2CCB9374585486,IC50,biochemical_binding,1,1,0,1,1,0,0,6.645891560852599,6.645891560852599,6.645891560852599,226.0,226.0,IC50,1,inhibitory_potency,1,biochemical_binding,1,ChEMBL,CHEMBL3126190,Menin,2014,=,N#Cc1ccc(OCCCN2CCC(C(O)(c3cccc(Cl)c3)C3CCCC3)CC2)cc1,N#Cc1ccc(OCCCN2CCC(C(O)(c3cccc(Cl)c3)C3CCCC3)CC2)cc1,N#Cc1ccc(OCCCN2CCC(C(O)(c3cccc(Cl)c3)C3CCCC3)CC2)cc1,N#Cc1ccc(OCCCN2CCC(C(O)(c3cccc(Cl)c3)C3CCCC3)CC2)cc1,DRGVYVUPPVUATJ-UHFFFAOYSA-N,DRGVYVUPPVUATJ-UHFFFAOYSA-N,standardized,0.0,False,2.0,strict_exact,exact_point_estimate,moderate_100nM_to_1uM,False,True,IC50,biochemical_binding,False,0.9607479520681931,0.2388522845432316,0.4920634925365448,OC(c1ccccc1)(c1ccccc1)C1CCN(CCCOc2ccc(-c3ccccc3)cc2)CC1,True,high
STR-71AB200EF619F4685513,IC50,biochemical_binding,1,1,0,1,1,0,0,6.645891560852599,6.645891560852599,6.645891560852599,226.0,226.0,IC50,1,inhibitory_potency,1,biochemical_binding,1,ChEMBL,CHEMBL2315087,Menin,2013,=,CC1(C)NC(=O)[C@@H]2CCCN2C(=O)[C@H](Cc2ccccc2)NC(=O)[C@@H](N)CCCCCCCCNC(=O)[C@@H]2CCCN2C(=O)[C@H](CCCNC(=N)N)NC1=O,CC1(C)NC(=O)[C@@H]2CCCN2C(=O)[C@H](Cc2ccccc2)NC(=O)[C@@H](N)CCCCCCCCNC(=O)[C@@H]2CCCN2C(=O)[C@H](CCCNC(=N)N)NC1=O,CC1(C)NC(=O)[C@@H]2CCCN2C(=O)[C@H](Cc2ccccc2)NC(=O)[C@@H](N)CCCCCCCCNC(=O)[C@@H]2CCCN2C(=O)[C@H](CCCNC(=N)N)NC1=O,CC1(C)NC(=O)[C@@H]2CCCN2C(=O)[C@H](Cc2ccccc2)NC(=O)[C@@H](N)CCCCCCCCNC(=O)[C@@H]2CCCN2C(=O)[C@H](CCCNC(=N)N)NC1=O,VACZZMOZIGIKHH-QKUYTOGTSA-N,VACZZMOZIGIKHH-QKUYTOGTSA-N,standardized,0.0,False,2.0,strict_exact,exact_point_estimate,moderate_100nM_to_1uM,False,True,IC50,biochemical_binding,False,0.7699859060938117,0.7780358715812354,0.27807486057281494,CC(C)C[C@@H]1NC(=O)CNC(=O)[C@H](CCC(=O)O)NC(=O)[C@@H]2CSSC[C@H](NC(=O)[C@@H](N)Cc3ccc(O)cc3)C(=O)N[C@@H](CCC(N)=O)C(=O)N[C@@H](CCCCN)C(=O)N[C@@H](Cc3ccccc3)C(=O)N[C@@H](CC(C)C)C(=O)N[C@@H](C)C(=O)N3CCC[C@H]3C(=O)N[C@H]3CSSC[C@H](NC(=O)[C@H](C(C)C)NC1=O)C(=O)N[C@@H](CCCNC(=N)N)C(=O)N[C@@H](CC(C)C)C(=O)N[C@@H](Cc1c[nH]c4ccccc14)C(=O)N[C@H](C(=O)N[C@@H](CCCCN)C(=O)N[C@@H](CCCCN)C(=O)N[C@@H](CCCCN)C(=O)N[C@@H](CC(C)C)C(=O)N[C@@H](Cc1c[nH]c4ccccc14)C(N)=O)CSSC[C@H](NC(=O)[C@H](CCCCN)NC(=O)[C@H](CCCNC(=N)N)NC(=O)[C@H](CCC(=O)O)NC(=O)[C@H](CO)NC(=O)[C@H](CC(=O)O)NC3=O)C(=O)N2,True,high
STR-93F64171A6C361A48AC4,IC50,biochemical_binding,1,1,0,1,1,0,0,6.638272163982407,6.638272163982407,6.638272163982407,230.0,230.0,IC50,1,inhibitory_potency,1,biochemical_binding,1,PubChem,156497992,Menin,2026,=,CCN(C(=O)c1cc(F)ccc1Oc1nnc(Cl)nc1N1CCC2(C1)CN([C@H](CCCN(C)CCOC)C(C)C)C2)C(C)C,CCN(C(C)C)C(=O)C1=C(C=CC(=C1)F)OC2=C(N=C(N=N2)Cl)N3CCC4(C3)CN(C4)[C@H](CCCN(C)CCOC)C(C)C,CCN(C(=O)c1cc(F)ccc1Oc1nnc(Cl)nc1N1CCC2(C1)CN([C@H](CCCN(C)CCOC)C(C)C)C2)C(C)C,CCN(C(=O)c1cc(F)ccc1Oc1nnc(Cl)nc1N1CCC2(C1)CN([C@H](CCCN(C)CCOC)C(C)C)C2)C(C)C,VLVBGMDOGAJKCD-AREMUKBSSA-N,VLVBGMDOGAJKCD-AREMUKBSSA-N,standardized,0.0,False,2.0,strict_exact,exact_point_estimate,moderate_100nM_to_1uM,False,True,IC50,biochemical_binding,False,0.8749493873933549,0.5437065138574904,0.4711538553237915,CCN(C(=O)c1cc(F)ccc1Oc1nncnc1N1CC2(CCN(CC3(SC)CC3)CC2)C1)C(C)C,True,high
STR-AFF9BD01FBFBA6263A29,IC50,biochemical_binding,1,1,0,1,1,0,0,6.638272163982407,6.638272163982407,6.638272163982407,230.0,230.0,IC50,1,inhibitory_potency,1,biochemical_binding,1,PubChem,156498016,Menin,2026,=,CCN(C(=O)c1cc(F)ccc1Oc1nncnc1N1CCC2(C1)CN([C@H](CCCN(C)C(COC)COC)C(C)C)C2)C(C)C,CCN(C(C)C)C(=O)C1=C(C=CC(=C1)F)OC2=C(N=CN=N2)N3CCC4(C3)CN(C4)[C@H](CCCN(C)C(COC)COC)C(C)C,CCN(C(=O)c1cc(F)ccc1Oc1nncnc1N1CCC2(C1)CN([C@H](CCCN(C)C(COC)COC)C(C)C)C2)C(C)C,CCN(C(=O)c1cc(F)ccc1Oc1nncnc1N1CCC2(C1)CN([C@H](CCCN(C)C(COC)COC)C(C)C)C2)C(C)C,WUSMYQSBHCSVHL-GDLZYMKVSA-N,WUSMYQSBHCSVHL-GDLZYMKVSA-N,standardized,0.0,False,2.0,strict_exact,exact_point_estimate,moderate_100nM_to_1uM,False,True,IC50,biochemical_binding,False,0.6448419980754021,0.9385904194804544,0.6000000238418579,CCN(C(=O)c1cc(F)ccc1Oc1nncnc1N1CC2(CCN(CC3(SC)CC3)CC2)C1)C(C)C,True,medium
STR-B8BBFC48D37A12C20E1C,IC50,biochemical_binding,1,1,0,1,1,0,0,6.634512015109101,6.634512015109101,6.634512015109101,232.0,232.0,IC50,1,inhibitory_potency,1,biochemical_binding,1,ChEMBL,CHEMBL2314824,Menin,2013,=,CC(=O)N[C@@H](CCCNC(=N)N)C(=O)N[C@@H](Cc1c[nH]c2ccccc12)C(=O)N[C@@H](CCCNC(=N)N)C(=O)N[C@@H](Cc1ccccc1)C(=O)N1CCC[C@H]1C(=O)N[C@@H](C)C(=O)N[C@@H](CCCNC(=N)N)C(=O)N1CCC[C@H]1C(N)=O,CC(=O)N[C@@H](CCCNC(=N)N)C(=O)N[C@@H](Cc1c[nH]c2ccccc12)C(=O)N[C@@H](CCCNC(=N)N)C(=O)N[C@@H](Cc1ccccc1)C(=O)N1CCC[C@H]1C(=O)N[C@@H](C)C(=O)N[C@@H](CCCNC(=N)N)C(=O)N1CCC[C@H]1C(N)=O,CC(=O)N[C@@H](CCCNC(=N)N)C(=O)N[C@@H](Cc1c[nH]c2ccccc12)C(=O)N[C@@H](CCCNC(=N)N)C(=O)N[C@@H](Cc1ccccc1)C(=O)N1CCC[C@H]1C(=O)N[C@@H](C)C(=O)N[C@@H](CCCNC(=N)N)C(=O)N1CCC[C@H]1C(N)=O,CC(=O)N[C@@H](CCCNC(=N)N)C(=O)N[C@@H](Cc1c[nH]c2ccccc12)C(=O)N[C@@H](CCCNC(=N)N)C(=O)N[C@@H](Cc1ccccc1)C(=O)N1CCC[C@H]1C(=O)N[C@@H](C)C(=O)N[C@@H](CCCNC(=N)N)C(=O)N1CCC[C@H]1C(N)=O,VFNHZYPRVNMVMJ-LRMMECSQSA-N,VFNHZYPRVNMVMJ-LRMMECSQSA-N,standardized,0.0,False,2.0,strict_exact,exact_point_estimate,moderate_100nM_to_1uM,False,True,IC50,biochemical_binding,False,0.8879433351776072,0.5060884820656056,0.4219653308391571,CCC(C)C(NC(=O)C(Cc1ccccc1)NC(=O)C(CC(C)C)NC(=O)C(CCCNC(=N)N)NC(=O)C(NC(=O)C(C)NC(=O)C(CCC(=O)O)NC(=O)C(CCC(=O)O)NC(=O)C(CCC(=O)O)NC(=O)C(CCSC)NC(=O)C(CCC(N)=O)NC(=O)C(CCCCN)NC(=O)C(CO)NC(=O)C(CC(C)C)NC(=O)C(CC(=O)O)NC(=O)C(CO)NC(=O)C(NC(=O)C(Cc1ccccc1)NC(=O)C(NC(=O)CNC(=O)C(CCC(=O)O)NC(=O)CNC(=O)C(N)Cc1c[nH]cn1)C(C)O)C(C)O)C(C)C)C(=O)NC(CCC(=O)O)C(=O)NC(Cc1c[nH]c2ccccc12)C(=O)NC(CC(C)C)C(=O)NC(CCCCN)C(=O)NC(CC(N)=O)C(=O)NCC(=O)NCC(=O)N1CCCC1C(=O)NC(CO)C(=O)NC(CO)C(=O)NCC(=O)NC(C)C(=O)N1CCCC1C(=O)N1CCCC1C(=O)N1CCCC1C(=O)NC(CO)C(N)=O,True,high
STR-88BBF77299762B038C6D,IC50,biochemical_binding,1,2,1,2,1,0,0,6.625251653989896,6.625251653989896,6.625251653989896,237.0,237.0,IC50,1,inhibitory_potency,1,biochemical_binding,1,ChEMBL;PubChem,CHEMBL5747059,Menin,2021,=,CC(C)C(=O)O[C@H]1CCC[C@@H]1C(C#N)(c1ccccc1)C1CCN(CC2CN(c3ccc(S(=O)(=O)c4ccncc4)cc3)C2)CC1,CC(C)C(=O)O[C@H]1CCC[C@@H]1C(C#N)(c1ccccc1)C1CCN(CC2CN(c3ccc(S(=O)(=O)c4ccncc4)cc3)C2)CC1,CC(C)C(=O)O[C@H]1CCC[C@@H]1C(C#N)(c1ccccc1)C1CCN(CC2CN(c3ccc(S(=O)(=O)c4ccncc4)cc3)C2)CC1,CC(C)C(=O)O[C@H]1CCC[C@@H]1C(C#N)(c1ccccc1)C1CCN(CC2CN(c3ccc(S(=O)(=O)c4ccncc4)cc3)C2)CC1,ATMCISWSCCZRKA-FWBANIIHSA-N,ATMCISWSCCZRKA-FWBANIIHSA-N,standardized,0.0,False,2.0,strict_exact,exact_point_estimate,moderate_100nM_to_1uM,False,True,IC50,biochemical_binding,False,0.8837238045714982,0.5185613214162412,0.25999999046325684,CCOC(=O)N1[C@@H]2CC[C@H]1C[C@H](CN1CC[C@H](N3C(=O)Cc4ccccc43)C1)C2,True,high
STR-175E6B8A02C7A1A8161C,IC50,biochemical_binding,1,1,0,1,1,0,0,6.619788758288394,6.619788758288394,6.619788758288394,240.0,240.0,IC50,1,inhibitory_potency,1,biochemical_binding,1,PubChem,156532052,Menin,2026,=,CCN(C(=O)c1cc(F)ccc1Oc1nncnc1N1CCC2(C1)CN([C@H](CCCNC[C@@H](O)COC)C(C)C)C2)C(C)C,CCN(C(C)C)C(=O)C1=C(C=CC(=C1)F)OC2=C(N=CN=N2)N3CCC4(C3)CN(C4)[C@H](CCCNC[C@H](COC)O)C(C)C,CCN(C(=O)c1cc(F)ccc1Oc1nncnc1N1CCC2(C1)CN([C@H](CCCNC[C@@H](O)COC)C(C)C)C2)C(C)C,CCN(C(=O)c1cc(F)ccc1Oc1nncnc1N1CCC2(C1)CN([C@H](CCCNC[C@@H](O)COC)C(C)C)C2)C(C)C,PRVONHNKNRFPNB-XNMGPUDCSA-N,PRVONHNKNRFPNB-XNMGPUDCSA-N,standardized,0.0,False,2.0,strict_exact,exact_point_estimate,moderate_100nM_to_1uM,False,True,IC50,biochemical_binding,False,0.7219776078992652,0.8527421672264197,0.5699999928474426,CCN(C(=O)c1cc(F)ccc1Oc1nncnc1N1CC2(CCN(CC3(SC)CC3)CC2)C1)C(C)C,True,high
STR-F3CF2B91B4EE3E2B7CA5,IC50,biochemical_binding,1,2,1,2,1,0,0,6.617982957425132,6.617982957425132,6.617982957425132,241.0,241.0,IC50,1,inhibitory_potency,1,biochemical_binding,1,ChEMBL;PubChem,CHEMBL5899790,Menin,2021,=,N#Cc1ccc(NCCCN2CCC(C3(C4CCCC4)NCCc4ccccc43)CC2)cc1,N#Cc1ccc(NCCCN2CCC(C3(C4CCCC4)NCCc4ccccc43)CC2)cc1,N#Cc1ccc(NCCCN2CCC(C3(C4CCCC4)NCCc4ccccc43)CC2)cc1,N#Cc1ccc(NCCCN2CCC(C3(C4CCCC4)NCCc4ccccc43)CC2)cc1,UNWZNPGSPQZUAG-UHFFFAOYSA-N,UNWZNPGSPQZUAG-UHFFFAOYSA-N,standardized,0.0,False,2.0,strict_exact,exact_point_estimate,moderate_100nM_to_1uM,False,True,IC50,biochemical_binding,False,0.9687539082759079,0.2006029615826574,0.33766233921051025,N#Cc1ccc(CCN2CCC(Nc3nc4ccccc4[nH]3)CC2)cc1,True,high
STR-82C71875AD45FB58A735,IC50,biochemical_binding,1,1,0,1,1,0,0,6.616184634019569,6.616184634019569,6.616184634019569,242.0,242.0,IC50,1,inhibitory_potency,1,biochemical_binding,1,ChEMBL,CHEMBL3126192,Menin,2014,=,N#Cc1ccc(OCCCN2CCC(C(O)(c3nccs3)C3CCCC3)CC2)cc1,N#Cc1ccc(OCCCN2CCC(C(O)(c3nccs3)C3CCCC3)CC2)cc1,N#Cc1ccc(OCCCN2CCC(C(O)(c3nccs3)C3CCCC3)CC2)cc1,N#Cc1ccc(OCCCN2CCC(C(O)(c3nccs3)C3CCCC3)CC2)cc1,INLKZOGWBUSMOY-UHFFFAOYSA-N,INLKZOGWBUSMOY-UHFFFAOYSA-N,standardized,0.0,False,2.0,strict_exact,exact_point_estimate,moderate_100nM_to_1uM,False,True,IC50,biochemical_binding,False,0.9544117771110985,0.2673518447147757,0.4375,OC(c1ccccc1)(c1ccccc1)C1CCN(CCCOc2ccc(-c3ccccc3)cc2)CC1,True,high
STR-C3AB20114EC3D149B3FF,IC50,biochemical_binding,1,2,1,2,1,0,0,6.607303046740334,6.607303046740334,6.607303046740334,247.0,247.0,IC50,1,inhibitory_potency,1,biochemical_binding,1,ChEMBL;PubChem,CHEMBL5894691,Menin,2021,=,CC(=O)N[C@@H]1CCC[C@H]1C1(C2CCN(CC3CN(c4ccc(S(=O)(=O)c5cnn(C)c5)cc4)C3)CC2)CNCc2ccccc21,CC(=O)N[C@@H]1CCC[C@H]1C1(C2CCN(CC3CN(c4ccc(S(=O)(=O)c5cnn(C)c5)cc4)C3)CC2)CNCc2ccccc21,CC(=O)N[C@@H]1CCC[C@H]1C1(C2CCN(CC3CN(c4ccc(S(=O)(=O)c5cnn(C)c5)cc4)C3)CC2)CNCc2ccccc21,CC(=O)N[C@@H]1CCC[C@H]1C1(C2CCN(CC3CN(c4ccc(S(=O)(=O)c5cnn(C)c5)cc4)C3)CC2)CNCc2ccccc21,KBCHFACNIBEZDD-ORITWGEGSA-N,KBCHFACNIBEZDD-ORITWGEGSA-N,standardized,0.0,False,2.0,strict_exact,exact_point_estimate,moderate_100nM_to_1uM,False,True,IC50,biochemical_binding,False,0.8426591899727656,0.6279098036210623,0.25471699237823486,CC(=O)Nc1cccc(N2CCN(CC3CCN(S(=O)(=O)CC4CCCCC4)CC3)CC2)c1,True,high
STR-61922625495B0746B9C8,IC50,biochemical_binding,1,1,0,1,1,0,0,6.6020599913279625,6.6020599913279625,6.6020599913279625,250.0,250.0,IC50,1,inhibitory_potency,1,biochemical_binding,1,PubChem,156498050,Menin,2026,=,CCN(C(=O)c1cc(F)ccc1Oc1nncnc1N1CCC2(C1)CN([C@H](CCCNCC(F)F)C(C)C)C2)C(C)C,CCN(C(C)C)C(=O)C1=C(C=CC(=C1)F)OC2=C(N=CN=N2)N3CCC4(C3)CN(C4)[C@H](CCCNCC(F)F)C(C)C,CCN(C(=O)c1cc(F)ccc1Oc1nncnc1N1CCC2(C1)CN([C@H](CCCNCC(F)F)C(C)C)C2)C(C)C,CCN(C(=O)c1cc(F)ccc1Oc1nncnc1N1CCC2(C1)CN([C@H](CCCNCC(F)F)C(C)C)C2)C(C)C,ZLRTWTQIOSLJMU-XMMPIXPASA-N,ZLRTWTQIOSLJMU-XMMPIXPASA-N,standardized,0.0,False,2.0,strict_exact,exact_point_estimate,moderate_100nM_to_1uM,False,True,IC50,biochemical_binding,False,0.6728620861668249,0.91197542877464,0.6000000238418579,CCN(C(=O)c1cc(F)ccc1Oc1nncnc1N1CC2(CCN(CC3(SC)CC3)CC2)C1)C(C)C,True,medium
STR-C5AB0DE6D3F029BD8FF5,IC50,biochemical_binding,1,1,0,1,1,0,0,6.6020599913279625,6.6020599913279625,6.6020599913279625,250.0,250.0,IC50,1,inhibitory_potency,1,biochemical_binding,1,ChEMBL,CHEMBL5565919,Menin,2024,=,Nc1ncnc2c1c(-c1ccc(F)cc1)cn2C1CCN(CC2CN(c3ccc(S(=O)(=O)C4CCCCC4)cc3)C2)CC1,Nc1ncnc2c1c(-c1ccc(F)cc1)cn2C1CCN(CC2CN(c3ccc(S(=O)(=O)C4CCCCC4)cc3)C2)CC1,Nc1ncnc2c1c(-c1ccc(F)cc1)cn2C1CCN(CC2CN(c3ccc(S(=O)(=O)C4CCCCC4)cc3)C2)CC1,Nc1ncnc2c1c(-c1ccc(F)cc1)cn2C1CCN(CC2CN(c3ccc(S(=O)(=O)C4CCCCC4)cc3)C2)CC1,ZLVOKDNPHNGLID-UHFFFAOYSA-N,ZLVOKDNPHNGLID-UHFFFAOYSA-N,standardized,0.0,False,2.0,strict_exact,exact_point_estimate,moderate_100nM_to_1uM,False,True,IC50,biochemical_binding,False,0.9110489309688857,0.43295889741987026,0.42352941632270813,Nc1ncnc2c1c(-c1cccc(O)c1)cn2[C@H]1C[C@@H](CN2CCC2)C1,True,high
STR-25ACFB2C189546A8CDF4,IC50,biochemical_binding,1,1,0,1,1,0,0,6.585026652029182,6.585026652029182,6.585026652029182,260.0,260.0,IC50,1,inhibitory_potency,1,biochemical_binding,1,PubChem,156531788,Menin,2026,=,CCN(C(=O)c1cc(F)ccc1Oc1nncnc1N1CCC2(C1)CN([C@H](C[C@H](C)CN(C)CCOC)C(C)C)C2)C(C)C,CCN(C(C)C)C(=O)C1=C(C=CC(=C1)F)OC2=C(N=CN=N2)N3CCC4(C3)CN(C4)[C@H](C[C@H](C)CN(C)CCOC)C(C)C,CCN(C(=O)c1cc(F)ccc1Oc1nncnc1N1CCC2(C1)CN([C@H](C[C@H](C)CN(C)CCOC)C(C)C)C2)C(C)C,CCN(C(=O)c1cc(F)ccc1Oc1nncnc1N1CCC2(C1)CN([C@H](C[C@H](C)CN(C)CCOC)C(C)C)C2)C(C)C,GORAKAHLMGAALX-LBNVMWSVSA-N,GORAKAHLMGAALX-LBNVMWSVSA-N,standardized,0.0,False,2.0,strict_exact,exact_point_estimate,moderate_100nM_to_1uM,False,True,IC50,biochemical_binding,False,0.5928426534968848,0.9749837030787498,0.59375,CCN(C(=O)c1cc(F)ccc1Oc1nncnc1N1CC2(CCN(CC3(SC)CC3)CC2)C1)C(C)C,True,medium
STR-2D3ADB707F7A33308C6C,IC50,biochemical_binding,1,1,0,1,1,0,0,6.585026652029182,6.585026652029182,6.585026652029182,260.0,260.0,IC50,1,inhibitory_potency,1,biochemical_binding,1,PubChem,156498078,Menin,2026,=,CCN(C(=O)c1cc(F)ccc1Oc1nncnc1N1CCC2(C1)CN([C@H](CCCN(C)CCNC(C)=O)C(C)C)C2)C(C)C,CCN(C(C)C)C(=O)C1=C(C=CC(=C1)F)OC2=C(N=CN=N2)N3CCC4(C3)CN(C4)[C@H](CCCN(C)CCNC(=O)C)C(C)C,CCN(C(=O)c1cc(F)ccc1Oc1nncnc1N1CCC2(C1)CN([C@H](CCCN(C)CCNC(C)=O)C(C)C)C2)C(C)C,CCN(C(=O)c1cc(F)ccc1Oc1nncnc1N1CCC2(C1)CN([C@H](CCCN(C)CCNC(C)=O)C(C)C)C2)C(C)C,FXQAPGIQNDVYCP-MUUNZHRXSA-N,FXQAPGIQNDVYCP-MUUNZHRXSA-N,standardized,0.0,False,2.0,strict_exact,exact_point_estimate,moderate_100nM_to_1uM,False,True,IC50,biochemical_binding,False,0.7083769273929869,0.870808657498662,0.581632673740387,CCN(C(=O)c1cc(F)ccc1Oc1nncnc1N1CC2(CCN(CC3(SC)CC3)CC2)C1)C(C)C,True,high
STR-662212F484FA5C48F6BE,IC50,biochemical_binding,1,1,0,1,1,0,0,6.585026652029182,6.585026652029182,6.585026652029182,260.0,260.0,IC50,1,inhibitory_potency,1,biochemical_binding,1,PubChem,156531810,Menin,2026,=,CCN(C(=O)c1cc(F)ccc1Oc1nncnc1N1CC2(CCN(C(CCCN(C)CCOC)C(C)C)C2)C1)C(C)C,CCN(C(C)C)C(=O)C1=C(C=CC(=C1)F)OC2=C(N=CN=N2)N3CC4(C3)CCN(C4)C(CCCN(C)CCOC)C(C)C,CCN(C(=O)c1cc(F)ccc1Oc1nncnc1N1CC2(CCN(C(CCCN(C)CCOC)C(C)C)C2)C1)C(C)C,CCN(C(=O)c1cc(F)ccc1Oc1nncnc1N1CC2(CCN(C(CCCN(C)CCOC)C(C)C)C2)C1)C(C)C,WZTPHJKJDDUNQC-UHFFFAOYSA-N,WZTPHJKJDDUNQC-UHFFFAOYSA-N,standardized,0.0,False,2.0,strict_exact,exact_point_estimate,moderate_100nM_to_1uM,False,True,IC50,biochemical_binding,False,0.696512707829141,0.8855120569371654,0.6170212626457214,CCN(C(=O)c1cc(F)ccc1Oc1nncnc1N1CC2(CCN(CC3(SC)CC3)CC2)C1)C(C)C,True,medium
STR-74EC77156DDF050352F6,IC50,biochemical_binding,1,1,0,1,1,0,0,6.585026652029182,6.585026652029182,6.585026652029182,260.0,260.0,IC50,1,inhibitory_potency,1,biochemical_binding,1,PubChem,156498054,Menin,2026,=,CCN(C(=O)c1cc(F)ccc1Oc1nncnc1N1CCC2(C1)CN([C@H](CCCN(C)CC(OC)OC)C(C)C)C2)C(C)C,CCN(C(C)C)C(=O)C1=C(C=CC(=C1)F)OC2=C(N=CN=N2)N3CCC4(C3)CN(C4)[C@H](CCCN(C)CC(OC)OC)C(C)C,CCN(C(=O)c1cc(F)ccc1Oc1nncnc1N1CCC2(C1)CN([C@H](CCCN(C)CC(OC)OC)C(C)C)C2)C(C)C,CCN(C(=O)c1cc(F)ccc1Oc1nncnc1N1CCC2(C1)CN([C@H](CCCN(C)CC(OC)OC)C(C)C)C2)C(C)C,JFNVMLVGYULLHA-HHHXNRCGSA-N,JFNVMLVGYULLHA-HHHXNRCGSA-N,standardized,0.0,False,2.0,strict_exact,exact_point_estimate,moderate_100nM_to_1uM,False,True,IC50,biochemical_binding,False,0.6338979655324887,0.9476320428964508,0.59375,CCN(C(=O)c1cc(F)ccc1Oc1nncnc1N1CC2(CCN(CC3(SC)CC3)CC2)C1)C(C)C,True,medium
STR-9D9A08BEFE284CB422FE,IC50,biochemical_binding,1,1,0,1,1,0,0,6.585026652029182,6.585026652029182,6.585026652029182,260.0,260.0,IC50,1,inhibitory_potency,1,biochemical_binding,1,PubChem,156497986,Menin,2026,=,CCN(C(=O)c1cc(F)ccc1Oc1nncnc1N1CCC2(C1)CN([C@H](CCCN(C)[C@@H](C)CC(=O)NC)C(C)C)C2)C(C)C,CCN(C(C)C)C(=O)C1=C(C=CC(=C1)F)OC2=C(N=CN=N2)N3CCC4(C3)CN(C4)[C@H](CCCN(C)[C@@H](C)CC(=O)NC)C(C)C,CCN(C(=O)c1cc(F)ccc1Oc1nncnc1N1CCC2(C1)CN([C@H](CCCN(C)[C@@H](C)CC(=O)NC)C(C)C)C2)C(C)C,CCN(C(=O)c1cc(F)ccc1Oc1nncnc1N1CCC2(C1)CN([C@H](CCCN(C)[C@@H](C)CC(=O)NC)C(C)C)C2)C(C)C,DEPPLXMJKNUFKQ-LBNVMWSVSA-N,DEPPLXMJKNUFKQ-LBNVMWSVSA-N,standardized,0.0,False,2.0,strict_exact,exact_point_estimate,moderate_100nM_to_1uM,False,True,IC50,biochemical_binding,False,0.617757116836121,0.9596107100893252,0.5757575631141663,CCN(C(=O)c1cc(F)ccc1Oc1nncnc1N1CC2(CCN(CC3(SC)CC3)CC2)C1)C(C)C,True,medium
STR-A330C30988CE0ADC0A8D,IC50,biochemical_binding,1,1,0,1,1,0,0,6.585026652029182,6.585026652029182,6.585026652029182,260.0,260.0,IC50,1,inhibitory_potency,1,biochemical_binding,1,PubChem,156531784,Menin,2026,=,CCN(C(=O)c1cc(F)ccc1Oc1nncnc1N1CCC2(C1)CN([C@H](CCCNC(=O)OC(C)OC(=O)C(C)C)C(C)C)C2)C(C)C,CCN(C(C)C)C(=O)C1=C(C=CC(=C1)F)OC2=C(N=CN=N2)N3CCC4(C3)CN(C4)[C@H](CCCNC(=O)OC(C)OC(=O)C(C)C)C(C)C,CCN(C(=O)c1cc(F)ccc1Oc1nncnc1N1CCC2(C1)CN([C@H](CCCNC(=O)OC(C)OC(=O)C(C)C)C(C)C)C2)C(C)C,CCN(C(=O)c1cc(F)ccc1Oc1nncnc1N1CCC2(C1)CN([C@H](CCCNC(=O)OC(C)OC(=O)C(C)C)C(C)C)C2)C(C)C,XUEOMHZGCRQECA-MPSNESSQSA-N,XUEOMHZGCRQECA-MPSNESSQSA-N,standardized,0.0,False,2.0,strict_exact,exact_point_estimate,moderate_100nM_to_1uM,False,True,IC50,biochemical_binding,False,0.6798037435281716,0.904594751675614,0.5799999833106995,CCN(C(=O)c1cc(F)ccc1Oc1nncnc1N1CC2(CCN(CC3(SC)CC3)CC2)C1)C(C)C,True,medium
STR-CCECBC8279B18ADB4096,IC50,biochemical_binding,1,1,0,1,1,0,0,6.585026652029182,6.585026652029182,6.585026652029182,260.0,260.0,IC50,1,inhibitory_potency,1,biochemical_binding,1,ChEMBL,CHEMBL3613788,Menin,2015,=,CC1(C)CN=C(N2CCN(c3ncnc4sc(CCF)cc34)CC2)S1,CC1(C)CN=C(N2CCN(c3ncnc4sc(CCF)cc34)CC2)S1,CC1(C)CN=C(N2CCN(c3ncnc4sc(CCF)cc34)CC2)S1,CC1(C)CN=C(N2CCN(c3ncnc4sc(CCF)cc34)CC2)S1,UOPVCDBELHDBLY-UHFFFAOYSA-N,UOPVCDBELHDBLY-UHFFFAOYSA-N,standardized,0.0,False,2.0,strict_exact,exact_point_estimate,moderate_100nM_to_1uM,False,True,IC50,biochemical_binding,False,0.9252017980521619,0.38357970515642137,0.20987653732299805,NC1(C(=O)NCc2ccc(Cl)cc2)CCN(c2ncnc3[nH]ccc23)CC1,False,high
STR-4C0B23EB03D4979A79B0,IC50,biochemical_binding,1,2,1,2,1,0,0,6.583359492661719,6.583359492661719,6.583359492661719,261.0,261.0,IC50,1,inhibitory_potency,1,biochemical_binding,1,ChEMBL;PubChem,CHEMBL6057473,Menin,2021,=,COC(=O)[C@H]1CCC[C@@H]1C(C#N)(c1ccccc1)C1CCN(CC2CN(c3ccc(S(=O)(=O)C4CC4)cc3)C2)CC1,COC(=O)[C@H]1CCC[C@@H]1C(C#N)(c1ccccc1)C1CCN(CC2CN(c3ccc(S(=O)(=O)C4CC4)cc3)C2)CC1,COC(=O)[C@H]1CCC[C@@H]1C(C#N)(c1ccccc1)C1CCN(CC2CN(c3ccc(S(=O)(=O)C4CC4)cc3)C2)CC1,COC(=O)[C@H]1CCC[C@@H]1C(C#N)(c1ccccc1)C1CCN(CC2CN(c3ccc(S(=O)(=O)C4CC4)cc3)C2)CC1,JMMWSUCDLGCMSN-KZNDPDLVSA-N,JMMWSUCDLGCMSN-KZNDPDLVSA-N,standardized,0.0,False,2.0,strict_exact,exact_point_estimate,moderate_100nM_to_1uM,False,True,IC50,biochemical_binding,False,0.8959861407794271,0.48159160174807436,0.3086419701576233,O=C(CN1CCC(S(=O)(=O)c2ccccc2)CC1)c1ccc(F)cc1,True,high
STR-5A6D9F61D6C13A688B6F,IC50,biochemical_binding,1,2,1,2,1,0,0,6.583359492661719,6.583359492661719,6.583359492661719,261.0,261.0,IC50,1,inhibitory_potency,1,biochemical_binding,1,ChEMBL;PubChem,CHEMBL6058770,Menin,2021,=,CN(C)C(=O)O[C@H]1CCC[C@@H]1C(C#N)(c1ccccc1)C1CCN(CC2CN(c3ccc(S(=O)(=O)c4ccncc4)cc3)C2)CC1,CN(C)C(=O)O[C@H]1CCC[C@@H]1C(C#N)(c1ccccc1)C1CCN(CC2CN(c3ccc(S(=O)(=O)c4ccncc4)cc3)C2)CC1,CN(C)C(=O)O[C@H]1CCC[C@@H]1C(C#N)(c1ccccc1)C1CCN(CC2CN(c3ccc(S(=O)(=O)c4ccncc4)cc3)C2)CC1,CN(C)C(=O)O[C@H]1CCC[C@@H]1C(C#N)(c1ccccc1)C1CCN(CC2CN(c3ccc(S(=O)(=O)c4ccncc4)cc3)C2)CC1,GFMXDMKGKNEFPS-AFLWYUAHSA-N,GFMXDMKGKNEFPS-AFLWYUAHSA-N,standardized,0.0,False,2.0,strict_exact,exact_point_estimate,moderate_100nM_to_1uM,False,True,IC50,biochemical_binding,False,0.9086189162122463,0.441062971878438,0.2604166567325592,CN(C(=O)Cc1ccc(S(C)(=O)=O)cc1)C1CCN(Cc2ccc(C(F)(F)F)cc2)CC1,True,high
STR-07CEA1A415CFED11C760,IC50,biochemical_binding,1,1,0,1,1,0,0,6.568636235841012,6.568636235841012,6.568636235841012,270.0,270.0,IC50,1,inhibitory_potency,1,biochemical_binding,1,ChEMBL,CHEMBL3126187,Menin,2014,=,N#Cc1ccc(OCCCN2CCC([C@@](O)(c3ccccc3)C3CCCC3)CC2)cc1,N#Cc1ccc(OCCCN2CCC([C@@](O)(c3ccccc3)C3CCCC3)CC2)cc1,N#Cc1ccc(OCCCN2CCC([C@@](O)(c3ccccc3)C3CCCC3)CC2)cc1,N#Cc1ccc(OCCCN2CCC([C@@](O)(c3ccccc3)C3CCCC3)CC2)cc1,QBITUTDDFZQXDO-HHHXNRCGSA-N,QBITUTDDFZQXDO-HHHXNRCGSA-N,standardized,0.0,False,2.0,strict_exact,exact_point_estimate,moderate_100nM_to_1uM,False,True,IC50,biochemical_binding,False,0.9578173084593818,0.25221177180729415,0.6000000238418579,OC(c1ccccc1)(c1ccccc1)C1CCN(CCCOc2ccc(-c3ccccc3)cc2)CC1,True,high
STR-B67790F64070E12D5EFA,IC50,biochemical_binding,1,1,0,1,1,0,0,6.568636235841012,6.568636235841012,6.568636235841012,270.0,270.0,IC50,1,inhibitory_potency,1,biochemical_binding,1,PubChem,156532049,Menin,2026,=,CCN(C(=O)c1cc(F)ccc1Oc1nncnc1N1CCC2(C1)CN([C@H](CCNCCCOC)C(C)C)C2)C(C)C,CCN(C(C)C)C(=O)C1=C(C=CC(=C1)F)OC2=C(N=CN=N2)N3CCC4(C3)CN(C4)[C@H](CCNCCCOC)C(C)C,CCN(C(=O)c1cc(F)ccc1Oc1nncnc1N1CCC2(C1)CN([C@H](CCNCCCOC)C(C)C)C2)C(C)C,CCN(C(=O)c1cc(F)ccc1Oc1nncnc1N1CCC2(C1)CN([C@H](CCNCCCOC)C(C)C)C2)C(C)C,TZBULYBNTSNJMA-AREMUKBSSA-N,TZBULYBNTSNJMA-AREMUKBSSA-N,standardized,0.0,False,2.0,strict_exact,exact_point_estimate,moderate_100nM_to_1uM,False,True,IC50,biochemical_binding,False,0.7280963857977754,0.8441829601181753,0.6063829660415649,CCN(C(=O)c1cc(F)ccc1Oc1nncnc1N1CC2(CCN(CC3(SC)CC3)CC2)C1)C(C)C,True,high
STR-C5BD1A6A0620B892A540,IC50,biochemical_binding,1,1,0,1,1,0,0,6.568636235841012,6.568636235841012,6.568636235841012,270.0,270.0,IC50,1,inhibitory_potency,1,biochemical_binding,1,PubChem,156531907,Menin,2026,=,CCN(C(=O)c1cc(F)ccc1Oc1nncnc1N1CCC2(C1)CN([C@H](CCCCN)C(C)C)C2)C(C)C,CCN(C(C)C)C(=O)C1=C(C=CC(=C1)F)OC2=C(N=CN=N2)N3CCC4(C3)CN(C4)[C@H](CCCCN)C(C)C,CCN(C(=O)c1cc(F)ccc1Oc1nncnc1N1CCC2(C1)CN([C@H](CCCCN)C(C)C)C2)C(C)C,CCN(C(=O)c1cc(F)ccc1Oc1nncnc1N1CCC2(C1)CN([C@H](CCCCN)C(C)C)C2)C(C)C,ZXNPZTCLXAMYFY-XMMPIXPASA-N,ZXNPZTCLXAMYFY-XMMPIXPASA-N,standardized,0.0,False,2.0,strict_exact,exact_point_estimate,moderate_100nM_to_1uM,False,True,IC50,biochemical_binding,False,0.5823203016483799,0.9803574644251898,0.6333333253860474,CCN(C(=O)c1cc(F)ccc1Oc1nncnc1N1CC2(CCN(CC3(SC)CC3)CC2)C1)C(C)C,True,medium
STR-F80C61F109C8A7A8A056,IC50,biochemical_binding,1,1,0,1,1,0,0,6.568636235841012,6.568636235841012,6.568636235841012,270.0,270.0,IC50,1,inhibitory_potency,1,biochemical_binding,1,PubChem,156531410,Menin,2026,=,CCN(C(=O)c1cc(F)ccc1Oc1nncnc1N1CCC2(C1)CN([C@H](CCN)C(C)C)C2)C(C)C,CCN(C(C)C)C(=O)C1=C(C=CC(=C1)F)OC2=C(N=CN=N2)N3CCC4(C3)CN(C4)[C@H](CCN)C(C)C,CCN(C(=O)c1cc(F)ccc1Oc1nncnc1N1CCC2(C1)CN([C@H](CCN)C(C)C)C2)C(C)C,CCN(C(=O)c1cc(F)ccc1Oc1nncnc1N1CCC2(C1)CN([C@H](CCN)C(C)C)C2)C(C)C,RQKGACYLPBOFDP-JOCHJYFZSA-N,RQKGACYLPBOFDP-JOCHJYFZSA-N,standardized,0.0,False,2.0,strict_exact,exact_point_estimate,moderate_100nM_to_1uM,False,True,IC50,biochemical_binding,False,0.5202925774402476,0.9988115025729298,0.6551724076271057,CCN(C(=O)c1cc(F)ccc1Oc1nncnc1N1CC2(CCN(CC3(SC)CC3)CC2)C1)C(C)C,True,medium
STR-9EEB3BED6CC8A84F57AD,IC50,biochemical_binding,1,1,0,1,1,0,0,6.552841968657781,6.552841968657781,6.552841968657781,280.0,280.0,IC50,1,inhibitory_potency,1,biochemical_binding,1,PubChem,156531896,Menin,2026,=,CCN(C(=O)c1cc(F)ccc1Oc1nncnc1N1CCC2(C1)CN(C(CCN)C(C)C)C2)C(C)C,CCN(C(C)C)C(=O)C1=C(C=CC(=C1)F)OC2=C(N=CN=N2)N3CCC4(C3)CN(C4)C(CCN)C(C)C,CCN(C(=O)c1cc(F)ccc1Oc1nncnc1N1CCC2(C1)CN(C(CCN)C(C)C)C2)C(C)C,CCN(C(=O)c1cc(F)ccc1Oc1nncnc1N1CCC2(C1)CN(C(CCN)C(C)C)C2)C(C)C,RQKGACYLPBOFDP-UHFFFAOYSA-N,RQKGACYLPBOFDP-UHFFFAOYSA-N,standardized,0.0,False,2.0,strict_exact,exact_point_estimate,moderate_100nM_to_1uM,False,True,IC50,biochemical_binding,False,0.5202925774402476,0.9988115025729298,0.6551724076271057,CCN(C(=O)c1cc(F)ccc1Oc1nncnc1N1CC2(CCN(CC3(SC)CC3)CC2)C1)C(C)C,True,medium
STR-B546DF2C9D9B81A938ED,IC50,biochemical_binding,1,1,0,1,1,0,0,6.552841968657781,6.552841968657781,6.552841968657781,280.0,280.0,IC50,1,inhibitory_potency,1,biochemical_binding,1,PubChem,156498029,Menin,2026,=,CCN(C(=O)c1cc(F)ccc1Oc1nncnc1N1CCC2(C1)CN([C@H](CCCN(C)[C@H](C)CC(=O)NC)C(C)C)C2)C(C)C,CCN(C(C)C)C(=O)C1=C(C=CC(=C1)F)OC2=C(N=CN=N2)N3CCC4(C3)CN(C4)[C@H](CCCN(C)[C@H](C)CC(=O)NC)C(C)C,CCN(C(=O)c1cc(F)ccc1Oc1nncnc1N1CCC2(C1)CN([C@H](CCCN(C)[C@H](C)CC(=O)NC)C(C)C)C2)C(C)C,CCN(C(=O)c1cc(F)ccc1Oc1nncnc1N1CCC2(C1)CN([C@H](CCCN(C)[C@H](C)CC(=O)NC)C(C)C)C2)C(C)C,DEPPLXMJKNUFKQ-LEAFIULHSA-N,DEPPLXMJKNUFKQ-LEAFIULHSA-N,standardized,0.0,False,2.0,strict_exact,exact_point_estimate,moderate_100nM_to_1uM,False,True,IC50,biochemical_binding,False,0.617757116836121,0.9596107100893252,0.5757575631141663,CCN(C(=O)c1cc(F)ccc1Oc1nncnc1N1CC2(CCN(CC3(SC)CC3)CC2)C1)C(C)C,True,medium
STR-3FB33B6320D7624C2E9C,IC50,biochemical_binding,1,2,1,2,1,0,0,6.55129368009492,6.55129368009492,6.55129368009492,281.0,281.0,IC50,1,inhibitory_potency,1,biochemical_binding,1,ChEMBL;PubChem,CHEMBL5775279,Menin,2021,=,CNC(=O)O[C@@H]1CCC[C@H]1C(Cn1ccnc1)(c1ccccc1)C1CCN(CC2CN(c3ccc(C#N)cc3)C2)CC1,CNC(=O)O[C@@H]1CCC[C@H]1C(Cn1ccnc1)(c1ccccc1)C1CCN(CC2CN(c3ccc(C#N)cc3)C2)CC1,CNC(=O)O[C@@H]1CCC[C@H]1C(Cn1ccnc1)(c1ccccc1)C1CCN(CC2CN(c3ccc(C#N)cc3)C2)CC1,CNC(=O)O[C@@H]1CCC[C@H]1C(Cn1ccnc1)(c1ccccc1)C1CCN(CC2CN(c3ccc(C#N)cc3)C2)CC1,JXQJLZYVDRMZDL-OLPGJYTKSA-N,JXQJLZYVDRMZDL-OLPGJYTKSA-N,standardized,0.0,False,2.0,strict_exact,exact_point_estimate,moderate_100nM_to_1uM,False,True,IC50,biochemical_binding,False,0.9229689787542661,0.3916304216566953,0.28947368264198303,CCn1nc(Cc2ccc(C#N)cc2)cc1C1CCN(C[C@H]2CN([C@@H](C(=O)O)C(C)(C)C)C[C@@H]2c2cccc(F)c2)CC1,True,high
STR-E897A6DD984B887A023C,IC50,biochemical_binding,1,1,0,1,1,0,0,6.537602002101044,6.537602002101044,6.537602002101044,290.0,290.0,IC50,1,inhibitory_potency,1,biochemical_binding,1,PubChem,156531831,Menin,2026,=,CCN(C(=O)c1cc(F)ccc1Oc1nncnc1N1CCC2(C1)CN([C@H](CCNCCO)C(C)C)C2)C(C)C,CCN(C(C)C)C(=O)C1=C(C=CC(=C1)F)OC2=C(N=CN=N2)N3CCC4(C3)CN(C4)[C@H](CCNCCO)C(C)C,CCN(C(=O)c1cc(F)ccc1Oc1nncnc1N1CCC2(C1)CN([C@H](CCNCCO)C(C)C)C2)C(C)C,CCN(C(=O)c1cc(F)ccc1Oc1nncnc1N1CCC2(C1)CN([C@H](CCNCCO)C(C)C)C2)C(C)C,KOPRWTCEFXHJEY-XMMPIXPASA-N,KOPRWTCEFXHJEY-XMMPIXPASA-N,standardized,0.0,False,2.0,strict_exact,exact_point_estimate,moderate_100nM_to_1uM,False,True,IC50,biochemical_binding,False,0.6222941703042268,0.9564055940588925,0.6263736486434937,CCN(C(=O)c1cc(F)ccc1Oc1nncnc1N1CC2(CCN(CC3(SC)CC3)CC2)C1)C(C)C,True,medium
STR-09276AA2563E2F930001,IC50,biochemical_binding,1,2,1,2,1,0,0,6.53313237964589,6.53313237964589,6.53313237964589,293.0,293.0,IC50,1,inhibitory_potency,1,biochemical_binding,1,ChEMBL;PubChem,CHEMBL5800804,Menin,2021,=,CC(=O)O[C@H]1CCC[C@@H]1C(C#N)(c1cccc(F)c1)C1CCN(CC2CN(c3ccc(CC(F)(F)F)cc3)C2)CC1,CC(=O)O[C@H]1CCC[C@@H]1C(C#N)(c1cccc(F)c1)C1CCN(CC2CN(c3ccc(CC(F)(F)F)cc3)C2)CC1,CC(=O)O[C@H]1CCC[C@@H]1C(C#N)(c1cccc(F)c1)C1CCN(CC2CN(c3ccc(CC(F)(F)F)cc3)C2)CC1,CC(=O)O[C@H]1CCC[C@@H]1C(C#N)(c1cccc(F)c1)C1CCN(CC2CN(c3ccc(CC(F)(F)F)cc3)C2)CC1,KCKQSQHKDSVFJU-XPZBDPFPSA-N,KCKQSQHKDSVFJU-XPZBDPFPSA-N,standardized,0.0,False,2.0,strict_exact,exact_point_estimate,moderate_100nM_to_1uM,False,True,IC50,biochemical_binding,False,0.9023223168314838,0.4615904964248609,0.29729729890823364,CCn1nc(Cc2ccc(C#N)cc2)cc1C1CCN(C[C@H]2CN([C@@H](C(=O)O)C(C)(C)C)C[C@@H]2c2cccc(F)c2)CC1,True,high
STR-FB8F85C9A962EBF8FA78,IC50,biochemical_binding,1,2,1,2,1,0,0,6.528708288941061,6.528708288941061,6.528708288941061,296.0,296.0,IC50,1,inhibitory_potency,1,biochemical_binding,1,ChEMBL;PubChem,CHEMBL5843695,Menin,2021,=,CNC(=O)N[C@@H]1CCC[C@H]1C1(C2CCN(CC3CN(c4ccc(S(=O)(=O)c5ccncc5)cc4)C3)CC2)CN(C)Cc2ccccc21,CNC(=O)N[C@@H]1CCC[C@H]1C1(C2CCN(CC3CN(c4ccc(S(=O)(=O)c5ccncc5)cc4)C3)CC2)CN(C)Cc2ccccc21,CNC(=O)N[C@@H]1CCC[C@H]1C1(C2CCN(CC3CN(c4ccc(S(=O)(=O)c5ccncc5)cc4)C3)CC2)CN(C)Cc2ccccc21,CNC(=O)N[C@@H]1CCC[C@H]1C1(C2CCN(CC3CN(c4ccc(S(=O)(=O)c5ccncc5)cc4)C3)CC2)CN(C)Cc2ccccc21,MYVKCHDXVPKEKS-ANOPSCNCSA-N,MYVKCHDXVPKEKS-ANOPSCNCSA-N,standardized,0.0,False,2.0,strict_exact,exact_point_estimate,moderate_100nM_to_1uM,False,True,IC50,biochemical_binding,False,0.8756552889992784,0.5417219781555471,0.27358490228652954,CCOC(=O)N1CCC(CN2CCC3(CC2)CN(C(=O)NC)c2ncccc23)CC1,True,high
STR-5E430B1B17CD1D28B026,IC50,biochemical_binding,1,2,1,2,1,0,0,6.522878745280337,6.522878745280337,6.522878745280337,300.0,300.0,IC50,1,inhibitory_potency,1,biochemical_binding,1,ChEMBL;PubChem,CHEMBL6007163,Menin,2021,=,C=CC(=O)Nc1cccc(S(=O)(=O)c2ccc(N3CC(CN4CCC([C@](C#N)(c5cccc(F)c5)[C@H]5CCC[C@@H]5OC(=O)NC)CC4)C3)cc2)c1,C=CC(=O)Nc1cccc(S(=O)(=O)c2ccc(N3CC(CN4CCC([C@](C#N)(c5cccc(F)c5)[C@H]5CCC[C@@H]5OC(=O)NC)CC4)C3)cc2)c1,C=CC(=O)Nc1cccc(S(=O)(=O)c2ccc(N3CC(CN4CCC([C@](C#N)(c5cccc(F)c5)[C@H]5CCC[C@@H]5OC(=O)NC)CC4)C3)cc2)c1,C=CC(=O)Nc1cccc(S(=O)(=O)c2ccc(N3CC(CN4CCC([C@](C#N)(c5cccc(F)c5)[C@H]5CCC[C@@H]5OC(=O)NC)CC4)C3)cc2)c1,MJBBPCAFFYHQRO-VHYZKNOSSA-N,MJBBPCAFFYHQRO-VHYZKNOSSA-N,standardized,0.0,False,2.0,strict_exact,exact_point_estimate,moderate_100nM_to_1uM,False,True,IC50,biochemical_binding,False,0.8803405802794169,0.5283810847890105,0.2844036817550659,CC(=O)Nc1cccc(N2CCN(CC3CCN(S(=O)(=O)CC4CCCCC4)CC3)CC2)c1,True,high
STR-63C5105B1A94A77907F0,IC50,biochemical_binding,1,1,0,1,1,0,0,6.522878745280337,6.522878745280337,6.522878745280337,300.0,300.0,IC50,1,inhibitory_potency,1,biochemical_binding,1,PubChem,156498062,Menin,2026,=,CCN(C(=O)c1cc(F)ccc1Oc1nncnc1N1CCC2(C1)CN(C(CCCNCCS(C)(=O)=O)C(C)C)C2)C(C)C,CCN(C(C)C)C(=O)C1=C(C=CC(=C1)F)OC2=C(N=CN=N2)N3CCC4(C3)CN(C4)C(CCCNCCS(=O)(=O)C)C(C)C,CCN(C(=O)c1cc(F)ccc1Oc1nncnc1N1CCC2(C1)CN(C(CCCNCCS(C)(=O)=O)C(C)C)C2)C(C)C,CCN(C(=O)c1cc(F)ccc1Oc1nncnc1N1CCC2(C1)CN(C(CCCNCCS(C)(=O)=O)C(C)C)C2)C(C)C,KWZWSCVLRGMARH-UHFFFAOYSA-N,KWZWSCVLRGMARH-UHFFFAOYSA-N,standardized,0.0,False,2.0,strict_exact,exact_point_estimate,moderate_100nM_to_1uM,False,True,IC50,biochemical_binding,False,0.6913718479930417,0.8915835437879525,0.5876288414001465,CCN(C(=O)c1cc(F)ccc1Oc1nncnc1N1CC2(CCN(CC3(SC)CC3)CC2)C1)C(C)C,True,medium
STR-6549D4F285AE9D37C874,IC50,biochemical_binding,1,1,0,1,1,0,0,6.522878745280337,6.522878745280337,6.522878745280337,300.0,300.0,IC50,1,inhibitory_potency,1,biochemical_binding,1,PubChem,156531577,Menin,2026,=,CCN(C(=O)c1cc(F)ccc1Oc1nncnc1N1CCC2(C1)CN([C@H](CCCN(C)C[C@H](C)C(=O)NC)C(C)C)C2)C(C)C,CCN(C(C)C)C(=O)C1=C(C=CC(=C1)F)OC2=C(N=CN=N2)N3CCC4(C3)CN(C4)[C@H](CCCN(C)C[C@H](C)C(=O)NC)C(C)C,CCN(C(=O)c1cc(F)ccc1Oc1nncnc1N1CCC2(C1)CN([C@H](CCCN(C)C[C@H](C)C(=O)NC)C(C)C)C2)C(C)C,CCN(C(=O)c1cc(F)ccc1Oc1nncnc1N1CCC2(C1)CN([C@H](CCCN(C)C[C@H](C)C(=O)NC)C(C)C)C2)C(C)C,WKBFQDUNEQECJK-LBNVMWSVSA-N,WKBFQDUNEQECJK-LBNVMWSVSA-N,standardized,0.0,False,2.0,strict_exact,exact_point_estimate,moderate_100nM_to_1uM,False,True,IC50,biochemical_binding,False,0.6393233378340837,0.9432434364672633,0.5757575631141663,CCN(C(=O)c1cc(F)ccc1Oc1nncnc1N1CC2(CCN(CC3(SC)CC3)CC2)C1)C(C)C,True,medium
STR-CB98D7BBE456411A25E7,IC50,biochemical_binding,1,2,1,2,1,0,0,6.522878745280337,6.522878745280337,6.522878745280337,300.0,300.0,IC50,1,inhibitory_potency,1,biochemical_binding,1,ChEMBL;PubChem,CHEMBL5829920,Menin,2021,=,N#Cc1ccc(OCCCN2CCC(C3(C4CCCCC4)NCCc4ccccc43)CC2)cc1,N#Cc1ccc(OCCCN2CCC(C3(C4CCCCC4)NCCc4ccccc43)CC2)cc1,N#Cc1ccc(OCCCN2CCC(C3(C4CCCCC4)NCCc4ccccc43)CC2)cc1,N#Cc1ccc(OCCCN2CCC(C3(C4CCCCC4)NCCc4ccccc43)CC2)cc1,XWEKBNOVWOUPTH-UHFFFAOYSA-N,XWEKBNOVWOUPTH-UHFFFAOYSA-N,standardized,0.0,False,2.0,strict_exact,exact_point_estimate,moderate_100nM_to_1uM,False,True,IC50,biochemical_binding,False,0.9724471598549349,0.1819669444959537,0.4032258093357086,c1cc(C2CCCCC2)ccc1OCCCN1CCCCC1,True,high
STR-DDBCB16E6E8600360172,IC50,biochemical_binding,1,1,0,1,1,0,0,6.522878745280337,6.522878745280337,6.522878745280337,300.0,300.0,IC50,1,inhibitory_potency,1,biochemical_binding,1,PubChem,156531808,Menin,2026,=,CC(C)[C@@H](CCCN(C)C[C@@H](C)C(N)=O)N1CC2(CCN(c3ncnnc3Oc3ccc(F)cc3C(=O)N(C(C)C)C(C)C)C2)C1,C[C@H](CN(C)CCC[C@H](C(C)C)N1CC2(C1)CCN(C2)C3=C(N=NC=N3)OC4=C(C=C(C=C4)F)C(=O)N(C(C)C)C(C)C)C(=O)N,CC(C)[C@@H](CCCN(C)C[C@@H](C)C(N)=O)N1CC2(CCN(c3ncnnc3Oc3ccc(F)cc3C(=O)N(C(C)C)C(C)C)C2)C1,CC(C)[C@@H](CCCN(C)C[C@@H](C)C(N)=O)N1CC2(CCN(c3ncnnc3Oc3ccc(F)cc3C(=O)N(C(C)C)C(C)C)C2)C1,FCWYUXWVVVDCKM-LEAFIULHSA-N,FCWYUXWVVVDCKM-LEAFIULHSA-N,standardized,0.0,False,2.0,strict_exact,exact_point_estimate,moderate_100nM_to_1uM,False,True,IC50,biochemical_binding,False,0.654387260727468,0.930088709682824,0.49504950642585754,CCN(C(=O)c1cc(F)ccc1Oc1nncnc1N1CC2(CCN(CC3(SC)CC3)CC2)C1)C(C)C,True,medium
STR-ADD6623F7AD60FDD956E,IC50,biochemical_binding,1,1,0,1,1,0,0,6.51999305704285,6.51999305704285,6.51999305704285,302.0,302.0,IC50,1,inhibitory_potency,1,biochemical_binding,1,ChEMBL,CHEMBL3126191,Menin,2014,=,N#Cc1ccc(OCCCN2CCC(C(O)(c3ccccn3)C3CCCC3)CC2)cc1,N#Cc1ccc(OCCCN2CCC(C(O)(c3ccccn3)C3CCCC3)CC2)cc1,N#Cc1ccc(OCCCN2CCC(C(O)(c3ccccn3)C3CCCC3)CC2)cc1,N#Cc1ccc(OCCCN2CCC(C(O)(c3ccccn3)C3CCCC3)CC2)cc1,CXFJNJZPBYIKCK-UHFFFAOYSA-N,CXFJNJZPBYIKCK-UHFFFAOYSA-N,standardized,0.0,False,2.0,strict_exact,exact_point_estimate,moderate_100nM_to_1uM,False,True,IC50,biochemical_binding,False,0.9527461490037857,0.2746149476096788,0.4838709533214569,OC(c1ccccc1)(c1ccccc1)C1CCN(CCCOc2ccc(-c3ccccc3)cc2)CC1,True,high
STR-24E8A686F24A9B2B9CC8,IC50,biochemical_binding,1,2,1,2,1,0,0,6.517126416391246,6.517126416391246,6.517126416391246,304.0,304.0,IC50,1,inhibitory_potency,1,biochemical_binding,1,ChEMBL;PubChem,CHEMBL5905255,Menin,2021,=,O=S(=O)(c1ccc(N2CC(CN3CCC(C4(C5CCCC5)COCc5ccccc54)CC3)C2)cc1)C1CC1,O=S(=O)(c1ccc(N2CC(CN3CCC(C4(C5CCCC5)COCc5ccccc54)CC3)C2)cc1)C1CC1,O=S(=O)(c1ccc(N2CC(CN3CCC(C4(C5CCCC5)COCc5ccccc54)CC3)C2)cc1)C1CC1,O=S(=O)(c1ccc(N2CC(CN3CCC(C4(C5CCCC5)COCc5ccccc54)CC3)C2)cc1)C1CC1,RPDAEFHRMMXMJB-UHFFFAOYSA-N,RPDAEFHRMMXMJB-UHFFFAOYSA-N,standardized,0.0,False,2.0,strict_exact,exact_point_estimate,moderate_100nM_to_1uM,False,True,IC50,biochemical_binding,False,0.9494598554762419,0.28868703624818426,0.3235294222831726,O=S(=O)(c1ccccc1)C1CCN(CCc2ccccc2)CC1,True,high
STR-B51853407B4A9AF321D2,IC50,biochemical_binding,1,1,0,1,1,0,0,6.508638306165727,6.508638306165727,6.508638306165727,310.0,310.0,IC50,1,inhibitory_potency,1,biochemical_binding,1,PubChem,156531834,Menin,2026,=,CCN(C(=O)c1cc(F)ccc1Oc1nncnc1N1CCC2(C1)CN([C@H](CCCO)C(C)C)C2)C(C)C,CCN(C(C)C)C(=O)C1=C(C=CC(=C1)F)OC2=C(N=CN=N2)N3CCC4(C3)CN(C4)[C@H](CCCO)C(C)C,CCN(C(=O)c1cc(F)ccc1Oc1nncnc1N1CCC2(C1)CN([C@H](CCCO)C(C)C)C2)C(C)C,CCN(C(=O)c1cc(F)ccc1Oc1nncnc1N1CCC2(C1)CN([C@H](CCCO)C(C)C)C2)C(C)C,FKYDKSHIPWIYBA-HSZRJFAPSA-N,FKYDKSHIPWIYBA-HSZRJFAPSA-N,standardized,0.0,False,2.0,strict_exact,exact_point_estimate,moderate_100nM_to_1uM,False,True,IC50,biochemical_binding,False,0.5459328075982302,0.9939037465504752,0.6477272510528564,CCN(C(=O)c1cc(F)ccc1Oc1nncnc1N1CC2(CCN(CC3(SC)CC3)CC2)C1)C(C)C,True,medium
STR-01B5E6F5633C4AF7D768,IC50,biochemical_binding,1,1,0,1,1,0,0,6.481486060122112,6.481486060122112,6.481486060122112,330.0,330.0,IC50,1,inhibitory_potency,1,biochemical_binding,1,PubChem,156497982,Menin,2026,=,CCOCCN(C)CCC[C@H](C(C)C)N1CC2(CCN(c3ncnnc3Oc3ccc(F)cc3C(=O)N(CC)C(C)C)C2)C1,CCN(C(C)C)C(=O)C1=C(C=CC(=C1)F)OC2=C(N=CN=N2)N3CCC4(C3)CN(C4)[C@H](CCCN(C)CCOCC)C(C)C,CCOCCN(C)CCC[C@H](C(C)C)N1CC2(CCN(c3ncnnc3Oc3ccc(F)cc3C(=O)N(CC)C(C)C)C2)C1,CCOCCN(C)CCC[C@H](C(C)C)N1CC2(CCN(c3ncnnc3Oc3ccc(F)cc3C(=O)N(CC)C(C)C)C2)C1,HNKUHBBJPNCNIQ-MUUNZHRXSA-N,HNKUHBBJPNCNIQ-MUUNZHRXSA-N,standardized,0.0,False,2.0,strict_exact,exact_point_estimate,moderate_100nM_to_1uM,False,True,IC50,biochemical_binding,False,0.6859336739887371,0.8978117040488254,0.59375,CCN(C(=O)c1cc(F)ccc1Oc1nncnc1N1CC2(CCN(CC3(SC)CC3)CC2)C1)C(C)C,True,medium
STR-7B2CA21F382AEB3E3E3F,IC50,biochemical_binding,1,1,0,1,1,0,0,6.481486060122112,6.481486060122112,6.481486060122112,330.0,330.0,IC50,1,inhibitory_potency,1,biochemical_binding,1,PubChem,156531622,Menin,2026,=,CCN(C(=O)c1cc(F)ccc1Oc1nnc(Cl)nc1N1CCC2(C1)CN([C@H](CCCN(C)C)C(C)C)C2)C(C)C,CCN(C(C)C)C(=O)C1=C(C=CC(=C1)F)OC2=C(N=C(N=N2)Cl)N3CCC4(C3)CN(C4)[C@H](CCCN(C)C)C(C)C,CCN(C(=O)c1cc(F)ccc1Oc1nnc(Cl)nc1N1CCC2(C1)CN([C@H](CCCN(C)C)C(C)C)C2)C(C)C,CCN(C(=O)c1cc(F)ccc1Oc1nnc(Cl)nc1N1CCC2(C1)CN([C@H](CCCN(C)C)C(C)C)C2)C(C)C,YKPJNUXGWNBGGI-XMMPIXPASA-N,YKPJNUXGWNBGGI-XMMPIXPASA-N,standardized,0.0,False,2.0,strict_exact,exact_point_estimate,moderate_100nM_to_1uM,False,True,IC50,biochemical_binding,False,0.8703640534406997,0.5564389211168318,0.5,CCN(C(=O)c1cc(F)ccc1Oc1nncnc1N1CC2(CCN(CC3(SC)CC3)CC2)C1)C(C)C,True,high
STR-5757A82E1BB3E6BCC920,IC50,biochemical_binding,1,2,1,2,1,0,0,6.480172006224281,6.480172006224281,6.480172006224281,331.0,331.0,IC50,1,inhibitory_potency,1,biochemical_binding,1,ChEMBL;PubChem,CHEMBL5871583,Menin,2021,=,N#CC(c1ccccc1)(C1CCN(CC2CN(c3ccc(S(=O)(=O)c4ccccc4)cc3)C2)CC1)[C@@H]1CCC[C@H]1OC(N)=O,N#CC(c1ccccc1)(C1CCN(CC2CN(c3ccc(S(=O)(=O)c4ccccc4)cc3)C2)CC1)[C@@H]1CCC[C@H]1OC(N)=O,N#CC(c1ccccc1)(C1CCN(CC2CN(c3ccc(S(=O)(=O)c4ccccc4)cc3)C2)CC1)[C@@H]1CCC[C@H]1OC(N)=O,N#CC(c1ccccc1)(C1CCN(CC2CN(c3ccc(S(=O)(=O)c4ccccc4)cc3)C2)CC1)[C@@H]1CCC[C@H]1OC(N)=O,XOTPULAWZVCKSJ-ZJACYBTKSA-N,XOTPULAWZVCKSJ-ZJACYBTKSA-N,standardized,0.0,False,2.0,strict_exact,exact_point_estimate,moderate_100nM_to_1uM,False,True,IC50,biochemical_binding,False,0.8900387045967734,0.4997992023800878,0.2808988690376282,O=C(O)c1ccc(N2CCC(CN3CCC(Oc4ccc(Cl)c(Cl)c4)CC3)CC2)cc1,True,high
STR-71C6205ED0F8C1804176,IC50,biochemical_binding,1,1,0,1,1,0,0,6.455931955649724,6.455931955649724,6.455931955649724,350.0,350.0,IC50,1,inhibitory_potency,1,biochemical_binding,1,PubChem,156531471,Menin,2026,=,CCN(C(=O)c1cc(F)ccc1Oc1nncnc1N1CCC2(C1)CN([C@H](CCCCN(C)C)C(C)C)C2)C(C)C,CCN(C(C)C)C(=O)C1=C(C=CC(=C1)F)OC2=C(N=CN=N2)N3CCC4(C3)CN(C4)[C@H](CCCCN(C)C)C(C)C,CCN(C(=O)c1cc(F)ccc1Oc1nncnc1N1CCC2(C1)CN([C@H](CCCCN(C)C)C(C)C)C2)C(C)C,CCN(C(=O)c1cc(F)ccc1Oc1nncnc1N1CCC2(C1)CN([C@H](CCCCN(C)C)C(C)C)C2)C(C)C,NLOFCWGPKOGXNK-AREMUKBSSA-N,NLOFCWGPKOGXNK-AREMUKBSSA-N,standardized,0.0,False,2.0,strict_exact,exact_point_estimate,moderate_100nM_to_1uM,False,True,IC50,biochemical_binding,False,0.6429923555154716,0.940171241310311,0.6333333253860474,CCN(C(=O)c1cc(F)ccc1Oc1nncnc1N1CC2(CCN(CC3(SC)CC3)CC2)C1)C(C)C,True,medium
STR-7402DC1466D10A017571,IC50,biochemical_binding,1,1,0,1,1,0,0,6.455931955649724,6.455931955649724,6.455931955649724,350.0,350.0,IC50,1,inhibitory_potency,1,biochemical_binding,1,PubChem,156531603,Menin,2026,=,CCN(C(=O)c1cc(F)ccc1Oc1nncnc1N1CCC2(C1)CN([C@H](CCCN(C)CCN(C)C(C)=O)C(C)C)C2)C(C)C,CCN(C(C)C)C(=O)C1=C(C=CC(=C1)F)OC2=C(N=CN=N2)N3CCC4(C3)CN(C4)[C@H](CCCN(C)CCN(C)C(=O)C)C(C)C,CCN(C(=O)c1cc(F)ccc1Oc1nncnc1N1CCC2(C1)CN([C@H](CCCN(C)CCN(C)C(C)=O)C(C)C)C2)C(C)C,CCN(C(=O)c1cc(F)ccc1Oc1nncnc1N1CCC2(C1)CN([C@H](CCCN(C)CCN(C)C(C)=O)C(C)C)C2)C(C)C,VJTFGEDNPGXBPV-GDLZYMKVSA-N,VJTFGEDNPGXBPV-GDLZYMKVSA-N,standardized,0.0,False,2.0,strict_exact,exact_point_estimate,moderate_100nM_to_1uM,False,True,IC50,biochemical_binding,False,0.681912847394951,0.9022891648168478,0.59375,CCN(C(=O)c1cc(F)ccc1Oc1nncnc1N1CC2(CCN(CC3(SC)CC3)CC2)C1)C(C)C,True,medium
STR-0E18A32C09E2471DF027,IC50,biochemical_binding,1,1,0,1,1,0,0,6.443697499232712,6.443697499232712,6.443697499232712,360.0,360.0,IC50,1,inhibitory_potency,1,biochemical_binding,1,PubChem,156531634,Menin,2026,=,CCN(C(=O)c1cc(F)ccc1Oc1nncnc1N1CCC2(C1)CN([C@H](CCCN(C)[C@H](C)CC(=O)N(C)C)C(C)C)C2)C(C)C,CCN(C(C)C)C(=O)C1=C(C=CC(=C1)F)OC2=C(N=CN=N2)N3CCC4(C3)CN(C4)[C@H](CCCN(C)[C@H](C)CC(=O)N(C)C)C(C)C,CCN(C(=O)c1cc(F)ccc1Oc1nncnc1N1CCC2(C1)CN([C@H](CCCN(C)[C@H](C)CC(=O)N(C)C)C(C)C)C2)C(C)C,CCN(C(=O)c1cc(F)ccc1Oc1nncnc1N1CCC2(C1)CN([C@H](CCCN(C)[C@H](C)CC(=O)N(C)C)C(C)C)C2)C(C)C,YTBQSXQHHWVUTN-GGXMVOPNSA-N,YTBQSXQHHWVUTN-GGXMVOPNSA-N,standardized,0.0,False,2.0,strict_exact,exact_point_estimate,moderate_100nM_to_1uM,False,True,IC50,biochemical_binding,False,0.6346846413244588,0.9470070676737945,0.59375,CCN(C(=O)c1cc(F)ccc1Oc1nncnc1N1CC2(CCN(CC3(SC)CC3)CC2)C1)C(C)C,True,medium
STR-B2AFEC539C3D9634128E,IC50,biochemical_binding,1,1,0,1,1,0,0,6.443697499232712,6.443697499232712,6.443697499232712,360.0,360.0,IC50,1,inhibitory_potency,1,biochemical_binding,1,PubChem,168720899,Menin,2026,=,CCN(C(=O)c1cc(F)ccc1Oc1nncnc1N1CCC2(C1)CN([C@H](CCCNC[C@H](O)COC)C(C)C)C2)C(C)C,CCN(C(C)C)C(=O)C1=C(C=CC(=C1)F)OC2=C(N=CN=N2)N3CCC4(C3)CN(C4)[C@H](CCCNC[C@@H](COC)O)C(C)C,CCN(C(=O)c1cc(F)ccc1Oc1nncnc1N1CCC2(C1)CN([C@H](CCCNC[C@H](O)COC)C(C)C)C2)C(C)C,CCN(C(=O)c1cc(F)ccc1Oc1nncnc1N1CCC2(C1)CN([C@H](CCCNC[C@H](O)COC)C(C)C)C2)C(C)C,PRVONHNKNRFPNB-AHKZPQOWSA-N,PRVONHNKNRFPNB-AHKZPQOWSA-N,standardized,0.0,False,2.0,strict_exact,exact_point_estimate,moderate_100nM_to_1uM,False,True,IC50,biochemical_binding,False,0.7219776078992652,0.8527421672264197,0.5699999928474426,CCN(C(=O)c1cc(F)ccc1Oc1nncnc1N1CC2(CCN(CC3(SC)CC3)CC2)C1)C(C)C,True,high
STR-3456B22116DFBE0042D0,IC50,biochemical_binding,1,1,0,1,1,0,0,6.431798275933005,6.431798275933005,6.431798275933005,370.0,370.0,IC50,1,inhibitory_potency,1,biochemical_binding,1,PubChem,156531427,Menin,2026,=,CCN(C(=O)c1cc(F)ccc1Oc1nncnc1N1CCC2(C1)CN([C@H](CCNC(C)C)C(C)C)C2)C(C)C,CCN(C(C)C)C(=O)C1=C(C=CC(=C1)F)OC2=C(N=CN=N2)N3CCC4(C3)CN(C4)[C@H](CCNC(C)C)C(C)C,CCN(C(=O)c1cc(F)ccc1Oc1nncnc1N1CCC2(C1)CN([C@H](CCNC(C)C)C(C)C)C2)C(C)C,CCN(C(=O)c1cc(F)ccc1Oc1nncnc1N1CCC2(C1)CN([C@H](CCNC(C)C)C(C)C)C2)C(C)C,OQQDHSQHSWXMEW-RUZDIDTESA-N,OQQDHSQHSWXMEW-RUZDIDTESA-N,standardized,0.0,False,2.0,strict_exact,exact_point_estimate,moderate_100nM_to_1uM,False,True,IC50,biochemical_binding,False,0.5944686887528842,0.9740943851419588,0.6333333253860474,CCN(C(=O)c1cc(F)ccc1Oc1nncnc1N1CC2(CCN(CC3(SC)CC3)CC2)C1)C(C)C,True,medium
STR-435B0469D981B3FB0F4C,IC50,biochemical_binding,1,1,0,1,1,0,0,6.431798275933005,6.431798275933005,6.431798275933005,370.0,370.0,IC50,1,inhibitory_potency,1,biochemical_binding,1,PubChem,156531791,Menin,2026,=,CNC(=O)CC[C@@H](C(C)C)N1CC2(CCN(c3ncnnc3Oc3ccc(F)cc3-c3cncnc3C3CC3)C2)C1,CC(C)[C@H](CCC(=O)NC)N1CC2(C1)CCN(C2)C3=C(N=NC=N3)OC4=C(C=C(C=C4)F)C5=CN=CN=C5C6CC6,CNC(=O)CC[C@@H](C(C)C)N1CC2(CCN(c3ncnnc3Oc3ccc(F)cc3-c3cncnc3C3CC3)C2)C1,CNC(=O)CC[C@@H](C(C)C)N1CC2(CCN(c3ncnnc3Oc3ccc(F)cc3-c3cncnc3C3CC3)C2)C1,WBULQNFTJPOIQV-DEOSSOPVSA-N,WBULQNFTJPOIQV-DEOSSOPVSA-N,standardized,0.0,False,2.0,strict_exact,exact_point_estimate,moderate_100nM_to_1uM,False,True,IC50,biochemical_binding,False,0.7685230967863668,0.7805770063860238,0.4112149477005005,CC1(CN2CCC3(CC2)CN(c2ncnnc2Oc2ccc(F)cc2C(=O)N2C4CCC2COC4)C3)CC1,True,high
STR-9D9B1AE963E341CF559B,IC50,biochemical_binding,1,2,1,2,1,0,0,6.427128397799519,6.427128397799519,6.427128397799519,374.0,374.0,IC50,1,inhibitory_potency,1,biochemical_binding,1,ChEMBL;PubChem,CHEMBL5838994,Menin,2021,=,C=CC(=O)N1CC(S(=O)(=O)c2ccc(N3CC(CN4CCC([C@](C#N)(c5cccc(F)c5)[C@H]5CCC[C@@H]5OC(=O)NC)CC4)C3)cc2)C1,C=CC(=O)N1CC(S(=O)(=O)c2ccc(N3CC(CN4CCC([C@](C#N)(c5cccc(F)c5)[C@H]5CCC[C@@H]5OC(=O)NC)CC4)C3)cc2)C1,C=CC(=O)N1CC(S(=O)(=O)c2ccc(N3CC(CN4CCC([C@](C#N)(c5cccc(F)c5)[C@H]5CCC[C@@H]5OC(=O)NC)CC4)C3)cc2)C1,C=CC(=O)N1CC(S(=O)(=O)c2ccc(N3CC(CN4CCC([C@](C#N)(c5cccc(F)c5)[C@H]5CCC[C@@H]5OC(=O)NC)CC4)C3)cc2)C1,YCHRNEMAHYDBHW-VLSLJKOQSA-N,YCHRNEMAHYDBHW-VLSLJKOQSA-N,standardized,0.0,False,2.0,strict_exact,exact_point_estimate,moderate_100nM_to_1uM,False,True,IC50,biochemical_binding,False,0.8723284999162936,0.551017507217211,0.27450981736183167,N#Cc1ccc(S(=O)(=O)C2CCN(CCc3ccc(F)cc3F)CC2)cc1,True,high
STR-9C303D8F957257731184,IC50,biochemical_binding,1,2,1,2,1,0,0,6.421360790031928,6.421360790031928,6.421360790031928,379.0,379.0,IC50,1,inhibitory_potency,1,biochemical_binding,1,ChEMBL;PubChem,CHEMBL5744985,Menin,2021,=,CN1CCc2ccccc2C1(C1CCCC1)C1CCN(CCCOc2ccc(C#N)cc2)CC1,CN1CCc2ccccc2C1(C1CCCC1)C1CCN(CCCOc2ccc(C#N)cc2)CC1,CN1CCc2ccccc2C1(C1CCCC1)C1CCN(CCCOc2ccc(C#N)cc2)CC1,CN1CCc2ccccc2C1(C1CCCC1)C1CCN(CCCOc2ccc(C#N)cc2)CC1,DSKQDBSSZSXWRY-UHFFFAOYSA-N,DSKQDBSSZSXWRY-UHFFFAOYSA-N,standardized,0.0,False,2.0,strict_exact,exact_point_estimate,moderate_100nM_to_1uM,False,True,IC50,biochemical_binding,False,0.9593053912801991,0.24546793040459608,0.39344263076782227,c1cc(C2CCCCC2)ccc1OCCCN1CCCCC1,True,high
STR-DD85A44F83053A371F0B,IC50,biochemical_binding,1,1,0,1,1,0,0,6.42021640338319,6.42021640338319,6.42021640338319,380.0,380.0,IC50,1,inhibitory_potency,1,biochemical_binding,1,ChEMBL,CHEMBL5527907,Menin,2024,=,N#Cc1ccc(N2CC(CN3CCC(n4cc(-c5ccc(F)cc5)c5c(N)ncnc54)CC3)C2)cc1,N#Cc1ccc(N2CC(CN3CCC(n4cc(-c5ccc(F)cc5)c5c(N)ncnc54)CC3)C2)cc1,N#Cc1ccc(N2CC(CN3CCC(n4cc(-c5ccc(F)cc5)c5c(N)ncnc54)CC3)C2)cc1,N#Cc1ccc(N2CC(CN3CCC(n4cc(-c5ccc(F)cc5)c5c(N)ncnc54)CC3)C2)cc1,ZDVWOCJIBVEFQH-UHFFFAOYSA-N,ZDVWOCJIBVEFQH-UHFFFAOYSA-N,standardized,0.0,False,2.0,strict_exact,exact_point_estimate,moderate_100nM_to_1uM,False,True,IC50,biochemical_binding,False,0.9345486871123148,0.3487148303379573,0.4375,Nc1ncnc2c1c(-c1cccc(O)c1)cn2[C@H]1C[C@@H](CN2CCC2)C1,True,high
STR-F66D41205C14840C5977,IC50,biochemical_binding,1,1,0,1,1,0,0,6.42021640338319,6.42021640338319,6.42021640338319,380.0,380.0,IC50,1,inhibitory_potency,1,biochemical_binding,1,PubChem,156531924,Menin,2026,=,CCN(C(=O)c1cc(F)ccc1Oc1nncnc1N1CCC2(C1)CN([C@H](CCN(C)CCCO)C(C)C)C2)C(C)C,CCN(C(C)C)C(=O)C1=C(C=CC(=C1)F)OC2=C(N=CN=N2)N3CCC4(C3)CN(C4)[C@H](CCN(C)CCCO)C(C)C,CCN(C(=O)c1cc(F)ccc1Oc1nncnc1N1CCC2(C1)CN([C@H](CCN(C)CCCO)C(C)C)C2)C(C)C,CCN(C(=O)c1cc(F)ccc1Oc1nncnc1N1CCC2(C1)CN([C@H](CCN(C)CCCO)C(C)C)C2)C(C)C,BNWYHHKIBMEWID-AREMUKBSSA-N,BNWYHHKIBMEWID-AREMUKBSSA-N,standardized,0.0,False,2.0,strict_exact,exact_point_estimate,moderate_100nM_to_1uM,False,True,IC50,biochemical_binding,False,0.612885530640943,0.9629121450949469,0.6129032373428345,CCN(C(=O)c1cc(F)ccc1Oc1nncnc1N1CC2(CCN(CC3(SC)CC3)CC2)C1)C(C)C,True,medium
STR-5292CC2045CB1C1E8EBD,IC50,biochemical_binding,1,1,0,1,1,0,0,6.4089353929735005,6.4089353929735005,6.4089353929735005,390.0,390.0,IC50,1,inhibitory_potency,1,biochemical_binding,1,ChEMBL,CHEMBL3126185,Menin,2014,=,N#Cc1ccc(OCCCN2CCC(C(O)(c3ccccc3)C3CCCC3)CC2)cc1,N#Cc1ccc(OCCCN2CCC(C(O)(c3ccccc3)C3CCCC3)CC2)cc1,N#Cc1ccc(OCCCN2CCC(C(O)(c3ccccc3)C3CCCC3)CC2)cc1,N#Cc1ccc(OCCCN2CCC(C(O)(c3ccccc3)C3CCCC3)CC2)cc1,QBITUTDDFZQXDO-UHFFFAOYSA-N,QBITUTDDFZQXDO-UHFFFAOYSA-N,standardized,0.0,False,2.0,strict_exact,exact_point_estimate,moderate_100nM_to_1uM,False,True,IC50,biochemical_binding,False,0.9578173084593818,0.25221177180729415,0.6000000238418579,OC(c1ccccc1)(c1ccccc1)C1CCN(CCCOc2ccc(-c3ccccc3)cc2)CC1,True,high
STR-4342C90FE7E456F909D0,IC50,biochemical_binding,1,2,1,2,1,0,0,6.402304814074488,6.402304814074488,6.402304814074488,396.0,396.0,IC50,1,inhibitory_potency,1,biochemical_binding,1,ChEMBL;PubChem,CHEMBL5946599,Menin,2021,=,CNC(=O)O[C@@H]1CCC[C@H]1C(C#N)(c1ccccc1)C1CCN(CC2CN(c3ccc(S(=O)(=O)c4ccncc4)cc3)C2)CC1,CNC(=O)O[C@@H]1CCC[C@H]1C(C#N)(c1ccccc1)C1CCN(CC2CN(c3ccc(S(=O)(=O)c4ccncc4)cc3)C2)CC1,CNC(=O)O[C@@H]1CCC[C@H]1C(C#N)(c1ccccc1)C1CCN(CC2CN(c3ccc(S(=O)(=O)c4ccncc4)cc3)C2)CC1,CNC(=O)O[C@@H]1CCC[C@H]1C(C#N)(c1ccccc1)C1CCN(CC2CN(c3ccc(S(=O)(=O)c4ccncc4)cc3)C2)CC1,GWDOGFQBFWTQSO-ZJACYBTKSA-N,GWDOGFQBFWTQSO-ZJACYBTKSA-N,standardized,0.0,False,2.0,strict_exact,exact_point_estimate,moderate_100nM_to_1uM,False,True,IC50,biochemical_binding,False,0.9072128848612783,0.44570505267741034,0.2604166567325592,O=C(O)c1ccc(N2CCC(CN3CCC(Oc4ccc(Cl)c(Cl)c4)CC3)CC2)cc1,True,high
STR-08F8459D1F8F16B6681D,IC50,biochemical_binding,1,1,0,1,1,0,0,6.3979400086720375,6.3979400086720375,6.3979400086720375,400.0,400.0,IC50,1,inhibitory_potency,1,biochemical_binding,1,PubChem,156498118,Menin,2026,=,CCN(C(=O)c1cc(F)ccc1Oc1nncnc1N1CCC2(C1)CN([C@H](CCCN(C)C[C@@H](C)C(=O)NC)C(C)C)C2)C(C)C,CCN(C(C)C)C(=O)C1=C(C=CC(=C1)F)OC2=C(N=CN=N2)N3CCC4(C3)CN(C4)[C@H](CCCN(C)C[C@@H](C)C(=O)NC)C(C)C,CCN(C(=O)c1cc(F)ccc1Oc1nncnc1N1CCC2(C1)CN([C@H](CCCN(C)C[C@@H](C)C(=O)NC)C(C)C)C2)C(C)C,CCN(C(=O)c1cc(F)ccc1Oc1nncnc1N1CCC2(C1)CN([C@H](CCCN(C)C[C@@H](C)C(=O)NC)C(C)C)C2)C(C)C,WKBFQDUNEQECJK-LEAFIULHSA-N,WKBFQDUNEQECJK-LEAFIULHSA-N,standardized,0.0,False,2.0,strict_exact,exact_point_estimate,moderate_100nM_to_1uM,False,True,IC50,biochemical_binding,False,0.6393233378340837,0.9432434364672633,0.5757575631141663,CCN(C(=O)c1cc(F)ccc1Oc1nncnc1N1CC2(CCN(CC3(SC)CC3)CC2)C1)C(C)C,True,medium
STR-4D89EA9F20765D09F97C,IC50,biochemical_binding,1,1,0,1,1,0,0,6.3979400086720375,6.3979400086720375,6.3979400086720375,400.0,400.0,IC50,1,inhibitory_potency,1,biochemical_binding,1,PubChem,156531454,Menin,2026,=,CCN(C(=O)c1cc(F)ccc1Oc1nncnc1N1CCC2(C1)CN([C@H](CCN(C)C)C(C)C)C2)C(C)C,CCN(C(C)C)C(=O)C1=C(C=CC(=C1)F)OC2=C(N=CN=N2)N3CCC4(C3)CN(C4)[C@H](CCN(C)C)C(C)C,CCN(C(=O)c1cc(F)ccc1Oc1nncnc1N1CCC2(C1)CN([C@H](CCN(C)C)C(C)C)C2)C(C)C,CCN(C(=O)c1cc(F)ccc1Oc1nncnc1N1CCC2(C1)CN([C@H](CCN(C)C)C(C)C)C2)C(C)C,ZIZYVXSVTLULAA-XMMPIXPASA-N,ZIZYVXSVTLULAA-XMMPIXPASA-N,standardized,0.0,False,2.0,strict_exact,exact_point_estimate,moderate_100nM_to_1uM,False,True,IC50,biochemical_binding,False,0.5973571667422332,0.972475575180028,0.6551724076271057,CCN(C(=O)c1cc(F)ccc1Oc1nncnc1N1CC2(CCN(CC3(SC)CC3)CC2)C1)C(C)C,True,medium
STR-6C7C81D23F5013B2B272,IC50,biochemical_binding,1,1,0,1,1,0,0,6.3979400086720375,6.3979400086720375,6.3979400086720375,400.0,400.0,IC50,1,inhibitory_potency,1,biochemical_binding,1,PubChem,156497972,Menin,2026,=,CCN(C(=O)c1cc(F)ccc1Oc1nncnc1N1CCC2(C1)CN([C@H](CCCN(C)CCC#N)C(C)C)C2)C(C)C,CCN(C(C)C)C(=O)C1=C(C=CC(=C1)F)OC2=C(N=CN=N2)N3CCC4(C3)CN(C4)[C@H](CCCN(C)CCC#N)C(C)C,CCN(C(=O)c1cc(F)ccc1Oc1nncnc1N1CCC2(C1)CN([C@H](CCCN(C)CCC#N)C(C)C)C2)C(C)C,CCN(C(=O)c1cc(F)ccc1Oc1nncnc1N1CCC2(C1)CN([C@H](CCCN(C)CCC#N)C(C)C)C2)C(C)C,IOERSUVBNQGLPT-HHHXNRCGSA-N,IOERSUVBNQGLPT-HHHXNRCGSA-N,standardized,0.0,False,2.0,strict_exact,exact_point_estimate,moderate_100nM_to_1uM,False,True,IC50,biochemical_binding,False,0.6981110723369318,0.8835876685268571,0.59375,CCN(C(=O)c1cc(F)ccc1Oc1nncnc1N1CC2(CCN(CC3(SC)CC3)CC2)C1)C(C)C,True,medium
STR-8AEA189C71B920BF19B8,IC50,biochemical_binding,1,1,0,1,1,0,0,6.3979400086720375,6.3979400086720375,6.3979400086720375,400.0,400.0,IC50,1,inhibitory_potency,1,biochemical_binding,1,PubChem,156531838,Menin,2026,=,CCN(C(=O)c1cc(F)ccc1Oc1nncnc1N1CCC2(C1)CN([C@H](CCCN(C)C(=O)OC(C)OC(=O)C(C)C)C(C)C)C2)C(C)C,CCN(C(C)C)C(=O)C1=C(C=CC(=C1)F)OC2=C(N=CN=N2)N3CCC4(C3)CN(C4)[C@H](CCCN(C)C(=O)OC(C)OC(=O)C(C)C)C(C)C,CCN(C(=O)c1cc(F)ccc1Oc1nncnc1N1CCC2(C1)CN([C@H](CCCN(C)C(=O)OC(C)OC(=O)C(C)C)C(C)C)C2)C(C)C,CCN(C(=O)c1cc(F)ccc1Oc1nncnc1N1CCC2(C1)CN([C@H](CCCN(C)C(=O)OC(C)OC(=O)C(C)C)C(C)C)C2)C(C)C,ZIGLFYYKLOQBMK-BNGNXUGRSA-N,ZIGLFYYKLOQBMK-BNGNXUGRSA-N,standardized,0.0,False,2.0,strict_exact,exact_point_estimate,moderate_100nM_to_1uM,False,True,IC50,biochemical_binding,False,0.6564581535317766,0.9281677503587233,0.5699999928474426,CCN(C(=O)c1cc(F)ccc1Oc1nncnc1N1CC2(CCN(CC3(SC)CC3)CC2)C1)C(C)C,True,medium
STR-FCECFA6DCFB5CA0DE116,IC50,biochemical_binding,1,2,1,2,1,0,0,6.3979400086720375,6.3979400086720375,6.3979400086720375,400.0,400.0,IC50,1,inhibitory_potency,1,biochemical_binding,1,ChEMBL;PubChem,CHEMBL5830084,Menin,2021,=,CS(=O)(=O)c1ccc(OCCCN2CCC(C3(C4CCCC4)NCCc4ccccc43)CC2)cc1,CS(=O)(=O)c1ccc(OCCCN2CCC(C3(C4CCCC4)NCCc4ccccc43)CC2)cc1,CS(=O)(=O)c1ccc(OCCCN2CCC(C3(C4CCCC4)NCCc4ccccc43)CC2)cc1,CS(=O)(=O)c1ccc(OCCCN2CCC(C3(C4CCCC4)NCCc4ccccc43)CC2)cc1,RLRFEGULPRPBPR-UHFFFAOYSA-N,RLRFEGULPRPBPR-UHFFFAOYSA-N,standardized,0.0,False,2.0,strict_exact,exact_point_estimate,moderate_100nM_to_1uM,False,True,IC50,biochemical_binding,False,0.9279219585210888,0.37363107669288836,0.4000000059604645,NS(=O)(=O)c1ccc(OCCCN2CCCCC2)cc1,True,high
STR-428061115D2191372CAC,IC50,biochemical_binding,1,1,0,1,1,0,0,6.3872161432802645,6.3872161432802645,6.3872161432802645,410.0,410.0,IC50,1,inhibitory_potency,1,biochemical_binding,1,PubChem,156531852,Menin,2026,=,CCN(C(=O)c1cc(F)ccc1Oc1nncnc1N1CCC2(C1)CN(C(CC(C)(O)CN(C)CCOC)C(C)C)C2)C(C)C,CCN(C(C)C)C(=O)C1=C(C=CC(=C1)F)OC2=C(N=CN=N2)N3CCC4(C3)CN(C4)C(CC(C)(CN(C)CCOC)O)C(C)C,CCN(C(=O)c1cc(F)ccc1Oc1nncnc1N1CCC2(C1)CN(C(CC(C)(O)CN(C)CCOC)C(C)C)C2)C(C)C,CCN(C(=O)c1cc(F)ccc1Oc1nncnc1N1CCC2(C1)CN(C(CC(C)(O)CN(C)CCOC)C(C)C)C2)C(C)C,LDPCEGFKQYPOHP-UHFFFAOYSA-N,LDPCEGFKQYPOHP-UHFFFAOYSA-N,standardized,0.0,False,2.0,strict_exact,exact_point_estimate,moderate_100nM_to_1uM,False,True,IC50,biochemical_binding,False,0.6348751835774924,0.9468551120622252,0.5918367505073547,CCN(C(=O)c1cc(F)ccc1Oc1nncnc1N1CC2(CCN(CC3(SC)CC3)CC2)C1)C(C)C,True,medium
STR-4B7E6200574F432256B4,IC50,biochemical_binding,1,2,1,2,1,0,0,6.380906669373257,6.380906669373257,6.380906669373257,416.0,416.0,IC50,1,inhibitory_potency,1,biochemical_binding,1,ChEMBL;PubChem,CHEMBL5774274,Menin,2021,=,N#Cc1ccc(OCCCN2CCC(C3(C4CCCC4)C(=O)NCc4ccccc43)CC2)cc1,N#Cc1ccc(OCCCN2CCC(C3(C4CCCC4)C(=O)NCc4ccccc43)CC2)cc1,N#Cc1ccc(OCCCN2CCC(C3(C4CCCC4)C(=O)NCc4ccccc43)CC2)cc1,N#Cc1ccc(OCCCN2CCC(C3(C4CCCC4)C(=O)NCc4ccccc43)CC2)cc1,GVRMSSNTVCVYBD-UHFFFAOYSA-N,GVRMSSNTVCVYBD-UHFFFAOYSA-N,standardized,0.0,False,2.0,strict_exact,exact_point_estimate,moderate_100nM_to_1uM,False,True,IC50,biochemical_binding,False,0.9679713375711025,0.20446563842226384,0.3692307770252228,c1cc(C2CCCCC2)ccc1OCCCN1CCCCC1,True,high
STR-DA6DE006B635E7B8ABB6,IC50,biochemical_binding,1,1,0,1,1,0,0,6.374687549038326,6.374687549038326,6.374687549038326,422.0,422.0,IC50,1,inhibitory_potency,1,biochemical_binding,1,ChEMBL,CHEMBL2314818,Menin,2013,=,N=C(N)NCCC[C@@H]1NC(=O)C2(CCC2)NC(=O)[C@@H]2CCCN2C(=O)[C@H](Cc2ccc(F)cc2)NC(=O)[C@@H](N)CCCCCCCCNC(=O)[C@@H]2CCCN2C1=O,N=C(N)NCCC[C@@H]1NC(=O)C2(CCC2)NC(=O)[C@@H]2CCCN2C(=O)[C@H](Cc2ccc(F)cc2)NC(=O)[C@@H](N)CCCCCCCCNC(=O)[C@@H]2CCCN2C1=O,N=C(N)NCCC[C@@H]1NC(=O)C2(CCC2)NC(=O)[C@@H]2CCCN2C(=O)[C@H](Cc2ccc(F)cc2)NC(=O)[C@@H](N)CCCCCCCCNC(=O)[C@@H]2CCCN2C1=O,N=C(N)NCCC[C@@H]1NC(=O)C2(CCC2)NC(=O)[C@@H]2CCCN2C(=O)[C@H](Cc2ccc(F)cc2)NC(=O)[C@@H](N)CCCCCCCCNC(=O)[C@@H]2CCCN2C1=O,PZCALYDOLMJZDT-XDIGFQIYSA-N,PZCALYDOLMJZDT-XDIGFQIYSA-N,standardized,0.0,False,2.0,strict_exact,exact_point_estimate,moderate_100nM_to_1uM,False,True,IC50,biochemical_binding,False,0.7743289843513366,0.7703882416688268,0.24870465695858002,CC(C)C[C@@H]1NC(=O)CNC(=O)[C@H](CCC(=O)O)NC(=O)[C@@H]2CSSC[C@H](NC(=O)[C@@H](N)Cc3ccc(O)cc3)C(=O)N[C@@H](CCC(N)=O)C(=O)N[C@@H](CCCCN)C(=O)N[C@@H](Cc3ccccc3)C(=O)N[C@@H](CC(C)C)C(=O)N[C@@H](C)C(=O)N3CCC[C@H]3C(=O)N[C@H]3CSSC[C@H](NC(=O)[C@H](C(C)C)NC1=O)C(=O)N[C@@H](CCCNC(=N)N)C(=O)N[C@@H](CC(C)C)C(=O)N[C@@H](Cc1c[nH]c4ccccc14)C(=O)N[C@H](C(=O)N[C@@H](CCCCN)C(=O)N[C@@H](CCCCN)C(=O)N[C@@H](CCCCN)C(=O)N[C@@H](CC(C)C)C(=O)N[C@@H](Cc1c[nH]c4ccccc14)C(N)=O)CSSC[C@H](NC(=O)[C@H](CCCCN)NC(=O)[C@H](CCCNC(=N)N)NC(=O)[C@H](CCC(=O)O)NC(=O)[C@H](CO)NC(=O)[C@H](CC(=O)O)NC3=O)C(=O)N2,True,high
STR-03825B6A51D0B0744A5D,IC50,biochemical_binding,1,1,0,1,1,0,0,6.366531544420413,6.366531544420413,6.366531544420413,430.0,430.0,IC50,1,inhibitory_potency,1,biochemical_binding,1,PubChem,164897291,Menin,2026,=,CCN(C(=O)c1cc(F)ccc1Oc1nncnc1N1CCC2(C1)CN([C@H](CCCNC(=O)NC)C(C)C)C2)C(C)C,CCN(C(C)C)C(=O)C1=C(C=CC(=C1)F)OC2=C(N=CN=N2)N3CCC4(C3)CN(C4)[C@H](CCCNC(=O)NC)C(C)C,CCN(C(=O)c1cc(F)ccc1Oc1nncnc1N1CCC2(C1)CN([C@H](CCCNC(=O)NC)C(C)C)C2)C(C)C,CCN(C(=O)c1cc(F)ccc1Oc1nncnc1N1CCC2(C1)CN([C@H](CCCNC(=O)NC)C(C)C)C2)C(C)C,ILUZWIYOFDJNNW-XMMPIXPASA-N,ILUZWIYOFDJNNW-XMMPIXPASA-N,standardized,0.0,False,2.0,strict_exact,exact_point_estimate,moderate_100nM_to_1uM,False,True,IC50,biochemical_binding,False,0.6685906758836994,0.916359796911164,0.6000000238418579,CCN(C(=O)c1cc(F)ccc1Oc1nncnc1N1CC2(CCN(CC3(SC)CC3)CC2)C1)C(C)C,True,medium
STR-079F3F9421D0EFF32E86,IC50,biochemical_binding,1,1,0,1,1,0,0,6.366531544420413,6.366531544420413,6.366531544420413,430.0,430.0,IC50,1,inhibitory_potency,1,biochemical_binding,1,PubChem,156531819,Menin,2026,=,CCN(C(=O)c1cc(F)ccc1Oc1nncnc1N1CCC2(C1)CN([C@H](CCCN(C)C[C@@H](C)C(=O)N(C)C)C(C)C)C2)C(C)C,CCN(C(C)C)C(=O)C1=C(C=CC(=C1)F)OC2=C(N=CN=N2)N3CCC4(C3)CN(C4)[C@H](CCCN(C)C[C@@H](C)C(=O)N(C)C)C(C)C,CCN(C(=O)c1cc(F)ccc1Oc1nncnc1N1CCC2(C1)CN([C@H](CCCN(C)C[C@@H](C)C(=O)N(C)C)C(C)C)C2)C(C)C,CCN(C(=O)c1cc(F)ccc1Oc1nncnc1N1CCC2(C1)CN([C@H](CCCN(C)C[C@@H](C)C(=O)N(C)C)C(C)C)C2)C(C)C,IFIHGWNVFQFWAX-GGXMVOPNSA-N,IFIHGWNVFQFWAX-GGXMVOPNSA-N,standardized,0.0,False,2.0,strict_exact,exact_point_estimate,moderate_100nM_to_1uM,False,True,IC50,biochemical_binding,False,0.6806103189643828,0.9037165233054003,0.5876288414001465,CCN(C(=O)c1cc(F)ccc1Oc1nncnc1N1CC2(CCN(CC3(SC)CC3)CC2)C1)C(C)C,True,medium
STR-5A59AFF93EE296D36BC6,IC50,biochemical_binding,1,2,1,2,1,0,0,6.361510743045363,6.361510743045363,6.361510743045363,435.0,435.0,IC50,1,inhibitory_potency,1,biochemical_binding,1,ChEMBL;PubChem,CHEMBL5991299,Menin,2021,=,N#CC(c1ccccc1)(C1CCN(CC2CN(c3ccc(S(=O)(=O)c4ccncc4)cc3)C2)CC1)[C@@H]1CCC[C@H]1OC(=O)C1CCC1,N#CC(c1ccccc1)(C1CCN(CC2CN(c3ccc(S(=O)(=O)c4ccncc4)cc3)C2)CC1)[C@@H]1CCC[C@H]1OC(=O)C1CCC1,N#CC(c1ccccc1)(C1CCN(CC2CN(c3ccc(S(=O)(=O)c4ccncc4)cc3)C2)CC1)[C@@H]1CCC[C@H]1OC(=O)C1CCC1,N#CC(c1ccccc1)(C1CCN(CC2CN(c3ccc(S(=O)(=O)c4ccncc4)cc3)C2)CC1)[C@@H]1CCC[C@H]1OC(=O)C1CCC1,UPXKEAPHHNBDHK-QAFYHTLISA-N,UPXKEAPHHNBDHK-QAFYHTLISA-N,standardized,0.0,False,2.0,strict_exact,exact_point_estimate,moderate_100nM_to_1uM,False,True,IC50,biochemical_binding,False,0.9028133618754581,0.4600134724066174,0.2631579041481018,O=C(O)c1ccc(N2CCC(CN3CCC(Oc4ccc(Cl)c(Cl)c4)CC3)CC2)cc1,True,high
STR-B520AF3A72F2FF2BC507,IC50,biochemical_binding,1,1,0,1,1,0,0,6.360513510731414,6.360513510731414,6.360513510731414,436.0,436.0,IC50,1,inhibitory_potency,1,biochemical_binding,1,ChEMBL,CHEMBL3126189,Menin,2014,=,N#Cc1ccc(OCCCN2CCC(C(O)(c3cc(F)cc(F)c3)C3CCCC3)CC2)cc1,N#Cc1ccc(OCCCN2CCC(C(O)(c3cc(F)cc(F)c3)C3CCCC3)CC2)cc1,N#Cc1ccc(OCCCN2CCC(C(O)(c3cc(F)cc(F)c3)C3CCCC3)CC2)cc1,N#Cc1ccc(OCCCN2CCC(C(O)(c3cc(F)cc(F)c3)C3CCCC3)CC2)cc1,OAOHJPWUVQFOCX-UHFFFAOYSA-N,OAOHJPWUVQFOCX-UHFFFAOYSA-N,standardized,0.0,False,2.0,strict_exact,exact_point_estimate,moderate_100nM_to_1uM,False,True,IC50,biochemical_binding,False,0.9569285399497153,0.25620168925151665,0.4754098355770111,OC(c1ccccc1)(c1ccccc1)C1CCN(CCCOc2ccc(-c3ccccc3)cc2)CC1,True,high
STR-D31C7512712D5C2245CC,IC50,biochemical_binding,1,2,1,2,1,0,0,6.359518563029578,6.359518563029578,6.359518563029578,437.0,437.0,IC50,1,inhibitory_potency,1,biochemical_binding,1,ChEMBL;PubChem,CHEMBL6006742,Menin,2021,=,CS(=O)(=O)N[C@H]1CCC[C@@H]1C(C#N)(c1ccccc1)C1CCN(CC2CN(c3ccc(S(=O)(=O)c4ccncc4)cc3)C2)CC1,CS(=O)(=O)N[C@H]1CCC[C@@H]1C(C#N)(c1ccccc1)C1CCN(CC2CN(c3ccc(S(=O)(=O)c4ccncc4)cc3)C2)CC1,CS(=O)(=O)N[C@H]1CCC[C@@H]1C(C#N)(c1ccccc1)C1CCN(CC2CN(c3ccc(S(=O)(=O)c4ccncc4)cc3)C2)CC1,CS(=O)(=O)N[C@H]1CCC[C@@H]1C(C#N)(c1ccccc1)C1CCN(CC2CN(c3ccc(S(=O)(=O)c4ccncc4)cc3)C2)CC1,UDTODHMYBSKRKC-FFXLMVMDSA-N,UDTODHMYBSKRKC-FFXLMVMDSA-N,standardized,0.0,False,2.0,strict_exact,exact_point_estimate,moderate_100nM_to_1uM,False,True,IC50,biochemical_binding,False,0.9180820478480682,0.40890142029596444,0.260869562625885,CC(C)S(=O)(=O)N[C@H]1CN(c2ccccc2)C[C@@H]1c1ccc(-c2ccc(C#N)cc2)cc1,True,high
STR-DCA3434F85B70F7DA7D4,IC50,biochemical_binding,1,2,1,2,1,0,0,6.357535479757878,6.357535479757878,6.357535479757878,439.0,439.0,IC50,1,inhibitory_potency,1,biochemical_binding,1,ChEMBL;PubChem,CHEMBL5847549,Menin,2021,=,N#Cc1ccc(OCCCN2CCC(C3(C4CCCC4)NCCc4cc(F)ccc43)CC2)cc1,N#Cc1ccc(OCCCN2CCC(C3(C4CCCC4)NCCc4cc(F)ccc43)CC2)cc1,N#Cc1ccc(OCCCN2CCC(C3(C4CCCC4)NCCc4cc(F)ccc43)CC2)cc1,N#Cc1ccc(OCCCN2CCC(C3(C4CCCC4)NCCc4cc(F)ccc43)CC2)cc1,CMHBGEQIKCAZMO-UHFFFAOYSA-N,CMHBGEQIKCAZMO-UHFFFAOYSA-N,standardized,0.0,False,2.0,strict_exact,exact_point_estimate,moderate_100nM_to_1uM,False,True,IC50,biochemical_binding,False,0.972209009587614,0.18318983498145008,0.395061731338501,N#Cc1ccc(OCCCN2CC3CN(CCNS(=O)(=O)c4ccc(F)cc4F)CC(C2)O3)cc1,True,high
STR-38F6752F49BCD366F11A,IC50,biochemical_binding,1,2,1,2,1,0,0,6.347753658996677,6.347753658996677,6.347753658996677,449.0,449.0,IC50,1,inhibitory_potency,1,biochemical_binding,1,ChEMBL;PubChem,CHEMBL5778287,Menin,2021,=,N#Cc1ccc(OCCCN2CCC(C(CO)(c3ccccc3)C3CCCC3)CC2)cc1,N#Cc1ccc(OCCCN2CCC(C(CO)(c3ccccc3)C3CCCC3)CC2)cc1,N#Cc1ccc(OCCCN2CCC(C(CO)(c3ccccc3)C3CCCC3)CC2)cc1,N#Cc1ccc(OCCCN2CCC(C(CO)(c3ccccc3)C3CCCC3)CC2)cc1,HEYVOFYYNVPUMS-UHFFFAOYSA-N,HEYVOFYYNVPUMS-UHFFFAOYSA-N,standardized,0.0,False,2.0,strict_exact,exact_point_estimate,moderate_100nM_to_1uM,False,True,IC50,biochemical_binding,False,0.9511607231446677,0.28144567745054794,0.5517241358757019,OC(c1ccccc1)(c1ccccc1)C1CCN(CCCOc2ccc(-c3ccccc3)cc2)CC1,True,high
STR-9F2105675ED616901558,IC50,biochemical_binding,1,1,0,1,1,0,0,6.346787486224656,6.346787486224656,6.346787486224656,450.0,450.0,IC50,1,inhibitory_potency,1,biochemical_binding,1,ChEMBL,CHEMBL5555656,Menin,2024,=,CCS(=O)(=O)c1ccc(N2CC(CN3CCC(n4cc(-c5ccc(F)cc5)c5c(N)ncnc54)CC3)C2)cc1,CCS(=O)(=O)c1ccc(N2CC(CN3CCC(n4cc(-c5ccc(F)cc5)c5c(N)ncnc54)CC3)C2)cc1,CCS(=O)(=O)c1ccc(N2CC(CN3CCC(n4cc(-c5ccc(F)cc5)c5c(N)ncnc54)CC3)C2)cc1,CCS(=O)(=O)c1ccc(N2CC(CN3CCC(n4cc(-c5ccc(F)cc5)c5c(N)ncnc54)CC3)C2)cc1,UOBAUSQATQTFAH-UHFFFAOYSA-N,UOBAUSQATQTFAH-UHFFFAOYSA-N,standardized,0.0,False,2.0,strict_exact,exact_point_estimate,moderate_100nM_to_1uM,False,True,IC50,biochemical_binding,False,0.8961464759725843,0.4810932892294691,0.42168673872947693,Nc1ncnc2c1c(-c1cccc(O)c1)cn2[C@H]1C[C@@H](CN2CCC2)C1,True,high
STR-4E0D965820718397652B,IC50,biochemical_binding,1,2,1,2,1,0,0,6.342944147142896,6.342944147142896,6.342944147142896,454.0,454.0,IC50,1,inhibitory_potency,1,biochemical_binding,1,ChEMBL;PubChem,CHEMBL5854653,Menin,2021,=,N#CC(c1ccccc1)(C1CCN(CC2CN(c3ccc(S(=O)(=O)c4ccncc4)cc3)C2)CC1)[C@@H]1CCC[C@H]1OC(N)=O,N#CC(c1ccccc1)(C1CCN(CC2CN(c3ccc(S(=O)(=O)c4ccncc4)cc3)C2)CC1)[C@@H]1CCC[C@H]1OC(N)=O,N#CC(c1ccccc1)(C1CCN(CC2CN(c3ccc(S(=O)(=O)c4ccncc4)cc3)C2)CC1)[C@@H]1CCC[C@H]1OC(N)=O,N#CC(c1ccccc1)(C1CCN(CC2CN(c3ccc(S(=O)(=O)c4ccncc4)cc3)C2)CC1)[C@@H]1CCC[C@H]1OC(N)=O,SDGOMCIESMUDGQ-OLPGJYTKSA-N,SDGOMCIESMUDGQ-OLPGJYTKSA-N,standardized,0.0,False,2.0,strict_exact,exact_point_estimate,moderate_100nM_to_1uM,False,True,IC50,biochemical_binding,False,0.8822619397979139,0.5228238480550527,0.26595744490623474,O=C(O)c1ccc(N2CCC(CN3CCC(Oc4ccc(Cl)c(Cl)c4)CC3)CC2)cc1,True,high
STR-57B02C455F0090B0D259,IC50,biochemical_binding,1,1,0,1,1,0,0,6.327902142064282,6.327902142064282,6.327902142064282,470.0,470.0,IC50,1,inhibitory_potency,1,biochemical_binding,1,ChEMBL,CHEMBL5557085,Menin,2024,=,Nc1ncnc2c1c(-c1ccc(F)cc1)cn2C1CCN(CC2CN(c3ccc(S(=O)(=O)C4CC4)cc3)C2)CC1,Nc1ncnc2c1c(-c1ccc(F)cc1)cn2C1CCN(CC2CN(c3ccc(S(=O)(=O)C4CC4)cc3)C2)CC1,Nc1ncnc2c1c(-c1ccc(F)cc1)cn2C1CCN(CC2CN(c3ccc(S(=O)(=O)C4CC4)cc3)C2)CC1,Nc1ncnc2c1c(-c1ccc(F)cc1)cn2C1CCN(CC2CN(c3ccc(S(=O)(=O)C4CC4)cc3)C2)CC1,TWHTYNNCJTZICG-UHFFFAOYSA-N,TWHTYNNCJTZICG-UHFFFAOYSA-N,standardized,0.0,False,2.0,strict_exact,exact_point_estimate,moderate_100nM_to_1uM,False,True,IC50,biochemical_binding,False,0.9065389095878736,0.44791817296668146,0.4268292784690857,Nc1ncnc2c1c(-c1cccc(O)c1)cn2[C@H]1C[C@@H](CN2CCC2)C1,True,high
STR-EC66806C5F5D2CD819CB,IC50,biochemical_binding,1,2,1,2,1,0,0,6.325138859262188,6.325138859262188,6.325138859262188,473.0,473.0,IC50,1,inhibitory_potency,1,biochemical_binding,1,ChEMBL;PubChem,CHEMBL5968452,Menin,2021,=,N#Cc1ccc(OCCCN2CCC(C3(C4CCCC4)NCCc4ccc(F)cc43)CC2)cc1,N#Cc1ccc(OCCCN2CCC(C3(C4CCCC4)NCCc4ccc(F)cc43)CC2)cc1,N#Cc1ccc(OCCCN2CCC(C3(C4CCCC4)NCCc4ccc(F)cc43)CC2)cc1,N#Cc1ccc(OCCCN2CCC(C3(C4CCCC4)NCCc4ccc(F)cc43)CC2)cc1,UHLGBZUDHODLLD-UHFFFAOYSA-N,UHLGBZUDHODLLD-UHFFFAOYSA-N,standardized,0.0,False,2.0,strict_exact,exact_point_estimate,moderate_100nM_to_1uM,False,True,IC50,biochemical_binding,False,0.9715336621127051,0.18664132454862742,0.4000000059604645,N#Cc1ccc(OCCCN2CC3CN(CCNS(=O)(=O)c4ccc(F)cc4F)CC(C2)O3)cc1,True,high
STR-4F507812C726BEF9FE1F,IC50,biochemical_binding,1,1,0,1,1,0,0,6.309803919971486,6.309803919971486,6.309803919971486,490.0,490.0,IC50,1,inhibitory_potency,1,biochemical_binding,1,PubChem,168720871,Menin,2026,=,CCN(C(=O)c1cc(F)ccc1Oc1nncnc1N1CCC2(C1)CN([C@H](C[C@@H](O)CN(C)C(C)C)C(C)C)C2)C(C)C,CCN(C(C)C)C(=O)C1=C(C=CC(=C1)F)OC2=C(N=CN=N2)N3CCC4(C3)CN(C4)[C@H](C[C@H](CN(C)C(C)C)O)C(C)C,CCN(C(=O)c1cc(F)ccc1Oc1nncnc1N1CCC2(C1)CN([C@H](C[C@@H](O)CN(C)C(C)C)C(C)C)C2)C(C)C,CCN(C(=O)c1cc(F)ccc1Oc1nncnc1N1CCC2(C1)CN([C@H](C[C@@H](O)CN(C)C(C)C)C(C)C)C2)C(C)C,BAJNALQCHSQUMV-XNMGPUDCSA-N,BAJNALQCHSQUMV-XNMGPUDCSA-N,standardized,0.0,False,2.0,strict_exact,exact_point_estimate,moderate_100nM_to_1uM,False,True,IC50,biochemical_binding,False,0.5873288187178419,0.9778818188615639,0.6195651888847351,CCN(C(=O)c1cc(F)ccc1Oc1nncnc1N1CC2(CCN(CC3(SC)CC3)CC2)C1)C(C)C,True,medium
STR-6D83836432314425AF74,IC50,biochemical_binding,1,1,0,1,1,0,0,6.309803919971486,6.309803919971486,6.309803919971486,490.0,490.0,IC50,1,inhibitory_potency,1,biochemical_binding,1,PubChem,156531761,Menin,2026,=,CCN(C(=O)c1cc(F)ccc1Oc1nncnc1N1CCC2(C1)CN([C@H](CCO)C(C)C)C2)C(C)C,CCN(C(C)C)C(=O)C1=C(C=CC(=C1)F)OC2=C(N=CN=N2)N3CCC4(C3)CN(C4)[C@H](CCO)C(C)C,CCN(C(=O)c1cc(F)ccc1Oc1nncnc1N1CCC2(C1)CN([C@H](CCO)C(C)C)C2)C(C)C,CCN(C(=O)c1cc(F)ccc1Oc1nncnc1N1CCC2(C1)CN([C@H](CCO)C(C)C)C2)C(C)C,TZVOKEYLSRSBPK-JOCHJYFZSA-N,TZVOKEYLSRSBPK-JOCHJYFZSA-N,standardized,0.0,False,2.0,strict_exact,exact_point_estimate,moderate_100nM_to_1uM,False,True,IC50,biochemical_binding,False,0.5133735944108221,0.9994838776981556,0.6705882549285889,CCN(C(=O)c1cc(F)ccc1Oc1nncnc1N1CC2(CCN(CC3(SC)CC3)CC2)C1)C(C)C,True,medium
STR-080A59F9B1BCF4DFA65B,IC50,biochemical_binding,1,2,1,2,1,0,0,6.302770657240282,6.302770657240282,6.302770657240282,498.0,498.0,IC50,1,inhibitory_potency,1,biochemical_binding,1,ChEMBL;PubChem,CHEMBL5800298,Menin,2021,=,CNC(=O)O[C@@H]1CCC[C@H]1C(C#N)(c1ccccc1)C1CCN(CC2CN(c3ccc(S(=O)(=O)C4CC4)cc3)C2)CC1,CNC(=O)O[C@@H]1CCC[C@H]1C(C#N)(c1ccccc1)C1CCN(CC2CN(c3ccc(S(=O)(=O)C4CC4)cc3)C2)CC1,CNC(=O)O[C@@H]1CCC[C@H]1C(C#N)(c1ccccc1)C1CCN(CC2CN(c3ccc(S(=O)(=O)C4CC4)cc3)C2)CC1,CNC(=O)O[C@@H]1CCC[C@H]1C(C#N)(c1ccccc1)C1CCN(CC2CN(c3ccc(S(=O)(=O)C4CC4)cc3)C2)CC1,CREKPRIJPIEMSU-NNTSECMXSA-N,CREKPRIJPIEMSU-NNTSECMXSA-N,standardized,0.0,False,2.0,strict_exact,exact_point_estimate,moderate_100nM_to_1uM,False,True,IC50,biochemical_binding,False,0.896017914769223,0.481492881658377,0.3012048304080963,O=C(CN1CCC(S(=O)(=O)c2ccccc2)CC1)c1ccc(F)cc1,True,high
STR-A21C415987FFBA939D6E,IC50,biochemical_binding,1,1,0,1,1,0,0,6.301029995663981,6.301029995663981,6.301029995663981,500.0,500.0,IC50,1,inhibitory_potency,1,biochemical_binding,1,PubChem,156531922,Menin,2026,=,CCN(C(=O)c1cc(F)ccc1Oc1nncnc1N1CCC2(C1)CN([C@H](CCN(C)CCOC)C(C)C)C2)C(C)C,CCN(C(C)C)C(=O)C1=C(C=CC(=C1)F)OC2=C(N=CN=N2)N3CCC4(C3)CN(C4)[C@H](CCN(C)CCOC)C(C)C,CCN(C(=O)c1cc(F)ccc1Oc1nncnc1N1CCC2(C1)CN([C@H](CCN(C)CCOC)C(C)C)C2)C(C)C,CCN(C(=O)c1cc(F)ccc1Oc1nncnc1N1CCC2(C1)CN([C@H](CCN(C)CCOC)C(C)C)C2)C(C)C,KULFKOSGOPOVKV-AREMUKBSSA-N,KULFKOSGOPOVKV-AREMUKBSSA-N,standardized,0.0,False,2.0,strict_exact,exact_point_estimate,moderate_100nM_to_1uM,False,True,IC50,biochemical_binding,False,0.6398805995445306,0.9427822559557066,0.6129032373428345,CCN(C(=O)c1cc(F)ccc1Oc1nncnc1N1CC2(CCN(CC3(SC)CC3)CC2)C1)C(C)C,True,medium
STR-7A2E8FB7325B12C5539B,IC50,biochemical_binding,1,2,1,2,1,0,0,6.2958494831602,6.2958494831602,6.2958494831602,506.0,506.0,IC50,1,inhibitory_potency,1,biochemical_binding,1,ChEMBL;PubChem,CHEMBL5994720,Menin,2021,=,CNC(=O)O[C@@H]1CCC[C@H]1C(C#N)(c1ccccc1)C1CCN(CC2CN(c3ccc(C(F)(F)F)cc3)C2)CC1,CNC(=O)O[C@@H]1CCC[C@H]1C(C#N)(c1ccccc1)C1CCN(CC2CN(c3ccc(C(F)(F)F)cc3)C2)CC1,CNC(=O)O[C@@H]1CCC[C@H]1C(C#N)(c1ccccc1)C1CCN(CC2CN(c3ccc(C(F)(F)F)cc3)C2)CC1,CNC(=O)O[C@@H]1CCC[C@H]1C(C#N)(c1ccccc1)C1CCN(CC2CN(c3ccc(C(F)(F)F)cc3)C2)CC1,QWSJUONIFZYYTB-QWKOWPTQSA-N,QWSJUONIFZYYTB-QWKOWPTQSA-N,standardized,0.0,False,2.0,strict_exact,exact_point_estimate,moderate_100nM_to_1uM,False,True,IC50,biochemical_binding,False,0.9012687966291001,0.4649606517491609,0.3333333432674408,CN1CCN(C(=O)NC2CCN(Cc3ccn(-c4ccc(C(F)(F)F)cc4)c3)CC2)C(c2ccccc2)C1,True,high
STR-0A56438F09B3E75AAE8B,IC50,biochemical_binding,2,2,0,1,2,0,0,6.2941901470183845,6.366531544420413,6.221848749616356,515.0,430.0,IC50,1,inhibitory_potency,1,biochemical_binding,1,ChEMBL,CHEMBL3586089,Menin,2015;2024,=,CCCc1cc2c(N3CCN(C4=NCC(C)(C)S4)CC3)ncnc2s1,CCCc1cc2c(N3CCN(C4=NCC(C)(C)S4)CC3)ncnc2s1,CCCc1cc2c(N3CCN(C4=NCC(C)(C)S4)CC3)ncnc2s1,CCCc1cc2c(N3CCN(C4=NCC(C)(C)S4)CC3)ncnc2s1,SRQYLNYQAPCPIR-UHFFFAOYSA-N,SRQYLNYQAPCPIR-UHFFFAOYSA-N,standardized,0.1446827948040567,False,2.0,strict_exact,exact_point_estimate,moderate_100nM_to_1uM,False,True,IC50,biochemical_binding,False,0.9169602281852345,0.412800479643546,0.2261904776096344,CCC(NC(=O)C1(N)CCN(c2ncnc3[nH]ccc23)CC1)c1ccc(Cl)cc1,False,high
STR-5C1522C845914F088582,IC50,biochemical_binding,1,1,0,1,1,0,0,6.292429823902063,6.292429823902063,6.292429823902063,510.0,510.0,IC50,1,inhibitory_potency,1,biochemical_binding,1,PubChem,156531803,Menin,2026,=,CCN(C(=O)c1cc(F)ccc1Oc1nncnc1N1CCC2(C1)CN([C@H](C[C@@H](CN(C)C)OC)C(C)C)C2)C(C)C,CCN(C(C)C)C(=O)C1=C(C=CC(=C1)F)OC2=C(N=CN=N2)N3CCC4(C3)CN(C4)[C@H](C[C@@H](CN(C)C)OC)C(C)C,CCN(C(=O)c1cc(F)ccc1Oc1nncnc1N1CCC2(C1)CN([C@H](C[C@@H](CN(C)C)OC)C(C)C)C2)C(C)C,CCN(C(=O)c1cc(F)ccc1Oc1nncnc1N1CCC2(C1)CN([C@H](C[C@@H](CN(C)C)OC)C(C)C)C2)C(C)C,LPQSXRARPNKWLW-AZGAKELHSA-N,LPQSXRARPNKWLW-AZGAKELHSA-N,standardized,0.0,False,2.0,strict_exact,exact_point_estimate,moderate_100nM_to_1uM,False,True,IC50,biochemical_binding,False,0.5973205498272847,0.972496409593943,0.6129032373428345,CCN(C(=O)c1cc(F)ccc1Oc1nncnc1N1CC2(CCN(CC3(SC)CC3)CC2)C1)C(C)C,True,medium
STR-C07EE6A6B313BC7131B8,IC50,biochemical_binding,1,1,0,1,1,0,0,6.292429823902063,6.292429823902063,6.292429823902063,510.0,510.0,IC50,1,inhibitory_potency,1,biochemical_binding,1,PubChem,156531587,Menin,2026,=,CC(C)C(CCCN(C)C)N1CC2(CCN(c3ccnnc3Oc3ccc(F)cc3C(=O)N(C(C)C)C(C)C)C2)C1,CC(C)C(CCCN(C)C)N1CC2(C1)CCN(C2)C3=C(N=NC=C3)OC4=C(C=C(C=C4)F)C(=O)N(C(C)C)C(C)C,CC(C)C(CCCN(C)C)N1CC2(CCN(c3ccnnc3Oc3ccc(F)cc3C(=O)N(C(C)C)C(C)C)C2)C1,CC(C)C(CCCN(C)C)N1CC2(CCN(c3ccnnc3Oc3ccc(F)cc3C(=O)N(C(C)C)C(C)C)C2)C1,MMASTHCMDVBHKI-UHFFFAOYSA-N,MMASTHCMDVBHKI-UHFFFAOYSA-N,standardized,0.0,False,2.0,strict_exact,exact_point_estimate,moderate_100nM_to_1uM,False,True,IC50,biochemical_binding,False,0.7465144891805764,0.8167559333949623,0.41999998688697815,CCN(C(=O)c1cc(F)ccc1Oc1nncnc1N1CC2(CCN(CC3(SC)CC3)CC2)C1)C(C)C,True,high
STR-C7777FCF0556D85B0DAB,IC50,biochemical_binding,1,1,0,1,1,0,0,6.292429823902063,6.292429823902063,6.292429823902063,510.0,510.0,IC50,1,inhibitory_potency,1,biochemical_binding,1,PubChem,156531909,Menin,2026,=,CCN(C(=O)c1cc(F)ccc1Oc1nnccc1N1CCC2(C1)CN([C@H](CCCN(C)C)C(C)C)C2)C(C)C,CCN(C(C)C)C(=O)C1=C(C=CC(=C1)F)OC2=C(C=CN=N2)N3CCC4(C3)CN(C4)[C@H](CCCN(C)C)C(C)C,CCN(C(=O)c1cc(F)ccc1Oc1nnccc1N1CCC2(C1)CN([C@H](CCCN(C)C)C(C)C)C2)C(C)C,CCN(C(=O)c1cc(F)ccc1Oc1nnccc1N1CCC2(C1)CN([C@H](CCCN(C)C)C(C)C)C2)C(C)C,WYVZOEWNGVZXJJ-AREMUKBSSA-N,WYVZOEWNGVZXJJ-AREMUKBSSA-N,standardized,0.0,False,2.0,strict_exact,exact_point_estimate,moderate_100nM_to_1uM,False,True,IC50,biochemical_binding,False,0.7610233372006238,0.7933343598904502,0.5104166865348816,CCN(C(=O)c1cc(F)ccc1Oc1nncnc1N1CC2(CCN(CC3(SC)CC3)CC2)C1)C(C)C,True,high
STR-D669A219C022A29B5DB1,IC50,biochemical_binding,1,1,0,1,1,0,0,6.289036881004725,6.289036881004725,6.289036881004725,514.0,514.0,IC50,1,inhibitory_potency,1,biochemical_binding,1,ChEMBL,CHEMBL2314831,Menin,2013,=,CC(=O)N[C@@H](CCCNC(=N)N)C(=O)N[C@@H](Cc1c[nH]c2ccccc12)C(=O)N[C@H]1CCCCCNC(=O)[C@@H]2CCCN2C(=O)[C@H](CCCNC(=N)N)NC(=O)[C@H](C)NC(=O)[C@@H]2CCCN2C(=O)[C@H](Cc2ccccc2)NC1=O,CC(=O)N[C@@H](CCCNC(=N)N)C(=O)N[C@@H](Cc1c[nH]c2ccccc12)C(=O)N[C@H]1CCCCCNC(=O)[C@@H]2CCCN2C(=O)[C@H](CCCNC(=N)N)NC(=O)[C@H](C)NC(=O)[C@@H]2CCCN2C(=O)[C@H](Cc2ccccc2)NC1=O,CC(=O)N[C@@H](CCCNC(=N)N)C(=O)N[C@@H](Cc1c[nH]c2ccccc12)C(=O)N[C@H]1CCCCCNC(=O)[C@@H]2CCCN2C(=O)[C@H](CCCNC(=N)N)NC(=O)[C@H](C)NC(=O)[C@@H]2CCCN2C(=O)[C@H](Cc2ccccc2)NC1=O,CC(=O)N[C@@H](CCCNC(=N)N)C(=O)N[C@@H](Cc1c[nH]c2ccccc12)C(=O)N[C@H]1CCCCCNC(=O)[C@@H]2CCCN2C(=O)[C@H](CCCNC(=N)N)NC(=O)[C@H](C)NC(=O)[C@@H]2CCCN2C(=O)[C@H](Cc2ccccc2)NC1=O,AZVYVJGEEFXZOQ-NBBYSTNSSA-N,AZVYVJGEEFXZOQ-NBBYSTNSSA-N,standardized,0.0,False,2.0,strict_exact,exact_point_estimate,moderate_100nM_to_1uM,False,True,IC50,biochemical_binding,False,0.8445570251062202,0.6232953773206366,0.4590163826942444,CC(C)C[C@@H]1NC(=O)CNC(=O)[C@H](CCC(=O)O)NC(=O)[C@@H]2CSSC[C@H](NC(=O)[C@@H](N)Cc3ccc(O)cc3)C(=O)N[C@@H](CCC(N)=O)C(=O)N[C@@H](CCCCN)C(=O)N[C@@H](Cc3ccccc3)C(=O)N[C@@H](CC(C)C)C(=O)N[C@@H](C)C(=O)N3CCC[C@H]3C(=O)N[C@H]3CSSC[C@H](NC(=O)[C@H](C(C)C)NC1=O)C(=O)N[C@@H](CCCNC(=N)N)C(=O)N[C@@H](CC(C)C)C(=O)N[C@@H](Cc1c[nH]c4ccccc14)C(=O)N[C@H](C(=O)N[C@@H](CCCCN)C(=O)N[C@@H](CCCCN)C(=O)N[C@@H](CCCCN)C(=O)N[C@@H](CC(C)C)C(=O)N[C@@H](Cc1c[nH]c4ccccc14)C(N)=O)CSSC[C@H](NC(=O)[C@H](CCCCN)NC(=O)[C@H](CCCNC(=N)N)NC(=O)[C@H](CCC(=O)O)NC(=O)[C@H](CO)NC(=O)[C@H](CC(=O)O)NC3=O)C(=O)N2,True,high
STR-FDB4878ADB13F8D5ACDD,IC50,biochemical_binding,2,2,0,1,2,0,0,6.286907087377744,6.537602002101044,6.036212172654444,605.0,290.0,IC50,1,inhibitory_potency,1,biochemical_binding,1,PubChem,156531829,Menin,2026,=,CCN(C(=O)c1cc(F)ccc1Oc1nncnc1N1CCC2(C1)CN(C(C(C)C)C(C)CCN(C)CCOC)C2)C(C)C,CCN(C(C)C)C(=O)C1=C(C=CC(=C1)F)OC2=C(N=CN=N2)N3CCC4(C3)CN(C4)C(C(C)C)C(C)CCN(C)CCOC,CCN(C(=O)c1cc(F)ccc1Oc1nncnc1N1CCC2(C1)CN(C(C(C)C)C(C)CCN(C)CCOC)C2)C(C)C,CCN(C(=O)c1cc(F)ccc1Oc1nncnc1N1CCC2(C1)CN(C(C(C)C)C(C)CCN(C)CCOC)C2)C(C)C,OFPJUOHZMNGSQF-UHFFFAOYSA-N,OFPJUOHZMNGSQF-UHFFFAOYSA-N,standardized,0.5013898294465999,False,2.0,strict_exact,exact_point_estimate,moderate_100nM_to_1uM,False,True,IC50,biochemical_binding,False,0.6783122258826322,0.9062074150243407,0.59375,CCN(C(=O)c1cc(F)ccc1Oc1nncnc1N1CC2(CCN(CC3(SC)CC3)CC2)C1)C(C)C,True,medium
STR-094F554E2B0D3487D695,IC50,biochemical_binding,2,2,0,1,2,0,0,6.2839966563652006,7.187086643357144,5.380906669373257,2112.5,65.0,IC50,1,inhibitory_potency,1,biochemical_binding,1,PubChem,156498057,Menin,2026,=,CCN(C(=O)c1cc(F)ccc1Oc1nncnc1N1CCC2(C1)CN([C@H](CCCN(C)CC(C)OC)C(C)C)C2)C(C)C,CCN(C(C)C)C(=O)C1=C(C=CC(=C1)F)OC2=C(N=CN=N2)N3CCC4(C3)CN(C4)[C@H](CCCN(C)CC(C)OC)C(C)C,CCN(C(=O)c1cc(F)ccc1Oc1nncnc1N1CCC2(C1)CN([C@H](CCCN(C)CC(C)OC)C(C)C)C2)C(C)C,CCN(C(=O)c1cc(F)ccc1Oc1nncnc1N1CCC2(C1)CN([C@H](CCCN(C)CC(C)OC)C(C)C)C2)C(C)C,SGLVKVDOHBWLEU-MPSNESSQSA-N,SGLVKVDOHBWLEU-MPSNESSQSA-N,standardized,1.8061799739838875,False,2.0,strict_exact,exact_point_estimate,weak_1uM_to_10uM,False,False,IC50,biochemical_binding,False,0.641210585543198,0.9416737218928477,0.59375,CCN(C(=O)c1cc(F)ccc1Oc1nncnc1N1CC2(CCN(CC3(SC)CC3)CC2)C1)C(C)C,True,medium
STR-FE3645A659C52B524F3A,IC50,biochemical_binding,1,1,0,1,1,0,0,6.276544327964814,6.276544327964814,6.276544327964814,529.0,529.0,IC50,1,inhibitory_potency,1,biochemical_binding,1,ChEMBL,CHEMBL3124953,Menin,2014,=,N#Cc1ccc(OCCCN2CCC([C@](O)(c3ccccc3)C3CCCC3)CC2)cc1,N#Cc1ccc(OCCCN2CCC([C@](O)(c3ccccc3)C3CCCC3)CC2)cc1,N#Cc1ccc(OCCCN2CCC([C@](O)(c3ccccc3)C3CCCC3)CC2)cc1,N#Cc1ccc(OCCCN2CCC([C@](O)(c3ccccc3)C3CCCC3)CC2)cc1,QBITUTDDFZQXDO-MHZLTWQESA-N,QBITUTDDFZQXDO-MHZLTWQESA-N,standardized,0.0,False,2.0,strict_exact,exact_point_estimate,moderate_100nM_to_1uM,False,True,IC50,biochemical_binding,False,0.9578173084593818,0.25221177180729415,0.6000000238418579,OC(c1ccccc1)(c1ccccc1)C1CCN(CCCOc2ccc(-c3ccccc3)cc2)CC1,True,high
STR-1098388DEC1F7C6AA87D,IC50,biochemical_binding,1,1,0,1,1,0,0,6.275724130399211,6.275724130399211,6.275724130399211,530.0,530.0,IC50,1,inhibitory_potency,1,biochemical_binding,1,ChEMBL,CHEMBL5557705,Menin,2024,=,Nc1ncnc2c1c(-c1ccc(F)cc1)cn2C1CCN(CC2CN(c3ccc(S(=O)(=O)C4CCC4)cc3)C2)CC1,Nc1ncnc2c1c(-c1ccc(F)cc1)cn2C1CCN(CC2CN(c3ccc(S(=O)(=O)C4CCC4)cc3)C2)CC1,Nc1ncnc2c1c(-c1ccc(F)cc1)cn2C1CCN(CC2CN(c3ccc(S(=O)(=O)C4CCC4)cc3)C2)CC1,Nc1ncnc2c1c(-c1ccc(F)cc1)cn2C1CCN(CC2CN(c3ccc(S(=O)(=O)C4CCC4)cc3)C2)CC1,VGZVOSFYAKUYAO-UHFFFAOYSA-N,VGZVOSFYAKUYAO-UHFFFAOYSA-N,standardized,0.0,False,2.0,strict_exact,exact_point_estimate,moderate_100nM_to_1uM,False,True,IC50,biochemical_binding,False,0.9104882959225162,0.43483784546141735,0.4285714328289032,Nc1ncnc2c1c(-c1cccc(O)c1)cn2[C@H]1C[C@@H](CN2CCC2)C1,True,high
STR-978644C1BF9EC9F346BF,IC50,biochemical_binding,1,2,1,2,1,0,0,6.268411234813261,6.268411234813261,6.268411234813261,539.0,539.0,IC50,1,inhibitory_potency,1,biochemical_binding,1,ChEMBL;PubChem,CHEMBL5979798,Menin,2021,=,CNC(=O)O[C@@H]1CCC[C@H]1C(Cn1ccnc1C)(c1cccc(F)c1)C1CCN(CC2CN(c3ccc(Cl)cc3)C2)CC1,CNC(=O)O[C@@H]1CCC[C@H]1C(Cn1ccnc1C)(c1cccc(F)c1)C1CCN(CC2CN(c3ccc(Cl)cc3)C2)CC1,CNC(=O)O[C@@H]1CCC[C@H]1C(Cn1ccnc1C)(c1cccc(F)c1)C1CCN(CC2CN(c3ccc(Cl)cc3)C2)CC1,CNC(=O)O[C@@H]1CCC[C@H]1C(Cn1ccnc1C)(c1cccc(F)c1)C1CCN(CC2CN(c3ccc(Cl)cc3)C2)CC1,VYTCGCANNASGQW-OLPGJYTKSA-N,VYTCGCANNASGQW-OLPGJYTKSA-N,standardized,0.0,False,2.0,strict_exact,exact_point_estimate,moderate_100nM_to_1uM,False,True,IC50,biochemical_binding,False,0.9207198897821824,0.3996375207390418,0.28070175647735596,O=C(O)[C@@H](CC1CCC1)N1C[C@H](CN2CCC(c3cnc4ccccn34)CC2)[C@@H](c2cccc(F)c2)C1,True,high
STR-12C3D4D6515C28A44080,IC50,biochemical_binding,1,1,0,1,1,0,0,6.267606240177031,6.267606240177031,6.267606240177031,540.0,540.0,IC50,1,inhibitory_potency,1,biochemical_binding,1,PubChem,156532051,Menin,2026,=,CCN(C(=O)c1cc(F)ccc1Oc1nncnc1N1CCC2(C1)CN([C@H](CCN(C)CCO)C(C)C)C2)C(C)C,CCN(C(C)C)C(=O)C1=C(C=CC(=C1)F)OC2=C(N=CN=N2)N3CCC4(C3)CN(C4)[C@H](CCN(C)CCO)C(C)C,CCN(C(=O)c1cc(F)ccc1Oc1nncnc1N1CCC2(C1)CN([C@H](CCN(C)CCO)C(C)C)C2)C(C)C,CCN(C(=O)c1cc(F)ccc1Oc1nncnc1N1CCC2(C1)CN([C@H](CCN(C)CCO)C(C)C)C2)C(C)C,GWPRNMSEPYWIOB-RUZDIDTESA-N,GWPRNMSEPYWIOB-RUZDIDTESA-N,standardized,0.0,False,2.0,strict_exact,exact_point_estimate,moderate_100nM_to_1uM,False,True,IC50,biochemical_binding,False,0.5736168446475184,0.9843058098833518,0.6263736486434937,CCN(C(=O)c1cc(F)ccc1Oc1nncnc1N1CC2(CCN(CC3(SC)CC3)CC2)C1)C(C)C,True,medium
STR-B362D479FEC6A2A08BC5,IC50,biochemical_binding,1,1,0,1,1,0,0,6.259637310505756,6.259637310505756,6.259637310505756,550.0,550.0,IC50,1,inhibitory_potency,1,biochemical_binding,1,PubChem,168720908,Menin,2026,=,CC(C)[C@@H](CCC(N)=O)N1CC2(CCN(c3ncnnc3Oc3ccc(F)cc3-c3cncnc3C3CC3)C2)C1,CC(C)[C@@H](CCC(=O)N)N1CC2(C1)CCN(C2)C3=C(N=NC=N3)OC4=C(C=C(C=C4)F)C5=CN=CN=C5C6CC6,CC(C)[C@@H](CCC(N)=O)N1CC2(CCN(c3ncnnc3Oc3ccc(F)cc3-c3cncnc3C3CC3)C2)C1,CC(C)[C@@H](CCC(N)=O)N1CC2(CCN(c3ncnnc3Oc3ccc(F)cc3-c3cncnc3C3CC3)C2)C1,ONCIPTNPPSWVQS-HSZRJFAPSA-N,ONCIPTNPPSWVQS-HSZRJFAPSA-N,standardized,0.0,False,2.0,strict_exact,exact_point_estimate,moderate_100nM_to_1uM,False,True,IC50,biochemical_binding,False,0.7398304273844561,0.8270021520909294,0.41904762387275696,CC1(CN2CCC3(CC2)CN(c2ncnnc2Oc2ccc(F)cc2C(=O)N2C4CCC2COC4)C3)CC1,True,high
STR-2BD8E1D3643B1EDA4E91,IC50,biochemical_binding,1,2,1,2,1,0,0,6.255707016877324,6.255707016877324,6.255707016877324,555.0,555.0,IC50,1,inhibitory_potency,1,biochemical_binding,1,ChEMBL;PubChem,CHEMBL5815172,Menin,2021,=,CC(=O)N[C@@H]1CCC[C@H]1C(C#N)(c1ccccc1)C1CCN(CC2CN(c3ccc(S(=O)(=O)c4ccncc4)cc3)C2)CC1,CC(=O)N[C@@H]1CCC[C@H]1C(C#N)(c1ccccc1)C1CCN(CC2CN(c3ccc(S(=O)(=O)c4ccncc4)cc3)C2)CC1,CC(=O)N[C@@H]1CCC[C@H]1C(C#N)(c1ccccc1)C1CCN(CC2CN(c3ccc(S(=O)(=O)c4ccncc4)cc3)C2)CC1,CC(=O)N[C@@H]1CCC[C@H]1C(C#N)(c1ccccc1)C1CCN(CC2CN(c3ccc(S(=O)(=O)c4ccncc4)cc3)C2)CC1,QLAKMMMMNNGFLX-ORITWGEGSA-N,QLAKMMMMNNGFLX-ORITWGEGSA-N,standardized,0.0,False,2.0,strict_exact,exact_point_estimate,moderate_100nM_to_1uM,False,True,IC50,biochemical_binding,False,0.903151930379439,0.45892382886608285,0.27835050225257874,CC(=O)Nc1cccc(N2CCN(CC3CCN(S(=O)(=O)CC4CCCCC4)CC3)CC2)c1,True,high
STR-FA1FDFBE4B94F7A252F5,IC50,biochemical_binding,1,2,1,2,1,0,0,6.249491605148654,6.249491605148654,6.249491605148654,563.0,563.0,IC50,1,inhibitory_potency,1,biochemical_binding,1,ChEMBL;PubChem,CHEMBL5760969,Menin,2021,=,N#CC(c1ccccc1)(C1CCN(CC2CN(c3ccc(S(=O)(=O)c4ccncc4)cc3)C2)CC1)[C@H]1CCC[C@@H]1CO,N#CC(c1ccccc1)(C1CCN(CC2CN(c3ccc(S(=O)(=O)c4ccncc4)cc3)C2)CC1)[C@H]1CCC[C@@H]1CO,N#CC(c1ccccc1)(C1CCN(CC2CN(c3ccc(S(=O)(=O)c4ccncc4)cc3)C2)CC1)[C@H]1CCC[C@@H]1CO,N#CC(c1ccccc1)(C1CCN(CC2CN(c3ccc(S(=O)(=O)c4ccncc4)cc3)C2)CC1)[C@H]1CCC[C@@H]1CO,BIOXWGVAXOLAGN-XYOWXNCWSA-N,BIOXWGVAXOLAGN-XYOWXNCWSA-N,standardized,0.0,False,2.0,strict_exact,exact_point_estimate,moderate_100nM_to_1uM,False,True,IC50,biochemical_binding,False,0.917280525303189,0.4116896819844889,0.2527472674846649,O=C(O)c1ccc(N2CCC(CN3CCC(Oc4ccc(Cl)c(Cl)c4)CC3)CC2)cc1,True,high
STR-AE07246DCCF5CCC9E046,IC50,biochemical_binding,1,2,1,2,1,0,0,6.244887733604928,6.244887733604928,6.244887733604928,569.0,569.0,IC50,1,inhibitory_potency,1,biochemical_binding,1,ChEMBL;PubChem,CHEMBL5949550,Menin,2021,=,COC(=O)N[C@@H]1CCC[C@H]1C(C#N)(c1ccccc1)C1CCN(CC2CN(c3ccc(S(=O)(=O)c4ccncc4)cc3)C2)CC1,COC(=O)N[C@@H]1CCC[C@H]1C(C#N)(c1ccccc1)C1CCN(CC2CN(c3ccc(S(=O)(=O)c4ccncc4)cc3)C2)CC1,COC(=O)N[C@@H]1CCC[C@H]1C(C#N)(c1ccccc1)C1CCN(CC2CN(c3ccc(S(=O)(=O)c4ccncc4)cc3)C2)CC1,COC(=O)N[C@@H]1CCC[C@H]1C(C#N)(c1ccccc1)C1CCN(CC2CN(c3ccc(S(=O)(=O)c4ccncc4)cc3)C2)CC1,MIUPMJHGNQWPQS-ZJACYBTKSA-N,MIUPMJHGNQWPQS-ZJACYBTKSA-N,standardized,0.0,False,2.0,strict_exact,exact_point_estimate,moderate_100nM_to_1uM,False,True,IC50,biochemical_binding,False,0.9064838711918971,0.4480985592544365,0.2604166567325592,O=C(O)c1ccc(N2CCC(CN3CCC(Oc4ccc(Cl)c(Cl)c4)CC3)CC2)cc1,True,high
STR-0762484A1F8E76578E66,IC50,biochemical_binding,1,1,0,1,1,0,0,6.236572006437063,6.236572006437063,6.236572006437063,580.0,580.0,IC50,1,inhibitory_potency,1,biochemical_binding,1,PubChem,156532050,Menin,2026,=,CCNCC[C@H](C(C)C)N1CC2(CCN(c3ncnnc3Oc3ccc(F)cc3C(=O)N(CC)C(C)C)C2)C1,CCNCC[C@H](C(C)C)N1CC2(C1)CCN(C2)C3=C(N=NC=N3)OC4=C(C=C(C=C4)F)C(=O)N(CC)C(C)C,CCNCC[C@H](C(C)C)N1CC2(CCN(c3ncnnc3Oc3ccc(F)cc3C(=O)N(CC)C(C)C)C2)C1,CCNCC[C@H](C(C)C)N1CC2(CCN(c3ncnnc3Oc3ccc(F)cc3C(=O)N(CC)C(C)C)C2)C1,IJULCTFIBJORAB-XMMPIXPASA-N,IJULCTFIBJORAB-XMMPIXPASA-N,standardized,0.0,False,2.0,strict_exact,exact_point_estimate,moderate_100nM_to_1uM,False,True,IC50,biochemical_binding,False,0.569456098587527,0.9860353306758696,0.6477272510528564,CCN(C(=O)c1cc(F)ccc1Oc1nncnc1N1CC2(CCN(CC3(SC)CC3)CC2)C1)C(C)C,True,medium
STR-FF5E62E2D34F3B37D670,IC50,biochemical_binding,1,2,1,2,1,0,0,6.231361898752386,6.231361898752386,6.231361898752386,587.0,587.0,IC50,1,inhibitory_potency,1,biochemical_binding,1,ChEMBL;PubChem,CHEMBL5797694,Menin,2021,=,CCN1Cc2ccccc2C(C2CCCC2)(C2CCN(CC3CN(c4ccc(S(=O)(=O)C5CC5)cc4C)C3)CC2)C1,CCN1Cc2ccccc2C(C2CCCC2)(C2CCN(CC3CN(c4ccc(S(=O)(=O)C5CC5)cc4C)C3)CC2)C1,CCN1Cc2ccccc2C(C2CCCC2)(C2CCN(CC3CN(c4ccc(S(=O)(=O)C5CC5)cc4C)C3)CC2)C1,CCN1Cc2ccccc2C(C2CCCC2)(C2CCN(CC3CN(c4ccc(S(=O)(=O)C5CC5)cc4C)C3)CC2)C1,XSRSPWSVWPDUHC-UHFFFAOYSA-N,XSRSPWSVWPDUHC-UHFFFAOYSA-N,standardized,0.0,False,2.0,strict_exact,exact_point_estimate,moderate_100nM_to_1uM,False,True,IC50,biochemical_binding,False,0.9254571708754994,0.38265235519961727,0.27272728085517883,O=S(=O)(c1ccccc1)C1CCN(CCc2ccccc2)CC1,True,high
STR-D8D1585BDF74480ED2A1,IC50,biochemical_binding,1,1,0,1,1,0,0,6.229147988357855,6.229147988357855,6.229147988357855,590.0,590.0,IC50,1,inhibitory_potency,1,biochemical_binding,1,PubChem,168720903,Menin,2026,=,CCCN(C)C[C@H](O)C[C@H](C(C)C)N1CC2(CCN(c3ncnnc3Oc3ccc(F)cc3C(=O)N(CC)C(C)C)C2)C1,CCCN(C)C[C@@H](C[C@H](C(C)C)N1CC2(C1)CCN(C2)C3=C(N=NC=N3)OC4=C(C=C(C=C4)F)C(=O)N(CC)C(C)C)O,CCCN(C)C[C@H](O)C[C@H](C(C)C)N1CC2(CCN(c3ncnnc3Oc3ccc(F)cc3C(=O)N(CC)C(C)C)C2)C1,CCCN(C)C[C@H](O)C[C@H](C(C)C)N1CC2(CCN(c3ncnnc3Oc3ccc(F)cc3C(=O)N(CC)C(C)C)C2)C1,HHCHMJCRVXIDBH-XNMGPUDCSA-N,HHCHMJCRVXIDBH-XNMGPUDCSA-N,standardized,0.0,False,2.0,strict_exact,exact_point_estimate,moderate_100nM_to_1uM,False,True,IC50,biochemical_binding,False,0.6036253203241385,0.9687903751737588,0.6129032373428345,CCN(C(=O)c1cc(F)ccc1Oc1nncnc1N1CC2(CCN(CC3(SC)CC3)CC2)C1)C(C)C,True,medium
STR-3EEB6D80F661CEA479BE,IC50,biochemical_binding,1,1,0,1,1,0,0,6.214670164989233,6.214670164989233,6.214670164989233,610.0,610.0,IC50,1,inhibitory_potency,1,biochemical_binding,1,PubChem,156497985,Menin,2026,=,CCN(C(=O)c1cc(F)ccc1Oc1nncnc1N1CCC2(C1)CN([C@H](CCCNCC(F)(F)F)C(C)C)C2)C(C)C,CCN(C(C)C)C(=O)C1=C(C=CC(=C1)F)OC2=C(N=CN=N2)N3CCC4(C3)CN(C4)[C@H](CCCNCC(F)(F)F)C(C)C,CCN(C(=O)c1cc(F)ccc1Oc1nncnc1N1CCC2(C1)CN([C@H](CCCNCC(F)(F)F)C(C)C)C2)C(C)C,CCN(C(=O)c1cc(F)ccc1Oc1nncnc1N1CCC2(C1)CN([C@H](CCCNCC(F)(F)F)C(C)C)C2)C(C)C,VTZXPEJRVKLHFQ-XMMPIXPASA-N,VTZXPEJRVKLHFQ-XMMPIXPASA-N,standardized,0.0,False,2.0,strict_exact,exact_point_estimate,moderate_100nM_to_1uM,False,True,IC50,biochemical_binding,False,0.7219001539499533,0.8528487806264837,0.59375,CCN(C(=O)c1cc(F)ccc1Oc1nncnc1N1CC2(CCN(CC3(SC)CC3)CC2)C1)C(C)C,True,high
STR-D4CCFA73123FE6C43206,IC50,biochemical_binding,1,1,0,1,1,0,0,6.214670164989233,6.214670164989233,6.214670164989233,610.0,610.0,IC50,1,inhibitory_potency,1,biochemical_binding,1,PubChem,156531908,Menin,2026,=,CCN(C(=O)c1cc(F)ccc1Oc1nncnc1N1CCC2(C1)CN([C@H](CCCNC(C)=O)C(C)C)C2)C(C)C,CCN(C(C)C)C(=O)C1=C(C=CC(=C1)F)OC2=C(N=CN=N2)N3CCC4(C3)CN(C4)[C@H](CCCNC(=O)C)C(C)C,CCN(C(=O)c1cc(F)ccc1Oc1nncnc1N1CCC2(C1)CN([C@H](CCCNC(C)=O)C(C)C)C2)C(C)C,CCN(C(=O)c1cc(F)ccc1Oc1nncnc1N1CCC2(C1)CN([C@H](CCCNC(C)=O)C(C)C)C2)C(C)C,MJKJCKNSGHMGKB-RUZDIDTESA-N,MJKJCKNSGHMGKB-RUZDIDTESA-N,standardized,0.0,False,2.0,strict_exact,exact_point_estimate,moderate_100nM_to_1uM,False,True,IC50,biochemical_binding,False,0.6567006132101875,0.9279410523002249,0.6129032373428345,CCN(C(=O)c1cc(F)ccc1Oc1nncnc1N1CC2(CCN(CC3(SC)CC3)CC2)C1)C(C)C,True,medium
STR-4F74C84E1F856F025432,IC50,biochemical_binding,1,2,1,2,1,0,0,6.20551195334083,6.20551195334083,6.20551195334083,623.0,623.0,IC50,1,inhibitory_potency,1,biochemical_binding,1,ChEMBL;PubChem,CHEMBL5863701,Menin,2021,=,CCCC(=O)O[C@H]1CCC[C@@H]1C(C#N)(c1ccccc1)C1CCN(CC2CN(c3ccc(S(=O)(=O)c4ccncc4)cc3)C2)CC1,CCCC(=O)O[C@H]1CCC[C@@H]1C(C#N)(c1ccccc1)C1CCN(CC2CN(c3ccc(S(=O)(=O)c4ccncc4)cc3)C2)CC1,CCCC(=O)O[C@H]1CCC[C@@H]1C(C#N)(c1ccccc1)C1CCN(CC2CN(c3ccc(S(=O)(=O)c4ccncc4)cc3)C2)CC1,CCCC(=O)O[C@H]1CCC[C@@H]1C(C#N)(c1ccccc1)C1CCN(CC2CN(c3ccc(S(=O)(=O)c4ccncc4)cc3)C2)CC1,TWAYYWDSCYXSAC-FWBANIIHSA-N,TWAYYWDSCYXSAC-FWBANIIHSA-N,standardized,0.0,False,2.0,strict_exact,exact_point_estimate,moderate_100nM_to_1uM,False,True,IC50,biochemical_binding,False,0.9037841869319038,0.45688391768593023,0.2574257552623749,CCOC(=O)N1[C@@H]2CC[C@H]1C[C@H](CN1CC[C@H](N3C(=O)Cc4ccccc43)C1)C2,True,high
STR-87B669664B96EE395F24,IC50,biochemical_binding,1,1,0,1,1,0,0,6.187086643357144,6.187086643357144,6.187086643357144,650.0,650.0,IC50,1,inhibitory_potency,1,biochemical_binding,1,ChEMBL,CHEMBL3696180,Menin,2015,=,CC(C)c1cc2c(N3CCN(C4=NCC(C)(C)S4)CC3)ncnc2s1,CC(C)c1cc2c(N3CCN(C4=NCC(C)(C)S4)CC3)ncnc2s1,CC(C)c1cc2c(N3CCN(C4=NCC(C)(C)S4)CC3)ncnc2s1,CC(C)c1cc2c(N3CCN(C4=NCC(C)(C)S4)CC3)ncnc2s1,FUGQNAUKABUDQI-UHFFFAOYSA-N,FUGQNAUKABUDQI-UHFFFAOYSA-N,standardized,0.0,False,2.0,strict_exact,exact_point_estimate,moderate_100nM_to_1uM,False,True,IC50,biochemical_binding,False,0.8781342391843944,0.5347002637851346,0.24358974397182465,C[C@@H](NC(=O)C1(N)CCN(c2ncnc3[nH]ccc23)CC1)c1ccc(Cl)cc1,True,high
STR-6B0BEC7CA952AA3F373C,IC50,biochemical_binding,2,2,0,2,2,0,0,6.180830262794661,6.187086643357144,6.174573882232177,659.5,650.0,IC50,1,inhibitory_potency,1,biochemical_binding,1,ChEMBL;PubChem,132104734;CHEMBL4537683,Menin,2019;2023,=,N#Cc1ccc(N2CCC(N3CCC(C4(C5CCCC5)NCCc5ccccc54)CC3)CC2)cc1,N#Cc1ccc(N2CCC(N3CCC(C4(C5CCCC5)NCCc5ccccc54)CC3)CC2)cc1,N#Cc1ccc(N2CCC(N3CCC(C4(C5CCCC5)NCCc5ccccc54)CC3)CC2)cc1,N#Cc1ccc(N2CCC(N3CCC(C4(C5CCCC5)NCCc5ccccc54)CC3)CC2)cc1,CIOJAPDJRIHTLV-UHFFFAOYSA-N,CIOJAPDJRIHTLV-UHFFFAOYSA-N,standardized,0.0125127611249675,False,2.0,strict_exact,exact_point_estimate,moderate_100nM_to_1uM,False,True,IC50,biochemical_binding,False,0.9728143524442662,0.1800754342912657,0.31168830394744873,N#Cc1ccc(-c2cnc3nc(N4CCC(N5CCCCC5)CC4)sc3c2)cc1,True,high
STR-EA13E0E552A0CD3E6E3D,IC50,biochemical_binding,1,1,0,1,1,0,0,6.180456064458131,6.180456064458131,6.180456064458131,660.0,660.0,IC50,1,inhibitory_potency,1,biochemical_binding,1,PubChem,156531925,Menin,2026,=,CCN(C(=O)c1cc(F)ccc1Oc1nncnc1N1CCC2(C1)CN([C@H](CCN(C)CCCOC)C(C)C)C2)C(C)C,CCN(C(C)C)C(=O)C1=C(C=CC(=C1)F)OC2=C(N=CN=N2)N3CCC4(C3)CN(C4)[C@H](CCN(C)CCCOC)C(C)C,CCN(C(=O)c1cc(F)ccc1Oc1nncnc1N1CCC2(C1)CN([C@H](CCN(C)CCCOC)C(C)C)C2)C(C)C,CCN(C(=O)c1cc(F)ccc1Oc1nncnc1N1CCC2(C1)CN([C@H](CCN(C)CCCOC)C(C)C)C2)C(C)C,BTNDEECGZVREQL-HHHXNRCGSA-N,BTNDEECGZVREQL-HHHXNRCGSA-N,standardized,0.0,False,2.0,strict_exact,exact_point_estimate,moderate_100nM_to_1uM,False,True,IC50,biochemical_binding,False,0.6994202211269342,0.8819984623065824,0.6000000238418579,CCN(C(=O)c1cc(F)ccc1Oc1nncnc1N1CC2(CCN(CC3(SC)CC3)CC2)C1)C(C)C,True,medium
STR-45F69269A2FAE7DAA4C0,IC50,biochemical_binding,1,1,0,1,1,0,0,6.1771783546968955,6.1771783546968955,6.1771783546968955,665.0,665.0,IC50,1,inhibitory_potency,1,biochemical_binding,1,ChEMBL,CHEMBL2315084,Menin,2013,=,C[C@@H]1NC(=O)[C@@H]2CCCN2C(=O)[C@H](Cc2ccccc2)NC(=O)[C@@H](N)CCCCCCCCNC(=O)[C@@H]2CCCN2C(=O)[C@H](CCCNC(=N)N)NC1=O,C[C@@H]1NC(=O)[C@@H]2CCCN2C(=O)[C@H](Cc2ccccc2)NC(=O)[C@@H](N)CCCCCCCCNC(=O)[C@@H]2CCCN2C(=O)[C@H](CCCNC(=N)N)NC1=O,C[C@@H]1NC(=O)[C@@H]2CCCN2C(=O)[C@H](Cc2ccccc2)NC(=O)[C@@H](N)CCCCCCCCNC(=O)[C@@H]2CCCN2C(=O)[C@H](CCCNC(=N)N)NC1=O,C[C@@H]1NC(=O)[C@@H]2CCCN2C(=O)[C@H](Cc2ccccc2)NC(=O)[C@@H](N)CCCCCCCCNC(=O)[C@@H]2CCCN2C(=O)[C@H](CCCNC(=N)N)NC1=O,BGSALHZPAQZAHJ-PUEDFKRLSA-N,BGSALHZPAQZAHJ-PUEDFKRLSA-N,standardized,0.0,False,2.0,strict_exact,exact_point_estimate,moderate_100nM_to_1uM,False,True,IC50,biochemical_binding,False,0.7911472903189012,0.7392840056104089,0.3055555522441864,CC(C)C[C@@H]1NC(=O)CNC(=O)[C@H](CCC(=O)O)NC(=O)[C@@H]2CSSC[C@H](NC(=O)[C@@H](N)Cc3ccc(O)cc3)C(=O)N[C@@H](CCC(N)=O)C(=O)N[C@@H](CCCCN)C(=O)N[C@@H](Cc3ccccc3)C(=O)N[C@@H](CC(C)C)C(=O)N[C@@H](C)C(=O)N3CCC[C@H]3C(=O)N[C@H]3CSSC[C@H](NC(=O)[C@H](C(C)C)NC1=O)C(=O)N[C@@H](CCCNC(=N)N)C(=O)N[C@@H](CC(C)C)C(=O)N[C@@H](Cc1c[nH]c4ccccc14)C(=O)N[C@H](C(=O)N[C@@H](CCCCN)C(=O)N[C@@H](CCCCN)C(=O)N[C@@H](CCCCN)C(=O)N[C@@H](CC(C)C)C(=O)N[C@@H](Cc1c[nH]c4ccccc14)C(N)=O)CSSC[C@H](NC(=O)[C@H](CCCCN)NC(=O)[C@H](CCCNC(=N)N)NC(=O)[C@H](CCC(=O)O)NC(=O)[C@H](CO)NC(=O)[C@H](CC(=O)O)NC3=O)C(=O)N2,True,high
STR-23383202A04EDA946CD9,IC50,biochemical_binding,1,1,0,1,1,0,0,6.17134010346468,6.17134010346468,6.17134010346468,674.0,674.0,IC50,1,inhibitory_potency,1,biochemical_binding,1,ChEMBL,CHEMBL3613790,Menin,2015,=,CC1(C)CN=C(N2CCN(c3ncnc4sc(C(F)(F)C(F)(F)F)cc34)CC2)S1,CC1(C)CN=C(N2CCN(c3ncnc4sc(C(F)(F)C(F)(F)F)cc34)CC2)S1,CC1(C)CN=C(N2CCN(c3ncnc4sc(C(F)(F)C(F)(F)F)cc34)CC2)S1,CC1(C)CN=C(N2CCN(c3ncnc4sc(C(F)(F)C(F)(F)F)cc34)CC2)S1,GFFCPACLFKCZTI-UHFFFAOYSA-N,GFFCPACLFKCZTI-UHFFFAOYSA-N,standardized,0.0,False,2.0,strict_exact,exact_point_estimate,moderate_100nM_to_1uM,False,True,IC50,biochemical_binding,False,0.9191160984414125,0.40528604043342176,0.22580644488334656,CN(C)CCn1cc(-c2ccc(F)c(C(F)(F)F)c2)nc1C1CCN(c2ncnc(N)c2C2CC2)CC1,False,high
STR-B8749C56BFCE6CE70125,IC50,biochemical_binding,1,2,1,2,1,0,0,6.154901959985743,6.154901959985743,6.154901959985743,700.0,700.0,IC50,1,inhibitory_potency,1,biochemical_binding,1,ChEMBL;PubChem,CHEMBL5831465,Menin,2021,=,N#Cc1ccc(OCCCN2CC=C(C3(C4CCCC4)NCCc4ccccc43)CC2)cc1,N#Cc1ccc(OCCCN2CC=C(C3(C4CCCC4)NCCc4ccccc43)CC2)cc1,N#Cc1ccc(OCCCN2CC=C(C3(C4CCCC4)NCCc4ccccc43)CC2)cc1,N#Cc1ccc(OCCCN2CC=C(C3(C4CCCC4)NCCc4ccccc43)CC2)cc1,FSIIEINNYSWZTA-UHFFFAOYSA-N,FSIIEINNYSWZTA-UHFFFAOYSA-N,standardized,0.0,False,2.0,strict_exact,exact_point_estimate,moderate_100nM_to_1uM,False,True,IC50,biochemical_binding,False,0.9692535761621195,0.198121435031671,0.3333333432674408,c1cc(C2CCCCC2)ccc1OCCCN1CCCCC1,True,high
STR-F03E892587D35D6246F0,IC50,biochemical_binding,1,1,0,1,1,0,0,6.136677139879544,6.136677139879544,6.136677139879544,730.0,730.0,IC50,1,inhibitory_potency,1,biochemical_binding,1,ChEMBL,CHEMBL5518084,Menin,2024,=,CS(=O)(=O)c1ccc(N2CC(CN3CCC(n4cc(-c5ccc(F)cc5)c5c(N)ncnc54)CC3)C2)cc1,CS(=O)(=O)c1ccc(N2CC(CN3CCC(n4cc(-c5ccc(F)cc5)c5c(N)ncnc54)CC3)C2)cc1,CS(=O)(=O)c1ccc(N2CC(CN3CCC(n4cc(-c5ccc(F)cc5)c5c(N)ncnc54)CC3)C2)cc1,CS(=O)(=O)c1ccc(N2CC(CN3CCC(n4cc(-c5ccc(F)cc5)c5c(N)ncnc54)CC3)C2)cc1,QIWZRZHLLPGWLB-UHFFFAOYSA-N,QIWZRZHLLPGWLB-UHFFFAOYSA-N,standardized,0.0,False,2.0,strict_exact,exact_point_estimate,moderate_100nM_to_1uM,False,True,IC50,biochemical_binding,False,0.887467964947912,0.5075064150077018,0.4268292784690857,Nc1ncnc2c1c(-c1cccc(O)c1)cn2[C@H]1C[C@@H](CN2CCC2)C1,True,high
STR-025D3FCF7FCF0D4F8D78,IC50,biochemical_binding,1,2,1,2,1,0,0,6.110138278741811,6.110138278741811,6.110138278741811,776.0,776.0,IC50,1,inhibitory_potency,1,biochemical_binding,1,ChEMBL;PubChem,CHEMBL6034245,Menin,2021,=,CNC(=O)O[C@@H]1CCC[C@H]1C(C#N)(c1ccccc1)C1CCN(CC2CN(c3ccc(C(C)(C)C)cc3)C2)CC1,CNC(=O)O[C@@H]1CCC[C@H]1C(C#N)(c1ccccc1)C1CCN(CC2CN(c3ccc(C(C)(C)C)cc3)C2)CC1,CNC(=O)O[C@@H]1CCC[C@H]1C(C#N)(c1ccccc1)C1CCN(CC2CN(c3ccc(C(C)(C)C)cc3)C2)CC1,CNC(=O)O[C@@H]1CCC[C@H]1C(C#N)(c1ccccc1)C1CCN(CC2CN(c3ccc(C(C)(C)C)cc3)C2)CC1,JSUYFSVTAJSTRY-INJIGVFBSA-N,JSUYFSVTAJSTRY-INJIGVFBSA-N,standardized,0.0,False,2.0,strict_exact,exact_point_estimate,moderate_100nM_to_1uM,False,True,IC50,biochemical_binding,False,0.8910486105829675,0.49674490752544787,0.3333333432674408,CC(C)(C)c1ccc(C(O)CCCN2CCC(C(O)(c3ccccc3)c3ccccc3)CC2)cc1,True,high
STR-09F928DB426380AF84D4,IC50,biochemical_binding,1,1,0,1,1,0,0,6.108462542327436,6.108462542327436,6.108462542327436,779.0,779.0,IC50,1,inhibitory_potency,1,biochemical_binding,1,ChEMBL,CHEMBL3612085,Menin,2015,=,Cc1nnc(N2CCN(c3ncnc4sc(CC(F)(F)F)cc34)CC2)s1,Cc1nnc(N2CCN(c3ncnc4sc(CC(F)(F)F)cc34)CC2)s1,Cc1nnc(N2CCN(c3ncnc4sc(CC(F)(F)F)cc34)CC2)s1,Cc1nnc(N2CCN(c3ncnc4sc(CC(F)(F)F)cc34)CC2)s1,WDNNGANTDITWSR-UHFFFAOYSA-N,WDNNGANTDITWSR-UHFFFAOYSA-N,standardized,0.0,False,2.0,strict_exact,exact_point_estimate,moderate_100nM_to_1uM,False,True,IC50,biochemical_binding,False,0.9339302939731873,0.3510823511536778,0.21978022158145905,Cc1nc(C)c(-c2nnc(SCCCN3CCc4ccc5oc(C(F)(F)F)nc5c4CC3)n2C)s1,False,high
STR-E57E8CADFAE7EC8E946F,IC50,biochemical_binding,1,2,1,2,1,0,0,6.09799710864927,6.09799710864927,6.09799710864927,798.0,798.0,IC50,1,inhibitory_potency,1,biochemical_binding,1,ChEMBL;PubChem,CHEMBL6000049,Menin,2021,=,CNC(=O)O[C@H]1CCC[C@@H]1C(Cn1ccnc1)(c1ccccc1)C1CCN(C(=O)CCCc2ccc(C#N)cc2)CC1,CNC(=O)O[C@H]1CCC[C@@H]1C(Cn1ccnc1)(c1ccccc1)C1CCN(C(=O)CCCc2ccc(C#N)cc2)CC1,CNC(=O)O[C@H]1CCC[C@@H]1C(Cn1ccnc1)(c1ccccc1)C1CCN(C(=O)CCCc2ccc(C#N)cc2)CC1,CNC(=O)O[C@H]1CCC[C@@H]1C(Cn1ccnc1)(c1ccccc1)C1CCN(C(=O)CCCc2ccc(C#N)cc2)CC1,ZJMWNJPJHVUUOU-FVVNGJPMSA-N,ZJMWNJPJHVUUOU-FVVNGJPMSA-N,standardized,0.0,False,2.0,strict_exact,exact_point_estimate,moderate_100nM_to_1uM,False,True,IC50,biochemical_binding,False,0.9027157824860135,0.4603271702278039,0.3070175349712372,CC(C)(C)OC(=O)NCCCN(Cc1cncn1Cc1ccc(C#N)cc1)[C@H]1CCN(Cc2ccccc2)C1=O,True,high
STR-7B5EB163620F94C0875D,IC50,biochemical_binding,1,2,1,2,1,0,0,6.096910013008056,6.096910013008056,6.096910013008056,800.0,800.0,IC50,1,inhibitory_potency,1,biochemical_binding,1,ChEMBL;PubChem,CHEMBL6045737,Menin,2021,=,CCS(=O)(=O)c1ccc(N2CC(CN3CCC(C4(CC(C)(C)C)NCCc5ccccc54)CC3)C2)cc1,CCS(=O)(=O)c1ccc(N2CC(CN3CCC(C4(CC(C)(C)C)NCCc5ccccc54)CC3)C2)cc1,CCS(=O)(=O)c1ccc(N2CC(CN3CCC(C4(CC(C)(C)C)NCCc5ccccc54)CC3)C2)cc1,CCS(=O)(=O)c1ccc(N2CC(CN3CCC(C4(CC(C)(C)C)NCCc5ccccc54)CC3)C2)cc1,ZETOFVYAXMCZED-UHFFFAOYSA-N,ZETOFVYAXMCZED-UHFFFAOYSA-N,standardized,0.0,False,2.0,strict_exact,exact_point_estimate,moderate_100nM_to_1uM,False,True,IC50,biochemical_binding,False,0.9407992805264718,0.324263869132387,0.27906978130340576,CC[C@]1(c2cccc(NS(C)(=O)=O)c2)[C@@H]2CN(CC3Cc4ccccc4C3)C[C@@H]21,True,high
STR-71838C80D2086E8D3D84,IC50,biochemical_binding,1,2,1,2,1,0,0,6.095825631715837,6.095825631715837,6.095825631715837,802.0,802.0,IC50,1,inhibitory_potency,1,biochemical_binding,1,ChEMBL;PubChem,CHEMBL5978236,Menin,2021,=,O=S(=O)(c1ccc(CCN2CCc3cc(C4(C5CCCC5)NCCc5ccccc54)ccc3C2)cc1)C1CC1,O=S(=O)(c1ccc(CCN2CCc3cc(C4(C5CCCC5)NCCc5ccccc54)ccc3C2)cc1)C1CC1,O=S(=O)(c1ccc(CCN2CCc3cc(C4(C5CCCC5)NCCc5ccccc54)ccc3C2)cc1)C1CC1,O=S(=O)(c1ccc(CCN2CCc3cc(C4(C5CCCC5)NCCc5ccccc54)ccc3C2)cc1)C1CC1,DCFAFOPDABDFMB-UHFFFAOYSA-N,DCFAFOPDABDFMB-UHFFFAOYSA-N,standardized,0.0,False,2.0,strict_exact,exact_point_estimate,moderate_100nM_to_1uM,False,True,IC50,biochemical_binding,False,0.9573784867401988,0.254185249051604,0.4117647111415863,O=S(=O)(c1ccccc1)C1CCN(CCc2ccccc2)CC1,True,high
STR-33470FA3D63C6644B384,IC50,biochemical_binding,1,2,1,2,1,0,0,6.087777943467584,6.087777943467584,6.087777943467584,817.0,817.0,IC50,1,inhibitory_potency,1,biochemical_binding,1,ChEMBL;PubChem,CHEMBL5914143,Menin,2021,=,CC(=O)NCC(c1ccccc1)(C1CCCC1)C1CCN(CCCOc2ccc(C#N)cc2)CC1,CC(=O)NCC(c1ccccc1)(C1CCCC1)C1CCN(CCCOc2ccc(C#N)cc2)CC1,CC(=O)NCC(c1ccccc1)(C1CCCC1)C1CCN(CCCOc2ccc(C#N)cc2)CC1,CC(=O)NCC(c1ccccc1)(C1CCCC1)C1CCN(CCCOc2ccc(C#N)cc2)CC1,HARZFUBTMNYAFY-UHFFFAOYSA-N,HARZFUBTMNYAFY-UHFFFAOYSA-N,standardized,0.0,False,2.0,strict_exact,exact_point_estimate,moderate_100nM_to_1uM,False,True,IC50,biochemical_binding,False,0.9185737707769652,0.40718476810512894,0.4848484992980957,OC(c1ccccc1)(c1ccccc1)C1CCN(CCCOc2ccc(-c3ccccc3)cc2)CC1,True,high
STR-BAB280176B241974F757,IC50,biochemical_binding,1,2,1,2,1,0,0,6.086716098239581,6.086716098239581,6.086716098239581,819.0,819.0,IC50,1,inhibitory_potency,1,biochemical_binding,1,ChEMBL;PubChem,CHEMBL5831645,Menin,2021,=,COC(=O)N[C@@H]1CCC[C@H]1C(C#N)(c1ccccc1)C1CCN(CC2CN(c3ccc(S(=O)(=O)c4ccccc4)cc3)C2)CC1,COC(=O)N[C@@H]1CCC[C@H]1C(C#N)(c1ccccc1)C1CCN(CC2CN(c3ccc(S(=O)(=O)c4ccccc4)cc3)C2)CC1,COC(=O)N[C@@H]1CCC[C@H]1C(C#N)(c1ccccc1)C1CCN(CC2CN(c3ccc(S(=O)(=O)c4ccccc4)cc3)C2)CC1,COC(=O)N[C@@H]1CCC[C@H]1C(C#N)(c1ccccc1)C1CCN(CC2CN(c3ccc(S(=O)(=O)c4ccccc4)cc3)C2)CC1,NIKCFGNIXVGTAN-INSQSLAKSA-N,NIKCFGNIXVGTAN-INSQSLAKSA-N,standardized,0.0,False,2.0,strict_exact,exact_point_estimate,moderate_100nM_to_1uM,False,True,IC50,biochemical_binding,False,0.9044836435111125,0.4546194639293254,0.2747252881526947,O=C(O)c1ccc(N2CCC(CN3CCC(Oc4ccc(Cl)c(Cl)c4)CC3)CC2)cc1,True,high
STR-7F0EE35F1AAF9EE0E75E,IC50,biochemical_binding,1,2,1,2,1,0,0,6.0835460514500745,6.0835460514500745,6.0835460514500745,825.0,825.0,IC50,1,inhibitory_potency,1,biochemical_binding,1,ChEMBL;PubChem,CHEMBL6006273,Menin,2021,=,N#Cc1ccc(N2CC(CN3CCC(C4(C5CCCC5)NCCc5ccccc54)CC3)C2)cn1,N#Cc1ccc(N2CC(CN3CCC(C4(C5CCCC5)NCCc5ccccc54)CC3)C2)cn1,N#Cc1ccc(N2CC(CN3CCC(C4(C5CCCC5)NCCc5ccccc54)CC3)C2)cn1,N#Cc1ccc(N2CC(CN3CCC(C4(C5CCCC5)NCCc5ccccc54)CC3)C2)cn1,SEUJXWSEWVMDIE-UHFFFAOYSA-N,SEUJXWSEWVMDIE-UHFFFAOYSA-N,standardized,0.0,False,2.0,strict_exact,exact_point_estimate,moderate_100nM_to_1uM,False,True,IC50,biochemical_binding,False,0.934871898269265,0.34747383095579865,0.2916666567325592,Cc1c([C@@H](O)CN2CCC3(CC2)CCN(c2ccc(C#N)nc2)C3)ccc2c1COC2=O,True,high
STR-0B5E0ED39466F3487654,IC50,biochemical_binding,1,1,0,1,1,0,0,6.080921907623926,6.080921907623926,6.080921907623926,830.0,830.0,IC50,1,inhibitory_potency,1,biochemical_binding,1,ChEMBL,CHEMBL4216333,Menin,2018,=,NCC(CCN1CC=C(c2ccc(Cl)cc2)CC1)(c1ccccc1)C1CCCC1,NCC(CCN1CC=C(c2ccc(Cl)cc2)CC1)(c1ccccc1)C1CCCC1,NCC(CCN1CC=C(c2ccc(Cl)cc2)CC1)(c1ccccc1)C1CCCC1,NCC(CCN1CC=C(c2ccc(Cl)cc2)CC1)(c1ccccc1)C1CCCC1,ROBJDFLYWHJESD-UHFFFAOYSA-N,ROBJDFLYWHJESD-UHFFFAOYSA-N,standardized,0.0,False,2.0,strict_exact,exact_point_estimate,moderate_100nM_to_1uM,False,True,IC50,biochemical_binding,False,0.9607674909328721,0.23876213824024517,0.34328359365463257,CN1CCC[C@@H]1CCO[C@](C)(c1ccccc1)c1ccc(Cl)cc1,True,high
STR-A3C1FA82D6E93CA9057E,IC50,biochemical_binding,1,2,1,2,1,0,0,6.072116589669293,6.072116589669293,6.072116589669293,847.0,847.0,IC50,1,inhibitory_potency,1,biochemical_binding,1,ChEMBL;PubChem,CHEMBL5899357,Menin,2021,=,N#Cc1ccc2c(c1)CCN(C(=O)CN1CCC(C3(C4CCCC4)NCCc4ccccc43)CC1)C2,N#Cc1ccc2c(c1)CCN(C(=O)CN1CCC(C3(C4CCCC4)NCCc4ccccc43)CC1)C2,N#Cc1ccc2c(c1)CCN(C(=O)CN1CCC(C3(C4CCCC4)NCCc4ccccc43)CC1)C2,N#Cc1ccc2c(c1)CCN(C(=O)CN1CCC(C3(C4CCCC4)NCCc4ccccc43)CC1)C2,ZZZYFPVOQWDRRJ-UHFFFAOYSA-N,ZZZYFPVOQWDRRJ-UHFFFAOYSA-N,standardized,0.0,False,2.0,strict_exact,exact_point_estimate,moderate_100nM_to_1uM,False,True,IC50,biochemical_binding,False,0.9122547801922098,0.4288985349729609,0.3541666567325592,COC1COCCC1N[C@@H]1C[C@H]2CCC[C@@]2(C(=O)N2CCc3ccc(C#N)cc3C2)C1,True,high
STR-3DF232D656AC9EFDA4D4,IC50,biochemical_binding,1,2,1,2,1,0,0,6.071092309756047,6.071092309756047,6.071092309756047,849.0,849.0,IC50,1,inhibitory_potency,1,biochemical_binding,1,ChEMBL;PubChem,CHEMBL5842314,Menin,2021,=,CNC(=O)O[C@@H]1CCC[C@H]1C(C#N)(c1ccccc1)C1CCN(CC2CN(c3ccc(S(=O)(=O)c4cnn(C)c4)cc3)C2)CC1,CNC(=O)O[C@@H]1CCC[C@H]1C(C#N)(c1ccccc1)C1CCN(CC2CN(c3ccc(S(=O)(=O)c4cnn(C)c4)cc3)C2)CC1,CNC(=O)O[C@@H]1CCC[C@H]1C(C#N)(c1ccccc1)C1CCN(CC2CN(c3ccc(S(=O)(=O)c4cnn(C)c4)cc3)C2)CC1,CNC(=O)O[C@@H]1CCC[C@H]1C(C#N)(c1ccccc1)C1CCN(CC2CN(c3ccc(S(=O)(=O)c4cnn(C)c4)cc3)C2)CC1,FTEVZAMYIRYPOL-OLPGJYTKSA-N,FTEVZAMYIRYPOL-OLPGJYTKSA-N,standardized,0.0,False,2.0,strict_exact,exact_point_estimate,moderate_100nM_to_1uM,False,True,IC50,biochemical_binding,False,0.7973729419010994,0.7271511979604749,0.2522522509098053,CN1CCN(C(=O)NC2CCN(Cc3ccn(-c4ccc(C(F)(F)F)cc4)c3)CC2)C(c2ccccc2)C1,True,high
STR-F1E7C121ED0AA1CBD4E4,IC50,biochemical_binding,1,2,1,2,1,0,0,6.069050968832477,6.069050968832477,6.069050968832477,853.0,853.0,IC50,1,inhibitory_potency,1,biochemical_binding,1,ChEMBL;PubChem,CHEMBL5999058,Menin,2021,=,N#CC(c1ccccc1)(C1CCN(CC2CN(c3ccc(S(=O)(=O)c4ccncc4)cc3)C2)CC1)[C@@H]1CCC[C@H]1OC(=O)C1CC1,N#CC(c1ccccc1)(C1CCN(CC2CN(c3ccc(S(=O)(=O)c4ccncc4)cc3)C2)CC1)[C@@H]1CCC[C@H]1OC(=O)C1CC1,N#CC(c1ccccc1)(C1CCN(CC2CN(c3ccc(S(=O)(=O)c4ccncc4)cc3)C2)CC1)[C@@H]1CCC[C@H]1OC(=O)C1CC1,N#CC(c1ccccc1)(C1CCN(CC2CN(c3ccc(S(=O)(=O)c4ccncc4)cc3)C2)CC1)[C@@H]1CCC[C@H]1OC(=O)C1CC1,QSXVPAMGQSDCKK-ANOPSCNCSA-N,QSXVPAMGQSDCKK-ANOPSCNCSA-N,standardized,0.0,False,2.0,strict_exact,exact_point_estimate,moderate_100nM_to_1uM,False,True,IC50,biochemical_binding,False,0.8902238615732633,0.49924035462524374,0.2631579041481018,O=C(O)c1ccc(N2CCC(CN3CCC(Oc4ccc(Cl)c(Cl)c4)CC3)CC2)cc1,True,high
STR-D6B8ADC97BD5868798A4,IC50,biochemical_binding,1,1,0,1,1,0,0,6.060480747381382,6.060480747381382,6.060480747381382,870.0,870.0,IC50,1,inhibitory_potency,1,biochemical_binding,1,PubChem,156531827,Menin,2026,=,CCN(C(=O)c1cc(F)ccc1Oc1nncnc1N1CCC2(C1)CN([C@H](CCC(C)(C)NC(C)=O)C(C)C)C2)C(C)C,CCN(C(C)C)C(=O)C1=C(C=CC(=C1)F)OC2=C(N=CN=N2)N3CCC4(C3)CN(C4)[C@H](CCC(C)(C)NC(=O)C)C(C)C,CCN(C(=O)c1cc(F)ccc1Oc1nncnc1N1CCC2(C1)CN([C@H](CCC(C)(C)NC(C)=O)C(C)C)C2)C(C)C,CCN(C(=O)c1cc(F)ccc1Oc1nncnc1N1CCC2(C1)CN([C@H](CCC(C)(C)NC(C)=O)C(C)C)C2)C(C)C,RJSZBKHEUVGMIS-AREMUKBSSA-N,RJSZBKHEUVGMIS-AREMUKBSSA-N,standardized,0.0,False,2.0,strict_exact,exact_point_estimate,moderate_100nM_to_1uM,False,True,IC50,biochemical_binding,False,0.6514111978188722,0.9328014176298496,0.6063829660415649,CCN(C(=O)c1cc(F)ccc1Oc1nncnc1N1CC2(CCN(CC3(SC)CC3)CC2)C1)C(C)C,True,medium
STR-F2582153AFECCA17E433,IC50,biochemical_binding,1,1,0,1,1,0,0,6.055517327849831,6.055517327849831,6.055517327849831,880.0,880.0,IC50,1,inhibitory_potency,1,biochemical_binding,1,PubChem,156531943,Menin,2026,=,CCN(C(=O)c1cc(F)ccc1Oc1nncnc1N1CCC2(C1)CN([C@H](CCNCC(N)=O)C(C)C)C2)C(C)C,CCN(C(C)C)C(=O)C1=C(C=CC(=C1)F)OC2=C(N=CN=N2)N3CCC4(C3)CN(C4)[C@H](CCNCC(=O)N)C(C)C,CCN(C(=O)c1cc(F)ccc1Oc1nncnc1N1CCC2(C1)CN([C@H](CCNCC(N)=O)C(C)C)C2)C(C)C,CCN(C(=O)c1cc(F)ccc1Oc1nncnc1N1CCC2(C1)CN([C@H](CCNCC(N)=O)C(C)C)C2)C(C)C,AVBSOWWICXPCBV-HSZRJFAPSA-N,AVBSOWWICXPCBV-HSZRJFAPSA-N,standardized,0.0,False,2.0,strict_exact,exact_point_estimate,moderate_100nM_to_1uM,False,True,IC50,biochemical_binding,False,0.5445012291513865,0.9942783226413812,0.6129032373428345,CCN(C(=O)c1cc(F)ccc1Oc1nncnc1N1CC2(CCN(CC3(SC)CC3)CC2)C1)C(C)C,True,medium
STR-30D1E5B8E9867EA8DE8A,IC50,biochemical_binding,1,2,1,2,1,0,0,6.055024091587953,6.055024091587953,6.055024091587953,881.0,881.0,IC50,1,inhibitory_potency,1,biochemical_binding,1,ChEMBL;PubChem,CHEMBL5985951,Menin,2021,=,CNC(=O)N[C@@H]1CCC[C@H]1C(C#N)(c1ccccc1)C1CCN(CC2CN(c3ccc(S(=O)(=O)c4ccncc4)cc3)C2)CC1,CNC(=O)N[C@@H]1CCC[C@H]1C(C#N)(c1ccccc1)C1CCN(CC2CN(c3ccc(S(=O)(=O)c4ccncc4)cc3)C2)CC1,CNC(=O)N[C@@H]1CCC[C@H]1C(C#N)(c1ccccc1)C1CCN(CC2CN(c3ccc(S(=O)(=O)c4ccncc4)cc3)C2)CC1,CNC(=O)N[C@@H]1CCC[C@H]1C(C#N)(c1ccccc1)C1CCN(CC2CN(c3ccc(S(=O)(=O)c4ccncc4)cc3)C2)CC1,DUTWQEQSHXCWOC-ZJACYBTKSA-N,DUTWQEQSHXCWOC-ZJACYBTKSA-N,standardized,0.0,False,2.0,strict_exact,exact_point_estimate,moderate_100nM_to_1uM,False,True,IC50,biochemical_binding,False,0.8905727316476021,0.4981860060410681,0.2678571343421936,O=C(NC1CCN(Cc2ccn(-c3ccc(C(F)(F)F)cc3)c2)CC1)NC(Cc1cnccn1)c1ccccc1,True,high
STR-C52DE5B6B6E8022BCAB7,IC50,biochemical_binding,1,2,1,2,1,0,0,6.047207556955907,6.047207556955907,6.047207556955907,897.0,897.0,IC50,1,inhibitory_potency,1,biochemical_binding,1,ChEMBL;PubChem,CHEMBL6000963,Menin,2021,=,N#CC(c1ccccc1)(C1CCN(CC2CN(c3ccc(S(=O)(=O)c4ccncc4)cc3)C2)CC1)[C@H]1CCC[C@@H]1CCO,N#CC(c1ccccc1)(C1CCN(CC2CN(c3ccc(S(=O)(=O)c4ccncc4)cc3)C2)CC1)[C@H]1CCC[C@@H]1CCO,N#CC(c1ccccc1)(C1CCN(CC2CN(c3ccc(S(=O)(=O)c4ccncc4)cc3)C2)CC1)[C@H]1CCC[C@@H]1CCO,N#CC(c1ccccc1)(C1CCN(CC2CN(c3ccc(S(=O)(=O)c4ccncc4)cc3)C2)CC1)[C@H]1CCC[C@@H]1CCO,RNQZRPANRSVYKS-MTUARQITSA-N,RNQZRPANRSVYKS-MTUARQITSA-N,standardized,0.0,False,2.0,strict_exact,exact_point_estimate,moderate_100nM_to_1uM,False,True,IC50,biochemical_binding,False,0.909937611969194,0.4366780259033207,0.260869562625885,O=C(O)c1ccc(N2CCC(CN3CCC(Oc4ccc(Cl)c(Cl)c4)CC3)CC2)cc1,True,high
STR-4699291DA7C1B49340A3,IC50,biochemical_binding,1,1,0,1,1,0,0,6.045757490560675,6.045757490560675,6.045757490560675,900.0,900.0,IC50,1,inhibitory_potency,1,biochemical_binding,1,PubChem,156531774,Menin,2026,=,CCN(C)C[C@@H](O)C[C@H](C(C)C)N1CC2(CCN(c3ncnnc3Oc3ccc(F)cc3C(=O)N(C(C)C)C(C)C)C2)C1,CCN(C)C[C@H](C[C@H](C(C)C)N1CC2(C1)CCN(C2)C3=C(N=NC=N3)OC4=C(C=C(C=C4)F)C(=O)N(C(C)C)C(C)C)O,CCN(C)C[C@@H](O)C[C@H](C(C)C)N1CC2(CCN(c3ncnnc3Oc3ccc(F)cc3C(=O)N(C(C)C)C(C)C)C2)C1,CCN(C)C[C@@H](O)C[C@H](C(C)C)N1CC2(CCN(c3ncnnc3Oc3ccc(F)cc3C(=O)N(C(C)C)C(C)C)C2)C1,HBSNMUDWKGGMQS-AHKZPQOWSA-N,HBSNMUDWKGGMQS-AHKZPQOWSA-N,standardized,0.0,False,2.0,strict_exact,exact_point_estimate,moderate_100nM_to_1uM,False,True,IC50,biochemical_binding,False,0.6710770054969043,0.9138222151247501,0.5416666865348816,CCN(C(=O)c1cc(F)ccc1Oc1nncnc1N1CC2(CCN(CC3(SC)CC3)CC2)C1)C(C)C,True,medium
STR-60B002C5D9DEC34E0C3B,IC50,biochemical_binding,1,2,1,2,1,0,0,6.040958607678906,6.040958607678906,6.040958607678906,910.0,910.0,IC50,1,inhibitory_potency,1,biochemical_binding,1,ChEMBL;PubChem,CHEMBL6032910,Menin,2021,=,N#Cc1ccc(N2CC(CN3CCC(C4(C5CCCC5)CN(C5COC5)Cc5ccccc54)CC3)C2)cc1,N#Cc1ccc(N2CC(CN3CCC(C4(C5CCCC5)CN(C5COC5)Cc5ccccc54)CC3)C2)cc1,N#Cc1ccc(N2CC(CN3CCC(C4(C5CCCC5)CN(C5COC5)Cc5ccccc54)CC3)C2)cc1,N#Cc1ccc(N2CC(CN3CCC(C4(C5CCCC5)CN(C5COC5)Cc5ccccc54)CC3)C2)cc1,HECBUTCUDJPOKZ-UHFFFAOYSA-N,HECBUTCUDJPOKZ-UHFFFAOYSA-N,standardized,0.0,False,2.0,strict_exact,exact_point_estimate,moderate_100nM_to_1uM,False,True,IC50,biochemical_binding,False,0.9369802263870285,0.3393174478311382,0.3037974536418915,N#Cc1ccc(N2CCC3(CCN(CCc4ccccc4)C3)C2)cc1,True,high
STR-10AE5FE75F08293C000F,IC50,biochemical_binding,1,1,0,1,1,0,0,6.013228265733755,6.013228265733755,6.013228265733755,970.0,970.0,IC50,1,inhibitory_potency,1,biochemical_binding,1,PubChem,156531373,Menin,2026,=,CCN(C(=O)c1cc(F)ccc1Oc1nncnc1N1CCC2(C1)CN([C@H](CN)C(C)C)C2)C(C)C,CCN(C(C)C)C(=O)C1=C(C=CC(=C1)F)OC2=C(N=CN=N2)N3CCC4(C3)CN(C4)[C@H](CN)C(C)C,CCN(C(=O)c1cc(F)ccc1Oc1nncnc1N1CCC2(C1)CN([C@H](CN)C(C)C)C2)C(C)C,CCN(C(=O)c1cc(F)ccc1Oc1nncnc1N1CCC2(C1)CN([C@H](CN)C(C)C)C2)C(C)C,DCWOLQRIQKZEQR-OAQYLSRUSA-N,DCWOLQRIQKZEQR-OAQYLSRUSA-N,standardized,0.0,False,2.0,strict_exact,exact_point_estimate,moderate_100nM_to_1uM,False,True,IC50,biochemical_binding,False,0.49330328459404577,0.9998705979354516,0.6705882549285889,CCN(C(=O)c1cc(F)ccc1Oc1nncnc1N1CC2(CCN(CC3(SC)CC3)CC2)C1)C(C)C,True,medium
STR-65405A355B35D329B436,IC50,biochemical_binding,1,2,1,2,1,0,0,6.0,6.0,6.0,1000.0,1000.0,IC50,1,inhibitory_potency,1,biochemical_binding,1,ChEMBL;PubChem,CHEMBL5838828,Menin,2021,=,CCC(=O)O[C@@H]1CCC[C@H]1C(C#N)(c1ccccc1)C1CCN(CC2CN(c3ccc(S(=O)(=O)c4ccncc4)cc3)C2)CC1,CCC(=O)O[C@@H]1CCC[C@H]1C(C#N)(c1ccccc1)C1CCN(CC2CN(c3ccc(S(=O)(=O)c4ccncc4)cc3)C2)CC1,CCC(=O)O[C@@H]1CCC[C@H]1C(C#N)(c1ccccc1)C1CCN(CC2CN(c3ccc(S(=O)(=O)c4ccncc4)cc3)C2)CC1,CCC(=O)O[C@@H]1CCC[C@H]1C(C#N)(c1ccccc1)C1CCN(CC2CN(c3ccc(S(=O)(=O)c4ccncc4)cc3)C2)CC1,NVRCFDBJZOGQJV-INSQSLAKSA-N,NVRCFDBJZOGQJV-INSQSLAKSA-N,standardized,0.0,False,2.0,strict_exact,exact_point_estimate,moderate_100nM_to_1uM,False,True,IC50,biochemical_binding,False,0.8922306331643761,0.4931508136819956,0.2604166567325592,O=C(O)c1ccc(N2CCC(CN3CCC(Oc4ccc(Cl)c(Cl)c4)CC3)CC2)cc1,True,high
STR-13DD6488A0AF0E3C9021,IC50,biochemical_binding,1,1,0,1,1,0,0,5.995678626217357,5.995678626217357,5.995678626217357,1010.0,1010.0,IC50,1,inhibitory_potency,1,biochemical_binding,1,PubChem,156531806,Menin,2026,=,CCN(C)C[C@@H](C[C@H](C(C)C)N1CC2(CCN(c3ncnnc3Oc3ccc(F)cc3C(=O)N(CC)C(C)C)C2)C1)OC,CCN(C)C[C@@H](C[C@H](C(C)C)N1CC2(C1)CCN(C2)C3=C(N=NC=N3)OC4=C(C=C(C=C4)F)C(=O)N(CC)C(C)C)OC,CCN(C)C[C@@H](C[C@H](C(C)C)N1CC2(CCN(c3ncnnc3Oc3ccc(F)cc3C(=O)N(CC)C(C)C)C2)C1)OC,CCN(C)C[C@@H](C[C@H](C(C)C)N1CC2(CCN(c3ncnnc3Oc3ccc(F)cc3C(=O)N(CC)C(C)C)C2)C1)OC,WZDYSMKHVNWSMO-XNMGPUDCSA-N,WZDYSMKHVNWSMO-XNMGPUDCSA-N,standardized,0.0,False,2.0,strict_exact,exact_point_estimate,weak_1uM_to_10uM,False,False,IC50,biochemical_binding,False,0.581656355031703,0.9806744637908265,0.6063829660415649,CCN(C(=O)c1cc(F)ccc1Oc1nncnc1N1CC2(CCN(CC3(SC)CC3)CC2)C1)C(C)C,True,medium
STR-19CC959BDEEEA861FDD9,IC50,biochemical_binding,1,1,0,1,1,0,0,5.991399828238082,5.991399828238082,5.991399828238082,1020.0,1020.0,IC50,1,inhibitory_potency,1,biochemical_binding,1,PubChem,168720904,Menin,2026,=,CCN(C(=O)c1cc(F)ccc1Oc1nncnc1N1CCC2(C1)CN([C@H](CCCN(C)C[C@H](O)COC)C(C)C)C2)C(C)C,CCN(C(C)C)C(=O)C1=C(C=CC(=C1)F)OC2=C(N=CN=N2)N3CCC4(C3)CN(C4)[C@H](CCCN(C)C[C@@H](COC)O)C(C)C,CCN(C(=O)c1cc(F)ccc1Oc1nncnc1N1CCC2(C1)CN([C@H](CCCN(C)C[C@H](O)COC)C(C)C)C2)C(C)C,CCN(C(=O)c1cc(F)ccc1Oc1nncnc1N1CCC2(C1)CN([C@H](CCCN(C)C[C@H](O)COC)C(C)C)C2)C(C)C,RXDYQQDYECDPEA-XTEPFMGCSA-N,RXDYQQDYECDPEA-XTEPFMGCSA-N,standardized,0.0,False,2.0,strict_exact,exact_point_estimate,weak_1uM_to_10uM,False,False,IC50,biochemical_binding,False,0.6434232446999227,0.9398048989435024,0.581632673740387,CCN(C(=O)c1cc(F)ccc1Oc1nncnc1N1CC2(CCN(CC3(SC)CC3)CC2)C1)C(C)C,True,medium
STR-88804765D6850674CDE0,IC50,biochemical_binding,1,1,0,1,1,0,0,5.982966660701219,5.982966660701219,5.982966660701219,1040.0,1040.0,IC50,1,inhibitory_potency,1,biochemical_binding,1,ChEMBL,CHEMBL5560342,Menin,2024,=,Nc1ncnc2c1c(-c1ccc(F)cc1)cn2C1CCN(CC2CN(c3ccc(S(=O)(=O)C4CCCC4)cc3)C2)CC1,Nc1ncnc2c1c(-c1ccc(F)cc1)cn2C1CCN(CC2CN(c3ccc(S(=O)(=O)C4CCCC4)cc3)C2)CC1,Nc1ncnc2c1c(-c1ccc(F)cc1)cn2C1CCN(CC2CN(c3ccc(S(=O)(=O)C4CCCC4)cc3)C2)CC1,Nc1ncnc2c1c(-c1ccc(F)cc1)cn2C1CCN(CC2CN(c3ccc(S(=O)(=O)C4CCCC4)cc3)C2)CC1,HNRPGTDGOBOZDJ-UHFFFAOYSA-N,HNRPGTDGOBOZDJ-UHFFFAOYSA-N,standardized,0.0,False,2.0,strict_exact,exact_point_estimate,weak_1uM_to_10uM,False,False,IC50,biochemical_binding,False,0.9118378784466946,0.4303052835124664,0.4285714328289032,Nc1ncnc2c1c(-c1cccc(O)c1)cn2[C@H]1C[C@@H](CN2CCC2)C1,True,high
STR-15B6710D6EF043E829A9,IC50,biochemical_binding,1,1,0,1,1,0,0,5.97469413473523,5.97469413473523,5.97469413473523,1060.0,1060.0,IC50,1,inhibitory_potency,1,biochemical_binding,1,ChEMBL,CHEMBL2314826,Menin,2013,=,CC(=O)N[C@@H](Cc1c[nH]c2ccccc12)C(=O)N[C@@H](CCCNC(=N)N)C(=O)N[C@@H](Cc1ccccc1)C(=O)N1CCC[C@H]1C(=O)N[C@@H](C)C(=O)N[C@@H](CCCNC(=N)N)C(=O)N1CCC[C@H]1C(N)=O,CC(=O)N[C@@H](Cc1c[nH]c2ccccc12)C(=O)N[C@@H](CCCNC(=N)N)C(=O)N[C@@H](Cc1ccccc1)C(=O)N1CCC[C@H]1C(=O)N[C@@H](C)C(=O)N[C@@H](CCCNC(=N)N)C(=O)N1CCC[C@H]1C(N)=O,CC(=O)N[C@@H](Cc1c[nH]c2ccccc12)C(=O)N[C@@H](CCCNC(=N)N)C(=O)N[C@@H](Cc1ccccc1)C(=O)N1CCC[C@H]1C(=O)N[C@@H](C)C(=O)N[C@@H](CCCNC(=N)N)C(=O)N1CCC[C@H]1C(N)=O,CC(=O)N[C@@H](Cc1c[nH]c2ccccc12)C(=O)N[C@@H](CCCNC(=N)N)C(=O)N[C@@H](Cc1ccccc1)C(=O)N1CCC[C@H]1C(=O)N[C@@H](C)C(=O)N[C@@H](CCCNC(=N)N)C(=O)N1CCC[C@H]1C(N)=O,CMNOZRCPFNYYJM-XZUOCMGYSA-N,CMNOZRCPFNYYJM-XZUOCMGYSA-N,standardized,0.0,False,2.0,strict_exact,exact_point_estimate,weak_1uM_to_10uM,False,False,IC50,biochemical_binding,False,0.8879433351776072,0.5060884820656056,0.4219653308391571,CCC(C)C(NC(=O)C(Cc1ccccc1)NC(=O)C(CC(C)C)NC(=O)C(CCCNC(=N)N)NC(=O)C(NC(=O)C(C)NC(=O)C(CCC(=O)O)NC(=O)C(CCC(=O)O)NC(=O)C(CCC(=O)O)NC(=O)C(CCSC)NC(=O)C(CCC(N)=O)NC(=O)C(CCCCN)NC(=O)C(CO)NC(=O)C(CC(C)C)NC(=O)C(CC(=O)O)NC(=O)C(CO)NC(=O)C(NC(=O)C(Cc1ccccc1)NC(=O)C(NC(=O)CNC(=O)C(CCC(=O)O)NC(=O)CNC(=O)C(N)Cc1c[nH]cn1)C(C)O)C(C)O)C(C)C)C(=O)NC(CCC(=O)O)C(=O)NC(Cc1c[nH]c2ccccc12)C(=O)NC(CC(C)C)C(=O)NC(CCCCN)C(=O)NC(CC(N)=O)C(=O)NCC(=O)NCC(=O)N1CCCC1C(=O)NC(CO)C(=O)NC(CO)C(=O)NCC(=O)NC(C)C(=O)N1CCCC1C(=O)N1CCCC1C(=O)N1CCCC1C(=O)NC(CO)C(N)=O,True,high
STR-B1B50BB9C2198BA2F3F2,IC50,biochemical_binding,1,2,1,2,1,0,0,5.97061622231479,5.97061622231479,5.97061622231479,1070.0,1070.0,IC50,1,inhibitory_potency,1,biochemical_binding,1,ChEMBL;PubChem,CHEMBL5878580,Menin,2021,=,C=CS(=O)(=O)N[C@H]1CCC[C@@H]1[C@](C#N)(c1cccc(F)c1)C1CCN(CC2CN(c3ccc(C#N)cc3)C2)CC1,C=CS(=O)(=O)N[C@H]1CCC[C@@H]1[C@](C#N)(c1cccc(F)c1)C1CCN(CC2CN(c3ccc(C#N)cc3)C2)CC1,C=CS(=O)(=O)N[C@H]1CCC[C@@H]1[C@](C#N)(c1cccc(F)c1)C1CCN(CC2CN(c3ccc(C#N)cc3)C2)CC1,C=CS(=O)(=O)N[C@H]1CCC[C@@H]1[C@](C#N)(c1cccc(F)c1)C1CCN(CC2CN(c3ccc(C#N)cc3)C2)CC1,KTUZYRXTVAHZEC-CHQNGUEUSA-N,KTUZYRXTVAHZEC-CHQNGUEUSA-N,standardized,0.0,False,2.0,strict_exact,exact_point_estimate,weak_1uM_to_10uM,False,False,IC50,biochemical_binding,False,0.9400634000192079,0.3271931933410176,0.30909091234207153,CCn1nc(Cc2ccc(C#N)cc2)cc1C1CCN(C[C@H]2CN([C@@H](C(=O)O)C(C)(C)C)C[C@@H]2c2cccc(F)c2)CC1,True,high
STR-334A6D2F1631C6ED2448,IC50,biochemical_binding,1,1,0,1,1,0,0,5.958607314841775,5.958607314841775,5.958607314841775,1100.0,1100.0,IC50,1,inhibitory_potency,1,biochemical_binding,1,ChEMBL,CHEMBL3696179,Menin,2015,=,CCc1cc2c(N3CCN(c4nnc(C(F)(F)F)s4)CC3)ncnc2s1,CCc1cc2c(N3CCN(c4nnc(C(F)(F)F)s4)CC3)ncnc2s1,CCc1cc2c(N3CCN(c4nnc(C(F)(F)F)s4)CC3)ncnc2s1,CCc1cc2c(N3CCN(c4nnc(C(F)(F)F)s4)CC3)ncnc2s1,KRHNUCOENKRGON-UHFFFAOYSA-N,KRHNUCOENKRGON-UHFFFAOYSA-N,standardized,0.0,False,2.0,strict_exact,exact_point_estimate,weak_1uM_to_10uM,False,False,IC50,biochemical_binding,False,0.9157463735153694,0.41699257041621196,0.26436781883239746,CCc1ncnn1CC(=O)N1CCN(c2sc(C(F)(F)F)nc2-c2cnc(C(F)(F)F)nc2)C[C@H]1C,True,high
STR-5324B66A4DD700AAE4E7,IC50,biochemical_binding,1,2,1,2,1,0,0,5.958607314841775,5.958607314841775,5.958607314841775,1100.0,1100.0,IC50,1,inhibitory_potency,1,biochemical_binding,1,ChEMBL;PubChem,CHEMBL5924283,Menin,2021,=,N#Cc1ccc(OCCCN2CCC(C3(C4CCCC4)CNC(=O)c4ccccc43)CC2)cc1,N#Cc1ccc(OCCCN2CCC(C3(C4CCCC4)CNC(=O)c4ccccc43)CC2)cc1,N#Cc1ccc(OCCCN2CCC(C3(C4CCCC4)CNC(=O)c4ccccc43)CC2)cc1,N#Cc1ccc(OCCCN2CCC(C3(C4CCCC4)CNC(=O)c4ccccc43)CC2)cc1,ZJQMJBUZUHDYAS-UHFFFAOYSA-N,ZJQMJBUZUHDYAS-UHFFFAOYSA-N,standardized,0.0,False,2.0,strict_exact,exact_point_estimate,weak_1uM_to_10uM,False,False,IC50,biochemical_binding,False,0.9589879234938011,0.24691343394256174,0.37681159377098083,COc1ccccc1-c1ccc(OCCCN2CCCCC2)cc1,True,high
STR-7AD026FDCE816FE46C2A,IC50,biochemical_binding,1,2,1,2,1,0,0,5.958607314841775,5.958607314841775,5.958607314841775,1100.0,1100.0,IC50,1,inhibitory_potency,1,biochemical_binding,1,ChEMBL;PubChem,CHEMBL6041174,Menin,2021,=,N#Cc1cc2cc(CCN3CCC(C4(C5CCCC5)NCCc5ccccc54)CC3)ccc2[nH]1,N#Cc1cc2cc(CCN3CCC(C4(C5CCCC5)NCCc5ccccc54)CC3)ccc2[nH]1,N#Cc1cc2cc(CCN3CCC(C4(C5CCCC5)NCCc5ccccc54)CC3)ccc2[nH]1,N#Cc1cc2cc(CCN3CCC(C4(C5CCCC5)NCCc5ccccc54)CC3)ccc2[nH]1,QAOPABSHJGFSOC-UHFFFAOYSA-N,QAOPABSHJGFSOC-UHFFFAOYSA-N,standardized,0.0,False,2.0,strict_exact,exact_point_estimate,weak_1uM_to_10uM,False,False,IC50,biochemical_binding,False,0.9612190224962697,0.23667482572070855,0.38461539149284363,N#Cc1ccc(CCN2CCC(Nc3nc4ccccc4[nH]3)CC2)cc1,True,high
STR-D8497B8DD5B2F916727A,IC50,biochemical_binding,1,1,0,1,1,0,0,5.958607314841775,5.958607314841775,5.958607314841775,1100.0,1100.0,IC50,1,inhibitory_potency,1,biochemical_binding,1,ChEMBL,CHEMBL4453547,Menin,2019,=,CCCC(=O)O[C@H]1CCC[C@@H]1[C@](C#N)(c1ccccc1)C1CCN(CC2CN(c3ccc(C#N)cc3)C2)CC1,CCCC(=O)O[C@H]1CCC[C@@H]1[C@](C#N)(c1ccccc1)C1CCN(CC2CN(c3ccc(C#N)cc3)C2)CC1,CCCC(=O)O[C@H]1CCC[C@@H]1[C@](C#N)(c1ccccc1)C1CCN(CC2CN(c3ccc(C#N)cc3)C2)CC1,CCCC(=O)O[C@H]1CCC[C@@H]1[C@](C#N)(c1ccccc1)C1CCN(CC2CN(c3ccc(C#N)cc3)C2)CC1,HKUPZCLWBVDYRG-MZSJJGOWSA-N,HKUPZCLWBVDYRG-MZSJJGOWSA-N,standardized,0.0,False,2.0,strict_exact,exact_point_estimate,weak_1uM_to_10uM,False,False,IC50,biochemical_binding,False,0.9149087011347139,0.41986941310147213,0.2857142984867096,O=C(O)COc1ccc(N2CCC(CN3CCC(Oc4ccc(Cl)c(Cl)c4)CC3)CC2)cc1,True,high
STR-F56CDB449583E8311074,IC50,biochemical_binding,1,2,1,2,1,0,0,5.958607314841775,5.958607314841775,5.958607314841775,1100.0,1100.0,IC50,1,inhibitory_potency,1,biochemical_binding,1,ChEMBL;PubChem,CHEMBL5794038,Menin,2021,=,N#Cc1ccc(OCCCN2CCC(C3(C4CCC4)NCCc4ccccc43)CC2)cc1,N#Cc1ccc(OCCCN2CCC(C3(C4CCC4)NCCc4ccccc43)CC2)cc1,N#Cc1ccc(OCCCN2CCC(C3(C4CCC4)NCCc4ccccc43)CC2)cc1,N#Cc1ccc(OCCCN2CCC(C3(C4CCC4)NCCc4ccccc43)CC2)cc1,JIYGLKKQGBPTDD-UHFFFAOYSA-N,JIYGLKKQGBPTDD-UHFFFAOYSA-N,standardized,0.0,False,2.0,strict_exact,exact_point_estimate,weak_1uM_to_10uM,False,False,IC50,biochemical_binding,False,0.9688624154626322,0.20006509457571292,0.37704917788505554,c1ccc(-c2ccc(OCCCN3CCCCC3)cc2)cc1,True,high
STR-547D0767F033066A0D80,IC50,biochemical_binding,2,2,0,2,2,0,0,5.952764435679177,5.958607314841775,5.94692155651658,1115.0,1100.0,IC50,1,inhibitory_potency,1,biochemical_binding,1,ChEMBL;PubChem,132104733;CHEMBL4448156,Menin,2019;2023,=,O=S(=O)(c1ccncc1)c1ccc(N2CC(CN3CCC(C4(C5CCCC5)CN(Cc5ccncc5)Cc5ccccc54)CC3)C2)cc1,O=S(=O)(c1ccncc1)c1ccc(N2CC(CN3CCC(C4(C5CCCC5)CN(Cc5ccncc5)Cc5ccccc54)CC3)C2)cc1,O=S(=O)(c1ccncc1)c1ccc(N2CC(CN3CCC(C4(C5CCCC5)CN(Cc5ccncc5)Cc5ccccc54)CC3)C2)cc1,O=S(=O)(c1ccncc1)c1ccc(N2CC(CN3CCC(C4(C5CCCC5)CN(Cc5ccncc5)Cc5ccccc54)CC3)C2)cc1,JWEDAQZBBWRXDT-UHFFFAOYSA-N,JWEDAQZBBWRXDT-UHFFFAOYSA-N,standardized,0.0116857583251945,False,2.0,strict_exact,exact_point_estimate,weak_1uM_to_10uM,False,False,IC50,biochemical_binding,False,0.930468017700673,0.3641746685033132,0.2637362778186798,O=C(NCc1ccccc1)N(c1ccc(Br)cc1)C1CCN(Cc2ccncc2)CC1,True,high
STR-B9B055BBCE39C09309A4,IC50,biochemical_binding,1,2,1,2,1,0,0,5.947306058075032,5.947306058075032,5.947306058075032,1129.0,1129.0,IC50,1,inhibitory_potency,1,biochemical_binding,1,ChEMBL;PubChem,CHEMBL6065244,Menin,2021,=,CN(C)C(=O)N[C@@H]1CCC[C@H]1C(Cn1ccnc1)(c1ccccc1)C1CCN(CC2CN(c3ccc(S(=O)(=O)c4cnn(C)c4)cc3)C2)CC1,CN(C)C(=O)N[C@@H]1CCC[C@H]1C(Cn1ccnc1)(c1ccccc1)C1CCN(CC2CN(c3ccc(S(=O)(=O)c4cnn(C)c4)cc3)C2)CC1,CN(C)C(=O)N[C@@H]1CCC[C@H]1C(Cn1ccnc1)(c1ccccc1)C1CCN(CC2CN(c3ccc(S(=O)(=O)c4cnn(C)c4)cc3)C2)CC1,CN(C)C(=O)N[C@@H]1CCC[C@H]1C(Cn1ccnc1)(c1ccccc1)C1CCN(CC2CN(c3ccc(S(=O)(=O)c4cnn(C)c4)cc3)C2)CC1,PUYITSCFEXVUDJ-QAFYHTLISA-N,PUYITSCFEXVUDJ-QAFYHTLISA-N,standardized,0.0,False,2.0,strict_exact,exact_point_estimate,weak_1uM_to_10uM,False,False,IC50,biochemical_binding,False,0.8892751213804689,0.5020985466693545,0.25641027092933655,COc1cc(N)c(Cl)cc1C(=O)N[C@H]1CCN(CCCn2ccnc2)C[C@H]1OC,True,high
STR-9AC1D54F9BA0634D1A2E,IC50,biochemical_binding,1,1,0,1,1,0,0,5.943095148663527,5.943095148663527,5.943095148663527,1140.0,1140.0,IC50,1,inhibitory_potency,1,biochemical_binding,1,ChEMBL,CHEMBL5562800,Menin,2024,=,CC(C)(C)OC(=O)N1CC(S(=O)(=O)c2ccc(N3CC(CN4CCC(n5cc(-c6ccc(F)cc6)c6c(N)ncnc65)CC4)C3)cc2)C1,CC(C)(C)OC(=O)N1CC(S(=O)(=O)c2ccc(N3CC(CN4CCC(n5cc(-c6ccc(F)cc6)c6c(N)ncnc65)CC4)C3)cc2)C1,CC(C)(C)OC(=O)N1CC(S(=O)(=O)c2ccc(N3CC(CN4CCC(n5cc(-c6ccc(F)cc6)c6c(N)ncnc65)CC4)C3)cc2)C1,CC(C)(C)OC(=O)N1CC(S(=O)(=O)c2ccc(N3CC(CN4CCC(n5cc(-c6ccc(F)cc6)c6c(N)ncnc65)CC4)C3)cc2)C1,DSWMTMSAWLJZQF-UHFFFAOYSA-N,DSWMTMSAWLJZQF-UHFFFAOYSA-N,standardized,0.0,False,2.0,strict_exact,exact_point_estimate,weak_1uM_to_10uM,False,False,IC50,biochemical_binding,False,0.8702670881132823,0.5567052396243296,0.375,Nc1ncnc2c1c(-c1cccc(O)c1)cn2[C@H]1C[C@@H](CN2CCC2)C1,True,high
STR-7D0031746A963BBE8268,IC50,biochemical_binding,1,1,0,1,1,0,0,5.939302159646388,5.939302159646388,5.939302159646388,1150.0,1150.0,IC50,1,inhibitory_potency,1,biochemical_binding,1,ChEMBL,CHEMBL2314575,Menin,2013,=,Cc1cccc(C[C@@H]2NC(=O)[C@@H](N)CCCCCCCCNC(=O)[C@@H]3CCCN3C(=O)[C@H](CCCNC(=N)N)NC(=O)C3(CCC3)NC(=O)[C@@H]3CCCN3C2=O)c1,Cc1cccc(C[C@@H]2NC(=O)[C@@H](N)CCCCCCCCNC(=O)[C@@H]3CCCN3C(=O)[C@H](CCCNC(=N)N)NC(=O)C3(CCC3)NC(=O)[C@@H]3CCCN3C2=O)c1,Cc1cccc(C[C@@H]2NC(=O)[C@@H](N)CCCCCCCCNC(=O)[C@@H]3CCCN3C(=O)[C@H](CCCNC(=N)N)NC(=O)C3(CCC3)NC(=O)[C@@H]3CCCN3C2=O)c1,Cc1cccc(C[C@@H]2NC(=O)[C@@H](N)CCCCCCCCNC(=O)[C@@H]3CCCN3C(=O)[C@H](CCCNC(=N)N)NC(=O)C3(CCC3)NC(=O)[C@@H]3CCCN3C2=O)c1,JAZKVVYYSNMTEY-ZTTXAYQISA-N,JAZKVVYYSNMTEY-ZTTXAYQISA-N,standardized,0.0,False,2.0,strict_exact,exact_point_estimate,weak_1uM_to_10uM,False,False,IC50,biochemical_binding,False,0.8358600496564601,0.6441222747747343,0.24873095750808716,CC(C)C[C@@H]1NC(=O)CNC(=O)[C@H](CCC(=O)O)NC(=O)[C@@H]2CSSC[C@H](NC(=O)[C@@H](N)Cc3ccc(O)cc3)C(=O)N[C@@H](CCC(N)=O)C(=O)N[C@@H](CCCCN)C(=O)N[C@@H](Cc3ccccc3)C(=O)N[C@@H](CC(C)C)C(=O)N[C@@H](C)C(=O)N3CCC[C@H]3C(=O)N[C@H]3CSSC[C@H](NC(=O)[C@H](C(C)C)NC1=O)C(=O)N[C@@H](CCCNC(=N)N)C(=O)N[C@@H](CC(C)C)C(=O)N[C@@H](Cc1c[nH]c4ccccc14)C(=O)N[C@H](C(=O)N[C@@H](CCCCN)C(=O)N[C@@H](CCCCN)C(=O)N[C@@H](CCCCN)C(=O)N[C@@H](CC(C)C)C(=O)N[C@@H](Cc1c[nH]c4ccccc14)C(N)=O)CSSC[C@H](NC(=O)[C@H](CCCCN)NC(=O)[C@H](CCCNC(=N)N)NC(=O)[C@H](CCC(=O)O)NC(=O)[C@H](CO)NC(=O)[C@H](CC(=O)O)NC3=O)C(=O)N2,True,high
STR-A801C2BEEB406E6E0F33,IC50,biochemical_binding,1,1,0,1,1,0,0,5.935542010773082,5.935542010773082,5.935542010773082,1160.0,1160.0,IC50,1,inhibitory_potency,1,biochemical_binding,1,PubChem,156531906,Menin,2026,=,CC(C)[C@H](CCC(C)(C)N)N1CC2(CCN(c3ncnnc3Oc3ccc(F)cc3-c3cncnc3C3CC3)C2)C1,CC(C)[C@H](CCC(C)(C)N)N1CC2(C1)CCN(C2)C3=C(N=NC=N3)OC4=C(C=C(C=C4)F)C5=CN=CN=C5C6CC6,CC(C)[C@H](CCC(C)(C)N)N1CC2(CCN(c3ncnnc3Oc3ccc(F)cc3-c3cncnc3C3CC3)C2)C1,CC(C)[C@H](CCC(C)(C)N)N1CC2(CCN(c3ncnnc3Oc3ccc(F)cc3-c3cncnc3C3CC3)C2)C1,QKIUANDYULVCFE-VWLOTQADSA-N,QKIUANDYULVCFE-VWLOTQADSA-N,standardized,0.0,False,2.0,strict_exact,exact_point_estimate,weak_1uM_to_10uM,False,False,IC50,biochemical_binding,False,0.8358841746976036,0.6440656180363734,0.38317757844924927,CC1(CN2CCC3(CC2)CN(c2ncnnc2Oc2ccc(F)cc2C(=O)N2C4CCC2COC4)C3)CC1,True,high
STR-072FE59E687806FA7B3E,IC50,biochemical_binding,1,1,0,1,1,0,0,5.920818753952375,5.920818753952375,5.920818753952375,1200.0,1200.0,IC50,1,inhibitory_potency,1,biochemical_binding,1,ChEMBL,CHEMBL3613787,Menin,2015,=,CCc1cc2c(N3CCN(C4=NCC(C)(C)S4)CC3)ncnc2s1,CCc1cc2c(N3CCN(C4=NCC(C)(C)S4)CC3)ncnc2s1,CCc1cc2c(N3CCN(C4=NCC(C)(C)S4)CC3)ncnc2s1,CCc1cc2c(N3CCN(C4=NCC(C)(C)S4)CC3)ncnc2s1,PLPPLEOZEGMVKB-UHFFFAOYSA-N,PLPPLEOZEGMVKB-UHFFFAOYSA-N,standardized,0.0,False,2.0,strict_exact,exact_point_estimate,weak_1uM_to_10uM,False,False,IC50,biochemical_binding,False,0.9185216085149978,0.40736709227426326,0.23170731961727142,CCC(NC(=O)C1(N)CCN(c2ncnc3[nH]ccc23)CC1)c1ccc(Cl)cc1,False,high
STR-27FF42BC0C71603EA440,IC50,biochemical_binding,1,2,1,2,1,0,0,5.920818753952375,5.920818753952375,5.920818753952375,1200.0,1200.0,IC50,1,inhibitory_potency,1,biochemical_binding,1,ChEMBL;PubChem,CHEMBL5851993,Menin,2021,=,N#Cc1ccc2[nH]c(CCN3CCC(C4(C5CCCC5)NCCc5ccccc54)CC3)cc2c1,N#Cc1ccc2[nH]c(CCN3CCC(C4(C5CCCC5)NCCc5ccccc54)CC3)cc2c1,N#Cc1ccc2[nH]c(CCN3CCC(C4(C5CCCC5)NCCc5ccccc54)CC3)cc2c1,N#Cc1ccc2[nH]c(CCN3CCC(C4(C5CCCC5)NCCc5ccccc54)CC3)cc2c1,VVVWPQHNVCZAIX-UHFFFAOYSA-N,VVVWPQHNVCZAIX-UHFFFAOYSA-N,standardized,0.0,False,2.0,strict_exact,exact_point_estimate,weak_1uM_to_10uM,False,False,IC50,biochemical_binding,False,0.9681338077498097,0.20366607144790227,0.3717948794364929,N#Cc1ccc(CCN2CCC(Nc3nc4ccccc4[nH]3)CC2)cc1,True,high
STR-30E7F50211EE28460DBB,IC50,biochemical_binding,1,2,1,2,1,0,0,5.920818753952375,5.920818753952375,5.920818753952375,1200.0,1200.0,IC50,1,inhibitory_potency,1,biochemical_binding,1,ChEMBL;PubChem,CHEMBL5982259,Menin,2021,=,CN(C)C(=O)N[C@@H]1CCC[C@H]1C(C#N)(c1ccccc1)C1CCN(CC2CN(c3ccc(S(=O)(=O)c4ccncc4)cc3)C2)CC1,CN(C)C(=O)N[C@@H]1CCC[C@H]1C(C#N)(c1ccccc1)C1CCN(CC2CN(c3ccc(S(=O)(=O)c4ccncc4)cc3)C2)CC1,CN(C)C(=O)N[C@@H]1CCC[C@H]1C(C#N)(c1ccccc1)C1CCN(CC2CN(c3ccc(S(=O)(=O)c4ccncc4)cc3)C2)CC1,CN(C)C(=O)N[C@@H]1CCC[C@H]1C(C#N)(c1ccccc1)C1CCN(CC2CN(c3ccc(S(=O)(=O)c4ccncc4)cc3)C2)CC1,UGIVOZOCAQIGKH-INSQSLAKSA-N,UGIVOZOCAQIGKH-INSQSLAKSA-N,standardized,0.0,False,2.0,strict_exact,exact_point_estimate,weak_1uM_to_10uM,False,False,IC50,biochemical_binding,False,0.9152420878094679,0.4187260178212242,0.26530611515045166,O=C(NCc1ccccc1)N(c1ccc(Br)cc1)C1CCN(Cc2ccncc2)CC1,True,high
STR-988E78A954C724A4E918,IC50,biochemical_binding,1,2,1,2,1,0,0,5.920818753952375,5.920818753952375,5.920818753952375,1200.0,1200.0,IC50,1,inhibitory_potency,1,biochemical_binding,1,ChEMBL;PubChem,CHEMBL5943306,Menin,2021,=,CCC(CC)CC1(C2CCN(CCCOc3ccc(C#N)cc3)CC2)NCCc2ccccc21,CCC(CC)CC1(C2CCN(CCCOc3ccc(C#N)cc3)CC2)NCCc2ccccc21,CCC(CC)CC1(C2CCN(CCCOc3ccc(C#N)cc3)CC2)NCCc2ccccc21,CCC(CC)CC1(C2CCN(CCCOc3ccc(C#N)cc3)CC2)NCCc2ccccc21,KFNXXHFHTTWFHE-UHFFFAOYSA-N,KFNXXHFHTTWFHE-UHFFFAOYSA-N,standardized,0.0,False,2.0,strict_exact,exact_point_estimate,weak_1uM_to_10uM,False,False,IC50,biochemical_binding,False,0.9622604600908341,0.2318302949870299,0.3378378450870514,OC(c1ccccc1)(c1ccccc1)C1CCN(CCCOc2ccc(-c3ccccc3)cc2)CC1,True,high
STR-D3545E8919D6A24E9EFC,IC50,biochemical_binding,1,2,1,2,1,0,0,5.920818753952375,5.920818753952375,5.920818753952375,1200.0,1200.0,IC50,1,inhibitory_potency,1,biochemical_binding,1,ChEMBL;PubChem,CHEMBL5966519,Menin,2021,=,COC(=O)N[C@@H]1CCC[C@H]1C(C#N)(c1ccccc1)C1CCN(CC2CN(c3ccc(S(=O)(=O)c4cnn(C)c4)cc3)C2)CC1,COC(=O)N[C@@H]1CCC[C@H]1C(C#N)(c1ccccc1)C1CCN(CC2CN(c3ccc(S(=O)(=O)c4cnn(C)c4)cc3)C2)CC1,COC(=O)N[C@@H]1CCC[C@H]1C(C#N)(c1ccccc1)C1CCN(CC2CN(c3ccc(S(=O)(=O)c4cnn(C)c4)cc3)C2)CC1,COC(=O)N[C@@H]1CCC[C@H]1C(C#N)(c1ccccc1)C1CCN(CC2CN(c3ccc(S(=O)(=O)c4cnn(C)c4)cc3)C2)CC1,OZNSRDJOBNUWQA-OLPGJYTKSA-N,OZNSRDJOBNUWQA-OLPGJYTKSA-N,standardized,0.0,False,2.0,strict_exact,exact_point_estimate,weak_1uM_to_10uM,False,False,IC50,biochemical_binding,False,0.8167129217237266,0.6872153900049006,0.2522522509098053,CN1CCN(C(=O)NC2CCN(Cc3ccn(-c4ccc(C(F)(F)F)cc4)c3)CC2)C(c2ccccc2)C1,True,high
STR-E2810CDE1AAE185A5F80,IC50,biochemical_binding,1,1,0,1,1,0,0,5.913640169325252,5.913640169325252,5.913640169325252,1220.0,1220.0,IC50,1,inhibitory_potency,1,biochemical_binding,1,ChEMBL,CHEMBL5559575,Menin,2024,=,Nc1ncnc2c1c(-c1ccc(F)cc1)cn2C1CCN(CC2CN(c3ccc(S(=O)(=O)c4ccncc4)cc3)C2)CC1,Nc1ncnc2c1c(-c1ccc(F)cc1)cn2C1CCN(CC2CN(c3ccc(S(=O)(=O)c4ccncc4)cc3)C2)CC1,Nc1ncnc2c1c(-c1ccc(F)cc1)cn2C1CCN(CC2CN(c3ccc(S(=O)(=O)c4ccncc4)cc3)C2)CC1,Nc1ncnc2c1c(-c1ccc(F)cc1)cn2C1CCN(CC2CN(c3ccc(S(=O)(=O)c4ccncc4)cc3)C2)CC1,ZKIBAYDJDZFTQT-UHFFFAOYSA-N,ZKIBAYDJDZFTQT-UHFFFAOYSA-N,standardized,0.0,False,2.0,strict_exact,exact_point_estimate,weak_1uM_to_10uM,False,False,IC50,biochemical_binding,False,0.9077973075368319,0.443779694185069,0.4117647111415863,Nc1ncnc2c1c(-c1cccc(O)c1)cn2[C@H]1C[C@@H](CN2CCC2)C1,True,high
STR-461FB7619E9127A87F14,IC50,biochemical_binding,1,2,1,2,1,0,0,5.886056647693163,5.886056647693163,5.886056647693163,1300.0,1300.0,IC50,1,inhibitory_potency,1,biochemical_binding,1,ChEMBL;PubChem,CHEMBL6065253,Menin,2021,=,c1ccc(OCCCN2CCC(C3(C4CCCC4)NCCc4ccccc43)CC2)cc1,c1ccc(OCCCN2CCC(C3(C4CCCC4)NCCc4ccccc43)CC2)cc1,c1ccc(OCCCN2CCC(C3(C4CCCC4)NCCc4ccccc43)CC2)cc1,c1ccc(OCCCN2CCC(C3(C4CCCC4)NCCc4ccccc43)CC2)cc1,ULJBBAVPBWDHKO-UHFFFAOYSA-N,ULJBBAVPBWDHKO-UHFFFAOYSA-N,standardized,0.0,False,2.0,strict_exact,exact_point_estimate,weak_1uM_to_10uM,False,False,IC50,biochemical_binding,False,0.9715099151120918,0.18676225177861097,0.4107142984867096,c1ccc(-c2ccc(OCCCN3CCCCC3)cc2)cc1,True,high
STR-B91B625C26AF1911063A,IC50,biochemical_binding,1,2,1,2,1,0,0,5.886056647693163,5.886056647693163,5.886056647693163,1300.0,1300.0,IC50,1,inhibitory_potency,1,biochemical_binding,1,ChEMBL;PubChem,CHEMBL5753526,Menin,2021,=,N#Cc1ccc(OCCCN2CCC(C(C#N)(c3ccccc3)C3CCCC3)CC2)cc1,N#Cc1ccc(OCCCN2CCC(C(C#N)(c3ccccc3)C3CCCC3)CC2)cc1,N#Cc1ccc(OCCCN2CCC(C(C#N)(c3ccccc3)C3CCCC3)CC2)cc1,N#Cc1ccc(OCCCN2CCC(C(C#N)(c3ccccc3)C3CCCC3)CC2)cc1,RMQGHEMHHRDOSM-UHFFFAOYSA-N,RMQGHEMHHRDOSM-UHFFFAOYSA-N,standardized,0.0,False,2.0,strict_exact,exact_point_estimate,weak_1uM_to_10uM,False,False,IC50,biochemical_binding,False,0.9670437746377989,0.20900712168934435,0.5438596606254578,OC(c1ccccc1)(c1ccccc1)C1CCN(CCCOc2ccc(-c3ccccc3)cc2)CC1,True,high
STR-F5DA1E0A219F4E851CAA,IC50,biochemical_binding,1,1,0,1,1,0,0,5.886056647693163,5.886056647693163,5.886056647693163,1300.0,1300.0,IC50,1,inhibitory_potency,1,biochemical_binding,1,ChEMBL,CHEMBL3696191,Menin,2015,=,CCc1cc2c(NC3CCN(Cc4ccccc4)CC3)ncnc2s1,CCc1cc2c(NC3CCN(Cc4ccccc4)CC3)ncnc2s1,CCc1cc2c(NC3CCN(Cc4ccccc4)CC3)ncnc2s1,CCc1cc2c(NC3CCN(Cc4ccccc4)CC3)ncnc2s1,SYDLODZYNCJFKZ-UHFFFAOYSA-N,SYDLODZYNCJFKZ-UHFFFAOYSA-N,standardized,0.0,False,2.0,strict_exact,exact_point_estimate,weak_1uM_to_10uM,False,False,IC50,biochemical_binding,False,0.9466294064282651,0.30054601810076276,0.36764705181121826,c1ccc(CN2CCC(Oc3ncnc4c3ccn4Cc3ccccc3)CC2)cc1,True,high
STR-8E158147825BE52377FD,IC50,biochemical_binding,1,1,0,1,1,0,0,5.866461091629782,5.866461091629782,5.866461091629782,1360.0,1360.0,IC50,1,inhibitory_potency,1,biochemical_binding,1,PubChem,168720911,Menin,2026,=,CCN(C(=O)c1cc(F)ccc1Oc1nncnc1N1CCC2(C1)CN([C@@H](C[C@@H](C)CN(C)CCOC)C(C)C)C2)C(C)C,CCN(C(C)C)C(=O)C1=C(C=CC(=C1)F)OC2=C(N=CN=N2)N3CCC4(C3)CN(C4)[C@@H](C[C@@H](C)CN(C)CCOC)C(C)C,CCN(C(=O)c1cc(F)ccc1Oc1nncnc1N1CCC2(C1)CN([C@@H](C[C@@H](C)CN(C)CCOC)C(C)C)C2)C(C)C,CCN(C(=O)c1cc(F)ccc1Oc1nncnc1N1CCC2(C1)CN([C@@H](C[C@@H](C)CN(C)CCOC)C(C)C)C2)C(C)C,GORAKAHLMGAALX-NAKRPHOHSA-N,GORAKAHLMGAALX-NAKRPHOHSA-N,standardized,0.0,False,2.0,strict_exact,exact_point_estimate,weak_1uM_to_10uM,False,False,IC50,biochemical_binding,False,0.5928426534968848,0.9749837030787498,0.59375,CCN(C(=O)c1cc(F)ccc1Oc1nncnc1N1CC2(CCN(CC3(SC)CC3)CC2)C1)C(C)C,True,medium
STR-14DBFF17DA73564FE5B6,IC50,biochemical_binding,1,1,0,1,1,0,0,5.853871964321762,5.853871964321762,5.853871964321762,1400.0,1400.0,IC50,1,inhibitory_potency,1,biochemical_binding,1,ChEMBL,CHEMBL3126195,Menin,2014,=,N#Cc1ccc(OCCCN2CCC([C@](O)(c3cccc(F)c3)c3ccccn3)CC2)cc1,N#Cc1ccc(OCCCN2CCC([C@](O)(c3cccc(F)c3)c3ccccn3)CC2)cc1,N#Cc1ccc(OCCCN2CCC([C@](O)(c3cccc(F)c3)c3ccccn3)CC2)cc1,N#Cc1ccc(OCCCN2CCC([C@](O)(c3cccc(F)c3)c3ccccn3)CC2)cc1,YLADDJNCJBCBJE-MHZLTWQESA-N,YLADDJNCJBCBJE-MHZLTWQESA-N,standardized,0.0,False,2.0,strict_exact,exact_point_estimate,weak_1uM_to_10uM,False,False,IC50,biochemical_binding,False,0.9565101404576671,0.2580703898196613,0.5151515007019043,OC(c1ccccc1)(c1ccccc1)C1CCN(CCCOc2ccc(-c3ccccc3)cc2)CC1,True,high
STR-288DA5D629242E618088,IC50,biochemical_binding,1,2,1,2,1,0,0,5.853871964321762,5.853871964321762,5.853871964321762,1400.0,1400.0,IC50,1,inhibitory_potency,1,biochemical_binding,1,ChEMBL;PubChem,CHEMBL5841585,Menin,2021,=,CNC(=O)O[C@@H]1CCC[C@H]1C(CN1CCCC1)(c1ccccc1)C1CCN(CC2CN(c3ccc(S(=O)(=O)c4ccccc4)cc3)C2)CC1,CNC(=O)O[C@@H]1CCC[C@H]1C(CN1CCCC1)(c1ccccc1)C1CCN(CC2CN(c3ccc(S(=O)(=O)c4ccccc4)cc3)C2)CC1,CNC(=O)O[C@@H]1CCC[C@H]1C(CN1CCCC1)(c1ccccc1)C1CCN(CC2CN(c3ccc(S(=O)(=O)c4ccccc4)cc3)C2)CC1,CNC(=O)O[C@@H]1CCC[C@H]1C(CN1CCCC1)(c1ccccc1)C1CCN(CC2CN(c3ccc(S(=O)(=O)c4ccccc4)cc3)C2)CC1,XGFRLKILDHBJKF-XTPKGQMJSA-N,XGFRLKILDHBJKF-XTPKGQMJSA-N,standardized,0.0,False,2.0,strict_exact,exact_point_estimate,weak_1uM_to_10uM,False,False,IC50,biochemical_binding,False,0.9036822503226382,0.45721325316399253,0.2637362778186798,O=C(O)c1ccc(N2CCC(CN3CCC(Oc4ccc(Cl)c(Cl)c4)CC3)CC2)cc1,True,high
STR-F7D3FB282E651DA95110,IC50,biochemical_binding,1,2,1,2,1,0,0,5.853871964321762,5.853871964321762,5.853871964321762,1400.0,1400.0,IC50,1,inhibitory_potency,1,biochemical_binding,1,ChEMBL;PubChem,CHEMBL5787094,Menin,2021,=,CN1COCN([C@@H]2CCC[C@H]2C(C#N)(c2ccccc2)C2CCN(CC3CN(c4ccc(S(=O)(=O)c5ccncc5)cc4)C3)CC2)C1=O,CN1COCN([C@@H]2CCC[C@H]2C(C#N)(c2ccccc2)C2CCN(CC3CN(c4ccc(S(=O)(=O)c5ccncc5)cc4)C3)CC2)C1=O,CN1COCN([C@@H]2CCC[C@H]2C(C#N)(c2ccccc2)C2CCN(CC3CN(c4ccc(S(=O)(=O)c5ccncc5)cc4)C3)CC2)C1=O,CN1COCN([C@@H]2CCC[C@H]2C(C#N)(c2ccccc2)C2CCN(CC3CN(c4ccc(S(=O)(=O)c5ccncc5)cc4)C3)CC2)C1=O,UREBWGOENTXZBD-ANOPSCNCSA-N,UREBWGOENTXZBD-ANOPSCNCSA-N,standardized,0.0,False,2.0,strict_exact,exact_point_estimate,weak_1uM_to_10uM,False,False,IC50,biochemical_binding,False,0.90971635804102,0.43741586901624663,0.2574257552623749,CCN1C(=O)N(c2ccc(C(F)(F)F)cc2)C(=O)C12CCN(CC1CCOCC1)CC2,True,high
STR-AFCAFF699394AD12BCC9,IC50,biochemical_binding,1,1,0,1,1,0,0,5.832682665251824,5.832682665251824,5.832682665251824,1470.0,1470.0,IC50,1,inhibitory_potency,1,biochemical_binding,1,ChEMBL,CHEMBL5558500,Menin,2024,=,N#Cc1ccc(N2CC(CN3CCC(n4ccc5c(N)ncnc54)CC3)C2)cc1,N#Cc1ccc(N2CC(CN3CCC(n4ccc5c(N)ncnc54)CC3)C2)cc1,N#Cc1ccc(N2CC(CN3CCC(n4ccc5c(N)ncnc54)CC3)C2)cc1,N#Cc1ccc(N2CC(CN3CCC(n4ccc5c(N)ncnc54)CC3)C2)cc1,UQNLFUSPEKYNDB-UHFFFAOYSA-N,UQNLFUSPEKYNDB-UHFFFAOYSA-N,standardized,0.0,False,2.0,strict_exact,exact_point_estimate,weak_1uM_to_10uM,False,False,IC50,biochemical_binding,False,0.9063517174679995,0.4485314776957089,0.3086419701576233,Nc1ncnc2c1c(-c1cccc(O)c1)cn2[C@H]1C[C@@H](CN2CCC2)C1,True,high
STR-0C1D3CBEB06D4D0E10FA,IC50,biochemical_binding,1,1,0,1,1,0,0,5.815308569182401,5.815308569182401,5.815308569182401,1530.0,1530.0,IC50,1,inhibitory_potency,1,biochemical_binding,1,PubChem,156531805,Menin,2026,=,CCN(C(=O)c1cc(F)ccc1Oc1nncnc1N1CCC2(C1)CN([C@H](C[C@H](CN(C)C)OC)C(C)C)C2)C(C)C,CCN(C(C)C)C(=O)C1=C(C=CC(=C1)F)OC2=C(N=CN=N2)N3CCC4(C3)CN(C4)[C@H](C[C@H](CN(C)C)OC)C(C)C,CCN(C(=O)c1cc(F)ccc1Oc1nncnc1N1CCC2(C1)CN([C@H](C[C@H](CN(C)C)OC)C(C)C)C2)C(C)C,CCN(C(=O)c1cc(F)ccc1Oc1nncnc1N1CCC2(C1)CN([C@H](C[C@H](CN(C)C)OC)C(C)C)C2)C(C)C,LPQSXRARPNKWLW-AOYPEHQESA-N,LPQSXRARPNKWLW-AOYPEHQESA-N,standardized,0.0,False,2.0,strict_exact,exact_point_estimate,weak_1uM_to_10uM,False,False,IC50,biochemical_binding,False,0.5973205498272847,0.972496409593943,0.6129032373428345,CCN(C(=O)c1cc(F)ccc1Oc1nncnc1N1CC2(CCN(CC3(SC)CC3)CC2)C1)C(C)C,True,medium
STR-38D78133670C2C6A5AEA,IC50,biochemical_binding,1,2,1,2,1,0,0,5.79317412396815,5.79317412396815,5.79317412396815,1610.0,1610.0,IC50,1,inhibitory_potency,1,biochemical_binding,1,ChEMBL;PubChem,CHEMBL5808983,Menin,2021,=,CC(=O)O[C@H]1CCC[C@@H]1C(C#N)(c1cccc(C(F)(F)F)c1)C1CCN(CC2CN(c3ccc(C#N)cc3)C2)CC1,CC(=O)O[C@H]1CCC[C@@H]1C(C#N)(c1cccc(C(F)(F)F)c1)C1CCN(CC2CN(c3ccc(C#N)cc3)C2)CC1,CC(=O)O[C@H]1CCC[C@@H]1C(C#N)(c1cccc(C(F)(F)F)c1)C1CCN(CC2CN(c3ccc(C#N)cc3)C2)CC1,CC(=O)O[C@H]1CCC[C@@H]1C(C#N)(c1cccc(C(F)(F)F)c1)C1CCN(CC2CN(c3ccc(C#N)cc3)C2)CC1,IQANJWWWYDKCSR-XPZBDPFPSA-N,IQANJWWWYDKCSR-XPZBDPFPSA-N,standardized,0.0,False,2.0,strict_exact,exact_point_estimate,weak_1uM_to_10uM,False,False,IC50,biochemical_binding,False,0.9162325872685889,0.4153167417851589,0.3030303120613098,O=C(CNC(=O)c1cccc(C(F)(F)F)c1)NC1CN([C@H]2CC[C@H](c3ccc(N4CCCC4)cc3)CC2)C1,True,high
STR-F316B31F563C35F0560E,IC50,biochemical_binding,1,1,0,1,1,0,0,5.785156151952302,5.785156151952302,5.785156151952302,1640.0,1640.0,IC50,1,inhibitory_potency,1,biochemical_binding,1,PubChem,156531459,Menin,2026,=,CCCN(C)CCC[C@@H](C(C)C)N1CC2(CCN(c3ncnnc3Oc3ccc(F)cc3C(=O)N(CC)C(C)C)C2)C1,CCCN(C)CCC[C@@H](C(C)C)N1CC2(C1)CCN(C2)C3=C(N=NC=N3)OC4=C(C=C(C=C4)F)C(=O)N(CC)C(C)C,CCCN(C)CCC[C@@H](C(C)C)N1CC2(CCN(c3ncnnc3Oc3ccc(F)cc3C(=O)N(CC)C(C)C)C2)C1,CCCN(C)CCC[C@@H](C(C)C)N1CC2(CCN(c3ncnnc3Oc3ccc(F)cc3C(=O)N(CC)C(C)C)C2)C1,AKEJRDWFJSZNFQ-MHZLTWQESA-N,AKEJRDWFJSZNFQ-MHZLTWQESA-N,standardized,0.0,False,2.0,strict_exact,exact_point_estimate,weak_1uM_to_10uM,False,False,IC50,biochemical_binding,False,0.6865591562882396,0.8971054751408548,0.6263736486434937,CCN(C(=O)c1cc(F)ccc1Oc1nncnc1N1CC2(CCN(CC3(SC)CC3)CC2)C1)C(C)C,True,medium
STR-C43E9CAC606D3F496EC2,IC50,biochemical_binding,1,1,0,1,1,0,0,5.781727146428553,5.781727146428553,5.781727146428553,1653.0,1653.0,IC50,1,inhibitory_potency,1,biochemical_binding,1,ChEMBL,CHEMBL3613785,Menin,2015,=,FCc1nnc(N2CCN(c3ncnc4sc(CC(F)(F)F)cc34)CC2)s1,FCc1nnc(N2CCN(c3ncnc4sc(CC(F)(F)F)cc34)CC2)s1,FCc1nnc(N2CCN(c3ncnc4sc(CC(F)(F)F)cc34)CC2)s1,FCc1nnc(N2CCN(c3ncnc4sc(CC(F)(F)F)cc34)CC2)s1,CUBGJWXDIQEMAV-UHFFFAOYSA-N,CUBGJWXDIQEMAV-UHFFFAOYSA-N,standardized,0.0,False,2.0,strict_exact,exact_point_estimate,weak_1uM_to_10uM,False,False,IC50,biochemical_binding,False,0.9384694288779196,0.3334909879990224,0.20430107414722443,CON=C1CCC(CN2CCN(c3nc(=O)c4cc(C(F)(F)F)cc([N+](=O)[O-])c4s3)CC2)CC1,False,high
STR-F56D36E1BD6B0DD11077,IC50,biochemical_binding,2,4,2,2,2,0,0,5.77642098432889,6.0,5.552841968657781,1900.0,1000.0,IC50,1,inhibitory_potency,1,biochemical_binding,1,ChEMBL;PubChem,CHEMBL5763872,Menin,2021,=,CC(=O)O[C@@H]1CCC[C@H]1C(C#N)(c1ccccc1)C1CCN(CC2CN(c3ccc(S(=O)(=O)c4ccncc4)cc3)C2)CC1,CC(=O)O[C@@H]1CCC[C@H]1C(C#N)(c1ccccc1)C1CCN(CC2CN(c3ccc(S(=O)(=O)c4ccncc4)cc3)C2)CC1,CC(=O)O[C@@H]1CCC[C@H]1C(C#N)(c1ccccc1)C1CCN(CC2CN(c3ccc(S(=O)(=O)c4ccncc4)cc3)C2)CC1,CC(=O)O[C@@H]1CCC[C@H]1C(C#N)(c1ccccc1)C1CCN(CC2CN(c3ccc(S(=O)(=O)c4ccncc4)cc3)C2)CC1,XVLUCSMHEWTUJD-ORITWGEGSA-N,XVLUCSMHEWTUJD-ORITWGEGSA-N,standardized,0.4471580313422194,False,2.0,strict_exact,exact_point_estimate,weak_1uM_to_10uM,False,False,IC50,biochemical_binding,False,0.8987031222938896,0.47309316979891924,0.26595744490623474,O=C(O)c1ccc(N2CCC(CN3CCC(Oc4ccc(Cl)c(Cl)c4)CC3)CC2)cc1,True,high
STR-1C195E0EFD40C42EDEE4,IC50,biochemical_binding,1,2,1,2,1,0,0,5.769551078621726,5.769551078621726,5.769551078621726,1700.0,1700.0,IC50,1,inhibitory_potency,1,biochemical_binding,1,ChEMBL;PubChem,CHEMBL5919834,Menin,2021,=,CC(=O)O[C@@H]1CCC[C@H]1C(C#N)(c1ccccc1)C1CCN(CC2CN(c3ccc(S(=O)(=O)C4CC4)cc3)C2)CC1,CC(=O)O[C@@H]1CCC[C@H]1C(C#N)(c1ccccc1)C1CCN(CC2CN(c3ccc(S(=O)(=O)C4CC4)cc3)C2)CC1,CC(=O)O[C@@H]1CCC[C@H]1C(C#N)(c1ccccc1)C1CCN(CC2CN(c3ccc(S(=O)(=O)C4CC4)cc3)C2)CC1,CC(=O)O[C@@H]1CCC[C@H]1C(C#N)(c1ccccc1)C1CCN(CC2CN(c3ccc(S(=O)(=O)C4CC4)cc3)C2)CC1,DUJVKXCQENCSHD-NWBPNMJXSA-N,DUJVKXCQENCSHD-NWBPNMJXSA-N,standardized,0.0,False,2.0,strict_exact,exact_point_estimate,weak_1uM_to_10uM,False,False,IC50,biochemical_binding,False,0.9028464751366738,0.4599069844582657,0.3086419701576233,O=C(CN1CCC(S(=O)(=O)c2ccccc2)CC1)c1ccc(F)cc1,True,high
STR-3B92CACCAFD90E1C78D4,IC50,biochemical_binding,1,1,0,1,1,0,0,5.769551078621726,5.769551078621726,5.769551078621726,1700.0,1700.0,IC50,1,inhibitory_potency,1,biochemical_binding,1,ChEMBL,CHEMBL3126186,Menin,2014,=,N#Cc1ccc(OCCCN2CCC(C(O)(c3ccccc3)C3CCCCC3)CC2)cc1,N#Cc1ccc(OCCCN2CCC(C(O)(c3ccccc3)C3CCCCC3)CC2)cc1,N#Cc1ccc(OCCCN2CCC(C(O)(c3ccccc3)C3CCCCC3)CC2)cc1,N#Cc1ccc(OCCCN2CCC(C(O)(c3ccccc3)C3CCCCC3)CC2)cc1,LBGOREZSMURYIQ-UHFFFAOYSA-N,LBGOREZSMURYIQ-UHFFFAOYSA-N,standardized,0.0,False,2.0,strict_exact,exact_point_estimate,weak_1uM_to_10uM,False,False,IC50,biochemical_binding,False,0.9559620814815086,0.26050901300476065,0.5892857313156128,OC(c1ccccc1)(c1ccccc1)C1CCN(CCCOc2ccc(-c3ccccc3)cc2)CC1,True,high
STR-FF0D357DDF873BD2A7D4,IC50,biochemical_binding,1,1,0,1,1,0,0,5.752026733638193,5.752026733638193,5.752026733638193,1770.0,1770.0,IC50,1,inhibitory_potency,1,biochemical_binding,1,PubChem,156531915,Menin,2026,=,CCN(C(=O)c1cc(F)ccc1Oc1nncnc1N1CCC2(C1)CN([C@H](CCN(C)CC(N)=O)C(C)C)C2)C(C)C,CCN(C(C)C)C(=O)C1=C(C=CC(=C1)F)OC2=C(N=CN=N2)N3CCC4(C3)CN(C4)[C@H](CCN(C)CC(=O)N)C(C)C,CCN(C(=O)c1cc(F)ccc1Oc1nncnc1N1CCC2(C1)CN([C@H](CCN(C)CC(N)=O)C(C)C)C2)C(C)C,CCN(C(=O)c1cc(F)ccc1Oc1nncnc1N1CCC2(C1)CN([C@H](CCN(C)CC(N)=O)C(C)C)C2)C(C)C,ZEYKFWJSLKXFKJ-XMMPIXPASA-N,ZEYKFWJSLKXFKJ-XMMPIXPASA-N,standardized,0.0,False,2.0,strict_exact,exact_point_estimate,weak_1uM_to_10uM,False,False,IC50,biochemical_binding,False,0.5599682780366168,0.9895985550864217,0.6129032373428345,CCN(C(=O)c1cc(F)ccc1Oc1nncnc1N1CC2(CCN(CC3(SC)CC3)CC2)C1)C(C)C,True,medium
STR-0929C2100723D6B883C0,IC50,biochemical_binding,1,1,0,1,1,0,0,5.747146969020107,5.747146969020107,5.747146969020107,1790.0,1790.0,IC50,1,inhibitory_potency,1,biochemical_binding,1,PubChem,156498048,Menin,2026,=,CCN(C(=O)c1cc(F)ccc1Oc1nncnc1N1CCC2(C1)CN([C@H](CCCN(C)C(=O)OC)C(C)C)C2)C(C)C,CCN(C(C)C)C(=O)C1=C(C=CC(=C1)F)OC2=C(N=CN=N2)N3CCC4(C3)CN(C4)[C@H](CCCN(C)C(=O)OC)C(C)C,CCN(C(=O)c1cc(F)ccc1Oc1nncnc1N1CCC2(C1)CN([C@H](CCCN(C)C(=O)OC)C(C)C)C2)C(C)C,CCN(C(=O)c1cc(F)ccc1Oc1nncnc1N1CCC2(C1)CN([C@H](CCCN(C)C(=O)OC)C(C)C)C2)C(C)C,HXSGASRDQBMSKW-RUZDIDTESA-N,HXSGASRDQBMSKW-RUZDIDTESA-N,standardized,0.0,False,2.0,strict_exact,exact_point_estimate,weak_1uM_to_10uM,False,False,IC50,biochemical_binding,False,0.6690124643176233,0.9159321530101014,0.6063829660415649,CCN(C(=O)c1cc(F)ccc1Oc1nncnc1N1CC2(CCN(CC3(SC)CC3)CC2)C1)C(C)C,True,medium
STR-DB0E19CA615A608C5F2D,IC50,biochemical_binding,1,2,1,2,1,0,0,5.7447274948966935,5.7447274948966935,5.7447274948966935,1800.0,1800.0,IC50,1,inhibitory_potency,1,biochemical_binding,1,ChEMBL;PubChem,CHEMBL5892911,Menin,2021,=,CO[C@H]1CCC[C@@H]1C1(C2CCN(CCCOc3ccc(C#N)cc3)CC2)CN(C)Cc2ccccc21,CO[C@H]1CCC[C@@H]1C1(C2CCN(CCCOc3ccc(C#N)cc3)CC2)CN(C)Cc2ccccc21,CO[C@H]1CCC[C@@H]1C1(C2CCN(CCCOc3ccc(C#N)cc3)CC2)CN(C)Cc2ccccc21,CO[C@H]1CCC[C@@H]1C1(C2CCN(CCCOc3ccc(C#N)cc3)CC2)CN(C)Cc2ccccc21,MWEDWZMQICDMIU-XPZBDPFPSA-N,MWEDWZMQICDMIU-XPZBDPFPSA-N,standardized,0.0,False,2.0,strict_exact,exact_point_estimate,weak_1uM_to_10uM,False,False,IC50,biochemical_binding,False,0.9359377944099192,0.3433636188714041,0.3466666638851166,COc1ccccc1-c1ccc(OCCCN2CCCCC2)cc1,True,high
STR-DB706C2977DCEE50E09E,IC50,biochemical_binding,1,2,1,2,1,0,0,5.7447274948966935,5.7447274948966935,5.7447274948966935,1800.0,1800.0,IC50,1,inhibitory_potency,1,biochemical_binding,1,ChEMBL;PubChem,CHEMBL5907913,Menin,2021,=,CN1Cc2cccc(Cl)c2C(C2CCCC2)(C2CCN(CCCOc3ccc(C#N)cc3)CC2)C1,CN1Cc2cccc(Cl)c2C(C2CCCC2)(C2CCN(CCCOc3ccc(C#N)cc3)CC2)C1,CN1Cc2cccc(Cl)c2C(C2CCCC2)(C2CCN(CCCOc3ccc(C#N)cc3)CC2)C1,CN1Cc2cccc(Cl)c2C(C2CCCC2)(C2CCN(CCCOc3ccc(C#N)cc3)CC2)C1,XQVQSALESQFXIK-UHFFFAOYSA-N,XQVQSALESQFXIK-UHFFFAOYSA-N,standardized,0.0,False,2.0,strict_exact,exact_point_estimate,weak_1uM_to_10uM,False,False,IC50,biochemical_binding,False,0.9540060954391436,0.2691292058645812,0.3636363744735718,c1cc(C2CCCCC2)ccc1OCCCN1CCCCC1,True,high
STR-7B1655073C306BE222B5,IC50,biochemical_binding,1,1,0,1,1,0,0,5.739928612014925,5.739928612014925,5.739928612014925,1820.0,1820.0,IC50,1,inhibitory_potency,1,biochemical_binding,1,PubChem,156531480,Menin,2026,=,CC(C)[C@H](C[C@H](O)CN(C)C)N1CC2(CCN(c3ncnnc3Oc3ccc(F)cc3C(=O)N(C(C)C)C(C)C)C2)C1,CC(C)[C@H](C[C@@H](CN(C)C)O)N1CC2(C1)CCN(C2)C3=C(N=NC=N3)OC4=C(C=C(C=C4)F)C(=O)N(C(C)C)C(C)C,CC(C)[C@H](C[C@H](O)CN(C)C)N1CC2(CCN(c3ncnnc3Oc3ccc(F)cc3C(=O)N(C(C)C)C(C)C)C2)C1,CC(C)[C@H](C[C@H](O)CN(C)C)N1CC2(CCN(c3ncnnc3Oc3ccc(F)cc3C(=O)N(C(C)C)C(C)C)C2)C1,HGNXEODCTLZEEQ-AHWVRZQESA-N,HGNXEODCTLZEEQ-AHWVRZQESA-N,standardized,0.0,False,2.0,strict_exact,exact_point_estimate,weak_1uM_to_10uM,False,False,IC50,biochemical_binding,False,0.6648037024138007,0.9201475428520767,0.5263158082962036,CCN(C(=O)c1cc(F)ccc1Oc1nncnc1N1CC2(CCN(CC3(SC)CC3)CC2)C1)C(C)C,True,medium
STR-EB2E5453C9E3510F4FAC,IC50,biochemical_binding,1,1,0,1,1,0,0,5.732828271596986,5.732828271596986,5.732828271596986,1850.0,1850.0,IC50,1,inhibitory_potency,1,biochemical_binding,1,PubChem,156531482,Menin,2026,=,CCN(C(=O)c1cc(F)ccc1Oc1nncnc1N1CCC2(C1)CN([C@H](CCCN(C)CC(F)F)C(C)C)C2)C(C)C,CCN(C(C)C)C(=O)C1=C(C=CC(=C1)F)OC2=C(N=CN=N2)N3CCC4(C3)CN(C4)[C@H](CCCN(C)CC(F)F)C(C)C,CCN(C(=O)c1cc(F)ccc1Oc1nncnc1N1CCC2(C1)CN([C@H](CCCN(C)CC(F)F)C(C)C)C2)C(C)C,CCN(C(=O)c1cc(F)ccc1Oc1nncnc1N1CCC2(C1)CN([C@H](CCCN(C)CC(F)F)C(C)C)C2)C(C)C,FCTHGKTUZMKUPK-RUZDIDTESA-N,FCTHGKTUZMKUPK-RUZDIDTESA-N,standardized,0.0,False,2.0,strict_exact,exact_point_estimate,weak_1uM_to_10uM,False,False,IC50,biochemical_binding,False,0.6588772157343149,0.9258890820938678,0.6063829660415649,CCN(C(=O)c1cc(F)ccc1Oc1nncnc1N1CC2(CCN(CC3(SC)CC3)CC2)C1)C(C)C,True,medium
STR-D5272C0C8993C36787C1,IC50,biochemical_binding,3,5,2,2,3,0,0,5.721246399047171,5.920818753952375,5.721246399047171,1900.0,1200.0,IC50,1,inhibitory_potency,1,biochemical_binding,1,ChEMBL;PubChem,CHEMBL1401388,Menin,2015,=,CC1(C)CN=C(N2CCN(c3ncnc4sc5c(c34)CCCC5)CC2)S1,CC1(C)CN=C(N2CCN(c3ncnc4sc5c(c34)CCCC5)CC2)S1,CC1(C)CN=C(N2CCN(c3ncnc4sc5c(c34)CCCC5)CC2)S1,CC1(C)CN=C(N2CCN(c3ncnc4sc5c(c34)CCCC5)CC2)S1,MNSXQGKLDTVOLP-UHFFFAOYSA-N,MNSXQGKLDTVOLP-UHFFFAOYSA-N,standardized,0.1995723549052037,False,2.0,strict_exact,exact_point_estimate,weak_1uM_to_10uM,False,False,IC50,biochemical_binding,False,0.9301998756753957,0.3651773110138583,0.2602739632129669,O=c1n(Cc2ccc(Cl)cc2)c2sc3c(c2c2ncnn12)CCCC3,True,high
STR-2A720D6641F50CDDC420,IC50,biochemical_binding,1,2,1,2,1,0,0,5.721246399047171,5.721246399047171,5.721246399047171,1900.0,1900.0,IC50,1,inhibitory_potency,1,biochemical_binding,1,ChEMBL;PubChem,CHEMBL5920967,Menin,2021,=,CS(=O)(=O)c1ccc(OCCCN2CCC(C3(C4CCCCC4)NCCc4ccccc43)CC2)cc1,CS(=O)(=O)c1ccc(OCCCN2CCC(C3(C4CCCCC4)NCCc4ccccc43)CC2)cc1,CS(=O)(=O)c1ccc(OCCCN2CCC(C3(C4CCCCC4)NCCc4ccccc43)CC2)cc1,CS(=O)(=O)c1ccc(OCCCN2CCC(C3(C4CCCCC4)NCCc4ccccc43)CC2)cc1,LFKNHMFBLFATHX-UHFFFAOYSA-N,LFKNHMFBLFATHX-UHFFFAOYSA-N,standardized,0.0,False,2.0,strict_exact,exact_point_estimate,weak_1uM_to_10uM,False,False,IC50,biochemical_binding,False,0.927474983778327,0.37527664111099657,0.4153846204280853,NS(=O)(=O)c1ccc(OCCCN2CCCCC2)cc1,True,high
STR-3C59D20673A9FF87E080,IC50,biochemical_binding,1,1,0,1,1,0,0,5.721246399047171,5.721246399047171,5.721246399047171,1900.0,1900.0,IC50,1,inhibitory_potency,1,biochemical_binding,1,PubChem,132104749,Menin,2023,=,N#Cc1cc2ccc(C(=O)NC3CCC(C4(C5CCCC5)NCCc5ccccc54)CC3)cc2[nH]1,C1CCC(C1)C2(C3=CC=CC=C3CCN2)C4CCC(CC4)NC(=O)C5=CC6=C(C=C5)C=C(N6)C#N,N#Cc1cc2ccc(C(=O)NC3CCC(C4(C5CCCC5)NCCc5ccccc54)CC3)cc2[nH]1,N#Cc1cc2ccc(C(=O)NC3CCC(C4(C5CCCC5)NCCc5ccccc54)CC3)cc2[nH]1,PVOOIBFXNSELJT-UHFFFAOYSA-N,PVOOIBFXNSELJT-UHFFFAOYSA-N,standardized,0.0,False,2.0,strict_exact,exact_point_estimate,weak_1uM_to_10uM,False,False,IC50,biochemical_binding,False,0.8820339210526786,0.5234860244633679,0.2947368323802948,N#Cc1ccc2c(c1)CCN(CC[C@H]1CC[C@H](NC(=O)c3ccnc4ccccc34)CC1)C2,True,high
STR-3D134EE83844240DFBF0,IC50,biochemical_binding,1,2,1,2,1,0,0,5.721246399047171,5.721246399047171,5.721246399047171,1900.0,1900.0,IC50,1,inhibitory_potency,1,biochemical_binding,1,ChEMBL;PubChem,CHEMBL5742328,Menin,2021,=,CCC(CC)C1(C2CCN(CCCOc3ccc(C#N)cc3)CC2)NCCc2ccccc21,CCC(CC)C1(C2CCN(CCCOc3ccc(C#N)cc3)CC2)NCCc2ccccc21,CCC(CC)C1(C2CCN(CCCOc3ccc(C#N)cc3)CC2)NCCc2ccccc21,CCC(CC)C1(C2CCN(CCCOc3ccc(C#N)cc3)CC2)NCCc2ccccc21,WJYGJQQBNFTIME-UHFFFAOYSA-N,WJYGJQQBNFTIME-UHFFFAOYSA-N,standardized,0.0,False,2.0,strict_exact,exact_point_estimate,weak_1uM_to_10uM,False,False,IC50,biochemical_binding,False,0.9614374873925727,0.23566209252741918,0.34246575832366943,OC(c1ccccc1)(c1ccccc1)C1CCN(CCCOc2ccc(-c3ccccc3)cc2)CC1,True,high
STR-9115E8E5409E0FED2178,IC50,biochemical_binding,1,1,0,1,1,0,0,5.721246399047171,5.721246399047171,5.721246399047171,1900.0,1900.0,IC50,1,inhibitory_potency,1,biochemical_binding,1,ChEMBL,CHEMBL5851648,Menin,2021,=,N#Cc1cc2ccc(C(=O)N[C@H]3CC[C@H](C4(C5CCCC5)NCCc5ccccc54)CC3)cc2[nH]1,N#Cc1cc2ccc(C(=O)N[C@H]3CC[C@H](C4(C5CCCC5)NCCc5ccccc54)CC3)cc2[nH]1,N#Cc1cc2ccc(C(=O)N[C@H]3CC[C@H](C4(C5CCCC5)NCCc5ccccc54)CC3)cc2[nH]1,N#Cc1cc2ccc(C(=O)N[C@H]3CC[C@H](C4(C5CCCC5)NCCc5ccccc54)CC3)cc2[nH]1,PVOOIBFXNSELJT-BIBMFLLGSA-N,PVOOIBFXNSELJT-BIBMFLLGSA-N,standardized,0.0,False,2.0,strict_exact,exact_point_estimate,weak_1uM_to_10uM,False,False,IC50,biochemical_binding,False,0.8820339210526786,0.5234860244633679,0.2947368323802948,N#Cc1ccc2c(c1)CCN(CC[C@H]1CC[C@H](NC(=O)c3ccnc4ccccc34)CC1)C2,True,high
STR-D863AF536402BD1BA1AF,IC50,biochemical_binding,1,1,0,1,1,0,0,5.701146923590294,5.701146923590294,5.701146923590294,1990.0,1990.0,IC50,1,inhibitory_potency,1,biochemical_binding,1,PubChem,168720859,Menin,2026,=,CCN(C)C[C@H](C[C@H](C(C)C)N1CC2(CCN(c3ncnnc3Oc3ccc(F)cc3C(=O)N(CC)C(C)C)C2)C1)OC,CCN(C)C[C@H](C[C@H](C(C)C)N1CC2(C1)CCN(C2)C3=C(N=NC=N3)OC4=C(C=C(C=C4)F)C(=O)N(CC)C(C)C)OC,CCN(C)C[C@H](C[C@H](C(C)C)N1CC2(CCN(c3ncnnc3Oc3ccc(F)cc3C(=O)N(CC)C(C)C)C2)C1)OC,CCN(C)C[C@H](C[C@H](C(C)C)N1CC2(CCN(c3ncnnc3Oc3ccc(F)cc3C(=O)N(CC)C(C)C)C2)C1)OC,WZDYSMKHVNWSMO-AHKZPQOWSA-N,WZDYSMKHVNWSMO-AHKZPQOWSA-N,standardized,0.0,False,2.0,strict_exact,exact_point_estimate,weak_1uM_to_10uM,False,False,IC50,biochemical_binding,False,0.581656355031703,0.9806744637908265,0.6063829660415649,CCN(C(=O)c1cc(F)ccc1Oc1nncnc1N1CC2(CCN(CC3(SC)CC3)CC2)C1)C(C)C,True,medium
STR-8D3A795E5B813D3BE51E,IC50,biochemical_binding,1,2,1,2,1,0,0,5.698970004336019,5.698970004336019,5.698970004336019,2000.0,2000.0,IC50,1,inhibitory_potency,1,biochemical_binding,1,ChEMBL;PubChem,CHEMBL5869356,Menin,2021,=,N#CC(c1ccccc1)(C1CCCC1)C1CCN(CC2CN(c3ccc(S(=O)(=O)c4ccncc4)cc3)C2)CC1,N#CC(c1ccccc1)(C1CCCC1)C1CCN(CC2CN(c3ccc(S(=O)(=O)c4ccncc4)cc3)C2)CC1,N#CC(c1ccccc1)(C1CCCC1)C1CCN(CC2CN(c3ccc(S(=O)(=O)c4ccncc4)cc3)C2)CC1,N#CC(c1ccccc1)(C1CCCC1)C1CCN(CC2CN(c3ccc(S(=O)(=O)c4ccncc4)cc3)C2)CC1,ZMJQWFFSTHXMEL-UHFFFAOYSA-N,ZMJQWFFSTHXMEL-UHFFFAOYSA-N,standardized,0.0,False,2.0,strict_exact,exact_point_estimate,weak_1uM_to_10uM,False,False,IC50,biochemical_binding,False,0.940519608518924,0.32537880494269583,0.261904776096344,O=C(O)c1ccc(N2CCC(CN3CCC(Oc4ccc(Cl)c(Cl)c4)CC3)CC2)cc1,True,high
STR-FD744C47D05214C5E9EE,IC50,biochemical_binding,1,2,1,2,1,0,0,5.698970004336019,5.698970004336019,5.698970004336019,2000.0,2000.0,IC50,1,inhibitory_potency,1,biochemical_binding,1,ChEMBL;PubChem,CHEMBL5890943,Menin,2021,=,N#CC(c1ccccc1)(C1CCN(CC2CN(c3ccc(S(=O)(=O)c4ccncc4)cc3)C2)CC1)[C@@H]1CCC[C@H]1OC(=O)N1CCC1,N#CC(c1ccccc1)(C1CCN(CC2CN(c3ccc(S(=O)(=O)c4ccncc4)cc3)C2)CC1)[C@@H]1CCC[C@H]1OC(=O)N1CCC1,N#CC(c1ccccc1)(C1CCN(CC2CN(c3ccc(S(=O)(=O)c4ccncc4)cc3)C2)CC1)[C@@H]1CCC[C@H]1OC(=O)N1CCC1,N#CC(c1ccccc1)(C1CCN(CC2CN(c3ccc(S(=O)(=O)c4ccncc4)cc3)C2)CC1)[C@@H]1CCC[C@H]1OC(=O)N1CCC1,NGZLPTJEQODDAQ-ANOPSCNCSA-N,NGZLPTJEQODDAQ-ANOPSCNCSA-N,standardized,0.0,False,2.0,strict_exact,exact_point_estimate,weak_1uM_to_10uM,False,False,IC50,biochemical_binding,False,0.9043377261418639,0.45509253634382646,0.2604166567325592,O=C(O)c1ccc(N2CCC(CN3CCC(Oc4ccc(Cl)c(Cl)c4)CC3)CC2)cc1,True,high
STR-E2D66C5668374E3992F5,IC50,biochemical_binding,1,1,0,1,1,0,0,5.6968039425795105,5.6968039425795105,5.6968039425795105,2010.0,2010.0,IC50,1,inhibitory_potency,1,biochemical_binding,1,ChEMBL,CHEMBL2314574,Menin,2013,=,N=C(N)NCCC[C@@H]1NC(=O)C2(CCC2)NC(=O)[C@@H]2CCCN2C(=O)[C@H](Cc2ccc(Cl)cc2)NC(=O)[C@@H](N)CCCCCCCCNC(=O)[C@@H]2CCCN2C1=O,N=C(N)NCCC[C@@H]1NC(=O)C2(CCC2)NC(=O)[C@@H]2CCCN2C(=O)[C@H](Cc2ccc(Cl)cc2)NC(=O)[C@@H](N)CCCCCCCCNC(=O)[C@@H]2CCCN2C1=O,N=C(N)NCCC[C@@H]1NC(=O)C2(CCC2)NC(=O)[C@@H]2CCCN2C(=O)[C@H](Cc2ccc(Cl)cc2)NC(=O)[C@@H](N)CCCCCCCCNC(=O)[C@@H]2CCCN2C1=O,N=C(N)NCCC[C@@H]1NC(=O)C2(CCC2)NC(=O)[C@@H]2CCCN2C(=O)[C@H](Cc2ccc(Cl)cc2)NC(=O)[C@@H](N)CCCCCCCCNC(=O)[C@@H]2CCCN2C1=O,XZEMBYGHCFKQPN-XDIGFQIYSA-N,XZEMBYGHCFKQPN-XDIGFQIYSA-N,standardized,0.0,False,2.0,strict_exact,exact_point_estimate,weak_1uM_to_10uM,False,False,IC50,biochemical_binding,False,0.8161846103287614,0.6883529395426341,0.24742268025875092,CC(C)C[C@@H]1NC(=O)CNC(=O)[C@H](CCC(=O)O)NC(=O)[C@@H]2CSSC[C@H](NC(=O)[C@@H](N)Cc3ccc(O)cc3)C(=O)N[C@@H](CCC(N)=O)C(=O)N[C@@H](CCCCN)C(=O)N[C@@H](Cc3ccccc3)C(=O)N[C@@H](CC(C)C)C(=O)N[C@@H](C)C(=O)N3CCC[C@H]3C(=O)N[C@H]3CSSC[C@H](NC(=O)[C@H](C(C)C)NC1=O)C(=O)N[C@@H](CCCNC(=N)N)C(=O)N[C@@H](CC(C)C)C(=O)N[C@@H](Cc1c[nH]c4ccccc14)C(=O)N[C@H](C(=O)N[C@@H](CCCCN)C(=O)N[C@@H](CCCCN)C(=O)N[C@@H](CCCCN)C(=O)N[C@@H](CC(C)C)C(=O)N[C@@H](Cc1c[nH]c4ccccc14)C(N)=O)CSSC[C@H](NC(=O)[C@H](CCCCN)NC(=O)[C@H](CCCNC(=N)N)NC(=O)[C@H](CCC(=O)O)NC(=O)[C@H](CO)NC(=O)[C@H](CC(=O)O)NC3=O)C(=O)N2,True,high
STR-6E87454FEE741EE39D57,IC50,biochemical_binding,1,1,0,1,1,0,0,5.688246138944246,5.688246138944246,5.688246138944246,2050.0,2050.0,IC50,1,inhibitory_potency,1,biochemical_binding,1,PubChem,156532042,Menin,2026,=,COCCNCCC[C@@H](C(C)C)N1CC2(CCN(c3ncnnc3Oc3ccc(F)cc3C(=O)N(C(C)C)C(C)C)C2)C1,CC(C)[C@H](CCCNCCOC)N1CC2(C1)CCN(C2)C3=C(N=NC=N3)OC4=C(C=C(C=C4)F)C(=O)N(C(C)C)C(C)C,COCCNCCC[C@@H](C(C)C)N1CC2(CCN(c3ncnnc3Oc3ccc(F)cc3C(=O)N(C(C)C)C(C)C)C2)C1,COCCNCCC[C@@H](C(C)C)N1CC2(CCN(c3ncnnc3Oc3ccc(F)cc3C(=O)N(C(C)C)C(C)C)C2)C1,BEJJQUKWUUMXNO-MHZLTWQESA-N,BEJJQUKWUUMXNO-MHZLTWQESA-N,standardized,0.0,False,2.0,strict_exact,exact_point_estimate,weak_1uM_to_10uM,False,False,IC50,biochemical_binding,False,0.7342955390778022,0.8352330506805496,0.5,CCN(C(=O)c1cc(F)ccc1Oc1nncnc1N1CC2(CCN(CC3(SC)CC3)CC2)C1)C(C)C,True,high
STR-751E14E3FB418B1577CE,IC50,biochemical_binding,2,4,2,2,2,0,0,5.6807553715226815,5.823908740944319,5.537602002101044,2200.0,1500.0,IC50,1,inhibitory_potency,1,biochemical_binding,1,ChEMBL;PubChem,CHEMBL6022712,Menin,2021,=,CNC(=O)C[C@H]1CCC[C@@H]1C(C#N)(c1ccccc1)C1CCN(CC2CN(c3ccc(S(=O)(=O)c4ccncc4)cc3)C2)CC1,CNC(=O)C[C@H]1CCC[C@@H]1C(C#N)(c1ccccc1)C1CCN(CC2CN(c3ccc(S(=O)(=O)c4ccncc4)cc3)C2)CC1,CNC(=O)C[C@H]1CCC[C@@H]1C(C#N)(c1ccccc1)C1CCN(CC2CN(c3ccc(S(=O)(=O)c4ccncc4)cc3)C2)CC1,CNC(=O)C[C@H]1CCC[C@@H]1C(C#N)(c1ccccc1)C1CCN(CC2CN(c3ccc(S(=O)(=O)c4ccncc4)cc3)C2)CC1,MKUJDUKEABOIAI-HKTYWMCWSA-N,MKUJDUKEABOIAI-HKTYWMCWSA-N,standardized,0.2863067388432743,False,2.0,strict_exact,exact_point_estimate,weak_1uM_to_10uM,False,False,IC50,biochemical_binding,False,0.8939008816010809,0.4880364178429628,0.25925925374031067,O=C(CC1CCN(Cc2ccn(-c3ccc(C(F)(F)F)cc3)c2)CC1)NC(c1ccccc1)c1ccccn1,True,high
STR-1D682839606D037B2843,IC50,biochemical_binding,1,2,1,2,1,0,0,5.6777807052660805,5.6777807052660805,5.6777807052660805,2100.0,2100.0,IC50,1,inhibitory_potency,1,biochemical_binding,1,ChEMBL;PubChem,CHEMBL5923233,Menin,2021,=,CC(=O)N1CCCCC1C1(C2CCN(CCCOc3ccc(C#N)cc3)CC2)CN(C)Cc2ccccc21,CC(=O)N1CCCCC1C1(C2CCN(CCCOc3ccc(C#N)cc3)CC2)CN(C)Cc2ccccc21,CC(=O)N1CCCCC1C1(C2CCN(CCCOc3ccc(C#N)cc3)CC2)CN(C)Cc2ccccc21,CC(=O)N1CCCCC1C1(C2CCN(CCCOc3ccc(C#N)cc3)CC2)CN(C)Cc2ccccc21,RVIYDWZVGPVBJX-UHFFFAOYSA-N,RVIYDWZVGPVBJX-UHFFFAOYSA-N,standardized,0.0,False,2.0,strict_exact,exact_point_estimate,weak_1uM_to_10uM,False,False,IC50,biochemical_binding,False,0.9019071500508352,0.46292075238803343,0.3378378450870514,c1cc(C2CCCCC2)ccc1OCCCN1CCCCC1,True,high
STR-4719AA5EBF6B16DABB7E,IC50,biochemical_binding,1,2,1,2,1,0,0,5.6777807052660805,5.6777807052660805,5.6777807052660805,2100.0,2100.0,IC50,1,inhibitory_potency,1,biochemical_binding,1,ChEMBL;PubChem,CHEMBL5746088,Menin,2021,=,CNC(=O)O[C@@H]1CCC[C@H]1C(C#N)(c1ccccc1)C1CCN(CC2(C)CN(c3ccc(S(=O)(=O)c4cnn(C)c4)cc3)C2)CC1,CNC(=O)O[C@@H]1CCC[C@H]1C(C#N)(c1ccccc1)C1CCN(CC2(C)CN(c3ccc(S(=O)(=O)c4cnn(C)c4)cc3)C2)CC1,CNC(=O)O[C@@H]1CCC[C@H]1C(C#N)(c1ccccc1)C1CCN(CC2(C)CN(c3ccc(S(=O)(=O)c4cnn(C)c4)cc3)C2)CC1,CNC(=O)O[C@@H]1CCC[C@H]1C(C#N)(c1ccccc1)C1CCN(CC2(C)CN(c3ccc(S(=O)(=O)c4cnn(C)c4)cc3)C2)CC1,DDHCZSCWWXSEAD-CEVFFHDCSA-N,DDHCZSCWWXSEAD-CEVFFHDCSA-N,standardized,0.0,False,2.0,strict_exact,exact_point_estimate,weak_1uM_to_10uM,False,False,IC50,biochemical_binding,False,0.8016264149172165,0.7186633149074889,0.2347826063632965,O=C(NC1CCN(Cc2ccn(-c3ccc(C(F)(F)F)cc3)c2)CC1)N1CCn2cccc2C1c1ccccc1,False,high
STR-73D39D8A425861DCE560,IC50,biochemical_binding,1,2,1,2,1,0,0,5.6777807052660805,5.6777807052660805,5.6777807052660805,2100.0,2100.0,IC50,1,inhibitory_potency,1,biochemical_binding,1,ChEMBL;PubChem,CHEMBL5780898,Menin,2021,=,CC(C)CC1(C2CCN(CCCOc3ccc(C#N)cc3)CC2)NCCc2ccccc21,CC(C)CC1(C2CCN(CCCOc3ccc(C#N)cc3)CC2)NCCc2ccccc21,CC(C)CC1(C2CCN(CCCOc3ccc(C#N)cc3)CC2)NCCc2ccccc21,CC(C)CC1(C2CCN(CCCOc3ccc(C#N)cc3)CC2)NCCc2ccccc21,FARWFORGAOGKRE-UHFFFAOYSA-N,FARWFORGAOGKRE-UHFFFAOYSA-N,standardized,0.0,False,2.0,strict_exact,exact_point_estimate,weak_1uM_to_10uM,False,False,IC50,biochemical_binding,False,0.9702243732384009,0.19326538621687825,0.3472222089767456,OC(c1ccccc1)(c1ccccc1)C1CCN(CCCOc2ccc(-c3ccccc3)cc2)CC1,True,high
STR-D7B6A133DED6C54A6E85,IC50,biochemical_binding,1,1,0,1,1,0,0,5.671620396561263,5.671620396561263,5.671620396561263,2130.0,2130.0,IC50,1,inhibitory_potency,1,biochemical_binding,1,PubChem,156531748,Menin,2026,=,CCN(C)CCC[C@@H](C(C)C)N1CC2(CCN(c3ncnnc3Oc3ccc(F)cc3C(=O)N(CC)C(C)C)C2)C1,CCN(C)CCC[C@@H](C(C)C)N1CC2(C1)CCN(C2)C3=C(N=NC=N3)OC4=C(C=C(C=C4)F)C(=O)N(CC)C(C)C,CCN(C)CCC[C@@H](C(C)C)N1CC2(CCN(c3ncnnc3Oc3ccc(F)cc3C(=O)N(CC)C(C)C)C2)C1,CCN(C)CCC[C@@H](C(C)C)N1CC2(CCN(c3ncnnc3Oc3ccc(F)cc3C(=O)N(CC)C(C)C)C2)C1,JHZNQRHFDIODOT-SANMLTNESA-N,JHZNQRHFDIODOT-SANMLTNESA-N,standardized,0.0,False,2.0,strict_exact,exact_point_estimate,weak_1uM_to_10uM,False,False,IC50,biochemical_binding,False,0.6835430602470036,0.9004868150967746,0.6333333253860474,CCN(C(=O)c1cc(F)ccc1Oc1nncnc1N1CC2(CCN(CC3(SC)CC3)CC2)C1)C(C)C,True,medium
STR-9EC06DEFB9DB4A9951A2,IC50,biochemical_binding,1,1,0,1,1,0,0,5.665546248849069,5.665546248849069,5.665546248849069,2160.0,2160.0,IC50,1,inhibitory_potency,1,biochemical_binding,1,ChEMBL,CHEMBL2315085,Menin,2013,=,CC(=O)N[C@H]1CCCCCCCCNC(=O)[C@@H]2CCCN2C(=O)[C@H](CCCNC(=N)N)NC(=O)[C@H](C)NC(=O)[C@@H]2CCCN2C(=O)[C@H](Cc2ccccc2)NC1=O,CC(=O)N[C@H]1CCCCCCCCNC(=O)[C@@H]2CCCN2C(=O)[C@H](CCCNC(=N)N)NC(=O)[C@H](C)NC(=O)[C@@H]2CCCN2C(=O)[C@H](Cc2ccccc2)NC1=O,CC(=O)N[C@H]1CCCCCCCCNC(=O)[C@@H]2CCCN2C(=O)[C@H](CCCNC(=N)N)NC(=O)[C@H](C)NC(=O)[C@@H]2CCCN2C(=O)[C@H](Cc2ccccc2)NC1=O,CC(=O)N[C@H]1CCCCCCCCNC(=O)[C@@H]2CCCN2C(=O)[C@H](CCCNC(=N)N)NC(=O)[C@H](C)NC(=O)[C@@H]2CCCN2C(=O)[C@H](Cc2ccccc2)NC1=O,AFNRRDIWKWELBR-NABDUWAGSA-N,AFNRRDIWKWELBR-NABDUWAGSA-N,standardized,0.0,False,2.0,strict_exact,exact_point_estimate,weak_1uM_to_10uM,False,False,IC50,biochemical_binding,False,0.7877557982197619,0.7457506073848926,0.3333333432674408,CC(C)C[C@@H]1NC(=O)CNC(=O)[C@H](CCC(=O)O)NC(=O)[C@@H]2CSSC[C@H](NC(=O)[C@@H](N)Cc3ccc(O)cc3)C(=O)N[C@@H](CCC(N)=O)C(=O)N[C@@H](CCCCN)C(=O)N[C@@H](Cc3ccccc3)C(=O)N[C@@H](CC(C)C)C(=O)N[C@@H](C)C(=O)N3CCC[C@H]3C(=O)N[C@H]3CSSC[C@H](NC(=O)[C@H](C(C)C)NC1=O)C(=O)N[C@@H](CCCNC(=N)N)C(=O)N[C@@H](CC(C)C)C(=O)N[C@@H](Cc1c[nH]c4ccccc14)C(=O)N[C@H](C(=O)N[C@@H](CCCCN)C(=O)N[C@@H](CCCCN)C(=O)N[C@@H](CCCCN)C(=O)N[C@@H](CC(C)C)C(=O)N[C@@H](Cc1c[nH]c4ccccc14)C(N)=O)CSSC[C@H](NC(=O)[C@H](CCCCN)NC(=O)[C@H](CCCNC(=N)N)NC(=O)[C@H](CCC(=O)O)NC(=O)[C@H](CO)NC(=O)[C@H](CC(=O)O)NC3=O)C(=O)N2,True,high
STR-50194E6CF0AF9E3900D0,IC50,biochemical_binding,1,2,1,2,1,0,0,5.657577319177793,5.657577319177793,5.657577319177793,2200.0,2200.0,IC50,1,inhibitory_potency,1,biochemical_binding,1,ChEMBL;PubChem,CHEMBL5826660,Menin,2021,=,C=CC(=O)Nc1ccc(S(=O)(=O)c2ccc(N3CC(CN4CCC([C@](C#N)(c5cccc(F)c5)[C@H]5CCC[C@@H]5OC(=O)NC)CC4)C3)cc2)cc1,C=CC(=O)Nc1ccc(S(=O)(=O)c2ccc(N3CC(CN4CCC([C@](C#N)(c5cccc(F)c5)[C@H]5CCC[C@@H]5OC(=O)NC)CC4)C3)cc2)cc1,C=CC(=O)Nc1ccc(S(=O)(=O)c2ccc(N3CC(CN4CCC([C@](C#N)(c5cccc(F)c5)[C@H]5CCC[C@@H]5OC(=O)NC)CC4)C3)cc2)cc1,C=CC(=O)Nc1ccc(S(=O)(=O)c2ccc(N3CC(CN4CCC([C@](C#N)(c5cccc(F)c5)[C@H]5CCC[C@@H]5OC(=O)NC)CC4)C3)cc2)cc1,VDJTWLOLAUELBT-VHYZKNOSSA-N,VDJTWLOLAUELBT-VHYZKNOSSA-N,standardized,0.0,False,2.0,strict_exact,exact_point_estimate,weak_1uM_to_10uM,False,False,IC50,biochemical_binding,False,0.8825236470312745,0.5220629487113442,0.26851850748062134,CC(=O)Nc1cccc(N2CCN(CC3CCN(S(=O)(=O)CC4CCCCC4)CC3)CC2)c1,True,high
STR-6C0290A40DE07CB70C53,IC50,biochemical_binding,1,1,0,1,1,0,0,5.645891560852599,5.645891560852599,5.645891560852599,2260.0,2260.0,IC50,1,inhibitory_potency,1,biochemical_binding,1,PubChem,156531823,Menin,2026,=,CCN(C(=O)c1cc(F)ccc1Oc1nncnc1N1CCC2(C1)CN([C@@H](CCCN(C)C)C(C)C)C2)C(C)C,CCN(C(C)C)C(=O)C1=C(C=CC(=C1)F)OC2=C(N=CN=N2)N3CCC4(C3)CN(C4)[C@@H](CCCN(C)C)C(C)C,CCN(C(=O)c1cc(F)ccc1Oc1nncnc1N1CCC2(C1)CN([C@@H](CCCN(C)C)C(C)C)C2)C(C)C,CCN(C(=O)c1cc(F)ccc1Oc1nncnc1N1CCC2(C1)CN([C@@H](CCCN(C)C)C(C)C)C2)C(C)C,FNTDEOLCBADNAL-VWLOTQADSA-N,FNTDEOLCBADNAL-VWLOTQADSA-N,standardized,0.0,False,2.0,strict_exact,exact_point_estimate,weak_1uM_to_10uM,False,False,IC50,biochemical_binding,False,0.6496580003316492,0.93437311927141,0.6404494643211365,CCN(C(=O)c1cc(F)ccc1Oc1nncnc1N1CC2(CCN(CC3(SC)CC3)CC2)C1)C(C)C,True,medium
STR-E575F8E3658FABFC44D1,IC50,biochemical_binding,1,1,0,1,1,0,0,5.642065152999546,5.642065152999546,5.642065152999546,2280.0,2280.0,IC50,1,inhibitory_potency,1,biochemical_binding,1,PubChem,156531811,Menin,2026,=,CCN(C(=O)c1cc(F)ccc1Oc1nncnc1N1CCC2(C1)CN([C@@H](CCC(C)(C)N)C(C)C)C2)C(C)C,CCN(C(C)C)C(=O)C1=C(C=CC(=C1)F)OC2=C(N=CN=N2)N3CCC4(C3)CN(C4)[C@@H](CCC(C)(C)N)C(C)C,CCN(C(=O)c1cc(F)ccc1Oc1nncnc1N1CCC2(C1)CN([C@@H](CCC(C)(C)N)C(C)C)C2)C(C)C,CCN(C(=O)c1cc(F)ccc1Oc1nncnc1N1CCC2(C1)CN([C@@H](CCC(C)(C)N)C(C)C)C2)C(C)C,SYOJWXRBJAMSKA-DEOSSOPVSA-N,SYOJWXRBJAMSKA-DEOSSOPVSA-N,standardized,0.0,False,2.0,strict_exact,exact_point_estimate,weak_1uM_to_10uM,False,False,IC50,biochemical_binding,False,0.6434722557751594,0.9397631557453141,0.6263736486434937,CCN(C(=O)c1cc(F)ccc1Oc1nncnc1N1CC2(CCN(CC3(SC)CC3)CC2)C1)C(C)C,True,medium
STR-37683BE8AACC5BF07C17,IC50,biochemical_binding,1,2,1,2,1,0,0,5.638272163982407,5.638272163982407,5.638272163982407,2300.0,2300.0,IC50,1,inhibitory_potency,1,biochemical_binding,1,ChEMBL;PubChem,CHEMBL5995764,Menin,2021,=,N#Cc1ccc(NCCCN2CCC(C3(C4CCCC4)NCCc4ccccc43)CC2)cn1,N#Cc1ccc(NCCCN2CCC(C3(C4CCCC4)NCCc4ccccc43)CC2)cn1,N#Cc1ccc(NCCCN2CCC(C3(C4CCCC4)NCCc4ccccc43)CC2)cn1,N#Cc1ccc(NCCCN2CCC(C3(C4CCCC4)NCCc4ccccc43)CC2)cn1,RXXVPJSVTBSTSN-UHFFFAOYSA-N,RXXVPJSVTBSTSN-UHFFFAOYSA-N,standardized,0.0,False,2.0,strict_exact,exact_point_estimate,weak_1uM_to_10uM,False,False,IC50,biochemical_binding,False,0.9545460842186709,0.2667622220717953,0.29347825050354004,O=C(Nc1ccc(-c2nnc(NCCCN3CCC(F)CC3)o2)cc1)c1ccccc1F,True,high
STR-B4B9D6A6C03B5C8E19FC,IC50,biochemical_binding,1,2,1,2,1,0,0,5.638272163982407,5.638272163982407,5.638272163982407,2300.0,2300.0,IC50,1,inhibitory_potency,1,biochemical_binding,1,ChEMBL;PubChem,CHEMBL5943730,Menin,2021,=,N#Cc1ccc(OCCCN2CCC(C3(C4CCc5ccccc54)NCCc4ccccc43)CC2)cc1,N#Cc1ccc(OCCCN2CCC(C3(C4CCc5ccccc54)NCCc4ccccc43)CC2)cc1,N#Cc1ccc(OCCCN2CCC(C3(C4CCc5ccccc54)NCCc4ccccc43)CC2)cc1,N#Cc1ccc(OCCCN2CCC(C3(C4CCc5ccccc54)NCCc4ccccc43)CC2)cc1,DLKCNINNTMZJLD-UHFFFAOYSA-N,DLKCNINNTMZJLD-UHFFFAOYSA-N,standardized,0.0,False,2.0,strict_exact,exact_point_estimate,weak_1uM_to_10uM,False,False,IC50,biochemical_binding,False,0.9646231678880203,0.22067788430000854,0.3378378450870514,OC(c1ccccc1)(c1ccccc1)C1CCN(CCCOc2ccc(-c3ccccc3)cc2)CC1,True,high
STR-27A7903BB4E38754D8CE,IC50,biochemical_binding,2,2,0,1,2,0,0,5.6338031200885155,6.443697499232712,4.823908740944319,7680.0,360.0,IC50,1,inhibitory_potency,1,biochemical_binding,1,PubChem,156531839,Menin,2026,=,CCN(C(=O)c1cc(F)ccc1Oc1nncnc1N1CCC2(C1)CN([C@H](CCC(C)(C)NC(=O)OC(C)OC(=O)C(C)C)C(C)C)C2)C(C)C,CCN(C(C)C)C(=O)C1=C(C=CC(=C1)F)OC2=C(N=CN=N2)N3CCC4(C3)CN(C4)[C@H](CCC(C)(C)NC(=O)OC(C)OC(=O)C(C)C)C(C)C,CCN(C(=O)c1cc(F)ccc1Oc1nncnc1N1CCC2(C1)CN([C@H](CCC(C)(C)NC(=O)OC(C)OC(=O)C(C)C)C(C)C)C2)C(C)C,CCN(C(=O)c1cc(F)ccc1Oc1nncnc1N1CCC2(C1)CN([C@H](CCC(C)(C)NC(=O)OC(C)OC(=O)C(C)C)C(C)C)C2)C(C)C,VDDFYFCARPBVRN-BNGNXUGRSA-N,VDDFYFCARPBVRN-BNGNXUGRSA-N,standardized,1.6197887582883936,False,2.0,strict_exact,exact_point_estimate,weak_1uM_to_10uM,False,False,IC50,biochemical_binding,False,0.6930164783649239,0.8896607117491047,0.5588235259056091,CCN(C(=O)c1cc(F)ccc1Oc1nncnc1N1CC2(CCN(CC3(SC)CC3)CC2)C1)C(C)C,True,medium
STR-69B6B26B9F45D1509A0C,IC50,biochemical_binding,1,2,1,2,1,0,0,5.619788758288394,5.619788758288394,5.619788758288394,2400.0,2400.0,IC50,1,inhibitory_potency,1,biochemical_binding,1,ChEMBL;PubChem,CHEMBL5969404,Menin,2021,=,COC(=O)N[C@H]1CCC[C@@H]1C(C#N)(c1ccccc1)C1CCN(CC2CN(c3ccccc3)C2)CC1,COC(=O)N[C@H]1CCC[C@@H]1C(C#N)(c1ccccc1)C1CCN(CC2CN(c3ccccc3)C2)CC1,COC(=O)N[C@H]1CCC[C@@H]1C(C#N)(c1ccccc1)C1CCN(CC2CN(c3ccccc3)C2)CC1,COC(=O)N[C@H]1CCC[C@@H]1C(C#N)(c1ccccc1)C1CCN(CC2CN(c3ccccc3)C2)CC1,MNGQIKMTYLJNRO-SRBHEWTHSA-N,MNGQIKMTYLJNRO-SRBHEWTHSA-N,standardized,0.0,False,2.0,strict_exact,exact_point_estimate,weak_1uM_to_10uM,False,False,IC50,biochemical_binding,False,0.9196144965337589,0.40353608113784634,0.2906976640224457,O=C(O)c1cccc(N2CCC(CN3CCC(Oc4ccc(Cl)c(Cl)c4)CC3)CC2)c1,True,high
STR-840734C0880BD661CE77,IC50,biochemical_binding,1,1,0,1,1,0,0,5.619788758288394,5.619788758288394,5.619788758288394,2400.0,2400.0,IC50,1,inhibitory_potency,1,biochemical_binding,1,ChEMBL,CHEMBL3696181,Menin,2015,=,CC(C)c1cc2c(N3CCN(c4nnc(C(F)(F)F)s4)CC3)ncnc2s1,CC(C)c1cc2c(N3CCN(c4nnc(C(F)(F)F)s4)CC3)ncnc2s1,CC(C)c1cc2c(N3CCN(c4nnc(C(F)(F)F)s4)CC3)ncnc2s1,CC(C)c1cc2c(N3CCN(c4nnc(C(F)(F)F)s4)CC3)ncnc2s1,KBXPWJNRCSDHFW-UHFFFAOYSA-N,KBXPWJNRCSDHFW-UHFFFAOYSA-N,standardized,0.0,False,2.0,strict_exact,exact_point_estimate,weak_1uM_to_10uM,False,False,IC50,biochemical_binding,False,0.871514980068229,0.553268659336288,0.239130437374115,CC(C)c1c(N)ncnc1N1CCC(c2nc(-c3ccc(F)c(C(F)(F)F)c3)cn2CCN2CCC2)CC1,False,high
STR-9AB451B80BF4E04E2781,IC50,biochemical_binding,1,1,0,1,1,0,0,5.616184634019569,5.616184634019569,5.616184634019569,2420.0,2420.0,IC50,1,inhibitory_potency,1,biochemical_binding,1,PubChem,156531835,Menin,2026,=,CCN(C(=O)c1cc(F)ccc1Oc1nncnc1N1CCC2(C1)CN(C(CCNC(C)=O)C(C)C)C2)C(C)C,CCN(C(C)C)C(=O)C1=C(C=CC(=C1)F)OC2=C(N=CN=N2)N3CCC4(C3)CN(C4)C(CCNC(=O)C)C(C)C,CCN(C(=O)c1cc(F)ccc1Oc1nncnc1N1CCC2(C1)CN(C(CCNC(C)=O)C(C)C)C2)C(C)C,CCN(C(=O)c1cc(F)ccc1Oc1nncnc1N1CCC2(C1)CN(C(CCNC(C)=O)C(C)C)C2)C(C)C,JUBAVUUSHQTHTO-UHFFFAOYSA-N,JUBAVUUSHQTHTO-UHFFFAOYSA-N,standardized,0.0,False,2.0,strict_exact,exact_point_estimate,weak_1uM_to_10uM,False,False,IC50,biochemical_binding,False,0.596054186726422,0.9732120022128952,0.6263736486434937,CCN(C(=O)c1cc(F)ccc1Oc1nncnc1N1CC2(CCN(CC3(SC)CC3)CC2)C1)C(C)C,True,medium
STR-FBA598C340B2023BE63F,IC50,biochemical_binding,1,1,0,1,1,0,0,5.614393726401688,5.614393726401688,5.614393726401688,2430.0,2430.0,IC50,1,inhibitory_potency,1,biochemical_binding,1,PubChem,156531450,Menin,2026,=,CC(C)[C@H](CCCN(C)C)N1CC2(CCN(c3ncnnc3Oc3ccc(F)cc3C(=O)N(C(C)C)C(C)C)C2)C1,CC(C)[C@H](CCCN(C)C)N1CC2(C1)CCN(C2)C3=C(N=NC=N3)OC4=C(C=C(C=C4)F)C(=O)N(C(C)C)C(C)C,CC(C)[C@H](CCCN(C)C)N1CC2(CCN(c3ncnnc3Oc3ccc(F)cc3C(=O)N(C(C)C)C(C)C)C2)C1,CC(C)[C@H](CCCN(C)C)N1CC2(CCN(c3ncnnc3Oc3ccc(F)cc3C(=O)N(C(C)C)C(C)C)C2)C1,JMYCKYHWTOYVCO-SANMLTNESA-N,JMYCKYHWTOYVCO-SANMLTNESA-N,standardized,0.0,False,2.0,strict_exact,exact_point_estimate,weak_1uM_to_10uM,False,False,IC50,biochemical_binding,False,0.6597124265836413,0.9250936271669239,0.5376344323158264,CCN(C(=O)c1cc(F)ccc1Oc1nncnc1N1CC2(CCN(CC3(SC)CC3)CC2)C1)C(C)C,True,medium
STR-6CA56A9373037E1AABA1,IC50,biochemical_binding,1,2,1,2,1,0,0,5.6020599913279625,5.6020599913279625,5.6020599913279625,2500.0,2500.0,IC50,1,inhibitory_potency,1,biochemical_binding,1,ChEMBL;PubChem,CHEMBL5891588,Menin,2021,=,CC(=O)N[C@@H]1CCC[C@H]1C(C#N)(c1ccccc1)C1CCN(CC2CN(c3ccc(C#N)cc3)C2)CC1,CC(=O)N[C@@H]1CCC[C@H]1C(C#N)(c1ccccc1)C1CCN(CC2CN(c3ccc(C#N)cc3)C2)CC1,CC(=O)N[C@@H]1CCC[C@H]1C(C#N)(c1ccccc1)C1CCN(CC2CN(c3ccc(C#N)cc3)C2)CC1,CC(=O)N[C@@H]1CCC[C@H]1C(C#N)(c1ccccc1)C1CCN(CC2CN(c3ccc(C#N)cc3)C2)CC1,FFGIAMNWBZNVQQ-KCUXUGRMSA-N,FFGIAMNWBZNVQQ-KCUXUGRMSA-N,standardized,0.0,False,2.0,strict_exact,exact_point_estimate,weak_1uM_to_10uM,False,False,IC50,biochemical_binding,False,0.9207540116900418,0.3995167950854637,0.3404255211353302,N#Cc1ccc(N2CCN(Cc3cc(C(=O)N[C@H]4CCCC[C@@H]4O)c(=O)n4ccccc34)CC2)cc1,True,high
STR-2E19648BD2890AA2BB83,IC50,biochemical_binding,1,1,0,1,1,0,0,5.598599459218455,5.598599459218455,5.598599459218455,2520.0,2520.0,IC50,1,inhibitory_potency,1,biochemical_binding,1,ChEMBL,CHEMBL2314576,Menin,2013,=,N=C(N)NCCC[C@@H]1NC(=O)C2(CCC2)NC(=O)[C@@H]2CCCN2C(=O)[C@H](Cc2cccc(C(F)(F)F)c2)NC(=O)[C@@H](N)CCCCCCCCNC(=O)[C@@H]2CCCN2C1=O,N=C(N)NCCC[C@@H]1NC(=O)C2(CCC2)NC(=O)[C@@H]2CCCN2C(=O)[C@H](Cc2cccc(C(F)(F)F)c2)NC(=O)[C@@H](N)CCCCCCCCNC(=O)[C@@H]2CCCN2C1=O,N=C(N)NCCC[C@@H]1NC(=O)C2(CCC2)NC(=O)[C@@H]2CCCN2C(=O)[C@H](Cc2cccc(C(F)(F)F)c2)NC(=O)[C@@H](N)CCCCCCCCNC(=O)[C@@H]2CCCN2C1=O,N=C(N)NCCC[C@@H]1NC(=O)C2(CCC2)NC(=O)[C@@H]2CCCN2C(=O)[C@H](Cc2cccc(C(F)(F)F)c2)NC(=O)[C@@H](N)CCCCCCCCNC(=O)[C@@H]2CCCN2C1=O,NZEMZUWYAUUNJU-XDIGFQIYSA-N,NZEMZUWYAUUNJU-XDIGFQIYSA-N,standardized,0.0,False,2.0,strict_exact,exact_point_estimate,weak_1uM_to_10uM,False,False,IC50,biochemical_binding,False,0.8487005556592108,0.6130826340195721,0.25,O=C(N[C@H]1CC[C@H]2CN(Cc3cccc(C(F)(F)F)c3)C[C@H]21)C(C1CCCCC1)C1CCCCC1,True,high
STR-F91EC5999F2BF329A3B8,IC50,biochemical_binding,1,1,0,1,1,0,0,5.59176003468815,5.59176003468815,5.59176003468815,2560.0,2560.0,IC50,1,inhibitory_potency,1,biochemical_binding,1,PubChem,156531589,Menin,2026,=,CC(C)[C@H](CCCN(C)C)N1CC2(CCN(c3ccnnc3Oc3ccc(F)cc3C(=O)N(C(C)C)C(C)C)C2)C1,CC(C)[C@H](CCCN(C)C)N1CC2(C1)CCN(C2)C3=C(N=NC=C3)OC4=C(C=C(C=C4)F)C(=O)N(C(C)C)C(C)C,CC(C)[C@H](CCCN(C)C)N1CC2(CCN(c3ccnnc3Oc3ccc(F)cc3C(=O)N(C(C)C)C(C)C)C2)C1,CC(C)[C@H](CCCN(C)C)N1CC2(CCN(c3ccnnc3Oc3ccc(F)cc3C(=O)N(C(C)C)C(C)C)C2)C1,MMASTHCMDVBHKI-MHZLTWQESA-N,MMASTHCMDVBHKI-MHZLTWQESA-N,standardized,0.0,False,2.0,strict_exact,exact_point_estimate,weak_1uM_to_10uM,False,False,IC50,biochemical_binding,False,0.7465144891805764,0.8167559333949623,0.41999998688697815,CCN(C(=O)c1cc(F)ccc1Oc1nncnc1N1CC2(CCN(CC3(SC)CC3)CC2)C1)C(C)C,True,high
STR-0EB8573BEAC1C0A492BB,IC50,biochemical_binding,1,2,1,2,1,0,0,5.585026652029182,5.585026652029182,5.585026652029182,2600.0,2600.0,IC50,1,inhibitory_potency,1,biochemical_binding,1,ChEMBL;PubChem,CHEMBL5932458,Menin,2021,=,CC(=O)O[C@@H]1CCC[C@H]1C(C#N)(c1ccccc1)C1CCN(CC2CN(c3ccc(S(C)(=O)=O)cc3)C2)CC1,CC(=O)O[C@@H]1CCC[C@H]1C(C#N)(c1ccccc1)C1CCN(CC2CN(c3ccc(S(C)(=O)=O)cc3)C2)CC1,CC(=O)O[C@@H]1CCC[C@H]1C(C#N)(c1ccccc1)C1CCN(CC2CN(c3ccc(S(C)(=O)=O)cc3)C2)CC1,CC(=O)O[C@@H]1CCC[C@H]1C(C#N)(c1ccccc1)C1CCN(CC2CN(c3ccc(S(C)(=O)=O)cc3)C2)CC1,SDSJQZYQLKUFBE-KCUXUGRMSA-N,SDSJQZYQLKUFBE-KCUXUGRMSA-N,standardized,0.0,False,2.0,strict_exact,exact_point_estimate,weak_1uM_to_10uM,False,False,IC50,biochemical_binding,False,0.908498454667329,0.44146202023159586,0.29885056614875793,CN(C(=O)Cc1ccc(S(C)(=O)=O)cc1)C1CCN(Cc2ccc(C(F)(F)F)cc2)CC1,True,high
STR-79F48E1A5DF36F1BBEBF,IC50,biochemical_binding,1,1,0,1,1,0,0,5.585026652029182,5.585026652029182,5.585026652029182,2600.0,2600.0,IC50,1,inhibitory_potency,1,biochemical_binding,1,PubChem,156532044,Menin,2026,=,CCN(C(=O)c1cc(F)ccc1Oc1nncnc1N1CCC2(C1)CN([C@@H](CCC(C)(C)NC)C(C)C)C2)C(C)C,CCN(C(C)C)C(=O)C1=C(C=CC(=C1)F)OC2=C(N=CN=N2)N3CCC4(C3)CN(C4)[C@@H](CCC(C)(C)NC)C(C)C,CCN(C(=O)c1cc(F)ccc1Oc1nncnc1N1CCC2(C1)CN([C@@H](CCC(C)(C)NC)C(C)C)C2)C(C)C,CCN(C(=O)c1cc(F)ccc1Oc1nncnc1N1CCC2(C1)CN([C@@H](CCC(C)(C)NC)C(C)C)C2)C(C)C,DWGJLXQABXXXMP-VWLOTQADSA-N,DWGJLXQABXXXMP-VWLOTQADSA-N,standardized,0.0,False,2.0,strict_exact,exact_point_estimate,weak_1uM_to_10uM,False,False,IC50,biochemical_binding,False,0.6253607587587099,0.9541677355210845,0.6195651888847351,CCN(C(=O)c1cc(F)ccc1Oc1nncnc1N1CC2(CCN(CC3(SC)CC3)CC2)C1)C(C)C,True,medium
STR-9125B3088394B1E7CAA4,IC50,biochemical_binding,1,2,1,2,1,0,0,5.568636235841012,5.568636235841012,5.568636235841012,2700.0,2700.0,IC50,1,inhibitory_potency,1,biochemical_binding,1,ChEMBL;PubChem,CHEMBL5820302,Menin,2021,=,CS(=O)(=O)c1ccc(N2CC(CN3CCC(C4(C5CCCC5)C(=O)N(Cc5ccccc5)Cc5ccccc54)CC3)C2)cc1,CS(=O)(=O)c1ccc(N2CC(CN3CCC(C4(C5CCCC5)C(=O)N(Cc5ccccc5)Cc5ccccc54)CC3)C2)cc1,CS(=O)(=O)c1ccc(N2CC(CN3CCC(C4(C5CCCC5)C(=O)N(Cc5ccccc5)Cc5ccccc54)CC3)C2)cc1,CS(=O)(=O)c1ccc(N2CC(CN3CCC(C4(C5CCCC5)C(=O)N(Cc5ccccc5)Cc5ccccc54)CC3)C2)cc1,GELPSPAMNVFMSM-UHFFFAOYSA-N,GELPSPAMNVFMSM-UHFFFAOYSA-N,standardized,0.0,False,2.0,strict_exact,exact_point_estimate,weak_1uM_to_10uM,False,False,IC50,biochemical_binding,False,0.9384515352388472,0.3335613227221087,0.2800000011920929,O=S(=O)(c1ccccc1)C1CCN(CCc2ccccc2)CC1,True,high
STR-9D5FA8EC64504ACC3524,IC50,biochemical_binding,1,2,1,2,1,0,0,5.568636235841012,5.568636235841012,5.568636235841012,2700.0,2700.0,IC50,1,inhibitory_potency,1,biochemical_binding,1,ChEMBL;PubChem,CHEMBL5819596,Menin,2021,=,CO[C@@H]1CCC[C@H]1C1(C2CCN(CCCOc3ccc(C#N)cc3)CC2)CN(C)Cc2ccccc21,CO[C@@H]1CCC[C@H]1C1(C2CCN(CCCOc3ccc(C#N)cc3)CC2)CN(C)Cc2ccccc21,CO[C@@H]1CCC[C@H]1C1(C2CCN(CCCOc3ccc(C#N)cc3)CC2)CN(C)Cc2ccccc21,CO[C@@H]1CCC[C@H]1C1(C2CCN(CCCOc3ccc(C#N)cc3)CC2)CN(C)Cc2ccccc21,MWEDWZMQICDMIU-KCUXUGRMSA-N,MWEDWZMQICDMIU-KCUXUGRMSA-N,standardized,0.0,False,2.0,strict_exact,exact_point_estimate,weak_1uM_to_10uM,False,False,IC50,biochemical_binding,False,0.9359377944099192,0.3433636188714041,0.3466666638851166,COc1ccccc1-c1ccc(OCCCN2CCCCC2)cc1,True,high
STR-BF401908AD838E3D878A,IC50,biochemical_binding,1,2,1,2,1,0,0,5.568636235841012,5.568636235841012,5.568636235841012,2700.0,2700.0,IC50,1,inhibitory_potency,1,biochemical_binding,1,ChEMBL;PubChem,CHEMBL5779827,Menin,2021,=,COC(=O)N[C@@H]1CCC[C@H]1C(C#N)(c1ccccc1)C1CCN(CC2CN(c3ccc(S(=O)(=O)c4ccc(C(=O)O)cc4)cc3)C2)CC1,COC(=O)N[C@@H]1CCC[C@H]1C(C#N)(c1ccccc1)C1CCN(CC2CN(c3ccc(S(=O)(=O)c4ccc(C(=O)O)cc4)cc3)C2)CC1,COC(=O)N[C@@H]1CCC[C@H]1C(C#N)(c1ccccc1)C1CCN(CC2CN(c3ccc(S(=O)(=O)c4ccc(C(=O)O)cc4)cc3)C2)CC1,COC(=O)N[C@@H]1CCC[C@H]1C(C#N)(c1ccccc1)C1CCN(CC2CN(c3ccc(S(=O)(=O)c4ccc(C(=O)O)cc4)cc3)C2)CC1,YYRTZOYRPFJVQM-CKTNNRQRSA-N,YYRTZOYRPFJVQM-CKTNNRQRSA-N,standardized,0.0,False,2.0,strict_exact,exact_point_estimate,weak_1uM_to_10uM,False,False,IC50,biochemical_binding,False,0.8461505171993936,0.6193903819531937,0.3333333432674408,O=C(O)c1ccc(N2CCC(CN3CCC(Oc4ccc(Cl)c(Cl)c4)CC3)CC2)cc1,True,high
STR-876F949BC6A8C1B80B12,IC50,biochemical_binding,1,1,0,1,1,0,0,5.560667306169737,5.560667306169737,5.560667306169737,2750.0,2750.0,IC50,1,inhibitory_potency,1,biochemical_binding,1,PubChem,156531894,Menin,2026,=,CCN(C(=O)c1cc(F)ccc1Oc1nncnc1N1CCC2(C1)CN([C@@H](CCCN(C)CCOC)C(C)C)C2)C(C)C,CCN(C(C)C)C(=O)C1=C(C=CC(=C1)F)OC2=C(N=CN=N2)N3CCC4(C3)CN(C4)[C@@H](CCCN(C)CCOC)C(C)C,CCN(C(=O)c1cc(F)ccc1Oc1nncnc1N1CCC2(C1)CN([C@@H](CCCN(C)CCOC)C(C)C)C2)C(C)C,CCN(C(=O)c1cc(F)ccc1Oc1nncnc1N1CCC2(C1)CN([C@@H](CCCN(C)CCOC)C(C)C)C2)C(C)C,PDUGAXSIWNMIBQ-MHZLTWQESA-N,PDUGAXSIWNMIBQ-MHZLTWQESA-N,standardized,0.0,False,2.0,strict_exact,exact_point_estimate,weak_1uM_to_10uM,False,False,IC50,biochemical_binding,False,0.6987209062566999,0.8828488383616742,0.6000000238418579,CCN(C(=O)c1cc(F)ccc1Oc1nncnc1N1CC2(CCN(CC3(SC)CC3)CC2)C1)C(C)C,True,medium
STR-2AFD93E7E8064B3E49E2,IC50,biochemical_binding,1,2,1,2,1,0,0,5.552841968657781,5.552841968657781,5.552841968657781,2800.0,2800.0,IC50,1,inhibitory_potency,1,biochemical_binding,1,ChEMBL;PubChem,CHEMBL5934264,Menin,2021,=,C=CCC1(C2CCN(CCCOc3ccc(C#N)cc3)CC2)NCCc2ccccc21,C=CCC1(C2CCN(CCCOc3ccc(C#N)cc3)CC2)NCCc2ccccc21,C=CCC1(C2CCN(CCCOc3ccc(C#N)cc3)CC2)NCCc2ccccc21,C=CCC1(C2CCN(CCCOc3ccc(C#N)cc3)CC2)NCCc2ccccc21,SQFCVBDBQOSYCW-UHFFFAOYSA-N,SQFCVBDBQOSYCW-UHFFFAOYSA-N,standardized,0.0,False,2.0,strict_exact,exact_point_estimate,weak_1uM_to_10uM,False,False,IC50,biochemical_binding,False,0.9659154423240789,0.21447919087613979,0.34246575832366943,OC(c1ccccc1)(c1ccccc1)C1CCN(CCCOc2ccc(-c3ccccc3)cc2)CC1,True,high
STR-CC05FA7F39995CB495AE,IC50,biochemical_binding,1,2,1,2,1,0,0,5.552841968657781,5.552841968657781,5.552841968657781,2800.0,2800.0,IC50,1,inhibitory_potency,1,biochemical_binding,1,ChEMBL;PubChem,CHEMBL5961379,Menin,2021,=,CCCCC(=O)c1cc2cc(CCN3CCC(C4(C5CCCC5)NCCc5ccccc54)CC3)ccc2n1C,CCCCC(=O)c1cc2cc(CCN3CCC(C4(C5CCCC5)NCCc5ccccc54)CC3)ccc2n1C,CCCCC(=O)c1cc2cc(CCN3CCC(C4(C5CCCC5)NCCc5ccccc54)CC3)ccc2n1C,CCCCC(=O)c1cc2cc(CCN3CCC(C4(C5CCCC5)NCCc5ccccc54)CC3)ccc2n1C,FQXIHTFGGJAHCW-UHFFFAOYSA-N,FQXIHTFGGJAHCW-UHFFFAOYSA-N,standardized,0.0,False,2.0,strict_exact,exact_point_estimate,weak_1uM_to_10uM,False,False,IC50,biochemical_binding,False,0.9468350250957552,0.2996923670899705,0.3100000023841858,CCCC(=O)NC1CCc2ccc(CCN3CCN(c4nsc5ccccc45)CC3)cc21,True,high
STR-6CAE53F54456642C32C0,IC50,biochemical_binding,1,1,0,1,1,0,0,5.546681659952963,5.546681659952963,5.546681659952963,2840.0,2840.0,IC50,1,inhibitory_potency,1,biochemical_binding,1,PubChem,156532005,Menin,2026,=,CCN(C(=O)c1cc(F)ccc1Oc1nncnc1N1CCC2(C1)CN([C@@H](CCC(C)(C)N(C)C)C(C)C)C2)C(C)C,CCN(C(C)C)C(=O)C1=C(C=CC(=C1)F)OC2=C(N=CN=N2)N3CCC4(C3)CN(C4)[C@@H](CCC(C)(C)N(C)C)C(C)C,CCN(C(=O)c1cc(F)ccc1Oc1nncnc1N1CCC2(C1)CN([C@@H](CCC(C)(C)N(C)C)C(C)C)C2)C(C)C,CCN(C(=O)c1cc(F)ccc1Oc1nncnc1N1CCC2(C1)CN([C@@H](CCC(C)(C)N(C)C)C(C)C)C2)C(C)C,BKJAOQMLDWABBS-SANMLTNESA-N,BKJAOQMLDWABBS-SANMLTNESA-N,standardized,0.0,False,2.0,strict_exact,exact_point_estimate,weak_1uM_to_10uM,False,False,IC50,biochemical_binding,False,0.6743274509135242,0.9104438036329159,0.6195651888847351,CCN(C(=O)c1cc(F)ccc1Oc1nncnc1N1CC2(CCN(CC3(SC)CC3)CC2)C1)C(C)C,True,medium
STR-135D463A1137C39C5816,IC50,biochemical_binding,1,1,0,1,1,0,0,5.522878745280337,5.522878745280337,5.522878745280337,3000.0,3000.0,IC50,1,inhibitory_potency,1,biochemical_binding,1,ChEMBL,CHEMBL4533602,Menin,2019,=,N#Cc1ccc(N2CC(CN3CCC(C(C#N)(c4ccccc4)C4CCCC4)CC3)C2)cc1,N#Cc1ccc(N2CC(CN3CCC(C(C#N)(c4ccccc4)C4CCCC4)CC3)C2)cc1,N#Cc1ccc(N2CC(CN3CCC(C(C#N)(c4ccccc4)C4CCCC4)CC3)C2)cc1,N#Cc1ccc(N2CC(CN3CCC(C(C#N)(c4ccccc4)C4CCCC4)CC3)C2)cc1,CYEDNGNZORFGTK-UHFFFAOYSA-N,CYEDNGNZORFGTK-UHFFFAOYSA-N,standardized,0.0,False,2.0,strict_exact,exact_point_estimate,weak_1uM_to_10uM,False,False,IC50,biochemical_binding,False,0.9504984840851778,0.2842756473356113,0.34328359365463257,N#Cc1ccc(N2CCC3(CCN(CCc4ccccc4)C3)C2)cc1,True,high
STR-5472A1D1C6965F08A7DA,IC50,biochemical_binding,1,2,1,2,1,0,0,5.522878745280337,5.522878745280337,5.522878745280337,3000.0,3000.0,IC50,1,inhibitory_potency,1,biochemical_binding,1,ChEMBL;PubChem,CHEMBL5985714,Menin,2021,=,C=C(C)CC1(C2CCN(CCCOc3ccc(C#N)cc3)CC2)NCCc2ccccc21,C=C(C)CC1(C2CCN(CCCOc3ccc(C#N)cc3)CC2)NCCc2ccccc21,C=C(C)CC1(C2CCN(CCCOc3ccc(C#N)cc3)CC2)NCCc2ccccc21,C=C(C)CC1(C2CCN(CCCOc3ccc(C#N)cc3)CC2)NCCc2ccccc21,BJWRQZGJMPXJHK-UHFFFAOYSA-N,BJWRQZGJMPXJHK-UHFFFAOYSA-N,standardized,0.0,False,2.0,strict_exact,exact_point_estimate,weak_1uM_to_10uM,False,False,IC50,biochemical_binding,False,0.9598460295869192,0.24299769286308712,0.3561643958091736,OC(c1ccccc1)(c1ccccc1)C1CCN(CCCOc2ccc(-c3ccccc3)cc2)CC1,True,high
STR-8E3630FC0BF9AADB03BC,IC50,biochemical_binding,1,2,1,2,1,0,0,5.508638306165727,5.508638306165727,5.508638306165727,3100.0,3100.0,IC50,1,inhibitory_potency,1,biochemical_binding,1,ChEMBL;PubChem,CHEMBL6055006,Menin,2021,=,O=C(CN1CCC(C2(C3CCCC3)NCCc3ccccc32)CC1)N1CCCC1,O=C(CN1CCC(C2(C3CCCC3)NCCc3ccccc32)CC1)N1CCCC1,O=C(CN1CCC(C2(C3CCCC3)NCCc3ccccc32)CC1)N1CCCC1,O=C(CN1CCC(C2(C3CCCC3)NCCc3ccccc32)CC1)N1CCCC1,ULPLABDYXSMZQH-UHFFFAOYSA-N,ULPLABDYXSMZQH-UHFFFAOYSA-N,standardized,0.0,False,2.0,strict_exact,exact_point_estimate,weak_1uM_to_10uM,False,False,IC50,biochemical_binding,False,0.8497534573205161,0.6104569341215551,0.29729729890823364,O=C(CNCC1(O)CCCCC1)N1CCc2ccccc2[C@H]1C1CCCCC1,True,high
STR-E71EA49855240EBB6F7C,IC50,biochemical_binding,1,2,1,2,1,0,0,5.508638306165727,5.508638306165727,5.508638306165727,3100.0,3100.0,IC50,1,inhibitory_potency,1,biochemical_binding,1,ChEMBL;PubChem,CHEMBL5955526,Menin,2021,=,CNC(=O)O[C@@H]1CCC[C@H]1C(C#N)(c1ccccc1)C1CCN(CC2CN(c3ccc(C#N)cc3)C2)CC1,CNC(=O)O[C@@H]1CCC[C@H]1C(C#N)(c1ccccc1)C1CCN(CC2CN(c3ccc(C#N)cc3)C2)CC1,CNC(=O)O[C@@H]1CCC[C@H]1C(C#N)(c1ccccc1)C1CCN(CC2CN(c3ccc(C#N)cc3)C2)CC1,CNC(=O)O[C@@H]1CCC[C@H]1C(C#N)(c1ccccc1)C1CCN(CC2CN(c3ccc(C#N)cc3)C2)CC1,IFDKQQVTCZCWIE-FYZJSYNQSA-N,IFDKQQVTCZCWIE-FYZJSYNQSA-N,standardized,0.0,False,2.0,strict_exact,exact_point_estimate,weak_1uM_to_10uM,False,False,IC50,biochemical_binding,False,0.9098885625199384,0.4368416715097781,0.3068181872367859,N#Cc1ccc(N2CCN(Cc3cc(C(=O)O)c(=O)n4ccccc34)CC2)cc1,True,high
STR-919E61E523A8F795DCEC,IC50,biochemical_binding,1,2,1,2,1,0,0,5.494850021680094,5.494850021680094,5.494850021680094,3200.0,3200.0,IC50,1,inhibitory_potency,1,biochemical_binding,1,ChEMBL;PubChem,CHEMBL5979427,Menin,2021,=,N#Cc1ccc(OCCCN2CCC(C3(C4CCCC4)COCc4ccccc43)CC2)cc1,N#Cc1ccc(OCCCN2CCC(C3(C4CCCC4)COCc4ccccc43)CC2)cc1,N#Cc1ccc(OCCCN2CCC(C3(C4CCCC4)COCc4ccccc43)CC2)cc1,N#Cc1ccc(OCCCN2CCC(C3(C4CCCC4)COCc4ccccc43)CC2)cc1,IYPQFUSXZIHDJV-UHFFFAOYSA-N,IYPQFUSXZIHDJV-UHFFFAOYSA-N,standardized,0.0,False,2.0,strict_exact,exact_point_estimate,weak_1uM_to_10uM,False,False,IC50,biochemical_binding,False,0.967003079657954,0.20920547054941963,0.380952388048172,c1cc(C2CCCCC2)ccc1OCCCN1CCCCC1,True,high
STR-AA65E7D5BF8C15D9F669,IC50,biochemical_binding,1,2,1,2,1,0,0,5.494850021680094,5.494850021680094,5.494850021680094,3200.0,3200.0,IC50,1,inhibitory_potency,1,biochemical_binding,1,ChEMBL;PubChem,CHEMBL6050075,Menin,2021,=,CNC(=O)[C@H]1CCC[C@@H]1C(C#N)(c1ccccc1)C1CCN(CC2CN(c3ccc(S(=O)(=O)C4CC4)cc3)C2)CC1,CNC(=O)[C@H]1CCC[C@@H]1C(C#N)(c1ccccc1)C1CCN(CC2CN(c3ccc(S(=O)(=O)C4CC4)cc3)C2)CC1,CNC(=O)[C@H]1CCC[C@@H]1C(C#N)(c1ccccc1)C1CCN(CC2CN(c3ccc(S(=O)(=O)C4CC4)cc3)C2)CC1,CNC(=O)[C@H]1CCC[C@@H]1C(C#N)(c1ccccc1)C1CCN(CC2CN(c3ccc(S(=O)(=O)C4CC4)cc3)C2)CC1,RSYFWDSPKNNWTP-KZNDPDLVSA-N,RSYFWDSPKNNWTP-KZNDPDLVSA-N,standardized,0.0,False,2.0,strict_exact,exact_point_estimate,weak_1uM_to_10uM,False,False,IC50,biochemical_binding,False,0.8780727541845142,0.5348754182110493,0.3086419701576233,O=C(CN1CCC(S(=O)(=O)c2ccccc2)CC1)c1ccc(F)cc1,True,high
STR-A540B6064EC41BB600F8,IC50,biochemical_binding,1,2,1,2,1,0,0,5.484126156288321,5.484126156288321,5.484126156288321,3280.0,3280.0,IC50,1,inhibitory_potency,1,biochemical_binding,1,ChEMBL;PubChem,CHEMBL5757788,Menin,2021,=,CC(=O)O[C@@H]1CCC[C@H]1C(C#N)(c1cccc(F)c1)C1CCN(CC2CN(c3ccc(C#N)cc3)C2)CC1,CC(=O)O[C@@H]1CCC[C@H]1C(C#N)(c1cccc(F)c1)C1CCN(CC2CN(c3ccc(C#N)cc3)C2)CC1,CC(=O)O[C@@H]1CCC[C@H]1C(C#N)(c1cccc(F)c1)C1CCN(CC2CN(c3ccc(C#N)cc3)C2)CC1,CC(=O)O[C@@H]1CCC[C@H]1C(C#N)(c1cccc(F)c1)C1CCN(CC2CN(c3ccc(C#N)cc3)C2)CC1,KXPSUXIZTPMMPF-KCUXUGRMSA-N,KXPSUXIZTPMMPF-KCUXUGRMSA-N,standardized,0.0,False,2.0,strict_exact,exact_point_estimate,weak_1uM_to_10uM,False,False,IC50,biochemical_binding,False,0.9002543250104922,0.4681888835707448,0.3396226465702057,CCn1nc(Cc2ccc(C#N)cc2)cc1C1CCN(C[C@H]2CN([C@@H](C(=O)O)C(C)(C)C)C[C@@H]2c2cccc(F)c2)CC1,True,high
STR-00A1D39E2CC2B5C8F906,IC50,biochemical_binding,1,2,1,2,1,0,0,5.481486060122112,5.481486060122112,5.481486060122112,3300.0,3300.0,IC50,1,inhibitory_potency,1,biochemical_binding,1,ChEMBL;PubChem,CHEMBL6017609,Menin,2021,=,CS(=O)(=O)C[C@@H]1CCC[C@H]1C(C#N)(c1ccccc1)C1CCN(CC2CN(c3ccc(S(=O)(=O)c4ccncc4)cc3)C2)CC1,CS(=O)(=O)C[C@@H]1CCC[C@H]1C(C#N)(c1ccccc1)C1CCN(CC2CN(c3ccc(S(=O)(=O)c4ccncc4)cc3)C2)CC1,CS(=O)(=O)C[C@@H]1CCC[C@H]1C(C#N)(c1ccccc1)C1CCN(CC2CN(c3ccc(S(=O)(=O)c4ccncc4)cc3)C2)CC1,CS(=O)(=O)C[C@@H]1CCC[C@H]1C(C#N)(c1ccccc1)C1CCN(CC2CN(c3ccc(S(=O)(=O)c4ccncc4)cc3)C2)CC1,IECWYAQPPKAUSB-MVBJGFHDSA-N,IECWYAQPPKAUSB-MVBJGFHDSA-N,standardized,0.0,False,2.0,strict_exact,exact_point_estimate,weak_1uM_to_10uM,False,False,IC50,biochemical_binding,False,0.9228335062523345,0.3921156024613359,0.25531914830207825,O=C(O)Cc1ccc(N2CCC(CN3CCC(Oc4ccc(Cl)c(Cl)c4)CC3)CC2)cc1,True,high
STR-E5059C295BEFCBEAC7A4,IC50,biochemical_binding,1,2,1,2,1,0,0,5.481486060122112,5.481486060122112,5.481486060122112,3300.0,3300.0,IC50,1,inhibitory_potency,1,biochemical_binding,1,ChEMBL;PubChem,CHEMBL5901057,Menin,2021,=,CC(=O)N[C@@H]1CCC[C@H]1C(C#N)(c1ccccc1)C1CCN(CC2CN(c3ccc(S(=O)(=O)C4CC4)cc3)C2)CC1,CC(=O)N[C@@H]1CCC[C@H]1C(C#N)(c1ccccc1)C1CCN(CC2CN(c3ccc(S(=O)(=O)C4CC4)cc3)C2)CC1,CC(=O)N[C@@H]1CCC[C@H]1C(C#N)(c1ccccc1)C1CCN(CC2CN(c3ccc(S(=O)(=O)C4CC4)cc3)C2)CC1,CC(=O)N[C@@H]1CCC[C@H]1C(C#N)(c1ccccc1)C1CCN(CC2CN(c3ccc(S(=O)(=O)C4CC4)cc3)C2)CC1,ZPCGSMFETVJELP-NWBPNMJXSA-N,ZPCGSMFETVJELP-NWBPNMJXSA-N,standardized,0.0,False,2.0,strict_exact,exact_point_estimate,weak_1uM_to_10uM,False,False,IC50,biochemical_binding,False,0.8962536899662977,0.480759852032965,0.3086419701576233,O=C(CN1CCC(S(=O)(=O)c2ccccc2)CC1)c1ccc(F)cc1,True,high
STR-F002CB3DA8E3E8ADE73A,IC50,biochemical_binding,1,2,1,2,1,0,0,5.481486060122112,5.481486060122112,5.481486060122112,3300.0,3300.0,IC50,1,inhibitory_potency,1,biochemical_binding,1,ChEMBL;PubChem,CHEMBL5975770,Menin,2021,=,CCCC(C)C1(C2CCN(CCCOc3ccc(C#N)cc3)CC2)NCCc2ccccc21,CCCC(C)C1(C2CCN(CCCOc3ccc(C#N)cc3)CC2)NCCc2ccccc21,CCCC(C)C1(C2CCN(CCCOc3ccc(C#N)cc3)CC2)NCCc2ccccc21,CCCC(C)C1(C2CCN(CCCOc3ccc(C#N)cc3)CC2)NCCc2ccccc21,VFGJHHSALHZOED-UHFFFAOYSA-N,VFGJHHSALHZOED-UHFFFAOYSA-N,standardized,0.0,False,2.0,strict_exact,exact_point_estimate,weak_1uM_to_10uM,False,False,IC50,biochemical_binding,False,0.9620069835828918,0.23301333437902372,0.32894736528396606,OC(c1ccccc1)(c1ccccc1)C1CCN(CCCOc2ccc(-c3ccccc3)cc2)CC1,True,high
STR-8F7CBFDB7C53A966A008,IC50,biochemical_binding,1,1,0,1,1,0,0,5.480172006224281,5.480172006224281,5.480172006224281,3310.0,3310.0,IC50,1,inhibitory_potency,1,biochemical_binding,1,PubChem,156531431,Menin,2026,=,CCN(C(=O)c1cc(F)ccc1Oc1nncnc1N1CCC2(C1)CN([C@@H](CCCN)C(C)C)C2)C(C)C,CCN(C(C)C)C(=O)C1=C(C=CC(=C1)F)OC2=C(N=CN=N2)N3CCC4(C3)CN(C4)[C@@H](CCCN)C(C)C,CCN(C(=O)c1cc(F)ccc1Oc1nncnc1N1CCC2(C1)CN([C@@H](CCCN)C(C)C)C2)C(C)C,CCN(C(=O)c1cc(F)ccc1Oc1nncnc1N1CCC2(C1)CN([C@@H](CCCN)C(C)C)C2)C(C)C,UDIGWQWOIBIODT-QHCPKHFHSA-N,UDIGWQWOIBIODT-QHCPKHFHSA-N,standardized,0.0,False,2.0,strict_exact,exact_point_estimate,weak_1uM_to_10uM,False,False,IC50,biochemical_binding,False,0.5871792070154809,0.9779579308949883,0.6404494643211365,CCN(C(=O)c1cc(F)ccc1Oc1nncnc1N1CC2(CCN(CC3(SC)CC3)CC2)C1)C(C)C,True,medium
STR-ED2163A2DFC4C94EBA76,IC50,biochemical_binding,1,1,0,1,1,0,0,5.47755576649368,5.47755576649368,5.47755576649368,3330.0,3330.0,IC50,1,inhibitory_potency,1,biochemical_binding,1,ChEMBL,CHEMBL2314571,Menin,2013,=,N=C(N)NCCC[C@@H]1NC(=O)C2(CCC2)NC(=O)[C@@H]2CCCN2C(=O)[C@H](CC2CCCCC2)NC(=O)[C@@H](N)CCCCCCCCNC(=O)[C@@H]2CCCN2C1=O,N=C(N)NCCC[C@@H]1NC(=O)C2(CCC2)NC(=O)[C@@H]2CCCN2C(=O)[C@H](CC2CCCCC2)NC(=O)[C@@H](N)CCCCCCCCNC(=O)[C@@H]2CCCN2C1=O,N=C(N)NCCC[C@@H]1NC(=O)C2(CCC2)NC(=O)[C@@H]2CCCN2C(=O)[C@H](CC2CCCCC2)NC(=O)[C@@H](N)CCCCCCCCNC(=O)[C@@H]2CCCN2C1=O,N=C(N)NCCC[C@@H]1NC(=O)C2(CCC2)NC(=O)[C@@H]2CCCN2C(=O)[C@H](CC2CCCCC2)NC(=O)[C@@H](N)CCCCCCCCNC(=O)[C@@H]2CCCN2C1=O,OZTHMHANIFLDRK-XDIGFQIYSA-N,OZTHMHANIFLDRK-XDIGFQIYSA-N,standardized,0.0,False,2.0,strict_exact,exact_point_estimate,weak_1uM_to_10uM,False,False,IC50,biochemical_binding,False,0.7770780354945507,0.765467147183091,0.21761657297611237,CC(C)C[C@@H]1NC(=O)CNC(=O)[C@H](CCC(=O)O)NC(=O)[C@@H]2CSSC[C@H](NC(=O)[C@@H](N)Cc3ccc(O)cc3)C(=O)N[C@@H](CCC(N)=O)C(=O)N[C@@H](CCCCN)C(=O)N[C@@H](Cc3ccccc3)C(=O)N[C@@H](CC(C)C)C(=O)N[C@@H](C)C(=O)N3CCC[C@H]3C(=O)N[C@H]3CSSC[C@H](NC(=O)[C@H](C(C)C)NC1=O)C(=O)N[C@@H](CCCNC(=N)N)C(=O)N[C@@H](CC(C)C)C(=O)N[C@@H](Cc1c[nH]c4ccccc14)C(=O)N[C@H](C(=O)N[C@@H](CCCCN)C(=O)N[C@@H](CCCCN)C(=O)N[C@@H](CCCCN)C(=O)N[C@@H](CC(C)C)C(=O)N[C@@H](Cc1c[nH]c4ccccc14)C(N)=O)CSSC[C@H](NC(=O)[C@H](CCCCN)NC(=O)[C@H](CCCNC(=N)N)NC(=O)[C@H](CCC(=O)O)NC(=O)[C@H](CO)NC(=O)[C@H](CC(=O)O)NC3=O)C(=O)N2,False,high
STR-F6B3210B924167EFDCBB,IC50,biochemical_binding,1,2,1,2,1,0,0,5.468521082957745,5.468521082957745,5.468521082957745,3400.0,3400.0,IC50,1,inhibitory_potency,1,biochemical_binding,1,ChEMBL;PubChem,CHEMBL5947091,Menin,2021,=,CCNC(=O)O[C@@H]1CCC[C@H]1C(C#N)(c1ccccc1)C1CCN(CC2CN(c3ccc(S(=O)(=O)c4ccncc4)cc3)C2)CC1,CCNC(=O)O[C@@H]1CCC[C@H]1C(C#N)(c1ccccc1)C1CCN(CC2CN(c3ccc(S(=O)(=O)c4ccncc4)cc3)C2)CC1,CCNC(=O)O[C@@H]1CCC[C@H]1C(C#N)(c1ccccc1)C1CCN(CC2CN(c3ccc(S(=O)(=O)c4ccncc4)cc3)C2)CC1,CCNC(=O)O[C@@H]1CCC[C@H]1C(C#N)(c1ccccc1)C1CCN(CC2CN(c3ccc(S(=O)(=O)c4ccncc4)cc3)C2)CC1,GGRLJDZHMGTFIW-INSQSLAKSA-N,GGRLJDZHMGTFIW-INSQSLAKSA-N,standardized,0.0,False,2.0,strict_exact,exact_point_estimate,weak_1uM_to_10uM,False,False,IC50,biochemical_binding,False,0.820319809839213,0.6793769210044147,0.2551020383834839,O=C(O)c1ccc(N2CCC(CN3CCC(Oc4ccc(Cl)c(Cl)c4)CC3)CC2)cc1,True,high
STR-0855D8D007FB84375292,IC50,biochemical_binding,2,4,2,2,2,0,0,5.466650724788503,5.958607314841775,4.97469413473523,5850.0,1100.0,IC50,1,inhibitory_potency,1,biochemical_binding,1,ChEMBL;PubChem,CHEMBL6041723,Menin,2021,=,N#Cc1ccc(OC2CC(N3CCC(C4(C5CCCC5)NCCc5ccccc54)CC3)C2)cc1,N#Cc1ccc(OC2CC(N3CCC(C4(C5CCCC5)NCCc5ccccc54)CC3)C2)cc1,N#Cc1ccc(OC2CC(N3CCC(C4(C5CCCC5)NCCc5ccccc54)CC3)C2)cc1,N#Cc1ccc(OC2CC(N3CCC(C4(C5CCCC5)NCCc5ccccc54)CC3)C2)cc1,IAVUPSCPJIBRMN-UHFFFAOYSA-N,IAVUPSCPJIBRMN-UHFFFAOYSA-N,standardized,0.983913180106545,False,2.0,strict_exact,exact_point_estimate,weak_1uM_to_10uM,False,False,IC50,biochemical_binding,False,0.9683254227002822,0.20272148697459924,0.3947368562221527,N#Cc1ccc(O[C@@H]2CN[C@@H](C(=O)N3CCCN(C4CCCC4)CC3)C2)cc1,True,high
STR-93B1E6E77462AC33263F,IC50,biochemical_binding,1,1,0,1,1,0,0,5.455931955649724,5.455931955649724,5.455931955649724,3500.0,3500.0,IC50,1,inhibitory_potency,1,biochemical_binding,1,ChEMBL,CHEMBL4462347,Menin,2019,=,CC(=O)O[C@@H]1CCC[C@H]1[C@](C#N)(c1ccccc1)C1CCN(CC2CN(c3ccc(C#N)cc3)C2)CC1,CC(=O)O[C@@H]1CCC[C@H]1[C@](C#N)(c1ccccc1)C1CCN(CC2CN(c3ccc(C#N)cc3)C2)CC1,CC(=O)O[C@@H]1CCC[C@H]1[C@](C#N)(c1ccccc1)C1CCN(CC2CN(c3ccc(C#N)cc3)C2)CC1,CC(=O)O[C@@H]1CCC[C@H]1[C@](C#N)(c1ccccc1)C1CCN(CC2CN(c3ccc(C#N)cc3)C2)CC1,VJIXVSWXFJDMJM-JFHPUIQFSA-N,VJIXVSWXFJDMJM-JFHPUIQFSA-N,standardized,0.0,False,2.0,strict_exact,exact_point_estimate,weak_1uM_to_10uM,False,False,IC50,biochemical_binding,False,0.9177155902529763,0.41017774132386936,0.29885056614875793,O=C(O)COc1ccc(N2CCC(CN3CCC(Oc4ccc(Cl)c(Cl)c4)CC3)CC2)cc1,True,high
STR-4C43BCDB33EE423B9ECC,IC50,biochemical_binding,1,2,1,2,1,0,0,5.443697499232712,5.443697499232712,5.443697499232712,3600.0,3600.0,IC50,1,inhibitory_potency,1,biochemical_binding,1,ChEMBL;PubChem,CHEMBL6063617,Menin,2021,=,CO[C@@H]1CCC[C@@H]1C(C#N)(c1ccccc1)C1CCN(CCCOc2ccc(C#N)cc2)CC1,CO[C@@H]1CCC[C@@H]1C(C#N)(c1ccccc1)C1CCN(CCCOc2ccc(C#N)cc2)CC1,CO[C@@H]1CCC[C@@H]1C(C#N)(c1ccccc1)C1CCN(CCCOc2ccc(C#N)cc2)CC1,CO[C@@H]1CCC[C@@H]1C(C#N)(c1ccccc1)C1CCN(CCCOc2ccc(C#N)cc2)CC1,GTILRIPAVDNTIG-POZJPKTBSA-N,GTILRIPAVDNTIG-POZJPKTBSA-N,standardized,0.0,False,2.0,strict_exact,exact_point_estimate,weak_1uM_to_10uM,False,False,IC50,biochemical_binding,False,0.9613523708310054,0.23605688588468743,0.4769230782985687,OC(c1ccccc1)(c1ccccc1)C1CCN(CCCOc2ccc(-c3ccccc3)cc2)CC1,True,high
STR-CF723552A81BEA7EC32F,IC50,biochemical_binding,1,2,1,2,1,0,0,5.443697499232712,5.443697499232712,5.443697499232712,3600.0,3600.0,IC50,1,inhibitory_potency,1,biochemical_binding,1,ChEMBL;PubChem,CHEMBL5931266,Menin,2021,=,CNC(=O)O[C@@H]1CCC[C@H]1C(C#N)(c1ccccc1)C1CCN(CC2(F)CN(c3ccc(S(=O)(=O)c4cnn(C)c4)cc3)C2)CC1,CNC(=O)O[C@@H]1CCC[C@H]1C(C#N)(c1ccccc1)C1CCN(CC2(F)CN(c3ccc(S(=O)(=O)c4cnn(C)c4)cc3)C2)CC1,CNC(=O)O[C@@H]1CCC[C@H]1C(C#N)(c1ccccc1)C1CCN(CC2(F)CN(c3ccc(S(=O)(=O)c4cnn(C)c4)cc3)C2)CC1,CNC(=O)O[C@@H]1CCC[C@H]1C(C#N)(c1ccccc1)C1CCN(CC2(F)CN(c3ccc(S(=O)(=O)c4cnn(C)c4)cc3)C2)CC1,RZWRMCFYZPLCHI-INJIGVFBSA-N,RZWRMCFYZPLCHI-INJIGVFBSA-N,standardized,0.0,False,2.0,strict_exact,exact_point_estimate,weak_1uM_to_10uM,False,False,IC50,biochemical_binding,False,0.7916473352254952,0.7383220968534929,0.24561403691768646,O=C(NC1CCN(Cc2ccn(-c3ccc(C(F)(F)F)cc3)c2)CC1)N1CCn2cccc2C1c1ccccc1,True,high
STR-0B3A10F091CFA83F82BC,IC50,biochemical_binding,1,1,0,1,1,0,0,5.432973633840939,5.432973633840939,5.432973633840939,3690.0,3690.0,IC50,1,inhibitory_potency,1,biochemical_binding,1,PubChem,156531911,Menin,2026,=,CCN(C(=O)c1cc(F)ccc1Oc1nnccc1N1CCC2(C1)CN([C@@H](CCCN(C)C)C(C)C)C2)C(C)C,CCN(C(C)C)C(=O)C1=C(C=CC(=C1)F)OC2=C(C=CN=N2)N3CCC4(C3)CN(C4)[C@@H](CCCN(C)C)C(C)C,CCN(C(=O)c1cc(F)ccc1Oc1nnccc1N1CCC2(C1)CN([C@@H](CCCN(C)C)C(C)C)C2)C(C)C,CCN(C(=O)c1cc(F)ccc1Oc1nnccc1N1CCC2(C1)CN([C@@H](CCCN(C)C)C(C)C)C2)C(C)C,WYVZOEWNGVZXJJ-SANMLTNESA-N,WYVZOEWNGVZXJJ-SANMLTNESA-N,standardized,0.0,False,2.0,strict_exact,exact_point_estimate,weak_1uM_to_10uM,False,False,IC50,biochemical_binding,False,0.7610233372006238,0.7933343598904502,0.5104166865348816,CCN(C(=O)c1cc(F)ccc1Oc1nncnc1N1CC2(CCN(CC3(SC)CC3)CC2)C1)C(C)C,True,high
STR-FB98DD14CDC38EDCF612,IC50,biochemical_binding,1,1,0,1,1,0,0,5.421360790031928,5.421360790031928,5.421360790031928,3790.0,3790.0,IC50,1,inhibitory_potency,1,biochemical_binding,1,PubChem,156531844,Menin,2026,=,COCCN(C)CCC[C@@H](C(C)C)N1CC2(CCN(c3ccnnc3Oc3ccc(F)cc3C(=O)N(C(C)C)C(C)C)C2)C1,CC(C)[C@H](CCCN(C)CCOC)N1CC2(C1)CCN(C2)C3=C(N=NC=C3)OC4=C(C=C(C=C4)F)C(=O)N(C(C)C)C(C)C,COCCN(C)CCC[C@@H](C(C)C)N1CC2(CCN(c3ccnnc3Oc3ccc(F)cc3C(=O)N(C(C)C)C(C)C)C2)C1,COCCN(C)CCC[C@@H](C(C)C)N1CC2(CCN(c3ccnnc3Oc3ccc(F)cc3C(=O)N(C(C)C)C(C)C)C2)C1,OTOKSKUUDODMQT-LJAQVGFWSA-N,OTOKSKUUDODMQT-LJAQVGFWSA-N,standardized,0.0,False,2.0,strict_exact,exact_point_estimate,weak_1uM_to_10uM,False,False,IC50,biochemical_binding,False,0.7932156594443092,0.7352909936843686,0.3962264060974121,CCN(C(=O)c1cc(F)ccc1Oc1nncnc1N1CC2(CCN(CC3(SC)CC3)CC2)C1)C(C)C,True,high
STR-0C77A21AB4DE90C1EA09,IC50,biochemical_binding,1,2,1,2,1,0,0,5.42021640338319,5.42021640338319,5.42021640338319,3800.0,3800.0,IC50,1,inhibitory_potency,1,biochemical_binding,1,ChEMBL;PubChem,CHEMBL5782644,Menin,2021,=,CS(=O)(=O)c1ccc(N2CC(CN3CCC(C(C#N)(c4ccccc4)[C@@H]4CCC[C@H]4O)CC3)C2)cc1,CS(=O)(=O)c1ccc(N2CC(CN3CCC(C(C#N)(c4ccccc4)[C@@H]4CCC[C@H]4O)CC3)C2)cc1,CS(=O)(=O)c1ccc(N2CC(CN3CCC(C(C#N)(c4ccccc4)[C@@H]4CCC[C@H]4O)CC3)C2)cc1,CS(=O)(=O)c1ccc(N2CC(CN3CCC(C(C#N)(c4ccccc4)[C@@H]4CCC[C@H]4O)CC3)C2)cc1,WBWKKVOKDMNJBT-KSSJMHQNSA-N,WBWKKVOKDMNJBT-KSSJMHQNSA-N,standardized,0.0,False,2.0,strict_exact,exact_point_estimate,weak_1uM_to_10uM,False,False,IC50,biochemical_binding,False,0.8866658431163679,0.509891586486966,0.3048780560493469,CN(C(=O)Cc1ccc(S(C)(=O)=O)cc1)C1CCN(Cc2ccc(C(F)(F)F)cc2)CC1,True,high
STR-551B85BEC657362DBF0B,IC50,biochemical_binding,1,2,1,2,1,0,0,5.42021640338319,5.42021640338319,5.42021640338319,3800.0,3800.0,IC50,1,inhibitory_potency,1,biochemical_binding,1,ChEMBL;PubChem,CHEMBL1622912,Menin,2015,=,CCc1cc2c(N3CCN(c4nnc(CC)s4)CC3)ncnc2s1,CCc1cc2c(N3CCN(c4nnc(CC)s4)CC3)ncnc2s1,CCc1cc2c(N3CCN(c4nnc(CC)s4)CC3)ncnc2s1,CCc1cc2c(N3CCN(c4nnc(CC)s4)CC3)ncnc2s1,DHKNVMARWYPUJF-UHFFFAOYSA-N,DHKNVMARWYPUJF-UHFFFAOYSA-N,standardized,0.0,False,2.0,strict_exact,exact_point_estimate,weak_1uM_to_10uM,False,False,IC50,biochemical_binding,False,0.9080637630276057,0.44289991470781376,0.23170731961727142,CCc1nc2cc3c(cc2s1)CCN(CCCSc1nnc(-c2ocnc2C)n1C)CC3,False,high
STR-86DE9B893F458A7FEC98,IC50,biochemical_binding,1,2,1,2,1,0,0,5.42021640338319,5.42021640338319,5.42021640338319,3800.0,3800.0,IC50,1,inhibitory_potency,1,biochemical_binding,1,ChEMBL;PubChem,CHEMBL5896173,Menin,2021,=,CNC(=O)N[C@@H]1CCC[C@H]1C(CNC(=O)c1cocn1)(c1ccccc1)C1CCN(CC2CN(c3ccc(C#N)cc3)C2)CC1,CNC(=O)N[C@@H]1CCC[C@H]1C(CNC(=O)c1cocn1)(c1ccccc1)C1CCN(CC2CN(c3ccc(C#N)cc3)C2)CC1,CNC(=O)N[C@@H]1CCC[C@H]1C(CNC(=O)c1cocn1)(c1ccccc1)C1CCN(CC2CN(c3ccc(C#N)cc3)C2)CC1,CNC(=O)N[C@@H]1CCC[C@H]1C(CNC(=O)c1cocn1)(c1ccccc1)C1CCN(CC2CN(c3ccc(C#N)cc3)C2)CC1,ZJNVALXKIUZRSB-UFKOFYMYSA-N,ZJNVALXKIUZRSB-UFKOFYMYSA-N,standardized,0.0,False,2.0,strict_exact,exact_point_estimate,weak_1uM_to_10uM,False,False,IC50,biochemical_binding,False,0.9155511779494754,0.4176641044000581,0.30909091234207153,N#Cc1ccc(N2CCN(Cc3cc(C(=O)N[C@H]4CCCC[C@@H]4O)c(=O)n4ccccc34)CC2)cc1,True,high
STR-D1C0AC976A090EAA245E,IC50,biochemical_binding,1,1,0,1,1,0,0,5.405607449624574,5.405607449624574,5.405607449624574,3930.0,3930.0,IC50,1,inhibitory_potency,1,biochemical_binding,1,PubChem,156531562,Menin,2026,=,CCN(C)C[C@@H](O)C[C@@H](C(C)C)N1CC2(CCN(c3ncnnc3Oc3ccc(F)cc3C(=O)N(CC)C(C)C)C2)C1,CCN(C)C[C@H](C[C@@H](C(C)C)N1CC2(C1)CCN(C2)C3=C(N=NC=N3)OC4=C(C=C(C=C4)F)C(=O)N(CC)C(C)C)O,CCN(C)C[C@@H](O)C[C@@H](C(C)C)N1CC2(CCN(c3ncnnc3Oc3ccc(F)cc3C(=O)N(CC)C(C)C)C2)C1,CCN(C)C[C@@H](O)C[C@@H](C(C)C)N1CC2(CCN(c3ncnnc3Oc3ccc(F)cc3C(=O)N(CC)C(C)C)C2)C1,LBZIHFPAAWTXAW-AHWVRZQESA-N,LBZIHFPAAWTXAW-AHWVRZQESA-N,standardized,0.0,False,2.0,strict_exact,exact_point_estimate,weak_1uM_to_10uM,False,False,IC50,biochemical_binding,False,0.6148013242135627,0.9616310813623439,0.6195651888847351,CCN(C(=O)c1cc(F)ccc1Oc1nncnc1N1CC2(CCN(CC3(SC)CC3)CC2)C1)C(C)C,True,medium
STR-8535ECCB37B9DE83B0D3,IC50,biochemical_binding,1,1,0,1,1,0,0,5.400116927926312,5.400116927926312,5.400116927926312,3980.0,3980.0,IC50,1,inhibitory_potency,1,biochemical_binding,1,PubChem,156532017,Menin,2026,=,CCN(C(=O)c1cc(F)ccc1Oc1nncnc1N1CCC2(C1)CN([C@@H](CCCN(C)C(C)C)C(C)C)C2)C(C)C,CCN(C(C)C)C(=O)C1=C(C=CC(=C1)F)OC2=C(N=CN=N2)N3CCC4(C3)CN(C4)[C@@H](CCCN(C)C(C)C)C(C)C,CCN(C(=O)c1cc(F)ccc1Oc1nncnc1N1CCC2(C1)CN([C@@H](CCCN(C)C(C)C)C(C)C)C2)C(C)C,CCN(C(=O)c1cc(F)ccc1Oc1nncnc1N1CCC2(C1)CN([C@@H](CCCN(C)C(C)C)C(C)C)C2)C(C)C,LOLWSLIKQBDZNW-MHZLTWQESA-N,LOLWSLIKQBDZNW-MHZLTWQESA-N,standardized,0.0,False,2.0,strict_exact,exact_point_estimate,weak_1uM_to_10uM,False,False,IC50,biochemical_binding,False,0.6575907567380883,0.9271055476890864,0.6333333253860474,CCN(C(=O)c1cc(F)ccc1Oc1nncnc1N1CC2(CCN(CC3(SC)CC3)CC2)C1)C(C)C,True,medium
STR-4ACD6DB0066464DC0230,IC50,biochemical_binding,1,1,0,1,1,0,0,5.3979400086720375,5.3979400086720375,5.3979400086720375,4000.0,4000.0,IC50,1,inhibitory_potency,1,biochemical_binding,1,ChEMBL,CHEMBL3126184,Menin,2014,=,N#Cc1ccc(OCCCN2CCC(C(O)(c3ccccc3)C3CCC3)CC2)cc1,N#Cc1ccc(OCCCN2CCC(C(O)(c3ccccc3)C3CCC3)CC2)cc1,N#Cc1ccc(OCCCN2CCC(C(O)(c3ccccc3)C3CCC3)CC2)cc1,N#Cc1ccc(OCCCN2CCC(C(O)(c3ccccc3)C3CCC3)CC2)cc1,WNMLKDFEBXLYRH-UHFFFAOYSA-N,WNMLKDFEBXLYRH-UHFFFAOYSA-N,standardized,0.0,False,2.0,strict_exact,exact_point_estimate,weak_1uM_to_10uM,False,False,IC50,biochemical_binding,False,0.9565587036089889,0.2578538043940608,0.6000000238418579,OC(c1ccccc1)(c1ccccc1)C1CCN(CCCOc2ccc(-c3ccccc3)cc2)CC1,True,high
STR-B8D3AA93809B56B2198C,IC50,biochemical_binding,1,2,1,2,1,0,0,5.3872161432802645,5.3872161432802645,5.3872161432802645,4100.0,4100.0,IC50,1,inhibitory_potency,1,biochemical_binding,1,ChEMBL;PubChem,CHEMBL5856522,Menin,2021,=,N#Cc1ccc(N2CC(C(=O)N3CCC(C4(C5CCCC5)NCCc5ccccc54)CC3)C2)cc1,N#Cc1ccc(N2CC(C(=O)N3CCC(C4(C5CCCC5)NCCc5ccccc54)CC3)C2)cc1,N#Cc1ccc(N2CC(C(=O)N3CCC(C4(C5CCCC5)NCCc5ccccc54)CC3)C2)cc1,N#Cc1ccc(N2CC(C(=O)N3CCC(C4(C5CCCC5)NCCc5ccccc54)CC3)C2)cc1,XZDMAUPWRIJLHR-UHFFFAOYSA-N,XZDMAUPWRIJLHR-UHFFFAOYSA-N,standardized,0.0,False,2.0,strict_exact,exact_point_estimate,weak_1uM_to_10uM,False,False,IC50,biochemical_binding,False,0.9071552229384922,0.44589469989944897,0.31707316637039185,N#Cc1ccc(O[C@@H]2CN[C@@H](C(=O)N3CCCN(C4CCCC4)CC3)C2)cc1,True,high
STR-C44F56C9778A0067D259,IC50,biochemical_binding,1,1,0,1,1,0,0,5.3872161432802645,5.3872161432802645,5.3872161432802645,4100.0,4100.0,IC50,1,inhibitory_potency,1,biochemical_binding,1,ChEMBL,CHEMBL3126183,Menin,2014,=,CC(C)C(O)(c1ccccc1)C1CCN(CCCOc2ccc(C#N)cc2)CC1,CC(C)C(O)(c1ccccc1)C1CCN(CCCOc2ccc(C#N)cc2)CC1,CC(C)C(O)(c1ccccc1)C1CCN(CCCOc2ccc(C#N)cc2)CC1,CC(C)C(O)(c1ccccc1)C1CCN(CCCOc2ccc(C#N)cc2)CC1,GYIRGZHIMDCFEY-UHFFFAOYSA-N,GYIRGZHIMDCFEY-UHFFFAOYSA-N,standardized,0.0,False,2.0,strict_exact,exact_point_estimate,weak_1uM_to_10uM,False,False,IC50,biochemical_binding,False,0.9552737122704208,0.26355738609285473,0.5789473652839661,OC(c1ccccc1)(c1ccccc1)C1CCN(CCCOc2ccc(-c3ccccc3)cc2)CC1,True,high
STR-1E3B65B659C49B92801F,IC50,biochemical_binding,1,1,0,1,1,0,0,5.377785977033705,5.377785977033705,5.377785977033705,4190.0,4190.0,IC50,1,inhibitory_potency,1,biochemical_binding,1,PubChem,156531586,Menin,2026,=,CCN(C(=O)c1cc(F)ccc1Oc1nncnc1N1CCC2(C1)CN([C@@H](C[C@H](O)CN(C)CCOC)C(C)C)C2)C(C)C,CCN(C(C)C)C(=O)C1=C(C=CC(=C1)F)OC2=C(N=CN=N2)N3CCC4(C3)CN(C4)[C@@H](C[C@@H](CN(C)CCOC)O)C(C)C,CCN(C(=O)c1cc(F)ccc1Oc1nncnc1N1CCC2(C1)CN([C@@H](C[C@H](O)CN(C)CCOC)C(C)C)C2)C(C)C,CCN(C(=O)c1cc(F)ccc1Oc1nncnc1N1CCC2(C1)CN([C@@H](C[C@H](O)CN(C)CCOC)C(C)C)C2)C(C)C,XOMQNBYRAKVRPP-BDYUSTAISA-N,XOMQNBYRAKVRPP-BDYUSTAISA-N,standardized,0.0,False,2.0,strict_exact,exact_point_estimate,weak_1uM_to_10uM,False,False,IC50,biochemical_binding,False,0.6387331028582091,0.9437297863689258,0.5876288414001465,CCN(C(=O)c1cc(F)ccc1Oc1nncnc1N1CC2(CCN(CC3(SC)CC3)CC2)C1)C(C)C,True,medium
STR-73C772FB7948E1F95E72,IC50,biochemical_binding,1,1,0,1,1,0,0,5.377785977033705,5.377785977033705,5.377785977033705,4190.0,4190.0,IC50,1,inhibitory_potency,1,biochemical_binding,1,PubChem,156531428,Menin,2026,=,CCN(C(=O)c1cc(F)ccc1Oc1nncnc1N1CCC2(C1)CN([C@@H](CCCNC)C(C)C)C2)C(C)C,CCN(C(C)C)C(=O)C1=C(C=CC(=C1)F)OC2=C(N=CN=N2)N3CCC4(C3)CN(C4)[C@@H](CCCNC)C(C)C,CCN(C(=O)c1cc(F)ccc1Oc1nncnc1N1CCC2(C1)CN([C@@H](CCCNC)C(C)C)C2)C(C)C,CCN(C(=O)c1cc(F)ccc1Oc1nncnc1N1CCC2(C1)CN([C@@H](CCCNC)C(C)C)C2)C(C)C,FNBOKVKCHUGFKA-DEOSSOPVSA-N,FNBOKVKCHUGFKA-DEOSSOPVSA-N,standardized,0.0,False,2.0,strict_exact,exact_point_estimate,weak_1uM_to_10uM,False,False,IC50,biochemical_binding,False,0.6050248666340403,0.967935238795973,0.6263736486434937,CCN(C(=O)c1cc(F)ccc1Oc1nncnc1N1CC2(CCN(CC3(SC)CC3)CC2)C1)C(C)C,True,medium
STR-EE1ECC6B864815D20E60,IC50,biochemical_binding,1,2,1,2,1,0,0,5.376750709602099,5.376750709602099,5.376750709602099,4200.0,4200.0,IC50,1,inhibitory_potency,1,biochemical_binding,1,ChEMBL;PubChem,CHEMBL5904127,Menin,2021,=,N#Cc1ccc(OCCCN2CCC(C3(Cc4ccccc4)NCCc4ccccc43)CC2)cc1,N#Cc1ccc(OCCCN2CCC(C3(Cc4ccccc4)NCCc4ccccc43)CC2)cc1,N#Cc1ccc(OCCCN2CCC(C3(Cc4ccccc4)NCCc4ccccc43)CC2)cc1,N#Cc1ccc(OCCCN2CCC(C3(Cc4ccccc4)NCCc4ccccc43)CC2)cc1,CSASFCLWSKWKNO-UHFFFAOYSA-N,CSASFCLWSKWKNO-UHFFFAOYSA-N,standardized,0.0,False,2.0,strict_exact,exact_point_estimate,weak_1uM_to_10uM,False,False,IC50,biochemical_binding,False,0.9658465247987419,0.21481159372665806,0.37142857909202576,OC(c1ccccc1)(c1ccccc1)C1CCN(CCCOc2ccc(-c3ccccc3)cc2)CC1,True,high
STR-FA5427192F47CDDDDFD0,IC50,biochemical_binding,1,1,0,1,1,0,0,5.356547323513812,5.356547323513812,5.356547323513812,4400.0,4400.0,IC50,1,inhibitory_potency,1,biochemical_binding,1,ChEMBL,CHEMBL3696193,Menin,2015,=,CCc1cc2c(NCC3CCN(Cc4ccc(F)cc4)CC3)ncnc2s1,CCc1cc2c(NCC3CCN(Cc4ccc(F)cc4)CC3)ncnc2s1,CCc1cc2c(NCC3CCN(Cc4ccc(F)cc4)CC3)ncnc2s1,CCc1cc2c(NCC3CCN(Cc4ccc(F)cc4)CC3)ncnc2s1,VFDPHQYGOSRWQJ-UHFFFAOYSA-N,VFDPHQYGOSRWQJ-UHFFFAOYSA-N,standardized,0.0,False,2.0,strict_exact,exact_point_estimate,weak_1uM_to_10uM,False,False,IC50,biochemical_binding,False,0.9544315395453189,0.267265123073388,0.3333333432674408,Cc1ccc(CN2CCC(CNC(=O)c3cc(Cl)cc(Cl)c3)CC2)cc1,True,high
STR-B9EA30DEB7647D41BA70,IC50,biochemical_binding,1,2,1,2,1,0,0,5.346787486224656,5.346787486224656,5.346787486224656,4500.0,4500.0,IC50,1,inhibitory_potency,1,biochemical_binding,1,ChEMBL;PubChem,CHEMBL5892594,Menin,2021,=,COC[C@@H]1CCC[C@H]1C(C#N)(c1ccccc1)C1CCN(CC2CN(c3ccc(S(=O)(=O)C4CC4)cc3)C2)CC1,COC[C@@H]1CCC[C@H]1C(C#N)(c1ccccc1)C1CCN(CC2CN(c3ccc(S(=O)(=O)C4CC4)cc3)C2)CC1,COC[C@@H]1CCC[C@H]1C(C#N)(c1ccccc1)C1CCN(CC2CN(c3ccc(S(=O)(=O)C4CC4)cc3)C2)CC1,COC[C@@H]1CCC[C@H]1C(C#N)(c1ccccc1)C1CCN(CC2CN(c3ccc(S(=O)(=O)C4CC4)cc3)C2)CC1,JTTZBVRZQHYQAJ-NVXDQTTESA-N,JTTZBVRZQHYQAJ-NVXDQTTESA-N,standardized,0.0,False,2.0,strict_exact,exact_point_estimate,weak_1uM_to_10uM,False,False,IC50,biochemical_binding,False,0.9333798822202078,0.3531820817625487,0.31081080436706543,O=S(=O)(c1ccccc1)C1CCN(CCc2ccccc2)CC1,True,high
STR-4FD9E5C0590E883535A1,IC50,biochemical_binding,1,1,0,1,1,0,0,5.34008379993015,5.34008379993015,5.34008379993015,4570.0,4570.0,IC50,1,inhibitory_potency,1,biochemical_binding,1,PubChem,168720869,Menin,2026,=,CCN(CC)C[C@@H](O)C[C@H](C(C)C)N1CC2(CCN(c3ncnnc3Oc3ccc(F)cc3C(=O)N(CC)C(C)C)C2)C1,CCN(CC)C[C@H](C[C@H](C(C)C)N1CC2(C1)CCN(C2)C3=C(N=NC=N3)OC4=C(C=C(C=C4)F)C(=O)N(CC)C(C)C)O,CCN(CC)C[C@@H](O)C[C@H](C(C)C)N1CC2(CCN(c3ncnnc3Oc3ccc(F)cc3C(=O)N(CC)C(C)C)C2)C1,CCN(CC)C[C@@H](O)C[C@H](C(C)C)N1CC2(CCN(c3ncnnc3Oc3ccc(F)cc3C(=O)N(CC)C(C)C)C2)C1,GGIYEWDSYGQHQG-AHKZPQOWSA-N,GGIYEWDSYGQHQG-AHKZPQOWSA-N,standardized,0.0,False,2.0,strict_exact,exact_point_estimate,weak_1uM_to_10uM,False,False,IC50,biochemical_binding,False,0.5821884579496684,0.9804206208380558,0.6263736486434937,CCN(C(=O)c1cc(F)ccc1Oc1nncnc1N1CC2(CCN(CC3(SC)CC3)CC2)C1)C(C)C,True,medium
STR-229990C98B9D4B27D490,IC50,biochemical_binding,1,2,1,2,1,0,0,5.337242168318426,5.337242168318426,5.337242168318426,4600.0,4600.0,IC50,1,inhibitory_potency,1,biochemical_binding,1,ChEMBL;PubChem,CHEMBL6062960,Menin,2021,=,CNC(=O)O[C@@H]1CCC[C@H]1C(C#N)(c1ccccc1)C1CCN(CC2CN(c3ccc([N+](=O)[O-])cc3)C2)CC1,CNC(=O)O[C@@H]1CCC[C@H]1C(C#N)(c1ccccc1)C1CCN(CC2CN(c3ccc([N+](=O)[O-])cc3)C2)CC1,CNC(=O)O[C@@H]1CCC[C@H]1C(C#N)(c1ccccc1)C1CCN(CC2CN(c3ccc([N+](=O)[O-])cc3)C2)CC1,CNC(=O)O[C@@H]1CCC[C@H]1C(C#N)(c1ccccc1)C1CCN(CC2CN(c3ccc([N+](=O)[O-])cc3)C2)CC1,QUXGGZVJCJQVBS-QWKOWPTQSA-N,QUXGGZVJCJQVBS-QWKOWPTQSA-N,standardized,0.0,False,2.0,strict_exact,exact_point_estimate,weak_1uM_to_10uM,False,False,IC50,biochemical_binding,False,0.8872215913612969,0.5082400122857039,0.2747252881526947,O=C(O)c1ccc(N2CCC(CN3CCC(Oc4ccc(Cl)c(Cl)c4)CC3)CC2)cc1,True,high
STR-A2F21D97062872F508E0,IC50,biochemical_binding,1,1,0,1,1,0,0,5.337242168318426,5.337242168318426,5.337242168318426,4600.0,4600.0,IC50,1,inhibitory_potency,1,biochemical_binding,1,ChEMBL,CHEMBL3696183,Menin,2015,=,CC1(C)CN=C(N2CCN(c3ncnc4sc(Cc5ccccc5)cc34)CC2)S1,CC1(C)CN=C(N2CCN(c3ncnc4sc(Cc5ccccc5)cc34)CC2)S1,CC1(C)CN=C(N2CCN(c3ncnc4sc(Cc5ccccc5)cc34)CC2)S1,CC1(C)CN=C(N2CCN(c3ncnc4sc(Cc5ccccc5)cc34)CC2)S1,OJAKSSMAOUQJNL-UHFFFAOYSA-N,OJAKSSMAOUQJNL-UHFFFAOYSA-N,standardized,0.0,False,2.0,strict_exact,exact_point_estimate,weak_1uM_to_10uM,False,False,IC50,biochemical_binding,False,0.9430043694249072,0.31540140027131663,0.2613636255264282,NC1(C(=O)NC(Cc2ccccc2)c2ccc(Cl)cc2)CCN(c2ncnc3[nH]ccc23)CC1,True,high
STR-F4223A1339E66808912C,IC50,biochemical_binding,1,2,1,2,1,0,0,5.337242168318426,5.337242168318426,5.337242168318426,4600.0,4600.0,IC50,1,inhibitory_potency,1,biochemical_binding,1,ChEMBL;PubChem,CHEMBL5813023,Menin,2021,=,N#CC(c1ccccc1)(C1CCN(CC2CN(c3ccc(S(=O)(=O)c4ccncc4)cc3)C2)CC1)[C@@H]1CCC[C@H]1CO,N#CC(c1ccccc1)(C1CCN(CC2CN(c3ccc(S(=O)(=O)c4ccncc4)cc3)C2)CC1)[C@@H]1CCC[C@H]1CO,N#CC(c1ccccc1)(C1CCN(CC2CN(c3ccc(S(=O)(=O)c4ccncc4)cc3)C2)CC1)[C@@H]1CCC[C@H]1CO,N#CC(c1ccccc1)(C1CCN(CC2CN(c3ccc(S(=O)(=O)c4ccncc4)cc3)C2)CC1)[C@@H]1CCC[C@H]1CO,BIOXWGVAXOLAGN-KMSQYKAGSA-N,BIOXWGVAXOLAGN-KMSQYKAGSA-N,standardized,0.0,False,2.0,strict_exact,exact_point_estimate,weak_1uM_to_10uM,False,False,IC50,biochemical_binding,False,0.917280525303189,0.4116896819844889,0.2527472674846649,O=C(O)c1ccc(N2CCC(CN3CCC(Oc4ccc(Cl)c(Cl)c4)CC3)CC2)cc1,True,high
STR-44F56F5A5BFB18B77986,IC50,biochemical_binding,1,1,0,1,1,0,0,5.336299074610352,5.336299074610352,5.336299074610352,4610.0,4610.0,IC50,1,inhibitory_potency,1,biochemical_binding,1,ChEMBL,CHEMBL2314813,Menin,2013,=,CCc1cccc(C[C@@H]2NC(=O)[C@@H](N)CCCCCCCCNC(=O)[C@@H]3CCCN3C(=O)[C@H](CCCNC(=N)N)NC(=O)C3(CCC3)NC(=O)[C@@H]3CCCN3C2=O)c1,CCc1cccc(C[C@@H]2NC(=O)[C@@H](N)CCCCCCCCNC(=O)[C@@H]3CCCN3C(=O)[C@H](CCCNC(=N)N)NC(=O)C3(CCC3)NC(=O)[C@@H]3CCCN3C2=O)c1,CCc1cccc(C[C@@H]2NC(=O)[C@@H](N)CCCCCCCCNC(=O)[C@@H]3CCCN3C(=O)[C@H](CCCNC(=N)N)NC(=O)C3(CCC3)NC(=O)[C@@H]3CCCN3C2=O)c1,CCc1cccc(C[C@@H]2NC(=O)[C@@H](N)CCCCCCCCNC(=O)[C@@H]3CCCN3C(=O)[C@H](CCCNC(=N)N)NC(=O)C3(CCC3)NC(=O)[C@@H]3CCCN3C2=O)c1,RFDRHLXNRZDBHI-LJADHVKFSA-N,RFDRHLXNRZDBHI-LJADHVKFSA-N,standardized,0.0,False,2.0,strict_exact,exact_point_estimate,weak_1uM_to_10uM,False,False,IC50,biochemical_binding,False,0.8445209744109288,0.6233833991072847,0.24873095750808716,CC(C)C[C@@H]1NC(=O)CNC(=O)[C@H](CCC(=O)O)NC(=O)[C@@H]2CSSC[C@H](NC(=O)[C@@H](N)Cc3ccc(O)cc3)C(=O)N[C@@H](CCC(N)=O)C(=O)N[C@@H](CCCCN)C(=O)N[C@@H](Cc3ccccc3)C(=O)N[C@@H](CC(C)C)C(=O)N[C@@H](C)C(=O)N3CCC[C@H]3C(=O)N[C@H]3CSSC[C@H](NC(=O)[C@H](C(C)C)NC1=O)C(=O)N[C@@H](CCCNC(=N)N)C(=O)N[C@@H](CC(C)C)C(=O)N[C@@H](Cc1c[nH]c4ccccc14)C(=O)N[C@H](C(=O)N[C@@H](CCCCN)C(=O)N[C@@H](CCCCN)C(=O)N[C@@H](CCCCN)C(=O)N[C@@H](CC(C)C)C(=O)N[C@@H](Cc1c[nH]c4ccccc14)C(N)=O)CSSC[C@H](NC(=O)[C@H](CCCCN)NC(=O)[C@H](CCCNC(=N)N)NC(=O)[C@H](CCC(=O)O)NC(=O)[C@H](CO)NC(=O)[C@H](CC(=O)O)NC3=O)C(=O)N2,True,high
STR-1F9028E2DF2F03204766,IC50,biochemical_binding,1,2,1,2,1,0,0,5.327902142064282,5.327902142064282,5.327902142064282,4700.0,4700.0,IC50,1,inhibitory_potency,1,biochemical_binding,1,ChEMBL;PubChem,CHEMBL5884984,Menin,2021,=,CS(=O)(=O)N[C@@H]1CCC[C@H]1C(C#N)(c1ccccc1)C1CCN(CC2CN(c3ccc(S(=O)(=O)c4ccncc4)cc3)C2)CC1,CS(=O)(=O)N[C@@H]1CCC[C@H]1C(C#N)(c1ccccc1)C1CCN(CC2CN(c3ccc(S(=O)(=O)c4ccncc4)cc3)C2)CC1,CS(=O)(=O)N[C@@H]1CCC[C@H]1C(C#N)(c1ccccc1)C1CCN(CC2CN(c3ccc(S(=O)(=O)c4ccncc4)cc3)C2)CC1,CS(=O)(=O)N[C@@H]1CCC[C@H]1C(C#N)(c1ccccc1)C1CCN(CC2CN(c3ccc(S(=O)(=O)c4ccncc4)cc3)C2)CC1,UDTODHMYBSKRKC-DOTKWZJKSA-N,UDTODHMYBSKRKC-DOTKWZJKSA-N,standardized,0.0,False,2.0,strict_exact,exact_point_estimate,weak_1uM_to_10uM,False,False,IC50,biochemical_binding,False,0.9180820478480682,0.40890142029596444,0.260869562625885,CC(C)S(=O)(=O)N[C@H]1CN(c2ccccc2)C[C@@H]1c1ccc(-c2ccc(C#N)cc2)cc1,True,high
STR-4866DF3FD3D34FBFE093,IC50,biochemical_binding,1,2,1,2,1,0,0,5.327902142064282,5.327902142064282,5.327902142064282,4700.0,4700.0,IC50,1,inhibitory_potency,1,biochemical_binding,1,ChEMBL;PubChem,CHEMBL5809098,Menin,2021,=,CS(=O)(=O)C[C@H]1CCC[C@@H]1C(C#N)(c1ccccc1)C1CCN(CC2CN(c3ccc(S(=O)(=O)c4ccncc4)cc3)C2)CC1,CS(=O)(=O)C[C@H]1CCC[C@@H]1C(C#N)(c1ccccc1)C1CCN(CC2CN(c3ccc(S(=O)(=O)c4ccncc4)cc3)C2)CC1,CS(=O)(=O)C[C@H]1CCC[C@@H]1C(C#N)(c1ccccc1)C1CCN(CC2CN(c3ccc(S(=O)(=O)c4ccncc4)cc3)C2)CC1,CS(=O)(=O)C[C@H]1CCC[C@@H]1C(C#N)(c1ccccc1)C1CCN(CC2CN(c3ccc(S(=O)(=O)c4ccncc4)cc3)C2)CC1,IECWYAQPPKAUSB-MTUARQITSA-N,IECWYAQPPKAUSB-MTUARQITSA-N,standardized,0.0,False,2.0,strict_exact,exact_point_estimate,weak_1uM_to_10uM,False,False,IC50,biochemical_binding,False,0.9228335062523345,0.3921156024613359,0.25531914830207825,O=C(O)Cc1ccc(N2CCC(CN3CCC(Oc4ccc(Cl)c(Cl)c4)CC3)CC2)cc1,True,high
STR-7EBB82C6BCAEFA5254DA,IC50,biochemical_binding,1,2,1,2,1,0,0,5.327902142064282,5.327902142064282,5.327902142064282,4700.0,4700.0,IC50,1,inhibitory_potency,1,biochemical_binding,1,ChEMBL;PubChem,CHEMBL6008166,Menin,2021,=,O=C(Cc1ccc(S(=O)(=O)C2CC2)cc1)N1CCc2cc(C3(C4CCCC4)NCCc4ccccc43)ccc2C1,O=C(Cc1ccc(S(=O)(=O)C2CC2)cc1)N1CCc2cc(C3(C4CCCC4)NCCc4ccccc43)ccc2C1,O=C(Cc1ccc(S(=O)(=O)C2CC2)cc1)N1CCc2cc(C3(C4CCCC4)NCCc4ccccc43)ccc2C1,O=C(Cc1ccc(S(=O)(=O)C2CC2)cc1)N1CCc2cc(C3(C4CCCC4)NCCc4ccccc43)ccc2C1,UEZPYQHVUYYQDT-UHFFFAOYSA-N,UEZPYQHVUYYQDT-UHFFFAOYSA-N,standardized,0.0,False,2.0,strict_exact,exact_point_estimate,weak_1uM_to_10uM,False,False,IC50,biochemical_binding,False,0.7880993420723793,0.7451001050093846,0.28947368264198303,O=S(=O)(c1ccccc1)C1CCN(CCc2ccccc2)CC1,True,high
STR-A5A20463BFF941861BA8,IC50,biochemical_binding,1,2,1,2,1,0,0,5.327902142064282,5.327902142064282,5.327902142064282,4700.0,4700.0,IC50,1,inhibitory_potency,1,biochemical_binding,1,ChEMBL;PubChem,CHEMBL5746305,Menin,2021,=,CC(C)CCC1(C2CCN(CCCOc3ccc(C#N)cc3)CC2)NCCc2ccccc21,CC(C)CCC1(C2CCN(CCCOc3ccc(C#N)cc3)CC2)NCCc2ccccc21,CC(C)CCC1(C2CCN(CCCOc3ccc(C#N)cc3)CC2)NCCc2ccccc21,CC(C)CCC1(C2CCN(CCCOc3ccc(C#N)cc3)CC2)NCCc2ccccc21,CQXUZAASFRKCJB-UHFFFAOYSA-N,CQXUZAASFRKCJB-UHFFFAOYSA-N,standardized,0.0,False,2.0,strict_exact,exact_point_estimate,weak_1uM_to_10uM,False,False,IC50,biochemical_binding,False,0.9633447806307001,0.22674047466437733,0.3333333432674408,OC(c1ccccc1)(c1ccccc1)C1CCN(CCCOc2ccc(-c3ccccc3)cc2)CC1,True,high
STR-FE6ABAC0F054BFEC1BAA,IC50,biochemical_binding,1,2,1,2,1,0,0,5.327902142064282,5.327902142064282,5.327902142064282,4700.0,4700.0,IC50,1,inhibitory_potency,1,biochemical_binding,1,ChEMBL;PubChem,CHEMBL5777979,Menin,2021,=,CNC(=O)O[C@@H]1CCC[C@H]1C(C#N)(c1ccccc1)C1CCN(CC2CN(c3ccc(C)cc3)C2)CC1,CNC(=O)O[C@@H]1CCC[C@H]1C(C#N)(c1ccccc1)C1CCN(CC2CN(c3ccc(C)cc3)C2)CC1,CNC(=O)O[C@@H]1CCC[C@H]1C(C#N)(c1ccccc1)C1CCN(CC2CN(c3ccc(C)cc3)C2)CC1,CNC(=O)O[C@@H]1CCC[C@H]1C(C#N)(c1ccccc1)C1CCN(CC2CN(c3ccc(C)cc3)C2)CC1,VIVQBGAVUNUMKT-FYZJSYNQSA-N,VIVQBGAVUNUMKT-FYZJSYNQSA-N,standardized,0.0,False,2.0,strict_exact,exact_point_estimate,weak_1uM_to_10uM,False,False,IC50,biochemical_binding,False,0.892773010312212,0.4914946409736447,0.3164556920528412,Cc1ccc(CCCCN2CCC(C(O)(c3ccccc3)c3ccccc3)CC2)cc1,True,high
STR-B37B5C6A72819E700FA9,IC50,biochemical_binding,1,1,0,1,1,0,0,5.318758762624412,5.318758762624412,5.318758762624412,4800.0,4800.0,IC50,1,inhibitory_potency,1,biochemical_binding,1,ChEMBL,CHEMBL3696184,Menin,2015,=,CC1(C)CN=C(N2CCN(c3ncnc4sc(Br)cc34)CC2)S1,CC1(C)CN=C(N2CCN(c3ncnc4sc(Br)cc34)CC2)S1,CC1(C)CN=C(N2CCN(c3ncnc4sc(Br)cc34)CC2)S1,CC1(C)CN=C(N2CCN(c3ncnc4sc(Br)cc34)CC2)S1,MJMGSXKLOIRJBH-UHFFFAOYSA-N,MJMGSXKLOIRJBH-UHFFFAOYSA-N,standardized,0.0,False,2.0,strict_exact,exact_point_estimate,weak_1uM_to_10uM,False,False,IC50,biochemical_binding,False,0.9145999452138843,0.42092649659013237,0.2151898741722107,C[C@@H](NC(=O)C1(N)CCN(c2ncnc3[nH]ccc23)CC1)c1ccc(Cl)cc1,False,high
STR-1DF62CB592FCCE0FC1BB,IC50,biochemical_binding,1,2,1,2,1,0,0,5.309803919971486,5.309803919971486,5.309803919971486,4900.0,4900.0,IC50,1,inhibitory_potency,1,biochemical_binding,1,ChEMBL;PubChem,CHEMBL5797119,Menin,2021,=,COC[C@H]1CCC[C@@H]1C(C#N)(c1ccccc1)C1CCN(CC2CN(c3ccc(S(=O)(=O)C4CC4)cc3)C2)CC1,COC[C@H]1CCC[C@@H]1C(C#N)(c1ccccc1)C1CCN(CC2CN(c3ccc(S(=O)(=O)C4CC4)cc3)C2)CC1,COC[C@H]1CCC[C@@H]1C(C#N)(c1ccccc1)C1CCN(CC2CN(c3ccc(S(=O)(=O)C4CC4)cc3)C2)CC1,COC[C@H]1CCC[C@@H]1C(C#N)(c1ccccc1)C1CCN(CC2CN(c3ccc(S(=O)(=O)C4CC4)cc3)C2)CC1,JTTZBVRZQHYQAJ-FTBGWDSVSA-N,JTTZBVRZQHYQAJ-FTBGWDSVSA-N,standardized,0.0,False,2.0,strict_exact,exact_point_estimate,weak_1uM_to_10uM,False,False,IC50,biochemical_binding,False,0.9333798822202078,0.3531820817625487,0.31081080436706543,O=S(=O)(c1ccccc1)C1CCN(CCc2ccccc2)CC1,True,high
STR-12F4BE5B3B9958528331,IC50,biochemical_binding,1,1,0,1,1,0,0,5.302770657240282,5.302770657240282,5.302770657240282,4980.0,4980.0,IC50,1,inhibitory_potency,1,biochemical_binding,1,PubChem,156532027,Menin,2026,=,COCCN(C)CCC[C@@H](C(C)C)N1CC2(CCN(c3ncnnc3Oc3ccc(F)cc3C(=O)N(C(C)C)C(C)C)C2)C1,CC(C)[C@H](CCCN(C)CCOC)N1CC2(C1)CCN(C2)C3=C(N=NC=N3)OC4=C(C=C(C=C4)F)C(=O)N(C(C)C)C(C)C,COCCN(C)CCC[C@@H](C(C)C)N1CC2(CCN(c3ncnnc3Oc3ccc(F)cc3C(=O)N(C(C)C)C(C)C)C2)C1,COCCN(C)CCC[C@@H](C(C)C)N1CC2(CCN(c3ncnnc3Oc3ccc(F)cc3C(=O)N(C(C)C)C(C)C)C2)C1,MTNNOKFINBKFMT-NDEPHWFRSA-N,MTNNOKFINBKFMT-NDEPHWFRSA-N,standardized,0.0,False,2.0,strict_exact,exact_point_estimate,weak_1uM_to_10uM,False,False,IC50,biochemical_binding,False,0.7118727521332867,0.8662897857802065,0.5050504803657532,CCN(C(=O)c1cc(F)ccc1Oc1nncnc1N1CC2(CCN(CC3(SC)CC3)CC2)C1)C(C)C,True,high
STR-094C702ADD088489F553,IC50,biochemical_binding,1,1,0,1,1,0,0,5.301029995663981,5.301029995663981,5.301029995663981,5000.0,5000.0,IC50,1,inhibitory_potency,1,biochemical_binding,1,ChEMBL,CHEMBL4576593,Menin,2019,=,N#Cc1ccc(OCCCCN2CCC(C3(C4CCCC4)NCCc4ccccc43)CC2)cc1,N#Cc1ccc(OCCCCN2CCC(C3(C4CCCC4)NCCc4ccccc43)CC2)cc1,N#Cc1ccc(OCCCCN2CCC(C3(C4CCCC4)NCCc4ccccc43)CC2)cc1,N#Cc1ccc(OCCCCN2CCC(C3(C4CCCC4)NCCc4ccccc43)CC2)cc1,ZUHLVCWHTWLFOX-UHFFFAOYSA-N,ZUHLVCWHTWLFOX-UHFFFAOYSA-N,standardized,0.0,False,2.0,strict_exact,exact_point_estimate,weak_1uM_to_10uM,False,False,IC50,biochemical_binding,False,0.9710919082758492,0.1888860835870428,0.380952388048172,c1ccc(-c2ccc(OCCCCCN3CCCCCC3)cc2)cc1,True,high
STR-18A0CA3C76D3D31427DE,IC50,biochemical_binding,1,2,1,2,1,0,0,5.292429823902063,5.292429823902063,5.292429823902063,5100.0,5100.0,IC50,1,inhibitory_potency,1,biochemical_binding,1,ChEMBL;PubChem,CHEMBL5979980,Menin,2021,=,COC(=O)[C@@H]1CCC[C@H]1C(C#N)(c1ccccc1)C1CCN(CC2CN(c3ccc(S(=O)(=O)C4CC4)cc3)C2)CC1,COC(=O)[C@@H]1CCC[C@H]1C(C#N)(c1ccccc1)C1CCN(CC2CN(c3ccc(S(=O)(=O)C4CC4)cc3)C2)CC1,COC(=O)[C@@H]1CCC[C@H]1C(C#N)(c1ccccc1)C1CCN(CC2CN(c3ccc(S(=O)(=O)C4CC4)cc3)C2)CC1,COC(=O)[C@@H]1CCC[C@H]1C(C#N)(c1ccccc1)C1CCN(CC2CN(c3ccc(S(=O)(=O)C4CC4)cc3)C2)CC1,JMMWSUCDLGCMSN-NNTSECMXSA-N,JMMWSUCDLGCMSN-NNTSECMXSA-N,standardized,0.0,False,2.0,strict_exact,exact_point_estimate,weak_1uM_to_10uM,False,False,IC50,biochemical_binding,False,0.8959861407794271,0.48159160174807436,0.3086419701576233,O=C(CN1CCC(S(=O)(=O)c2ccccc2)CC1)c1ccc(F)cc1,True,high
STR-6F61DD7B53632CC333BC,IC50,biochemical_binding,1,2,1,2,1,0,0,5.292429823902063,5.292429823902063,5.292429823902063,5100.0,5100.0,IC50,1,inhibitory_potency,1,biochemical_binding,1,ChEMBL;PubChem,CHEMBL6034858,Menin,2021,=,COC(=O)N[C@@H]1CCC[C@H]1C(C#N)(c1ccccc1)C1CCN(CC2CN(c3ccc(S(=O)(=O)C4CC4)cc3)C2)CC1,COC(=O)N[C@@H]1CCC[C@H]1C(C#N)(c1ccccc1)C1CCN(CC2CN(c3ccc(S(=O)(=O)C4CC4)cc3)C2)CC1,COC(=O)N[C@@H]1CCC[C@H]1C(C#N)(c1ccccc1)C1CCN(CC2CN(c3ccc(S(=O)(=O)C4CC4)cc3)C2)CC1,COC(=O)N[C@@H]1CCC[C@H]1C(C#N)(c1ccccc1)C1CCN(CC2CN(c3ccc(S(=O)(=O)C4CC4)cc3)C2)CC1,ZDFHPRMYCCSWNO-NNTSECMXSA-N,ZDFHPRMYCCSWNO-NNTSECMXSA-N,standardized,0.0,False,2.0,strict_exact,exact_point_estimate,weak_1uM_to_10uM,False,False,IC50,biochemical_binding,False,0.9086733315264923,0.44088262969349645,0.3012048304080963,O=C(CN1CCC(S(=O)(=O)c2ccccc2)CC1)c1ccc(F)cc1,True,high
STR-FF095523952A15300267,IC50,biochemical_binding,2,3,1,2,2,0,0,5.289198036565084,5.3979400086720375,5.180456064458131,5300.0,4000.0,IC50,1,inhibitory_potency,1,biochemical_binding,1,ChEMBL;PubChem,CHEMBL4528850,Menin,2019;2021,=,N#Cc1ccc(N2CCCC(CN3CCC(C4(C5CCCC5)NCCc5ccccc54)CC3)C2)cc1,N#Cc1ccc(N2CCCC(CN3CCC(C4(C5CCCC5)NCCc5ccccc54)CC3)C2)cc1,N#Cc1ccc(N2CCCC(CN3CCC(C4(C5CCCC5)NCCc5ccccc54)CC3)C2)cc1,N#Cc1ccc(N2CCCC(CN3CCC(C4(C5CCCC5)NCCc5ccccc54)CC3)C2)cc1,DRMSIRORFBINAW-UHFFFAOYSA-N,DRMSIRORFBINAW-UHFFFAOYSA-N,standardized,0.2174839442139067,False,2.0,strict_exact,exact_point_estimate,weak_1uM_to_10uM,False,False,IC50,biochemical_binding,False,0.959384621259545,0.24510659847952776,0.30263158679008484,N#Cc1ccc(N2CCC3(CCN(CCc4ccccc4)C3)C2)cc1,True,high
STR-BFADD52B1F3CC9E98A32,IC50,biochemical_binding,1,2,1,2,1,0,0,5.2839966563652006,5.2839966563652006,5.2839966563652006,5200.0,5200.0,IC50,1,inhibitory_potency,1,biochemical_binding,1,ChEMBL;PubChem,CHEMBL6022720,Menin,2021,=,CNC(=O)C[C@@H]1CCC[C@H]1C(C#N)(c1ccccc1)C1CCN(CC2CN(c3ccc(S(=O)(=O)c4ccncc4)cc3)C2)CC1,CNC(=O)C[C@@H]1CCC[C@H]1C(C#N)(c1ccccc1)C1CCN(CC2CN(c3ccc(S(=O)(=O)c4ccncc4)cc3)C2)CC1,CNC(=O)C[C@@H]1CCC[C@H]1C(C#N)(c1ccccc1)C1CCN(CC2CN(c3ccc(S(=O)(=O)c4ccncc4)cc3)C2)CC1,CNC(=O)C[C@@H]1CCC[C@H]1C(C#N)(c1ccccc1)C1CCN(CC2CN(c3ccc(S(=O)(=O)c4ccncc4)cc3)C2)CC1,MKUJDUKEABOIAI-LZMDZFMZSA-N,MKUJDUKEABOIAI-LZMDZFMZSA-N,standardized,0.0,False,2.0,strict_exact,exact_point_estimate,weak_1uM_to_10uM,False,False,IC50,biochemical_binding,False,0.8939008816010809,0.4880364178429628,0.25925925374031067,O=C(CC1CCN(Cc2ccn(-c3ccc(C(F)(F)F)cc3)c2)CC1)NC(c1ccccc1)c1ccccn1,True,high
STR-13602A865FEABB9329F4,IC50,biochemical_binding,1,1,0,1,1,0,0,5.267606240177031,5.267606240177031,5.267606240177031,5400.0,5400.0,IC50,1,inhibitory_potency,1,biochemical_binding,1,ChEMBL,CHEMBL4457683,Menin,2019,=,CCO[C@H]1CCC[C@@H]1[C@](C#N)(c1ccccc1)C1CCN(CC2CN(c3ccc(C#N)cc3)C2)CC1,CCO[C@H]1CCC[C@@H]1[C@](C#N)(c1ccccc1)C1CCN(CC2CN(c3ccc(C#N)cc3)C2)CC1,CCO[C@H]1CCC[C@@H]1[C@](C#N)(c1ccccc1)C1CCN(CC2CN(c3ccc(C#N)cc3)C2)CC1,CCO[C@H]1CCC[C@@H]1[C@](C#N)(c1ccccc1)C1CCN(CC2CN(c3ccc(C#N)cc3)C2)CC1,MAXNDLMVLPNMAO-RWSKJCERSA-N,MAXNDLMVLPNMAO-RWSKJCERSA-N,standardized,0.0,False,2.0,strict_exact,exact_point_estimate,weak_1uM_to_10uM,False,False,IC50,biochemical_binding,False,0.9451825757321302,0.30651882305870715,0.29487180709838867,N#Cc1ccc(N2CCC3(CCN(CCc4ccccc4)C3)C2)cc1,True,high
STR-19696E299ED51B516AAC,IC50,biochemical_binding,1,1,0,1,1,0,0,5.266000713461613,5.266000713461613,5.266000713461613,5420.0,5420.0,IC50,1,inhibitory_potency,1,biochemical_binding,1,PubChem,156531479,Menin,2026,=,CC(C)[C@H](C[C@@H](O)CN(C)C)N1CC2(CCN(c3ncnnc3Oc3ccc(F)cc3C(=O)N(C(C)C)C(C)C)C2)C1,CC(C)[C@H](C[C@H](CN(C)C)O)N1CC2(C1)CCN(C2)C3=C(N=NC=N3)OC4=C(C=C(C=C4)F)C(=O)N(C(C)C)C(C)C,CC(C)[C@H](C[C@@H](O)CN(C)C)N1CC2(CCN(c3ncnnc3Oc3ccc(F)cc3C(=O)N(C(C)C)C(C)C)C2)C1,CC(C)[C@H](C[C@@H](O)CN(C)C)N1CC2(CCN(c3ncnnc3Oc3ccc(F)cc3C(=O)N(C(C)C)C(C)C)C2)C1,HGNXEODCTLZEEQ-RSXGOPAZSA-N,HGNXEODCTLZEEQ-RSXGOPAZSA-N,standardized,0.0,False,2.0,strict_exact,exact_point_estimate,weak_1uM_to_10uM,False,False,IC50,biochemical_binding,False,0.6648037024138007,0.9201475428520767,0.5263158082962036,CCN(C(=O)c1cc(F)ccc1Oc1nncnc1N1CC2(CCN(CC3(SC)CC3)CC2)C1)C(C)C,True,medium
STR-25FD7B5E9510CCADC7E9,IC50,biochemical_binding,1,1,0,1,1,0,0,5.260427655549908,5.260427655549908,5.260427655549908,5490.0,5490.0,IC50,1,inhibitory_potency,1,biochemical_binding,1,PubChem,168720906,Menin,2026,=,CCN(CC)C[C@@H](O)C[C@@H](C(C)C)N1CC2(CCN(c3ncnnc3Oc3ccc(F)cc3C(=O)N(CC)C(C)C)C2)C1,CCN(CC)C[C@H](C[C@@H](C(C)C)N1CC2(C1)CCN(C2)C3=C(N=NC=N3)OC4=C(C=C(C=C4)F)C(=O)N(CC)C(C)C)O,CCN(CC)C[C@@H](O)C[C@@H](C(C)C)N1CC2(CCN(c3ncnnc3Oc3ccc(F)cc3C(=O)N(CC)C(C)C)C2)C1,CCN(CC)C[C@@H](O)C[C@@H](C(C)C)N1CC2(CCN(c3ncnnc3Oc3ccc(F)cc3C(=O)N(CC)C(C)C)C2)C1,GGIYEWDSYGQHQG-BDYUSTAISA-N,GGIYEWDSYGQHQG-BDYUSTAISA-N,standardized,0.0,False,2.0,strict_exact,exact_point_estimate,weak_1uM_to_10uM,False,False,IC50,biochemical_binding,False,0.5821884579496684,0.9804206208380558,0.6263736486434937,CCN(C(=O)c1cc(F)ccc1Oc1nncnc1N1CC2(CCN(CC3(SC)CC3)CC2)C1)C(C)C,True,medium
STR-86534CE59FD1A258EC1F,IC50,biochemical_binding,1,1,0,1,1,0,0,5.254144804826272,5.254144804826272,5.254144804826272,5570.0,5570.0,IC50,1,inhibitory_potency,1,biochemical_binding,1,PubChem,156531409,Menin,2026,=,CCN(C(=O)c1cc(F)ccc1Oc1nncnc1N1CCC2(C1)CN([C@@H](CCCCN)C(C)C)C2)C(C)C,CCN(C(C)C)C(=O)C1=C(C=CC(=C1)F)OC2=C(N=CN=N2)N3CCC4(C3)CN(C4)[C@@H](CCCCN)C(C)C,CCN(C(=O)c1cc(F)ccc1Oc1nncnc1N1CCC2(C1)CN([C@@H](CCCCN)C(C)C)C2)C(C)C,CCN(C(=O)c1cc(F)ccc1Oc1nncnc1N1CCC2(C1)CN([C@@H](CCCCN)C(C)C)C2)C(C)C,ZXNPZTCLXAMYFY-DEOSSOPVSA-N,ZXNPZTCLXAMYFY-DEOSSOPVSA-N,standardized,0.0,False,2.0,strict_exact,exact_point_estimate,weak_1uM_to_10uM,False,False,IC50,biochemical_binding,False,0.5823203016483799,0.9803574644251898,0.6333333253860474,CCN(C(=O)c1cc(F)ccc1Oc1nncnc1N1CC2(CCN(CC3(SC)CC3)CC2)C1)C(C)C,True,medium
STR-44D7373FA75606A9FAF6,IC50,biochemical_binding,1,2,1,2,1,0,0,5.251811972993799,5.251811972993799,5.251811972993799,5600.0,5600.0,IC50,1,inhibitory_potency,1,biochemical_binding,1,ChEMBL;PubChem,CHEMBL5887503,Menin,2021,=,CCNC(=O)[C@H]1CCC[C@@H]1C(C#N)(c1ccccc1)C1CCN(CC2CN(c3ccc(S(=O)(=O)C4CC4)cc3)C2)CC1,CCNC(=O)[C@H]1CCC[C@@H]1C(C#N)(c1ccccc1)C1CCN(CC2CN(c3ccc(S(=O)(=O)C4CC4)cc3)C2)CC1,CCNC(=O)[C@H]1CCC[C@@H]1C(C#N)(c1ccccc1)C1CCN(CC2CN(c3ccc(S(=O)(=O)C4CC4)cc3)C2)CC1,CCNC(=O)[C@H]1CCC[C@@H]1C(C#N)(c1ccccc1)C1CCN(CC2CN(c3ccc(S(=O)(=O)C4CC4)cc3)C2)CC1,HMDROGLOSGHQIS-QKZQDKRESA-N,HMDROGLOSGHQIS-QKZQDKRESA-N,standardized,0.0,False,2.0,strict_exact,exact_point_estimate,weak_1uM_to_10uM,False,False,IC50,biochemical_binding,False,0.8568062826310804,0.5925421441630154,0.3012048304080963,O=C(CN1CCC(S(=O)(=O)c2ccccc2)CC1)c1ccc(F)cc1,True,high
STR-C7284B226A7FB3CA10F9,IC50,biochemical_binding,1,2,1,2,1,0,0,5.251811972993799,5.251811972993799,5.251811972993799,5600.0,5600.0,IC50,1,inhibitory_potency,1,biochemical_binding,1,ChEMBL;PubChem,CHEMBL5924885,Menin,2021,=,CN1Cc2ccccc2C(c2ccccn2)(C2CCN(CCCOc3ccc(C#N)cc3)CC2)C1,CN1Cc2ccccc2C(c2ccccn2)(C2CCN(CCCOc3ccc(C#N)cc3)CC2)C1,CN1Cc2ccccc2C(c2ccccn2)(C2CCN(CCCOc3ccc(C#N)cc3)CC2)C1,CN1Cc2ccccc2C(c2ccccn2)(C2CCN(CCCOc3ccc(C#N)cc3)CC2)C1,MEWOHWGJAPNQTP-UHFFFAOYSA-N,MEWOHWGJAPNQTP-UHFFFAOYSA-N,standardized,0.0,False,2.0,strict_exact,exact_point_estimate,weak_1uM_to_10uM,False,False,IC50,biochemical_binding,False,0.9425592395344684,0.31720078516529615,0.34090909361839294,OC1CCN(CCCOc2ccc(-n3c(-c4ccccn4)nc4cc(F)ccc43)cc2)CC1,True,high
STR-977651FE1C7684004EBE,IC50,biochemical_binding,2,3,1,2,2,0,0,5.251258731316314,5.619788758288394,4.882728704344236,7750.0,2400.0,IC50,1,inhibitory_potency,1,biochemical_binding,1,ChEMBL;PubChem,132104380;CHEMBL5756541,Menin,2021;2023,=,O=S(=O)(c1ccc(OC2CC(N3CCC(C4(C5CCCC5)NCCc5ccccc54)CC3)C2)cc1)C1CC1,O=S(=O)(c1ccc(OC2CC(N3CCC(C4(C5CCCC5)NCCc5ccccc54)CC3)C2)cc1)C1CC1,O=S(=O)(c1ccc(OC2CC(N3CCC(C4(C5CCCC5)NCCc5ccccc54)CC3)C2)cc1)C1CC1,O=S(=O)(c1ccc(OC2CC(N3CCC(C4(C5CCCC5)NCCc5ccccc54)CC3)C2)cc1)C1CC1,DAIHYYRKXDJZEY-UHFFFAOYSA-N,DAIHYYRKXDJZEY-UHFFFAOYSA-N,standardized,0.7370600539441581,False,2.0,strict_exact,exact_point_estimate,weak_1uM_to_10uM,False,False,IC50,biochemical_binding,False,0.9604809171666033,0.24008284047926381,0.29629629850387573,O=S(=O)(c1ccc2c(c1)CCNCC2)N1CCC(Oc2ccccc2Cl)CC1,True,high
STR-4942B912C9C5FBB61901,IC50,biochemical_binding,1,2,1,2,1,0,0,5.2441251443275085,5.2441251443275085,5.2441251443275085,5700.0,5700.0,IC50,1,inhibitory_potency,1,biochemical_binding,1,ChEMBL;PubChem,CHEMBL5936175,Menin,2021,=,CC(=O)O[C@@H]1CCC[C@H]1C(C#N)(c1ccccc1F)C1CCN(CC2CN(c3ccc(S(=O)(=O)C4CC4)cc3)C2)CC1,CC(=O)O[C@@H]1CCC[C@H]1C(C#N)(c1ccccc1F)C1CCN(CC2CN(c3ccc(S(=O)(=O)C4CC4)cc3)C2)CC1,CC(=O)O[C@@H]1CCC[C@H]1C(C#N)(c1ccccc1F)C1CCN(CC2CN(c3ccc(S(=O)(=O)C4CC4)cc3)C2)CC1,CC(=O)O[C@@H]1CCC[C@H]1C(C#N)(c1ccccc1F)C1CCN(CC2CN(c3ccc(S(=O)(=O)C4CC4)cc3)C2)CC1,GKIFDNSCASLJLJ-RDGBXCDUSA-N,GKIFDNSCASLJLJ-RDGBXCDUSA-N,standardized,0.0,False,2.0,strict_exact,exact_point_estimate,weak_1uM_to_10uM,False,False,IC50,biochemical_binding,False,0.8943247065624966,0.48673191448775943,0.3103448152542114,O=C(CN1CCC(S(=O)(=O)c2ccccc2)CC1)c1ccc(F)cc1F,True,high
STR-890705A7B622D31C3086,IC50,biochemical_binding,1,2,1,2,1,0,0,5.2441251443275085,5.2441251443275085,5.2441251443275085,5700.0,5700.0,IC50,1,inhibitory_potency,1,biochemical_binding,1,ChEMBL;PubChem,CHEMBL5995129,Menin,2021,=,CC1CN(CCCOc2ccc(C#N)cc2)CCC1C(C#N)(c1ccccc1)C1CCCC1,CC1CN(CCCOc2ccc(C#N)cc2)CCC1C(C#N)(c1ccccc1)C1CCCC1,CC1CN(CCCOc2ccc(C#N)cc2)CCC1C(C#N)(c1ccccc1)C1CCCC1,CC1CN(CCCOc2ccc(C#N)cc2)CCC1C(C#N)(c1ccccc1)C1CCCC1,GNNNJADVMQLRDC-UHFFFAOYSA-N,GNNNJADVMQLRDC-UHFFFAOYSA-N,standardized,0.0,False,2.0,strict_exact,exact_point_estimate,weak_1uM_to_10uM,False,False,IC50,biochemical_binding,False,0.9611430492876252,0.23702657976898234,0.43939393758773804,OC(c1ccccc1)(c1ccccc1)C1CCN(CCCOc2ccc(-c3ccccc3)cc2)CC1,True,high
STR-0C41A5E0103FBE24922F,IC50,biochemical_binding,1,1,0,1,1,0,0,5.229147988357855,5.229147988357855,5.229147988357855,5900.0,5900.0,IC50,1,inhibitory_potency,1,biochemical_binding,1,PubChem,156531825,Menin,2026,=,CCN(C(=O)c1cc(F)ccc1Oc1nnccc1N1CCC2(C1)CN([C@@H](CCCN(C)CCOC)C(C)C)C2)C(C)C,CCN(C(C)C)C(=O)C1=C(C=CC(=C1)F)OC2=C(C=CN=N2)N3CCC4(C3)CN(C4)[C@@H](CCCN(C)CCOC)C(C)C,CCN(C(=O)c1cc(F)ccc1Oc1nnccc1N1CCC2(C1)CN([C@@H](CCCN(C)CCOC)C(C)C)C2)C(C)C,CCN(C(=O)c1cc(F)ccc1Oc1nnccc1N1CCC2(C1)CN([C@@H](CCCN(C)CCOC)C(C)C)C2)C(C)C,QEEXMEYJDQDSAZ-NDEPHWFRSA-N,QEEXMEYJDQDSAZ-NDEPHWFRSA-N,standardized,0.0,False,2.0,strict_exact,exact_point_estimate,weak_1uM_to_10uM,False,False,IC50,biochemical_binding,False,0.8003778308495351,0.7211717892790419,0.4803921580314636,CCN(C(=O)c1cc(F)ccc1Oc1nncnc1N1CC2(CCN(CC3(SC)CC3)CC2)C1)C(C)C,True,high
STR-5F5B8DC8F81109D4AC69,IC50,biochemical_binding,1,2,1,2,1,0,0,5.221848749616356,5.221848749616356,5.221848749616356,6000.0,6000.0,IC50,1,inhibitory_potency,1,biochemical_binding,1,ChEMBL;PubChem,CHEMBL5984789,Menin,2021,=,CN1CCc2ccccc2C1(C1CCCC1)C1CN(CCCCCOc2ccc(C#N)cc2)C1,CN1CCc2ccccc2C1(C1CCCC1)C1CN(CCCCCOc2ccc(C#N)cc2)C1,CN1CCc2ccccc2C1(C1CCCC1)C1CN(CCCCCOc2ccc(C#N)cc2)C1,CN1CCc2ccccc2C1(C1CCCC1)C1CN(CCCCCOc2ccc(C#N)cc2)C1,YTSXGRGCPZWROW-UHFFFAOYSA-N,YTSXGRGCPZWROW-UHFFFAOYSA-N,standardized,0.0,False,2.0,strict_exact,exact_point_estimate,weak_1uM_to_10uM,False,False,IC50,biochemical_binding,False,0.9576902984312295,0.2527836677390248,0.375,c1ccc(-c2ccc(OCCCCCN3CCCCCC3)cc2)cc1,True,high
STR-24BA8A5718C0F3749245,IC50,biochemical_binding,1,2,1,2,1,0,0,5.207608310501746,5.207608310501746,5.207608310501746,6200.0,6200.0,IC50,1,inhibitory_potency,1,biochemical_binding,1,ChEMBL;PubChem,CHEMBL5894544,Menin,2021,=,CNC(=O)O[C@@H]1CCC[C@H]1C(C#N)(c1ccccc1)C1CCN(C2CCN(c3ccc(S(=O)(=O)c4ccccc4)cc3)CC2)CC1,CNC(=O)O[C@@H]1CCC[C@H]1C(C#N)(c1ccccc1)C1CCN(C2CCN(c3ccc(S(=O)(=O)c4ccccc4)cc3)CC2)CC1,CNC(=O)O[C@@H]1CCC[C@H]1C(C#N)(c1ccccc1)C1CCN(C2CCN(c3ccc(S(=O)(=O)c4ccccc4)cc3)CC2)CC1,CNC(=O)O[C@@H]1CCC[C@H]1C(C#N)(c1ccccc1)C1CCN(C2CCN(c3ccc(S(=O)(=O)c4ccccc4)cc3)CC2)CC1,LQTOWKWWEGWBLV-ANOPSCNCSA-N,LQTOWKWWEGWBLV-ANOPSCNCSA-N,standardized,0.0,False,2.0,strict_exact,exact_point_estimate,weak_1uM_to_10uM,False,False,IC50,biochemical_binding,False,0.8905962399124757,0.4981148950639208,0.30000001192092896,O=C(NS(=O)(=O)c1ccccc1)N1CCC(N2CCC(Oc3ccc(Cl)c(Cl)c3)CC2)CC1,True,high
STR-B86FFEAD38CDA23B5632,IC50,biochemical_binding,1,2,1,2,1,0,0,5.207608310501746,5.207608310501746,5.207608310501746,6200.0,6200.0,IC50,1,inhibitory_potency,1,biochemical_binding,1,ChEMBL;PubChem,CHEMBL6029206,Menin,2021,=,O=C(CN1CCC(C2(C3CCCC3)NCCc3ccccc32)CC1)N1Cc2ccccc2C1,O=C(CN1CCC(C2(C3CCCC3)NCCc3ccccc32)CC1)N1Cc2ccccc2C1,O=C(CN1CCC(C2(C3CCCC3)NCCc3ccccc32)CC1)N1Cc2ccccc2C1,O=C(CN1CCC(C2(C3CCCC3)NCCc3ccccc32)CC1)N1Cc2ccccc2C1,ZVJCATKGWRWAFU-UHFFFAOYSA-N,ZVJCATKGWRWAFU-UHFFFAOYSA-N,standardized,0.0,False,2.0,strict_exact,exact_point_estimate,weak_1uM_to_10uM,False,False,IC50,biochemical_binding,False,0.83946238903548,0.6355941408727123,0.3239436745643616,CC(=O)N1Cc2ccccc2CC1CN1CCC2(CCc3ccccc32)CC1,True,high
STR-3CD476A8641FC18ED0B6,IC50,biochemical_binding,1,1,0,1,1,0,0,5.200659450546418,5.200659450546418,5.200659450546418,6300.0,6300.0,IC50,1,inhibitory_potency,1,biochemical_binding,1,ChEMBL,CHEMBL3696188,Menin,2015,=,CCc1cc2c(N3CCCN(C4=NCC(C)(C)S4)CC3)ncnc2s1,CCc1cc2c(N3CCCN(C4=NCC(C)(C)S4)CC3)ncnc2s1,CCc1cc2c(N3CCCN(C4=NCC(C)(C)S4)CC3)ncnc2s1,CCc1cc2c(N3CCCN(C4=NCC(C)(C)S4)CC3)ncnc2s1,TXLAORUTHAAZMG-UHFFFAOYSA-N,TXLAORUTHAAZMG-UHFFFAOYSA-N,standardized,0.0,False,2.0,strict_exact,exact_point_estimate,weak_1uM_to_10uM,False,False,IC50,biochemical_binding,False,0.9206434682761622,0.3999078218060945,0.23999999463558197,CN1CCCN(c2nccc3[nH]c(-c4cc(F)cc(F)c4)nc23)CC1,False,high
STR-290979066F752EEEF93B,IC50,biochemical_binding,1,1,0,1,1,0,0,5.199282921717614,5.199282921717614,5.199282921717614,6320.0,6320.0,IC50,1,inhibitory_potency,1,biochemical_binding,1,ChEMBL,CHEMBL2314570,Menin,2013,=,N=C(N)NCCC[C@@H]1NC(=O)C2(CCCC2)NC(=O)[C@@H]2CCCN2C(=O)[C@H](Cc2ccccc2)NC(=O)[C@@H](N)CCCCCCCCNC(=O)[C@@H]2CCCN2C1=O,N=C(N)NCCC[C@@H]1NC(=O)C2(CCCC2)NC(=O)[C@@H]2CCCN2C(=O)[C@H](Cc2ccccc2)NC(=O)[C@@H](N)CCCCCCCCNC(=O)[C@@H]2CCCN2C1=O,N=C(N)NCCC[C@@H]1NC(=O)C2(CCCC2)NC(=O)[C@@H]2CCCN2C(=O)[C@H](Cc2ccccc2)NC(=O)[C@@H](N)CCCCCCCCNC(=O)[C@@H]2CCCN2C1=O,N=C(N)NCCC[C@@H]1NC(=O)C2(CCCC2)NC(=O)[C@@H]2CCCN2C(=O)[C@H](Cc2ccccc2)NC(=O)[C@@H](N)CCCCCCCCNC(=O)[C@@H]2CCCN2C1=O,SBLVHEUBRCDYMQ-ZTTXAYQISA-N,SBLVHEUBRCDYMQ-ZTTXAYQISA-N,standardized,0.0,False,2.0,strict_exact,exact_point_estimate,weak_1uM_to_10uM,False,False,IC50,biochemical_binding,False,0.8028525618278085,0.7161861538817691,0.2698412835597992,CC(C)C[C@@H]1NC(=O)CNC(=O)[C@H](CCC(=O)O)NC(=O)[C@@H]2CSSC[C@H](NC(=O)[C@@H](N)Cc3ccc(O)cc3)C(=O)N[C@@H](CCC(N)=O)C(=O)N[C@@H](CCCCN)C(=O)N[C@@H](Cc3ccccc3)C(=O)N[C@@H](CC(C)C)C(=O)N[C@@H](C)C(=O)N3CCC[C@H]3C(=O)N[C@H]3CSSC[C@H](NC(=O)[C@H](C(C)C)NC1=O)C(=O)N[C@@H](CCCNC(=N)N)C(=O)N[C@@H](CC(C)C)C(=O)N[C@@H](Cc1c[nH]c4ccccc14)C(=O)N[C@H](C(=O)N[C@@H](CCCCN)C(=O)N[C@@H](CCCCN)C(=O)N[C@@H](CCCCN)C(=O)N[C@@H](CC(C)C)C(=O)N[C@@H](Cc1c[nH]c4ccccc14)C(N)=O)CSSC[C@H](NC(=O)[C@H](CCCCN)NC(=O)[C@H](CCCNC(=N)N)NC(=O)[C@H](CCC(=O)O)NC(=O)[C@H](CO)NC(=O)[C@H](CC(=O)O)NC3=O)C(=O)N2,True,high
STR-C555A82898E9FBE8534F,IC50,biochemical_binding,1,1,0,1,1,0,0,5.1904402853647325,5.1904402853647325,5.1904402853647325,6450.0,6450.0,IC50,1,inhibitory_potency,1,biochemical_binding,1,ChEMBL,CHEMBL2315086,Menin,2013,=,C[C@@H]1NC(=O)[C@@H]2CCCN2C(=O)[C@H](Cc2ccccc2)NC(=O)CCCCCCCCCNC(=O)[C@@H]2CCCN2C(=O)[C@H](CCCNC(=N)N)NC1=O,C[C@@H]1NC(=O)[C@@H]2CCCN2C(=O)[C@H](Cc2ccccc2)NC(=O)CCCCCCCCCNC(=O)[C@@H]2CCCN2C(=O)[C@H](CCCNC(=N)N)NC1=O,C[C@@H]1NC(=O)[C@@H]2CCCN2C(=O)[C@H](Cc2ccccc2)NC(=O)CCCCCCCCCNC(=O)[C@@H]2CCCN2C(=O)[C@H](CCCNC(=N)N)NC1=O,C[C@@H]1NC(=O)[C@@H]2CCCN2C(=O)[C@H](Cc2ccccc2)NC(=O)CCCCCCCCCNC(=O)[C@@H]2CCCN2C(=O)[C@H](CCCNC(=N)N)NC1=O,GZFHDQJCXSMNJI-PZBSVLGOSA-N,GZFHDQJCXSMNJI-PZBSVLGOSA-N,standardized,0.0,False,2.0,strict_exact,exact_point_estimate,weak_1uM_to_10uM,False,False,IC50,biochemical_binding,False,0.8110764986835687,0.6992140685375912,0.32203391194343567,CC(C)C[C@@H]1NC(=O)CNC(=O)[C@H](CCC(=O)O)NC(=O)[C@@H]2CSSC[C@H](NC(=O)[C@@H](N)Cc3ccc(O)cc3)C(=O)N[C@@H](CCC(N)=O)C(=O)N[C@@H](CCCCN)C(=O)N[C@@H](Cc3ccccc3)C(=O)N[C@@H](CC(C)C)C(=O)N[C@@H](C)C(=O)N3CCC[C@H]3C(=O)N[C@H]3CSSC[C@H](NC(=O)[C@H](C(C)C)NC1=O)C(=O)N[C@@H](CCCNC(=N)N)C(=O)N[C@@H](CC(C)C)C(=O)N[C@@H](Cc1c[nH]c4ccccc14)C(=O)N[C@H](C(=O)N[C@@H](CCCCN)C(=O)N[C@@H](CCCCN)C(=O)N[C@@H](CCCCN)C(=O)N[C@@H](CC(C)C)C(=O)N[C@@H](Cc1c[nH]c4ccccc14)C(N)=O)CSSC[C@H](NC(=O)[C@H](CCCCN)NC(=O)[C@H](CCCNC(=N)N)NC(=O)[C@H](CCC(=O)O)NC(=O)[C@H](CO)NC(=O)[C@H](CC(=O)O)NC3=O)C(=O)N2,True,high
STR-1820741093C58A025EB7,IC50,biochemical_binding,1,2,1,2,1,0,0,5.187086643357144,5.187086643357144,5.187086643357144,6500.0,6500.0,IC50,1,inhibitory_potency,1,biochemical_binding,1,ChEMBL;PubChem,CHEMBL5824353,Menin,2021,=,CCCC(=O)N1CCCCC1C1(C2CCN(CCCOc3ccc(C#N)cc3)CC2)CN(C)Cc2ccccc21,CCCC(=O)N1CCCCC1C1(C2CCN(CCCOc3ccc(C#N)cc3)CC2)CN(C)Cc2ccccc21,CCCC(=O)N1CCCCC1C1(C2CCN(CCCOc3ccc(C#N)cc3)CC2)CN(C)Cc2ccccc21,CCCC(=O)N1CCCCC1C1(C2CCN(CCCOc3ccc(C#N)cc3)CC2)CN(C)Cc2ccccc21,YFVZLQYUXFSVFL-UHFFFAOYSA-N,YFVZLQYUXFSVFL-UHFFFAOYSA-N,standardized,0.0,False,2.0,strict_exact,exact_point_estimate,weak_1uM_to_10uM,False,False,IC50,biochemical_binding,False,0.8947615461690325,0.48538448319244987,0.3214285671710968,CCOC(=O)c1ccc(-c2ccc(OCCCN3CCCCC3)cc2)cc1,True,high
STR-338D75E25E61086DDEB0,IC50,biochemical_binding,1,2,1,2,1,0,0,5.187086643357144,5.187086643357144,5.187086643357144,6500.0,6500.0,IC50,1,inhibitory_potency,1,biochemical_binding,1,ChEMBL;PubChem,CHEMBL5817490,Menin,2021,=,CS(=O)(=O)c1ccc(N2CC(CN3CCC(C(C#N)(c4ccccc4)[C@H]4CCC[C@@H]4O)CC3)C2)cc1,CS(=O)(=O)c1ccc(N2CC(CN3CCC(C(C#N)(c4ccccc4)[C@H]4CCC[C@@H]4O)CC3)C2)cc1,CS(=O)(=O)c1ccc(N2CC(CN3CCC(C(C#N)(c4ccccc4)[C@H]4CCC[C@@H]4O)CC3)C2)cc1,CS(=O)(=O)c1ccc(N2CC(CN3CCC(C(C#N)(c4ccccc4)[C@H]4CCC[C@@H]4O)CC3)C2)cc1,WBWKKVOKDMNJBT-ASYYUYISSA-N,WBWKKVOKDMNJBT-ASYYUYISSA-N,standardized,0.0,False,2.0,strict_exact,exact_point_estimate,weak_1uM_to_10uM,False,False,IC50,biochemical_binding,False,0.8866658431163679,0.509891586486966,0.3048780560493469,CN(C(=O)Cc1ccc(S(C)(=O)=O)cc1)C1CCN(Cc2ccc(C(F)(F)F)cc2)CC1,True,high
STR-EABF9B602E7C57DDC695,IC50,biochemical_binding,1,2,1,2,1,0,0,5.187086643357144,5.187086643357144,5.187086643357144,6500.0,6500.0,IC50,1,inhibitory_potency,1,biochemical_binding,1,ChEMBL;PubChem,CHEMBL5766980,Menin,2021,=,CC(=O)O[C@@H]1CCC[C@H]1C(C#N)(c1ccccc1)C1CCN(CC2CN(c3ccc(C(=O)O)cc3)C2)CC1,CC(=O)O[C@@H]1CCC[C@H]1C(C#N)(c1ccccc1)C1CCN(CC2CN(c3ccc(C(=O)O)cc3)C2)CC1,CC(=O)O[C@@H]1CCC[C@H]1C(C#N)(c1ccccc1)C1CCN(CC2CN(c3ccc(C(=O)O)cc3)C2)CC1,CC(=O)O[C@@H]1CCC[C@H]1C(C#N)(c1ccccc1)C1CCN(CC2CN(c3ccc(C(=O)O)cc3)C2)CC1,QKNJSAPOLRJCFI-FYZJSYNQSA-N,QKNJSAPOLRJCFI-FYZJSYNQSA-N,standardized,0.0,False,2.0,strict_exact,exact_point_estimate,weak_1uM_to_10uM,False,False,IC50,biochemical_binding,False,0.8301955604894259,0.6572572235721545,0.37037035822868347,O=C(O)c1ccc(N2CCC(CN3CCC(Oc4ccc(Cl)c(Cl)c4)CC3)CC2)cc1,True,high
STR-282D943879193C965050,IC50,biochemical_binding,2,4,2,2,2,0,0,5.182258126592544,5.221848749616356,5.142667503568731,6600.0,6000.0,IC50,1,inhibitory_potency,1,biochemical_binding,1,ChEMBL;PubChem,CHEMBL5882863,Menin,2021,=,CCS(=O)(=O)c1ccc(N2CC(C(=O)N3CCC(C4(C5CCCC5)NCCc5c(F)cccc54)CC3)C2)cc1,CCS(=O)(=O)c1ccc(N2CC(C(=O)N3CCC(C4(C5CCCC5)NCCc5c(F)cccc54)CC3)C2)cc1,CCS(=O)(=O)c1ccc(N2CC(C(=O)N3CCC(C4(C5CCCC5)NCCc5c(F)cccc54)CC3)C2)cc1,CCS(=O)(=O)c1ccc(N2CC(C(=O)N3CCC(C4(C5CCCC5)NCCc5c(F)cccc54)CC3)C2)cc1,OZJSLDFYCWPMNW-UHFFFAOYSA-N,OZJSLDFYCWPMNW-UHFFFAOYSA-N,standardized,0.0791812460476251,False,2.0,strict_exact,exact_point_estimate,weak_1uM_to_10uM,False,False,IC50,biochemical_binding,False,0.8444785704118516,0.6234869149164523,0.2584269642829895,N#CC1(NC(=O)[C@@H]2CCCC[C@H]2C(=O)N2CCN(c3ccc(F)cc3)CC2)CC1,True,high
STR-08A590BAA6ADDB004EDA,IC50,biochemical_binding,1,2,1,2,1,0,0,5.161150909262744,5.161150909262744,5.161150909262744,6900.0,6900.0,IC50,1,inhibitory_potency,1,biochemical_binding,1,ChEMBL;PubChem,CHEMBL5923382,Menin,2021,=,CC(=O)OC[C@@H]1CCC[C@H]1C(C#N)(c1ccccc1)C1CCN(CC2CN(c3ccc(S(=O)(=O)C4CC4)cc3)C2)CC1,CC(=O)OC[C@@H]1CCC[C@H]1C(C#N)(c1ccccc1)C1CCN(CC2CN(c3ccc(S(=O)(=O)C4CC4)cc3)C2)CC1,CC(=O)OC[C@@H]1CCC[C@H]1C(C#N)(c1ccccc1)C1CCN(CC2CN(c3ccc(S(=O)(=O)C4CC4)cc3)C2)CC1,CC(=O)OC[C@@H]1CCC[C@H]1C(C#N)(c1ccccc1)C1CCN(CC2CN(c3ccc(S(=O)(=O)C4CC4)cc3)C2)CC1,MPKSENOWQPDREO-KMSQYKAGSA-N,MPKSENOWQPDREO-KMSQYKAGSA-N,standardized,0.0,False,2.0,strict_exact,exact_point_estimate,weak_1uM_to_10uM,False,False,IC50,biochemical_binding,False,0.9126212033897724,0.4276595296690638,0.3012048304080963,O=C(CN1CCC(S(=O)(=O)c2ccccc2)CC1)c1ccc(F)cc1,True,high
STR-CE19B64802D772BDF0B1,IC50,biochemical_binding,1,1,0,1,1,0,0,5.154901959985743,5.154901959985743,5.154901959985743,7000.0,7000.0,IC50,1,inhibitory_potency,1,biochemical_binding,1,ChEMBL,CHEMBL3696186,Menin,2015,=,CCc1cc2c(N3CCCN(CC(=O)N4CCCC4)CC3)ncnc2s1,CCc1cc2c(N3CCCN(CC(=O)N4CCCC4)CC3)ncnc2s1,CCc1cc2c(N3CCCN(CC(=O)N4CCCC4)CC3)ncnc2s1,CCc1cc2c(N3CCCN(CC(=O)N4CCCC4)CC3)ncnc2s1,DNMFXCFQKVVALR-UHFFFAOYSA-N,DNMFXCFQKVVALR-UHFFFAOYSA-N,standardized,0.0,False,2.0,strict_exact,exact_point_estimate,weak_1uM_to_10uM,False,False,IC50,biochemical_binding,False,0.8846488423064888,0.5158486033428777,0.3589743673801422,CCc1ncc(-c2cc(C)no2)c(C2CCN(CC(=O)N3CCCCC3)CC2)n1,True,high
STR-EE2BA933FEE514B0F89F,IC50,biochemical_binding,1,2,1,2,1,0,0,5.1487416512809245,5.1487416512809245,5.1487416512809245,7100.0,7100.0,IC50,1,inhibitory_potency,1,biochemical_binding,1,ChEMBL;PubChem,CHEMBL5904150,Menin,2021,=,N#Cc1ccc(OCCCN2CCC(C3(CC4CCCCC4)NCCc4ccccc43)CC2)cc1,N#Cc1ccc(OCCCN2CCC(C3(CC4CCCCC4)NCCc4ccccc43)CC2)cc1,N#Cc1ccc(OCCCN2CCC(C3(CC4CCCCC4)NCCc4ccccc43)CC2)cc1,N#Cc1ccc(OCCCN2CCC(C3(CC4CCCCC4)NCCc4ccccc43)CC2)cc1,VBJFBQFVVBZOBJ-UHFFFAOYSA-N,VBJFBQFVVBZOBJ-UHFFFAOYSA-N,standardized,0.0,False,2.0,strict_exact,exact_point_estimate,weak_1uM_to_10uM,False,False,IC50,biochemical_binding,False,0.97037029701388,0.1925314240523049,0.3787878751754761,c1cc(C2CCCCC2)ccc1OCCCN1CCCCC1,True,high
STR-9E9C8374C40CC4C64C60,IC50,biochemical_binding,1,1,0,1,1,0,0,5.131355561605174,5.131355561605174,5.131355561605174,7390.0,7390.0,IC50,1,inhibitory_potency,1,biochemical_binding,1,ChEMBL,CHEMBL2311572,Menin,2013,=,CCCCC[C@H](NC(=O)[C@H](Cc1c[nH]c2ccccc12)NC(=O)[C@H](CCCNC(=N)N)NC(C)=O)C(=O)N[C@@H](Cc1ccccc1)C(=O)N1CCC[C@H]1C(=O)N[C@@H](C)C(=O)N[C@@H](CCCNC(=N)N)C(=O)N1CCC[C@H]1C(=O)NCC,CCCCC[C@H](NC(=O)[C@H](Cc1c[nH]c2ccccc12)NC(=O)[C@H](CCCNC(=N)N)NC(C)=O)C(=O)N[C@@H](Cc1ccccc1)C(=O)N1CCC[C@H]1C(=O)N[C@@H](C)C(=O)N[C@@H](CCCNC(=N)N)C(=O)N1CCC[C@H]1C(=O)NCC,CCCCC[C@H](NC(=O)[C@H](Cc1c[nH]c2ccccc12)NC(=O)[C@H](CCCNC(=N)N)NC(C)=O)C(=O)N[C@@H](Cc1ccccc1)C(=O)N1CCC[C@H]1C(=O)N[C@@H](C)C(=O)N[C@@H](CCCNC(=N)N)C(=O)N1CCC[C@H]1C(=O)NCC,CCCCC[C@H](NC(=O)[C@H](Cc1c[nH]c2ccccc12)NC(=O)[C@H](CCCNC(=N)N)NC(C)=O)C(=O)N[C@@H](Cc1ccccc1)C(=O)N1CCC[C@H]1C(=O)N[C@@H](C)C(=O)N[C@@H](CCCNC(=N)N)C(=O)N1CCC[C@H]1C(=O)NCC,GYWBMNXCPLEQOU-GYLBKRORSA-N,GYWBMNXCPLEQOU-GYLBKRORSA-N,standardized,0.0,False,2.0,strict_exact,exact_point_estimate,weak_1uM_to_10uM,False,False,IC50,biochemical_binding,False,0.8542349713560647,0.5991400198691197,0.4237288236618042,CCC(C)C(NC(=O)C(Cc1ccccc1)NC(=O)C(CC(C)C)NC(=O)C(CCCNC(=N)N)NC(=O)C(NC(=O)C(C)NC(=O)C(CCC(=O)O)NC(=O)C(CCC(=O)O)NC(=O)C(CCC(=O)O)NC(=O)C(CCSC)NC(=O)C(CCC(N)=O)NC(=O)C(CCCCN)NC(=O)C(CO)NC(=O)C(CC(C)C)NC(=O)C(CC(=O)O)NC(=O)C(CO)NC(=O)C(NC(=O)C(Cc1ccccc1)NC(=O)C(NC(=O)CNC(=O)C(CCC(=O)O)NC(=O)CNC(=O)C(N)Cc1c[nH]cn1)C(C)O)C(C)O)C(C)C)C(=O)NC(CCC(=O)O)C(=O)NC(Cc1c[nH]c2ccccc12)C(=O)NC(CC(C)C)C(=O)NC(CCCCN)C(=O)NC(CC(N)=O)C(=O)NCC(=O)NCC(=O)N1CCCC1C(=O)NC(CO)C(=O)NC(CO)C(=O)NCC(=O)NC(C)C(=O)N1CCCC1C(=O)N1CCCC1C(=O)N1CCCC1C(=O)NC(CO)C(N)=O,True,high
STR-A81FD784C5400DE7DDA0,IC50,biochemical_binding,1,1,0,1,1,0,0,5.131355561605174,5.131355561605174,5.131355561605174,7390.0,7390.0,IC50,1,inhibitory_potency,1,biochemical_binding,1,PubChem,168720907,Menin,2026,=,CCN(C(=O)c1cc(F)ccc1Oc1nncnc1N1CCC2(C1)CN([C@@H](C[C@H](C)CN(C)CCOC)C(C)C)C2)C(C)C,CCN(C(C)C)C(=O)C1=C(C=CC(=C1)F)OC2=C(N=CN=N2)N3CCC4(C3)CN(C4)[C@@H](C[C@H](C)CN(C)CCOC)C(C)C,CCN(C(=O)c1cc(F)ccc1Oc1nncnc1N1CCC2(C1)CN([C@@H](C[C@H](C)CN(C)CCOC)C(C)C)C2)C(C)C,CCN(C(=O)c1cc(F)ccc1Oc1nncnc1N1CCC2(C1)CN([C@@H](C[C@H](C)CN(C)CCOC)C(C)C)C2)C(C)C,GORAKAHLMGAALX-LSYYVWMOSA-N,GORAKAHLMGAALX-LSYYVWMOSA-N,standardized,0.0,False,2.0,strict_exact,exact_point_estimate,weak_1uM_to_10uM,False,False,IC50,biochemical_binding,False,0.5928426534968848,0.9749837030787498,0.59375,CCN(C(=O)c1cc(F)ccc1Oc1nncnc1N1CC2(CCN(CC3(SC)CC3)CC2)C1)C(C)C,True,medium
STR-A4B78F32EC254E4C66A8,IC50,biochemical_binding,1,2,1,2,1,0,0,5.130768280269024,5.130768280269024,5.130768280269024,7400.0,7400.0,IC50,1,inhibitory_potency,1,biochemical_binding,1,ChEMBL;PubChem,CHEMBL3696204,Menin,2015,=,CC(=O)N1c2ccccc2NC2=C(C(=O)CC(c3ccc(Cl)c(Cl)c3)C2)C1c1cccnc1,CC(=O)N1c2ccccc2NC2=C(C(=O)CC(c3ccc(Cl)c(Cl)c3)C2)C1c1cccnc1,CC(=O)N1c2ccccc2NC2=C(C(=O)CC(c3ccc(Cl)c(Cl)c3)C2)C1c1cccnc1,CC(=O)N1c2ccccc2NC2=C(C(=O)CC(c3ccc(Cl)c(Cl)c3)C2)C1c1cccnc1,RGUVBVAYJBKQDS-UHFFFAOYSA-N,RGUVBVAYJBKQDS-UHFFFAOYSA-N,standardized,0.0,False,2.0,strict_exact,exact_point_estimate,weak_1uM_to_10uM,False,False,IC50,biochemical_binding,False,0.914294941492908,0.4219690048408472,0.28125,CC(=O)NCCc1ccccc1-c1ccc([C@H]2CNCC[C@@H]2c2cccnc2)c(Cl)c1,True,high
STR-D2049436E0A3A1A3ABCB,IC50,biochemical_binding,1,1,0,1,1,0,0,5.1095789811990855,5.1095789811990855,5.1095789811990855,7770.0,7770.0,IC50,1,inhibitory_potency,1,biochemical_binding,1,PubChem,156531619,Menin,2026,=,CCN(C(=O)c1cc(F)ccc1Oc1nncnc1N1CCC2(C1)CN([C@@H](C[C@@H](O)CN(C)CCOC)C(C)C)C2)C(C)C,CCN(C(C)C)C(=O)C1=C(C=CC(=C1)F)OC2=C(N=CN=N2)N3CCC4(C3)CN(C4)[C@@H](C[C@H](CN(C)CCOC)O)C(C)C,CCN(C(=O)c1cc(F)ccc1Oc1nncnc1N1CCC2(C1)CN([C@@H](C[C@@H](O)CN(C)CCOC)C(C)C)C2)C(C)C,CCN(C(=O)c1cc(F)ccc1Oc1nncnc1N1CCC2(C1)CN([C@@H](C[C@@H](O)CN(C)CCOC)C(C)C)C2)C(C)C,XOMQNBYRAKVRPP-VPUSJEBWSA-N,XOMQNBYRAKVRPP-VPUSJEBWSA-N,standardized,0.0,False,2.0,strict_exact,exact_point_estimate,weak_1uM_to_10uM,False,False,IC50,biochemical_binding,False,0.6387331028582091,0.9437297863689258,0.5876288414001465,CCN(C(=O)c1cc(F)ccc1Oc1nncnc1N1CC2(CCN(CC3(SC)CC3)CC2)C1)C(C)C,True,medium
STR-3A4916332CE912BE72A0,IC50,biochemical_binding,1,2,1,2,1,0,0,5.086186147616283,5.086186147616283,5.086186147616283,8200.0,8200.0,IC50,1,inhibitory_potency,1,biochemical_binding,1,ChEMBL;PubChem,CHEMBL5789436,Menin,2021,=,O=C(CN1CCC(C2(C3CCCC3)NCCc3ccccc32)CC1)N1CCc2ccccc2C1,O=C(CN1CCC(C2(C3CCCC3)NCCc3ccccc32)CC1)N1CCc2ccccc2C1,O=C(CN1CCC(C2(C3CCCC3)NCCc3ccccc32)CC1)N1CCc2ccccc2C1,O=C(CN1CCC(C2(C3CCCC3)NCCc3ccccc32)CC1)N1CCc2ccccc2C1,BXKSVVXOBYULEL-UHFFFAOYSA-N,BXKSVVXOBYULEL-UHFFFAOYSA-N,standardized,0.0,False,2.0,strict_exact,exact_point_estimate,weak_1uM_to_10uM,False,False,IC50,biochemical_binding,False,0.8339501814046957,0.6485881666152653,0.3287671208381653,CC(=O)N1Cc2ccccc2CC1CN1CCC2(CCc3ccccc32)CC1,True,high
STR-E963AE7E2CFE53ED5D83,IC50,biochemical_binding,1,1,0,1,1,0,0,5.080398976215889,5.080398976215889,5.080398976215889,8310.0,8310.0,IC50,1,inhibitory_potency,1,biochemical_binding,1,PubChem,156531460,Menin,2026,=,CCN(C(=O)c1cc(F)ccc1Oc1nncnc1N1CCC2(C1)CN([C@@H](CCN(C)C)C(C)C)C2)C(C)C,CCN(C(C)C)C(=O)C1=C(C=CC(=C1)F)OC2=C(N=CN=N2)N3CCC4(C3)CN(C4)[C@@H](CCN(C)C)C(C)C,CCN(C(=O)c1cc(F)ccc1Oc1nncnc1N1CCC2(C1)CN([C@@H](CCN(C)C)C(C)C)C2)C(C)C,CCN(C(=O)c1cc(F)ccc1Oc1nncnc1N1CCC2(C1)CN([C@@H](CCN(C)C)C(C)C)C2)C(C)C,ZIZYVXSVTLULAA-DEOSSOPVSA-N,ZIZYVXSVTLULAA-DEOSSOPVSA-N,standardized,0.0,False,2.0,strict_exact,exact_point_estimate,weak_1uM_to_10uM,False,False,IC50,biochemical_binding,False,0.5973571667422332,0.972475575180028,0.6551724076271057,CCN(C(=O)c1cc(F)ccc1Oc1nncnc1N1CC2(CCN(CC3(SC)CC3)CC2)C1)C(C)C,True,medium
STR-6C29AB696561B060F66D,IC50,biochemical_binding,1,1,0,1,1,0,0,5.060480747381382,5.060480747381382,5.060480747381382,8700.0,8700.0,IC50,1,inhibitory_potency,1,biochemical_binding,1,ChEMBL,CHEMBL1492096,Menin,2015,=,Cc1sc2ncnc(NC3CCN(Cc4ccccc4)CC3)c2c1C,Cc1sc2ncnc(NC3CCN(Cc4ccccc4)CC3)c2c1C,Cc1sc2ncnc(NC3CCN(Cc4ccccc4)CC3)c2c1C,Cc1sc2ncnc(NC3CCN(Cc4ccccc4)CC3)c2c1C,CGRZMNFYFYJXES-UHFFFAOYSA-N,CGRZMNFYFYJXES-UHFFFAOYSA-N,standardized,0.0,False,2.0,strict_exact,exact_point_estimate,weak_1uM_to_10uM,False,False,IC50,biochemical_binding,False,0.9551154013285366,0.264256178418805,0.3866666555404663,Cc1c(C)n(Cc2ccccc2)c2ncnc(OC3CCN(Cc4cscn4)CC3)c12,True,high
STR-20D5B5F6CCFE315C6A44,IC50,biochemical_binding,1,2,1,2,1,0,0,5.055517327849831,5.055517327849831,5.055517327849831,8800.0,8800.0,IC50,1,inhibitory_potency,1,biochemical_binding,1,ChEMBL;PubChem,CHEMBL5931813,Menin,2021,=,N#CC(Cc1ccncc1)(c1ccccc1)C1CCN(CC2CN(c3ccc(S(=O)(=O)c4ccncc4)cc3)C2)CC1,N#CC(Cc1ccncc1)(c1ccccc1)C1CCN(CC2CN(c3ccc(S(=O)(=O)c4ccncc4)cc3)C2)CC1,N#CC(Cc1ccncc1)(c1ccccc1)C1CCN(CC2CN(c3ccc(S(=O)(=O)c4ccncc4)cc3)C2)CC1,N#CC(Cc1ccncc1)(c1ccccc1)C1CCN(CC2CN(c3ccc(S(=O)(=O)c4ccncc4)cc3)C2)CC1,OEWYVMUDTHNZDI-UHFFFAOYSA-N,OEWYVMUDTHNZDI-UHFFFAOYSA-N,standardized,0.0,False,2.0,strict_exact,exact_point_estimate,weak_1uM_to_10uM,False,False,IC50,biochemical_binding,False,0.9270508139835003,0.376834284697112,0.27906978130340576,O=C(O)Cc1ccc(N2CCC(CN3CCC(Oc4ccc(Cl)c(Cl)c4)CC3)CC2)cc1,True,high
STR-8131638FF64AE92C8993,IC50,biochemical_binding,1,2,1,2,1,0,0,5.055517327849831,5.055517327849831,5.055517327849831,8800.0,8800.0,IC50,1,inhibitory_potency,1,biochemical_binding,1,ChEMBL;PubChem,CHEMBL6057170,Menin,2021,=,CO[C@@H]1CCC[C@H]1C(C#N)(c1ccccc1)C1CCN(CCCOc2ccc(C#N)cc2)CC1,CO[C@@H]1CCC[C@H]1C(C#N)(c1ccccc1)C1CCN(CCCOc2ccc(C#N)cc2)CC1,CO[C@@H]1CCC[C@H]1C(C#N)(c1ccccc1)C1CCN(CCCOc2ccc(C#N)cc2)CC1,CO[C@@H]1CCC[C@H]1C(C#N)(c1ccccc1)C1CCN(CCCOc2ccc(C#N)cc2)CC1,GTILRIPAVDNTIG-KSSJMHQNSA-N,GTILRIPAVDNTIG-KSSJMHQNSA-N,standardized,0.0,False,2.0,strict_exact,exact_point_estimate,weak_1uM_to_10uM,False,False,IC50,biochemical_binding,False,0.9613523708310054,0.23605688588468743,0.4769230782985687,OC(c1ccccc1)(c1ccccc1)C1CCN(CCCOc2ccc(-c3ccccc3)cc2)CC1,True,high
STR-3187B729C5A86F22C447,IC50,biochemical_binding,1,2,1,2,1,0,0,5.045757490560675,5.045757490560675,5.045757490560675,9000.0,9000.0,IC50,1,inhibitory_potency,1,biochemical_binding,1,ChEMBL;PubChem,CHEMBL5821503,Menin,2021,=,CCO[C@@H]1CCC[C@H]1C(C#N)(c1ccccc1)C1CCN(CC2CN(c3ccc(S(=O)(=O)c4ccncc4)cc3)C2)CC1,CCO[C@@H]1CCC[C@H]1C(C#N)(c1ccccc1)C1CCN(CC2CN(c3ccc(S(=O)(=O)c4ccncc4)cc3)C2)CC1,CCO[C@@H]1CCC[C@H]1C(C#N)(c1ccccc1)C1CCN(CC2CN(c3ccc(S(=O)(=O)c4ccncc4)cc3)C2)CC1,CCO[C@@H]1CCC[C@H]1C(C#N)(c1ccccc1)C1CCN(CC2CN(c3ccc(S(=O)(=O)c4ccncc4)cc3)C2)CC1,HLMRIZYZBIFRAV-ORITWGEGSA-N,HLMRIZYZBIFRAV-ORITWGEGSA-N,standardized,0.0,False,2.0,strict_exact,exact_point_estimate,weak_1uM_to_10uM,False,False,IC50,biochemical_binding,False,0.9236492568861924,0.38918843305570766,0.2525252401828766,C[C@@H]1CN(CC2(c3ccncc3)CC2)CCN1S(=O)(=O)c1ccc(C(C)(O)C(F)(F)F)cc1,True,high
STR-15A2DC000277D973D434,IC50,biochemical_binding,1,2,1,2,1,0,0,5.031517051446064,5.031517051446064,5.031517051446064,9300.0,9300.0,IC50,1,inhibitory_potency,1,biochemical_binding,1,ChEMBL;PubChem,CHEMBL6045176,Menin,2021,=,CC(=O)OC[C@H]1CCC[C@@H]1C(C#N)(c1ccccc1)C1CCN(CC2CN(c3ccc(S(=O)(=O)C4CC4)cc3)C2)CC1,CC(=O)OC[C@H]1CCC[C@@H]1C(C#N)(c1ccccc1)C1CCN(CC2CN(c3ccc(S(=O)(=O)C4CC4)cc3)C2)CC1,CC(=O)OC[C@H]1CCC[C@@H]1C(C#N)(c1ccccc1)C1CCN(CC2CN(c3ccc(S(=O)(=O)C4CC4)cc3)C2)CC1,CC(=O)OC[C@H]1CCC[C@@H]1C(C#N)(c1ccccc1)C1CCN(CC2CN(c3ccc(S(=O)(=O)C4CC4)cc3)C2)CC1,MPKSENOWQPDREO-XYOWXNCWSA-N,MPKSENOWQPDREO-XYOWXNCWSA-N,standardized,0.0,False,2.0,strict_exact,exact_point_estimate,weak_1uM_to_10uM,False,False,IC50,biochemical_binding,False,0.9126212033897724,0.4276595296690638,0.3012048304080963,O=C(CN1CCC(S(=O)(=O)c2ccccc2)CC1)c1ccc(F)cc1,True,high
STR-CDBF5137E00EE2651EDD,IC50,biochemical_binding,1,1,0,1,1,0,0,5.0245681914907365,5.0245681914907365,5.0245681914907365,9450.0,9450.0,IC50,1,inhibitory_potency,1,biochemical_binding,1,PubChem,156531463,Menin,2026,=,CCN(C(=O)c1cc(F)ccc1Oc1nncnc1N1CCC2(C1)CN([C@@H](CCCCN(C)C)C(C)C)C2)C(C)C,CCN(C(C)C)C(=O)C1=C(C=CC(=C1)F)OC2=C(N=CN=N2)N3CCC4(C3)CN(C4)[C@@H](CCCCN(C)C)C(C)C,CCN(C(=O)c1cc(F)ccc1Oc1nncnc1N1CCC2(C1)CN([C@@H](CCCCN(C)C)C(C)C)C2)C(C)C,CCN(C(=O)c1cc(F)ccc1Oc1nncnc1N1CCC2(C1)CN([C@@H](CCCCN(C)C)C(C)C)C2)C(C)C,NLOFCWGPKOGXNK-SANMLTNESA-N,NLOFCWGPKOGXNK-SANMLTNESA-N,standardized,0.0,False,2.0,strict_exact,exact_point_estimate,weak_1uM_to_10uM,False,False,IC50,biochemical_binding,False,0.6429923555154716,0.940171241310311,0.6333333253860474,CCN(C(=O)c1cc(F)ccc1Oc1nncnc1N1CC2(CCN(CC3(SC)CC3)CC2)C1)C(C)C,True,medium
STR-DB7599D364AC5B610473,IC50,biochemical_binding,1,1,0,1,1,0,0,5.021363051615525,5.021363051615525,5.021363051615525,9520.0,9520.0,IC50,1,inhibitory_potency,1,biochemical_binding,1,PubChem,168720901,Menin,2026,=,CCCN(C)C[C@@H](O)C[C@@H](C(C)C)N1CC2(CCN(c3ncnnc3Oc3ccc(F)cc3C(=O)N(CC)C(C)C)C2)C1,CCCN(C)C[C@H](C[C@@H](C(C)C)N1CC2(C1)CCN(C2)C3=C(N=NC=N3)OC4=C(C=C(C=C4)F)C(=O)N(CC)C(C)C)O,CCCN(C)C[C@@H](O)C[C@@H](C(C)C)N1CC2(CCN(c3ncnnc3Oc3ccc(F)cc3C(=O)N(CC)C(C)C)C2)C1,CCCN(C)C[C@@H](O)C[C@@H](C(C)C)N1CC2(CCN(c3ncnnc3Oc3ccc(F)cc3C(=O)N(CC)C(C)C)C2)C1,HHCHMJCRVXIDBH-BDYUSTAISA-N,HHCHMJCRVXIDBH-BDYUSTAISA-N,standardized,0.0,False,2.0,strict_exact,exact_point_estimate,weak_1uM_to_10uM,False,False,IC50,biochemical_binding,False,0.6036253203241385,0.9687903751737588,0.6129032373428345,CCN(C(=O)c1cc(F)ccc1Oc1nncnc1N1CC2(CCN(CC3(SC)CC3)CC2)C1)C(C)C,True,medium
STR-E64E90F663FA85F37778,IC50,biochemical_binding,2,4,2,2,2,0,0,5.020479303839453,5.154901959985743,4.886056647693163,10000.0,7000.0,IC50,1,inhibitory_potency,1,biochemical_binding,1,ChEMBL;PubChem,CHEMBL3696195,Menin,2015,=,CC(=O)N1c2ccccc2NC2=C(C(=O)CC(c3ccc(C(C)(C)C)cc3)C2)C1c1cccnc1,CC(=O)N1c2ccccc2NC2=C(C(=O)CC(c3ccc(C(C)(C)C)cc3)C2)C1c1cccnc1,CC(=O)N1c2ccccc2NC2=C(C(=O)CC(c3ccc(C(C)(C)C)cc3)C2)C1c1cccnc1,CC(=O)N1c2ccccc2NC2=C(C(=O)CC(c3ccc(C(C)(C)C)cc3)C2)C1c1cccnc1,UPQBSBFYOVKHQX-UHFFFAOYSA-N,UPQBSBFYOVKHQX-UHFFFAOYSA-N,standardized,0.26884531229258,False,2.0,strict_exact,exact_point_estimate,weak_1uM_to_10uM,False,False,IC50,biochemical_binding,False,0.8847760107456036,0.5154747317381576,0.2708333432674408,CC(C)[C@]1(C(=O)NCc2cc(C(F)(F)F)cc(C(F)(F)F)c2)CC[C@@H](N2CCC(c3cccnc3)CC2)C1,True,high
STR-E697EE7C173FF5B3D541,IC50,biochemical_binding,1,1,0,1,1,0,0,5.019088062223156,5.019088062223156,5.019088062223156,9570.0,9570.0,IC50,1,inhibitory_potency,1,biochemical_binding,1,ChEMBL,CHEMBL2314827,Menin,2013,=,CC(=O)N[C@@H](CCCNC(=N)N)C(=O)N[C@@H](Cc1ccccc1)C(=O)N1CCC[C@H]1C(=O)N[C@@H](C)C(=O)N[C@@H](CCCNC(=N)N)C(=O)N1CCC[C@H]1C(N)=O,CC(=O)N[C@@H](CCCNC(=N)N)C(=O)N[C@@H](Cc1ccccc1)C(=O)N1CCC[C@H]1C(=O)N[C@@H](C)C(=O)N[C@@H](CCCNC(=N)N)C(=O)N1CCC[C@H]1C(N)=O,CC(=O)N[C@@H](CCCNC(=N)N)C(=O)N[C@@H](Cc1ccccc1)C(=O)N1CCC[C@H]1C(=O)N[C@@H](C)C(=O)N[C@@H](CCCNC(=N)N)C(=O)N1CCC[C@H]1C(N)=O,CC(=O)N[C@@H](CCCNC(=N)N)C(=O)N[C@@H](Cc1ccccc1)C(=O)N1CCC[C@H]1C(=O)N[C@@H](C)C(=O)N[C@@H](CCCNC(=N)N)C(=O)N1CCC[C@H]1C(N)=O,ICUUCVBWMRADGQ-NICUNNCGSA-N,ICUUCVBWMRADGQ-NICUNNCGSA-N,standardized,0.0,False,2.0,strict_exact,exact_point_estimate,weak_1uM_to_10uM,False,False,IC50,biochemical_binding,False,0.803209304556793,0.7154628627543229,0.3352601230144501,CCC(C)C(NC(=O)C(Cc1ccccc1)NC(=O)C(CC(C)C)NC(=O)C(CCCNC(=N)N)NC(=O)C(NC(=O)C(C)NC(=O)C(CCC(=O)O)NC(=O)C(CCC(=O)O)NC(=O)C(CCC(=O)O)NC(=O)C(CCSC)NC(=O)C(CCC(N)=O)NC(=O)C(CCCCN)NC(=O)C(CO)NC(=O)C(CC(C)C)NC(=O)C(CC(=O)O)NC(=O)C(CO)NC(=O)C(NC(=O)C(Cc1ccccc1)NC(=O)C(NC(=O)CNC(=O)C(CCC(=O)O)NC(=O)CNC(=O)C(N)Cc1c[nH]cn1)C(C)O)C(C)O)C(C)C)C(=O)NC(CCC(=O)O)C(=O)NC(Cc1c[nH]c2ccccc12)C(=O)NC(CC(C)C)C(=O)NC(CCCCN)C(=O)NC(CC(N)=O)C(=O)NCC(=O)NCC(=O)N1CCCC1C(=O)NC(CO)C(=O)NC(CO)C(=O)NCC(=O)NC(C)C(=O)N1CCCC1C(=O)N1CCCC1C(=O)N1CCCC1C(=O)NC(CO)C(N)=O,True,high
STR-119E78597F506F0B6C75,IC50,biochemical_binding,1,2,1,2,1,0,0,5.017728766960431,5.017728766960431,5.017728766960431,9600.0,9600.0,IC50,1,inhibitory_potency,1,biochemical_binding,1,ChEMBL;PubChem,CHEMBL5758134,Menin,2021,=,COC(=O)N1Cc2ccccc2C(C2CCN(CCCOc3ccc(C#N)cc3)CC2)([C@H]2CCC[C@@H]2OC)C1,COC(=O)N1Cc2ccccc2C(C2CCN(CCCOc3ccc(C#N)cc3)CC2)([C@H]2CCC[C@@H]2OC)C1,COC(=O)N1Cc2ccccc2C(C2CCN(CCCOc3ccc(C#N)cc3)CC2)([C@H]2CCC[C@@H]2OC)C1,COC(=O)N1Cc2ccccc2C(C2CCN(CCCOc3ccc(C#N)cc3)CC2)([C@H]2CCC[C@@H]2OC)C1,RZZLNBBDQPQGHP-XNVRKLAPSA-N,RZZLNBBDQPQGHP-XNVRKLAPSA-N,standardized,0.0,False,2.0,strict_exact,exact_point_estimate,weak_1uM_to_10uM,False,False,IC50,biochemical_binding,False,0.9058705819473845,0.4501051102483015,0.3258427083492279,O=C(c1ccccc1)N1CCN(c2ccc(OCCCN3CCCCC3)cc2)C(=O)C1,True,high
STR-6C4B7845EEA627B51A73,IC50,biochemical_binding,1,2,1,2,1,0,0,5.013228265733755,5.013228265733755,5.013228265733755,9700.0,9700.0,IC50,1,inhibitory_potency,1,biochemical_binding,1,ChEMBL;PubChem,CHEMBL5990853,Menin,2021,=,CO[C@@H]1CCC[C@H]1C(C#N)(c1ccccc1)C1CCN(CC2CN(c3ccc(S(C)(=O)=O)cc3)C2)CC1,CO[C@@H]1CCC[C@H]1C(C#N)(c1ccccc1)C1CCN(CC2CN(c3ccc(S(C)(=O)=O)cc3)C2)CC1,CO[C@@H]1CCC[C@H]1C(C#N)(c1ccccc1)C1CCN(CC2CN(c3ccc(S(C)(=O)=O)cc3)C2)CC1,CO[C@@H]1CCC[C@H]1C(C#N)(c1ccccc1)C1CCN(CC2CN(c3ccc(S(C)(=O)=O)cc3)C2)CC1,OYJIUPJJIAQOGS-HPSQJEMFSA-N,OYJIUPJJIAQOGS-HPSQJEMFSA-N,standardized,0.0,False,2.0,strict_exact,exact_point_estimate,weak_1uM_to_10uM,False,False,IC50,biochemical_binding,False,0.9185911221334754,0.407124107807176,0.2857142984867096,CCN(C(=O)Cc1ccc(S(C)(=O)=O)cc1)C1CCN(CC[C@@H](c2ccccc2)C2CCN(S(=O)(=O)C(F)(F)F)CC2)CC1,True,high
STR-63AC2E75E76C1C641161,IC50,biochemical_binding,1,2,1,2,1,0,0,5.004364805402449,5.004364805402449,5.004364805402449,9900.0,9900.0,IC50,1,inhibitory_potency,1,biochemical_binding,1,ChEMBL;PubChem,CHEMBL5867086,Menin,2021,=,COCCCN1CCC(C2(C3CCCC3)NCCc3ccccc32)CC1,COCCCN1CCC(C2(C3CCCC3)NCCc3ccccc32)CC1,COCCCN1CCC(C2(C3CCCC3)NCCc3ccccc32)CC1,COCCCN1CCC(C2(C3CCCC3)NCCc3ccccc32)CC1,ICZDEUGFZPKCOC-UHFFFAOYSA-N,ICZDEUGFZPKCOC-UHFFFAOYSA-N,standardized,0.0,False,2.0,strict_exact,exact_point_estimate,weak_1uM_to_10uM,False,False,IC50,biochemical_binding,False,0.966811258205491,0.210139408684837,0.3246753215789795,COCCCN1CCC(c2nnc(-c3nn(C(C)C)c4ccccc34)o2)CC1,True,high
STR-A89E4C2F5AB885E0AD8C,IC50,biochemical_binding,1,1,0,1,1,0,0,5.0,5.0,5.0,10000.0,10000.0,IC50,1,inhibitory_potency,1,biochemical_binding,1,ChEMBL,CHEMBL568126,Menin,2015,=,CCc1cc2c(N3CCN(C(=O)c4ccccc4)CC3)ncnc2s1,CCc1cc2c(N3CCN(C(=O)c4ccccc4)CC3)ncnc2s1,CCc1cc2c(N3CCN(C(=O)c4ccccc4)CC3)ncnc2s1,CCc1cc2c(N3CCN(C(=O)c4ccccc4)CC3)ncnc2s1,YSZRMVPNQGZBKY-UHFFFAOYSA-N,YSZRMVPNQGZBKY-UHFFFAOYSA-N,standardized,0.0,False,2.0,strict_exact,exact_point_estimate,weak_1uM_to_10uM,False,False,IC50,biochemical_binding,False,0.8830513938609048,0.5205256532011047,0.3918918967247009,CCCC(=O)C1CCN(c2ncnc3c2CN(C(=O)c2ccc(-c4ccccc4)cc2)CC3)CC1,True,high
STR-42FABA990848887F9FDB,IC50,biochemical_binding,1,2,1,2,1,0,0,4.991399828238082,4.991399828238082,4.991399828238082,10200.0,10200.0,IC50,1,inhibitory_potency,1,biochemical_binding,1,ChEMBL;PubChem,CHEMBL5922501,Menin,2021,=,CCC1CCCC1C(C#N)(c1ccccc1)C1CCN(CC2CN(c3ccc(S(=O)(=O)c4ccncc4)cc3)C2)CC1,CCC1CCCC1C(C#N)(c1ccccc1)C1CCN(CC2CN(c3ccc(S(=O)(=O)c4ccncc4)cc3)C2)CC1,CCC1CCCC1C(C#N)(c1ccccc1)C1CCN(CC2CN(c3ccc(S(=O)(=O)c4ccncc4)cc3)C2)CC1,CCC1CCCC1C(C#N)(c1ccccc1)C1CCN(CC2CN(c3ccc(S(=O)(=O)c4ccncc4)cc3)C2)CC1,FQYOFSVALFAMPA-UHFFFAOYSA-N,FQYOFSVALFAMPA-UHFFFAOYSA-N,standardized,0.0,False,2.0,strict_exact,exact_point_estimate,low_or_inactive_>10uM,False,False,IC50,biochemical_binding,False,0.934835182132131,0.34761493039866226,0.2527472674846649,O=C(O)c1ccc(N2CCC(CN3CCC(Oc4ccc(Cl)c(Cl)c4)CC3)CC2)cc1,True,high
STR-E15050249B2D732BD2E2,IC50,biochemical_binding,1,2,1,2,1,0,0,4.987162775294828,4.987162775294828,4.987162775294828,10300.0,10300.0,IC50,1,inhibitory_potency,1,biochemical_binding,1,ChEMBL;PubChem,CHEMBL5932259,Menin,2021,=,CSC[C@H]1CCC[C@@H]1C(C#N)(c1ccccc1)C1CCN(CC2CN(c3ccc(S(=O)(=O)c4ccncc4)cc3)C2)CC1,CSC[C@H]1CCC[C@@H]1C(C#N)(c1ccccc1)C1CCN(CC2CN(c3ccc(S(=O)(=O)c4ccncc4)cc3)C2)CC1,CSC[C@H]1CCC[C@@H]1C(C#N)(c1ccccc1)C1CCN(CC2CN(c3ccc(S(=O)(=O)c4ccncc4)cc3)C2)CC1,CSC[C@H]1CCC[C@@H]1C(C#N)(c1ccccc1)C1CCN(CC2CN(c3ccc(S(=O)(=O)c4ccncc4)cc3)C2)CC1,WYRSUBFHMKGIDZ-MTUARQITSA-N,WYRSUBFHMKGIDZ-MTUARQITSA-N,standardized,0.0,False,2.0,strict_exact,exact_point_estimate,low_or_inactive_>10uM,False,False,IC50,biochemical_binding,False,0.9238392646024087,0.3885046758411443,0.2525252401828766,C[C@@H]1CN(CC2(c3ccncc3)CC2)CCN1S(=O)(=O)c1ccc(C(C)(O)C(F)(F)F)cc1,True,high
STR-D5C69694B8C40CD738C2,IC50,biochemical_binding,1,1,0,1,1,0,0,4.985479461242076,4.985479461242076,4.985479461242076,10340.0,10340.0,IC50,1,inhibitory_potency,1,biochemical_binding,1,PubChem,156531775,Menin,2026,=,CCN(C)C[C@@H](O)C[C@@H](C(C)C)N1CC2(CCN(c3ncnnc3Oc3ccc(F)cc3C(=O)N(C(C)C)C(C)C)C2)C1,CCN(C)C[C@H](C[C@@H](C(C)C)N1CC2(C1)CCN(C2)C3=C(N=NC=N3)OC4=C(C=C(C=C4)F)C(=O)N(C(C)C)C(C)C)O,CCN(C)C[C@@H](O)C[C@@H](C(C)C)N1CC2(CCN(c3ncnnc3Oc3ccc(F)cc3C(=O)N(C(C)C)C(C)C)C2)C1,CCN(C)C[C@@H](O)C[C@@H](C(C)C)N1CC2(CCN(c3ncnnc3Oc3ccc(F)cc3C(=O)N(C(C)C)C(C)C)C2)C1,HBSNMUDWKGGMQS-BDYUSTAISA-N,HBSNMUDWKGGMQS-BDYUSTAISA-N,standardized,0.0,False,2.0,strict_exact,exact_point_estimate,low_or_inactive_>10uM,False,False,IC50,biochemical_binding,False,0.6710770054969043,0.9138222151247501,0.5416666865348816,CCN(C(=O)c1cc(F)ccc1Oc1nncnc1N1CC2(CCN(CC3(SC)CC3)CC2)C1)C(C)C,True,medium
STR-9E30945B1B85AD5CB97B,IC50,biochemical_binding,1,2,1,2,1,0,0,4.982966660701219,4.982966660701219,4.982966660701219,10400.0,10400.0,IC50,1,inhibitory_potency,1,biochemical_binding,1,ChEMBL;PubChem,CHEMBL6064433,Menin,2021,=,COC(=O)N1Cc2ccccc2C(C2CCN(CCCOc3ccc(C#N)cc3)CC2)([C@@H]2CCC[C@H]2OC)C1,COC(=O)N1Cc2ccccc2C(C2CCN(CCCOc3ccc(C#N)cc3)CC2)([C@@H]2CCC[C@H]2OC)C1,COC(=O)N1Cc2ccccc2C(C2CCN(CCCOc3ccc(C#N)cc3)CC2)([C@@H]2CCC[C@H]2OC)C1,COC(=O)N1Cc2ccccc2C(C2CCN(CCCOc3ccc(C#N)cc3)CC2)([C@@H]2CCC[C@H]2OC)C1,RZZLNBBDQPQGHP-VOKSZNSDSA-N,RZZLNBBDQPQGHP-VOKSZNSDSA-N,standardized,0.0,False,2.0,strict_exact,exact_point_estimate,low_or_inactive_>10uM,False,False,IC50,biochemical_binding,False,0.9058705819473845,0.4501051102483015,0.3258427083492279,O=C(c1ccccc1)N1CCN(c2ccc(OCCCN3CCCCC3)cc2)C(=O)C1,True,high
STR-72C550895A5820A4CDC3,IC50,biochemical_binding,1,1,0,1,1,0,0,4.982549270489464,4.982549270489464,4.982549270489464,10410.0,10410.0,IC50,1,inhibitory_potency,1,biochemical_binding,1,PubChem,156497991,Menin,2026,=,CCN(C(=O)c1cc(F)ccc1Oc1nncnc1N1CCC2(C1)CN([C@H](CCCN(C)CC(F)(F)F)C(C)C)C2)C(C)C,CCN(C(C)C)C(=O)C1=C(C=CC(=C1)F)OC2=C(N=CN=N2)N3CCC4(C3)CN(C4)[C@H](CCCN(C)CC(F)(F)F)C(C)C,CCN(C(=O)c1cc(F)ccc1Oc1nncnc1N1CCC2(C1)CN([C@H](CCCN(C)CC(F)(F)F)C(C)C)C2)C(C)C,CCN(C(=O)c1cc(F)ccc1Oc1nncnc1N1CCC2(C1)CN([C@H](CCCN(C)CC(F)(F)F)C(C)C)C2)C(C)C,RFTMBRQBOSRJJB-RUZDIDTESA-N,RFTMBRQBOSRJJB-RUZDIDTESA-N,standardized,0.0,False,2.0,strict_exact,exact_point_estimate,low_or_inactive_>10uM,False,False,IC50,biochemical_binding,False,0.774866045977123,0.7694317651145032,0.6170212626457214,CCN(C(=O)c1cc(F)ccc1Oc1nncnc1N1CC2(CCN(CC3(SC)CC3)CC2)C1)C(C)C,True,high
STR-FD2C6D69C0E7C03090A5,IC50,biochemical_binding,1,1,0,1,1,0,0,4.9779842601822795,4.9779842601822795,4.9779842601822795,10520.0,10520.0,IC50,1,inhibitory_potency,1,biochemical_binding,1,PubChem,156531372,Menin,2026,=,CCN(C(=O)c1cc(F)ccc1Oc1nncnc1N1CCC2(C1)CN([C@@H](CN)C(C)C)C2)C(C)C,CCN(C(C)C)C(=O)C1=C(C=CC(=C1)F)OC2=C(N=CN=N2)N3CCC4(C3)CN(C4)[C@@H](CN)C(C)C,CCN(C(=O)c1cc(F)ccc1Oc1nncnc1N1CCC2(C1)CN([C@@H](CN)C(C)C)C2)C(C)C,CCN(C(=O)c1cc(F)ccc1Oc1nncnc1N1CCC2(C1)CN([C@@H](CN)C(C)C)C2)C(C)C,DCWOLQRIQKZEQR-NRFANRHFSA-N,DCWOLQRIQKZEQR-NRFANRHFSA-N,standardized,0.0,False,2.0,strict_exact,exact_point_estimate,low_or_inactive_>10uM,False,False,IC50,biochemical_binding,False,0.49330328459404577,0.9998705979354516,0.6705882549285889,CCN(C(=O)c1cc(F)ccc1Oc1nncnc1N1CC2(CCN(CC3(SC)CC3)CC2)C1)C(C)C,True,medium
STR-7A6579C0FCDE81940F28,IC50,biochemical_binding,1,2,1,2,1,0,0,4.97061622231479,4.97061622231479,4.97061622231479,10700.0,10700.0,IC50,1,inhibitory_potency,1,biochemical_binding,1,ChEMBL;PubChem,CHEMBL5768927,Menin,2021,=,N#Cc1ccc(OCCCN2CCC(C3(C4CCCS4(=O)=O)NCCc4ccccc43)CC2)cc1,N#Cc1ccc(OCCCN2CCC(C3(C4CCCS4(=O)=O)NCCc4ccccc43)CC2)cc1,N#Cc1ccc(OCCCN2CCC(C3(C4CCCS4(=O)=O)NCCc4ccccc43)CC2)cc1,N#Cc1ccc(OCCCN2CCC(C3(C4CCCS4(=O)=O)NCCc4ccccc43)CC2)cc1,PDRUWCKNCJTHCJ-UHFFFAOYSA-N,PDRUWCKNCJTHCJ-UHFFFAOYSA-N,standardized,0.0,False,2.0,strict_exact,exact_point_estimate,low_or_inactive_>10uM,False,False,IC50,biochemical_binding,False,0.9572691846883773,0.2546757425562772,0.33766233921051025,OC(c1ccccc1)(c1ccccc1)C1CCN(CCCOc2ccc(-c3ccccc3)cc2)CC1,True,high
STR-EFC43EF5227E2B3C49F1,IC50,biochemical_binding,1,1,0,1,1,0,0,4.97061622231479,4.97061622231479,4.97061622231479,10700.0,10700.0,IC50,1,inhibitory_potency,1,biochemical_binding,1,ChEMBL,CHEMBL2315088,Menin,2013,=,CC[C@@H]1NC(=O)[C@@H]2CCCN2C(=O)[C@H](Cc2ccccc2)NC(=O)[C@@H](N)CCCCCCCCNC(=O)[C@@H]2CCCN2C(=O)[C@H](CCCNC(=N)N)NC1=O,CC[C@@H]1NC(=O)[C@@H]2CCCN2C(=O)[C@H](Cc2ccccc2)NC(=O)[C@@H](N)CCCCCCCCNC(=O)[C@@H]2CCCN2C(=O)[C@H](CCCNC(=N)N)NC1=O,CC[C@@H]1NC(=O)[C@@H]2CCCN2C(=O)[C@H](Cc2ccccc2)NC(=O)[C@@H](N)CCCCCCCCNC(=O)[C@@H]2CCCN2C(=O)[C@H](CCCNC(=N)N)NC1=O,CC[C@@H]1NC(=O)[C@@H]2CCCN2C(=O)[C@H](Cc2ccccc2)NC(=O)[C@@H](N)CCCCCCCCNC(=O)[C@@H]2CCCN2C(=O)[C@H](CCCNC(=N)N)NC1=O,FPWOHGZVKSVJIA-JNRWAQIZSA-N,FPWOHGZVKSVJIA-JNRWAQIZSA-N,standardized,0.0,False,2.0,strict_exact,exact_point_estimate,low_or_inactive_>10uM,False,False,IC50,biochemical_binding,False,0.815879429058764,0.6890088263488593,0.29120880365371704,CC(C)C[C@@H]1NC(=O)CNC(=O)[C@H](CCC(=O)O)NC(=O)[C@@H]2CSSC[C@H](NC(=O)[C@@H](N)Cc3ccc(O)cc3)C(=O)N[C@@H](CCC(N)=O)C(=O)N[C@@H](CCCCN)C(=O)N[C@@H](Cc3ccccc3)C(=O)N[C@@H](CC(C)C)C(=O)N[C@@H](C)C(=O)N3CCC[C@H]3C(=O)N[C@H]3CSSC[C@H](NC(=O)[C@H](C(C)C)NC1=O)C(=O)N[C@@H](CCCNC(=N)N)C(=O)N[C@@H](CC(C)C)C(=O)N[C@@H](Cc1c[nH]c4ccccc14)C(=O)N[C@H](C(=O)N[C@@H](CCCCN)C(=O)N[C@@H](CCCCN)C(=O)N[C@@H](CCCCN)C(=O)N[C@@H](CC(C)C)C(=O)N[C@@H](Cc1c[nH]c4ccccc14)C(N)=O)CSSC[C@H](NC(=O)[C@H](CCCCN)NC(=O)[C@H](CCCNC(=N)N)NC(=O)[C@H](CCC(=O)O)NC(=O)[C@H](CO)NC(=O)[C@H](CC(=O)O)NC3=O)C(=O)N2,True,high
STR-E8B47F80D16782785E9D,IC50,biochemical_binding,1,1,0,1,1,0,0,4.966576244513051,4.966576244513051,4.966576244513051,10800.0,10800.0,IC50,1,inhibitory_potency,1,biochemical_binding,1,ChEMBL,CHEMBL3126202,Menin,2014,=,N#Cc1ccc(OCCCN2CCC(C(O)(c3ccccc3)c3ccccc3)CC2)cc1,N#Cc1ccc(OCCCN2CCC(C(O)(c3ccccc3)c3ccccc3)CC2)cc1,N#Cc1ccc(OCCCN2CCC(C(O)(c3ccccc3)c3ccccc3)CC2)cc1,N#Cc1ccc(OCCCN2CCC(C(O)(c3ccccc3)c3ccccc3)CC2)cc1,PFDYBDSSCPZQSF-UHFFFAOYSA-N,PFDYBDSSCPZQSF-UHFFFAOYSA-N,standardized,0.0,False,2.0,strict_exact,exact_point_estimate,low_or_inactive_>10uM,False,False,IC50,biochemical_binding,False,0.9633633022232008,0.22665312053482062,0.7708333134651184,OC(c1ccccc1)(c1ccccc1)C1CCN(CCCOc2ccc(-c3ccccc3)cc2)CC1,True,high
STR-387792503A9801B32A63,IC50,biochemical_binding,1,1,0,1,1,0,0,4.958607314841775,4.958607314841775,4.958607314841775,11000.0,11000.0,IC50,1,inhibitory_potency,1,biochemical_binding,1,ChEMBL,CHEMBL2314832,Menin,2013,=,CC(=O)N[C@@H](CCCNC(=N)N)C(=O)N[C@@H](Cc1c[nH]c2ccccc12)C(=O)N[C@H]1CCCCNC(=O)[C@@H]2CCCN2C(=O)[C@H](CCCNC(=N)N)NC(=O)[C@H](C)NC(=O)[C@@H]2CCCN2C(=O)[C@H](Cc2ccccc2)NC1=O,CC(=O)N[C@@H](CCCNC(=N)N)C(=O)N[C@@H](Cc1c[nH]c2ccccc12)C(=O)N[C@H]1CCCCNC(=O)[C@@H]2CCCN2C(=O)[C@H](CCCNC(=N)N)NC(=O)[C@H](C)NC(=O)[C@@H]2CCCN2C(=O)[C@H](Cc2ccccc2)NC1=O,CC(=O)N[C@@H](CCCNC(=N)N)C(=O)N[C@@H](Cc1c[nH]c2ccccc12)C(=O)N[C@H]1CCCCNC(=O)[C@@H]2CCCN2C(=O)[C@H](CCCNC(=N)N)NC(=O)[C@H](C)NC(=O)[C@@H]2CCCN2C(=O)[C@H](Cc2ccccc2)NC1=O,CC(=O)N[C@@H](CCCNC(=N)N)C(=O)N[C@@H](Cc1c[nH]c2ccccc12)C(=O)N[C@H]1CCCCNC(=O)[C@@H]2CCCN2C(=O)[C@H](CCCNC(=N)N)NC(=O)[C@H](C)NC(=O)[C@@H]2CCCN2C(=O)[C@H](Cc2ccccc2)NC1=O,JLUPVHTXBFVAOI-QMZHBYBTSA-N,JLUPVHTXBFVAOI-QMZHBYBTSA-N,standardized,0.0,False,2.0,strict_exact,exact_point_estimate,low_or_inactive_>10uM,False,False,IC50,biochemical_binding,False,0.8449420732973251,0.6223543478136648,0.4615384638309479,CC(C)C[C@@H]1NC(=O)CNC(=O)[C@H](CCC(=O)O)NC(=O)[C@@H]2CSSC[C@H](NC(=O)[C@@H](N)Cc3ccc(O)cc3)C(=O)N[C@@H](CCC(N)=O)C(=O)N[C@@H](CCCCN)C(=O)N[C@@H](Cc3ccccc3)C(=O)N[C@@H](CC(C)C)C(=O)N[C@@H](C)C(=O)N3CCC[C@H]3C(=O)N[C@H]3CSSC[C@H](NC(=O)[C@H](C(C)C)NC1=O)C(=O)N[C@@H](CCCNC(=N)N)C(=O)N[C@@H](CC(C)C)C(=O)N[C@@H](Cc1c[nH]c4ccccc14)C(=O)N[C@H](C(=O)N[C@@H](CCCCN)C(=O)N[C@@H](CCCCN)C(=O)N[C@@H](CCCCN)C(=O)N[C@@H](CC(C)C)C(=O)N[C@@H](Cc1c[nH]c4ccccc14)C(N)=O)CSSC[C@H](NC(=O)[C@H](CCCCN)NC(=O)[C@H](CCCNC(=N)N)NC(=O)[C@H](CCC(=O)O)NC(=O)[C@H](CO)NC(=O)[C@H](CC(=O)O)NC3=O)C(=O)N2,True,high
STR-26DE89331A7438286FB0,IC50,biochemical_binding,1,2,1,2,1,0,0,4.954677021213342,4.954677021213342,4.954677021213342,11100.0,11100.0,IC50,1,inhibitory_potency,1,biochemical_binding,1,ChEMBL;PubChem,CHEMBL5993236,Menin,2021,=,N#Cc1ccc(OCCCN2CCC(C(C#N)(c3ccccc3)C3CCCCC3)CC2)cc1,N#Cc1ccc(OCCCN2CCC(C(C#N)(c3ccccc3)C3CCCCC3)CC2)cc1,N#Cc1ccc(OCCCN2CCC(C(C#N)(c3ccccc3)C3CCCCC3)CC2)cc1,N#Cc1ccc(OCCCN2CCC(C(C#N)(c3ccccc3)C3CCCCC3)CC2)cc1,MZZPAIMXRCSHHY-UHFFFAOYSA-N,MZZPAIMXRCSHHY-UHFFFAOYSA-N,standardized,0.0,False,2.0,strict_exact,exact_point_estimate,low_or_inactive_>10uM,False,False,IC50,biochemical_binding,False,0.9681414223071108,0.20362856757565168,0.5344827771186829,OC(c1ccccc1)(c1ccccc1)C1CCN(CCCOc2ccc(-c3ccccc3)cc2)CC1,True,high
STR-A6D8AB953E61D44AA038,IC50,biochemical_binding,1,2,1,2,1,0,0,4.950781977329818,4.950781977329818,4.950781977329818,11200.0,11200.0,IC50,1,inhibitory_potency,1,biochemical_binding,1,ChEMBL;PubChem,CHEMBL5944307,Menin,2021,=,CCC(C)CC1(C2CCN(CCCOc3ccc(C#N)cc3)CC2)NCCc2ccccc21,CCC(C)CC1(C2CCN(CCCOc3ccc(C#N)cc3)CC2)NCCc2ccccc21,CCC(C)CC1(C2CCN(CCCOc3ccc(C#N)cc3)CC2)NCCc2ccccc21,CCC(C)CC1(C2CCN(CCCOc3ccc(C#N)cc3)CC2)NCCc2ccccc21,MOSGXILIIOAOMM-UHFFFAOYSA-N,MOSGXILIIOAOMM-UHFFFAOYSA-N,standardized,0.0,False,2.0,strict_exact,exact_point_estimate,low_or_inactive_>10uM,False,False,IC50,biochemical_binding,False,0.9643185156705779,0.22212884124787274,0.3333333432674408,OC(c1ccccc1)(c1ccccc1)C1CCN(CCCOc2ccc(-c3ccccc3)cc2)CC1,True,high
STR-EE1FD4C7BA9FA060836F,IC50,biochemical_binding,1,1,0,1,1,0,0,4.950781977329818,4.950781977329818,4.950781977329818,11200.0,11200.0,IC50,1,inhibitory_potency,1,biochemical_binding,1,ChEMBL,CHEMBL3126182,Menin,2014,=,N#Cc1ccc(OCCCN2CCC(C(O)(c3ccccc3)C3CC3)CC2)cc1,N#Cc1ccc(OCCCN2CCC(C(O)(c3ccccc3)C3CC3)CC2)cc1,N#Cc1ccc(OCCCN2CCC(C(O)(c3ccccc3)C3CC3)CC2)cc1,N#Cc1ccc(OCCCN2CCC(C(O)(c3ccccc3)C3CC3)CC2)cc1,SZRJACHFBPNVHW-UHFFFAOYSA-N,SZRJACHFBPNVHW-UHFFFAOYSA-N,standardized,0.0,False,2.0,strict_exact,exact_point_estimate,low_or_inactive_>10uM,False,False,IC50,biochemical_binding,False,0.9545892519373202,0.26657258385497795,0.6226415038108826,OC(c1ccccc1)(c1ccccc1)C1CCN(CCCOc2ccc(-c3ccccc3)cc2)CC1,True,high
STR-40FF751350DD414E6552,IC50,biochemical_binding,1,2,1,2,1,0,0,4.943095148663527,4.943095148663527,4.943095148663527,11400.0,11400.0,IC50,1,inhibitory_potency,1,biochemical_binding,1,ChEMBL;PubChem,CHEMBL5869006,Menin,2021,=,CC(=O)O[C@@H]1CCC[C@H]1C(C#N)(c1ccccc1F)C1CCN(CCCOc2ccc(C#N)cc2)CC1,CC(=O)O[C@@H]1CCC[C@H]1C(C#N)(c1ccccc1F)C1CCN(CCCOc2ccc(C#N)cc2)CC1,CC(=O)O[C@@H]1CCC[C@H]1C(C#N)(c1ccccc1F)C1CCN(CCCOc2ccc(C#N)cc2)CC1,CC(=O)O[C@@H]1CCC[C@H]1C(C#N)(c1ccccc1F)C1CCN(CCCOc2ccc(C#N)cc2)CC1,CJQQTVQISYHBBS-MODKJIOJSA-N,CJQQTVQISYHBBS-MODKJIOJSA-N,standardized,0.0,False,2.0,strict_exact,exact_point_estimate,low_or_inactive_>10uM,False,False,IC50,biochemical_binding,False,0.9245453719771382,0.38595719413367785,0.3815789520740509,OC(c1ccccc1)(c1ccccc1)C1CCN(CCCOc2ccc(-c3ccccc3)cc2)CC1,True,high
STR-8162199E4581352B8C4E,IC50,biochemical_binding,1,1,0,1,1,0,0,4.935542010773082,4.935542010773082,4.935542010773082,11600.0,11600.0,IC50,1,inhibitory_potency,1,biochemical_binding,1,ChEMBL,CHEMBL6007799,Menin,2021,=,N#Cc1cc2cc(C(=O)N[C@H]3CC[C@H](C4(C5CCCC5)NCCc5ccccc54)CC3)ccc2[nH]1,N#Cc1cc2cc(C(=O)N[C@H]3CC[C@H](C4(C5CCCC5)NCCc5ccccc54)CC3)ccc2[nH]1,N#Cc1cc2cc(C(=O)N[C@H]3CC[C@H](C4(C5CCCC5)NCCc5ccccc54)CC3)ccc2[nH]1,N#Cc1cc2cc(C(=O)N[C@H]3CC[C@H](C4(C5CCCC5)NCCc5ccccc54)CC3)ccc2[nH]1,BWVRLXPZVNPZJD-BIBMFLLGSA-N,BWVRLXPZVNPZJD-BIBMFLLGSA-N,standardized,0.0,False,2.0,strict_exact,exact_point_estimate,low_or_inactive_>10uM,False,False,IC50,biochemical_binding,False,0.902924848082206,0.45965487537671096,0.3125,N#Cc1cc2cc(C3(Cc4ccccc4)CCNC3)ccc2[nH]1,True,high
STR-94A936446793C2B8E49C,IC50,biochemical_binding,1,2,1,2,1,0,0,4.935542010773082,4.935542010773082,4.935542010773082,11600.0,11600.0,IC50,1,inhibitory_potency,1,biochemical_binding,1,ChEMBL;PubChem,CHEMBL6056651,Menin,2021,=,C[C@H](NC(=O)O[C@H]1CCC[C@@H]1[C@](C#N)(c1ccccc1)C1CCN(CC2CN(c3ccc(S(=O)(=O)c4ccncc4)cc3)C2)CC1)c1ccccc1,C[C@H](NC(=O)O[C@H]1CCC[C@@H]1[C@](C#N)(c1ccccc1)C1CCN(CC2CN(c3ccc(S(=O)(=O)c4ccncc4)cc3)C2)CC1)c1ccccc1,C[C@H](NC(=O)O[C@H]1CCC[C@@H]1[C@](C#N)(c1ccccc1)C1CCN(CC2CN(c3ccc(S(=O)(=O)c4ccncc4)cc3)C2)CC1)c1ccccc1,C[C@H](NC(=O)O[C@H]1CCC[C@@H]1[C@](C#N)(c1ccccc1)C1CCN(CC2CN(c3ccc(S(=O)(=O)c4ccncc4)cc3)C2)CC1)c1ccccc1,RFCAYIYVVBOQSO-FBVIJFKLSA-N,RFCAYIYVVBOQSO-FBVIJFKLSA-N,standardized,0.0,False,2.0,strict_exact,exact_point_estimate,low_or_inactive_>10uM,False,False,IC50,biochemical_binding,False,0.9002167823571064,0.46830803287306894,0.28947368264198303,C[C@H](NC(=O)c1c(CN2CCC(N3CCCCC3)CC2)c(-c2cccc(C(F)(F)F)c2)nc2ccccc12)c1ccccc1,True,high
STR-9CEE978B571562B060A4,IC50,biochemical_binding,1,2,1,2,1,0,0,4.935542010773082,4.935542010773082,4.935542010773082,11600.0,11600.0,IC50,1,inhibitory_potency,1,biochemical_binding,1,ChEMBL;PubChem,CHEMBL5842609,Menin,2021,=,CC(=O)O[C@@H]1CCC[C@H]1C(C#N)(c1cccc(F)c1)C1CCN(CC2CN(c3ccc(CC(F)(F)F)cc3)C2)CC1,CC(=O)O[C@@H]1CCC[C@H]1C(C#N)(c1cccc(F)c1)C1CCN(CC2CN(c3ccc(CC(F)(F)F)cc3)C2)CC1,CC(=O)O[C@@H]1CCC[C@H]1C(C#N)(c1cccc(F)c1)C1CCN(CC2CN(c3ccc(CC(F)(F)F)cc3)C2)CC1,CC(=O)O[C@@H]1CCC[C@H]1C(C#N)(c1cccc(F)c1)C1CCN(CC2CN(c3ccc(CC(F)(F)F)cc3)C2)CC1,KCKQSQHKDSVFJU-KCUXUGRMSA-N,KCKQSQHKDSVFJU-KCUXUGRMSA-N,standardized,0.0,False,2.0,strict_exact,exact_point_estimate,low_or_inactive_>10uM,False,False,IC50,biochemical_binding,False,0.9023223168314838,0.4615904964248609,0.29729729890823364,CCn1nc(Cc2ccc(C#N)cc2)cc1C1CCN(C[C@H]2CN([C@@H](C(=O)O)C(C)(C)C)C[C@@H]2c2cccc(F)c2)CC1,True,high
STR-E1A559FB704F9D78FD76,IC50,biochemical_binding,1,1,0,1,1,0,0,4.935542010773082,4.935542010773082,4.935542010773082,11600.0,11600.0,IC50,1,inhibitory_potency,1,biochemical_binding,1,PubChem,132104748,Menin,2023,=,N#Cc1cc2cc(C(=O)NC3CCC(C4(C5CCCC5)NCCc5ccccc54)CC3)ccc2[nH]1,C1CCC(C1)C2(C3=CC=CC=C3CCN2)C4CCC(CC4)NC(=O)C5=CC6=C(C=C5)NC(=C6)C#N,N#Cc1cc2cc(C(=O)NC3CCC(C4(C5CCCC5)NCCc5ccccc54)CC3)ccc2[nH]1,N#Cc1cc2cc(C(=O)NC3CCC(C4(C5CCCC5)NCCc5ccccc54)CC3)ccc2[nH]1,BWVRLXPZVNPZJD-UHFFFAOYSA-N,BWVRLXPZVNPZJD-UHFFFAOYSA-N,standardized,0.0,False,2.0,strict_exact,exact_point_estimate,low_or_inactive_>10uM,False,False,IC50,biochemical_binding,False,0.902924848082206,0.45965487537671096,0.3125,N#Cc1cc2cc(C3(Cc4ccccc4)CCNC3)ccc2[nH]1,True,high
STR-0BCBBE5537E8A8D227ED,IC50,biochemical_binding,1,1,0,1,1,0,0,4.920818753952375,4.920818753952375,4.920818753952375,12000.0,12000.0,IC50,1,inhibitory_potency,1,biochemical_binding,1,ChEMBL,CHEMBL3696189,Menin,2015,=,c1ccc(CN2CCC(Nc3ncnc4sc5c(c34)CCC5)CC2)cc1,c1ccc(CN2CCC(Nc3ncnc4sc5c(c34)CCC5)CC2)cc1,c1ccc(CN2CCC(Nc3ncnc4sc5c(c34)CCC5)CC2)cc1,c1ccc(CN2CCC(Nc3ncnc4sc5c(c34)CCC5)CC2)cc1,FQZXDFIVXYTGKE-UHFFFAOYSA-N,FQZXDFIVXYTGKE-UHFFFAOYSA-N,standardized,0.0,False,2.0,strict_exact,exact_point_estimate,low_or_inactive_>10uM,False,False,IC50,biochemical_binding,False,0.9549773030990776,0.2648650619678061,0.34285715222358704,c1ccc(CN2CCC(Oc3ncnc4c3ccn4Cc3ccccc3)CC2)cc1,True,high
STR-96DCE721D71CD4CE180C,IC50,biochemical_binding,1,1,0,1,1,0,0,4.920818753952375,4.920818753952375,4.920818753952375,12000.0,12000.0,IC50,1,inhibitory_potency,1,biochemical_binding,1,ChEMBL,CHEMBL1342135,Menin,2015,=,CCc1cc2c(N3CCN(C(=O)c4ccco4)CC3)ncnc2s1,CCc1cc2c(N3CCN(C(=O)c4ccco4)CC3)ncnc2s1,CCc1cc2c(N3CCN(C(=O)c4ccco4)CC3)ncnc2s1,CCc1cc2c(N3CCN(C(=O)c4ccco4)CC3)ncnc2s1,GWNIGANSXBNWNV-UHFFFAOYSA-N,GWNIGANSXBNWNV-UHFFFAOYSA-N,standardized,0.0,False,2.0,strict_exact,exact_point_estimate,low_or_inactive_>10uM,False,False,IC50,biochemical_binding,False,0.8775362479619053,0.5364016226450158,0.3333333432674408,O=C(N[C@H]1CC[C@H](CCN2CCN(c3nsc4ccccc34)CC2)CC1)c1ccco1,True,high
STR-FC23C7EE60D140564837,IC50,biochemical_binding,1,2,1,2,1,0,0,4.920818753952375,4.920818753952375,4.920818753952375,12000.0,12000.0,IC50,1,inhibitory_potency,1,biochemical_binding,1,ChEMBL;PubChem,CHEMBL3696197,Menin,2015,=,CC1(C)CC(=O)C2=C(C1)Nc1ccccc1NC2c1ccc2c(c1)OCO2,CC1(C)CC(=O)C2=C(C1)Nc1ccccc1NC2c1ccc2c(c1)OCO2,CC1(C)CC(=O)C2=C(C1)Nc1ccccc1NC2c1ccc2c(c1)OCO2,CC1(C)CC(=O)C2=C(C1)Nc1ccccc1NC2c1ccc2c(c1)OCO2,ZQKBFEWLMICUNK-UHFFFAOYSA-N,ZQKBFEWLMICUNK-UHFFFAOYSA-N,standardized,0.0,False,2.0,strict_exact,exact_point_estimate,low_or_inactive_>10uM,False,False,IC50,biochemical_binding,False,0.9191305906587304,0.40523522400612366,0.31168830394744873,CN1CC(=O)N2[C@H](c3ccc4c(c3)OCO4)c3[nH]c4ccccc4c3C[C@@H]2C1=O,True,high
STR-CD94BD50EF1121AE4E8B,IC50,biochemical_binding,1,1,0,1,1,0,0,4.92009553233328,4.92009553233328,4.92009553233328,12020.0,12020.0,IC50,1,inhibitory_potency,1,biochemical_binding,1,PubChem,156531794,Menin,2026,=,CCN(C)C[C@H](O)C[C@@H](C(C)C)N1CC2(CCN(c3ncnnc3Oc3ccc(F)cc3C(=O)N(CC)C(C)C)C2)C1,CCN(C)C[C@@H](C[C@@H](C(C)C)N1CC2(C1)CCN(C2)C3=C(N=NC=N3)OC4=C(C=C(C=C4)F)C(=O)N(CC)C(C)C)O,CCN(C)C[C@H](O)C[C@@H](C(C)C)N1CC2(CCN(c3ncnnc3Oc3ccc(F)cc3C(=O)N(CC)C(C)C)C2)C1,CCN(C)C[C@H](O)C[C@@H](C(C)C)N1CC2(CCN(c3ncnnc3Oc3ccc(F)cc3C(=O)N(CC)C(C)C)C2)C1,LBZIHFPAAWTXAW-RSXGOPAZSA-N,LBZIHFPAAWTXAW-RSXGOPAZSA-N,standardized,0.0,False,2.0,strict_exact,exact_point_estimate,low_or_inactive_>10uM,False,False,IC50,biochemical_binding,False,0.6148013242135627,0.9616310813623439,0.6195651888847351,CCN(C(=O)c1cc(F)ccc1Oc1nncnc1N1CC2(CCN(CC3(SC)CC3)CC2)C1)C(C)C,True,medium
STR-DADA1B47F9BA05C17134,IC50,biochemical_binding,1,1,0,1,1,0,0,4.909741947068683,4.909741947068683,4.909741947068683,12310.0,12310.0,IC50,1,inhibitory_potency,1,biochemical_binding,1,PubChem,156531602,Menin,2026,=,CCN(C(=O)c1cc(F)ccc1Oc1nncnc1N1CCC2(C1)CN([C@H](C[C@@H](C)CN(C)CCOC)C(C)C)C2)C(C)C,CCN(C(C)C)C(=O)C1=C(C=CC(=C1)F)OC2=C(N=CN=N2)N3CCC4(C3)CN(C4)[C@H](C[C@@H](C)CN(C)CCOC)C(C)C,CCN(C(=O)c1cc(F)ccc1Oc1nncnc1N1CCC2(C1)CN([C@H](C[C@@H](C)CN(C)CCOC)C(C)C)C2)C(C)C,CCN(C(=O)c1cc(F)ccc1Oc1nncnc1N1CCC2(C1)CN([C@H](C[C@@H](C)CN(C)CCOC)C(C)C)C2)C(C)C,GORAKAHLMGAALX-LEAFIULHSA-N,GORAKAHLMGAALX-LEAFIULHSA-N,standardized,0.0,False,2.0,strict_exact,exact_point_estimate,low_or_inactive_>10uM,False,False,IC50,biochemical_binding,False,0.5928426534968848,0.9749837030787498,0.59375,CCN(C(=O)c1cc(F)ccc1Oc1nncnc1N1CC2(CCN(CC3(SC)CC3)CC2)C1)C(C)C,True,medium
STR-8C455D8899B5E9DDDDFA,IC50,biochemical_binding,1,1,0,1,1,0,0,4.892790030352131,4.892790030352131,4.892790030352131,12800.0,12800.0,IC50,1,inhibitory_potency,1,biochemical_binding,1,ChEMBL,CHEMBL1438422,Menin,2014,=,N#Cc1ccc(OCC(O)CN2CCC(C(O)(c3ccccc3)c3ccccc3)CC2)cc1,N#Cc1ccc(OCC(O)CN2CCC(C(O)(c3ccccc3)c3ccccc3)CC2)cc1,N#Cc1ccc(OCC(O)CN2CCC(C(O)(c3ccccc3)c3ccccc3)CC2)cc1,N#Cc1ccc(OCC(O)CN2CCC(C(O)(c3ccccc3)c3ccccc3)CC2)cc1,FUXZYKBZWQNXAX-UHFFFAOYSA-N,FUXZYKBZWQNXAX-UHFFFAOYSA-N,standardized,0.0,False,2.0,strict_exact,exact_point_estimate,low_or_inactive_>10uM,False,False,IC50,biochemical_binding,False,0.9408323273442303,0.32413199156213135,0.517241358757019,OC(c1ccccc1)(c1ccccc1)C1CCN(CCCOc2ccc(-c3ccccc3)cc2)CC1,True,high
STR-562B91EA5B528B52D63B,IC50,biochemical_binding,1,1,0,1,1,0,0,4.882728704344236,4.882728704344236,4.882728704344236,13100.0,13100.0,IC50,1,inhibitory_potency,1,biochemical_binding,1,ChEMBL,CHEMBL5887740,Menin,2021,=,O=S(=O)(c1ccc(O[C@H]2C[C@@H](N3CCC(C4(C5CCCC5)NCCc5ccccc54)CC3)C2)cc1)C1CC1,O=S(=O)(c1ccc(O[C@H]2C[C@@H](N3CCC(C4(C5CCCC5)NCCc5ccccc54)CC3)C2)cc1)C1CC1,O=S(=O)(c1ccc(O[C@H]2C[C@@H](N3CCC(C4(C5CCCC5)NCCc5ccccc54)CC3)C2)cc1)C1CC1,O=S(=O)(c1ccc(O[C@H]2C[C@@H](N3CCC(C4(C5CCCC5)NCCc5ccccc54)CC3)C2)cc1)C1CC1,DAIHYYRKXDJZEY-SQWJPGQQSA-N,DAIHYYRKXDJZEY-SQWJPGQQSA-N,standardized,0.0,False,2.0,strict_exact,exact_point_estimate,low_or_inactive_>10uM,False,False,IC50,biochemical_binding,False,0.9604809171666033,0.24008284047926381,0.29629629850387573,O=S(=O)(c1ccc2c(c1)CCNCC2)N1CCC(Oc2ccccc2Cl)CC1,True,high
STR-A33A7D4A9E6E6442812C,IC50,biochemical_binding,1,2,1,2,1,0,0,4.882728704344236,4.882728704344236,4.882728704344236,13100.0,13100.0,IC50,1,inhibitory_potency,1,biochemical_binding,1,ChEMBL;PubChem,CHEMBL5792312,Menin,2021,=,C[C@@H]1CC(C(C#N)(c2ccccc2)C2CCCC2)C[C@H](C)N1CCCOc1ccc(C#N)cc1,C[C@@H]1CC(C(C#N)(c2ccccc2)C2CCCC2)C[C@H](C)N1CCCOc1ccc(C#N)cc1,C[C@@H]1CC(C(C#N)(c2ccccc2)C2CCCC2)C[C@H](C)N1CCCOc1ccc(C#N)cc1,C[C@@H]1CC(C(C#N)(c2ccccc2)C2CCCC2)C[C@H](C)N1CCCOc1ccc(C#N)cc1,NNKPISYPZRNNPJ-CXZOACHMSA-N,NNKPISYPZRNNPJ-CXZOACHMSA-N,standardized,0.0,False,2.0,strict_exact,exact_point_estimate,low_or_inactive_>10uM,False,False,IC50,biochemical_binding,False,0.9572367223249888,0.2548213363726805,0.3787878751754761,OC(c1ccccc1)(c1ccccc1)C1CCN(CCCOc2ccc(-c3ccccc3)cc2)CC1,True,high
STR-F3E4FB7B2DAC6DD0B0EA,IC50,biochemical_binding,1,2,1,2,1,0,0,4.860120913598763,4.860120913598763,4.860120913598763,13800.0,13800.0,IC50,1,inhibitory_potency,1,biochemical_binding,1,ChEMBL;PubChem,CHEMBL5914883,Menin,2021,=,CC(=O)O[C@@H]1CCC[C@H]1C(C#N)(c1cccc(F)c1)C1CCN(CC2CN(c3ccc(S(=O)(=O)c4ccccc4)cc3)C2)CC1,CC(=O)O[C@@H]1CCC[C@H]1C(C#N)(c1cccc(F)c1)C1CCN(CC2CN(c3ccc(S(=O)(=O)c4ccccc4)cc3)C2)CC1,CC(=O)O[C@@H]1CCC[C@H]1C(C#N)(c1cccc(F)c1)C1CCN(CC2CN(c3ccc(S(=O)(=O)c4ccccc4)cc3)C2)CC1,CC(=O)O[C@@H]1CCC[C@H]1C(C#N)(c1cccc(F)c1)C1CCN(CC2CN(c3ccc(S(=O)(=O)c4ccccc4)cc3)C2)CC1,ZSXCXYOKSWOXBU-CLDIWPSMSA-N,ZSXCXYOKSWOXBU-CLDIWPSMSA-N,standardized,0.0,False,2.0,strict_exact,exact_point_estimate,low_or_inactive_>10uM,False,False,IC50,biochemical_binding,False,0.9075596851269944,0.4445632405718082,0.290909081697464,CCN(C(=O)Cc1ccc(S(C)(=O)=O)cc1)C1CCN(CCC(c2ccccc2)N2CCN(c3cccc(F)c3)CC2)CC1,True,high
STR-CB25E0AA22D6E282838A,IC50,biochemical_binding,1,1,0,1,1,0,0,4.8474059220725305,4.8474059220725305,4.8474059220725305,14210.0,14210.0,IC50,1,inhibitory_potency,1,biochemical_binding,1,PubChem,156531491,Menin,2026,=,CCN(C)C[C@H](C[C@@H](C(C)C)N1CC2(CCN(c3ncnnc3Oc3ccc(F)cc3C(=O)N(CC)C(C)C)C2)C1)OC,CCN(C)C[C@H](C[C@@H](C(C)C)N1CC2(C1)CCN(C2)C3=C(N=NC=N3)OC4=C(C=C(C=C4)F)C(=O)N(CC)C(C)C)OC,CCN(C)C[C@H](C[C@@H](C(C)C)N1CC2(CCN(c3ncnnc3Oc3ccc(F)cc3C(=O)N(CC)C(C)C)C2)C1)OC,CCN(C)C[C@H](C[C@@H](C(C)C)N1CC2(CCN(c3ncnnc3Oc3ccc(F)cc3C(=O)N(CC)C(C)C)C2)C1)OC,WZDYSMKHVNWSMO-BDYUSTAISA-N,WZDYSMKHVNWSMO-BDYUSTAISA-N,standardized,0.0,False,2.0,strict_exact,exact_point_estimate,low_or_inactive_>10uM,False,False,IC50,biochemical_binding,False,0.581656355031703,0.9806744637908265,0.6063829660415649,CCN(C(=O)c1cc(F)ccc1Oc1nncnc1N1CC2(CCN(CC3(SC)CC3)CC2)C1)C(C)C,True,medium
STR-54ED728D29C775C2EEED,IC50,biochemical_binding,1,2,1,2,1,0,0,4.841637507904751,4.841637507904751,4.841637507904751,14400.0,14400.0,IC50,1,inhibitory_potency,1,biochemical_binding,1,ChEMBL;PubChem,CHEMBL5851276,Menin,2021,=,CS(=O)(=O)CO[C@H]1CCC[C@@H]1C(C#N)(c1ccccc1)C1CCN(CC2CN(c3ccc(S(=O)(=O)c4ccncc4)cc3)C2)CC1,CS(=O)(=O)CO[C@H]1CCC[C@@H]1C(C#N)(c1ccccc1)C1CCN(CC2CN(c3ccc(S(=O)(=O)c4ccncc4)cc3)C2)CC1,CS(=O)(=O)CO[C@H]1CCC[C@@H]1C(C#N)(c1ccccc1)C1CCN(CC2CN(c3ccc(S(=O)(=O)c4ccncc4)cc3)C2)CC1,CS(=O)(=O)CO[C@H]1CCC[C@@H]1C(C#N)(c1ccccc1)C1CCN(CC2CN(c3ccc(S(=O)(=O)c4ccncc4)cc3)C2)CC1,RCDWXAWZKNCQGU-IEKJTBOOSA-N,RCDWXAWZKNCQGU-IEKJTBOOSA-N,standardized,0.0,False,2.0,strict_exact,exact_point_estimate,low_or_inactive_>10uM,False,False,IC50,biochemical_binding,False,0.9189549630079193,0.40585078146174774,0.24752475321292877,C[C@@H]1CN(CC2(c3ccncc3)CC2)CCN1S(=O)(=O)c1ccc(C(C)(O)C(F)(F)F)cc1,True,high
STR-64416BC7F3D621D83B3A,IC50,biochemical_binding,1,2,1,2,1,0,0,4.82102305270683,4.82102305270683,4.82102305270683,15100.0,15100.0,IC50,1,inhibitory_potency,1,biochemical_binding,1,ChEMBL;PubChem,CHEMBL5873208,Menin,2021,=,CC(=O)O[C@H]1CCC[C@@H]1C(C#N)(c1ccccc1)C1CCN(CC2CN(c3ccc(C(=O)O)cc3)C2)CC1,CC(=O)O[C@H]1CCC[C@@H]1C(C#N)(c1ccccc1)C1CCN(CC2CN(c3ccc(C(=O)O)cc3)C2)CC1,CC(=O)O[C@H]1CCC[C@@H]1C(C#N)(c1ccccc1)C1CCN(CC2CN(c3ccc(C(=O)O)cc3)C2)CC1,CC(=O)O[C@H]1CCC[C@@H]1C(C#N)(c1ccccc1)C1CCN(CC2CN(c3ccc(C(=O)O)cc3)C2)CC1,QKNJSAPOLRJCFI-MYABOAQRSA-N,QKNJSAPOLRJCFI-MYABOAQRSA-N,standardized,0.0,False,2.0,strict_exact,exact_point_estimate,low_or_inactive_>10uM,False,False,IC50,biochemical_binding,False,0.8301955604894259,0.6572572235721545,0.37037035822868347,O=C(O)c1ccc(N2CCC(CN3CCC(Oc4ccc(Cl)c(Cl)c4)CC3)CC2)cc1,True,high
STR-6F1C926A5BCCC888A7D5,IC50,biochemical_binding,1,1,0,1,1,0,0,4.815308569182402,4.815308569182402,4.815308569182402,15300.0,15300.0,IC50,1,inhibitory_potency,1,biochemical_binding,1,ChEMBL,CHEMBL4515980,Menin,2019,=,CO[C@H]1CCC[C@@H]1[C@](C#N)(c1ccccc1)C1CCN(CC2CN(c3ccc(C#N)cc3)C2)CC1,CO[C@H]1CCC[C@@H]1[C@](C#N)(c1ccccc1)C1CCN(CC2CN(c3ccc(C#N)cc3)C2)CC1,CO[C@H]1CCC[C@@H]1[C@](C#N)(c1ccccc1)C1CCN(CC2CN(c3ccc(C#N)cc3)C2)CC1,CO[C@H]1CCC[C@@H]1[C@](C#N)(c1ccccc1)C1CCN(CC2CN(c3ccc(C#N)cc3)C2)CC1,XWVPFMAEIFLCFQ-OIFRRMEBSA-N,XWVPFMAEIFLCFQ-OIFRRMEBSA-N,standardized,0.0,False,2.0,strict_exact,exact_point_estimate,low_or_inactive_>10uM,False,False,IC50,biochemical_binding,False,0.9450123016976788,0.3072178862221543,0.30263158679008484,N#Cc1ccc(N2CCC3(CCN(CCc4ccccc4)C3)C2)cc1,True,high
STR-DFE431635A25C35796E2,IC50,biochemical_binding,1,1,0,1,1,0,0,4.815308569182402,4.815308569182402,4.815308569182402,15300.0,15300.0,IC50,1,inhibitory_potency,1,biochemical_binding,1,ChEMBL,CHEMBL3126181,Menin,2014,=,CCCCC(O)(c1ccccc1)C1CCN(CCCOc2ccc(C#N)cc2)CC1,CCCCC(O)(c1ccccc1)C1CCN(CCCOc2ccc(C#N)cc2)CC1,CCCCC(O)(c1ccccc1)C1CCN(CCCOc2ccc(C#N)cc2)CC1,CCCCC(O)(c1ccccc1)C1CCN(CCCOc2ccc(C#N)cc2)CC1,JJAPANZDGHTBJO-UHFFFAOYSA-N,JJAPANZDGHTBJO-UHFFFAOYSA-N,standardized,0.0,False,2.0,strict_exact,exact_point_estimate,low_or_inactive_>10uM,False,False,IC50,biochemical_binding,False,0.9545908381463583,0.2665656143684687,0.5593220591545105,OC(c1ccccc1)(c1ccccc1)C1CCN(CCCOc2ccc(-c3ccccc3)cc2)CC1,True,high
STR-B53DCF54F31F57F891A0,IC50,biochemical_binding,1,1,0,1,1,0,0,4.812197361281581,4.812197361281581,4.812197361281581,15410.0,15410.0,IC50,1,inhibitory_potency,1,biochemical_binding,1,PubChem,156531489,Menin,2026,=,CCN(C(=O)c1cc(F)ccc1Oc1nncnc1N1CCC2(C1)CN([C@@H](C[C@@H](CN(C)C)OC)C(C)C)C2)C(C)C,CCN(C(C)C)C(=O)C1=C(C=CC(=C1)F)OC2=C(N=CN=N2)N3CCC4(C3)CN(C4)[C@@H](C[C@@H](CN(C)C)OC)C(C)C,CCN(C(=O)c1cc(F)ccc1Oc1nncnc1N1CCC2(C1)CN([C@@H](C[C@@H](CN(C)C)OC)C(C)C)C2)C(C)C,CCN(C(=O)c1cc(F)ccc1Oc1nncnc1N1CCC2(C1)CN([C@@H](C[C@@H](CN(C)C)OC)C(C)C)C2)C(C)C,LPQSXRARPNKWLW-AHWVRZQESA-N,LPQSXRARPNKWLW-AHWVRZQESA-N,standardized,0.0,False,2.0,strict_exact,exact_point_estimate,low_or_inactive_>10uM,False,False,IC50,biochemical_binding,False,0.5973205498272847,0.972496409593943,0.6129032373428345,CCN(C(=O)c1cc(F)ccc1Oc1nncnc1N1CC2(CCN(CC3(SC)CC3)CC2)C1)C(C)C,True,medium
STR-F5F5118AE185B42AD9FA,IC50,biochemical_binding,1,1,0,1,1,0,0,4.795880017344075,4.795880017344075,4.795880017344075,16000.0,16000.0,IC50,1,inhibitory_potency,1,biochemical_binding,1,ChEMBL,CHEMBL3696182,Menin,2015,=,CCc1cc2c(N3CCN(CC(=O)N4CCN(C)CC4)CC3)ncnc2s1,CCc1cc2c(N3CCN(CC(=O)N4CCN(C)CC4)CC3)ncnc2s1,CCc1cc2c(N3CCN(CC(=O)N4CCN(C)CC4)CC3)ncnc2s1,CCc1cc2c(N3CCN(CC(=O)N4CCN(C)CC4)CC3)ncnc2s1,CYCVICMTFWYLRA-UHFFFAOYSA-N,CYCVICMTFWYLRA-UHFFFAOYSA-N,standardized,0.0,False,2.0,strict_exact,exact_point_estimate,low_or_inactive_>10uM,False,False,IC50,biochemical_binding,False,0.8989826162548858,0.47221235258398364,0.3125,CCc1ncc(-c2cc(C)no2)c(C2CCN(CC(=O)N3CCCCC3)CC2)n1,True,high
STR-A50D555FBD2E6BE12E86,IC50,biochemical_binding,1,2,1,2,1,0,0,4.769551078621726,4.769551078621726,4.769551078621726,17000.0,17000.0,IC50,1,inhibitory_potency,1,biochemical_binding,1,ChEMBL;PubChem,CHEMBL5742182,Menin,2021,=,CSC[C@@H]1CCC[C@H]1C(C#N)(c1ccccc1)C1CCN(CC2CN(c3ccc(S(=O)(=O)c4ccncc4)cc3)C2)CC1,CSC[C@@H]1CCC[C@H]1C(C#N)(c1ccccc1)C1CCN(CC2CN(c3ccc(S(=O)(=O)c4ccncc4)cc3)C2)CC1,CSC[C@@H]1CCC[C@H]1C(C#N)(c1ccccc1)C1CCN(CC2CN(c3ccc(S(=O)(=O)c4ccncc4)cc3)C2)CC1,CSC[C@@H]1CCC[C@H]1C(C#N)(c1ccccc1)C1CCN(CC2CN(c3ccc(S(=O)(=O)c4ccncc4)cc3)C2)CC1,WYRSUBFHMKGIDZ-MVBJGFHDSA-N,WYRSUBFHMKGIDZ-MVBJGFHDSA-N,standardized,0.0,False,2.0,strict_exact,exact_point_estimate,low_or_inactive_>10uM,False,False,IC50,biochemical_binding,False,0.9238392646024087,0.3885046758411443,0.2525252401828766,C[C@@H]1CN(CC2(c3ccncc3)CC2)CCN1S(=O)(=O)c1ccc(C(C)(O)C(F)(F)F)cc1,True,high
STR-FC134713F6D36D29BA09,IC50,biochemical_binding,1,2,1,2,1,0,0,4.7423214251308154,4.7423214251308154,4.7423214251308154,18100.0,18100.0,IC50,1,inhibitory_potency,1,biochemical_binding,1,ChEMBL;PubChem,CHEMBL5995050,Menin,2021,=,CO[C@H]1CCC[C@@H]1C(C#N)(c1ccccc1)C1CCN(CC2CN(c3ccc(S(C)(=O)=O)cc3)C2)CC1,CO[C@H]1CCC[C@@H]1C(C#N)(c1ccccc1)C1CCN(CC2CN(c3ccc(S(C)(=O)=O)cc3)C2)CC1,CO[C@H]1CCC[C@@H]1C(C#N)(c1ccccc1)C1CCN(CC2CN(c3ccc(S(C)(=O)=O)cc3)C2)CC1,CO[C@H]1CCC[C@@H]1C(C#N)(c1ccccc1)C1CCN(CC2CN(c3ccc(S(C)(=O)=O)cc3)C2)CC1,OYJIUPJJIAQOGS-ZTURCVLQSA-N,OYJIUPJJIAQOGS-ZTURCVLQSA-N,standardized,0.0,False,2.0,strict_exact,exact_point_estimate,low_or_inactive_>10uM,False,False,IC50,biochemical_binding,False,0.9185911221334754,0.407124107807176,0.2857142984867096,CCN(C(=O)Cc1ccc(S(C)(=O)=O)cc1)C1CCN(CC[C@@H](c2ccccc2)C2CCN(S(=O)(=O)C(F)(F)F)CC2)CC1,True,high
STR-D8A1A162FE6EB57E5B09,IC50,biochemical_binding,1,2,1,2,1,0,0,4.739928612014925,4.739928612014925,4.739928612014925,18200.0,18200.0,IC50,1,inhibitory_potency,1,biochemical_binding,1,ChEMBL;PubChem,CHEMBL5869690,Menin,2021,=,FCC1(CF)CC(N2CCC(C3(C4CCCC4)NCCc4ccccc43)CC2)C1,FCC1(CF)CC(N2CCC(C3(C4CCCC4)NCCc4ccccc43)CC2)C1,FCC1(CF)CC(N2CCC(C3(C4CCCC4)NCCc4ccccc43)CC2)C1,FCC1(CF)CC(N2CCC(C3(C4CCCC4)NCCc4ccccc43)CC2)C1,DGQFPBXZFAECGK-UHFFFAOYSA-N,DGQFPBXZFAECGK-UHFFFAOYSA-N,standardized,0.0,False,2.0,strict_exact,exact_point_estimate,low_or_inactive_>10uM,False,False,IC50,biochemical_binding,False,0.955419743524319,0.26291204663449436,0.2567567527294159,Oc1cccc2c1CNC(CN1CCC3(CCc4ccccc43)CC1)C2,True,high
STR-BB65ACE90322DCB1AF4C,IC50,biochemical_binding,1,1,0,1,1,0,0,4.735182176990463,4.735182176990463,4.735182176990463,18400.0,18400.0,IC50,1,inhibitory_potency,1,biochemical_binding,1,PubChem,168720915,Menin,2026,=,CCN(C(=O)c1cc(F)ccc1Oc1nncnc1N1CCC2(C1)CN([C@@H](C[C@H](O)CN(C)C(C)C)C(C)C)C2)C(C)C,CCN(C(C)C)C(=O)C1=C(C=CC(=C1)F)OC2=C(N=CN=N2)N3CCC4(C3)CN(C4)[C@@H](C[C@@H](CN(C)C(C)C)O)C(C)C,CCN(C(=O)c1cc(F)ccc1Oc1nncnc1N1CCC2(C1)CN([C@@H](C[C@H](O)CN(C)C(C)C)C(C)C)C2)C(C)C,CCN(C(=O)c1cc(F)ccc1Oc1nncnc1N1CCC2(C1)CN([C@@H](C[C@H](O)CN(C)C(C)C)C(C)C)C2)C(C)C,BAJNALQCHSQUMV-BDYUSTAISA-N,BAJNALQCHSQUMV-BDYUSTAISA-N,standardized,0.0,False,2.0,strict_exact,exact_point_estimate,low_or_inactive_>10uM,False,False,IC50,biochemical_binding,False,0.5873288187178419,0.9778818188615639,0.6195651888847351,CCN(C(=O)c1cc(F)ccc1Oc1nncnc1N1CC2(CCN(CC3(SC)CC3)CC2)C1)C(C)C,True,medium
STR-97B7AB1532A54CF194EB,IC50,biochemical_binding,1,1,0,1,1,0,0,4.732593581247096,4.732593581247096,4.732593581247096,18510.0,18510.0,IC50,1,inhibitory_potency,1,biochemical_binding,1,PubChem,168720878,Menin,2026,=,CCN(C(=O)c1cc(F)ccc1Oc1nncnc1N1CCC2(C1)CN([C@@H](C[C@@H](O)CN(C)C(C)C)C(C)C)C2)C(C)C,CCN(C(C)C)C(=O)C1=C(C=CC(=C1)F)OC2=C(N=CN=N2)N3CCC4(C3)CN(C4)[C@@H](C[C@H](CN(C)C(C)C)O)C(C)C,CCN(C(=O)c1cc(F)ccc1Oc1nncnc1N1CCC2(C1)CN([C@@H](C[C@@H](O)CN(C)C(C)C)C(C)C)C2)C(C)C,CCN(C(=O)c1cc(F)ccc1Oc1nncnc1N1CCC2(C1)CN([C@@H](C[C@@H](O)CN(C)C(C)C)C(C)C)C2)C(C)C,BAJNALQCHSQUMV-VPUSJEBWSA-N,BAJNALQCHSQUMV-VPUSJEBWSA-N,standardized,0.0,False,2.0,strict_exact,exact_point_estimate,low_or_inactive_>10uM,False,False,IC50,biochemical_binding,False,0.5873288187178419,0.9778818188615639,0.6195651888847351,CCN(C(=O)c1cc(F)ccc1Oc1nncnc1N1CC2(CCN(CC3(SC)CC3)CC2)C1)C(C)C,True,medium
STR-604BE22F0CAC884F2D40,IC50,biochemical_binding,1,2,1,2,1,0,0,4.721246399047171,4.721246399047171,4.721246399047171,19000.0,19000.0,IC50,1,inhibitory_potency,1,biochemical_binding,1,ChEMBL;PubChem,CHEMBL5908865,Menin,2021,=,COCC(C1CC1)C(C#N)(c1ccccc1)C1CCN(CCCOc2ccc(C#N)cc2)CC1,COCC(C1CC1)C(C#N)(c1ccccc1)C1CCN(CCCOc2ccc(C#N)cc2)CC1,COCC(C1CC1)C(C#N)(c1ccccc1)C1CCN(CCCOc2ccc(C#N)cc2)CC1,COCC(C1CC1)C(C#N)(c1ccccc1)C1CCN(CCCOc2ccc(C#N)cc2)CC1,BQDHPUZTBYZGMX-UHFFFAOYSA-N,BQDHPUZTBYZGMX-UHFFFAOYSA-N,standardized,0.0,False,2.0,strict_exact,exact_point_estimate,low_or_inactive_>10uM,False,False,IC50,biochemical_binding,False,0.9628261085611363,0.22918104146178359,0.4769230782985687,OC(c1ccccc1)(c1ccccc1)C1CCN(CCCOc2ccc(-c3ccccc3)cc2)CC1,True,high
STR-74AB0C5D40C92C89D385,IC50,biochemical_binding,1,1,0,1,1,0,0,4.718966632752273,4.718966632752273,4.718966632752273,19100.0,19100.0,IC50,1,inhibitory_potency,1,biochemical_binding,1,ChEMBL,CHEMBL4474336,Menin,2019,=,CO[C@@H]1CCC[C@H]1[C@](C#N)(c1ccccc1)C1CCN(CC2CN(c3ccc(C#N)cc3)C2)CC1,CO[C@@H]1CCC[C@H]1[C@](C#N)(c1ccccc1)C1CCN(CC2CN(c3ccc(C#N)cc3)C2)CC1,CO[C@@H]1CCC[C@H]1[C@](C#N)(c1ccccc1)C1CCN(CC2CN(c3ccc(C#N)cc3)C2)CC1,CO[C@@H]1CCC[C@H]1[C@](C#N)(c1ccccc1)C1CCN(CC2CN(c3ccc(C#N)cc3)C2)CC1,XWVPFMAEIFLCFQ-IDZRBWSNSA-N,XWVPFMAEIFLCFQ-IDZRBWSNSA-N,standardized,0.0,False,2.0,strict_exact,exact_point_estimate,low_or_inactive_>10uM,False,False,IC50,biochemical_binding,False,0.9450123016976788,0.3072178862221543,0.30263158679008484,N#Cc1ccc(N2CCC3(CCN(CCc4ccccc4)C3)C2)cc1,True,high
STR-8BAA965F9B38F093E239,IC50,biochemical_binding,1,2,1,2,1,0,0,4.716698771296451,4.716698771296451,4.716698771296451,19200.0,19200.0,IC50,1,inhibitory_potency,1,biochemical_binding,1,ChEMBL;PubChem,CHEMBL5882575,Menin,2021,=,CN([C@@H]1CCC[C@H]1C(C#N)(c1ccccc1)C1CCN(CC2CN(c3ccc(S(=O)(=O)C4CC4)cc3)C2)CC1)S(C)(=O)=O,CN([C@@H]1CCC[C@H]1C(C#N)(c1ccccc1)C1CCN(CC2CN(c3ccc(S(=O)(=O)C4CC4)cc3)C2)CC1)S(C)(=O)=O,CN([C@@H]1CCC[C@H]1C(C#N)(c1ccccc1)C1CCN(CC2CN(c3ccc(S(=O)(=O)C4CC4)cc3)C2)CC1)S(C)(=O)=O,CN([C@@H]1CCC[C@H]1C(C#N)(c1ccccc1)C1CCN(CC2CN(c3ccc(S(=O)(=O)C4CC4)cc3)C2)CC1)S(C)(=O)=O,DBVLDGQLWGJCAW-NWBPNMJXSA-N,DBVLDGQLWGJCAW-NWBPNMJXSA-N,standardized,0.0,False,2.0,strict_exact,exact_point_estimate,low_or_inactive_>10uM,False,False,IC50,biochemical_binding,False,0.9321839188815186,0.3577203285809797,0.30666667222976685,O=S(=O)(c1ccccc1)C1CCN(CCc2ccccc2)CC1,True,high
STR-220071760E88DA3EF61F,IC50,biochemical_binding,1,1,0,1,1,0,0,4.698970004336019,4.698970004336019,4.698970004336019,20000.0,20000.0,IC50,1,inhibitory_potency,1,biochemical_binding,1,ChEMBL,CHEMBL3696185,Menin,2015,=,COc1ccc(CN2CCCN(c3ncnc4sc(C)c(C)c34)CC2)cc1,COc1ccc(CN2CCCN(c3ncnc4sc(C)c(C)c34)CC2)cc1,COc1ccc(CN2CCCN(c3ncnc4sc(C)c(C)c34)CC2)cc1,COc1ccc(CN2CCCN(c3ncnc4sc(C)c(C)c34)CC2)cc1,XZKJXUGWCBNBMM-UHFFFAOYSA-N,XZKJXUGWCBNBMM-UHFFFAOYSA-N,standardized,0.0,False,2.0,strict_exact,exact_point_estimate,low_or_inactive_>10uM,False,False,IC50,biochemical_binding,False,0.9538596581249985,0.2697694413629523,0.36231884360313416,COc1ccc(CN2CCc3cc4nc(N)sc4cc3CC2)cc1,True,high
STR-D0AFB81D834FFDF24514,IC50,biochemical_binding,1,1,0,1,1,0,0,4.698970004336019,4.698970004336019,4.698970004336019,20000.0,20000.0,IC50,1,inhibitory_potency,1,biochemical_binding,1,ChEMBL,CHEMBL3696178,Menin,2015,=,CCc1cc2c(N3CCN(CC(=O)N4CCOCC4)CC3)ncnc2s1,CCc1cc2c(N3CCN(CC(=O)N4CCOCC4)CC3)ncnc2s1,CCc1cc2c(N3CCN(CC(=O)N4CCOCC4)CC3)ncnc2s1,CCc1cc2c(N3CCN(CC(=O)N4CCOCC4)CC3)ncnc2s1,LTVSNYBEXOGXQA-UHFFFAOYSA-N,LTVSNYBEXOGXQA-UHFFFAOYSA-N,standardized,0.0,False,2.0,strict_exact,exact_point_estimate,low_or_inactive_>10uM,False,False,IC50,biochemical_binding,False,0.8800960242427125,0.5290847835668359,0.3717948794364929,CCCc1ncc(-c2cc(C)no2)c(C2CCN(CC(=O)N3CCOCC3)CC2)n1,True,high
STR-F99BCE07672BA00ADF22,IC50,biochemical_binding,1,1,0,1,1,0,0,4.698970004336019,4.698970004336019,4.698970004336019,20000.0,20000.0,IC50,1,inhibitory_potency,1,biochemical_binding,1,ChEMBL,CHEMBL3696190,Menin,2015,=,CC1CCc2c(sc3ncnc(NC4CCN(Cc5ccccc5)CC4)c23)C1,CC1CCc2c(sc3ncnc(NC4CCN(Cc5ccccc5)CC4)c23)C1,CC1CCc2c(sc3ncnc(NC4CCN(Cc5ccccc5)CC4)c23)C1,CC1CCc2c(sc3ncnc(NC4CCN(Cc5ccccc5)CC4)c23)C1,SNMBMZLFDKOUQN-UHFFFAOYSA-N,SNMBMZLFDKOUQN-UHFFFAOYSA-N,standardized,0.0,False,2.0,strict_exact,exact_point_estimate,low_or_inactive_>10uM,False,False,IC50,biochemical_binding,False,0.9564065760598437,0.2585320006563833,0.3287671208381653,c1ccc(CN2CCC(Oc3ncnc4c3ccn4Cc3ccccc3)CC2)cc1,True,high
STR-3285E2BFD8068CB3A1DB,IC50,biochemical_binding,1,2,1,2,1,0,0,4.694648630553377,4.694648630553377,4.694648630553377,20200.0,20200.0,IC50,1,inhibitory_potency,1,biochemical_binding,1,ChEMBL;PubChem,CHEMBL5827109,Menin,2021,=,N#Cc1ccc(OCCN2CCC(CC3(C4CCCC4)NCCc4ccccc43)CC2)cc1,N#Cc1ccc(OCCN2CCC(CC3(C4CCCC4)NCCc4ccccc43)CC2)cc1,N#Cc1ccc(OCCN2CCC(CC3(C4CCCC4)NCCc4ccccc43)CC2)cc1,N#Cc1ccc(OCCN2CCC(CC3(C4CCCC4)NCCc4ccccc43)CC2)cc1,IDYIMOZIFOUJEX-UHFFFAOYSA-N,IDYIMOZIFOUJEX-UHFFFAOYSA-N,standardized,0.0,False,2.0,strict_exact,exact_point_estimate,low_or_inactive_>10uM,False,False,IC50,biochemical_binding,False,0.969555930315719,0.19661398019351087,0.3287671208381653,FCCOc1ccc(CCN2CCC(CCc3ccccc3)CC2)cc1,True,high
STR-CE7B584631A9BA01C68A,IC50,biochemical_binding,1,2,1,2,1,0,0,4.688246138944246,4.688246138944246,4.688246138944246,20500.0,20500.0,IC50,1,inhibitory_potency,1,biochemical_binding,1,ChEMBL;PubChem,CHEMBL5942488,Menin,2021,=,CCO[C@@H]1CCC[C@H]1C(C#N)(c1ccccc1)C1CCN(CC2CN(c3ccc(S(C)(=O)=O)cc3)C2)CC1,CCO[C@@H]1CCC[C@H]1C(C#N)(c1ccccc1)C1CCN(CC2CN(c3ccc(S(C)(=O)=O)cc3)C2)CC1,CCO[C@@H]1CCC[C@H]1C(C#N)(c1ccccc1)C1CCN(CC2CN(c3ccc(S(C)(=O)=O)cc3)C2)CC1,CCO[C@@H]1CCC[C@H]1C(C#N)(c1ccccc1)C1CCN(CC2CN(c3ccc(S(C)(=O)=O)cc3)C2)CC1,WGHQZWRDDSTDTI-KCUXUGRMSA-N,WGHQZWRDDSTDTI-KCUXUGRMSA-N,standardized,0.0,False,2.0,strict_exact,exact_point_estimate,low_or_inactive_>10uM,False,False,IC50,biochemical_binding,False,0.9215228288118966,0.39679054718097995,0.2929292917251587,CCN(C(=O)Cc1ccc(S(C)(=O)=O)cc1)C1CCN(CC[C@@H](c2ccccc2)C2CCN(S(=O)(=O)C(F)(F)F)CC2)CC1,True,high
STR-E1374AA2ED612B5F391C,IC50,biochemical_binding,1,2,1,2,1,0,0,4.679853713888946,4.679853713888946,4.679853713888946,20900.0,20900.0,IC50,1,inhibitory_potency,1,biochemical_binding,1,ChEMBL;PubChem,CHEMBL5807536,Menin,2021,=,CNC(=O)N[C@@H]1CCC[C@H]1C(C#N)(c1ccccc1)C1CCN(CCCOc2ccc(C#N)cc2)CC1,CNC(=O)N[C@@H]1CCC[C@H]1C(C#N)(c1ccccc1)C1CCN(CCCOc2ccc(C#N)cc2)CC1,CNC(=O)N[C@@H]1CCC[C@H]1C(C#N)(c1ccccc1)C1CCN(CCCOc2ccc(C#N)cc2)CC1,CNC(=O)N[C@@H]1CCC[C@H]1C(C#N)(c1ccccc1)C1CCN(CCCOc2ccc(C#N)cc2)CC1,JDLAISSJTKWCQI-QWKOWPTQSA-N,JDLAISSJTKWCQI-QWKOWPTQSA-N,standardized,0.0,False,2.0,strict_exact,exact_point_estimate,low_or_inactive_>10uM,False,False,IC50,biochemical_binding,False,0.919463985243441,0.4040650612098281,0.4444444477558136,OC(c1ccccc1)(c1ccccc1)C1CCN(CCCOc2ccc(-c3ccccc3)cc2)CC1,True,high
STR-1ED81EB6526D0C332327,IC50,biochemical_binding,1,1,0,1,1,0,0,4.673664139071248,4.673664139071248,4.673664139071248,21200.0,21200.0,IC50,1,inhibitory_potency,1,biochemical_binding,1,ChEMBL,CHEMBL4570651,Menin,2019,=,N#Cc1ccc(OCCN2CCC(C3(C4CCCC4)NCCc4ccccc43)CC2)cc1,N#Cc1ccc(OCCN2CCC(C3(C4CCCC4)NCCc4ccccc43)CC2)cc1,N#Cc1ccc(OCCN2CCC(C3(C4CCCC4)NCCc4ccccc43)CC2)cc1,N#Cc1ccc(OCCN2CCC(C3(C4CCCC4)NCCc4ccccc43)CC2)cc1,RKPDJLDXPIJEBD-UHFFFAOYSA-N,RKPDJLDXPIJEBD-UHFFFAOYSA-N,standardized,0.0,False,2.0,strict_exact,exact_point_estimate,low_or_inactive_>10uM,False,False,IC50,biochemical_binding,False,0.9693586130984261,0.1975982535200142,0.3333333432674408,N#Cc1ccc(CCN2CCC(Nc3nc4ccccc4[nH]3)CC2)cc1,True,high
STR-826ACF8B9EB407EBF5F3,IC50,biochemical_binding,1,2,1,2,1,0,0,4.661543506395395,4.661543506395395,4.661543506395395,21800.0,21800.0,IC50,1,inhibitory_potency,1,biochemical_binding,1,ChEMBL;PubChem,CHEMBL5856058,Menin,2021,=,N#Cc1cc2ccc(C(=O)N3CCC(CC4(C5CCCC5)NCCc5ccccc54)CC3)cc2[nH]1,N#Cc1cc2ccc(C(=O)N3CCC(CC4(C5CCCC5)NCCc5ccccc54)CC3)cc2[nH]1,N#Cc1cc2ccc(C(=O)N3CCC(CC4(C5CCCC5)NCCc5ccccc54)CC3)cc2[nH]1,N#Cc1cc2ccc(C(=O)N3CCC(CC4(C5CCCC5)NCCc5ccccc54)CC3)cc2[nH]1,QZZNWDYTOGMNCI-UHFFFAOYSA-N,QZZNWDYTOGMNCI-UHFFFAOYSA-N,standardized,0.0,False,2.0,strict_exact,exact_point_estimate,low_or_inactive_>10uM,False,False,IC50,biochemical_binding,False,0.9114083886696321,0.4317512459966299,0.26744186878204346,N#Cc1cc2cc(C3(Cc4ccccc4)CCNC3)ccc2[nH]1,True,high
STR-8271C886AE561654AC45,IC50,biochemical_binding,1,2,1,2,1,0,0,4.634512015109101,4.634512015109101,4.634512015109101,23200.0,23200.0,IC50,1,inhibitory_potency,1,biochemical_binding,1,ChEMBL;PubChem,CHEMBL6029447,Menin,2021,=,CS(=O)(=O)CO[C@@H]1CCC[C@H]1C(C#N)(c1ccccc1)C1CCN(CC2CN(c3ccc(S(=O)(=O)c4ccncc4)cc3)C2)CC1,CS(=O)(=O)CO[C@@H]1CCC[C@H]1C(C#N)(c1ccccc1)C1CCN(CC2CN(c3ccc(S(=O)(=O)c4ccncc4)cc3)C2)CC1,CS(=O)(=O)CO[C@@H]1CCC[C@H]1C(C#N)(c1ccccc1)C1CCN(CC2CN(c3ccc(S(=O)(=O)c4ccncc4)cc3)C2)CC1,CS(=O)(=O)CO[C@@H]1CCC[C@H]1C(C#N)(c1ccccc1)C1CCN(CC2CN(c3ccc(S(=O)(=O)c4ccncc4)cc3)C2)CC1,RCDWXAWZKNCQGU-ORITWGEGSA-N,RCDWXAWZKNCQGU-ORITWGEGSA-N,standardized,0.0,False,2.0,strict_exact,exact_point_estimate,low_or_inactive_>10uM,False,False,IC50,biochemical_binding,False,0.9189549630079193,0.40585078146174774,0.24752475321292877,C[C@@H]1CN(CC2(c3ccncc3)CC2)CCN1S(=O)(=O)c1ccc(C(C)(O)C(F)(F)F)cc1,True,high
STR-84B9176A329FC508D11B,IC50,biochemical_binding,1,2,1,2,1,0,0,4.632644078973981,4.632644078973981,4.632644078973981,23300.0,23300.0,IC50,1,inhibitory_potency,1,biochemical_binding,1,ChEMBL;PubChem,CHEMBL5914644,Menin,2021,=,CC(=O)N1CCC[C@@H]1C(C#N)(c1ccccc1)C1CCN(CCCOc2ccc(C#N)cc2)CC1,CC(=O)N1CCC[C@@H]1C(C#N)(c1ccccc1)C1CCN(CCCOc2ccc(C#N)cc2)CC1,CC(=O)N1CCC[C@@H]1C(C#N)(c1ccccc1)C1CCN(CCCOc2ccc(C#N)cc2)CC1,CC(=O)N1CCC[C@@H]1C(C#N)(c1ccccc1)C1CCN(CCCOc2ccc(C#N)cc2)CC1,LLWPWJSOOSUKCR-FICMROCWSA-N,LLWPWJSOOSUKCR-FICMROCWSA-N,standardized,0.0,False,2.0,strict_exact,exact_point_estimate,low_or_inactive_>10uM,False,False,IC50,biochemical_binding,False,0.9261164086990269,0.3802521119677666,0.47058823704719543,OC(c1ccccc1)(c1ccccc1)C1CCN(CCCOc2ccc(-c3ccccc3)cc2)CC1,True,high
STR-78E8321E984DFAA6EEF2,IC50,biochemical_binding,1,2,1,2,1,0,0,4.6252516539898965,4.6252516539898965,4.6252516539898965,23700.0,23700.0,IC50,1,inhibitory_potency,1,biochemical_binding,1,ChEMBL;PubChem,CHEMBL5809630,Menin,2021,=,CS(=O)(=O)c1ccc(N2CC(CN3CCC(C(C#N)(c4ccccc4)[C@H]4CCC[C@H]4S(C)(=O)=O)CC3)C2)cc1,CS(=O)(=O)c1ccc(N2CC(CN3CCC(C(C#N)(c4ccccc4)[C@H]4CCC[C@H]4S(C)(=O)=O)CC3)C2)cc1,CS(=O)(=O)c1ccc(N2CC(CN3CCC(C(C#N)(c4ccccc4)[C@H]4CCC[C@H]4S(C)(=O)=O)CC3)C2)cc1,CS(=O)(=O)c1ccc(N2CC(CN3CCC(C(C#N)(c4ccccc4)[C@H]4CCC[C@H]4S(C)(=O)=O)CC3)C2)cc1,RVLBJNTYMYPPPU-UOCPRXARSA-N,RVLBJNTYMYPPPU-UOCPRXARSA-N,standardized,0.0,False,2.0,strict_exact,exact_point_estimate,low_or_inactive_>10uM,False,False,IC50,biochemical_binding,False,0.931061559936345,0.3619495717400627,0.28915661573410034,CN(C(=O)Cc1ccc(S(C)(=O)=O)cc1)C1CCN(Cc2ccc(C(F)(F)F)cc2)CC1,True,high
STR-40E0E7043CC563C31D2B,IC50,biochemical_binding,1,2,1,2,1,0,0,4.609064892896621,4.609064892896621,4.609064892896621,24600.0,24600.0,IC50,1,inhibitory_potency,1,biochemical_binding,1,ChEMBL;PubChem,CHEMBL6017029,Menin,2021,=,CO[C@H]1CCC[C@@H]1C(C#N)(c1ccccc1)C1CCN(CCCOc2ccc(C#N)cc2)CC1,CO[C@H]1CCC[C@@H]1C(C#N)(c1ccccc1)C1CCN(CCCOc2ccc(C#N)cc2)CC1,CO[C@H]1CCC[C@@H]1C(C#N)(c1ccccc1)C1CCN(CCCOc2ccc(C#N)cc2)CC1,CO[C@H]1CCC[C@@H]1C(C#N)(c1ccccc1)C1CCN(CCCOc2ccc(C#N)cc2)CC1,GTILRIPAVDNTIG-ASYYUYISSA-N,GTILRIPAVDNTIG-ASYYUYISSA-N,standardized,0.0,False,2.0,strict_exact,exact_point_estimate,low_or_inactive_>10uM,False,False,IC50,biochemical_binding,False,0.9613523708310054,0.23605688588468743,0.4769230782985687,OC(c1ccccc1)(c1ccccc1)C1CCN(CCCOc2ccc(-c3ccccc3)cc2)CC1,True,high
STR-79AE077C5280C92A481E,IC50,biochemical_binding,1,2,1,2,1,0,0,4.58838029403677,4.58838029403677,4.58838029403677,25800.0,25800.0,IC50,1,inhibitory_potency,1,biochemical_binding,1,ChEMBL;PubChem,CHEMBL5942260,Menin,2021,=,COCC[C@@H]1CCC[C@H]1C(C#N)(c1ccccc1)C1CCN(CC2CN(c3ccc(S(=O)(=O)c4ccnc(C)c4)cc3)C2)CC1,COCC[C@@H]1CCC[C@H]1C(C#N)(c1ccccc1)C1CCN(CC2CN(c3ccc(S(=O)(=O)c4ccnc(C)c4)cc3)C2)CC1,COCC[C@@H]1CCC[C@H]1C(C#N)(c1ccccc1)C1CCN(CC2CN(c3ccc(S(=O)(=O)c4ccnc(C)c4)cc3)C2)CC1,COCC[C@@H]1CCC[C@H]1C(C#N)(c1ccccc1)C1CCN(CC2CN(c3ccc(S(=O)(=O)c4ccnc(C)c4)cc3)C2)CC1,NIXPDHYMMWJNBK-VSLLNASRSA-N,NIXPDHYMMWJNBK-VSLLNASRSA-N,standardized,0.0,False,2.0,strict_exact,exact_point_estimate,low_or_inactive_>10uM,False,False,IC50,biochemical_binding,False,0.9031562611610262,0.4589098785125063,0.25242719054222107,Cc1cnc(N2CCC([C@H]3C[C@H]3CCOc3nc(C)cc(C#N)n3)CC2)nc1,True,high
STR-5B2781FAFA3F33CB6B32,IC50,biochemical_binding,1,1,0,1,1,0,0,4.568636235841013,4.568636235841013,4.568636235841013,27000.0,27000.0,IC50,1,inhibitory_potency,1,biochemical_binding,1,ChEMBL,CHEMBL3696194,Menin,2015,=,CCc1cc2c(NCCN(CC)Cc3ccccc3)ncnc2s1,CCc1cc2c(NCCN(CC)Cc3ccccc3)ncnc2s1,CCc1cc2c(NCCN(CC)Cc3ccccc3)ncnc2s1,CCc1cc2c(NCCN(CC)Cc3ccccc3)ncnc2s1,QSYPZBWUQBHLFI-UHFFFAOYSA-N,QSYPZBWUQBHLFI-UHFFFAOYSA-N,standardized,0.0,False,2.0,strict_exact,exact_point_estimate,low_or_inactive_>10uM,False,False,IC50,biochemical_binding,False,0.9597521936601301,0.24342722057942293,0.2933333218097687,CCN(CC)CCNc1nc(NC(C)(C)C)nc2cc(-c3ccc(C)cc3)sc12,True,high
STR-28D764E3D7E6595F8FAA,IC50,biochemical_binding,1,1,0,1,1,0,0,4.564155634015559,4.564155634015559,4.564155634015559,27280.0,27280.0,IC50,1,inhibitory_potency,1,biochemical_binding,1,PubChem,156531487,Menin,2026,=,CCN(C(=O)c1cc(F)ccc1Oc1nncnc1N1CCC2(C1)CN([C@@H](C[C@H](CN(C)C)OC)C(C)C)C2)C(C)C,CCN(C(C)C)C(=O)C1=C(C=CC(=C1)F)OC2=C(N=CN=N2)N3CCC4(C3)CN(C4)[C@@H](C[C@H](CN(C)C)OC)C(C)C,CCN(C(=O)c1cc(F)ccc1Oc1nncnc1N1CCC2(C1)CN([C@@H](C[C@H](CN(C)C)OC)C(C)C)C2)C(C)C,CCN(C(=O)c1cc(F)ccc1Oc1nncnc1N1CCC2(C1)CN([C@@H](C[C@H](CN(C)C)OC)C(C)C)C2)C(C)C,LPQSXRARPNKWLW-RSXGOPAZSA-N,LPQSXRARPNKWLW-RSXGOPAZSA-N,standardized,0.0,False,2.0,strict_exact,exact_point_estimate,low_or_inactive_>10uM,False,False,IC50,biochemical_binding,False,0.5973205498272847,0.972496409593943,0.6129032373428345,CCN(C(=O)c1cc(F)ccc1Oc1nncnc1N1CC2(CCN(CC3(SC)CC3)CC2)C1)C(C)C,True,medium
STR-6B610F98DBC51ED4955E,IC50,biochemical_binding,1,2,1,2,1,0,0,4.552841968657781,4.552841968657781,4.552841968657781,28000.0,28000.0,IC50,1,inhibitory_potency,1,biochemical_binding,1,ChEMBL;PubChem,CHEMBL5955983,Menin,2021,=,CCCC(=O)O[C@@H]1CCC[C@H]1C(C#N)(c1ccccc1)C1CCN(CC2CN(c3ccc(S(=O)(=O)c4ccncc4)cc3)C2)CC1,CCCC(=O)O[C@@H]1CCC[C@H]1C(C#N)(c1ccccc1)C1CCN(CC2CN(c3ccc(S(=O)(=O)c4ccncc4)cc3)C2)CC1,CCCC(=O)O[C@@H]1CCC[C@H]1C(C#N)(c1ccccc1)C1CCN(CC2CN(c3ccc(S(=O)(=O)c4ccncc4)cc3)C2)CC1,CCCC(=O)O[C@@H]1CCC[C@H]1C(C#N)(c1ccccc1)C1CCN(CC2CN(c3ccc(S(=O)(=O)c4ccncc4)cc3)C2)CC1,TWAYYWDSCYXSAC-ANOPSCNCSA-N,TWAYYWDSCYXSAC-ANOPSCNCSA-N,standardized,0.0,False,2.0,strict_exact,exact_point_estimate,low_or_inactive_>10uM,False,False,IC50,biochemical_binding,False,0.9037841869319038,0.45688391768593023,0.2574257552623749,CCOC(=O)N1[C@@H]2CC[C@H]1C[C@H](CN1CC[C@H](N3C(=O)Cc4ccccc43)C1)C2,True,high
STR-BA42992F4D166FFC44F9,IC50,biochemical_binding,2,4,2,2,2,0,0,4.545221985379412,4.552841968657781,4.5376020021010435,28500.0,28000.0,IC50,1,inhibitory_potency,1,biochemical_binding,1,ChEMBL;PubChem,CHEMBL3696196,Menin,2015,=,CC(=O)N1c2ccccc2NC2=C(C(=O)CC(c3ccc(C(C)(C)C)cc3)C2)C1c1ccncc1,CC(=O)N1c2ccccc2NC2=C(C(=O)CC(c3ccc(C(C)(C)C)cc3)C2)C1c1ccncc1,CC(=O)N1c2ccccc2NC2=C(C(=O)CC(c3ccc(C(C)(C)C)cc3)C2)C1c1ccncc1,CC(=O)N1c2ccccc2NC2=C(C(=O)CC(c3ccc(C(C)(C)C)cc3)C2)C1c1ccncc1,MLASCQDFELZPIC-UHFFFAOYSA-N,MLASCQDFELZPIC-UHFFFAOYSA-N,standardized,0.015239966556737,False,2.0,strict_exact,exact_point_estimate,low_or_inactive_>10uM,False,False,IC50,biochemical_binding,False,0.9088545791171062,0.4402815709888055,0.22891566157341003,CC(C)(C)c1ccc(NC(=O)N2CCN(c3ncccc3Cl)CC2)cc1,False,high
STR-478CD9F8B251C1F54424,IC50,biochemical_binding,1,2,1,2,1,0,0,4.531652669587842,4.531652669587842,4.531652669587842,29400.0,29400.0,IC50,1,inhibitory_potency,1,biochemical_binding,1,ChEMBL;PubChem,CHEMBL6048151,Menin,2021,=,COCC[C@H]1CCC[C@@H]1C(C#N)(c1ccccc1)C1CCN(CC2CN(c3ccc(S(=O)(=O)c4ccnc(C)c4)cc3)C2)CC1,COCC[C@H]1CCC[C@@H]1C(C#N)(c1ccccc1)C1CCN(CC2CN(c3ccc(S(=O)(=O)c4ccnc(C)c4)cc3)C2)CC1,COCC[C@H]1CCC[C@@H]1C(C#N)(c1ccccc1)C1CCN(CC2CN(c3ccc(S(=O)(=O)c4ccnc(C)c4)cc3)C2)CC1,COCC[C@H]1CCC[C@@H]1C(C#N)(c1ccccc1)C1CCN(CC2CN(c3ccc(S(=O)(=O)c4ccnc(C)c4)cc3)C2)CC1,NIXPDHYMMWJNBK-MSVMABCMSA-N,NIXPDHYMMWJNBK-MSVMABCMSA-N,standardized,0.0,False,2.0,strict_exact,exact_point_estimate,low_or_inactive_>10uM,False,False,IC50,biochemical_binding,False,0.9031562611610262,0.4589098785125063,0.25242719054222107,Cc1cnc(N2CCC([C@H]3C[C@H]3CCOc3nc(C)cc(C#N)n3)CC2)nc1,True,high
STR-71A064EE3032A8ED24DA,IC50,biochemical_binding,1,2,1,2,1,0,0,4.530177984021837,4.530177984021837,4.530177984021837,29500.0,29500.0,IC50,1,inhibitory_potency,1,biochemical_binding,1,ChEMBL;PubChem,CHEMBL3454209,Menin,2015,=,c1csc(N2CCN(c3ncnc4sccc34)CC2)n1,c1csc(N2CCN(c3ncnc4sccc34)CC2)n1,c1csc(N2CCN(c3ncnc4sccc34)CC2)n1,c1csc(N2CCN(c3ncnc4sccc34)CC2)n1,VOCCCDKWVRJPCB-UHFFFAOYSA-N,VOCCCDKWVRJPCB-UHFFFAOYSA-N,standardized,0.0,False,2.0,strict_exact,exact_point_estimate,low_or_inactive_>10uM,False,False,IC50,biochemical_binding,False,0.9328204957202186,0.3553088480543506,0.24285714328289032,C[C@@H](NC(=O)C1(N)CCN(c2ncnc3[nH]ccc23)CC1)c1ccc(Cl)cc1,True,high
STR-E7F31BDBEA50095CCF5A,IC50,biochemical_binding,1,1,0,1,1,0,0,4.522878745280337,4.522878745280337,4.522878745280337,30000.0,30000.0,IC50,1,inhibitory_potency,1,biochemical_binding,1,ChEMBL,CHEMBL3696177,Menin,2015,=,CCc1cc2c(N3CCN(Cc4ccc(Cl)cc4)CC3)ncnc2s1,CCc1cc2c(N3CCN(Cc4ccc(Cl)cc4)CC3)ncnc2s1,CCc1cc2c(N3CCN(Cc4ccc(Cl)cc4)CC3)ncnc2s1,CCc1cc2c(N3CCN(Cc4ccc(Cl)cc4)CC3)ncnc2s1,WLMKLKVMNYSQDC-UHFFFAOYSA-N,WLMKLKVMNYSQDC-UHFFFAOYSA-N,standardized,0.0,False,2.0,strict_exact,exact_point_estimate,low_or_inactive_>10uM,False,False,IC50,biochemical_binding,False,0.962022850307252,0.23293935491363751,0.3380281627178192,NC1(C(=O)NCc2ccc(Cl)cc2)CCN(c2ncnc3[nH]ccc23)CC1,True,high
STR-F90A7CDFC3BE1549AAD5,IC50,biochemical_binding,1,2,1,2,1,0,0,4.51427857351842,4.51427857351842,4.51427857351842,30600.0,30600.0,IC50,1,inhibitory_potency,1,biochemical_binding,1,ChEMBL;PubChem,CHEMBL5910988,Menin,2021,=,CC(=O)N1CCCC(C(C#N)(c2ccccc2)C2CCN(CCCOc3ccc(C#N)cc3)CC2)C1,CC(=O)N1CCCC(C(C#N)(c2ccccc2)C2CCN(CCCOc3ccc(C#N)cc3)CC2)C1,CC(=O)N1CCCC(C(C#N)(c2ccccc2)C2CCN(CCCOc3ccc(C#N)cc3)CC2)C1,CC(=O)N1CCCC(C(C#N)(c2ccccc2)C2CCN(CCCOc3ccc(C#N)cc3)CC2)C1,HORRMVIEIMHGFR-UHFFFAOYSA-N,HORRMVIEIMHGFR-UHFFFAOYSA-N,standardized,0.0,False,2.0,strict_exact,exact_point_estimate,low_or_inactive_>10uM,False,False,IC50,biochemical_binding,False,0.9296498759932418,0.3672288887828888,0.4637681245803833,OC(c1ccccc1)(c1ccccc1)C1CCN(CCCOc2ccc(-c3ccccc3)cc2)CC1,True,high
STR-83AFBD5BD9110FDF3CA3,IC50,biochemical_binding,2,4,2,2,2,0,0,4.511321135227349,4.774690718274137,4.247951552180561,36650.0,16800.0,IC50,1,inhibitory_potency,1,biochemical_binding,1,ChEMBL;PubChem,CHEMBL5872824,Menin,2021,=,CC(C)C(=O)N1CCCCC1C1(C2CCN(CCCOc3ccc(C#N)cc3)CC2)CN(C)Cc2ccccc21,CC(C)C(=O)N1CCCCC1C1(C2CCN(CCCOc3ccc(C#N)cc3)CC2)CN(C)Cc2ccccc21,CC(C)C(=O)N1CCCCC1C1(C2CCN(CCCOc3ccc(C#N)cc3)CC2)CN(C)Cc2ccccc21,CC(C)C(=O)N1CCCCC1C1(C2CCN(CCCOc3ccc(C#N)cc3)CC2)CN(C)Cc2ccccc21,GAFFMYUSUFAJFA-UHFFFAOYSA-N,GAFFMYUSUFAJFA-UHFFFAOYSA-N,standardized,0.5267391660935754,False,2.0,strict_exact,exact_point_estimate,low_or_inactive_>10uM,False,False,IC50,biochemical_binding,False,0.8898879432357045,0.5002538626927681,0.32894736528396606,c1cc(C2CCCCC2)ccc1OCCCN1CCCCC1,True,high
STR-3BF33E326381C0E9FE99,IC50,biochemical_binding,1,1,0,1,1,0,0,4.494850021680094,4.494850021680094,4.494850021680094,32000.0,32000.0,IC50,1,inhibitory_potency,1,biochemical_binding,1,ChEMBL,CHEMBL3696187,Menin,2015,=,CC(C)c1cc2c(N3CCCN(C4=NCC(C)(C)S4)CC3)ncnc2s1,CC(C)c1cc2c(N3CCCN(C4=NCC(C)(C)S4)CC3)ncnc2s1,CC(C)c1cc2c(N3CCCN(C4=NCC(C)(C)S4)CC3)ncnc2s1,CC(C)c1cc2c(N3CCCN(C4=NCC(C)(C)S4)CC3)ncnc2s1,DSTGDQDRPBCLJD-UHFFFAOYSA-N,DSTGDQDRPBCLJD-UHFFFAOYSA-N,standardized,0.0,False,2.0,strict_exact,exact_point_estimate,low_or_inactive_>10uM,False,False,IC50,biochemical_binding,False,0.874938534224152,0.5437369745346068,0.23456789553165436,C[C@@H](NC(=O)C1(N)CCN(c2ncnc3[nH]ccc23)CC1)c1ccc(Cl)cc1,False,high
STR-F8573739FC4928FB0125,IC50,biochemical_binding,1,2,1,2,1,0,0,4.486782399932061,4.486782399932061,4.486782399932061,32600.0,32600.0,IC50,1,inhibitory_potency,1,biochemical_binding,1,ChEMBL;PubChem,CHEMBL5809984,Menin,2021,=,N#Cc1cc2cc(CN3CCC(C4(C5CCCC5)NCCc5ccccc54)CC3)ccc2[nH]1,N#Cc1cc2cc(CN3CCC(C4(C5CCCC5)NCCc5ccccc54)CC3)ccc2[nH]1,N#Cc1cc2cc(CN3CCC(C4(C5CCCC5)NCCc5ccccc54)CC3)ccc2[nH]1,N#Cc1cc2cc(CN3CCC(C4(C5CCCC5)NCCc5ccccc54)CC3)ccc2[nH]1,ALQGTLDOKFELOC-UHFFFAOYSA-N,ALQGTLDOKFELOC-UHFFFAOYSA-N,standardized,0.0,False,2.0,strict_exact,exact_point_estimate,low_or_inactive_>10uM,False,False,IC50,biochemical_binding,False,0.9548716246327441,0.26533057248299885,0.3552631437778473,N#Cc1cc2cc(C3(Cc4ccccc4)CCNC3)ccc2[nH]1,True,high
STR-731E86363BD706E32221,IC50,biochemical_binding,1,2,1,2,1,0,0,4.485452247339714,4.485452247339714,4.485452247339714,32700.0,32700.0,IC50,1,inhibitory_potency,1,biochemical_binding,1,ChEMBL;PubChem,CHEMBL5979519,Menin,2021,=,N#Cc1ccc(OCCCN2CCC(CC3(C4CCCC4)NCCc4ccccc43)CC2)cc1,N#Cc1ccc(OCCCN2CCC(CC3(C4CCCC4)NCCc4ccccc43)CC2)cc1,N#Cc1ccc(OCCCN2CCC(CC3(C4CCCC4)NCCc4ccccc43)CC2)cc1,N#Cc1ccc(OCCCN2CCC(CC3(C4CCCC4)NCCc4ccccc43)CC2)cc1,QRMVTMWLPWXUQK-UHFFFAOYSA-N,QRMVTMWLPWXUQK-UHFFFAOYSA-N,standardized,0.0,False,2.0,strict_exact,exact_point_estimate,low_or_inactive_>10uM,False,False,IC50,biochemical_binding,False,0.9696516618776256,0.19613575960180535,0.3636363744735718,c1cc(C2CCCCC2)ccc1OCCCN1CCCCC1,True,high
STR-3635F302F926924A4F69,IC50,biochemical_binding,1,2,1,2,1,0,0,4.458420756053419,4.458420756053419,4.458420756053419,34800.0,34800.0,IC50,1,inhibitory_potency,1,biochemical_binding,1,ChEMBL;PubChem,CHEMBL5895597,Menin,2021,=,CCC(CC)C(=O)N1CCCCC1C1(C2CCN(CCCOc3ccc(C#N)cc3)CC2)CN(C)Cc2ccccc21,CCC(CC)C(=O)N1CCCCC1C1(C2CCN(CCCOc3ccc(C#N)cc3)CC2)CN(C)Cc2ccccc21,CCC(CC)C(=O)N1CCCCC1C1(C2CCN(CCCOc3ccc(C#N)cc3)CC2)CN(C)Cc2ccccc21,CCC(CC)C(=O)N1CCCCC1C1(C2CCN(CCCOc3ccc(C#N)cc3)CC2)CN(C)Cc2ccccc21,GUFULQJTQYFMKW-UHFFFAOYSA-N,GUFULQJTQYFMKW-UHFFFAOYSA-N,standardized,0.0,False,2.0,strict_exact,exact_point_estimate,low_or_inactive_>10uM,False,False,IC50,biochemical_binding,False,0.8760295038358392,0.5406672539360213,0.3176470696926117,CCOC(=O)c1ccc(-c2ccc(OCCCN3CCCCC3)cc2)cc1,True,high
STR-AE2AA292EDD25C175AFA,IC50,biochemical_binding,1,2,1,2,1,0,0,4.455931955649724,4.455931955649724,4.455931955649724,35000.0,35000.0,IC50,1,inhibitory_potency,1,biochemical_binding,1,ChEMBL;PubChem,CHEMBL3696198,Menin,2015,=,COc1cc(C2Nc3ccccc3NC3=C2C(=O)CC(C)(C)C3)cc(OC)c1OC,COc1cc(C2Nc3ccccc3NC3=C2C(=O)CC(C)(C)C3)cc(OC)c1OC,COc1cc(C2Nc3ccccc3NC3=C2C(=O)CC(C)(C)C3)cc(OC)c1OC,COc1cc(C2Nc3ccccc3NC3=C2C(=O)CC(C)(C)C3)cc(OC)c1OC,UYUKOVCFMXOZOV-UHFFFAOYSA-N,UYUKOVCFMXOZOV-UHFFFAOYSA-N,standardized,0.0,False,2.0,strict_exact,exact_point_estimate,low_or_inactive_>10uM,False,False,IC50,biochemical_binding,False,0.903824686345197,0.45675302486245545,0.2361111044883728,COc1cc(-c2cncc(-c3ccc(C4CCN(C)CC4)cc3)c2C)cc(OC)c1OC,False,high
STR-4C19F00ABA775539C82E,IC50,biochemical_binding,1,2,1,2,1,0,0,4.448550002027125,4.448550002027125,4.448550002027125,35600.0,35600.0,IC50,1,inhibitory_potency,1,biochemical_binding,1,ChEMBL;PubChem,CHEMBL6040302,Menin,2021,=,N#Cc1ccc(OCCCN2CCC(C3(c4ccccc4)NCCc4ccccc43)CC2)cc1,N#Cc1ccc(OCCCN2CCC(C3(c4ccccc4)NCCc4ccccc43)CC2)cc1,N#Cc1ccc(OCCCN2CCC(C3(c4ccccc4)NCCc4ccccc43)CC2)cc1,N#Cc1ccc(OCCCN2CCC(C3(c4ccccc4)NCCc4ccccc43)CC2)cc1,HICYDELPJILLDL-UHFFFAOYSA-N,HICYDELPJILLDL-UHFFFAOYSA-N,standardized,0.0,False,2.0,strict_exact,exact_point_estimate,low_or_inactive_>10uM,False,False,IC50,biochemical_binding,False,0.9673768105974148,0.20738106666971076,0.37681159377098083,OC(c1ccccc1)(c1ccccc1)C1CCN(CCCOc2ccc(-c3ccccc3)cc2)CC1,True,high
STR-D67FE3A87A1AC07DC7FF,IC50,biochemical_binding,1,1,0,1,1,0,0,4.443697499232713,4.443697499232713,4.443697499232713,36000.0,36000.0,IC50,1,inhibitory_potency,1,biochemical_binding,1,ChEMBL,CHEMBL2314814,Menin,2013,=,CC(C)Cc1cccc(C[C@@H]2NC(=O)[C@@H](N)CCCCCCCCNC(=O)[C@@H]3CCCN3C(=O)[C@H](CCCNC(=N)N)NC(=O)C3(CCC3)NC(=O)[C@@H]3CCCN3C2=O)c1,CC(C)Cc1cccc(C[C@@H]2NC(=O)[C@@H](N)CCCCCCCCNC(=O)[C@@H]3CCCN3C(=O)[C@H](CCCNC(=N)N)NC(=O)C3(CCC3)NC(=O)[C@@H]3CCCN3C2=O)c1,CC(C)Cc1cccc(C[C@@H]2NC(=O)[C@@H](N)CCCCCCCCNC(=O)[C@@H]3CCCN3C(=O)[C@H](CCCNC(=N)N)NC(=O)C3(CCC3)NC(=O)[C@@H]3CCCN3C2=O)c1,CC(C)Cc1cccc(C[C@@H]2NC(=O)[C@@H](N)CCCCCCCCNC(=O)[C@@H]3CCCN3C(=O)[C@H](CCCNC(=N)N)NC(=O)C3(CCC3)NC(=O)[C@@H]3CCCN3C2=O)c1,PINHORIOZLJPKK-XYPUQJIVSA-N,PINHORIOZLJPKK-XYPUQJIVSA-N,standardized,0.0,False,2.0,strict_exact,exact_point_estimate,low_or_inactive_>10uM,False,False,IC50,biochemical_binding,False,0.8626177391272428,0.5773419171357861,0.27040815353393555,CC(C)C[C@@H]1NC(=O)CNC(=O)[C@H](CCC(=O)O)NC(=O)[C@@H]2CSSC[C@H](NC(=O)[C@@H](N)Cc3ccc(O)cc3)C(=O)N[C@@H](CCC(N)=O)C(=O)N[C@@H](CCCCN)C(=O)N[C@@H](Cc3ccccc3)C(=O)N[C@@H](CC(C)C)C(=O)N[C@@H](C)C(=O)N3CCC[C@H]3C(=O)N[C@H]3CSSC[C@H](NC(=O)[C@H](C(C)C)NC1=O)C(=O)N[C@@H](CCCNC(=N)N)C(=O)N[C@@H](CC(C)C)C(=O)N[C@@H](Cc1c[nH]c4ccccc14)C(=O)N[C@H](C(=O)N[C@@H](CCCCN)C(=O)N[C@@H](CCCCN)C(=O)N[C@@H](CCCCN)C(=O)N[C@@H](CC(C)C)C(=O)N[C@@H](Cc1c[nH]c4ccccc14)C(N)=O)CSSC[C@H](NC(=O)[C@H](CCCCN)NC(=O)[C@H](CCCNC(=N)N)NC(=O)[C@H](CCC(=O)O)NC(=O)[C@H](CO)NC(=O)[C@H](CC(=O)O)NC3=O)C(=O)N2,True,high
STR-47846D608185053052FC,IC50,biochemical_binding,1,2,1,2,1,0,0,4.441291429466834,4.441291429466834,4.441291429466834,36200.0,36200.0,IC50,1,inhibitory_potency,1,biochemical_binding,1,ChEMBL;PubChem,CHEMBL5829926,Menin,2021,=,N#Cc1ccc(OCCCCN2CC(C3(C4CCCC4)NCCc4ccccc43)C2)cc1,N#Cc1ccc(OCCCCN2CC(C3(C4CCCC4)NCCc4ccccc43)C2)cc1,N#Cc1ccc(OCCCCN2CC(C3(C4CCCC4)NCCc4ccccc43)C2)cc1,N#Cc1ccc(OCCCCN2CC(C3(C4CCCC4)NCCc4ccccc43)C2)cc1,CBHRAOXPKUWGTQ-UHFFFAOYSA-N,CBHRAOXPKUWGTQ-UHFFFAOYSA-N,standardized,0.0,False,2.0,strict_exact,exact_point_estimate,low_or_inactive_>10uM,False,False,IC50,biochemical_binding,False,0.9706976625923366,0.1908809574502988,0.3384615480899811,c1ccc(-c2ccc(OCCCCCN3CCCCCC3)cc2)cc1,True,high
STR-80B7C819E96F09B4FE2E,IC50,biochemical_binding,1,2,1,2,1,0,0,4.424812155072339,4.424812155072339,4.424812155072339,37600.0,37600.0,IC50,1,inhibitory_potency,1,biochemical_binding,1,ChEMBL;PubChem,CHEMBL5967030,Menin,2021,=,CN([C@H]1CCC[C@@H]1C(C#N)(c1ccccc1)C1CCN(CC2CN(c3ccc(S(=O)(=O)C4CC4)cc3)C2)CC1)S(C)(=O)=O,CN([C@H]1CCC[C@@H]1C(C#N)(c1ccccc1)C1CCN(CC2CN(c3ccc(S(=O)(=O)C4CC4)cc3)C2)CC1)S(C)(=O)=O,CN([C@H]1CCC[C@@H]1C(C#N)(c1ccccc1)C1CCN(CC2CN(c3ccc(S(=O)(=O)C4CC4)cc3)C2)CC1)S(C)(=O)=O,CN([C@H]1CCC[C@@H]1C(C#N)(c1ccccc1)C1CCN(CC2CN(c3ccc(S(=O)(=O)C4CC4)cc3)C2)CC1)S(C)(=O)=O,DBVLDGQLWGJCAW-KOPQTXDBSA-N,DBVLDGQLWGJCAW-KOPQTXDBSA-N,standardized,0.0,False,2.0,strict_exact,exact_point_estimate,low_or_inactive_>10uM,False,False,IC50,biochemical_binding,False,0.9321839188815186,0.3577203285809797,0.30666667222976685,O=S(=O)(c1ccccc1)C1CCN(CCc2ccccc2)CC1,True,high
STR-6BBFA0A16AEB8910C337,IC50,biochemical_binding,1,1,0,1,1,0,0,4.404503778174426,4.404503778174426,4.404503778174426,39400.0,39400.0,IC50,1,inhibitory_potency,1,biochemical_binding,1,ChEMBL,CHEMBL2314815,Menin,2013,=,N=C(N)NCCC[C@@H]1NC(=O)C2(CCC2)NC(=O)[C@@H]2CCCN2C(=O)[C@H](Cc2cccc(-c3ccccc3)c2)NC(=O)[C@@H](N)CCCCCCCCNC(=O)[C@@H]2CCCN2C1=O,N=C(N)NCCC[C@@H]1NC(=O)C2(CCC2)NC(=O)[C@@H]2CCCN2C(=O)[C@H](Cc2cccc(-c3ccccc3)c2)NC(=O)[C@@H](N)CCCCCCCCNC(=O)[C@@H]2CCCN2C1=O,N=C(N)NCCC[C@@H]1NC(=O)C2(CCC2)NC(=O)[C@@H]2CCCN2C(=O)[C@H](Cc2cccc(-c3ccccc3)c2)NC(=O)[C@@H](N)CCCCCCCCNC(=O)[C@@H]2CCCN2C1=O,N=C(N)NCCC[C@@H]1NC(=O)C2(CCC2)NC(=O)[C@@H]2CCCN2C(=O)[C@H](Cc2cccc(-c3ccccc3)c2)NC(=O)[C@@H](N)CCCCCCCCNC(=O)[C@@H]2CCCN2C1=O,OWRVVYJQBVAHMZ-LQWITFIISA-N,OWRVVYJQBVAHMZ-LQWITFIISA-N,standardized,0.0,False,2.0,strict_exact,exact_point_estimate,low_or_inactive_>10uM,False,False,IC50,biochemical_binding,False,0.8654631320671878,0.5697505599693384,0.26153847575187683,CC(C)C[C@@H]1NC(=O)CNC(=O)[C@H](CCC(=O)O)NC(=O)[C@@H]2CSSC[C@H](NC(=O)[C@@H](N)Cc3ccc(O)cc3)C(=O)N[C@@H](CCC(N)=O)C(=O)N[C@@H](CCCCN)C(=O)N[C@@H](Cc3ccccc3)C(=O)N[C@@H](CC(C)C)C(=O)N[C@@H](C)C(=O)N3CCC[C@H]3C(=O)N[C@H]3CSSC[C@H](NC(=O)[C@H](C(C)C)NC1=O)C(=O)N[C@@H](CCCNC(=N)N)C(=O)N[C@@H](CC(C)C)C(=O)N[C@@H](Cc1c[nH]c4ccccc14)C(=O)N[C@H](C(=O)N[C@@H](CCCCN)C(=O)N[C@@H](CCCCN)C(=O)N[C@@H](CCCCN)C(=O)N[C@@H](CC(C)C)C(=O)N[C@@H](Cc1c[nH]c4ccccc14)C(N)=O)CSSC[C@H](NC(=O)[C@H](CCCCN)NC(=O)[C@H](CCCNC(=N)N)NC(=O)[C@H](CCC(=O)O)NC(=O)[C@H](CO)NC(=O)[C@H](CC(=O)O)NC3=O)C(=O)N2,True,high
STR-751B5DB988139837BDDA,IC50,biochemical_binding,1,1,0,1,1,0,0,4.3979400086720375,4.3979400086720375,4.3979400086720375,40000.0,40000.0,IC50,1,inhibitory_potency,1,biochemical_binding,1,ChEMBL,CHEMBL3696192,Menin,2015,=,CCc1cc2c(NCC3CCN(Cc4cccc(C)c4)CC3)ncnc2s1,CCc1cc2c(NCC3CCN(Cc4cccc(C)c4)CC3)ncnc2s1,CCc1cc2c(NCC3CCN(Cc4cccc(C)c4)CC3)ncnc2s1,CCc1cc2c(NCC3CCN(Cc4cccc(C)c4)CC3)ncnc2s1,DXGOGPHKPIGZBO-UHFFFAOYSA-N,DXGOGPHKPIGZBO-UHFFFAOYSA-N,standardized,0.0,False,2.0,strict_exact,exact_point_estimate,low_or_inactive_>10uM,False,False,IC50,biochemical_binding,False,0.9417596604600461,0.32041975419776797,0.369047611951828,Cc1cccc(Cn2ccc3c(OC4CCN(Cc5cscn5)CC4)ncnc32)c1,True,high
STR-B9852EE345EDCE391831,IC50,biochemical_binding,1,2,1,2,1,0,0,4.3979400086720375,4.3979400086720375,4.3979400086720375,40000.0,40000.0,IC50,1,inhibitory_potency,1,biochemical_binding,1,ChEMBL;PubChem,CHEMBL5782128,Menin,2021,=,N#Cc1ccc(OCCCN2CCC(C(C#N)(CC(=O)N3CCCC3)c3ccccc3)CC2)cc1,N#Cc1ccc(OCCCN2CCC(C(C#N)(CC(=O)N3CCCC3)c3ccccc3)CC2)cc1,N#Cc1ccc(OCCCN2CCC(C(C#N)(CC(=O)N3CCCC3)c3ccccc3)CC2)cc1,N#Cc1ccc(OCCCN2CCC(C(C#N)(CC(=O)N3CCCC3)c3ccccc3)CC2)cc1,FXKPDAWRPKYDGE-UHFFFAOYSA-N,FXKPDAWRPKYDGE-UHFFFAOYSA-N,standardized,0.0,False,2.0,strict_exact,exact_point_estimate,low_or_inactive_>10uM,False,False,IC50,biochemical_binding,False,0.9050330185508834,0.45283516540684177,0.5,OC(c1ccccc1)(c1ccccc1)C1CCN(CCCOc2ccc(-c3ccccc3)cc2)CC1,True,high
STR-104DDD12D2A71EF11558,IC50,biochemical_binding,1,1,0,1,1,0,0,4.392009141452825,4.392009141452825,4.392009141452825,40550.0,40550.0,IC50,1,inhibitory_potency,1,biochemical_binding,1,PubChem,156531620,Menin,2026,=,CCN(C)C[C@@H](C[C@@H](C(C)C)N1CC2(CCN(c3ncnnc3Oc3ccc(F)cc3C(=O)N(CC)C(C)C)C2)C1)OC,CCN(C)C[C@@H](C[C@@H](C(C)C)N1CC2(C1)CCN(C2)C3=C(N=NC=N3)OC4=C(C=C(C=C4)F)C(=O)N(CC)C(C)C)OC,CCN(C)C[C@@H](C[C@@H](C(C)C)N1CC2(CCN(c3ncnnc3Oc3ccc(F)cc3C(=O)N(CC)C(C)C)C2)C1)OC,CCN(C)C[C@@H](C[C@@H](C(C)C)N1CC2(CCN(c3ncnnc3Oc3ccc(F)cc3C(=O)N(CC)C(C)C)C2)C1)OC,WZDYSMKHVNWSMO-VPUSJEBWSA-N,WZDYSMKHVNWSMO-VPUSJEBWSA-N,standardized,0.0,False,2.0,strict_exact,exact_point_estimate,low_or_inactive_>10uM,False,False,IC50,biochemical_binding,False,0.581656355031703,0.9806744637908265,0.6063829660415649,CCN(C(=O)c1cc(F)ccc1Oc1nncnc1N1CC2(CCN(CC3(SC)CC3)CC2)C1)C(C)C,True,medium
STR-F420EA9EFCC6CB3F01A3,IC50,biochemical_binding,1,2,1,2,1,0,0,4.380906669373258,4.380906669373258,4.380906669373258,41600.0,41600.0,IC50,1,inhibitory_potency,1,biochemical_binding,1,ChEMBL;PubChem,CHEMBL6056409,Menin,2021,=,N#Cc1cc2cc(CN3CCC(CC4(C5CCCC5)NCCc5ccccc54)CC3)ccc2[nH]1,N#Cc1cc2cc(CN3CCC(CC4(C5CCCC5)NCCc5ccccc54)CC3)ccc2[nH]1,N#Cc1cc2cc(CN3CCC(CC4(C5CCCC5)NCCc5ccccc54)CC3)ccc2[nH]1,N#Cc1cc2cc(CN3CCC(CC4(C5CCCC5)NCCc5ccccc54)CC3)ccc2[nH]1,LFRRNUKOUMOBAU-UHFFFAOYSA-N,LFRRNUKOUMOBAU-UHFFFAOYSA-N,standardized,0.0,False,2.0,strict_exact,exact_point_estimate,low_or_inactive_>10uM,False,False,IC50,biochemical_binding,False,0.9530912563557502,0.2731174818144586,0.3375000059604645,N#Cc1cc2cc(C3(Cc4ccccc4)CCNC3)ccc2[nH]1,True,high
STR-E00A2A65334250E6910B,IC50,biochemical_binding,1,2,1,2,1,0,0,4.375717904164332,4.375717904164332,4.375717904164332,42100.0,42100.0,IC50,1,inhibitory_potency,1,biochemical_binding,1,ChEMBL;PubChem,CHEMBL6015442,Menin,2021,=,N#Cc1ccc(OCCCN2CCC(C3NCCc4ccccc43)CC2)cc1,N#Cc1ccc(OCCCN2CCC(C3NCCc4ccccc43)CC2)cc1,N#Cc1ccc(OCCCN2CCC(C3NCCc4ccccc43)CC2)cc1,N#Cc1ccc(OCCCN2CCC(C3NCCc4ccccc43)CC2)cc1,YLPZBMHABGMGGG-UHFFFAOYSA-N,YLPZBMHABGMGGG-UHFFFAOYSA-N,standardized,0.0,False,2.0,strict_exact,exact_point_estimate,low_or_inactive_>10uM,False,False,IC50,biochemical_binding,False,0.9666505537465647,0.2109205707669074,0.38461539149284363,OC(c1ccccc1)(c1ccccc1)C1CCN(CCCOc2ccc(-c3ccccc3)cc2)CC1,True,high
STR-241F2E6DC7BEF8AE2212,IC50,biochemical_binding,1,1,0,1,1,0,0,4.350081281264581,4.350081281264581,4.350081281264581,44660.0,44660.0,IC50,1,inhibitory_potency,1,biochemical_binding,1,PubChem,156531557,Menin,2026,=,CCN(C(=O)c1cc(F)ccc1Oc1nncnc1N1CCC2(C1)CN([C@@H](CCCNC(=O)NC)C(C)C)C2)C(C)C,CCN(C(C)C)C(=O)C1=C(C=CC(=C1)F)OC2=C(N=CN=N2)N3CCC4(C3)CN(C4)[C@@H](CCCNC(=O)NC)C(C)C,CCN(C(=O)c1cc(F)ccc1Oc1nncnc1N1CCC2(C1)CN([C@@H](CCCNC(=O)NC)C(C)C)C2)C(C)C,CCN(C(=O)c1cc(F)ccc1Oc1nncnc1N1CCC2(C1)CN([C@@H](CCCNC(=O)NC)C(C)C)C2)C(C)C,ILUZWIYOFDJNNW-DEOSSOPVSA-N,ILUZWIYOFDJNNW-DEOSSOPVSA-N,standardized,0.0,False,2.0,strict_exact,exact_point_estimate,low_or_inactive_>10uM,False,False,IC50,biochemical_binding,False,0.6685906758836994,0.916359796911164,0.6000000238418579,CCN(C(=O)c1cc(F)ccc1Oc1nncnc1N1CC2(CCN(CC3(SC)CC3)CC2)C1)C(C)C,True,medium
STR-695C2B9D19FE30A6368D,IC50,biochemical_binding,1,2,1,2,1,0,0,4.335358024443875,4.335358024443875,4.335358024443875,46200.0,46200.0,IC50,1,inhibitory_potency,1,biochemical_binding,1,ChEMBL;PubChem,CHEMBL5815678,Menin,2021,=,c1cnc(N2CC(CN3CCC(C4(C5CCCC5)NCCc5ccccc54)CC3)C2)nc1,c1cnc(N2CC(CN3CCC(C4(C5CCCC5)NCCc5ccccc54)CC3)C2)nc1,c1cnc(N2CC(CN3CCC(C4(C5CCCC5)NCCc5ccccc54)CC3)C2)nc1,c1cnc(N2CC(CN3CCC(C4(C5CCCC5)NCCc5ccccc54)CC3)C2)nc1,FOVMGWGQKWFMKH-UHFFFAOYSA-N,FOVMGWGQKWFMKH-UHFFFAOYSA-N,standardized,0.0,False,2.0,strict_exact,exact_point_estimate,low_or_inactive_>10uM,False,False,IC50,biochemical_binding,False,0.9546011528114947,0.26652029174185476,0.31578946113586426,Cc1ccccc1N1CCN(C[C@@H]2CCc3cccnc3[C@@H](O)C2)CC1,True,high
STR-8D22035F518E37FF47A2,IC50,biochemical_binding,1,1,0,1,1,0,0,4.3314277308154425,4.3314277308154425,4.3314277308154425,46620.0,46620.0,IC50,1,inhibitory_potency,1,biochemical_binding,1,PubChem,156531790,Menin,2026,=,CC(C)[C@H](CCC(N)=O)N1CC2(CCN(c3ncnnc3Oc3ccc(F)cc3-c3cncnc3C3CC3)C2)C1,CC(C)[C@H](CCC(=O)N)N1CC2(C1)CCN(C2)C3=C(N=NC=N3)OC4=C(C=C(C=C4)F)C5=CN=CN=C5C6CC6,CC(C)[C@H](CCC(N)=O)N1CC2(CCN(c3ncnnc3Oc3ccc(F)cc3-c3cncnc3C3CC3)C2)C1,CC(C)[C@H](CCC(N)=O)N1CC2(CCN(c3ncnnc3Oc3ccc(F)cc3-c3cncnc3C3CC3)C2)C1,ONCIPTNPPSWVQS-QHCPKHFHSA-N,ONCIPTNPPSWVQS-QHCPKHFHSA-N,standardized,0.0,False,2.0,strict_exact,exact_point_estimate,low_or_inactive_>10uM,False,False,IC50,biochemical_binding,False,0.7398304273844561,0.8270021520909294,0.41904762387275696,CC1(CN2CCC3(CC2)CN(c2ncnnc2Oc2ccc(F)cc2C(=O)N2C4CCC2COC4)C3)CC1,True,high
STR-EBE5F8EBBB91D5D79ECA,IC50,biochemical_binding,2,4,2,2,2,0,0,4.3277056287106435,4.481486060122113,4.173925197299174,50000.0,33000.0,IC50,1,inhibitory_potency,1,biochemical_binding,1,ChEMBL;PubChem,CHEMBL3696206,Menin,2015,=,COc1ccc(-c2csc(CC(N)=O)n2)cc1,COc1ccc(-c2csc(CC(N)=O)n2)cc1,COc1ccc(-c2csc(CC(N)=O)n2)cc1,COc1ccc(-c2csc(CC(N)=O)n2)cc1,AQWKNAJFSBSHCZ-UHFFFAOYSA-N,AQWKNAJFSBSHCZ-UHFFFAOYSA-N,standardized,0.3075608628229389,False,2.0,strict_exact,exact_point_estimate,low_or_inactive_>10uM,False,False,IC50,biochemical_binding,False,0.7204379464352442,0.8548533913606576,0.3030303120613098,COc1ccc(-c2cc(NC(=O)CCCN3CCCCC3)[nH]n2)cc1,True,high
STR-8DB0AD5CDFB534F0A1FD,IC50,biochemical_binding,1,2,1,2,1,0,0,4.3223930472795065,4.3223930472795065,4.3223930472795065,47600.0,47600.0,IC50,1,inhibitory_potency,1,biochemical_binding,1,ChEMBL;PubChem,CHEMBL5872391,Menin,2021,=,CN1Cc2ccccc2C(c2ccccn2)(C2CCN(CC3CN(c4ccc(S(C)(=O)=O)cc4)C3)CC2)C1,CN1Cc2ccccc2C(c2ccccn2)(C2CCN(CC3CN(c4ccc(S(C)(=O)=O)cc4)C3)CC2)C1,CN1Cc2ccccc2C(c2ccccn2)(C2CCN(CC3CN(c4ccc(S(C)(=O)=O)cc4)C3)CC2)C1,CN1Cc2ccccc2C(c2ccccn2)(C2CCN(CC3CN(c4ccc(S(C)(=O)=O)cc4)C3)CC2)C1,STLIFKRPMRSMNI-UHFFFAOYSA-N,STLIFKRPMRSMNI-UHFFFAOYSA-N,standardized,0.0,False,2.0,strict_exact,exact_point_estimate,low_or_inactive_>10uM,False,False,IC50,biochemical_binding,False,0.9127595835787552,0.4271909863341096,0.30434781312942505,CCOC(=O)N1CCC(CN2CCC3(CC2)CN(S(C)(=O)=O)c2ncccc23)CC1,True,high
STR-A6771150771281B862C7,IC50,biochemical_binding,1,2,1,2,1,0,0,4.309803919971486,4.309803919971486,4.309803919971486,49000.0,49000.0,IC50,1,inhibitory_potency,1,biochemical_binding,1,ChEMBL;PubChem,CHEMBL3696172,Menin,2015,=,Cc1csc(N2CCN(c3nc(C)nc4sc5c(c34)CCCC5)CC2)n1,Cc1csc(N2CCN(c3nc(C)nc4sc5c(c34)CCCC5)CC2)n1,Cc1csc(N2CCN(c3nc(C)nc4sc5c(c34)CCCC5)CC2)n1,Cc1csc(N2CCN(c3nc(C)nc4sc5c(c34)CCCC5)CC2)n1,RIBLLRWDYPFXIS-UHFFFAOYSA-N,RIBLLRWDYPFXIS-UHFFFAOYSA-N,standardized,0.0,False,2.0,strict_exact,exact_point_estimate,low_or_inactive_>10uM,False,False,IC50,biochemical_binding,False,0.9397460095953829,0.32845234215755803,0.2926829159259796,COc1cc(/C=C/c2nc(N)c3c4c(sc3n2)CCCCC4)ccc1-n1cnc(C)c1,True,high
STR-16763AE4A1795B0B0B2B,IC50,biochemical_binding,1,2,1,2,1,0,0,4.30189945437661,4.30189945437661,4.30189945437661,49900.0,49900.0,IC50,1,inhibitory_potency,1,biochemical_binding,1,ChEMBL;PubChem,CHEMBL5936379,Menin,2021,=,CS(=O)(=O)c1ccc(N2CC(CN3CCC(C(C#N)(c4ccccc4)C4CCC(=O)C4)CC3)C2)cc1,CS(=O)(=O)c1ccc(N2CC(CN3CCC(C(C#N)(c4ccccc4)C4CCC(=O)C4)CC3)C2)cc1,CS(=O)(=O)c1ccc(N2CC(CN3CCC(C(C#N)(c4ccccc4)C4CCC(=O)C4)CC3)C2)cc1,CS(=O)(=O)c1ccc(N2CC(CN3CCC(C(C#N)(c4ccccc4)C4CCC(=O)C4)CC3)C2)cc1,JOSOAAMQCMEZSY-UHFFFAOYSA-N,JOSOAAMQCMEZSY-UHFFFAOYSA-N,standardized,0.0,False,2.0,strict_exact,exact_point_estimate,low_or_inactive_>10uM,False,False,IC50,biochemical_binding,False,0.9204690151933946,0.40052442629246254,0.2916666567325592,CCN(C(=O)Cc1ccc(S(C)(=O)=O)cc1)C1CCN(CC[C@@H](c2ccccc2)C2CCN(S(=O)(=O)C(F)(F)F)CC2)CC1,True,high
STR-625E175938C0BA620C7A,IC50,biochemical_binding,1,2,1,2,1,0,0,4.301029995663981,4.301029995663981,4.301029995663981,50000.0,50000.0,IC50,1,inhibitory_potency,1,biochemical_binding,1,ChEMBL;PubChem,CHEMBL3696175,Menin,2015,=,c1ccc(-c2cc3c(N4CCN(c5nccs5)CC4)ncnc3s2)cc1,c1ccc(-c2cc3c(N4CCN(c5nccs5)CC4)ncnc3s2)cc1,c1ccc(-c2cc3c(N4CCN(c5nccs5)CC4)ncnc3s2)cc1,c1ccc(-c2cc3c(N4CCN(c5nccs5)CC4)ncnc3s2)cc1,WZPNVYWWPILWJK-UHFFFAOYSA-N,WZPNVYWWPILWJK-UHFFFAOYSA-N,standardized,0.0,False,2.0,strict_exact,exact_point_estimate,low_or_inactive_>10uM,False,False,IC50,biochemical_binding,False,0.9446922876922385,0.30852953340933137,0.25641027092933655,CN1CCN(c2ncc(C(=O)Nc3cc(-c4cccs4)ccc3N)s2)CC1,True,high
STR-B0F5A7555DF936BC6486,IC50,biochemical_binding,1,2,1,2,1,0,0,4.301029995663981,4.301029995663981,4.301029995663981,50000.0,50000.0,IC50,1,inhibitory_potency,1,biochemical_binding,1,ChEMBL;PubChem,CHEMBL1778131,Menin,2015,=,Nc1cccc(-c2cccnc2)c1,Nc1cccc(-c2cccnc2)c1,Nc1cccc(-c2cccnc2)c1,Nc1cccc(-c2cccnc2)c1,YTJQJGKMRLQBJP-UHFFFAOYSA-N,YTJQJGKMRLQBJP-UHFFFAOYSA-N,standardized,0.0,False,2.0,strict_exact,exact_point_estimate,low_or_inactive_>10uM,False,False,IC50,biochemical_binding,False,0.9299344975840941,0.3661680455422683,0.42553192377090454,CC1(c2cccc(-c3cccnc3)c2)N=C(N)c2ccccc2O1,True,high
STR-466A031256A2621A45EE,IC50,biochemical_binding,2,4,2,2,2,0,0,4.268426931636825,4.455931955649724,4.080921907623926,59000.0,35000.0,IC50,1,inhibitory_potency,1,biochemical_binding,1,ChEMBL;PubChem,CHEMBL3696166,Menin,2015,=,c1cn(CCCNc2ncnc3sc4c(c23)CCCCC4)cn1,c1cn(CCCNc2ncnc3sc4c(c23)CCCCC4)cn1,c1cn(CCCNc2ncnc3sc4c(c23)CCCCC4)cn1,c1cn(CCCNc2ncnc3sc4c(c23)CCCCC4)cn1,DTVVYXHKICYNDP-UHFFFAOYSA-N,DTVVYXHKICYNDP-UHFFFAOYSA-N,standardized,0.375010048025798,False,2.0,strict_exact,exact_point_estimate,low_or_inactive_>10uM,False,False,IC50,biochemical_binding,False,0.9302131660146492,0.3651276531643818,0.2666666805744171,O=c1n(Cc2ccc(Cl)cc2)c2sc3c(c2c2ncnn12)CCCC3,True,high
STR-CE06DD9044CE32F8232C,IC50,biochemical_binding,1,2,1,2,1,0,0,4.247951552180561,4.247951552180561,4.247951552180561,56500.0,56500.0,IC50,1,inhibitory_potency,1,biochemical_binding,1,ChEMBL;PubChem,CHEMBL5759104,Menin,2021,=,N#Cc1ccc(OCCCN2CCC(C3(C4CCCC4)NCCc4ccccc43)C2)cc1,N#Cc1ccc(OCCCN2CCC(C3(C4CCCC4)NCCc4ccccc43)C2)cc1,N#Cc1ccc(OCCCN2CCC(C3(C4CCCC4)NCCc4ccccc43)C2)cc1,N#Cc1ccc(OCCCN2CCC(C3(C4CCCC4)NCCc4ccccc43)C2)cc1,WCVLMVIOJBWRMR-UHFFFAOYSA-N,WCVLMVIOJBWRMR-UHFFFAOYSA-N,standardized,0.0,False,2.0,strict_exact,exact_point_estimate,low_or_inactive_>10uM,False,False,IC50,biochemical_binding,False,0.9707265590898172,0.19073501085174813,0.3484848439693451,c1cc(C2CCCCC2)ccc1OCCCN1CCCCC1,True,high
STR-9B511E320085B2646A64,IC50,biochemical_binding,1,2,1,2,1,0,0,4.2403321553103694,4.2403321553103694,4.2403321553103694,57500.0,57500.0,IC50,1,inhibitory_potency,1,biochemical_binding,1,ChEMBL;PubChem,CHEMBL5826603,Menin,2021,=,O=C(c1ccn(-c2ccc(S(=O)(=O)C3CC3)cc2)c1)N1CCC(C2(C3CCCC3)NCCc3ccccc32)CC1,O=C(c1ccn(-c2ccc(S(=O)(=O)C3CC3)cc2)c1)N1CCC(C2(C3CCCC3)NCCc3ccccc32)CC1,O=C(c1ccn(-c2ccc(S(=O)(=O)C3CC3)cc2)c1)N1CCC(C2(C3CCCC3)NCCc3ccccc32)CC1,O=C(c1ccn(-c2ccc(S(=O)(=O)C3CC3)cc2)c1)N1CCC(C2(C3CCCC3)NCCc3ccccc32)CC1,GXOXEPKAVRWLLH-UHFFFAOYSA-N,GXOXEPKAVRWLLH-UHFFFAOYSA-N,standardized,0.0,False,2.0,strict_exact,exact_point_estimate,low_or_inactive_>10uM,False,False,IC50,biochemical_binding,False,0.9152149317115928,0.41881923060972737,0.2750000059604645,O=C(CN1CCC(S(=O)(=O)c2ccccc2)CC1)c1ccc(F)cc1,True,high
STR-F744772A71C37D955328,IC50,biochemical_binding,1,2,1,2,1,0,0,4.2335871528876,4.2335871528876,4.2335871528876,58400.0,58400.0,IC50,1,inhibitory_potency,1,biochemical_binding,1,ChEMBL;PubChem,CHEMBL6062470,Menin,2021,=,N#CC(c1ccccc1)(C1CCCC1)C1CCN(CCCOc2ccc(S(=O)(=O)c3ccccc3)cc2)CC1,N#CC(c1ccccc1)(C1CCCC1)C1CCN(CCCOc2ccc(S(=O)(=O)c3ccccc3)cc2)CC1,N#CC(c1ccccc1)(C1CCCC1)C1CCN(CCCOc2ccc(S(=O)(=O)c3ccccc3)cc2)CC1,N#CC(c1ccccc1)(C1CCCC1)C1CCN(CCCOc2ccc(S(=O)(=O)c3ccccc3)cc2)CC1,WQFLDTHHSJAQAE-UHFFFAOYSA-N,WQFLDTHHSJAQAE-UHFFFAOYSA-N,standardized,0.0,False,2.0,strict_exact,exact_point_estimate,low_or_inactive_>10uM,False,False,IC50,biochemical_binding,False,0.933659523627909,0.35211617741962864,0.5,OC(c1ccccc1)(c1ccccc1)C1CCN(CCCOc2ccc(-c3ccccc3)cc2)CC1,True,high
STR-077D7D9C480B1958E4A3,IC50,biochemical_binding,1,1,0,1,1,0,0,4.224025668870631,4.224025668870631,4.224025668870631,59700.0,59700.0,IC50,1,inhibitory_potency,1,biochemical_binding,1,PubChem,156531793,Menin,2026,=,CNC(=O)CC[C@H](C(C)C)N1CC2(CCN(c3ncnnc3Oc3ccc(F)cc3-c3cncnc3C3CC3)C2)C1,CC(C)[C@@H](CCC(=O)NC)N1CC2(C1)CCN(C2)C3=C(N=NC=N3)OC4=C(C=C(C=C4)F)C5=CN=CN=C5C6CC6,CNC(=O)CC[C@H](C(C)C)N1CC2(CCN(c3ncnnc3Oc3ccc(F)cc3-c3cncnc3C3CC3)C2)C1,CNC(=O)CC[C@H](C(C)C)N1CC2(CCN(c3ncnnc3Oc3ccc(F)cc3-c3cncnc3C3CC3)C2)C1,WBULQNFTJPOIQV-XMMPIXPASA-N,WBULQNFTJPOIQV-XMMPIXPASA-N,standardized,0.0,False,2.0,strict_exact,exact_point_estimate,low_or_inactive_>10uM,False,False,IC50,biochemical_binding,False,0.7685230967863668,0.7805770063860238,0.4112149477005005,CC1(CN2CCC3(CC2)CN(c2ncnnc2Oc2ccc(F)cc2C(=O)N2C4CCC2COC4)C3)CC1,True,high
STR-949A51086BAD4A70A662,IC50,biochemical_binding,2,4,2,2,2,0,0,4.223665891943903,4.376750709602099,4.070581074285707,63500.0,42000.0,IC50,1,inhibitory_potency,1,biochemical_binding,1,ChEMBL;PubChem,CHEMBL3696165,Menin,2015,=,CCc1cc2c(N3CCN(Cc4ccccc4)CC3)ncnc2s1,CCc1cc2c(N3CCN(Cc4ccccc4)CC3)ncnc2s1,CCc1cc2c(N3CCN(Cc4ccccc4)CC3)ncnc2s1,CCc1cc2c(N3CCN(Cc4ccccc4)CC3)ncnc2s1,OSVPUNIFECUWFC-UHFFFAOYSA-N,OSVPUNIFECUWFC-UHFFFAOYSA-N,standardized,0.3061696353163921,False,2.0,strict_exact,exact_point_estimate,low_or_inactive_>10uM,False,False,IC50,biochemical_binding,False,0.951815544292508,0.2786340149176883,0.35384616255760193,c1ccc(CN2CCC(Oc3ncnc4c3ccn4Cc3ccccc3)CC2)cc1,True,high
STR-784BC5DAE6A780CB93EC,IC50,biochemical_binding,1,2,1,2,1,0,0,4.221848749616356,4.221848749616356,4.221848749616356,60000.0,60000.0,IC50,1,inhibitory_potency,1,biochemical_binding,1,ChEMBL;PubChem,CHEMBL3696167,Menin,2015,=,CCc1cc2c(N3CCN(c4ccccn4)CC3)ncnc2s1,CCc1cc2c(N3CCN(c4ccccn4)CC3)ncnc2s1,CCc1cc2c(N3CCN(c4ccccn4)CC3)ncnc2s1,CCc1cc2c(N3CCN(c4ccccn4)CC3)ncnc2s1,KGADSAGDWSKRGE-UHFFFAOYSA-N,KGADSAGDWSKRGE-UHFFFAOYSA-N,standardized,0.0,False,2.0,strict_exact,exact_point_estimate,low_or_inactive_>10uM,False,False,IC50,biochemical_binding,False,0.9515067135973341,0.27996173820783166,0.37704917788505554,Cc1cccc(N2CCN(CCCCCCN3CCN(c4ccccn4)CC3)CC2)c1,True,high
STR-3F04DD1A59C14A2DDA4B,IC50,biochemical_binding,1,2,1,2,1,0,0,4.200659450546418,4.200659450546418,4.200659450546418,63000.0,63000.0,IC50,1,inhibitory_potency,1,biochemical_binding,1,ChEMBL;PubChem,CHEMBL3696199,Menin,2015,=,O=C1CC(c2ccc3c(c2)OCO3)CC2=C1C(c1cccnc1)Nc1ccccc1N2,O=C1CC(c2ccc3c(c2)OCO3)CC2=C1C(c1cccnc1)Nc1ccccc1N2,O=C1CC(c2ccc3c(c2)OCO3)CC2=C1C(c1cccnc1)Nc1ccccc1N2,O=C1CC(c2ccc3c(c2)OCO3)CC2=C1C(c1cccnc1)Nc1ccccc1N2,FYFUQHWHGLQJHZ-UHFFFAOYSA-N,FYFUQHWHGLQJHZ-UHFFFAOYSA-N,standardized,0.0,False,2.0,strict_exact,exact_point_estimate,low_or_inactive_>10uM,False,False,IC50,biochemical_binding,False,0.8870655666506598,0.5087041357510016,0.2823529541492462,CN1CC(=O)N2[C@H](c3ccc4c(c3)OCO4)c3[nH]c4ccccc4c3C[C@@H]2C1=O,True,high
STR-E504CB05601073D27DA6,IC50,biochemical_binding,1,1,0,1,1,0,0,4.161150909262744,4.161150909262744,4.161150909262744,69000.0,69000.0,IC50,1,inhibitory_potency,1,biochemical_binding,1,ChEMBL,CHEMBL841,Menin,2018,=,CN(C)C(=O)C(CCN1CCC(O)(c2ccc(Cl)cc2)CC1)(c1ccccc1)c1ccccc1,CN(C)C(=O)C(CCN1CCC(O)(c2ccc(Cl)cc2)CC1)(c1ccccc1)c1ccccc1,CN(C)C(=O)C(CCN1CCC(O)(c2ccc(Cl)cc2)CC1)(c1ccccc1)c1ccccc1,CN(C)C(=O)C(CCN1CCC(O)(c2ccc(Cl)cc2)CC1)(c1ccccc1)c1ccccc1,RDOIQAHITMMDAJ-UHFFFAOYSA-N,RDOIQAHITMMDAJ-UHFFFAOYSA-N,standardized,0.0,False,2.0,strict_exact,exact_point_estimate,low_or_inactive_>10uM,False,False,IC50,biochemical_binding,True,0.9333679533315782,0.3532275105036424,0.4516128897666931,O=C(CCCN1CCC(O)(c2ccc(Cl)cc2)CC1)c1ccc(F)cc1,True,high
STR-3BD3AAFB21D6F0AE245A,IC50,biochemical_binding,1,1,0,1,1,0,0,4.152489034796752,4.152489034796752,4.152489034796752,70390.0,70390.0,IC50,1,inhibitory_potency,1,biochemical_binding,1,PubChem,156531836,Menin,2026,=,CCN(C(=O)c1cc(F)ccc1Oc1nncnc1N1CCC2(C1)CN([C@@H](CCCO)C(C)C)C2)C(C)C,CCN(C(C)C)C(=O)C1=C(C=CC(=C1)F)OC2=C(N=CN=N2)N3CCC4(C3)CN(C4)[C@@H](CCCO)C(C)C,CCN(C(=O)c1cc(F)ccc1Oc1nncnc1N1CCC2(C1)CN([C@@H](CCCO)C(C)C)C2)C(C)C,CCN(C(=O)c1cc(F)ccc1Oc1nncnc1N1CCC2(C1)CN([C@@H](CCCO)C(C)C)C2)C(C)C,FKYDKSHIPWIYBA-QHCPKHFHSA-N,FKYDKSHIPWIYBA-QHCPKHFHSA-N,standardized,0.0,False,2.0,strict_exact,exact_point_estimate,low_or_inactive_>10uM,False,False,IC50,biochemical_binding,False,0.5459328075982302,0.9939037465504752,0.6477272510528564,CCN(C(=O)c1cc(F)ccc1Oc1nncnc1N1CC2(CCN(CC3(SC)CC3)CC2)C1)C(C)C,True,medium
STR-4B176E4EC0D4BE59BE40,IC50,biochemical_binding,1,2,1,2,1,0,0,4.1487416512809245,4.1487416512809245,4.1487416512809245,71000.0,71000.0,IC50,1,inhibitory_potency,1,biochemical_binding,1,ChEMBL;PubChem,CHEMBL3696173,Menin,2015,=,Cc1c(-c2ccccc2)sc2ncnc(N3CCN(c4nccs4)CC3)c12,Cc1c(-c2ccccc2)sc2ncnc(N3CCN(c4nccs4)CC3)c12,Cc1c(-c2ccccc2)sc2ncnc(N3CCN(c4nccs4)CC3)c12,Cc1c(-c2ccccc2)sc2ncnc(N3CCN(c4nccs4)CC3)c12,RPKQZNFDISSLSN-UHFFFAOYSA-N,RPKQZNFDISSLSN-UHFFFAOYSA-N,standardized,0.0,False,2.0,strict_exact,exact_point_estimate,low_or_inactive_>10uM,False,False,IC50,biochemical_binding,False,0.9425065083040999,0.3174135943941107,0.25925925374031067,COc1ccc(NC(=O)N2CCN(c3nc(N)nc4sc(-c5ccccc5)nc34)CC2)cc1,True,high
STR-4710DC80E0B9C6B4C724,IC50,biochemical_binding,1,2,1,2,1,0,0,4.142667503568732,4.142667503568732,4.142667503568732,72000.0,72000.0,IC50,1,inhibitory_potency,1,biochemical_binding,1,ChEMBL;PubChem,CHEMBL3696203,Menin,2015,=,COc1ccc(C2CC(=O)C3=C(C2)Nc2ccccc2N(C(C)=O)C3c2cccnc2)cc1,COc1ccc(C2CC(=O)C3=C(C2)Nc2ccccc2N(C(C)=O)C3c2cccnc2)cc1,COc1ccc(C2CC(=O)C3=C(C2)Nc2ccccc2N(C(C)=O)C3c2cccnc2)cc1,COc1ccc(C2CC(=O)C3=C(C2)Nc2ccccc2N(C(C)=O)C3c2cccnc2)cc1,VQEAGRYMZHFYAX-UHFFFAOYSA-N,VQEAGRYMZHFYAX-UHFFFAOYSA-N,standardized,0.0,False,2.0,strict_exact,exact_point_estimate,low_or_inactive_>10uM,False,False,IC50,biochemical_binding,False,0.8873611829782762,0.5078244745239704,0.34117648005485535,COc1ccc(NC(=O)N2CCNC[C@@H]2COc2cccnc2)cc1,True,high
STR-54F1327250956FC1E73B,IC50,biochemical_binding,1,2,1,2,1,0,0,4.123205023799299,4.123205023799299,4.123205023799299,75300.0,75300.0,IC50,1,inhibitory_potency,1,biochemical_binding,1,ChEMBL;PubChem,CHEMBL5854424,Menin,2021,=,CS(=O)(=O)CCC(C#N)(c1ccccc1)C1CCN(CCCOc2ccc(C#N)cc2)CC1,CS(=O)(=O)CCC(C#N)(c1ccccc1)C1CCN(CCCOc2ccc(C#N)cc2)CC1,CS(=O)(=O)CCC(C#N)(c1ccccc1)C1CCN(CCCOc2ccc(C#N)cc2)CC1,CS(=O)(=O)CCC(C#N)(c1ccccc1)C1CCN(CCCOc2ccc(C#N)cc2)CC1,CVDVJOMFEXSJCM-UHFFFAOYSA-N,CVDVJOMFEXSJCM-UHFFFAOYSA-N,standardized,0.0,False,2.0,strict_exact,exact_point_estimate,low_or_inactive_>10uM,False,False,IC50,biochemical_binding,False,0.9432164187699141,0.31454234798078873,0.4769230782985687,OC(c1ccccc1)(c1ccccc1)C1CCN(CCCOc2ccc(-c3ccccc3)cc2)CC1,True,high
STR-682700030C1645FC8057,IC50,biochemical_binding,1,1,0,1,1,0,0,4.113509274827518,4.113509274827518,4.113509274827518,77000.0,77000.0,IC50,1,inhibitory_potency,1,biochemical_binding,1,ChEMBL,CHEMBL1348295,Menin,2014,=,N#Cc1ccc(OCC(O)CN2CCN(C(c3ccccc3)c3ccccc3)CC2)cc1,N#Cc1ccc(OCC(O)CN2CCN(C(c3ccccc3)c3ccccc3)CC2)cc1,N#Cc1ccc(OCC(O)CN2CCN(C(c3ccccc3)c3ccccc3)CC2)cc1,N#Cc1ccc(OCC(O)CN2CCN(C(c3ccccc3)c3ccccc3)CC2)cc1,PLIYSHLLWGTRBD-UHFFFAOYSA-N,PLIYSHLLWGTRBD-UHFFFAOYSA-N,standardized,0.0,False,2.0,strict_exact,exact_point_estimate,low_or_inactive_>10uM,False,False,IC50,biochemical_binding,False,0.9343794931781173,0.34936348301131714,0.48076921701431274,O[C@H](COc1ccc(Cl)cc1)CN1CCN(Cc2ccc(Cl)cc2)CC1,True,high
STR-9F7531856423F982C41A,IC50,biochemical_binding,1,2,1,2,1,0,0,4.096910013008056,4.096910013008056,4.096910013008056,80000.0,80000.0,IC50,1,inhibitory_potency,1,biochemical_binding,1,ChEMBL;PubChem,CHEMBL3696213,Menin,2015,=,COc1ccc(-c2csc(CC(N)=O)n2)cc1Br,COc1ccc(-c2csc(CC(N)=O)n2)cc1Br,COc1ccc(-c2csc(CC(N)=O)n2)cc1Br,COc1ccc(-c2csc(CC(N)=O)n2)cc1Br,PRRYDJJPKDVUGE-UHFFFAOYSA-N,PRRYDJJPKDVUGE-UHFFFAOYSA-N,standardized,0.0,False,2.0,strict_exact,exact_point_estimate,low_or_inactive_>10uM,False,False,IC50,biochemical_binding,False,0.8356071255528875,0.6447158890958069,0.4769230782985687,COc1ccc(-c2csc(NC(=S)NC(=O)c3cccs3)n2)cc1Br,True,high
STR-C958B9047F1B12915566,IC50,biochemical_binding,1,2,1,2,1,0,0,4.075204004202088,4.075204004202088,4.075204004202088,84100.0,84100.0,IC50,1,inhibitory_potency,1,biochemical_binding,1,ChEMBL;PubChem,CHEMBL5935780,Menin,2021,=,c1ccc(CN2CCC(CC3(C4CCCC4)NCCc4ccccc43)CC2)cc1,c1ccc(CN2CCC(CC3(C4CCCC4)NCCc4ccccc43)CC2)cc1,c1ccc(CN2CCC(CC3(C4CCCC4)NCCc4ccccc43)CC2)cc1,c1ccc(CN2CCC(CC3(C4CCCC4)NCCc4ccccc43)CC2)cc1,HIMXFNDSQFIMLO-UHFFFAOYSA-N,HIMXFNDSQFIMLO-UHFFFAOYSA-N,standardized,0.0,False,2.0,strict_exact,exact_point_estimate,low_or_inactive_>10uM,False,False,IC50,biochemical_binding,False,0.9691470838219425,0.19865132055665682,0.3285714387893677,COc1cc2c(cc1OC)C(=O)C(CC1CCN(Cc3ccccc3)CC1)C2,True,high
STR-13418EBC6BF2EEA6DE7C,IC50,biochemical_binding,1,1,0,1,1,0,0,4.069050968832477,4.069050968832477,4.069050968832477,85300.0,85300.0,IC50,1,inhibitory_potency,1,biochemical_binding,1,ChEMBL,CHEMBL2314825,Menin,2013,=,CC(=O)N[C@@H](CCCNC(=N)N)C(=O)N[C@@H](Cc1c[nH]c2ccccc12)C(=O)N[C@@H](CCCNC(=N)N)C(=O)N[C@@H](Cc1ccccc1)C(=O)N1CCC[C@H]1C(=O)N[C@@H](C)C(=O)N[C@@H](CCCNC(=N)N)C(N)=O,CC(=O)N[C@@H](CCCNC(=N)N)C(=O)N[C@@H](Cc1c[nH]c2ccccc12)C(=O)N[C@@H](CCCNC(=N)N)C(=O)N[C@@H](Cc1ccccc1)C(=O)N1CCC[C@H]1C(=O)N[C@@H](C)C(=O)N[C@@H](CCCNC(=N)N)C(N)=O,CC(=O)N[C@@H](CCCNC(=N)N)C(=O)N[C@@H](Cc1c[nH]c2ccccc12)C(=O)N[C@@H](CCCNC(=N)N)C(=O)N[C@@H](Cc1ccccc1)C(=O)N1CCC[C@H]1C(=O)N[C@@H](C)C(=O)N[C@@H](CCCNC(=N)N)C(N)=O,CC(=O)N[C@@H](CCCNC(=N)N)C(=O)N[C@@H](Cc1c[nH]c2ccccc12)C(=O)N[C@@H](CCCNC(=N)N)C(=O)N[C@@H](Cc1ccccc1)C(=O)N1CCC[C@H]1C(=O)N[C@@H](C)C(=O)N[C@@H](CCCNC(=N)N)C(N)=O,IXIMYCBJBCLDEU-XZUOCMGYSA-N,IXIMYCBJBCLDEU-XZUOCMGYSA-N,standardized,0.0,False,2.0,strict_exact,exact_point_estimate,low_or_inactive_>10uM,False,False,IC50,biochemical_binding,False,0.8827101487561853,0.5215201237329286,0.44117647409439087,CCC(C)C(NC(=O)C(Cc1ccccc1)NC(=O)C(CC(C)C)NC(=O)C(CCCNC(=N)N)NC(=O)C(NC(=O)C(C)NC(=O)C(CCC(=O)O)NC(=O)C(CCC(=O)O)NC(=O)C(CCC(=O)O)NC(=O)C(CCSC)NC(=O)C(CCC(N)=O)NC(=O)C(CCCCN)NC(=O)C(CO)NC(=O)C(CC(C)C)NC(=O)C(CC(=O)O)NC(=O)C(CO)NC(=O)C(NC(=O)C(Cc1ccccc1)NC(=O)C(NC(=O)CNC(=O)C(CCC(=O)O)NC(=O)CNC(=O)C(N)Cc1c[nH]cn1)C(C)O)C(C)O)C(C)C)C(=O)NC(CCC(=O)O)C(=O)NC(Cc1c[nH]c2ccccc12)C(=O)NC(CC(C)C)C(=O)NC(CCCCN)C(=O)NC(CC(N)=O)C(=O)NCC(=O)NCC(=O)N1CCCC1C(=O)NC(CO)C(=O)NC(CO)C(=O)NCC(=O)NC(C)C(=O)N1CCCC1C(=O)N1CCCC1C(=O)N1CCCC1C(=O)NC(CO)C(N)=O,True,high
STR-2CFC8301293C2B82E4A6,IC50,biochemical_binding,1,1,0,1,1,0,0,4.064492734175287,4.064492734175287,4.064492734175287,86200.0,86200.0,IC50,1,inhibitory_potency,1,biochemical_binding,1,PubChem,156531832,Menin,2026,=,CCN(C(=O)c1cc(F)ccc1Oc1nncnc1N1CCC2(C1)CN([C@@H](CCCNC(C)=O)C(C)C)C2)C(C)C,CCN(C(C)C)C(=O)C1=C(C=CC(=C1)F)OC2=C(N=CN=N2)N3CCC4(C3)CN(C4)[C@@H](CCCNC(=O)C)C(C)C,CCN(C(=O)c1cc(F)ccc1Oc1nncnc1N1CCC2(C1)CN([C@@H](CCCNC(C)=O)C(C)C)C2)C(C)C,CCN(C(=O)c1cc(F)ccc1Oc1nncnc1N1CCC2(C1)CN([C@@H](CCCNC(C)=O)C(C)C)C2)C(C)C,MJKJCKNSGHMGKB-VWLOTQADSA-N,MJKJCKNSGHMGKB-VWLOTQADSA-N,standardized,0.0,False,2.0,strict_exact,exact_point_estimate,low_or_inactive_>10uM,False,False,IC50,biochemical_binding,False,0.6567006132101875,0.9279410523002249,0.6129032373428345,CCN(C(=O)c1cc(F)ccc1Oc1nncnc1N1CC2(CCN(CC3(SC)CC3)CC2)C1)C(C)C,True,medium
STR-72BF5FE38870FA3B6280,IC50,biochemical_binding,1,1,0,1,1,0,0,4.051391450123564,4.051391450123564,4.051391450123564,88840.0,88840.0,IC50,1,inhibitory_potency,1,biochemical_binding,1,PubChem,156531778,Menin,2026,=,CCN(C(=O)c1cc(F)ccc1Oc1nncnc1N1CCC2(C1)CN([C@@H](CCO)C(C)C)C2)C(C)C,CCN(C(C)C)C(=O)C1=C(C=CC(=C1)F)OC2=C(N=CN=N2)N3CCC4(C3)CN(C4)[C@@H](CCO)C(C)C,CCN(C(=O)c1cc(F)ccc1Oc1nncnc1N1CCC2(C1)CN([C@@H](CCO)C(C)C)C2)C(C)C,CCN(C(=O)c1cc(F)ccc1Oc1nncnc1N1CCC2(C1)CN([C@@H](CCO)C(C)C)C2)C(C)C,TZVOKEYLSRSBPK-QFIPXVFZSA-N,TZVOKEYLSRSBPK-QFIPXVFZSA-N,standardized,0.0,False,2.0,strict_exact,exact_point_estimate,low_or_inactive_>10uM,False,False,IC50,biochemical_binding,False,0.5133735944108221,0.9994838776981556,0.6705882549285889,CCN(C(=O)c1cc(F)ccc1Oc1nncnc1N1CC2(CCN(CC3(SC)CC3)CC2)C1)C(C)C,True,medium
STR-6A535B2D5967814ADC06,IC50,biochemical_binding,1,2,1,2,1,0,0,4.0,4.0,4.0,100000.0,100000.0,IC50,1,inhibitory_potency,1,biochemical_binding,1,ChEMBL;PubChem,CHEMBL3696200,Menin,2015,=,COc1ccc(C2CC(=O)C3=C(C2)Nc2ccccc2NC3c2cccnc2)cc1OC,COc1ccc(C2CC(=O)C3=C(C2)Nc2ccccc2NC3c2cccnc2)cc1OC,COc1ccc(C2CC(=O)C3=C(C2)Nc2ccccc2NC3c2cccnc2)cc1OC,COc1ccc(C2CC(=O)C3=C(C2)Nc2ccccc2NC3c2cccnc2)cc1OC,BMGCNEXJQXCUPY-UHFFFAOYSA-N,BMGCNEXJQXCUPY-UHFFFAOYSA-N,standardized,0.0,False,2.0,strict_exact,exact_point_estimate,low_or_inactive_>10uM,False,False,IC50,biochemical_binding,False,0.8932175335541637,0.4901339646583538,0.2716049253940582,COc1ccc(C2CCN(CCC3CCOc4ccccc43)CC2)cc1OC,True,high
STR-90F148C381A6FE28921A,IC50,biochemical_binding,1,2,1,2,1,0,0,4.0,4.0,4.0,100000.0,100000.0,IC50,1,inhibitory_potency,1,biochemical_binding,1,ChEMBL;PubChem,CHEMBL3696202,Menin,2015,=,CC(=O)N1c2ccccc2NC2=C(C(=O)CC(c3ccc(C)cc3)C2)C1c1cccnc1,CC(=O)N1c2ccccc2NC2=C(C(=O)CC(c3ccc(C)cc3)C2)C1c1cccnc1,CC(=O)N1c2ccccc2NC2=C(C(=O)CC(c3ccc(C)cc3)C2)C1c1cccnc1,CC(=O)N1c2ccccc2NC2=C(C(=O)CC(c3ccc(C)cc3)C2)C1c1cccnc1,ONYKRRVUHYDZCK-UHFFFAOYSA-N,ONYKRRVUHYDZCK-UHFFFAOYSA-N,standardized,0.0,False,2.0,strict_exact,exact_point_estimate,low_or_inactive_>10uM,False,False,IC50,biochemical_binding,False,0.869146035252002,0.5597755440431054,0.2526315748691559,CC(C)[C@]1(C(=O)NCc2cc(C(F)(F)F)cc(C(F)(F)F)c2)CC[C@@H](N2CCC(c3cccnc3)CC2)C1,True,high
STR-D4B27E39EABBED1674BA,IC50,biochemical_binding,1,1,0,1,1,0,0,3.9706162223147903,3.9706162223147903,3.9706162223147903,107000.0,107000.0,IC50,1,inhibitory_potency,1,biochemical_binding,1,PubChem,9421974,Menin,2023,=,O=C(Cc1nc(-c2ccc(F)cc2)cs1)N1CCOCC1,C1COCCN1C(=O)CC2=NC(=CS2)C3=CC=C(C=C3)F,O=C(Cc1nc(-c2ccc(F)cc2)cs1)N1CCOCC1,O=C(Cc1nc(-c2ccc(F)cc2)cs1)N1CCOCC1,ZKWUQGZSNAAKQO-UHFFFAOYSA-N,ZKWUQGZSNAAKQO-UHFFFAOYSA-N,standardized,0.0,False,2.0,strict_exact,exact_point_estimate,low_or_inactive_>10uM,False,False,IC50,biochemical_binding,False,0.7402781101277102,0.826326410463925,0.3787878751754761,Cc1ccc2nc(-c3ccc(F)cc3)c(CC(=O)N3CCSCC3)n2n1,True,high
STR-DFFE7919620276588DCE,IC50,biochemical_binding,1,1,0,1,1,0,0,3.9531148091622903,3.9531148091622903,3.9531148091622903,111400.0,111400.0,IC50,1,inhibitory_potency,1,biochemical_binding,1,PubChem,138618448,Menin,2023,=,CC(=O)N1CCC[C@H]1C(C#N)(c1ccccc1)C1CCN(CCCOc2ccc(C#N)cc2)CC1,CC(=O)N1CCC[C@H]1C(C#N)(C2CCN(CC2)CCCOC3=CC=C(C=C3)C#N)C4=CC=CC=C4,CC(=O)N1CCC[C@H]1C(C#N)(c1ccccc1)C1CCN(CCCOc2ccc(C#N)cc2)CC1,CC(=O)N1CCC[C@H]1C(C#N)(c1ccccc1)C1CCN(CCCOc2ccc(C#N)cc2)CC1,LLWPWJSOOSUKCR-XLTVJXRZSA-N,LLWPWJSOOSUKCR-XLTVJXRZSA-N,standardized,0.0,False,2.0,strict_exact,exact_point_estimate,low_or_inactive_>10uM,False,False,IC50,biochemical_binding,False,0.9261164086990269,0.3802521119677666,0.47058823704719543,OC(c1ccccc1)(c1ccccc1)C1CCN(CCCOc2ccc(-c3ccccc3)cc2)CC1,True,high
STR-C948DFA16530F4445B5E,IC50,biochemical_binding,1,1,0,1,1,0,0,3.939302159646388,3.939302159646388,3.939302159646388,115000.0,115000.0,IC50,1,inhibitory_potency,1,biochemical_binding,1,PubChem,2894865,Menin,2023,=,COc1ccc(C2CC(=O)C3=C(C2)Nc2ccccc2NC3c2ccccc2C)cc1OC,CC1=CC=CC=C1C2C3=C(CC(CC3=O)C4=CC(=C(C=C4)OC)OC)NC5=CC=CC=C5N2,COc1ccc(C2CC(=O)C3=C(C2)Nc2ccccc2NC3c2ccccc2C)cc1OC,COc1ccc(C2CC(=O)C3=C(C2)Nc2ccccc2NC3c2ccccc2C)cc1OC,BXJTUGWLCUHXTK-UHFFFAOYSA-N,BXJTUGWLCUHXTK-UHFFFAOYSA-N,standardized,0.0,False,2.0,strict_exact,exact_point_estimate,low_or_inactive_>10uM,False,False,IC50,biochemical_binding,False,0.9284835823046153,0.3715573125599999,0.31578946113586426,COc1ccc(C2CCN(CCC3CCOc4ccccc43)CC2)cc1OC,True,high
STR-0298F7259BA97653A4EC,IC50,biochemical_binding,1,1,0,1,1,0,0,3.9229956732066498,3.9229956732066498,3.9229956732066498,119400.0,119400.0,IC50,1,inhibitory_potency,1,biochemical_binding,1,PubChem,132104438,Menin,2023,=,CO[C@H]1CCC[C@@H]1C1(C2CCN(CCCOc3ccc(C(=O)O)cc3)CC2)CNCc2ccccc21,CO[C@H]1CCC[C@@H]1C2(CNCC3=CC=CC=C32)C4CCN(CC4)CCCOC5=CC=C(C=C5)C(=O)O,CO[C@H]1CCC[C@@H]1C1(C2CCN(CCCOc3ccc(C(=O)O)cc3)CC2)CNCc2ccccc21,CO[C@H]1CCC[C@@H]1C1(C2CCN(CCCOc3ccc(C(=O)O)cc3)CC2)CNCc2ccccc21,YBJXBORFFTXBGD-SRBHEWTHSA-N,YBJXBORFFTXBGD-SRBHEWTHSA-N,standardized,0.0,False,2.0,strict_exact,exact_point_estimate,low_or_inactive_>10uM,False,False,IC50,biochemical_binding,False,0.8465493358441367,0.6184086475009866,0.350649356842041,COc1ccccc1-c1ccc(OCCCN2CCCCC2)cc1,True,high
STR-6D0825CC395144966D8D,IC50,biochemical_binding,1,1,0,1,1,0,0,3.913640169325251,3.913640169325251,3.913640169325251,122000.0,122000.0,IC50,1,inhibitory_potency,1,biochemical_binding,1,PubChem,17473072,Menin,2023,=,Cc1ccccc1NC(=O)Cc1nc(-c2ccc(F)cc2)cs1,CC1=CC=CC=C1NC(=O)CC2=NC(=CS2)C3=CC=C(C=C3)F,Cc1ccccc1NC(=O)Cc1nc(-c2ccc(F)cc2)cs1,Cc1ccccc1NC(=O)Cc1nc(-c2ccc(F)cc2)cs1,UKEVYWZXESQHLG-UHFFFAOYSA-N,UKEVYWZXESQHLG-UHFFFAOYSA-N,standardized,0.0,False,2.0,strict_exact,exact_point_estimate,low_or_inactive_>10uM,False,False,IC50,biochemical_binding,False,0.7943289693353064,0.7331261750109062,0.3731343150138855,Cc1ccc2nc(-c3ccc(F)cc3)c(CC(=O)Nc3ccccc3)n2c1,True,high
STR-8C145BCDAF9049DB2CD5,IC50,biochemical_binding,1,1,0,1,1,0,0,3.903089986991944,3.903089986991944,3.903089986991944,125000.0,125000.0,IC50,1,inhibitory_potency,1,biochemical_binding,1,PubChem,24574432,Menin,2023,=,Fc1ccc(-c2csc3ncnc(N4CCN(c5nccs5)CC4)c23)cc1,C1CN(CCN1C2=C3C(=CSC3=NC=N2)C4=CC=C(C=C4)F)C5=NC=CS5,Fc1ccc(-c2csc3ncnc(N4CCN(c5nccs5)CC4)c23)cc1,Fc1ccc(-c2csc3ncnc(N4CCN(c5nccs5)CC4)c23)cc1,PWWCETJFNDFBPM-UHFFFAOYSA-N,PWWCETJFNDFBPM-UHFFFAOYSA-N,standardized,0.0,False,2.0,strict_exact,exact_point_estimate,low_or_inactive_>10uM,False,False,IC50,biochemical_binding,False,0.9497092457681859,0.28763077855090036,0.2530120611190796,Fc1ccc(-c2nc(N3CCOCC3)sc2-c2ccnc(Nc3ccc(N4CCNCC4)cc3)n2)cc1,True,high
STR-BB6E6551F03D8DF53FBE,IC50,biochemical_binding,1,1,0,1,1,0,0,3.8632794328435938,3.8632794328435938,3.8632794328435938,137000.0,137000.0,IC50,1,inhibitory_potency,1,biochemical_binding,1,PubChem,16372163,Menin,2023,=,NC(=O)Cc1nc(-c2cccc(Cl)c2)cs1,C1=CC(=CC(=C1)Cl)C2=CSC(=N2)CC(=O)N,NC(=O)Cc1nc(-c2cccc(Cl)c2)cs1,NC(=O)Cc1nc(-c2cccc(Cl)c2)cs1,CVMYBEQTEZYBPG-UHFFFAOYSA-N,CVMYBEQTEZYBPG-UHFFFAOYSA-N,standardized,0.0,False,2.0,strict_exact,exact_point_estimate,low_or_inactive_>10uM,False,False,IC50,biochemical_binding,False,0.8583445133630638,0.5885580158723497,0.296875,O[C@H]1CC[C@H](Nc2ccc3ncc(-c4cccc(Cl)c4)n3n2)CC1,True,high
STR-DE57A0D88EA762894E60,IC50,biochemical_binding,1,1,0,1,1,0,0,3.8535618647142256,3.8535618647142256,3.8535618647142256,140100.0,140100.0,IC50,1,inhibitory_potency,1,biochemical_binding,1,PubChem,138618456,Menin,2023,=,CO[C@H]1CCC[C@H]1C(C#N)(c1ccccc1)C1CCN(CCCOc2ccc(C#N)cc2)CC1,CO[C@H]1CCC[C@H]1C(C#N)(C2CCN(CC2)CCCOC3=CC=C(C=C3)C#N)C4=CC=CC=C4,CO[C@H]1CCC[C@H]1C(C#N)(c1ccccc1)C1CCN(CCCOc2ccc(C#N)cc2)CC1,CO[C@H]1CCC[C@H]1C(C#N)(c1ccccc1)C1CCN(CCCOc2ccc(C#N)cc2)CC1,GTILRIPAVDNTIG-PEIRWHMSSA-N,GTILRIPAVDNTIG-PEIRWHMSSA-N,standardized,0.0,False,2.0,strict_exact,exact_point_estimate,low_or_inactive_>10uM,False,False,IC50,biochemical_binding,False,0.9613523708310054,0.23605688588468743,0.4769230782985687,OC(c1ccccc1)(c1ccccc1)C1CCN(CCCOc2ccc(-c3ccccc3)cc2)CC1,True,high
STR-8FD0357B1C250F490F7A,IC50,biochemical_binding,1,1,0,1,1,0,0,3.846490010699162,3.846490010699162,3.846490010699162,142400.0,142400.0,IC50,1,inhibitory_potency,1,biochemical_binding,1,PubChem,132104375,Menin,2023,=,CN1CCC(C2(C3CCCC3)NCCc3ccccc32)CC1,CN1CCC(CC1)C2(C3=CC=CC=C3CCN2)C4CCCC4,CN1CCC(C2(C3CCCC3)NCCc3ccccc32)CC1,CN1CCC(C2(C3CCCC3)NCCc3ccccc32)CC1,ZWNXTDOELFAFON-UHFFFAOYSA-N,ZWNXTDOELFAFON-UHFFFAOYSA-N,standardized,0.0,False,2.0,strict_exact,exact_point_estimate,low_or_inactive_>10uM,False,False,IC50,biochemical_binding,False,0.9545599360434717,0.26670137698006124,0.2769230902194977,Oc1cccc2c1CNC(CN1CCC3(CCc4ccccc43)CC1)C2,True,high
STR-A723964BC2F481BF1509,IC50,biochemical_binding,1,1,0,1,1,0,0,3.783570169123749,3.783570169123749,3.783570169123749,164600.0,164600.0,IC50,1,inhibitory_potency,1,biochemical_binding,1,PubChem,132104394,Menin,2023,=,CC(C)C(=O)O[C@@H]1CCC[C@H]1C(C#N)(c1ccccc1)C1CCN(CC2CN(c3ccc(S(=O)(=O)c4ccncc4)cc3)C2)CC1,CC(C)C(=O)O[C@@H]1CCC[C@H]1C(C#N)(C2CCN(CC2)CC3CN(C3)C4=CC=C(C=C4)S(=O)(=O)C5=CC=NC=C5)C6=CC=CC=C6,CC(C)C(=O)O[C@@H]1CCC[C@H]1C(C#N)(c1ccccc1)C1CCN(CC2CN(c3ccc(S(=O)(=O)c4ccncc4)cc3)C2)CC1,CC(C)C(=O)O[C@@H]1CCC[C@H]1C(C#N)(c1ccccc1)C1CCN(CC2CN(c3ccc(S(=O)(=O)c4ccncc4)cc3)C2)CC1,ATMCISWSCCZRKA-ANOPSCNCSA-N,ATMCISWSCCZRKA-ANOPSCNCSA-N,standardized,0.0,False,2.0,strict_exact,exact_point_estimate,low_or_inactive_>10uM,False,False,IC50,biochemical_binding,False,0.8837238045714982,0.5185613214162412,0.25999999046325684,CCOC(=O)N1[C@@H]2CC[C@H]1C[C@H](CN1CC[C@H](N3C(=O)Cc4ccccc43)C1)C2,True,high
STR-5DB466958DBD29E03FB2,IC50,biochemical_binding,1,1,0,1,1,0,0,3.7644715530924513,3.7644715530924513,3.7644715530924513,172000.0,172000.0,IC50,1,inhibitory_potency,1,biochemical_binding,1,PubChem,132104160,Menin,2023,=,CN1CCC(C2(C3C=CCCN3)CN(C)Cc3ccccc32)CC1,CN1CCC(CC1)C2(CN(CC3=CC=CC=C32)C)C4C=CCCN4,CN1CCC(C2(C3C=CCCN3)CN(C)Cc3ccccc32)CC1,CN1CCC(C2(C3C=CCCN3)CN(C)Cc3ccccc32)CC1,PIWZTQSKBWYPHL-UHFFFAOYSA-N,PIWZTQSKBWYPHL-UHFFFAOYSA-N,standardized,0.0,False,2.0,strict_exact,exact_point_estimate,low_or_inactive_>10uM,False,False,IC50,biochemical_binding,False,0.8756466948094329,0.5417461790587238,0.21917808055877686,CC(=O)N1Cc2ccccc2CC1CN1CCC2(CCc3ccccc32)CC1,False,high
STR-345899C1E6A28DAE7335,IC50,biochemical_binding,1,1,0,1,1,0,0,3.743522793758323,3.743522793758323,3.743522793758323,180500.0,180500.0,IC50,1,inhibitory_potency,1,biochemical_binding,1,PubChem,132104801,Menin,2023,=,N#Cc1ccc(OCCCN2CCC(C(C#N)(Cc3ccncc3)c3ccccc3)CC2)cc1,C1CN(CCC1C(CC2=CC=NC=C2)(C#N)C3=CC=CC=C3)CCCOC4=CC=C(C=C4)C#N,N#Cc1ccc(OCCCN2CCC(C(C#N)(Cc3ccncc3)c3ccccc3)CC2)cc1,N#Cc1ccc(OCCCN2CCC(C(C#N)(Cc3ccncc3)c3ccccc3)CC2)cc1,DARBMERHBCMXFD-UHFFFAOYSA-N,DARBMERHBCMXFD-UHFFFAOYSA-N,standardized,0.0,False,2.0,strict_exact,exact_point_estimate,low_or_inactive_>10uM,False,False,IC50,biochemical_binding,False,0.9548031564217792,0.2656319732756323,0.484375,OC(c1ccccc1)(c1ccccc1)C1CCN(CCCOc2ccc(-c3ccccc3)cc2)CC1,True,high
STR-1A86078F0EC509427701,IC50,biochemical_binding,1,1,0,1,1,0,0,3.721246399047171,3.721246399047171,3.721246399047171,190000.0,190000.0,IC50,1,inhibitory_potency,1,biochemical_binding,1,PubChem,132090393,Menin,2023,=,c1ccc(CN2CCC(C3(C4CCCC4)NCCc4ccccc43)CC2)cc1,C1CCC(C1)C2(C3=CC=CC=C3CCN2)C4CCN(CC4)CC5=CC=CC=C5,c1ccc(CN2CCC(C3(C4CCCC4)NCCc4ccccc43)CC2)cc1,c1ccc(CN2CCC(C3(C4CCCC4)NCCc4ccccc43)CC2)cc1,KPDOPSNYKNQJKW-UHFFFAOYSA-N,KPDOPSNYKNQJKW-UHFFFAOYSA-N,standardized,0.0,False,2.0,strict_exact,exact_point_estimate,low_or_inactive_>10uM,False,False,IC50,biochemical_binding,False,0.9694199127186615,0.19729267695722924,0.33898305892944336,c1ccc(Cc2cn(C3CCN(Cc4ccccc4)CC3)nn2)cc1,True,high
STR-7D5339DF90BF6BBC7650,IC50,biochemical_binding,2,2,0,1,2,0,0,3.668621084159213,3.6989700043360183,3.638272163982407,215000.0,200000.0,IC50,1,inhibitory_potency,1,biochemical_binding,1,PubChem,737186,Menin,2023,=,NC(=O)Cc1nc(-c2ccc(F)cc2)cs1,C1=CC(=CC=C1C2=CSC(=N2)CC(=O)N)F,NC(=O)Cc1nc(-c2ccc(F)cc2)cs1,NC(=O)Cc1nc(-c2ccc(F)cc2)cs1,GXDBXDJTVFKURZ-UHFFFAOYSA-N,GXDBXDJTVFKURZ-UHFFFAOYSA-N,standardized,0.0606978403536118,False,2.0,strict_exact,exact_point_estimate,low_or_inactive_>10uM,False,False,IC50,biochemical_binding,False,0.7364116358606084,0.8321131297023294,0.31147539615631104,CN(C)C(=O)C(C)(C)c1ccc2c(-c3ccc(F)cc3)cc(C(N)=O)nc2c1,True,high
STR-E8E0B83CF4A1DDD8AEEB,IC50,biochemical_binding,1,1,0,1,1,0,0,3.638272163982407,3.638272163982407,3.638272163982407,230000.0,230000.0,IC50,1,inhibitory_potency,1,biochemical_binding,1,PubChem,3138788,Menin,2023,=,O=C1CC(c2ccc3c(c2)OCO3)CC2=C1C(c1ccncc1)Nc1ccccc1N2,C1C(CC(=O)C2=C1NC3=CC=CC=C3NC2C4=CC=NC=C4)C5=CC6=C(C=C5)OCO6,O=C1CC(c2ccc3c(c2)OCO3)CC2=C1C(c1ccncc1)Nc1ccccc1N2,O=C1CC(c2ccc3c(c2)OCO3)CC2=C1C(c1ccncc1)Nc1ccccc1N2,MJWAXLKABQMJOB-UHFFFAOYSA-N,MJWAXLKABQMJOB-UHFFFAOYSA-N,standardized,0.0,False,2.0,strict_exact,exact_point_estimate,low_or_inactive_>10uM,False,False,IC50,biochemical_binding,False,0.9060756246408898,0.4494349644778562,0.2926829159259796,CN1CC(=O)N2[C@H](c3ccc4c(c3)OCO4)c3[nH]c4ccccc4c3C[C@@H]2C1=O,True,high
STR-4B497AB49DA0E85C14C0,IC50,biochemical_binding,2,2,0,1,2,0,0,3.612741517135725,3.769551078621726,3.4559319556497243,260000.0,170000.0,IC50,1,inhibitory_potency,1,biochemical_binding,1,PubChem,762810,Menin,2023,=,CCc1cc2c(N3CCN(C)CC3)ncnc2s1,CCC1=CC2=C(N=CN=C2S1)N3CCN(CC3)C,CCc1cc2c(N3CCN(C)CC3)ncnc2s1,CCc1cc2c(N3CCN(C)CC3)ncnc2s1,ZAYUCMVNISSUTM-UHFFFAOYSA-N,ZAYUCMVNISSUTM-UHFFFAOYSA-N,standardized,0.3136191229720015,False,2.0,strict_exact,exact_point_estimate,low_or_inactive_>10uM,False,False,IC50,biochemical_binding,False,0.9288077292949259,0.3703573021612908,0.2857142984867096,CN1CCCN(c2nccc3[nH]c(-c4cc(F)cc(F)c4)nc23)CC1,True,high
STR-73FF471D050BDA8F68BB,IC50,biochemical_binding,1,1,0,1,1,0,0,3.6020599913279625,3.6020599913279625,3.6020599913279625,250000.0,250000.0,IC50,1,inhibitory_potency,1,biochemical_binding,1,PubChem,830961,Menin,2023,=,CCc1cc2c(N3CCN(c4ncccn4)CC3)ncnc2s1,CCC1=CC2=C(N=CN=C2S1)N3CCN(CC3)C4=NC=CC=N4,CCc1cc2c(N3CCN(c4ncccn4)CC3)ncnc2s1,CCc1cc2c(N3CCN(c4ncccn4)CC3)ncnc2s1,HSOAGWHNYSIYIJ-UHFFFAOYSA-N,HSOAGWHNYSIYIJ-UHFFFAOYSA-N,standardized,0.0,False,2.0,strict_exact,exact_point_estimate,low_or_inactive_>10uM,False,False,IC50,biochemical_binding,False,0.9062385433791887,0.4489019853404759,0.23880596458911896,O=C([C@@H]1C[C@H](N2CCN(c3ncccn3)CC2)CN1)N1C[C@@H](F)[C@@H](F)C1,False,high
STR-FFDAE7251C4FD9100A8F,IC50,biochemical_binding,1,1,0,1,1,0,0,3.6020599913279625,3.6020599913279625,3.6020599913279625,250000.0,250000.0,IC50,1,inhibitory_potency,1,biochemical_binding,1,PubChem,42957414,Menin,2023,=,Cc1csc(N2CCN(c3nc(CN4CCOCC4)nc4sc5c(c34)CCC(C)C5)CC2)n1,CC1CCC2=C(C1)SC3=NC(=NC(=C23)N4CCN(CC4)C5=NC(=CS5)C)CN6CCOCC6,Cc1csc(N2CCN(c3nc(CN4CCOCC4)nc4sc5c(c34)CCC(C)C5)CC2)n1,Cc1csc(N2CCN(c3nc(CN4CCOCC4)nc4sc5c(c34)CCC(C)C5)CC2)n1,SVFXTPMOKNXMBF-UHFFFAOYSA-N,SVFXTPMOKNXMBF-UHFFFAOYSA-N,standardized,0.0,False,2.0,strict_exact,exact_point_estimate,low_or_inactive_>10uM,False,False,IC50,biochemical_binding,False,0.9082362624781334,0.44232970407548466,0.24468085169792175,Cc1nc(N2CCOCC2)sc1-c1ccc2cc(CCN3CCC[C@H]3C)ccc2n1,True,high
STR-1A6476E5CBA3E8CA3747,IC50,biochemical_binding,1,1,0,1,1,0,0,3.531800413927387,3.531800413927387,3.531800413927387,293900.0,293900.0,IC50,1,inhibitory_potency,1,biochemical_binding,1,PubChem,138618552,Menin,2023,=,CC(COc1ccc(C#N)cc1)CN1CCC(C(C#N)(c2ccccc2)C2CCCC2)CC1,CC(CN1CCC(CC1)C(C#N)(C2CCCC2)C3=CC=CC=C3)COC4=CC=C(C=C4)C#N,CC(COc1ccc(C#N)cc1)CN1CCC(C(C#N)(c2ccccc2)C2CCCC2)CC1,CC(COc1ccc(C#N)cc1)CN1CCC(C(C#N)(c2ccccc2)C2CCCC2)CC1,DPLSHLRQENQXPM-UHFFFAOYSA-N,DPLSHLRQENQXPM-UHFFFAOYSA-N,standardized,0.0,False,2.0,strict_exact,exact_point_estimate,low_or_inactive_>10uM,False,False,IC50,biochemical_binding,False,0.9439893965382907,0.31140058105679375,0.35820895433425903,OC(c1ccccc1)(c1ccccc1)C1CCN(CCCOc2ccc(-c3ccccc3)cc2)CC1,True,high
STR-146E181369D6F6CAEBB4,IC50,biochemical_binding,1,1,0,1,1,0,0,3.5247647773958715,3.5247647773958715,3.5247647773958715,298700.0,298700.0,IC50,1,inhibitory_potency,1,biochemical_binding,1,PubChem,132104587,Menin,2023,=,c1ccc2c(c1)CCNC2(CC1CCNCC1)C1CCCC1,C1CCC(C1)C2(C3=CC=CC=C3CCN2)CC4CCNCC4,c1ccc2c(c1)CCNC2(CC1CCNCC1)C1CCCC1,c1ccc2c(c1)CCNC2(CC1CCNCC1)C1CCCC1,GVKRXKPXJFHFQP-UHFFFAOYSA-N,GVKRXKPXJFHFQP-UHFFFAOYSA-N,standardized,0.0,False,2.0,strict_exact,exact_point_estimate,low_or_inactive_>10uM,False,False,IC50,biochemical_binding,False,0.9530681139354898,0.27321801971440884,0.30188679695129395,c1ccc2cc(OCC3CCNCC3)ccc2c1,True,high
STR-5255CAA0D8BB98E85D76,IC50,biochemical_binding,1,1,0,1,1,0,0,3.42021640338319,3.42021640338319,3.42021640338319,380000.0,380000.0,IC50,1,inhibitory_potency,1,biochemical_binding,1,PubChem,2774349,Menin,2023,=,Cc1nn(-c2ccccc2)nc1C(N)=O,CC1=NN(N=C1C(=O)N)C2=CC=CC=C2,Cc1nn(-c2ccccc2)nc1C(N)=O,Cc1nn(-c2ccccc2)nc1C(N)=O,IHPOVUXVIZRYAC-UHFFFAOYSA-N,IHPOVUXVIZRYAC-UHFFFAOYSA-N,standardized,0.0,False,2.0,strict_exact,exact_point_estimate,low_or_inactive_>10uM,False,False,IC50,biochemical_binding,False,0.7971005363427255,0.7276892566953478,0.3870967626571655,Cc1nn(-c2ccccc2)nc1C(=O)N[C@@H]1COc2cccc(-c3ccncc3)c2C1,True,high
STR-D41A5C57D5FA03036814,IC50,biochemical_binding,1,1,0,1,1,0,0,3.314079207805465,3.314079207805465,3.314079207805465,485200.0,485200.0,IC50,1,inhibitory_potency,1,biochemical_binding,1,PubChem,132104440,Menin,2023,=,CO[C@@H]1CCC[C@H]1C1(C2CCN(CCCOc3ccc(C(=O)O)cc3)CC2)CNCc2ccccc21,CO[C@@H]1CCC[C@H]1C2(CNCC3=CC=CC=C32)C4CCN(CC4)CCCOC5=CC=C(C=C5)C(=O)O,CO[C@@H]1CCC[C@H]1C1(C2CCN(CCCOc3ccc(C(=O)O)cc3)CC2)CNCc2ccccc21,CO[C@@H]1CCC[C@H]1C1(C2CCN(CCCOc3ccc(C(=O)O)cc3)CC2)CNCc2ccccc21,YBJXBORFFTXBGD-QWKOWPTQSA-N,YBJXBORFFTXBGD-QWKOWPTQSA-N,standardized,0.0,False,2.0,strict_exact,exact_point_estimate,low_or_inactive_>10uM,False,False,IC50,biochemical_binding,False,0.8465493358441367,0.6184086475009866,0.350649356842041,COc1ccccc1-c1ccc(OCCCN2CCCCC2)cc1,True,high
STR-DE59B5A419C718336B67,IC50,biochemical_binding,1,1,0,1,1,0,0,3.3010299956639813,3.3010299956639813,3.3010299956639813,500000.0,500000.0,IC50,1,inhibitory_potency,1,biochemical_binding,1,PubChem,2142791,Menin,2023,=,CN1CCN(c2ncnc3oc(-c4ccccc4)c(-c4ccccc4)c23)CC1,CN1CCN(CC1)C2=C3C(=C(OC3=NC=N2)C4=CC=CC=C4)C5=CC=CC=C5,CN1CCN(c2ncnc3oc(-c4ccccc4)c(-c4ccccc4)c23)CC1,CN1CCN(c2ncnc3oc(-c4ccccc4)c(-c4ccccc4)c23)CC1,OLPKXXCSCHAUBL-UHFFFAOYSA-N,OLPKXXCSCHAUBL-UHFFFAOYSA-N,standardized,0.0,False,2.0,strict_exact,exact_point_estimate,low_or_inactive_>10uM,False,False,IC50,biochemical_binding,False,0.9335042116806705,0.35270840172446305,0.2800000011920929,CCCC(=O)C1CCN(c2ncnc3c2CN(C(=O)c2ccc(-c4ccccc4)cc2)CC3)CC1,True,high
STR-F13F9B9A1C2D18490852,IC50,biochemical_binding,1,1,0,1,1,0,0,3.2924298239020633,3.2924298239020633,3.2924298239020633,510000.0,510000.0,IC50,1,inhibitory_potency,1,biochemical_binding,1,PubChem,2795556,Menin,2023,=,OCc1ccc(-c2ccncc2)cc1,C1=CC(=CC=C1CO)C2=CC=NC=C2,OCc1ccc(-c2ccncc2)cc1,OCc1ccc(-c2ccncc2)cc1,JTQRRRUVWBLIFL-UHFFFAOYSA-N,JTQRRRUVWBLIFL-UHFFFAOYSA-N,standardized,0.0,False,2.0,strict_exact,exact_point_estimate,low_or_inactive_>10uM,False,False,IC50,biochemical_binding,False,0.8765524617025142,0.539190180149163,0.3095238208770752,c1ccc(Cn2cc(-c3ccncc3)c3ccncc32)cc1,True,high
STR-4E85A23F835ECEAE6207,IC50,biochemical_binding,1,1,0,1,1,0,0,3.267606240177032,3.267606240177032,3.267606240177032,540000.0,540000.0,IC50,1,inhibitory_potency,1,biochemical_binding,1,PubChem,4304615,Menin,2023,=,c1nc(N2CCNCC2)c2c3c(sc2n1)CCCC3,C1CCC2=C(C1)C3=C(N=CN=C3S2)N4CCNCC4,c1nc(N2CCNCC2)c2c3c(sc2n1)CCCC3,c1nc(N2CCNCC2)c2c3c(sc2n1)CCCC3,BSHUTAUVQRSTAN-UHFFFAOYSA-N,BSHUTAUVQRSTAN-UHFFFAOYSA-N,standardized,0.0,False,2.0,strict_exact,exact_point_estimate,low_or_inactive_>10uM,False,False,IC50,biochemical_binding,False,0.9131965102666519,0.42570931097317105,0.3125,O=c1c2c3c(sc2ncn1Cc1ccc(F)cc1)CNCC3,True,high
STR-787A0E4100519807DE55,IC50,biochemical_binding,1,1,0,1,1,0,0,3.2400301424456925,3.2400301424456925,3.2400301424456925,575400.0,575400.0,IC50,1,inhibitory_potency,1,biochemical_binding,1,PubChem,132104289,Menin,2023,=,N#Cc1ccc(N2CC(CN3CCC(C4(C5CCCC5)NCCc5ccccc54)CC3)C2)nc1,C1CCC(C1)C2(C3=CC=CC=C3CCN2)C4CCN(CC4)CC5CN(C5)C6=NC=C(C=C6)C#N,N#Cc1ccc(N2CC(CN3CCC(C4(C5CCCC5)NCCc5ccccc54)CC3)C2)nc1,N#Cc1ccc(N2CC(CN3CCC(C4(C5CCCC5)NCCc5ccccc54)CC3)C2)nc1,YQLGLXRCPMUEIU-UHFFFAOYSA-N,YQLGLXRCPMUEIU-UHFFFAOYSA-N,standardized,0.0,False,2.0,strict_exact,exact_point_estimate,low_or_inactive_>10uM,False,False,IC50,biochemical_binding,False,0.9627326614816077,0.2296195915806089,0.3076923191547394,N#Cc1ccc(N2CCC(Nc3cc(Nc4ccccn4)ncc3C(N)=O)CC2)nc1,True,high
STR-D9F5F3A7160FCDC4FC6B,IC50,biochemical_binding,1,1,0,1,1,0,0,3.214812579970638,3.214812579970638,3.214812579970638,609800.0,609800.0,IC50,1,inhibitory_potency,1,biochemical_binding,1,PubChem,132104377,Menin,2023,=,c1ccc2c(c1)CCNC2(C1CCCC1)C1CCNCC1,C1CCC(C1)C2(C3=CC=CC=C3CCN2)C4CCNCC4,c1ccc2c(c1)CCNC2(C1CCCC1)C1CCNCC1,c1ccc2c(c1)CCNC2(C1CCCC1)C1CCNCC1,HPOVPIFHCOFHIW-UHFFFAOYSA-N,HPOVPIFHCOFHIW-UHFFFAOYSA-N,standardized,0.0,False,2.0,strict_exact,exact_point_estimate,low_or_inactive_>10uM,False,False,IC50,biochemical_binding,False,0.943038456343571,0.3152633891959874,0.2549019753932953,c1ccc2cc(OCC3CCNCC3)ccc2c1,True,high
STR-380D6B8618081351E103,IC50,biochemical_binding,1,1,0,1,1,0,0,3.0809219076239263,3.0809219076239263,3.0809219076239263,830000.0,830000.0,IC50,1,inhibitory_potency,1,biochemical_binding,1,PubChem,16369768,Menin,2023,=,CCCC(=O)Nc1ccc(-c2nc(CC(N)=O)sc2C)cc1,CCCC(=O)NC1=CC=C(C=C1)C2=C(SC(=N2)CC(=O)N)C,CCCC(=O)Nc1ccc(-c2nc(CC(N)=O)sc2C)cc1,CCCC(=O)Nc1ccc(-c2nc(CC(N)=O)sc2C)cc1,GCQBRBAAQQEUFP-UHFFFAOYSA-N,GCQBRBAAQQEUFP-UHFFFAOYSA-N,standardized,0.0,False,2.0,strict_exact,exact_point_estimate,low_or_inactive_>10uM,False,False,IC50,biochemical_binding,False,0.7587421989946828,0.7971257092305901,0.35384616255760193,Cc1ccc2nc(-c3ccc(F)cc3)c(CC(=O)Nc3ccc(F)cc3)n2c1,True,high
STR-A03DAF6611859C5C8983,IC50,biochemical_binding,1,1,0,1,1,0,0,3.034737135044418,3.034737135044418,3.034737135044418,923130.0,923130.0,IC50,1,inhibitory_potency,1,biochemical_binding,1,PubChem,132104476,Menin,2023,=,CC(=O)O[C@@H]1CCC[C@H]1C(C#N)(c1cccc(C(F)(F)F)c1)C1CCN(CC2CN(c3ccc(C#N)cc3)C2)CC1,CC(=O)O[C@@H]1CCC[C@H]1C(C#N)(C2CCN(CC2)CC3CN(C3)C4=CC=C(C=C4)C#N)C5=CC(=CC=C5)C(F)(F)F,CC(=O)O[C@@H]1CCC[C@H]1C(C#N)(c1cccc(C(F)(F)F)c1)C1CCN(CC2CN(c3ccc(C#N)cc3)C2)CC1,CC(=O)O[C@@H]1CCC[C@H]1C(C#N)(c1cccc(C(F)(F)F)c1)C1CCN(CC2CN(c3ccc(C#N)cc3)C2)CC1,IQANJWWWYDKCSR-KCUXUGRMSA-N,IQANJWWWYDKCSR-KCUXUGRMSA-N,standardized,0.0,False,2.0,strict_exact,exact_point_estimate,low_or_inactive_>10uM,False,False,IC50,biochemical_binding,False,0.9162325872685889,0.4153167417851589,0.3030303120613098,O=C(CNC(=O)c1cccc(C(F)(F)F)c1)NC1CN([C@H]2CC[C@H](c3ccc(N4CCCC4)cc3)CC2)C1,True,high
STR-3E739B082DA4CF7390FB,IC50,biochemical_binding,1,1,0,1,1,0,0,2.9746941347352296,2.9746941347352296,2.9746941347352296,1060000.0,1060000.0,IC50,1,inhibitory_potency,1,biochemical_binding,1,PubChem,9232868,Menin,2023,=,O=C(Cc1nc(-c2ccc(Cl)cc2)cs1)NCc1ccccc1,C1=CC=C(C=C1)CNC(=O)CC2=NC(=CS2)C3=CC=C(C=C3)Cl,O=C(Cc1nc(-c2ccc(Cl)cc2)cs1)NCc1ccccc1,O=C(Cc1nc(-c2ccc(Cl)cc2)cs1)NCc1ccccc1,RAZJKKWDVSCABG-UHFFFAOYSA-N,RAZJKKWDVSCABG-UHFFFAOYSA-N,standardized,0.0,False,2.0,strict_exact,exact_point_estimate,low_or_inactive_>10uM,False,False,IC50,biochemical_binding,False,0.9135865181690236,0.4243838089370824,0.34375,O=C(NC(=S)Nc1nc(-c2ccccc2)cs1)c1ccco1,True,high
STR-161DEB8746E0069E7832,IC50,biochemical_binding,1,1,0,1,1,0,0,2.920818753952375,2.920818753952375,2.920818753952375,1200000.0,1200000.0,IC50,1,inhibitory_potency,1,biochemical_binding,1,PubChem,16369762,Menin,2023,=,Cc1cc(C)c(-c2csc(CC(N)=O)n2)cc1C,CC1=CC(=C(C=C1C)C2=CSC(=N2)CC(=O)N)C,Cc1cc(C)c(-c2csc(CC(N)=O)n2)cc1C,Cc1cc(C)c(-c2csc(CC(N)=O)n2)cc1C,GSIBSMJFTKMTCI-UHFFFAOYSA-N,GSIBSMJFTKMTCI-UHFFFAOYSA-N,standardized,0.0,False,2.0,strict_exact,exact_point_estimate,low_or_inactive_>10uM,False,False,IC50,biochemical_binding,False,0.7505501311925432,0.8104050222491194,0.25,Cc1cc(NCc2c(C)cccc2C)c2cccc(C(N)=O)c2n1,True,high
STR-1208A8B445C263EA876B,IC50,biochemical_binding,1,1,0,1,1,0,0,2.850165303284215,2.850165303284215,2.850165303284215,1412000.0,1412000.0,IC50,1,inhibitory_potency,1,biochemical_binding,1,PubChem,132104159,Menin,2023,=,CN1CCC(C2(C3CCCCN3)CN(C)Cc3ccccc32)CC1,CN1CCC(CC1)C2(CN(CC3=CC=CC=C32)C)C4CCCCN4,CN1CCC(C2(C3CCCCN3)CN(C)Cc3ccccc32)CC1,CN1CCC(C2(C3CCCCN3)CN(C)Cc3ccccc32)CC1,UOBRZYAQUQWRDR-UHFFFAOYSA-N,UOBRZYAQUQWRDR-UHFFFAOYSA-N,standardized,0.0,False,2.0,strict_exact,exact_point_estimate,low_or_inactive_>10uM,False,False,IC50,biochemical_binding,False,0.9079555480075224,0.44325736551668093,0.24193547666072845,CN1C[C@H]2CCCC[C@@]2(c2ccc(Cl)c(Cl)c2)C1,True,high
STR-17FFA0BF8D560B02685C,IC50,biochemical_binding,1,1,0,1,1,0,0,2.721246399047171,2.721246399047171,2.721246399047171,1900000.0,1900000.0,IC50,1,inhibitory_potency,1,biochemical_binding,1,PubChem,51001637,Menin,2023,=,COC(=O)Cc1nc(C2CCCCC2)cs1,COC(=O)CC1=NC(=CS1)C2CCCCC2,COC(=O)Cc1nc(C2CCCCC2)cs1,COC(=O)Cc1nc(C2CCCCC2)cs1,ATWLLBLEYULTQR-UHFFFAOYSA-N,ATWLLBLEYULTQR-UHFFFAOYSA-N,standardized,0.0,False,2.0,strict_exact,exact_point_estimate,low_or_inactive_>10uM,False,False,IC50,biochemical_binding,False,0.75119283652646,0.8093820434706757,0.31343284249305725,Cc1csc(Cn2c(C3CCCN(C4CCCCC4)C3)nc3ccccc32)n1,True,high
STR-FB00B532B01AA27CD41B,IC50,biochemical_binding,1,1,0,1,1,0,0,2.6989700043360187,2.6989700043360187,2.6989700043360187,2000000.0,2000000.0,IC50,1,inhibitory_potency,1,biochemical_binding,1,PubChem,712446,Menin,2023,=,NC(=O)Cc1nc(-c2ccccc2)cs1,C1=CC=C(C=C1)C2=CSC(=N2)CC(=O)N,NC(=O)Cc1nc(-c2ccccc2)cs1,NC(=O)Cc1nc(-c2ccccc2)cs1,MITSOTISLAVGFW-UHFFFAOYSA-N,MITSOTISLAVGFW-UHFFFAOYSA-N,standardized,0.0,False,2.0,strict_exact,exact_point_estimate,low_or_inactive_>10uM,False,False,IC50,biochemical_binding,False,0.7178139943156229,0.8584123251156948,0.3636363744735718,O=C(NC(=S)Nc1nc(-c2ccccc2)cs1)c1ccco1,True,high
STR-B22B1045ECF10A2BE02D,IC50,biochemical_binding,1,1,0,1,1,0,0,2.588211995456131,2.588211995456131,2.588211995456131,2581000.0,2581000.0,IC50,1,inhibitory_potency,1,biochemical_binding,1,PubChem,132104740,Menin,2023,=,N#Cc1ccc(-c2ccc(N3CCC(C4(C5CCCC5)NCCc5ccccc54)CC3)cc2)cc1,C1CCC(C1)C2(C3=CC=CC=C3CCN2)C4CCN(CC4)C5=CC=C(C=C5)C6=CC=C(C=C6)C#N,N#Cc1ccc(-c2ccc(N3CCC(C4(C5CCCC5)NCCc5ccccc54)CC3)cc2)cc1,N#Cc1ccc(-c2ccc(N3CCC(C4(C5CCCC5)NCCc5ccccc54)CC3)cc2)cc1,NGQPDDSBHYTAQC-UHFFFAOYSA-N,NGQPDDSBHYTAQC-UHFFFAOYSA-N,standardized,0.0,False,2.0,strict_exact,exact_point_estimate,low_or_inactive_>10uM,False,False,IC50,biochemical_binding,False,0.9695387138891878,0.19669993613545525,0.31506848335266113,CC(C)S(=O)(=O)N[C@H]1CN(c2ccccc2)C[C@@H]1c1ccc(-c2ccc(C#N)cc2)cc1,True,high
STR-BBDEE229539FC0F65C83,IC50,biochemical_binding,1,1,0,1,1,0,0,2.5238932831598087,2.5238932831598087,2.5238932831598087,2993000.0,2993000.0,IC50,1,inhibitory_potency,1,biochemical_binding,1,PubChem,132104157,Menin,2023,=,c1ccc(CN2CCC(C3(c4ccccn4)CNCc4ccccc43)CC2)cc1,C1CN(CCC1C2(CNCC3=CC=CC=C32)C4=CC=CC=N4)CC5=CC=CC=C5,c1ccc(CN2CCC(C3(c4ccccn4)CNCc4ccccc43)CC2)cc1,c1ccc(CN2CCC(C3(c4ccccn4)CNCc4ccccc43)CC2)cc1,RMBUVTDRTQCMER-UHFFFAOYSA-N,RMBUVTDRTQCMER-UHFFFAOYSA-N,standardized,0.0,False,2.0,strict_exact,exact_point_estimate,low_or_inactive_>10uM,False,False,IC50,biochemical_binding,False,0.9496518044733376,0.2878742293241532,0.33870968222618103,c1ccc(Cc2cn(C3CCN(Cc4ccccc4)CC3)nn2)cc1,True,high
