modeling_row,structure_id,smiles,p_activity_median,endpoints,assay_families,sources,document_year,structure_group_key,bemis_murcko_group,scaffold_grouping_method,requested_split_strategy,actual_split_strategy,split_sha256,dataset_sha256,split
0,STR-008159DC3B56E725FA4F,CC(=O)N[C@@H](CO)C(=O)N[C@@H](C)C(=O)N[C@@H](CCCN=C(N)N)C(=O)N[C@@H](Cc1c[nH]c2ccccc12)C(=O)N[C@H]1CCCCCC[C@@H](C(=O)N2CCC[C@H]2C(=O)N[C@@H](CCCN=C(N)N)C(N)=O)NC(=O)[C@H](C)NC(=O)[C@@H]2CCCN2C(=O)[C@H](Cc2ccccc2)NC1=O,6.180456064458131,IC50,biochemical_inhibition,PubChem,2022.0,STR-008159DC3B56E725FA4F,O=C(CCc1c[nH]c2ccccc12)NC1CCCCCCC(C(=O)N2CCCC2)NC(=O)CNC(=O)C2CCCN2C(=O)C(Cc2ccccc2)NC1=O,bemis_murcko,scaffold,scaffold,c36cc6a6a29b1791359d66e339db904e9899da2a2a2046618bec3642c0e4170d,41f692ef5e00f424d3c76d5979e2efaf471c9d2f559bda07bd17e8a4e42fb2b5,train
1,STR-00A027FA7AA847AAD8CD,FC(F)(F)Cc1cc2c(N3CCC4(CN(Cc5ccccc5)C4)C3)ncnc2s1,7.0467247404492745,IC50,biochemical_inhibition,PubChem,2020.0,STR-00A027FA7AA847AAD8CD,c1ccc(CN2CC3(CCN(c4ncnc5sccc45)C3)C2)cc1,bemis_murcko,scaffold,scaffold,c36cc6a6a29b1791359d66e339db904e9899da2a2a2046618bec3642c0e4170d,41f692ef5e00f424d3c76d5979e2efaf471c9d2f559bda07bd17e8a4e42fb2b5,train
2,STR-00A1D39E2CC2B5C8F906,CS(=O)(=O)C[C@@H]1CCC[C@H]1C(C#N)(c1ccccc1)C1CCN(CC2CN(c3ccc(S(=O)(=O)c4ccncc4)cc3)C2)CC1,5.481486060122112,IC50,biochemical_inhibition,BindingDB,,STR-00A1D39E2CC2B5C8F906,O=S(=O)(c1ccncc1)c1ccc(N2CC(CN3CCC(C(c4ccccc4)C4CCCC4)CC3)C2)cc1,bemis_murcko,scaffold,scaffold,c36cc6a6a29b1791359d66e339db904e9899da2a2a2046618bec3642c0e4170d,41f692ef5e00f424d3c76d5979e2efaf471c9d2f559bda07bd17e8a4e42fb2b5,train
3,STR-00E23781443AFBB9B1E7,CN1CCC(Oc2cccc(CN3CCC(Nc4ncnc5sc(CC(F)(F)F)cc45)CC3)c2)CC1,5.628932137728263,IC50,biochemical_inhibition,PubChem,2021.0,STR-00E23781443AFBB9B1E7,c1cc(CN2CCC(Nc3ncnc4sccc34)CC2)cc(OC2CCNCC2)c1,bemis_murcko,scaffold,scaffold,c36cc6a6a29b1791359d66e339db904e9899da2a2a2046618bec3642c0e4170d,41f692ef5e00f424d3c76d5979e2efaf471c9d2f559bda07bd17e8a4e42fb2b5,train
4,STR-02403E375D780F15C68E,COC(=O)N[C@H]1CCC[C@@H]1C(C#N)(c1ccccc1)C1CCN(CCC#Cc2ccc(S(=O)(=O)C(F)(F)F)cc2)CC1,6.7594507517174005,IC50,biochemical_inhibition,BindingDB,,STR-02403E375D780F15C68E,C(#Cc1ccccc1)CCN1CCC(C(c2ccccc2)C2CCCC2)CC1,bemis_murcko,scaffold,scaffold,c36cc6a6a29b1791359d66e339db904e9899da2a2a2046618bec3642c0e4170d,41f692ef5e00f424d3c76d5979e2efaf471c9d2f559bda07bd17e8a4e42fb2b5,train
5,STR-025D3FCF7FCF0D4F8D78,CNC(=O)O[C@@H]1CCC[C@H]1C(C#N)(c1ccccc1)C1CCN(CC2CN(c3ccc(C(C)(C)C)cc3)C2)CC1,6.110138278741811,IC50,biochemical_inhibition,BindingDB,,STR-025D3FCF7FCF0D4F8D78,c1ccc(C(C2CCCC2)C2CCN(CC3CN(c4ccccc4)C3)CC2)cc1,bemis_murcko,scaffold,scaffold,c36cc6a6a29b1791359d66e339db904e9899da2a2a2046618bec3642c0e4170d,41f692ef5e00f424d3c76d5979e2efaf471c9d2f559bda07bd17e8a4e42fb2b5,train
6,STR-0269E0F257D92780EA92,CC[C@@H]1NC(=O)[C@@H]2CCCN2C(=O)[C@H](Cc2ccccc2)NC(=O)[C@@H](N)CCCCCCCCNC(=O)[C@@H]2CCCN2C(=O)[C@H](CCCN=C(N)N)NC1=O,4.97061622231479,IC50,biochemical_inhibition,PubChem,2013.0,STR-0269E0F257D92780EA92,O=C1CNC(=O)C2CCCN2C(=O)C(Cc2ccccc2)NC(=O)CCCCCCCCCNC(=O)C2CCCN2C(=O)CN1,bemis_murcko,scaffold,scaffold,c36cc6a6a29b1791359d66e339db904e9899da2a2a2046618bec3642c0e4170d,41f692ef5e00f424d3c76d5979e2efaf471c9d2f559bda07bd17e8a4e42fb2b5,train
7,STR-0298F7259BA97653A4EC,CO[C@H]1CCC[C@@H]1C1(C2CCN(CCCOc3ccc(C(=O)O)cc3)CC2)CNCc2ccccc21,3.9229956732066498,IC50,biochemical_inhibition,BindingDB,,STR-0298F7259BA97653A4EC,c1ccc(OCCCN2CCC(C3(C4CCCC4)CNCc4ccccc43)CC2)cc1,bemis_murcko,scaffold,scaffold,c36cc6a6a29b1791359d66e339db904e9899da2a2a2046618bec3642c0e4170d,41f692ef5e00f424d3c76d5979e2efaf471c9d2f559bda07bd17e8a4e42fb2b5,test
8,STR-02EB512B892EF622930F,CCN1Cc2ccccc2C(C2CCCC2)(C2CCN(CC3(F)CN(c4ccc(S(=O)(=O)C5CC5)cc4)C3)CC2)C1,7.552841968657781,IC50,biochemical_inhibition,BindingDB,,STR-02EB512B892EF622930F,O=S(=O)(c1ccc(N2CC(CN3CCC(C4(C5CCCC5)CNCc5ccccc54)CC3)C2)cc1)C1CC1,bemis_murcko,scaffold,scaffold,c36cc6a6a29b1791359d66e339db904e9899da2a2a2046618bec3642c0e4170d,41f692ef5e00f424d3c76d5979e2efaf471c9d2f559bda07bd17e8a4e42fb2b5,train
9,STR-03A6B3C8922F75633A24,O=S(=O)(Cc1ccc(CN2CCC3(CCN(c4ncnc5sc(CC(F)(F)F)cc45)C3)C2)cc1)NCCO,8.0,IC50,biochemical_inhibition,BindingDB;PubChem,,STR-03A6B3C8922F75633A24,c1ccc(CN2CCC3(CCN(c4ncnc5sccc45)C3)C2)cc1,bemis_murcko,scaffold,scaffold,c36cc6a6a29b1791359d66e339db904e9899da2a2a2046618bec3642c0e4170d,41f692ef5e00f424d3c76d5979e2efaf471c9d2f559bda07bd17e8a4e42fb2b5,train
10,STR-0449028356C19D0EDA3B,CC(=O)O[C@H]1CCC[C@@H]1C(C#N)(c1ccccc1F)C1CCN(CC2CN(c3ccc(S(=O)(=O)C4CC4)cc3)C2)CC1,7.346787486224656,IC50,biochemical_inhibition,BindingDB,,STR-0449028356C19D0EDA3B,O=S(=O)(c1ccc(N2CC(CN3CCC(C(c4ccccc4)C4CCCC4)CC3)C2)cc1)C1CC1,bemis_murcko,scaffold,scaffold,c36cc6a6a29b1791359d66e339db904e9899da2a2a2046618bec3642c0e4170d,41f692ef5e00f424d3c76d5979e2efaf471c9d2f559bda07bd17e8a4e42fb2b5,train
11,STR-04F547F3C923840AF4FD,NS(=O)(=O)Cc1ccc(CN2CCC3(CCN(c4ncnc5cc(CC(F)(F)F)sc45)C3)C2)cc1,8.0,IC50,biochemical_inhibition,BindingDB;PubChem,,STR-04F547F3C923840AF4FD,c1ccc(CN2CCC3(CCN(c4ncnc5ccsc45)C3)C2)cc1,bemis_murcko,scaffold,scaffold,c36cc6a6a29b1791359d66e339db904e9899da2a2a2046618bec3642c0e4170d,41f692ef5e00f424d3c76d5979e2efaf471c9d2f559bda07bd17e8a4e42fb2b5,train
12,STR-0535DD8F5F2DE6D12D6D,CCCN1CCC(Nc2ncnc3sc(CC(F)(F)F)cc23)CC1,5.246416941107094,IC50,biochemical_inhibition,PubChem,2021.0,STR-0535DD8F5F2DE6D12D6D,c1nc(NC2CCNCC2)c2ccsc2n1,bemis_murcko,scaffold,scaffold,c36cc6a6a29b1791359d66e339db904e9899da2a2a2046618bec3642c0e4170d,41f692ef5e00f424d3c76d5979e2efaf471c9d2f559bda07bd17e8a4e42fb2b5,train
13,STR-05804A06DAF01BBFB1F0,Cc1c(C(=O)C2CCN(C(=O)[C@H]3NC[C@@H]4C[C@@H]43)CC2)c2ccncc2n1-c1ccc(F)cc1C(=O)N(C(C)C)C(C)C(F)(F)F,7.481486060122112,IC50,biochemical_inhibition,PubChem,2025.0,STR-05804A06DAF01BBFB1F0,O=C(c1cn(-c2ccccc2)c2cnccc12)C1CCN(C(=O)C2NCC3CC32)CC1,bemis_murcko,scaffold,scaffold,c36cc6a6a29b1791359d66e339db904e9899da2a2a2046618bec3642c0e4170d,41f692ef5e00f424d3c76d5979e2efaf471c9d2f559bda07bd17e8a4e42fb2b5,train
14,STR-062343CE45A5FA8286D4,Cc1c(CN2CCC(Nc3ncnc4sc(CC(F)(F)F)cc34)CC2)ccc2[nH]c(C#N)cc12,7.494850021680094,IC50,biochemical_inhibition,BindingDB,,STR-062343CE45A5FA8286D4,c1nc(NC2CCN(Cc3ccc4[nH]ccc4c3)CC2)c2ccsc2n1,bemis_murcko,scaffold,scaffold,c36cc6a6a29b1791359d66e339db904e9899da2a2a2046618bec3642c0e4170d,41f692ef5e00f424d3c76d5979e2efaf471c9d2f559bda07bd17e8a4e42fb2b5,train
15,STR-063B6E6E165490772386,CC(=O)N[C@@H](Cc1c[nH]c2ccccc12)C(=O)N[C@@H](CCCN=C(N)N)C(=O)N[C@@H](Cc1ccccc1)C(=O)N1CCC[C@H]1C(=O)N[C@@H](C)C(=O)N[C@@H](CCCN=C(N)N)C(=O)N1CCC[C@H]1C(N)=O,5.97469413473523,IC50,biochemical_inhibition,PubChem,2013.0,STR-063B6E6E165490772386,O=C(CCc1c[nH]c2ccccc12)NCC(=O)NC(Cc1ccccc1)C(=O)N1CCCC1C(=O)NCC(=O)NCC(=O)N1CCCC1,bemis_murcko,scaffold,scaffold,c36cc6a6a29b1791359d66e339db904e9899da2a2a2046618bec3642c0e4170d,41f692ef5e00f424d3c76d5979e2efaf471c9d2f559bda07bd17e8a4e42fb2b5,train
16,STR-06E42ECC500C4E243BF6,CC(C)c1cnccc1-c1cc(F)ccc1-n1cc(C(=O)C2CN(C(=O)[C@H]3N[C@@H]4CC[C@H]3C4)C2)c2ccncc21,8.397940008672037,IC50,biochemical_inhibition,PubChem,2025.0,STR-06E42ECC500C4E243BF6,O=C(c1cn(-c2ccccc2-c2ccncc2)c2cnccc12)C1CN(C(=O)C2NC3CCC2C3)C1,bemis_murcko,scaffold,scaffold,c36cc6a6a29b1791359d66e339db904e9899da2a2a2046618bec3642c0e4170d,41f692ef5e00f424d3c76d5979e2efaf471c9d2f559bda07bd17e8a4e42fb2b5,train
17,STR-06E53FF33324D9B1A44A,CNC(=O)O[C@H]1CCC[C@@H]1C(C#N)(c1ccccc1)C1CCN(CCCOc2ccc(C#N)cc2)CC1,7.698970004336019,IC50,biochemical_inhibition,BindingDB,,STR-06E53FF33324D9B1A44A,c1ccc(OCCCN2CCC(C(c3ccccc3)C3CCCC3)CC2)cc1,bemis_murcko,scaffold,scaffold,c36cc6a6a29b1791359d66e339db904e9899da2a2a2046618bec3642c0e4170d,41f692ef5e00f424d3c76d5979e2efaf471c9d2f559bda07bd17e8a4e42fb2b5,train
18,STR-070A2DB3A5A9041ED5EA,CCN1Cc2ccccc2C(C2CCN(CC3CN(c4ccc(S(=O)(=O)C5CC5)cc4)C3)CC2)([C@H]2CCC[C@@H]2NC(=O)NC)C1,8.397940008672037,IC50,biochemical_inhibition,BindingDB,,STR-070A2DB3A5A9041ED5EA,O=S(=O)(c1ccc(N2CC(CN3CCC(C4(C5CCCC5)CNCc5ccccc54)CC3)C2)cc1)C1CC1,bemis_murcko,scaffold,scaffold,c36cc6a6a29b1791359d66e339db904e9899da2a2a2046618bec3642c0e4170d,41f692ef5e00f424d3c76d5979e2efaf471c9d2f559bda07bd17e8a4e42fb2b5,train
19,STR-072FE59E687806FA7B3E,CCc1cc2c(N3CCN(C4=NCC(C)(C)S4)CC3)ncnc2s1,5.920818753952375,IC50,biochemical_inhibition,BindingDB;PubChem,,STR-072FE59E687806FA7B3E,c1nc(N2CCN(C3=NCCS3)CC2)c2ccsc2n1,bemis_murcko,scaffold,scaffold,c36cc6a6a29b1791359d66e339db904e9899da2a2a2046618bec3642c0e4170d,41f692ef5e00f424d3c76d5979e2efaf471c9d2f559bda07bd17e8a4e42fb2b5,train
20,STR-073AD85CF5EE1E9C87AB,CCN1Cc2ccccc2C(C2CCCC2)(C2CCN(CC3CN(c4ccc(S(=O)(=O)c5ccncc5)cc4)C3)CC2)C1,8.221848749616356,IC50,biochemical_inhibition,BindingDB,,STR-073AD85CF5EE1E9C87AB,O=S(=O)(c1ccncc1)c1ccc(N2CC(CN3CCC(C4(C5CCCC5)CNCc5ccccc54)CC3)C2)cc1,bemis_murcko,scaffold,scaffold,c36cc6a6a29b1791359d66e339db904e9899da2a2a2046618bec3642c0e4170d,41f692ef5e00f424d3c76d5979e2efaf471c9d2f559bda07bd17e8a4e42fb2b5,train
21,STR-07789DBC28765C00F226,FC(F)(F)Cc1cc2c(NC3CCN(Cc4ccncc4)CC3)ncnc2s1,5.568636235841012,IC50,biochemical_inhibition,PubChem,2021.0,STR-07789DBC28765C00F226,c1cc(CN2CCC(Nc3ncnc4sccc34)CC2)ccn1,bemis_murcko,scaffold,scaffold,c36cc6a6a29b1791359d66e339db904e9899da2a2a2046618bec3642c0e4170d,41f692ef5e00f424d3c76d5979e2efaf471c9d2f559bda07bd17e8a4e42fb2b5,train
22,STR-07CEA1A415CFED11C760,N#Cc1ccc(OCCCN2CCC([C@@](O)(c3ccccc3)C3CCCC3)CC2)cc1,6.568636235841012,IC50,biochemical_inhibition,BindingDB;PubChem,,STR-07CEA1A415CFED11C760,c1ccc(OCCCN2CCC(C(c3ccccc3)C3CCCC3)CC2)cc1,bemis_murcko,scaffold,scaffold,c36cc6a6a29b1791359d66e339db904e9899da2a2a2046618bec3642c0e4170d,41f692ef5e00f424d3c76d5979e2efaf471c9d2f559bda07bd17e8a4e42fb2b5,train
23,STR-07E4D9678C4B52D2093A,COC(=O)N[C@H]1CCC[C@@H]1C(C#N)(c1ccccc1)C1CCN(CC2CN(c3ccc(S(=O)(=O)C4CC4)cc3Cl)C2)CC1,7.795880017344075,IC50,biochemical_inhibition,BindingDB,,STR-07E4D9678C4B52D2093A,O=S(=O)(c1ccc(N2CC(CN3CCC(C(c4ccccc4)C4CCCC4)CC3)C2)cc1)C1CC1,bemis_murcko,scaffold,scaffold,c36cc6a6a29b1791359d66e339db904e9899da2a2a2046618bec3642c0e4170d,41f692ef5e00f424d3c76d5979e2efaf471c9d2f559bda07bd17e8a4e42fb2b5,train
24,STR-080A59F9B1BCF4DFA65B,CNC(=O)O[C@@H]1CCC[C@H]1C(C#N)(c1ccccc1)C1CCN(CC2CN(c3ccc(S(=O)(=O)C4CC4)cc3)C2)CC1,6.302770657240282,IC50,biochemical_inhibition,BindingDB,,STR-080A59F9B1BCF4DFA65B,O=S(=O)(c1ccc(N2CC(CN3CCC(C(c4ccccc4)C4CCCC4)CC3)C2)cc1)C1CC1,bemis_murcko,scaffold,scaffold,c36cc6a6a29b1791359d66e339db904e9899da2a2a2046618bec3642c0e4170d,41f692ef5e00f424d3c76d5979e2efaf471c9d2f559bda07bd17e8a4e42fb2b5,train
25,STR-08361A3250CABAC6D52A,CC(C)N(C(=O)c1cc(F)ccc1-n1cc(C(=O)C2CCN(C(=O)[C@H]3NC[C@@H]4CCC[C@@H]43)CC2)c2ccncc21)C(C)C,7.795880017344075,IC50,biochemical_inhibition,PubChem,2025.0,STR-08361A3250CABAC6D52A,O=C(c1cn(-c2ccccc2)c2cnccc12)C1CCN(C(=O)C2NCC3CCCC32)CC1,bemis_murcko,scaffold,scaffold,c36cc6a6a29b1791359d66e339db904e9899da2a2a2046618bec3642c0e4170d,41f692ef5e00f424d3c76d5979e2efaf471c9d2f559bda07bd17e8a4e42fb2b5,test
26,STR-08403E826C317ED26CEC,CCCCc1cc2c(N3CCN(C4=NCC(C)(C)S4)CC3)ncnc2s1,6.1249387366083,IC50,biochemical_inhibition,PubChem,2020.0,STR-08403E826C317ED26CEC,c1nc(N2CCN(C3=NCCS3)CC2)c2ccsc2n1,bemis_murcko,scaffold,scaffold,c36cc6a6a29b1791359d66e339db904e9899da2a2a2046618bec3642c0e4170d,41f692ef5e00f424d3c76d5979e2efaf471c9d2f559bda07bd17e8a4e42fb2b5,train
27,STR-0855D8D007FB84375292,N#Cc1ccc(OC2CC(N3CCC(C4(C5CCCC5)NCCc5ccccc54)CC3)C2)cc1,5.466650724788503,IC50,biochemical_inhibition,BindingDB,,STR-0855D8D007FB84375292,c1ccc(OC2CC(N3CCC(C4(C5CCCC5)NCCc5ccccc54)CC3)C2)cc1,bemis_murcko,scaffold,scaffold,c36cc6a6a29b1791359d66e339db904e9899da2a2a2046618bec3642c0e4170d,41f692ef5e00f424d3c76d5979e2efaf471c9d2f559bda07bd17e8a4e42fb2b5,test
28,STR-08A590BAA6ADDB004EDA,CC(=O)OC[C@@H]1CCC[C@H]1C(C#N)(c1ccccc1)C1CCN(CC2CN(c3ccc(S(=O)(=O)C4CC4)cc3)C2)CC1,5.161150909262744,IC50,biochemical_inhibition,BindingDB,,STR-08A590BAA6ADDB004EDA,O=S(=O)(c1ccc(N2CC(CN3CCC(C(c4ccccc4)C4CCCC4)CC3)C2)cc1)C1CC1,bemis_murcko,scaffold,scaffold,c36cc6a6a29b1791359d66e339db904e9899da2a2a2046618bec3642c0e4170d,41f692ef5e00f424d3c76d5979e2efaf471c9d2f559bda07bd17e8a4e42fb2b5,train
29,STR-09276AA2563E2F930001,CC(=O)O[C@H]1CCC[C@@H]1C(C#N)(c1cccc(F)c1)C1CCN(CC2CN(c3ccc(CC(F)(F)F)cc3)C2)CC1,6.53313237964589,IC50,biochemical_inhibition,BindingDB,,STR-09276AA2563E2F930001,c1ccc(C(C2CCCC2)C2CCN(CC3CN(c4ccccc4)C3)CC2)cc1,bemis_murcko,scaffold,scaffold,c36cc6a6a29b1791359d66e339db904e9899da2a2a2046618bec3642c0e4170d,41f692ef5e00f424d3c76d5979e2efaf471c9d2f559bda07bd17e8a4e42fb2b5,train
30,STR-094C702ADD088489F553,N#Cc1ccc(OCCCCN2CCC(C3(C4CCCC4)NCCc4ccccc43)CC2)cc1,5.301029995663981,IC50,biochemical_inhibition,BindingDB,,STR-094C702ADD088489F553,c1ccc(OCCCCN2CCC(C3(C4CCCC4)NCCc4ccccc43)CC2)cc1,bemis_murcko,scaffold,scaffold,c36cc6a6a29b1791359d66e339db904e9899da2a2a2046618bec3642c0e4170d,41f692ef5e00f424d3c76d5979e2efaf471c9d2f559bda07bd17e8a4e42fb2b5,train
31,STR-09808CFD40E7489BA72B,N#CC(c1ccccc1)(C1CCN(CC2CN(c3ccc(S(=O)(=O)c4ccccc4)cc3)C2)CC1)[C@H]1CCC[C@@H]1OC(N)=O,7.853871964321762,IC50,biochemical_inhibition,BindingDB,,STR-09808CFD40E7489BA72B,O=S(=O)(c1ccccc1)c1ccc(N2CC(CN3CCC(C(c4ccccc4)C4CCCC4)CC3)C2)cc1,bemis_murcko,scaffold,scaffold,c36cc6a6a29b1791359d66e339db904e9899da2a2a2046618bec3642c0e4170d,41f692ef5e00f424d3c76d5979e2efaf471c9d2f559bda07bd17e8a4e42fb2b5,test
32,STR-09E54D8A9B952AC86D2A,CNC(=O)O[C@H]1CCC[C@@H]1C(C#N)(c1ccccc1)C1CCN(CC2CN(c3ccc(S(=O)(=O)c4ccncc4)cc3)C2)CC1,8.221848749616356,IC50,biochemical_inhibition,BindingDB,,STR-09E54D8A9B952AC86D2A,O=S(=O)(c1ccncc1)c1ccc(N2CC(CN3CCC(C(c4ccccc4)C4CCCC4)CC3)C2)cc1,bemis_murcko,scaffold,scaffold,c36cc6a6a29b1791359d66e339db904e9899da2a2a2046618bec3642c0e4170d,41f692ef5e00f424d3c76d5979e2efaf471c9d2f559bda07bd17e8a4e42fb2b5,train
33,STR-09F928DB426380AF84D4,Cc1nnc(N2CCN(c3ncnc4sc(CC(F)(F)F)cc34)CC2)s1,6.108462542327436,IC50,biochemical_inhibition,BindingDB;PubChem,,STR-09F928DB426380AF84D4,c1nc(N2CCN(c3nncs3)CC2)c2ccsc2n1,bemis_murcko,scaffold,scaffold,c36cc6a6a29b1791359d66e339db904e9899da2a2a2046618bec3642c0e4170d,41f692ef5e00f424d3c76d5979e2efaf471c9d2f559bda07bd17e8a4e42fb2b5,train
34,STR-0A56438F09B3E75AAE8B,CCCc1cc2c(N3CCN(C4=NCC(C)(C)S4)CC3)ncnc2s1,6.3487263137562575,IC50,biochemical_inhibition,BindingDB;PubChem,2020.0,STR-0A56438F09B3E75AAE8B,c1nc(N2CCN(C3=NCCS3)CC2)c2ccsc2n1,bemis_murcko,scaffold,scaffold,c36cc6a6a29b1791359d66e339db904e9899da2a2a2046618bec3642c0e4170d,41f692ef5e00f424d3c76d5979e2efaf471c9d2f559bda07bd17e8a4e42fb2b5,train
35,STR-0AF48A7398AE4A10DB6D,COC(=O)N[C@H]1CCC[C@@H]1[C@](C#N)(c1cccc(F)c1)C1CCN(CC2CN(c3ccc(S(=O)(=O)c4cccc(NC(=O)/C=C/CN(C)C)c4)cc3)C2)CC1,8.698970004336019,IC50,biochemical_inhibition,BindingDB,,STR-0AF48A7398AE4A10DB6D,O=S(=O)(c1ccccc1)c1ccc(N2CC(CN3CCC(C(c4ccccc4)C4CCCC4)CC3)C2)cc1,bemis_murcko,scaffold,scaffold,c36cc6a6a29b1791359d66e339db904e9899da2a2a2046618bec3642c0e4170d,41f692ef5e00f424d3c76d5979e2efaf471c9d2f559bda07bd17e8a4e42fb2b5,test
36,STR-0B18427EF6CEB8CC075B,C#CC(=O)N[C@H]1CCC[C@@H]1[C@](C#N)(c1cccc(F)c1)C1CCN(CC2CN(c3ccc(C#N)cc3)C2)CC1,8.397940008672037,IC50,biochemical_inhibition,BindingDB,,STR-0B18427EF6CEB8CC075B,c1ccc(C(C2CCCC2)C2CCN(CC3CN(c4ccccc4)C3)CC2)cc1,bemis_murcko,scaffold,scaffold,c36cc6a6a29b1791359d66e339db904e9899da2a2a2046618bec3642c0e4170d,41f692ef5e00f424d3c76d5979e2efaf471c9d2f559bda07bd17e8a4e42fb2b5,train
37,STR-0B3BEA2BCB592D1DDA40,N#Cc1ccc(OCCCN2CCC(C(CN)(c3ccccc3)C3CCCC3)CC2)cc1,6.906578314837764,IC50,biochemical_inhibition,BindingDB,,STR-0B3BEA2BCB592D1DDA40,c1ccc(OCCCN2CCC(C(c3ccccc3)C3CCCC3)CC2)cc1,bemis_murcko,scaffold,scaffold,c36cc6a6a29b1791359d66e339db904e9899da2a2a2046618bec3642c0e4170d,41f692ef5e00f424d3c76d5979e2efaf471c9d2f559bda07bd17e8a4e42fb2b5,train
38,STR-0B5E0ED39466F3487654,NCC(CCN1CC=C(c2ccc(Cl)cc2)CC1)(c1ccccc1)C1CCCC1,7.580921907623926,IC50,biochemical_inhibition,BindingDB;PubChem,2024.0,STR-0B5E0ED39466F3487654,C1=C(c2ccccc2)CCN(CCC(c2ccccc2)C2CCCC2)C1,bemis_murcko,scaffold,scaffold,c36cc6a6a29b1791359d66e339db904e9899da2a2a2046618bec3642c0e4170d,41f692ef5e00f424d3c76d5979e2efaf471c9d2f559bda07bd17e8a4e42fb2b5,train
39,STR-0B6B013EF83E068B0788,N=C(N)NCCC[C@@H]1NC(=O)C2(CC2)NC(=O)[C@@H]2CCCN2C(=O)[C@H](Cc2ccccc2)NC(=O)[C@@H](N)CCCCCCCCNC(=O)[C@@H]2CCCN2C1=O,6.7121982700697735,IC50,biochemical_inhibition,BindingDB,,STR-0B6B013EF83E068B0788,O=C1CCCCCCCCCNC(=O)C2CCCN2C(=O)CNC(=O)C2(CC2)NC(=O)C2CCCN2C(=O)C(Cc2ccccc2)N1,bemis_murcko,scaffold,scaffold,c36cc6a6a29b1791359d66e339db904e9899da2a2a2046618bec3642c0e4170d,41f692ef5e00f424d3c76d5979e2efaf471c9d2f559bda07bd17e8a4e42fb2b5,train
40,STR-0B7529D5B5202C12FCCA,Clc1ccc2c(NCCN3CCN(CCCCCCCN4CCN(CCNc5ccnc6cc(Cl)ccc56)CC4)CC3)ccnc2c1,8.327902142064282,IC50,biochemical_inhibition,PubChem,2024.0,STR-0B7529D5B5202C12FCCA,c1ccc2c(NCCN3CCN(CCCCCCCN4CCN(CCNc5ccnc6ccccc56)CC4)CC3)ccnc2c1,bemis_murcko,scaffold,scaffold,c36cc6a6a29b1791359d66e339db904e9899da2a2a2046618bec3642c0e4170d,41f692ef5e00f424d3c76d5979e2efaf471c9d2f559bda07bd17e8a4e42fb2b5,train
41,STR-0BCBBE5537E8A8D227ED,c1ccc(CN2CCC(Nc3ncnc4sc5c(c34)CCC5)CC2)cc1,4.920818753952375,IC50,biochemical_inhibition,BindingDB;PubChem,,STR-0BCBBE5537E8A8D227ED,c1ccc(CN2CCC(Nc3ncnc4sc5c(c34)CCC5)CC2)cc1,bemis_murcko,scaffold,scaffold,c36cc6a6a29b1791359d66e339db904e9899da2a2a2046618bec3642c0e4170d,41f692ef5e00f424d3c76d5979e2efaf471c9d2f559bda07bd17e8a4e42fb2b5,train
42,STR-0C1A3C79DDA24756CB7A,COC(=O)N[C@H]1CCC[C@@H]1C(C#N)(c1ccccc1)C1CCN(CC2CN(c3ccc(S(=O)(=O)c4ccccc4)cc3)C2)CC1,7.853871964321762,IC50,biochemical_inhibition,BindingDB,,STR-0C1A3C79DDA24756CB7A,O=S(=O)(c1ccccc1)c1ccc(N2CC(CN3CCC(C(c4ccccc4)C4CCCC4)CC3)C2)cc1,bemis_murcko,scaffold,scaffold,c36cc6a6a29b1791359d66e339db904e9899da2a2a2046618bec3642c0e4170d,41f692ef5e00f424d3c76d5979e2efaf471c9d2f559bda07bd17e8a4e42fb2b5,test
43,STR-0C77A21AB4DE90C1EA09,CS(=O)(=O)c1ccc(N2CC(CN3CCC(C(C#N)(c4ccccc4)[C@@H]4CCC[C@H]4O)CC3)C2)cc1,5.42021640338319,IC50,biochemical_inhibition,BindingDB,,STR-0C77A21AB4DE90C1EA09,c1ccc(C(C2CCCC2)C2CCN(CC3CN(c4ccccc4)C3)CC2)cc1,bemis_murcko,scaffold,scaffold,c36cc6a6a29b1791359d66e339db904e9899da2a2a2046618bec3642c0e4170d,41f692ef5e00f424d3c76d5979e2efaf471c9d2f559bda07bd17e8a4e42fb2b5,train
44,STR-0CBEE773802B16C7B60C,Cc1c(C(=O)[C@@H]2CCN(C(=O)[C@@H]3CC[C@@H](C)N3)[C@@H](C)C2)c2ccncc2n1-c1ccc(F)cc1C(=O)N(C(C)C)C(C)C,7.075720713938118,IC50,biochemical_inhibition,PubChem,2025.0,STR-0CBEE773802B16C7B60C,O=C(c1cn(-c2ccccc2)c2cnccc12)C1CCN(C(=O)C2CCCN2)CC1,bemis_murcko,scaffold,scaffold,c36cc6a6a29b1791359d66e339db904e9899da2a2a2046618bec3642c0e4170d,41f692ef5e00f424d3c76d5979e2efaf471c9d2f559bda07bd17e8a4e42fb2b5,test
45,STR-0D3B5781158FDA010959,CC(O)(c1ccccc1)C1CCN(CCCOc2ccc(C#N)cc2)CC1,3.5301779840218366,IC50,biochemical_inhibition,BindingDB;PubChem,,STR-0D3B5781158FDA010959,c1ccc(CC2CCN(CCCOc3ccccc3)CC2)cc1,bemis_murcko,scaffold,scaffold,c36cc6a6a29b1791359d66e339db904e9899da2a2a2046618bec3642c0e4170d,41f692ef5e00f424d3c76d5979e2efaf471c9d2f559bda07bd17e8a4e42fb2b5,train
46,STR-0D9FC637EF3720B34B15,NC(N)=NCCC[C@@H]1NC(=O)C2(CCCC2)NC(=O)[C@@H]2CCCN2C(=O)[C@H](Cc2ccccc2)NC(=O)[C@@H](N)CCCCCCCCNC(=O)[C@@H]2CCCN2C1=O,5.199282921717614,IC50,biochemical_inhibition,PubChem,2013.0,STR-0D9FC637EF3720B34B15,O=C1CCCCCCCCCNC(=O)C2CCCN2C(=O)CNC(=O)C2(CCCC2)NC(=O)C2CCCN2C(=O)C(Cc2ccccc2)N1,bemis_murcko,scaffold,scaffold,c36cc6a6a29b1791359d66e339db904e9899da2a2a2046618bec3642c0e4170d,41f692ef5e00f424d3c76d5979e2efaf471c9d2f559bda07bd17e8a4e42fb2b5,train
47,STR-0EB8573BEAC1C0A492BB,CC(=O)O[C@@H]1CCC[C@H]1C(C#N)(c1ccccc1)C1CCN(CC2CN(c3ccc(S(C)(=O)=O)cc3)C2)CC1,5.585026652029182,IC50,biochemical_inhibition,BindingDB,,STR-0EB8573BEAC1C0A492BB,c1ccc(C(C2CCCC2)C2CCN(CC3CN(c4ccccc4)C3)CC2)cc1,bemis_murcko,scaffold,scaffold,c36cc6a6a29b1791359d66e339db904e9899da2a2a2046618bec3642c0e4170d,41f692ef5e00f424d3c76d5979e2efaf471c9d2f559bda07bd17e8a4e42fb2b5,train
48,STR-0EB9DFE3F3CFA3016388,COC(=O)N[C@H]1CCC[C@@H]1C(C#N)(c1ccccc1)C1CCN(CC2CN(c3ccc(S(=O)(=O)C4CC5CCC4C5)cc3)C2)CC1,7.920818753952375,IC50,biochemical_inhibition,BindingDB,,STR-0EB9DFE3F3CFA3016388,O=S(=O)(c1ccc(N2CC(CN3CCC(C(c4ccccc4)C4CCCC4)CC3)C2)cc1)C1CC2CCC1C2,bemis_murcko,scaffold,scaffold,c36cc6a6a29b1791359d66e339db904e9899da2a2a2046618bec3642c0e4170d,41f692ef5e00f424d3c76d5979e2efaf471c9d2f559bda07bd17e8a4e42fb2b5,train
49,STR-0F98D37C5B64E1453A74,C[C@@H]1CC[C@H](C)N1C(=O)c1cc(F)ccc1-n1cc(C(=O)C2CCN(C(=O)[C@H]3N[C@@H]4CC[C@H]3C4)CC2)c2ccncc21,7.443697499232712,IC50,biochemical_inhibition,PubChem,2025.0,STR-0F98D37C5B64E1453A74,O=C(c1cn(-c2ccccc2C(=O)N2CCCC2)c2cnccc12)C1CCN(C(=O)C2NC3CCC2C3)CC1,bemis_murcko,scaffold,scaffold,c36cc6a6a29b1791359d66e339db904e9899da2a2a2046618bec3642c0e4170d,41f692ef5e00f424d3c76d5979e2efaf471c9d2f559bda07bd17e8a4e42fb2b5,train
50,STR-0F9EB3D0BA8F609CF473,CNC(=O)O[C@H]1CCC[C@@H]1C(C#N)(c1ccccc1)C1CCN(CC2CN(c3ccc(S(=O)(=O)c4cnn(C)c4)cc3)C2)CC1,8.045757490560675,IC50,biochemical_inhibition,BindingDB,,STR-0F9EB3D0BA8F609CF473,O=S(=O)(c1ccc(N2CC(CN3CCC(C(c4ccccc4)C4CCCC4)CC3)C2)cc1)c1cn[nH]c1,bemis_murcko,scaffold,scaffold,c36cc6a6a29b1791359d66e339db904e9899da2a2a2046618bec3642c0e4170d,41f692ef5e00f424d3c76d5979e2efaf471c9d2f559bda07bd17e8a4e42fb2b5,train
51,STR-0FAA54988751AFB400C2,CC(=O)N[C@@H](CO)C(=O)N[C@@H](C)C(=O)N[C@@H](CCCN=C(N)N)C(=O)N[C@@H](Cc1c[nH]c2ccccc12)C(=O)N[C@H]1CCCC[C@@H](C(=O)N2CCC[C@H]2C(=O)N[C@@H](CCCN)C(N)=O)NC(=O)C2(CCC2)NC(=O)[C@@H]2CCCN2C(=O)[C@H](Cc2cccc(F)c2)NC1=O,6.244887733604928,IC50,biochemical_inhibition,PubChem,2022.0,STR-0FAA54988751AFB400C2,O=C(CCc1c[nH]c2ccccc12)NC1CCCCC(C(=O)N2CCCC2)NC(=O)C2(CCC2)NC(=O)C2CCCN2C(=O)C(Cc2ccccc2)NC1=O,bemis_murcko,scaffold,scaffold,c36cc6a6a29b1791359d66e339db904e9899da2a2a2046618bec3642c0e4170d,41f692ef5e00f424d3c76d5979e2efaf471c9d2f559bda07bd17e8a4e42fb2b5,train
52,STR-0FC172F4903F344CAD3C,CC(C)S(=O)(=O)c1ccc(N2CC(CN3CCC(C4(C5CCCC5)NCCc5ccccc54)CC3)C2)cc1,7.173925197299173,IC50,biochemical_inhibition,BindingDB,,STR-0FC172F4903F344CAD3C,c1ccc(N2CC(CN3CCC(C4(C5CCCC5)NCCc5ccccc54)CC3)C2)cc1,bemis_murcko,scaffold,scaffold,c36cc6a6a29b1791359d66e339db904e9899da2a2a2046618bec3642c0e4170d,41f692ef5e00f424d3c76d5979e2efaf471c9d2f559bda07bd17e8a4e42fb2b5,train
53,STR-10E9D8E15102F968C01B,COC(=O)N[C@H]1CCC[C@@H]1[C@](C#N)(c1cccc(F)c1)C1CCN(CCCOc2ccc(S(=O)(=O)C3CN(C(=O)/C=C/CN(C)C)C3)cc2)CC1,8.154901959985743,IC50,biochemical_inhibition,BindingDB,,STR-10E9D8E15102F968C01B,O=S(=O)(c1ccc(OCCCN2CCC(C(c3ccccc3)C3CCCC3)CC2)cc1)C1CNC1,bemis_murcko,scaffold,scaffold,c36cc6a6a29b1791359d66e339db904e9899da2a2a2046618bec3642c0e4170d,41f692ef5e00f424d3c76d5979e2efaf471c9d2f559bda07bd17e8a4e42fb2b5,train
54,STR-119E78597F506F0B6C75,COC(=O)N1Cc2ccccc2C(C2CCN(CCCOc3ccc(C#N)cc3)CC2)([C@H]2CCC[C@@H]2OC)C1,5.017728766960431,IC50,biochemical_inhibition,BindingDB,,STR-119E78597F506F0B6C75,c1ccc(OCCCN2CCC(C3(C4CCCC4)CNCc4ccccc43)CC2)cc1,bemis_murcko,scaffold,scaffold,c36cc6a6a29b1791359d66e339db904e9899da2a2a2046618bec3642c0e4170d,41f692ef5e00f424d3c76d5979e2efaf471c9d2f559bda07bd17e8a4e42fb2b5,test
55,STR-1208A8B445C263EA876B,CN1CCC(C2(C3CCCCN3)CN(C)Cc3ccccc32)CC1,2.850165303284215,IC50,biochemical_inhibition,BindingDB,,STR-1208A8B445C263EA876B,c1ccc2c(c1)CNCC2(C1CCNCC1)C1CCCCN1,bemis_murcko,scaffold,scaffold,c36cc6a6a29b1791359d66e339db904e9899da2a2a2046618bec3642c0e4170d,41f692ef5e00f424d3c76d5979e2efaf471c9d2f559bda07bd17e8a4e42fb2b5,test
56,STR-1223C39CACA1FF24271A,C=CC(=O)Nc1ccc(CN2CCC3(CCN(c4ncnc5sc(CC(F)(F)F)cc45)C3)C2)cc1,8.0,IC50,biochemical_inhibition,BindingDB;PubChem,,STR-1223C39CACA1FF24271A,c1ccc(CN2CCC3(CCN(c4ncnc5sccc45)C3)C2)cc1,bemis_murcko,scaffold,scaffold,c36cc6a6a29b1791359d66e339db904e9899da2a2a2046618bec3642c0e4170d,41f692ef5e00f424d3c76d5979e2efaf471c9d2f559bda07bd17e8a4e42fb2b5,train
57,STR-12E3A0AA323380998C4F,Cc1c(C(=O)C2CCN(C(=O)[C@H]3NC[C@@H]4C[C@@H]43)CC2)c2ccncc2n1-c1ccc(F)cc1C(=O)N(C(C)C)C(C)C,5.871277715661574,IC50,biochemical_inhibition,PubChem,2025.0,STR-12E3A0AA323380998C4F,O=C(c1cn(-c2ccccc2)c2cnccc12)C1CCN(C(=O)C2NCC3CC32)CC1,bemis_murcko,scaffold,scaffold,c36cc6a6a29b1791359d66e339db904e9899da2a2a2046618bec3642c0e4170d,41f692ef5e00f424d3c76d5979e2efaf471c9d2f559bda07bd17e8a4e42fb2b5,train
58,STR-130915284B008003FD6F,N#Cc1ccc(OCCCN2CCN(c3ncnc4sc(CC(F)(F)F)cc34)CC2)cc1,6.366531544420413,IC50,biochemical_inhibition,PubChem,2021.0,STR-130915284B008003FD6F,c1ccc(OCCCN2CCN(c3ncnc4sccc34)CC2)cc1,bemis_murcko,scaffold,scaffold,c36cc6a6a29b1791359d66e339db904e9899da2a2a2046618bec3642c0e4170d,41f692ef5e00f424d3c76d5979e2efaf471c9d2f559bda07bd17e8a4e42fb2b5,test
59,STR-1336D74CEEF07820B1AB,CCc1nccn1C[C@@](c1cccc(F)c1)(C1CCN(CC2CN(c3ccc(S(=O)(=O)C4CN(C(=O)/C=C/CN5CCCCC5)C4)cc3)C2)CC1)[C@H]1CCC[C@@H]1NC(=O)OC,8.698970004336019,IC50,biochemical_inhibition,BindingDB,,STR-1336D74CEEF07820B1AB,O=C(C=CCN1CCCCC1)N1CC(S(=O)(=O)c2ccc(N3CC(CN4CCC(C(Cn5ccnc5)(c5ccccc5)C5CCCC5)CC4)C3)cc2)C1,bemis_murcko,scaffold,scaffold,c36cc6a6a29b1791359d66e339db904e9899da2a2a2046618bec3642c0e4170d,41f692ef5e00f424d3c76d5979e2efaf471c9d2f559bda07bd17e8a4e42fb2b5,test
60,STR-13418EBC6BF2EEA6DE7C,CC(=O)N[C@@H](CCCNC(=N)N)C(=O)N[C@@H](Cc1c[nH]c2ccccc12)C(=O)N[C@@H](CCCNC(=N)N)C(=O)N[C@@H](Cc1ccccc1)C(=O)N1CCC[C@H]1C(=O)N[C@@H](C)C(=O)N[C@@H](CCCNC(=N)N)C(N)=O,4.069050968832477,IC50,biochemical_inhibition,BindingDB,,STR-13418EBC6BF2EEA6DE7C,O=C(CCc1c[nH]c2ccccc12)NCC(=O)NC(Cc1ccccc1)C(=O)N1CCCC1,bemis_murcko,scaffold,scaffold,c36cc6a6a29b1791359d66e339db904e9899da2a2a2046618bec3642c0e4170d,41f692ef5e00f424d3c76d5979e2efaf471c9d2f559bda07bd17e8a4e42fb2b5,train
61,STR-135D463A1137C39C5816,N#Cc1ccc(N2CC(CN3CCC(C(C#N)(c4ccccc4)C4CCCC4)CC3)C2)cc1,5.522878745280337,IC50,biochemical_inhibition,BindingDB,,STR-135D463A1137C39C5816,c1ccc(C(C2CCCC2)C2CCN(CC3CN(c4ccccc4)C3)CC2)cc1,bemis_murcko,scaffold,scaffold,c36cc6a6a29b1791359d66e339db904e9899da2a2a2046618bec3642c0e4170d,41f692ef5e00f424d3c76d5979e2efaf471c9d2f559bda07bd17e8a4e42fb2b5,train
62,STR-13602A865FEABB9329F4,CCO[C@H]1CCC[C@@H]1[C@](C#N)(c1ccccc1)C1CCN(CC2CN(c3ccc(C#N)cc3)C2)CC1,5.267606240177031,IC50,biochemical_inhibition,BindingDB,,STR-13602A865FEABB9329F4,c1ccc(C(C2CCCC2)C2CCN(CC3CN(c4ccccc4)C3)CC2)cc1,bemis_murcko,scaffold,scaffold,c36cc6a6a29b1791359d66e339db904e9899da2a2a2046618bec3642c0e4170d,41f692ef5e00f424d3c76d5979e2efaf471c9d2f559bda07bd17e8a4e42fb2b5,train
63,STR-1380FDB405A07D2654DB,CNC(=O)O[C@H]1CCC[C@@H]1C(C#N)(c1ccccc1)C1CCN(CC2(F)CN(c3ccc(S(=O)(=O)c4cnn(C)c4)cc3)C2)CC1,7.167491087293763,IC50,biochemical_inhibition,BindingDB,,STR-1380FDB405A07D2654DB,O=S(=O)(c1ccc(N2CC(CN3CCC(C(c4ccccc4)C4CCCC4)CC3)C2)cc1)c1cn[nH]c1,bemis_murcko,scaffold,scaffold,c36cc6a6a29b1791359d66e339db904e9899da2a2a2046618bec3642c0e4170d,41f692ef5e00f424d3c76d5979e2efaf471c9d2f559bda07bd17e8a4e42fb2b5,train
64,STR-13ED234EA742CB2B9D53,O=C([C@H]1NC2CCC1CC2)N1CC2(C1)CN(c1c(C(F)(F)F)cnc3sc(CC(F)(F)F)cc13)C2,7.497572880015567,IC50,biochemical_inhibition,PubChem,2023.0,STR-13ED234EA742CB2B9D53,O=C(C1NC2CCC1CC2)N1CC2(C1)CN(c1ccnc3sccc13)C2,bemis_murcko,scaffold,scaffold,c36cc6a6a29b1791359d66e339db904e9899da2a2a2046618bec3642c0e4170d,41f692ef5e00f424d3c76d5979e2efaf471c9d2f559bda07bd17e8a4e42fb2b5,train
65,STR-142DC3F04BDF2ABC0F0A,CNC(=O)O[C@H]1CCC[C@@H]1C(Cn1ccnc1)(c1ccccc1)C1CCN(CC2CN(c3ccc(S(=O)(=O)c4cnn(C)c4)cc3)C2)CC1,8.096910013008056,IC50,biochemical_inhibition,BindingDB,,STR-142DC3F04BDF2ABC0F0A,O=S(=O)(c1ccc(N2CC(CN3CCC(C(Cn4ccnc4)(c4ccccc4)C4CCCC4)CC3)C2)cc1)c1cn[nH]c1,bemis_murcko,scaffold,scaffold,c36cc6a6a29b1791359d66e339db904e9899da2a2a2046618bec3642c0e4170d,41f692ef5e00f424d3c76d5979e2efaf471c9d2f559bda07bd17e8a4e42fb2b5,train
66,STR-146E181369D6F6CAEBB4,c1ccc2c(c1)CCNC2(CC1CCNCC1)C1CCCC1,3.5247647773958715,IC50,biochemical_inhibition,BindingDB,,STR-146E181369D6F6CAEBB4,c1ccc2c(c1)CCNC2(CC1CCNCC1)C1CCCC1,bemis_murcko,scaffold,scaffold,c36cc6a6a29b1791359d66e339db904e9899da2a2a2046618bec3642c0e4170d,41f692ef5e00f424d3c76d5979e2efaf471c9d2f559bda07bd17e8a4e42fb2b5,test
67,STR-14DBFF17DA73564FE5B6,N#Cc1ccc(OCCCN2CCC([C@](O)(c3cccc(F)c3)c3ccccn3)CC2)cc1,5.853871964321762,IC50,biochemical_inhibition,BindingDB;PubChem,,STR-14DBFF17DA73564FE5B6,c1ccc(OCCCN2CCC(C(c3ccccc3)c3ccccn3)CC2)cc1,bemis_murcko,scaffold,scaffold,c36cc6a6a29b1791359d66e339db904e9899da2a2a2046618bec3642c0e4170d,41f692ef5e00f424d3c76d5979e2efaf471c9d2f559bda07bd17e8a4e42fb2b5,train
68,STR-15A2DC000277D973D434,CC(=O)OC[C@H]1CCC[C@@H]1C(C#N)(c1ccccc1)C1CCN(CC2CN(c3ccc(S(=O)(=O)C4CC4)cc3)C2)CC1,5.031517051446064,IC50,biochemical_inhibition,BindingDB,,STR-15A2DC000277D973D434,O=S(=O)(c1ccc(N2CC(CN3CCC(C(c4ccccc4)C4CCCC4)CC3)C2)cc1)C1CC1,bemis_murcko,scaffold,scaffold,c36cc6a6a29b1791359d66e339db904e9899da2a2a2046618bec3642c0e4170d,41f692ef5e00f424d3c76d5979e2efaf471c9d2f559bda07bd17e8a4e42fb2b5,train
69,STR-15B6710D6EF043E829A9,CC(=O)N[C@@H](Cc1c[nH]c2ccccc12)C(=O)N[C@@H](CCCNC(=N)N)C(=O)N[C@@H](Cc1ccccc1)C(=O)N1CCC[C@H]1C(=O)N[C@@H](C)C(=O)N[C@@H](CCCNC(=N)N)C(=O)N1CCC[C@H]1C(N)=O,5.97469413473523,IC50,biochemical_inhibition,BindingDB,,STR-15B6710D6EF043E829A9,O=C(CCc1c[nH]c2ccccc12)NCC(=O)NC(Cc1ccccc1)C(=O)N1CCCC1C(=O)NCC(=O)NCC(=O)N1CCCC1,bemis_murcko,scaffold,scaffold,c36cc6a6a29b1791359d66e339db904e9899da2a2a2046618bec3642c0e4170d,41f692ef5e00f424d3c76d5979e2efaf471c9d2f559bda07bd17e8a4e42fb2b5,train
70,STR-161DEB8746E0069E7832,Cc1cc(C)c(-c2csc(CC(N)=O)n2)cc1C,2.920818753952375,IC50,biochemical_inhibition,BindingDB,,STR-161DEB8746E0069E7832,c1ccc(-c2cscn2)cc1,bemis_murcko,scaffold,scaffold,c36cc6a6a29b1791359d66e339db904e9899da2a2a2046618bec3642c0e4170d,41f692ef5e00f424d3c76d5979e2efaf471c9d2f559bda07bd17e8a4e42fb2b5,train
71,STR-1626E26FA9CDEFB597A0,C=CC(=O)N1CCC[C@H](S(=O)(=O)c2ccc(N3CC(CN4CCC([C@@](CN5CCC5)(c5cccc(F)c5)[C@H]5CCC[C@@H]5NC(=O)OC)CC4)(OC)C3)cc2)C1,8.522878745280337,IC50,biochemical_inhibition,BindingDB,,STR-1626E26FA9CDEFB597A0,O=S(=O)(c1ccc(N2CC(CN3CCC(C(CN4CCC4)(c4ccccc4)C4CCCC4)CC3)C2)cc1)C1CCCNC1,bemis_murcko,scaffold,scaffold,c36cc6a6a29b1791359d66e339db904e9899da2a2a2046618bec3642c0e4170d,41f692ef5e00f424d3c76d5979e2efaf471c9d2f559bda07bd17e8a4e42fb2b5,test
72,STR-16763AE4A1795B0B0B2B,CS(=O)(=O)c1ccc(N2CC(CN3CCC(C(C#N)(c4ccccc4)C4CCC(=O)C4)CC3)C2)cc1,4.30189945437661,IC50,biochemical_inhibition,BindingDB,,STR-16763AE4A1795B0B0B2B,O=C1CCC(C(c2ccccc2)C2CCN(CC3CN(c4ccccc4)C3)CC2)C1,bemis_murcko,scaffold,scaffold,c36cc6a6a29b1791359d66e339db904e9899da2a2a2046618bec3642c0e4170d,41f692ef5e00f424d3c76d5979e2efaf471c9d2f559bda07bd17e8a4e42fb2b5,train
73,STR-167FDC1C0AAEBA52FF5F,N#Cc1ccc(OCCCN2CCC(C(c3ccccc3)c3ccccc3)CC2)cc1,3.688246138944246,IC50,biochemical_inhibition,BindingDB;PubChem,,STR-167FDC1C0AAEBA52FF5F,c1ccc(OCCCN2CCC(C(c3ccccc3)c3ccccc3)CC2)cc1,bemis_murcko,scaffold,scaffold,c36cc6a6a29b1791359d66e339db904e9899da2a2a2046618bec3642c0e4170d,41f692ef5e00f424d3c76d5979e2efaf471c9d2f559bda07bd17e8a4e42fb2b5,train
74,STR-1764644935E711FBFE13,CNC(=O)O[C@H]1CCC[C@@H]1C(C#N)(c1ccccc1)C1CCN(CC2CN(c3ccc(S(=O)(=O)c4ccn(C)n4)cc3)C2)CC1,8.154901959985743,IC50,biochemical_inhibition,BindingDB,,STR-1764644935E711FBFE13,O=S(=O)(c1ccc(N2CC(CN3CCC(C(c4ccccc4)C4CCCC4)CC3)C2)cc1)c1cc[nH]n1,bemis_murcko,scaffold,scaffold,c36cc6a6a29b1791359d66e339db904e9899da2a2a2046618bec3642c0e4170d,41f692ef5e00f424d3c76d5979e2efaf471c9d2f559bda07bd17e8a4e42fb2b5,test
75,STR-179A1261D81EBF420767,FC(F)(F)Cc1cc2c(NC3CCN(CCc4ccccc4)CC3)ncnc2s1,5.7447274948966935,IC50,biochemical_inhibition,PubChem,2021.0,STR-179A1261D81EBF420767,c1ccc(CCN2CCC(Nc3ncnc4sccc34)CC2)cc1,bemis_murcko,scaffold,scaffold,c36cc6a6a29b1791359d66e339db904e9899da2a2a2046618bec3642c0e4170d,41f692ef5e00f424d3c76d5979e2efaf471c9d2f559bda07bd17e8a4e42fb2b5,train
76,STR-17FFA0BF8D560B02685C,COC(=O)Cc1nc(C2CCCCC2)cs1,2.721246399047171,IC50,biochemical_inhibition,BindingDB,,STR-17FFA0BF8D560B02685C,c1nc(C2CCCCC2)cs1,bemis_murcko,scaffold,scaffold,c36cc6a6a29b1791359d66e339db904e9899da2a2a2046618bec3642c0e4170d,41f692ef5e00f424d3c76d5979e2efaf471c9d2f559bda07bd17e8a4e42fb2b5,train
77,STR-1820741093C58A025EB7,CCCC(=O)N1CCCCC1C1(C2CCN(CCCOc3ccc(C#N)cc3)CC2)CN(C)Cc2ccccc21,5.187086643357144,IC50,biochemical_inhibition,BindingDB,,STR-1820741093C58A025EB7,c1ccc(OCCCN2CCC(C3(C4CCCCN4)CNCc4ccccc43)CC2)cc1,bemis_murcko,scaffold,scaffold,c36cc6a6a29b1791359d66e339db904e9899da2a2a2046618bec3642c0e4170d,41f692ef5e00f424d3c76d5979e2efaf471c9d2f559bda07bd17e8a4e42fb2b5,test
78,STR-1855E3C88BD9E03511B5,CNS(=O)(=O)N1CCN(CCn2c(C#N)cc3c(C)c(CN4CCC(Nc5ncnc6sc(CC(F)(F)F)cc56)CC4)ccc32)CC1,7.494850021680094,IC50,biochemical_inhibition,BindingDB,,STR-1855E3C88BD9E03511B5,c1nc(NC2CCN(Cc3ccc4c(ccn4CCN4CCNCC4)c3)CC2)c2ccsc2n1,bemis_murcko,scaffold,scaffold,c36cc6a6a29b1791359d66e339db904e9899da2a2a2046618bec3642c0e4170d,41f692ef5e00f424d3c76d5979e2efaf471c9d2f559bda07bd17e8a4e42fb2b5,train
79,STR-1887E5F4BD19EFABAFA8,FC(F)(F)Cc1cc2c(N3CCCC4(CCN(Cc5ccccc5)C4)C3)ncnc2s1,6.74892305356432,IC50,biochemical_inhibition,PubChem,2020.0,STR-1887E5F4BD19EFABAFA8,c1ccc(CN2CCC3(CCCN(c4ncnc5sccc45)C3)C2)cc1,bemis_murcko,scaffold,scaffold,c36cc6a6a29b1791359d66e339db904e9899da2a2a2046618bec3642c0e4170d,41f692ef5e00f424d3c76d5979e2efaf471c9d2f559bda07bd17e8a4e42fb2b5,train
80,STR-18936FD320AF3538594A,C=CC(=O)N1CCC(S(=O)(=O)c2ccc(N3CC(CN4CCC([C@@](C#N)(c5cccc(F)c5)[C@H]5CCC[C@@H]5NC(=O)OC)CC4)C3)cc2)C1,7.958607314841775,IC50,biochemical_inhibition,BindingDB,,STR-18936FD320AF3538594A,O=S(=O)(c1ccc(N2CC(CN3CCC(C(c4ccccc4)C4CCCC4)CC3)C2)cc1)C1CCNC1,bemis_murcko,scaffold,scaffold,c36cc6a6a29b1791359d66e339db904e9899da2a2a2046618bec3642c0e4170d,41f692ef5e00f424d3c76d5979e2efaf471c9d2f559bda07bd17e8a4e42fb2b5,train
81,STR-189806ED8C5D3AA61BF5,Cc1c(C(=O)C2CCN(C(=O)[C@@H]3CCC(C)(C)N3)CC2)c2ccncc2n1-c1ccc(F)cc1C(=O)N(C(C)C)C(C)C,5.6679657229724825,IC50,biochemical_inhibition,PubChem,2025.0,STR-189806ED8C5D3AA61BF5,O=C(c1cn(-c2ccccc2)c2cnccc12)C1CCN(C(=O)C2CCCN2)CC1,bemis_murcko,scaffold,scaffold,c36cc6a6a29b1791359d66e339db904e9899da2a2a2046618bec3642c0e4170d,41f692ef5e00f424d3c76d5979e2efaf471c9d2f559bda07bd17e8a4e42fb2b5,test
82,STR-18A0CA3C76D3D31427DE,COC(=O)[C@@H]1CCC[C@H]1C(C#N)(c1ccccc1)C1CCN(CC2CN(c3ccc(S(=O)(=O)C4CC4)cc3)C2)CC1,5.292429823902063,IC50,biochemical_inhibition,BindingDB,,STR-18A0CA3C76D3D31427DE,O=S(=O)(c1ccc(N2CC(CN3CCC(C(c4ccccc4)C4CCCC4)CC3)C2)cc1)C1CC1,bemis_murcko,scaffold,scaffold,c36cc6a6a29b1791359d66e339db904e9899da2a2a2046618bec3642c0e4170d,41f692ef5e00f424d3c76d5979e2efaf471c9d2f559bda07bd17e8a4e42fb2b5,train
83,STR-19873DB44217FEBF78AF,N#C[C@@](c1cccc(F)c1)(C1CCN(CC2CN(c3ccc(S(=O)(=O)C4CC4)cc3)C2)CC1)[C@H]1CCC[C@@H]1NC(=O)CCl,8.301029995663981,IC50,biochemical_inhibition,BindingDB,,STR-19873DB44217FEBF78AF,O=S(=O)(c1ccc(N2CC(CN3CCC(C(c4ccccc4)C4CCCC4)CC3)C2)cc1)C1CC1,bemis_murcko,scaffold,scaffold,c36cc6a6a29b1791359d66e339db904e9899da2a2a2046618bec3642c0e4170d,41f692ef5e00f424d3c76d5979e2efaf471c9d2f559bda07bd17e8a4e42fb2b5,train
84,STR-1A02A52BF860C4D25F9A,CCN1Cc2ccccc2C(C2CCCC2)(C2CCN(CC3CN(c4ccc(S(=O)(=O)c5ccn(C)c5)cc4)C3)CC2)C1,8.0,IC50,biochemical_inhibition,BindingDB,,STR-1A02A52BF860C4D25F9A,O=S(=O)(c1ccc(N2CC(CN3CCC(C4(C5CCCC5)CNCc5ccccc54)CC3)C2)cc1)c1cc[nH]c1,bemis_murcko,scaffold,scaffold,c36cc6a6a29b1791359d66e339db904e9899da2a2a2046618bec3642c0e4170d,41f692ef5e00f424d3c76d5979e2efaf471c9d2f559bda07bd17e8a4e42fb2b5,train
85,STR-1A6476E5CBA3E8CA3747,CC(COc1ccc(C#N)cc1)CN1CCC(C(C#N)(c2ccccc2)C2CCCC2)CC1,3.531800413927387,IC50,biochemical_inhibition,BindingDB,,STR-1A6476E5CBA3E8CA3747,c1ccc(OCCCN2CCC(C(c3ccccc3)C3CCCC3)CC2)cc1,bemis_murcko,scaffold,scaffold,c36cc6a6a29b1791359d66e339db904e9899da2a2a2046618bec3642c0e4170d,41f692ef5e00f424d3c76d5979e2efaf471c9d2f559bda07bd17e8a4e42fb2b5,train
86,STR-1A86078F0EC509427701,c1ccc(CN2CCC(C3(C4CCCC4)NCCc4ccccc43)CC2)cc1,3.721246399047171,IC50,biochemical_inhibition,BindingDB,,STR-1A86078F0EC509427701,c1ccc(CN2CCC(C3(C4CCCC4)NCCc4ccccc43)CC2)cc1,bemis_murcko,scaffold,scaffold,c36cc6a6a29b1791359d66e339db904e9899da2a2a2046618bec3642c0e4170d,41f692ef5e00f424d3c76d5979e2efaf471c9d2f559bda07bd17e8a4e42fb2b5,test
87,STR-1B33619B4C20E88AAA90,CCN(C(=O)c1cc(F)ccc1-n1c(C)c(C(=O)C2CCN(C(=O)[C@H]3NC[C@@H]4C[C@@H]43)CC2)c2ccncc21)C(C)C,6.76417082049092,IC50,biochemical_inhibition,PubChem,2025.0,STR-1B33619B4C20E88AAA90,O=C(c1cn(-c2ccccc2)c2cnccc12)C1CCN(C(=O)C2NCC3CC32)CC1,bemis_murcko,scaffold,scaffold,c36cc6a6a29b1791359d66e339db904e9899da2a2a2046618bec3642c0e4170d,41f692ef5e00f424d3c76d5979e2efaf471c9d2f559bda07bd17e8a4e42fb2b5,train
88,STR-1B889CE46B71B0168CDC,COC(=O)N[C@H]1CCC[C@@H]1[C@](C#N)(c1cccc(F)c1)C1CCN(CC2CN(c3ccc(S(=O)(=O)C4CC4)cc3)C2)CC1,8.161150909262744,IC50,biochemical_inhibition,BindingDB,,STR-1B889CE46B71B0168CDC,O=S(=O)(c1ccc(N2CC(CN3CCC(C(c4ccccc4)C4CCCC4)CC3)C2)cc1)C1CC1,bemis_murcko,scaffold,scaffold,c36cc6a6a29b1791359d66e339db904e9899da2a2a2046618bec3642c0e4170d,41f692ef5e00f424d3c76d5979e2efaf471c9d2f559bda07bd17e8a4e42fb2b5,train
89,STR-1C195E0EFD40C42EDEE4,CC(=O)O[C@@H]1CCC[C@H]1C(C#N)(c1ccccc1)C1CCN(CC2CN(c3ccc(S(=O)(=O)C4CC4)cc3)C2)CC1,5.769551078621726,IC50,biochemical_inhibition,BindingDB,,STR-1C195E0EFD40C42EDEE4,O=S(=O)(c1ccc(N2CC(CN3CCC(C(c4ccccc4)C4CCCC4)CC3)C2)cc1)C1CC1,bemis_murcko,scaffold,scaffold,c36cc6a6a29b1791359d66e339db904e9899da2a2a2046618bec3642c0e4170d,41f692ef5e00f424d3c76d5979e2efaf471c9d2f559bda07bd17e8a4e42fb2b5,train
90,STR-1CBACEED34B9A4B3A117,CCN1Cc2ccccc2C(C2CCCC2)(C2CCN(CC3CN(c4ccc(S(=O)(=O)CC5CC5)cc4)C3)CC2)C1,7.552841968657781,IC50,biochemical_inhibition,BindingDB,,STR-1CBACEED34B9A4B3A117,O=S(=O)(CC1CC1)c1ccc(N2CC(CN3CCC(C4(C5CCCC5)CNCc5ccccc54)CC3)C2)cc1,bemis_murcko,scaffold,scaffold,c36cc6a6a29b1791359d66e339db904e9899da2a2a2046618bec3642c0e4170d,41f692ef5e00f424d3c76d5979e2efaf471c9d2f559bda07bd17e8a4e42fb2b5,train
91,STR-1D682839606D037B2843,CC(=O)N1CCCCC1C1(C2CCN(CCCOc3ccc(C#N)cc3)CC2)CN(C)Cc2ccccc21,5.6777807052660805,IC50,biochemical_inhibition,BindingDB,,STR-1D682839606D037B2843,c1ccc(OCCCN2CCC(C3(C4CCCCN4)CNCc4ccccc43)CC2)cc1,bemis_murcko,scaffold,scaffold,c36cc6a6a29b1791359d66e339db904e9899da2a2a2046618bec3642c0e4170d,41f692ef5e00f424d3c76d5979e2efaf471c9d2f559bda07bd17e8a4e42fb2b5,test
92,STR-1DF62CB592FCCE0FC1BB,COC[C@H]1CCC[C@@H]1C(C#N)(c1ccccc1)C1CCN(CC2CN(c3ccc(S(=O)(=O)C4CC4)cc3)C2)CC1,5.309803919971486,IC50,biochemical_inhibition,BindingDB,,STR-1DF62CB592FCCE0FC1BB,O=S(=O)(c1ccc(N2CC(CN3CCC(C(c4ccccc4)C4CCCC4)CC3)C2)cc1)C1CC1,bemis_murcko,scaffold,scaffold,c36cc6a6a29b1791359d66e339db904e9899da2a2a2046618bec3642c0e4170d,41f692ef5e00f424d3c76d5979e2efaf471c9d2f559bda07bd17e8a4e42fb2b5,train
93,STR-1E16751A99CB4CD1A2D3,O=S(=O)(c1ccncc1)c1ccc(N2CC(CN3CCC(C4(C5CCCC5)CN(CC5COC5)Cc5ccccc54)CC3)C2)cc1,7.602059991327963,IC50,biochemical_inhibition,BindingDB,,STR-1E16751A99CB4CD1A2D3,O=S(=O)(c1ccncc1)c1ccc(N2CC(CN3CCC(C4(C5CCCC5)CN(CC5COC5)Cc5ccccc54)CC3)C2)cc1,bemis_murcko,scaffold,scaffold,c36cc6a6a29b1791359d66e339db904e9899da2a2a2046618bec3642c0e4170d,41f692ef5e00f424d3c76d5979e2efaf471c9d2f559bda07bd17e8a4e42fb2b5,train
94,STR-1E41EA89AAF9C5AE998F,CC(C)N1Cc2ccccc2C(C2CCCC2)(C2CCN(CC3CN(c4ccc(S(=O)(=O)c5ccncc5)cc4)C3)CC2)C1,8.154901959985743,IC50,biochemical_inhibition,BindingDB,,STR-1E41EA89AAF9C5AE998F,O=S(=O)(c1ccncc1)c1ccc(N2CC(CN3CCC(C4(C5CCCC5)CNCc5ccccc54)CC3)C2)cc1,bemis_murcko,scaffold,scaffold,c36cc6a6a29b1791359d66e339db904e9899da2a2a2046618bec3642c0e4170d,41f692ef5e00f424d3c76d5979e2efaf471c9d2f559bda07bd17e8a4e42fb2b5,train
95,STR-1E9D02C95D733A0CE623,CNC(=O)O[C@@H]1CCC[C@H]1C(C#N)(c1ccccc1)C1CCN(CC2CN(c3ccc(S(=O)(=O)c4nn(C)cc4Br)cc3)C2)CC1,6.795880017344075,IC50,biochemical_inhibition,BindingDB,,STR-1E9D02C95D733A0CE623,O=S(=O)(c1ccc(N2CC(CN3CCC(C(c4ccccc4)C4CCCC4)CC3)C2)cc1)c1cc[nH]n1,bemis_murcko,scaffold,scaffold,c36cc6a6a29b1791359d66e339db904e9899da2a2a2046618bec3642c0e4170d,41f692ef5e00f424d3c76d5979e2efaf471c9d2f559bda07bd17e8a4e42fb2b5,test
96,STR-1EB290200BCFD8AA598F,FC(F)(F)c1nnc(N2CCN(c3ncnc4sc(C5CC5)cc34)CC2)s1,5.698970004336019,IC50,biochemical_inhibition,PubChem,2020.0,STR-1EB290200BCFD8AA598F,c1nc(N2CCN(c3nncs3)CC2)c2cc(C3CC3)sc2n1,bemis_murcko,scaffold,scaffold,c36cc6a6a29b1791359d66e339db904e9899da2a2a2046618bec3642c0e4170d,41f692ef5e00f424d3c76d5979e2efaf471c9d2f559bda07bd17e8a4e42fb2b5,train
97,STR-1EC2131C8E4CF6A29E65,CC(=O)N[C@@H](Cc1c[nH]c2ccccc12)C(=O)N[C@H]1C/C=C\C[C@@H](C(=O)N2CCC[C@H]2C(=O)N[C@@H](CCCN=C(N)N)C(N)=O)NC(=O)[C@H](C)NC(=O)[C@@H]2CCCN2C(=O)[C@H](Cc2ccccc2)NC1=O,4.1094113322945125,IC50,biochemical_inhibition,PubChem,2022.0,STR-1EC2131C8E4CF6A29E65,O=C(CCc1c[nH]c2ccccc12)NC1CC=CCC(C(=O)N2CCCC2)NC(=O)CNC(=O)C2CCCN2C(=O)C(Cc2ccccc2)NC1=O,bemis_murcko,scaffold,scaffold,c36cc6a6a29b1791359d66e339db904e9899da2a2a2046618bec3642c0e4170d,41f692ef5e00f424d3c76d5979e2efaf471c9d2f559bda07bd17e8a4e42fb2b5,train
98,STR-1ED81EB6526D0C332327,N#Cc1ccc(OCCN2CCC(C3(C4CCCC4)NCCc4ccccc43)CC2)cc1,4.673664139071248,IC50,biochemical_inhibition,BindingDB,,STR-1ED81EB6526D0C332327,c1ccc(OCCN2CCC(C3(C4CCCC4)NCCc4ccccc43)CC2)cc1,bemis_murcko,scaffold,scaffold,c36cc6a6a29b1791359d66e339db904e9899da2a2a2046618bec3642c0e4170d,41f692ef5e00f424d3c76d5979e2efaf471c9d2f559bda07bd17e8a4e42fb2b5,train
99,STR-1F39727F90F76C636B4B,COC(=O)N[C@H]1CCC[C@@H]1[C@](CN)(c1cccc(F)c1)C1CCN(CC2CN(c3ccc(S(=O)(=O)C4CC4)cc3)C2)CC1,8.397940008672037,IC50,biochemical_inhibition,BindingDB,,STR-1F39727F90F76C636B4B,O=S(=O)(c1ccc(N2CC(CN3CCC(C(c4ccccc4)C4CCCC4)CC3)C2)cc1)C1CC1,bemis_murcko,scaffold,scaffold,c36cc6a6a29b1791359d66e339db904e9899da2a2a2046618bec3642c0e4170d,41f692ef5e00f424d3c76d5979e2efaf471c9d2f559bda07bd17e8a4e42fb2b5,train
100,STR-1F9028E2DF2F03204766,CS(=O)(=O)N[C@@H]1CCC[C@H]1C(C#N)(c1ccccc1)C1CCN(CC2CN(c3ccc(S(=O)(=O)c4ccncc4)cc3)C2)CC1,5.327902142064282,IC50,biochemical_inhibition,BindingDB,,STR-1F9028E2DF2F03204766,O=S(=O)(c1ccncc1)c1ccc(N2CC(CN3CCC(C(c4ccccc4)C4CCCC4)CC3)C2)cc1,bemis_murcko,scaffold,scaffold,c36cc6a6a29b1791359d66e339db904e9899da2a2a2046618bec3642c0e4170d,41f692ef5e00f424d3c76d5979e2efaf471c9d2f559bda07bd17e8a4e42fb2b5,train
101,STR-20D5B5F6CCFE315C6A44,N#CC(Cc1ccncc1)(c1ccccc1)C1CCN(CC2CN(c3ccc(S(=O)(=O)c4ccncc4)cc3)C2)CC1,5.055517327849831,IC50,biochemical_inhibition,BindingDB,,STR-20D5B5F6CCFE315C6A44,O=S(=O)(c1ccncc1)c1ccc(N2CC(CN3CCC(C(Cc4ccncc4)c4ccccc4)CC3)C2)cc1,bemis_murcko,scaffold,scaffold,c36cc6a6a29b1791359d66e339db904e9899da2a2a2046618bec3642c0e4170d,41f692ef5e00f424d3c76d5979e2efaf471c9d2f559bda07bd17e8a4e42fb2b5,train
102,STR-20FAD309EA7A981BC0F7,CCN(C(=O)c1cc(F)ccc1-n1cc(C(=O)C2CCN(C(=O)[C@H]3N[C@@H]4CC[C@H]3C4)CC2)c2ccncc21)C(C)C,8.0,IC50,biochemical_inhibition,PubChem,2025.0,STR-20FAD309EA7A981BC0F7,O=C(c1cn(-c2ccccc2)c2cnccc12)C1CCN(C(=O)C2NC3CCC2C3)CC1,bemis_murcko,scaffold,scaffold,c36cc6a6a29b1791359d66e339db904e9899da2a2a2046618bec3642c0e4170d,41f692ef5e00f424d3c76d5979e2efaf471c9d2f559bda07bd17e8a4e42fb2b5,train
103,STR-21023797F115C4D325D4,CNC(=O)N[C@@H]1CCC[C@H]1C(CN)(c1ccccc1)C1CCN(CC2CN(c3ccc(S(=O)(=O)c4ccccc4)cc3)C2)CC1,6.96657624451305,IC50,biochemical_inhibition,BindingDB,,STR-21023797F115C4D325D4,O=S(=O)(c1ccccc1)c1ccc(N2CC(CN3CCC(C(c4ccccc4)C4CCCC4)CC3)C2)cc1,bemis_murcko,scaffold,scaffold,c36cc6a6a29b1791359d66e339db904e9899da2a2a2046618bec3642c0e4170d,41f692ef5e00f424d3c76d5979e2efaf471c9d2f559bda07bd17e8a4e42fb2b5,test
104,STR-213F84F38B4A2B9413E0,O=S(=O)(c1ccc(N2CC(CN3CCC(C4(C5CCCC5)NCCc5ccccc54)CC3)C2)cc1)C1CCCC1,7.8278038631574445,IC50,biochemical_inhibition,BindingDB,,STR-213F84F38B4A2B9413E0,O=S(=O)(c1ccc(N2CC(CN3CCC(C4(C5CCCC5)NCCc5ccccc54)CC3)C2)cc1)C1CCCC1,bemis_murcko,scaffold,scaffold,c36cc6a6a29b1791359d66e339db904e9899da2a2a2046618bec3642c0e4170d,41f692ef5e00f424d3c76d5979e2efaf471c9d2f559bda07bd17e8a4e42fb2b5,train
105,STR-2159345A857E58155448,CC(=O)N[C@H]1CCC[C@@H]1C1(C2CCN(CC3CN(c4ccc(S(=O)(=O)c5ccncc5)cc4)C3)CC2)CN(C)Cc2ccccc21,8.301029995663981,IC50,biochemical_inhibition,BindingDB,,STR-2159345A857E58155448,O=S(=O)(c1ccncc1)c1ccc(N2CC(CN3CCC(C4(C5CCCC5)CNCc5ccccc54)CC3)C2)cc1,bemis_murcko,scaffold,scaffold,c36cc6a6a29b1791359d66e339db904e9899da2a2a2046618bec3642c0e4170d,41f692ef5e00f424d3c76d5979e2efaf471c9d2f559bda07bd17e8a4e42fb2b5,train
106,STR-21AE2CAF6E5125C8BCF4,COC(=O)N[C@H]1CCC[C@@H]1C(C#N)(c1ccccc1)C1CCN(CC2CN(c3ccc(C#N)cc3)C2)CC1,7.537602002101044,IC50,biochemical_inhibition,BindingDB,,STR-21AE2CAF6E5125C8BCF4,c1ccc(C(C2CCCC2)C2CCN(CC3CN(c4ccccc4)C3)CC2)cc1,bemis_murcko,scaffold,scaffold,c36cc6a6a29b1791359d66e339db904e9899da2a2a2046618bec3642c0e4170d,41f692ef5e00f424d3c76d5979e2efaf471c9d2f559bda07bd17e8a4e42fb2b5,train
107,STR-21E735B2891431212E1A,CNS(=O)(=O)c1ccc(N2CC(CN3CCC(C4(C5CCCC5)NCCc5c(F)cccc54)CC3)C2)cc1,7.823908740944319,IC50,biochemical_inhibition,BindingDB,,STR-21E735B2891431212E1A,c1ccc(N2CC(CN3CCC(C4(C5CCCC5)NCCc5ccccc54)CC3)C2)cc1,bemis_murcko,scaffold,scaffold,c36cc6a6a29b1791359d66e339db904e9899da2a2a2046618bec3642c0e4170d,41f692ef5e00f424d3c76d5979e2efaf471c9d2f559bda07bd17e8a4e42fb2b5,train
108,STR-21F7048615D04EB5EAFF,CC1(C)CN=C(N2CCN(c3ncnc4sc(CCCl)cc34)CC2)S1,6.714442690992226,IC50,biochemical_inhibition,PubChem,2020.0,STR-21F7048615D04EB5EAFF,c1nc(N2CCN(C3=NCCS3)CC2)c2ccsc2n1,bemis_murcko,scaffold,scaffold,c36cc6a6a29b1791359d66e339db904e9899da2a2a2046618bec3642c0e4170d,41f692ef5e00f424d3c76d5979e2efaf471c9d2f559bda07bd17e8a4e42fb2b5,train
109,STR-220071760E88DA3EF61F,COc1ccc(CN2CCCN(c3ncnc4sc(C)c(C)c34)CC2)cc1,4.698970004336019,IC50,biochemical_inhibition,BindingDB;PubChem,,STR-220071760E88DA3EF61F,c1ccc(CN2CCCN(c3ncnc4sccc34)CC2)cc1,bemis_murcko,scaffold,scaffold,c36cc6a6a29b1791359d66e339db904e9899da2a2a2046618bec3642c0e4170d,41f692ef5e00f424d3c76d5979e2efaf471c9d2f559bda07bd17e8a4e42fb2b5,test
110,STR-222AAD6024ECA7B1116F,COC(=O)N[C@H]1CCC[C@@H]1C(C#N)(c1ccccc1)C1CCN(CC2CN(c3ccc(C(F)(F)F)cc3)C2)CC1,7.050609993355087,IC50,biochemical_inhibition,BindingDB,,STR-222AAD6024ECA7B1116F,c1ccc(C(C2CCCC2)C2CCN(CC3CN(c4ccccc4)C3)CC2)cc1,bemis_murcko,scaffold,scaffold,c36cc6a6a29b1791359d66e339db904e9899da2a2a2046618bec3642c0e4170d,41f692ef5e00f424d3c76d5979e2efaf471c9d2f559bda07bd17e8a4e42fb2b5,train
111,STR-2277D861E83F14D2104D,Cc1c(C(=O)[C@@H]2CCN(C(=O)[C@@H]3NC[C@@H]4C[C@@H]43)[C@H](C)C2)c2ccncc2n1-c1ccc(F)cc1C(=O)N(CC(F)(F)F)C(C)C,7.318758762624412,IC50,biochemical_inhibition,PubChem,2025.0,STR-2277D861E83F14D2104D,O=C(c1cn(-c2ccccc2)c2cnccc12)C1CCN(C(=O)C2NCC3CC32)CC1,bemis_murcko,scaffold,scaffold,c36cc6a6a29b1791359d66e339db904e9899da2a2a2046618bec3642c0e4170d,41f692ef5e00f424d3c76d5979e2efaf471c9d2f559bda07bd17e8a4e42fb2b5,train
112,STR-229990C98B9D4B27D490,CNC(=O)O[C@@H]1CCC[C@H]1C(C#N)(c1ccccc1)C1CCN(CC2CN(c3ccc([N+](=O)[O-])cc3)C2)CC1,5.337242168318426,IC50,biochemical_inhibition,BindingDB,,STR-229990C98B9D4B27D490,c1ccc(C(C2CCCC2)C2CCN(CC3CN(c4ccccc4)C3)CC2)cc1,bemis_murcko,scaffold,scaffold,c36cc6a6a29b1791359d66e339db904e9899da2a2a2046618bec3642c0e4170d,41f692ef5e00f424d3c76d5979e2efaf471c9d2f559bda07bd17e8a4e42fb2b5,train
113,STR-22ABADFB64D91C6FE7F1,COC(=O)N[C@H]1CCC[C@@H]1[C@](CN1CCC1)(c1cccc(F)c1)C1CCN(CC2CN(c3ccc(S(=O)(=O)C4CN(C(=O)/C=C/CN5CCC(F)(F)CC5)C4)cc3)C2)CC1,8.698970004336019,IC50,biochemical_inhibition,BindingDB,,STR-22ABADFB64D91C6FE7F1,O=C(C=CCN1CCCCC1)N1CC(S(=O)(=O)c2ccc(N3CC(CN4CCC(C(CN5CCC5)(c5ccccc5)C5CCCC5)CC4)C3)cc2)C1,bemis_murcko,scaffold,scaffold,c36cc6a6a29b1791359d66e339db904e9899da2a2a2046618bec3642c0e4170d,41f692ef5e00f424d3c76d5979e2efaf471c9d2f559bda07bd17e8a4e42fb2b5,train
114,STR-23383202A04EDA946CD9,CC1(C)CN=C(N2CCN(c3ncnc4sc(C(F)(F)C(F)(F)F)cc34)CC2)S1,6.17134010346468,IC50,biochemical_inhibition,BindingDB;PubChem,,STR-23383202A04EDA946CD9,c1nc(N2CCN(C3=NCCS3)CC2)c2ccsc2n1,bemis_murcko,scaffold,scaffold,c36cc6a6a29b1791359d66e339db904e9899da2a2a2046618bec3642c0e4170d,41f692ef5e00f424d3c76d5979e2efaf471c9d2f559bda07bd17e8a4e42fb2b5,train
115,STR-2427F8EACDBEB2183A48,N#Cc1ccc(OCCCN2CCC(C(N)(c3ccccc3)C3CCCC3)CC2)cc1,6.95337673444808,IC50,biochemical_inhibition,BindingDB;PubChem,,STR-2427F8EACDBEB2183A48,c1ccc(OCCCN2CCC(C(c3ccccc3)C3CCCC3)CC2)cc1,bemis_murcko,scaffold,scaffold,c36cc6a6a29b1791359d66e339db904e9899da2a2a2046618bec3642c0e4170d,41f692ef5e00f424d3c76d5979e2efaf471c9d2f559bda07bd17e8a4e42fb2b5,train
116,STR-24BA8A5718C0F3749245,CNC(=O)O[C@@H]1CCC[C@H]1C(C#N)(c1ccccc1)C1CCN(C2CCN(c3ccc(S(=O)(=O)c4ccccc4)cc3)CC2)CC1,5.207608310501746,IC50,biochemical_inhibition,BindingDB,,STR-24BA8A5718C0F3749245,O=S(=O)(c1ccccc1)c1ccc(N2CCC(N3CCC(C(c4ccccc4)C4CCCC4)CC3)CC2)cc1,bemis_murcko,scaffold,scaffold,c36cc6a6a29b1791359d66e339db904e9899da2a2a2046618bec3642c0e4170d,41f692ef5e00f424d3c76d5979e2efaf471c9d2f559bda07bd17e8a4e42fb2b5,train
117,STR-24E8A686F24A9B2B9CC8,O=S(=O)(c1ccc(N2CC(CN3CCC(C4(C5CCCC5)COCc5ccccc54)CC3)C2)cc1)C1CC1,6.517126416391246,IC50,biochemical_inhibition,BindingDB,,STR-24E8A686F24A9B2B9CC8,O=S(=O)(c1ccc(N2CC(CN3CCC(C4(C5CCCC5)COCc5ccccc54)CC3)C2)cc1)C1CC1,bemis_murcko,scaffold,scaffold,c36cc6a6a29b1791359d66e339db904e9899da2a2a2046618bec3642c0e4170d,41f692ef5e00f424d3c76d5979e2efaf471c9d2f559bda07bd17e8a4e42fb2b5,train
118,STR-255DB67962B7EE39DB3A,CC(C)c1ccccc1-c1cc(F)ccc1-n1cc(C(=O)C2CCN(C(=O)[C@H]3N[C@@H]4CC[C@H]3C4)CC2)c2ccncc21,8.154901959985743,IC50,biochemical_inhibition,PubChem,2025.0,STR-255DB67962B7EE39DB3A,O=C(c1cn(-c2ccccc2-c2ccccc2)c2cnccc12)C1CCN(C(=O)C2NC3CCC2C3)CC1,bemis_murcko,scaffold,scaffold,c36cc6a6a29b1791359d66e339db904e9899da2a2a2046618bec3642c0e4170d,41f692ef5e00f424d3c76d5979e2efaf471c9d2f559bda07bd17e8a4e42fb2b5,train
119,STR-26DE89331A7438286FB0,N#Cc1ccc(OCCCN2CCC(C(C#N)(c3ccccc3)C3CCCCC3)CC2)cc1,4.954677021213342,IC50,biochemical_inhibition,BindingDB,,STR-26DE89331A7438286FB0,c1ccc(OCCCN2CCC(C(c3ccccc3)C3CCCCC3)CC2)cc1,bemis_murcko,scaffold,scaffold,c36cc6a6a29b1791359d66e339db904e9899da2a2a2046618bec3642c0e4170d,41f692ef5e00f424d3c76d5979e2efaf471c9d2f559bda07bd17e8a4e42fb2b5,train
120,STR-273A26E1D5A4680448DF,FC(F)(F)Cc1cc2c(NC3CCN(CC4CC4)CC3)ncnc2s1,6.113509274827518,IC50,biochemical_inhibition,PubChem,2021.0,STR-273A26E1D5A4680448DF,c1nc(NC2CCN(CC3CC3)CC2)c2ccsc2n1,bemis_murcko,scaffold,scaffold,c36cc6a6a29b1791359d66e339db904e9899da2a2a2046618bec3642c0e4170d,41f692ef5e00f424d3c76d5979e2efaf471c9d2f559bda07bd17e8a4e42fb2b5,train
121,STR-27FF42BC0C71603EA440,N#Cc1ccc2[nH]c(CCN3CCC(C4(C5CCCC5)NCCc5ccccc54)CC3)cc2c1,5.920818753952375,IC50,biochemical_inhibition,BindingDB,,STR-27FF42BC0C71603EA440,c1ccc2c(c1)CCNC2(C1CCCC1)C1CCN(CCc2cc3ccccc3[nH]2)CC1,bemis_murcko,scaffold,scaffold,c36cc6a6a29b1791359d66e339db904e9899da2a2a2046618bec3642c0e4170d,41f692ef5e00f424d3c76d5979e2efaf471c9d2f559bda07bd17e8a4e42fb2b5,train
122,STR-282D943879193C965050,CCS(=O)(=O)c1ccc(N2CC(C(=O)N3CCC(C4(C5CCCC5)NCCc5c(F)cccc54)CC3)C2)cc1,5.182258126592544,IC50,biochemical_inhibition,BindingDB,,STR-282D943879193C965050,O=C(C1CN(c2ccccc2)C1)N1CCC(C2(C3CCCC3)NCCc3ccccc32)CC1,bemis_murcko,scaffold,scaffold,c36cc6a6a29b1791359d66e339db904e9899da2a2a2046618bec3642c0e4170d,41f692ef5e00f424d3c76d5979e2efaf471c9d2f559bda07bd17e8a4e42fb2b5,train
123,STR-2849978768635A47ED8E,Cc1nccn1CC(c1ccccc1)(C1CCCC1)C1CCN(CC2CN(c3ccc(S(=O)(=O)C4CC4)cc3)C2)CC1,7.537602002101044,IC50,biochemical_inhibition,BindingDB,,STR-2849978768635A47ED8E,O=S(=O)(c1ccc(N2CC(CN3CCC(C(Cn4ccnc4)(c4ccccc4)C4CCCC4)CC3)C2)cc1)C1CC1,bemis_murcko,scaffold,scaffold,c36cc6a6a29b1791359d66e339db904e9899da2a2a2046618bec3642c0e4170d,41f692ef5e00f424d3c76d5979e2efaf471c9d2f559bda07bd17e8a4e42fb2b5,train
124,STR-288DA5D629242E618088,CNC(=O)O[C@@H]1CCC[C@H]1C(CN1CCCC1)(c1ccccc1)C1CCN(CC2CN(c3ccc(S(=O)(=O)c4ccccc4)cc3)C2)CC1,5.853871964321762,IC50,biochemical_inhibition,BindingDB,,STR-288DA5D629242E618088,O=S(=O)(c1ccccc1)c1ccc(N2CC(CN3CCC(C(CN4CCCC4)(c4ccccc4)C4CCCC4)CC3)C2)cc1,bemis_murcko,scaffold,scaffold,c36cc6a6a29b1791359d66e339db904e9899da2a2a2046618bec3642c0e4170d,41f692ef5e00f424d3c76d5979e2efaf471c9d2f559bda07bd17e8a4e42fb2b5,train
125,STR-290979066F752EEEF93B,N=C(N)NCCC[C@@H]1NC(=O)C2(CCCC2)NC(=O)[C@@H]2CCCN2C(=O)[C@H](Cc2ccccc2)NC(=O)[C@@H](N)CCCCCCCCNC(=O)[C@@H]2CCCN2C1=O,5.199282921717614,IC50,biochemical_inhibition,BindingDB,,STR-290979066F752EEEF93B,O=C1CCCCCCCCCNC(=O)C2CCCN2C(=O)CNC(=O)C2(CCCC2)NC(=O)C2CCCN2C(=O)C(Cc2ccccc2)N1,bemis_murcko,scaffold,scaffold,c36cc6a6a29b1791359d66e339db904e9899da2a2a2046618bec3642c0e4170d,41f692ef5e00f424d3c76d5979e2efaf471c9d2f559bda07bd17e8a4e42fb2b5,train
126,STR-291A8BDD78332CB7AA65,CC(=O)N[C@@H](CCCNC(=N)N)C(=O)N[C@@H](Cc1c[nH]c2ccccc12)C(=O)N[C@H]1CCCCCCCCNC(=O)[C@@H]2CCCN2C(=O)[C@H](CCCNC(=N)N)NC(=O)[C@H](C)NC(=O)[C@@H]2CCCN2C(=O)[C@H](Cc2ccccc2)NC1=O,7.602059991327963,IC50,biochemical_inhibition,BindingDB,,STR-291A8BDD78332CB7AA65,O=C1CNC(=O)C2CCCN2C(=O)C(Cc2ccccc2)NC(=O)C(NC(=O)CCc2c[nH]c3ccccc23)CCCCCCCCNC(=O)C2CCCN2C(=O)CN1,bemis_murcko,scaffold,scaffold,c36cc6a6a29b1791359d66e339db904e9899da2a2a2046618bec3642c0e4170d,41f692ef5e00f424d3c76d5979e2efaf471c9d2f559bda07bd17e8a4e42fb2b5,test
127,STR-2970D97AA2D8319AD52C,CCN(C(=O)c1cc(F)ccc1-n1c(C)c(C(=O)[C@@H]2CCN(C(=O)[C@@H]3CC[C@@H](C)N3)[C@@H](C)C2)c2ccncc21)C(C)C,7.102372908709558,IC50,biochemical_inhibition,PubChem,2025.0,STR-2970D97AA2D8319AD52C,O=C(c1cn(-c2ccccc2)c2cnccc12)C1CCN(C(=O)C2CCCN2)CC1,bemis_murcko,scaffold,scaffold,c36cc6a6a29b1791359d66e339db904e9899da2a2a2046618bec3642c0e4170d,41f692ef5e00f424d3c76d5979e2efaf471c9d2f559bda07bd17e8a4e42fb2b5,test
128,STR-298210A977B1E814E254,CNC(=O)O[C@H]1CCC[C@@H]1C(Cn1ccnc1)(c1ccccc1)C1CCN(CC2CN(c3ccc(S(=O)(=O)c4ccccc4)cc3)C2)CC1,7.920818753952375,IC50,biochemical_inhibition,BindingDB,,STR-298210A977B1E814E254,O=S(=O)(c1ccccc1)c1ccc(N2CC(CN3CCC(C(Cn4ccnc4)(c4ccccc4)C4CCCC4)CC3)C2)cc1,bemis_murcko,scaffold,scaffold,c36cc6a6a29b1791359d66e339db904e9899da2a2a2046618bec3642c0e4170d,41f692ef5e00f424d3c76d5979e2efaf471c9d2f559bda07bd17e8a4e42fb2b5,train
129,STR-29E283A71FBDF0015B43,FC(F)(F)Cc1cc2c(NCC3CCN(Cc4ccccc4)CC3)ncnc2s1,5.649751981665837,IC50,biochemical_inhibition,PubChem,2021.0,STR-29E283A71FBDF0015B43,c1ccc(CN2CCC(CNc3ncnc4sccc34)CC2)cc1,bemis_murcko,scaffold,scaffold,c36cc6a6a29b1791359d66e339db904e9899da2a2a2046618bec3642c0e4170d,41f692ef5e00f424d3c76d5979e2efaf471c9d2f559bda07bd17e8a4e42fb2b5,train
130,STR-29F00BB941CE28B9FDF5,COC(=O)N[C@H]1CCC[C@@H]1[C@](CN1CCC(C)(O)CC1)(c1cccc(F)c1)C1CCN(CC2CN(c3ccc(S(=O)(=O)C4CC4)cc3)C2)CC1,8.455931955649724,IC50,biochemical_inhibition,BindingDB,,STR-29F00BB941CE28B9FDF5,O=S(=O)(c1ccc(N2CC(CN3CCC(C(CN4CCCCC4)(c4ccccc4)C4CCCC4)CC3)C2)cc1)C1CC1,bemis_murcko,scaffold,scaffold,c36cc6a6a29b1791359d66e339db904e9899da2a2a2046618bec3642c0e4170d,41f692ef5e00f424d3c76d5979e2efaf471c9d2f559bda07bd17e8a4e42fb2b5,test
131,STR-2A720D6641F50CDDC420,CS(=O)(=O)c1ccc(OCCCN2CCC(C3(C4CCCCC4)NCCc4ccccc43)CC2)cc1,5.721246399047171,IC50,biochemical_inhibition,BindingDB,,STR-2A720D6641F50CDDC420,c1ccc(OCCCN2CCC(C3(C4CCCCC4)NCCc4ccccc43)CC2)cc1,bemis_murcko,scaffold,scaffold,c36cc6a6a29b1791359d66e339db904e9899da2a2a2046618bec3642c0e4170d,41f692ef5e00f424d3c76d5979e2efaf471c9d2f559bda07bd17e8a4e42fb2b5,train
132,STR-2AFD93E7E8064B3E49E2,C=CCC1(C2CCN(CCCOc3ccc(C#N)cc3)CC2)NCCc2ccccc21,5.552841968657781,IC50,biochemical_inhibition,BindingDB,,STR-2AFD93E7E8064B3E49E2,c1ccc(OCCCN2CCC(C3NCCc4ccccc43)CC2)cc1,bemis_murcko,scaffold,scaffold,c36cc6a6a29b1791359d66e339db904e9899da2a2a2046618bec3642c0e4170d,41f692ef5e00f424d3c76d5979e2efaf471c9d2f559bda07bd17e8a4e42fb2b5,test
133,STR-2B851BD340029F6F49CB,CC(C)N(C(=O)c1cc(F)ccc1-n1cc(C(=O)C2CCN(C(=O)[C@H]3N[C@H]4C[C@@H]3[C@@H](F)C4)CC2)c2ccncc21)C(C)C,7.602059991327963,IC50,biochemical_inhibition,PubChem,2025.0,STR-2B851BD340029F6F49CB,O=C(c1cn(-c2ccccc2)c2cnccc12)C1CCN(C(=O)C2NC3CCC2C3)CC1,bemis_murcko,scaffold,scaffold,c36cc6a6a29b1791359d66e339db904e9899da2a2a2046618bec3642c0e4170d,41f692ef5e00f424d3c76d5979e2efaf471c9d2f559bda07bd17e8a4e42fb2b5,train
134,STR-2BCFE9B3B04BB17781E9,CCCN1CCN(CCn2c(C#N)cc3c(C)c(CN4CCC(Nc5ncnc6sc(CC(F)(F)F)cc56)CC4)ccc32)CC1,7.4089353929735005,IC50,biochemical_inhibition,BindingDB,,STR-2BCFE9B3B04BB17781E9,c1nc(NC2CCN(Cc3ccc4c(ccn4CCN4CCNCC4)c3)CC2)c2ccsc2n1,bemis_murcko,scaffold,scaffold,c36cc6a6a29b1791359d66e339db904e9899da2a2a2046618bec3642c0e4170d,41f692ef5e00f424d3c76d5979e2efaf471c9d2f559bda07bd17e8a4e42fb2b5,train
135,STR-2BD8E1D3643B1EDA4E91,CC(=O)N[C@@H]1CCC[C@H]1C(C#N)(c1ccccc1)C1CCN(CC2CN(c3ccc(S(=O)(=O)c4ccncc4)cc3)C2)CC1,6.255707016877324,IC50,biochemical_inhibition,BindingDB,,STR-2BD8E1D3643B1EDA4E91,O=S(=O)(c1ccncc1)c1ccc(N2CC(CN3CCC(C(c4ccccc4)C4CCCC4)CC3)C2)cc1,bemis_murcko,scaffold,scaffold,c36cc6a6a29b1791359d66e339db904e9899da2a2a2046618bec3642c0e4170d,41f692ef5e00f424d3c76d5979e2efaf471c9d2f559bda07bd17e8a4e42fb2b5,train
136,STR-2C3FE5CA1858927467FA,O=S(=O)(c1ccc(N2CC(CN3CCC(C4(C5CCCC5)CN(CCF)Cc5ccccc54)CC3)C2)cc1)C1CC1,6.863279432843593,IC50,biochemical_inhibition,BindingDB,,STR-2C3FE5CA1858927467FA,O=S(=O)(c1ccc(N2CC(CN3CCC(C4(C5CCCC5)CNCc5ccccc54)CC3)C2)cc1)C1CC1,bemis_murcko,scaffold,scaffold,c36cc6a6a29b1791359d66e339db904e9899da2a2a2046618bec3642c0e4170d,41f692ef5e00f424d3c76d5979e2efaf471c9d2f559bda07bd17e8a4e42fb2b5,train
137,STR-2C7EF7999D5663924AEB,Fc1ccc(CN2CCC(CNc3ncnc4sc(CC(F)(F)F)cc34)CC2)cc1,5.931814138253838,IC50,biochemical_inhibition,PubChem,2021.0,STR-2C7EF7999D5663924AEB,c1ccc(CN2CCC(CNc3ncnc4sccc34)CC2)cc1,bemis_murcko,scaffold,scaffold,c36cc6a6a29b1791359d66e339db904e9899da2a2a2046618bec3642c0e4170d,41f692ef5e00f424d3c76d5979e2efaf471c9d2f559bda07bd17e8a4e42fb2b5,train
138,STR-2D55FE8551B1D848CB36,CC(=O)N[C@@H](CO)C(=O)N[C@@H](C)C(=O)N[C@@H](CCCN=C(N)N)C(=O)N[C@@H](Cc1c[nH]c2ccccc12)C(=O)N[C@H]1C/C=C\C[C@@H](C(=O)N2CCC[C@H]2C(=O)N[C@@H](CCCN=C(N)N)C(N)=O)NC(=O)[C@H](C)NC(=O)[C@@H]2CCCN2C(=O)[C@H](Cc2cccc(F)c2)NC1=O,6.55129368009492,IC50,biochemical_inhibition,PubChem,2022.0,STR-2D55FE8551B1D848CB36,O=C(CCc1c[nH]c2ccccc12)NC1CC=CCC(C(=O)N2CCCC2)NC(=O)CNC(=O)C2CCCN2C(=O)C(Cc2ccccc2)NC1=O,bemis_murcko,scaffold,scaffold,c36cc6a6a29b1791359d66e339db904e9899da2a2a2046618bec3642c0e4170d,41f692ef5e00f424d3c76d5979e2efaf471c9d2f559bda07bd17e8a4e42fb2b5,train
139,STR-2D6C1263F87FC6A92E1C,CCN1Cc2ccccc2C(C2CCCC2)(C2CCN(CC3CN(c4ccc(S(=O)(=O)c5cnn(CC)c5)cc4)C3)CC2)C1,7.920818753952375,IC50,biochemical_inhibition,BindingDB,,STR-2D6C1263F87FC6A92E1C,O=S(=O)(c1ccc(N2CC(CN3CCC(C4(C5CCCC5)CNCc5ccccc54)CC3)C2)cc1)c1cn[nH]c1,bemis_murcko,scaffold,scaffold,c36cc6a6a29b1791359d66e339db904e9899da2a2a2046618bec3642c0e4170d,41f692ef5e00f424d3c76d5979e2efaf471c9d2f559bda07bd17e8a4e42fb2b5,train
140,STR-2DF889B7CE300E2B7A6D,Cc1c(C(=O)C2CCN(C(=O)[C@H]3NC[C@@H]4C[C@@H]43)CC2)c2ccncc2n1-c1ccc(F)cc1-c1cnccc1C(C)C,7.823908740944319,IC50,biochemical_inhibition,PubChem,2025.0,STR-2DF889B7CE300E2B7A6D,O=C(c1cn(-c2ccccc2-c2cccnc2)c2cnccc12)C1CCN(C(=O)C2NCC3CC32)CC1,bemis_murcko,scaffold,scaffold,c36cc6a6a29b1791359d66e339db904e9899da2a2a2046618bec3642c0e4170d,41f692ef5e00f424d3c76d5979e2efaf471c9d2f559bda07bd17e8a4e42fb2b5,test
141,STR-2E19648BD2890AA2BB83,N=C(N)NCCC[C@@H]1NC(=O)C2(CCC2)NC(=O)[C@@H]2CCCN2C(=O)[C@H](Cc2cccc(C(F)(F)F)c2)NC(=O)[C@@H](N)CCCCCCCCNC(=O)[C@@H]2CCCN2C1=O,5.598599459218455,IC50,biochemical_inhibition,BindingDB,,STR-2E19648BD2890AA2BB83,O=C1CCCCCCCCCNC(=O)C2CCCN2C(=O)CNC(=O)C2(CCC2)NC(=O)C2CCCN2C(=O)C(Cc2ccccc2)N1,bemis_murcko,scaffold,scaffold,c36cc6a6a29b1791359d66e339db904e9899da2a2a2046618bec3642c0e4170d,41f692ef5e00f424d3c76d5979e2efaf471c9d2f559bda07bd17e8a4e42fb2b5,test
142,STR-2E8A075F614E722CE8DF,CC(=O)O[C@@H]1CCC[C@H]1C(C#N)(c1ccccc1)C1CCN(CC2CN(c3ccc(S(=O)(=O)c4ccnc(C)c4)cc3)C2)CC1,7.769551078621726,IC50,biochemical_inhibition,BindingDB,,STR-2E8A075F614E722CE8DF,O=S(=O)(c1ccncc1)c1ccc(N2CC(CN3CCC(C(c4ccccc4)C4CCCC4)CC3)C2)cc1,bemis_murcko,scaffold,scaffold,c36cc6a6a29b1791359d66e339db904e9899da2a2a2046618bec3642c0e4170d,41f692ef5e00f424d3c76d5979e2efaf471c9d2f559bda07bd17e8a4e42fb2b5,train
143,STR-2F455AB9921DC1979A1E,NC(N)=NCCC[C@@H]1NC(=O)C2(CCC2)NC(=O)[C@@H]2CCCN2C(=O)[C@H](Cc2ccccc2)NC(=O)[C@@H](N)CCCCCCCCNC(=O)[C@@H]2CCCN2C1=O,6.991399828238082,IC50,biochemical_inhibition,PubChem,2013.0,STR-2F455AB9921DC1979A1E,O=C1CCCCCCCCCNC(=O)C2CCCN2C(=O)CNC(=O)C2(CCC2)NC(=O)C2CCCN2C(=O)C(Cc2ccccc2)N1,bemis_murcko,scaffold,scaffold,c36cc6a6a29b1791359d66e339db904e9899da2a2a2046618bec3642c0e4170d,41f692ef5e00f424d3c76d5979e2efaf471c9d2f559bda07bd17e8a4e42fb2b5,test
144,STR-2FF2DB436296505D61BF,CC(=O)N[C@@H](CCCNC(=N)N)C(=O)N[C@@H](Cc1c[nH]c2ccccc12)C(=O)N[C@@H](CCCNC(=N)N)C(=O)N[C@@H](Cc1ccccc1)C(=O)N1CCC[C@H]1C(=O)N[C@@H](C)C(=O)N[C@@H](CCCNC(=N)N)C(=O)N1CCC[C@H]1C(=O)NCC(=O)N[C@H](C(=O)NCC(=O)N[C@@H](CCCNC(=N)N)C(=O)N[C@@H](CCCNC(=N)N)C(N)=O)[C@@H](C)O,7.943095148663527,IC50,biochemical_inhibition,BindingDB;PubChem,2013.0,STR-2FF2DB436296505D61BF,O=C(CCc1c[nH]c2ccccc12)NCC(=O)NC(Cc1ccccc1)C(=O)N1CCCC1C(=O)NCC(=O)NCC(=O)N1CCCC1,bemis_murcko,scaffold,scaffold,c36cc6a6a29b1791359d66e339db904e9899da2a2a2046618bec3642c0e4170d,41f692ef5e00f424d3c76d5979e2efaf471c9d2f559bda07bd17e8a4e42fb2b5,train
145,STR-302CEABDCAF94D07CF45,CCN(C(=O)c1cc(F)ccc1-n1c(C)c(C(=O)C2CCN(C(=O)[C@H]3CCC(C)(C)N3)CC2)c2ccncc21)C(C)C,7.537602002101044,IC50,biochemical_inhibition,PubChem,2025.0,STR-302CEABDCAF94D07CF45,O=C(c1cn(-c2ccccc2)c2cnccc12)C1CCN(C(=O)C2CCCN2)CC1,bemis_murcko,scaffold,scaffold,c36cc6a6a29b1791359d66e339db904e9899da2a2a2046618bec3642c0e4170d,41f692ef5e00f424d3c76d5979e2efaf471c9d2f559bda07bd17e8a4e42fb2b5,test
146,STR-30D1E5B8E9867EA8DE8A,CNC(=O)N[C@@H]1CCC[C@H]1C(C#N)(c1ccccc1)C1CCN(CC2CN(c3ccc(S(=O)(=O)c4ccncc4)cc3)C2)CC1,6.055024091587953,IC50,biochemical_inhibition,BindingDB,,STR-30D1E5B8E9867EA8DE8A,O=S(=O)(c1ccncc1)c1ccc(N2CC(CN3CCC(C(c4ccccc4)C4CCCC4)CC3)C2)cc1,bemis_murcko,scaffold,scaffold,c36cc6a6a29b1791359d66e339db904e9899da2a2a2046618bec3642c0e4170d,41f692ef5e00f424d3c76d5979e2efaf471c9d2f559bda07bd17e8a4e42fb2b5,train
147,STR-30E7F50211EE28460DBB,CN(C)C(=O)N[C@@H]1CCC[C@H]1C(C#N)(c1ccccc1)C1CCN(CC2CN(c3ccc(S(=O)(=O)c4ccncc4)cc3)C2)CC1,5.920818753952375,IC50,biochemical_inhibition,BindingDB,,STR-30E7F50211EE28460DBB,O=S(=O)(c1ccncc1)c1ccc(N2CC(CN3CCC(C(c4ccccc4)C4CCCC4)CC3)C2)cc1,bemis_murcko,scaffold,scaffold,c36cc6a6a29b1791359d66e339db904e9899da2a2a2046618bec3642c0e4170d,41f692ef5e00f424d3c76d5979e2efaf471c9d2f559bda07bd17e8a4e42fb2b5,train
148,STR-30F7252227E532D4C84E,Cc1c(C(=O)C2CCN(C(=O)[C@@H]3CCC(C)(C)N3)CC2)c2ccncc2n1-c1ccc(F)cc1C(=O)C(C(C)C)C(C)C,6.991399828238082,IC50,biochemical_inhibition,PubChem,2025.0,STR-30F7252227E532D4C84E,O=C(c1cn(-c2ccccc2)c2cnccc12)C1CCN(C(=O)C2CCCN2)CC1,bemis_murcko,scaffold,scaffold,c36cc6a6a29b1791359d66e339db904e9899da2a2a2046618bec3642c0e4170d,41f692ef5e00f424d3c76d5979e2efaf471c9d2f559bda07bd17e8a4e42fb2b5,test
149,STR-31013D2308E98B54F331,Cc1c(CN2CCC(Nc3ncnc4sc(CC(F)(F)F)cc34)CC2)ccc2c1cc(C#N)n2CCN1CCN(S(N)(=O)=O)CC1,7.585026652029182,IC50,biochemical_inhibition,BindingDB,,STR-31013D2308E98B54F331,c1nc(NC2CCN(Cc3ccc4c(ccn4CCN4CCNCC4)c3)CC2)c2ccsc2n1,bemis_murcko,scaffold,scaffold,c36cc6a6a29b1791359d66e339db904e9899da2a2a2046618bec3642c0e4170d,41f692ef5e00f424d3c76d5979e2efaf471c9d2f559bda07bd17e8a4e42fb2b5,train
150,STR-3187B729C5A86F22C447,CCO[C@@H]1CCC[C@H]1C(C#N)(c1ccccc1)C1CCN(CC2CN(c3ccc(S(=O)(=O)c4ccncc4)cc3)C2)CC1,5.045757490560675,IC50,biochemical_inhibition,BindingDB,,STR-3187B729C5A86F22C447,O=S(=O)(c1ccncc1)c1ccc(N2CC(CN3CCC(C(c4ccccc4)C4CCCC4)CC3)C2)cc1,bemis_murcko,scaffold,scaffold,c36cc6a6a29b1791359d66e339db904e9899da2a2a2046618bec3642c0e4170d,41f692ef5e00f424d3c76d5979e2efaf471c9d2f559bda07bd17e8a4e42fb2b5,train
151,STR-31D21D2CCB9374585486,N#Cc1ccc(OCCCN2CCC(C(O)(c3cccc(Cl)c3)C3CCCC3)CC2)cc1,6.645891560852599,IC50,biochemical_inhibition,BindingDB;PubChem,,STR-31D21D2CCB9374585486,c1ccc(OCCCN2CCC(C(c3ccccc3)C3CCCC3)CC2)cc1,bemis_murcko,scaffold,scaffold,c36cc6a6a29b1791359d66e339db904e9899da2a2a2046618bec3642c0e4170d,41f692ef5e00f424d3c76d5979e2efaf471c9d2f559bda07bd17e8a4e42fb2b5,train
152,STR-3253D8DC94A1BCB38E8F,CCN1Cc2ccccc2C(C2CCCC2)(C2CCN(CC3CN(c4ccc(S(=O)(=O)c5ccncc5C)cc4)C3)CC2)C1,8.154901959985743,IC50,biochemical_inhibition,BindingDB,,STR-3253D8DC94A1BCB38E8F,O=S(=O)(c1ccncc1)c1ccc(N2CC(CN3CCC(C4(C5CCCC5)CNCc5ccccc54)CC3)C2)cc1,bemis_murcko,scaffold,scaffold,c36cc6a6a29b1791359d66e339db904e9899da2a2a2046618bec3642c0e4170d,41f692ef5e00f424d3c76d5979e2efaf471c9d2f559bda07bd17e8a4e42fb2b5,train
153,STR-3285E2BFD8068CB3A1DB,N#Cc1ccc(OCCN2CCC(CC3(C4CCCC4)NCCc4ccccc43)CC2)cc1,4.694648630553377,IC50,biochemical_inhibition,BindingDB,,STR-3285E2BFD8068CB3A1DB,c1ccc(OCCN2CCC(CC3(C4CCCC4)NCCc4ccccc43)CC2)cc1,bemis_murcko,scaffold,scaffold,c36cc6a6a29b1791359d66e339db904e9899da2a2a2046618bec3642c0e4170d,41f692ef5e00f424d3c76d5979e2efaf471c9d2f559bda07bd17e8a4e42fb2b5,train
154,STR-329A1DF49F92EC5C8A64,Cc1c(CN2CCC(Nc3ncnc4sc(CC(F)(F)F)cc34)CC2)ccc2c1cc(C#N)n2Cc1cn[nH]c1,7.828295703098071,IC50,biochemical_inhibition,BindingDB;PubChem,2020.0,STR-329A1DF49F92EC5C8A64,c1nc(NC2CCN(Cc3ccc4c(ccn4Cc4cn[nH]c4)c3)CC2)c2ccsc2n1,bemis_murcko,scaffold,scaffold,c36cc6a6a29b1791359d66e339db904e9899da2a2a2046618bec3642c0e4170d,41f692ef5e00f424d3c76d5979e2efaf471c9d2f559bda07bd17e8a4e42fb2b5,train
155,STR-32C783CF3715A530BA7C,CC(=O)N[C@@H](CCCN=C(N)N)C(=O)N[C@@H](Cc1c[nH]c2ccccc12)C(=O)N[C@@H](CCCN=C(N)N)C(=O)N[C@@H](Cc1ccccc1)C(=O)N1CCC[C@H]1C(=O)N[C@@H](C)C(=O)N[C@@H](CCCN=C(N)N)C(=O)N1CCC[C@H]1C(N)=O,6.634512015109101,IC50,biochemical_inhibition,PubChem,2013.0,STR-32C783CF3715A530BA7C,O=C(CCc1c[nH]c2ccccc12)NCC(=O)NC(Cc1ccccc1)C(=O)N1CCCC1C(=O)NCC(=O)NCC(=O)N1CCCC1,bemis_murcko,scaffold,scaffold,c36cc6a6a29b1791359d66e339db904e9899da2a2a2046618bec3642c0e4170d,41f692ef5e00f424d3c76d5979e2efaf471c9d2f559bda07bd17e8a4e42fb2b5,train
156,STR-32FEF1FCB73DC9ADA20D,CC(=O)O[C@H]1CCC[C@@H]1C1(C2CCN(CC3CN(c4ccc(S(=O)(=O)C5CC5)cc4)C3)CC2)CN(C)Cc2ccc(F)cc21,8.522878745280337,IC50,biochemical_inhibition,BindingDB,,STR-32FEF1FCB73DC9ADA20D,O=S(=O)(c1ccc(N2CC(CN3CCC(C4(C5CCCC5)CNCc5ccccc54)CC3)C2)cc1)C1CC1,bemis_murcko,scaffold,scaffold,c36cc6a6a29b1791359d66e339db904e9899da2a2a2046618bec3642c0e4170d,41f692ef5e00f424d3c76d5979e2efaf471c9d2f559bda07bd17e8a4e42fb2b5,train
157,STR-33470FA3D63C6644B384,CC(=O)NCC(c1ccccc1)(C1CCCC1)C1CCN(CCCOc2ccc(C#N)cc2)CC1,6.087777943467584,IC50,biochemical_inhibition,BindingDB,,STR-33470FA3D63C6644B384,c1ccc(OCCCN2CCC(C(c3ccccc3)C3CCCC3)CC2)cc1,bemis_murcko,scaffold,scaffold,c36cc6a6a29b1791359d66e339db904e9899da2a2a2046618bec3642c0e4170d,41f692ef5e00f424d3c76d5979e2efaf471c9d2f559bda07bd17e8a4e42fb2b5,train
158,STR-334A6D2F1631C6ED2448,CCc1cc2c(N3CCN(c4nnc(C(F)(F)F)s4)CC3)ncnc2s1,5.922331981267469,IC50,biochemical_inhibition,BindingDB;PubChem,2020.0,STR-334A6D2F1631C6ED2448,c1nc(N2CCN(c3nncs3)CC2)c2ccsc2n1,bemis_murcko,scaffold,scaffold,c36cc6a6a29b1791359d66e339db904e9899da2a2a2046618bec3642c0e4170d,41f692ef5e00f424d3c76d5979e2efaf471c9d2f559bda07bd17e8a4e42fb2b5,train
159,STR-338D75E25E61086DDEB0,CS(=O)(=O)c1ccc(N2CC(CN3CCC(C(C#N)(c4ccccc4)[C@H]4CCC[C@@H]4O)CC3)C2)cc1,5.187086643357144,IC50,biochemical_inhibition,BindingDB,,STR-338D75E25E61086DDEB0,c1ccc(C(C2CCCC2)C2CCN(CC3CN(c4ccccc4)C3)CC2)cc1,bemis_murcko,scaffold,scaffold,c36cc6a6a29b1791359d66e339db904e9899da2a2a2046618bec3642c0e4170d,41f692ef5e00f424d3c76d5979e2efaf471c9d2f559bda07bd17e8a4e42fb2b5,train
160,STR-33EC56FC5D9EE8140CC4,C=CC(=O)Nc1ccc(S(=O)(=O)c2ccc(N3CC(CN4CCC([C@@](C#N)(c5cccc(F)c5)[C@H]5CCC[C@@H]5OC(=O)NC)CC4)C3)cc2)cc1,8.698970004336019,IC50,biochemical_inhibition,BindingDB,,STR-33EC56FC5D9EE8140CC4,O=S(=O)(c1ccccc1)c1ccc(N2CC(CN3CCC(C(c4ccccc4)C4CCCC4)CC3)C2)cc1,bemis_murcko,scaffold,scaffold,c36cc6a6a29b1791359d66e339db904e9899da2a2a2046618bec3642c0e4170d,41f692ef5e00f424d3c76d5979e2efaf471c9d2f559bda07bd17e8a4e42fb2b5,test
161,STR-33ECA7BC02C166AF1729,O=S(=O)(c1ccc(N2CC(CN3CCC(C4(C5CCCC5)NCCc5ccccc54)CC3)C2)cc1)C1CC1,7.602059991327963,IC50,biochemical_inhibition,BindingDB,,STR-33ECA7BC02C166AF1729,O=S(=O)(c1ccc(N2CC(CN3CCC(C4(C5CCCC5)NCCc5ccccc54)CC3)C2)cc1)C1CC1,bemis_murcko,scaffold,scaffold,c36cc6a6a29b1791359d66e339db904e9899da2a2a2046618bec3642c0e4170d,41f692ef5e00f424d3c76d5979e2efaf471c9d2f559bda07bd17e8a4e42fb2b5,train
162,STR-345899C1E6A28DAE7335,N#Cc1ccc(OCCCN2CCC(C(C#N)(Cc3ccncc3)c3ccccc3)CC2)cc1,3.743522793758323,IC50,biochemical_inhibition,BindingDB,,STR-345899C1E6A28DAE7335,c1ccc(OCCCN2CCC(C(Cc3ccncc3)c3ccccc3)CC2)cc1,bemis_murcko,scaffold,scaffold,c36cc6a6a29b1791359d66e339db904e9899da2a2a2046618bec3642c0e4170d,41f692ef5e00f424d3c76d5979e2efaf471c9d2f559bda07bd17e8a4e42fb2b5,train
163,STR-347DC3D999F21F3C4C9C,CC(=O)N[C@@H](CO)C(=O)N[C@@H](C)C(=O)N[C@@H](CCCN=C(N)N)C(=O)N[C@@H](Cc1c[nH]c2ccccc12)C(=O)N[C@H]1C/C=C\C[C@@H](C(=O)N2CCC[C@H]2C(=O)N[C@@H](CCCN=C(N)N)C(N)=O)NC(=O)C2(CCC2)NC(=O)[C@@H]2CCCN2C(=O)[C@H](Cc2ccccc2)NC1=O,7.080921907623926,IC50,biochemical_inhibition,PubChem,2022.0,STR-347DC3D999F21F3C4C9C,O=C(CCc1c[nH]c2ccccc12)NC1CC=CCC(C(=O)N2CCCC2)NC(=O)C2(CCC2)NC(=O)C2CCCN2C(=O)C(Cc2ccccc2)NC1=O,bemis_murcko,scaffold,scaffold,c36cc6a6a29b1791359d66e339db904e9899da2a2a2046618bec3642c0e4170d,41f692ef5e00f424d3c76d5979e2efaf471c9d2f559bda07bd17e8a4e42fb2b5,train
164,STR-34DA364C524542BAF54B,COC(=O)N[C@H]1CCC[C@@H]1[C@](CN1CCC1)(c1cccc(F)c1)C1CCN(CC2CN(c3ccc(S(=O)(=O)C4CN(C(=O)/C=C/CN5CC(F)(F)C5)C4)cc3)C2)CC1,9.0,IC50,biochemical_inhibition,BindingDB,,STR-34DA364C524542BAF54B,O=C(C=CCN1CCC1)N1CC(S(=O)(=O)c2ccc(N3CC(CN4CCC(C(CN5CCC5)(c5ccccc5)C5CCCC5)CC4)C3)cc2)C1,bemis_murcko,scaffold,scaffold,c36cc6a6a29b1791359d66e339db904e9899da2a2a2046618bec3642c0e4170d,41f692ef5e00f424d3c76d5979e2efaf471c9d2f559bda07bd17e8a4e42fb2b5,train
165,STR-34FE1D5BDCFE7B2EB7FE,O=c1cccc2n1[C@@H]1C[C@H](C2)CN(CC(O)CCCc2ccccc2)C1,9.0,IC50,biochemical_inhibition,BindingDB;PubChem,,STR-34FE1D5BDCFE7B2EB7FE,O=c1cccc2n1C1CC(C2)CN(CCCCCc2ccccc2)C1,bemis_murcko,scaffold,scaffold,c36cc6a6a29b1791359d66e339db904e9899da2a2a2046618bec3642c0e4170d,41f692ef5e00f424d3c76d5979e2efaf471c9d2f559bda07bd17e8a4e42fb2b5,train
166,STR-35790CE0C27A0709B3BB,O=C([C@H]1N[C@H]2C[C@@H]1[C@@H](F)C2)N1CC2(C1)CN(c1c(C(F)(F)F)cnc3sc(CC(F)(F)F)cc13)C2,7.624260367736677,IC50,biochemical_inhibition,BindingDB;PubChem,,STR-35790CE0C27A0709B3BB,O=C(C1NC2CCC1C2)N1CC2(C1)CN(c1ccnc3sccc13)C2,bemis_murcko,scaffold,scaffold,c36cc6a6a29b1791359d66e339db904e9899da2a2a2046618bec3642c0e4170d,41f692ef5e00f424d3c76d5979e2efaf471c9d2f559bda07bd17e8a4e42fb2b5,test
167,STR-357FF7F1EF112B333FD8,CCN1Cc2ccccc2C(C2CCCC2)(C2CCN(CC3CN(c4ccc(S(=O)(=O)c5cnn(C)c5)cc4)C3)CC2)C1,7.958607314841775,IC50,biochemical_inhibition,BindingDB,,STR-357FF7F1EF112B333FD8,O=S(=O)(c1ccc(N2CC(CN3CCC(C4(C5CCCC5)CNCc5ccccc54)CC3)C2)cc1)c1cn[nH]c1,bemis_murcko,scaffold,scaffold,c36cc6a6a29b1791359d66e339db904e9899da2a2a2046618bec3642c0e4170d,41f692ef5e00f424d3c76d5979e2efaf471c9d2f559bda07bd17e8a4e42fb2b5,train
168,STR-35E90D031B3F78B685C4,CCc1cc2c(N3CCN(c4nccs4)CC3)ncnc2s1,4.337242168318426,IC50,biochemical_inhibition,PubChem,2020.0,STR-35E90D031B3F78B685C4,c1csc(N2CCN(c3ncnc4sccc34)CC2)n1,bemis_murcko,scaffold,scaffold,c36cc6a6a29b1791359d66e339db904e9899da2a2a2046618bec3642c0e4170d,41f692ef5e00f424d3c76d5979e2efaf471c9d2f559bda07bd17e8a4e42fb2b5,train
169,STR-35F6D1EC02194FC314E7,CNC(=O)O[C@H]1CCC[C@@H]1C(C#N)(c1ccccc1)C1CCN(CC2CN(c3ccc([N+](=O)[O-])cc3)C2)CC1,7.886056647693163,IC50,biochemical_inhibition,BindingDB,,STR-35F6D1EC02194FC314E7,c1ccc(C(C2CCCC2)C2CCN(CC3CN(c4ccccc4)C3)CC2)cc1,bemis_murcko,scaffold,scaffold,c36cc6a6a29b1791359d66e339db904e9899da2a2a2046618bec3642c0e4170d,41f692ef5e00f424d3c76d5979e2efaf471c9d2f559bda07bd17e8a4e42fb2b5,train
170,STR-3601397C7850DBE7E578,CNC(=O)O[C@@H]1CCC[C@H]1C(Cn1ccnc1)(c1ccccc1)C1CCN(CC2CN(c3ccc(S(=O)(=O)c4ccccc4)cc3)C2)CC1,7.376750709602099,IC50,biochemical_inhibition,BindingDB,,STR-3601397C7850DBE7E578,O=S(=O)(c1ccccc1)c1ccc(N2CC(CN3CCC(C(Cn4ccnc4)(c4ccccc4)C4CCCC4)CC3)C2)cc1,bemis_murcko,scaffold,scaffold,c36cc6a6a29b1791359d66e339db904e9899da2a2a2046618bec3642c0e4170d,41f692ef5e00f424d3c76d5979e2efaf471c9d2f559bda07bd17e8a4e42fb2b5,train
171,STR-36312C3198C5595912E8,Nc1cccc(CN2CCC(Nc3ncnc4sc(CC(F)(F)F)cc34)CC2)c1,5.899629454882437,IC50,biochemical_inhibition,PubChem,2021.0,STR-36312C3198C5595912E8,c1ccc(CN2CCC(Nc3ncnc4sccc34)CC2)cc1,bemis_murcko,scaffold,scaffold,c36cc6a6a29b1791359d66e339db904e9899da2a2a2046618bec3642c0e4170d,41f692ef5e00f424d3c76d5979e2efaf471c9d2f559bda07bd17e8a4e42fb2b5,train
172,STR-3635F302F926924A4F69,CCC(CC)C(=O)N1CCCCC1C1(C2CCN(CCCOc3ccc(C#N)cc3)CC2)CN(C)Cc2ccccc21,4.458420756053419,IC50,biochemical_inhibition,BindingDB,,STR-3635F302F926924A4F69,c1ccc(OCCCN2CCC(C3(C4CCCCN4)CNCc4ccccc43)CC2)cc1,bemis_murcko,scaffold,scaffold,c36cc6a6a29b1791359d66e339db904e9899da2a2a2046618bec3642c0e4170d,41f692ef5e00f424d3c76d5979e2efaf471c9d2f559bda07bd17e8a4e42fb2b5,test
173,STR-36584B3033D9C455D195,N#Cc1ccc(OCCCN2CCC(C3(C4CCCC4)NCCc4ccccc43)CC2)cc1,7.1487416512809245,IC50,biochemical_inhibition,BindingDB,,STR-36584B3033D9C455D195,c1ccc(OCCCN2CCC(C3(C4CCCC4)NCCc4ccccc43)CC2)cc1,bemis_murcko,scaffold,scaffold,c36cc6a6a29b1791359d66e339db904e9899da2a2a2046618bec3642c0e4170d,41f692ef5e00f424d3c76d5979e2efaf471c9d2f559bda07bd17e8a4e42fb2b5,train
174,STR-37683BE8AACC5BF07C17,N#Cc1ccc(NCCCN2CCC(C3(C4CCCC4)NCCc4ccccc43)CC2)cn1,5.638272163982407,IC50,biochemical_inhibition,BindingDB,,STR-37683BE8AACC5BF07C17,c1cncc(NCCCN2CCC(C3(C4CCCC4)NCCc4ccccc43)CC2)c1,bemis_murcko,scaffold,scaffold,c36cc6a6a29b1791359d66e339db904e9899da2a2a2046618bec3642c0e4170d,41f692ef5e00f424d3c76d5979e2efaf471c9d2f559bda07bd17e8a4e42fb2b5,train
175,STR-377B42435916FCE77AA8,CNC(=O)O[C@H]1CCC[C@@H]1[C@](C#N)(c1ccccc1)C1CCN(CC2CN(c3ccc(S(=O)(=O)c4ccncc4)cc3)C2)CC1,8.221848749616356,IC50,biochemical_inhibition,BindingDB,,STR-377B42435916FCE77AA8,O=S(=O)(c1ccncc1)c1ccc(N2CC(CN3CCC(C(c4ccccc4)C4CCCC4)CC3)C2)cc1,bemis_murcko,scaffold,scaffold,c36cc6a6a29b1791359d66e339db904e9899da2a2a2046618bec3642c0e4170d,41f692ef5e00f424d3c76d5979e2efaf471c9d2f559bda07bd17e8a4e42fb2b5,train
176,STR-37892E2865C156499B87,COC(=O)N[C@H]1CCC[C@@H]1[C@](CN1CCCC1)(c1cccc(F)c1)C1CCN(CC2CN(c3ccc(S(=O)(=O)C4CN(C(=O)/C=C/CN(C)C)C4)cc3)C2)CC1,8.698970004336019,IC50,biochemical_inhibition,BindingDB,,STR-37892E2865C156499B87,O=S(=O)(c1ccc(N2CC(CN3CCC(C(CN4CCCC4)(c4ccccc4)C4CCCC4)CC3)C2)cc1)C1CNC1,bemis_murcko,scaffold,scaffold,c36cc6a6a29b1791359d66e339db904e9899da2a2a2046618bec3642c0e4170d,41f692ef5e00f424d3c76d5979e2efaf471c9d2f559bda07bd17e8a4e42fb2b5,train
177,STR-37F5739D847AD6A8207C,O=C([C@H]1N[C@@H]2CC[C@H]1C2)N1CC2(C1)CN(c1c(C(F)F)cnc3sc(CC(F)(F)F)cc13)C2,7.467359564448623,IC50,biochemical_inhibition,BindingDB;PubChem,,STR-37F5739D847AD6A8207C,O=C(C1NC2CCC1C2)N1CC2(C1)CN(c1ccnc3sccc13)C2,bemis_murcko,scaffold,scaffold,c36cc6a6a29b1791359d66e339db904e9899da2a2a2046618bec3642c0e4170d,41f692ef5e00f424d3c76d5979e2efaf471c9d2f559bda07bd17e8a4e42fb2b5,test
178,STR-380D6B8618081351E103,CCCC(=O)Nc1ccc(-c2nc(CC(N)=O)sc2C)cc1,3.0809219076239263,IC50,biochemical_inhibition,BindingDB,,STR-380D6B8618081351E103,c1ccc(-c2cscn2)cc1,bemis_murcko,scaffold,scaffold,c36cc6a6a29b1791359d66e339db904e9899da2a2a2046618bec3642c0e4170d,41f692ef5e00f424d3c76d5979e2efaf471c9d2f559bda07bd17e8a4e42fb2b5,train
179,STR-3815BA4AEEA1DB9CE8BA,COC(=O)N[C@H]1CCC[C@@H]1[C@](CN1CCC1)(c1cccc(F)c1)C1CCN(CC2CN(c3ccc(S(=O)(=O)C4CN(C(=O)/C=C/CN5CCC(F)CC5)C4)cc3)C2)CC1,8.397940008672037,IC50,biochemical_inhibition,BindingDB,,STR-3815BA4AEEA1DB9CE8BA,O=C(C=CCN1CCCCC1)N1CC(S(=O)(=O)c2ccc(N3CC(CN4CCC(C(CN5CCC5)(c5ccccc5)C5CCCC5)CC4)C3)cc2)C1,bemis_murcko,scaffold,scaffold,c36cc6a6a29b1791359d66e339db904e9899da2a2a2046618bec3642c0e4170d,41f692ef5e00f424d3c76d5979e2efaf471c9d2f559bda07bd17e8a4e42fb2b5,train
180,STR-387792503A9801B32A63,CC(=O)N[C@@H](CCCNC(=N)N)C(=O)N[C@@H](Cc1c[nH]c2ccccc12)C(=O)N[C@H]1CCCCNC(=O)[C@@H]2CCCN2C(=O)[C@H](CCCNC(=N)N)NC(=O)[C@H](C)NC(=O)[C@@H]2CCCN2C(=O)[C@H](Cc2ccccc2)NC1=O,4.958607314841775,IC50,biochemical_inhibition,BindingDB,,STR-387792503A9801B32A63,O=C1CNC(=O)C2CCCN2C(=O)C(Cc2ccccc2)NC(=O)C(NC(=O)CCc2c[nH]c3ccccc23)CCCCNC(=O)C2CCCN2C(=O)CN1,bemis_murcko,scaffold,scaffold,c36cc6a6a29b1791359d66e339db904e9899da2a2a2046618bec3642c0e4170d,41f692ef5e00f424d3c76d5979e2efaf471c9d2f559bda07bd17e8a4e42fb2b5,train
181,STR-38D78133670C2C6A5AEA,CC(=O)O[C@H]1CCC[C@@H]1C(C#N)(c1cccc(C(F)(F)F)c1)C1CCN(CC2CN(c3ccc(C#N)cc3)C2)CC1,5.79317412396815,IC50,biochemical_inhibition,BindingDB,,STR-38D78133670C2C6A5AEA,c1ccc(C(C2CCCC2)C2CCN(CC3CN(c4ccccc4)C3)CC2)cc1,bemis_murcko,scaffold,scaffold,c36cc6a6a29b1791359d66e339db904e9899da2a2a2046618bec3642c0e4170d,41f692ef5e00f424d3c76d5979e2efaf471c9d2f559bda07bd17e8a4e42fb2b5,train
182,STR-38F6752F49BCD366F11A,N#Cc1ccc(OCCCN2CCC(C(CO)(c3ccccc3)C3CCCC3)CC2)cc1,6.347753658996677,IC50,biochemical_inhibition,BindingDB,,STR-38F6752F49BCD366F11A,c1ccc(OCCCN2CCC(C(c3ccccc3)C3CCCC3)CC2)cc1,bemis_murcko,scaffold,scaffold,c36cc6a6a29b1791359d66e339db904e9899da2a2a2046618bec3642c0e4170d,41f692ef5e00f424d3c76d5979e2efaf471c9d2f559bda07bd17e8a4e42fb2b5,train
183,STR-39162221D259757C11ED,CN(C)C(=O)N[C@H]1CCC[C@@H]1C(Cn1ccnc1)(c1ccccc1)C1CCN(CC2CN(c3ccc(S(=O)(=O)c4cnn(C)c4)cc3)C2)CC1,8.221848749616356,IC50,biochemical_inhibition,BindingDB,,STR-39162221D259757C11ED,O=S(=O)(c1ccc(N2CC(CN3CCC(C(Cn4ccnc4)(c4ccccc4)C4CCCC4)CC3)C2)cc1)c1cn[nH]c1,bemis_murcko,scaffold,scaffold,c36cc6a6a29b1791359d66e339db904e9899da2a2a2046618bec3642c0e4170d,41f692ef5e00f424d3c76d5979e2efaf471c9d2f559bda07bd17e8a4e42fb2b5,train
184,STR-3941BFA7C86C7BEE8530,CNC(=O)O[C@H]1CCC[C@@H]1C(C#N)(c1ccccc1)C1CCN(CC2CN(c3ccc(S(=O)(=O)C4CC4)cc3)C2)CC1,7.853871964321762,IC50,biochemical_inhibition,BindingDB,,STR-3941BFA7C86C7BEE8530,O=S(=O)(c1ccc(N2CC(CN3CCC(C(c4ccccc4)C4CCCC4)CC3)C2)cc1)C1CC1,bemis_murcko,scaffold,scaffold,c36cc6a6a29b1791359d66e339db904e9899da2a2a2046618bec3642c0e4170d,41f692ef5e00f424d3c76d5979e2efaf471c9d2f559bda07bd17e8a4e42fb2b5,train
185,STR-394215D949D57850FC96,N=C(N)NCCC[C@@H]1NC(=O)C2(CCC2)NC(=O)[C@@H]2CCCN2C(=O)[C@H](Cc2cccc(Cl)c2)NC(=O)[C@@H](N)CCCCCCCCNC(=O)[C@@H]2CCCN2C1=O,6.798602875679549,IC50,biochemical_inhibition,BindingDB,,STR-394215D949D57850FC96,O=C1CCCCCCCCCNC(=O)C2CCCN2C(=O)CNC(=O)C2(CCC2)NC(=O)C2CCCN2C(=O)C(Cc2ccccc2)N1,bemis_murcko,scaffold,scaffold,c36cc6a6a29b1791359d66e339db904e9899da2a2a2046618bec3642c0e4170d,41f692ef5e00f424d3c76d5979e2efaf471c9d2f559bda07bd17e8a4e42fb2b5,test
186,STR-39A915FABCDA41B4B311,CCc1nccn1CC(c1ccccc1)(C1CCN(CC2CN(c3ccc(C#N)cc3)C2)CC1)[C@@H]1CCC[C@H]1OC(=O)NC,6.935542010773082,IC50,biochemical_inhibition,BindingDB,,STR-39A915FABCDA41B4B311,c1ccc(N2CC(CN3CCC(C(Cn4ccnc4)(c4ccccc4)C4CCCC4)CC3)C2)cc1,bemis_murcko,scaffold,scaffold,c36cc6a6a29b1791359d66e339db904e9899da2a2a2046618bec3642c0e4170d,41f692ef5e00f424d3c76d5979e2efaf471c9d2f559bda07bd17e8a4e42fb2b5,train
187,STR-3A41597854480F3DF1D0,COC(=O)N[C@H]1CCC[C@@H]1[C@](C#N)(c1cccc(F)c1)C1C[C@@H](C)N(CC2CN(c3ccc(S(=O)(=O)C4CN(C(=O)/C=C/CN(C)C)C4)cc3)C2)[C@@H](C)C1,8.221848749616356,IC50,biochemical_inhibition,BindingDB,,STR-3A41597854480F3DF1D0,O=S(=O)(c1ccc(N2CC(CN3CCC(C(c4ccccc4)C4CCCC4)CC3)C2)cc1)C1CNC1,bemis_murcko,scaffold,scaffold,c36cc6a6a29b1791359d66e339db904e9899da2a2a2046618bec3642c0e4170d,41f692ef5e00f424d3c76d5979e2efaf471c9d2f559bda07bd17e8a4e42fb2b5,train
188,STR-3A4916332CE912BE72A0,O=C(CN1CCC(C2(C3CCCC3)NCCc3ccccc32)CC1)N1CCc2ccccc2C1,5.086186147616283,IC50,biochemical_inhibition,BindingDB,,STR-3A4916332CE912BE72A0,O=C(CN1CCC(C2(C3CCCC3)NCCc3ccccc32)CC1)N1CCc2ccccc2C1,bemis_murcko,scaffold,scaffold,c36cc6a6a29b1791359d66e339db904e9899da2a2a2046618bec3642c0e4170d,41f692ef5e00f424d3c76d5979e2efaf471c9d2f559bda07bd17e8a4e42fb2b5,test
189,STR-3A6736117BA7E1895B14,C/C=C/C(=O)Nc1cccc(S(=O)(=O)c2ccc(N3CC(CN4CCC([C@@](C#N)(c5cccc(F)c5)[C@H]5CCC[C@@H]5NC(=O)OC)CC4)C3)cc2)c1,8.397940008672037,IC50,biochemical_inhibition,BindingDB,,STR-3A6736117BA7E1895B14,O=S(=O)(c1ccccc1)c1ccc(N2CC(CN3CCC(C(c4ccccc4)C4CCCC4)CC3)C2)cc1,bemis_murcko,scaffold,scaffold,c36cc6a6a29b1791359d66e339db904e9899da2a2a2046618bec3642c0e4170d,41f692ef5e00f424d3c76d5979e2efaf471c9d2f559bda07bd17e8a4e42fb2b5,test
190,STR-3A6DED5DE36075CEE7DB,CC(C)N(C(=O)c1cc(F)ccc1-n1cc(C(=O)C2CN(C(=O)[C@H]3N[C@H]4C[C@@H]3[C@@H](F)C4)C2)c2ccncc21)C(C)C,7.619788758288394,IC50,biochemical_inhibition,PubChem,2025.0,STR-3A6DED5DE36075CEE7DB,O=C(c1cn(-c2ccccc2)c2cnccc12)C1CN(C(=O)C2NC3CCC2C3)C1,bemis_murcko,scaffold,scaffold,c36cc6a6a29b1791359d66e339db904e9899da2a2a2046618bec3642c0e4170d,41f692ef5e00f424d3c76d5979e2efaf471c9d2f559bda07bd17e8a4e42fb2b5,train
191,STR-3B6332190E6EC7A8792E,CC(=O)N[C@@H](CCCN=C(N)N)C(=O)N[C@@H](Cc1c[nH]c2ccccc12)C(=O)N[C@H]1CCCCCNC(=O)[C@@H]2CCCN2C(=O)[C@H](CCCN=C(N)N)NC(=O)[C@H](C)NC(=O)[C@@H]2CCCN2C(=O)[C@H](Cc2ccccc2)NC1=O,6.289036881004725,IC50,biochemical_inhibition,PubChem,2013.0,STR-3B6332190E6EC7A8792E,O=C1CNC(=O)C2CCCN2C(=O)C(Cc2ccccc2)NC(=O)C(NC(=O)CCc2c[nH]c3ccccc23)CCCCCNC(=O)C2CCCN2C(=O)CN1,bemis_murcko,scaffold,scaffold,c36cc6a6a29b1791359d66e339db904e9899da2a2a2046618bec3642c0e4170d,41f692ef5e00f424d3c76d5979e2efaf471c9d2f559bda07bd17e8a4e42fb2b5,test
192,STR-3B92CACCAFD90E1C78D4,N#Cc1ccc(OCCCN2CCC(C(O)(c3ccccc3)C3CCCCC3)CC2)cc1,5.769551078621726,IC50,biochemical_inhibition,BindingDB;PubChem,,STR-3B92CACCAFD90E1C78D4,c1ccc(OCCCN2CCC(C(c3ccccc3)C3CCCCC3)CC2)cc1,bemis_murcko,scaffold,scaffold,c36cc6a6a29b1791359d66e339db904e9899da2a2a2046618bec3642c0e4170d,41f692ef5e00f424d3c76d5979e2efaf471c9d2f559bda07bd17e8a4e42fb2b5,train
193,STR-3BF33E326381C0E9FE99,CC(C)c1cc2c(N3CCCN(C4=NCC(C)(C)S4)CC3)ncnc2s1,4.494850021680094,IC50,biochemical_inhibition,BindingDB;PubChem,,STR-3BF33E326381C0E9FE99,c1nc(N2CCCN(C3=NCCS3)CC2)c2ccsc2n1,bemis_murcko,scaffold,scaffold,c36cc6a6a29b1791359d66e339db904e9899da2a2a2046618bec3642c0e4170d,41f692ef5e00f424d3c76d5979e2efaf471c9d2f559bda07bd17e8a4e42fb2b5,train
194,STR-3C2AFF1CBD7C991356B5,O=C([C@H]1N[C@H]2CC[C@@H]1C(F)(F)C2)N1CC2(C1)CN(c1c(C(F)(F)F)cnc3sc(CC(F)(F)F)cc13)C2,6.853871964321762,IC50,biochemical_inhibition,BindingDB;PubChem,,STR-3C2AFF1CBD7C991356B5,O=C(C1NC2CCC1CC2)N1CC2(C1)CN(c1ccnc3sccc13)C2,bemis_murcko,scaffold,scaffold,c36cc6a6a29b1791359d66e339db904e9899da2a2a2046618bec3642c0e4170d,41f692ef5e00f424d3c76d5979e2efaf471c9d2f559bda07bd17e8a4e42fb2b5,train
195,STR-3CD476A8641FC18ED0B6,CCc1cc2c(N3CCCN(C4=NCC(C)(C)S4)CC3)ncnc2s1,5.200659450546418,IC50,biochemical_inhibition,BindingDB;PubChem,,STR-3CD476A8641FC18ED0B6,c1nc(N2CCCN(C3=NCCS3)CC2)c2ccsc2n1,bemis_murcko,scaffold,scaffold,c36cc6a6a29b1791359d66e339db904e9899da2a2a2046618bec3642c0e4170d,41f692ef5e00f424d3c76d5979e2efaf471c9d2f559bda07bd17e8a4e42fb2b5,train
196,STR-3CE5C4B736E8DB5406FD,CC(=O)N[C@@H](CO)C(=O)N[C@@H](C)C(=O)N[C@@H](CCCN=C(N)N)C(=O)N[C@@H](Cc1c[nH]c2ccccc12)C(=O)N[C@@H](C)C(=O)N[C@@H](Cc1ccccc1)C(=O)N1CCC[C@H]1C(=O)N[C@@H](C)C(=O)N[C@@H](C)C(=O)N1CCC[C@H]1C(=O)N[C@@H](CCCN=C(N)N)C(=O)N[C@H](C(N)=O)[C@@H](C)O,5.769551078621726,IC50,biochemical_inhibition,PubChem,2022.0,STR-3CE5C4B736E8DB5406FD,O=C(CCc1c[nH]c2ccccc12)NCC(=O)NC(Cc1ccccc1)C(=O)N1CCCC1C(=O)NCC(=O)NCC(=O)N1CCCC1,bemis_murcko,scaffold,scaffold,c36cc6a6a29b1791359d66e339db904e9899da2a2a2046618bec3642c0e4170d,41f692ef5e00f424d3c76d5979e2efaf471c9d2f559bda07bd17e8a4e42fb2b5,train
197,STR-3D134EE83844240DFBF0,CCC(CC)C1(C2CCN(CCCOc3ccc(C#N)cc3)CC2)NCCc2ccccc21,5.721246399047171,IC50,biochemical_inhibition,BindingDB,,STR-3D134EE83844240DFBF0,c1ccc(OCCCN2CCC(C3NCCc4ccccc43)CC2)cc1,bemis_murcko,scaffold,scaffold,c36cc6a6a29b1791359d66e339db904e9899da2a2a2046618bec3642c0e4170d,41f692ef5e00f424d3c76d5979e2efaf471c9d2f559bda07bd17e8a4e42fb2b5,test
198,STR-3DF232D656AC9EFDA4D4,CNC(=O)O[C@@H]1CCC[C@H]1C(C#N)(c1ccccc1)C1CCN(CC2CN(c3ccc(S(=O)(=O)c4cnn(C)c4)cc3)C2)CC1,6.071092309756047,IC50,biochemical_inhibition,BindingDB,,STR-3DF232D656AC9EFDA4D4,O=S(=O)(c1ccc(N2CC(CN3CCC(C(c4ccccc4)C4CCCC4)CC3)C2)cc1)c1cn[nH]c1,bemis_murcko,scaffold,scaffold,c36cc6a6a29b1791359d66e339db904e9899da2a2a2046618bec3642c0e4170d,41f692ef5e00f424d3c76d5979e2efaf471c9d2f559bda07bd17e8a4e42fb2b5,train
199,STR-3E739B082DA4CF7390FB,O=C(Cc1nc(-c2ccc(Cl)cc2)cs1)NCc1ccccc1,2.9746941347352296,IC50,biochemical_inhibition,BindingDB,,STR-3E739B082DA4CF7390FB,O=C(Cc1nc(-c2ccccc2)cs1)NCc1ccccc1,bemis_murcko,scaffold,scaffold,c36cc6a6a29b1791359d66e339db904e9899da2a2a2046618bec3642c0e4170d,41f692ef5e00f424d3c76d5979e2efaf471c9d2f559bda07bd17e8a4e42fb2b5,train
200,STR-3F04DD1A59C14A2DDA4B,O=C1CC(c2ccc3c(c2)OCO3)CC2=C1C(c1cccnc1)Nc1ccccc1N2,4.200659450546418,IC50,biochemical_inhibition,BindingDB,,STR-3F04DD1A59C14A2DDA4B,O=C1CC(c2ccc3c(c2)OCO3)CC2=C1C(c1cccnc1)Nc1ccccc1N2,bemis_murcko,scaffold,scaffold,c36cc6a6a29b1791359d66e339db904e9899da2a2a2046618bec3642c0e4170d,41f692ef5e00f424d3c76d5979e2efaf471c9d2f559bda07bd17e8a4e42fb2b5,train
201,STR-3F32DD5F6BE1258722C6,COC(=O)N[C@H]1CCC[C@@H]1[C@](CN1CCC1)(c1cccc(F)c1)C1CCN(CC2(O)CN(c3ccc(S(=O)(=O)C4CC4)cc3)C2)CC1,8.443697499232712,IC50,biochemical_inhibition,BindingDB,,STR-3F32DD5F6BE1258722C6,O=S(=O)(c1ccc(N2CC(CN3CCC(C(CN4CCC4)(c4ccccc4)C4CCCC4)CC3)C2)cc1)C1CC1,bemis_murcko,scaffold,scaffold,c36cc6a6a29b1791359d66e339db904e9899da2a2a2046618bec3642c0e4170d,41f692ef5e00f424d3c76d5979e2efaf471c9d2f559bda07bd17e8a4e42fb2b5,train
202,STR-3F5DCF79DEFD8AE03B25,NC(N)=NCCC[C@@H]1NC(=O)C2(CCC2)NC(=O)[C@@H]2CCCN2C(=O)[C@H](Cc2cccc(C(F)(F)F)c2)NC(=O)[C@@H](N)CCCCCCCCNC(=O)[C@@H]2CCCN2C1=O,5.598599459218455,IC50,biochemical_inhibition,PubChem,2013.0,STR-3F5DCF79DEFD8AE03B25,O=C1CCCCCCCCCNC(=O)C2CCCN2C(=O)CNC(=O)C2(CCC2)NC(=O)C2CCCN2C(=O)C(Cc2ccccc2)N1,bemis_murcko,scaffold,scaffold,c36cc6a6a29b1791359d66e339db904e9899da2a2a2046618bec3642c0e4170d,41f692ef5e00f424d3c76d5979e2efaf471c9d2f559bda07bd17e8a4e42fb2b5,test
203,STR-3F81C43E4EB08BB5803F,COC(=O)N[C@H]1CCC[C@@H]1C(C#N)(c1ccccc1)C1CCN(CC2CN(c3ccc(S(=O)(=O)c4ccc(F)cc4)cc3)C2)CC1,7.823908740944319,IC50,biochemical_inhibition,BindingDB,,STR-3F81C43E4EB08BB5803F,O=S(=O)(c1ccccc1)c1ccc(N2CC(CN3CCC(C(c4ccccc4)C4CCCC4)CC3)C2)cc1,bemis_murcko,scaffold,scaffold,c36cc6a6a29b1791359d66e339db904e9899da2a2a2046618bec3642c0e4170d,41f692ef5e00f424d3c76d5979e2efaf471c9d2f559bda07bd17e8a4e42fb2b5,test
204,STR-3FB33B6320D7624C2E9C,CNC(=O)O[C@@H]1CCC[C@H]1C(Cn1ccnc1)(c1ccccc1)C1CCN(CC2CN(c3ccc(C#N)cc3)C2)CC1,6.55129368009492,IC50,biochemical_inhibition,BindingDB,,STR-3FB33B6320D7624C2E9C,c1ccc(N2CC(CN3CCC(C(Cn4ccnc4)(c4ccccc4)C4CCCC4)CC3)C2)cc1,bemis_murcko,scaffold,scaffold,c36cc6a6a29b1791359d66e339db904e9899da2a2a2046618bec3642c0e4170d,41f692ef5e00f424d3c76d5979e2efaf471c9d2f559bda07bd17e8a4e42fb2b5,train
205,STR-404CEFB796E101ECF803,COC(=O)N[C@H]1CCC[C@@H]1[C@](CN(C)C)(c1cccc(F)c1)C1CCN(CC2CN(c3ccc(S(=O)(=O)C4CN(C(=O)/C=C/CN(C)C)C4)cc3)C2)CC1,8.301029995663981,IC50,biochemical_inhibition,BindingDB,,STR-404CEFB796E101ECF803,O=S(=O)(c1ccc(N2CC(CN3CCC(C(c4ccccc4)C4CCCC4)CC3)C2)cc1)C1CNC1,bemis_murcko,scaffold,scaffold,c36cc6a6a29b1791359d66e339db904e9899da2a2a2046618bec3642c0e4170d,41f692ef5e00f424d3c76d5979e2efaf471c9d2f559bda07bd17e8a4e42fb2b5,train
206,STR-4099613E7D63D61000A4,CC(C)N(C(=O)c1cc(F)ccc1-n1cc(C(=O)C2CCN(C(=O)[C@@H]3CC4(CC4)CN3)CC2)c2ccncc21)C(C)C,7.366531544420414,IC50,biochemical_inhibition,PubChem,2025.0,STR-4099613E7D63D61000A4,O=C(c1cn(-c2ccccc2)c2cnccc12)C1CCN(C(=O)C2CC3(CC3)CN2)CC1,bemis_murcko,scaffold,scaffold,c36cc6a6a29b1791359d66e339db904e9899da2a2a2046618bec3642c0e4170d,41f692ef5e00f424d3c76d5979e2efaf471c9d2f559bda07bd17e8a4e42fb2b5,train
207,STR-40A2759B420CC95C7ED1,CNC(=O)O[C@H]1CCC[C@@H]1C(Cn1ccnc1)(c1ccccc1)C1CCN(CC2CN(c3ccc(C#N)cc3)C2)CC1,8.045757490560675,IC50,biochemical_inhibition,BindingDB,,STR-40A2759B420CC95C7ED1,c1ccc(N2CC(CN3CCC(C(Cn4ccnc4)(c4ccccc4)C4CCCC4)CC3)C2)cc1,bemis_murcko,scaffold,scaffold,c36cc6a6a29b1791359d66e339db904e9899da2a2a2046618bec3642c0e4170d,41f692ef5e00f424d3c76d5979e2efaf471c9d2f559bda07bd17e8a4e42fb2b5,train
208,STR-40B1021373C595DF25D7,COC(=O)N[C@H]1CCC[C@@H]1[C@](C#N)(c1ccccc1)C1CCN(CC2CN(c3ccc(S(=O)(=O)C(F)(F)F)cc3)C2)CC1,8.154901959985743,IC50,biochemical_inhibition,BindingDB,,STR-40B1021373C595DF25D7,c1ccc(C(C2CCCC2)C2CCN(CC3CN(c4ccccc4)C3)CC2)cc1,bemis_murcko,scaffold,scaffold,c36cc6a6a29b1791359d66e339db904e9899da2a2a2046618bec3642c0e4170d,41f692ef5e00f424d3c76d5979e2efaf471c9d2f559bda07bd17e8a4e42fb2b5,train
209,STR-40E0E7043CC563C31D2B,CO[C@H]1CCC[C@@H]1C(C#N)(c1ccccc1)C1CCN(CCCOc2ccc(C#N)cc2)CC1,4.609064892896621,IC50,biochemical_inhibition,BindingDB,,STR-40E0E7043CC563C31D2B,c1ccc(OCCCN2CCC(C(c3ccccc3)C3CCCC3)CC2)cc1,bemis_murcko,scaffold,scaffold,c36cc6a6a29b1791359d66e339db904e9899da2a2a2046618bec3642c0e4170d,41f692ef5e00f424d3c76d5979e2efaf471c9d2f559bda07bd17e8a4e42fb2b5,train
210,STR-40FF751350DD414E6552,CC(=O)O[C@@H]1CCC[C@H]1C(C#N)(c1ccccc1F)C1CCN(CCCOc2ccc(C#N)cc2)CC1,4.943095148663527,IC50,biochemical_inhibition,BindingDB,,STR-40FF751350DD414E6552,c1ccc(OCCCN2CCC(C(c3ccccc3)C3CCCC3)CC2)cc1,bemis_murcko,scaffold,scaffold,c36cc6a6a29b1791359d66e339db904e9899da2a2a2046618bec3642c0e4170d,41f692ef5e00f424d3c76d5979e2efaf471c9d2f559bda07bd17e8a4e42fb2b5,train
211,STR-415928633503FF221996,Cc1cccc(C[C@@H]2NC(=O)[C@@H](N)CCCCCCCCNC(=O)[C@@H]3CCCN3C(=O)[C@H](CCCN=C(N)N)NC(=O)C3(CCC3)NC(=O)[C@@H]3CCCN3C2=O)c1,5.939302159646388,IC50,biochemical_inhibition,PubChem,2013.0,STR-415928633503FF221996,O=C1CCCCCCCCCNC(=O)C2CCCN2C(=O)CNC(=O)C2(CCC2)NC(=O)C2CCCN2C(=O)C(Cc2ccccc2)N1,bemis_murcko,scaffold,scaffold,c36cc6a6a29b1791359d66e339db904e9899da2a2a2046618bec3642c0e4170d,41f692ef5e00f424d3c76d5979e2efaf471c9d2f559bda07bd17e8a4e42fb2b5,test
212,STR-41C0B895558A4B287742,CC(=O)N[C@@H](CCCN=C(N)N)C(=O)N[C@@H](Cc1c[nH]c2ccccc12)C(=O)N[C@H]1CCCCCCCCNC(=O)[C@@H]2CCCN2C(=O)[C@H](CCCN=C(N)N)NC(=O)[C@H](C)NC(=O)[C@@H]2CCCN2C(=O)[C@H](Cc2ccccc2)NC1=O,7.602059991327963,IC50,biochemical_inhibition,PubChem,2013.0,STR-41C0B895558A4B287742,O=C1CNC(=O)C2CCCN2C(=O)C(Cc2ccccc2)NC(=O)C(NC(=O)CCc2c[nH]c3ccccc23)CCCCCCCCNC(=O)C2CCCN2C(=O)CN1,bemis_murcko,scaffold,scaffold,c36cc6a6a29b1791359d66e339db904e9899da2a2a2046618bec3642c0e4170d,41f692ef5e00f424d3c76d5979e2efaf471c9d2f559bda07bd17e8a4e42fb2b5,test
213,STR-42A41E76F0ED1B6A4DCE,O=C([C@H]1N[C@H]2CC[C@@H]1[C@@H](O)C2)N1CC2(C1)CN(c1c(C(F)(F)F)cnc3sc(CC(F)(F)F)cc13)C2,6.605548319173783,IC50,biochemical_inhibition,BindingDB;PubChem,,STR-42A41E76F0ED1B6A4DCE,O=C(C1NC2CCC1CC2)N1CC2(C1)CN(c1ccnc3sccc13)C2,bemis_murcko,scaffold,scaffold,c36cc6a6a29b1791359d66e339db904e9899da2a2a2046618bec3642c0e4170d,41f692ef5e00f424d3c76d5979e2efaf471c9d2f559bda07bd17e8a4e42fb2b5,train
214,STR-42E31A098E57D11F920E,CC(C)[C@@H](C1CNC1)N1CC2(CCN(c3ncnc4sc(CC(F)(F)F)cc34)C2)C1,6.839926856944473,IC50,biochemical_inhibition,PubChem,2020.0,STR-42E31A098E57D11F920E,c1nc(N2CCC3(CN(CC4CNC4)C3)C2)c2ccsc2n1,bemis_murcko,scaffold,scaffold,c36cc6a6a29b1791359d66e339db904e9899da2a2a2046618bec3642c0e4170d,41f692ef5e00f424d3c76d5979e2efaf471c9d2f559bda07bd17e8a4e42fb2b5,train
215,STR-42FABA990848887F9FDB,CCC1CCCC1C(C#N)(c1ccccc1)C1CCN(CC2CN(c3ccc(S(=O)(=O)c4ccncc4)cc3)C2)CC1,4.991399828238082,IC50,biochemical_inhibition,BindingDB,,STR-42FABA990848887F9FDB,O=S(=O)(c1ccncc1)c1ccc(N2CC(CN3CCC(C(c4ccccc4)C4CCCC4)CC3)C2)cc1,bemis_murcko,scaffold,scaffold,c36cc6a6a29b1791359d66e339db904e9899da2a2a2046618bec3642c0e4170d,41f692ef5e00f424d3c76d5979e2efaf471c9d2f559bda07bd17e8a4e42fb2b5,train
216,STR-4342C90FE7E456F909D0,CNC(=O)O[C@@H]1CCC[C@H]1C(C#N)(c1ccccc1)C1CCN(CC2CN(c3ccc(S(=O)(=O)c4ccncc4)cc3)C2)CC1,6.402304814074488,IC50,biochemical_inhibition,BindingDB,,STR-4342C90FE7E456F909D0,O=S(=O)(c1ccncc1)c1ccc(N2CC(CN3CCC(C(c4ccccc4)C4CCCC4)CC3)C2)cc1,bemis_murcko,scaffold,scaffold,c36cc6a6a29b1791359d66e339db904e9899da2a2a2046618bec3642c0e4170d,41f692ef5e00f424d3c76d5979e2efaf471c9d2f559bda07bd17e8a4e42fb2b5,train
217,STR-43E0D8D9D40EE11F8225,FC(F)Cc1cc2c(N3CCC4(CCN(Cc5ccc(N6CCOCC6)cc5)C4)C3)ncnc2s1,8.0,IC50,biochemical_inhibition,BindingDB;PubChem,,STR-43E0D8D9D40EE11F8225,c1nc(N2CCC3(CCN(Cc4ccc(N5CCOCC5)cc4)C3)C2)c2ccsc2n1,bemis_murcko,scaffold,scaffold,c36cc6a6a29b1791359d66e339db904e9899da2a2a2046618bec3642c0e4170d,41f692ef5e00f424d3c76d5979e2efaf471c9d2f559bda07bd17e8a4e42fb2b5,train
218,STR-44CE0BDB9F04043588E8,CC(=O)N[C@@H](Cc1ccccc1)C(=O)N1CCC[C@H]1C(=O)N[C@@H](C)C(=O)N[C@@H](CCCNC(=N)N)C(=O)N1CCC[C@H]1C(=O)ON,3.853871964321762,IC50,biochemical_inhibition,BindingDB,,STR-44CE0BDB9F04043588E8,O=C(CNC(=O)C1CCCN1C(=O)CCc1ccccc1)NCC(=O)N1CCCC1,bemis_murcko,scaffold,scaffold,c36cc6a6a29b1791359d66e339db904e9899da2a2a2046618bec3642c0e4170d,41f692ef5e00f424d3c76d5979e2efaf471c9d2f559bda07bd17e8a4e42fb2b5,train
219,STR-44D7373FA75606A9FAF6,CCNC(=O)[C@H]1CCC[C@@H]1C(C#N)(c1ccccc1)C1CCN(CC2CN(c3ccc(S(=O)(=O)C4CC4)cc3)C2)CC1,5.251811972993799,IC50,biochemical_inhibition,BindingDB,,STR-44D7373FA75606A9FAF6,O=S(=O)(c1ccc(N2CC(CN3CCC(C(c4ccccc4)C4CCCC4)CC3)C2)cc1)C1CC1,bemis_murcko,scaffold,scaffold,c36cc6a6a29b1791359d66e339db904e9899da2a2a2046618bec3642c0e4170d,41f692ef5e00f424d3c76d5979e2efaf471c9d2f559bda07bd17e8a4e42fb2b5,train
220,STR-44F56F5A5BFB18B77986,CCc1cccc(C[C@@H]2NC(=O)[C@@H](N)CCCCCCCCNC(=O)[C@@H]3CCCN3C(=O)[C@H](CCCNC(=N)N)NC(=O)C3(CCC3)NC(=O)[C@@H]3CCCN3C2=O)c1,5.336299074610352,IC50,biochemical_inhibition,BindingDB,,STR-44F56F5A5BFB18B77986,O=C1CCCCCCCCCNC(=O)C2CCCN2C(=O)CNC(=O)C2(CCC2)NC(=O)C2CCCN2C(=O)C(Cc2ccccc2)N1,bemis_murcko,scaffold,scaffold,c36cc6a6a29b1791359d66e339db904e9899da2a2a2046618bec3642c0e4170d,41f692ef5e00f424d3c76d5979e2efaf471c9d2f559bda07bd17e8a4e42fb2b5,test
221,STR-452401AF18DD4279C7FE,O=S(=O)(c1ccccc1)c1ccc(N2CC(CN3CCC(C(CN4CCCC4)(c4ccccc4)[C@H]4C=CCC4)CC3)C2)cc1,7.657577319177793,IC50,biochemical_inhibition,BindingDB,,STR-452401AF18DD4279C7FE,O=S(=O)(c1ccccc1)c1ccc(N2CC(CN3CCC(C(CN4CCCC4)(c4ccccc4)C4C=CCC4)CC3)C2)cc1,bemis_murcko,scaffold,scaffold,c36cc6a6a29b1791359d66e339db904e9899da2a2a2046618bec3642c0e4170d,41f692ef5e00f424d3c76d5979e2efaf471c9d2f559bda07bd17e8a4e42fb2b5,train
222,STR-45723392E01277A87E37,COc1ccc(CN2CCC(CNc3ncnc4sc(CC(F)(F)F)cc34)CC2)cc1,5.97061622231479,IC50,biochemical_inhibition,PubChem,2021.0,STR-45723392E01277A87E37,c1ccc(CN2CCC(CNc3ncnc4sccc34)CC2)cc1,bemis_murcko,scaffold,scaffold,c36cc6a6a29b1791359d66e339db904e9899da2a2a2046618bec3642c0e4170d,41f692ef5e00f424d3c76d5979e2efaf471c9d2f559bda07bd17e8a4e42fb2b5,train
223,STR-458F60594CF32D1C3B3A,N#Cc1ccc(OCCCN2CCC([C@@](O)(c3cccc(F)c3)c3ccccn3)CC2)cc1,7.045757490560675,IC50,biochemical_inhibition,BindingDB;PubChem,,STR-458F60594CF32D1C3B3A,c1ccc(OCCCN2CCC(C(c3ccccc3)c3ccccn3)CC2)cc1,bemis_murcko,scaffold,scaffold,c36cc6a6a29b1791359d66e339db904e9899da2a2a2046618bec3642c0e4170d,41f692ef5e00f424d3c76d5979e2efaf471c9d2f559bda07bd17e8a4e42fb2b5,train
224,STR-45EA1FFE338C82338279,CC(C)N(C(=O)c1cc(F)ccc1-n1cc(C(=O)C2CCN(C(=O)[C@H]3N[C@@H]4CC[C@H]3C4)CC2)c2ccncc21)C(C)C,7.67778070526608,IC50,biochemical_inhibition,PubChem,2025.0,STR-45EA1FFE338C82338279,O=C(c1cn(-c2ccccc2)c2cnccc12)C1CCN(C(=O)C2NC3CCC2C3)CC1,bemis_murcko,scaffold,scaffold,c36cc6a6a29b1791359d66e339db904e9899da2a2a2046618bec3642c0e4170d,41f692ef5e00f424d3c76d5979e2efaf471c9d2f559bda07bd17e8a4e42fb2b5,train
225,STR-45F69269A2FAE7DAA4C0,C[C@@H]1NC(=O)[C@@H]2CCCN2C(=O)[C@H](Cc2ccccc2)NC(=O)[C@@H](N)CCCCCCCCNC(=O)[C@@H]2CCCN2C(=O)[C@H](CCCNC(=N)N)NC1=O,6.1771783546968955,IC50,biochemical_inhibition,BindingDB,,STR-45F69269A2FAE7DAA4C0,O=C1CNC(=O)C2CCCN2C(=O)C(Cc2ccccc2)NC(=O)CCCCCCCCCNC(=O)C2CCCN2C(=O)CN1,bemis_murcko,scaffold,scaffold,c36cc6a6a29b1791359d66e339db904e9899da2a2a2046618bec3642c0e4170d,41f692ef5e00f424d3c76d5979e2efaf471c9d2f559bda07bd17e8a4e42fb2b5,train
226,STR-45FBF685312BBD9758DF,O=C([C@@H]1CC2(CC2)CN1)N1CC2(CCN(c3ncnc4sc(CC(F)(F)F)cc34)C2)C1,7.013806000446263,IC50,biochemical_inhibition,PubChem,2020.0,STR-45FBF685312BBD9758DF,O=C(C1CC2(CC2)CN1)N1CC2(CCN(c3ncnc4sccc34)C2)C1,bemis_murcko,scaffold,scaffold,c36cc6a6a29b1791359d66e339db904e9899da2a2a2046618bec3642c0e4170d,41f692ef5e00f424d3c76d5979e2efaf471c9d2f559bda07bd17e8a4e42fb2b5,train
227,STR-460559F541337721ECE0,O=S(=O)(c1ccccc1)c1ccc(N2CC(CN3CCC(C(CN4CCCC4)(C4=CCCC4)c4ccccc4)CC3)C2)cc1,7.346787486224656,IC50,biochemical_inhibition,BindingDB,,STR-460559F541337721ECE0,O=S(=O)(c1ccccc1)c1ccc(N2CC(CN3CCC(C(CN4CCCC4)(C4=CCCC4)c4ccccc4)CC3)C2)cc1,bemis_murcko,scaffold,scaffold,c36cc6a6a29b1791359d66e339db904e9899da2a2a2046618bec3642c0e4170d,41f692ef5e00f424d3c76d5979e2efaf471c9d2f559bda07bd17e8a4e42fb2b5,train
228,STR-46101F1AC5781BDFFC2C,N#Cc1ccc(OCCCN2CCC(C3(C4CCCC4)NCCc4c(F)cccc43)CC2)cc1,7.040958607678906,IC50,biochemical_inhibition,BindingDB,,STR-46101F1AC5781BDFFC2C,c1ccc(OCCCN2CCC(C3(C4CCCC4)NCCc4ccccc43)CC2)cc1,bemis_murcko,scaffold,scaffold,c36cc6a6a29b1791359d66e339db904e9899da2a2a2046618bec3642c0e4170d,41f692ef5e00f424d3c76d5979e2efaf471c9d2f559bda07bd17e8a4e42fb2b5,train
229,STR-46107039F96433C03C86,NCCCOc1cccc(CN2CCC(Nc3ncnc4sc(CC(F)(F)F)cc34)CC2)c1,6.173925197299173,IC50,biochemical_inhibition,PubChem,2021.0,STR-46107039F96433C03C86,c1ccc(CN2CCC(Nc3ncnc4sccc34)CC2)cc1,bemis_murcko,scaffold,scaffold,c36cc6a6a29b1791359d66e339db904e9899da2a2a2046618bec3642c0e4170d,41f692ef5e00f424d3c76d5979e2efaf471c9d2f559bda07bd17e8a4e42fb2b5,train
230,STR-461FB7619E9127A87F14,c1ccc(OCCCN2CCC(C3(C4CCCC4)NCCc4ccccc43)CC2)cc1,5.886056647693163,IC50,biochemical_inhibition,BindingDB,,STR-461FB7619E9127A87F14,c1ccc(OCCCN2CCC(C3(C4CCCC4)NCCc4ccccc43)CC2)cc1,bemis_murcko,scaffold,scaffold,c36cc6a6a29b1791359d66e339db904e9899da2a2a2046618bec3642c0e4170d,41f692ef5e00f424d3c76d5979e2efaf471c9d2f559bda07bd17e8a4e42fb2b5,train
231,STR-466A031256A2621A45EE,c1cn(CCCNc2ncnc3sc4c(c23)CCCCC4)cn1,4.268426931636825,IC50,biochemical_inhibition,BindingDB,,STR-466A031256A2621A45EE,c1cn(CCCNc2ncnc3sc4c(c23)CCCCC4)cn1,bemis_murcko,scaffold,scaffold,c36cc6a6a29b1791359d66e339db904e9899da2a2a2046618bec3642c0e4170d,41f692ef5e00f424d3c76d5979e2efaf471c9d2f559bda07bd17e8a4e42fb2b5,train
232,STR-469219CCEE1D20BDAA81,CNC(=O)O[C@H]1CCC[C@@H]1C(C#N)(c1ccccc1)C1CCN(CC2CN(c3ccc(S(=O)(=O)c4nn(C)cc4Br)cc3)C2)CC1,8.397940008672037,IC50,biochemical_inhibition,BindingDB,,STR-469219CCEE1D20BDAA81,O=S(=O)(c1ccc(N2CC(CN3CCC(C(c4ccccc4)C4CCCC4)CC3)C2)cc1)c1cc[nH]n1,bemis_murcko,scaffold,scaffold,c36cc6a6a29b1791359d66e339db904e9899da2a2a2046618bec3642c0e4170d,41f692ef5e00f424d3c76d5979e2efaf471c9d2f559bda07bd17e8a4e42fb2b5,test
233,STR-4710DC80E0B9C6B4C724,COc1ccc(C2CC(=O)C3=C(C2)Nc2ccccc2N(C(C)=O)C3c2cccnc2)cc1,4.142667503568732,IC50,biochemical_inhibition,BindingDB,,STR-4710DC80E0B9C6B4C724,O=C1CC(c2ccccc2)CC2=C1C(c1cccnc1)Nc1ccccc1N2,bemis_murcko,scaffold,scaffold,c36cc6a6a29b1791359d66e339db904e9899da2a2a2046618bec3642c0e4170d,41f692ef5e00f424d3c76d5979e2efaf471c9d2f559bda07bd17e8a4e42fb2b5,test
234,STR-4719AA5EBF6B16DABB7E,CNC(=O)O[C@@H]1CCC[C@H]1C(C#N)(c1ccccc1)C1CCN(CC2(C)CN(c3ccc(S(=O)(=O)c4cnn(C)c4)cc3)C2)CC1,5.6777807052660805,IC50,biochemical_inhibition,BindingDB,,STR-4719AA5EBF6B16DABB7E,O=S(=O)(c1ccc(N2CC(CN3CCC(C(c4ccccc4)C4CCCC4)CC3)C2)cc1)c1cn[nH]c1,bemis_murcko,scaffold,scaffold,c36cc6a6a29b1791359d66e339db904e9899da2a2a2046618bec3642c0e4170d,41f692ef5e00f424d3c76d5979e2efaf471c9d2f559bda07bd17e8a4e42fb2b5,train
235,STR-475A4C171E8E399D77F0,O=C([C@H]1N[C@H]2C[C@@H]1C[C@H]2F)N1CC2(C1)CN(c1c(C(F)(F)F)cnc3sc(CC(F)(F)F)cc13)C2,6.464705879957229,IC50,biochemical_inhibition,BindingDB;PubChem,,STR-475A4C171E8E399D77F0,O=C(C1NC2CCC1C2)N1CC2(C1)CN(c1ccnc3sccc13)C2,bemis_murcko,scaffold,scaffold,c36cc6a6a29b1791359d66e339db904e9899da2a2a2046618bec3642c0e4170d,41f692ef5e00f424d3c76d5979e2efaf471c9d2f559bda07bd17e8a4e42fb2b5,test
236,STR-47846D608185053052FC,N#Cc1ccc(OCCCCN2CC(C3(C4CCCC4)NCCc4ccccc43)C2)cc1,4.441291429466834,IC50,biochemical_inhibition,BindingDB,,STR-47846D608185053052FC,c1ccc(OCCCCN2CC(C3(C4CCCC4)NCCc4ccccc43)C2)cc1,bemis_murcko,scaffold,scaffold,c36cc6a6a29b1791359d66e339db904e9899da2a2a2046618bec3642c0e4170d,41f692ef5e00f424d3c76d5979e2efaf471c9d2f559bda07bd17e8a4e42fb2b5,train
237,STR-478CD9F8B251C1F54424,COCC[C@H]1CCC[C@@H]1C(C#N)(c1ccccc1)C1CCN(CC2CN(c3ccc(S(=O)(=O)c4ccnc(C)c4)cc3)C2)CC1,4.531652669587842,IC50,biochemical_inhibition,BindingDB,,STR-478CD9F8B251C1F54424,O=S(=O)(c1ccncc1)c1ccc(N2CC(CN3CCC(C(c4ccccc4)C4CCCC4)CC3)C2)cc1,bemis_murcko,scaffold,scaffold,c36cc6a6a29b1791359d66e339db904e9899da2a2a2046618bec3642c0e4170d,41f692ef5e00f424d3c76d5979e2efaf471c9d2f559bda07bd17e8a4e42fb2b5,train
238,STR-4866DF3FD3D34FBFE093,CS(=O)(=O)C[C@H]1CCC[C@@H]1C(C#N)(c1ccccc1)C1CCN(CC2CN(c3ccc(S(=O)(=O)c4ccncc4)cc3)C2)CC1,5.327902142064282,IC50,biochemical_inhibition,BindingDB,,STR-4866DF3FD3D34FBFE093,O=S(=O)(c1ccncc1)c1ccc(N2CC(CN3CCC(C(c4ccccc4)C4CCCC4)CC3)C2)cc1,bemis_murcko,scaffold,scaffold,c36cc6a6a29b1791359d66e339db904e9899da2a2a2046618bec3642c0e4170d,41f692ef5e00f424d3c76d5979e2efaf471c9d2f559bda07bd17e8a4e42fb2b5,train
239,STR-489F6A3FCA46D9527C55,CCN1Cc2ccccc2C(C2CCN(CC3CN(c4ccc(S(=O)(=O)c5ccn(C)c5)cc4)C3)CC2)([C@H]2CCC[C@@H]2NC(=O)NC)C1,7.958607314841775,IC50,biochemical_inhibition,BindingDB,,STR-489F6A3FCA46D9527C55,O=S(=O)(c1ccc(N2CC(CN3CCC(C4(C5CCCC5)CNCc5ccccc54)CC3)C2)cc1)c1cc[nH]c1,bemis_murcko,scaffold,scaffold,c36cc6a6a29b1791359d66e339db904e9899da2a2a2046618bec3642c0e4170d,41f692ef5e00f424d3c76d5979e2efaf471c9d2f559bda07bd17e8a4e42fb2b5,train
240,STR-48DDA5B7C2274932D806,O=C([C@H]1N[C@H]2C[C@@H]1C[C@@H]2OCc1ccccc1)N1CC2(C1)CN(c1c(C(F)(F)F)cnc3sc(CC(F)(F)F)cc13)C2,6.872895201635192,IC50,biochemical_inhibition,BindingDB;PubChem,,STR-48DDA5B7C2274932D806,O=C(C1NC2CC1CC2OCc1ccccc1)N1CC2(C1)CN(c1ccnc3sccc13)C2,bemis_murcko,scaffold,scaffold,c36cc6a6a29b1791359d66e339db904e9899da2a2a2046618bec3642c0e4170d,41f692ef5e00f424d3c76d5979e2efaf471c9d2f559bda07bd17e8a4e42fb2b5,train
241,STR-4942B912C9C5FBB61901,CC(=O)O[C@@H]1CCC[C@H]1C(C#N)(c1ccccc1F)C1CCN(CC2CN(c3ccc(S(=O)(=O)C4CC4)cc3)C2)CC1,5.2441251443275085,IC50,biochemical_inhibition,BindingDB,,STR-4942B912C9C5FBB61901,O=S(=O)(c1ccc(N2CC(CN3CCC(C(c4ccccc4)C4CCCC4)CC3)C2)cc1)C1CC1,bemis_murcko,scaffold,scaffold,c36cc6a6a29b1791359d66e339db904e9899da2a2a2046618bec3642c0e4170d,41f692ef5e00f424d3c76d5979e2efaf471c9d2f559bda07bd17e8a4e42fb2b5,train
242,STR-4963BC6466091AE476AA,CN1COCN([C@H]2CCC[C@@H]2C(C#N)(c2ccccc2)C2CCN(CC3CN(c4ccc(S(=O)(=O)c5ccncc5)cc4)C3)CC2)C1=O,7.187086643357144,IC50,biochemical_inhibition,BindingDB,,STR-4963BC6466091AE476AA,O=C1NCOCN1C1CCCC1C(c1ccccc1)C1CCN(CC2CN(c3ccc(S(=O)(=O)c4ccncc4)cc3)C2)CC1,bemis_murcko,scaffold,scaffold,c36cc6a6a29b1791359d66e339db904e9899da2a2a2046618bec3642c0e4170d,41f692ef5e00f424d3c76d5979e2efaf471c9d2f559bda07bd17e8a4e42fb2b5,test
243,STR-49B7F682DE3026368E13,CC(C)c1ccncc1-c1cc(F)ccc1-n1cc(C(=O)C2CCN(C(=O)[C@H]3N[C@@H]4CC[C@H]3C4)CC2)c2ccncc21,8.0,IC50,biochemical_inhibition,PubChem,2025.0,STR-49B7F682DE3026368E13,O=C(c1cn(-c2ccccc2-c2cccnc2)c2cnccc12)C1CCN(C(=O)C2NC3CCC2C3)CC1,bemis_murcko,scaffold,scaffold,c36cc6a6a29b1791359d66e339db904e9899da2a2a2046618bec3642c0e4170d,41f692ef5e00f424d3c76d5979e2efaf471c9d2f559bda07bd17e8a4e42fb2b5,test
244,STR-49D9650962CF718E57D6,CC(C)N(C(=O)c1cc(F)ccc1-n1cc(C(=O)[C@@H]2CCN(CC3CCC(NS(C)(=O)=O)CC3)C2)c2ccncc21)C(C)C,7.267606240177031,IC50,biochemical_inhibition,PubChem,2025.0,STR-49D9650962CF718E57D6,O=C(c1cn(-c2ccccc2)c2cnccc12)C1CCN(CC2CCCCC2)C1,bemis_murcko,scaffold,scaffold,c36cc6a6a29b1791359d66e339db904e9899da2a2a2046618bec3642c0e4170d,41f692ef5e00f424d3c76d5979e2efaf471c9d2f559bda07bd17e8a4e42fb2b5,train
245,STR-49EE11A98D32940D40F8,COC(=O)N[C@H]1CCC[C@@H]1[C@](CN1CCC1)(c1cccc(F)c1)C1CCN(CC2CN(c3ccc(S(=O)(=O)C4CC4)cc3)C2)CC1,8.455931955649724,IC50,biochemical_inhibition,BindingDB,,STR-49EE11A98D32940D40F8,O=S(=O)(c1ccc(N2CC(CN3CCC(C(CN4CCC4)(c4ccccc4)C4CCCC4)CC3)C2)cc1)C1CC1,bemis_murcko,scaffold,scaffold,c36cc6a6a29b1791359d66e339db904e9899da2a2a2046618bec3642c0e4170d,41f692ef5e00f424d3c76d5979e2efaf471c9d2f559bda07bd17e8a4e42fb2b5,train
246,STR-49FE1FCFAE0956BB85D0,Cc1c(CN2CCC(Nc3ncnc4sc(CC(F)(F)F)cc34)CC2)ccc2c1cc(C#N)n2CCN1CCN(C(=O)CCC2CCCC2)CC1,7.376750709602099,IC50,biochemical_inhibition,BindingDB,,STR-49FE1FCFAE0956BB85D0,O=C(CCC1CCCC1)N1CCN(CCn2ccc3cc(CN4CCC(Nc5ncnc6sccc56)CC4)ccc32)CC1,bemis_murcko,scaffold,scaffold,c36cc6a6a29b1791359d66e339db904e9899da2a2a2046618bec3642c0e4170d,41f692ef5e00f424d3c76d5979e2efaf471c9d2f559bda07bd17e8a4e42fb2b5,train
247,STR-4A4D25A88D8165EC295D,CC(C)c1ncsc1-c1cc(F)ccc1-n1cc(C(=O)C2CCN(C(=O)[C@H]3NC[C@@H]4C[C@@H]43)CC2)c2ccncc21,7.698970004336019,IC50,biochemical_inhibition,PubChem,2025.0,STR-4A4D25A88D8165EC295D,O=C(c1cn(-c2ccccc2-c2cncs2)c2cnccc12)C1CCN(C(=O)C2NCC3CC32)CC1,bemis_murcko,scaffold,scaffold,c36cc6a6a29b1791359d66e339db904e9899da2a2a2046618bec3642c0e4170d,41f692ef5e00f424d3c76d5979e2efaf471c9d2f559bda07bd17e8a4e42fb2b5,train
248,STR-4A902F7AC5A334C3F331,COC(=O)N[C@H]1CCC[C@@H]1[C@](CN(C)C)(c1cccc(F)c1)C1CCN(CC2CN(c3ccc(S(=O)(=O)C4CC4)cc3)C2)CC1,8.769551078621726,IC50,biochemical_inhibition,BindingDB,,STR-4A902F7AC5A334C3F331,O=S(=O)(c1ccc(N2CC(CN3CCC(C(c4ccccc4)C4CCCC4)CC3)C2)cc1)C1CC1,bemis_murcko,scaffold,scaffold,c36cc6a6a29b1791359d66e339db904e9899da2a2a2046618bec3642c0e4170d,41f692ef5e00f424d3c76d5979e2efaf471c9d2f559bda07bd17e8a4e42fb2b5,train
249,STR-4ACD6DB0066464DC0230,N#Cc1ccc(OCCCN2CCC(C(O)(c3ccccc3)C3CCC3)CC2)cc1,5.3979400086720375,IC50,biochemical_inhibition,BindingDB;PubChem,,STR-4ACD6DB0066464DC0230,c1ccc(OCCCN2CCC(C(c3ccccc3)C3CCC3)CC2)cc1,bemis_murcko,scaffold,scaffold,c36cc6a6a29b1791359d66e339db904e9899da2a2a2046618bec3642c0e4170d,41f692ef5e00f424d3c76d5979e2efaf471c9d2f559bda07bd17e8a4e42fb2b5,train
250,STR-4ACE59DD91174820DC20,Cc1cccc(CN2CCC(CNc3ncnc4sc(CC(F)(F)F)cc34)CC2)c1,5.42021640338319,IC50,biochemical_inhibition,PubChem,2021.0,STR-4ACE59DD91174820DC20,c1ccc(CN2CCC(CNc3ncnc4sccc34)CC2)cc1,bemis_murcko,scaffold,scaffold,c36cc6a6a29b1791359d66e339db904e9899da2a2a2046618bec3642c0e4170d,41f692ef5e00f424d3c76d5979e2efaf471c9d2f559bda07bd17e8a4e42fb2b5,train
251,STR-4B176E4EC0D4BE59BE40,Cc1c(-c2ccccc2)sc2ncnc(N3CCN(c4nccs4)CC3)c12,4.1487416512809245,IC50,biochemical_inhibition,BindingDB,,STR-4B176E4EC0D4BE59BE40,c1ccc(-c2cc3c(N4CCN(c5nccs5)CC4)ncnc3s2)cc1,bemis_murcko,scaffold,scaffold,c36cc6a6a29b1791359d66e339db904e9899da2a2a2046618bec3642c0e4170d,41f692ef5e00f424d3c76d5979e2efaf471c9d2f559bda07bd17e8a4e42fb2b5,train
252,STR-4B2666E7A6862E420991,COC(=O)N[C@H]1CCC[C@@H]1[C@](CN1CCC1)(c1cccc(F)c1)C1CCN(CC2(OC)CN(c3ccc(S(=O)(=O)C4CC4)cc3)C2)CC1,8.602059991327963,IC50,biochemical_inhibition,BindingDB,,STR-4B2666E7A6862E420991,O=S(=O)(c1ccc(N2CC(CN3CCC(C(CN4CCC4)(c4ccccc4)C4CCCC4)CC3)C2)cc1)C1CC1,bemis_murcko,scaffold,scaffold,c36cc6a6a29b1791359d66e339db904e9899da2a2a2046618bec3642c0e4170d,41f692ef5e00f424d3c76d5979e2efaf471c9d2f559bda07bd17e8a4e42fb2b5,train
253,STR-4B497AB49DA0E85C14C0,CCc1cc2c(N3CCN(C)CC3)ncnc2s1,3.769551078621726,IC50,biochemical_inhibition,BindingDB,,STR-4B497AB49DA0E85C14C0,c1nc(N2CCNCC2)c2ccsc2n1,bemis_murcko,scaffold,scaffold,c36cc6a6a29b1791359d66e339db904e9899da2a2a2046618bec3642c0e4170d,41f692ef5e00f424d3c76d5979e2efaf471c9d2f559bda07bd17e8a4e42fb2b5,train
254,STR-4B7E6200574F432256B4,N#Cc1ccc(OCCCN2CCC(C3(C4CCCC4)C(=O)NCc4ccccc43)CC2)cc1,6.380906669373257,IC50,biochemical_inhibition,BindingDB,,STR-4B7E6200574F432256B4,O=C1NCc2ccccc2C1(C1CCCC1)C1CCN(CCCOc2ccccc2)CC1,bemis_murcko,scaffold,scaffold,c36cc6a6a29b1791359d66e339db904e9899da2a2a2046618bec3642c0e4170d,41f692ef5e00f424d3c76d5979e2efaf471c9d2f559bda07bd17e8a4e42fb2b5,test
255,STR-4C0B23EB03D4979A79B0,COC(=O)[C@H]1CCC[C@@H]1C(C#N)(c1ccccc1)C1CCN(CC2CN(c3ccc(S(=O)(=O)C4CC4)cc3)C2)CC1,6.583359492661719,IC50,biochemical_inhibition,BindingDB,,STR-4C0B23EB03D4979A79B0,O=S(=O)(c1ccc(N2CC(CN3CCC(C(c4ccccc4)C4CCCC4)CC3)C2)cc1)C1CC1,bemis_murcko,scaffold,scaffold,c36cc6a6a29b1791359d66e339db904e9899da2a2a2046618bec3642c0e4170d,41f692ef5e00f424d3c76d5979e2efaf471c9d2f559bda07bd17e8a4e42fb2b5,train
256,STR-4C19F00ABA775539C82E,N#Cc1ccc(OCCCN2CCC(C3(c4ccccc4)NCCc4ccccc43)CC2)cc1,4.448550002027125,IC50,biochemical_inhibition,BindingDB,,STR-4C19F00ABA775539C82E,c1ccc(OCCCN2CCC(C3(c4ccccc4)NCCc4ccccc43)CC2)cc1,bemis_murcko,scaffold,scaffold,c36cc6a6a29b1791359d66e339db904e9899da2a2a2046618bec3642c0e4170d,41f692ef5e00f424d3c76d5979e2efaf471c9d2f559bda07bd17e8a4e42fb2b5,train
257,STR-4C43BCDB33EE423B9ECC,CO[C@@H]1CCC[C@@H]1C(C#N)(c1ccccc1)C1CCN(CCCOc2ccc(C#N)cc2)CC1,5.443697499232712,IC50,biochemical_inhibition,BindingDB,,STR-4C43BCDB33EE423B9ECC,c1ccc(OCCCN2CCC(C(c3ccccc3)C3CCCC3)CC2)cc1,bemis_murcko,scaffold,scaffold,c36cc6a6a29b1791359d66e339db904e9899da2a2a2046618bec3642c0e4170d,41f692ef5e00f424d3c76d5979e2efaf471c9d2f559bda07bd17e8a4e42fb2b5,train
258,STR-4C93CA1137E1D2640369,CC(=O)N[C@@H](CO)C(=O)N[C@@H](C)C(=O)N[C@@H](CCCN=C(N)N)C(=O)N[C@@H](Cc1c[nH]c2ccccc12)C(=O)N[C@H]1C/C=C\C[C@@H](C(=O)N2CCC[C@H]2C(N)=O)NC(=O)[C@H](C)NC(=O)[C@@H]2CCCN2C(=O)[C@H](Cc2ccccc2)NC1=O,5.167491087293763,IC50,biochemical_inhibition,PubChem,2022.0,STR-4C93CA1137E1D2640369,O=C(CCc1c[nH]c2ccccc12)NC1CC=CCC(C(=O)N2CCCC2)NC(=O)CNC(=O)C2CCCN2C(=O)C(Cc2ccccc2)NC1=O,bemis_murcko,scaffold,scaffold,c36cc6a6a29b1791359d66e339db904e9899da2a2a2046618bec3642c0e4170d,41f692ef5e00f424d3c76d5979e2efaf471c9d2f559bda07bd17e8a4e42fb2b5,train
259,STR-4C9904605DD7A403DC5D,NC(N)=NCCC[C@@H]1NC(=O)C2(CCC2)NC(=O)[C@@H]2CCCN2C(=O)[C@H](Cc2cc(F)cc(F)c2)NC(=O)[C@@H](N)CCCCCCCCNC(=O)[C@@H]2CCCN2C1=O,7.732828271596986,IC50,biochemical_inhibition,PubChem,2013.0,STR-4C9904605DD7A403DC5D,O=C1CCCCCCCCCNC(=O)C2CCCN2C(=O)CNC(=O)C2(CCC2)NC(=O)C2CCCN2C(=O)C(Cc2ccccc2)N1,bemis_murcko,scaffold,scaffold,c36cc6a6a29b1791359d66e339db904e9899da2a2a2046618bec3642c0e4170d,41f692ef5e00f424d3c76d5979e2efaf471c9d2f559bda07bd17e8a4e42fb2b5,test
260,STR-4CB7285068B5FCE4FD1A,COCCN(C)CCC[C@H](C(C)C)N1CCC(C(=O)c2cn(-c3ccc(F)cc3C(=O)N(C(C)C)C(C)C)c3cnccc23)CC1,8.154901959985743,IC50,biochemical_inhibition,PubChem,2025.0,STR-4CB7285068B5FCE4FD1A,O=C(c1cn(-c2ccccc2)c2cnccc12)C1CCNCC1,bemis_murcko,scaffold,scaffold,c36cc6a6a29b1791359d66e339db904e9899da2a2a2046618bec3642c0e4170d,41f692ef5e00f424d3c76d5979e2efaf471c9d2f559bda07bd17e8a4e42fb2b5,train
261,STR-4D8D2ADCA5D69C8B8CBA,Cc1c(C(=O)C2CCN(C(=O)[C@H]3CCC4(CC4)N3)CC2)c2ccncc2n1-c1ccc(F)cc1C(=O)N1[C@H](C)COC[C@H]1C,7.522878745280337,IC50,biochemical_inhibition,PubChem,2025.0,STR-4D8D2ADCA5D69C8B8CBA,O=C(c1cn(-c2ccccc2C(=O)N2CCOCC2)c2cnccc12)C1CCN(C(=O)C2CCC3(CC3)N2)CC1,bemis_murcko,scaffold,scaffold,c36cc6a6a29b1791359d66e339db904e9899da2a2a2046618bec3642c0e4170d,41f692ef5e00f424d3c76d5979e2efaf471c9d2f559bda07bd17e8a4e42fb2b5,test
262,STR-4DD88D5839EF83BB667C,NS(=O)(=O)Cc1ccc(CN2CCC3(CCN(c4ncnc5sc(CC(F)(F)F)cc45)C3)C2)cc1,8.397940008672037,IC50,biochemical_inhibition,BindingDB;PubChem,,STR-4DD88D5839EF83BB667C,c1ccc(CN2CCC3(CCN(c4ncnc5sccc45)C3)C2)cc1,bemis_murcko,scaffold,scaffold,c36cc6a6a29b1791359d66e339db904e9899da2a2a2046618bec3642c0e4170d,41f692ef5e00f424d3c76d5979e2efaf471c9d2f559bda07bd17e8a4e42fb2b5,train
263,STR-4DFDBC49A2F73CD8BF0D,NC(N)=NCCC[C@@H]1NC(=O)C2(CCC2)NC(=O)[C@@H]2CCCN2C(=O)[C@H](Cc2ccc(F)cc2)NC(=O)[C@@H](N)CCCCCCCCNC(=O)[C@@H]2CCCN2C1=O,6.374687549038326,IC50,biochemical_inhibition,PubChem,2013.0,STR-4DFDBC49A2F73CD8BF0D,O=C1CCCCCCCCCNC(=O)C2CCCN2C(=O)CNC(=O)C2(CCC2)NC(=O)C2CCCN2C(=O)C(Cc2ccccc2)N1,bemis_murcko,scaffold,scaffold,c36cc6a6a29b1791359d66e339db904e9899da2a2a2046618bec3642c0e4170d,41f692ef5e00f424d3c76d5979e2efaf471c9d2f559bda07bd17e8a4e42fb2b5,test
264,STR-4E0D965820718397652B,N#CC(c1ccccc1)(C1CCN(CC2CN(c3ccc(S(=O)(=O)c4ccncc4)cc3)C2)CC1)[C@@H]1CCC[C@H]1OC(N)=O,6.342944147142896,IC50,biochemical_inhibition,BindingDB,,STR-4E0D965820718397652B,O=S(=O)(c1ccncc1)c1ccc(N2CC(CN3CCC(C(c4ccccc4)C4CCCC4)CC3)C2)cc1,bemis_murcko,scaffold,scaffold,c36cc6a6a29b1791359d66e339db904e9899da2a2a2046618bec3642c0e4170d,41f692ef5e00f424d3c76d5979e2efaf471c9d2f559bda07bd17e8a4e42fb2b5,train
265,STR-4E371D938A30AB8C1995,O=c1cccc2n1C[C@@H]1C[C@H]2CN(CC(O)CSCc2ccccc2)C1,7.397940008672037,IC50,biochemical_inhibition,PubChem,2024.0,STR-4E371D938A30AB8C1995,O=c1cccc2n1CC1CC2CN(CCCSCc2ccccc2)C1,bemis_murcko,scaffold,scaffold,c36cc6a6a29b1791359d66e339db904e9899da2a2a2046618bec3642c0e4170d,41f692ef5e00f424d3c76d5979e2efaf471c9d2f559bda07bd17e8a4e42fb2b5,train
266,STR-4ED5D5CE4BFD95B4D0C2,C=CC(=O)Nc1cccc(S(=O)(=O)c2ccc(N3CC(CN4CCC([C@@](C#N)(c5cccc(F)c5)[C@H]5CCC[C@@H]5OC(=O)NC)CC4)C3)cc2)c1,8.522878745280337,IC50,biochemical_inhibition,BindingDB,,STR-4ED5D5CE4BFD95B4D0C2,O=S(=O)(c1ccccc1)c1ccc(N2CC(CN3CCC(C(c4ccccc4)C4CCCC4)CC3)C2)cc1,bemis_murcko,scaffold,scaffold,c36cc6a6a29b1791359d66e339db904e9899da2a2a2046618bec3642c0e4170d,41f692ef5e00f424d3c76d5979e2efaf471c9d2f559bda07bd17e8a4e42fb2b5,test
267,STR-4ED81823DA53AF1D70A0,Cc1c(CN2CCC(Nc3ncnc4sc(CC(F)(F)F)cc34)CC2)ccc2c1cc(C#N)n2CCN1CCN(C(=O)C(F)F)CC1,7.356547323513812,IC50,biochemical_inhibition,BindingDB,,STR-4ED81823DA53AF1D70A0,c1nc(NC2CCN(Cc3ccc4c(ccn4CCN4CCNCC4)c3)CC2)c2ccsc2n1,bemis_murcko,scaffold,scaffold,c36cc6a6a29b1791359d66e339db904e9899da2a2a2046618bec3642c0e4170d,41f692ef5e00f424d3c76d5979e2efaf471c9d2f559bda07bd17e8a4e42fb2b5,train
268,STR-4F1EEBE285BDFD4F35AF,O=S(=O)(c1ccncc1)c1ccc(N2CC(CN3CCC(C4(C5CCCC5)CN(C5CCC5)Cc5ccccc54)CC3)C2)cc1,8.045757490560675,IC50,biochemical_inhibition,BindingDB,,STR-4F1EEBE285BDFD4F35AF,O=S(=O)(c1ccncc1)c1ccc(N2CC(CN3CCC(C4(C5CCCC5)CN(C5CCC5)Cc5ccccc54)CC3)C2)cc1,bemis_murcko,scaffold,scaffold,c36cc6a6a29b1791359d66e339db904e9899da2a2a2046618bec3642c0e4170d,41f692ef5e00f424d3c76d5979e2efaf471c9d2f559bda07bd17e8a4e42fb2b5,train
269,STR-4F3A3B151C0FFEF6C401,CCCCC[C@H](NC(=O)[C@H](Cc1c[nH]c2ccccc12)NC(=O)[C@H](CCCN=C(N)N)NC(C)=O)C(=O)N[C@@H](Cc1ccccc1)C(=O)N1CCC[C@H]1C(=O)N[C@@H](C)C(=O)N[C@@H](CCCN=C(N)N)C(=O)N1CCC[C@H]1C(=O)NCC,5.131355561605174,IC50,biochemical_inhibition,PubChem,2013.0,STR-4F3A3B151C0FFEF6C401,O=C(CCc1c[nH]c2ccccc12)NCC(=O)NC(Cc1ccccc1)C(=O)N1CCCC1C(=O)NCC(=O)NCC(=O)N1CCCC1,bemis_murcko,scaffold,scaffold,c36cc6a6a29b1791359d66e339db904e9899da2a2a2046618bec3642c0e4170d,41f692ef5e00f424d3c76d5979e2efaf471c9d2f559bda07bd17e8a4e42fb2b5,train
270,STR-4F74C84E1F856F025432,CCCC(=O)O[C@H]1CCC[C@@H]1C(C#N)(c1ccccc1)C1CCN(CC2CN(c3ccc(S(=O)(=O)c4ccncc4)cc3)C2)CC1,6.20551195334083,IC50,biochemical_inhibition,BindingDB,,STR-4F74C84E1F856F025432,O=S(=O)(c1ccncc1)c1ccc(N2CC(CN3CCC(C(c4ccccc4)C4CCCC4)CC3)C2)cc1,bemis_murcko,scaffold,scaffold,c36cc6a6a29b1791359d66e339db904e9899da2a2a2046618bec3642c0e4170d,41f692ef5e00f424d3c76d5979e2efaf471c9d2f559bda07bd17e8a4e42fb2b5,train
271,STR-4F7AB474CDF6E554BFA4,CNC(=O)N[C@H]1CCC[C@@H]1C1(C2CCN(CC3CN(c4ccc(S(=O)(=O)C5CC5)cc4)C3)CC2)CN(C)Cc2ccccc21,8.0,IC50,biochemical_inhibition,BindingDB,,STR-4F7AB474CDF6E554BFA4,O=S(=O)(c1ccc(N2CC(CN3CCC(C4(C5CCCC5)CNCc5ccccc54)CC3)C2)cc1)C1CC1,bemis_murcko,scaffold,scaffold,c36cc6a6a29b1791359d66e339db904e9899da2a2a2046618bec3642c0e4170d,41f692ef5e00f424d3c76d5979e2efaf471c9d2f559bda07bd17e8a4e42fb2b5,train
272,STR-4F9973FE7C8B64538C73,CCN(C(=O)c1cc(F)ccc1-n1cc(C(=O)C2CCN(C(=O)[C@H]3N[C@H]4C[C@@H]3[C@@H](F)C4)CC2)c2ccncc21)C(C)C,7.769551078621726,IC50,biochemical_inhibition,PubChem,2025.0,STR-4F9973FE7C8B64538C73,O=C(c1cn(-c2ccccc2)c2cnccc12)C1CCN(C(=O)C2NC3CCC2C3)CC1,bemis_murcko,scaffold,scaffold,c36cc6a6a29b1791359d66e339db904e9899da2a2a2046618bec3642c0e4170d,41f692ef5e00f424d3c76d5979e2efaf471c9d2f559bda07bd17e8a4e42fb2b5,train
273,STR-50194E6CF0AF9E3900D0,C=CC(=O)Nc1ccc(S(=O)(=O)c2ccc(N3CC(CN4CCC([C@](C#N)(c5cccc(F)c5)[C@H]5CCC[C@@H]5OC(=O)NC)CC4)C3)cc2)cc1,5.657577319177793,IC50,biochemical_inhibition,BindingDB,,STR-50194E6CF0AF9E3900D0,O=S(=O)(c1ccccc1)c1ccc(N2CC(CN3CCC(C(c4ccccc4)C4CCCC4)CC3)C2)cc1,bemis_murcko,scaffold,scaffold,c36cc6a6a29b1791359d66e339db904e9899da2a2a2046618bec3642c0e4170d,41f692ef5e00f424d3c76d5979e2efaf471c9d2f559bda07bd17e8a4e42fb2b5,test
274,STR-506A8FF202D4B27FF220,CNC(=O)O[C@H]1CCC[C@@H]1C(C#N)(c1ccccc1)C1CCN(C2CCN(c3ccc(S(=O)(=O)c4ccccc4)cc3)CC2)CC1,7.301029995663981,IC50,biochemical_inhibition,BindingDB,,STR-506A8FF202D4B27FF220,O=S(=O)(c1ccccc1)c1ccc(N2CCC(N3CCC(C(c4ccccc4)C4CCCC4)CC3)CC2)cc1,bemis_murcko,scaffold,scaffold,c36cc6a6a29b1791359d66e339db904e9899da2a2a2046618bec3642c0e4170d,41f692ef5e00f424d3c76d5979e2efaf471c9d2f559bda07bd17e8a4e42fb2b5,train
275,STR-5087F394BDB8250241D9,O=C1C[C@@H]2CC[C@H]1[C@@H](C(=O)N1CC3(C1)CN(c1c(C(F)(F)F)cnc4sc(CC(F)(F)F)cc14)C3)N2,6.197226274708024,IC50,biochemical_inhibition,BindingDB;PubChem,,STR-5087F394BDB8250241D9,O=C1CC2CCC1C(C(=O)N1CC3(C1)CN(c1ccnc4sccc14)C3)N2,bemis_murcko,scaffold,scaffold,c36cc6a6a29b1791359d66e339db904e9899da2a2a2046618bec3642c0e4170d,41f692ef5e00f424d3c76d5979e2efaf471c9d2f559bda07bd17e8a4e42fb2b5,train
276,STR-509BF80DD9236E453E67,CC(=O)N[C@@H](CO)C(=O)N[C@@H](C)C(=O)N[C@@H](CCCN=C(N)N)C(=O)N[C@@H](Cc1c[nH]c2ccccc12)C(=O)N[C@H]1CCCC[C@@H](C(=O)N2CCC[C@H]2C(=O)N[C@@H](CCCN=C(N)N)C(N)=O)NC(=O)[C@H](C)NC(=O)[C@@H]2CCCN2C(=O)[C@H](Cc2ccccc2)NC1=O,6.913640169325252,IC50,biochemical_inhibition,PubChem,2022.0,STR-509BF80DD9236E453E67,O=C(CCc1c[nH]c2ccccc12)NC1CCCCC(C(=O)N2CCCC2)NC(=O)CNC(=O)C2CCCN2C(=O)C(Cc2ccccc2)NC1=O,bemis_murcko,scaffold,scaffold,c36cc6a6a29b1791359d66e339db904e9899da2a2a2046618bec3642c0e4170d,41f692ef5e00f424d3c76d5979e2efaf471c9d2f559bda07bd17e8a4e42fb2b5,train
277,STR-514E377E1ED7B27533EB,CC(C)(C#N)c1ccc(CN2CCC3(CCN(c4ncnc5sc(CC(F)(F)F)cc45)C3)C2)cc1,7.698970004336019,IC50,biochemical_inhibition,BindingDB;PubChem,,STR-514E377E1ED7B27533EB,c1ccc(CN2CCC3(CCN(c4ncnc5sccc45)C3)C2)cc1,bemis_murcko,scaffold,scaffold,c36cc6a6a29b1791359d66e339db904e9899da2a2a2046618bec3642c0e4170d,41f692ef5e00f424d3c76d5979e2efaf471c9d2f559bda07bd17e8a4e42fb2b5,train
278,STR-5255CAA0D8BB98E85D76,Cc1nn(-c2ccccc2)nc1C(N)=O,3.42021640338319,IC50,biochemical_inhibition,BindingDB,,STR-5255CAA0D8BB98E85D76,c1ccc(-n2nccn2)cc1,bemis_murcko,scaffold,scaffold,c36cc6a6a29b1791359d66e339db904e9899da2a2a2046618bec3642c0e4170d,41f692ef5e00f424d3c76d5979e2efaf471c9d2f559bda07bd17e8a4e42fb2b5,train
279,STR-5292CC2045CB1C1E8EBD,N#Cc1ccc(OCCCN2CCC(C(O)(c3ccccc3)C3CCCC3)CC2)cc1,6.4089353929735005,IC50,biochemical_inhibition,BindingDB;PubChem,,STR-5292CC2045CB1C1E8EBD,c1ccc(OCCCN2CCC(C(c3ccccc3)C3CCCC3)CC2)cc1,bemis_murcko,scaffold,scaffold,c36cc6a6a29b1791359d66e339db904e9899da2a2a2046618bec3642c0e4170d,41f692ef5e00f424d3c76d5979e2efaf471c9d2f559bda07bd17e8a4e42fb2b5,train
280,STR-52D01EFC583EB20C9B2A,N#Cc1ccc(OCCCN2CCC(C3(C4CCCC4)NCCc4sccc43)CC2)cc1,7.229147988357855,IC50,biochemical_inhibition,BindingDB,,STR-52D01EFC583EB20C9B2A,c1ccc(OCCCN2CCC(C3(C4CCCC4)NCCc4sccc43)CC2)cc1,bemis_murcko,scaffold,scaffold,c36cc6a6a29b1791359d66e339db904e9899da2a2a2046618bec3642c0e4170d,41f692ef5e00f424d3c76d5979e2efaf471c9d2f559bda07bd17e8a4e42fb2b5,test
281,STR-5324B66A4DD700AAE4E7,N#Cc1ccc(OCCCN2CCC(C3(C4CCCC4)CNC(=O)c4ccccc43)CC2)cc1,5.958607314841775,IC50,biochemical_inhibition,BindingDB,,STR-5324B66A4DD700AAE4E7,O=C1NCC(C2CCCC2)(C2CCN(CCCOc3ccccc3)CC2)c2ccccc21,bemis_murcko,scaffold,scaffold,c36cc6a6a29b1791359d66e339db904e9899da2a2a2046618bec3642c0e4170d,41f692ef5e00f424d3c76d5979e2efaf471c9d2f559bda07bd17e8a4e42fb2b5,train
282,STR-53AEACA9E792A76EA570,CNC(=O)O[C@H]1CCC[C@@H]1C(C#N)(c1ccccc1)C1CCN(CC2CN(c3ccc(C)cc3)C2)CC1,6.950781977329818,IC50,biochemical_inhibition,BindingDB,,STR-53AEACA9E792A76EA570,c1ccc(C(C2CCCC2)C2CCN(CC3CN(c4ccccc4)C3)CC2)cc1,bemis_murcko,scaffold,scaffold,c36cc6a6a29b1791359d66e339db904e9899da2a2a2046618bec3642c0e4170d,41f692ef5e00f424d3c76d5979e2efaf471c9d2f559bda07bd17e8a4e42fb2b5,train
283,STR-5450F2215C19A31CEB46,Cc1c(C(=O)C2CCN(C(=O)[C@@H]3CCC4(CC4)N3)CC2)c2ccncc2n1-c1ccc(F)cc1C(=O)N1[C@H](C)COC[C@H]1C,6.454692883534176,IC50,biochemical_inhibition,PubChem,2025.0,STR-5450F2215C19A31CEB46,O=C(c1cn(-c2ccccc2C(=O)N2CCOCC2)c2cnccc12)C1CCN(C(=O)C2CCC3(CC3)N2)CC1,bemis_murcko,scaffold,scaffold,c36cc6a6a29b1791359d66e339db904e9899da2a2a2046618bec3642c0e4170d,41f692ef5e00f424d3c76d5979e2efaf471c9d2f559bda07bd17e8a4e42fb2b5,test
284,STR-5470E2C155BCDC752B33,CCNC(=O)O[C@H]1CCC[C@@H]1C(C#N)(c1ccccc1)C1CCN(CC2CN(c3ccc(S(=O)(=O)c4ccncc4)cc3)C2)CC1,6.769551078621726,IC50,biochemical_inhibition,BindingDB,,STR-5470E2C155BCDC752B33,O=S(=O)(c1ccncc1)c1ccc(N2CC(CN3CCC(C(c4ccccc4)C4CCCC4)CC3)C2)cc1,bemis_murcko,scaffold,scaffold,c36cc6a6a29b1791359d66e339db904e9899da2a2a2046618bec3642c0e4170d,41f692ef5e00f424d3c76d5979e2efaf471c9d2f559bda07bd17e8a4e42fb2b5,train
285,STR-5472A1D1C6965F08A7DA,C=C(C)CC1(C2CCN(CCCOc3ccc(C#N)cc3)CC2)NCCc2ccccc21,5.522878745280337,IC50,biochemical_inhibition,BindingDB,,STR-5472A1D1C6965F08A7DA,c1ccc(OCCCN2CCC(C3NCCc4ccccc43)CC2)cc1,bemis_murcko,scaffold,scaffold,c36cc6a6a29b1791359d66e339db904e9899da2a2a2046618bec3642c0e4170d,41f692ef5e00f424d3c76d5979e2efaf471c9d2f559bda07bd17e8a4e42fb2b5,test
286,STR-547D0767F033066A0D80,O=S(=O)(c1ccncc1)c1ccc(N2CC(CN3CCC(C4(C5CCCC5)CN(Cc5ccncc5)Cc5ccccc54)CC3)C2)cc1,5.952764435679177,IC50,biochemical_inhibition,BindingDB,,STR-547D0767F033066A0D80,O=S(=O)(c1ccncc1)c1ccc(N2CC(CN3CCC(C4(C5CCCC5)CN(Cc5ccncc5)Cc5ccccc54)CC3)C2)cc1,bemis_murcko,scaffold,scaffold,c36cc6a6a29b1791359d66e339db904e9899da2a2a2046618bec3642c0e4170d,41f692ef5e00f424d3c76d5979e2efaf471c9d2f559bda07bd17e8a4e42fb2b5,train
287,STR-54ED728D29C775C2EEED,CS(=O)(=O)CO[C@H]1CCC[C@@H]1C(C#N)(c1ccccc1)C1CCN(CC2CN(c3ccc(S(=O)(=O)c4ccncc4)cc3)C2)CC1,4.841637507904751,IC50,biochemical_inhibition,BindingDB,,STR-54ED728D29C775C2EEED,O=S(=O)(c1ccncc1)c1ccc(N2CC(CN3CCC(C(c4ccccc4)C4CCCC4)CC3)C2)cc1,bemis_murcko,scaffold,scaffold,c36cc6a6a29b1791359d66e339db904e9899da2a2a2046618bec3642c0e4170d,41f692ef5e00f424d3c76d5979e2efaf471c9d2f559bda07bd17e8a4e42fb2b5,train
288,STR-54F1327250956FC1E73B,CS(=O)(=O)CCC(C#N)(c1ccccc1)C1CCN(CCCOc2ccc(C#N)cc2)CC1,4.123205023799299,IC50,biochemical_inhibition,BindingDB,,STR-54F1327250956FC1E73B,c1ccc(CC2CCN(CCCOc3ccccc3)CC2)cc1,bemis_murcko,scaffold,scaffold,c36cc6a6a29b1791359d66e339db904e9899da2a2a2046618bec3642c0e4170d,41f692ef5e00f424d3c76d5979e2efaf471c9d2f559bda07bd17e8a4e42fb2b5,train
289,STR-551B85BEC657362DBF0B,CCc1cc2c(N3CCN(c4nnc(CC)s4)CC3)ncnc2s1,5.42021640338319,IC50,biochemical_inhibition,BindingDB,,STR-551B85BEC657362DBF0B,c1nc(N2CCN(c3nncs3)CC2)c2ccsc2n1,bemis_murcko,scaffold,scaffold,c36cc6a6a29b1791359d66e339db904e9899da2a2a2046618bec3642c0e4170d,41f692ef5e00f424d3c76d5979e2efaf471c9d2f559bda07bd17e8a4e42fb2b5,train
290,STR-55608317294F39D42FCE,CNC(=O)O[C@@H]1CCC[C@H]1C(Cn1cccc1)(c1ccccc1)C1CCN(CC2CN(c3ccc(S(=O)(=O)c4ccccc4)cc3)C2)CC1,6.655607726314889,IC50,biochemical_inhibition,BindingDB,,STR-55608317294F39D42FCE,O=S(=O)(c1ccccc1)c1ccc(N2CC(CN3CCC(C(Cn4cccc4)(c4ccccc4)C4CCCC4)CC3)C2)cc1,bemis_murcko,scaffold,scaffold,c36cc6a6a29b1791359d66e339db904e9899da2a2a2046618bec3642c0e4170d,41f692ef5e00f424d3c76d5979e2efaf471c9d2f559bda07bd17e8a4e42fb2b5,test
291,STR-55DFB8550CA6D0317DA0,N=C(N)NCCC[C@@H]1NC(=O)C2(CCC2)NC(=O)[C@@H]2CCCN2C(=O)[C@H](Cc2cccc(F)c2)NC(=O)[C@@H](N)CCCCCCCCNC(=O)[C@@H]2CCCN2C1=O,7.602059991327963,IC50,biochemical_inhibition,BindingDB,,STR-55DFB8550CA6D0317DA0,O=C1CCCCCCCCCNC(=O)C2CCCN2C(=O)CNC(=O)C2(CCC2)NC(=O)C2CCCN2C(=O)C(Cc2ccccc2)N1,bemis_murcko,scaffold,scaffold,c36cc6a6a29b1791359d66e339db904e9899da2a2a2046618bec3642c0e4170d,41f692ef5e00f424d3c76d5979e2efaf471c9d2f559bda07bd17e8a4e42fb2b5,test
292,STR-562B91EA5B528B52D63B,O=S(=O)(c1ccc(O[C@H]2C[C@@H](N3CCC(C4(C5CCCC5)NCCc5ccccc54)CC3)C2)cc1)C1CC1,4.882728704344236,IC50,biochemical_inhibition,BindingDB,,STR-562B91EA5B528B52D63B,O=S(=O)(c1ccc(OC2CC(N3CCC(C4(C5CCCC5)NCCc5ccccc54)CC3)C2)cc1)C1CC1,bemis_murcko,scaffold,scaffold,c36cc6a6a29b1791359d66e339db904e9899da2a2a2046618bec3642c0e4170d,41f692ef5e00f424d3c76d5979e2efaf471c9d2f559bda07bd17e8a4e42fb2b5,train
293,STR-564F3E6A8D355FDC64A9,Cc1c(C(=O)C2CCN(C(=O)[C@@H]3NC[C@@H]4C[C@@H]43)CC2)c2ccncc2n1-c1ccc(F)cc1C(=O)N(C(C)C)C(C)C,8.045757490560675,IC50,biochemical_inhibition,PubChem,2025.0,STR-564F3E6A8D355FDC64A9,O=C(c1cn(-c2ccccc2)c2cnccc12)C1CCN(C(=O)C2NCC3CC32)CC1,bemis_murcko,scaffold,scaffold,c36cc6a6a29b1791359d66e339db904e9899da2a2a2046618bec3642c0e4170d,41f692ef5e00f424d3c76d5979e2efaf471c9d2f559bda07bd17e8a4e42fb2b5,train
294,STR-568E8A2EF6050316CA23,N=C(N)NCCC[C@@H]1NC(=O)C2(CCC2)NC(=O)[C@@H]2CCCN2C(=O)[C@H](Cc2ccccc2)NC(=O)[C@@H](N)CCCCCCCCNC(=O)[C@@H]2CCCN2C1=O,6.991399828238082,IC50,biochemical_inhibition,BindingDB,,STR-568E8A2EF6050316CA23,O=C1CCCCCCCCCNC(=O)C2CCCN2C(=O)CNC(=O)C2(CCC2)NC(=O)C2CCCN2C(=O)C(Cc2ccccc2)N1,bemis_murcko,scaffold,scaffold,c36cc6a6a29b1791359d66e339db904e9899da2a2a2046618bec3642c0e4170d,41f692ef5e00f424d3c76d5979e2efaf471c9d2f559bda07bd17e8a4e42fb2b5,test
295,STR-56DC6A882EA4DF2D5C28,CCN(C(=O)c1cc(F)ccc1-n1c(C)c(C(=O)[C@@H]2CCN(C(=O)[C@@H]3CC[C@H](C)N3)[C@@H](C)C2)c2ccncc21)C(C)C,7.229147988357855,IC50,biochemical_inhibition,PubChem,2025.0,STR-56DC6A882EA4DF2D5C28,O=C(c1cn(-c2ccccc2)c2cnccc12)C1CCN(C(=O)C2CCCN2)CC1,bemis_murcko,scaffold,scaffold,c36cc6a6a29b1791359d66e339db904e9899da2a2a2046618bec3642c0e4170d,41f692ef5e00f424d3c76d5979e2efaf471c9d2f559bda07bd17e8a4e42fb2b5,test
296,STR-56E19E91840D3A01B6A3,CCS(=O)(=O)c1ccc(N2CC(CN3CCC(C4(C5CCCC5)CN(C)Cc5ccccc54)CC3)C2)cc1,7.522878745280337,IC50,biochemical_inhibition,BindingDB,,STR-56E19E91840D3A01B6A3,c1ccc(N2CC(CN3CCC(C4(C5CCCC5)CNCc5ccccc54)CC3)C2)cc1,bemis_murcko,scaffold,scaffold,c36cc6a6a29b1791359d66e339db904e9899da2a2a2046618bec3642c0e4170d,41f692ef5e00f424d3c76d5979e2efaf471c9d2f559bda07bd17e8a4e42fb2b5,train
297,STR-571CCDCD3D693D6D5618,C=CC(=O)N[C@H]1CCC[C@@H]1[C@](C#N)(c1cccc(F)c1)C1CCN(CC2CN(c3ccc(C#N)cc3)C2)CC1,8.154901959985743,IC50,biochemical_inhibition,BindingDB,,STR-571CCDCD3D693D6D5618,c1ccc(C(C2CCCC2)C2CCN(CC3CN(c4ccccc4)C3)CC2)cc1,bemis_murcko,scaffold,scaffold,c36cc6a6a29b1791359d66e339db904e9899da2a2a2046618bec3642c0e4170d,41f692ef5e00f424d3c76d5979e2efaf471c9d2f559bda07bd17e8a4e42fb2b5,train
298,STR-5757A82E1BB3E6BCC920,N#CC(c1ccccc1)(C1CCN(CC2CN(c3ccc(S(=O)(=O)c4ccccc4)cc3)C2)CC1)[C@@H]1CCC[C@H]1OC(N)=O,6.480172006224281,IC50,biochemical_inhibition,BindingDB,,STR-5757A82E1BB3E6BCC920,O=S(=O)(c1ccccc1)c1ccc(N2CC(CN3CCC(C(c4ccccc4)C4CCCC4)CC3)C2)cc1,bemis_murcko,scaffold,scaffold,c36cc6a6a29b1791359d66e339db904e9899da2a2a2046618bec3642c0e4170d,41f692ef5e00f424d3c76d5979e2efaf471c9d2f559bda07bd17e8a4e42fb2b5,test
299,STR-576B6EA8C9ACC26932D5,CC(C)N(C(=O)c1cc(F)ccc1-n1cc(C(=O)C2CCN(C(=O)[C@@H]3CCC4(CC4)N3)CC2)c2ccncc21)C(C)C,7.721246399047171,IC50,biochemical_inhibition,PubChem,2025.0,STR-576B6EA8C9ACC26932D5,O=C(c1cn(-c2ccccc2)c2cnccc12)C1CCN(C(=O)C2CCC3(CC3)N2)CC1,bemis_murcko,scaffold,scaffold,c36cc6a6a29b1791359d66e339db904e9899da2a2a2046618bec3642c0e4170d,41f692ef5e00f424d3c76d5979e2efaf471c9d2f559bda07bd17e8a4e42fb2b5,train
300,STR-5772ECC60E4A62F0C34E,Cc1c(C(=O)[C@@H]2CCN(C(=O)[C@@H]3CC[C@H](C)N3)[C@@H](C)C2)c2ccncc2n1-c1ccc(F)cc1C(=O)N(C(C)C)C(C)C,7.119186407719209,IC50,biochemical_inhibition,PubChem,2025.0,STR-5772ECC60E4A62F0C34E,O=C(c1cn(-c2ccccc2)c2cnccc12)C1CCN(C(=O)C2CCCN2)CC1,bemis_murcko,scaffold,scaffold,c36cc6a6a29b1791359d66e339db904e9899da2a2a2046618bec3642c0e4170d,41f692ef5e00f424d3c76d5979e2efaf471c9d2f559bda07bd17e8a4e42fb2b5,test
301,STR-5809FBCCA5EEA2161D90,C=CC(=O)Nc1cccc(S(=O)(=O)c2ccc(N3CC(F)(CN4CCC([C@@](Cn5ccnc5CC)(c5cccc(F)c5)[C@H]5CCC[C@@H]5NC(=O)OC)CC4)C3)cc2)c1,8.698970004336019,IC50,biochemical_inhibition,BindingDB,,STR-5809FBCCA5EEA2161D90,O=S(=O)(c1ccccc1)c1ccc(N2CC(CN3CCC(C(Cn4ccnc4)(c4ccccc4)C4CCCC4)CC3)C2)cc1,bemis_murcko,scaffold,scaffold,c36cc6a6a29b1791359d66e339db904e9899da2a2a2046618bec3642c0e4170d,41f692ef5e00f424d3c76d5979e2efaf471c9d2f559bda07bd17e8a4e42fb2b5,train
302,STR-586E7E6DFFA71788CE25,NC(N)=NCCC[C@@H]1NC(=O)C2(CCC2)NC(=O)[C@@H]2CCCN2C(=O)[C@H](Cc2cccc(F)c2)NC(=O)[C@@H](N)CCCCCCCCNC(=O)[C@@H]2CCCN2C1=O,7.600326278518962,IC50,biochemical_inhibition,PubChem,2013.0,STR-586E7E6DFFA71788CE25,O=C1CCCCCCCCCNC(=O)C2CCCN2C(=O)CNC(=O)C2(CCC2)NC(=O)C2CCCN2C(=O)C(Cc2ccccc2)N1,bemis_murcko,scaffold,scaffold,c36cc6a6a29b1791359d66e339db904e9899da2a2a2046618bec3642c0e4170d,41f692ef5e00f424d3c76d5979e2efaf471c9d2f559bda07bd17e8a4e42fb2b5,test
303,STR-58E1F68826F9425D265B,CCN(C(=O)c1cc(F)ccc1-n1c(C)c(C(=O)[C@@H]2CCN(C(=O)[C@H]3CCC4(CC4)N3)[C@@H](C)C2)c2ccncc21)C(C)C,5.607654844638796,IC50,biochemical_inhibition,PubChem,2025.0,STR-58E1F68826F9425D265B,O=C(c1cn(-c2ccccc2)c2cnccc12)C1CCN(C(=O)C2CCC3(CC3)N2)CC1,bemis_murcko,scaffold,scaffold,c36cc6a6a29b1791359d66e339db904e9899da2a2a2046618bec3642c0e4170d,41f692ef5e00f424d3c76d5979e2efaf471c9d2f559bda07bd17e8a4e42fb2b5,train
304,STR-593538869CBBD1EB1B7D,CC(=O)O[C@H]1CCC[C@@H]1C1(C2CCN(CC3CN(c4ccc(S(=O)(=O)c5ccncc5)cc4)C3)CC2)CN(C)Cc2ccccc21,8.522878745280337,IC50,biochemical_inhibition,BindingDB,,STR-593538869CBBD1EB1B7D,O=S(=O)(c1ccncc1)c1ccc(N2CC(CN3CCC(C4(C5CCCC5)CNCc5ccccc54)CC3)C2)cc1,bemis_murcko,scaffold,scaffold,c36cc6a6a29b1791359d66e339db904e9899da2a2a2046618bec3642c0e4170d,41f692ef5e00f424d3c76d5979e2efaf471c9d2f559bda07bd17e8a4e42fb2b5,train
305,STR-595841CB737450AE406D,Cn1cc2c(n1)CCCC2N1CC2(CCN(c3ncnc4sc(CC(F)(F)F)cc34)C2)C1,6.667679012221937,IC50,biochemical_inhibition,PubChem,2020.0,STR-595841CB737450AE406D,c1nc(N2CCC3(C2)CN(C2CCCc4n[nH]cc42)C3)c2ccsc2n1,bemis_murcko,scaffold,scaffold,c36cc6a6a29b1791359d66e339db904e9899da2a2a2046618bec3642c0e4170d,41f692ef5e00f424d3c76d5979e2efaf471c9d2f559bda07bd17e8a4e42fb2b5,train
306,STR-5969BDB3299C8D708957,O=C(Nc1ccc(-c2cc3c(N4CCOCC4)ncnc3[nH]2)cc1)Nc1cc(-c2cccnc2)no1,6.619788758288394,IC50,biochemical_inhibition,BindingDB;PubChem,,STR-5969BDB3299C8D708957,O=C(Nc1ccc(-c2cc3c(N4CCOCC4)ncnc3[nH]2)cc1)Nc1cc(-c2cccnc2)no1,bemis_murcko,scaffold,scaffold,c36cc6a6a29b1791359d66e339db904e9899da2a2a2046618bec3642c0e4170d,41f692ef5e00f424d3c76d5979e2efaf471c9d2f559bda07bd17e8a4e42fb2b5,train
307,STR-596CCD8CCBE00B9915DF,N#Cc1ccc(OCCCN2CCC(C(O)c3ccccc3)CC2)cc1,3.6307841425898575,IC50,biochemical_inhibition,BindingDB;PubChem,,STR-596CCD8CCBE00B9915DF,c1ccc(CC2CCN(CCCOc3ccccc3)CC2)cc1,bemis_murcko,scaffold,scaffold,c36cc6a6a29b1791359d66e339db904e9899da2a2a2046618bec3642c0e4170d,41f692ef5e00f424d3c76d5979e2efaf471c9d2f559bda07bd17e8a4e42fb2b5,train
308,STR-5A59AFF93EE296D36BC6,N#CC(c1ccccc1)(C1CCN(CC2CN(c3ccc(S(=O)(=O)c4ccncc4)cc3)C2)CC1)[C@@H]1CCC[C@H]1OC(=O)C1CCC1,6.361510743045363,IC50,biochemical_inhibition,BindingDB,,STR-5A59AFF93EE296D36BC6,O=C(OC1CCCC1C(c1ccccc1)C1CCN(CC2CN(c3ccc(S(=O)(=O)c4ccncc4)cc3)C2)CC1)C1CCC1,bemis_murcko,scaffold,scaffold,c36cc6a6a29b1791359d66e339db904e9899da2a2a2046618bec3642c0e4170d,41f692ef5e00f424d3c76d5979e2efaf471c9d2f559bda07bd17e8a4e42fb2b5,train
309,STR-5A6612853CA9F9DCEA91,O=S(=O)(c1ccncc1)c1ccc(N2CC(CN3CCC(C4(C5CCCC5)CNCc5ccccc54)CC3)C2)cc1,8.096910013008056,IC50,biochemical_inhibition,BindingDB,,STR-5A6612853CA9F9DCEA91,O=S(=O)(c1ccncc1)c1ccc(N2CC(CN3CCC(C4(C5CCCC5)CNCc5ccccc54)CC3)C2)cc1,bemis_murcko,scaffold,scaffold,c36cc6a6a29b1791359d66e339db904e9899da2a2a2046618bec3642c0e4170d,41f692ef5e00f424d3c76d5979e2efaf471c9d2f559bda07bd17e8a4e42fb2b5,train
310,STR-5A6D9F61D6C13A688B6F,CN(C)C(=O)O[C@H]1CCC[C@@H]1C(C#N)(c1ccccc1)C1CCN(CC2CN(c3ccc(S(=O)(=O)c4ccncc4)cc3)C2)CC1,6.583359492661719,IC50,biochemical_inhibition,BindingDB,,STR-5A6D9F61D6C13A688B6F,O=S(=O)(c1ccncc1)c1ccc(N2CC(CN3CCC(C(c4ccccc4)C4CCCC4)CC3)C2)cc1,bemis_murcko,scaffold,scaffold,c36cc6a6a29b1791359d66e339db904e9899da2a2a2046618bec3642c0e4170d,41f692ef5e00f424d3c76d5979e2efaf471c9d2f559bda07bd17e8a4e42fb2b5,train
311,STR-5A72CC411680E1B08301,CC(=O)N[C@@H](C)C(=O)N[C@@H](CCCNC(=N)N)C(=O)N[C@@H](Cc1c[nH]c2ccccc12)C(=O)N[C@H]1CCCC[C@@H](C(=O)N2CCC[C@H]2C(=O)N[C@@H](CCCN)C(=O)N[C@@H](CCCNC(=N)N)C(=O)N[C@@H](CCCNC(=N)N)C(=O)N[C@@H](CCCNC(=N)N)C(N)=O)NC(=O)C2(CCC2)NC(=O)[C@@H]2CCCN2C(=O)[C@H](Cc2cccc(F)c2)NC1=O,8.337242168318426,IC50,biochemical_inhibition,PubChem,2022.0,STR-5A72CC411680E1B08301,O=C(CCc1c[nH]c2ccccc12)NC1CCCCC(C(=O)N2CCCC2)NC(=O)C2(CCC2)NC(=O)C2CCCN2C(=O)C(Cc2ccccc2)NC1=O,bemis_murcko,scaffold,scaffold,c36cc6a6a29b1791359d66e339db904e9899da2a2a2046618bec3642c0e4170d,41f692ef5e00f424d3c76d5979e2efaf471c9d2f559bda07bd17e8a4e42fb2b5,train
312,STR-5A7DA68DC0F3ED8954CA,C=C1C[C@@H]2CC[C@H]1[C@@H](C(=O)N1CCC(C(=O)c3cn(-c4ccc(F)cc4C(=O)N(C(C)C)C(C)C)c4cnccc34)CC1)N2,7.431798275933005,IC50,biochemical_inhibition,PubChem,2025.0,STR-5A7DA68DC0F3ED8954CA,C=C1CC2CCC1C(C(=O)N1CCC(C(=O)c3cn(-c4ccccc4)c4cnccc34)CC1)N2,bemis_murcko,scaffold,scaffold,c36cc6a6a29b1791359d66e339db904e9899da2a2a2046618bec3642c0e4170d,41f692ef5e00f424d3c76d5979e2efaf471c9d2f559bda07bd17e8a4e42fb2b5,train
313,STR-5AAFAF6256B3F4647925,O=C([C@H]1N[C@H]2CC[C@@H]1CC2)N1CC2(C1)CN(c1c(C(F)(F)F)cnc3sc(CC(F)(F)F)cc13)C2,7.497572880015567,IC50,biochemical_inhibition,BindingDB,,STR-5AAFAF6256B3F4647925,O=C(C1NC2CCC1CC2)N1CC2(C1)CN(c1ccnc3sccc13)C2,bemis_murcko,scaffold,scaffold,c36cc6a6a29b1791359d66e339db904e9899da2a2a2046618bec3642c0e4170d,41f692ef5e00f424d3c76d5979e2efaf471c9d2f559bda07bd17e8a4e42fb2b5,train
314,STR-5B1180372851AE5365FB,O=S(=O)(CC1CCCCC1)c1ccc(N2CC(CN3CCC(C4(C5CCCC5)NCCc5ccccc54)CC3)C2)cc1,7.2839966563652,IC50,biochemical_inhibition,BindingDB,,STR-5B1180372851AE5365FB,O=S(=O)(CC1CCCCC1)c1ccc(N2CC(CN3CCC(C4(C5CCCC5)NCCc5ccccc54)CC3)C2)cc1,bemis_murcko,scaffold,scaffold,c36cc6a6a29b1791359d66e339db904e9899da2a2a2046618bec3642c0e4170d,41f692ef5e00f424d3c76d5979e2efaf471c9d2f559bda07bd17e8a4e42fb2b5,train
315,STR-5B2781FAFA3F33CB6B32,CCc1cc2c(NCCN(CC)Cc3ccccc3)ncnc2s1,4.568636235841013,IC50,biochemical_inhibition,BindingDB;PubChem,,STR-5B2781FAFA3F33CB6B32,c1ccc(CNCCNc2ncnc3sccc23)cc1,bemis_murcko,scaffold,scaffold,c36cc6a6a29b1791359d66e339db904e9899da2a2a2046618bec3642c0e4170d,41f692ef5e00f424d3c76d5979e2efaf471c9d2f559bda07bd17e8a4e42fb2b5,train
316,STR-5B65D30F2628A312D8CA,CNC(=O)N[C@H]1CCC[C@@H]1C(C#N)(c1ccccc1)C1CCN(CC2CN(c3ccc(S(=O)(=O)c4ccncc4)cc3)C2)CC1,8.045757490560675,IC50,biochemical_inhibition,BindingDB,,STR-5B65D30F2628A312D8CA,O=S(=O)(c1ccncc1)c1ccc(N2CC(CN3CCC(C(c4ccccc4)C4CCCC4)CC3)C2)cc1,bemis_murcko,scaffold,scaffold,c36cc6a6a29b1791359d66e339db904e9899da2a2a2046618bec3642c0e4170d,41f692ef5e00f424d3c76d5979e2efaf471c9d2f559bda07bd17e8a4e42fb2b5,train
317,STR-5BFC7DCC42DCD04458C3,CCN(C(=O)c1cc(F)ccc1-n1c(C)c(C(=O)C2CCN(C(=O)[C@H]3N[C@@H]4CC[C@H]3C4)CC2)c2ccncc21)C(C)C,7.468521082957745,IC50,biochemical_inhibition,PubChem,2025.0,STR-5BFC7DCC42DCD04458C3,O=C(c1cn(-c2ccccc2)c2cnccc12)C1CCN(C(=O)C2NC3CCC2C3)CC1,bemis_murcko,scaffold,scaffold,c36cc6a6a29b1791359d66e339db904e9899da2a2a2046618bec3642c0e4170d,41f692ef5e00f424d3c76d5979e2efaf471c9d2f559bda07bd17e8a4e42fb2b5,train
318,STR-5C740F62A4861DEC230E,CC1(C)CN=C(N2CCN(c3ncnc4sc(C(F)(F)F)cc34)CC2)S1,7.337242168318426,IC50,biochemical_inhibition,BindingDB;PubChem,,STR-5C740F62A4861DEC230E,c1nc(N2CCN(C3=NCCS3)CC2)c2ccsc2n1,bemis_murcko,scaffold,scaffold,c36cc6a6a29b1791359d66e339db904e9899da2a2a2046618bec3642c0e4170d,41f692ef5e00f424d3c76d5979e2efaf471c9d2f559bda07bd17e8a4e42fb2b5,train
319,STR-5D9D18A659624B9D4D9E,O=S(=O)(c1ccc(N2CC(CN3CCC(C4(C5CCCC5)NCCc5ccccc54)CC3)C2)cc1)C1CCCCC1,7.860623199523586,IC50,biochemical_inhibition,BindingDB,,STR-5D9D18A659624B9D4D9E,O=S(=O)(c1ccc(N2CC(CN3CCC(C4(C5CCCC5)NCCc5ccccc54)CC3)C2)cc1)C1CCCCC1,bemis_murcko,scaffold,scaffold,c36cc6a6a29b1791359d66e339db904e9899da2a2a2046618bec3642c0e4170d,41f692ef5e00f424d3c76d5979e2efaf471c9d2f559bda07bd17e8a4e42fb2b5,train
320,STR-5DB466958DBD29E03FB2,CN1CCC(C2(C3C=CCCN3)CN(C)Cc3ccccc32)CC1,3.7644715530924513,IC50,biochemical_inhibition,BindingDB,,STR-5DB466958DBD29E03FB2,C1=CC(C2(C3CCNCC3)CNCc3ccccc32)NCC1,bemis_murcko,scaffold,scaffold,c36cc6a6a29b1791359d66e339db904e9899da2a2a2046618bec3642c0e4170d,41f692ef5e00f424d3c76d5979e2efaf471c9d2f559bda07bd17e8a4e42fb2b5,test
321,STR-5DF8CCEDDDC1429A6B58,CN1Cc2ccccc2C(C2CCCC2)(C2CCN(CC3CN(c4ccc(S(=O)(=O)C5CC5)cc4)C3)CC2)C1,7.920818753952375,IC50,biochemical_inhibition,BindingDB,,STR-5DF8CCEDDDC1429A6B58,O=S(=O)(c1ccc(N2CC(CN3CCC(C4(C5CCCC5)CNCc5ccccc54)CC3)C2)cc1)C1CC1,bemis_murcko,scaffold,scaffold,c36cc6a6a29b1791359d66e339db904e9899da2a2a2046618bec3642c0e4170d,41f692ef5e00f424d3c76d5979e2efaf471c9d2f559bda07bd17e8a4e42fb2b5,train
322,STR-5E023D15DFA25D5D396E,CC(=O)N[C@@H](CO)C(=O)N[C@@H](C)C(=O)N[C@@H](CCCN=C(N)N)C(=O)N[C@@H](Cc1c[nH]c2ccccc12)C(=O)N[C@H]1C/C=C\C[C@@H](C(=O)N2CCC[C@H]2C(=O)N[C@@H](CCCN=C(N)N)C(N)=O)NC(=O)[C@H](C)NC(=O)[C@@H]2CCCN2C(=O)[C@H](Cc2ccccc2)NC1=O,6.113509274827518,IC50,biochemical_inhibition,PubChem,2022.0,STR-5E023D15DFA25D5D396E,O=C(CCc1c[nH]c2ccccc12)NC1CC=CCC(C(=O)N2CCCC2)NC(=O)CNC(=O)C2CCCN2C(=O)C(Cc2ccccc2)NC1=O,bemis_murcko,scaffold,scaffold,c36cc6a6a29b1791359d66e339db904e9899da2a2a2046618bec3642c0e4170d,41f692ef5e00f424d3c76d5979e2efaf471c9d2f559bda07bd17e8a4e42fb2b5,train
323,STR-5E216A96862576A9BDA7,CSc1cc2c(N3CCN(c4nnc(C(F)(F)F)s4)CC3)ncnc2s1,4.698970004336019,IC50,biochemical_inhibition,PubChem,2020.0,STR-5E216A96862576A9BDA7,c1nc(N2CCN(c3nncs3)CC2)c2ccsc2n1,bemis_murcko,scaffold,scaffold,c36cc6a6a29b1791359d66e339db904e9899da2a2a2046618bec3642c0e4170d,41f692ef5e00f424d3c76d5979e2efaf471c9d2f559bda07bd17e8a4e42fb2b5,train
324,STR-5E430B1B17CD1D28B026,C=CC(=O)Nc1cccc(S(=O)(=O)c2ccc(N3CC(CN4CCC([C@](C#N)(c5cccc(F)c5)[C@H]5CCC[C@@H]5OC(=O)NC)CC4)C3)cc2)c1,6.522878745280337,IC50,biochemical_inhibition,BindingDB,,STR-5E430B1B17CD1D28B026,O=S(=O)(c1ccccc1)c1ccc(N2CC(CN3CCC(C(c4ccccc4)C4CCCC4)CC3)C2)cc1,bemis_murcko,scaffold,scaffold,c36cc6a6a29b1791359d66e339db904e9899da2a2a2046618bec3642c0e4170d,41f692ef5e00f424d3c76d5979e2efaf471c9d2f559bda07bd17e8a4e42fb2b5,test
325,STR-5EB0E6E41D4C710840AD,CC(=O)N[C@@H](CO)C(=O)N[C@@H](C)C(=O)N[C@@H](CCCN=C(N)N)C(=O)N[C@@H](Cc1c[nH]c2ccccc12)C(=O)N[C@H]1C/C=C\CC[C@@H](C(=O)N2CCC[C@H]2C(=O)N[C@@H](CCCN=C(N)N)C(N)=O)NC(=O)[C@H](C)NC(=O)[C@@H]2CCCN2C(=O)[C@H](Cc2ccccc2)NC1=O,5.522878745280337,IC50,biochemical_inhibition,PubChem,2022.0,STR-5EB0E6E41D4C710840AD,O=C(CCc1c[nH]c2ccccc12)NC1CC=CCCC(C(=O)N2CCCC2)NC(=O)CNC(=O)C2CCCN2C(=O)C(Cc2ccccc2)NC1=O,bemis_murcko,scaffold,scaffold,c36cc6a6a29b1791359d66e339db904e9899da2a2a2046618bec3642c0e4170d,41f692ef5e00f424d3c76d5979e2efaf471c9d2f559bda07bd17e8a4e42fb2b5,train
326,STR-5F1ACBF53225066503F2,Cn1cccc1S(=O)(=O)c1ccc(N2CC(CN3CCC(C4(C5CCCC5)NCCc5ccccc54)CC3)C2)cc1,7.67778070526608,IC50,biochemical_inhibition,BindingDB,,STR-5F1ACBF53225066503F2,O=S(=O)(c1ccc(N2CC(CN3CCC(C4(C5CCCC5)NCCc5ccccc54)CC3)C2)cc1)c1ccc[nH]1,bemis_murcko,scaffold,scaffold,c36cc6a6a29b1791359d66e339db904e9899da2a2a2046618bec3642c0e4170d,41f692ef5e00f424d3c76d5979e2efaf471c9d2f559bda07bd17e8a4e42fb2b5,train
327,STR-5F462E9C39E6988CE487,COC(=O)N[C@H]1CCC[C@@H]1C(C#N)(c1ccccc1)C1CCN(CCC#Cc2ccc(C#N)cc2)CC1,6.673664139071249,IC50,biochemical_inhibition,BindingDB,,STR-5F462E9C39E6988CE487,C(#Cc1ccccc1)CCN1CCC(C(c2ccccc2)C2CCCC2)CC1,bemis_murcko,scaffold,scaffold,c36cc6a6a29b1791359d66e339db904e9899da2a2a2046618bec3642c0e4170d,41f692ef5e00f424d3c76d5979e2efaf471c9d2f559bda07bd17e8a4e42fb2b5,train
328,STR-5F49DD17C62232E08D24,CNC(=O)N[C@H]1CCC[C@@H]1C1(C2CCN(CC3CN(c4ccc(S(=O)(=O)C5CC5)cc4)C3)CC2)CNCc2ccccc21,8.045757490560675,IC50,biochemical_inhibition,BindingDB,,STR-5F49DD17C62232E08D24,O=S(=O)(c1ccc(N2CC(CN3CCC(C4(C5CCCC5)CNCc5ccccc54)CC3)C2)cc1)C1CC1,bemis_murcko,scaffold,scaffold,c36cc6a6a29b1791359d66e339db904e9899da2a2a2046618bec3642c0e4170d,41f692ef5e00f424d3c76d5979e2efaf471c9d2f559bda07bd17e8a4e42fb2b5,train
329,STR-5F5B8DC8F81109D4AC69,CN1CCc2ccccc2C1(C1CCCC1)C1CN(CCCCCOc2ccc(C#N)cc2)C1,5.221848749616356,IC50,biochemical_inhibition,BindingDB,,STR-5F5B8DC8F81109D4AC69,c1ccc(OCCCCCN2CC(C3(C4CCCC4)NCCc4ccccc43)C2)cc1,bemis_murcko,scaffold,scaffold,c36cc6a6a29b1791359d66e339db904e9899da2a2a2046618bec3642c0e4170d,41f692ef5e00f424d3c76d5979e2efaf471c9d2f559bda07bd17e8a4e42fb2b5,test
330,STR-5F8B3814C1457A668187,FC(F)(F)Cc1cc2c(NC3CCNCC3)ncnc2s1,4.483993769613952,IC50,biochemical_inhibition,PubChem,2021.0,STR-5F8B3814C1457A668187,c1nc(NC2CCNCC2)c2ccsc2n1,bemis_murcko,scaffold,scaffold,c36cc6a6a29b1791359d66e339db904e9899da2a2a2046618bec3642c0e4170d,41f692ef5e00f424d3c76d5979e2efaf471c9d2f559bda07bd17e8a4e42fb2b5,train
331,STR-5F8EB84C6E43AC1304EA,CC(C)[C@H](C1CNC1)N1CC2(CCN(c3ncnc4sc(CC(F)(F)F)cc34)C2)C1,7.887345359137068,IC50,biochemical_inhibition,PubChem,2020.0,STR-5F8EB84C6E43AC1304EA,c1nc(N2CCC3(CN(CC4CNC4)C3)C2)c2ccsc2n1,bemis_murcko,scaffold,scaffold,c36cc6a6a29b1791359d66e339db904e9899da2a2a2046618bec3642c0e4170d,41f692ef5e00f424d3c76d5979e2efaf471c9d2f559bda07bd17e8a4e42fb2b5,train
332,STR-604BE22F0CAC884F2D40,COCC(C1CC1)C(C#N)(c1ccccc1)C1CCN(CCCOc2ccc(C#N)cc2)CC1,4.721246399047171,IC50,biochemical_inhibition,BindingDB,,STR-604BE22F0CAC884F2D40,c1ccc(OCCCN2CCC(C(CC3CC3)c3ccccc3)CC2)cc1,bemis_murcko,scaffold,scaffold,c36cc6a6a29b1791359d66e339db904e9899da2a2a2046618bec3642c0e4170d,41f692ef5e00f424d3c76d5979e2efaf471c9d2f559bda07bd17e8a4e42fb2b5,train
333,STR-607EE12240E722EC08AE,CC(=O)N[C@H]1CCC[C@@H]1[C@](C#N)(c1ccccc1)C1CCN(CC2CN(c3ccc(C#N)cc3)C2)CC1,6.991399828238082,IC50,biochemical_inhibition,BindingDB,,STR-607EE12240E722EC08AE,c1ccc(C(C2CCCC2)C2CCN(CC3CN(c4ccccc4)C3)CC2)cc1,bemis_murcko,scaffold,scaffold,c36cc6a6a29b1791359d66e339db904e9899da2a2a2046618bec3642c0e4170d,41f692ef5e00f424d3c76d5979e2efaf471c9d2f559bda07bd17e8a4e42fb2b5,train
334,STR-60B002C5D9DEC34E0C3B,N#Cc1ccc(N2CC(CN3CCC(C4(C5CCCC5)CN(C5COC5)Cc5ccccc54)CC3)C2)cc1,6.040958607678906,IC50,biochemical_inhibition,BindingDB,,STR-60B002C5D9DEC34E0C3B,c1ccc(N2CC(CN3CCC(C4(C5CCCC5)CN(C5COC5)Cc5ccccc54)CC3)C2)cc1,bemis_murcko,scaffold,scaffold,c36cc6a6a29b1791359d66e339db904e9899da2a2a2046618bec3642c0e4170d,41f692ef5e00f424d3c76d5979e2efaf471c9d2f559bda07bd17e8a4e42fb2b5,train
335,STR-60C7658F346126ED53C9,O=C(c1cn(-c2ccc(F)cc2-c2cncnc2C2CC2)c2cnccc12)C1CCN(C(=O)[C@H]2N[C@@H]3CC[C@H]2C3)CC1,7.744727494896693,IC50,biochemical_inhibition,PubChem,2025.0,STR-60C7658F346126ED53C9,O=C(c1cn(-c2ccccc2-c2cncnc2C2CC2)c2cnccc12)C1CCN(C(=O)C2NC3CCC2C3)CC1,bemis_murcko,scaffold,scaffold,c36cc6a6a29b1791359d66e339db904e9899da2a2a2046618bec3642c0e4170d,41f692ef5e00f424d3c76d5979e2efaf471c9d2f559bda07bd17e8a4e42fb2b5,train
336,STR-624DE6171936672A9284,CC(=O)O[C@H]1CCC[C@@H]1[C@](C#N)(c1ccccc1)C1CCN(CC2CN(c3ccc(C#N)cc3)C2)CC1,7.397940008672037,IC50,biochemical_inhibition,BindingDB,,STR-624DE6171936672A9284,c1ccc(C(C2CCCC2)C2CCN(CC3CN(c4ccccc4)C3)CC2)cc1,bemis_murcko,scaffold,scaffold,c36cc6a6a29b1791359d66e339db904e9899da2a2a2046618bec3642c0e4170d,41f692ef5e00f424d3c76d5979e2efaf471c9d2f559bda07bd17e8a4e42fb2b5,train
337,STR-625E175938C0BA620C7A,c1ccc(-c2cc3c(N4CCN(c5nccs5)CC4)ncnc3s2)cc1,4.301029995663981,IC50,biochemical_inhibition,BindingDB,,STR-625E175938C0BA620C7A,c1ccc(-c2cc3c(N4CCN(c5nccs5)CC4)ncnc3s2)cc1,bemis_murcko,scaffold,scaffold,c36cc6a6a29b1791359d66e339db904e9899da2a2a2046618bec3642c0e4170d,41f692ef5e00f424d3c76d5979e2efaf471c9d2f559bda07bd17e8a4e42fb2b5,train
338,STR-62AFBBC7443620A710FA,CC(=O)N[C@@H](CO)C(=O)N[C@@H](C)C(=O)N[C@@H](CCCN=C(N)N)C(=O)N[C@@H](Cc1c[nH]c2ccccc12)C(=O)N[C@H]1C/C=C\C[C@@H](C(=O)N2CCC[C@H]2C(=O)N[C@@H](CCCN=C(N)N)C(=O)N[C@H](C(N)=O)[C@@H](C)O)NC(=O)[C@H](C)NC(=O)[C@@H]2CCCN2C(=O)[C@H](Cc2ccccc2)NC1=O,5.7447274948966935,IC50,biochemical_inhibition,PubChem,2022.0,STR-62AFBBC7443620A710FA,O=C(CCc1c[nH]c2ccccc12)NC1CC=CCC(C(=O)N2CCCC2)NC(=O)CNC(=O)C2CCCN2C(=O)C(Cc2ccccc2)NC1=O,bemis_murcko,scaffold,scaffold,c36cc6a6a29b1791359d66e339db904e9899da2a2a2046618bec3642c0e4170d,41f692ef5e00f424d3c76d5979e2efaf471c9d2f559bda07bd17e8a4e42fb2b5,train
339,STR-62B57AB9305786A0B7AA,CC(C)(C)S(=O)(=O)c1ccc(N2CC(CN3CCC(C4(C5CCCC5)NCCc5ccccc54)CC3)C2)cc1,6.913640169325252,IC50,biochemical_inhibition,BindingDB,,STR-62B57AB9305786A0B7AA,c1ccc(N2CC(CN3CCC(C4(C5CCCC5)NCCc5ccccc54)CC3)C2)cc1,bemis_murcko,scaffold,scaffold,c36cc6a6a29b1791359d66e339db904e9899da2a2a2046618bec3642c0e4170d,41f692ef5e00f424d3c76d5979e2efaf471c9d2f559bda07bd17e8a4e42fb2b5,train
340,STR-62D85176F37CC4A95D7C,CN1Cc2ccccc2C(C2CCCC2)(C2CCN(CCCOc3ccc(S(C)(=O)=O)cc3)CC2)C1,6.7423214251308154,IC50,biochemical_inhibition,BindingDB,,STR-62D85176F37CC4A95D7C,c1ccc(OCCCN2CCC(C3(C4CCCC4)CNCc4ccccc43)CC2)cc1,bemis_murcko,scaffold,scaffold,c36cc6a6a29b1791359d66e339db904e9899da2a2a2046618bec3642c0e4170d,41f692ef5e00f424d3c76d5979e2efaf471c9d2f559bda07bd17e8a4e42fb2b5,test
341,STR-633580C0DD9263988A9F,Cc1cc(S(=O)(=O)c2ccc(N3CC(CN4CCC(C5(C6=CCCC6)CN(C)Cc6ccccc65)CC4)C3)cc2)ccn1,7.055517327849831,IC50,biochemical_inhibition,BindingDB,,STR-633580C0DD9263988A9F,O=S(=O)(c1ccncc1)c1ccc(N2CC(CN3CCC(C4(C5=CCCC5)CNCc5ccccc54)CC3)C2)cc1,bemis_murcko,scaffold,scaffold,c36cc6a6a29b1791359d66e339db904e9899da2a2a2046618bec3642c0e4170d,41f692ef5e00f424d3c76d5979e2efaf471c9d2f559bda07bd17e8a4e42fb2b5,train
342,STR-636585A8759358E2930D,COC(=O)N[C@H]1CCC[C@@H]1C(C#N)(c1ccccc1)C1CCN(CC2CN(c3ccc(S(=O)(=O)c4ccc(C(N)=O)cc4)cc3)C2)CC1,8.154901959985743,IC50,biochemical_inhibition,BindingDB,,STR-636585A8759358E2930D,O=S(=O)(c1ccccc1)c1ccc(N2CC(CN3CCC(C(c4ccccc4)C4CCCC4)CC3)C2)cc1,bemis_murcko,scaffold,scaffold,c36cc6a6a29b1791359d66e339db904e9899da2a2a2046618bec3642c0e4170d,41f692ef5e00f424d3c76d5979e2efaf471c9d2f559bda07bd17e8a4e42fb2b5,test
343,STR-63AC2E75E76C1C641161,COCCCN1CCC(C2(C3CCCC3)NCCc3ccccc32)CC1,5.004364805402449,IC50,biochemical_inhibition,BindingDB,,STR-63AC2E75E76C1C641161,c1ccc2c(c1)CCNC2(C1CCCC1)C1CCNCC1,bemis_murcko,scaffold,scaffold,c36cc6a6a29b1791359d66e339db904e9899da2a2a2046618bec3642c0e4170d,41f692ef5e00f424d3c76d5979e2efaf471c9d2f559bda07bd17e8a4e42fb2b5,train
344,STR-64416BC7F3D621D83B3A,CC(=O)O[C@H]1CCC[C@@H]1C(C#N)(c1ccccc1)C1CCN(CC2CN(c3ccc(C(=O)O)cc3)C2)CC1,4.82102305270683,IC50,biochemical_inhibition,BindingDB,,STR-64416BC7F3D621D83B3A,c1ccc(C(C2CCCC2)C2CCN(CC3CN(c4ccccc4)C3)CC2)cc1,bemis_murcko,scaffold,scaffold,c36cc6a6a29b1791359d66e339db904e9899da2a2a2046618bec3642c0e4170d,41f692ef5e00f424d3c76d5979e2efaf471c9d2f559bda07bd17e8a4e42fb2b5,train
345,STR-64726CEBE1C119AD1032,COC(=O)N[C@H]1CCC[C@@H]1C(C#N)(c1ccccc1)C1CCN(CC2CN(c3ccc(S(=O)(=O)c4cnn(C)c4)cc3)C2)CC1,7.823908740944319,IC50,biochemical_inhibition,BindingDB,,STR-64726CEBE1C119AD1032,O=S(=O)(c1ccc(N2CC(CN3CCC(C(c4ccccc4)C4CCCC4)CC3)C2)cc1)c1cn[nH]c1,bemis_murcko,scaffold,scaffold,c36cc6a6a29b1791359d66e339db904e9899da2a2a2046618bec3642c0e4170d,41f692ef5e00f424d3c76d5979e2efaf471c9d2f559bda07bd17e8a4e42fb2b5,train
346,STR-6479E241C7D490D2F2D6,CC(=O)N[C@@H](CCCN=C(N)N)C(=O)N[C@@H](Cc1ccccc1)C(=O)N1CCC[C@H]1C(=O)N[C@@H](C)C(=O)N[C@@H](CCCN=C(N)N)C(=O)N1CCC[C@H]1C(N)=O,5.019088062223156,IC50,biochemical_inhibition,PubChem,2013.0,STR-6479E241C7D490D2F2D6,O=C(CNC(=O)C1CCCN1C(=O)CCc1ccccc1)NCC(=O)N1CCCC1,bemis_murcko,scaffold,scaffold,c36cc6a6a29b1791359d66e339db904e9899da2a2a2046618bec3642c0e4170d,41f692ef5e00f424d3c76d5979e2efaf471c9d2f559bda07bd17e8a4e42fb2b5,train
347,STR-65405A355B35D329B436,CCC(=O)O[C@@H]1CCC[C@H]1C(C#N)(c1ccccc1)C1CCN(CC2CN(c3ccc(S(=O)(=O)c4ccncc4)cc3)C2)CC1,6.0,IC50,biochemical_inhibition,BindingDB,,STR-65405A355B35D329B436,O=S(=O)(c1ccncc1)c1ccc(N2CC(CN3CCC(C(c4ccccc4)C4CCCC4)CC3)C2)cc1,bemis_murcko,scaffold,scaffold,c36cc6a6a29b1791359d66e339db904e9899da2a2a2046618bec3642c0e4170d,41f692ef5e00f424d3c76d5979e2efaf471c9d2f559bda07bd17e8a4e42fb2b5,train
348,STR-654C0D84C180E9D74576,CNC(=O)O[C@H]1CCC[C@@H]1C(Cn1ccnc1)(c1cccc(F)c1)C1CCN(CC2CN(c3ccc(C#N)cc3)C2)CC1,8.301029995663981,IC50,biochemical_inhibition,BindingDB,,STR-654C0D84C180E9D74576,c1ccc(N2CC(CN3CCC(C(Cn4ccnc4)(c4ccccc4)C4CCCC4)CC3)C2)cc1,bemis_murcko,scaffold,scaffold,c36cc6a6a29b1791359d66e339db904e9899da2a2a2046618bec3642c0e4170d,41f692ef5e00f424d3c76d5979e2efaf471c9d2f559bda07bd17e8a4e42fb2b5,train
349,STR-656CE4AB3CA2BC607E27,CCN(C(=O)c1cc(F)ccc1-n1cc(C(=O)C2CN(C(=O)[C@H]3NC4CCC3CC4)C2)c2ccncc21)C(C)C,7.292429823902063,IC50,biochemical_inhibition,PubChem,2025.0,STR-656CE4AB3CA2BC607E27,O=C(c1cn(-c2ccccc2)c2cnccc12)C1CN(C(=O)C2NC3CCC2CC3)C1,bemis_murcko,scaffold,scaffold,c36cc6a6a29b1791359d66e339db904e9899da2a2a2046618bec3642c0e4170d,41f692ef5e00f424d3c76d5979e2efaf471c9d2f559bda07bd17e8a4e42fb2b5,train
350,STR-65DC7A35E753BFF583A0,Cc1c(CN2CCC3(CC2)CN(c2ncnc4[nH]c(CC(F)(F)F)cc24)C3)ccc2c1cc(C#N)n2CC(N)=O,8.096910013008056,IC50,biochemical_inhibition,PubChem,2024.0,STR-65DC7A35E753BFF583A0,c1nc(N2CC3(CCN(Cc4ccc5[nH]ccc5c4)CC3)C2)c2cc[nH]c2n1,bemis_murcko,scaffold,scaffold,c36cc6a6a29b1791359d66e339db904e9899da2a2a2046618bec3642c0e4170d,41f692ef5e00f424d3c76d5979e2efaf471c9d2f559bda07bd17e8a4e42fb2b5,train
351,STR-671D27222AA1AB6368C0,COc1ccc(CN2CCC(Nc3ncnc4sc(CC(F)(F)F)cc34)CC2)cc1,6.1938200260161125,IC50,biochemical_inhibition,PubChem,2021.0,STR-671D27222AA1AB6368C0,c1ccc(CN2CCC(Nc3ncnc4sccc34)CC2)cc1,bemis_murcko,scaffold,scaffold,c36cc6a6a29b1791359d66e339db904e9899da2a2a2046618bec3642c0e4170d,41f692ef5e00f424d3c76d5979e2efaf471c9d2f559bda07bd17e8a4e42fb2b5,train
352,STR-682700030C1645FC8057,N#Cc1ccc(OCC(O)CN2CCN(C(c3ccccc3)c3ccccc3)CC2)cc1,4.113509274827518,IC50,biochemical_inhibition,BindingDB;PubChem,,STR-682700030C1645FC8057,c1ccc(OCCCN2CCN(C(c3ccccc3)c3ccccc3)CC2)cc1,bemis_murcko,scaffold,scaffold,c36cc6a6a29b1791359d66e339db904e9899da2a2a2046618bec3642c0e4170d,41f692ef5e00f424d3c76d5979e2efaf471c9d2f559bda07bd17e8a4e42fb2b5,train
353,STR-684B7A6ABD719561B71F,FC(F)c1nnc(N2CCN(c3ncnc4sc(CC(F)(F)F)cc34)CC2)s1,7.086186147616283,IC50,biochemical_inhibition,BindingDB;PubChem,,STR-684B7A6ABD719561B71F,c1nc(N2CCN(c3nncs3)CC2)c2ccsc2n1,bemis_murcko,scaffold,scaffold,c36cc6a6a29b1791359d66e339db904e9899da2a2a2046618bec3642c0e4170d,41f692ef5e00f424d3c76d5979e2efaf471c9d2f559bda07bd17e8a4e42fb2b5,train
354,STR-68A92F3AE06A1A235293,NC(N)=NCCC[C@@H]1NC(=O)C2(CCC2)NC(=O)[C@@H]2CCCN2C(=O)[C@H](Cc2cccc(Cl)c2)NC(=O)[C@@H](N)CCCCCCCCNC(=O)[C@@H]2CCCN2C1=O,6.798602875679549,IC50,biochemical_inhibition,PubChem,2013.0,STR-68A92F3AE06A1A235293,O=C1CCCCCCCCCNC(=O)C2CCCN2C(=O)CNC(=O)C2(CCC2)NC(=O)C2CCCN2C(=O)C(Cc2ccccc2)N1,bemis_murcko,scaffold,scaffold,c36cc6a6a29b1791359d66e339db904e9899da2a2a2046618bec3642c0e4170d,41f692ef5e00f424d3c76d5979e2efaf471c9d2f559bda07bd17e8a4e42fb2b5,test
355,STR-69053F730BD004EFA19C,CC(=O)N[C@@H](CO)C(=O)N[C@@H](C)C(=O)N[C@@H](CCCN=C(N)N)C(=O)N[C@@H](Cc1c[nH]c2ccccc12)C(=O)N[C@H]1C/C=C\C[C@@H](C(=O)N2CCC[C@H]2C(=O)N[C@@H](CCCN=C(N)N)C(N)=O)NC(=O)C2(CCC2)NC(=O)[C@@H]2CCCN2C(=O)[C@H](Cc2cccc(F)c2)NC1=O,6.688127328228166,IC50,biochemical_inhibition,PubChem,2022.0,STR-69053F730BD004EFA19C,O=C(CCc1c[nH]c2ccccc12)NC1CC=CCC(C(=O)N2CCCC2)NC(=O)C2(CCC2)NC(=O)C2CCCN2C(=O)C(Cc2ccccc2)NC1=O,bemis_murcko,scaffold,scaffold,c36cc6a6a29b1791359d66e339db904e9899da2a2a2046618bec3642c0e4170d,41f692ef5e00f424d3c76d5979e2efaf471c9d2f559bda07bd17e8a4e42fb2b5,train
356,STR-695C2B9D19FE30A6368D,c1cnc(N2CC(CN3CCC(C4(C5CCCC5)NCCc5ccccc54)CC3)C2)nc1,4.335358024443875,IC50,biochemical_inhibition,BindingDB,,STR-695C2B9D19FE30A6368D,c1cnc(N2CC(CN3CCC(C4(C5CCCC5)NCCc5ccccc54)CC3)C2)nc1,bemis_murcko,scaffold,scaffold,c36cc6a6a29b1791359d66e339db904e9899da2a2a2046618bec3642c0e4170d,41f692ef5e00f424d3c76d5979e2efaf471c9d2f559bda07bd17e8a4e42fb2b5,train
357,STR-69B6B26B9F45D1509A0C,COC(=O)N[C@H]1CCC[C@@H]1C(C#N)(c1ccccc1)C1CCN(CC2CN(c3ccccc3)C2)CC1,5.619788758288394,IC50,biochemical_inhibition,BindingDB,,STR-69B6B26B9F45D1509A0C,c1ccc(C(C2CCCC2)C2CCN(CC3CN(c4ccccc4)C3)CC2)cc1,bemis_murcko,scaffold,scaffold,c36cc6a6a29b1791359d66e339db904e9899da2a2a2046618bec3642c0e4170d,41f692ef5e00f424d3c76d5979e2efaf471c9d2f559bda07bd17e8a4e42fb2b5,train
358,STR-6A3A9FDD905BBA840A7F,CC(C)(F)c1ncccc1-c1cc(F)ccc1-n1cc(C(=O)C2CN(C(=O)[C@H]3N[C@@H]4CC[C@H]3C4)C2)c2ccncc21,8.397940008672037,IC50,biochemical_inhibition,PubChem,2025.0,STR-6A3A9FDD905BBA840A7F,O=C(c1cn(-c2ccccc2-c2cccnc2)c2cnccc12)C1CN(C(=O)C2NC3CCC2C3)C1,bemis_murcko,scaffold,scaffold,c36cc6a6a29b1791359d66e339db904e9899da2a2a2046618bec3642c0e4170d,41f692ef5e00f424d3c76d5979e2efaf471c9d2f559bda07bd17e8a4e42fb2b5,train
359,STR-6A535B2D5967814ADC06,COc1ccc(C2CC(=O)C3=C(C2)Nc2ccccc2NC3c2cccnc2)cc1OC,4.0,IC50,biochemical_inhibition,BindingDB,,STR-6A535B2D5967814ADC06,O=C1CC(c2ccccc2)CC2=C1C(c1cccnc1)Nc1ccccc1N2,bemis_murcko,scaffold,scaffold,c36cc6a6a29b1791359d66e339db904e9899da2a2a2046618bec3642c0e4170d,41f692ef5e00f424d3c76d5979e2efaf471c9d2f559bda07bd17e8a4e42fb2b5,test
360,STR-6A7A81217BAE8842A765,CC(C)N(C(=O)c1cc(F)ccc1-n1cc(C(=O)[C@H]2CCN(C(=O)[C@H]3N[C@@H]4CC[C@H]3C4)C2)c2ccncc21)C(C)C,7.327902142064282,IC50,biochemical_inhibition,PubChem,2025.0,STR-6A7A81217BAE8842A765,O=C(c1cn(-c2ccccc2)c2cnccc12)C1CCN(C(=O)C2NC3CCC2C3)C1,bemis_murcko,scaffold,scaffold,c36cc6a6a29b1791359d66e339db904e9899da2a2a2046618bec3642c0e4170d,41f692ef5e00f424d3c76d5979e2efaf471c9d2f559bda07bd17e8a4e42fb2b5,train
361,STR-6ADE38C213CBA2CBB7F0,Cc1c(CN2CCC(Nc3ncnc4sc(CC(F)(F)F)cc34)CC2)ccc2c1cc(C#N)n2CCN1CCN(S(C)(=O)=O)CC1,7.886056647693163,IC50,biochemical_inhibition,BindingDB,,STR-6ADE38C213CBA2CBB7F0,c1nc(NC2CCN(Cc3ccc4c(ccn4CCN4CCNCC4)c3)CC2)c2ccsc2n1,bemis_murcko,scaffold,scaffold,c36cc6a6a29b1791359d66e339db904e9899da2a2a2046618bec3642c0e4170d,41f692ef5e00f424d3c76d5979e2efaf471c9d2f559bda07bd17e8a4e42fb2b5,train
362,STR-6B0BEC7CA952AA3F373C,N#Cc1ccc(N2CCC(N3CCC(C4(C5CCCC5)NCCc5ccccc54)CC3)CC2)cc1,6.180830262794661,IC50,biochemical_inhibition,BindingDB,,STR-6B0BEC7CA952AA3F373C,c1ccc(N2CCC(N3CCC(C4(C5CCCC5)NCCc5ccccc54)CC3)CC2)cc1,bemis_murcko,scaffold,scaffold,c36cc6a6a29b1791359d66e339db904e9899da2a2a2046618bec3642c0e4170d,41f692ef5e00f424d3c76d5979e2efaf471c9d2f559bda07bd17e8a4e42fb2b5,test
363,STR-6B28BBE0B01A6E185ED9,CC(=O)O[C@H]1CCC[C@@H]1C(C#N)(c1ccccc1)C1CCN(CC2CN(c3ccc(S(C)(=O)=O)cc3)C2)CC1,7.136677139879544,IC50,biochemical_inhibition,BindingDB,,STR-6B28BBE0B01A6E185ED9,c1ccc(C(C2CCCC2)C2CCN(CC3CN(c4ccccc4)C3)CC2)cc1,bemis_murcko,scaffold,scaffold,c36cc6a6a29b1791359d66e339db904e9899da2a2a2046618bec3642c0e4170d,41f692ef5e00f424d3c76d5979e2efaf471c9d2f559bda07bd17e8a4e42fb2b5,train
364,STR-6B610F98DBC51ED4955E,CCCC(=O)O[C@@H]1CCC[C@H]1C(C#N)(c1ccccc1)C1CCN(CC2CN(c3ccc(S(=O)(=O)c4ccncc4)cc3)C2)CC1,4.552841968657781,IC50,biochemical_inhibition,BindingDB,,STR-6B610F98DBC51ED4955E,O=S(=O)(c1ccncc1)c1ccc(N2CC(CN3CCC(C(c4ccccc4)C4CCCC4)CC3)C2)cc1,bemis_murcko,scaffold,scaffold,c36cc6a6a29b1791359d66e339db904e9899da2a2a2046618bec3642c0e4170d,41f692ef5e00f424d3c76d5979e2efaf471c9d2f559bda07bd17e8a4e42fb2b5,train
365,STR-6B969286E24A749E8280,CNC(=O)O[C@H]1CCC[C@@H]1C(C#N)(c1ccccc1)C1CCN(CC2CN(c3ccc(S(=O)(=O)c4ccccc4)cc3)C2)CC1,8.045757490560675,IC50,biochemical_inhibition,BindingDB,,STR-6B969286E24A749E8280,O=S(=O)(c1ccccc1)c1ccc(N2CC(CN3CCC(C(c4ccccc4)C4CCCC4)CC3)C2)cc1,bemis_murcko,scaffold,scaffold,c36cc6a6a29b1791359d66e339db904e9899da2a2a2046618bec3642c0e4170d,41f692ef5e00f424d3c76d5979e2efaf471c9d2f559bda07bd17e8a4e42fb2b5,test
366,STR-6BBFA0A16AEB8910C337,N=C(N)NCCC[C@@H]1NC(=O)C2(CCC2)NC(=O)[C@@H]2CCCN2C(=O)[C@H](Cc2cccc(-c3ccccc3)c2)NC(=O)[C@@H](N)CCCCCCCCNC(=O)[C@@H]2CCCN2C1=O,4.404503778174426,IC50,biochemical_inhibition,BindingDB,,STR-6BBFA0A16AEB8910C337,O=C1CCCCCCCCCNC(=O)C2CCCN2C(=O)CNC(=O)C2(CCC2)NC(=O)C2CCCN2C(=O)C(Cc2cccc(-c3ccccc3)c2)N1,bemis_murcko,scaffold,scaffold,c36cc6a6a29b1791359d66e339db904e9899da2a2a2046618bec3642c0e4170d,41f692ef5e00f424d3c76d5979e2efaf471c9d2f559bda07bd17e8a4e42fb2b5,train
367,STR-6BDEB3BA85482F5765AF,Cc1c(CN2CCC(Nc3ncnc4sc(CC(F)(F)F)cc34)CC2)ccc2c1cc(C#N)n2CCN1CCN(C(=O)CF)CC1,8.0,IC50,biochemical_inhibition,BindingDB,,STR-6BDEB3BA85482F5765AF,c1nc(NC2CCN(Cc3ccc4c(ccn4CCN4CCNCC4)c3)CC2)c2ccsc2n1,bemis_murcko,scaffold,scaffold,c36cc6a6a29b1791359d66e339db904e9899da2a2a2046618bec3642c0e4170d,41f692ef5e00f424d3c76d5979e2efaf471c9d2f559bda07bd17e8a4e42fb2b5,train
368,STR-6C29AB696561B060F66D,Cc1sc2ncnc(NC3CCN(Cc4ccccc4)CC3)c2c1C,5.060480747381382,IC50,biochemical_inhibition,BindingDB;PubChem,,STR-6C29AB696561B060F66D,c1ccc(CN2CCC(Nc3ncnc4sccc34)CC2)cc1,bemis_murcko,scaffold,scaffold,c36cc6a6a29b1791359d66e339db904e9899da2a2a2046618bec3642c0e4170d,41f692ef5e00f424d3c76d5979e2efaf471c9d2f559bda07bd17e8a4e42fb2b5,train
369,STR-6C2FF79ABE97B20A3FD5,CC(C)N(C(=O)c1cc(F)ccc1-n1cc(C(=O)[C@H]2CCN(CC3CCC(NS(C)(=O)=O)CC3)C2)c2ccncc21)C(C)C,7.537602002101044,IC50,biochemical_inhibition,PubChem,2025.0,STR-6C2FF79ABE97B20A3FD5,O=C(c1cn(-c2ccccc2)c2cnccc12)C1CCN(CC2CCCCC2)C1,bemis_murcko,scaffold,scaffold,c36cc6a6a29b1791359d66e339db904e9899da2a2a2046618bec3642c0e4170d,41f692ef5e00f424d3c76d5979e2efaf471c9d2f559bda07bd17e8a4e42fb2b5,train
370,STR-6C4B7845EEA627B51A73,CO[C@@H]1CCC[C@H]1C(C#N)(c1ccccc1)C1CCN(CC2CN(c3ccc(S(C)(=O)=O)cc3)C2)CC1,5.013228265733755,IC50,biochemical_inhibition,BindingDB,,STR-6C4B7845EEA627B51A73,c1ccc(C(C2CCCC2)C2CCN(CC3CN(c4ccccc4)C3)CC2)cc1,bemis_murcko,scaffold,scaffold,c36cc6a6a29b1791359d66e339db904e9899da2a2a2046618bec3642c0e4170d,41f692ef5e00f424d3c76d5979e2efaf471c9d2f559bda07bd17e8a4e42fb2b5,train
371,STR-6C6AF265A6F8A1F38DBC,CCN1Cc2ccccc2C(C2CCCC2)(C2CCN(CC3(C)CN(c4ccc(S(=O)(=O)c5ccncc5)cc4)C3)CC2)C1,7.67778070526608,IC50,biochemical_inhibition,BindingDB,,STR-6C6AF265A6F8A1F38DBC,O=S(=O)(c1ccncc1)c1ccc(N2CC(CN3CCC(C4(C5CCCC5)CNCc5ccccc54)CC3)C2)cc1,bemis_murcko,scaffold,scaffold,c36cc6a6a29b1791359d66e339db904e9899da2a2a2046618bec3642c0e4170d,41f692ef5e00f424d3c76d5979e2efaf471c9d2f559bda07bd17e8a4e42fb2b5,train
372,STR-6CA56A9373037E1AABA1,CC(=O)N[C@@H]1CCC[C@H]1C(C#N)(c1ccccc1)C1CCN(CC2CN(c3ccc(C#N)cc3)C2)CC1,5.6020599913279625,IC50,biochemical_inhibition,BindingDB,,STR-6CA56A9373037E1AABA1,c1ccc(C(C2CCCC2)C2CCN(CC3CN(c4ccccc4)C3)CC2)cc1,bemis_murcko,scaffold,scaffold,c36cc6a6a29b1791359d66e339db904e9899da2a2a2046618bec3642c0e4170d,41f692ef5e00f424d3c76d5979e2efaf471c9d2f559bda07bd17e8a4e42fb2b5,train
373,STR-6D0825CC395144966D8D,Cc1ccccc1NC(=O)Cc1nc(-c2ccc(F)cc2)cs1,3.913640169325251,IC50,biochemical_inhibition,BindingDB,,STR-6D0825CC395144966D8D,O=C(Cc1nc(-c2ccccc2)cs1)Nc1ccccc1,bemis_murcko,scaffold,scaffold,c36cc6a6a29b1791359d66e339db904e9899da2a2a2046618bec3642c0e4170d,41f692ef5e00f424d3c76d5979e2efaf471c9d2f559bda07bd17e8a4e42fb2b5,test
374,STR-6ED297DB41672388252C,CCN(C(=O)c1cc(F)ccc1-n1c(C)c(C(=O)C2CCN(C(=O)[C@H]3CCC4(CC4)N3)CC2)c2ccncc21)C(C)C,7.537602002101044,IC50,biochemical_inhibition,PubChem,2025.0,STR-6ED297DB41672388252C,O=C(c1cn(-c2ccccc2)c2cnccc12)C1CCN(C(=O)C2CCC3(CC3)N2)CC1,bemis_murcko,scaffold,scaffold,c36cc6a6a29b1791359d66e339db904e9899da2a2a2046618bec3642c0e4170d,41f692ef5e00f424d3c76d5979e2efaf471c9d2f559bda07bd17e8a4e42fb2b5,train
375,STR-6F0B243CDCAB8EEB6068,N#CC(c1ccccc1)(C1CCN(CC2CN(c3ccc(S(=O)(=O)c4ccncc4)cc3)C2)CC1)[C@H]1CCC[C@@H]1OC(=O)N1CCC1,7.1249387366083,IC50,biochemical_inhibition,BindingDB,,STR-6F0B243CDCAB8EEB6068,O=C(OC1CCCC1C(c1ccccc1)C1CCN(CC2CN(c3ccc(S(=O)(=O)c4ccncc4)cc3)C2)CC1)N1CCC1,bemis_murcko,scaffold,scaffold,c36cc6a6a29b1791359d66e339db904e9899da2a2a2046618bec3642c0e4170d,41f692ef5e00f424d3c76d5979e2efaf471c9d2f559bda07bd17e8a4e42fb2b5,train
376,STR-6F1C926A5BCCC888A7D5,CO[C@H]1CCC[C@@H]1[C@](C#N)(c1ccccc1)C1CCN(CC2CN(c3ccc(C#N)cc3)C2)CC1,4.815308569182402,IC50,biochemical_inhibition,BindingDB,,STR-6F1C926A5BCCC888A7D5,c1ccc(C(C2CCCC2)C2CCN(CC3CN(c4ccccc4)C3)CC2)cc1,bemis_murcko,scaffold,scaffold,c36cc6a6a29b1791359d66e339db904e9899da2a2a2046618bec3642c0e4170d,41f692ef5e00f424d3c76d5979e2efaf471c9d2f559bda07bd17e8a4e42fb2b5,train
377,STR-6F61DD7B53632CC333BC,COC(=O)N[C@@H]1CCC[C@H]1C(C#N)(c1ccccc1)C1CCN(CC2CN(c3ccc(S(=O)(=O)C4CC4)cc3)C2)CC1,5.292429823902063,IC50,biochemical_inhibition,BindingDB,,STR-6F61DD7B53632CC333BC,O=S(=O)(c1ccc(N2CC(CN3CCC(C(c4ccccc4)C4CCCC4)CC3)C2)cc1)C1CC1,bemis_murcko,scaffold,scaffold,c36cc6a6a29b1791359d66e339db904e9899da2a2a2046618bec3642c0e4170d,41f692ef5e00f424d3c76d5979e2efaf471c9d2f559bda07bd17e8a4e42fb2b5,train
378,STR-6F8F59E84BD75C74A25C,C=CC(=O)N1CC(S(=O)(=O)c2ccc(N3CC(CN4CCC([C@@](C#N)(c5cccc(F)c5)[C@H]5CCC[C@@H]5NC(=O)OC)CC4)C3)cc2)C1,8.522878745280337,IC50,biochemical_inhibition,BindingDB,,STR-6F8F59E84BD75C74A25C,O=S(=O)(c1ccc(N2CC(CN3CCC(C(c4ccccc4)C4CCCC4)CC3)C2)cc1)C1CNC1,bemis_murcko,scaffold,scaffold,c36cc6a6a29b1791359d66e339db904e9899da2a2a2046618bec3642c0e4170d,41f692ef5e00f424d3c76d5979e2efaf471c9d2f559bda07bd17e8a4e42fb2b5,train
379,STR-6F92DD97001CC1334310,COC(=O)N[C@H]1CCC[C@@H]1[C@](CN1CCC1)(c1cccc(F)c1)C1CCN(CC2(F)CN(c3ccc(S(=O)(=O)C4CC4)cc3)C2)CC1,8.494850021680094,IC50,biochemical_inhibition,BindingDB,,STR-6F92DD97001CC1334310,O=S(=O)(c1ccc(N2CC(CN3CCC(C(CN4CCC4)(c4ccccc4)C4CCCC4)CC3)C2)cc1)C1CC1,bemis_murcko,scaffold,scaffold,c36cc6a6a29b1791359d66e339db904e9899da2a2a2046618bec3642c0e4170d,41f692ef5e00f424d3c76d5979e2efaf471c9d2f559bda07bd17e8a4e42fb2b5,train
380,STR-6FC9780B89782DBB09F3,CC(=O)N[C@@H](CO)C(=O)N[C@@H](C)C(=O)N[C@@H](CCCN=C(N)N)C(=O)N[C@@H](Cc1c[nH]c2ccccc12)C(=O)N[C@H]1C/C=C\C[C@@H](C(=O)N2CCC[C@H]2C(=O)N[C@@H](CCCCN)C(N)=O)NC(=O)[C@H](C)NC(=O)[C@@H]2CCCN2C(=O)[C@H](Cc2ccccc2)NC1=O,5.856985199745905,IC50,biochemical_inhibition,PubChem,2022.0,STR-6FC9780B89782DBB09F3,O=C(CCc1c[nH]c2ccccc12)NC1CC=CCC(C(=O)N2CCCC2)NC(=O)CNC(=O)C2CCCN2C(=O)C(Cc2ccccc2)NC1=O,bemis_murcko,scaffold,scaffold,c36cc6a6a29b1791359d66e339db904e9899da2a2a2046618bec3642c0e4170d,41f692ef5e00f424d3c76d5979e2efaf471c9d2f559bda07bd17e8a4e42fb2b5,train
381,STR-6FE1A42FCCA9C735ED36,CCN1Cc2ccccc2C(C2CCCC2)(C2CCN(CC3CN(c4ccc(S(=O)(=O)c5ccnc(C)c5)cc4)C3)CC2)C1,8.221848749616356,IC50,biochemical_inhibition,BindingDB,,STR-6FE1A42FCCA9C735ED36,O=S(=O)(c1ccncc1)c1ccc(N2CC(CN3CCC(C4(C5CCCC5)CNCc5ccccc54)CC3)C2)cc1,bemis_murcko,scaffold,scaffold,c36cc6a6a29b1791359d66e339db904e9899da2a2a2046618bec3642c0e4170d,41f692ef5e00f424d3c76d5979e2efaf471c9d2f559bda07bd17e8a4e42fb2b5,train
382,STR-6FF9ED5F66100441A820,N#Cc1ccc(NCCCN2CCN(c3ncnc4sc(CC(F)(F)F)cc34)CC2)cc1,5.8124792791635365,IC50,biochemical_inhibition,PubChem,2021.0,STR-6FF9ED5F66100441A820,c1ccc(NCCCN2CCN(c3ncnc4sccc34)CC2)cc1,bemis_murcko,scaffold,scaffold,c36cc6a6a29b1791359d66e339db904e9899da2a2a2046618bec3642c0e4170d,41f692ef5e00f424d3c76d5979e2efaf471c9d2f559bda07bd17e8a4e42fb2b5,train
383,STR-704625FB7455957A2AA3,C=CC(=O)N1C[C@H]2C[C@@H]1CN2S(=O)(=O)c1ccc(N2CC(CN3CCC([C@@](CN4CCC4)(c4cccc(F)c4)[C@H]4CCC[C@@H]4NC(=O)OC)CC3)(OC)C2)cc1,8.337242168318426,IC50,biochemical_inhibition,BindingDB,,STR-704625FB7455957A2AA3,O=S(=O)(c1ccc(N2CC(CN3CCC(C(CN4CCC4)(c4ccccc4)C4CCCC4)CC3)C2)cc1)N1CC2CC1CN2,bemis_murcko,scaffold,scaffold,c36cc6a6a29b1791359d66e339db904e9899da2a2a2046618bec3642c0e4170d,41f692ef5e00f424d3c76d5979e2efaf471c9d2f559bda07bd17e8a4e42fb2b5,train
384,STR-70C7272DAD1CFA014D53,CC(C)N(C(=O)c1cc(F)ccc1Oc1cncnc1N1CC2(CN(C(=O)C3NC4CCC3CC4)C2)C1)C(C)C,8.154901959985743,IC50,biochemical_inhibition,BindingDB;PubChem,,STR-70C7272DAD1CFA014D53,O=C(C1NC2CCC1CC2)N1CC2(C1)CN(c1ncncc1Oc1ccccc1)C2,bemis_murcko,scaffold,scaffold,c36cc6a6a29b1791359d66e339db904e9899da2a2a2046618bec3642c0e4170d,41f692ef5e00f424d3c76d5979e2efaf471c9d2f559bda07bd17e8a4e42fb2b5,train
385,STR-71838C80D2086E8D3D84,O=S(=O)(c1ccc(CCN2CCc3cc(C4(C5CCCC5)NCCc5ccccc54)ccc3C2)cc1)C1CC1,6.095825631715837,IC50,biochemical_inhibition,BindingDB,,STR-71838C80D2086E8D3D84,O=S(=O)(c1ccc(CCN2CCc3cc(C4(C5CCCC5)NCCc5ccccc54)ccc3C2)cc1)C1CC1,bemis_murcko,scaffold,scaffold,c36cc6a6a29b1791359d66e339db904e9899da2a2a2046618bec3642c0e4170d,41f692ef5e00f424d3c76d5979e2efaf471c9d2f559bda07bd17e8a4e42fb2b5,train
386,STR-718AB1E455060CA519A1,O=S(=O)(c1ccccc1)c1ccc(N2CC(CN3CCC(C4(C5CCCC5)NCCc5ccccc54)CC3)C2)cc1,7.809894379144197,IC50,biochemical_inhibition,BindingDB,,STR-718AB1E455060CA519A1,O=S(=O)(c1ccccc1)c1ccc(N2CC(CN3CCC(C4(C5CCCC5)NCCc5ccccc54)CC3)C2)cc1,bemis_murcko,scaffold,scaffold,c36cc6a6a29b1791359d66e339db904e9899da2a2a2046618bec3642c0e4170d,41f692ef5e00f424d3c76d5979e2efaf471c9d2f559bda07bd17e8a4e42fb2b5,train
387,STR-71A064EE3032A8ED24DA,c1csc(N2CCN(c3ncnc4sccc34)CC2)n1,4.530177984021837,IC50,biochemical_inhibition,BindingDB,,STR-71A064EE3032A8ED24DA,c1csc(N2CCN(c3ncnc4sccc34)CC2)n1,bemis_murcko,scaffold,scaffold,c36cc6a6a29b1791359d66e339db904e9899da2a2a2046618bec3642c0e4170d,41f692ef5e00f424d3c76d5979e2efaf471c9d2f559bda07bd17e8a4e42fb2b5,train
388,STR-71AB200EF619F4685513,CC1(C)NC(=O)[C@@H]2CCCN2C(=O)[C@H](Cc2ccccc2)NC(=O)[C@@H](N)CCCCCCCCNC(=O)[C@@H]2CCCN2C(=O)[C@H](CCCNC(=N)N)NC1=O,6.645891560852599,IC50,biochemical_inhibition,BindingDB,,STR-71AB200EF619F4685513,O=C1CNC(=O)C2CCCN2C(=O)C(Cc2ccccc2)NC(=O)CCCCCCCCCNC(=O)C2CCCN2C(=O)CN1,bemis_murcko,scaffold,scaffold,c36cc6a6a29b1791359d66e339db904e9899da2a2a2046618bec3642c0e4170d,41f692ef5e00f424d3c76d5979e2efaf471c9d2f559bda07bd17e8a4e42fb2b5,train
389,STR-71B0028CFA5F5ABCD115,FC(F)(F)Cc1cc2c(NC3CCN(Cc4ccsc4)CC3)ncnc2s1,6.657577319177793,IC50,biochemical_inhibition,PubChem,2021.0,STR-71B0028CFA5F5ABCD115,c1nc(NC2CCN(Cc3ccsc3)CC2)c2ccsc2n1,bemis_murcko,scaffold,scaffold,c36cc6a6a29b1791359d66e339db904e9899da2a2a2046618bec3642c0e4170d,41f692ef5e00f424d3c76d5979e2efaf471c9d2f559bda07bd17e8a4e42fb2b5,train
390,STR-723FB71024F547E2C9C5,C[C@@]12CN(CC(O)CCCc3ccccc3)C[C@@](C)(C1)c1cccc(=O)n1C2,9.0,IC50,biochemical_inhibition,PubChem,2024.0,STR-723FB71024F547E2C9C5,O=c1cccc2n1CC1CC2CN(CCCCCc2ccccc2)C1,bemis_murcko,scaffold,scaffold,c36cc6a6a29b1791359d66e339db904e9899da2a2a2046618bec3642c0e4170d,41f692ef5e00f424d3c76d5979e2efaf471c9d2f559bda07bd17e8a4e42fb2b5,train
391,STR-72BC2AEC0C9B5FB0C4A6,C=CC(=O)N1CC(S(=O)(=O)c2ccc(N3CC(CN4CCC([C@@](CN5CCC5)(c5cccc(F)c5)[C@H]5CCC[C@@H]5NC(=O)OC)CC4)C3)cc2)C1,8.698970004336019,IC50,biochemical_inhibition,BindingDB,,STR-72BC2AEC0C9B5FB0C4A6,O=S(=O)(c1ccc(N2CC(CN3CCC(C(CN4CCC4)(c4ccccc4)C4CCCC4)CC3)C2)cc1)C1CNC1,bemis_murcko,scaffold,scaffold,c36cc6a6a29b1791359d66e339db904e9899da2a2a2046618bec3642c0e4170d,41f692ef5e00f424d3c76d5979e2efaf471c9d2f559bda07bd17e8a4e42fb2b5,train
392,STR-731E86363BD706E32221,N#Cc1ccc(OCCCN2CCC(CC3(C4CCCC4)NCCc4ccccc43)CC2)cc1,4.485452247339714,IC50,biochemical_inhibition,BindingDB,,STR-731E86363BD706E32221,c1ccc(OCCCN2CCC(CC3(C4CCCC4)NCCc4ccccc43)CC2)cc1,bemis_murcko,scaffold,scaffold,c36cc6a6a29b1791359d66e339db904e9899da2a2a2046618bec3642c0e4170d,41f692ef5e00f424d3c76d5979e2efaf471c9d2f559bda07bd17e8a4e42fb2b5,train
393,STR-73526DEBB89B97E16E0E,COC(=O)N[C@H]1CCC[C@@H]1[C@](CN1CCC1)(c1cccc(F)c1)C1CCN(CC2CN(c3ccc(S(=O)(=O)C4CN(C(=O)/C=C/CN5CCCC5)C4)cc3)C2)CC1,8.698970004336019,IC50,biochemical_inhibition,BindingDB,,STR-73526DEBB89B97E16E0E,O=C(C=CCN1CCCC1)N1CC(S(=O)(=O)c2ccc(N3CC(CN4CCC(C(CN5CCC5)(c5ccccc5)C5CCCC5)CC4)C3)cc2)C1,bemis_murcko,scaffold,scaffold,c36cc6a6a29b1791359d66e339db904e9899da2a2a2046618bec3642c0e4170d,41f692ef5e00f424d3c76d5979e2efaf471c9d2f559bda07bd17e8a4e42fb2b5,train
394,STR-73C51163FC18BDBC72DE,CCN1Cc2ccccc2C(C2CCCC2)(C2CCN(CC3CN(c4ccc(S(=O)(=O)c5ccnc(C(F)(F)F)c5)cc4)C3)CC2)C1,7.795880017344075,IC50,biochemical_inhibition,BindingDB,,STR-73C51163FC18BDBC72DE,O=S(=O)(c1ccncc1)c1ccc(N2CC(CN3CCC(C4(C5CCCC5)CNCc5ccccc54)CC3)C2)cc1,bemis_murcko,scaffold,scaffold,c36cc6a6a29b1791359d66e339db904e9899da2a2a2046618bec3642c0e4170d,41f692ef5e00f424d3c76d5979e2efaf471c9d2f559bda07bd17e8a4e42fb2b5,train
395,STR-73D39D8A425861DCE560,CC(C)CC1(C2CCN(CCCOc3ccc(C#N)cc3)CC2)NCCc2ccccc21,5.6777807052660805,IC50,biochemical_inhibition,BindingDB,,STR-73D39D8A425861DCE560,c1ccc(OCCCN2CCC(C3NCCc4ccccc43)CC2)cc1,bemis_murcko,scaffold,scaffold,c36cc6a6a29b1791359d66e339db904e9899da2a2a2046618bec3642c0e4170d,41f692ef5e00f424d3c76d5979e2efaf471c9d2f559bda07bd17e8a4e42fb2b5,test
396,STR-73FF471D050BDA8F68BB,CCc1cc2c(N3CCN(c4ncccn4)CC3)ncnc2s1,3.831270369354672,IC50,biochemical_inhibition,BindingDB;PubChem,2020.0,STR-73FF471D050BDA8F68BB,c1cnc(N2CCN(c3ncnc4sccc34)CC2)nc1,bemis_murcko,scaffold,scaffold,c36cc6a6a29b1791359d66e339db904e9899da2a2a2046618bec3642c0e4170d,41f692ef5e00f424d3c76d5979e2efaf471c9d2f559bda07bd17e8a4e42fb2b5,train
397,STR-74748864A5B42BEF5513,CNC(=O)O[C@H]1CCC[C@@H]1[C@]1(C2CCN(CC3CN(c4ccc(S(=O)(=O)c5ccncc5)cc4)C3)CC2)CN(C)Cc2ccccc21,8.301029995663981,IC50,biochemical_inhibition,BindingDB,,STR-74748864A5B42BEF5513,O=S(=O)(c1ccncc1)c1ccc(N2CC(CN3CCC(C4(C5CCCC5)CNCc5ccccc54)CC3)C2)cc1,bemis_murcko,scaffold,scaffold,c36cc6a6a29b1791359d66e339db904e9899da2a2a2046618bec3642c0e4170d,41f692ef5e00f424d3c76d5979e2efaf471c9d2f559bda07bd17e8a4e42fb2b5,train
398,STR-74AB0C5D40C92C89D385,CO[C@@H]1CCC[C@H]1[C@](C#N)(c1ccccc1)C1CCN(CC2CN(c3ccc(C#N)cc3)C2)CC1,4.718966632752273,IC50,biochemical_inhibition,BindingDB,,STR-74AB0C5D40C92C89D385,c1ccc(C(C2CCCC2)C2CCN(CC3CN(c4ccccc4)C3)CC2)cc1,bemis_murcko,scaffold,scaffold,c36cc6a6a29b1791359d66e339db904e9899da2a2a2046618bec3642c0e4170d,41f692ef5e00f424d3c76d5979e2efaf471c9d2f559bda07bd17e8a4e42fb2b5,train
399,STR-751B5DB988139837BDDA,CCc1cc2c(NCC3CCN(Cc4cccc(C)c4)CC3)ncnc2s1,4.3979400086720375,IC50,biochemical_inhibition,BindingDB;PubChem,,STR-751B5DB988139837BDDA,c1ccc(CN2CCC(CNc3ncnc4sccc34)CC2)cc1,bemis_murcko,scaffold,scaffold,c36cc6a6a29b1791359d66e339db904e9899da2a2a2046618bec3642c0e4170d,41f692ef5e00f424d3c76d5979e2efaf471c9d2f559bda07bd17e8a4e42fb2b5,train
400,STR-751E14E3FB418B1577CE,CNC(=O)C[C@H]1CCC[C@@H]1C(C#N)(c1ccccc1)C1CCN(CC2CN(c3ccc(S(=O)(=O)c4ccncc4)cc3)C2)CC1,5.6807553715226815,IC50,biochemical_inhibition,BindingDB,,STR-751E14E3FB418B1577CE,O=S(=O)(c1ccncc1)c1ccc(N2CC(CN3CCC(C(c4ccccc4)C4CCCC4)CC3)C2)cc1,bemis_murcko,scaffold,scaffold,c36cc6a6a29b1791359d66e339db904e9899da2a2a2046618bec3642c0e4170d,41f692ef5e00f424d3c76d5979e2efaf471c9d2f559bda07bd17e8a4e42fb2b5,train
401,STR-7574D071910577A50816,CCN1Cc2ccccc2C(C2CCCC2)(C2CCN(CC3CN(c4ccc(S(=O)(=O)c5ccnc6cnccc56)cc4)C3)CC2)C1,8.096910013008056,IC50,biochemical_inhibition,BindingDB,,STR-7574D071910577A50816,O=S(=O)(c1ccc(N2CC(CN3CCC(C4(C5CCCC5)CNCc5ccccc54)CC3)C2)cc1)c1ccnc2cnccc12,bemis_murcko,scaffold,scaffold,c36cc6a6a29b1791359d66e339db904e9899da2a2a2046618bec3642c0e4170d,41f692ef5e00f424d3c76d5979e2efaf471c9d2f559bda07bd17e8a4e42fb2b5,train
402,STR-75F4FF99ADDC863A5732,C[C@@H]1CCC[C@@H](C)N1C(=O)c1cc(F)ccc1-n1cc(C(=O)C2CCN(C(=O)[C@H]3N[C@@H]4CC[C@H]3C4)CC2)c2ccncc21,7.537602002101044,IC50,biochemical_inhibition,PubChem,2025.0,STR-75F4FF99ADDC863A5732,O=C(c1cn(-c2ccccc2C(=O)N2CCCCC2)c2cnccc12)C1CCN(C(=O)C2NC3CCC2C3)CC1,bemis_murcko,scaffold,scaffold,c36cc6a6a29b1791359d66e339db904e9899da2a2a2046618bec3642c0e4170d,41f692ef5e00f424d3c76d5979e2efaf471c9d2f559bda07bd17e8a4e42fb2b5,train
403,STR-768449AFD0A1BD14A41D,CNC(=O)O[C@H]1CCC[C@@H]1C(Cn1ccnc1C)(c1ccccc1)C1CCN(CC2CN(c3ccc(C#N)cc3)C2)CC1,8.522878745280337,IC50,biochemical_inhibition,BindingDB,,STR-768449AFD0A1BD14A41D,c1ccc(N2CC(CN3CCC(C(Cn4ccnc4)(c4ccccc4)C4CCCC4)CC3)C2)cc1,bemis_murcko,scaffold,scaffold,c36cc6a6a29b1791359d66e339db904e9899da2a2a2046618bec3642c0e4170d,41f692ef5e00f424d3c76d5979e2efaf471c9d2f559bda07bd17e8a4e42fb2b5,train
404,STR-76F421993337A53D2B7F,N#CCc1ccc(CN2CCC3(CCN(c4ncnc5sc(CC(F)(F)F)cc45)C3)C2)cc1,7.698970004336019,IC50,biochemical_inhibition,BindingDB;PubChem,,STR-76F421993337A53D2B7F,c1ccc(CN2CCC3(CCN(c4ncnc5sccc45)C3)C2)cc1,bemis_murcko,scaffold,scaffold,c36cc6a6a29b1791359d66e339db904e9899da2a2a2046618bec3642c0e4170d,41f692ef5e00f424d3c76d5979e2efaf471c9d2f559bda07bd17e8a4e42fb2b5,train
405,STR-771E4A4135C686845F23,COC(=O)N[C@H]1CCC[C@@H]1[C@](C#N)(c1cccc(F)c1)C1CCN(CC2CN(c3ccc(S(=O)(=O)c4cccc(NC(=O)/C=C/CN5CCOCC5)c4)cc3)C2)CC1,8.301029995663981,IC50,biochemical_inhibition,BindingDB,,STR-771E4A4135C686845F23,O=C(C=CCN1CCOCC1)Nc1cccc(S(=O)(=O)c2ccc(N3CC(CN4CCC(C(c5ccccc5)C5CCCC5)CC4)C3)cc2)c1,bemis_murcko,scaffold,scaffold,c36cc6a6a29b1791359d66e339db904e9899da2a2a2046618bec3642c0e4170d,41f692ef5e00f424d3c76d5979e2efaf471c9d2f559bda07bd17e8a4e42fb2b5,train
406,STR-779781389329BDE861D6,CC(=O)N[C@@H](C)C(=O)N[C@@H](CCCN=C(N)N)C(=O)N[C@@H](Cc1c[nH]c2ccccc12)C(=O)N[C@H]1CCCC[C@@H](C(=O)N2CCC[C@H]2C(=O)N[C@@H](CCCN)C(=O)N[C@@H](CCCN=C(N)N)C(N)=O)NC(=O)C2(CCC2)NC(=O)[C@@H]2CCCN2C(=O)[C@H](Cc2cccc(F)c2)NC1=O,7.853871964321762,IC50,biochemical_inhibition,PubChem,2022.0,STR-779781389329BDE861D6,O=C(CCc1c[nH]c2ccccc12)NC1CCCCC(C(=O)N2CCCC2)NC(=O)C2(CCC2)NC(=O)C2CCCN2C(=O)C(Cc2ccccc2)NC1=O,bemis_murcko,scaffold,scaffold,c36cc6a6a29b1791359d66e339db904e9899da2a2a2046618bec3642c0e4170d,41f692ef5e00f424d3c76d5979e2efaf471c9d2f559bda07bd17e8a4e42fb2b5,train
407,STR-784BC5DAE6A780CB93EC,CCc1cc2c(N3CCN(c4ccccn4)CC3)ncnc2s1,4.22921037802671,IC50,biochemical_inhibition,BindingDB;PubChem,2020.0,STR-784BC5DAE6A780CB93EC,c1ccc(N2CCN(c3ncnc4sccc34)CC2)nc1,bemis_murcko,scaffold,scaffold,c36cc6a6a29b1791359d66e339db904e9899da2a2a2046618bec3642c0e4170d,41f692ef5e00f424d3c76d5979e2efaf471c9d2f559bda07bd17e8a4e42fb2b5,train
408,STR-785BAB6B0A5853836AC6,Cc1c(C(=O)C2CCN(C(=O)[C@@H]3CC[C@H](C)N3)CC2)c2ccncc2n1-c1ccc(F)cc1C(=O)N(C(C)C)C(C)C,6.978810700930062,IC50,biochemical_inhibition,PubChem,2025.0,STR-785BAB6B0A5853836AC6,O=C(c1cn(-c2ccccc2)c2cnccc12)C1CCN(C(=O)C2CCCN2)CC1,bemis_murcko,scaffold,scaffold,c36cc6a6a29b1791359d66e339db904e9899da2a2a2046618bec3642c0e4170d,41f692ef5e00f424d3c76d5979e2efaf471c9d2f559bda07bd17e8a4e42fb2b5,test
409,STR-787A0E4100519807DE55,N#Cc1ccc(N2CC(CN3CCC(C4(C5CCCC5)NCCc5ccccc54)CC3)C2)nc1,3.2400301424456925,IC50,biochemical_inhibition,BindingDB,,STR-787A0E4100519807DE55,c1ccc(N2CC(CN3CCC(C4(C5CCCC5)NCCc5ccccc54)CC3)C2)nc1,bemis_murcko,scaffold,scaffold,c36cc6a6a29b1791359d66e339db904e9899da2a2a2046618bec3642c0e4170d,41f692ef5e00f424d3c76d5979e2efaf471c9d2f559bda07bd17e8a4e42fb2b5,train
410,STR-78872E7698A00B065699,COC(=O)N[C@H]1CCC[C@@H]1[C@](C#N)(c1cccc(F)c1)C1CCN(CC2CN(c3ccc(S(=O)(=O)C4CN(C(=O)/C=C/CN5CCCC5)C4)cc3)C2)CC1,8.522878745280337,IC50,biochemical_inhibition,BindingDB,,STR-78872E7698A00B065699,O=C(C=CCN1CCCC1)N1CC(S(=O)(=O)c2ccc(N3CC(CN4CCC(C(c5ccccc5)C5CCCC5)CC4)C3)cc2)C1,bemis_murcko,scaffold,scaffold,c36cc6a6a29b1791359d66e339db904e9899da2a2a2046618bec3642c0e4170d,41f692ef5e00f424d3c76d5979e2efaf471c9d2f559bda07bd17e8a4e42fb2b5,train
411,STR-78D6D64DD53A6832B414,CN1Cc2ccccc2C(C2CCCC2)(C2CCN(CC3CN(c4ccc(S(C)(=O)=O)cc4)C3)CC2)C1,7.214670164989233,IC50,biochemical_inhibition,BindingDB,,STR-78D6D64DD53A6832B414,c1ccc(N2CC(CN3CCC(C4(C5CCCC5)CNCc5ccccc54)CC3)C2)cc1,bemis_murcko,scaffold,scaffold,c36cc6a6a29b1791359d66e339db904e9899da2a2a2046618bec3642c0e4170d,41f692ef5e00f424d3c76d5979e2efaf471c9d2f559bda07bd17e8a4e42fb2b5,train
412,STR-78E8321E984DFAA6EEF2,CS(=O)(=O)c1ccc(N2CC(CN3CCC(C(C#N)(c4ccccc4)[C@H]4CCC[C@H]4S(C)(=O)=O)CC3)C2)cc1,4.6252516539898965,IC50,biochemical_inhibition,BindingDB,,STR-78E8321E984DFAA6EEF2,c1ccc(C(C2CCCC2)C2CCN(CC3CN(c4ccccc4)C3)CC2)cc1,bemis_murcko,scaffold,scaffold,c36cc6a6a29b1791359d66e339db904e9899da2a2a2046618bec3642c0e4170d,41f692ef5e00f424d3c76d5979e2efaf471c9d2f559bda07bd17e8a4e42fb2b5,train
413,STR-79AE077C5280C92A481E,COCC[C@@H]1CCC[C@H]1C(C#N)(c1ccccc1)C1CCN(CC2CN(c3ccc(S(=O)(=O)c4ccnc(C)c4)cc3)C2)CC1,4.58838029403677,IC50,biochemical_inhibition,BindingDB,,STR-79AE077C5280C92A481E,O=S(=O)(c1ccncc1)c1ccc(N2CC(CN3CCC(C(c4ccccc4)C4CCCC4)CC3)C2)cc1,bemis_murcko,scaffold,scaffold,c36cc6a6a29b1791359d66e339db904e9899da2a2a2046618bec3642c0e4170d,41f692ef5e00f424d3c76d5979e2efaf471c9d2f559bda07bd17e8a4e42fb2b5,train
414,STR-79D75B6A88F0457FA1C2,CCC(=O)O[C@H]1CCC[C@@H]1C(C#N)(c1ccccc1)C1CCN(CC2CN(c3ccc(S(=O)(=O)c4ccncc4)cc3)C2)CC1,8.0,IC50,biochemical_inhibition,BindingDB,,STR-79D75B6A88F0457FA1C2,O=S(=O)(c1ccncc1)c1ccc(N2CC(CN3CCC(C(c4ccccc4)C4CCCC4)CC3)C2)cc1,bemis_murcko,scaffold,scaffold,c36cc6a6a29b1791359d66e339db904e9899da2a2a2046618bec3642c0e4170d,41f692ef5e00f424d3c76d5979e2efaf471c9d2f559bda07bd17e8a4e42fb2b5,train
415,STR-7A2E8FB7325B12C5539B,CNC(=O)O[C@@H]1CCC[C@H]1C(C#N)(c1ccccc1)C1CCN(CC2CN(c3ccc(C(F)(F)F)cc3)C2)CC1,6.2958494831602,IC50,biochemical_inhibition,BindingDB,,STR-7A2E8FB7325B12C5539B,c1ccc(C(C2CCCC2)C2CCN(CC3CN(c4ccccc4)C3)CC2)cc1,bemis_murcko,scaffold,scaffold,c36cc6a6a29b1791359d66e339db904e9899da2a2a2046618bec3642c0e4170d,41f692ef5e00f424d3c76d5979e2efaf471c9d2f559bda07bd17e8a4e42fb2b5,train
416,STR-7A321275AB46AC4BC765,C=CC(=O)N1CC(S(=O)(=O)c2ccc(N3CC(F)(CN4CCC([C@@](Cn5ccnc5CC)(c5cccc(F)c5)[C@H]5CCC[C@@H]5NC(=O)OC)CC4)C3)cc2)C1,8.698970004336019,IC50,biochemical_inhibition,BindingDB,,STR-7A321275AB46AC4BC765,O=S(=O)(c1ccc(N2CC(CN3CCC(C(Cn4ccnc4)(c4ccccc4)C4CCCC4)CC3)C2)cc1)C1CNC1,bemis_murcko,scaffold,scaffold,c36cc6a6a29b1791359d66e339db904e9899da2a2a2046618bec3642c0e4170d,41f692ef5e00f424d3c76d5979e2efaf471c9d2f559bda07bd17e8a4e42fb2b5,train
417,STR-7A6579C0FCDE81940F28,N#Cc1ccc(OCCCN2CCC(C3(C4CCCS4(=O)=O)NCCc4ccccc43)CC2)cc1,4.97061622231479,IC50,biochemical_inhibition,BindingDB,,STR-7A6579C0FCDE81940F28,O=S1(=O)CCCC1C1(C2CCN(CCCOc3ccccc3)CC2)NCCc2ccccc21,bemis_murcko,scaffold,scaffold,c36cc6a6a29b1791359d66e339db904e9899da2a2a2046618bec3642c0e4170d,41f692ef5e00f424d3c76d5979e2efaf471c9d2f559bda07bd17e8a4e42fb2b5,train
418,STR-7A884766D31A90BA2425,Cc1nccn1CC(c1ccccc1)(C1CCCC1)C1CCN(CCCOc2ccc(C#N)cc2)CC1,6.779891911959945,IC50,biochemical_inhibition,BindingDB,,STR-7A884766D31A90BA2425,c1ccc(OCCCN2CCC(C(Cn3ccnc3)(c3ccccc3)C3CCCC3)CC2)cc1,bemis_murcko,scaffold,scaffold,c36cc6a6a29b1791359d66e339db904e9899da2a2a2046618bec3642c0e4170d,41f692ef5e00f424d3c76d5979e2efaf471c9d2f559bda07bd17e8a4e42fb2b5,test
419,STR-7AD026FDCE816FE46C2A,N#Cc1cc2cc(CCN3CCC(C4(C5CCCC5)NCCc5ccccc54)CC3)ccc2[nH]1,5.958607314841775,IC50,biochemical_inhibition,BindingDB,,STR-7AD026FDCE816FE46C2A,c1ccc2c(c1)CCNC2(C1CCCC1)C1CCN(CCc2ccc3[nH]ccc3c2)CC1,bemis_murcko,scaffold,scaffold,c36cc6a6a29b1791359d66e339db904e9899da2a2a2046618bec3642c0e4170d,41f692ef5e00f424d3c76d5979e2efaf471c9d2f559bda07bd17e8a4e42fb2b5,train
420,STR-7B4D282245C89175BEA3,COC(=O)N[C@H]1CCC[C@@H]1[C@](C#N)(c1cccc(F)c1)C1CCN(CC2(F)CN(c3ccc(S(=O)(=O)C4CN(C(=O)/C=C/CN(C)C)C4)cc3)C2)CC1,8.045757490560675,IC50,biochemical_inhibition,BindingDB,,STR-7B4D282245C89175BEA3,O=S(=O)(c1ccc(N2CC(CN3CCC(C(c4ccccc4)C4CCCC4)CC3)C2)cc1)C1CNC1,bemis_murcko,scaffold,scaffold,c36cc6a6a29b1791359d66e339db904e9899da2a2a2046618bec3642c0e4170d,41f692ef5e00f424d3c76d5979e2efaf471c9d2f559bda07bd17e8a4e42fb2b5,train
421,STR-7B5EB163620F94C0875D,CCS(=O)(=O)c1ccc(N2CC(CN3CCC(C4(CC(C)(C)C)NCCc5ccccc54)CC3)C2)cc1,6.096910013008056,IC50,biochemical_inhibition,BindingDB,,STR-7B5EB163620F94C0875D,c1ccc(N2CC(CN3CCC(C4NCCc5ccccc54)CC3)C2)cc1,bemis_murcko,scaffold,scaffold,c36cc6a6a29b1791359d66e339db904e9899da2a2a2046618bec3642c0e4170d,41f692ef5e00f424d3c76d5979e2efaf471c9d2f559bda07bd17e8a4e42fb2b5,train
422,STR-7C604423619052A15AC8,CC(=O)O[C@H]1CCC[C@@H]1C(C#N)(c1ccccc1)C1CCN(CC2CN(c3ccc(S(=O)(=O)c4ccncc4)cc3)C2)CC1,8.154901959985743,IC50,biochemical_inhibition,BindingDB,,STR-7C604423619052A15AC8,O=S(=O)(c1ccncc1)c1ccc(N2CC(CN3CCC(C(c4ccccc4)C4CCCC4)CC3)C2)cc1,bemis_murcko,scaffold,scaffold,c36cc6a6a29b1791359d66e339db904e9899da2a2a2046618bec3642c0e4170d,41f692ef5e00f424d3c76d5979e2efaf471c9d2f559bda07bd17e8a4e42fb2b5,train
423,STR-7CB5FC4DF2338F3CCE69,CC(=O)N[C@@H](CCCN=C(N)N)C(=O)N[C@@H](Cc1c[nH]c2ccccc12)C(=O)N[C@H]1CCCCCCNC(=O)[C@@H]2CCCN2C(=O)[C@H](CCCN=C(N)N)NC(=O)[C@H](C)NC(=O)[C@@H]2CCCN2C(=O)[C@H](Cc2ccccc2)NC1=O,7.198596289982645,IC50,biochemical_inhibition,PubChem,2013.0,STR-7CB5FC4DF2338F3CCE69,O=C1CNC(=O)C2CCCN2C(=O)C(Cc2ccccc2)NC(=O)C(NC(=O)CCc2c[nH]c3ccccc23)CCCCCCNC(=O)C2CCCN2C(=O)CN1,bemis_murcko,scaffold,scaffold,c36cc6a6a29b1791359d66e339db904e9899da2a2a2046618bec3642c0e4170d,41f692ef5e00f424d3c76d5979e2efaf471c9d2f559bda07bd17e8a4e42fb2b5,test
424,STR-7CFBCFB6478602919F29,CC1(C)NC(=O)[C@@H]2CCCN2C(=O)[C@H](Cc2ccccc2)NC(=O)[C@@H](N)CCCCCCCCNC(=O)[C@@H]2CCCN2C(=O)[C@H](CCCN=C(N)N)NC1=O,6.645891560852599,IC50,biochemical_inhibition,PubChem,2013.0,STR-7CFBCFB6478602919F29,O=C1CNC(=O)C2CCCN2C(=O)C(Cc2ccccc2)NC(=O)CCCCCCCCCNC(=O)C2CCCN2C(=O)CN1,bemis_murcko,scaffold,scaffold,c36cc6a6a29b1791359d66e339db904e9899da2a2a2046618bec3642c0e4170d,41f692ef5e00f424d3c76d5979e2efaf471c9d2f559bda07bd17e8a4e42fb2b5,train
425,STR-7D0031746A963BBE8268,Cc1cccc(C[C@@H]2NC(=O)[C@@H](N)CCCCCCCCNC(=O)[C@@H]3CCCN3C(=O)[C@H](CCCNC(=N)N)NC(=O)C3(CCC3)NC(=O)[C@@H]3CCCN3C2=O)c1,5.939302159646388,IC50,biochemical_inhibition,BindingDB,,STR-7D0031746A963BBE8268,O=C1CCCCCCCCCNC(=O)C2CCCN2C(=O)CNC(=O)C2(CCC2)NC(=O)C2CCCN2C(=O)C(Cc2ccccc2)N1,bemis_murcko,scaffold,scaffold,c36cc6a6a29b1791359d66e339db904e9899da2a2a2046618bec3642c0e4170d,41f692ef5e00f424d3c76d5979e2efaf471c9d2f559bda07bd17e8a4e42fb2b5,test
426,STR-7D5339DF90BF6BBC7650,NC(=O)Cc1nc(-c2ccc(F)cc2)cs1,3.668621084159213,IC50,biochemical_inhibition,BindingDB,,STR-7D5339DF90BF6BBC7650,c1ccc(-c2cscn2)cc1,bemis_murcko,scaffold,scaffold,c36cc6a6a29b1791359d66e339db904e9899da2a2a2046618bec3642c0e4170d,41f692ef5e00f424d3c76d5979e2efaf471c9d2f559bda07bd17e8a4e42fb2b5,train
427,STR-7E1F0EE1EE4F776E8704,CCN(C(=O)c1cc(F)ccc1Oc1nncnc1N1CCC2(C1)CN([C@H](CCCNCCOC)C(C)C)C2)C(C)C,10.002182402701226,IC50,biochemical_inhibition,BindingDB,,STR-7E1F0EE1EE4F776E8704,c1ccc(Oc2nncnc2N2CCC3(CNC3)C2)cc1,bemis_murcko,scaffold,scaffold,c36cc6a6a29b1791359d66e339db904e9899da2a2a2046618bec3642c0e4170d,41f692ef5e00f424d3c76d5979e2efaf471c9d2f559bda07bd17e8a4e42fb2b5,train
428,STR-7E4ED37C470579BF6D9F,NC(N)=NCCC[C@@H]1NC(=O)C2(CCC2)NC(=O)[C@@H]2CCCN2C(=O)[C@H](Cc2cccc(-c3ccccc3)c2)NC(=O)[C@@H](N)CCCCCCCCNC(=O)[C@@H]2CCCN2C1=O,4.404503778174426,IC50,biochemical_inhibition,PubChem,2013.0,STR-7E4ED37C470579BF6D9F,O=C1CCCCCCCCCNC(=O)C2CCCN2C(=O)CNC(=O)C2(CCC2)NC(=O)C2CCCN2C(=O)C(Cc2cccc(-c3ccccc3)c2)N1,bemis_murcko,scaffold,scaffold,c36cc6a6a29b1791359d66e339db904e9899da2a2a2046618bec3642c0e4170d,41f692ef5e00f424d3c76d5979e2efaf471c9d2f559bda07bd17e8a4e42fb2b5,train
429,STR-7EBB82C6BCAEFA5254DA,O=C(Cc1ccc(S(=O)(=O)C2CC2)cc1)N1CCc2cc(C3(C4CCCC4)NCCc4ccccc43)ccc2C1,5.327902142064282,IC50,biochemical_inhibition,BindingDB,,STR-7EBB82C6BCAEFA5254DA,O=C(Cc1ccc(S(=O)(=O)C2CC2)cc1)N1CCc2cc(C3(C4CCCC4)NCCc4ccccc43)ccc2C1,bemis_murcko,scaffold,scaffold,c36cc6a6a29b1791359d66e339db904e9899da2a2a2046618bec3642c0e4170d,41f692ef5e00f424d3c76d5979e2efaf471c9d2f559bda07bd17e8a4e42fb2b5,test
430,STR-7F0EE35F1AAF9EE0E75E,N#Cc1ccc(N2CC(CN3CCC(C4(C5CCCC5)NCCc5ccccc54)CC3)C2)cn1,6.0835460514500745,IC50,biochemical_inhibition,BindingDB,,STR-7F0EE35F1AAF9EE0E75E,c1cncc(N2CC(CN3CCC(C4(C5CCCC5)NCCc5ccccc54)CC3)C2)c1,bemis_murcko,scaffold,scaffold,c36cc6a6a29b1791359d66e339db904e9899da2a2a2046618bec3642c0e4170d,41f692ef5e00f424d3c76d5979e2efaf471c9d2f559bda07bd17e8a4e42fb2b5,train
431,STR-7F50B57FFABE6350EAF5,N#Cc1ccc(OCCCN2CCC([C@](N)(c3ccccc3)C3CCCC3)CC2)cc1,7.0915149811213505,IC50,biochemical_inhibition,BindingDB;PubChem,,STR-7F50B57FFABE6350EAF5,c1ccc(OCCCN2CCC(C(c3ccccc3)C3CCCC3)CC2)cc1,bemis_murcko,scaffold,scaffold,c36cc6a6a29b1791359d66e339db904e9899da2a2a2046618bec3642c0e4170d,41f692ef5e00f424d3c76d5979e2efaf471c9d2f559bda07bd17e8a4e42fb2b5,train
432,STR-801FAB4C61D8E9427A35,C=C1C[C@H]2CC[C@@H]1N[C@@H]2C(=O)N1CC2(C1)CN(c1ncncc1Oc1ccc(F)cc1C(=O)N(C(C)C)C(C)C)C2,8.207608310501746,IC50,biochemical_inhibition,BindingDB;PubChem,,STR-801FAB4C61D8E9427A35,C=C1CC2CCC1NC2C(=O)N1CC2(C1)CN(c1ncncc1Oc1ccccc1)C2,bemis_murcko,scaffold,scaffold,c36cc6a6a29b1791359d66e339db904e9899da2a2a2046618bec3642c0e4170d,41f692ef5e00f424d3c76d5979e2efaf471c9d2f559bda07bd17e8a4e42fb2b5,train
433,STR-80374AD7F6D7CEE947F4,CC(=O)N[C@@H](CO)C(=O)N[C@@H](C)C(=O)N[C@@H](CCCN=C(N)N)C(=O)N[C@@H](Cc1c[nH]c2ccccc12)C(=O)N[C@H]1CC/C=C\CC[C@@H](C(=O)N2CCC[C@H]2C(=O)N[C@@H](CCCN=C(N)N)C(N)=O)NC(=O)[C@H](C)NC(=O)[C@@H]2CCCN2C(=O)[C@H](Cc2ccccc2)NC1=O,5.958607314841775,IC50,biochemical_inhibition,PubChem,2022.0,STR-80374AD7F6D7CEE947F4,O=C(CCc1c[nH]c2ccccc12)NC1CCC=CCCC(C(=O)N2CCCC2)NC(=O)CNC(=O)C2CCCN2C(=O)C(Cc2ccccc2)NC1=O,bemis_murcko,scaffold,scaffold,c36cc6a6a29b1791359d66e339db904e9899da2a2a2046618bec3642c0e4170d,41f692ef5e00f424d3c76d5979e2efaf471c9d2f559bda07bd17e8a4e42fb2b5,train
434,STR-8053B83BB63EAAF32F61,CC(C)N(C(=O)c1cc(F)ccc1Oc1cncnc1N1CC2(CN(C(=O)[C@H]3N[C@H]4CC[C@@H]3C[C@H]4CC3CC3)C2)C1)C(C)C,8.387216143280265,IC50,biochemical_inhibition,BindingDB;PubChem,,STR-8053B83BB63EAAF32F61,O=C(C1NC2CCC1CC2CC1CC1)N1CC2(C1)CN(c1ncncc1Oc1ccccc1)C2,bemis_murcko,scaffold,scaffold,c36cc6a6a29b1791359d66e339db904e9899da2a2a2046618bec3642c0e4170d,41f692ef5e00f424d3c76d5979e2efaf471c9d2f559bda07bd17e8a4e42fb2b5,train
435,STR-80B7C819E96F09B4FE2E,CN([C@H]1CCC[C@@H]1C(C#N)(c1ccccc1)C1CCN(CC2CN(c3ccc(S(=O)(=O)C4CC4)cc3)C2)CC1)S(C)(=O)=O,4.424812155072339,IC50,biochemical_inhibition,BindingDB,,STR-80B7C819E96F09B4FE2E,O=S(=O)(c1ccc(N2CC(CN3CCC(C(c4ccccc4)C4CCCC4)CC3)C2)cc1)C1CC1,bemis_murcko,scaffold,scaffold,c36cc6a6a29b1791359d66e339db904e9899da2a2a2046618bec3642c0e4170d,41f692ef5e00f424d3c76d5979e2efaf471c9d2f559bda07bd17e8a4e42fb2b5,train
436,STR-80D8AF5705E26175735B,O=C([C@H]1N[C@H]2CC[C@@H]1C[C@@H]2O)N1CC2(C1)CN(c1c(C(F)(F)F)cnc3sc(CC(F)(F)F)cc13)C2,7.5638373529592435,IC50,biochemical_inhibition,BindingDB;PubChem,,STR-80D8AF5705E26175735B,O=C(C1NC2CCC1CC2)N1CC2(C1)CN(c1ccnc3sccc13)C2,bemis_murcko,scaffold,scaffold,c36cc6a6a29b1791359d66e339db904e9899da2a2a2046618bec3642c0e4170d,41f692ef5e00f424d3c76d5979e2efaf471c9d2f559bda07bd17e8a4e42fb2b5,train
437,STR-8131638FF64AE92C8993,CO[C@@H]1CCC[C@H]1C(C#N)(c1ccccc1)C1CCN(CCCOc2ccc(C#N)cc2)CC1,5.055517327849831,IC50,biochemical_inhibition,BindingDB,,STR-8131638FF64AE92C8993,c1ccc(OCCCN2CCC(C(c3ccccc3)C3CCCC3)CC2)cc1,bemis_murcko,scaffold,scaffold,c36cc6a6a29b1791359d66e339db904e9899da2a2a2046618bec3642c0e4170d,41f692ef5e00f424d3c76d5979e2efaf471c9d2f559bda07bd17e8a4e42fb2b5,train
438,STR-8162199E4581352B8C4E,N#Cc1cc2cc(C(=O)N[C@H]3CC[C@H](C4(C5CCCC5)NCCc5ccccc54)CC3)ccc2[nH]1,4.935542010773082,IC50,biochemical_inhibition,BindingDB,,STR-8162199E4581352B8C4E,O=C(NC1CCC(C2(C3CCCC3)NCCc3ccccc32)CC1)c1ccc2[nH]ccc2c1,bemis_murcko,scaffold,scaffold,c36cc6a6a29b1791359d66e339db904e9899da2a2a2046618bec3642c0e4170d,41f692ef5e00f424d3c76d5979e2efaf471c9d2f559bda07bd17e8a4e42fb2b5,test
439,STR-818BBE16B70D045AF1C8,Cc1c(CN2CCC(Nc3ncnc4sc(CC(F)(F)F)cc34)CC2)ccc2c1cc(C#N)n2CCC1CNC(=O)CO1,7.552841968657781,IC50,biochemical_inhibition,BindingDB,,STR-818BBE16B70D045AF1C8,O=C1COC(CCn2ccc3cc(CN4CCC(Nc5ncnc6sccc56)CC4)ccc32)CN1,bemis_murcko,scaffold,scaffold,c36cc6a6a29b1791359d66e339db904e9899da2a2a2046618bec3642c0e4170d,41f692ef5e00f424d3c76d5979e2efaf471c9d2f559bda07bd17e8a4e42fb2b5,train
440,STR-825800A7E58129CFB1B7,Cc1c(C(=O)[C@@H]2CCN(C(=O)[C@H]3NC[C@@H]4C[C@@H]43)[C@H](C)C2)c2ccncc2n1-c1ccc(F)cc1C(=O)N(CC(F)(F)F)C(C)C,5.108016769148033,IC50,biochemical_inhibition,PubChem,2025.0,STR-825800A7E58129CFB1B7,O=C(c1cn(-c2ccccc2)c2cnccc12)C1CCN(C(=O)C2NCC3CC32)CC1,bemis_murcko,scaffold,scaffold,c36cc6a6a29b1791359d66e339db904e9899da2a2a2046618bec3642c0e4170d,41f692ef5e00f424d3c76d5979e2efaf471c9d2f559bda07bd17e8a4e42fb2b5,train
441,STR-826ACF8B9EB407EBF5F3,N#Cc1cc2ccc(C(=O)N3CCC(CC4(C5CCCC5)NCCc5ccccc54)CC3)cc2[nH]1,4.661543506395395,IC50,biochemical_inhibition,BindingDB,,STR-826ACF8B9EB407EBF5F3,O=C(c1ccc2cc[nH]c2c1)N1CCC(CC2(C3CCCC3)NCCc3ccccc32)CC1,bemis_murcko,scaffold,scaffold,c36cc6a6a29b1791359d66e339db904e9899da2a2a2046618bec3642c0e4170d,41f692ef5e00f424d3c76d5979e2efaf471c9d2f559bda07bd17e8a4e42fb2b5,train
442,STR-8271C886AE561654AC45,CS(=O)(=O)CO[C@@H]1CCC[C@H]1C(C#N)(c1ccccc1)C1CCN(CC2CN(c3ccc(S(=O)(=O)c4ccncc4)cc3)C2)CC1,4.634512015109101,IC50,biochemical_inhibition,BindingDB,,STR-8271C886AE561654AC45,O=S(=O)(c1ccncc1)c1ccc(N2CC(CN3CCC(C(c4ccccc4)C4CCCC4)CC3)C2)cc1,bemis_murcko,scaffold,scaffold,c36cc6a6a29b1791359d66e339db904e9899da2a2a2046618bec3642c0e4170d,41f692ef5e00f424d3c76d5979e2efaf471c9d2f559bda07bd17e8a4e42fb2b5,train
443,STR-829AE7B5DD995022C5B7,Cc1c(CN2CCC(Nc3ncnc4sc(CC(F)(F)F)cc34)CC2)ccc2c1cc(C#N)n2Cc1cc[nH]n1,7.481486060122112,IC50,biochemical_inhibition,BindingDB,,STR-829AE7B5DD995022C5B7,c1nc(NC2CCN(Cc3ccc4c(ccn4Cc4cc[nH]n4)c3)CC2)c2ccsc2n1,bemis_murcko,scaffold,scaffold,c36cc6a6a29b1791359d66e339db904e9899da2a2a2046618bec3642c0e4170d,41f692ef5e00f424d3c76d5979e2efaf471c9d2f559bda07bd17e8a4e42fb2b5,test
444,STR-82C71875AD45FB58A735,N#Cc1ccc(OCCCN2CCC(C(O)(c3nccs3)C3CCCC3)CC2)cc1,6.616184634019569,IC50,biochemical_inhibition,BindingDB;PubChem,,STR-82C71875AD45FB58A735,c1ccc(OCCCN2CCC(C(c3nccs3)C3CCCC3)CC2)cc1,bemis_murcko,scaffold,scaffold,c36cc6a6a29b1791359d66e339db904e9899da2a2a2046618bec3642c0e4170d,41f692ef5e00f424d3c76d5979e2efaf471c9d2f559bda07bd17e8a4e42fb2b5,train
445,STR-83AFBD5BD9110FDF3CA3,CC(C)C(=O)N1CCCCC1C1(C2CCN(CCCOc3ccc(C#N)cc3)CC2)CN(C)Cc2ccccc21,4.511321135227349,IC50,biochemical_inhibition,BindingDB,,STR-83AFBD5BD9110FDF3CA3,c1ccc(OCCCN2CCC(C3(C4CCCCN4)CNCc4ccccc43)CC2)cc1,bemis_murcko,scaffold,scaffold,c36cc6a6a29b1791359d66e339db904e9899da2a2a2046618bec3642c0e4170d,41f692ef5e00f424d3c76d5979e2efaf471c9d2f559bda07bd17e8a4e42fb2b5,test
446,STR-83B9ECDFE7009BAA93EB,C=CC(=O)N1CCC(S(=O)(=O)c2ccc(N3CC(CN4CCC([C@@](CN5CCC5)(c5cccc(F)c5)[C@H]5CCC[C@@H]5NC(=O)OC)CC4)(OC)C3)cc2)CC1,8.42021640338319,IC50,biochemical_inhibition,BindingDB,,STR-83B9ECDFE7009BAA93EB,O=S(=O)(c1ccc(N2CC(CN3CCC(C(CN4CCC4)(c4ccccc4)C4CCCC4)CC3)C2)cc1)C1CCNCC1,bemis_murcko,scaffold,scaffold,c36cc6a6a29b1791359d66e339db904e9899da2a2a2046618bec3642c0e4170d,41f692ef5e00f424d3c76d5979e2efaf471c9d2f559bda07bd17e8a4e42fb2b5,train
447,STR-840734C0880BD661CE77,CC(C)c1cc2c(N3CCN(c4nnc(C(F)(F)F)s4)CC3)ncnc2s1,5.619788758288394,IC50,biochemical_inhibition,BindingDB;PubChem,,STR-840734C0880BD661CE77,c1nc(N2CCN(c3nncs3)CC2)c2ccsc2n1,bemis_murcko,scaffold,scaffold,c36cc6a6a29b1791359d66e339db904e9899da2a2a2046618bec3642c0e4170d,41f692ef5e00f424d3c76d5979e2efaf471c9d2f559bda07bd17e8a4e42fb2b5,train
448,STR-841FC2EFD5AAF36FB504,N#Cc1ccc(N2CCC(CN3CCC(C4(C5CCCC5)NCCc5ccccc54)CC3)C2)cc1,7.114721262574502,IC50,biochemical_inhibition,BindingDB,,STR-841FC2EFD5AAF36FB504,c1ccc(N2CCC(CN3CCC(C4(C5CCCC5)NCCc5ccccc54)CC3)C2)cc1,bemis_murcko,scaffold,scaffold,c36cc6a6a29b1791359d66e339db904e9899da2a2a2046618bec3642c0e4170d,41f692ef5e00f424d3c76d5979e2efaf471c9d2f559bda07bd17e8a4e42fb2b5,train
449,STR-843DDF86851FBE55E4F0,C/C=C/C(=O)N1CC(S(=O)(=O)c2ccc(N3CC(CN4CCC([C@@](C#N)(c5cccc(F)c5)[C@H]5CCC[C@@H]5NC(=O)OC)CC4)C3)cc2)C1,8.301029995663981,IC50,biochemical_inhibition,BindingDB,,STR-843DDF86851FBE55E4F0,O=S(=O)(c1ccc(N2CC(CN3CCC(C(c4ccccc4)C4CCCC4)CC3)C2)cc1)C1CNC1,bemis_murcko,scaffold,scaffold,c36cc6a6a29b1791359d66e339db904e9899da2a2a2046618bec3642c0e4170d,41f692ef5e00f424d3c76d5979e2efaf471c9d2f559bda07bd17e8a4e42fb2b5,train
450,STR-8489F1880C87E198BEDA,N#Cc1cnc2sc(CC(F)(F)F)cc2c1N1CC2(CN(C(=O)[C@H]3N[C@H]4C[C@@H]3[C@@H](F)C4)C2)C1,8.207608310501746,IC50,biochemical_inhibition,BindingDB;PubChem,,STR-8489F1880C87E198BEDA,O=C(C1NC2CCC1C2)N1CC2(C1)CN(c1ccnc3sccc13)C2,bemis_murcko,scaffold,scaffold,c36cc6a6a29b1791359d66e339db904e9899da2a2a2046618bec3642c0e4170d,41f692ef5e00f424d3c76d5979e2efaf471c9d2f559bda07bd17e8a4e42fb2b5,test
451,STR-84B6FE8D37C3E3C10CC6,CNC(=O)N[C@H]1CCC[C@@H]1C1(C2CCN(CC3CN(c4ccc(S(=O)(=O)c5cnn(C)c5)cc4)C3)CC2)CN(C)Cc2ccccc21,7.958607314841775,IC50,biochemical_inhibition,BindingDB,,STR-84B6FE8D37C3E3C10CC6,O=S(=O)(c1ccc(N2CC(CN3CCC(C4(C5CCCC5)CNCc5ccccc54)CC3)C2)cc1)c1cn[nH]c1,bemis_murcko,scaffold,scaffold,c36cc6a6a29b1791359d66e339db904e9899da2a2a2046618bec3642c0e4170d,41f692ef5e00f424d3c76d5979e2efaf471c9d2f559bda07bd17e8a4e42fb2b5,train
452,STR-84B9176A329FC508D11B,CC(=O)N1CCC[C@@H]1C(C#N)(c1ccccc1)C1CCN(CCCOc2ccc(C#N)cc2)CC1,4.632644078973981,IC50,biochemical_inhibition,BindingDB,,STR-84B9176A329FC508D11B,c1ccc(OCCCN2CCC(C(c3ccccc3)C3CCCN3)CC2)cc1,bemis_murcko,scaffold,scaffold,c36cc6a6a29b1791359d66e339db904e9899da2a2a2046618bec3642c0e4170d,41f692ef5e00f424d3c76d5979e2efaf471c9d2f559bda07bd17e8a4e42fb2b5,train
453,STR-84E68E67151229290F47,N=C(N)NCCC[C@@H]1NC(=O)C2(CCC2)NC(=O)[C@@H]2CCCN2C(=O)[C@H](Cc2ccccc2F)NC(=O)[C@@H](N)CCCCCCCCNC(=O)[C@@H]2CCCN2C1=O,6.991399828238082,IC50,biochemical_inhibition,BindingDB,,STR-84E68E67151229290F47,O=C1CCCCCCCCCNC(=O)C2CCCN2C(=O)CNC(=O)C2(CCC2)NC(=O)C2CCCN2C(=O)C(Cc2ccccc2)N1,bemis_murcko,scaffold,scaffold,c36cc6a6a29b1791359d66e339db904e9899da2a2a2046618bec3642c0e4170d,41f692ef5e00f424d3c76d5979e2efaf471c9d2f559bda07bd17e8a4e42fb2b5,test
454,STR-852CFBD6CFCE9E722768,CC(=O)N[C@H]1CCC[C@@H]1C(C#N)(c1ccccc1)C1CCN(CC2CN(c3ccc(C#N)cc3)C2)CC1,6.991399828238082,IC50,biochemical_inhibition,BindingDB,,STR-852CFBD6CFCE9E722768,c1ccc(C(C2CCCC2)C2CCN(CC3CN(c4ccccc4)C3)CC2)cc1,bemis_murcko,scaffold,scaffold,c36cc6a6a29b1791359d66e339db904e9899da2a2a2046618bec3642c0e4170d,41f692ef5e00f424d3c76d5979e2efaf471c9d2f559bda07bd17e8a4e42fb2b5,train
455,STR-85AF727985BBEB438A71,CNC(=O)O[C@H]1CCC[C@@H]1C(C#N)(c1ccccc1)C1CCN(CC2CN(c3ccc(C(F)(F)F)cc3)C2)CC1,7.522878745280337,IC50,biochemical_inhibition,BindingDB,,STR-85AF727985BBEB438A71,c1ccc(C(C2CCCC2)C2CCN(CC3CN(c4ccccc4)C3)CC2)cc1,bemis_murcko,scaffold,scaffold,c36cc6a6a29b1791359d66e339db904e9899da2a2a2046618bec3642c0e4170d,41f692ef5e00f424d3c76d5979e2efaf471c9d2f559bda07bd17e8a4e42fb2b5,train
456,STR-85CC09FA46180DEFBF79,CC(=O)O[C@H]1CCC[C@@H]1C(C#N)(c1cccc(F)c1)C1CCN(CC2CN(c3ccc(S(=O)(=O)c4ccccc4)cc3)C2)CC1,7.886056647693163,IC50,biochemical_inhibition,BindingDB,,STR-85CC09FA46180DEFBF79,O=S(=O)(c1ccccc1)c1ccc(N2CC(CN3CCC(C(c4ccccc4)C4CCCC4)CC3)C2)cc1,bemis_murcko,scaffold,scaffold,c36cc6a6a29b1791359d66e339db904e9899da2a2a2046618bec3642c0e4170d,41f692ef5e00f424d3c76d5979e2efaf471c9d2f559bda07bd17e8a4e42fb2b5,test
457,STR-85E0AD7BB60766DFA13A,CC(C)N(C(=O)c1cc(F)ccc1-n1cc(C(=O)C2CCN(C(=O)[C@H]3NC[C@@H]4CC[C@@H]43)CC2)c2ccncc21)C(C)C,7.568636235841012,IC50,biochemical_inhibition,PubChem,2025.0,STR-85E0AD7BB60766DFA13A,O=C(c1cn(-c2ccccc2)c2cnccc12)C1CCN(C(=O)C2NCC3CCC32)CC1,bemis_murcko,scaffold,scaffold,c36cc6a6a29b1791359d66e339db904e9899da2a2a2046618bec3642c0e4170d,41f692ef5e00f424d3c76d5979e2efaf471c9d2f559bda07bd17e8a4e42fb2b5,train
458,STR-86D1B692A1E09C06CB18,CC(=O)O[C@H]1CCC[C@@H]1C1(C2CCN(CCCOc3ccc(C#N)cc3)CC2)CN(C)Cc2ccc(F)cc21,7.508638306165727,IC50,biochemical_inhibition,BindingDB,,STR-86D1B692A1E09C06CB18,c1ccc(OCCCN2CCC(C3(C4CCCC4)CNCc4ccccc43)CC2)cc1,bemis_murcko,scaffold,scaffold,c36cc6a6a29b1791359d66e339db904e9899da2a2a2046618bec3642c0e4170d,41f692ef5e00f424d3c76d5979e2efaf471c9d2f559bda07bd17e8a4e42fb2b5,test
459,STR-86DE9B893F458A7FEC98,CNC(=O)N[C@@H]1CCC[C@H]1C(CNC(=O)c1cocn1)(c1ccccc1)C1CCN(CC2CN(c3ccc(C#N)cc3)C2)CC1,5.42021640338319,IC50,biochemical_inhibition,BindingDB,,STR-86DE9B893F458A7FEC98,O=C(NCC(c1ccccc1)(C1CCCC1)C1CCN(CC2CN(c3ccccc3)C2)CC1)c1cocn1,bemis_murcko,scaffold,scaffold,c36cc6a6a29b1791359d66e339db904e9899da2a2a2046618bec3642c0e4170d,41f692ef5e00f424d3c76d5979e2efaf471c9d2f559bda07bd17e8a4e42fb2b5,test
460,STR-87B669664B96EE395F24,CC(C)c1cc2c(N3CCN(C4=NCC(C)(C)S4)CC3)ncnc2s1,6.187086643357144,IC50,biochemical_inhibition,BindingDB;PubChem,,STR-87B669664B96EE395F24,c1nc(N2CCN(C3=NCCS3)CC2)c2ccsc2n1,bemis_murcko,scaffold,scaffold,c36cc6a6a29b1791359d66e339db904e9899da2a2a2046618bec3642c0e4170d,41f692ef5e00f424d3c76d5979e2efaf471c9d2f559bda07bd17e8a4e42fb2b5,train
461,STR-87D12F3BEF86165DEC76,CNC(=O)N[C@H]1CCC[C@@H]1C1(C2CCN(CC3CN(c4ccc(S(=O)(=O)C5CC5)cc4)C3)CC2)CN(C(C)C)Cc2ccccc21,7.920818753952375,IC50,biochemical_inhibition,BindingDB,,STR-87D12F3BEF86165DEC76,O=S(=O)(c1ccc(N2CC(CN3CCC(C4(C5CCCC5)CNCc5ccccc54)CC3)C2)cc1)C1CC1,bemis_murcko,scaffold,scaffold,c36cc6a6a29b1791359d66e339db904e9899da2a2a2046618bec3642c0e4170d,41f692ef5e00f424d3c76d5979e2efaf471c9d2f559bda07bd17e8a4e42fb2b5,train
462,STR-882FF6702A9046F460CB,COC(=O)N[C@H]1CCC[C@@H]1[C@](C#N)(c1cccc(F)c1)C1CCN(CC2CN(c3ccc(S(=O)(=O)C4CN(C(=O)/C=C/CN5CCCCC5)C4)cc3)C2)CC1,8.397940008672037,IC50,biochemical_inhibition,BindingDB,,STR-882FF6702A9046F460CB,O=C(C=CCN1CCCCC1)N1CC(S(=O)(=O)c2ccc(N3CC(CN4CCC(C(c5ccccc5)C5CCCC5)CC4)C3)cc2)C1,bemis_murcko,scaffold,scaffold,c36cc6a6a29b1791359d66e339db904e9899da2a2a2046618bec3642c0e4170d,41f692ef5e00f424d3c76d5979e2efaf471c9d2f559bda07bd17e8a4e42fb2b5,test
463,STR-8830179145BCE29EA1AE,N#Cc1cnc2sc(CC(F)(F)F)cc2c1N1CC2(CN(C(=O)[C@H]3N[C@H]4C[C@@H]3C(F)(F)C4)C2)C1,7.958607314841775,IC50,biochemical_inhibition,BindingDB;PubChem,,STR-8830179145BCE29EA1AE,O=C(C1NC2CCC1C2)N1CC2(C1)CN(c1ccnc3sccc13)C2,bemis_murcko,scaffold,scaffold,c36cc6a6a29b1791359d66e339db904e9899da2a2a2046618bec3642c0e4170d,41f692ef5e00f424d3c76d5979e2efaf471c9d2f559bda07bd17e8a4e42fb2b5,test
464,STR-88BBF77299762B038C6D,CC(C)C(=O)O[C@H]1CCC[C@@H]1C(C#N)(c1ccccc1)C1CCN(CC2CN(c3ccc(S(=O)(=O)c4ccncc4)cc3)C2)CC1,6.625251653989896,IC50,biochemical_inhibition,BindingDB,,STR-88BBF77299762B038C6D,O=S(=O)(c1ccncc1)c1ccc(N2CC(CN3CCC(C(c4ccccc4)C4CCCC4)CC3)C2)cc1,bemis_murcko,scaffold,scaffold,c36cc6a6a29b1791359d66e339db904e9899da2a2a2046618bec3642c0e4170d,41f692ef5e00f424d3c76d5979e2efaf471c9d2f559bda07bd17e8a4e42fb2b5,train
465,STR-89056A99C3E64625CAA1,Cc1c(C(=O)[C@@H]2CCN(C(=O)[C@H]3NC[C@@H]4C[C@@H]43)[C@@H](C)C2)c2ccncc2n1-c1ccc(F)cc1C(=O)N(CC(F)(F)F)C(C)C,5.0953926361845525,IC50,biochemical_inhibition,PubChem,2025.0,STR-89056A99C3E64625CAA1,O=C(c1cn(-c2ccccc2)c2cnccc12)C1CCN(C(=O)C2NCC3CC32)CC1,bemis_murcko,scaffold,scaffold,c36cc6a6a29b1791359d66e339db904e9899da2a2a2046618bec3642c0e4170d,41f692ef5e00f424d3c76d5979e2efaf471c9d2f559bda07bd17e8a4e42fb2b5,train
466,STR-890705A7B622D31C3086,CC1CN(CCCOc2ccc(C#N)cc2)CCC1C(C#N)(c1ccccc1)C1CCCC1,5.2441251443275085,IC50,biochemical_inhibition,BindingDB,,STR-890705A7B622D31C3086,c1ccc(OCCCN2CCC(C(c3ccccc3)C3CCCC3)CC2)cc1,bemis_murcko,scaffold,scaffold,c36cc6a6a29b1791359d66e339db904e9899da2a2a2046618bec3642c0e4170d,41f692ef5e00f424d3c76d5979e2efaf471c9d2f559bda07bd17e8a4e42fb2b5,train
467,STR-8A794CDE3E0D8F1C731C,C=CC(=O)N1CC(S(=O)(=O)c2ccc(N3CC(CN4CCC([C@@](C#N)(c5cccc(F)c5)[C@H]5CCC[C@@H]5OC(=O)NC)CC4)C3)cc2)C1,8.301029995663981,IC50,biochemical_inhibition,BindingDB,,STR-8A794CDE3E0D8F1C731C,O=S(=O)(c1ccc(N2CC(CN3CCC(C(c4ccccc4)C4CCCC4)CC3)C2)cc1)C1CNC1,bemis_murcko,scaffold,scaffold,c36cc6a6a29b1791359d66e339db904e9899da2a2a2046618bec3642c0e4170d,41f692ef5e00f424d3c76d5979e2efaf471c9d2f559bda07bd17e8a4e42fb2b5,train
468,STR-8A96AEE3549DB26F33DD,CC(=O)O[C@H]1CCC[C@@H]1C(C#N)(c1cccc(F)c1)C1CCN(CC2CN(c3ccc(C#N)cc3)C2)CC1,7.795880017344075,IC50,biochemical_inhibition,BindingDB,,STR-8A96AEE3549DB26F33DD,c1ccc(C(C2CCCC2)C2CCN(CC3CN(c4ccccc4)C3)CC2)cc1,bemis_murcko,scaffold,scaffold,c36cc6a6a29b1791359d66e339db904e9899da2a2a2046618bec3642c0e4170d,41f692ef5e00f424d3c76d5979e2efaf471c9d2f559bda07bd17e8a4e42fb2b5,train
469,STR-8BAA965F9B38F093E239,CN([C@@H]1CCC[C@H]1C(C#N)(c1ccccc1)C1CCN(CC2CN(c3ccc(S(=O)(=O)C4CC4)cc3)C2)CC1)S(C)(=O)=O,4.716698771296451,IC50,biochemical_inhibition,BindingDB,,STR-8BAA965F9B38F093E239,O=S(=O)(c1ccc(N2CC(CN3CCC(C(c4ccccc4)C4CCCC4)CC3)C2)cc1)C1CC1,bemis_murcko,scaffold,scaffold,c36cc6a6a29b1791359d66e339db904e9899da2a2a2046618bec3642c0e4170d,41f692ef5e00f424d3c76d5979e2efaf471c9d2f559bda07bd17e8a4e42fb2b5,train
470,STR-8C145BCDAF9049DB2CD5,Fc1ccc(-c2csc3ncnc(N4CCN(c5nccs5)CC4)c23)cc1,3.903089986991944,IC50,biochemical_inhibition,BindingDB,,STR-8C145BCDAF9049DB2CD5,c1ccc(-c2csc3ncnc(N4CCN(c5nccs5)CC4)c23)cc1,bemis_murcko,scaffold,scaffold,c36cc6a6a29b1791359d66e339db904e9899da2a2a2046618bec3642c0e4170d,41f692ef5e00f424d3c76d5979e2efaf471c9d2f559bda07bd17e8a4e42fb2b5,train
471,STR-8C1DC826027EF0AD5253,Cc1c(C(=O)C2CCN(C(=O)[C@@H]3NC[C@@H]4C[C@@H]43)CC2)c2ccncc2n1-c1ccc(F)cc1C(=O)N(CC(F)(F)F)C(C)C,7.657577319177793,IC50,biochemical_inhibition,PubChem,2025.0,STR-8C1DC826027EF0AD5253,O=C(c1cn(-c2ccccc2)c2cnccc12)C1CCN(C(=O)C2NCC3CC32)CC1,bemis_murcko,scaffold,scaffold,c36cc6a6a29b1791359d66e339db904e9899da2a2a2046618bec3642c0e4170d,41f692ef5e00f424d3c76d5979e2efaf471c9d2f559bda07bd17e8a4e42fb2b5,train
472,STR-8C455D8899B5E9DDDDFA,N#Cc1ccc(OCC(O)CN2CCC(C(O)(c3ccccc3)c3ccccc3)CC2)cc1,4.892790030352131,IC50,biochemical_inhibition,BindingDB;PubChem,,STR-8C455D8899B5E9DDDDFA,c1ccc(OCCCN2CCC(C(c3ccccc3)c3ccccc3)CC2)cc1,bemis_murcko,scaffold,scaffold,c36cc6a6a29b1791359d66e339db904e9899da2a2a2046618bec3642c0e4170d,41f692ef5e00f424d3c76d5979e2efaf471c9d2f559bda07bd17e8a4e42fb2b5,train
473,STR-8D154D34949338668AD9,O=S(=O)(CC1CCC1)c1ccc(N2CC(CN3CCC(C4(C5CCCC5)NCCc5ccccc54)CC3)C2)cc1,7.259637310505756,IC50,biochemical_inhibition,BindingDB,,STR-8D154D34949338668AD9,O=S(=O)(CC1CCC1)c1ccc(N2CC(CN3CCC(C4(C5CCCC5)NCCc5ccccc54)CC3)C2)cc1,bemis_murcko,scaffold,scaffold,c36cc6a6a29b1791359d66e339db904e9899da2a2a2046618bec3642c0e4170d,41f692ef5e00f424d3c76d5979e2efaf471c9d2f559bda07bd17e8a4e42fb2b5,train
474,STR-8D1D574EA81427A5B151,NC(N)=NCCC[C@@H]1NC(=O)C2(CCC2)NC(=O)[C@@H]2CCCN2C(=O)[C@H](Cc2ccc(Cl)cc2)NC(=O)[C@@H](N)CCCCCCCCNC(=O)[C@@H]2CCCN2C1=O,5.6968039425795105,IC50,biochemical_inhibition,PubChem,2013.0,STR-8D1D574EA81427A5B151,O=C1CCCCCCCCCNC(=O)C2CCCN2C(=O)CNC(=O)C2(CCC2)NC(=O)C2CCCN2C(=O)C(Cc2ccccc2)N1,bemis_murcko,scaffold,scaffold,c36cc6a6a29b1791359d66e339db904e9899da2a2a2046618bec3642c0e4170d,41f692ef5e00f424d3c76d5979e2efaf471c9d2f559bda07bd17e8a4e42fb2b5,test
475,STR-8D3A795E5B813D3BE51E,N#CC(c1ccccc1)(C1CCCC1)C1CCN(CC2CN(c3ccc(S(=O)(=O)c4ccncc4)cc3)C2)CC1,5.698970004336019,IC50,biochemical_inhibition,BindingDB,,STR-8D3A795E5B813D3BE51E,O=S(=O)(c1ccncc1)c1ccc(N2CC(CN3CCC(C(c4ccccc4)C4CCCC4)CC3)C2)cc1,bemis_murcko,scaffold,scaffold,c36cc6a6a29b1791359d66e339db904e9899da2a2a2046618bec3642c0e4170d,41f692ef5e00f424d3c76d5979e2efaf471c9d2f559bda07bd17e8a4e42fb2b5,train
476,STR-8DB0AD5CDFB534F0A1FD,CN1Cc2ccccc2C(c2ccccn2)(C2CCN(CC3CN(c4ccc(S(C)(=O)=O)cc4)C3)CC2)C1,4.3223930472795065,IC50,biochemical_inhibition,BindingDB,,STR-8DB0AD5CDFB534F0A1FD,c1ccc(N2CC(CN3CCC(C4(c5ccccn5)CNCc5ccccc54)CC3)C2)cc1,bemis_murcko,scaffold,scaffold,c36cc6a6a29b1791359d66e339db904e9899da2a2a2046618bec3642c0e4170d,41f692ef5e00f424d3c76d5979e2efaf471c9d2f559bda07bd17e8a4e42fb2b5,train
477,STR-8DBCFA5C6EA9A1C4BD26,NC(N)=NCCC[C@@H]1NC(=O)C2(CC2)NC(=O)[C@@H]2CCCN2C(=O)[C@H](Cc2ccccc2)NC(=O)[C@@H](N)CCCCCCCCNC(=O)[C@@H]2CCCN2C1=O,6.7121982700697735,IC50,biochemical_inhibition,PubChem,2013.0,STR-8DBCFA5C6EA9A1C4BD26,O=C1CCCCCCCCCNC(=O)C2CCCN2C(=O)CNC(=O)C2(CC2)NC(=O)C2CCCN2C(=O)C(Cc2ccccc2)N1,bemis_murcko,scaffold,scaffold,c36cc6a6a29b1791359d66e339db904e9899da2a2a2046618bec3642c0e4170d,41f692ef5e00f424d3c76d5979e2efaf471c9d2f559bda07bd17e8a4e42fb2b5,train
478,STR-8DC5EC4D0143F4C7CD6A,CNC(=O)O[C@H]1CCC[C@@H]1C(C#N)(c1ccccc1)C1CCN(CC2CN(c3ccc(C(C)(C)C)cc3)C2)CC1,7.552841968657781,IC50,biochemical_inhibition,BindingDB,,STR-8DC5EC4D0143F4C7CD6A,c1ccc(C(C2CCCC2)C2CCN(CC3CN(c4ccccc4)C3)CC2)cc1,bemis_murcko,scaffold,scaffold,c36cc6a6a29b1791359d66e339db904e9899da2a2a2046618bec3642c0e4170d,41f692ef5e00f424d3c76d5979e2efaf471c9d2f559bda07bd17e8a4e42fb2b5,train
479,STR-8DCD47D32448DCC8311A,NC(N)=NCCC[C@@H]1NC(=O)C2(CCC2)NC(=O)[C@@H]2CCCN2C(=O)[C@H](CC2CCCCC2)NC(=O)[C@@H](N)CCCCCCCCNC(=O)[C@@H]2CCCN2C1=O,5.47755576649368,IC50,biochemical_inhibition,PubChem,2013.0,STR-8DCD47D32448DCC8311A,O=C1CCCCCCCCCNC(=O)C2CCCN2C(=O)CNC(=O)C2(CCC2)NC(=O)C2CCCN2C(=O)C(CC2CCCCC2)N1,bemis_murcko,scaffold,scaffold,c36cc6a6a29b1791359d66e339db904e9899da2a2a2046618bec3642c0e4170d,41f692ef5e00f424d3c76d5979e2efaf471c9d2f559bda07bd17e8a4e42fb2b5,train
480,STR-8E3630FC0BF9AADB03BC,O=C(CN1CCC(C2(C3CCCC3)NCCc3ccccc32)CC1)N1CCCC1,5.508638306165727,IC50,biochemical_inhibition,BindingDB,,STR-8E3630FC0BF9AADB03BC,O=C(CN1CCC(C2(C3CCCC3)NCCc3ccccc32)CC1)N1CCCC1,bemis_murcko,scaffold,scaffold,c36cc6a6a29b1791359d66e339db904e9899da2a2a2046618bec3642c0e4170d,41f692ef5e00f424d3c76d5979e2efaf471c9d2f559bda07bd17e8a4e42fb2b5,train
481,STR-8EFAF282343A8EB53879,C=CCO[C@H]1C[C@H]2C[C@@H]1N[C@H]2C(=O)N1CC2(C1)CN(c1c(C(F)(F)F)cnc3sc(CC(F)(F)F)cc13)C2,6.284832642151542,IC50,biochemical_inhibition,BindingDB;PubChem,,STR-8EFAF282343A8EB53879,O=C(C1NC2CCC1C2)N1CC2(C1)CN(c1ccnc3sccc13)C2,bemis_murcko,scaffold,scaffold,c36cc6a6a29b1791359d66e339db904e9899da2a2a2046618bec3642c0e4170d,41f692ef5e00f424d3c76d5979e2efaf471c9d2f559bda07bd17e8a4e42fb2b5,test
482,STR-8F9242DD673FE3CF9618,CCCc1cc2c(N3CCN(c4n[nH]c(C(F)(F)F)n4)CC3)ncnc2s1,3.6989700043360183,IC50,biochemical_inhibition,PubChem,2020.0,STR-8F9242DD673FE3CF9618,c1nc(N2CCN(c3nc[nH]n3)CC2)c2ccsc2n1,bemis_murcko,scaffold,scaffold,c36cc6a6a29b1791359d66e339db904e9899da2a2a2046618bec3642c0e4170d,41f692ef5e00f424d3c76d5979e2efaf471c9d2f559bda07bd17e8a4e42fb2b5,train
483,STR-8FD0357B1C250F490F7A,CN1CCC(C2(C3CCCC3)NCCc3ccccc32)CC1,3.846490010699162,IC50,biochemical_inhibition,BindingDB,,STR-8FD0357B1C250F490F7A,c1ccc2c(c1)CCNC2(C1CCCC1)C1CCNCC1,bemis_murcko,scaffold,scaffold,c36cc6a6a29b1791359d66e339db904e9899da2a2a2046618bec3642c0e4170d,41f692ef5e00f424d3c76d5979e2efaf471c9d2f559bda07bd17e8a4e42fb2b5,train
484,STR-902D8ADA6CBEE2C12A53,CC(=O)N[C@@H](CCCN=C(N)N)C(=O)N[C@@H](Cc1c[nH]c2ccccc12)C(=O)N[C@H]1CCCCCCCCCNC(=O)[C@@H]2CCCN2C(=O)[C@H](CCCN=C(N)N)NC(=O)[C@H](C)NC(=O)[C@@H]2CCCN2C(=O)[C@H](Cc2ccccc2)NC1=O,6.84163750790475,IC50,biochemical_inhibition,PubChem,2013.0,STR-902D8ADA6CBEE2C12A53,O=C1CNC(=O)C2CCCN2C(=O)C(Cc2ccccc2)NC(=O)C(NC(=O)CCc2c[nH]c3ccccc23)CCCCCCCCCNC(=O)C2CCCN2C(=O)CN1,bemis_murcko,scaffold,scaffold,c36cc6a6a29b1791359d66e339db904e9899da2a2a2046618bec3642c0e4170d,41f692ef5e00f424d3c76d5979e2efaf471c9d2f559bda07bd17e8a4e42fb2b5,train
485,STR-904EC5EDA40AA8AB23C1,N=C(N)NCCC[C@@H]1NC(=O)C2(CCC2)NC(=O)[C@@H]2CCCN2C(=O)[C@H](Cc2cc(F)cc(F)c2)NC(=O)[C@@H](N)CCCCCCCCNC(=O)[C@@H]2CCCN2C1=O,7.721246399047171,IC50,biochemical_inhibition,BindingDB,,STR-904EC5EDA40AA8AB23C1,O=C1CCCCCCCCCNC(=O)C2CCCN2C(=O)CNC(=O)C2(CCC2)NC(=O)C2CCCN2C(=O)C(Cc2ccccc2)N1,bemis_murcko,scaffold,scaffold,c36cc6a6a29b1791359d66e339db904e9899da2a2a2046618bec3642c0e4170d,41f692ef5e00f424d3c76d5979e2efaf471c9d2f559bda07bd17e8a4e42fb2b5,test
486,STR-90ABF7B952EBBE79876C,NC(N)=NCCC[C@@H]1NC(=O)C2(CCC2)NC(=O)[C@@H]2CCCN2C(=O)[C@H](Cc2ccccc2Cl)NC(=O)[C@@H](N)CCCCCCCCNC(=O)[C@@H]2CCCN2C1=O,6.950781977329818,IC50,biochemical_inhibition,PubChem,2013.0,STR-90ABF7B952EBBE79876C,O=C1CCCCCCCCCNC(=O)C2CCCN2C(=O)CNC(=O)C2(CCC2)NC(=O)C2CCCN2C(=O)C(Cc2ccccc2)N1,bemis_murcko,scaffold,scaffold,c36cc6a6a29b1791359d66e339db904e9899da2a2a2046618bec3642c0e4170d,41f692ef5e00f424d3c76d5979e2efaf471c9d2f559bda07bd17e8a4e42fb2b5,test
487,STR-90BA6CEDE1DDB6C1C1A9,Fc1ccc(CN2CCC(Nc3ncnc4sc(CC(F)(F)F)cc34)CC2)cc1,5.698970004336019,IC50,biochemical_inhibition,PubChem,2021.0,STR-90BA6CEDE1DDB6C1C1A9,c1ccc(CN2CCC(Nc3ncnc4sccc34)CC2)cc1,bemis_murcko,scaffold,scaffold,c36cc6a6a29b1791359d66e339db904e9899da2a2a2046618bec3642c0e4170d,41f692ef5e00f424d3c76d5979e2efaf471c9d2f559bda07bd17e8a4e42fb2b5,train
488,STR-90DF1DEF11EC083FD360,CNC(=O)N[C@H]1CCC[C@@H]1C(CNC(=O)c1cocn1)(c1ccccc1)C1CCN(CC2CN(c3ccc(C#N)cc3)C2)CC1,7.494850021680094,IC50,biochemical_inhibition,BindingDB,,STR-90DF1DEF11EC083FD360,O=C(NCC(c1ccccc1)(C1CCCC1)C1CCN(CC2CN(c3ccccc3)C2)CC1)c1cocn1,bemis_murcko,scaffold,scaffold,c36cc6a6a29b1791359d66e339db904e9899da2a2a2046618bec3642c0e4170d,41f692ef5e00f424d3c76d5979e2efaf471c9d2f559bda07bd17e8a4e42fb2b5,test
489,STR-90EE5A397527C889888A,Cc1c(CN2CCC(Nc3ncnc4sc(CC(F)(F)F)cc34)CC2)ccc2c1cc(C#N)n2CCN1CCNCC1,7.823908740944319,IC50,biochemical_inhibition,BindingDB,,STR-90EE5A397527C889888A,c1nc(NC2CCN(Cc3ccc4c(ccn4CCN4CCNCC4)c3)CC2)c2ccsc2n1,bemis_murcko,scaffold,scaffold,c36cc6a6a29b1791359d66e339db904e9899da2a2a2046618bec3642c0e4170d,41f692ef5e00f424d3c76d5979e2efaf471c9d2f559bda07bd17e8a4e42fb2b5,train
490,STR-90F148C381A6FE28921A,CC(=O)N1c2ccccc2NC2=C(C(=O)CC(c3ccc(C)cc3)C2)C1c1cccnc1,4.0,IC50,biochemical_inhibition,BindingDB,,STR-90F148C381A6FE28921A,O=C1CC(c2ccccc2)CC2=C1C(c1cccnc1)Nc1ccccc1N2,bemis_murcko,scaffold,scaffold,c36cc6a6a29b1791359d66e339db904e9899da2a2a2046618bec3642c0e4170d,41f692ef5e00f424d3c76d5979e2efaf471c9d2f559bda07bd17e8a4e42fb2b5,test
491,STR-9115E8E5409E0FED2178,N#Cc1cc2ccc(C(=O)N[C@H]3CC[C@H](C4(C5CCCC5)NCCc5ccccc54)CC3)cc2[nH]1,5.721246399047171,IC50,biochemical_inhibition,BindingDB,,STR-9115E8E5409E0FED2178,O=C(NC1CCC(C2(C3CCCC3)NCCc3ccccc32)CC1)c1ccc2cc[nH]c2c1,bemis_murcko,scaffold,scaffold,c36cc6a6a29b1791359d66e339db904e9899da2a2a2046618bec3642c0e4170d,41f692ef5e00f424d3c76d5979e2efaf471c9d2f559bda07bd17e8a4e42fb2b5,train
492,STR-9125B3088394B1E7CAA4,CS(=O)(=O)c1ccc(N2CC(CN3CCC(C4(C5CCCC5)C(=O)N(Cc5ccccc5)Cc5ccccc54)CC3)C2)cc1,5.568636235841012,IC50,biochemical_inhibition,BindingDB,,STR-9125B3088394B1E7CAA4,O=C1N(Cc2ccccc2)Cc2ccccc2C1(C1CCCC1)C1CCN(CC2CN(c3ccccc3)C2)CC1,bemis_murcko,scaffold,scaffold,c36cc6a6a29b1791359d66e339db904e9899da2a2a2046618bec3642c0e4170d,41f692ef5e00f424d3c76d5979e2efaf471c9d2f559bda07bd17e8a4e42fb2b5,train
493,STR-913D178EB83662F51B15,CC(=O)O[C@@H]1CCC[C@H]1C1(C2CCN(CC3CN(c4ccc(S(=O)(=O)C5CC5)cc4)C3)CC2)CN(C)Cc2ccc(F)cc21,6.79317412396815,IC50,biochemical_inhibition,BindingDB,,STR-913D178EB83662F51B15,O=S(=O)(c1ccc(N2CC(CN3CCC(C4(C5CCCC5)CNCc5ccccc54)CC3)C2)cc1)C1CC1,bemis_murcko,scaffold,scaffold,c36cc6a6a29b1791359d66e339db904e9899da2a2a2046618bec3642c0e4170d,41f692ef5e00f424d3c76d5979e2efaf471c9d2f559bda07bd17e8a4e42fb2b5,train
494,STR-913F46730FAF3C502A72,CNC(=O)O[C@@H]1CCC[C@H]1[C@@](C#N)(c1ccccc1)C1CCN(CC2CN(c3ccc(S(=O)(=O)c4ccncc4)cc3)C2)CC1,7.207608310501746,IC50,biochemical_inhibition,BindingDB,,STR-913F46730FAF3C502A72,O=S(=O)(c1ccncc1)c1ccc(N2CC(CN3CCC(C(c4ccccc4)C4CCCC4)CC3)C2)cc1,bemis_murcko,scaffold,scaffold,c36cc6a6a29b1791359d66e339db904e9899da2a2a2046618bec3642c0e4170d,41f692ef5e00f424d3c76d5979e2efaf471c9d2f559bda07bd17e8a4e42fb2b5,train
495,STR-918E0A178CBF8E4B9AE9,CCN1Cc2ccccc2C(C2CCCC2)(C2CCN(CC3CN(c4ccc(S(=O)(=O)C5CC5)cc4Cl)C3)CC2)C1,7.638272163982407,IC50,biochemical_inhibition,BindingDB,,STR-918E0A178CBF8E4B9AE9,O=S(=O)(c1ccc(N2CC(CN3CCC(C4(C5CCCC5)CNCc5ccccc54)CC3)C2)cc1)C1CC1,bemis_murcko,scaffold,scaffold,c36cc6a6a29b1791359d66e339db904e9899da2a2a2046618bec3642c0e4170d,41f692ef5e00f424d3c76d5979e2efaf471c9d2f559bda07bd17e8a4e42fb2b5,train
496,STR-919E61E523A8F795DCEC,N#Cc1ccc(OCCCN2CCC(C3(C4CCCC4)COCc4ccccc43)CC2)cc1,5.494850021680094,IC50,biochemical_inhibition,BindingDB,,STR-919E61E523A8F795DCEC,c1ccc(OCCCN2CCC(C3(C4CCCC4)COCc4ccccc43)CC2)cc1,bemis_murcko,scaffold,scaffold,c36cc6a6a29b1791359d66e339db904e9899da2a2a2046618bec3642c0e4170d,41f692ef5e00f424d3c76d5979e2efaf471c9d2f559bda07bd17e8a4e42fb2b5,train
497,STR-922377429E1AD1AF9948,CC(=O)N[C@@H](CCCN=C(N)N)C(=O)N[C@@H](Cc1c[nH]c2ccccc12)C(=O)N[C@H]1C/C=C\C[C@@H](C(=O)N2CCC[C@H]2C(=O)N[C@@H](CCCN=C(N)N)C(N)=O)NC(=O)[C@H](C)NC(=O)[C@@H]2CCCN2C(=O)[C@H](Cc2ccccc2)NC1=O,6.429457060118103,IC50,biochemical_inhibition,PubChem,2022.0,STR-922377429E1AD1AF9948,O=C(CCc1c[nH]c2ccccc12)NC1CC=CCC(C(=O)N2CCCC2)NC(=O)CNC(=O)C2CCCN2C(=O)C(Cc2ccccc2)NC1=O,bemis_murcko,scaffold,scaffold,c36cc6a6a29b1791359d66e339db904e9899da2a2a2046618bec3642c0e4170d,41f692ef5e00f424d3c76d5979e2efaf471c9d2f559bda07bd17e8a4e42fb2b5,train
498,STR-93B1E6E77462AC33263F,CC(=O)O[C@@H]1CCC[C@H]1[C@](C#N)(c1ccccc1)C1CCN(CC2CN(c3ccc(C#N)cc3)C2)CC1,5.455931955649724,IC50,biochemical_inhibition,BindingDB,,STR-93B1E6E77462AC33263F,c1ccc(C(C2CCCC2)C2CCN(CC3CN(c4ccccc4)C3)CC2)cc1,bemis_murcko,scaffold,scaffold,c36cc6a6a29b1791359d66e339db904e9899da2a2a2046618bec3642c0e4170d,41f692ef5e00f424d3c76d5979e2efaf471c9d2f559bda07bd17e8a4e42fb2b5,train
499,STR-93E40DC911AC439ED16C,COC(=O)N[C@H]1CCC[C@@H]1[C@](CN1CCCC1)(c1cccc(F)c1)C1CCN(CC2CN(c3ccc(S(=O)(=O)C4CC4)cc3)C2)CC1,8.55284196865778,IC50,biochemical_inhibition,BindingDB,,STR-93E40DC911AC439ED16C,O=S(=O)(c1ccc(N2CC(CN3CCC(C(CN4CCCC4)(c4ccccc4)C4CCCC4)CC3)C2)cc1)C1CC1,bemis_murcko,scaffold,scaffold,c36cc6a6a29b1791359d66e339db904e9899da2a2a2046618bec3642c0e4170d,41f692ef5e00f424d3c76d5979e2efaf471c9d2f559bda07bd17e8a4e42fb2b5,test
500,STR-94607F80C78D17F7F58B,CNC(=O)O[C@H]1CCC[C@@H]1C(Cn1cccc1)(c1ccccc1)C1CCN(CC2CN(c3ccc(S(=O)(=O)c4ccccc4)cc3)C2)CC1,7.920818753952375,IC50,biochemical_inhibition,BindingDB,,STR-94607F80C78D17F7F58B,O=S(=O)(c1ccccc1)c1ccc(N2CC(CN3CCC(C(Cn4cccc4)(c4ccccc4)C4CCCC4)CC3)C2)cc1,bemis_murcko,scaffold,scaffold,c36cc6a6a29b1791359d66e339db904e9899da2a2a2046618bec3642c0e4170d,41f692ef5e00f424d3c76d5979e2efaf471c9d2f559bda07bd17e8a4e42fb2b5,test
501,STR-9498E151189752F96605,Cc1c(C(=O)C2CCN(C(=O)[C@H]3CCC(C)(C)N3)CC2)c2ccncc2n1-c1ccc(F)cc1C(=O)N(C(C)C)C(C)C,7.366531544420414,IC50,biochemical_inhibition,PubChem,2025.0,STR-9498E151189752F96605,O=C(c1cn(-c2ccccc2)c2cnccc12)C1CCN(C(=O)C2CCCN2)CC1,bemis_murcko,scaffold,scaffold,c36cc6a6a29b1791359d66e339db904e9899da2a2a2046618bec3642c0e4170d,41f692ef5e00f424d3c76d5979e2efaf471c9d2f559bda07bd17e8a4e42fb2b5,test
502,STR-949A51086BAD4A70A662,CCc1cc2c(N3CCN(Cc4ccccc4)CC3)ncnc2s1,4.2839966563652006,IC50,biochemical_inhibition,BindingDB;PubChem,2020.0,STR-949A51086BAD4A70A662,c1ccc(CN2CCN(c3ncnc4sccc34)CC2)cc1,bemis_murcko,scaffold,scaffold,c36cc6a6a29b1791359d66e339db904e9899da2a2a2046618bec3642c0e4170d,41f692ef5e00f424d3c76d5979e2efaf471c9d2f559bda07bd17e8a4e42fb2b5,train
503,STR-94A936446793C2B8E49C,C[C@H](NC(=O)O[C@H]1CCC[C@@H]1[C@](C#N)(c1ccccc1)C1CCN(CC2CN(c3ccc(S(=O)(=O)c4ccncc4)cc3)C2)CC1)c1ccccc1,4.935542010773082,IC50,biochemical_inhibition,BindingDB,,STR-94A936446793C2B8E49C,O=C(NCc1ccccc1)OC1CCCC1C(c1ccccc1)C1CCN(CC2CN(c3ccc(S(=O)(=O)c4ccncc4)cc3)C2)CC1,bemis_murcko,scaffold,scaffold,c36cc6a6a29b1791359d66e339db904e9899da2a2a2046618bec3642c0e4170d,41f692ef5e00f424d3c76d5979e2efaf471c9d2f559bda07bd17e8a4e42fb2b5,train
504,STR-94C191645BE5B0A1978A,N#CC(c1ccccc1)(C1CCN(CC2CN(c3ccc(S(=O)(=O)c4ccncc4)cc3)C2)CC1)[C@H]1CCC[C@@H]1OC(=O)C1CC1,7.744727494896693,IC50,biochemical_inhibition,BindingDB,,STR-94C191645BE5B0A1978A,O=C(OC1CCCC1C(c1ccccc1)C1CCN(CC2CN(c3ccc(S(=O)(=O)c4ccncc4)cc3)C2)CC1)C1CC1,bemis_murcko,scaffold,scaffold,c36cc6a6a29b1791359d66e339db904e9899da2a2a2046618bec3642c0e4170d,41f692ef5e00f424d3c76d5979e2efaf471c9d2f559bda07bd17e8a4e42fb2b5,train
505,STR-94E1D88307C1CEF006D5,CC(=O)N[C@@H](CCCNC(=N)N)C(=O)N[C@@H](Cc1c[nH]c2ccccc12)C(=O)N[C@H]1CCCCCCCCCCNC(=O)[C@@H]2CCCN2C(=O)[C@H](CCCNC(=N)N)NC(=O)[C@H](C)NC(=O)[C@@H]2CCCN2C(=O)[C@H](Cc2ccccc2)NC1=O,7.107905397309519,IC50,biochemical_inhibition,BindingDB,,STR-94E1D88307C1CEF006D5,O=C1CNC(=O)C2CCCN2C(=O)C(Cc2ccccc2)NC(=O)C(NC(=O)CCc2c[nH]c3ccccc23)CCCCCCCCCCNC(=O)C2CCCN2C(=O)CN1,bemis_murcko,scaffold,scaffold,c36cc6a6a29b1791359d66e339db904e9899da2a2a2046618bec3642c0e4170d,41f692ef5e00f424d3c76d5979e2efaf471c9d2f559bda07bd17e8a4e42fb2b5,train
506,STR-954544D85CBDB0FFCB9B,Cc1c(CN2CCC(Nc3ncnc4sc(CC(F)(F)F)cc34)CC2)ccc2c1cc(C#N)n2CCN1CCN(C(C)C(N)=O)CC1,7.67778070526608,IC50,biochemical_inhibition,BindingDB,,STR-954544D85CBDB0FFCB9B,c1nc(NC2CCN(Cc3ccc4c(ccn4CCN4CCNCC4)c3)CC2)c2ccsc2n1,bemis_murcko,scaffold,scaffold,c36cc6a6a29b1791359d66e339db904e9899da2a2a2046618bec3642c0e4170d,41f692ef5e00f424d3c76d5979e2efaf471c9d2f559bda07bd17e8a4e42fb2b5,train
507,STR-9625696A93C79A8B7AB2,Cc1c(CN2CCC(Nc3ncnc4sc(CC(F)(F)F)cc34)CC2)ccc2c1cc(C#N)n2CCN1CCOCC1,7.657577319177793,IC50,biochemical_inhibition,BindingDB,,STR-9625696A93C79A8B7AB2,c1nc(NC2CCN(Cc3ccc4c(ccn4CCN4CCOCC4)c3)CC2)c2ccsc2n1,bemis_murcko,scaffold,scaffold,c36cc6a6a29b1791359d66e339db904e9899da2a2a2046618bec3642c0e4170d,41f692ef5e00f424d3c76d5979e2efaf471c9d2f559bda07bd17e8a4e42fb2b5,train
508,STR-96DCE721D71CD4CE180C,CCc1cc2c(N3CCN(C(=O)c4ccco4)CC3)ncnc2s1,4.920818753952375,IC50,biochemical_inhibition,BindingDB;PubChem,,STR-96DCE721D71CD4CE180C,O=C(c1ccco1)N1CCN(c2ncnc3sccc23)CC1,bemis_murcko,scaffold,scaffold,c36cc6a6a29b1791359d66e339db904e9899da2a2a2046618bec3642c0e4170d,41f692ef5e00f424d3c76d5979e2efaf471c9d2f559bda07bd17e8a4e42fb2b5,train
509,STR-971462EFAE13318C0E1F,CN1Cc2ccccc2C(C2CCN(CC3CN(c4ccc(S(=O)(=O)c5ccncc5)cc4)C3)CC2)([C@H]2CCC[C@@H]2OC(N)=O)C1,8.522878745280337,IC50,biochemical_inhibition,BindingDB,,STR-971462EFAE13318C0E1F,O=S(=O)(c1ccncc1)c1ccc(N2CC(CN3CCC(C4(C5CCCC5)CNCc5ccccc54)CC3)C2)cc1,bemis_murcko,scaffold,scaffold,c36cc6a6a29b1791359d66e339db904e9899da2a2a2046618bec3642c0e4170d,41f692ef5e00f424d3c76d5979e2efaf471c9d2f559bda07bd17e8a4e42fb2b5,train
510,STR-971CC9D9CF453AE51D7B,CNC(=O)N[C@H]1CCC[C@@H]1C(CN)(c1ccccc1)C1CCN(CC2CN(c3ccc(S(=O)(=O)c4ccccc4)cc3)C2)CC1,8.397940008672037,IC50,biochemical_inhibition,BindingDB,,STR-971CC9D9CF453AE51D7B,O=S(=O)(c1ccccc1)c1ccc(N2CC(CN3CCC(C(c4ccccc4)C4CCCC4)CC3)C2)cc1,bemis_murcko,scaffold,scaffold,c36cc6a6a29b1791359d66e339db904e9899da2a2a2046618bec3642c0e4170d,41f692ef5e00f424d3c76d5979e2efaf471c9d2f559bda07bd17e8a4e42fb2b5,test
511,STR-972288F8D4D50B5E44FE,O=S(=O)(c1ccncc1)c1ccc(N2CC(CN3CCC(C4(C5CCCC5)NCCc5ccccc54)CC3)C2)cc1,7.796729909783022,IC50,biochemical_inhibition,BindingDB,,STR-972288F8D4D50B5E44FE,O=S(=O)(c1ccncc1)c1ccc(N2CC(CN3CCC(C4(C5CCCC5)NCCc5ccccc54)CC3)C2)cc1,bemis_murcko,scaffold,scaffold,c36cc6a6a29b1791359d66e339db904e9899da2a2a2046618bec3642c0e4170d,41f692ef5e00f424d3c76d5979e2efaf471c9d2f559bda07bd17e8a4e42fb2b5,train
512,STR-9767BDB895288D4DE128,C=CC(=O)Nc1ccc(S(=O)(=O)c2ccc(N3CC(CN4CCC([C@@](C#N)(c5cccc(F)c5)[C@H]5CCC[C@@H]5NC(=O)OC)CC4)C3)cc2)cc1,8.397940008672037,IC50,biochemical_inhibition,BindingDB,,STR-9767BDB895288D4DE128,O=S(=O)(c1ccccc1)c1ccc(N2CC(CN3CCC(C(c4ccccc4)C4CCCC4)CC3)C2)cc1,bemis_murcko,scaffold,scaffold,c36cc6a6a29b1791359d66e339db904e9899da2a2a2046618bec3642c0e4170d,41f692ef5e00f424d3c76d5979e2efaf471c9d2f559bda07bd17e8a4e42fb2b5,test
513,STR-977651FE1C7684004EBE,O=S(=O)(c1ccc(OC2CC(N3CCC(C4(C5CCCC5)NCCc5ccccc54)CC3)C2)cc1)C1CC1,5.619788758288394,IC50,biochemical_inhibition,BindingDB,,STR-977651FE1C7684004EBE,O=S(=O)(c1ccc(OC2CC(N3CCC(C4(C5CCCC5)NCCc5ccccc54)CC3)C2)cc1)C1CC1,bemis_murcko,scaffold,scaffold,c36cc6a6a29b1791359d66e339db904e9899da2a2a2046618bec3642c0e4170d,41f692ef5e00f424d3c76d5979e2efaf471c9d2f559bda07bd17e8a4e42fb2b5,train
514,STR-978644C1BF9EC9F346BF,CNC(=O)O[C@@H]1CCC[C@H]1C(Cn1ccnc1C)(c1cccc(F)c1)C1CCN(CC2CN(c3ccc(Cl)cc3)C2)CC1,6.268411234813261,IC50,biochemical_inhibition,BindingDB,,STR-978644C1BF9EC9F346BF,c1ccc(N2CC(CN3CCC(C(Cn4ccnc4)(c4ccccc4)C4CCCC4)CC3)C2)cc1,bemis_murcko,scaffold,scaffold,c36cc6a6a29b1791359d66e339db904e9899da2a2a2046618bec3642c0e4170d,41f692ef5e00f424d3c76d5979e2efaf471c9d2f559bda07bd17e8a4e42fb2b5,train
515,STR-97EC0B8AC90C0B7FCB6A,N#Cc1ccc(OCCCN2CCC(C(O)(c3cccc(F)c3)c3ccccn3)CC2)cc1,6.647817481888637,IC50,biochemical_inhibition,BindingDB;PubChem,,STR-97EC0B8AC90C0B7FCB6A,c1ccc(OCCCN2CCC(C(c3ccccc3)c3ccccn3)CC2)cc1,bemis_murcko,scaffold,scaffold,c36cc6a6a29b1791359d66e339db904e9899da2a2a2046618bec3642c0e4170d,41f692ef5e00f424d3c76d5979e2efaf471c9d2f559bda07bd17e8a4e42fb2b5,train
516,STR-97F64C2AB66E9E2D6FBC,CC(C)c1ncccc1-c1cc(F)ccc1-n1cc(C(=O)C2CN(C(=O)[C@H]3N[C@@H]4CC[C@H]3C4)C2)c2ccncc21,8.397940008672037,IC50,biochemical_inhibition,PubChem,2025.0,STR-97F64C2AB66E9E2D6FBC,O=C(c1cn(-c2ccccc2-c2cccnc2)c2cnccc12)C1CN(C(=O)C2NC3CCC2C3)C1,bemis_murcko,scaffold,scaffold,c36cc6a6a29b1791359d66e339db904e9899da2a2a2046618bec3642c0e4170d,41f692ef5e00f424d3c76d5979e2efaf471c9d2f559bda07bd17e8a4e42fb2b5,train
517,STR-988E78A954C724A4E918,CCC(CC)CC1(C2CCN(CCCOc3ccc(C#N)cc3)CC2)NCCc2ccccc21,5.920818753952375,IC50,biochemical_inhibition,BindingDB,,STR-988E78A954C724A4E918,c1ccc(OCCCN2CCC(C3NCCc4ccccc43)CC2)cc1,bemis_murcko,scaffold,scaffold,c36cc6a6a29b1791359d66e339db904e9899da2a2a2046618bec3642c0e4170d,41f692ef5e00f424d3c76d5979e2efaf471c9d2f559bda07bd17e8a4e42fb2b5,test
518,STR-990002F6D026479B6DCF,Cc1c(CN2CCC(Nc3ncnc4sc(CC(F)(F)F)cc34)CC2)ccc2c1cc(C#N)n2CCN1CCN(C=O)CC1,7.886056647693163,IC50,biochemical_inhibition,BindingDB,,STR-990002F6D026479B6DCF,c1nc(NC2CCN(Cc3ccc4c(ccn4CCN4CCNCC4)c3)CC2)c2ccsc2n1,bemis_murcko,scaffold,scaffold,c36cc6a6a29b1791359d66e339db904e9899da2a2a2046618bec3642c0e4170d,41f692ef5e00f424d3c76d5979e2efaf471c9d2f559bda07bd17e8a4e42fb2b5,train
519,STR-990708AC2AD0842F3BCB,N#CC(c1ccccc1)(C1CCN(CC2CN(c3ccc(S(=O)(=O)c4ccncc4)cc3)C2)CC1)[C@H]1CCC[C@@H]1OC(N)=O,8.045757490560675,IC50,biochemical_inhibition,BindingDB,,STR-990708AC2AD0842F3BCB,O=S(=O)(c1ccncc1)c1ccc(N2CC(CN3CCC(C(c4ccccc4)C4CCCC4)CC3)C2)cc1,bemis_murcko,scaffold,scaffold,c36cc6a6a29b1791359d66e339db904e9899da2a2a2046618bec3642c0e4170d,41f692ef5e00f424d3c76d5979e2efaf471c9d2f559bda07bd17e8a4e42fb2b5,train
520,STR-9AA3FF70960D58F79546,CC1(C)CN=C(N2CCN(c3ncnc4sc(CC(F)(F)F)cc34)CC2)S1,6.769551078621726,IC50,biochemical_inhibition,BindingDB;PubChem,2021.0,STR-9AA3FF70960D58F79546,c1nc(N2CCN(C3=NCCS3)CC2)c2ccsc2n1,bemis_murcko,scaffold,scaffold,c36cc6a6a29b1791359d66e339db904e9899da2a2a2046618bec3642c0e4170d,41f692ef5e00f424d3c76d5979e2efaf471c9d2f559bda07bd17e8a4e42fb2b5,train
521,STR-9AEB913932F7D1386949,CC(=O)N1CCN(CCn2c(C#N)cc3c(C)c(CN4CCC(Nc5ncnc6sc(CC(F)(F)F)cc56)CC4)ccc32)CC1,7.744727494896693,IC50,biochemical_inhibition,BindingDB,,STR-9AEB913932F7D1386949,c1nc(NC2CCN(Cc3ccc4c(ccn4CCN4CCNCC4)c3)CC2)c2ccsc2n1,bemis_murcko,scaffold,scaffold,c36cc6a6a29b1791359d66e339db904e9899da2a2a2046618bec3642c0e4170d,41f692ef5e00f424d3c76d5979e2efaf471c9d2f559bda07bd17e8a4e42fb2b5,train
522,STR-9B511E320085B2646A64,O=C(c1ccn(-c2ccc(S(=O)(=O)C3CC3)cc2)c1)N1CCC(C2(C3CCCC3)NCCc3ccccc32)CC1,4.2403321553103694,IC50,biochemical_inhibition,BindingDB,,STR-9B511E320085B2646A64,O=C(c1ccn(-c2ccc(S(=O)(=O)C3CC3)cc2)c1)N1CCC(C2(C3CCCC3)NCCc3ccccc32)CC1,bemis_murcko,scaffold,scaffold,c36cc6a6a29b1791359d66e339db904e9899da2a2a2046618bec3642c0e4170d,41f692ef5e00f424d3c76d5979e2efaf471c9d2f559bda07bd17e8a4e42fb2b5,train
523,STR-9B86A4BF42F7EC6AC8E3,CCS(=O)(=O)N1CCN(CCn2c(C#N)cc3c(C)c(CN4CCC(Nc5ncnc6sc(CC(F)(F)F)cc56)CC4)ccc32)CC1,7.259637310505756,IC50,biochemical_inhibition,BindingDB,,STR-9B86A4BF42F7EC6AC8E3,c1nc(NC2CCN(Cc3ccc4c(ccn4CCN4CCNCC4)c3)CC2)c2ccsc2n1,bemis_murcko,scaffold,scaffold,c36cc6a6a29b1791359d66e339db904e9899da2a2a2046618bec3642c0e4170d,41f692ef5e00f424d3c76d5979e2efaf471c9d2f559bda07bd17e8a4e42fb2b5,train
524,STR-9B9365C1BF6768B512E2,Cc1c(C(=O)C2CCN(C(=O)[C@@H]3CC[C@@H](C)N3)CC2)c2ccncc2n1-c1ccc(F)cc1C(=O)N(C(C)C)C(C)C,6.939302159646388,IC50,biochemical_inhibition,PubChem,2025.0,STR-9B9365C1BF6768B512E2,O=C(c1cn(-c2ccccc2)c2cnccc12)C1CCN(C(=O)C2CCCN2)CC1,bemis_murcko,scaffold,scaffold,c36cc6a6a29b1791359d66e339db904e9899da2a2a2046618bec3642c0e4170d,41f692ef5e00f424d3c76d5979e2efaf471c9d2f559bda07bd17e8a4e42fb2b5,test
525,STR-9BCADA557E72EE3CB9BA,C=CC(=O)Nc1cccc(S(=O)(=O)c2ccc(N3CC(CN4CCC([C@@](Cn5ccnc5CC)(c5cccc(F)c5)[C@H]5CCC[C@@H]5NC(=O)OC)CC4)C3)cc2)c1,8.522878745280337,IC50,biochemical_inhibition,BindingDB,,STR-9BCADA557E72EE3CB9BA,O=S(=O)(c1ccccc1)c1ccc(N2CC(CN3CCC(C(Cn4ccnc4)(c4ccccc4)C4CCCC4)CC3)C2)cc1,bemis_murcko,scaffold,scaffold,c36cc6a6a29b1791359d66e339db904e9899da2a2a2046618bec3642c0e4170d,41f692ef5e00f424d3c76d5979e2efaf471c9d2f559bda07bd17e8a4e42fb2b5,train
526,STR-9C168192E4C52880D0E5,CCC(=O)N1CCN(CCn2c(C#N)cc3c(C)c(CN4CCC(Nc5ncnc6sc(CC(F)(F)F)cc56)CC4)ccc32)CC1,7.080921907623926,IC50,biochemical_inhibition,BindingDB,,STR-9C168192E4C52880D0E5,c1nc(NC2CCN(Cc3ccc4c(ccn4CCN4CCNCC4)c3)CC2)c2ccsc2n1,bemis_murcko,scaffold,scaffold,c36cc6a6a29b1791359d66e339db904e9899da2a2a2046618bec3642c0e4170d,41f692ef5e00f424d3c76d5979e2efaf471c9d2f559bda07bd17e8a4e42fb2b5,train
527,STR-9C21B526ECF8556A69F3,C[C@@H]1NC(=O)[C@@H]2CCCN2C(=O)[C@H](Cc2ccccc2)NC(=O)CCCCCCCCCNC(=O)[C@@H]2CCCN2C(=O)[C@H](CCCN=C(N)N)NC1=O,5.1904402853647325,IC50,biochemical_inhibition,PubChem,2013.0,STR-9C21B526ECF8556A69F3,O=C1CNC(=O)C2CCCN2C(=O)C(Cc2ccccc2)NC(=O)CCCCCCCCCNC(=O)C2CCCN2C(=O)CN1,bemis_murcko,scaffold,scaffold,c36cc6a6a29b1791359d66e339db904e9899da2a2a2046618bec3642c0e4170d,41f692ef5e00f424d3c76d5979e2efaf471c9d2f559bda07bd17e8a4e42fb2b5,train
528,STR-9C303D8F957257731184,CN1CCc2ccccc2C1(C1CCCC1)C1CCN(CCCOc2ccc(C#N)cc2)CC1,6.421360790031928,IC50,biochemical_inhibition,BindingDB,,STR-9C303D8F957257731184,c1ccc(OCCCN2CCC(C3(C4CCCC4)NCCc4ccccc43)CC2)cc1,bemis_murcko,scaffold,scaffold,c36cc6a6a29b1791359d66e339db904e9899da2a2a2046618bec3642c0e4170d,41f692ef5e00f424d3c76d5979e2efaf471c9d2f559bda07bd17e8a4e42fb2b5,train
529,STR-9C565BAF95C0B58EB990,CC(C)N(C(=O)c1cc(F)ccc1-n1cc(C(=O)C2CCN(CC3CCC(NS(C)(=O)=O)CC3)CC2)c2ccncc21)C(C)C,7.67778070526608,IC50,biochemical_inhibition,PubChem,2025.0,STR-9C565BAF95C0B58EB990,O=C(c1cn(-c2ccccc2)c2cnccc12)C1CCN(CC2CCCCC2)CC1,bemis_murcko,scaffold,scaffold,c36cc6a6a29b1791359d66e339db904e9899da2a2a2046618bec3642c0e4170d,41f692ef5e00f424d3c76d5979e2efaf471c9d2f559bda07bd17e8a4e42fb2b5,train
530,STR-9C6F5F9AE1FD0341471B,CS(=O)(=O)c1ccc(N2CC(CN3CCC(C4(C5CCCC5)NCCc5ccccc54)CC3)C2)cc1,6.979086618681228,IC50,biochemical_inhibition,BindingDB,,STR-9C6F5F9AE1FD0341471B,c1ccc(N2CC(CN3CCC(C4(C5CCCC5)NCCc5ccccc54)CC3)C2)cc1,bemis_murcko,scaffold,scaffold,c36cc6a6a29b1791359d66e339db904e9899da2a2a2046618bec3642c0e4170d,41f692ef5e00f424d3c76d5979e2efaf471c9d2f559bda07bd17e8a4e42fb2b5,train
531,STR-9C7406FBB59A2F2C8D9C,CNC(=O)O[C@H]1CCC[C@@H]1C(CN1CCCC1)(c1ccccc1)C1CCN(CC2CN(c3ccc(S(=O)(=O)c4ccccc4)cc3)C2)CC1,7.200659450546418,IC50,biochemical_inhibition,BindingDB,,STR-9C7406FBB59A2F2C8D9C,O=S(=O)(c1ccccc1)c1ccc(N2CC(CN3CCC(C(CN4CCCC4)(c4ccccc4)C4CCCC4)CC3)C2)cc1,bemis_murcko,scaffold,scaffold,c36cc6a6a29b1791359d66e339db904e9899da2a2a2046618bec3642c0e4170d,41f692ef5e00f424d3c76d5979e2efaf471c9d2f559bda07bd17e8a4e42fb2b5,train
532,STR-9C8A9525F1FABB5C1327,Cn1cc(S(=O)(=O)c2ccc(N3CC(CN4CCC(C(CN5CCCC5)(C5=CCCC5)c5ccccc5)CC4)C3)cc2)cn1,7.494850021680094,IC50,biochemical_inhibition,BindingDB,,STR-9C8A9525F1FABB5C1327,O=S(=O)(c1ccc(N2CC(CN3CCC(C(CN4CCCC4)(C4=CCCC4)c4ccccc4)CC3)C2)cc1)c1cn[nH]c1,bemis_murcko,scaffold,scaffold,c36cc6a6a29b1791359d66e339db904e9899da2a2a2046618bec3642c0e4170d,41f692ef5e00f424d3c76d5979e2efaf471c9d2f559bda07bd17e8a4e42fb2b5,train
533,STR-9C9F905167AE88EC737E,CC(C)N(C(=O)c1cc(F)ccc1-n1cc(C(=O)[C@@H]2CCCN(C(=O)[C@H]3N[C@@H]4CC[C@H]3C4)CC2)c2ccncc21)C(C)C,7.443697499232712,IC50,biochemical_inhibition,PubChem,2025.0,STR-9C9F905167AE88EC737E,O=C(c1cn(-c2ccccc2)c2cnccc12)C1CCCN(C(=O)C2NC3CCC2C3)CC1,bemis_murcko,scaffold,scaffold,c36cc6a6a29b1791359d66e339db904e9899da2a2a2046618bec3642c0e4170d,41f692ef5e00f424d3c76d5979e2efaf471c9d2f559bda07bd17e8a4e42fb2b5,train
534,STR-9CA183CB5BCC6EC7DD50,CC(C)c1ncsc1-c1cc(F)ccc1-n1cc(C(=O)C2CN(C(=O)[C@H]3N[C@@H]4CC[C@H]3C4)C2)c2ccncc21,8.221848749616356,IC50,biochemical_inhibition,PubChem,2025.0,STR-9CA183CB5BCC6EC7DD50,O=C(c1cn(-c2ccccc2-c2cncs2)c2cnccc12)C1CN(C(=O)C2NC3CCC2C3)C1,bemis_murcko,scaffold,scaffold,c36cc6a6a29b1791359d66e339db904e9899da2a2a2046618bec3642c0e4170d,41f692ef5e00f424d3c76d5979e2efaf471c9d2f559bda07bd17e8a4e42fb2b5,test
535,STR-9CCCDEEF5E324E6E33B4,CCN1Cc2ccccc2C(C2CCCC2)(C2CCN(CC3CN(c4ccc(S(=O)(=O)c5ccc(C(=O)O)cc5)cc4)C3)CC2)C1,8.096910013008056,IC50,biochemical_inhibition,BindingDB,,STR-9CCCDEEF5E324E6E33B4,O=S(=O)(c1ccccc1)c1ccc(N2CC(CN3CCC(C4(C5CCCC5)CNCc5ccccc54)CC3)C2)cc1,bemis_murcko,scaffold,scaffold,c36cc6a6a29b1791359d66e339db904e9899da2a2a2046618bec3642c0e4170d,41f692ef5e00f424d3c76d5979e2efaf471c9d2f559bda07bd17e8a4e42fb2b5,train
536,STR-9CEE978B571562B060A4,CC(=O)O[C@@H]1CCC[C@H]1C(C#N)(c1cccc(F)c1)C1CCN(CC2CN(c3ccc(CC(F)(F)F)cc3)C2)CC1,4.935542010773082,IC50,biochemical_inhibition,BindingDB,,STR-9CEE978B571562B060A4,c1ccc(C(C2CCCC2)C2CCN(CC3CN(c4ccccc4)C3)CC2)cc1,bemis_murcko,scaffold,scaffold,c36cc6a6a29b1791359d66e339db904e9899da2a2a2046618bec3642c0e4170d,41f692ef5e00f424d3c76d5979e2efaf471c9d2f559bda07bd17e8a4e42fb2b5,train
537,STR-9D5FA8EC64504ACC3524,CO[C@@H]1CCC[C@H]1C1(C2CCN(CCCOc3ccc(C#N)cc3)CC2)CN(C)Cc2ccccc21,5.568636235841012,IC50,biochemical_inhibition,BindingDB,,STR-9D5FA8EC64504ACC3524,c1ccc(OCCCN2CCC(C3(C4CCCC4)CNCc4ccccc43)CC2)cc1,bemis_murcko,scaffold,scaffold,c36cc6a6a29b1791359d66e339db904e9899da2a2a2046618bec3642c0e4170d,41f692ef5e00f424d3c76d5979e2efaf471c9d2f559bda07bd17e8a4e42fb2b5,test
538,STR-9D7B1984B46AE21DD5AC,Cc1c(CN2CCC(Nc3ncnc4sc(CC(F)(F)F)cc34)CC2)ccc2c1cc(C#N)n2CCN1CCN(S(=O)(=O)C(F)(F)F)CC1,7.1487416512809245,IC50,biochemical_inhibition,BindingDB,,STR-9D7B1984B46AE21DD5AC,c1nc(NC2CCN(Cc3ccc4c(ccn4CCN4CCNCC4)c3)CC2)c2ccsc2n1,bemis_murcko,scaffold,scaffold,c36cc6a6a29b1791359d66e339db904e9899da2a2a2046618bec3642c0e4170d,41f692ef5e00f424d3c76d5979e2efaf471c9d2f559bda07bd17e8a4e42fb2b5,train
539,STR-9D93FFBCABFD3A54A569,CC(=O)N[C@@H](CCCN=C(N)N)C(=O)N[C@@H](Cc1c[nH]c2ccccc12)C(=O)N[C@@H](CCCN=C(N)N)C(=O)N[C@@H](Cc1ccccc1)C(=O)N1CCC[C@H]1C(=O)N[C@@H](C)C(=O)N[C@@H](CCCN=C(N)N)C(N)=O,4.069050968832477,IC50,biochemical_inhibition,PubChem,2013.0,STR-9D93FFBCABFD3A54A569,O=C(CCc1c[nH]c2ccccc12)NCC(=O)NC(Cc1ccccc1)C(=O)N1CCCC1,bemis_murcko,scaffold,scaffold,c36cc6a6a29b1791359d66e339db904e9899da2a2a2046618bec3642c0e4170d,41f692ef5e00f424d3c76d5979e2efaf471c9d2f559bda07bd17e8a4e42fb2b5,train
540,STR-9D9B1AE963E341CF559B,C=CC(=O)N1CC(S(=O)(=O)c2ccc(N3CC(CN4CCC([C@](C#N)(c5cccc(F)c5)[C@H]5CCC[C@@H]5OC(=O)NC)CC4)C3)cc2)C1,6.427128397799519,IC50,biochemical_inhibition,BindingDB,,STR-9D9B1AE963E341CF559B,O=S(=O)(c1ccc(N2CC(CN3CCC(C(c4ccccc4)C4CCCC4)CC3)C2)cc1)C1CNC1,bemis_murcko,scaffold,scaffold,c36cc6a6a29b1791359d66e339db904e9899da2a2a2046618bec3642c0e4170d,41f692ef5e00f424d3c76d5979e2efaf471c9d2f559bda07bd17e8a4e42fb2b5,train
541,STR-9DAEE3412AFCC35E2A05,Cc1c(CN2CCC(Nc3ncnc4sc(CC(F)(F)F)cc34)CC2)ccc2c1cc(C#N)n2CCC1CCN(S(C)(=O)=O)CC1,7.397940008672037,IC50,biochemical_inhibition,BindingDB,,STR-9DAEE3412AFCC35E2A05,c1nc(NC2CCN(Cc3ccc4c(ccn4CCC4CCNCC4)c3)CC2)c2ccsc2n1,bemis_murcko,scaffold,scaffold,c36cc6a6a29b1791359d66e339db904e9899da2a2a2046618bec3642c0e4170d,41f692ef5e00f424d3c76d5979e2efaf471c9d2f559bda07bd17e8a4e42fb2b5,train
542,STR-9DF400102B0C49DCCB32,FC(F)(F)Cc1cc2c(NC3CCN(Cc4ccccc4)CC3)ncnc2s1,6.327902142064282,IC50,biochemical_inhibition,PubChem,2021.0,STR-9DF400102B0C49DCCB32,c1ccc(CN2CCC(Nc3ncnc4sccc34)CC2)cc1,bemis_murcko,scaffold,scaffold,c36cc6a6a29b1791359d66e339db904e9899da2a2a2046618bec3642c0e4170d,41f692ef5e00f424d3c76d5979e2efaf471c9d2f559bda07bd17e8a4e42fb2b5,train
543,STR-9E30945B1B85AD5CB97B,COC(=O)N1Cc2ccccc2C(C2CCN(CCCOc3ccc(C#N)cc3)CC2)([C@@H]2CCC[C@H]2OC)C1,4.982966660701219,IC50,biochemical_inhibition,BindingDB,,STR-9E30945B1B85AD5CB97B,c1ccc(OCCCN2CCC(C3(C4CCCC4)CNCc4ccccc43)CC2)cc1,bemis_murcko,scaffold,scaffold,c36cc6a6a29b1791359d66e339db904e9899da2a2a2046618bec3642c0e4170d,41f692ef5e00f424d3c76d5979e2efaf471c9d2f559bda07bd17e8a4e42fb2b5,test
544,STR-9E4FCF8CA68285C7D759,CC(=O)N[C@H]1CCC[C@@H]1C1(C2CCN(CC3CN(c4ccc(S(=O)(=O)c5cnn(C)c5)cc4)C3)CC2)CNCc2ccccc21,8.397940008672037,IC50,biochemical_inhibition,BindingDB,,STR-9E4FCF8CA68285C7D759,O=S(=O)(c1ccc(N2CC(CN3CCC(C4(C5CCCC5)CNCc5ccccc54)CC3)C2)cc1)c1cn[nH]c1,bemis_murcko,scaffold,scaffold,c36cc6a6a29b1791359d66e339db904e9899da2a2a2046618bec3642c0e4170d,41f692ef5e00f424d3c76d5979e2efaf471c9d2f559bda07bd17e8a4e42fb2b5,train
545,STR-9E72F79B13E31F8AEDC2,CC(C)N(C(=O)c1cc(F)ccc1-n1cc(C(=O)[C@@H]2CCN(C(=O)[C@H]3N[C@@H]4CC[C@H]3C4)C2)c2ccncc21)C(C)C,7.602059991327963,IC50,biochemical_inhibition,PubChem,2025.0,STR-9E72F79B13E31F8AEDC2,O=C(c1cn(-c2ccccc2)c2cnccc12)C1CCN(C(=O)C2NC3CCC2C3)C1,bemis_murcko,scaffold,scaffold,c36cc6a6a29b1791359d66e339db904e9899da2a2a2046618bec3642c0e4170d,41f692ef5e00f424d3c76d5979e2efaf471c9d2f559bda07bd17e8a4e42fb2b5,train
546,STR-9E9A5140F6DAB650B46B,COC(=O)N[C@H]1CCC[C@@H]1C(C#N)(c1ccccc1)C1CCN(CC2(F)CN(c3ccc(S(=O)(=O)c4cnn(C)c4)cc3)C2)CC1,6.730487055782083,IC50,biochemical_inhibition,BindingDB,,STR-9E9A5140F6DAB650B46B,O=S(=O)(c1ccc(N2CC(CN3CCC(C(c4ccccc4)C4CCCC4)CC3)C2)cc1)c1cn[nH]c1,bemis_murcko,scaffold,scaffold,c36cc6a6a29b1791359d66e339db904e9899da2a2a2046618bec3642c0e4170d,41f692ef5e00f424d3c76d5979e2efaf471c9d2f559bda07bd17e8a4e42fb2b5,train
547,STR-9E9C8374C40CC4C64C60,CCCCC[C@H](NC(=O)[C@H](Cc1c[nH]c2ccccc12)NC(=O)[C@H](CCCNC(=N)N)NC(C)=O)C(=O)N[C@@H](Cc1ccccc1)C(=O)N1CCC[C@H]1C(=O)N[C@@H](C)C(=O)N[C@@H](CCCNC(=N)N)C(=O)N1CCC[C@H]1C(=O)NCC,5.131355561605174,IC50,biochemical_inhibition,BindingDB,,STR-9E9C8374C40CC4C64C60,O=C(CCc1c[nH]c2ccccc12)NCC(=O)NC(Cc1ccccc1)C(=O)N1CCCC1C(=O)NCC(=O)NCC(=O)N1CCCC1,bemis_murcko,scaffold,scaffold,c36cc6a6a29b1791359d66e339db904e9899da2a2a2046618bec3642c0e4170d,41f692ef5e00f424d3c76d5979e2efaf471c9d2f559bda07bd17e8a4e42fb2b5,train
548,STR-9EC06DEFB9DB4A9951A2,CC(=O)N[C@H]1CCCCCCCCNC(=O)[C@@H]2CCCN2C(=O)[C@H](CCCNC(=N)N)NC(=O)[C@H](C)NC(=O)[C@@H]2CCCN2C(=O)[C@H](Cc2ccccc2)NC1=O,5.665546248849069,IC50,biochemical_inhibition,BindingDB,,STR-9EC06DEFB9DB4A9951A2,O=C1CNC(=O)C2CCCN2C(=O)C(Cc2ccccc2)NC(=O)CCCCCCCCCNC(=O)C2CCCN2C(=O)CN1,bemis_murcko,scaffold,scaffold,c36cc6a6a29b1791359d66e339db904e9899da2a2a2046618bec3642c0e4170d,41f692ef5e00f424d3c76d5979e2efaf471c9d2f559bda07bd17e8a4e42fb2b5,train
549,STR-9ED5F7AB73D34199D6B6,CN1Cc2cccc(F)c2C(C2CCCC2)(C2CCN(CCCOc3ccc(C#N)cc3)CC2)C1,7.431798275933005,IC50,biochemical_inhibition,BindingDB,,STR-9ED5F7AB73D34199D6B6,c1ccc(OCCCN2CCC(C3(C4CCCC4)CNCc4ccccc43)CC2)cc1,bemis_murcko,scaffold,scaffold,c36cc6a6a29b1791359d66e339db904e9899da2a2a2046618bec3642c0e4170d,41f692ef5e00f424d3c76d5979e2efaf471c9d2f559bda07bd17e8a4e42fb2b5,test
550,STR-9F7531856423F982C41A,COc1ccc(-c2csc(CC(N)=O)n2)cc1Br,4.096910013008056,IC50,biochemical_inhibition,BindingDB,,STR-9F7531856423F982C41A,c1ccc(-c2cscn2)cc1,bemis_murcko,scaffold,scaffold,c36cc6a6a29b1791359d66e339db904e9899da2a2a2046618bec3642c0e4170d,41f692ef5e00f424d3c76d5979e2efaf471c9d2f559bda07bd17e8a4e42fb2b5,train
551,STR-9FED646BC83A53D2E9C9,O=S(=O)(c1ccc(N2CC(F)(CN3CCC(C4(C5CCCC5)NCCc5ccccc54)CC3)C2)cc1)C1CC1,6.982966660701219,IC50,biochemical_inhibition,BindingDB,,STR-9FED646BC83A53D2E9C9,O=S(=O)(c1ccc(N2CC(CN3CCC(C4(C5CCCC5)NCCc5ccccc54)CC3)C2)cc1)C1CC1,bemis_murcko,scaffold,scaffold,c36cc6a6a29b1791359d66e339db904e9899da2a2a2046618bec3642c0e4170d,41f692ef5e00f424d3c76d5979e2efaf471c9d2f559bda07bd17e8a4e42fb2b5,train
552,STR-A03DAF6611859C5C8983,CC(=O)O[C@@H]1CCC[C@H]1C(C#N)(c1cccc(C(F)(F)F)c1)C1CCN(CC2CN(c3ccc(C#N)cc3)C2)CC1,3.034737135044418,IC50,biochemical_inhibition,BindingDB,,STR-A03DAF6611859C5C8983,c1ccc(C(C2CCCC2)C2CCN(CC3CN(c4ccccc4)C3)CC2)cc1,bemis_murcko,scaffold,scaffold,c36cc6a6a29b1791359d66e339db904e9899da2a2a2046618bec3642c0e4170d,41f692ef5e00f424d3c76d5979e2efaf471c9d2f559bda07bd17e8a4e42fb2b5,train
553,STR-A061F9FB3E77DEF19AC3,CC(=O)N[C@@H](CCCN=C(N)N)C(=O)N[C@@H](Cc1c[nH]c2ccccc12)C(=O)N[C@H]1CCCCNC(=O)[C@@H]2CCCN2C(=O)[C@H](CCCN=C(N)N)NC(=O)[C@H](C)NC(=O)[C@@H]2CCCN2C(=O)[C@H](Cc2ccccc2)NC1=O,4.958607314841775,IC50,biochemical_inhibition,PubChem,2013.0,STR-A061F9FB3E77DEF19AC3,O=C1CNC(=O)C2CCCN2C(=O)C(Cc2ccccc2)NC(=O)C(NC(=O)CCc2c[nH]c3ccccc23)CCCCNC(=O)C2CCCN2C(=O)CN1,bemis_murcko,scaffold,scaffold,c36cc6a6a29b1791359d66e339db904e9899da2a2a2046618bec3642c0e4170d,41f692ef5e00f424d3c76d5979e2efaf471c9d2f559bda07bd17e8a4e42fb2b5,train
554,STR-A1381CEB41898F753D78,COC(=O)N[C@H]1CCC[C@@H]1C(C#N)(c1ccccc1)C1CCN(CC2CN(c3ccc(S(=O)(=O)C4CC4)cc3)C2)CC1,7.508638306165727,IC50,biochemical_inhibition,BindingDB,,STR-A1381CEB41898F753D78,O=S(=O)(c1ccc(N2CC(CN3CCC(C(c4ccccc4)C4CCCC4)CC3)C2)cc1)C1CC1,bemis_murcko,scaffold,scaffold,c36cc6a6a29b1791359d66e339db904e9899da2a2a2046618bec3642c0e4170d,41f692ef5e00f424d3c76d5979e2efaf471c9d2f559bda07bd17e8a4e42fb2b5,train
555,STR-A15194DAC854A0313F50,CC(=O)N[C@@H](CO)C(=O)N[C@@H](C)C(=O)N[C@@H](CCCN=C(N)N)C(=O)N[C@@H](Cc1c[nH]c2ccccc12)C(=O)N[C@H]1C/C=C\C[C@@H](C(=O)N2CCC[C@H]2C(=O)NCC(=O)N[C@H](C(N)=O)[C@@H](C)O)NC(=O)[C@H](C)NC(=O)[C@@H]2CCCN2C(=O)[C@H](Cc2ccccc2)NC1=O,4.3872161432802645,IC50,biochemical_inhibition,PubChem,2022.0,STR-A15194DAC854A0313F50,O=C(CCc1c[nH]c2ccccc12)NC1CC=CCC(C(=O)N2CCCC2)NC(=O)CNC(=O)C2CCCN2C(=O)C(Cc2ccccc2)NC1=O,bemis_murcko,scaffold,scaffold,c36cc6a6a29b1791359d66e339db904e9899da2a2a2046618bec3642c0e4170d,41f692ef5e00f424d3c76d5979e2efaf471c9d2f559bda07bd17e8a4e42fb2b5,train
556,STR-A19437D5A9F1DA8A27A8,Cc1c(CN2CCC(Nc3ncnc4sc(CC(F)(F)F)cc34)CC2)ccc2c1cc(C#N)n2CCN1CCN(C(=O)C(F)(F)F)CC1,7.1249387366083,IC50,biochemical_inhibition,BindingDB,,STR-A19437D5A9F1DA8A27A8,c1nc(NC2CCN(Cc3ccc4c(ccn4CCN4CCNCC4)c3)CC2)c2ccsc2n1,bemis_murcko,scaffold,scaffold,c36cc6a6a29b1791359d66e339db904e9899da2a2a2046618bec3642c0e4170d,41f692ef5e00f424d3c76d5979e2efaf471c9d2f559bda07bd17e8a4e42fb2b5,train
557,STR-A1F0E6930C1DAFA0E759,C=CC(=O)Nc1cccc(S(=O)(=O)c2ccc(N3CC(F)(CN4CCC([C@@](C#N)(c5cccc(F)c5)[C@H]5CCC[C@@H]5NC(=O)OC)CC4)C3)cc2)c1,7.376750709602099,IC50,biochemical_inhibition,BindingDB,,STR-A1F0E6930C1DAFA0E759,O=S(=O)(c1ccccc1)c1ccc(N2CC(CN3CCC(C(c4ccccc4)C4CCCC4)CC3)C2)cc1,bemis_murcko,scaffold,scaffold,c36cc6a6a29b1791359d66e339db904e9899da2a2a2046618bec3642c0e4170d,41f692ef5e00f424d3c76d5979e2efaf471c9d2f559bda07bd17e8a4e42fb2b5,test
558,STR-A2F21D97062872F508E0,CC1(C)CN=C(N2CCN(c3ncnc4sc(Cc5ccccc5)cc34)CC2)S1,5.337242168318426,IC50,biochemical_inhibition,BindingDB;PubChem,,STR-A2F21D97062872F508E0,c1ccc(Cc2cc3c(N4CCN(C5=NCCS5)CC4)ncnc3s2)cc1,bemis_murcko,scaffold,scaffold,c36cc6a6a29b1791359d66e339db904e9899da2a2a2046618bec3642c0e4170d,41f692ef5e00f424d3c76d5979e2efaf471c9d2f559bda07bd17e8a4e42fb2b5,train
559,STR-A33A7D4A9E6E6442812C,C[C@@H]1CC(C(C#N)(c2ccccc2)C2CCCC2)C[C@H](C)N1CCCOc1ccc(C#N)cc1,4.882728704344236,IC50,biochemical_inhibition,BindingDB,,STR-A33A7D4A9E6E6442812C,c1ccc(OCCCN2CCC(C(c3ccccc3)C3CCCC3)CC2)cc1,bemis_murcko,scaffold,scaffold,c36cc6a6a29b1791359d66e339db904e9899da2a2a2046618bec3642c0e4170d,41f692ef5e00f424d3c76d5979e2efaf471c9d2f559bda07bd17e8a4e42fb2b5,train
560,STR-A3C1FA82D6E93CA9057E,N#Cc1ccc2c(c1)CCN(C(=O)CN1CCC(C3(C4CCCC4)NCCc4ccccc43)CC1)C2,6.072116589669293,IC50,biochemical_inhibition,BindingDB,,STR-A3C1FA82D6E93CA9057E,O=C(CN1CCC(C2(C3CCCC3)NCCc3ccccc32)CC1)N1CCc2ccccc2C1,bemis_murcko,scaffold,scaffold,c36cc6a6a29b1791359d66e339db904e9899da2a2a2046618bec3642c0e4170d,41f692ef5e00f424d3c76d5979e2efaf471c9d2f559bda07bd17e8a4e42fb2b5,test
561,STR-A4B78F32EC254E4C66A8,CC(=O)N1c2ccccc2NC2=C(C(=O)CC(c3ccc(Cl)c(Cl)c3)C2)C1c1cccnc1,5.130768280269024,IC50,biochemical_inhibition,BindingDB,,STR-A4B78F32EC254E4C66A8,O=C1CC(c2ccccc2)CC2=C1C(c1cccnc1)Nc1ccccc1N2,bemis_murcko,scaffold,scaffold,c36cc6a6a29b1791359d66e339db904e9899da2a2a2046618bec3642c0e4170d,41f692ef5e00f424d3c76d5979e2efaf471c9d2f559bda07bd17e8a4e42fb2b5,test
562,STR-A50D555FBD2E6BE12E86,CSC[C@@H]1CCC[C@H]1C(C#N)(c1ccccc1)C1CCN(CC2CN(c3ccc(S(=O)(=O)c4ccncc4)cc3)C2)CC1,4.769551078621726,IC50,biochemical_inhibition,BindingDB,,STR-A50D555FBD2E6BE12E86,O=S(=O)(c1ccncc1)c1ccc(N2CC(CN3CCC(C(c4ccccc4)C4CCCC4)CC3)C2)cc1,bemis_murcko,scaffold,scaffold,c36cc6a6a29b1791359d66e339db904e9899da2a2a2046618bec3642c0e4170d,41f692ef5e00f424d3c76d5979e2efaf471c9d2f559bda07bd17e8a4e42fb2b5,train
563,STR-A510493175624D338A8D,Cc1c(C(=O)[C@@H]2CCN(C(=O)[C@@H]3NC[C@@H]4C[C@@H]43)[C@@H](C)C2)c2ccncc2n1-c1ccc(F)cc1C(=O)N(CC(F)(F)F)C(C)C,7.853871964321762,IC50,biochemical_inhibition,PubChem,2025.0,STR-A510493175624D338A8D,O=C(c1cn(-c2ccccc2)c2cnccc12)C1CCN(C(=O)C2NCC3CC32)CC1,bemis_murcko,scaffold,scaffold,c36cc6a6a29b1791359d66e339db904e9899da2a2a2046618bec3642c0e4170d,41f692ef5e00f424d3c76d5979e2efaf471c9d2f559bda07bd17e8a4e42fb2b5,train
564,STR-A5251367717CBF43E094,CCN1Cc2ccccc2C(C2CCCC2)(C2CCN(CC3CN(c4ccc(S(=O)(=O)CC)cc4)C3)CC2)C1,8.045757490560675,IC50,biochemical_inhibition,BindingDB,,STR-A5251367717CBF43E094,c1ccc(N2CC(CN3CCC(C4(C5CCCC5)CNCc5ccccc54)CC3)C2)cc1,bemis_murcko,scaffold,scaffold,c36cc6a6a29b1791359d66e339db904e9899da2a2a2046618bec3642c0e4170d,41f692ef5e00f424d3c76d5979e2efaf471c9d2f559bda07bd17e8a4e42fb2b5,train
565,STR-A540B6064EC41BB600F8,CC(=O)O[C@@H]1CCC[C@H]1C(C#N)(c1cccc(F)c1)C1CCN(CC2CN(c3ccc(C#N)cc3)C2)CC1,5.484126156288321,IC50,biochemical_inhibition,BindingDB,,STR-A540B6064EC41BB600F8,c1ccc(C(C2CCCC2)C2CCN(CC3CN(c4ccccc4)C3)CC2)cc1,bemis_murcko,scaffold,scaffold,c36cc6a6a29b1791359d66e339db904e9899da2a2a2046618bec3642c0e4170d,41f692ef5e00f424d3c76d5979e2efaf471c9d2f559bda07bd17e8a4e42fb2b5,train
566,STR-A5490A895830A71903B2,COC(=O)N[C@H]1CCC[C@@H]1[C@](CN1CCC1)(c1cccc(F)c1)C1CCN(CC2(C(=O)OC)CN(c3ccc(S(=O)(=O)C4CC4)cc3)C2)CC1,7.376750709602099,IC50,biochemical_inhibition,BindingDB,,STR-A5490A895830A71903B2,O=S(=O)(c1ccc(N2CC(CN3CCC(C(CN4CCC4)(c4ccccc4)C4CCCC4)CC3)C2)cc1)C1CC1,bemis_murcko,scaffold,scaffold,c36cc6a6a29b1791359d66e339db904e9899da2a2a2046618bec3642c0e4170d,41f692ef5e00f424d3c76d5979e2efaf471c9d2f559bda07bd17e8a4e42fb2b5,train
567,STR-A59B36009FADA199468E,CCN1Cc2ccccc2C(C2CCCC2)(C2CCN(CC3CN(c4ccc(C#N)cc4)C3)CC2)C1,7.638272163982407,IC50,biochemical_inhibition,BindingDB,,STR-A59B36009FADA199468E,c1ccc(N2CC(CN3CCC(C4(C5CCCC5)CNCc5ccccc54)CC3)C2)cc1,bemis_murcko,scaffold,scaffold,c36cc6a6a29b1791359d66e339db904e9899da2a2a2046618bec3642c0e4170d,41f692ef5e00f424d3c76d5979e2efaf471c9d2f559bda07bd17e8a4e42fb2b5,train
568,STR-A5A20463BFF941861BA8,CC(C)CCC1(C2CCN(CCCOc3ccc(C#N)cc3)CC2)NCCc2ccccc21,5.327902142064282,IC50,biochemical_inhibition,BindingDB,,STR-A5A20463BFF941861BA8,c1ccc(OCCCN2CCC(C3NCCc4ccccc43)CC2)cc1,bemis_murcko,scaffold,scaffold,c36cc6a6a29b1791359d66e339db904e9899da2a2a2046618bec3642c0e4170d,41f692ef5e00f424d3c76d5979e2efaf471c9d2f559bda07bd17e8a4e42fb2b5,test
569,STR-A62EFE6B816DF994EE32,COC(=O)N[C@H]1CCC[C@@H]1C(C#N)(c1ccccc1)C1CCN(CC2CN(c3ccc(S(=O)(=O)c4ccncc4)cc3)C2)CC1,7.958607314841775,IC50,biochemical_inhibition,BindingDB,,STR-A62EFE6B816DF994EE32,O=S(=O)(c1ccncc1)c1ccc(N2CC(CN3CCC(C(c4ccccc4)C4CCCC4)CC3)C2)cc1,bemis_murcko,scaffold,scaffold,c36cc6a6a29b1791359d66e339db904e9899da2a2a2046618bec3642c0e4170d,41f692ef5e00f424d3c76d5979e2efaf471c9d2f559bda07bd17e8a4e42fb2b5,train
570,STR-A6771150771281B862C7,Cc1csc(N2CCN(c3nc(C)nc4sc5c(c34)CCCC5)CC2)n1,4.309803919971486,IC50,biochemical_inhibition,BindingDB,,STR-A6771150771281B862C7,c1csc(N2CCN(c3ncnc4sc5c(c34)CCCC5)CC2)n1,bemis_murcko,scaffold,scaffold,c36cc6a6a29b1791359d66e339db904e9899da2a2a2046618bec3642c0e4170d,41f692ef5e00f424d3c76d5979e2efaf471c9d2f559bda07bd17e8a4e42fb2b5,test
571,STR-A6D8AB953E61D44AA038,CCC(C)CC1(C2CCN(CCCOc3ccc(C#N)cc3)CC2)NCCc2ccccc21,4.950781977329818,IC50,biochemical_inhibition,BindingDB,,STR-A6D8AB953E61D44AA038,c1ccc(OCCCN2CCC(C3NCCc4ccccc43)CC2)cc1,bemis_murcko,scaffold,scaffold,c36cc6a6a29b1791359d66e339db904e9899da2a2a2046618bec3642c0e4170d,41f692ef5e00f424d3c76d5979e2efaf471c9d2f559bda07bd17e8a4e42fb2b5,test
572,STR-A70185AE5063299B6804,O=S(=O)(c1ccncc1)c1ccc(N2CC(CN3CCC(C4(C5CCCC5)CN(CC5CC5)Cc5ccccc54)CC3)C2)cc1,8.154901959985743,IC50,biochemical_inhibition,BindingDB,,STR-A70185AE5063299B6804,O=S(=O)(c1ccncc1)c1ccc(N2CC(CN3CCC(C4(C5CCCC5)CN(CC5CC5)Cc5ccccc54)CC3)C2)cc1,bemis_murcko,scaffold,scaffold,c36cc6a6a29b1791359d66e339db904e9899da2a2a2046618bec3642c0e4170d,41f692ef5e00f424d3c76d5979e2efaf471c9d2f559bda07bd17e8a4e42fb2b5,train
573,STR-A723964BC2F481BF1509,CC(C)C(=O)O[C@@H]1CCC[C@H]1C(C#N)(c1ccccc1)C1CCN(CC2CN(c3ccc(S(=O)(=O)c4ccncc4)cc3)C2)CC1,3.783570169123749,IC50,biochemical_inhibition,BindingDB,,STR-A723964BC2F481BF1509,O=S(=O)(c1ccncc1)c1ccc(N2CC(CN3CCC(C(c4ccccc4)C4CCCC4)CC3)C2)cc1,bemis_murcko,scaffold,scaffold,c36cc6a6a29b1791359d66e339db904e9899da2a2a2046618bec3642c0e4170d,41f692ef5e00f424d3c76d5979e2efaf471c9d2f559bda07bd17e8a4e42fb2b5,train
574,STR-A781A979544388388BCF,O=C([C@H]1N[C@H]2CC[C@@H]1[C@@H](F)C2)N1CC2(C1)CN(c1c(C(F)(F)F)cnc3sc(CC(F)(F)F)cc13)C2,7.876148359032914,IC50,biochemical_inhibition,BindingDB;PubChem,,STR-A781A979544388388BCF,O=C(C1NC2CCC1CC2)N1CC2(C1)CN(c1ccnc3sccc13)C2,bemis_murcko,scaffold,scaffold,c36cc6a6a29b1791359d66e339db904e9899da2a2a2046618bec3642c0e4170d,41f692ef5e00f424d3c76d5979e2efaf471c9d2f559bda07bd17e8a4e42fb2b5,train
575,STR-A814A4A72CF8681234C9,COC(=O)N[C@H]1CCC[C@@H]1[C@](CN1CCC1)(c1cccc(F)c1)C1CCN(CC2(OC)CN(c3ccc(S(=O)(=O)C4CN(C(=O)/C=C/CN(C)C)C4)cc3)C2)CC1,8.568636235841012,IC50,biochemical_inhibition,BindingDB,,STR-A814A4A72CF8681234C9,O=S(=O)(c1ccc(N2CC(CN3CCC(C(CN4CCC4)(c4ccccc4)C4CCCC4)CC3)C2)cc1)C1CNC1,bemis_murcko,scaffold,scaffold,c36cc6a6a29b1791359d66e339db904e9899da2a2a2046618bec3642c0e4170d,41f692ef5e00f424d3c76d5979e2efaf471c9d2f559bda07bd17e8a4e42fb2b5,train
576,STR-A8561A75D1EC79B3C31D,CNC(=O)O[C@H]1CCC[C@@H]1C(C#N)(c1ccccc1)C1CCN(CC2(C)CN(c3ccc(S(=O)(=O)c4cnn(C)c4)cc3)C2)CC1,7.318758762624412,IC50,biochemical_inhibition,BindingDB,,STR-A8561A75D1EC79B3C31D,O=S(=O)(c1ccc(N2CC(CN3CCC(C(c4ccccc4)C4CCCC4)CC3)C2)cc1)c1cn[nH]c1,bemis_murcko,scaffold,scaffold,c36cc6a6a29b1791359d66e339db904e9899da2a2a2046618bec3642c0e4170d,41f692ef5e00f424d3c76d5979e2efaf471c9d2f559bda07bd17e8a4e42fb2b5,train
577,STR-A89E4C2F5AB885E0AD8C,CCc1cc2c(N3CCN(C(=O)c4ccccc4)CC3)ncnc2s1,5.0,IC50,biochemical_inhibition,BindingDB;PubChem,,STR-A89E4C2F5AB885E0AD8C,O=C(c1ccccc1)N1CCN(c2ncnc3sccc23)CC1,bemis_murcko,scaffold,scaffold,c36cc6a6a29b1791359d66e339db904e9899da2a2a2046618bec3642c0e4170d,41f692ef5e00f424d3c76d5979e2efaf471c9d2f559bda07bd17e8a4e42fb2b5,train
578,STR-A9AB52FCFA3880DA25B5,COC(=O)N[C@H]1CCC[C@@H]1C(C#N)(c1ccccc1)C1CCN(CC2(C)CN(c3ccc(S(=O)(=O)c4cnn(C)c4)cc3)C2)CC1,6.777283528852417,IC50,biochemical_inhibition,BindingDB,,STR-A9AB52FCFA3880DA25B5,O=S(=O)(c1ccc(N2CC(CN3CCC(C(c4ccccc4)C4CCCC4)CC3)C2)cc1)c1cn[nH]c1,bemis_murcko,scaffold,scaffold,c36cc6a6a29b1791359d66e339db904e9899da2a2a2046618bec3642c0e4170d,41f692ef5e00f424d3c76d5979e2efaf471c9d2f559bda07bd17e8a4e42fb2b5,train
579,STR-AA28B6BCC5A0854E325E,CN(C)S(=O)(=O)c1ccc(N2CC(CN3CCC(C4(C5CCCC5)NCCc5ccccc54)CC3)C2)cc1,7.1249387366083,IC50,biochemical_inhibition,BindingDB,,STR-AA28B6BCC5A0854E325E,c1ccc(N2CC(CN3CCC(C4(C5CCCC5)NCCc5ccccc54)CC3)C2)cc1,bemis_murcko,scaffold,scaffold,c36cc6a6a29b1791359d66e339db904e9899da2a2a2046618bec3642c0e4170d,41f692ef5e00f424d3c76d5979e2efaf471c9d2f559bda07bd17e8a4e42fb2b5,train
580,STR-AA4D58E6580A56C280AF,CN1Cc2ccccc2C(C2CCCC2)(C2CCN(CC3CN(c4ccc(S(=O)(=O)c5ccncc5)cc4)C3)CC2)C1,7.958607314841775,IC50,biochemical_inhibition,BindingDB,,STR-AA4D58E6580A56C280AF,O=S(=O)(c1ccncc1)c1ccc(N2CC(CN3CCC(C4(C5CCCC5)CNCc5ccccc54)CC3)C2)cc1,bemis_murcko,scaffold,scaffold,c36cc6a6a29b1791359d66e339db904e9899da2a2a2046618bec3642c0e4170d,41f692ef5e00f424d3c76d5979e2efaf471c9d2f559bda07bd17e8a4e42fb2b5,train
581,STR-AA65E7D5BF8C15D9F669,CNC(=O)[C@H]1CCC[C@@H]1C(C#N)(c1ccccc1)C1CCN(CC2CN(c3ccc(S(=O)(=O)C4CC4)cc3)C2)CC1,5.494850021680094,IC50,biochemical_inhibition,BindingDB,,STR-AA65E7D5BF8C15D9F669,O=S(=O)(c1ccc(N2CC(CN3CCC(C(c4ccccc4)C4CCCC4)CC3)C2)cc1)C1CC1,bemis_murcko,scaffold,scaffold,c36cc6a6a29b1791359d66e339db904e9899da2a2a2046618bec3642c0e4170d,41f692ef5e00f424d3c76d5979e2efaf471c9d2f559bda07bd17e8a4e42fb2b5,train
582,STR-AA73D88E6A8F8A2C3D26,N#Cc1ccc(N2CC(CN3CCC(C4(C5CCCC5)NCCc5ccccc54)CC3)C2)c(Cl)c1,7.136677139879544,IC50,biochemical_inhibition,BindingDB,,STR-AA73D88E6A8F8A2C3D26,c1ccc(N2CC(CN3CCC(C4(C5CCCC5)NCCc5ccccc54)CC3)C2)cc1,bemis_murcko,scaffold,scaffold,c36cc6a6a29b1791359d66e339db904e9899da2a2a2046618bec3642c0e4170d,41f692ef5e00f424d3c76d5979e2efaf471c9d2f559bda07bd17e8a4e42fb2b5,train
583,STR-AB1714536DDACDAFACEC,CC(=O)N[C@H]1CCC[C@@H]1C(C#N)(c1ccccc1)C1CCN(CC2CN(c3ccc(S(=O)(=O)C4CC4)cc3)C2)CC1,7.537602002101044,IC50,biochemical_inhibition,BindingDB,,STR-AB1714536DDACDAFACEC,O=S(=O)(c1ccc(N2CC(CN3CCC(C(c4ccccc4)C4CCCC4)CC3)C2)cc1)C1CC1,bemis_murcko,scaffold,scaffold,c36cc6a6a29b1791359d66e339db904e9899da2a2a2046618bec3642c0e4170d,41f692ef5e00f424d3c76d5979e2efaf471c9d2f559bda07bd17e8a4e42fb2b5,train
584,STR-AB38BD62BE1ABF4AD21C,CC(C)N(C(=O)c1cc(F)ccc1-n1cc(C(=O)C2CCN(C(=O)[C@@H]3CCC(C)(C)N3)CC2)c2ccncc21)C(C)C,7.602059991327963,IC50,biochemical_inhibition,PubChem,2025.0,STR-AB38BD62BE1ABF4AD21C,O=C(c1cn(-c2ccccc2)c2cnccc12)C1CCN(C(=O)C2CCCN2)CC1,bemis_murcko,scaffold,scaffold,c36cc6a6a29b1791359d66e339db904e9899da2a2a2046618bec3642c0e4170d,41f692ef5e00f424d3c76d5979e2efaf471c9d2f559bda07bd17e8a4e42fb2b5,test
585,STR-AB9673B165FA56F32CAA,CC(=O)N[C@@H](CO)C(=O)N[C@@H](C)C(=O)N[C@@H](CCCN=C(N)N)C(=O)N[C@@H](Cc1c[nH]c2ccccc12)C(=O)N[C@H]1C/C=C\C[C@@H](C(=O)N2CCC[C@H]2C(=O)N[C@@H](CCCN)C(N)=O)NC(=O)[C@H](C)NC(=O)[C@@H]2CCCN2C(=O)[C@H](Cc2ccccc2)NC1=O,6.847711655616944,IC50,biochemical_inhibition,PubChem,2022.0,STR-AB9673B165FA56F32CAA,O=C(CCc1c[nH]c2ccccc12)NC1CC=CCC(C(=O)N2CCCC2)NC(=O)CNC(=O)C2CCCN2C(=O)C(Cc2ccccc2)NC1=O,bemis_murcko,scaffold,scaffold,c36cc6a6a29b1791359d66e339db904e9899da2a2a2046618bec3642c0e4170d,41f692ef5e00f424d3c76d5979e2efaf471c9d2f559bda07bd17e8a4e42fb2b5,train
586,STR-AC15064651DFC45CB1E4,COC(=O)N[C@H]1CCC[C@@H]1[C@](CN1CCC1)(c1cccc(F)c1)C1CCN(CC2(C)CN(c3ccc(S(=O)(=O)C4CC4)cc3)C2)CC1,8.537602002101044,IC50,biochemical_inhibition,BindingDB,,STR-AC15064651DFC45CB1E4,O=S(=O)(c1ccc(N2CC(CN3CCC(C(CN4CCC4)(c4ccccc4)C4CCCC4)CC3)C2)cc1)C1CC1,bemis_murcko,scaffold,scaffold,c36cc6a6a29b1791359d66e339db904e9899da2a2a2046618bec3642c0e4170d,41f692ef5e00f424d3c76d5979e2efaf471c9d2f559bda07bd17e8a4e42fb2b5,train
587,STR-ACB4ADBB5DDA242F44EB,CCN(C(=O)c1cc(F)ccc1-n1cc(C(=O)C2CCN(C(=O)[C@H]3NC4CCC3CC4)CC2)c2ccncc21)C(C)C,7.678273661756906,IC50,biochemical_inhibition,PubChem,2025.0,STR-ACB4ADBB5DDA242F44EB,O=C(c1cn(-c2ccccc2)c2cnccc12)C1CCN(C(=O)C2NC3CCC2CC3)CC1,bemis_murcko,scaffold,scaffold,c36cc6a6a29b1791359d66e339db904e9899da2a2a2046618bec3642c0e4170d,41f692ef5e00f424d3c76d5979e2efaf471c9d2f559bda07bd17e8a4e42fb2b5,train
588,STR-AD35C124559ACD44BE3E,COC(=O)N[C@H]1CCC[C@@H]1C(C#N)(c1ccccc1)C1CCN(CC2CN(c3ccc(S(=O)(=O)C(F)(F)F)cc3)C2)CC1,8.096910013008056,IC50,biochemical_inhibition,BindingDB,,STR-AD35C124559ACD44BE3E,c1ccc(C(C2CCCC2)C2CCN(CC3CN(c4ccccc4)C3)CC2)cc1,bemis_murcko,scaffold,scaffold,c36cc6a6a29b1791359d66e339db904e9899da2a2a2046618bec3642c0e4170d,41f692ef5e00f424d3c76d5979e2efaf471c9d2f559bda07bd17e8a4e42fb2b5,train
589,STR-AD791DBCBA03342A8D18,CNC(=O)O[C@@H]1CCC[C@H]1C(C#N)(c1ccccc1)C1CCN(CC2CN(c3ccc(S(=O)(=O)c4ccn(C)n4)cc3)C2)CC1,7.167491087293763,IC50,biochemical_inhibition,BindingDB,,STR-AD791DBCBA03342A8D18,O=S(=O)(c1ccc(N2CC(CN3CCC(C(c4ccccc4)C4CCCC4)CC3)C2)cc1)c1cc[nH]n1,bemis_murcko,scaffold,scaffold,c36cc6a6a29b1791359d66e339db904e9899da2a2a2046618bec3642c0e4170d,41f692ef5e00f424d3c76d5979e2efaf471c9d2f559bda07bd17e8a4e42fb2b5,test
590,STR-ADD6623F7AD60FDD956E,N#Cc1ccc(OCCCN2CCC(C(O)(c3ccccn3)C3CCCC3)CC2)cc1,6.51999305704285,IC50,biochemical_inhibition,BindingDB;PubChem,,STR-ADD6623F7AD60FDD956E,c1ccc(OCCCN2CCC(C(c3ccccn3)C3CCCC3)CC2)cc1,bemis_murcko,scaffold,scaffold,c36cc6a6a29b1791359d66e339db904e9899da2a2a2046618bec3642c0e4170d,41f692ef5e00f424d3c76d5979e2efaf471c9d2f559bda07bd17e8a4e42fb2b5,test
591,STR-ADF0DC68688651046789,CNC(=O)O[C@@H]1CCC[C@H]1C(Cn1ccnc1)(c1ccccc1)C1CCN(CC2CN(c3ccc(S(=O)(=O)c4cnn(C)c4)cc3)C2)CC1,7.337242168318426,IC50,biochemical_inhibition,BindingDB,,STR-ADF0DC68688651046789,O=S(=O)(c1ccc(N2CC(CN3CCC(C(Cn4ccnc4)(c4ccccc4)C4CCCC4)CC3)C2)cc1)c1cn[nH]c1,bemis_murcko,scaffold,scaffold,c36cc6a6a29b1791359d66e339db904e9899da2a2a2046618bec3642c0e4170d,41f692ef5e00f424d3c76d5979e2efaf471c9d2f559bda07bd17e8a4e42fb2b5,train
592,STR-AE07246DCCF5CCC9E046,COC(=O)N[C@@H]1CCC[C@H]1C(C#N)(c1ccccc1)C1CCN(CC2CN(c3ccc(S(=O)(=O)c4ccncc4)cc3)C2)CC1,6.244887733604928,IC50,biochemical_inhibition,BindingDB,,STR-AE07246DCCF5CCC9E046,O=S(=O)(c1ccncc1)c1ccc(N2CC(CN3CCC(C(c4ccccc4)C4CCCC4)CC3)C2)cc1,bemis_murcko,scaffold,scaffold,c36cc6a6a29b1791359d66e339db904e9899da2a2a2046618bec3642c0e4170d,41f692ef5e00f424d3c76d5979e2efaf471c9d2f559bda07bd17e8a4e42fb2b5,train
593,STR-AE2AA292EDD25C175AFA,COc1cc(C2Nc3ccccc3NC3=C2C(=O)CC(C)(C)C3)cc(OC)c1OC,4.455931955649724,IC50,biochemical_inhibition,BindingDB,,STR-AE2AA292EDD25C175AFA,O=C1CCCC2=C1C(c1ccccc1)Nc1ccccc1N2,bemis_murcko,scaffold,scaffold,c36cc6a6a29b1791359d66e339db904e9899da2a2a2046618bec3642c0e4170d,41f692ef5e00f424d3c76d5979e2efaf471c9d2f559bda07bd17e8a4e42fb2b5,train
594,STR-AEBCF9F47DC8FFE6B030,CNC(=O)O[C@@H]1CCC[C@H]1C(C#N)(c1ccccc1)C1CCN(CCCOc2ccc(C#N)cc2)CC1,6.7495799976911055,IC50,biochemical_inhibition,BindingDB,,STR-AEBCF9F47DC8FFE6B030,c1ccc(OCCCN2CCC(C(c3ccccc3)C3CCCC3)CC2)cc1,bemis_murcko,scaffold,scaffold,c36cc6a6a29b1791359d66e339db904e9899da2a2a2046618bec3642c0e4170d,41f692ef5e00f424d3c76d5979e2efaf471c9d2f559bda07bd17e8a4e42fb2b5,train
595,STR-AF457B5C4AE166B10ED6,CC(=O)N[C@@H]1CCC[C@H]1C1(C2CCN(CC3CN(c4ccc(S(=O)(=O)c5ccncc5)cc4)C3)CC2)CN(C)Cc2ccccc21,6.7447274948966935,IC50,biochemical_inhibition,BindingDB,,STR-AF457B5C4AE166B10ED6,O=S(=O)(c1ccncc1)c1ccc(N2CC(CN3CCC(C4(C5CCCC5)CNCc5ccccc54)CC3)C2)cc1,bemis_murcko,scaffold,scaffold,c36cc6a6a29b1791359d66e339db904e9899da2a2a2046618bec3642c0e4170d,41f692ef5e00f424d3c76d5979e2efaf471c9d2f559bda07bd17e8a4e42fb2b5,train
596,STR-AF889682F3260AB0C490,CCN1Cc2ccccc2C(C2CCCC2)(C2CCN(CC3CN(c4ccc(S(=O)(=O)C(F)(F)F)cc4)C3)CC2)C1,7.823908740944319,IC50,biochemical_inhibition,BindingDB,,STR-AF889682F3260AB0C490,c1ccc(N2CC(CN3CCC(C4(C5CCCC5)CNCc5ccccc54)CC3)C2)cc1,bemis_murcko,scaffold,scaffold,c36cc6a6a29b1791359d66e339db904e9899da2a2a2046618bec3642c0e4170d,41f692ef5e00f424d3c76d5979e2efaf471c9d2f559bda07bd17e8a4e42fb2b5,train
597,STR-B01BFE6CAFC3EDF499E6,CC(=O)N[C@@H](C)C(=O)N[C@@H](CCCN=C(N)N)C(=O)N[C@@H](Cc1c[nH]c2ccccc12)C(=O)N[C@H]1C/C=C\C[C@@H](C(=O)N2CCC[C@H]2C(=O)N[C@@H](CCCN=C(N)N)C(N)=O)NC(=O)[C@H](C)NC(=O)[C@@H]2CCCN2C(=O)[C@H](Cc2ccccc2)NC1=O,6.821023052706831,IC50,biochemical_inhibition,PubChem,2022.0,STR-B01BFE6CAFC3EDF499E6,O=C(CCc1c[nH]c2ccccc12)NC1CC=CCC(C(=O)N2CCCC2)NC(=O)CNC(=O)C2CCCN2C(=O)C(Cc2ccccc2)NC1=O,bemis_murcko,scaffold,scaffold,c36cc6a6a29b1791359d66e339db904e9899da2a2a2046618bec3642c0e4170d,41f692ef5e00f424d3c76d5979e2efaf471c9d2f559bda07bd17e8a4e42fb2b5,train
598,STR-B0D08E157DE9D6B7ECDB,CC(=O)N[C@@H](C)C(=O)N[C@@H](CCCNC(=N)N)C(=O)N[C@@H](Cc1c[nH]c2ccccc12)C(=O)N[C@H]1C/C=C\C[C@@H](C(=O)N2CCC[C@H]2C(=O)N[C@@H](CCCN)C(=O)N[C@@H](CCCNC(=N)N)C(=O)N[C@@H](CCCNC(=N)N)C(=O)N[C@@H](CCCNC(=N)N)C(N)=O)NC(=O)C2(CCC2)NC(=O)[C@@H]2CCCN2C(=O)[C@H](Cc2cccc(F)c2)NC1=O,8.628932137728263,IC50,biochemical_inhibition,PubChem,2022.0,STR-B0D08E157DE9D6B7ECDB,O=C(CCc1c[nH]c2ccccc12)NC1CC=CCC(C(=O)N2CCCC2)NC(=O)C2(CCC2)NC(=O)C2CCCN2C(=O)C(Cc2ccccc2)NC1=O,bemis_murcko,scaffold,scaffold,c36cc6a6a29b1791359d66e339db904e9899da2a2a2046618bec3642c0e4170d,41f692ef5e00f424d3c76d5979e2efaf471c9d2f559bda07bd17e8a4e42fb2b5,train
599,STR-B0F5A7555DF936BC6486,Nc1cccc(-c2cccnc2)c1,4.301029995663981,IC50,biochemical_inhibition,BindingDB,,STR-B0F5A7555DF936BC6486,c1ccc(-c2cccnc2)cc1,bemis_murcko,scaffold,scaffold,c36cc6a6a29b1791359d66e339db904e9899da2a2a2046618bec3642c0e4170d,41f692ef5e00f424d3c76d5979e2efaf471c9d2f559bda07bd17e8a4e42fb2b5,train
600,STR-B16C731EDE2D78BF13BC,CCN(C(=O)c1cc(F)ccc1-n1c(C)c(C(=O)C2CCN(C(=O)[C@@H]3CCC(C)(C)N3)CC2)c2ccncc21)C(C)C,5.25987426303427,IC50,biochemical_inhibition,PubChem,2025.0,STR-B16C731EDE2D78BF13BC,O=C(c1cn(-c2ccccc2)c2cnccc12)C1CCN(C(=O)C2CCCN2)CC1,bemis_murcko,scaffold,scaffold,c36cc6a6a29b1791359d66e339db904e9899da2a2a2046618bec3642c0e4170d,41f692ef5e00f424d3c76d5979e2efaf471c9d2f559bda07bd17e8a4e42fb2b5,test
601,STR-B1A2DA0034AA27EA9E10,CC(C)c1ncncc1-c1cc(F)ccc1-n1cc(C(=O)C2CCN(C(=O)[C@H]3N[C@@H]4CC[C@H]3C4)CC2)c2ccncc21,8.045757490560675,IC50,biochemical_inhibition,PubChem,2025.0,STR-B1A2DA0034AA27EA9E10,O=C(c1cn(-c2ccccc2-c2cncnc2)c2cnccc12)C1CCN(C(=O)C2NC3CCC2C3)CC1,bemis_murcko,scaffold,scaffold,c36cc6a6a29b1791359d66e339db904e9899da2a2a2046618bec3642c0e4170d,41f692ef5e00f424d3c76d5979e2efaf471c9d2f559bda07bd17e8a4e42fb2b5,train
602,STR-B1A8FEDC2765D50D7325,CC(=O)N[C@@H](Cc1ccccc1)C(=O)N1CCC[C@H]1C(=O)N[C@@H](C)C(=O)N[C@@H](CCCN=C(N)N)C(=O)N1CCC[C@H]1C(=O)ON,3.853871964321762,IC50,biochemical_inhibition,PubChem,2013.0,STR-B1A8FEDC2765D50D7325,O=C(CNC(=O)C1CCCN1C(=O)CCc1ccccc1)NCC(=O)N1CCCC1,bemis_murcko,scaffold,scaffold,c36cc6a6a29b1791359d66e339db904e9899da2a2a2046618bec3642c0e4170d,41f692ef5e00f424d3c76d5979e2efaf471c9d2f559bda07bd17e8a4e42fb2b5,train
603,STR-B1B50BB9C2198BA2F3F2,C=CS(=O)(=O)N[C@H]1CCC[C@@H]1[C@](C#N)(c1cccc(F)c1)C1CCN(CC2CN(c3ccc(C#N)cc3)C2)CC1,5.97061622231479,IC50,biochemical_inhibition,BindingDB,,STR-B1B50BB9C2198BA2F3F2,c1ccc(C(C2CCCC2)C2CCN(CC3CN(c4ccccc4)C3)CC2)cc1,bemis_murcko,scaffold,scaffold,c36cc6a6a29b1791359d66e339db904e9899da2a2a2046618bec3642c0e4170d,41f692ef5e00f424d3c76d5979e2efaf471c9d2f559bda07bd17e8a4e42fb2b5,train
604,STR-B22B1045ECF10A2BE02D,N#Cc1ccc(-c2ccc(N3CCC(C4(C5CCCC5)NCCc5ccccc54)CC3)cc2)cc1,2.588211995456131,IC50,biochemical_inhibition,BindingDB,,STR-B22B1045ECF10A2BE02D,c1ccc(-c2ccc(N3CCC(C4(C5CCCC5)NCCc5ccccc54)CC3)cc2)cc1,bemis_murcko,scaffold,scaffold,c36cc6a6a29b1791359d66e339db904e9899da2a2a2046618bec3642c0e4170d,41f692ef5e00f424d3c76d5979e2efaf471c9d2f559bda07bd17e8a4e42fb2b5,train
605,STR-B2355EB1978E72B87593,CC(=O)N[C@@H](C)C(=O)N[C@@H](CCCN=C(N)N)C(=O)N[C@@H](Cc1c[nH]c2ccccc12)C(=O)N[C@H]1C/C=C\C[C@@H](C(=O)N2CCC[C@H]2C(=O)N[C@@H](CCCN)C(=O)N[C@@H](CCCN=C(N)N)C(N)=O)NC(=O)C2(CCC2)NC(=O)[C@@H]2CCCN2C(=O)[C@H](Cc2cccc(F)c2)NC1=O,7.236572006437063,IC50,biochemical_inhibition,PubChem,2022.0,STR-B2355EB1978E72B87593,O=C(CCc1c[nH]c2ccccc12)NC1CC=CCC(C(=O)N2CCCC2)NC(=O)C2(CCC2)NC(=O)C2CCCN2C(=O)C(Cc2ccccc2)NC1=O,bemis_murcko,scaffold,scaffold,c36cc6a6a29b1791359d66e339db904e9899da2a2a2046618bec3642c0e4170d,41f692ef5e00f424d3c76d5979e2efaf471c9d2f559bda07bd17e8a4e42fb2b5,train
606,STR-B2BA33058BFAB9451C2F,CCN1Cc2ccccc2C(C2CCCC2)(C2CCN(CC3CN(c4ccc(S(=O)(=O)C5CCCC5)cc4)C3)CC2)C1,8.096910013008056,IC50,biochemical_inhibition,BindingDB,,STR-B2BA33058BFAB9451C2F,O=S(=O)(c1ccc(N2CC(CN3CCC(C4(C5CCCC5)CNCc5ccccc54)CC3)C2)cc1)C1CCCC1,bemis_murcko,scaffold,scaffold,c36cc6a6a29b1791359d66e339db904e9899da2a2a2046618bec3642c0e4170d,41f692ef5e00f424d3c76d5979e2efaf471c9d2f559bda07bd17e8a4e42fb2b5,train
607,STR-B2FBC3258126732F3345,CCN1Cc2ccccc2C(C2CCCC2)(C2CCN(CC3CN(c4ccc(S(=O)(=O)c5ccccc5)cc4)C3)CC2)C1,8.045757490560675,IC50,biochemical_inhibition,BindingDB,,STR-B2FBC3258126732F3345,O=S(=O)(c1ccccc1)c1ccc(N2CC(CN3CCC(C4(C5CCCC5)CNCc5ccccc54)CC3)C2)cc1,bemis_murcko,scaffold,scaffold,c36cc6a6a29b1791359d66e339db904e9899da2a2a2046618bec3642c0e4170d,41f692ef5e00f424d3c76d5979e2efaf471c9d2f559bda07bd17e8a4e42fb2b5,train
608,STR-B37B5C6A72819E700FA9,CC1(C)CN=C(N2CCN(c3ncnc4sc(Br)cc34)CC2)S1,5.318758762624412,IC50,biochemical_inhibition,BindingDB;PubChem,,STR-B37B5C6A72819E700FA9,c1nc(N2CCN(C3=NCCS3)CC2)c2ccsc2n1,bemis_murcko,scaffold,scaffold,c36cc6a6a29b1791359d66e339db904e9899da2a2a2046618bec3642c0e4170d,41f692ef5e00f424d3c76d5979e2efaf471c9d2f559bda07bd17e8a4e42fb2b5,train
609,STR-B3D18D268304F9CE941B,CCCc1cc2c(N3CCN(c4nnc(C(F)(F)F)s4)CC3)ncnc2s1,6.187086643357144,IC50,biochemical_inhibition,PubChem,2020.0,STR-B3D18D268304F9CE941B,c1nc(N2CCN(c3nncs3)CC2)c2ccsc2n1,bemis_murcko,scaffold,scaffold,c36cc6a6a29b1791359d66e339db904e9899da2a2a2046618bec3642c0e4170d,41f692ef5e00f424d3c76d5979e2efaf471c9d2f559bda07bd17e8a4e42fb2b5,train
610,STR-B41E25A7E7B38A28FF65,CC(=O)N[C@H]1CCC[C@@H]1C(Cn1ccnc1)(c1ccccc1)C1CCN(CC2CN(c3ccc(S(=O)(=O)c4ccccc4)cc3)C2)CC1,7.886056647693163,IC50,biochemical_inhibition,BindingDB,,STR-B41E25A7E7B38A28FF65,O=S(=O)(c1ccccc1)c1ccc(N2CC(CN3CCC(C(Cn4ccnc4)(c4ccccc4)C4CCCC4)CC3)C2)cc1,bemis_murcko,scaffold,scaffold,c36cc6a6a29b1791359d66e339db904e9899da2a2a2046618bec3642c0e4170d,41f692ef5e00f424d3c76d5979e2efaf471c9d2f559bda07bd17e8a4e42fb2b5,train
611,STR-B4B9D6A6C03B5C8E19FC,N#Cc1ccc(OCCCN2CCC(C3(C4CCc5ccccc54)NCCc4ccccc43)CC2)cc1,5.638272163982407,IC50,biochemical_inhibition,BindingDB,,STR-B4B9D6A6C03B5C8E19FC,c1ccc(OCCCN2CCC(C3(C4CCc5ccccc54)NCCc4ccccc43)CC2)cc1,bemis_murcko,scaffold,scaffold,c36cc6a6a29b1791359d66e339db904e9899da2a2a2046618bec3642c0e4170d,41f692ef5e00f424d3c76d5979e2efaf471c9d2f559bda07bd17e8a4e42fb2b5,train
612,STR-B520AF3A72F2FF2BC507,N#Cc1ccc(OCCCN2CCC(C(O)(c3cc(F)cc(F)c3)C3CCCC3)CC2)cc1,6.360513510731414,IC50,biochemical_inhibition,BindingDB;PubChem,,STR-B520AF3A72F2FF2BC507,c1ccc(OCCCN2CCC(C(c3ccccc3)C3CCCC3)CC2)cc1,bemis_murcko,scaffold,scaffold,c36cc6a6a29b1791359d66e339db904e9899da2a2a2046618bec3642c0e4170d,41f692ef5e00f424d3c76d5979e2efaf471c9d2f559bda07bd17e8a4e42fb2b5,train
613,STR-B53752B08B95F5EA64C3,CC(=O)N[C@@H](CCCN=C(N)N)C(=O)N[C@@H](Cc1c[nH]c2ccccc12)C(=O)N[C@H]1CCCCCCCCCCNC(=O)[C@@H]2CCCN2C(=O)[C@H](CCCN=C(N)N)NC(=O)[C@H](C)NC(=O)[C@@H]2CCCN2C(=O)[C@H](Cc2ccccc2)NC1=O,7.1073489661227,IC50,biochemical_inhibition,PubChem,2013.0,STR-B53752B08B95F5EA64C3,O=C1CNC(=O)C2CCCN2C(=O)C(Cc2ccccc2)NC(=O)C(NC(=O)CCc2c[nH]c3ccccc23)CCCCCCCCCCNC(=O)C2CCCN2C(=O)CN1,bemis_murcko,scaffold,scaffold,c36cc6a6a29b1791359d66e339db904e9899da2a2a2046618bec3642c0e4170d,41f692ef5e00f424d3c76d5979e2efaf471c9d2f559bda07bd17e8a4e42fb2b5,train
614,STR-B55D3FD73A77678E9E44,CC(=O)O[C@H]1CCC[C@@H]1C1(C2CCN(CC3CN(c4ccc(S(=O)(=O)c5ccnc(C)c5)cc4)C3)CC2)CN(C)Cc2ccccc21,7.623975776090281,IC50,biochemical_inhibition,BindingDB,,STR-B55D3FD73A77678E9E44,O=S(=O)(c1ccncc1)c1ccc(N2CC(CN3CCC(C4(C5CCCC5)CNCc5ccccc54)CC3)C2)cc1,bemis_murcko,scaffold,scaffold,c36cc6a6a29b1791359d66e339db904e9899da2a2a2046618bec3642c0e4170d,41f692ef5e00f424d3c76d5979e2efaf471c9d2f559bda07bd17e8a4e42fb2b5,train
615,STR-B56EF6AC340F28C175E6,CNC(=O)O[C@H]1CCC[C@@H]1[C@](C#N)(c1ccccc1)C1CCN(CC2CN(c3ccc(C#N)cc3)C2)CC1,7.958607314841775,IC50,biochemical_inhibition,BindingDB,,STR-B56EF6AC340F28C175E6,c1ccc(C(C2CCCC2)C2CCN(CC3CN(c4ccccc4)C3)CC2)cc1,bemis_murcko,scaffold,scaffold,c36cc6a6a29b1791359d66e339db904e9899da2a2a2046618bec3642c0e4170d,41f692ef5e00f424d3c76d5979e2efaf471c9d2f559bda07bd17e8a4e42fb2b5,train
616,STR-B5CAC4750A8CE18735B2,COC(=O)N[C@H]1CCC[C@@H]1[C@](CN1CCOCC1)(c1cccc(F)c1)C1CCN(CC2CN(c3ccc(S(=O)(=O)C4CC4)cc3)C2)CC1,8.468521082957745,IC50,biochemical_inhibition,BindingDB,,STR-B5CAC4750A8CE18735B2,O=S(=O)(c1ccc(N2CC(CN3CCC(C(CN4CCOCC4)(c4ccccc4)C4CCCC4)CC3)C2)cc1)C1CC1,bemis_murcko,scaffold,scaffold,c36cc6a6a29b1791359d66e339db904e9899da2a2a2046618bec3642c0e4170d,41f692ef5e00f424d3c76d5979e2efaf471c9d2f559bda07bd17e8a4e42fb2b5,train
617,STR-B5D946FAC7CA35C5B953,CC(C)N(C(=O)c1cc(F)ccc1Oc1cncnc1N1CC2(CCN(C(=O)[C@H]3N[C@H]4CC[C@@H]3C[C@H]4CC3CC3)CC2)C1)C(C)C,8.148741651280925,IC50,biochemical_inhibition,BindingDB;PubChem,,STR-B5D946FAC7CA35C5B953,O=C(C1NC2CCC1CC2CC1CC1)N1CCC2(CC1)CN(c1ncncc1Oc1ccccc1)C2,bemis_murcko,scaffold,scaffold,c36cc6a6a29b1791359d66e339db904e9899da2a2a2046618bec3642c0e4170d,41f692ef5e00f424d3c76d5979e2efaf471c9d2f559bda07bd17e8a4e42fb2b5,test
618,STR-B714BC7381C3BA11A1BD,CC(=O)O[C@H]1CCC[C@@H]1C1(C2CCN(CC3CN(c4ccc(S(=O)(=O)C5CC5)cc4)C3)CC2)CN(C)Cc2ccccc21,8.045757490560675,IC50,biochemical_inhibition,BindingDB,,STR-B714BC7381C3BA11A1BD,O=S(=O)(c1ccc(N2CC(CN3CCC(C4(C5CCCC5)CNCc5ccccc54)CC3)C2)cc1)C1CC1,bemis_murcko,scaffold,scaffold,c36cc6a6a29b1791359d66e339db904e9899da2a2a2046618bec3642c0e4170d,41f692ef5e00f424d3c76d5979e2efaf471c9d2f559bda07bd17e8a4e42fb2b5,train
619,STR-B86FFEAD38CDA23B5632,O=C(CN1CCC(C2(C3CCCC3)NCCc3ccccc32)CC1)N1Cc2ccccc2C1,5.207608310501746,IC50,biochemical_inhibition,BindingDB,,STR-B86FFEAD38CDA23B5632,O=C(CN1CCC(C2(C3CCCC3)NCCc3ccccc32)CC1)N1Cc2ccccc2C1,bemis_murcko,scaffold,scaffold,c36cc6a6a29b1791359d66e339db904e9899da2a2a2046618bec3642c0e4170d,41f692ef5e00f424d3c76d5979e2efaf471c9d2f559bda07bd17e8a4e42fb2b5,test
620,STR-B8749C56BFCE6CE70125,N#Cc1ccc(OCCCN2CC=C(C3(C4CCCC4)NCCc4ccccc43)CC2)cc1,6.154901959985743,IC50,biochemical_inhibition,BindingDB,,STR-B8749C56BFCE6CE70125,C1=C(C2(C3CCCC3)NCCc3ccccc32)CCN(CCCOc2ccccc2)C1,bemis_murcko,scaffold,scaffold,c36cc6a6a29b1791359d66e339db904e9899da2a2a2046618bec3642c0e4170d,41f692ef5e00f424d3c76d5979e2efaf471c9d2f559bda07bd17e8a4e42fb2b5,test
621,STR-B8BBFC48D37A12C20E1C,CC(=O)N[C@@H](CCCNC(=N)N)C(=O)N[C@@H](Cc1c[nH]c2ccccc12)C(=O)N[C@@H](CCCNC(=N)N)C(=O)N[C@@H](Cc1ccccc1)C(=O)N1CCC[C@H]1C(=O)N[C@@H](C)C(=O)N[C@@H](CCCNC(=N)N)C(=O)N1CCC[C@H]1C(N)=O,6.634512015109101,IC50,biochemical_inhibition,BindingDB,,STR-B8BBFC48D37A12C20E1C,O=C(CCc1c[nH]c2ccccc12)NCC(=O)NC(Cc1ccccc1)C(=O)N1CCCC1C(=O)NCC(=O)NCC(=O)N1CCCC1,bemis_murcko,scaffold,scaffold,c36cc6a6a29b1791359d66e339db904e9899da2a2a2046618bec3642c0e4170d,41f692ef5e00f424d3c76d5979e2efaf471c9d2f559bda07bd17e8a4e42fb2b5,train
622,STR-B8D3AA93809B56B2198C,N#Cc1ccc(N2CC(C(=O)N3CCC(C4(C5CCCC5)NCCc5ccccc54)CC3)C2)cc1,5.3872161432802645,IC50,biochemical_inhibition,BindingDB,,STR-B8D3AA93809B56B2198C,O=C(C1CN(c2ccccc2)C1)N1CCC(C2(C3CCCC3)NCCc3ccccc32)CC1,bemis_murcko,scaffold,scaffold,c36cc6a6a29b1791359d66e339db904e9899da2a2a2046618bec3642c0e4170d,41f692ef5e00f424d3c76d5979e2efaf471c9d2f559bda07bd17e8a4e42fb2b5,train
623,STR-B91B625C26AF1911063A,N#Cc1ccc(OCCCN2CCC(C(C#N)(c3ccccc3)C3CCCC3)CC2)cc1,5.886056647693163,IC50,biochemical_inhibition,BindingDB,,STR-B91B625C26AF1911063A,c1ccc(OCCCN2CCC(C(c3ccccc3)C3CCCC3)CC2)cc1,bemis_murcko,scaffold,scaffold,c36cc6a6a29b1791359d66e339db904e9899da2a2a2046618bec3642c0e4170d,41f692ef5e00f424d3c76d5979e2efaf471c9d2f559bda07bd17e8a4e42fb2b5,train
624,STR-B9852EE345EDCE391831,N#Cc1ccc(OCCCN2CCC(C(C#N)(CC(=O)N3CCCC3)c3ccccc3)CC2)cc1,4.3979400086720375,IC50,biochemical_inhibition,BindingDB,,STR-B9852EE345EDCE391831,O=C(CC(c1ccccc1)C1CCN(CCCOc2ccccc2)CC1)N1CCCC1,bemis_murcko,scaffold,scaffold,c36cc6a6a29b1791359d66e339db904e9899da2a2a2046618bec3642c0e4170d,41f692ef5e00f424d3c76d5979e2efaf471c9d2f559bda07bd17e8a4e42fb2b5,train
625,STR-B9B055BBCE39C09309A4,CN(C)C(=O)N[C@@H]1CCC[C@H]1C(Cn1ccnc1)(c1ccccc1)C1CCN(CC2CN(c3ccc(S(=O)(=O)c4cnn(C)c4)cc3)C2)CC1,5.947306058075032,IC50,biochemical_inhibition,BindingDB,,STR-B9B055BBCE39C09309A4,O=S(=O)(c1ccc(N2CC(CN3CCC(C(Cn4ccnc4)(c4ccccc4)C4CCCC4)CC3)C2)cc1)c1cn[nH]c1,bemis_murcko,scaffold,scaffold,c36cc6a6a29b1791359d66e339db904e9899da2a2a2046618bec3642c0e4170d,41f692ef5e00f424d3c76d5979e2efaf471c9d2f559bda07bd17e8a4e42fb2b5,train
626,STR-B9EA30DEB7647D41BA70,COC[C@@H]1CCC[C@H]1C(C#N)(c1ccccc1)C1CCN(CC2CN(c3ccc(S(=O)(=O)C4CC4)cc3)C2)CC1,5.346787486224656,IC50,biochemical_inhibition,BindingDB,,STR-B9EA30DEB7647D41BA70,O=S(=O)(c1ccc(N2CC(CN3CCC(C(c4ccccc4)C4CCCC4)CC3)C2)cc1)C1CC1,bemis_murcko,scaffold,scaffold,c36cc6a6a29b1791359d66e339db904e9899da2a2a2046618bec3642c0e4170d,41f692ef5e00f424d3c76d5979e2efaf471c9d2f559bda07bd17e8a4e42fb2b5,train
627,STR-BA42992F4D166FFC44F9,CC(=O)N1c2ccccc2NC2=C(C(=O)CC(c3ccc(C(C)(C)C)cc3)C2)C1c1ccncc1,4.545221985379412,IC50,biochemical_inhibition,BindingDB,,STR-BA42992F4D166FFC44F9,O=C1CC(c2ccccc2)CC2=C1C(c1ccncc1)Nc1ccccc1N2,bemis_murcko,scaffold,scaffold,c36cc6a6a29b1791359d66e339db904e9899da2a2a2046618bec3642c0e4170d,41f692ef5e00f424d3c76d5979e2efaf471c9d2f559bda07bd17e8a4e42fb2b5,train
628,STR-BAB280176B241974F757,COC(=O)N[C@@H]1CCC[C@H]1C(C#N)(c1ccccc1)C1CCN(CC2CN(c3ccc(S(=O)(=O)c4ccccc4)cc3)C2)CC1,6.086716098239581,IC50,biochemical_inhibition,BindingDB,,STR-BAB280176B241974F757,O=S(=O)(c1ccccc1)c1ccc(N2CC(CN3CCC(C(c4ccccc4)C4CCCC4)CC3)C2)cc1,bemis_murcko,scaffold,scaffold,c36cc6a6a29b1791359d66e339db904e9899da2a2a2046618bec3642c0e4170d,41f692ef5e00f424d3c76d5979e2efaf471c9d2f559bda07bd17e8a4e42fb2b5,test
629,STR-BAFF2FF7D3D8F1D2F783,Cc1c(CN2CCC(Nc3ncnc4sc(CC(F)(F)F)cc34)CC2)ccc2c1cc(C#N)n2C[C@@H]1CNC(=O)CO1,8.443697499232712,IC50,biochemical_inhibition,BindingDB,,STR-BAFF2FF7D3D8F1D2F783,O=C1COC(Cn2ccc3cc(CN4CCC(Nc5ncnc6sccc56)CC4)ccc32)CN1,bemis_murcko,scaffold,scaffold,c36cc6a6a29b1791359d66e339db904e9899da2a2a2046618bec3642c0e4170d,41f692ef5e00f424d3c76d5979e2efaf471c9d2f559bda07bd17e8a4e42fb2b5,test
630,STR-BB3373616F96D1625E90,CCc1nccn1C[C@@](c1cccc(F)c1)(C1CCN(CC2(F)CN(c3ccc(S(=O)(=O)C4CN(C(=O)/C=C/CN(C)C)C4)cc3)C2)CC1)[C@H]1CCC[C@@H]1NC(=O)OC,9.0,IC50,biochemical_inhibition,BindingDB,,STR-BB3373616F96D1625E90,O=S(=O)(c1ccc(N2CC(CN3CCC(C(Cn4ccnc4)(c4ccccc4)C4CCCC4)CC3)C2)cc1)C1CNC1,bemis_murcko,scaffold,scaffold,c36cc6a6a29b1791359d66e339db904e9899da2a2a2046618bec3642c0e4170d,41f692ef5e00f424d3c76d5979e2efaf471c9d2f559bda07bd17e8a4e42fb2b5,train
631,STR-BB6834654E58B4C699C1,CCN(C(=O)c1cc(F)ccc1-n1c(C)c(C(=O)[C@@H]2CCN(C(=O)[C@@H]3CCC4(CC4)N3)[C@@H](C)C2)c2ccncc21)C(C)C,7.770303756120384,IC50,biochemical_inhibition,PubChem,2025.0,STR-BB6834654E58B4C699C1,O=C(c1cn(-c2ccccc2)c2cnccc12)C1CCN(C(=O)C2CCC3(CC3)N2)CC1,bemis_murcko,scaffold,scaffold,c36cc6a6a29b1791359d66e339db904e9899da2a2a2046618bec3642c0e4170d,41f692ef5e00f424d3c76d5979e2efaf471c9d2f559bda07bd17e8a4e42fb2b5,train
632,STR-BB6E6551F03D8DF53FBE,NC(=O)Cc1nc(-c2cccc(Cl)c2)cs1,3.8632794328435938,IC50,biochemical_inhibition,BindingDB,,STR-BB6E6551F03D8DF53FBE,c1ccc(-c2cscn2)cc1,bemis_murcko,scaffold,scaffold,c36cc6a6a29b1791359d66e339db904e9899da2a2a2046618bec3642c0e4170d,41f692ef5e00f424d3c76d5979e2efaf471c9d2f559bda07bd17e8a4e42fb2b5,train
633,STR-BB7B1C3CD2EFE9AFE2C0,CCC(=O)N1C[C@@H]2C[C@H]1CN2S(=O)(=O)c1ccc(N2CC(CN3CCC([C@@](CN4CCC4)(c4cccc(F)c4)[C@H]4CCC[C@@H]4NC(=O)OC)CC3)(OC)C2)cc1,8.3767507096021,IC50,biochemical_inhibition,BindingDB,,STR-BB7B1C3CD2EFE9AFE2C0,O=S(=O)(c1ccc(N2CC(CN3CCC(C(CN4CCC4)(c4ccccc4)C4CCCC4)CC3)C2)cc1)N1CC2CC1CN2,bemis_murcko,scaffold,scaffold,c36cc6a6a29b1791359d66e339db904e9899da2a2a2046618bec3642c0e4170d,41f692ef5e00f424d3c76d5979e2efaf471c9d2f559bda07bd17e8a4e42fb2b5,train
634,STR-BBDEE229539FC0F65C83,c1ccc(CN2CCC(C3(c4ccccn4)CNCc4ccccc43)CC2)cc1,2.5238932831598087,IC50,biochemical_inhibition,BindingDB,,STR-BBDEE229539FC0F65C83,c1ccc(CN2CCC(C3(c4ccccn4)CNCc4ccccc43)CC2)cc1,bemis_murcko,scaffold,scaffold,c36cc6a6a29b1791359d66e339db904e9899da2a2a2046618bec3642c0e4170d,41f692ef5e00f424d3c76d5979e2efaf471c9d2f559bda07bd17e8a4e42fb2b5,train
635,STR-BCA0F622E9E3F054F3B9,C[C@@H]1CCC[C@H](C)N1C(=O)c1cc(F)ccc1-n1cc(C(=O)C2CCN(C(=O)[C@H]3N[C@@H]4CC[C@H]3C4)CC2)c2ccncc21,7.431798275933005,IC50,biochemical_inhibition,PubChem,2025.0,STR-BCA0F622E9E3F054F3B9,O=C(c1cn(-c2ccccc2C(=O)N2CCCCC2)c2cnccc12)C1CCN(C(=O)C2NC3CCC2C3)CC1,bemis_murcko,scaffold,scaffold,c36cc6a6a29b1791359d66e339db904e9899da2a2a2046618bec3642c0e4170d,41f692ef5e00f424d3c76d5979e2efaf471c9d2f559bda07bd17e8a4e42fb2b5,train
636,STR-BD3C32C55755152AB6D1,CCN1Cc2ccccc2C(C2CCN(CC3CN(c4ccc(S(=O)(=O)c5cnn(C)c5)cc4)C3)CC2)([C@H]2CCC[C@@H]2NC(=O)NC)C1,8.154901959985743,IC50,biochemical_inhibition,BindingDB,,STR-BD3C32C55755152AB6D1,O=S(=O)(c1ccc(N2CC(CN3CCC(C4(C5CCCC5)CNCc5ccccc54)CC3)C2)cc1)c1cn[nH]c1,bemis_murcko,scaffold,scaffold,c36cc6a6a29b1791359d66e339db904e9899da2a2a2046618bec3642c0e4170d,41f692ef5e00f424d3c76d5979e2efaf471c9d2f559bda07bd17e8a4e42fb2b5,train
637,STR-BD5E8CD3F04E20EF2036,CCc1nccn1C[C@@](c1cccc(F)c1)(C1CCN(CC2CN(c3ccc(S(=O)(=O)C4CN(C(=O)/C=C/CN(C)C)C4)cc3)C2)CC1)[C@H]1CCC[C@@H]1NC(=O)OC,8.734260541478871,IC50,biochemical_inhibition,BindingDB,,STR-BD5E8CD3F04E20EF2036,O=S(=O)(c1ccc(N2CC(CN3CCC(C(Cn4ccnc4)(c4ccccc4)C4CCCC4)CC3)C2)cc1)C1CNC1,bemis_murcko,scaffold,scaffold,c36cc6a6a29b1791359d66e339db904e9899da2a2a2046618bec3642c0e4170d,41f692ef5e00f424d3c76d5979e2efaf471c9d2f559bda07bd17e8a4e42fb2b5,train
638,STR-BD9FCFA15F8B311D296A,CNc1nc(NC2CCN(Cc3ccc4c(cc(C#N)n4CC45CC(NC=O)(C4)C5)c3C)CC2)c2cc(CCC(F)(F)F)sc2n1,9.30102999566398,IC50,biochemical_inhibition,PubChem,2025.0,STR-BD9FCFA15F8B311D296A,c1nc(NC2CCN(Cc3ccc4c(ccn4CC45CC(C4)C5)c3)CC2)c2ccsc2n1,bemis_murcko,scaffold,scaffold,c36cc6a6a29b1791359d66e339db904e9899da2a2a2046618bec3642c0e4170d,41f692ef5e00f424d3c76d5979e2efaf471c9d2f559bda07bd17e8a4e42fb2b5,train
639,STR-BEF59984678C49DF2998,COC(=O)N[C@H]1CCC[C@@H]1C(Cn1ccnc1)(c1ccccc1)C1CCN(CC2CN(c3ccc(S(=O)(=O)c4cnn(C)c4)cc3)C2)CC1,8.154901959985743,IC50,biochemical_inhibition,BindingDB,,STR-BEF59984678C49DF2998,O=S(=O)(c1ccc(N2CC(CN3CCC(C(Cn4ccnc4)(c4ccccc4)C4CCCC4)CC3)C2)cc1)c1cn[nH]c1,bemis_murcko,scaffold,scaffold,c36cc6a6a29b1791359d66e339db904e9899da2a2a2046618bec3642c0e4170d,41f692ef5e00f424d3c76d5979e2efaf471c9d2f559bda07bd17e8a4e42fb2b5,train
640,STR-BF1214B82FC052E63D5D,CNC(=O)O[C@H]1CCC[C@@H]1C(Cn1ccnc1)(c1ccccc1)C1CCN(CC2CN(c3ccc(C(F)(F)F)cc3)C2)CC1,8.397940008672037,IC50,biochemical_inhibition,BindingDB,,STR-BF1214B82FC052E63D5D,c1ccc(N2CC(CN3CCC(C(Cn4ccnc4)(c4ccccc4)C4CCCC4)CC3)C2)cc1,bemis_murcko,scaffold,scaffold,c36cc6a6a29b1791359d66e339db904e9899da2a2a2046618bec3642c0e4170d,41f692ef5e00f424d3c76d5979e2efaf471c9d2f559bda07bd17e8a4e42fb2b5,train
641,STR-BF401908AD838E3D878A,COC(=O)N[C@@H]1CCC[C@H]1C(C#N)(c1ccccc1)C1CCN(CC2CN(c3ccc(S(=O)(=O)c4ccc(C(=O)O)cc4)cc3)C2)CC1,5.568636235841012,IC50,biochemical_inhibition,BindingDB,,STR-BF401908AD838E3D878A,O=S(=O)(c1ccccc1)c1ccc(N2CC(CN3CCC(C(c4ccccc4)C4CCCC4)CC3)C2)cc1,bemis_murcko,scaffold,scaffold,c36cc6a6a29b1791359d66e339db904e9899da2a2a2046618bec3642c0e4170d,41f692ef5e00f424d3c76d5979e2efaf471c9d2f559bda07bd17e8a4e42fb2b5,test
642,STR-BFADD52B1F3CC9E98A32,CNC(=O)C[C@@H]1CCC[C@H]1C(C#N)(c1ccccc1)C1CCN(CC2CN(c3ccc(S(=O)(=O)c4ccncc4)cc3)C2)CC1,5.2839966563652006,IC50,biochemical_inhibition,BindingDB,,STR-BFADD52B1F3CC9E98A32,O=S(=O)(c1ccncc1)c1ccc(N2CC(CN3CCC(C(c4ccccc4)C4CCCC4)CC3)C2)cc1,bemis_murcko,scaffold,scaffold,c36cc6a6a29b1791359d66e339db904e9899da2a2a2046618bec3642c0e4170d,41f692ef5e00f424d3c76d5979e2efaf471c9d2f559bda07bd17e8a4e42fb2b5,train
643,STR-BFC54DF7D74405B04BF7,N#Cc1ccc(OCCCN2CCC(C(O)(c3cccc(F)c3)C3CCCC3)CC2)cc1,6.7055337738384075,IC50,biochemical_inhibition,BindingDB;PubChem,,STR-BFC54DF7D74405B04BF7,c1ccc(OCCCN2CCC(C(c3ccccc3)C3CCCC3)CC2)cc1,bemis_murcko,scaffold,scaffold,c36cc6a6a29b1791359d66e339db904e9899da2a2a2046618bec3642c0e4170d,41f692ef5e00f424d3c76d5979e2efaf471c9d2f559bda07bd17e8a4e42fb2b5,train
644,STR-BFEFCE716723343EF3B2,CCc1cccc(C[C@@H]2NC(=O)[C@@H](N)CCCCCCCCNC(=O)[C@@H]3CCCN3C(=O)[C@H](CCCN=C(N)N)NC(=O)C3(CCC3)NC(=O)[C@@H]3CCCN3C2=O)c1,5.336299074610352,IC50,biochemical_inhibition,PubChem,2013.0,STR-BFEFCE716723343EF3B2,O=C1CCCCCCCCCNC(=O)C2CCCN2C(=O)CNC(=O)C2(CCC2)NC(=O)C2CCCN2C(=O)C(Cc2ccccc2)N1,bemis_murcko,scaffold,scaffold,c36cc6a6a29b1791359d66e339db904e9899da2a2a2046618bec3642c0e4170d,41f692ef5e00f424d3c76d5979e2efaf471c9d2f559bda07bd17e8a4e42fb2b5,test
645,STR-C0C912780560E33EFE90,COC(=O)N[C@H]1CCC[C@@H]1[C@](CN1CCCCC1)(c1cccc(F)c1)C1CCN(CC2CN(c3ccc(S(=O)(=O)C4CN(C(=O)/C=C/CN(C)C)C4)cc3)C2)CC1,8.698970004336019,IC50,biochemical_inhibition,BindingDB,,STR-C0C912780560E33EFE90,O=S(=O)(c1ccc(N2CC(CN3CCC(C(CN4CCCCC4)(c4ccccc4)C4CCCC4)CC3)C2)cc1)C1CNC1,bemis_murcko,scaffold,scaffold,c36cc6a6a29b1791359d66e339db904e9899da2a2a2046618bec3642c0e4170d,41f692ef5e00f424d3c76d5979e2efaf471c9d2f559bda07bd17e8a4e42fb2b5,train
646,STR-C1068E6D56154FD2A495,CC(C)N(C(=O)c1cc(F)ccc1-n1cc(C(=O)C2CCN(C(=O)[C@H]3NC[C@@H]4C[C@@H]43)CC2)c2ccncc21)C(C)C,7.7827155479829,IC50,biochemical_inhibition,PubChem,2025.0,STR-C1068E6D56154FD2A495,O=C(c1cn(-c2ccccc2)c2cnccc12)C1CCN(C(=O)C2NCC3CC32)CC1,bemis_murcko,scaffold,scaffold,c36cc6a6a29b1791359d66e339db904e9899da2a2a2046618bec3642c0e4170d,41f692ef5e00f424d3c76d5979e2efaf471c9d2f559bda07bd17e8a4e42fb2b5,train
647,STR-C16923E52D20199D1E6F,C=CC(=O)N1C[C@@H]2C[C@H]1CN2S(=O)(=O)c1ccc(N2CC(CN3CCC([C@@](CN4CCC4)(c4cccc(F)c4)[C@H]4CCC[C@@H]4NC(=O)OC)CC3)(OC)C2)cc1,8.568636235841012,IC50,biochemical_inhibition,BindingDB,,STR-C16923E52D20199D1E6F,O=S(=O)(c1ccc(N2CC(CN3CCC(C(CN4CCC4)(c4ccccc4)C4CCCC4)CC3)C2)cc1)N1CC2CC1CN2,bemis_murcko,scaffold,scaffold,c36cc6a6a29b1791359d66e339db904e9899da2a2a2046618bec3642c0e4170d,41f692ef5e00f424d3c76d5979e2efaf471c9d2f559bda07bd17e8a4e42fb2b5,train
648,STR-C21882423633547B198F,N#Cc1ccc(OCCCN2CCC([C@@](N)(c3ccccc3)C3CCCC3)CC2)cc1,7.251811972993799,IC50,biochemical_inhibition,BindingDB;PubChem,,STR-C21882423633547B198F,c1ccc(OCCCN2CCC(C(c3ccccc3)C3CCCC3)CC2)cc1,bemis_murcko,scaffold,scaffold,c36cc6a6a29b1791359d66e339db904e9899da2a2a2046618bec3642c0e4170d,41f692ef5e00f424d3c76d5979e2efaf471c9d2f559bda07bd17e8a4e42fb2b5,train
649,STR-C24E330B171F75FD816E,CC(=O)N[C@H]1CCC[C@@H]1C(C#N)(c1ccccc1)C1CCN(CC2CN(c3ccc(S(=O)(=O)c4ccncc4)cc3)C2)CC1,8.0,IC50,biochemical_inhibition,BindingDB,,STR-C24E330B171F75FD816E,O=S(=O)(c1ccncc1)c1ccc(N2CC(CN3CCC(C(c4ccccc4)C4CCCC4)CC3)C2)cc1,bemis_murcko,scaffold,scaffold,c36cc6a6a29b1791359d66e339db904e9899da2a2a2046618bec3642c0e4170d,41f692ef5e00f424d3c76d5979e2efaf471c9d2f559bda07bd17e8a4e42fb2b5,train
650,STR-C24FEE7237633011F0F2,COC(=O)N[C@H]1CCC[C@@H]1[C@](CN1CCC1)(c1cccc(F)c1)C1CCN(CC2CN(c3ccc(S(=O)(=O)C4CN(C(=O)/C=C/CN(C)C)C4)cc3)C2)CC1,8.522878745280337,IC50,biochemical_inhibition,BindingDB,,STR-C24FEE7237633011F0F2,O=S(=O)(c1ccc(N2CC(CN3CCC(C(CN4CCC4)(c4ccccc4)C4CCCC4)CC3)C2)cc1)C1CNC1,bemis_murcko,scaffold,scaffold,c36cc6a6a29b1791359d66e339db904e9899da2a2a2046618bec3642c0e4170d,41f692ef5e00f424d3c76d5979e2efaf471c9d2f559bda07bd17e8a4e42fb2b5,train
651,STR-C388369FA2BBC8775FB4,CCS(=O)(=O)c1ccc(N2CC(CN3CCC(C4(C5CCCC5)NCCc5ccccc54)CC3)C2)cc1,7.495699914119041,IC50,biochemical_inhibition,BindingDB,,STR-C388369FA2BBC8775FB4,c1ccc(N2CC(CN3CCC(C4(C5CCCC5)NCCc5ccccc54)CC3)C2)cc1,bemis_murcko,scaffold,scaffold,c36cc6a6a29b1791359d66e339db904e9899da2a2a2046618bec3642c0e4170d,41f692ef5e00f424d3c76d5979e2efaf471c9d2f559bda07bd17e8a4e42fb2b5,train
652,STR-C3AB20114EC3D149B3FF,CC(=O)N[C@@H]1CCC[C@H]1C1(C2CCN(CC3CN(c4ccc(S(=O)(=O)c5cnn(C)c5)cc4)C3)CC2)CNCc2ccccc21,6.607303046740334,IC50,biochemical_inhibition,BindingDB,,STR-C3AB20114EC3D149B3FF,O=S(=O)(c1ccc(N2CC(CN3CCC(C4(C5CCCC5)CNCc5ccccc54)CC3)C2)cc1)c1cn[nH]c1,bemis_murcko,scaffold,scaffold,c36cc6a6a29b1791359d66e339db904e9899da2a2a2046618bec3642c0e4170d,41f692ef5e00f424d3c76d5979e2efaf471c9d2f559bda07bd17e8a4e42fb2b5,train
653,STR-C3D8B6AB5924C8373F29,Cc1cc(C#N)ccc1N1CC(CN2CCC(C3(C4CCCC4)NCCc4ccccc43)CC2)C1,7.00436480540245,IC50,biochemical_inhibition,BindingDB,,STR-C3D8B6AB5924C8373F29,c1ccc(N2CC(CN3CCC(C4(C5CCCC5)NCCc5ccccc54)CC3)C2)cc1,bemis_murcko,scaffold,scaffold,c36cc6a6a29b1791359d66e339db904e9899da2a2a2046618bec3642c0e4170d,41f692ef5e00f424d3c76d5979e2efaf471c9d2f559bda07bd17e8a4e42fb2b5,train
654,STR-C43E9CAC606D3F496EC2,FCc1nnc(N2CCN(c3ncnc4sc(CC(F)(F)F)cc34)CC2)s1,5.781727146428553,IC50,biochemical_inhibition,BindingDB;PubChem,,STR-C43E9CAC606D3F496EC2,c1nc(N2CCN(c3nncs3)CC2)c2ccsc2n1,bemis_murcko,scaffold,scaffold,c36cc6a6a29b1791359d66e339db904e9899da2a2a2046618bec3642c0e4170d,41f692ef5e00f424d3c76d5979e2efaf471c9d2f559bda07bd17e8a4e42fb2b5,train
655,STR-C44F56C9778A0067D259,CC(C)C(O)(c1ccccc1)C1CCN(CCCOc2ccc(C#N)cc2)CC1,5.3872161432802645,IC50,biochemical_inhibition,BindingDB;PubChem,,STR-C44F56C9778A0067D259,c1ccc(CC2CCN(CCCOc3ccccc3)CC2)cc1,bemis_murcko,scaffold,scaffold,c36cc6a6a29b1791359d66e339db904e9899da2a2a2046618bec3642c0e4170d,41f692ef5e00f424d3c76d5979e2efaf471c9d2f559bda07bd17e8a4e42fb2b5,train
656,STR-C4A801F174E1E034721C,CCN1Cc2ccccc2C(C2CCN(CC3CN(c4ccc(S(=O)(=O)c5cnn(C)c5)cc4)C3)CC2)([C@H]2CCC[C@@H]2NC(C)=O)C1,7.958607314841775,IC50,biochemical_inhibition,BindingDB,,STR-C4A801F174E1E034721C,O=S(=O)(c1ccc(N2CC(CN3CCC(C4(C5CCCC5)CNCc5ccccc54)CC3)C2)cc1)c1cn[nH]c1,bemis_murcko,scaffold,scaffold,c36cc6a6a29b1791359d66e339db904e9899da2a2a2046618bec3642c0e4170d,41f692ef5e00f424d3c76d5979e2efaf471c9d2f559bda07bd17e8a4e42fb2b5,train
657,STR-C4B1DDEAAB585CA4BC3C,CN(C)CCCOc1cccc(CN2CCC(Nc3ncnc4sc(CC(F)(F)F)cc34)CC2)c1,5.133712660915805,IC50,biochemical_inhibition,PubChem,2021.0,STR-C4B1DDEAAB585CA4BC3C,c1ccc(CN2CCC(Nc3ncnc4sccc34)CC2)cc1,bemis_murcko,scaffold,scaffold,c36cc6a6a29b1791359d66e339db904e9899da2a2a2046618bec3642c0e4170d,41f692ef5e00f424d3c76d5979e2efaf471c9d2f559bda07bd17e8a4e42fb2b5,train
658,STR-C52DE5B6B6E8022BCAB7,N#CC(c1ccccc1)(C1CCN(CC2CN(c3ccc(S(=O)(=O)c4ccncc4)cc3)C2)CC1)[C@H]1CCC[C@@H]1CCO,6.047207556955907,IC50,biochemical_inhibition,BindingDB,,STR-C52DE5B6B6E8022BCAB7,O=S(=O)(c1ccncc1)c1ccc(N2CC(CN3CCC(C(c4ccccc4)C4CCCC4)CC3)C2)cc1,bemis_murcko,scaffold,scaffold,c36cc6a6a29b1791359d66e339db904e9899da2a2a2046618bec3642c0e4170d,41f692ef5e00f424d3c76d5979e2efaf471c9d2f559bda07bd17e8a4e42fb2b5,train
659,STR-C555A82898E9FBE8534F,C[C@@H]1NC(=O)[C@@H]2CCCN2C(=O)[C@H](Cc2ccccc2)NC(=O)CCCCCCCCCNC(=O)[C@@H]2CCCN2C(=O)[C@H](CCCNC(=N)N)NC1=O,5.1904402853647325,IC50,biochemical_inhibition,BindingDB,,STR-C555A82898E9FBE8534F,O=C1CNC(=O)C2CCCN2C(=O)C(Cc2ccccc2)NC(=O)CCCCCCCCCNC(=O)C2CCCN2C(=O)CN1,bemis_murcko,scaffold,scaffold,c36cc6a6a29b1791359d66e339db904e9899da2a2a2046618bec3642c0e4170d,41f692ef5e00f424d3c76d5979e2efaf471c9d2f559bda07bd17e8a4e42fb2b5,train
660,STR-C6579F1285FA63B28E81,N#Cc1ccc(OCCCN2CCC([C@](O)(c3ccccn3)C3CCCC3)CC2)cc1,6.709965388637482,IC50,biochemical_inhibition,BindingDB;PubChem,,STR-C6579F1285FA63B28E81,c1ccc(OCCCN2CCC(C(c3ccccn3)C3CCCC3)CC2)cc1,bemis_murcko,scaffold,scaffold,c36cc6a6a29b1791359d66e339db904e9899da2a2a2046618bec3642c0e4170d,41f692ef5e00f424d3c76d5979e2efaf471c9d2f559bda07bd17e8a4e42fb2b5,test
661,STR-C6C7319A2332D2316F26,COC(=O)N[C@H]1CCC[C@@H]1[C@](CN1CCC1)(c1cccc(F)c1)C1CCN(CC2CN(c3ccc(S(=O)(=O)C4CN(C(=O)/C=C/CN5CC(F)C5)C4)cc3)C2)CC1,8.698970004336019,IC50,biochemical_inhibition,BindingDB,,STR-C6C7319A2332D2316F26,O=C(C=CCN1CCC1)N1CC(S(=O)(=O)c2ccc(N3CC(CN4CCC(C(CN5CCC5)(c5ccccc5)C5CCCC5)CC4)C3)cc2)C1,bemis_murcko,scaffold,scaffold,c36cc6a6a29b1791359d66e339db904e9899da2a2a2046618bec3642c0e4170d,41f692ef5e00f424d3c76d5979e2efaf471c9d2f559bda07bd17e8a4e42fb2b5,train
662,STR-C7284B226A7FB3CA10F9,CN1Cc2ccccc2C(c2ccccn2)(C2CCN(CCCOc3ccc(C#N)cc3)CC2)C1,5.251811972993799,IC50,biochemical_inhibition,BindingDB,,STR-C7284B226A7FB3CA10F9,c1ccc(OCCCN2CCC(C3(c4ccccn4)CNCc4ccccc43)CC2)cc1,bemis_murcko,scaffold,scaffold,c36cc6a6a29b1791359d66e339db904e9899da2a2a2046618bec3642c0e4170d,41f692ef5e00f424d3c76d5979e2efaf471c9d2f559bda07bd17e8a4e42fb2b5,train
663,STR-C7F0E76CC5EC752D86FB,CCC(=O)O[C@H]1CCC[C@@H]1[C@](C#N)(c1ccccc1)C1CCN(CC2CN(c3ccc(C#N)cc3)C2)CC1,7.481486060122112,IC50,biochemical_inhibition,BindingDB,,STR-C7F0E76CC5EC752D86FB,c1ccc(C(C2CCCC2)C2CCN(CC3CN(c4ccccc4)C3)CC2)cc1,bemis_murcko,scaffold,scaffold,c36cc6a6a29b1791359d66e339db904e9899da2a2a2046618bec3642c0e4170d,41f692ef5e00f424d3c76d5979e2efaf471c9d2f559bda07bd17e8a4e42fb2b5,train
664,STR-C92E86A48527711BF43C,Cc1c(CN2CCC(Nc3ncnc4sc(CC(F)(F)F)cc34)CC2)ccc2c1cc(C#N)n2CCC1CCN(S(N)(=O)=O)CC1,7.42021640338319,IC50,biochemical_inhibition,BindingDB,,STR-C92E86A48527711BF43C,c1nc(NC2CCN(Cc3ccc4c(ccn4CCC4CCNCC4)c3)CC2)c2ccsc2n1,bemis_murcko,scaffold,scaffold,c36cc6a6a29b1791359d66e339db904e9899da2a2a2046618bec3642c0e4170d,41f692ef5e00f424d3c76d5979e2efaf471c9d2f559bda07bd17e8a4e42fb2b5,train
665,STR-C948DFA16530F4445B5E,COc1ccc(C2CC(=O)C3=C(C2)Nc2ccccc2NC3c2ccccc2C)cc1OC,3.939302159646388,IC50,biochemical_inhibition,BindingDB,,STR-C948DFA16530F4445B5E,O=C1CC(c2ccccc2)CC2=C1C(c1ccccc1)Nc1ccccc1N2,bemis_murcko,scaffold,scaffold,c36cc6a6a29b1791359d66e339db904e9899da2a2a2046618bec3642c0e4170d,41f692ef5e00f424d3c76d5979e2efaf471c9d2f559bda07bd17e8a4e42fb2b5,train
666,STR-C958B9047F1B12915566,c1ccc(CN2CCC(CC3(C4CCCC4)NCCc4ccccc43)CC2)cc1,4.075204004202088,IC50,biochemical_inhibition,BindingDB,,STR-C958B9047F1B12915566,c1ccc(CN2CCC(CC3(C4CCCC4)NCCc4ccccc43)CC2)cc1,bemis_murcko,scaffold,scaffold,c36cc6a6a29b1791359d66e339db904e9899da2a2a2046618bec3642c0e4170d,41f692ef5e00f424d3c76d5979e2efaf471c9d2f559bda07bd17e8a4e42fb2b5,train
667,STR-C9E0EFAEE2C6ACA45C7C,CNC(=O)O[C@H]1CCC[C@@H]1C(Cn1ccnc1C)(c1cccc(F)c1)C1CCN(CC2CN(c3ccc(Cl)cc3)C2)CC1,8.221848749616356,IC50,biochemical_inhibition,BindingDB,,STR-C9E0EFAEE2C6ACA45C7C,c1ccc(N2CC(CN3CCC(C(Cn4ccnc4)(c4ccccc4)C4CCCC4)CC3)C2)cc1,bemis_murcko,scaffold,scaffold,c36cc6a6a29b1791359d66e339db904e9899da2a2a2046618bec3642c0e4170d,41f692ef5e00f424d3c76d5979e2efaf471c9d2f559bda07bd17e8a4e42fb2b5,train
668,STR-CA5FBB5B185EEEDFCC44,CNC(=O)O[C@H]1CCC[C@@H]1C(Cn1ccnc1)(c1ccccc1)C1CCN(CC2CN(c3ccc(S(=O)(=O)c4ccc(OC=O)cc4)cc3)C2)CC1,7.832773124424534,IC50,biochemical_inhibition,BindingDB,,STR-CA5FBB5B185EEEDFCC44,O=S(=O)(c1ccccc1)c1ccc(N2CC(CN3CCC(C(Cn4ccnc4)(c4ccccc4)C4CCCC4)CC3)C2)cc1,bemis_murcko,scaffold,scaffold,c36cc6a6a29b1791359d66e339db904e9899da2a2a2046618bec3642c0e4170d,41f692ef5e00f424d3c76d5979e2efaf471c9d2f559bda07bd17e8a4e42fb2b5,train
669,STR-CA62BD75150EE5118BF4,C[C@@H]1NC(=O)[C@@H]2CCCN2C(=O)[C@H](Cc2ccccc2)NC(=O)[C@@H](N)CCCCCCCCNC(=O)[C@@H]2CCCN2C(=O)[C@H](CCCN=C(N)N)NC1=O,6.1771783546968955,IC50,biochemical_inhibition,PubChem,2013.0,STR-CA62BD75150EE5118BF4,O=C1CNC(=O)C2CCCN2C(=O)C(Cc2ccccc2)NC(=O)CCCCCCCCCNC(=O)C2CCCN2C(=O)CN1,bemis_murcko,scaffold,scaffold,c36cc6a6a29b1791359d66e339db904e9899da2a2a2046618bec3642c0e4170d,41f692ef5e00f424d3c76d5979e2efaf471c9d2f559bda07bd17e8a4e42fb2b5,train
670,STR-CAC36670E13A5F8A68CE,CNC(=O)O[C@H]1CCC[C@@H]1C1(C2CCN(CC3CN(c4ccc(S(=O)(=O)c5ccncc5)cc4)C3)CC2)CN(C)Cc2ccccc21,8.397940008672037,IC50,biochemical_inhibition,BindingDB,,STR-CAC36670E13A5F8A68CE,O=S(=O)(c1ccncc1)c1ccc(N2CC(CN3CCC(C4(C5CCCC5)CNCc5ccccc54)CC3)C2)cc1,bemis_murcko,scaffold,scaffold,c36cc6a6a29b1791359d66e339db904e9899da2a2a2046618bec3642c0e4170d,41f692ef5e00f424d3c76d5979e2efaf471c9d2f559bda07bd17e8a4e42fb2b5,train
671,STR-CAD50D46562C0D29D331,CCN(C(=O)c1cc(F)ccc1Oc1nncnc1N1CCC2(C1)CN([C@H](CCCN(C)CCOC)C(C)C)C2)C(C)C,9.8767507096021,IC50,biochemical_inhibition,BindingDB,,STR-CAD50D46562C0D29D331,c1ccc(Oc2nncnc2N2CCC3(CNC3)C2)cc1,bemis_murcko,scaffold,scaffold,c36cc6a6a29b1791359d66e339db904e9899da2a2a2046618bec3642c0e4170d,41f692ef5e00f424d3c76d5979e2efaf471c9d2f559bda07bd17e8a4e42fb2b5,train
672,STR-CB65BC34DC11FA6EB615,CNC(=O)N[C@H]1CCC[C@@H]1C1(C2CCN(CC3CN(c4ccc(S(=O)(=O)c5ccncc5)cc4)C3)CC2)CN(C)Cc2ccccc21,8.096910013008056,IC50,biochemical_inhibition,BindingDB,,STR-CB65BC34DC11FA6EB615,O=S(=O)(c1ccncc1)c1ccc(N2CC(CN3CCC(C4(C5CCCC5)CNCc5ccccc54)CC3)C2)cc1,bemis_murcko,scaffold,scaffold,c36cc6a6a29b1791359d66e339db904e9899da2a2a2046618bec3642c0e4170d,41f692ef5e00f424d3c76d5979e2efaf471c9d2f559bda07bd17e8a4e42fb2b5,train
673,STR-CB6BEDB78F6FB38506EE,CC(C)N(C(=O)c1cc(F)ccc1-n1cc(C(=O)C2CN(C(=O)[C@H]3N[C@@H]4CC[C@H]3C4)C2)c2ccncc21)C(C)C,7.744727494896693,IC50,biochemical_inhibition,PubChem,2025.0,STR-CB6BEDB78F6FB38506EE,O=C(c1cn(-c2ccccc2)c2cnccc12)C1CN(C(=O)C2NC3CCC2C3)C1,bemis_murcko,scaffold,scaffold,c36cc6a6a29b1791359d66e339db904e9899da2a2a2046618bec3642c0e4170d,41f692ef5e00f424d3c76d5979e2efaf471c9d2f559bda07bd17e8a4e42fb2b5,train
674,STR-CB98D7BBE456411A25E7,N#Cc1ccc(OCCCN2CCC(C3(C4CCCCC4)NCCc4ccccc43)CC2)cc1,6.522878745280337,IC50,biochemical_inhibition,BindingDB,,STR-CB98D7BBE456411A25E7,c1ccc(OCCCN2CCC(C3(C4CCCCC4)NCCc4ccccc43)CC2)cc1,bemis_murcko,scaffold,scaffold,c36cc6a6a29b1791359d66e339db904e9899da2a2a2046618bec3642c0e4170d,41f692ef5e00f424d3c76d5979e2efaf471c9d2f559bda07bd17e8a4e42fb2b5,train
675,STR-CC05FA7F39995CB495AE,CCCCC(=O)c1cc2cc(CCN3CCC(C4(C5CCCC5)NCCc5ccccc54)CC3)ccc2n1C,5.552841968657781,IC50,biochemical_inhibition,BindingDB,,STR-CC05FA7F39995CB495AE,c1ccc2c(c1)CCNC2(C1CCCC1)C1CCN(CCc2ccc3[nH]ccc3c2)CC1,bemis_murcko,scaffold,scaffold,c36cc6a6a29b1791359d66e339db904e9899da2a2a2046618bec3642c0e4170d,41f692ef5e00f424d3c76d5979e2efaf471c9d2f559bda07bd17e8a4e42fb2b5,train
676,STR-CC119FD289E2F37C242E,COC(=O)N[C@H]1CCC[C@@H]1[C@](CN1CCC1)(c1cccc(F)c1)C1CCN(CC2CN(c3ccc(S(=O)(=O)C4CN(C(=O)/C=C/CN5CCCCC5)C4)cc3)C2)CC1,8.585026652029182,IC50,biochemical_inhibition,BindingDB,,STR-CC119FD289E2F37C242E,O=C(C=CCN1CCCCC1)N1CC(S(=O)(=O)c2ccc(N3CC(CN4CCC(C(CN5CCC5)(c5ccccc5)C5CCCC5)CC4)C3)cc2)C1,bemis_murcko,scaffold,scaffold,c36cc6a6a29b1791359d66e339db904e9899da2a2a2046618bec3642c0e4170d,41f692ef5e00f424d3c76d5979e2efaf471c9d2f559bda07bd17e8a4e42fb2b5,train
677,STR-CC5A13637E8A037A05FE,C=CCO[C@H]1C[C@H]2C[C@@H]1N[C@@H]2C(=O)N1CC2(C1)CN(c1c(C(F)(F)F)cnc3sc(CC(F)(F)F)cc13)C2,7.268411234813261,IC50,biochemical_inhibition,BindingDB;PubChem,,STR-CC5A13637E8A037A05FE,O=C(C1NC2CCC1C2)N1CC2(C1)CN(c1ccnc3sccc13)C2,bemis_murcko,scaffold,scaffold,c36cc6a6a29b1791359d66e339db904e9899da2a2a2046618bec3642c0e4170d,41f692ef5e00f424d3c76d5979e2efaf471c9d2f559bda07bd17e8a4e42fb2b5,test
678,STR-CC5B3077D44A183298E0,CC(=O)N1CCC(CCn2c(C#N)cc3c(C)c(CN4CCC(Nc5ncnc6sc(CC(F)(F)F)cc56)CC4)ccc32)CC1,6.886056647693163,IC50,biochemical_inhibition,BindingDB,,STR-CC5B3077D44A183298E0,c1nc(NC2CCN(Cc3ccc4c(ccn4CCC4CCNCC4)c3)CC2)c2ccsc2n1,bemis_murcko,scaffold,scaffold,c36cc6a6a29b1791359d66e339db904e9899da2a2a2046618bec3642c0e4170d,41f692ef5e00f424d3c76d5979e2efaf471c9d2f559bda07bd17e8a4e42fb2b5,train
679,STR-CCECBC8279B18ADB4096,CC1(C)CN=C(N2CCN(c3ncnc4sc(CCF)cc34)CC2)S1,6.585026652029182,IC50,biochemical_inhibition,BindingDB;PubChem,,STR-CCECBC8279B18ADB4096,c1nc(N2CCN(C3=NCCS3)CC2)c2ccsc2n1,bemis_murcko,scaffold,scaffold,c36cc6a6a29b1791359d66e339db904e9899da2a2a2046618bec3642c0e4170d,41f692ef5e00f424d3c76d5979e2efaf471c9d2f559bda07bd17e8a4e42fb2b5,train
680,STR-CD3ABA81D633A3E66F13,CC(C)N(C(=O)c1cc(F)ccc1Oc1cncnc1N1CC2(CCN(C(=O)[C@H]3N[C@H]4CC[C@@H]3C[C@@H]4CC3CC3)CC2)C1)C(C)C,8.275724130399212,IC50,biochemical_inhibition,BindingDB;PubChem,,STR-CD3ABA81D633A3E66F13,O=C(C1NC2CCC1CC2CC1CC1)N1CCC2(CC1)CN(c1ncncc1Oc1ccccc1)C2,bemis_murcko,scaffold,scaffold,c36cc6a6a29b1791359d66e339db904e9899da2a2a2046618bec3642c0e4170d,41f692ef5e00f424d3c76d5979e2efaf471c9d2f559bda07bd17e8a4e42fb2b5,test
681,STR-CD759944F5086C54220F,N#Cc1cnc2sc(CC(F)(F)F)cc2c1N1CC2(CN(C(=O)[C@H]3N[C@@H]4CC[C@H]3C4)C2)C1,7.943095148663527,IC50,biochemical_inhibition,BindingDB;PubChem,,STR-CD759944F5086C54220F,O=C(C1NC2CCC1C2)N1CC2(C1)CN(c1ccnc3sccc13)C2,bemis_murcko,scaffold,scaffold,c36cc6a6a29b1791359d66e339db904e9899da2a2a2046618bec3642c0e4170d,41f692ef5e00f424d3c76d5979e2efaf471c9d2f559bda07bd17e8a4e42fb2b5,test
682,STR-CE06DD9044CE32F8232C,N#Cc1ccc(OCCCN2CCC(C3(C4CCCC4)NCCc4ccccc43)C2)cc1,4.247951552180561,IC50,biochemical_inhibition,BindingDB,,STR-CE06DD9044CE32F8232C,c1ccc(OCCCN2CCC(C3(C4CCCC4)NCCc4ccccc43)C2)cc1,bemis_murcko,scaffold,scaffold,c36cc6a6a29b1791359d66e339db904e9899da2a2a2046618bec3642c0e4170d,41f692ef5e00f424d3c76d5979e2efaf471c9d2f559bda07bd17e8a4e42fb2b5,train
683,STR-CE19B64802D772BDF0B1,CCc1cc2c(N3CCCN(CC(=O)N4CCCC4)CC3)ncnc2s1,5.154901959985743,IC50,biochemical_inhibition,BindingDB;PubChem,,STR-CE19B64802D772BDF0B1,O=C(CN1CCCN(c2ncnc3sccc23)CC1)N1CCCC1,bemis_murcko,scaffold,scaffold,c36cc6a6a29b1791359d66e339db904e9899da2a2a2046618bec3642c0e4170d,41f692ef5e00f424d3c76d5979e2efaf471c9d2f559bda07bd17e8a4e42fb2b5,test
684,STR-CE20B85B4A250EC35961,Cc1c(CN2CCC(Nc3ncnc4sc(CC(F)(F)F)cc34)CC2)ccc2c1cc(C#N)n2CCN1CCN(C(=O)CC2CCCC2)CC1,7.2441251443275085,IC50,biochemical_inhibition,BindingDB,,STR-CE20B85B4A250EC35961,O=C(CC1CCCC1)N1CCN(CCn2ccc3cc(CN4CCC(Nc5ncnc6sccc56)CC4)ccc32)CC1,bemis_murcko,scaffold,scaffold,c36cc6a6a29b1791359d66e339db904e9899da2a2a2046618bec3642c0e4170d,41f692ef5e00f424d3c76d5979e2efaf471c9d2f559bda07bd17e8a4e42fb2b5,test
685,STR-CE7B584631A9BA01C68A,CCO[C@@H]1CCC[C@H]1C(C#N)(c1ccccc1)C1CCN(CC2CN(c3ccc(S(C)(=O)=O)cc3)C2)CC1,4.688246138944246,IC50,biochemical_inhibition,BindingDB,,STR-CE7B584631A9BA01C68A,c1ccc(C(C2CCCC2)C2CCN(CC3CN(c4ccccc4)C3)CC2)cc1,bemis_murcko,scaffold,scaffold,c36cc6a6a29b1791359d66e339db904e9899da2a2a2046618bec3642c0e4170d,41f692ef5e00f424d3c76d5979e2efaf471c9d2f559bda07bd17e8a4e42fb2b5,train
686,STR-CEBFC6A37D9720EF1921,CC(C)n1nccc1-c1cc(F)ccc1-n1cc(C(=O)C2CCN(C(=O)[C@H]3N[C@@H]4CC[C@H]3C4)CC2)c2ccncc21,7.619788758288394,IC50,biochemical_inhibition,PubChem,2025.0,STR-CEBFC6A37D9720EF1921,O=C(c1cn(-c2ccccc2-c2ccn[nH]2)c2cnccc12)C1CCN(C(=O)C2NC3CCC2C3)CC1,bemis_murcko,scaffold,scaffold,c36cc6a6a29b1791359d66e339db904e9899da2a2a2046618bec3642c0e4170d,41f692ef5e00f424d3c76d5979e2efaf471c9d2f559bda07bd17e8a4e42fb2b5,train
687,STR-CF5201A5F0C9949F8EED,CC(=O)N[C@@H](CCCNC(=N)N)C(=O)N[C@@H](Cc1c[nH]c2ccccc12)C(=O)N[C@H]1CCCCCCNC(=O)[C@@H]2CCCN2C(=O)[C@H](CCCNC(=N)N)NC(=O)[C@H](C)NC(=O)[C@@H]2CCCN2C(=O)[C@H](Cc2ccccc2)NC1=O,7.200659450546418,IC50,biochemical_inhibition,BindingDB,,STR-CF5201A5F0C9949F8EED,O=C1CNC(=O)C2CCCN2C(=O)C(Cc2ccccc2)NC(=O)C(NC(=O)CCc2c[nH]c3ccccc23)CCCCCCNC(=O)C2CCCN2C(=O)CN1,bemis_murcko,scaffold,scaffold,c36cc6a6a29b1791359d66e339db904e9899da2a2a2046618bec3642c0e4170d,41f692ef5e00f424d3c76d5979e2efaf471c9d2f559bda07bd17e8a4e42fb2b5,test
688,STR-CF723552A81BEA7EC32F,CNC(=O)O[C@@H]1CCC[C@H]1C(C#N)(c1ccccc1)C1CCN(CC2(F)CN(c3ccc(S(=O)(=O)c4cnn(C)c4)cc3)C2)CC1,5.443697499232712,IC50,biochemical_inhibition,BindingDB,,STR-CF723552A81BEA7EC32F,O=S(=O)(c1ccc(N2CC(CN3CCC(C(c4ccccc4)C4CCCC4)CC3)C2)cc1)c1cn[nH]c1,bemis_murcko,scaffold,scaffold,c36cc6a6a29b1791359d66e339db904e9899da2a2a2046618bec3642c0e4170d,41f692ef5e00f424d3c76d5979e2efaf471c9d2f559bda07bd17e8a4e42fb2b5,train
689,STR-CFD47A4A9C12D7F7E3C6,Cc1c(CN2CCC(Nc3ncnc4sc(CC(F)(F)F)cc34)CC2)ccc2c1cc(C#N)n2CCN1CCN(C)CC1,7.886056647693163,IC50,biochemical_inhibition,BindingDB,,STR-CFD47A4A9C12D7F7E3C6,c1nc(NC2CCN(Cc3ccc4c(ccn4CCN4CCNCC4)c3)CC2)c2ccsc2n1,bemis_murcko,scaffold,scaffold,c36cc6a6a29b1791359d66e339db904e9899da2a2a2046618bec3642c0e4170d,41f692ef5e00f424d3c76d5979e2efaf471c9d2f559bda07bd17e8a4e42fb2b5,train
690,STR-D0AFB81D834FFDF24514,CCc1cc2c(N3CCN(CC(=O)N4CCOCC4)CC3)ncnc2s1,4.698970004336019,IC50,biochemical_inhibition,BindingDB;PubChem,,STR-D0AFB81D834FFDF24514,O=C(CN1CCN(c2ncnc3sccc23)CC1)N1CCOCC1,bemis_murcko,scaffold,scaffold,c36cc6a6a29b1791359d66e339db904e9899da2a2a2046618bec3642c0e4170d,41f692ef5e00f424d3c76d5979e2efaf471c9d2f559bda07bd17e8a4e42fb2b5,train
691,STR-D10982392EEB8C8FD026,CCN(C(=O)c1cc(F)ccc1-n1cc(C(=O)C2CN(C(=O)[C@H]3N[C@@H]4CC[C@H]3C4)C2)c2ccncc21)C(C)C,7.568636235841012,IC50,biochemical_inhibition,PubChem,2025.0,STR-D10982392EEB8C8FD026,O=C(c1cn(-c2ccccc2)c2cnccc12)C1CN(C(=O)C2NC3CCC2C3)C1,bemis_murcko,scaffold,scaffold,c36cc6a6a29b1791359d66e339db904e9899da2a2a2046618bec3642c0e4170d,41f692ef5e00f424d3c76d5979e2efaf471c9d2f559bda07bd17e8a4e42fb2b5,train
692,STR-D16C8C319181DF2A032A,NCCOc1cccc(CN2CCC(Nc3ncnc4sc(CC(F)(F)F)cc34)CC2)c1,5.913640169325252,IC50,biochemical_inhibition,PubChem,2021.0,STR-D16C8C319181DF2A032A,c1ccc(CN2CCC(Nc3ncnc4sccc34)CC2)cc1,bemis_murcko,scaffold,scaffold,c36cc6a6a29b1791359d66e339db904e9899da2a2a2046618bec3642c0e4170d,41f692ef5e00f424d3c76d5979e2efaf471c9d2f559bda07bd17e8a4e42fb2b5,train
693,STR-D2329F0EB178ECBDC6B6,N#CC(c1ccccc1)(C1CCN(CC2CN(c3ccc(S(=O)(=O)c4ccncc4)cc3)C2)CC1)[C@H]1CCC[C@@H]1OC(=O)C1CCC1,6.954677021213342,IC50,biochemical_inhibition,BindingDB,,STR-D2329F0EB178ECBDC6B6,O=C(OC1CCCC1C(c1ccccc1)C1CCN(CC2CN(c3ccc(S(=O)(=O)c4ccncc4)cc3)C2)CC1)C1CCC1,bemis_murcko,scaffold,scaffold,c36cc6a6a29b1791359d66e339db904e9899da2a2a2046618bec3642c0e4170d,41f692ef5e00f424d3c76d5979e2efaf471c9d2f559bda07bd17e8a4e42fb2b5,train
694,STR-D294CA925BADF351BAE7,C=CC(=O)N1CCC[C@@H](S(=O)(=O)c2ccc(N3CC(CN4CCC([C@@](CN5CCC5)(c5cccc(F)c5)[C@H]5CCC[C@@H]5NC(=O)OC)CC4)(OC)C3)cc2)C1,8.431798275933005,IC50,biochemical_inhibition,BindingDB,,STR-D294CA925BADF351BAE7,O=S(=O)(c1ccc(N2CC(CN3CCC(C(CN4CCC4)(c4ccccc4)C4CCCC4)CC3)C2)cc1)C1CCCNC1,bemis_murcko,scaffold,scaffold,c36cc6a6a29b1791359d66e339db904e9899da2a2a2046618bec3642c0e4170d,41f692ef5e00f424d3c76d5979e2efaf471c9d2f559bda07bd17e8a4e42fb2b5,test
695,STR-D2CE0C3586805DE2DA6A,COC(=O)N[C@H]1CCC[C@@H]1[C@](C#N)(c1cccc(F)c1)C1CCN(CC2CN(c3ccc(S(=O)(=O)C4CCC4)cc3)C2)CC1,8.154901959985743,IC50,biochemical_inhibition,PubChem,2025.0,STR-D2CE0C3586805DE2DA6A,O=S(=O)(c1ccc(N2CC(CN3CCC(C(c4ccccc4)C4CCCC4)CC3)C2)cc1)C1CCC1,bemis_murcko,scaffold,scaffold,c36cc6a6a29b1791359d66e339db904e9899da2a2a2046618bec3642c0e4170d,41f692ef5e00f424d3c76d5979e2efaf471c9d2f559bda07bd17e8a4e42fb2b5,test
696,STR-D31C7512712D5C2245CC,CS(=O)(=O)N[C@H]1CCC[C@@H]1C(C#N)(c1ccccc1)C1CCN(CC2CN(c3ccc(S(=O)(=O)c4ccncc4)cc3)C2)CC1,6.359518563029578,IC50,biochemical_inhibition,BindingDB,,STR-D31C7512712D5C2245CC,O=S(=O)(c1ccncc1)c1ccc(N2CC(CN3CCC(C(c4ccccc4)C4CCCC4)CC3)C2)cc1,bemis_murcko,scaffold,scaffold,c36cc6a6a29b1791359d66e339db904e9899da2a2a2046618bec3642c0e4170d,41f692ef5e00f424d3c76d5979e2efaf471c9d2f559bda07bd17e8a4e42fb2b5,train
697,STR-D32B5F55634E895AF4B1,CCN1Cc2ccccc2C(C2CCCC2)(C2CCN(CC3CN(c4ccc(S(=O)(=O)c5cccnc5)cc4)C3)CC2)C1,8.045757490560675,IC50,biochemical_inhibition,BindingDB,,STR-D32B5F55634E895AF4B1,O=S(=O)(c1ccc(N2CC(CN3CCC(C4(C5CCCC5)CNCc5ccccc54)CC3)C2)cc1)c1cccnc1,bemis_murcko,scaffold,scaffold,c36cc6a6a29b1791359d66e339db904e9899da2a2a2046618bec3642c0e4170d,41f692ef5e00f424d3c76d5979e2efaf471c9d2f559bda07bd17e8a4e42fb2b5,train
698,STR-D32C4FE03E32CED2B7FB,C=CC(=O)N1CCCC(S(=O)(=O)c2ccc(N3CC(CN4CCC([C@@](C#N)(c5cccc(F)c5)[C@H]5CCC[C@@H]5NC(=O)OC)CC4)C3)cc2)C1,8.0,IC50,biochemical_inhibition,BindingDB,,STR-D32C4FE03E32CED2B7FB,O=S(=O)(c1ccc(N2CC(CN3CCC(C(c4ccccc4)C4CCCC4)CC3)C2)cc1)C1CCCNC1,bemis_murcko,scaffold,scaffold,c36cc6a6a29b1791359d66e339db904e9899da2a2a2046618bec3642c0e4170d,41f692ef5e00f424d3c76d5979e2efaf471c9d2f559bda07bd17e8a4e42fb2b5,test
699,STR-D3545E8919D6A24E9EFC,COC(=O)N[C@@H]1CCC[C@H]1C(C#N)(c1ccccc1)C1CCN(CC2CN(c3ccc(S(=O)(=O)c4cnn(C)c4)cc3)C2)CC1,5.920818753952375,IC50,biochemical_inhibition,BindingDB,,STR-D3545E8919D6A24E9EFC,O=S(=O)(c1ccc(N2CC(CN3CCC(C(c4ccccc4)C4CCCC4)CC3)C2)cc1)c1cn[nH]c1,bemis_murcko,scaffold,scaffold,c36cc6a6a29b1791359d66e339db904e9899da2a2a2046618bec3642c0e4170d,41f692ef5e00f424d3c76d5979e2efaf471c9d2f559bda07bd17e8a4e42fb2b5,train
700,STR-D35A116837336A58B17B,CC(=O)N[C@@H](CO)C(=O)N[C@@H](C)C(=O)N[C@@H](CCCN=C(N)N)C(=O)N[C@@H](Cc1c[nH]c2ccccc12)C(=O)N[C@@H](CCCN=C(N)N)C(=O)N[C@@H](Cc1ccccc1)C(=O)N1CCC[C@H]1C(=O)N[C@@H](C)C(=O)N[C@@H](CCCN=C(N)N)C(=O)N1CCC[C@H]1C(=O)NCC(=O)N[C@H](C(N)=O)[C@@H](C)O,6.260434139783031,IC50,biochemical_inhibition,PubChem,2022.0,STR-D35A116837336A58B17B,O=C(CCc1c[nH]c2ccccc12)NCC(=O)NC(Cc1ccccc1)C(=O)N1CCCC1C(=O)NCC(=O)NCC(=O)N1CCCC1,bemis_murcko,scaffold,scaffold,c36cc6a6a29b1791359d66e339db904e9899da2a2a2046618bec3642c0e4170d,41f692ef5e00f424d3c76d5979e2efaf471c9d2f559bda07bd17e8a4e42fb2b5,train
701,STR-D3A497B4DE3B2E0622F3,CCc1cnccc1S(=O)(=O)c1ccc(N2CC(CN3CCC(C4(C5CCCC5)CN(CC)Cc5ccccc54)CC3)C2)cc1,8.096910013008056,IC50,biochemical_inhibition,BindingDB,,STR-D3A497B4DE3B2E0622F3,O=S(=O)(c1ccncc1)c1ccc(N2CC(CN3CCC(C4(C5CCCC5)CNCc5ccccc54)CC3)C2)cc1,bemis_murcko,scaffold,scaffold,c36cc6a6a29b1791359d66e339db904e9899da2a2a2046618bec3642c0e4170d,41f692ef5e00f424d3c76d5979e2efaf471c9d2f559bda07bd17e8a4e42fb2b5,train
702,STR-D41A5C57D5FA03036814,CO[C@@H]1CCC[C@H]1C1(C2CCN(CCCOc3ccc(C(=O)O)cc3)CC2)CNCc2ccccc21,3.314079207805465,IC50,biochemical_inhibition,BindingDB,,STR-D41A5C57D5FA03036814,c1ccc(OCCCN2CCC(C3(C4CCCC4)CNCc4ccccc43)CC2)cc1,bemis_murcko,scaffold,scaffold,c36cc6a6a29b1791359d66e339db904e9899da2a2a2046618bec3642c0e4170d,41f692ef5e00f424d3c76d5979e2efaf471c9d2f559bda07bd17e8a4e42fb2b5,test
703,STR-D456C0F5B6DBFC7C04B5,N#Cc1ccc(N2CC(CN3CCC([C@@](C#N)(c4cccc(F)c4)[C@H]4CCC[C@@H]4NC(=O)CCl)CC3)C2)cc1,8.045757490560675,IC50,biochemical_inhibition,BindingDB,,STR-D456C0F5B6DBFC7C04B5,c1ccc(C(C2CCCC2)C2CCN(CC3CN(c4ccccc4)C3)CC2)cc1,bemis_murcko,scaffold,scaffold,c36cc6a6a29b1791359d66e339db904e9899da2a2a2046618bec3642c0e4170d,41f692ef5e00f424d3c76d5979e2efaf471c9d2f559bda07bd17e8a4e42fb2b5,train
704,STR-D4B228AA42C515EFF74F,C=CC(=O)Nc1cccc(S(=O)(=O)c2ccc(N3CC(CN4CCC([C@@](C#N)(c5cccc(F)c5)[C@H]5CCC[C@@H]5NC(=O)OC)CC4)C3)cc2)c1,8.698970004336019,IC50,biochemical_inhibition,BindingDB,,STR-D4B228AA42C515EFF74F,O=S(=O)(c1ccccc1)c1ccc(N2CC(CN3CCC(C(c4ccccc4)C4CCCC4)CC3)C2)cc1,bemis_murcko,scaffold,scaffold,c36cc6a6a29b1791359d66e339db904e9899da2a2a2046618bec3642c0e4170d,41f692ef5e00f424d3c76d5979e2efaf471c9d2f559bda07bd17e8a4e42fb2b5,test
705,STR-D4B27E39EABBED1674BA,O=C(Cc1nc(-c2ccc(F)cc2)cs1)N1CCOCC1,3.9706162223147903,IC50,biochemical_inhibition,BindingDB,,STR-D4B27E39EABBED1674BA,O=C(Cc1nc(-c2ccccc2)cs1)N1CCOCC1,bemis_murcko,scaffold,scaffold,c36cc6a6a29b1791359d66e339db904e9899da2a2a2046618bec3642c0e4170d,41f692ef5e00f424d3c76d5979e2efaf471c9d2f559bda07bd17e8a4e42fb2b5,train
706,STR-D517B4FC121862D9BE6F,CCc1nccn1CC(c1ccccc1)(C1CCN(CC2CN(c3ccc(C#N)cc3)C2)CC1)[C@H]1CCC[C@@H]1OC(=O)NC,8.522878745280337,IC50,biochemical_inhibition,BindingDB,,STR-D517B4FC121862D9BE6F,c1ccc(N2CC(CN3CCC(C(Cn4ccnc4)(c4ccccc4)C4CCCC4)CC3)C2)cc1,bemis_murcko,scaffold,scaffold,c36cc6a6a29b1791359d66e339db904e9899da2a2a2046618bec3642c0e4170d,41f692ef5e00f424d3c76d5979e2efaf471c9d2f559bda07bd17e8a4e42fb2b5,train
707,STR-D5272C0C8993C36787C1,CC1(C)CN=C(N2CCN(c3ncnc4sc5c(c34)CCCC5)CC2)S1,5.721246399047171,IC50,biochemical_inhibition,BindingDB;PubChem,,STR-D5272C0C8993C36787C1,c1nc(N2CCN(C3=NCCS3)CC2)c2c3c(sc2n1)CCCC3,bemis_murcko,scaffold,scaffold,c36cc6a6a29b1791359d66e339db904e9899da2a2a2046618bec3642c0e4170d,41f692ef5e00f424d3c76d5979e2efaf471c9d2f559bda07bd17e8a4e42fb2b5,train
708,STR-D5BB346CA235EBEB0149,CNC(=O)O[C@H]1CCC[C@@H]1C(Cn1ccnc1)(c1ccccc1)C1CCN(CC2CN(c3ccc(S(=O)(=O)C4COC4)cc3)C2)CC1,8.397940008672037,IC50,biochemical_inhibition,BindingDB,,STR-D5BB346CA235EBEB0149,O=S(=O)(c1ccc(N2CC(CN3CCC(C(Cn4ccnc4)(c4ccccc4)C4CCCC4)CC3)C2)cc1)C1COC1,bemis_murcko,scaffold,scaffold,c36cc6a6a29b1791359d66e339db904e9899da2a2a2046618bec3642c0e4170d,41f692ef5e00f424d3c76d5979e2efaf471c9d2f559bda07bd17e8a4e42fb2b5,train
709,STR-D5D5E28C40366AF8B23D,FC(F)(F)Cc1cc2c(NC3CCN(Cc4cccc(OC5CCNCC5)c4)CC3)ncnc2s1,4.873219422987991,IC50,biochemical_inhibition,PubChem,2021.0,STR-D5D5E28C40366AF8B23D,c1cc(CN2CCC(Nc3ncnc4sccc34)CC2)cc(OC2CCNCC2)c1,bemis_murcko,scaffold,scaffold,c36cc6a6a29b1791359d66e339db904e9899da2a2a2046618bec3642c0e4170d,41f692ef5e00f424d3c76d5979e2efaf471c9d2f559bda07bd17e8a4e42fb2b5,train
710,STR-D669A219C022A29B5DB1,CC(=O)N[C@@H](CCCNC(=N)N)C(=O)N[C@@H](Cc1c[nH]c2ccccc12)C(=O)N[C@H]1CCCCCNC(=O)[C@@H]2CCCN2C(=O)[C@H](CCCNC(=N)N)NC(=O)[C@H](C)NC(=O)[C@@H]2CCCN2C(=O)[C@H](Cc2ccccc2)NC1=O,6.289036881004725,IC50,biochemical_inhibition,BindingDB,,STR-D669A219C022A29B5DB1,O=C1CNC(=O)C2CCCN2C(=O)C(Cc2ccccc2)NC(=O)C(NC(=O)CCc2c[nH]c3ccccc23)CCCCCNC(=O)C2CCCN2C(=O)CN1,bemis_murcko,scaffold,scaffold,c36cc6a6a29b1791359d66e339db904e9899da2a2a2046618bec3642c0e4170d,41f692ef5e00f424d3c76d5979e2efaf471c9d2f559bda07bd17e8a4e42fb2b5,test
711,STR-D67FE3A87A1AC07DC7FF,CC(C)Cc1cccc(C[C@@H]2NC(=O)[C@@H](N)CCCCCCCCNC(=O)[C@@H]3CCCN3C(=O)[C@H](CCCNC(=N)N)NC(=O)C3(CCC3)NC(=O)[C@@H]3CCCN3C2=O)c1,4.443697499232713,IC50,biochemical_inhibition,BindingDB,,STR-D67FE3A87A1AC07DC7FF,O=C1CCCCCCCCCNC(=O)C2CCCN2C(=O)CNC(=O)C2(CCC2)NC(=O)C2CCCN2C(=O)C(Cc2ccccc2)N1,bemis_murcko,scaffold,scaffold,c36cc6a6a29b1791359d66e339db904e9899da2a2a2046618bec3642c0e4170d,41f692ef5e00f424d3c76d5979e2efaf471c9d2f559bda07bd17e8a4e42fb2b5,test
712,STR-D69A42D7CD9CD1E56E5E,O=S(=O)(c1ccc(N2CC(CN3CCC(C4(C5CCCC5)NCCc5ccccc54)CC3)C2)cc1)C1CCC1,7.443697499232712,IC50,biochemical_inhibition,BindingDB,,STR-D69A42D7CD9CD1E56E5E,O=S(=O)(c1ccc(N2CC(CN3CCC(C4(C5CCCC5)NCCc5ccccc54)CC3)C2)cc1)C1CCC1,bemis_murcko,scaffold,scaffold,c36cc6a6a29b1791359d66e339db904e9899da2a2a2046618bec3642c0e4170d,41f692ef5e00f424d3c76d5979e2efaf471c9d2f559bda07bd17e8a4e42fb2b5,train
713,STR-D778F7E0C069C7D2FAAC,Cc1c(CN2CCC(Nc3ncnc4sc(CC(F)(F)F)cc34)CC2)ccc2c1cc(C#N)n2CCC1CCN(C=O)CC1,7.200659450546418,IC50,biochemical_inhibition,BindingDB,,STR-D778F7E0C069C7D2FAAC,c1nc(NC2CCN(Cc3ccc4c(ccn4CCC4CCNCC4)c3)CC2)c2ccsc2n1,bemis_murcko,scaffold,scaffold,c36cc6a6a29b1791359d66e339db904e9899da2a2a2046618bec3642c0e4170d,41f692ef5e00f424d3c76d5979e2efaf471c9d2f559bda07bd17e8a4e42fb2b5,train
714,STR-D7A938E61629603FD5E6,CC(=O)N[C@@H](CO)C(=O)N[C@@H](C)C(=O)N[C@@H](CCCN=C(N)N)C(=O)N[C@@H](Cc1c[nH]c2ccccc12)C(=O)N[C@H]1C/C=C\C[C@@H](C(=O)N2CCC[C@H]2C(=O)N[C@@H](CCCN)C(N)=O)NC(=O)C2(CCC2)NC(=O)[C@@H]2CCCN2C(=O)[C@H](Cc2cccc(F)c2)NC1=O,6.1095789811990855,IC50,biochemical_inhibition,PubChem,2022.0,STR-D7A938E61629603FD5E6,O=C(CCc1c[nH]c2ccccc12)NC1CC=CCC(C(=O)N2CCCC2)NC(=O)C2(CCC2)NC(=O)C2CCCN2C(=O)C(Cc2ccccc2)NC1=O,bemis_murcko,scaffold,scaffold,c36cc6a6a29b1791359d66e339db904e9899da2a2a2046618bec3642c0e4170d,41f692ef5e00f424d3c76d5979e2efaf471c9d2f559bda07bd17e8a4e42fb2b5,train
715,STR-D8497B8DD5B2F916727A,CCCC(=O)O[C@H]1CCC[C@@H]1[C@](C#N)(c1ccccc1)C1CCN(CC2CN(c3ccc(C#N)cc3)C2)CC1,5.958607314841775,IC50,biochemical_inhibition,BindingDB,,STR-D8497B8DD5B2F916727A,c1ccc(C(C2CCCC2)C2CCN(CC3CN(c4ccccc4)C3)CC2)cc1,bemis_murcko,scaffold,scaffold,c36cc6a6a29b1791359d66e339db904e9899da2a2a2046618bec3642c0e4170d,41f692ef5e00f424d3c76d5979e2efaf471c9d2f559bda07bd17e8a4e42fb2b5,train
716,STR-D88D40F078639D052593,CC(C)c1ncccc1-c1cc(F)ccc1-n1cc(C(=O)C2CCN(C(=O)[C@H]3N[C@@H]4CC[C@H]3C4)CC2)c2ccncc21,7.886056647693163,IC50,biochemical_inhibition,PubChem,2025.0,STR-D88D40F078639D052593,O=C(c1cn(-c2ccccc2-c2cccnc2)c2cnccc12)C1CCN(C(=O)C2NC3CCC2C3)CC1,bemis_murcko,scaffold,scaffold,c36cc6a6a29b1791359d66e339db904e9899da2a2a2046618bec3642c0e4170d,41f692ef5e00f424d3c76d5979e2efaf471c9d2f559bda07bd17e8a4e42fb2b5,test
717,STR-D8A1A162FE6EB57E5B09,FCC1(CF)CC(N2CCC(C3(C4CCCC4)NCCc4ccccc43)CC2)C1,4.739928612014925,IC50,biochemical_inhibition,BindingDB,,STR-D8A1A162FE6EB57E5B09,c1ccc2c(c1)CCNC2(C1CCCC1)C1CCN(C2CCC2)CC1,bemis_murcko,scaffold,scaffold,c36cc6a6a29b1791359d66e339db904e9899da2a2a2046618bec3642c0e4170d,41f692ef5e00f424d3c76d5979e2efaf471c9d2f559bda07bd17e8a4e42fb2b5,test
718,STR-D8C56496AF4C9916F0F3,C=CC(=O)N1CC(S(=O)(=O)c2ccc(N3CC(F)(CN4CCC([C@@](C#N)(c5cccc(F)c5)[C@H]5CCC[C@@H]5NC(=O)OC)CC4)C3)cc2)C1,7.619788758288394,IC50,biochemical_inhibition,BindingDB,,STR-D8C56496AF4C9916F0F3,O=S(=O)(c1ccc(N2CC(CN3CCC(C(c4ccccc4)C4CCCC4)CC3)C2)cc1)C1CNC1,bemis_murcko,scaffold,scaffold,c36cc6a6a29b1791359d66e339db904e9899da2a2a2046618bec3642c0e4170d,41f692ef5e00f424d3c76d5979e2efaf471c9d2f559bda07bd17e8a4e42fb2b5,train
719,STR-D9648E9B43A36F0E07D7,FC(F)(F)Cc1cc2c(NC3CCN(Cc4ccco4)CC3)ncnc2s1,5.328827157284916,IC50,biochemical_inhibition,PubChem,2021.0,STR-D9648E9B43A36F0E07D7,c1coc(CN2CCC(Nc3ncnc4sccc34)CC2)c1,bemis_murcko,scaffold,scaffold,c36cc6a6a29b1791359d66e339db904e9899da2a2a2046618bec3642c0e4170d,41f692ef5e00f424d3c76d5979e2efaf471c9d2f559bda07bd17e8a4e42fb2b5,test
720,STR-D9BA4133205743CF2B66,CCN(C(=O)c1cc(F)ccc1-n1c(C)c(C(=O)C2CCN(C(=O)[C@@H]3NC[C@@H]4C[C@@H]43)CC2)c2ccncc21)C(C)C,7.886056647693163,IC50,biochemical_inhibition,PubChem,2025.0,STR-D9BA4133205743CF2B66,O=C(c1cn(-c2ccccc2)c2cnccc12)C1CCN(C(=O)C2NCC3CC32)CC1,bemis_murcko,scaffold,scaffold,c36cc6a6a29b1791359d66e339db904e9899da2a2a2046618bec3642c0e4170d,41f692ef5e00f424d3c76d5979e2efaf471c9d2f559bda07bd17e8a4e42fb2b5,train
721,STR-D9C36B3448E1B6CB6876,CC(c1cc2c(N3CCN(C4=NCC(C)(C)S4)CC3)ncnc2s1)C(F)(F)F,6.116338564846382,IC50,biochemical_inhibition,PubChem,2020.0,STR-D9C36B3448E1B6CB6876,c1nc(N2CCN(C3=NCCS3)CC2)c2ccsc2n1,bemis_murcko,scaffold,scaffold,c36cc6a6a29b1791359d66e339db904e9899da2a2a2046618bec3642c0e4170d,41f692ef5e00f424d3c76d5979e2efaf471c9d2f559bda07bd17e8a4e42fb2b5,train
722,STR-D9F5F3A7160FCDC4FC6B,c1ccc2c(c1)CCNC2(C1CCCC1)C1CCNCC1,3.214812579970638,IC50,biochemical_inhibition,BindingDB,,STR-D9F5F3A7160FCDC4FC6B,c1ccc2c(c1)CCNC2(C1CCCC1)C1CCNCC1,bemis_murcko,scaffold,scaffold,c36cc6a6a29b1791359d66e339db904e9899da2a2a2046618bec3642c0e4170d,41f692ef5e00f424d3c76d5979e2efaf471c9d2f559bda07bd17e8a4e42fb2b5,train
723,STR-DA4F708C5ED8977F505E,COC(=O)N[C@H]1CCC[C@@H]1[C@](C#N)(c1cccc(F)c1)C1CCN(CC2CN(c3ccc(S(=O)(=O)C4CN(C(=O)/C=C/CN(C)C)C4)cc3)C2)CC1,8.502182402701225,IC50,biochemical_inhibition,BindingDB;PubChem,,STR-DA4F708C5ED8977F505E,O=S(=O)(c1ccc(N2CC(CN3CCC(C(c4ccccc4)C4CCCC4)CC3)C2)cc1)C1CNC1,bemis_murcko,scaffold,scaffold,c36cc6a6a29b1791359d66e339db904e9899da2a2a2046618bec3642c0e4170d,41f692ef5e00f424d3c76d5979e2efaf471c9d2f559bda07bd17e8a4e42fb2b5,train
724,STR-DA6DE006B635E7B8ABB6,N=C(N)NCCC[C@@H]1NC(=O)C2(CCC2)NC(=O)[C@@H]2CCCN2C(=O)[C@H](Cc2ccc(F)cc2)NC(=O)[C@@H](N)CCCCCCCCNC(=O)[C@@H]2CCCN2C1=O,6.374687549038326,IC50,biochemical_inhibition,BindingDB,,STR-DA6DE006B635E7B8ABB6,O=C1CCCCCCCCCNC(=O)C2CCCN2C(=O)CNC(=O)C2(CCC2)NC(=O)C2CCCN2C(=O)C(Cc2ccccc2)N1,bemis_murcko,scaffold,scaffold,c36cc6a6a29b1791359d66e339db904e9899da2a2a2046618bec3642c0e4170d,41f692ef5e00f424d3c76d5979e2efaf471c9d2f559bda07bd17e8a4e42fb2b5,test
725,STR-DA939D5F87D225304F92,CN1Cc2ccccc2C(C2CCCC2)(C2CCN(CCCOc3ccc(C#N)cc3)CC2)C1,7.267606240177031,IC50,biochemical_inhibition,BindingDB,,STR-DA939D5F87D225304F92,c1ccc(OCCCN2CCC(C3(C4CCCC4)CNCc4ccccc43)CC2)cc1,bemis_murcko,scaffold,scaffold,c36cc6a6a29b1791359d66e339db904e9899da2a2a2046618bec3642c0e4170d,41f692ef5e00f424d3c76d5979e2efaf471c9d2f559bda07bd17e8a4e42fb2b5,test
726,STR-DA9775B70707A0852196,CN(CCO)c1ccc(CN2CCC3(CCN(c4ncnc5sc(CC(F)(F)F)cc45)C3)C2)cc1,8.0,IC50,biochemical_inhibition,BindingDB;PubChem,,STR-DA9775B70707A0852196,c1ccc(CN2CCC3(CCN(c4ncnc5sccc45)C3)C2)cc1,bemis_murcko,scaffold,scaffold,c36cc6a6a29b1791359d66e339db904e9899da2a2a2046618bec3642c0e4170d,41f692ef5e00f424d3c76d5979e2efaf471c9d2f559bda07bd17e8a4e42fb2b5,train
727,STR-DAA31E2085C9B01F8A70,CN1Cc2cccc(F)c2C(C2CCCC2)(C2CCN(CC3CN(c4ccc(C#N)cc4)C3)CC2)C1,7.721246399047171,IC50,biochemical_inhibition,BindingDB,,STR-DAA31E2085C9B01F8A70,c1ccc(N2CC(CN3CCC(C4(C5CCCC5)CNCc5ccccc54)CC3)C2)cc1,bemis_murcko,scaffold,scaffold,c36cc6a6a29b1791359d66e339db904e9899da2a2a2046618bec3642c0e4170d,41f692ef5e00f424d3c76d5979e2efaf471c9d2f559bda07bd17e8a4e42fb2b5,train
728,STR-DB0E19CA615A608C5F2D,CO[C@H]1CCC[C@@H]1C1(C2CCN(CCCOc3ccc(C#N)cc3)CC2)CN(C)Cc2ccccc21,5.7447274948966935,IC50,biochemical_inhibition,BindingDB,,STR-DB0E19CA615A608C5F2D,c1ccc(OCCCN2CCC(C3(C4CCCC4)CNCc4ccccc43)CC2)cc1,bemis_murcko,scaffold,scaffold,c36cc6a6a29b1791359d66e339db904e9899da2a2a2046618bec3642c0e4170d,41f692ef5e00f424d3c76d5979e2efaf471c9d2f559bda07bd17e8a4e42fb2b5,test
729,STR-DB5B02FE39EDDB48AD19,CC(=O)O[C@@H]1CCC[C@H]1C1(C2CCN(CCCOc3ccc(C#N)cc3)CC2)CN(C)Cc2ccc(F)cc21,6.882728704344236,IC50,biochemical_inhibition,BindingDB,,STR-DB5B02FE39EDDB48AD19,c1ccc(OCCCN2CCC(C3(C4CCCC4)CNCc4ccccc43)CC2)cc1,bemis_murcko,scaffold,scaffold,c36cc6a6a29b1791359d66e339db904e9899da2a2a2046618bec3642c0e4170d,41f692ef5e00f424d3c76d5979e2efaf471c9d2f559bda07bd17e8a4e42fb2b5,test
730,STR-DB706C2977DCEE50E09E,CN1Cc2cccc(Cl)c2C(C2CCCC2)(C2CCN(CCCOc3ccc(C#N)cc3)CC2)C1,5.7447274948966935,IC50,biochemical_inhibition,BindingDB,,STR-DB706C2977DCEE50E09E,c1ccc(OCCCN2CCC(C3(C4CCCC4)CNCc4ccccc43)CC2)cc1,bemis_murcko,scaffold,scaffold,c36cc6a6a29b1791359d66e339db904e9899da2a2a2046618bec3642c0e4170d,41f692ef5e00f424d3c76d5979e2efaf471c9d2f559bda07bd17e8a4e42fb2b5,test
731,STR-DC00BFEB0D64455B5FD8,C=C1C[C@H]2CC[C@@H]1N[C@@H]2C(=O)N1CCC2(CC1)CN(c1ncncc1Oc1ccc(F)cc1C(=O)N(C(C)C)C(C)C)C2,8.102372908709558,IC50,biochemical_inhibition,BindingDB;PubChem,,STR-DC00BFEB0D64455B5FD8,C=C1CC2CCC1NC2C(=O)N1CCC2(CC1)CN(c1ncncc1Oc1ccccc1)C2,bemis_murcko,scaffold,scaffold,c36cc6a6a29b1791359d66e339db904e9899da2a2a2046618bec3642c0e4170d,41f692ef5e00f424d3c76d5979e2efaf471c9d2f559bda07bd17e8a4e42fb2b5,train
732,STR-DC0F93BC28332B505B19,CCN1Cc2ccccc2C(C2CCCC2)(C2CCN(CC3CN(c4ccc(S(=O)(=O)C5CC5)cc4)C3)C(C)C2)C1,7.578695380194719,IC50,biochemical_inhibition,BindingDB,,STR-DC0F93BC28332B505B19,O=S(=O)(c1ccc(N2CC(CN3CCC(C4(C5CCCC5)CNCc5ccccc54)CC3)C2)cc1)C1CC1,bemis_murcko,scaffold,scaffold,c36cc6a6a29b1791359d66e339db904e9899da2a2a2046618bec3642c0e4170d,41f692ef5e00f424d3c76d5979e2efaf471c9d2f559bda07bd17e8a4e42fb2b5,train
733,STR-DC80B2DAE37FF4BEDB8F,CNc1nc(NC2CCN(Cc3ccc4c(cc(C#N)n4CC45CC(NC=O)(C4)C5)c3C)CC2)c2cc(CC(F)(F)F)sc2n1,9.30102999566398,IC50,biochemical_inhibition,PubChem,2024.0,STR-DC80B2DAE37FF4BEDB8F,c1nc(NC2CCN(Cc3ccc4c(ccn4CC45CC(C4)C5)c3)CC2)c2ccsc2n1,bemis_murcko,scaffold,scaffold,c36cc6a6a29b1791359d66e339db904e9899da2a2a2046618bec3642c0e4170d,41f692ef5e00f424d3c76d5979e2efaf471c9d2f559bda07bd17e8a4e42fb2b5,train
734,STR-DCA3434F85B70F7DA7D4,N#Cc1ccc(OCCCN2CCC(C3(C4CCCC4)NCCc4cc(F)ccc43)CC2)cc1,6.357535479757878,IC50,biochemical_inhibition,BindingDB,,STR-DCA3434F85B70F7DA7D4,c1ccc(OCCCN2CCC(C3(C4CCCC4)NCCc4ccccc43)CC2)cc1,bemis_murcko,scaffold,scaffold,c36cc6a6a29b1791359d66e339db904e9899da2a2a2046618bec3642c0e4170d,41f692ef5e00f424d3c76d5979e2efaf471c9d2f559bda07bd17e8a4e42fb2b5,train
735,STR-DD19BC49EC29A064D4B5,CC(C)N(C(=O)c1cc(F)ccc1-n1cc(C(=O)C2CCN(C(=O)[C@H]3N[C@@H]4CC[C@H]3C4)CC2)c2c(F)cncc21)C(C)C,7.236572006437063,IC50,biochemical_inhibition,PubChem,2025.0,STR-DD19BC49EC29A064D4B5,O=C(c1cn(-c2ccccc2)c2cnccc12)C1CCN(C(=O)C2NC3CCC2C3)CC1,bemis_murcko,scaffold,scaffold,c36cc6a6a29b1791359d66e339db904e9899da2a2a2046618bec3642c0e4170d,41f692ef5e00f424d3c76d5979e2efaf471c9d2f559bda07bd17e8a4e42fb2b5,train
736,STR-DD1A6F58BB0BADC910B3,CCN(C(=O)c1cc(F)ccc1-n1c(C)c(C(=O)[C@@H]2CCN(C(=O)[C@@H]3CCC4(CC4)N3)[C@H](C)C2)c2ccncc21)C(C)C,5.22548303427145,IC50,biochemical_inhibition,PubChem,2025.0,STR-DD1A6F58BB0BADC910B3,O=C(c1cn(-c2ccccc2)c2cnccc12)C1CCN(C(=O)C2CCC3(CC3)N2)CC1,bemis_murcko,scaffold,scaffold,c36cc6a6a29b1791359d66e339db904e9899da2a2a2046618bec3642c0e4170d,41f692ef5e00f424d3c76d5979e2efaf471c9d2f559bda07bd17e8a4e42fb2b5,train
737,STR-DD5A0518D52B1C858C10,CC(=O)N[C@@H](CO)C(=O)N[C@@H](C)C(=O)N[C@@H](CCCN=C(N)N)C(=O)N[C@@H](Cc1c[nH]c2ccccc12)C(=O)N[C@@H](C)C(=O)N[C@@H](Cc1ccccc1)C(=O)N1CCC[C@H]1C(=O)N[C@@H](C)C(=O)NCC(=O)N1CCC[C@H]1C(=O)N[C@@H](CCCN=C(N)N)C(N)=O,5.886056647693163,IC50,biochemical_inhibition,PubChem,2022.0,STR-DD5A0518D52B1C858C10,O=C(CCc1c[nH]c2ccccc12)NCC(=O)NC(Cc1ccccc1)C(=O)N1CCCC1C(=O)NCC(=O)NCC(=O)N1CCCC1,bemis_murcko,scaffold,scaffold,c36cc6a6a29b1791359d66e339db904e9899da2a2a2046618bec3642c0e4170d,41f692ef5e00f424d3c76d5979e2efaf471c9d2f559bda07bd17e8a4e42fb2b5,train
738,STR-DE2EA720A2F505856D97,N#Cc1ccc(N2CC(CN3CCC(C4(C5CCCC5)CNCc5ccccc54)CC3)C2)cc1,7.585026652029182,IC50,biochemical_inhibition,BindingDB,,STR-DE2EA720A2F505856D97,c1ccc(N2CC(CN3CCC(C4(C5CCCC5)CNCc5ccccc54)CC3)C2)cc1,bemis_murcko,scaffold,scaffold,c36cc6a6a29b1791359d66e339db904e9899da2a2a2046618bec3642c0e4170d,41f692ef5e00f424d3c76d5979e2efaf471c9d2f559bda07bd17e8a4e42fb2b5,train
739,STR-DE57A0D88EA762894E60,CO[C@H]1CCC[C@H]1C(C#N)(c1ccccc1)C1CCN(CCCOc2ccc(C#N)cc2)CC1,3.8535618647142256,IC50,biochemical_inhibition,BindingDB,,STR-DE57A0D88EA762894E60,c1ccc(OCCCN2CCC(C(c3ccccc3)C3CCCC3)CC2)cc1,bemis_murcko,scaffold,scaffold,c36cc6a6a29b1791359d66e339db904e9899da2a2a2046618bec3642c0e4170d,41f692ef5e00f424d3c76d5979e2efaf471c9d2f559bda07bd17e8a4e42fb2b5,train
740,STR-DE59B5A419C718336B67,CN1CCN(c2ncnc3oc(-c4ccccc4)c(-c4ccccc4)c23)CC1,3.3010299956639813,IC50,biochemical_inhibition,BindingDB,,STR-DE59B5A419C718336B67,c1ccc(-c2oc3ncnc(N4CCNCC4)c3c2-c2ccccc2)cc1,bemis_murcko,scaffold,scaffold,c36cc6a6a29b1791359d66e339db904e9899da2a2a2046618bec3642c0e4170d,41f692ef5e00f424d3c76d5979e2efaf471c9d2f559bda07bd17e8a4e42fb2b5,train
741,STR-DF974D42229069135D77,COC(=O)N[C@H]1CCC[C@@H]1[C@](C#N)(c1cccc(F)c1)C1CCN(CC2CN(c3ccc(S(=O)(=O)C4CN(C(=O)/C=C/CN5CCOCC5)C4)cc3)C2)CC1,8.397940008672037,IC50,biochemical_inhibition,BindingDB,,STR-DF974D42229069135D77,O=C(C=CCN1CCOCC1)N1CC(S(=O)(=O)c2ccc(N3CC(CN4CCC(C(c5ccccc5)C5CCCC5)CC4)C3)cc2)C1,bemis_murcko,scaffold,scaffold,c36cc6a6a29b1791359d66e339db904e9899da2a2a2046618bec3642c0e4170d,41f692ef5e00f424d3c76d5979e2efaf471c9d2f559bda07bd17e8a4e42fb2b5,train
742,STR-DFE431635A25C35796E2,CCCCC(O)(c1ccccc1)C1CCN(CCCOc2ccc(C#N)cc2)CC1,4.815308569182402,IC50,biochemical_inhibition,BindingDB;PubChem,,STR-DFE431635A25C35796E2,c1ccc(CC2CCN(CCCOc3ccccc3)CC2)cc1,bemis_murcko,scaffold,scaffold,c36cc6a6a29b1791359d66e339db904e9899da2a2a2046618bec3642c0e4170d,41f692ef5e00f424d3c76d5979e2efaf471c9d2f559bda07bd17e8a4e42fb2b5,train
743,STR-DFFE7919620276588DCE,CC(=O)N1CCC[C@H]1C(C#N)(c1ccccc1)C1CCN(CCCOc2ccc(C#N)cc2)CC1,3.9531148091622903,IC50,biochemical_inhibition,BindingDB,,STR-DFFE7919620276588DCE,c1ccc(OCCCN2CCC(C(c3ccccc3)C3CCCN3)CC2)cc1,bemis_murcko,scaffold,scaffold,c36cc6a6a29b1791359d66e339db904e9899da2a2a2046618bec3642c0e4170d,41f692ef5e00f424d3c76d5979e2efaf471c9d2f559bda07bd17e8a4e42fb2b5,train
744,STR-E000601388C267DDFBF6,CC(C)N(C(=O)c1cc(F)ccc1-n1cc(C(=O)C2CN(C(=O)[C@H]3N[C@@H]4CC[C@H]3C4)C2)c2ccnc(F)c21)C(C)C,7.769551078621726,IC50,biochemical_inhibition,PubChem,2025.0,STR-E000601388C267DDFBF6,O=C(c1cn(-c2ccccc2)c2cnccc12)C1CN(C(=O)C2NC3CCC2C3)C1,bemis_murcko,scaffold,scaffold,c36cc6a6a29b1791359d66e339db904e9899da2a2a2046618bec3642c0e4170d,41f692ef5e00f424d3c76d5979e2efaf471c9d2f559bda07bd17e8a4e42fb2b5,train
745,STR-E00A2A65334250E6910B,N#Cc1ccc(OCCCN2CCC(C3NCCc4ccccc43)CC2)cc1,4.375717904164332,IC50,biochemical_inhibition,BindingDB,,STR-E00A2A65334250E6910B,c1ccc(OCCCN2CCC(C3NCCc4ccccc43)CC2)cc1,bemis_murcko,scaffold,scaffold,c36cc6a6a29b1791359d66e339db904e9899da2a2a2046618bec3642c0e4170d,41f692ef5e00f424d3c76d5979e2efaf471c9d2f559bda07bd17e8a4e42fb2b5,test
746,STR-E06BC321EF0DF7985DE6,CC(c1ccc(CN2CCC3(CCN(c4ncnc5sc(CC(F)(F)F)cc45)C3)C2)cc1)S(N)(=O)=O,8.0,IC50,biochemical_inhibition,BindingDB;PubChem,,STR-E06BC321EF0DF7985DE6,c1ccc(CN2CCC3(CCN(c4ncnc5sccc45)C3)C2)cc1,bemis_murcko,scaffold,scaffold,c36cc6a6a29b1791359d66e339db904e9899da2a2a2046618bec3642c0e4170d,41f692ef5e00f424d3c76d5979e2efaf471c9d2f559bda07bd17e8a4e42fb2b5,train
747,STR-E082AD0DE1F3A12CC536,CC(=O)O[C@H]1CCC[C@@H]1C(C#N)(c1ccccc1F)C1CCN(CCCOc2ccc(C#N)cc2)CC1,7.180456064458131,IC50,biochemical_inhibition,BindingDB,,STR-E082AD0DE1F3A12CC536,c1ccc(OCCCN2CCC(C(c3ccccc3)C3CCCC3)CC2)cc1,bemis_murcko,scaffold,scaffold,c36cc6a6a29b1791359d66e339db904e9899da2a2a2046618bec3642c0e4170d,41f692ef5e00f424d3c76d5979e2efaf471c9d2f559bda07bd17e8a4e42fb2b5,train
748,STR-E0F070490CE8D61ABB41,CCc1cc(S(=O)(=O)c2ccc(N3CC(CN4CCC(C5(C6CCCC6)CN(CC)Cc6ccccc65)CC4)C3)cc2)ccn1,7.795880017344075,IC50,biochemical_inhibition,BindingDB,,STR-E0F070490CE8D61ABB41,O=S(=O)(c1ccncc1)c1ccc(N2CC(CN3CCC(C4(C5CCCC5)CNCc5ccccc54)CC3)C2)cc1,bemis_murcko,scaffold,scaffold,c36cc6a6a29b1791359d66e339db904e9899da2a2a2046618bec3642c0e4170d,41f692ef5e00f424d3c76d5979e2efaf471c9d2f559bda07bd17e8a4e42fb2b5,train
749,STR-E0FC21D2243633B5167F,CC(=O)N[C@@H](C)C(=O)N[C@@H](CCCN=C(N)N)C(=O)N[C@@H](Cc1c[nH]c2ccccc12)C(=O)N[C@H]1C/C=C\C[C@@H](C(=O)N2CCC[C@H]2C(=O)N[C@@H](CCCN)C(N)=O)NC(=O)C2(CCC2)NC(=O)[C@@H]2CCCN2C(=O)[C@H](Cc2cccc(F)c2)NC1=O,5.910094888560602,IC50,biochemical_inhibition,PubChem,2022.0,STR-E0FC21D2243633B5167F,O=C(CCc1c[nH]c2ccccc12)NC1CC=CCC(C(=O)N2CCCC2)NC(=O)C2(CCC2)NC(=O)C2CCCN2C(=O)C(Cc2ccccc2)NC1=O,bemis_murcko,scaffold,scaffold,c36cc6a6a29b1791359d66e339db904e9899da2a2a2046618bec3642c0e4170d,41f692ef5e00f424d3c76d5979e2efaf471c9d2f559bda07bd17e8a4e42fb2b5,train
750,STR-E1374AA2ED612B5F391C,CNC(=O)N[C@@H]1CCC[C@H]1C(C#N)(c1ccccc1)C1CCN(CCCOc2ccc(C#N)cc2)CC1,4.679853713888946,IC50,biochemical_inhibition,BindingDB,,STR-E1374AA2ED612B5F391C,c1ccc(OCCCN2CCC(C(c3ccccc3)C3CCCC3)CC2)cc1,bemis_murcko,scaffold,scaffold,c36cc6a6a29b1791359d66e339db904e9899da2a2a2046618bec3642c0e4170d,41f692ef5e00f424d3c76d5979e2efaf471c9d2f559bda07bd17e8a4e42fb2b5,train
751,STR-E15050249B2D732BD2E2,CSC[C@H]1CCC[C@@H]1C(C#N)(c1ccccc1)C1CCN(CC2CN(c3ccc(S(=O)(=O)c4ccncc4)cc3)C2)CC1,4.987162775294828,IC50,biochemical_inhibition,BindingDB,,STR-E15050249B2D732BD2E2,O=S(=O)(c1ccncc1)c1ccc(N2CC(CN3CCC(C(c4ccccc4)C4CCCC4)CC3)C2)cc1,bemis_murcko,scaffold,scaffold,c36cc6a6a29b1791359d66e339db904e9899da2a2a2046618bec3642c0e4170d,41f692ef5e00f424d3c76d5979e2efaf471c9d2f559bda07bd17e8a4e42fb2b5,train
752,STR-E196FA84CA797A66645C,CC(=O)N[C@@H](CCCNC(=N)N)C(=O)N[C@@H](Cc1c[nH]c2ccccc12)C(=O)N[C@H]1CCCCCCCCCNC(=O)[C@@H]2CCCN2C(=O)[C@H](CCCNC(=N)N)NC(=O)[C@H](C)NC(=O)[C@@H]2CCCN2C(=O)[C@H](Cc2ccccc2)NC1=O,6.84163750790475,IC50,biochemical_inhibition,BindingDB,,STR-E196FA84CA797A66645C,O=C1CNC(=O)C2CCCN2C(=O)C(Cc2ccccc2)NC(=O)C(NC(=O)CCc2c[nH]c3ccccc23)CCCCCCCCCNC(=O)C2CCCN2C(=O)CN1,bemis_murcko,scaffold,scaffold,c36cc6a6a29b1791359d66e339db904e9899da2a2a2046618bec3642c0e4170d,41f692ef5e00f424d3c76d5979e2efaf471c9d2f559bda07bd17e8a4e42fb2b5,train
753,STR-E215693C2CDD4231B481,FC(F)(F)Cc1cc2c(N3CCN(c4nnc(C(F)(F)F)o4)CC3)ncnc2s1,5.853871964321762,IC50,biochemical_inhibition,PubChem,2020.0,STR-E215693C2CDD4231B481,c1nc(N2CCN(c3nnco3)CC2)c2ccsc2n1,bemis_murcko,scaffold,scaffold,c36cc6a6a29b1791359d66e339db904e9899da2a2a2046618bec3642c0e4170d,41f692ef5e00f424d3c76d5979e2efaf471c9d2f559bda07bd17e8a4e42fb2b5,test
754,STR-E2BF2500F662553F3983,FC(F)(F)Cc1cc2c(N3CCN(c4nnc(C(F)(F)F)s4)CC3)ncnc2s1,7.036212172654444,IC50,biochemical_inhibition,BindingDB;PubChem,,STR-E2BF2500F662553F3983,c1nc(N2CCN(c3nncs3)CC2)c2ccsc2n1,bemis_murcko,scaffold,scaffold,c36cc6a6a29b1791359d66e339db904e9899da2a2a2046618bec3642c0e4170d,41f692ef5e00f424d3c76d5979e2efaf471c9d2f559bda07bd17e8a4e42fb2b5,train
755,STR-E2D66C5668374E3992F5,N=C(N)NCCC[C@@H]1NC(=O)C2(CCC2)NC(=O)[C@@H]2CCCN2C(=O)[C@H](Cc2ccc(Cl)cc2)NC(=O)[C@@H](N)CCCCCCCCNC(=O)[C@@H]2CCCN2C1=O,5.6968039425795105,IC50,biochemical_inhibition,BindingDB,,STR-E2D66C5668374E3992F5,O=C1CCCCCCCCCNC(=O)C2CCCN2C(=O)CNC(=O)C2(CCC2)NC(=O)C2CCCN2C(=O)C(Cc2ccccc2)N1,bemis_murcko,scaffold,scaffold,c36cc6a6a29b1791359d66e339db904e9899da2a2a2046618bec3642c0e4170d,41f692ef5e00f424d3c76d5979e2efaf471c9d2f559bda07bd17e8a4e42fb2b5,test
756,STR-E3DC1607FD44AFEEC363,CC(C)c1ncsc1-c1cc(F)ccc1-n1cc(C(=O)C2CCN(C(=O)[C@H]3N[C@@H]4CC[C@H]3C4)CC2)c2ccncc21,8.045757490560675,IC50,biochemical_inhibition,PubChem,2025.0,STR-E3DC1607FD44AFEEC363,O=C(c1cn(-c2ccccc2-c2cncs2)c2cnccc12)C1CCN(C(=O)C2NC3CCC2C3)CC1,bemis_murcko,scaffold,scaffold,c36cc6a6a29b1791359d66e339db904e9899da2a2a2046618bec3642c0e4170d,41f692ef5e00f424d3c76d5979e2efaf471c9d2f559bda07bd17e8a4e42fb2b5,train
757,STR-E44677BE3D4EB10AF1A9,CC(C)N(C(=O)c1cc(F)ccc1-n1cc(C(=O)C2CN(C(=O)[C@H]3N[C@@H]4CC[C@H]3C4)C2)c2ccnnc21)C(C)C,6.856985199745905,IC50,biochemical_inhibition,PubChem,2025.0,STR-E44677BE3D4EB10AF1A9,O=C(c1cn(-c2ccccc2)c2nnccc12)C1CN(C(=O)C2NC3CCC2C3)C1,bemis_murcko,scaffold,scaffold,c36cc6a6a29b1791359d66e339db904e9899da2a2a2046618bec3642c0e4170d,41f692ef5e00f424d3c76d5979e2efaf471c9d2f559bda07bd17e8a4e42fb2b5,train
758,STR-E47C538E918E08C77AA1,CC(=O)N[C@@H](CO)C(=O)N[C@@H](C)C(=O)N[C@@H](CCCN=C(N)N)C(=O)N[C@@H](Cc1c[nH]c2ccccc12)C(=O)N[C@@H](C)C(=O)N[C@@H](Cc1ccccc1)C(=O)N1CCC[C@H]1C(=O)N[C@@H](C)C(=O)N[C@@H](C)C(=O)N1CCC[C@H]1C(N)=O,4.721246399047171,IC50,biochemical_inhibition,PubChem,2022.0,STR-E47C538E918E08C77AA1,O=C(CCc1c[nH]c2ccccc12)NCC(=O)NC(Cc1ccccc1)C(=O)N1CCCC1C(=O)NCC(=O)NCC(=O)N1CCCC1,bemis_murcko,scaffold,scaffold,c36cc6a6a29b1791359d66e339db904e9899da2a2a2046618bec3642c0e4170d,41f692ef5e00f424d3c76d5979e2efaf471c9d2f559bda07bd17e8a4e42fb2b5,train
759,STR-E4F36A98E00A8B27E8BD,COC(=O)N[C@H]1CCC[C@@H]1[C@](Cn1ccnn1)(c1cccc(F)c1)C1CCN(CC2CN(c3ccc(S(=O)(=O)C4CN(C(=O)/C=C/CN(C)C)C4)cc3)C2)CC1,8.698970004336019,IC50,biochemical_inhibition,BindingDB,,STR-E4F36A98E00A8B27E8BD,O=S(=O)(c1ccc(N2CC(CN3CCC(C(Cn4ccnn4)(c4ccccc4)C4CCCC4)CC3)C2)cc1)C1CNC1,bemis_murcko,scaffold,scaffold,c36cc6a6a29b1791359d66e339db904e9899da2a2a2046618bec3642c0e4170d,41f692ef5e00f424d3c76d5979e2efaf471c9d2f559bda07bd17e8a4e42fb2b5,test
760,STR-E504CB05601073D27DA6,CN(C)C(=O)C(CCN1CCC(O)(c2ccc(Cl)cc2)CC1)(c1ccccc1)c1ccccc1,4.161150909262744,IC50,biochemical_inhibition,BindingDB;PubChem,,STR-E504CB05601073D27DA6,c1ccc(C2CCN(CCC(c3ccccc3)c3ccccc3)CC2)cc1,bemis_murcko,scaffold,scaffold,c36cc6a6a29b1791359d66e339db904e9899da2a2a2046618bec3642c0e4170d,41f692ef5e00f424d3c76d5979e2efaf471c9d2f559bda07bd17e8a4e42fb2b5,train
761,STR-E5059C295BEFCBEAC7A4,CC(=O)N[C@@H]1CCC[C@H]1C(C#N)(c1ccccc1)C1CCN(CC2CN(c3ccc(S(=O)(=O)C4CC4)cc3)C2)CC1,5.481486060122112,IC50,biochemical_inhibition,BindingDB,,STR-E5059C295BEFCBEAC7A4,O=S(=O)(c1ccc(N2CC(CN3CCC(C(c4ccccc4)C4CCCC4)CC3)C2)cc1)C1CC1,bemis_murcko,scaffold,scaffold,c36cc6a6a29b1791359d66e339db904e9899da2a2a2046618bec3642c0e4170d,41f692ef5e00f424d3c76d5979e2efaf471c9d2f559bda07bd17e8a4e42fb2b5,train
762,STR-E57E8CADFAE7EC8E946F,CNC(=O)O[C@H]1CCC[C@@H]1C(Cn1ccnc1)(c1ccccc1)C1CCN(C(=O)CCCc2ccc(C#N)cc2)CC1,6.09799710864927,IC50,biochemical_inhibition,BindingDB,,STR-E57E8CADFAE7EC8E946F,O=C(CCCc1ccccc1)N1CCC(C(Cn2ccnc2)(c2ccccc2)C2CCCC2)CC1,bemis_murcko,scaffold,scaffold,c36cc6a6a29b1791359d66e339db904e9899da2a2a2046618bec3642c0e4170d,41f692ef5e00f424d3c76d5979e2efaf471c9d2f559bda07bd17e8a4e42fb2b5,train
763,STR-E641EA51DCF158A5E554,O=S(=O)(c1ccc(N2CC(CN3CCC(C4(C5CCCC5)NCCc5ccccc54)CC3)C2)cc1)C1CCOCC1,7.309803919971486,IC50,biochemical_inhibition,BindingDB,,STR-E641EA51DCF158A5E554,O=S(=O)(c1ccc(N2CC(CN3CCC(C4(C5CCCC5)NCCc5ccccc54)CC3)C2)cc1)C1CCOCC1,bemis_murcko,scaffold,scaffold,c36cc6a6a29b1791359d66e339db904e9899da2a2a2046618bec3642c0e4170d,41f692ef5e00f424d3c76d5979e2efaf471c9d2f559bda07bd17e8a4e42fb2b5,train
764,STR-E64E90F663FA85F37778,CC(=O)N1c2ccccc2NC2=C(C(=O)CC(c3ccc(C(C)(C)C)cc3)C2)C1c1cccnc1,5.020479303839453,IC50,biochemical_inhibition,BindingDB,,STR-E64E90F663FA85F37778,O=C1CC(c2ccccc2)CC2=C1C(c1cccnc1)Nc1ccccc1N2,bemis_murcko,scaffold,scaffold,c36cc6a6a29b1791359d66e339db904e9899da2a2a2046618bec3642c0e4170d,41f692ef5e00f424d3c76d5979e2efaf471c9d2f559bda07bd17e8a4e42fb2b5,test
765,STR-E68F130E87277EA0CD95,CNCCCOc1cccc(CN2CCC(Nc3ncnc4sc(CC(F)(F)F)cc34)CC2)c1,5.950781977329818,IC50,biochemical_inhibition,PubChem,2021.0,STR-E68F130E87277EA0CD95,c1ccc(CN2CCC(Nc3ncnc4sccc34)CC2)cc1,bemis_murcko,scaffold,scaffold,c36cc6a6a29b1791359d66e339db904e9899da2a2a2046618bec3642c0e4170d,41f692ef5e00f424d3c76d5979e2efaf471c9d2f559bda07bd17e8a4e42fb2b5,train
766,STR-E697EE7C173FF5B3D541,CC(=O)N[C@@H](CCCNC(=N)N)C(=O)N[C@@H](Cc1ccccc1)C(=O)N1CCC[C@H]1C(=O)N[C@@H](C)C(=O)N[C@@H](CCCNC(=N)N)C(=O)N1CCC[C@H]1C(N)=O,5.019088062223156,IC50,biochemical_inhibition,BindingDB,,STR-E697EE7C173FF5B3D541,O=C(CNC(=O)C1CCCN1C(=O)CCc1ccccc1)NCC(=O)N1CCCC1,bemis_murcko,scaffold,scaffold,c36cc6a6a29b1791359d66e339db904e9899da2a2a2046618bec3642c0e4170d,41f692ef5e00f424d3c76d5979e2efaf471c9d2f559bda07bd17e8a4e42fb2b5,train
767,STR-E6C9DB27889E0D91BF2B,COC(=O)N[C@H]1CCC[C@@H]1[C@](C#N)(c1ccccc1)C1CCN(CC2CN(c3ccc(C#N)cc3)C2)CC1,7.537602002101044,IC50,biochemical_inhibition,BindingDB,,STR-E6C9DB27889E0D91BF2B,c1ccc(C(C2CCCC2)C2CCN(CC3CN(c4ccccc4)C3)CC2)cc1,bemis_murcko,scaffold,scaffold,c36cc6a6a29b1791359d66e339db904e9899da2a2a2046618bec3642c0e4170d,41f692ef5e00f424d3c76d5979e2efaf471c9d2f559bda07bd17e8a4e42fb2b5,train
768,STR-E71EA49855240EBB6F7C,CNC(=O)O[C@@H]1CCC[C@H]1C(C#N)(c1ccccc1)C1CCN(CC2CN(c3ccc(C#N)cc3)C2)CC1,5.508638306165727,IC50,biochemical_inhibition,BindingDB,,STR-E71EA49855240EBB6F7C,c1ccc(C(C2CCCC2)C2CCN(CC3CN(c4ccccc4)C3)CC2)cc1,bemis_murcko,scaffold,scaffold,c36cc6a6a29b1791359d66e339db904e9899da2a2a2046618bec3642c0e4170d,41f692ef5e00f424d3c76d5979e2efaf471c9d2f559bda07bd17e8a4e42fb2b5,train
769,STR-E79EEF3E7440D2C5F50E,CNC(=O)O[C@@H]1CCC[C@H]1C(Cn1ccnc1C)(c1cccc(F)c1)C1CCN(CC2CN(c3ccc(S(=O)(=O)c4cnn(C)c4)cc3)C2)CC1,7.309803919971486,IC50,biochemical_inhibition,BindingDB,,STR-E79EEF3E7440D2C5F50E,O=S(=O)(c1ccc(N2CC(CN3CCC(C(Cn4ccnc4)(c4ccccc4)C4CCCC4)CC3)C2)cc1)c1cn[nH]c1,bemis_murcko,scaffold,scaffold,c36cc6a6a29b1791359d66e339db904e9899da2a2a2046618bec3642c0e4170d,41f692ef5e00f424d3c76d5979e2efaf471c9d2f559bda07bd17e8a4e42fb2b5,train
770,STR-E7EA8D7931BFDDAB9B7B,Cc1c(CN2CCC(Nc3ncnc4sc(CC(F)(F)F)cc34)CC2)ccc2c1cc(C#N)n2C[C@H]1CNC(=O)CO1,6.910094888560602,IC50,biochemical_inhibition,BindingDB,,STR-E7EA8D7931BFDDAB9B7B,O=C1COC(Cn2ccc3cc(CN4CCC(Nc5ncnc6sccc56)CC4)ccc32)CN1,bemis_murcko,scaffold,scaffold,c36cc6a6a29b1791359d66e339db904e9899da2a2a2046618bec3642c0e4170d,41f692ef5e00f424d3c76d5979e2efaf471c9d2f559bda07bd17e8a4e42fb2b5,test
771,STR-E7F31BDBEA50095CCF5A,CCc1cc2c(N3CCN(Cc4ccc(Cl)cc4)CC3)ncnc2s1,4.68837535480105,IC50,biochemical_inhibition,BindingDB;PubChem,2020.0,STR-E7F31BDBEA50095CCF5A,c1ccc(CN2CCN(c3ncnc4sccc34)CC2)cc1,bemis_murcko,scaffold,scaffold,c36cc6a6a29b1791359d66e339db904e9899da2a2a2046618bec3642c0e4170d,41f692ef5e00f424d3c76d5979e2efaf471c9d2f559bda07bd17e8a4e42fb2b5,train
772,STR-E8B47F80D16782785E9D,N#Cc1ccc(OCCCN2CCC(C(O)(c3ccccc3)c3ccccc3)CC2)cc1,4.966576244513051,IC50,biochemical_inhibition,BindingDB;PubChem,,STR-E8B47F80D16782785E9D,c1ccc(OCCCN2CCC(C(c3ccccc3)c3ccccc3)CC2)cc1,bemis_murcko,scaffold,scaffold,c36cc6a6a29b1791359d66e339db904e9899da2a2a2046618bec3642c0e4170d,41f692ef5e00f424d3c76d5979e2efaf471c9d2f559bda07bd17e8a4e42fb2b5,train
773,STR-E8E0B83CF4A1DDD8AEEB,O=C1CC(c2ccc3c(c2)OCO3)CC2=C1C(c1ccncc1)Nc1ccccc1N2,3.638272163982407,IC50,biochemical_inhibition,BindingDB,,STR-E8E0B83CF4A1DDD8AEEB,O=C1CC(c2ccc3c(c2)OCO3)CC2=C1C(c1ccncc1)Nc1ccccc1N2,bemis_murcko,scaffold,scaffold,c36cc6a6a29b1791359d66e339db904e9899da2a2a2046618bec3642c0e4170d,41f692ef5e00f424d3c76d5979e2efaf471c9d2f559bda07bd17e8a4e42fb2b5,train
774,STR-E91B6B648646B754AD1D,NS(=O)(=O)c1ccc(OCCCN2CCC(C(O)(c3cccc(F)c3)c3ccccn3)CC2)cc1,6.8297382846050425,IC50,biochemical_inhibition,BindingDB;PubChem,,STR-E91B6B648646B754AD1D,c1ccc(OCCCN2CCC(C(c3ccccc3)c3ccccn3)CC2)cc1,bemis_murcko,scaffold,scaffold,c36cc6a6a29b1791359d66e339db904e9899da2a2a2046618bec3642c0e4170d,41f692ef5e00f424d3c76d5979e2efaf471c9d2f559bda07bd17e8a4e42fb2b5,train
775,STR-E971954B90C3DF1122E8,CC(=O)O[C@H]1CCC[C@@H]1C(C#N)(c1ccccc1)C1CCN(CC2CN(c3ccc(S(=O)(=O)C4CC4)cc3)C2)CC1,7.744727494896693,IC50,biochemical_inhibition,BindingDB,,STR-E971954B90C3DF1122E8,O=S(=O)(c1ccc(N2CC(CN3CCC(C(c4ccccc4)C4CCCC4)CC3)C2)cc1)C1CC1,bemis_murcko,scaffold,scaffold,c36cc6a6a29b1791359d66e339db904e9899da2a2a2046618bec3642c0e4170d,41f692ef5e00f424d3c76d5979e2efaf471c9d2f559bda07bd17e8a4e42fb2b5,train
776,STR-EABF9B602E7C57DDC695,CC(=O)O[C@@H]1CCC[C@H]1C(C#N)(c1ccccc1)C1CCN(CC2CN(c3ccc(C(=O)O)cc3)C2)CC1,5.187086643357144,IC50,biochemical_inhibition,BindingDB,,STR-EABF9B602E7C57DDC695,c1ccc(C(C2CCCC2)C2CCN(CC3CN(c4ccccc4)C3)CC2)cc1,bemis_murcko,scaffold,scaffold,c36cc6a6a29b1791359d66e339db904e9899da2a2a2046618bec3642c0e4170d,41f692ef5e00f424d3c76d5979e2efaf471c9d2f559bda07bd17e8a4e42fb2b5,train
777,STR-EB3EDBE36DF9F6873496,NS(=O)(=O)c1ccc(OCCCN2CCC(C(O)(c3ccccn3)C3CCCC3)CC2)cc1,6.943095148663527,IC50,biochemical_inhibition,BindingDB;PubChem,,STR-EB3EDBE36DF9F6873496,c1ccc(OCCCN2CCC(C(c3ccccn3)C3CCCC3)CC2)cc1,bemis_murcko,scaffold,scaffold,c36cc6a6a29b1791359d66e339db904e9899da2a2a2046618bec3642c0e4170d,41f692ef5e00f424d3c76d5979e2efaf471c9d2f559bda07bd17e8a4e42fb2b5,test
778,STR-EBE5F8EBBB91D5D79ECA,COc1ccc(-c2csc(CC(N)=O)n2)cc1,4.3277056287106435,IC50,biochemical_inhibition,BindingDB,,STR-EBE5F8EBBB91D5D79ECA,c1ccc(-c2cscn2)cc1,bemis_murcko,scaffold,scaffold,c36cc6a6a29b1791359d66e339db904e9899da2a2a2046618bec3642c0e4170d,41f692ef5e00f424d3c76d5979e2efaf471c9d2f559bda07bd17e8a4e42fb2b5,train
779,STR-EC66806C5F5D2CD819CB,N#Cc1ccc(OCCCN2CCC(C3(C4CCCC4)NCCc4ccc(F)cc43)CC2)cc1,6.325138859262188,IC50,biochemical_inhibition,BindingDB,,STR-EC66806C5F5D2CD819CB,c1ccc(OCCCN2CCC(C3(C4CCCC4)NCCc4ccccc43)CC2)cc1,bemis_murcko,scaffold,scaffold,c36cc6a6a29b1791359d66e339db904e9899da2a2a2046618bec3642c0e4170d,41f692ef5e00f424d3c76d5979e2efaf471c9d2f559bda07bd17e8a4e42fb2b5,train
780,STR-EC9D5328307E3ED96B61,N#Cc1ccc(OCCCN2CCC(C3(C4CCCC4)CNCc4ccccc43)CC2)cc1,7.214670164989233,IC50,biochemical_inhibition,BindingDB,,STR-EC9D5328307E3ED96B61,c1ccc(OCCCN2CCC(C3(C4CCCC4)CNCc4ccccc43)CC2)cc1,bemis_murcko,scaffold,scaffold,c36cc6a6a29b1791359d66e339db904e9899da2a2a2046618bec3642c0e4170d,41f692ef5e00f424d3c76d5979e2efaf471c9d2f559bda07bd17e8a4e42fb2b5,test
781,STR-ED2163A2DFC4C94EBA76,N=C(N)NCCC[C@@H]1NC(=O)C2(CCC2)NC(=O)[C@@H]2CCCN2C(=O)[C@H](CC2CCCCC2)NC(=O)[C@@H](N)CCCCCCCCNC(=O)[C@@H]2CCCN2C1=O,5.47755576649368,IC50,biochemical_inhibition,BindingDB,,STR-ED2163A2DFC4C94EBA76,O=C1CCCCCCCCCNC(=O)C2CCCN2C(=O)CNC(=O)C2(CCC2)NC(=O)C2CCCN2C(=O)C(CC2CCCCC2)N1,bemis_murcko,scaffold,scaffold,c36cc6a6a29b1791359d66e339db904e9899da2a2a2046618bec3642c0e4170d,41f692ef5e00f424d3c76d5979e2efaf471c9d2f559bda07bd17e8a4e42fb2b5,train
782,STR-EDA0DBA402DA3F7EB4D8,CNC(=O)O[C@H]1CCC[C@@H]1C(Cn1ccnc1)(c1ccccc1)C1CCN(CC2CN(c3ccc(Cl)cc3)C2)CC1,8.301029995663981,IC50,biochemical_inhibition,BindingDB,,STR-EDA0DBA402DA3F7EB4D8,c1ccc(N2CC(CN3CCC(C(Cn4ccnc4)(c4ccccc4)C4CCCC4)CC3)C2)cc1,bemis_murcko,scaffold,scaffold,c36cc6a6a29b1791359d66e339db904e9899da2a2a2046618bec3642c0e4170d,41f692ef5e00f424d3c76d5979e2efaf471c9d2f559bda07bd17e8a4e42fb2b5,train
783,STR-EE1ECC6B864815D20E60,N#Cc1ccc(OCCCN2CCC(C3(Cc4ccccc4)NCCc4ccccc43)CC2)cc1,5.376750709602099,IC50,biochemical_inhibition,BindingDB,,STR-EE1ECC6B864815D20E60,c1ccc(CC2(C3CCN(CCCOc4ccccc4)CC3)NCCc3ccccc32)cc1,bemis_murcko,scaffold,scaffold,c36cc6a6a29b1791359d66e339db904e9899da2a2a2046618bec3642c0e4170d,41f692ef5e00f424d3c76d5979e2efaf471c9d2f559bda07bd17e8a4e42fb2b5,train
784,STR-EE1FD4C7BA9FA060836F,N#Cc1ccc(OCCCN2CCC(C(O)(c3ccccc3)C3CC3)CC2)cc1,4.950781977329818,IC50,biochemical_inhibition,BindingDB;PubChem,,STR-EE1FD4C7BA9FA060836F,c1ccc(OCCCN2CCC(C(c3ccccc3)C3CC3)CC2)cc1,bemis_murcko,scaffold,scaffold,c36cc6a6a29b1791359d66e339db904e9899da2a2a2046618bec3642c0e4170d,41f692ef5e00f424d3c76d5979e2efaf471c9d2f559bda07bd17e8a4e42fb2b5,train
785,STR-EE2BA933FEE514B0F89F,N#Cc1ccc(OCCCN2CCC(C3(CC4CCCCC4)NCCc4ccccc43)CC2)cc1,5.1487416512809245,IC50,biochemical_inhibition,BindingDB,,STR-EE2BA933FEE514B0F89F,c1ccc(OCCCN2CCC(C3(CC4CCCCC4)NCCc4ccccc43)CC2)cc1,bemis_murcko,scaffold,scaffold,c36cc6a6a29b1791359d66e339db904e9899da2a2a2046618bec3642c0e4170d,41f692ef5e00f424d3c76d5979e2efaf471c9d2f559bda07bd17e8a4e42fb2b5,test
786,STR-EE40493687FAFB4EE02B,O=S(=O)(c1ccncc1)c1ccc(N2CC(CN3CCC(C4(C5CCCC5)CN(CCN5CCOCC5)Cc5ccccc54)CC3)C2)cc1,7.958607314841775,IC50,biochemical_inhibition,BindingDB,,STR-EE40493687FAFB4EE02B,O=S(=O)(c1ccncc1)c1ccc(N2CC(CN3CCC(C4(C5CCCC5)CN(CCN5CCOCC5)Cc5ccccc54)CC3)C2)cc1,bemis_murcko,scaffold,scaffold,c36cc6a6a29b1791359d66e339db904e9899da2a2a2046618bec3642c0e4170d,41f692ef5e00f424d3c76d5979e2efaf471c9d2f559bda07bd17e8a4e42fb2b5,train
787,STR-EF3629BE766B7858BC20,C=CC(=O)N1CC(S(=O)(=O)c2ccc(N3CC(CN4CCC([C@@](CN5CCC5)(c5cccc(F)c5)[C@H]5CCC[C@@H]5NC(=O)OC)CC4)(OC)C3)cc2)C1,8.55284196865778,IC50,biochemical_inhibition,BindingDB,,STR-EF3629BE766B7858BC20,O=S(=O)(c1ccc(N2CC(CN3CCC(C(CN4CCC4)(c4ccccc4)C4CCCC4)CC3)C2)cc1)C1CNC1,bemis_murcko,scaffold,scaffold,c36cc6a6a29b1791359d66e339db904e9899da2a2a2046618bec3642c0e4170d,41f692ef5e00f424d3c76d5979e2efaf471c9d2f559bda07bd17e8a4e42fb2b5,train
788,STR-EFAC8ED3E7FED616AB52,CC(=O)N[C@@H](CO)C(=O)N[C@@H](C)C(=O)N[C@@H](CCCN=C(N)N)C(=O)N[C@@H](Cc1c[nH]c2ccccc12)C(=O)N[C@@H](C)C(=O)N[C@@H](Cc1ccccc1)C(=O)N1CCC[C@H]1C(=O)N[C@@H](C)C(=O)N[C@@H](C)C(=O)N1CCC[C@H]1C(=O)NCC(=O)N[C@H](C(N)=O)[C@@H](C)O,4.212539525481585,IC50,biochemical_inhibition,PubChem,2022.0,STR-EFAC8ED3E7FED616AB52,O=C(CCc1c[nH]c2ccccc12)NCC(=O)NC(Cc1ccccc1)C(=O)N1CCCC1C(=O)NCC(=O)NCC(=O)N1CCCC1,bemis_murcko,scaffold,scaffold,c36cc6a6a29b1791359d66e339db904e9899da2a2a2046618bec3642c0e4170d,41f692ef5e00f424d3c76d5979e2efaf471c9d2f559bda07bd17e8a4e42fb2b5,train
789,STR-EFC43EF5227E2B3C49F1,CC[C@@H]1NC(=O)[C@@H]2CCCN2C(=O)[C@H](Cc2ccccc2)NC(=O)[C@@H](N)CCCCCCCCNC(=O)[C@@H]2CCCN2C(=O)[C@H](CCCNC(=N)N)NC1=O,4.97061622231479,IC50,biochemical_inhibition,BindingDB,,STR-EFC43EF5227E2B3C49F1,O=C1CNC(=O)C2CCCN2C(=O)C(Cc2ccccc2)NC(=O)CCCCCCCCCNC(=O)C2CCCN2C(=O)CN1,bemis_murcko,scaffold,scaffold,c36cc6a6a29b1791359d66e339db904e9899da2a2a2046618bec3642c0e4170d,41f692ef5e00f424d3c76d5979e2efaf471c9d2f559bda07bd17e8a4e42fb2b5,train
790,STR-EFEE302207A70B4A580D,CN(C)CCOc1cccc(CN2CCC(Nc3ncnc4sc(CC(F)(F)F)cc34)CC2)c1,6.107905397309519,IC50,biochemical_inhibition,PubChem,2021.0,STR-EFEE302207A70B4A580D,c1ccc(CN2CCC(Nc3ncnc4sccc34)CC2)cc1,bemis_murcko,scaffold,scaffold,c36cc6a6a29b1791359d66e339db904e9899da2a2a2046618bec3642c0e4170d,41f692ef5e00f424d3c76d5979e2efaf471c9d2f559bda07bd17e8a4e42fb2b5,train
791,STR-EFF9FF75727E2DA2302E,CC(C)N(C(=O)c1cc(F)ccc1Oc1cncnc1N1CC2(CCN(CC3CCC(NS(C)(=O)=O)CC3)CC2)C1)C(C)C,4.3979400086720375,IC50,biochemical_inhibition,PubChem,2024.0,STR-EFF9FF75727E2DA2302E,c1ccc(Oc2cncnc2N2CC3(CCN(CC4CCCCC4)CC3)C2)cc1,bemis_murcko,scaffold,scaffold,c36cc6a6a29b1791359d66e339db904e9899da2a2a2046618bec3642c0e4170d,41f692ef5e00f424d3c76d5979e2efaf471c9d2f559bda07bd17e8a4e42fb2b5,test
792,STR-F002CB3DA8E3E8ADE73A,CCCC(C)C1(C2CCN(CCCOc3ccc(C#N)cc3)CC2)NCCc2ccccc21,5.481486060122112,IC50,biochemical_inhibition,BindingDB,,STR-F002CB3DA8E3E8ADE73A,c1ccc(OCCCN2CCC(C3NCCc4ccccc43)CC2)cc1,bemis_murcko,scaffold,scaffold,c36cc6a6a29b1791359d66e339db904e9899da2a2a2046618bec3642c0e4170d,41f692ef5e00f424d3c76d5979e2efaf471c9d2f559bda07bd17e8a4e42fb2b5,test
793,STR-F09507F6419C550958EB,CC(C)N(C(=O)c1cc(F)ccc1-n1cc(C(=O)C2CN(C(=O)[C@H]3NC4CCC3CC4)C2)c2ccncc21)C(C)C,7.376750709602099,IC50,biochemical_inhibition,PubChem,2025.0,STR-F09507F6419C550958EB,O=C(c1cn(-c2ccccc2)c2cnccc12)C1CN(C(=O)C2NC3CCC2CC3)C1,bemis_murcko,scaffold,scaffold,c36cc6a6a29b1791359d66e339db904e9899da2a2a2046618bec3642c0e4170d,41f692ef5e00f424d3c76d5979e2efaf471c9d2f559bda07bd17e8a4e42fb2b5,train
794,STR-F10D2D8306F0D924B76B,C=CC(=O)N1CC(S(=O)(=O)c2ccc(N3CC(CN4CCC([C@@](Cn5ccnc5CC)(c5cccc(F)c5)[C@H]5CCC[C@@H]5NC(=O)OC)CC4)C3)cc2)C1,8.698970004336019,IC50,biochemical_inhibition,BindingDB,,STR-F10D2D8306F0D924B76B,O=S(=O)(c1ccc(N2CC(CN3CCC(C(Cn4ccnc4)(c4ccccc4)C4CCCC4)CC3)C2)cc1)C1CNC1,bemis_murcko,scaffold,scaffold,c36cc6a6a29b1791359d66e339db904e9899da2a2a2046618bec3642c0e4170d,41f692ef5e00f424d3c76d5979e2efaf471c9d2f559bda07bd17e8a4e42fb2b5,train
795,STR-F13F9B9A1C2D18490852,OCc1ccc(-c2ccncc2)cc1,3.2924298239020633,IC50,biochemical_inhibition,BindingDB,,STR-F13F9B9A1C2D18490852,c1ccc(-c2ccncc2)cc1,bemis_murcko,scaffold,scaffold,c36cc6a6a29b1791359d66e339db904e9899da2a2a2046618bec3642c0e4170d,41f692ef5e00f424d3c76d5979e2efaf471c9d2f559bda07bd17e8a4e42fb2b5,train
796,STR-F1BF1A87A48C7FFDC529,O=C([C@@H]1N[C@H]2C[C@@H]1C[C@@H]2OCc1ccccc1)N1CC2(C1)CN(c1c(C(F)(F)F)cnc3sc(CC(F)(F)F)cc13)C2,5.619788758288394,IC50,biochemical_inhibition,BindingDB;PubChem,,STR-F1BF1A87A48C7FFDC529,O=C(C1NC2CC1CC2OCc1ccccc1)N1CC2(C1)CN(c1ccnc3sccc13)C2,bemis_murcko,scaffold,scaffold,c36cc6a6a29b1791359d66e339db904e9899da2a2a2046618bec3642c0e4170d,41f692ef5e00f424d3c76d5979e2efaf471c9d2f559bda07bd17e8a4e42fb2b5,train
797,STR-F1E7C121ED0AA1CBD4E4,N#CC(c1ccccc1)(C1CCN(CC2CN(c3ccc(S(=O)(=O)c4ccncc4)cc3)C2)CC1)[C@@H]1CCC[C@H]1OC(=O)C1CC1,6.069050968832477,IC50,biochemical_inhibition,BindingDB,,STR-F1E7C121ED0AA1CBD4E4,O=C(OC1CCCC1C(c1ccccc1)C1CCN(CC2CN(c3ccc(S(=O)(=O)c4ccncc4)cc3)C2)CC1)C1CC1,bemis_murcko,scaffold,scaffold,c36cc6a6a29b1791359d66e339db904e9899da2a2a2046618bec3642c0e4170d,41f692ef5e00f424d3c76d5979e2efaf471c9d2f559bda07bd17e8a4e42fb2b5,train
798,STR-F23513542FDA366267B6,CC(C)Cc1cccc(C[C@@H]2NC(=O)[C@@H](N)CCCCCCCCNC(=O)[C@@H]3CCCN3C(=O)[C@H](CCCN=C(N)N)NC(=O)C3(CCC3)NC(=O)[C@@H]3CCCN3C2=O)c1,4.443697499232713,IC50,biochemical_inhibition,PubChem,2013.0,STR-F23513542FDA366267B6,O=C1CCCCCCCCCNC(=O)C2CCCN2C(=O)CNC(=O)C2(CCC2)NC(=O)C2CCCN2C(=O)C(Cc2ccccc2)N1,bemis_murcko,scaffold,scaffold,c36cc6a6a29b1791359d66e339db904e9899da2a2a2046618bec3642c0e4170d,41f692ef5e00f424d3c76d5979e2efaf471c9d2f559bda07bd17e8a4e42fb2b5,test
799,STR-F27337C7FFCA9EF1AAB4,CC(=O)O[C@@H]1CCC[C@H]1C1(C2CCN(CC3CN(c4ccc(S(=O)(=O)C5CC5)cc4)C3)CC2)CN(C)Cc2ccccc21,6.913640169325252,IC50,biochemical_inhibition,BindingDB,,STR-F27337C7FFCA9EF1AAB4,O=S(=O)(c1ccc(N2CC(CN3CCC(C4(C5CCCC5)CNCc5ccccc54)CC3)C2)cc1)C1CC1,bemis_murcko,scaffold,scaffold,c36cc6a6a29b1791359d66e339db904e9899da2a2a2046618bec3642c0e4170d,41f692ef5e00f424d3c76d5979e2efaf471c9d2f559bda07bd17e8a4e42fb2b5,train
800,STR-F32727EFAF81D38C7334,COC(=O)N[C@H]1CCC[C@@H]1[C@](CN1CCC1)(c1cccc(F)c1)C1CCN(CC2CN(c3ccc(S(=O)(=O)C4CN(C(=O)/C=C/CN5CCC5)C4)cc3)C2)CC1,8.698970004336019,IC50,biochemical_inhibition,BindingDB,,STR-F32727EFAF81D38C7334,O=C(C=CCN1CCC1)N1CC(S(=O)(=O)c2ccc(N3CC(CN4CCC(C(CN5CCC5)(c5ccccc5)C5CCCC5)CC4)C3)cc2)C1,bemis_murcko,scaffold,scaffold,c36cc6a6a29b1791359d66e339db904e9899da2a2a2046618bec3642c0e4170d,41f692ef5e00f424d3c76d5979e2efaf471c9d2f559bda07bd17e8a4e42fb2b5,train
801,STR-F334A782B734CE96FF39,CN1Cc2ccccc2C(C2CCCC2)(C2CCN(CC3CN(c4ccc(C#N)cc4)C3)CC2)C1,7.568636235841012,IC50,biochemical_inhibition,BindingDB,,STR-F334A782B734CE96FF39,c1ccc(N2CC(CN3CCC(C4(C5CCCC5)CNCc5ccccc54)CC3)C2)cc1,bemis_murcko,scaffold,scaffold,c36cc6a6a29b1791359d66e339db904e9899da2a2a2046618bec3642c0e4170d,41f692ef5e00f424d3c76d5979e2efaf471c9d2f559bda07bd17e8a4e42fb2b5,train
802,STR-F335F32CCEDF60394E5D,N#Cc1cnc2sc(CC(F)(F)F)cc2c1N1CC2(CN(C(=O)[C@H]3N[C@@H]4CC(=O)[C@H]3C4)C2)C1,7.044793462458058,IC50,biochemical_inhibition,BindingDB;PubChem,,STR-F335F32CCEDF60394E5D,O=C1CC2CC1C(C(=O)N1CC3(C1)CN(c1ccnc4sccc14)C3)N2,bemis_murcko,scaffold,scaffold,c36cc6a6a29b1791359d66e339db904e9899da2a2a2046618bec3642c0e4170d,41f692ef5e00f424d3c76d5979e2efaf471c9d2f559bda07bd17e8a4e42fb2b5,train
803,STR-F3CF2B91B4EE3E2B7CA5,N#Cc1ccc(NCCCN2CCC(C3(C4CCCC4)NCCc4ccccc43)CC2)cc1,6.617982957425132,IC50,biochemical_inhibition,BindingDB,,STR-F3CF2B91B4EE3E2B7CA5,c1ccc(NCCCN2CCC(C3(C4CCCC4)NCCc4ccccc43)CC2)cc1,bemis_murcko,scaffold,scaffold,c36cc6a6a29b1791359d66e339db904e9899da2a2a2046618bec3642c0e4170d,41f692ef5e00f424d3c76d5979e2efaf471c9d2f559bda07bd17e8a4e42fb2b5,train
804,STR-F3DFD4843D8CADC8B75A,Cc1c(C(=O)C2CCN(C(=O)[C@H]3NC[C@@H]4C[C@@H]43)CC2)c2ccncc2n1-c1ccc(F)cc1C(=O)N(CC(F)(F)F)C(C)C,6.109020403010311,IC50,biochemical_inhibition,PubChem,2025.0,STR-F3DFD4843D8CADC8B75A,O=C(c1cn(-c2ccccc2)c2cnccc12)C1CCN(C(=O)C2NCC3CC32)CC1,bemis_murcko,scaffold,scaffold,c36cc6a6a29b1791359d66e339db904e9899da2a2a2046618bec3642c0e4170d,41f692ef5e00f424d3c76d5979e2efaf471c9d2f559bda07bd17e8a4e42fb2b5,train
805,STR-F3E4FB7B2DAC6DD0B0EA,CC(=O)O[C@@H]1CCC[C@H]1C(C#N)(c1cccc(F)c1)C1CCN(CC2CN(c3ccc(S(=O)(=O)c4ccccc4)cc3)C2)CC1,4.860120913598763,IC50,biochemical_inhibition,BindingDB,,STR-F3E4FB7B2DAC6DD0B0EA,O=S(=O)(c1ccccc1)c1ccc(N2CC(CN3CCC(C(c4ccccc4)C4CCCC4)CC3)C2)cc1,bemis_murcko,scaffold,scaffold,c36cc6a6a29b1791359d66e339db904e9899da2a2a2046618bec3642c0e4170d,41f692ef5e00f424d3c76d5979e2efaf471c9d2f559bda07bd17e8a4e42fb2b5,test
806,STR-F420EA9EFCC6CB3F01A3,N#Cc1cc2cc(CN3CCC(CC4(C5CCCC5)NCCc5ccccc54)CC3)ccc2[nH]1,4.380906669373258,IC50,biochemical_inhibition,BindingDB,,STR-F420EA9EFCC6CB3F01A3,c1ccc2c(c1)CCNC2(CC1CCN(Cc2ccc3[nH]ccc3c2)CC1)C1CCCC1,bemis_murcko,scaffold,scaffold,c36cc6a6a29b1791359d66e339db904e9899da2a2a2046618bec3642c0e4170d,41f692ef5e00f424d3c76d5979e2efaf471c9d2f559bda07bd17e8a4e42fb2b5,train
807,STR-F4223A1339E66808912C,N#CC(c1ccccc1)(C1CCN(CC2CN(c3ccc(S(=O)(=O)c4ccncc4)cc3)C2)CC1)[C@@H]1CCC[C@H]1CO,5.337242168318426,IC50,biochemical_inhibition,BindingDB,,STR-F4223A1339E66808912C,O=S(=O)(c1ccncc1)c1ccc(N2CC(CN3CCC(C(c4ccccc4)C4CCCC4)CC3)C2)cc1,bemis_murcko,scaffold,scaffold,c36cc6a6a29b1791359d66e339db904e9899da2a2a2046618bec3642c0e4170d,41f692ef5e00f424d3c76d5979e2efaf471c9d2f559bda07bd17e8a4e42fb2b5,train
808,STR-F4444BF0EA722673247E,CC(=O)N[C@@H](CO)C(=O)N[C@@H](C)C(=O)N[C@@H](CCCN=C(N)N)C(=O)N[C@@H](Cc1c[nH]c2ccccc12)C(=O)N[C@H]1C/C=C\C[C@@H](C(=O)N2CCC[C@H]2C(=O)N[C@@H](CC(C)N)C(N)=O)NC(=O)[C@H](C)NC(=O)[C@@H]2CCCN2C(=O)[C@H](Cc2ccccc2)NC1=O,6.187755303199631,IC50,biochemical_inhibition,PubChem,2022.0,STR-F4444BF0EA722673247E,O=C(CCc1c[nH]c2ccccc12)NC1CC=CCC(C(=O)N2CCCC2)NC(=O)CNC(=O)C2CCCN2C(=O)C(Cc2ccccc2)NC1=O,bemis_murcko,scaffold,scaffold,c36cc6a6a29b1791359d66e339db904e9899da2a2a2046618bec3642c0e4170d,41f692ef5e00f424d3c76d5979e2efaf471c9d2f559bda07bd17e8a4e42fb2b5,train
809,STR-F45BBAA26D4E2A02347B,O=S(=O)(CC1CCCC1)c1ccc(N2CC(CN3CCC(C4(C5CCCC5)NCCc5ccccc54)CC3)C2)cc1,7.376750709602099,IC50,biochemical_inhibition,BindingDB,,STR-F45BBAA26D4E2A02347B,O=S(=O)(CC1CCCC1)c1ccc(N2CC(CN3CCC(C4(C5CCCC5)NCCc5ccccc54)CC3)C2)cc1,bemis_murcko,scaffold,scaffold,c36cc6a6a29b1791359d66e339db904e9899da2a2a2046618bec3642c0e4170d,41f692ef5e00f424d3c76d5979e2efaf471c9d2f559bda07bd17e8a4e42fb2b5,train
810,STR-F48E770257629D6757F9,CCN1Cc2ccccc2C(C2CCN(CC3CN(c4ccc(S(=O)(=O)c5ccccc5)cc4)C3)CC2)([C@H]2CCC[C@@H]2NC(=O)NC)C1,8.045757490560675,IC50,biochemical_inhibition,BindingDB,,STR-F48E770257629D6757F9,O=S(=O)(c1ccccc1)c1ccc(N2CC(CN3CCC(C4(C5CCCC5)CNCc5ccccc54)CC3)C2)cc1,bemis_murcko,scaffold,scaffold,c36cc6a6a29b1791359d66e339db904e9899da2a2a2046618bec3642c0e4170d,41f692ef5e00f424d3c76d5979e2efaf471c9d2f559bda07bd17e8a4e42fb2b5,train
811,STR-F4BB08EB02EDF59AB1DB,CCN(C(=O)c1cc(F)ccc1-n1c(C)c(C(=O)C2CCN(C(=O)[C@@H]3CCC4(CC4)N3)CC2)c2ccncc21)C(C)C,5.6701954778359305,IC50,biochemical_inhibition,PubChem,2025.0,STR-F4BB08EB02EDF59AB1DB,O=C(c1cn(-c2ccccc2)c2cnccc12)C1CCN(C(=O)C2CCC3(CC3)N2)CC1,bemis_murcko,scaffold,scaffold,c36cc6a6a29b1791359d66e339db904e9899da2a2a2046618bec3642c0e4170d,41f692ef5e00f424d3c76d5979e2efaf471c9d2f559bda07bd17e8a4e42fb2b5,train
812,STR-F4D7C79F147C9691D2EE,N#Cc1ccc(N2CC(CN3CCC(C4(C5CCCC5)NCCc5ccccc54)CC3)C2)cc1,7.443697499232712,IC50,biochemical_inhibition,BindingDB,,STR-F4D7C79F147C9691D2EE,c1ccc(N2CC(CN3CCC(C4(C5CCCC5)NCCc5ccccc54)CC3)C2)cc1,bemis_murcko,scaffold,scaffold,c36cc6a6a29b1791359d66e339db904e9899da2a2a2046618bec3642c0e4170d,41f692ef5e00f424d3c76d5979e2efaf471c9d2f559bda07bd17e8a4e42fb2b5,train
813,STR-F4FB2C42DC3E185E6101,Cc1c(CN2CCC(Nc3ncnc4sc(CC(F)(F)F)cc34)CC2)ccc2c1cc(C#N)n2CCC1CCNCC1,7.853871964321762,IC50,biochemical_inhibition,BindingDB,,STR-F4FB2C42DC3E185E6101,c1nc(NC2CCN(Cc3ccc4c(ccn4CCC4CCNCC4)c3)CC2)c2ccsc2n1,bemis_murcko,scaffold,scaffold,c36cc6a6a29b1791359d66e339db904e9899da2a2a2046618bec3642c0e4170d,41f692ef5e00f424d3c76d5979e2efaf471c9d2f559bda07bd17e8a4e42fb2b5,train
814,STR-F56CDB449583E8311074,N#Cc1ccc(OCCCN2CCC(C3(C4CCC4)NCCc4ccccc43)CC2)cc1,5.958607314841775,IC50,biochemical_inhibition,BindingDB,,STR-F56CDB449583E8311074,c1ccc(OCCCN2CCC(C3(C4CCC4)NCCc4ccccc43)CC2)cc1,bemis_murcko,scaffold,scaffold,c36cc6a6a29b1791359d66e339db904e9899da2a2a2046618bec3642c0e4170d,41f692ef5e00f424d3c76d5979e2efaf471c9d2f559bda07bd17e8a4e42fb2b5,test
815,STR-F56D36E1BD6B0DD11077,CC(=O)O[C@@H]1CCC[C@H]1C(C#N)(c1ccccc1)C1CCN(CC2CN(c3ccc(S(=O)(=O)c4ccncc4)cc3)C2)CC1,5.77642098432889,IC50,biochemical_inhibition,BindingDB,,STR-F56D36E1BD6B0DD11077,O=S(=O)(c1ccncc1)c1ccc(N2CC(CN3CCC(C(c4ccccc4)C4CCCC4)CC3)C2)cc1,bemis_murcko,scaffold,scaffold,c36cc6a6a29b1791359d66e339db904e9899da2a2a2046618bec3642c0e4170d,41f692ef5e00f424d3c76d5979e2efaf471c9d2f559bda07bd17e8a4e42fb2b5,train
816,STR-F5DA1E0A219F4E851CAA,CCc1cc2c(NC3CCN(Cc4ccccc4)CC3)ncnc2s1,5.886056647693163,IC50,biochemical_inhibition,BindingDB;PubChem,,STR-F5DA1E0A219F4E851CAA,c1ccc(CN2CCC(Nc3ncnc4sccc34)CC2)cc1,bemis_murcko,scaffold,scaffold,c36cc6a6a29b1791359d66e339db904e9899da2a2a2046618bec3642c0e4170d,41f692ef5e00f424d3c76d5979e2efaf471c9d2f559bda07bd17e8a4e42fb2b5,train
817,STR-F5F5118AE185B42AD9FA,CCc1cc2c(N3CCN(CC(=O)N4CCN(C)CC4)CC3)ncnc2s1,4.795880017344075,IC50,biochemical_inhibition,BindingDB;PubChem,,STR-F5F5118AE185B42AD9FA,O=C(CN1CCN(c2ncnc3sccc23)CC1)N1CCNCC1,bemis_murcko,scaffold,scaffold,c36cc6a6a29b1791359d66e339db904e9899da2a2a2046618bec3642c0e4170d,41f692ef5e00f424d3c76d5979e2efaf471c9d2f559bda07bd17e8a4e42fb2b5,train
818,STR-F6B3210B924167EFDCBB,CCNC(=O)O[C@@H]1CCC[C@H]1C(C#N)(c1ccccc1)C1CCN(CC2CN(c3ccc(S(=O)(=O)c4ccncc4)cc3)C2)CC1,5.468521082957745,IC50,biochemical_inhibition,BindingDB,,STR-F6B3210B924167EFDCBB,O=S(=O)(c1ccncc1)c1ccc(N2CC(CN3CCC(C(c4ccccc4)C4CCCC4)CC3)C2)cc1,bemis_murcko,scaffold,scaffold,c36cc6a6a29b1791359d66e339db904e9899da2a2a2046618bec3642c0e4170d,41f692ef5e00f424d3c76d5979e2efaf471c9d2f559bda07bd17e8a4e42fb2b5,train
819,STR-F744772A71C37D955328,N#CC(c1ccccc1)(C1CCCC1)C1CCN(CCCOc2ccc(S(=O)(=O)c3ccccc3)cc2)CC1,4.2335871528876,IC50,biochemical_inhibition,BindingDB,,STR-F744772A71C37D955328,O=S(=O)(c1ccccc1)c1ccc(OCCCN2CCC(C(c3ccccc3)C3CCCC3)CC2)cc1,bemis_murcko,scaffold,scaffold,c36cc6a6a29b1791359d66e339db904e9899da2a2a2046618bec3642c0e4170d,41f692ef5e00f424d3c76d5979e2efaf471c9d2f559bda07bd17e8a4e42fb2b5,test
820,STR-F784DE6D824C06940620,C[C@@H]1COC[C@H](C)N1C(=O)c1cc(F)ccc1-n1cc(C(=O)C2CCN(C(=O)[C@H]3N[C@@H]4CC[C@H]3C4)CC2)c2ccncc21,7.013228265733755,IC50,biochemical_inhibition,PubChem,2025.0,STR-F784DE6D824C06940620,O=C(c1cn(-c2ccccc2C(=O)N2CCOCC2)c2cnccc12)C1CCN(C(=O)C2NC3CCC2C3)CC1,bemis_murcko,scaffold,scaffold,c36cc6a6a29b1791359d66e339db904e9899da2a2a2046618bec3642c0e4170d,41f692ef5e00f424d3c76d5979e2efaf471c9d2f559bda07bd17e8a4e42fb2b5,train
821,STR-F7D3FB282E651DA95110,CN1COCN([C@@H]2CCC[C@H]2C(C#N)(c2ccccc2)C2CCN(CC3CN(c4ccc(S(=O)(=O)c5ccncc5)cc4)C3)CC2)C1=O,5.853871964321762,IC50,biochemical_inhibition,BindingDB,,STR-F7D3FB282E651DA95110,O=C1NCOCN1C1CCCC1C(c1ccccc1)C1CCN(CC2CN(c3ccc(S(=O)(=O)c4ccncc4)cc3)C2)CC1,bemis_murcko,scaffold,scaffold,c36cc6a6a29b1791359d66e339db904e9899da2a2a2046618bec3642c0e4170d,41f692ef5e00f424d3c76d5979e2efaf471c9d2f559bda07bd17e8a4e42fb2b5,test
822,STR-F8573739FC4928FB0125,N#Cc1cc2cc(CN3CCC(C4(C5CCCC5)NCCc5ccccc54)CC3)ccc2[nH]1,4.486782399932061,IC50,biochemical_inhibition,BindingDB,,STR-F8573739FC4928FB0125,c1ccc2c(c1)CCNC2(C1CCCC1)C1CCN(Cc2ccc3[nH]ccc3c2)CC1,bemis_murcko,scaffold,scaffold,c36cc6a6a29b1791359d66e339db904e9899da2a2a2046618bec3642c0e4170d,41f692ef5e00f424d3c76d5979e2efaf471c9d2f559bda07bd17e8a4e42fb2b5,train
823,STR-F90A7CDFC3BE1549AAD5,CC(=O)N1CCCC(C(C#N)(c2ccccc2)C2CCN(CCCOc3ccc(C#N)cc3)CC2)C1,4.51427857351842,IC50,biochemical_inhibition,BindingDB,,STR-F90A7CDFC3BE1549AAD5,c1ccc(OCCCN2CCC(C(c3ccccc3)C3CCCNC3)CC2)cc1,bemis_murcko,scaffold,scaffold,c36cc6a6a29b1791359d66e339db904e9899da2a2a2046618bec3642c0e4170d,41f692ef5e00f424d3c76d5979e2efaf471c9d2f559bda07bd17e8a4e42fb2b5,test
824,STR-F91A7384422F639F501B,CCc1cc2c(N3CCN(c4nncs4)CC3)ncnc2s1,3.714442690992226,IC50,biochemical_inhibition,PubChem,2020.0,STR-F91A7384422F639F501B,c1nc(N2CCN(c3nncs3)CC2)c2ccsc2n1,bemis_murcko,scaffold,scaffold,c36cc6a6a29b1791359d66e339db904e9899da2a2a2046618bec3642c0e4170d,41f692ef5e00f424d3c76d5979e2efaf471c9d2f559bda07bd17e8a4e42fb2b5,train
825,STR-F95064BB177500079B26,NC(N)=NCCC[C@@H]1NC(=O)C2(CCC2)NC(=O)[C@@H]2CCCN2C(=O)[C@H](Cc2ccccc2F)NC(=O)[C@@H](N)CCCCCCCCNC(=O)[C@@H]2CCCN2C1=O,6.991399828238082,IC50,biochemical_inhibition,PubChem,2013.0,STR-F95064BB177500079B26,O=C1CCCCCCCCCNC(=O)C2CCCN2C(=O)CNC(=O)C2(CCC2)NC(=O)C2CCCN2C(=O)C(Cc2ccccc2)N1,bemis_murcko,scaffold,scaffold,c36cc6a6a29b1791359d66e339db904e9899da2a2a2046618bec3642c0e4170d,41f692ef5e00f424d3c76d5979e2efaf471c9d2f559bda07bd17e8a4e42fb2b5,test
826,STR-F95A6E9EAEE123EF25EE,N#Cc1cnc2sc(CC(F)(F)F)cc2c1N1CC2(CN(C(=O)[C@@H]3N[C@@H]4CC[C@H]3C4)C2)C1,8.075720713938118,IC50,biochemical_inhibition,BindingDB;PubChem,,STR-F95A6E9EAEE123EF25EE,O=C(C1NC2CCC1C2)N1CC2(C1)CN(c1ccnc3sccc13)C2,bemis_murcko,scaffold,scaffold,c36cc6a6a29b1791359d66e339db904e9899da2a2a2046618bec3642c0e4170d,41f692ef5e00f424d3c76d5979e2efaf471c9d2f559bda07bd17e8a4e42fb2b5,test
827,STR-F99BCE07672BA00ADF22,CC1CCc2c(sc3ncnc(NC4CCN(Cc5ccccc5)CC4)c23)C1,4.698970004336019,IC50,biochemical_inhibition,BindingDB;PubChem,,STR-F99BCE07672BA00ADF22,c1ccc(CN2CCC(Nc3ncnc4sc5c(c34)CCCC5)CC2)cc1,bemis_murcko,scaffold,scaffold,c36cc6a6a29b1791359d66e339db904e9899da2a2a2046618bec3642c0e4170d,41f692ef5e00f424d3c76d5979e2efaf471c9d2f559bda07bd17e8a4e42fb2b5,train
828,STR-FA1D55ED2164B47016B5,CC(=O)N[C@H]1CCCCCCCCNC(=O)[C@@H]2CCCN2C(=O)[C@H](CCCN=C(N)N)NC(=O)[C@H](C)NC(=O)[C@@H]2CCCN2C(=O)[C@H](Cc2ccccc2)NC1=O,5.665546248849069,IC50,biochemical_inhibition,PubChem,2013.0,STR-FA1D55ED2164B47016B5,O=C1CNC(=O)C2CCCN2C(=O)C(Cc2ccccc2)NC(=O)CCCCCCCCCNC(=O)C2CCCN2C(=O)CN1,bemis_murcko,scaffold,scaffold,c36cc6a6a29b1791359d66e339db904e9899da2a2a2046618bec3642c0e4170d,41f692ef5e00f424d3c76d5979e2efaf471c9d2f559bda07bd17e8a4e42fb2b5,train
829,STR-FA1FDFBE4B94F7A252F5,N#CC(c1ccccc1)(C1CCN(CC2CN(c3ccc(S(=O)(=O)c4ccncc4)cc3)C2)CC1)[C@H]1CCC[C@@H]1CO,6.249491605148654,IC50,biochemical_inhibition,BindingDB,,STR-FA1FDFBE4B94F7A252F5,O=S(=O)(c1ccncc1)c1ccc(N2CC(CN3CCC(C(c4ccccc4)C4CCCC4)CC3)C2)cc1,bemis_murcko,scaffold,scaffold,c36cc6a6a29b1791359d66e339db904e9899da2a2a2046618bec3642c0e4170d,41f692ef5e00f424d3c76d5979e2efaf471c9d2f559bda07bd17e8a4e42fb2b5,train
830,STR-FA5427192F47CDDDDFD0,CCc1cc2c(NCC3CCN(Cc4ccc(F)cc4)CC3)ncnc2s1,5.356547323513812,IC50,biochemical_inhibition,BindingDB;PubChem,,STR-FA5427192F47CDDDDFD0,c1ccc(CN2CCC(CNc3ncnc4sccc34)CC2)cc1,bemis_murcko,scaffold,scaffold,c36cc6a6a29b1791359d66e339db904e9899da2a2a2046618bec3642c0e4170d,41f692ef5e00f424d3c76d5979e2efaf471c9d2f559bda07bd17e8a4e42fb2b5,train
831,STR-FB00B532B01AA27CD41B,NC(=O)Cc1nc(-c2ccccc2)cs1,2.6989700043360187,IC50,biochemical_inhibition,BindingDB,,STR-FB00B532B01AA27CD41B,c1ccc(-c2cscn2)cc1,bemis_murcko,scaffold,scaffold,c36cc6a6a29b1791359d66e339db904e9899da2a2a2046618bec3642c0e4170d,41f692ef5e00f424d3c76d5979e2efaf471c9d2f559bda07bd17e8a4e42fb2b5,train
832,STR-FB20DDC3426AF551283B,CN(C)C(=O)N[C@H]1CCC[C@@H]1C(C#N)(c1ccccc1)C1CCN(CC2CN(c3ccc(S(=O)(=O)c4ccncc4)cc3)C2)CC1,7.920818753952375,IC50,biochemical_inhibition,BindingDB,,STR-FB20DDC3426AF551283B,O=S(=O)(c1ccncc1)c1ccc(N2CC(CN3CCC(C(c4ccccc4)C4CCCC4)CC3)C2)cc1,bemis_murcko,scaffold,scaffold,c36cc6a6a29b1791359d66e339db904e9899da2a2a2046618bec3642c0e4170d,41f692ef5e00f424d3c76d5979e2efaf471c9d2f559bda07bd17e8a4e42fb2b5,train
833,STR-FB32B5E0FE59CE4699E6,Cc1c(CN2CCC(Nc3ncnc4sc(CC(F)(F)F)cc34)CC2)ccc2c1cc(C#N)n2CC1CNC(=O)CO1,8.1249387366083,IC50,biochemical_inhibition,BindingDB,,STR-FB32B5E0FE59CE4699E6,O=C1COC(Cn2ccc3cc(CN4CCC(Nc5ncnc6sccc56)CC4)ccc32)CN1,bemis_murcko,scaffold,scaffold,c36cc6a6a29b1791359d66e339db904e9899da2a2a2046618bec3642c0e4170d,41f692ef5e00f424d3c76d5979e2efaf471c9d2f559bda07bd17e8a4e42fb2b5,test
834,STR-FB8F85C9A962EBF8FA78,CNC(=O)N[C@@H]1CCC[C@H]1C1(C2CCN(CC3CN(c4ccc(S(=O)(=O)c5ccncc5)cc4)C3)CC2)CN(C)Cc2ccccc21,6.528708288941061,IC50,biochemical_inhibition,BindingDB,,STR-FB8F85C9A962EBF8FA78,O=S(=O)(c1ccncc1)c1ccc(N2CC(CN3CCC(C4(C5CCCC5)CNCc5ccccc54)CC3)C2)cc1,bemis_murcko,scaffold,scaffold,c36cc6a6a29b1791359d66e339db904e9899da2a2a2046618bec3642c0e4170d,41f692ef5e00f424d3c76d5979e2efaf471c9d2f559bda07bd17e8a4e42fb2b5,train
835,STR-FBAAC5A0D7488D667D40,CNC(=O)O[C@H]1CCC[C@@H]1C(Cn1ccnc1C)(c1cccc(F)c1)C1CCN(CC2CN(c3ccc(S(=O)(=O)c4cnn(C)c4)cc3)C2)CC1,8.522878745280337,IC50,biochemical_inhibition,BindingDB,,STR-FBAAC5A0D7488D667D40,O=S(=O)(c1ccc(N2CC(CN3CCC(C(Cn4ccnc4)(c4ccccc4)C4CCCC4)CC3)C2)cc1)c1cn[nH]c1,bemis_murcko,scaffold,scaffold,c36cc6a6a29b1791359d66e339db904e9899da2a2a2046618bec3642c0e4170d,41f692ef5e00f424d3c76d5979e2efaf471c9d2f559bda07bd17e8a4e42fb2b5,train
836,STR-FC134713F6D36D29BA09,CO[C@H]1CCC[C@@H]1C(C#N)(c1ccccc1)C1CCN(CC2CN(c3ccc(S(C)(=O)=O)cc3)C2)CC1,4.7423214251308154,IC50,biochemical_inhibition,BindingDB,,STR-FC134713F6D36D29BA09,c1ccc(C(C2CCCC2)C2CCN(CC3CN(c4ccccc4)C3)CC2)cc1,bemis_murcko,scaffold,scaffold,c36cc6a6a29b1791359d66e339db904e9899da2a2a2046618bec3642c0e4170d,41f692ef5e00f424d3c76d5979e2efaf471c9d2f559bda07bd17e8a4e42fb2b5,train
837,STR-FC23C7EE60D140564837,CC1(C)CC(=O)C2=C(C1)Nc1ccccc1NC2c1ccc2c(c1)OCO2,4.920818753952375,IC50,biochemical_inhibition,BindingDB,,STR-FC23C7EE60D140564837,O=C1CCCC2=C1C(c1ccc3c(c1)OCO3)Nc1ccccc1N2,bemis_murcko,scaffold,scaffold,c36cc6a6a29b1791359d66e339db904e9899da2a2a2046618bec3642c0e4170d,41f692ef5e00f424d3c76d5979e2efaf471c9d2f559bda07bd17e8a4e42fb2b5,test
838,STR-FCECFA6DCFB5CA0DE116,CS(=O)(=O)c1ccc(OCCCN2CCC(C3(C4CCCC4)NCCc4ccccc43)CC2)cc1,6.3979400086720375,IC50,biochemical_inhibition,BindingDB,,STR-FCECFA6DCFB5CA0DE116,c1ccc(OCCCN2CCC(C3(C4CCCC4)NCCc4ccccc43)CC2)cc1,bemis_murcko,scaffold,scaffold,c36cc6a6a29b1791359d66e339db904e9899da2a2a2046618bec3642c0e4170d,41f692ef5e00f424d3c76d5979e2efaf471c9d2f559bda07bd17e8a4e42fb2b5,train
839,STR-FD744C47D05214C5E9EE,N#CC(c1ccccc1)(C1CCN(CC2CN(c3ccc(S(=O)(=O)c4ccncc4)cc3)C2)CC1)[C@@H]1CCC[C@H]1OC(=O)N1CCC1,5.698970004336019,IC50,biochemical_inhibition,BindingDB,,STR-FD744C47D05214C5E9EE,O=C(OC1CCCC1C(c1ccccc1)C1CCN(CC2CN(c3ccc(S(=O)(=O)c4ccncc4)cc3)C2)CC1)N1CCC1,bemis_murcko,scaffold,scaffold,c36cc6a6a29b1791359d66e339db904e9899da2a2a2046618bec3642c0e4170d,41f692ef5e00f424d3c76d5979e2efaf471c9d2f559bda07bd17e8a4e42fb2b5,train
840,STR-FDBEEEA8F638FBC3B433,CCN1Cc2ccccc2C(C2CCCC2)(C2CCN(CC3CN(c4ccc(S(=O)(=O)C5CC5)cc4)C3)CC2)C1,8.096910013008056,IC50,biochemical_inhibition,BindingDB,,STR-FDBEEEA8F638FBC3B433,O=S(=O)(c1ccc(N2CC(CN3CCC(C4(C5CCCC5)CNCc5ccccc54)CC3)C2)cc1)C1CC1,bemis_murcko,scaffold,scaffold,c36cc6a6a29b1791359d66e339db904e9899da2a2a2046618bec3642c0e4170d,41f692ef5e00f424d3c76d5979e2efaf471c9d2f559bda07bd17e8a4e42fb2b5,train
841,STR-FE3645A659C52B524F3A,N#Cc1ccc(OCCCN2CCC([C@](O)(c3ccccc3)C3CCCC3)CC2)cc1,6.276544327964814,IC50,biochemical_inhibition,BindingDB;PubChem,,STR-FE3645A659C52B524F3A,c1ccc(OCCCN2CCC(C(c3ccccc3)C3CCCC3)CC2)cc1,bemis_murcko,scaffold,scaffold,c36cc6a6a29b1791359d66e339db904e9899da2a2a2046618bec3642c0e4170d,41f692ef5e00f424d3c76d5979e2efaf471c9d2f559bda07bd17e8a4e42fb2b5,train
842,STR-FE6ABAC0F054BFEC1BAA,CNC(=O)O[C@@H]1CCC[C@H]1C(C#N)(c1ccccc1)C1CCN(CC2CN(c3ccc(C)cc3)C2)CC1,5.327902142064282,IC50,biochemical_inhibition,BindingDB,,STR-FE6ABAC0F054BFEC1BAA,c1ccc(C(C2CCCC2)C2CCN(CC3CN(c4ccccc4)C3)CC2)cc1,bemis_murcko,scaffold,scaffold,c36cc6a6a29b1791359d66e339db904e9899da2a2a2046618bec3642c0e4170d,41f692ef5e00f424d3c76d5979e2efaf471c9d2f559bda07bd17e8a4e42fb2b5,train
843,STR-FEFFBCD58898FB83A7AC,N=C(N)NCCC[C@@H]1NC(=O)C2(CCC2)NC(=O)[C@@H]2CCCN2C(=O)[C@H](Cc2ccccc2Cl)NC(=O)[C@@H](N)CCCCCCCCNC(=O)[C@@H]2CCCN2C1=O,6.950781977329818,IC50,biochemical_inhibition,BindingDB,,STR-FEFFBCD58898FB83A7AC,O=C1CCCCCCCCCNC(=O)C2CCCN2C(=O)CNC(=O)C2(CCC2)NC(=O)C2CCCN2C(=O)C(Cc2ccccc2)N1,bemis_murcko,scaffold,scaffold,c36cc6a6a29b1791359d66e339db904e9899da2a2a2046618bec3642c0e4170d,41f692ef5e00f424d3c76d5979e2efaf471c9d2f559bda07bd17e8a4e42fb2b5,test
844,STR-FF095523952A15300267,N#Cc1ccc(N2CCCC(CN3CCC(C4(C5CCCC5)NCCc5ccccc54)CC3)C2)cc1,5.289198036565084,IC50,biochemical_inhibition,BindingDB,,STR-FF095523952A15300267,c1ccc(N2CCCC(CN3CCC(C4(C5CCCC5)NCCc5ccccc54)CC3)C2)cc1,bemis_murcko,scaffold,scaffold,c36cc6a6a29b1791359d66e339db904e9899da2a2a2046618bec3642c0e4170d,41f692ef5e00f424d3c76d5979e2efaf471c9d2f559bda07bd17e8a4e42fb2b5,train
845,STR-FF3501C24AF8F8557BD2,COC(=O)N[C@H]1CCC[C@@H]1C(C#N)(c1ccccc1)C1CCN(CC2CN(c3ccc(S(=O)(=O)c4ccc(C(=O)O)cc4)cc3)C2)CC1,7.823908740944319,IC50,biochemical_inhibition,BindingDB,,STR-FF3501C24AF8F8557BD2,O=S(=O)(c1ccccc1)c1ccc(N2CC(CN3CCC(C(c4ccccc4)C4CCCC4)CC3)C2)cc1,bemis_murcko,scaffold,scaffold,c36cc6a6a29b1791359d66e339db904e9899da2a2a2046618bec3642c0e4170d,41f692ef5e00f424d3c76d5979e2efaf471c9d2f559bda07bd17e8a4e42fb2b5,test
846,STR-FF5E62E2D34F3B37D670,CCN1Cc2ccccc2C(C2CCCC2)(C2CCN(CC3CN(c4ccc(S(=O)(=O)C5CC5)cc4C)C3)CC2)C1,6.231361898752386,IC50,biochemical_inhibition,BindingDB,,STR-FF5E62E2D34F3B37D670,O=S(=O)(c1ccc(N2CC(CN3CCC(C4(C5CCCC5)CNCc5ccccc54)CC3)C2)cc1)C1CC1,bemis_murcko,scaffold,scaffold,c36cc6a6a29b1791359d66e339db904e9899da2a2a2046618bec3642c0e4170d,41f692ef5e00f424d3c76d5979e2efaf471c9d2f559bda07bd17e8a4e42fb2b5,train
847,STR-FF8C3D50A964C03AC597,CC1(C)CN=C(N2CCN(c3ncnc4sc(CC(F)F)cc34)CC2)S1,7.187086643357144,IC50,biochemical_inhibition,BindingDB;PubChem,,STR-FF8C3D50A964C03AC597,c1nc(N2CCN(C3=NCCS3)CC2)c2ccsc2n1,bemis_murcko,scaffold,scaffold,c36cc6a6a29b1791359d66e339db904e9899da2a2a2046618bec3642c0e4170d,41f692ef5e00f424d3c76d5979e2efaf471c9d2f559bda07bd17e8a4e42fb2b5,train
848,STR-FFDAE7251C4FD9100A8F,Cc1csc(N2CCN(c3nc(CN4CCOCC4)nc4sc5c(c34)CCC(C)C5)CC2)n1,3.6020599913279625,IC50,biochemical_inhibition,BindingDB,,STR-FFDAE7251C4FD9100A8F,c1csc(N2CCN(c3nc(CN4CCOCC4)nc4sc5c(c34)CCCC5)CC2)n1,bemis_murcko,scaffold,scaffold,c36cc6a6a29b1791359d66e339db904e9899da2a2a2046618bec3642c0e4170d,41f692ef5e00f424d3c76d5979e2efaf471c9d2f559bda07bd17e8a4e42fb2b5,train
